Index,TemperatureRaw16,VGNDRaw16
0,782,-2
1,780,-2
2,793,1
3,783,0
4,786,1
5,791,2
6,800,0
7,803,2
8,795,-1
9,802,-2
10,804,-1
11,786,1
12,772,-2
13,775,-1
14,782,1
15,782,1
16,789,-2
17,791,-2
18,794,-2
19,799,1
20,790,1
21,796,1
22,807,1
23,801,-2
24,788,-2
25,789,-2
26,792,-1
27,789,-2
28,780,0
29,785,-1
30,791,-2
31,787,-1
32,792,-1
33,790,-1
34,798,0
35,802,-1
36,789,-1
37,800,1
38,795,0
39,798,-1
40,800,0
41,795,-2
42,798,-2
43,795,-1
44,790,-2
45,788,1
46,795,1
47,784,1
48,789,-2
49,800,0
50,800,-2
51,791,-1
52,792,0
53,798,-2
54,805,0
55,800,-2
56,800,0
57,805,-1
58,794,1
59,793,-2
60,780,-1
61,778,-2
62,789,1
63,783,-1
64,801,-1
65,792,0
66,799,-1
67,801,1
68,799,-1
69,798,0
70,815,0
71,794,1
72,792,0
73,785,1
74,786,-2
75,780,1
76,773,-1
77,783,-2
78,795,-1
79,795,-1
80,796,-1
81,801,-1
82,810,-2
83,798,0
84,801,0
85,792,1
86,792,-4
87,784,0
88,781,1
89,784,-2
90,794,-2
91,788,-2
92,777,-2
93,792,-1
94,798,0
95,802,0
96,800,-2
97,800,0
98,811,-2
99,804,0
100,788,1
101,780,-3
102,786,1
103,787,0
104,785,1
105,789,-2
106,785,-2
107,795,-1
108,789,0
109,796,-2
110,793,1
111,800,0
112,795,-2
113,800,1
114,810,0
115,798,1
116,777,1
117,786,-1
118,795,1
119,780,-2
120,783,-1
121,785,1
122,794,0
123,791,-2
124,784,-1
125,792,-2
126,807,0
127,805,1
128,798,-1
129,796,-2
130,801,0
131,783,1
132,779,-1
133,778,1
134,786,0
135,771,1
136,786,-1
137,780,-2
138,813,0
139,807,-2
140,804,1
141,801,1
142,809,0
143,795,1
144,803,1
145,791,0
146,795,0
147,777,1
148,768,2
149,777,-1
150,789,-1
151,792,1
152,790,-1
153,808,1
154,819,-1
155,801,-1
156,809,1
157,801,-2
158,806,-2
159,791,-1
160,791,1
161,788,0
162,785,-1
163,780,-1
164,779,-2
165,792,-1
166,803,-1
167,804,-2
168,804,-2
169,814,-1
170,819,1
171,810,0
172,798,-1
173,790,1
174,780,1
175,783,2
176,777,1
177,782,1
178,790,-1
179,794,-1
180,786,0
181,805,0
182,813,0
183,813,1
184,808,1
185,813,1
186,804,1
187,792,0
188,786,-2
189,784,0
190,786,0
191,774,-1
192,791,1
193,794,-2
194,802,-2
195,804,0
196,806,0
197,798,-2
198,805,1
199,810,0
200,802,-1
201,798,-2
202,790,-1
203,793,-3
204,778,-1
205,789,-1
206,786,0
207,792,1
208,791,-1
209,803,-2
210,814,0
211,805,0
212,794,0
213,804,0
214,800,1
215,798,0
216,800,0
217,800,1
218,794,1
219,786,1
220,784,0
221,788,-1
222,793,-1
223,788,-1
224,793,0
225,800,-1
226,812,1
227,798,-2
228,798,-2
229,796,2
230,802,0
231,795,-2
232,792,-1
233,784,1
234,795,-1
235,786,0
236,774,1
237,787,-1
238,801,-2
239,795,0
240,796,-2
241,803,0
242,809,1
243,808,1
244,793,0
245,789,1
246,786,-2
247,780,0
248,787,-1
249,784,-2
250,788,0
251,789,-2
252,790,-1
253,798,-1
254,807,-1
255,813,-2
256,804,0
257,807,1
258,810,0
259,804,-1
260,789,-1
261,783,-2
262,786,0
263,774,0
264,783,0
265,798,-1
266,800,1
267,801,1
268,795,-1
269,798,1
270,809,-1
271,801,1
272,796,-2
273,797,0
274,801,-2
275,787,0
276,780,-1
277,785,0
278,792,-1
279,794,-1
280,796,-1
281,799,0
282,806,-1
283,801,1
284,799,0
285,791,1
286,800,1
287,789,1
288,798,1
289,795,-2
290,792,0
291,810,-1
292,790,-1
293,785,0
294,797,0
295,789,-2
296,792,-2
297,788,0
298,805,0
299,788,-2
300,789,-1
301,791,0
302,791,0
303,798,0
304,789,2
305,792,0
306,801,-1
307,794,0
308,786,0
309,793,-1
310,803,0
311,792,1
312,795,1
313,794,0
314,801,-1
315,801,-1
316,792,-2
317,798,-1
318,801,1
319,802,1
320,798,0
321,804,0
322,803,-1
323,788,-2
324,784,-1
325,786,-2
326,789,-2
327,791,1
328,793,1
329,800,2
330,802,0
331,805,-1
332,799,0
333,800,1
334,805,-2
335,796,-2
336,795,2
337,795,-2
338,789,-2
339,789,1
340,781,-2
341,789,-1
342,803,-1
343,804,-2
344,797,-2
345,808,-1
346,820,-2
347,804,1
348,801,-2
349,796,0
350,793,-1
351,788,1
352,784,-2
353,783,-1
354,789,0
355,789,-2
356,783,0
357,803,1
358,807,0
359,804,-2
360,808,2
361,805,-2
362,808,-2
363,798,-1
364,788,-1
365,786,-1
366,786,3
367,789,0
368,789,-1
369,788,1
370,803,0
371,795,-2
372,792,0
373,801,-1
374,804,-2
375,795,-2
376,797,-2
377,804,-2
378,803,-1
379,794,0
380,780,0
381,794,-1
382,787,-2
383,783,0
384,786,2
385,792,0
386,801,0
387,804,-1
388,804,0
389,799,0
390,807,0
391,804,0
392,800,0
393,797,0
394,800,0
395,785,0
396,772,-2
397,779,0
398,780,-2
399,786,0
400,784,1
401,797,0
402,808,0
403,804,-2
404,803,0
405,813,-1
406,808,0
407,795,0
408,795,0
409,801,1
410,796,-1
411,789,-2
412,777,0
413,782,0
414,787,0
415,789,0
416,805,-2
417,809,-1
418,824,-1
419,818,0
420,810,0
421,798,1
422,805,1
423,775,0
424,786,0
425,772,0
426,789,0
427,784,-1
428,775,0
429,798,-2
430,802,1
431,814,0
432,815,-1
433,818,0
434,816,0
435,809,0
436,795,0
437,777,1
438,773,-2
439,768,0
440,772,0
441,781,0
442,789,-1
443,808,1
444,792,-1
445,801,-2
446,813,2
447,818,-1
448,813,-2
449,807,1
450,802,0
451,789,-1
452,777,-1
453,774,0
454,783,0
455,785,-2
456,787,0
457,798,1
458,806,0
459,801,-1
460,810,-1
461,799,-1
462,806,0
463,808,-2
464,796,-2
465,782,0
466,788,0
467,776,-2
468,777,1
469,787,-2
470,786,1
471,794,-2
472,798,1
473,799,2
474,813,0
475,804,-2
476,790,1
477,798,0
478,798,1
479,782,0
480,796,-1
481,790,1
482,795,-1
483,792,-1
484,786,-2
485,790,-1
486,789,-3
487,794,-2
488,810,1
489,800,-1
490,813,-1
491,805,2
492,798,1
493,789,0
494,796,2
495,789,-1
496,791,0
497,790,-2
498,802,-1
499,791,0
500,788,-1
501,789,1
502,803,-2
503,801,0
504,809,1
505,813,1
506,815,-1
507,803,0
508,796,-1
509,793,0
510,795,1
511,786,0
512,790,1
513,788,0
514,806,-1
515,816,-1
516,816,0
517,831,1
518,838,-1
519,848,0
520,851,1
521,849,1
522,862,-1
523,851,-1
524,842,0
525,845,-1
526,853,0
527,843,1
528,854,0
529,854,0
530,866,1
531,875,-1
532,869,-1
533,867,1
534,875,-1
535,877,-2
536,873,-1
537,873,-1
538,875,0
539,860,0
540,853,-2
541,860,0
542,866,-1
543,880,-1
544,871,-1
545,868,0
546,892,-2
547,878,-2
548,869,-2
549,873,-4
550,874,0
551,870,1
552,875,-1
553,865,0
554,870,1
555,866,1
556,864,-1
557,871,3
558,882,-1
559,883,0
560,876,-2
561,884,1
562,894,-2
563,887,-1
564,871,-2
565,870,1
566,889,0
567,885,1
568,882,0
569,881,1
570,895,-2
571,892,-1
572,884,-2
573,881,-1
574,884,0
575,892,-2
576,889,-1
577,898,0
578,901,0
579,901,0
580,900,-2
581,904,0
582,911,1
583,900,-3
584,905,1
585,901,-1
586,909,1
587,890,-1
588,887,0
589,899,0
590,904,-1
591,904,0
592,910,0
593,913,0
594,923,1
595,921,-1
596,910,1
597,911,0
598,916,-1
599,919,0
600,909,-2
601,907,1
602,910,1
603,903,1
604,900,-2
605,910,1
606,929,0
607,917,0
608,935,-2
609,940,-2
610,946,0
611,937,1
612,926,0
613,912,0
614,913,0
615,913,-2
616,919,1
617,925,-1
618,921,1
619,930,-1
620,925,-2
621,940,-1
622,948,1
623,952,0
624,955,-1
625,954,-3
626,952,2
627,927,-2
628,922,-1
629,925,0
630,929,-2
631,925,1
632,932,-1
633,937,-1
634,950,-2
635,960,2
636,948,1
637,952,-1
638,960,0
639,956,-2
640,943,-2
641,937,0
642,951,-3
643,937,-2
644,931,-1
645,943,-2
646,944,0
647,943,-2
648,957,0
649,951,-2
650,972,-2
651,964,0
652,946,3
653,950,1
654,963,1
655,947,1
656,946,-2
657,947,-1
658,954,0
659,940,1
660,936,-2
661,945,0
662,953,0
663,966,0
664,960,1
665,966,0
666,981,0
667,972,1
668,958,-2
669,963,-1
670,963,-2
671,955,-1
672,955,-3
673,963,0
674,965,0
675,954,1
676,945,1
677,949,-1
678,963,-1
679,968,0
680,981,-1
681,981,-2
682,989,-1
683,977,-1
684,961,1
685,963,-2
686,956,0
687,960,-2
688,951,-2
689,953,0
690,969,0
691,969,0
692,971,-2
693,972,-2
694,984,1
695,982,-1
696,991,1
697,995,1
698,988,0
699,972,0
700,955,0
701,955,-1
702,964,-2
703,958,0
704,966,0
705,967,-1
706,989,-2
707,984,-1
708,985,-1
709,987,0
710,991,0
711,991,1
712,986,1
713,977,0
714,978,-1
715,969,0
716,959,0
717,967,-1
718,977,-2
719,975,1
720,992,0
721,991,-1
722,1001,-1
723,999,-2
724,999,-2
725,993,0
726,991,0
727,984,-2
728,978,-1
729,977,1
730,982,-2
731,979,-1
732,978,-1
733,984,0
734,990,0
735,994,-1
736,996,0
737,995,0
738,999,-2
739,1000,0
740,987,-1
741,982,0
742,983,1
743,977,-1
744,981,1
745,990,-1
746,993,-2
747,994,1
748,982,-2
749,989,1
750,990,1
751,991,1
752,1003,0
753,1001,-1
754,1001,-1
755,998,-2
756,988,1
757,985,-1
758,997,-2
759,998,-1
760,990,-2
761,987,0
762,999,0
763,988,-2
764,984,-2
765,990,1
766,999,0
767,1003,0
768,1000,-1
769,1014,-1
770,1011,-1
771,1006,0
772,1009,0
773,996,1
774,1008,-1
775,996,-2
776,990,1
777,1000,-1
778,999,-1
779,995,1
780,996,1
781,1005,-2
782,1008,0
783,1017,1
784,1009,0
785,1014,-2
786,1020,0
787,1008,-2
788,990,1
789,992,-2
790,993,-1
791,994,-2
792,989,0
793,984,-3
794,1006,-1
795,1010,1
796,1008,-2
797,1013,0
798,1008,-1
799,1023,-1
800,1019,1
801,1012,1
802,1015,1
803,994,-1
804,987,-2
805,987,0
806,1000,-1
807,996,-2
808,996,-2
809,1017,0
810,1024,1
811,1018,-2
812,1019,-1
813,1014,-2
814,1014,-2
815,1016,-1
816,1009,-1
817,999,-2
818,1008,0
819,990,1
820,993,-3
821,996,0
822,1004,-1
823,1006,-1
824,1014,1
825,1011,1
826,1025,-1
827,1017,0
828,1011,-1
829,1004,-2
830,1012,0
831,1008,0
832,1005,-1
833,1008,1
834,1008,-2
835,996,1
836,999,-1
837,1005,1
838,1010,-1
839,1014,-2
840,1014,-1
841,1017,0
842,1022,1
843,1021,-2
844,1017,1
845,1008,0
846,1006,-2
847,1008,1
848,1009,-1
849,1011,0
850,996,0
851,999,-2
852,993,-1
853,1002,-1
854,1017,0
855,1021,1
856,1014,0
857,1019,0
858,1027,0
859,1017,0
860,1007,-2
861,1006,-2
862,1001,-1
863,993,-1
864,996,0
865,993,0
866,1004,0
867,1005,0
868,1000,-1
869,1012,0
870,1028,-1
871,1023,0
872,1030,0
873,1020,1
874,1022,0
875,1001,-1
876,988,0
877,990,-2
878,987,-2
879,993,1
880,987,-1
881,999,-2
882,1016,1
883,1016,-2
884,1015,1
885,1025,3
886,1019,-2
887,1014,-1
888,1007,-2
889,999,-2
890,998,-2
891,980,0
892,973,1
893,975,-1
894,985,-1
895,988,1
896,1001,-1
897,1011,1
898,1017,0
899,1015,1
900,1014,-1
901,1002,0
902,996,0
903,992,0
904,979,0
905,975,-1
906,987,1
907,976,-2
908,975,1
909,982,-1
910,993,1
911,1007,-2
912,1012,1
913,1011,2
914,1014,-2
915,1002,1
916,989,-2
917,984,-1
918,984,0
919,970,0
920,979,1
921,978,-1
922,993,-2
923,984,0
924,990,0
925,990,-2
926,997,1
927,1005,-2
928,1002,0
929,999,0
930,1012,0
931,995,0
932,990,-1
933,985,-2
934,976,-2
935,975,0
936,979,1
937,987,0
938,992,0
939,984,-1
940,993,-2
941,991,-2
942,999,-1
943,991,-1
944,999,1
945,998,0
946,994,0
947,982,-2
948,976,-2
949,976,0
950,984,-2
951,977,0
952,975,0
953,977,-2
954,985,-1
955,983,-1
956,984,-2
957,996,1
958,995,-1
959,994,-1
960,990,1
961,993,0
962,990,1
963,978,0
964,959,-2
965,969,-1
966,969,1
967,974,-1
968,972,1
969,996,0
970,1005,2
971,989,1
972,989,-1
973,994,1
974,996,0
975,987,0
976,989,-1
977,970,-2
978,975,-1
979,972,-2
980,959,0
981,967,1
982,978,-1
983,980,-2
984,992,-3
985,988,0
986,998,-1
987,998,-1
988,993,-2
989,984,-1
990,988,0
991,974,-1
992,972,1
993,968,-2
994,981,2
995,973,-2
996,982,-1
997,984,1
998,983,-1
999,984,0
1000,990,0
1001,990,0
1002,999,0
1003,984,-1
1004,982,1
1005,976,1
1006,972,-2
1007,968,0
1008,976,-2
1009,979,0
1010,987,-1
1011,975,-1
1012,972,-2
1013,975,-3
1014,990,-1
1015,989,-1
1016,985,1
1017,986,-1
1018,991,1
1019,979,-2
1020,976,-2
1021,981,0
1022,969,-1
1023,975,1
1024,988,1
1025,983,-2
1026,982,0
1027,958,1
1028,973,-1
1029,974,0
1030,988,1
1031,986,3
1032,984,1
1033,992,1
1034,1008,1
1035,988,-2
1036,979,-1
1037,973,-2
1038,983,1
1039,968,-2
1040,963,0
1041,960,0
1042,984,-2
1043,975,0
1044,972,1
1045,975,1
1046,990,1
1047,996,-2
1048,996,0
1049,993,-2
1050,990,2
1051,978,-1
1052,966,1
1053,970,-2
1054,960,1
1055,963,-1
1056,977,1
1057,975,-1
1058,984,-2
1059,998,0
1060,987,-2
1061,999,1
1062,996,-2
1063,993,0
1064,993,-1
1065,984,-2
1066,983,-2
1067,968,0
1068,959,1
1069,960,1
1070,956,0
1071,973,-2
1072,982,-2
1073,988,1
1074,1006,-2
1075,1000,-1
1076,1005,0
1077,991,-1
1078,995,1
1079,982,1
1080,969,1
1081,963,-2
1082,965,-2
1083,966,-2
1084,957,-2
1085,971,1
1086,975,-1
1087,987,1
1088,988,-2
1089,998,0
1090,1002,-2
1091,994,-2
1092,986,0
1093,982,1
1094,973,0
1095,969,-1
1096,965,-1
1097,980,-2
1098,977,1
1099,968,-2
1100,976,-1
1101,984,1
1102,987,0
1103,990,0
1104,991,1
1105,1001,0
1106,1007,-1
1107,993,1
1108,983,-2
1109,981,0
1110,967,-1
1111,976,-1
1112,969,0
1113,969,0
1114,976,0
1115,983,-2
1116,975,0
1117,984,-1
1118,993,1
1119,998,-1
1120,1000,0
1121,1005,1
1122,1006,-1
1123,979,1
1124,975,0
1125,962,-1
1126,968,1
1127,961,0
1128,960,-2
1129,966,0
1130,985,0
1131,989,-1
1132,992,-1
1133,991,0
1134,1008,-1
1135,1002,-2
1136,1001,0
1137,995,0
1138,988,-2
1139,964,1
1140,955,0
1141,956,0
1142,956,-1
1143,960,-2
1144,967,-1
1145,979,-1
1146,998,0
1147,998,-1
1148,1005,-1
1149,993,-2
1150,1005,-2
1151,992,1
1152,976,0
1153,966,-1
1154,972,1
1155,962,1
1156,955,-1
1157,963,0
1158,971,1
1159,980,-2
1160,996,-1
1161,1002,0
1162,1025,-2
1163,1011,1
1164,1000,1
1165,995,-1
1166,985,-1
1167,969,0
1168,960,0
1169,964,1
1170,971,0
1171,967,-1
1172,969,0
1173,987,1
1174,984,1
1175,1004,-2
1176,1008,-1
1177,1002,1
1178,1004,1
1179,993,-2
1180,982,1
1181,966,-1
1182,967,1
1183,969,-1
1184,962,0
1185,974,-2
1186,986,-2
1187,975,-2
1188,984,0
1189,997,1
1190,1000,1
1191,992,-1
1192,994,1
1193,987,0
1194,993,0
1195,975,0
1196,958,-2
1197,966,0
1198,971,0
1199,972,-2
1200,984,1
1201,982,0
1202,992,-1
1203,987,-1
1204,981,-2
1205,992,3
1206,997,-2
1207,989,0
1208,993,1
1209,988,-2
1210,986,0
1211,978,-2
1212,972,-3
1213,974,0
1214,975,0
1215,981,-1
1216,975,1
1217,988,1
1218,990,1
1219,996,-2
1220,990,0
1221,998,1
1222,1001,0
1223,993,1
1224,981,0
1225,984,2
1226,993,0
1227,975,0
1228,963,2
1229,964,-2
1230,973,0
1231,978,-1
1232,979,0
1233,994,1
1234,1006,-1
1235,1005,0
1236,993,-2
1237,996,-1
1238,990,-1
1239,990,-1
1240,972,-1
1241,977,0
1242,972,-2
1243,969,-1
1244,970,-2
1245,969,-1
1246,988,-2
1247,989,-1
1248,996,1
1249,1007,-2
1250,1013,0
1251,999,1
1252,992,0
1253,983,-1
1254,972,-1
1255,977,-1
1256,975,0
1257,975,-2
1258,981,1
1259,984,0
1260,978,0
1261,993,1
1262,1003,-2
1263,1005,-1
1264,1002,-2
1265,994,0
1266,1000,-2
1267,981,-1
1268,972,-1
1269,978,1
1270,985,1
1271,976,-2
1272,975,-2
1273,984,-2
1274,985,-2
1275,992,1
1276,990,-1
1277,992,-1
1278,996,-1
1279,990,-2
1280,989,1
1281,988,1
1282,999,-2
1283,983,-2
1284,975,0
1285,984,0
1286,984,1
1287,981,1
1288,983,0
1289,992,-1
1290,995,-2
1291,981,0
1292,981,0
1293,986,-2
1294,988,2
1295,993,0
1296,987,0
1297,990,0
1298,998,-1
1299,983,0
1300,977,-1
1301,981,-1
1302,983,0
1303,976,-1
1304,979,1
1305,978,-2
1306,991,-1
1307,983,-1
1308,981,1
1309,999,-1
1310,1002,1
1311,993,-2
1312,1003,-2
1313,993,-1
1314,997,0
1315,987,0
1316,975,1
1317,967,0
1318,969,-1
1319,978,-1
1320,981,-1
1321,987,-2
1322,1005,-2
1323,1004,1
1324,995,-2
1325,1008,-2
1326,1005,-2
1327,993,-2
1328,986,0
1329,981,1
1330,982,-1
1331,969,1
1332,966,-1
1333,963,1
1334,971,-1
1335,988,1
1336,996,-2
1337,1008,1
1338,1020,-2
1339,1016,0
1340,1000,1
1341,995,1
1342,993,0
1343,982,0
1344,963,0
1345,970,0
1346,981,-2
1347,974,1
1348,973,-2
1349,987,0
1350,994,-1
1351,996,-2
1352,1005,0
1353,1008,1
1354,1008,0
1355,1007,0
1356,991,-2
1357,976,0
1358,978,0
1359,980,-1
1360,977,-2
1361,982,2
1362,989,0
1363,986,1
1364,1000,-1
1365,1001,0
1366,997,1
1367,1008,1
1368,1005,1
1369,1005,1
1370,1000,0
1371,994,-1
1372,972,-1
1373,983,1
1374,978,1
1375,975,1
1376,980,-1
1377,983,-2
1378,988,-2
1379,995,0
1380,992,2
1381,998,0
1382,1005,1
1383,1002,-2
1384,1004,-1
1385,998,-1
1386,995,-1
1387,985,0
1388,969,-2
1389,980,0
1390,977,-2
1391,972,0
1392,972,1
1393,990,-1
1394,996,1
1395,1006,1
1396,993,1
1397,1002,1
1398,1005,0
1399,1006,1
1400,993,0
1401,990,1
1402,990,0
1403,978,-1
1404,963,-1
1405,974,1
1406,974,-2
1407,981,0
1408,981,-1
1409,996,0
1410,1014,2
1411,1010,0
1412,1008,1
1413,1001,1
1414,1003,-1
1415,992,1
1416,978,-3
1417,975,-1
1418,970,0
1419,966,1
1420,969,1
1421,971,-1
1422,988,-1
1423,1002,0
1424,1008,-1
1425,1008,0
1426,1020,-1
1427,1006,0
1428,1005,-2
1429,988,-2
1430,990,-2
1431,974,1
1432,974,-1
1433,980,-1
1434,990,1
1435,972,1
1436,984,1
1437,999,0
1438,1010,-1
1439,1010,-1
1440,1003,-2
1441,1005,-2
1442,1002,-2
1443,990,1
1444,984,0
1445,977,-1
1446,973,-4
1447,975,0
1448,981,-2
1449,990,0
1450,995,1
1451,998,-1
1452,994,-2
1453,1004,0
1454,1012,0
1455,1004,1
1456,997,1
1457,996,-2
1458,996,0
1459,979,-2
1460,975,0
1461,978,1
1462,990,-2
1463,996,0
1464,988,-2
1465,990,1
1466,1004,-1
1467,1001,1
1468,993,-1
1469,997,-2
1470,1008,-1
1471,1003,-1
1472,997,0
1473,1005,-2
1474,1003,-2
1475,993,1
1476,978,0
1477,981,-1
1478,990,0
1479,981,1
1480,984,-1
1481,999,-3
1482,1008,1
1483,998,0
1484,998,-1
1485,1004,1
1486,999,-1
1487,1011,-2
1488,1002,0
1489,993,-2
1490,994,0
1491,987,2
1492,978,2
1493,973,-2
1494,978,-1
1495,984,1
1496,994,1
1497,999,-3
1498,1011,0
1499,1009,-1
1500,1006,0
1501,1011,2
1502,1007,1
1503,998,1
1504,986,1
1505,987,0
1506,983,1
1507,982,-2
1508,970,-2
1509,978,1
1510,984,-2
1511,999,-1
1512,1003,-1
1513,1020,0
1514,1025,0
1515,1014,-2
1516,996,1
1517,998,-2
1518,990,2
1519,984,1
1520,986,0
1521,975,1
1522,984,0
1523,981,-2
1524,990,0
1525,1003,1
1526,1011,0
1527,1009,-2
1528,1014,1
1529,1014,-2
1530,1013,-1
1531,1000,-2
1532,988,-1
1533,978,-2
1534,978,-2
1535,976,0
1536,983,-1
1537,991,-2
1538,1000,-1
1539,997,-2
1540,996,1
1541,1005,-1
1542,1005,0
1543,1006,0
1544,1001,0
1545,1011,0
1546,1001,-2
1547,988,1
1548,975,-1
1549,984,-2
1550,991,0
1551,987,-1
1552,987,0
1553,993,-1
1554,1014,-2
1555,1004,-1
1556,994,0
1557,1002,-2
1558,998,-1
1559,1011,-1
1560,1001,0
1561,1000,-2
1562,1005,0
1563,999,-1
1564,976,1
1565,981,-2
1566,984,-2
1567,973,-1
1568,993,0
1569,999,0
1570,1005,-2
1571,1005,0
1572,1001,0
1573,1008,0
1574,1005,0
1575,1008,-5
1576,1000,-1
1577,995,1
1578,993,0
1579,983,-1
1580,972,0
1581,977,0
1582,985,1
1583,991,-1
1584,991,1
1585,1005,-1
1586,1018,0
1587,1017,0
1588,1007,1
1589,1002,-2
1590,995,0
1591,994,-1
1592,978,-2
1593,983,1
1594,981,-1
1595,980,-2
1596,969,1
1597,981,-1
1598,1003,-2
1599,1013,0
1600,1017,0
1601,1030,0
1602,1033,2
1603,1018,1
1604,1001,0
1605,990,-2
1606,979,-1
1607,975,-1
1608,974,-2
1609,985,0
1610,996,0
1611,994,0
1612,999,-2
1613,1017,1
1614,1020,-1
1615,1025,2
1616,1017,1
1617,1010,0
1618,1012,3
1619,995,-1
1620,972,-3
1621,974,1
1622,978,-2
1623,987,0
1624,991,1
1625,995,0
1626,1020,0
1627,1014,1
1628,1013,2
1629,1013,0
1630,1019,1
1631,1010,1
1632,1010,-1
1633,1002,0
1634,1005,0
1635,986,-1
1636,980,2
1637,983,-1
1638,992,-2
1639,993,-1
1640,993,0
1641,1011,0
1642,1023,-2
1643,1002,-1
1644,1001,-2
1645,1003,-3
1646,1008,1
1647,1001,0
1648,992,-2
1649,998,-1
1650,996,-1
1651,989,1
1652,981,0
1653,987,-2
1654,994,-2
1655,993,-2
1656,997,-1
1657,1012,0
1658,1014,0
1659,1000,-1
1660,997,0
1661,1000,-1
1662,1010,-1
1663,1001,-1
1664,999,-3
1665,994,1
1666,1001,-1
1667,996,-2
1668,986,1
1669,987,-2
1670,999,0
1671,998,1
1672,1005,1
1673,1008,-2
1674,1017,-3
1675,1008,-2
1676,1005,-2
1677,1002,-1
1678,999,-1
1679,990,0
1680,986,1
1681,990,0
1682,1002,1
1683,980,-2
1684,984,-2
1685,995,-1
1686,1002,-1
1687,1011,-2
1688,1011,-2
1689,1017,2
1690,1018,1
1691,1011,-2
1692,987,-1
1693,997,-1
1694,994,-1
1695,989,-2
1696,988,1
1697,989,0
1698,998,1
1699,995,-2
1700,997,-1
1701,1013,1
1702,1014,1
1703,1009,0
1704,1009,-2
1705,1024,-1
1706,1014,1
1707,999,0
1708,982,1
1709,987,-2
1710,984,-1
1711,1001,0
1712,999,1
1713,1005,-1
1714,1008,1
1715,1012,-2
1716,1006,-2
1717,1008,0
1718,1014,-2
1719,1007,1
1720,1015,0
1721,1004,-2
1722,1009,-2
1723,984,-1
1724,993,0
1725,999,1
1726,999,-1
1727,999,0
1728,1002,-1
1729,1011,0
1730,1028,-1
1731,1011,-2
1732,1000,-1
1733,1007,-2
1734,1017,-2
1735,1005,0
1736,1005,-1
1737,1012,-1
1738,1017,1
1739,996,-2
1740,990,-2
1741,998,1
1742,1000,0
1743,995,-2
1744,1004,1
1745,1012,1
1746,1011,-1
1747,1013,-2
1748,1005,2
1749,1006,-1
1750,1014,-1
1751,1006,0
1752,1009,-1
1753,1004,-1
1754,1008,0
1755,995,-2
1756,987,-2
1757,987,-1
1758,993,-1
1759,1000,1
1760,1007,-2
1761,1005,-2
1762,1027,-1
1763,1020,-1
1764,1021,-1
1765,1014,0
1766,1014,0
1767,1006,1
1768,1001,0
1769,994,-1
1770,997,-2
1771,988,0
1772,985,-1
1773,996,0
1774,1002,0
1775,1014,1
1776,1024,-1
1777,1031,0
1778,1031,0
1779,1023,-2
1780,1002,-2
1781,1002,-2
1782,999,0
1783,993,1
1784,987,0
1785,999,-1
1786,1002,1
1787,1006,0
1788,1007,0
1789,1009,-1
1790,1020,-2
1791,1035,1
1792,1028,-1
1793,1022,-1
1794,1026,-1
1795,1000,0
1796,990,0
1797,990,-1
1798,999,-1
1799,993,-1
1800,991,0
1801,999,-2
1802,1020,0
1803,1014,-1
1804,1005,2
1805,1022,0
1806,1025,-4
1807,1023,-1
1808,1011,1
1809,1011,-1
1810,1008,1
1811,991,1
1812,990,1
1813,987,-2
1814,995,1
1815,1001,1
1816,1008,1
1817,1004,1
1818,1022,1
1819,1010,0
1820,1008,0
1821,1018,0
1822,1022,-2
1823,1005,-2
1824,1009,1
1825,1004,-1
1826,1008,0
1827,998,1
1828,993,0
1829,993,0
1830,999,-2
1831,1003,0
1832,1006,1
1833,1017,1
1834,1028,-2
1835,1008,0
1836,1005,0
1837,1017,0
1838,1020,0
1839,1012,-1
1840,1002,1
1841,1003,1
1842,1009,1
1843,998,-4
1844,989,-1
1845,992,1
1846,1008,1
1847,1011,0
1848,1020,0
1849,1018,1
1850,1033,-1
1851,1018,0
1852,1007,0
1853,1014,-1
1854,1004,1
1855,998,-1
1856,993,-1
1857,996,2
1858,994,0
1859,990,-1
1860,987,-1
1861,1005,1
1862,1019,0
1863,1021,0
1864,1024,-1
1865,1023,1
1866,1036,-2
1867,1023,-1
1868,998,0
1869,993,1
1870,995,1
1871,990,0
1872,998,-2
1873,1001,1
1874,1005,-1
1875,1011,0
1876,1014,0
1877,1022,0
1878,1024,-2
1879,1021,-1
1880,1022,-2
1881,1023,-1
1882,1019,-1
1883,1005,-2
1884,990,-1
1885,975,0
1886,982,-2
1887,994,1
1888,997,-1
1889,1013,0
1890,1027,-2
1891,1021,-2
1892,1018,-1
1893,1022,0
1894,1020,1
1895,1014,-2
1896,1000,1
1897,1001,0
1898,1018,1
1899,994,1
1900,989,-2
1901,989,1
1902,1002,0
1903,1005,0
1904,1004,0
1905,1021,1
1906,1035,1
1907,1011,1
1908,1011,-1
1909,1007,-1
1910,1017,1
1911,1004,-1
1912,992,0
1913,1007,-1
1914,1015,1
1915,994,1
1916,994,-1
1917,1005,0
1918,1013,-1
1919,1009,-1
1920,1017,-2
1921,1022,-1
1922,1020,0
1923,1020,1
1924,1010,-2
1925,1005,0
1926,1008,-2
1927,1004,0
1928,1005,-1
1929,1005,0
1930,1017,2
1931,1004,-2
1932,994,0
1933,1000,-2
1934,1008,-2
1935,1014,0
1936,1009,-2
1937,1022,1
1938,1028,-1
1939,1016,-1
1940,1010,0
1941,1011,1
1942,1005,0
1943,1002,-2
1944,999,1
1945,1003,-2
1946,1008,-1
1947,999,1
1948,991,0
1949,1010,-1
1950,1015,-2
1951,1019,0
1952,1020,0
1953,1030,1
1954,1026,0
1955,1021,-2
1956,1001,-1
1957,1001,1
1958,1000,-2
1959,1000,0
1960,1001,-1
1961,1015,1
1962,1015,1
1963,1012,1
1964,1009,2
1965,1020,-2
1966,1014,1
1967,1023,-1
1968,1031,-1
1969,1019,0
1970,1005,1
1971,1005,-1
1972,996,1
1973,995,1
1974,999,-2
1975,999,-2
1976,1012,-2
1977,1026,-1
1978,1035,0
1979,1018,-2
1980,1010,0
1981,1021,1
1982,1024,-1
1983,1020,-2
1984,1011,1
1985,1015,-2
1986,1011,1
1987,995,1
1988,997,-1
1989,999,1
1990,1008,-1
1991,1022,1
1992,1018,-2
1993,1037,-2
1994,1037,-1
1995,1024,-2
1996,1002,-1
1997,1011,-2
1998,1011,1
1999,1017,0
2000,1008,1
2001,1016,-1
2002,1017,-2
2003,1010,1
2004,1001,1
2005,1006,0
2006,1020,-2
2007,1012,0
2008,1020,-2
2009,1022,-1
2010,1034,-2
2011,1020,0
2012,1015,-1
2013,1018,-3
2014,1014,0
2015,1016,-1
2016,1008,-2
2017,1023,0
2018,1022,-2
2019,1007,0
2020,1000,-1
2021,1011,0
2022,1014,-2
2023,1013,0
2024,1009,1
2025,1026,1
2026,1028,0
2027,1013,-1
2028,1011,-2
2029,1008,-2
2030,1020,1
2031,1012,0
2032,1011,-2
2033,1022,0
2034,1010,0
2035,1011,-1
2036,1003,-1
2037,1010,-1
2038,1014,0
2039,1015,1
2040,1016,-2
2041,1028,1
2042,1028,0
2043,1020,1
2044,1001,1
2045,1003,1
2046,1010,-1
2047,1004,0
2048,1005,-1
2049,1009,2
2050,1015,0
2051,1011,1
2052,1007,0
2053,1014,-2
2054,1028,-3
2055,1022,-2
2056,1026,-1
2057,1027,0
2058,1023,-2
2059,1010,-1
2060,996,1
2061,1005,-1
2062,1000,1
2063,1006,1
2064,999,0
2065,1014,-1
2066,1023,0
2067,1020,1
2068,1008,0
2069,1020,-1
2070,1028,-1
2071,1011,1
2072,1022,1
2073,1030,2
2074,1010,1
2075,994,0
2076,993,-2
2077,1008,0
2078,1009,-1
2079,1018,-2
2080,1017,1
2081,1024,0
2082,1028,0
2083,1023,1
2084,1016,1
2085,1021,1
2086,1022,-2
2087,1016,0
2088,1014,-1
2089,1017,1
2090,1023,1
2091,1013,0
2092,1005,-1
2093,1008,-1
2094,1016,0
2095,1012,0
2096,1015,1
2097,1021,1
2098,1025,-2
2099,1017,-1
2100,1016,0
2101,1018,-2
2102,1014,1
2103,1015,1
2104,1016,-2
2105,1017,1
2106,1018,0
2107,1005,1
2108,995,-1
2109,1012,-1
2110,1021,-2
2111,1017,0
2112,1022,-2
2113,1034,-2
2114,1033,0
2115,1027,1
2116,1020,1
2117,1006,0
2118,1027,1
2119,1005,-1
2120,1008,-1
2121,1013,0
2122,1009,1
2123,1007,-2
2124,999,-1
2125,1011,1
2126,1024,-1
2127,1028,0
2128,1031,0
2129,1042,-3
2130,1029,-2
2131,1026,0
2132,1007,-2
2133,1008,-1
2134,1008,-1
2135,1000,-2
2136,997,1
2137,1005,0
2138,1016,1
2139,1011,0
2140,1013,-2
2141,1020,0
2142,1040,1
2143,1037,-2
2144,1034,0
2145,1034,-2
2146,1024,0
2147,1005,0
2148,996,-2
2149,1002,-2
2150,1005,-1
2151,1004,1
2152,1015,1
2153,1022,-1
2154,1028,-2
2155,1031,-2
2156,1016,0
2157,1021,0
2158,1028,0
2159,1026,-2
2160,1018,0
2161,1019,1
2162,1013,0
2163,999,1
2164,1004,-2
2165,1008,0
2166,1012,-1
2167,1008,-3
2168,1016,-1
2169,1040,-1
2170,1034,-2
2171,1027,1
2172,1017,-2
2173,1019,-1
2174,1022,-2
2175,1008,-2
2176,1007,-2
2177,1016,1
2178,1013,-2
2179,1011,-1
2180,1003,-1
2181,1014,-1
2182,1019,-1
2183,1027,0
2184,1019,0
2185,1029,-1
2186,1028,1
2187,1017,-1
2188,1013,1
2189,1018,-2
2190,1014,1
2191,1011,-1
2192,1015,1
2193,1022,-1
2194,1012,0
2195,1011,-1
2196,1009,-2
2197,1019,1
2198,1023,-2
2199,1034,1
2200,1023,1
2201,1034,0
2202,1029,-1
2203,1026,0
2204,1011,-1
2205,1015,0
2206,1013,-1
2207,1013,-1
2208,1009,-1
2209,1022,-1
2210,1020,-1
2211,1021,-2
2212,1015,0
2213,1016,-2
2214,1025,-1
2215,1025,-1
2216,1034,-1
2217,1049,-1
2218,1025,0
2219,1028,0
2220,1011,0
2221,1014,-1
2222,1014,-1
2223,1011,1
2224,1011,0
2225,1020,1
2226,1021,-1
2227,1027,2
2228,1028,0
2229,1031,-1
2230,1036,0
2231,1042,0
2232,1032,-1
2233,1031,-1
2234,1026,0
2235,1014,-2
2236,1008,0
2237,1012,-2
2238,1013,-2
2239,1013,-2
2240,1017,0
2241,1038,1
2242,1042,1
2243,1032,-2
2244,1019,0
2245,1034,-2
2246,1028,1
2247,1022,-2
2248,1014,0
2249,1025,-2
2250,1015,-1
2251,1004,-2
2252,1005,0
2253,1014,0
2254,1030,-1
2255,1021,-1
2256,1029,0
2257,1046,-2
2258,1040,0
2259,1031,0
2260,1019,0
2261,1026,0
2262,1025,-2
2263,1008,0
2264,1009,-1
2265,1030,-2
2266,1015,1
2267,1020,1
2268,1004,0
2269,1021,1
2270,1035,-2
2271,1032,0
2272,1027,1
2273,1041,-1
2274,1034,0
2275,1027,0
2276,1016,-1
2277,1022,1
2278,1022,-2
2279,1015,0
2280,1020,0
2281,1034,1
2282,1021,0
2283,1022,0
2284,1022,1
2285,1031,-2
2286,1028,1
2287,1025,0
2288,1024,-2
2289,1037,-1
2290,1031,-2
2291,1031,-1
2292,1008,0
2293,1008,0
2294,1024,-1
2295,1020,-2
2296,1013,0
2297,1020,-1
2298,1022,-2
2299,1015,0
2300,1014,2
2301,1024,0
2302,1026,-2
2303,1031,-1
2304,1022,-1
2305,1035,-2
2306,1024,-1
2307,1024,-1
2308,1010,0
2309,1017,1
2310,1006,-1
2311,1017,0
2312,1008,-1
2313,1028,1
2314,1028,1
2315,1030,-2
2316,1023,-1
2317,1028,1
2318,1036,-1
2319,1041,0
2320,1038,-1
2321,1026,-1
2322,1025,-2
2323,1011,-1
2324,1007,-1
2325,1011,0
2326,1013,0
2327,1019,0
2328,1031,-1
2329,1037,1
2330,1031,0
2331,1032,0
2332,1017,-1
2333,1031,-2
2334,1031,-2
2335,1017,-1
2336,1014,-1
2337,1023,-2
2338,1021,0
2339,1018,1
2340,1008,0
2341,1019,0
2342,1031,-1
2343,1030,0
2344,1034,1
2345,1040,1
2346,1035,-1
2347,1033,-1
2348,1022,-2
2349,1014,1
2350,1031,0
2351,1017,-2
2352,1013,-2
2353,1020,2
2354,1031,-2
2355,1015,-3
2356,1011,-1
2357,1023,-2
2358,1035,-1
2359,1042,-1
2360,1028,-1
2361,1040,0
2362,1037,1
2363,1022,-2
2364,1017,-2
2365,1022,-1
2366,1022,1
2367,1024,-1
2368,1018,-2
2369,1027,0
2370,1031,-1
2371,1017,-1
2372,1007,0
2373,1014,-2
2374,1034,-2
2375,1029,0
2376,1039,-2
2377,1037,1
2378,1037,-2
2379,1038,-3
2380,1021,-2
2381,1017,-1
2382,1026,0
2383,1010,-2
2384,1019,0
2385,1025,-2
2386,1025,-2
2387,1022,-2
2388,1017,-1
2389,1018,-1
2390,1034,1
2391,1034,1
2392,1034,-2
2393,1041,-2
2394,1039,-2
2395,1022,1
2396,1009,-2
2397,1015,-2
2398,1021,-1
2399,1015,-2
2400,1017,0
2401,1036,1
2402,1029,1
2403,1032,-2
2404,1028,-1
2405,1037,-2
2406,1043,-1
2407,1044,-1
2408,1035,-1
2409,1031,0
2410,1025,0
2411,1011,-1
2412,1005,0
2413,1010,-1
2414,1014,-1
2415,1011,0
2416,1027,-1
2417,1040,1
2418,1043,-1
2419,1042,0
2420,1040,1
2421,1040,-2
2422,1031,-1
2423,1022,0
2424,1015,-2
2425,1025,-1
2426,1016,-2
2427,1011,-2
2428,1005,-1
2429,1013,-1
2430,1030,-1
2431,1028,1
2432,1038,-1
2433,1046,-2
2434,1038,0
2435,1030,0
2436,1031,1
2437,1024,-2
2438,1026,-1
2439,1022,0
2440,1014,-1
2441,1027,0
2442,1020,0
2443,1018,0
2444,1017,-1
2445,1022,-2
2446,1037,-1
2447,1043,-1
2448,1042,-1
2449,1047,1
2450,1031,-2
2451,1031,-1
2452,1028,-1
2453,1020,1
2454,1025,-2
2455,1025,-1
2456,1020,1
2457,1036,1
2458,1024,-3
2459,1022,-1
2460,1021,-1
2461,1030,1
2462,1031,0
2463,1031,-2
2464,1040,0
2465,1049,1
2466,1036,-2
2467,1037,0
2468,1022,-1
2469,1021,1
2470,1023,1
2471,1017,-1
2472,1018,1
2473,1022,0
2474,1017,-1
2475,1025,-1
2476,1026,-1
2477,1029,-1
2478,1041,1
2479,1035,-2
2480,1039,-1
2481,1049,-1
2482,1031,1
2483,1030,1
2484,1011,0
2485,1013,-1
2486,1011,-2
2487,1015,-1
2488,1009,-1
2489,1025,1
2490,1029,0
2491,1040,-2
2492,1037,1
2493,1034,-1
2494,1050,-2
2495,1039,0
2496,1034,-1
2497,1043,-1
2498,1025,-1
2499,1014,-1
2500,1005,0
2501,1011,1
2502,1015,1
2503,1015,0
2504,1031,0
2505,1044,-1
2506,1049,-3
2507,1039,-2
2508,1040,0
2509,1040,-2
2510,1031,-1
2511,1024,-2
2512,1020,1
2513,1025,-1
2514,1016,1
2515,1014,0
2516,1007,0
2517,1012,1
2518,1031,1
2519,1040,1
2520,1039,1
2521,1052,0
2522,1041,-1
2523,1037,-3
2524,1029,-2
2525,1025,-1
2526,1022,0
2527,1022,-1
2528,1019,0
2529,1028,-2
2530,1023,0
2531,1022,-1
2532,1021,-1
2533,1035,-1
2534,1039,1
2535,1043,-2
2536,1031,-3
2537,1052,-3
2538,1041,0
2539,1030,-2
2540,1024,0
2541,1027,-1
2542,1021,1
2543,1026,-2
2544,1026,1
2545,1031,-1
2546,1031,1
2547,1034,-2
2548,1023,-2
2549,1034,-2
2550,1039,1
2551,1039,1
2552,1026,-1
2553,1039,1
2554,1037,1
2555,1033,1
2556,1020,1
2557,1023,-3
2558,1025,1
2559,1024,1
2560,1019,1
2561,1025,-1
2562,1033,-2
2563,1031,0
2564,1024,-1
2565,1037,-2
2566,1033,-1
2567,1044,0
2568,1038,-1
2569,1045,-1
2570,1025,-1
2571,1024,0
2572,1019,0
2573,1020,-2
2574,1015,-2
2575,1021,-1
2576,1025,-1
2577,1048,1
2578,1037,-1
2579,1046,-2
2580,1039,1
2581,1039,0
2582,1052,-1
2583,1042,0
2584,1031,0
2585,1035,-2
2586,1022,-1
2587,1011,-2
2588,1008,-1
2589,1013,0
2590,1022,-2
2591,1025,0
2592,1038,-2
2593,1039,1
2594,1046,0
2595,1043,1
2596,1031,-2
2597,1036,1
2598,1032,1
2599,1023,1
2600,1014,1
2601,1025,-1
2602,1017,1
2603,1018,-1
2604,1011,0
2605,1022,0
2606,1036,1
2607,1044,0
2608,1052,0
2609,1049,0
2610,1051,0
2611,1035,-2
2612,1028,1
2613,1026,0
2614,1017,1
2615,1012,0
2616,1023,0
2617,1027,0
2618,1026,0
2619,1025,-1
2620,1027,-1
2621,1037,-1
2622,1043,1
2623,1044,-2
2624,1034,1
2625,1057,-1
2626,1034,-2
2627,1028,0
2628,1013,0
2629,1024,0
2630,1024,-2
2631,1025,-1
2632,1022,-1
2633,1037,1
2634,1039,1
2635,1039,-1
2636,1028,1
2637,1040,0
2638,1031,-2
2639,1038,-4
2640,1036,1
2641,1055,-2
2642,1043,2
2643,1037,-2
2644,1014,-2
2645,1026,-2
2646,1020,-1
2647,1023,-2
2648,1022,-1
2649,1034,-1
2650,1035,-1
2651,1038,0
2652,1040,-2
2653,1037,0
2654,1043,0
2655,1048,-2
2656,1041,1
2657,1051,1
2658,1033,-1
2659,1029,1
2660,1020,-1
2661,1021,-2
2662,1025,1
2663,1025,-1
2664,1030,-1
2665,1045,1
2666,1042,0
2667,1042,-3
2668,1047,0
2669,1041,0
2670,1045,0
2671,1052,-2
2672,1037,2
2673,1034,-2
2674,1023,-1
2675,1020,0
2676,1016,-2
2677,1015,-2
2678,1028,1
2679,1037,0
2680,1046,1
2681,1055,-2
2682,1060,1
2683,1048,1
2684,1045,0
2685,1038,0
2686,1033,-2
2687,1025,-1
2688,1025,-1
2689,1036,0
2690,1021,0
2691,1022,-2
2692,1020,0
2693,1031,0
2694,1051,-2
2695,1048,-1
2696,1041,0
2697,1065,1
2698,1046,-2
2699,1040,-1
2700,1020,-2
2701,1025,1
2702,1028,-2
2703,1021,-2
2704,1017,0
2705,1037,-2
2706,1033,-1
2707,1032,1
2708,1035,-1
2709,1045,1
2710,1044,0
2711,1050,0
2712,1046,-2
2713,1051,0
2714,1042,0
2715,1028,1
2716,1023,-1
2717,1022,0
2718,1021,-1
2719,1025,1
2720,1031,1
2721,1042,0
2722,1045,0
2723,1036,-2
2724,1028,0
2725,1040,0
2726,1046,-1
2727,1041,0
2728,1035,-1
2729,1059,-2
2730,1032,-2
2731,1029,1
2732,1025,0
2733,1031,1
2734,1037,-1
2735,1025,1
2736,1032,-2
2737,1044,-2
2738,1042,-1
2739,1037,-2
2740,1032,1
2741,1037,1
2742,1041,0
2743,1052,2
2744,1038,1
2745,1054,1
2746,1043,0
2747,1031,-1
2748,1028,1
2749,1030,-2
2750,1029,-1
2751,1035,1
2752,1039,-1
2753,1043,0
2754,1043,-1
2755,1044,-1
2756,1039,-2
2757,1043,1
2758,1052,-2
2759,1044,0
2760,1040,0
2761,1048,1
2762,1028,2
2763,1022,0
2764,1022,-2
2765,1016,-1
2766,1023,-1
2767,1039,0
2768,1042,1
2769,1060,-3
2770,1045,-1
2771,1041,0
2772,1040,-1
2773,1041,0
2774,1041,-2
2775,1034,-1
2776,1028,-2
2777,1036,-3
2778,1030,-1
2779,1025,0
2780,1029,-1
2781,1040,-2
2782,1043,-1
2783,1046,-1
2784,1053,2
2785,1053,-1
2786,1048,-1
2787,1040,-1
2788,1035,-1
2789,1022,-2
2790,1021,-1
2791,1023,1
2792,1028,1
2793,1041,-2
2794,1033,-2
2795,1041,1
2796,1026,-1
2797,1037,1
2798,1053,-2
2799,1043,2
2800,1041,-1
2801,1057,0
2802,1039,1
2803,1035,0
2804,1020,1
2805,1031,0
2806,1031,-2
2807,1031,-1
2808,1027,0
2809,1043,0
2810,1046,0
2811,1038,-2
2812,1027,-2
2813,1042,-1
2814,1043,0
2815,1048,-2
2816,1043,0
2817,1058,-2
2818,1046,1
2819,1037,-2
2820,1032,0
2821,1028,-2
2822,1037,-2
2823,1036,0
2824,1025,-1
2825,1035,-2
2826,1038,-2
2827,1036,-1
2828,1040,-1
2829,1044,-1
2830,1046,1
2831,1049,-1
2832,1050,-2
2833,1060,-2
2834,1049,0
2835,1043,1
2836,1021,1
2837,1023,-2
2838,1023,-2
2839,1028,1
2840,1028,-1
2841,1043,1
2842,1041,0
2843,1040,1
2844,1052,1
2845,1046,0
2846,1055,0
2847,1052,-1
2848,1049,0
2849,1047,1
2850,1026,1
2851,1020,0
2852,1020,0
2853,1022,-2
2854,1029,-1
2855,1033,-2
2856,1052,-1
2857,1067,-1
2858,1070,1
2859,1061,1
2860,1054,-1
2861,1043,-2
2862,1036,-2
2863,1029,-2
2864,1025,1
2865,1030,-1
2866,1013,0
2867,1020,0
2868,1016,-2
2869,1039,0
2870,1049,-1
2871,1057,-1
2872,1057,-1
2873,1065,0
2874,1054,0
2875,1049,0
2876,1036,0
2877,1026,-1
2878,1029,-2
2879,1017,0
2880,1023,0
2881,1043,-2
2882,1031,-1
2883,1034,0
2884,1040,0
2885,1048,0
2886,1058,0
2887,1059,-2
2888,1057,1
2889,1060,1
2890,1046,-1
2891,1030,0
2892,1027,-1
2893,1020,-1
2894,1022,0
2895,1024,-1
2896,1031,-1
2897,1046,1
2898,1048,1
2899,1055,-2
2900,1040,-2
2901,1051,-1
2902,1052,-1
2903,1046,1
2904,1044,-1
2905,1049,1
2906,1032,1
2907,1030,-2
2908,1020,-2
2909,1022,-2
2910,1021,0
2911,1029,1
2912,1025,-1
2913,1052,-2
2914,1043,-1
2915,1051,1
2916,1046,-1
2917,1051,0
2918,1051,1
2919,1044,0
2920,1040,-1
2921,1045,0
2922,1031,1
2923,1024,0
2924,1019,-2
2925,1025,-1
2926,1026,-2
2927,1034,-1
2928,1051,-1
2929,1052,-4
2930,1055,-1
2931,1055,1
2932,1047,1
2933,1045,-1
2934,1047,0
2935,1034,0
2936,1028,-1
2937,1039,-3
2938,1027,-1
2939,1025,0
2940,1026,0
2941,1028,-1
2942,1037,0
2943,1044,-1
2944,1057,1
2945,1073,0
2946,1067,0
2947,1055,-2
2948,1039,-1
2949,1044,-2
2950,1040,2
2951,1030,-1
2952,1023,-1
2953,1034,-2
2954,1034,-1
2955,1028,-2
2956,1041,1
2957,1046,-2
2958,1059,0
2959,1062,1
2960,1063,0
2961,1076,1
2962,1052,-1
2963,1042,1
2964,1032,1
2965,1018,1
2966,1028,-1
2967,1041,0
2968,1028,-1
2969,1048,-1
2970,1054,-2
2971,1044,-2
2972,1059,-2
2973,1055,0
2974,1057,1
2975,1062,0
2976,1049,-2
2977,1058,-2
2978,1048,-2
2979,1034,1
2980,1020,1
2981,1017,-2
2982,1032,0
2983,1052,-2
2984,1054,1
2985,1063,-1
2986,1067,1
2987,1061,-2
2988,1042,-2
2989,1043,0
2990,1046,0
2991,1048,-2
2992,1044,-2
2993,1055,0
2994,1035,0
2995,1030,-1
2996,1032,1
2997,1038,0
2998,1050,-2
2999,1043,0
3000,1046,-1
3001,1058,1
3002,1046,1
3003,1049,0
3004,1042,-1
3005,1043,0
3006,1043,-1
3007,1045,1
3008,1045,-1
3009,1055,0
3010,1046,-1
3011,1047,1
3012,1040,1
3013,1039,0
3014,1036,-1
3015,1049,-2
3016,1047,-2
3017,1057,-1
3018,1043,-1
3019,1052,-1
3020,1048,1
3021,1053,0
3022,1047,0
3023,1042,-1
3024,1042,1
3025,1055,0
3026,1044,1
3027,1043,0
3028,1028,2
3029,1031,-2
3030,1040,0
3031,1042,1
3032,1052,1
3033,1067,0
3034,1057,0
3035,1062,-1
3036,1042,-1
3037,1041,-2
3038,1049,-2
3039,1039,0
3040,1036,-1
3041,1046,0
3042,1035,-1
3043,1036,-1
3044,1040,-1
3045,1045,1
3046,1055,0
3047,1058,-1
3048,1057,1
3049,1070,-1
3050,1055,1
3051,1046,-2
3052,1038,-1
3053,1041,-1
3054,1040,0
3055,1032,0
3056,1034,-2
3057,1059,1
3058,1048,-1
3059,1050,1
3060,1049,-2
3061,1058,-1
3062,1055,1
3063,1047,-2
3064,1055,-3
3065,1070,-1
3066,1049,1
3067,1043,1
3068,1034,1
3069,1038,1
3070,1046,0
3071,1037,-2
3072,1043,1
3073,1047,1
3074,1048,-1
3075,1046,1
3076,1044,1
3077,1040,1
3078,1048,-1
3079,1056,-1
3080,1053,-2
3081,1053,0
3082,1043,-1
3083,1041,-3
3084,1034,-1
3085,1026,-2
3086,1034,-1
3087,1036,-2
3088,1048,-1
3089,1058,1
3090,1052,1
3091,1038,-2
3092,1051,0
3093,1046,0
3094,1056,-1
3095,1058,-1
3096,1049,-1
3097,1065,-1
3098,1049,-1
3099,1039,-1
3100,1031,0
3101,1029,0
3102,1029,0
3103,1048,0
3104,1038,1
3105,1052,-1
3106,1053,-2
3107,1056,0
3108,1055,0
3109,1058,1
3110,1054,0
3111,1049,-2
3112,1041,0
3113,1045,-2
3114,1028,-2
3115,1031,1
3116,1031,-1
3117,1040,0
3118,1039,-2
3119,1058,-1
3120,1058,-1
3121,1075,1
3122,1065,1
3123,1064,-2
3124,1050,-2
3125,1043,-2
3126,1040,-1
3127,1029,0
3128,1032,1
3129,1043,1
3130,1037,1
3131,1037,-1
3132,1040,0
3133,1045,1
3134,1064,0
3135,1059,1
3136,1064,-2
3137,1081,-2
3138,1074,0
3139,1042,-2
3140,1039,-1
3141,1031,1
3142,1031,-1
3143,1029,0
3144,1032,1
3145,1049,-1
3146,1049,-1
3147,1055,-2
3148,1058,1
3149,1061,-1
3150,1073,-1
3151,1069,0
3152,1058,1
3153,1062,-2
3154,1034,1
3155,1038,1
3156,1028,0
3157,1033,-1
3158,1038,1
3159,1038,-1
3160,1039,0
3161,1066,-3
3162,1058,-1
3163,1056,1
3164,1046,0
3165,1061,-1
3166,1053,0
3167,1049,-1
3168,1045,1
3169,1052,-1
3170,1040,-2
3171,1041,0
3172,1031,0
3173,1035,1
3174,1046,-2
3175,1052,-2
3176,1043,1
3177,1062,1
3178,1061,0
3179,1051,0
3180,1048,1
3181,1050,-1
3182,1055,-1
3183,1052,0
3184,1051,-1
3185,1045,-2
3186,1046,1
3187,1037,1
3188,1034,-2
3189,1037,-2
3190,1043,-1
3191,1046,-1
3192,1048,-1
3193,1069,-1
3194,1064,-1
3195,1056,0
3196,1049,0
3197,1049,1
3198,1058,0
3199,1040,-1
3200,1042,0
3201,1050,0
3202,1041,0
3203,1036,0
3204,1028,0
3205,1039,1
3206,1057,-2
3207,1056,1
3208,1059,-1
3209,1073,-2
3210,1067,1
3211,1059,0
3212,1052,0
3213,1039,1
3214,1044,1
3215,1041,1
3216,1037,-1
3217,1047,-2
3218,1046,1
3219,1038,0
3220,1057,1
3221,1064,0
3222,1073,-2
3223,1067,1
3224,1066,1
3225,1072,0
3226,1051,1
3227,1053,1
3228,1037,-1
3229,1033,-1
3230,1028,-1
3231,1040,-1
3232,1031,0
3233,1052,-2
3234,1052,-1
3235,1058,-1
3236,1058,1
3237,1059,-2
3238,1065,-2
3239,1061,-2
3240,1052,0
3241,1050,-1
3242,1045,1
3243,1041,1
3244,1031,0
3245,1035,-1
3246,1043,1
3247,1043,1
3248,1056,-2
3249,1069,-1
3250,1063,-1
3251,1061,0
3252,1051,0
3253,1052,-2
3254,1064,0
3255,1049,-1
3256,1052,0
3257,1054,-2
3258,1046,0
3259,1032,-1
3260,1046,1
3261,1039,0
3262,1048,-1
3263,1053,-1
3264,1052,-2
3265,1060,1
3266,1061,0
3267,1047,0
3268,1050,0
3269,1048,0
3270,1051,0
3271,1049,0
3272,1051,0
3273,1064,0
3274,1051,1
3275,1041,-2
3276,1043,0
3277,1034,0
3278,1048,1
3279,1046,1
3280,1057,0
3281,1064,-2
3282,1059,-1
3283,1052,-2
3284,1063,-1
3285,1058,1
3286,1052,1
3287,1048,1
3288,1046,-1
3289,1055,1
3290,1040,-2
3291,1047,0
3292,1037,0
3293,1043,1
3294,1055,1
3295,1058,-2
3296,1069,1
3297,1081,0
3298,1067,1
3299,1067,-1
3300,1046,1
3301,1045,-1
3302,1039,1
3303,1035,1
3304,1037,1
3305,1047,1
3306,1036,-1
3307,1031,1
3308,1047,-2
3309,1058,0
3310,1064,-2
3311,1067,-2
3312,1073,1
3313,1078,1
3314,1064,0
3315,1049,0
3316,1034,-1
3317,1037,-1
3318,1033,-1
3319,1034,0
3320,1040,0
3321,1054,-1
3322,1057,-1
3323,1058,-2
3324,1061,0
3325,1060,1
3326,1068,-2
3327,1058,0
3328,1052,0
3329,1055,-1
3330,1044,-1
3331,1043,0
3332,1036,-2
3333,1033,0
3334,1044,2
3335,1048,1
3336,1048,-2
3337,1067,0
3338,1070,1
3339,1068,1
3340,1051,-1
3341,1064,0
3342,1059,1
3343,1050,-1
3344,1053,-1
3345,1054,0
3346,1039,0
3347,1036,-1
3348,1041,-2
3349,1042,1
3350,1049,-2
3351,1061,1
3352,1059,2
3353,1064,0
3354,1066,-2
3355,1054,1
3356,1058,-1
3357,1055,-1
3358,1054,1
3359,1048,-1
3360,1048,-2
3361,1043,-1
3362,1048,1
3363,1043,-1
3364,1039,1
3365,1047,-1
3366,1052,-1
3367,1052,-2
3368,1061,-1
3369,1068,-2
3370,1067,0
3371,1055,-2
3372,1058,-1
3373,1046,-3
3374,1053,0
3375,1047,0
3376,1043,-2
3377,1061,-2
3378,1049,0
3379,1029,-2
3380,1040,1
3381,1055,-1
3382,1054,-1
3383,1064,1
3384,1064,0
3385,1082,-1
3386,1076,1
3387,1053,0
3388,1044,-1
3389,1039,0
3390,1043,-2
3391,1040,1
3392,1040,-3
3393,1054,-1
3394,1049,-2
3395,1054,-2
3396,1064,0
3397,1066,0
3398,1068,-2
3399,1067,-1
3400,1079,0
3401,1081,-2
3402,1055,0
3403,1045,0
3404,1038,-1
3405,1038,1
3406,1040,-2
3407,1044,-2
3408,1043,1
3409,1066,0
3410,1067,0
3411,1061,1
3412,1062,1
3413,1063,-1
3414,1062,-2
3415,1061,0
3416,1055,-2
3417,1052,0
3418,1042,-1
3419,1036,-2
3420,1044,0
3421,1035,0
3422,1042,-1
3423,1053,-1
3424,1055,0
3425,1076,1
3426,1070,-1
3427,1061,0
3428,1059,1
3429,1052,-1
3430,1056,0
3431,1049,0
3432,1044,1
3433,1058,-2
3434,1047,0
3435,1046,0
3436,1046,0
3437,1052,-1
3438,1060,0
3439,1055,-1
3440,1067,1
3441,1064,-1
3442,1061,0
3443,1058,1
3444,1052,1
3445,1049,1
3446,1052,-1
3447,1047,-2
3448,1041,-1
3449,1059,2
3450,1058,1
3451,1055,-2
3452,1047,-2
3453,1046,-1
3454,1055,-1
3455,1061,-2
3456,1058,-1
3457,1068,1
3458,1061,-2
3459,1048,-2
3460,1058,0
3461,1060,-3
3462,1050,0
3463,1050,0
3464,1049,1
3465,1060,-2
3466,1055,-1
3467,1040,0
3468,1039,-1
3469,1055,1
3470,1057,0
3471,1056,-2
3472,1066,-1
3473,1082,1
3474,1080,1
3475,1049,1
3476,1049,-2
3477,1052,-1
3478,1051,-1
3479,1052,1
3480,1049,0
3481,1058,-1
3482,1058,0
3483,1051,0
3484,1058,1
3485,1064,-2
3486,1065,-1
3487,1070,-2
3488,1069,0
3489,1071,1
3490,1063,1
3491,1040,-1
3492,1040,1
3493,1047,1
3494,1052,-2
3495,1044,-1
3496,1051,-1
3497,1067,1
3498,1076,0
3499,1059,0
3500,1064,1
3501,1069,0
3502,1072,-1
3503,1060,-1
3504,1054,1
3505,1068,-1
3506,1068,0
3507,1037,-2
3508,1045,1
3509,1046,1
3510,1038,0
3511,1048,1
3512,1054,0
3513,1071,0
3514,1070,-1
3515,1055,-1
3516,1052,0
3517,1065,0
3518,1061,-1
3519,1055,1
3520,1052,-1
3521,1059,0
3522,1052,-1
3523,1040,-1
3524,1048,0
3525,1049,-1
3526,1052,-2
3527,1056,1
3528,1060,-1
3529,1067,1
3530,1061,0
3531,1059,0
3532,1056,-1
3533,1059,-1
3534,1063,1
3535,1057,0
3536,1051,-1
3537,1057,-1
3538,1049,0
3539,1038,0
3540,1041,1
3541,1042,-1
3542,1053,2
3543,1064,-2
3544,1064,2
3545,1075,-1
3546,1071,-1
3547,1058,-2
3548,1066,-2
3549,1064,0
3550,1055,-1
3551,1058,1
3552,1057,-1
3553,1050,1
3554,1048,1
3555,1034,-2
3556,1050,-1
3557,1058,2
3558,1062,0
3559,1067,1
3560,1074,-1
3561,1088,1
3562,1077,-2
3563,1061,1
3564,1054,-1
3565,1046,0
3566,1047,-2
3567,1043,0
3568,1040,0
3569,1046,1
3570,1043,1
3571,1044,-1
3572,1063,-2
3573,1067,-1
3574,1075,-2
3575,1079,1
3576,1081,1
3577,1080,-1
3578,1068,0
3579,1048,1
3580,1042,-1
3581,1034,0
3582,1038,-3
3583,1037,-1
3584,1043,1
3585,1070,-1
3586,1067,-2
3587,1069,0
3588,1076,-2
3589,1076,-2
3590,1076,-2
3591,1074,1
3592,1061,-1
3593,1064,-1
3594,1055,-1
3595,1027,-1
3596,1035,1
3597,1031,1
3598,1055,0
3599,1055,-1
3600,1061,1
3601,1085,1
3602,1071,2
3603,1069,-1
3604,1070,1
3605,1071,-2
3606,1062,-1
3607,1054,-2
3608,1049,0
3609,1050,0
3610,1043,-1
3611,1030,-1
3612,1043,1
3613,1049,-1
3614,1068,1
3615,1068,0
3616,1070,-3
3617,1088,-2
3618,1076,-2
3619,1061,-1
3620,1064,0
3621,1051,0
3622,1049,-1
3623,1041,-2
3624,1041,-1
3625,1049,1
3626,1049,1
3627,1040,-2
3628,1052,-1
3629,1069,1
3630,1068,-1
3631,1073,-1
3632,1082,0
3633,1075,0
3634,1073,0
3635,1053,-2
3636,1056,-2
3637,1048,-1
3638,1049,-2
3639,1046,0
3640,1057,0
3641,1064,1
3642,1055,-1
3643,1052,-1
3644,1062,1
3645,1069,-1
3646,1077,-2
3647,1069,0
3648,1076,0
3649,1076,0
3650,1067,-2
3651,1049,1
3652,1050,-2
3653,1052,-2
3654,1042,-1
3655,1049,1
3656,1049,0
3657,1064,1
3658,1070,1
3659,1064,1
3660,1073,-2
3661,1081,-1
3662,1080,1
3663,1067,0
3664,1069,-1
3665,1058,-1
3666,1046,0
3667,1037,1
3668,1033,1
3669,1048,1
3670,1057,1
3671,1052,-2
3672,1062,-1
3673,1072,0
3674,1079,1
3675,1057,-1
3676,1072,-2
3677,1070,1
3678,1065,1
3679,1062,0
3680,1057,-1
3681,1051,0
3682,1040,1
3683,1037,1
3684,1041,0
3685,1055,1
3686,1059,-2
3687,1070,-1
3688,1077,-2
3689,1084,-1
3690,1080,0
3691,1061,-2
3692,1052,-1
3693,1056,-2
3694,1049,-1
3695,1044,0
3696,1047,0
3697,1049,1
3698,1064,0
3699,1047,-1
3700,1066,0
3701,1064,2
3702,1076,-1
3703,1070,-2
3704,1075,0
3705,1067,2
3706,1062,0
3707,1050,0
3708,1055,-1
3709,1046,1
3710,1051,-1
3711,1062,-2
3712,1059,1
3713,1071,0
3714,1070,0
3715,1043,0
3716,1061,0
3717,1068,1
3718,1066,-2
3719,1056,1
3720,1063,1
3721,1070,0
3722,1067,0
3723,1047,0
3724,1061,-1
3725,1057,0
3726,1067,-1
3727,1055,-2
3728,1063,-2
3729,1068,-2
3730,1064,-3
3731,1054,-1
3732,1061,-2
3733,1064,0
3734,1063,0
3735,1069,-2
3736,1072,-2
3737,1081,1
3738,1073,1
3739,1053,0
3740,1065,-1
3741,1067,-1
3742,1064,-1
3743,1057,-1
3744,1061,0
3745,1065,-2
3746,1058,0
3747,1046,0
3748,1059,1
3749,1067,0
3750,1069,1
3751,1076,0
3752,1078,-1
3753,1073,0
3754,1068,-1
3755,1050,-2
3756,1055,-1
3757,1061,0
3758,1053,0
3759,1046,0
3760,1061,-2
3761,1067,1
3762,1066,-2
3763,1066,-1
3764,1073,0
3765,1076,1
3766,1072,-2
3767,1065,2
3768,1067,-2
3769,1065,-2
3770,1061,1
3771,1046,-2
3772,1051,0
3773,1058,-2
3774,1050,-2
3775,1059,-2
3776,1076,-2
3777,1074,1
3778,1067,-3
3779,1064,0
3780,1064,0
3781,1074,-1
3782,1062,-1
3783,1061,0
3784,1055,-2
3785,1067,1
3786,1055,0
3787,1040,1
3788,1046,-1
3789,1054,-1
3790,1063,1
3791,1068,1
3792,1065,0
3793,1080,0
3794,1079,-3
3795,1057,0
3796,1066,-1
3797,1070,1
3798,1053,0
3799,1064,-1
3800,1061,-2
3801,1064,0
3802,1055,-1
3803,1051,-2
3804,1054,0
3805,1060,1
3806,1070,1
3807,1076,1
3808,1082,-1
3809,1082,1
3810,1079,-2
3811,1067,-1
3812,1067,1
3813,1055,-1
3814,1059,0
3815,1058,-2
3816,1052,-3
3817,1052,-1
3818,1051,-2
3819,1046,-1
3820,1062,0
3821,1059,-1
3822,1082,0
3823,1076,-2
3824,1084,0
3825,1086,-1
3826,1075,-2
3827,1057,0
3828,1060,0
3829,1059,-1
3830,1043,1
3831,1044,0
3832,1046,1
3833,1061,0
3834,1064,2
3835,1056,-1
3836,1073,-2
3837,1080,-2
3838,1085,-2
3839,1084,0
3840,1083,-2
3841,1073,0
3842,1063,1
3843,1040,1
3844,1044,-2
3845,1043,-2
3846,1043,0
3847,1052,1
3848,1058,0
3849,1089,0
3850,1081,1
3851,1079,0
3852,1082,1
3853,1096,-1
3854,1077,1
3855,1070,0
3856,1060,-1
3857,1067,0
3858,1047,-1
3859,1037,0
3860,1043,-2
3861,1056,-2
3862,1061,-1
3863,1073,-1
3864,1083,1
3865,1088,1
3866,1088,-2
3867,1073,-2
3868,1068,-1
3869,1066,0
3870,1057,0
3871,1055,-1
3872,1051,0
3873,1045,0
3874,1047,0
3875,1044,1
3876,1058,1
3877,1072,-2
3878,1081,-2
3879,1088,0
3880,1085,0
3881,1086,-1
3882,1072,-1
3883,1067,0
3884,1049,0
3885,1049,0
3886,1048,-2
3887,1055,-1
3888,1059,-1
3889,1063,1
3890,1061,2
3891,1058,-1
3892,1067,0
3893,1082,1
3894,1071,-2
3895,1075,1
3896,1079,0
3897,1077,-2
3898,1067,-1
3899,1064,1
3900,1058,-2
3901,1059,-1
3902,1058,-1
3903,1066,-1
3904,1064,0
3905,1066,0
3906,1067,0
3907,1058,-1
3908,1067,-1
3909,1083,0
3910,1061,-2
3911,1070,-2
3912,1077,-1
3913,1074,-2
3914,1067,-2
3915,1061,1
3916,1047,1
3917,1054,0
3918,1055,-1
3919,1065,0
3920,1064,0
3921,1073,0
3922,1070,-2
3923,1071,0
3924,1072,1
3925,1081,-2
3926,1081,0
3927,1070,-2
3928,1066,2
3929,1067,-2
3930,1059,2
3931,1050,-1
3932,1047,-2
3933,1058,2
3934,1052,0
3935,1056,-1
3936,1073,0
3937,1093,2
3938,1084,1
3939,1070,0
3940,1073,1
3941,1080,-1
3942,1070,-2
3943,1064,1
3944,1057,-1
3945,1060,-2
3946,1058,0
3947,1051,-2
3948,1053,1
3949,1059,-1
3950,1072,0
3951,1075,1
3952,1082,1
3953,1085,-3
3954,1085,1
3955,1073,1
3956,1074,-1
3957,1067,-2
3958,1059,0
3959,1067,0
3960,1067,0
3961,1067,-1
3962,1067,-1
3963,1053,-1
3964,1071,1
3965,1068,0
3966,1089,-1
3967,1086,-2
3968,1080,0
3969,1080,0
3970,1074,-1
3971,1061,-2
3972,1067,1
3973,1059,-2
3974,1055,-1
3975,1069,-2
3976,1076,1
3977,1074,-1
3978,1066,1
3979,1064,-1
3980,1076,0
3981,1078,0
3982,1074,2
3983,1070,-1
3984,1082,-2
3985,1078,-1
3986,1075,1
3987,1066,-1
3988,1070,1
3989,1064,-2
3990,1067,-1
3991,1062,1
3992,1064,-2
3993,1071,1
3994,1068,0
3995,1062,0
3996,1076,-1
3997,1073,0
3998,1076,0
3999,1082,-1
4000,1079,-3
4001,1081,-1
4002,1075,-2
4003,1061,-1
4004,1068,0
4005,1055,-1
4006,1061,-1
4007,1054,0
4008,1064,-1
4009,1070,1
4010,1073,-1
4011,1064,-2
4012,1067,0
4013,1086,-2
4014,1088,0
4015,1075,1
4016,1085,-1
4017,1082,0
4018,1064,-3
4019,1057,-2
4020,1053,-2
4021,1049,-1
4022,1060,-1
4023,1064,-2
4024,1075,-2
4025,1087,-2
4026,1087,0
4027,1081,0
4028,1081,0
4029,1088,0
4030,1085,0
4031,1062,1
4032,1065,0
4033,1054,0
4034,1055,-2
4035,1058,1
4036,1054,1
4037,1059,0
4038,1080,0
4039,1083,1
4040,1079,1
4041,1093,-1
4042,1095,0
4043,1080,0
4044,1070,1
4045,1070,1
4046,1061,-2
4047,1056,1
4048,1059,0
4049,1060,-2
4050,1059,0
4051,1054,1
4052,1071,0
4053,1077,-2
4054,1077,0
4055,1083,1
4056,1090,1
4057,1082,-1
4058,1085,1
4059,1058,1
4060,1057,0
4061,1062,-2
4062,1057,1
4063,1059,1
4064,1059,1
4065,1070,-1
4066,1066,-2
4067,1055,1
4068,1072,-1
4069,1084,0
4070,1082,-2
4071,1082,-2
4072,1077,-2
4073,1079,1
4074,1077,-1
4075,1057,-1
4076,1064,0
4077,1064,0
4078,1062,-2
4079,1066,0
4080,1074,0
4081,1079,-2
4082,1072,0
4083,1064,-1
4084,1077,0
4085,1087,-1
4086,1083,1
4087,1077,1
4088,1075,1
4089,1081,0
4090,1071,-2
4091,1063,0
4092,1067,-1
4093,1067,-2
4094,1058,1
4095,1066,1
4096,1070,-3
4097,1084,0
4098,1073,1
4099,1087,-2
4100,1076,0
4101,1082,-2
4102,1082,-1
4103,1083,0
4104,1072,-1
4105,1073,-1
4106,1057,1
4107,1064,-2
4108,1055,-1
4109,1068,0
4110,1067,-1
4111,1075,-2
4112,1086,0
4113,1095,1
4114,1092,-3
4115,1085,0
4116,1086,0
4117,1091,1
4118,1071,-1
4119,1066,1
4120,1055,0
4121,1072,-1
4122,1050,1
4123,1054,1
4124,1062,-2
4125,1068,0
4126,1080,-2
4127,1088,-1
4128,1091,-1
4129,1092,-3
4130,1088,2
4131,1090,1
4132,1074,-2
4133,1071,0
4134,1050,0
4135,1061,0
4136,1063,1
4137,1071,1
4138,1063,-1
4139,1073,-1
4140,1074,-1
4141,1087,-2
4142,1095,-2
4143,1085,0
4144,1083,0
4145,1082,1
4146,1082,2
4147,1067,0
4148,1061,-2
4149,1067,-3
4150,1057,-1
4151,1070,0
4152,1072,-1
4153,1081,-1
4154,1075,-2
4155,1076,-2
4156,1083,-2
4157,1079,-2
4158,1080,1
4159,1072,1
4160,1080,0
4161,1086,0
4162,1063,1
4163,1071,0
4164,1061,-1
4165,1071,0
4166,1064,-1
4167,1071,0
4168,1079,-2
4169,1079,0
4170,1081,2
4171,1073,1
4172,1073,-2
4173,1080,-1
4174,1077,2
4175,1076,-1
4176,1081,-1
4177,1086,0
4178,1072,-1
4179,1067,-1
4180,1066,0
4181,1070,-1
4182,1064,2
4183,1067,0
4184,1074,-1
4185,1084,1
4186,1081,-3
4187,1073,0
4188,1079,0
4189,1086,1
4190,1084,1
4191,1077,0
4192,1077,1
4193,1074,0
4194,1067,-1
4195,1064,-1
4196,1053,1
4197,1063,-3
4198,1069,-1
4199,1073,-3
4200,1078,-2
4201,1096,-2
4202,1082,1
4203,1081,-2
4204,1076,-1
4205,1087,1
4206,1077,-1
4207,1067,0
4208,1067,-1
4209,1074,1
4210,1059,1
4211,1057,-1
4212,1058,1
4213,1069,-1
4214,1079,0
4215,1080,0
4216,1087,1
4217,1095,1
4218,1096,1
4219,1084,0
4220,1077,-2
4221,1070,0
4222,1070,2
4223,1064,-1
4224,1058,-1
4225,1070,0
4226,1064,1
4227,1070,1
4228,1071,-1
4229,1082,1
4230,1090,-2
4231,1084,-2
4232,1089,-2
4233,1094,-1
4234,1079,1
4235,1076,-1
4236,1065,0
4237,1073,-1
4238,1073,-1
4239,1063,-1
4240,1073,-2
4241,1074,0
4242,1071,1
4243,1073,-1
4244,1083,0
4245,1085,1
4246,1085,-2
4247,1085,0
4248,1090,-2
4249,1087,-1
4250,1070,-1
4251,1078,1
4252,1071,-2
4253,1070,-2
4254,1070,-2
4255,1067,0
4256,1067,0
4257,1086,0
4258,1082,-1
4259,1080,1
4260,1082,-2
4261,1092,-2
4262,1088,0
4263,1085,-1
4264,1086,-1
4265,1086,0
4266,1075,0
4267,1061,-1
4268,1067,1
4269,1064,-2
4270,1058,-1
4271,1060,0
4272,1070,-1
4273,1082,-1
4274,1079,0
4275,1076,-1
4276,1081,-1
4277,1089,1
4278,1094,1
4279,1081,-1
4280,1080,1
4281,1088,-1
4282,1064,-2
4283,1056,-1
4284,1058,-1
4285,1055,0
4286,1062,-2
4287,1068,1
4288,1088,0
4289,1104,0
4290,1101,-2
4291,1095,-1
4292,1096,1
4293,1088,0
4294,1078,2
4295,1073,1
4296,1068,-1
4297,1067,-2
4298,1054,0
4299,1052,-1
4300,1067,-1
4301,1072,2
4302,1079,-1
4303,1096,0
4304,1101,-1
4305,1103,-1
4306,1094,-1
4307,1080,-1
4308,1076,0
4309,1068,-2
4310,1060,0
4311,1061,0
4312,1061,-1
4313,1070,-2
4314,1059,-1
4315,1068,0
4316,1082,-1
4317,1096,-2
4318,1095,1
4319,1095,0
4320,1088,1
4321,1093,-4
4322,1083,-2
4323,1067,1
4324,1058,-2
4325,1058,1
4326,1062,-1
4327,1061,1
4328,1066,-1
4329,1085,-2
4330,1085,-2
4331,1088,-2
4332,1087,-2
4333,1089,0
4334,1091,-2
4335,1085,0
4336,1085,0
4337,1087,-1
4338,1070,-2
4339,1056,2
4340,1050,-2
4341,1059,1
4342,1070,-1
4343,1073,0
4344,1083,-1
4345,1085,-1
4346,1092,-2
4347,1079,1
4348,1085,-1
4349,1096,-2
4350,1077,0
4351,1079,-2
4352,1070,-2
4353,1080,2
4354,1065,-2
4355,1062,1
4356,1064,1
4357,1073,1
4358,1077,0
4359,1074,-2
4360,1087,1
4361,1099,1
4362,1090,-2
4363,1082,0
4364,1078,0
4365,1091,0
4366,1088,-1
4367,1075,-2
4368,1080,0
4369,1079,0
4370,1071,1
4371,1061,-2
4372,1071,-1
4373,1071,-1
4374,1077,-2
4375,1082,1
4376,1087,-1
4377,1103,0
4378,1099,-2
4379,1085,-2
4380,1081,-1
4381,1084,0
4382,1069,0
4383,1064,1
4384,1073,-1
4385,1084,0
4386,1069,0
4387,1063,-1
4388,1070,-2
4389,1093,1
4390,1089,1
4391,1096,1
4392,1099,-1
4393,1108,1
4394,1082,0
4395,1078,1
4396,1061,-1
4397,1064,1
4398,1061,-1
4399,1069,0
4400,1076,1
4401,1080,0
4402,1083,-1
4403,1081,-2
4404,1087,-1
4405,1095,0
4406,1082,1
4407,1088,-1
4408,1087,0
4409,1082,-1
4410,1071,1
4411,1073,0
4412,1070,1
4413,1067,-2
4414,1070,2
4415,1077,-1
4416,1085,-1
4417,1095,-1
4418,1087,1
4419,1087,-2
4420,1085,1
4421,1077,-1
4422,1079,2
4423,1084,1
4424,1074,-1
4425,1085,-1
4426,1075,0
4427,1064,2
4428,1073,-1
4429,1085,-2
4430,1086,0
4431,1085,0
4432,1077,-1
4433,1094,-2
4434,1082,-2
4435,1079,-1
4436,1073,-1
4437,1085,1
4438,1072,1
4439,1086,-2
4440,1087,0
4441,1093,1
4442,1076,1
4443,1082,-1
4444,1075,1
4445,1086,1
4446,1080,-2
4447,1082,-1
4448,1088,1
4449,1090,0
4450,1078,1
4451,1081,-2
4452,1082,0
4453,1082,1
4454,1083,0
4455,1085,-2
4456,1083,1
4457,1085,0
4458,1078,0
4459,1067,1
4460,1066,1
4461,1071,-2
4462,1079,0
4463,1072,0
4464,1082,1
4465,1094,-1
4466,1093,-2
4467,1089,1
4468,1085,-2
4469,1093,-1
4470,1084,0
4471,1080,0
4472,1089,1
4473,1080,-1
4474,1072,4
4475,1065,-2
4476,1076,0
4477,1083,-1
4478,1093,-1
4479,1088,1
4480,1098,-2
4481,1103,-1
4482,1091,1
4483,1085,1
4484,1079,-1
4485,1077,-2
4486,1073,-1
4487,1073,-1
4488,1069,-2
4489,1075,1
4490,1082,-2
4491,1079,-2
4492,1088,-2
4493,1096,0
4494,1095,-1
4495,1103,0
4496,1095,-1
4497,1103,1
4498,1082,0
4499,1073,0
4500,1076,1
4501,1067,-1
4502,1076,-1
4503,1079,-2
4504,1085,-1
4505,1087,-1
4506,1090,-1
4507,1084,0
4508,1090,-1
4509,1098,-1
4510,1096,1
4511,1093,1
4512,1093,0
4513,1095,-2
4514,1075,1
4515,1070,1
4516,1077,-1
4517,1073,-2
4518,1067,3
4519,1079,-2
4520,1090,1
4521,1102,0
4522,1087,1
4523,1081,0
4524,1092,1
4525,1096,-2
4526,1102,0
4527,1093,-1
4528,1090,1
4529,1090,1
4530,1073,-1
4531,1070,1
4532,1067,-2
4533,1072,0
4534,1074,-2
4535,1079,0
4536,1089,-2
4537,1103,-1
4538,1085,1
4539,1084,-1
4540,1096,-1
4541,1106,0
4542,1093,-1
4543,1090,0
4544,1082,-2
4545,1082,0
4546,1070,0
4547,1060,-1
4548,1057,-2
4549,1077,-1
4550,1082,-2
4551,1085,-2
4552,1096,-2
4553,1111,0
4554,1109,0
4555,1091,-1
4556,1091,-2
4557,1084,-2
4558,1081,1
4559,1070,0
4560,1070,1
4561,1071,-2
4562,1064,0
4563,1067,1
4564,1083,0
4565,1095,-3
4566,1096,1
4567,1116,-2
4568,1103,-2
4569,1115,1
4570,1106,-2
4571,1092,1
4572,1065,-1
4573,1070,1
4574,1064,1
4575,1069,1
4576,1076,-2
4577,1087,1
4578,1086,1
4579,1090,0
4580,1096,1
4581,1117,-1
4582,1104,1
4583,1103,1
4584,1097,-1
4585,1091,-2
4586,1080,0
4587,1061,0
4588,1064,-1
4589,1057,0
4590,1068,-2
4591,1078,-2
4592,1086,0
4593,1098,-2
4594,1100,-1
4595,1108,-1
4596,1098,-2
4597,1093,1
4598,1097,0
4599,1092,0
4600,1092,2
4601,1082,-2
4602,1067,-2
4603,1063,-1
4604,1073,-2
4605,1080,1
4606,1085,-2
4607,1090,0
4608,1094,1
4609,1111,1
4610,1096,1
4611,1090,0
4612,1087,0
4613,1087,1
4614,1083,0
4615,1081,1
4616,1073,-1
4617,1086,0
4618,1083,-1
4619,1073,-2
4620,1076,-1
4621,1079,0
4622,1099,1
4623,1096,-2
4624,1092,-2
4625,1105,-1
4626,1094,-2
4627,1085,-2
4628,1086,-2
4629,1086,1
4630,1076,-1
4631,1077,1
4632,1090,0
4633,1090,-2
4634,1076,0
4635,1070,-1
4636,1079,-2
4637,1087,0
4638,1091,0
4639,1096,-1
4640,1097,0
4641,1108,-1
4642,1093,-2
4643,1089,-3
4644,1089,-2
4645,1082,-1
4646,1082,-1
4647,1076,-2
4648,1077,0
4649,1082,-2
4650,1070,1
4651,1079,1
4652,1079,-1
4653,1102,0
4654,1104,-2
4655,1107,1
4656,1112,0
4657,1102,-2
4658,1086,-1
4659,1072,1
4660,1069,2
4661,1068,0
4662,1071,1
4663,1077,-1
4664,1086,-1
4665,1093,0
4666,1084,-1
4667,1093,-2
4668,1090,1
4669,1102,-2
4670,1096,-1
4671,1099,-1
4672,1096,-1
4673,1090,0
4674,1073,-1
4675,1076,-1
4676,1076,-1
4677,1084,-1
4678,1079,-2
4679,1079,0
4680,1098,0
4681,1104,0
4682,1102,0
4683,1093,-2
4684,1091,-1
4685,1091,-2
4686,1090,-1
4687,1091,-2
4688,1090,1
4689,1083,1
4690,1077,2
4691,1079,1
4692,1074,-2
4693,1092,0
4694,1086,0
4695,1092,0
4696,1104,1
4697,1097,1
4698,1093,0
4699,1078,-1
4700,1090,1
4701,1091,1
4702,1088,-4
4703,1087,-1
4704,1091,0
4705,1098,-1
4706,1089,0
4707,1073,-1
4708,1083,-1
4709,1085,-1
4710,1082,0
4711,1093,-2
4712,1099,1
4713,1099,1
4714,1090,-2
4715,1080,-1
4716,1086,0
4717,1102,0
4718,1085,1
4719,1081,-1
4720,1093,-2
4721,1091,-1
4722,1082,-2
4723,1069,-2
4724,1082,0
4725,1085,-2
4726,1085,-1
4727,1089,-2
4728,1099,1
4729,1107,0
4730,1103,0
4731,1093,0
4732,1088,-1
4733,1088,1
4734,1088,0
4735,1081,-3
4736,1081,0
4737,1078,-2
4738,1073,1
4739,1071,1
4740,1079,2
4741,1093,1
4742,1100,0
4743,1102,1
4744,1108,-2
4745,1110,1
4746,1096,-3
4747,1076,-3
4748,1075,-1
4749,1076,-2
4750,1075,0
4751,1070,0
4752,1084,-1
4753,1086,-2
4754,1083,0
4755,1093,-1
4756,1097,0
4757,1110,1
4758,1102,1
4759,1105,1
4760,1108,-2
4761,1095,0
4762,1082,-2
4763,1078,-2
4764,1070,-2
4765,1071,-1
4766,1081,-1
4767,1076,-2
4768,1095,1
4769,1109,-1
4770,1104,-1
4771,1099,-2
4772,1107,-1
4773,1093,1
4774,1093,0
4775,1093,-1
4776,1093,-1
4777,1082,-1
4778,1074,-1
4779,1064,-1
4780,1082,-2
4781,1086,-2
4782,1085,-1
4783,1103,-1
4784,1109,1
4785,1107,1
4786,1105,-2
4787,1091,1
4788,1093,1
4789,1095,-2
4790,1094,0
4791,1079,-1
4792,1095,-1
4793,1094,1
4794,1087,-2
4795,1085,1
4796,1083,-2
4797,1089,-2
4798,1095,0
4799,1090,-1
4800,1096,-2
4801,1102,1
4802,1099,-1
4803,1080,-1
4804,1088,1
4805,1088,-1
4806,1082,0
4807,1082,-2
4808,1086,0
4809,1093,0
4810,1096,1
4811,1073,-3
4812,1086,-1
4813,1095,0
4814,1093,-2
4815,1105,-2
4816,1105,-1
4817,1108,1
4818,1104,1
4819,1082,-2
4820,1091,-2
4821,1096,0
4822,1090,-2
4823,1082,-2
4824,1090,-3
4825,1088,-1
4826,1083,1
4827,1085,-1
4828,1100,-2
4829,1103,-2
4830,1107,-1
4831,1103,-2
4832,1113,-2
4833,1105,-2
4834,1097,-1
4835,1084,-1
4836,1070,1
4837,1085,0
4838,1078,0
4839,1081,-2
4840,1091,-1
4841,1096,-2
4842,1090,-1
4843,1107,-1
4844,1102,-1
4845,1107,0
4846,1099,0
4847,1105,-2
4848,1108,1
4849,1104,-1
4850,1081,0
4851,1070,0
4852,1074,1
4853,1082,-2
4854,1087,1
4855,1088,-1
4856,1108,-1
4857,1099,1
4858,1103,0
4859,1103,0
4860,1098,0
4861,1099,1
4862,1096,-1
4863,1088,-2
4864,1099,-3
4865,1082,-1
4866,1087,-2
4867,1070,-1
4868,1082,0
4869,1087,-1
4870,1094,-2
4871,1095,0
4872,1114,-2
4873,1098,1
4874,1096,-1
4875,1090,-1
4876,1094,-1
4877,1088,1
4878,1089,1
4879,1095,1
4880,1099,-1
4881,1094,0
4882,1085,-1
4883,1082,-2
4884,1090,-1
4885,1097,-2
4886,1098,-2
4887,1102,-1
4888,1103,-1
4889,1096,-1
4890,1096,0
4891,1090,1
4892,1089,1
4893,1097,0
4894,1098,-2
4895,1088,-2
4896,1097,1
4897,1096,0
4898,1090,-2
4899,1080,1
4900,1082,-1
4901,1093,0
4902,1098,-1
4903,1099,-1
4904,1105,-2
4905,1104,-1
4906,1102,0
4907,1088,-1
4908,1093,0
4909,1093,1
4910,1088,1
4911,1076,-2
4912,1085,1
4913,1083,2
4914,1083,0
4915,1079,1
4916,1090,0
4917,1098,-1
4918,1106,0
4919,1109,0
4920,1120,0
4921,1115,-1
4922,1109,0
4923,1096,1
4924,1082,-1
4925,1076,0
4926,1086,-2
4927,1084,3
4928,1082,-2
4929,1093,-1
4930,1095,1
4931,1091,-1
4932,1108,0
4933,1114,2
4934,1109,1
4935,1111,1
4936,1105,-2
4937,1093,-2
4938,1085,0
4939,1076,2
4940,1081,-1
4941,1075,-1
4942,1077,0
4943,1088,1
4944,1114,0
4945,1108,0
4946,1106,-2
4947,1099,1
4948,1105,2
4949,1118,-2
4950,1097,1
4951,1088,1
4952,1099,-1
4953,1085,1
4954,1085,0
4955,1075,-2
4956,1096,-2
4957,1086,1
4958,1101,0
4959,1097,-2
4960,1102,0
4961,1106,-1
4962,1100,1
4963,1093,-1
4964,1101,1
4965,1098,-1
4966,1085,-1
4967,1088,0
4968,1091,0
4969,1092,0
4970,1084,0
4971,1076,-1
4972,1083,1
4973,1095,0
4974,1100,0
4975,1099,-1
4976,1114,0
4977,1106,-2
4978,1110,-1
4979,1093,1
4980,1087,1
4981,1101,-1
4982,1081,-2
4983,1076,-1
4984,1086,-1
4985,1093,1
4986,1085,-2
4987,1080,2
4988,1083,0
4989,1095,0
4990,1104,0
4991,1113,-2
4992,1117,-1
4993,1108,0
4994,1099,-1
4995,1092,1
4996,1094,0
4997,1090,-2
4998,1087,0
4999,1084,-1
5000,1088,-2
5001,1085,-2
5002,1085,-2
5003,1090,-1
5004,1101,2
5005,1107,0
5006,1111,0
5007,1104,-2
5008,1124,1
5009,1105,-1
5010,1092,-2
5011,1083,-1
5012,1079,1
5013,1074,0
5014,1071,-1
5015,1084,0
5016,1099,0
5017,1099,1
5018,1111,-2
5019,1103,-2
5020,1117,0
5021,1119,-2
5022,1114,-1
5023,1105,-2
5024,1106,-1
5025,1080,-1
5026,1085,-2
5027,1079,-1
5028,1080,1
5029,1085,0
5030,1087,1
5031,1099,1
5032,1118,0
5033,1112,-2
5034,1118,-2
5035,1113,0
5036,1106,1
5037,1105,0
5038,1100,1
5039,1086,1
5040,1088,-2
5041,1082,-2
5042,1080,0
5043,1079,1
5044,1085,0
5045,1102,-2
5046,1103,1
5047,1108,1
5048,1126,-1
5049,1113,-1
5050,1097,-1
5051,1099,-1
5052,1092,-1
5053,1098,-2
5054,1092,0
5055,1087,0
5056,1096,-1
5057,1087,-3
5058,1096,-1
5059,1093,-2
5060,1090,-1
5061,1105,-2
5062,1114,0
5063,1104,2
5064,1114,0
5065,1105,-1
5066,1103,-1
5067,1088,1
5068,1089,1
5069,1097,0
5070,1089,-2
5071,1090,1
5072,1096,0
5073,1095,-1
5074,1088,0
5075,1095,0
5076,1099,-1
5077,1105,1
5078,1102,-2
5079,1103,-1
5080,1111,-1
5081,1115,1
5082,1105,1
5083,1082,1
5084,1089,-1
5085,1089,0
5086,1089,3
5087,1091,-2
5088,1096,0
5089,1099,0
5090,1101,-1
5091,1091,-1
5092,1094,-1
5093,1111,1
5094,1114,-1
5095,1105,-2
5096,1119,1
5097,1105,-2
5098,1102,-1
5099,1080,-1
5100,1083,0
5101,1079,-1
5102,1085,-1
5103,1091,-1
5104,1101,-2
5105,1088,-1
5106,1100,0
5107,1095,-2
5108,1104,1
5109,1113,-1
5110,1111,-2
5111,1108,1
5112,1107,0
5113,1088,-2
5114,1094,0
5115,1074,-2
5116,1085,1
5117,1093,0
5118,1096,-2
5119,1102,1
5120,1117,1
5121,1109,-2
5122,1111,0
5123,1104,1
5124,1106,-1
5125,1108,1
5126,1094,-2
5127,1096,0
5128,1096,0
5129,1096,-2
5130,1081,-1
5131,1087,-2
5132,1087,-1
5133,1099,1
5134,1112,0
5135,1105,0
5136,1113,-2
5137,1104,-2
5138,1105,-1
5139,1090,-1
5140,1102,0
5141,1102,-2
5142,1085,-1
5143,1092,-1
5144,1111,1
5145,1093,-1
5146,1097,0
5147,1087,-1
5148,1104,0
5149,1109,0
5150,1099,-2
5151,1108,0
5152,1108,0
5153,1108,-2
5154,1089,0
5155,1093,-2
5156,1102,-2
5157,1110,-2
5158,1098,1
5159,1090,1
5160,1117,0
5161,1099,-1
5162,1099,1
5163,1085,0
5164,1099,-2
5165,1096,0
5166,1108,-1
5167,1090,1
5168,1111,1
5169,1110,0
5170,1113,-1
5171,1099,0
5172,1093,0
5173,1103,-2
5174,1099,1
5175,1093,-2
5176,1100,1
5177,1096,-2
5178,1096,-2
5179,1086,-1
5180,1100,1
5181,1108,0
5182,1107,-2
5183,1110,0
5184,1120,-1
5185,1108,-2
5186,1103,-1
5187,1090,-1
5188,1087,1
5189,1088,1
5190,1082,1
5191,1088,0
5192,1107,1
5193,1111,-2
5194,1105,-1
5195,1105,-2
5196,1108,0
5197,1126,0
5198,1112,1
5199,1116,-2
5200,1112,1
5201,1100,1
5202,1088,0
5203,1078,-3
5204,1087,-2
5205,1082,-1
5206,1085,-1
5207,1097,0
5208,1109,-1
5209,1113,0
5210,1112,-2
5211,1111,0
5212,1115,-2
5213,1108,0
5214,1102,0
5215,1090,-2
5216,1103,-2
5217,1095,-1
5218,1090,1
5219,1085,-2
5220,1088,-2
5221,1098,1
5222,1109,1
5223,1105,-1
5224,1123,0
5225,1111,-2
5226,1112,-2
5227,1105,1
5228,1104,1
5229,1099,-1
5230,1099,0
5231,1094,0
5232,1107,0
5233,1096,-2
5234,1095,1
5235,1089,1
5236,1093,-1
5237,1105,0
5238,1103,-1
5239,1108,-1
5240,1120,-2
5241,1115,0
5242,1111,-1
5243,1101,-2
5244,1102,-2
5245,1098,-2
5246,1098,-2
5247,1098,-1
5248,1108,-1
5249,1089,-2
5250,1100,0
5251,1093,-2
5252,1103,0
5253,1113,-1
5254,1113,1
5255,1114,2
5256,1120,-1
5257,1122,0
5258,1102,0
5259,1099,-1
5260,1092,-2
5261,1094,1
5262,1095,3
5263,1092,1
5264,1100,-2
5265,1094,1
5266,1099,2
5267,1104,-2
5268,1108,-3
5269,1113,0
5270,1125,1
5271,1117,1
5272,1130,0
5273,1112,0
5274,1100,1
5275,1084,-1
5276,1088,0
5277,1089,-2
5278,1094,0
5279,1091,1
5280,1111,0
5281,1115,0
5282,1120,0
5283,1114,1
5284,1117,-1
5285,1126,-2
5286,1113,1
5287,1108,0
5288,1111,-1
5289,1099,-1
5290,1093,1
5291,1079,1
5292,1083,-2
5293,1096,-1
5294,1103,0
5295,1113,-2
5296,1134,-1
5297,1120,-1
5298,1120,0
5299,1117,-1
5300,1106,0
5301,1118,-1
5302,1102,1
5303,1092,1
5304,1105,1
5305,1084,0
5306,1086,1
5307,1096,-1
5308,1093,-2
5309,1111,-1
5310,1114,-2
5311,1116,1
5312,1135,-2
5313,1117,0
5314,1108,0
5315,1099,-2
5316,1098,1
5317,1103,0
5318,1086,0
5319,1090,0
5320,1103,-1
5321,1095,-2
5322,1099,-1
5323,1108,-1
5324,1111,-1
5325,1122,0
5326,1116,-1
5327,1119,0
5328,1127,-1
5329,1112,-1
5330,1108,-2
5331,1099,-1
5332,1099,-2
5333,1099,-1
5334,1096,-1
5335,1104,-1
5336,1108,1
5337,1099,0
5338,1109,-2
5339,1107,0
5340,1108,-1
5341,1111,0
5342,1111,-2
5343,1113,1
5344,1129,-2
5345,1114,-1
5346,1102,0
5347,1095,-2
5348,1099,0
5349,1102,-2
5350,1101,0
5351,1094,-2
5352,1110,0
5353,1107,0
5354,1103,-2
5355,1106,1
5356,1112,1
5357,1120,0
5358,1120,1
5359,1112,-1
5360,1111,-2
5361,1105,-1
5362,1101,-2
5363,1093,-1
5364,1086,0
5365,1099,0
5366,1092,-1
5367,1097,-2
5368,1120,1
5369,1119,-1
5370,1121,1
5371,1115,0
5372,1120,1
5373,1108,-1
5374,1112,-1
5375,1105,0
5376,1105,0
5377,1092,-1
5378,1090,0
5379,1083,-3
5380,1084,0
5381,1098,-2
5382,1108,-1
5383,1114,1
5384,1132,-2
5385,1121,-2
5386,1114,-2
5387,1110,0
5388,1115,-2
5389,1109,-1
5390,1095,-2
5391,1089,-3
5392,1114,-1
5393,1096,-2
5394,1102,1
5395,1096,0
5396,1101,1
5397,1112,-1
5398,1114,-1
5399,1116,-2
5400,1142,-1
5401,1116,2
5402,1108,-1
5403,1102,1
5404,1102,1
5405,1099,1
5406,1095,0
5407,1097,0
5408,1108,1
5409,1097,0
5410,1099,0
5411,1096,-1
5412,1105,1
5413,1114,-2
5414,1116,0
5415,1107,1
5416,1124,-2
5417,1110,-2
5418,1105,-1
5419,1095,-2
5420,1098,-2
5421,1098,1
5422,1100,1
5423,1101,-2
5424,1123,0
5425,1114,-2
5426,1104,0
5427,1110,-1
5428,1106,0
5429,1114,-2
5430,1109,-1
5431,1110,0
5432,1122,-2
5433,1110,-2
5434,1110,-1
5435,1105,2
5436,1098,-1
5437,1104,0
5438,1114,-1
5439,1096,-1
5440,1114,-2
5441,1101,-1
5442,1103,1
5443,1115,1
5444,1110,0
5445,1114,-2
5446,1125,0
5447,1117,-3
5448,1120,-2
5449,1111,-1
5450,1103,-2
5451,1093,-1
5452,1090,-2
5453,1099,-2
5454,1093,1
5455,1100,1
5456,1126,-4
5457,1116,1
5458,1119,0
5459,1115,1
5460,1123,1
5461,1117,0
5462,1113,-1
5463,1107,1
5464,1108,-1
5465,1099,1
5466,1093,-1
5467,1093,-2
5468,1083,0
5469,1104,-2
5470,1116,1
5471,1114,0
5472,1127,-1
5473,1125,1
5474,1123,-5
5475,1117,-2
5476,1114,0
5477,1112,-2
5478,1101,0
5479,1093,-1
5480,1113,1
5481,1094,0
5482,1102,-2
5483,1098,-1
5484,1108,-2
5485,1117,0
5486,1124,-1
5487,1115,1
5488,1135,-2
5489,1128,1
5490,1111,-1
5491,1104,0
5492,1095,0
5493,1095,-1
5494,1099,0
5495,1094,-2
5496,1107,-1
5497,1106,-1
5498,1106,-1
5499,1102,0
5500,1113,-2
5501,1128,0
5502,1112,-2
5503,1111,-2
5504,1119,0
5505,1111,-2
5506,1103,0
5507,1099,0
5508,1092,0
5509,1096,0
5510,1101,-1
5511,1106,-1
5512,1112,-1
5513,1106,-1
5514,1108,1
5515,1111,-2
5516,1117,1
5517,1116,1
5518,1111,0
5519,1110,-2
5520,1128,-1
5521,1105,0
5522,1105,1
5523,1104,-2
5524,1105,-2
5525,1105,0
5526,1100,-1
5527,1103,1
5528,1112,-1
5529,1119,-1
5530,1115,0
5531,1105,1
5532,1099,-1
5533,1120,1
5534,1116,1
5535,1119,-2
5536,1125,0
5537,1103,-1
5538,1098,1
5539,1096,0
5540,1090,0
5541,1097,2
5542,1098,2
5543,1103,1
5544,1122,1
5545,1120,0
5546,1117,1
5547,1117,-1
5548,1120,-1
5549,1124,0
5550,1123,1
5551,1104,-2
5552,1114,-1
5553,1101,-1
5554,1100,1
5555,1088,0
5556,1100,-1
5557,1101,-2
5558,1112,-1
5559,1122,-1
5560,1126,-2
5561,1126,-2
5562,1122,-2
5563,1123,0
5564,1108,1
5565,1112,0
5566,1105,1
5567,1088,-2
5568,1117,-2
5569,1088,1
5570,1097,-1
5571,1091,-2
5572,1100,1
5573,1111,1
5574,1123,-1
5575,1115,1
5576,1132,-2
5577,1123,1
5578,1119,0
5579,1110,1
5580,1105,0
5581,1106,-2
5582,1099,1
5583,1095,-2
5584,1112,0
5585,1101,0
5586,1108,-2
5587,1108,1
5588,1113,0
5589,1117,0
5590,1119,0
5591,1119,-2
5592,1129,-1
5593,1112,1
5594,1109,-1
5595,1103,0
5596,1105,0
5597,1099,-2
5598,1100,-1
5599,1108,-2
5600,1111,0
5601,1108,1
5602,1107,-1
5603,1110,-1
5604,1111,-1
5605,1120,0
5606,1120,1
5607,1114,2
5608,1123,-1
5609,1121,-2
5610,1111,-1
5611,1102,1
5612,1102,-1
5613,1110,0
5614,1097,0
5615,1097,-1
5616,1107,0
5617,1105,1
5618,1114,1
5619,1111,-2
5620,1112,0
5621,1123,-2
5622,1121,-2
5623,1124,-2
5624,1126,-2
5625,1119,0
5626,1108,-1
5627,1099,0
5628,1099,1
5629,1099,-2
5630,1099,1
5631,1102,0
5632,1112,-1
5633,1120,-1
5634,1120,-1
5635,1116,0
5636,1119,-1
5637,1132,1
5638,1117,2
5639,1109,-2
5640,1121,1
5641,1102,1
5642,1094,0
5643,1090,-1
5644,1096,1
5645,1108,0
5646,1113,0
5647,1120,-2
5648,1129,1
5649,1129,1
5650,1119,0
5651,1118,-1
5652,1112,-2
5653,1108,-2
5654,1103,-1
5655,1088,0
5656,1101,0
5657,1101,1
5658,1090,1
5659,1103,-1
5660,1111,-2
5661,1126,1
5662,1131,-1
5663,1127,1
5664,1141,-1
5665,1119,-1
5666,1117,-2
5667,1106,1
5668,1098,0
5669,1096,-1
5670,1096,-2
5671,1094,0
5672,1111,0
5673,1108,-1
5674,1104,1
5675,1115,-1
5676,1123,0
5677,1129,0
5678,1124,0
5679,1120,-1
5680,1123,0
5681,1113,-1
5682,1098,-2
5683,1094,0
5684,1093,1
5685,1104,0
5686,1096,0
5687,1104,0
5688,1114,0
5689,1116,0
5690,1108,0
5691,1114,-2
5692,1120,-2
5693,1119,-1
5694,1117,0
5695,1117,1
5696,1121,-1
5697,1108,0
5698,1102,1
5699,1096,0
5700,1105,1
5701,1098,0
5702,1107,-2
5703,1105,0
5704,1125,-2
5705,1121,2
5706,1117,1
5707,1111,0
5708,1122,-2
5709,1129,-1
5710,1117,-2
5711,1112,0
5712,1120,1
5713,1105,-2
5714,1097,1
5715,1101,-1
5716,1095,-2
5717,1111,-2
5718,1109,-2
5719,1106,-2
5720,1130,1
5721,1132,0
5722,1122,0
5723,1117,-3
5724,1117,-2
5725,1123,1
5726,1126,0
5727,1108,0
5728,1107,1
5729,1096,0
5730,1094,-2
5731,1097,1
5732,1108,0
5733,1118,1
5734,1123,-2
5735,1126,1
5736,1142,-1
5737,1132,0
5738,1118,-1
5739,1118,1
5740,1113,0
5741,1105,-1
5742,1103,0
5743,1100,-1
5744,1119,-1
5745,1105,-1
5746,1099,-2
5747,1105,-2
5748,1119,0
5749,1128,-2
5750,1123,2
5751,1133,0
5752,1131,-1
5753,1132,-2
5754,1109,-2
5755,1108,-2
5756,1091,0
5757,1096,0
5758,1102,0
5759,1105,-1
5760,1120,-1
5761,1119,-2
5762,1118,0
5763,1134,-2
5764,1114,0
5765,1124,1
5766,1121,-1
5767,1114,-1
5768,1117,1
5769,1114,1
5770,1090,1
5771,1088,0
5772,1102,-1
5773,1111,1
5774,1114,1
5775,1102,1
5776,1129,0
5777,1129,1
5778,1116,-2
5779,1123,-1
5780,1123,-1
5781,1117,0
5782,1112,-2
5783,1121,-2
5784,1126,-1
5785,1114,1
5786,1104,-1
5787,1105,0
5788,1113,1
5789,1115,-1
5790,1117,-2
5791,1126,-2
5792,1138,-2
5793,1127,0
5794,1111,0
5795,1118,-1
5796,1126,0
5797,1127,0
5798,1124,0
5799,1123,1
5800,1126,-2
5801,1122,1
5802,1108,0
5803,1103,-1
5804,1110,-2
5805,1114,-2
5806,1108,-1
5807,1117,1
5808,1128,0
5809,1122,-1
5810,1118,0
5811,1117,-1
5812,1122,-1
5813,1116,0
5814,1116,-2
5815,1117,0
5816,1117,0
5817,1104,-2
5818,1096,1
5819,1093,1
5820,1112,-1
5821,1120,0
5822,1122,-2
5823,1124,1
5824,1134,-2
5825,1135,0
5826,1121,1
5827,1121,1
5828,1118,1
5829,1114,-1
5830,1104,0
5831,1104,1
5832,1116,-2
5833,1111,0
5834,1100,-2
5835,1111,-1
5836,1117,-2
5837,1131,-1
5838,1138,-2
5839,1132,-1
5840,1134,0
5841,1126,0
5842,1114,-1
5843,1108,-2
5844,1108,0
5845,1111,1
5846,1106,0
5847,1112,2
5848,1116,1
5849,1114,-1
5850,1109,-2
5851,1123,1
5852,1124,-1
5853,1137,1
5854,1132,1
5855,1129,2
5856,1129,0
5857,1117,0
5858,1097,1
5859,1105,0
5860,1107,-1
5861,1110,1
5862,1108,1
5863,1113,1
5864,1126,-2
5865,1127,-2
5866,1116,-1
5867,1126,-1
5868,1123,-2
5869,1129,1
5870,1123,-2
5871,1123,-1
5872,1122,0
5873,1119,0
5874,1111,-2
5875,1108,0
5876,1109,-1
5877,1111,-1
5878,1113,1
5879,1120,0
5880,1124,-1
5881,1126,0
5882,1114,-1
5883,1124,-1
5884,1131,-1
5885,1126,0
5886,1124,2
5887,1120,0
5888,1126,0
5889,1121,1
5890,1102,-2
5891,1116,-2
5892,1098,-2
5893,1115,-2
5894,1114,-1
5895,1119,1
5896,1136,0
5897,1134,1
5898,1128,0
5899,1119,-2
5900,1136,-1
5901,1126,0
5902,1118,-2
5903,1109,0
5904,1120,-2
5905,1116,-2
5906,1093,0
5907,1102,0
5908,1117,-1
5909,1123,-3
5910,1136,0
5911,1129,0
5912,1148,-2
5913,1135,0
5914,1129,2
5915,1122,-2
5916,1115,1
5917,1108,0
5918,1104,-2
5919,1111,1
5920,1111,-1
5921,1104,-2
5922,1104,-2
5923,1108,-1
5924,1129,-2
5925,1133,3
5926,1138,-1
5927,1135,-2
5928,1138,2
5929,1135,1
5930,1107,1
5931,1109,1
5932,1114,-1
5933,1109,1
5934,1105,0
5935,1106,-1
5936,1123,0
5937,1125,3
5938,1112,1
5939,1129,0
5940,1137,-1
5941,1138,-1
5942,1135,0
5943,1134,1
5944,1129,0
5945,1113,0
5946,1102,1
5947,1102,-2
5948,1109,0
5949,1120,-1
5950,1113,1
5951,1121,-3
5952,1129,-1
5953,1127,-1
5954,1126,-2
5955,1126,1
5956,1130,-1
5957,1133,1
5958,1119,1
5959,1121,0
5960,1121,-2
5961,1122,0
5962,1102,-2
5963,1114,-1
5964,1114,1
5965,1124,0
5966,1116,-1
5967,1119,1
5968,1132,1
5969,1117,1
5970,1113,0
5971,1124,1
5972,1132,-2
5973,1123,1
5974,1116,-2
5975,1113,-1
5976,1126,-1
5977,1117,0
5978,1111,-2
5979,1100,-2
5980,1108,-2
5981,1119,0
5982,1121,-2
5983,1120,-2
5984,1132,-1
5985,1131,-3
5986,1126,-1
5987,1132,1
5988,1133,0
5989,1125,1
5990,1118,1
5991,1120,-1
5992,1126,-1
5993,1114,0
5994,1097,-2
5995,1104,-1
5996,1118,1
5997,1124,-2
5998,1126,1
5999,1135,-1
6000,1145,0
6001,1143,0
6002,1131,1
6003,1120,0
6004,1118,0
6005,1120,0
6006,1106,0
6007,1102,0
6008,1111,0
6009,1111,-2
6010,1111,-1
6011,1121,-2
6012,1132,0
6013,1133,0
6014,1138,-2
6015,1146,-3
6016,1150,1
6017,1129,-1
6018,1113,1
6019,1117,-2
6020,1106,-1
6021,1107,-1
6022,1110,-1
6023,1114,1
6024,1123,0
6025,1126,0
6026,1129,0
6027,1134,-3
6028,1140,-1
6029,1139,-1
6030,1135,-2
6031,1133,-2
6032,1126,-1
6033,1115,0
6034,1101,-2
6035,1111,-1
6036,1107,-2
6037,1108,-1
6038,1119,3
6039,1126,-2
6040,1132,0
6041,1138,1
6042,1116,0
6043,1119,0
6044,1136,-2
6045,1132,0
6046,1125,1
6047,1122,1
6048,1120,-1
6049,1117,-1
6050,1108,-1
6051,1112,-1
6052,1116,1
6053,1122,-2
6054,1124,-1
6055,1121,-3
6056,1133,-2
6057,1138,0
6058,1118,-2
6059,1123,-2
6060,1132,1
6061,1125,0
6062,1122,-2
6063,1126,1
6064,1130,-1
6065,1117,-1
6066,1106,0
6067,1104,1
6068,1114,-2
6069,1126,0
6070,1125,-1
6071,1132,1
6072,1144,-1
6073,1138,0
6074,1125,1
6075,1129,2
6076,1134,-1
6077,1124,-1
6078,1116,1
6079,1119,-2
6080,1115,-2
6081,1105,0
6082,1105,1
6083,1110,2
6084,1126,0
6085,1132,0
6086,1139,1
6087,1141,0
6088,1151,-1
6089,1148,1
6090,1128,1
6091,1119,3
6092,1117,-1
6093,1109,0
6094,1103,-1
6095,1108,-1
6096,1116,1
6097,1111,0
6098,1107,-1
6099,1120,-1
6100,1144,-2
6101,1137,1
6102,1139,-2
6103,1138,0
6104,1135,0
6105,1123,0
6106,1108,-1
6107,1105,1
6108,1106,-3
6109,1111,-2
6110,1109,-1
6111,1118,-2
6112,1134,-1
6113,1137,1
6114,1137,0
6115,1132,0
6116,1133,-1
6117,1134,0
6118,1127,0
6119,1130,1
6120,1126,-1
6121,1114,2
6122,1097,-1
6123,1104,-2
6124,1120,-1
6125,1121,-1
6126,1124,-2
6127,1131,-2
6128,1141,0
6129,1140,-1
6130,1135,1
6131,1127,-2
6132,1129,1
6133,1120,-1
6134,1116,-2
6135,1116,-1
6136,1121,-3
6137,1123,0
6138,1110,0
6139,1114,1
6140,1123,-1
6141,1126,-1
6142,1130,-1
6143,1132,-1
6144,1141,0
6145,1130,-1
6146,1120,0
6147,1122,-1
6148,1127,-2
6149,1120,-2
6150,1123,-1
6151,1115,-2
6152,1124,0
6153,1123,1
6154,1116,-2
6155,1116,-2
6156,1128,0
6157,1125,-1
6158,1136,0
6159,1126,0
6160,1132,1
6161,1135,-1
6162,1121,-1
6163,1128,1
6164,1132,1
6165,1129,0
6166,1114,1
6167,1123,0
6168,1119,-1
6169,1118,-2
6170,1101,1
6171,1119,0
6172,1128,-1
6173,1122,-2
6174,1134,-2
6175,1140,-2
6176,1144,1
6177,1141,0
6178,1121,-2
6179,1132,1
6180,1117,-1
6181,1115,0
6182,1119,-1
6183,1112,0
6184,1114,0
6185,1118,1
6186,1117,1
6187,1125,1
6188,1145,1
6189,1138,-2
6190,1138,1
6191,1135,-2
6192,1138,1
6193,1122,-1
6194,1115,-2
6195,1114,-1
6196,1117,0
6197,1111,0
6198,1119,0
6199,1116,-1
6200,1137,-2
6201,1125,1
6202,1126,-2
6203,1142,-1
6204,1143,1
6205,1140,0
6206,1135,-1
6207,1129,1
6208,1130,0
6209,1129,-2
6210,1108,1
6211,1111,1
6212,1115,-1
6213,1125,-2
6214,1117,-1
6215,1130,0
6216,1137,-2
6217,1130,1
6218,1121,0
6219,1125,-1
6220,1130,-1
6221,1131,1
6222,1127,-1
6223,1118,0
6224,1132,-2
6225,1126,-2
6226,1120,1
6227,1120,0
6228,1118,-1
6229,1126,-2
6230,1123,0
6231,1134,-2
6232,1136,-1
6233,1132,-2
6234,1131,-2
6235,1127,0
6236,1131,0
6237,1128,0
6238,1127,-1
6239,1131,0
6240,1132,-2
6241,1132,-2
6242,1113,0
6243,1121,0
6244,1123,-1
6245,1124,-1
6246,1125,0
6247,1132,0
6248,1141,1
6249,1140,-2
6250,1132,3
6251,1132,-2
6252,1132,0
6253,1133,0
6254,1128,-1
6255,1128,-1
6256,1131,1
6257,1119,-1
6258,1106,-1
6259,1128,-2
6260,1133,-1
6261,1137,0
6262,1138,-1
6263,1144,-1
6264,1155,-1
6265,1145,-1
6266,1138,0
6267,1132,-1
6268,1135,-1
6269,1122,0
6270,1120,-2
6271,1126,-1
6272,1121,-2
6273,1121,1
6274,1119,0
6275,1126,-1
6276,1139,0
6277,1141,-2
6278,1153,-1
6279,1143,0
6280,1150,-2
6281,1130,1
6282,1116,0
6283,1112,-1
6284,1108,-2
6285,1121,-1
6286,1111,1
6287,1113,-2
6288,1135,1
6289,1135,-1
6290,1132,0
6291,1144,0
6292,1149,-1
6293,1141,-1
6294,1140,-2
6295,1133,-1
6296,1126,-1
6297,1119,1
6298,1108,0
6299,1111,-1
6300,1113,-1
6301,1123,-1
6302,1124,0
6303,1147,1
6304,1151,-2
6305,1143,1
6306,1137,-1
6307,1144,0
6308,1143,-1
6309,1139,-2
6310,1137,1
6311,1124,-2
6312,1130,1
6313,1125,1
6314,1123,0
6315,1123,-1
6316,1126,-1
6317,1129,1
6318,1134,-1
6319,1138,-2
6320,1141,1
6321,1144,0
6322,1131,0
6323,1139,1
6324,1135,-1
6325,1133,1
6326,1127,-2
6327,1122,0
6328,1128,1
6329,1125,-2
6330,1114,0
6331,1122,-2
6332,1132,1
6333,1140,-1
6334,1129,1
6335,1135,1
6336,1156,-1
6337,1143,-4
6338,1135,-1
6339,1129,1
6340,1135,-1
6341,1129,0
6342,1117,0
6343,1120,-2
6344,1125,0
6345,1125,0
6346,1126,-2
6347,1134,-1
6348,1139,1
6349,1137,1
6350,1148,-2
6351,1147,-1
6352,1158,1
6353,1142,-1
6354,1127,0
6355,1126,0
6356,1120,-1
6357,1111,-1
6358,1115,0
6359,1117,1
6360,1134,-2
6361,1135,-1
6362,1126,1
6363,1141,-1
6364,1156,-1
6365,1144,0
6366,1154,-2
6367,1148,0
6368,1150,-2
6369,1132,-2
6370,1111,1
6371,1104,1
6372,1113,0
6373,1112,-2
6374,1119,-1
6375,1136,-1
6376,1147,1
6377,1149,1
6378,1140,-2
6379,1151,1
6380,1155,1
6381,1149,1
6382,1132,0
6383,1120,-1
6384,1124,1
6385,1120,0
6386,1112,0
6387,1111,1
6388,1120,0
6389,1120,0
6390,1135,-2
6391,1142,-1
6392,1155,0
6393,1147,0
6394,1146,-2
6395,1135,-1
6396,1139,-2
6397,1135,1
6398,1123,-1
6399,1114,-2
6400,1123,-1
6401,1119,-1
6402,1117,-2
6403,1128,0
6404,1138,1
6405,1149,1
6406,1147,0
6407,1147,-1
6408,1153,-2
6409,1142,0
6410,1129,0
6411,1133,-1
6412,1140,-3
6413,1119,0
6414,1117,-2
6415,1127,1
6416,1136,-1
6417,1125,0
6418,1124,0
6419,1138,0
6420,1137,0
6421,1151,-1
6422,1142,-1
6423,1141,0
6424,1149,1
6425,1142,0
6426,1126,1
6427,1130,-1
6428,1133,1
6429,1126,-3
6430,1124,-1
6431,1134,1
6432,1135,1
6433,1126,-1
6434,1132,0
6435,1129,-1
6436,1147,-2
6437,1144,-2
6438,1150,-1
6439,1148,-2
6440,1150,0
6441,1140,1
6442,1126,0
6443,1126,-1
6444,1128,0
6445,1127,-1
6446,1123,-2
6447,1126,1
6448,1142,0
6449,1143,-1
6450,1141,-2
6451,1141,-2
6452,1150,1
6453,1152,-2
6454,1144,-2
6455,1155,2
6456,1144,-2
6457,1129,-2
6458,1123,-3
6459,1119,-1
6460,1120,-2
6461,1121,1
6462,1129,1
6463,1133,-1
6464,1142,1
6465,1151,-1
6466,1147,-1
6467,1147,0
6468,1144,-1
6469,1139,0
6470,1139,-2
6471,1130,1
6472,1136,-1
6473,1126,0
6474,1108,-2
6475,1128,-4
6476,1133,0
6477,1131,0
6478,1139,1
6479,1141,1
6480,1147,-2
6481,1144,-2
6482,1140,0
6483,1135,-1
6484,1132,0
6485,1132,0
6486,1126,-2
6487,1122,-1
6488,1137,-1
6489,1131,-2
6490,1124,1
6491,1125,0
6492,1144,-2
6493,1144,-1
6494,1147,1
6495,1140,1
6496,1143,1
6497,1142,1
6498,1133,-1
6499,1135,-3
6500,1129,1
6501,1135,1
6502,1137,-2
6503,1133,-4
6504,1147,-2
6505,1142,-1
6506,1126,-2
6507,1136,0
6508,1136,1
6509,1145,0
6510,1136,-2
6511,1138,2
6512,1145,-2
6513,1139,-1
6514,1139,1
6515,1134,1
6516,1140,0
6517,1130,2
6518,1136,-1
6519,1129,0
6520,1132,1
6521,1135,-2
6522,1126,-2
6523,1130,-2
6524,1136,-2
6525,1143,1
6526,1147,1
6527,1143,0
6528,1158,0
6529,1145,-2
6530,1132,0
6531,1139,1
6532,1131,-2
6533,1123,-2
6534,1126,1
6535,1131,0
6536,1132,-1
6537,1140,0
6538,1128,0
6539,1147,0
6540,1154,-1
6541,1161,0
6542,1161,0
6543,1158,-2
6544,1156,-1
6545,1141,-1
6546,1123,-1
6547,1117,0
6548,1132,-1
6549,1126,0
6550,1126,-2
6551,1135,1
6552,1153,1
6553,1144,1
6554,1150,0
6555,1150,-2
6556,1157,-1
6557,1156,1
6558,1140,-2
6559,1135,-1
6560,1136,0
6561,1125,1
6562,1116,-2
6563,1116,0
6564,1125,-2
6565,1128,-3
6566,1132,0
6567,1144,3
6568,1153,-2
6569,1150,0
6570,1144,-1
6571,1141,-2
6572,1144,-1
6573,1140,0
6574,1128,-2
6575,1123,-2
6576,1138,-2
6577,1127,-1
6578,1121,-2
6579,1126,-1
6580,1131,0
6581,1141,0
6582,1147,1
6583,1148,-1
6584,1144,0
6585,1150,-2
6586,1149,-2
6587,1138,-2
6588,1137,-2
6589,1125,-2
6590,1124,-2
6591,1134,0
6592,1133,-2
6593,1131,-2
6594,1128,1
6595,1130,-1
6596,1141,0
6597,1142,-2
6598,1140,-1
6599,1144,0
6600,1149,1
6601,1147,-2
6602,1135,-1
6603,1133,-1
6604,1134,0
6605,1138,1
6606,1129,-2
6607,1130,1
6608,1144,-2
6609,1135,-2
6610,1139,-2
6611,1135,-2
6612,1145,1
6613,1139,1
6614,1154,-2
6615,1153,1
6616,1160,0
6617,1150,1
6618,1129,1
6619,1129,-2
6620,1135,-2
6621,1127,1
6622,1127,-1
6623,1139,0
6624,1141,-1
6625,1139,-2
6626,1139,1
6627,1146,1
6628,1149,0
6629,1153,2
6630,1144,-1
6631,1155,0
6632,1141,-1
6633,1126,0
6634,1121,-2
6635,1117,1
6636,1128,-2
6637,1131,-1
6638,1135,-1
6639,1135,1
6640,1156,1
6641,1151,-2
6642,1156,0
6643,1145,1
6644,1144,-2
6645,1150,1
6646,1139,0
6647,1132,1
6648,1124,-2
6649,1123,-2
6650,1117,1
6651,1124,-1
6652,1135,-2
6653,1142,-1
6654,1147,-2
6655,1151,-2
6656,1159,0
6657,1158,-2
6658,1148,-1
6659,1139,1
6660,1140,-1
6661,1132,-1
6662,1132,-1
6663,1129,-1
6664,1140,-2
6665,1136,0
6666,1134,1
6667,1138,-1
6668,1153,0
6669,1153,1
6670,1152,-1
6671,1152,1
6672,1160,-2
6673,1138,-1
6674,1135,0
6675,1132,-2
6676,1135,0
6677,1139,0
6678,1138,-2
6679,1132,2
6680,1147,0
6681,1138,-1
6682,1137,1
6683,1135,-2
6684,1148,-1
6685,1143,1
6686,1153,1
6687,1153,0
6688,1157,0
6689,1147,1
6690,1132,1
6691,1137,-1
6692,1136,-2
6693,1135,-1
6694,1135,-1
6695,1144,-1
6696,1145,-1
6697,1138,-2
6698,1128,-2
6699,1138,1
6700,1142,-1
6701,1147,-1
6702,1151,-1
6703,1155,-1
6704,1153,1
6705,1144,1
6706,1134,-2
6707,1140,-2
6708,1125,-2
6709,1128,0
6710,1128,1
6711,1140,-1
6712,1143,1
6713,1141,1
6714,1136,0
6715,1140,0
6716,1159,-1
6717,1155,1
6718,1159,1
6719,1145,-2
6720,1153,-1
6721,1137,-2
6722,1124,-1
6723,1124,2
6724,1129,-1
6725,1135,-1
6726,1132,0
6727,1145,1
6728,1153,-1
6729,1151,1
6730,1150,1
6731,1150,0
6732,1157,0
6733,1149,-1
6734,1131,0
6735,1133,-1
6736,1134,-1
6737,1126,1
6738,1117,-4
6739,1127,-2
6740,1130,-2
6741,1141,2
6742,1146,0
6743,1153,-2
6744,1168,-2
6745,1154,0
6746,1153,-2
6747,1148,-2
6748,1149,1
6749,1133,-1
6750,1130,-1
6751,1132,1
6752,1139,0
6753,1132,-2
6754,1140,0
6755,1132,-1
6756,1152,1
6757,1143,-2
6758,1146,1
6759,1152,-2
6760,1158,0
6761,1145,-2
6762,1135,1
6763,1135,1
6764,1141,-1
6765,1131,0
6766,1129,-2
6767,1140,-1
6768,1139,1
6769,1134,-1
6770,1138,-1
6771,1147,-1
6772,1148,1
6773,1150,-1
6774,1158,-1
6775,1144,-1
6776,1161,1
6777,1148,0
6778,1144,1
6779,1132,-2
6780,1138,-2
6781,1141,0
6782,1129,1
6783,1138,-1
6784,1150,1
6785,1139,-2
6786,1136,1
6787,1144,-2
6788,1162,-2
6789,1153,1
6790,1147,-1
6791,1154,1
6792,1154,-1
6793,1140,1
6794,1128,-1
6795,1129,1
6796,1125,-1
6797,1120,0
6798,1126,1
6799,1134,0
6800,1153,0
6801,1145,-1
6802,1147,-1
6803,1158,1
6804,1167,-1
6805,1161,0
6806,1149,1
6807,1155,-1
6808,1147,-2
6809,1124,-2
6810,1119,-1
6811,1126,-2
6812,1132,-1
6813,1129,-2
6814,1142,-1
6815,1147,-2
6816,1167,-2
6817,1154,0
6818,1148,1
6819,1153,-2
6820,1162,-1
6821,1142,1
6822,1137,1
6823,1129,-1
6824,1134,-1
6825,1126,-1
6826,1126,-1
6827,1126,0
6828,1143,1
6829,1154,-1
6830,1158,0
6831,1161,-2
6832,1170,-2
6833,1150,-2
6834,1147,0
6835,1147,0
6836,1134,-2
6837,1134,1
6838,1126,-1
6839,1135,-1
6840,1144,1
6841,1140,0
6842,1129,-1
6843,1150,1
6844,1152,1
6845,1160,0
6846,1158,-2
6847,1156,1
6848,1168,0
6849,1152,1
6850,1134,0
6851,1130,-2
6852,1132,0
6853,1125,-1
6854,1141,0
6855,1137,2
6856,1157,0
6857,1156,-1
6858,1162,0
6859,1147,0
6860,1155,1
6861,1155,0
6862,1151,-2
6863,1153,0
6864,1154,-2
6865,1141,1
6866,1134,-2
6867,1130,-2
6868,1141,-1
6869,1144,1
6870,1142,0
6871,1141,0
6872,1161,1
6873,1150,1
6874,1138,-1
6875,1147,-1
6876,1147,-2
6877,1142,0
6878,1146,1
6879,1151,-2
6880,1153,0
6881,1141,-2
6882,1129,-2
6883,1138,0
6884,1146,-2
6885,1141,1
6886,1136,0
6887,1136,1
6888,1161,1
6889,1144,1
6890,1139,0
6891,1140,0
6892,1151,-1
6893,1155,-1
6894,1151,-2
6895,1153,-1
6896,1141,1
6897,1147,1
6898,1141,1
6899,1127,0
6900,1135,0
6901,1147,-1
6902,1150,0
6903,1154,1
6904,1162,-1
6905,1147,1
6906,1144,1
6907,1150,-2
6908,1156,-1
6909,1150,0
6910,1139,-1
6911,1141,-1
6912,1146,0
6913,1129,-2
6914,1138,0
6915,1138,1
6916,1147,-1
6917,1150,-1
6918,1150,1
6919,1154,1
6920,1156,0
6921,1147,1
6922,1140,-1
6923,1140,1
6924,1150,-2
6925,1133,1
6926,1142,0
6927,1137,-1
6928,1146,1
6929,1148,0
6930,1138,0
6931,1144,1
6932,1148,1
6933,1150,-1
6934,1153,-1
6935,1149,-1
6936,1158,1
6937,1141,-2
6938,1132,1
6939,1135,-2
6940,1148,0
6941,1146,1
6942,1137,-2
6943,1150,-1
6944,1153,2
6945,1138,-2
6946,1138,-1
6947,1148,-2
6948,1144,0
6949,1148,-1
6950,1144,-2
6951,1154,-1
6952,1160,-3
6953,1144,0
6954,1141,0
6955,1144,-2
6956,1151,1
6957,1144,1
6958,1142,-1
6959,1144,0
6960,1141,0
6961,1139,-2
6962,1137,-1
6963,1144,-1
6964,1150,1
6965,1156,0
6966,1158,-1
6967,1160,-1
6968,1170,-1
6969,1150,-2
6970,1135,0
6971,1145,0
6972,1137,1
6973,1122,-1
6974,1132,1
6975,1142,1
6976,1154,1
6977,1144,-1
6978,1144,-1
6979,1155,0
6980,1161,1
6981,1162,-2
6982,1154,0
6983,1150,-1
6984,1153,-1
6985,1135,0
6986,1123,1
6987,1130,-1
6988,1124,1
6989,1131,1
6990,1139,0
6991,1151,0
6992,1163,-2
6993,1166,1
6994,1155,1
6995,1166,-1
6996,1170,1
6997,1156,1
6998,1145,-3
6999,1144,0
7000,1131,-1
7001,1126,-2
7002,1120,0
7003,1127,0
7004,1145,1
7005,1150,-2
7006,1157,-1
7007,1170,1
7008,1179,0
7009,1170,0
7010,1151,-2
7011,1150,0
7012,1138,-1
7013,1133,-2
7014,1126,-1
7015,1130,0
7016,1138,-2
7017,1132,-1
7018,1133,-2
7019,1141,-1
7020,1165,1
7021,1162,-2
7022,1172,-1
7023,1181,0
7024,1166,1
7025,1159,1
7026,1138,1
7027,1138,-2
7028,1141,-2
7029,1129,-2
7030,1138,-1
7031,1145,1
7032,1148,0
7033,1142,0
7034,1151,-1
7035,1156,-1
7036,1167,-2
7037,1163,0
7038,1154,-1
7039,1163,1
7040,1156,0
7041,1144,-1
7042,1133,-1
7043,1135,-1
7044,1139,-1
7045,1150,-2
7046,1144,0
7047,1153,-1
7048,1160,-1
7049,1161,0
7050,1157,-2
7051,1161,0
7052,1159,-1
7053,1150,-2
7054,1161,-1
7055,1161,-1
7056,1150,0
7057,1138,-2
7058,1129,-2
7059,1132,-2
7060,1135,3
7061,1132,0
7062,1133,-1
7063,1157,1
7064,1164,-2
7065,1158,-2
7066,1155,1
7067,1167,-1
7068,1173,-3
7069,1161,-3
7070,1147,0
7071,1151,-1
7072,1153,-2
7073,1129,-2
7074,1126,-2
7075,1125,0
7076,1140,1
7077,1152,-1
7078,1158,0
7079,1167,0
7080,1173,1
7081,1163,0
7082,1153,-1
7083,1161,0
7084,1153,-1
7085,1130,-1
7086,1132,0
7087,1134,-1
7088,1132,-1
7089,1135,0
7090,1128,-2
7091,1146,0
7092,1153,-2
7093,1156,1
7094,1161,1
7095,1172,-1
7096,1168,0
7097,1161,0
7098,1146,-1
7099,1144,0
7100,1134,1
7101,1132,0
7102,1129,1
7103,1141,0
7104,1147,1
7105,1144,1
7106,1141,-2
7107,1149,-2
7108,1166,-2
7109,1164,1
7110,1153,-2
7111,1167,0
7112,1164,-1
7113,1142,1
7114,1127,-1
7115,1131,0
7116,1135,-1
7117,1137,0
7118,1147,0
7119,1150,-1
7120,1158,1
7121,1151,1
7122,1159,0
7123,1159,-2
7124,1156,0
7125,1158,-1
7126,1147,1
7127,1155,-1
7128,1150,-1
7129,1138,-2
7130,1132,-2
7131,1143,0
7132,1153,0
7133,1149,1
7134,1149,-1
7135,1157,0
7136,1157,1
7137,1151,1
7138,1145,0
7139,1152,0
7140,1151,-2
7141,1153,1
7142,1150,-1
7143,1155,0
7144,1160,-2
7145,1146,-2
7146,1129,1
7147,1146,-2
7148,1149,0
7149,1153,1
7150,1156,-1
7151,1156,-1
7152,1160,0
7153,1153,1
7154,1149,-1
7155,1157,-1
7156,1164,0
7157,1151,1
7158,1158,-1
7159,1170,0
7160,1148,-1
7161,1144,-1
7162,1135,1
7163,1144,-2
7164,1144,0
7165,1146,-2
7166,1148,1
7167,1166,-1
7168,1159,-2
7169,1164,0
7170,1155,1
7171,1154,-1
7172,1164,1
7173,1146,1
7174,1151,1
7175,1148,1
7176,1151,-1
7177,1150,-2
7178,1139,0
7179,1153,1
7180,1156,-2
7181,1169,1
7182,1171,1
7183,1176,-1
7184,1166,-1
7185,1166,-2
7186,1151,0
7187,1140,-2
7188,1141,1
7189,1150,-2
7190,1147,-2
7191,1152,0
7192,1143,-2
7193,1146,1
7194,1151,-1
7195,1156,1
7196,1167,-4
7197,1168,-4
7198,1161,-1
7199,1174,0
7200,1163,-2
7201,1151,-2
7202,1145,2
7203,1142,0
7204,1156,-2
7205,1151,0
7206,1149,-1
7207,1154,-1
7208,1158,-2
7209,1156,-2
7210,1152,-1
7211,1161,1
7212,1164,-1
7213,1167,-2
7214,1158,-2
7215,1167,0
7216,1163,1
7217,1155,-1
7218,1144,1
7219,1148,0
7220,1152,0
7221,1147,1
7222,1155,-1
7223,1154,1
7224,1164,1
7225,1156,-1
7226,1153,0
7227,1150,-2
7228,1156,-2
7229,1167,-1
7230,1173,0
7231,1161,-2
7232,1166,0
7233,1156,-2
7234,1140,0
7235,1140,0
7236,1151,1
7237,1160,-2
7238,1150,-1
7239,1160,1
7240,1156,-2
7241,1158,1
7242,1160,-1
7243,1156,0
7244,1171,-1
7245,1167,-1
7246,1153,0
7247,1158,-2
7248,1147,1
7249,1144,1
7250,1129,0
7251,1141,-1
7252,1143,0
7253,1154,-1
7254,1163,-1
7255,1172,-1
7256,1169,-2
7257,1168,-1
7258,1161,1
7259,1159,-1
7260,1161,-1
7261,1158,0
7262,1151,0
7263,1146,-2
7264,1138,-1
7265,1135,1
7266,1130,-1
7267,1146,-2
7268,1156,0
7269,1162,0
7270,1165,0
7271,1177,-1
7272,1177,-2
7273,1170,-1
7274,1155,-2
7275,1142,0
7276,1143,-2
7277,1142,-1
7278,1139,1
7279,1150,-2
7280,1146,1
7281,1150,0
7282,1150,-2
7283,1164,1
7284,1173,-1
7285,1174,0
7286,1176,-1
7287,1175,0
7288,1165,-2
7289,1154,0
7290,1136,0
7291,1139,0
7292,1145,-1
7293,1146,-1
7294,1147,-2
7295,1153,1
7296,1161,1
7297,1161,0
7298,1159,1
7299,1160,-2
7300,1167,-2
7301,1166,-2
7302,1158,0
7303,1166,1
7304,1150,1
7305,1160,-1
7306,1141,-2
7307,1142,-3
7308,1154,0
7309,1144,-1
7310,1145,1
7311,1167,-1
7312,1170,1
7313,1164,0
7314,1159,0
7315,1164,1
7316,1167,0
7317,1164,-1
7318,1164,-2
7319,1161,-1
7320,1155,0
7321,1150,-1
7322,1147,0
7323,1147,-1
7324,1147,-2
7325,1150,1
7326,1156,-3
7327,1168,-2
7328,1172,-1
7329,1171,1
7330,1153,1
7331,1158,-1
7332,1170,0
7333,1153,-1
7334,1150,-1
7335,1158,-1
7336,1151,-2
7337,1146,-1
7338,1131,0
7339,1145,0
7340,1155,1
7341,1160,0
7342,1160,1
7343,1179,0
7344,1174,0
7345,1173,0
7346,1161,1
7347,1164,1
7348,1167,1
7349,1151,-1
7350,1150,-2
7351,1147,-1
7352,1144,1
7353,1143,-1
7354,1144,-2
7355,1153,2
7356,1168,-2
7357,1167,0
7358,1173,0
7359,1176,-1
7360,1173,-1
7361,1167,1
7362,1155,-1
7363,1147,-2
7364,1143,-1
7365,1138,-1
7366,1148,-2
7367,1146,0
7368,1151,-2
7369,1162,-1
7370,1157,-1
7371,1165,-1
7372,1182,-2
7373,1177,-2
7374,1173,1
7375,1179,1
7376,1161,-2
7377,1146,0
7378,1140,2
7379,1141,1
7380,1144,-1
7381,1152,-2
7382,1147,0
7383,1173,1
7384,1172,-1
7385,1167,2
7386,1167,-1
7387,1170,-2
7388,1158,1
7389,1167,-2
7390,1161,0
7391,1163,0
7392,1146,0
7393,1149,1
7394,1140,0
7395,1149,-3
7396,1158,-1
7397,1156,0
7398,1163,1
7399,1182,1
7400,1176,1
7401,1170,1
7402,1159,0
7403,1156,-2
7404,1167,0
7405,1164,-2
7406,1158,-1
7407,1158,-1
7408,1156,-1
7409,1156,-1
7410,1150,0
7411,1147,0
7412,1152,-3
7413,1156,-1
7414,1158,-3
7415,1164,-1
7416,1167,0
7417,1159,1
7418,1166,-2
7419,1170,1
7420,1167,1
7421,1161,-1
7422,1163,-1
7423,1166,0
7424,1158,-1
7425,1147,1
7426,1138,-3
7427,1145,-2
7428,1150,-2
7429,1165,0
7430,1171,0
7431,1179,-1
7432,1175,0
7433,1175,-1
7434,1161,1
7435,1170,0
7436,1165,1
7437,1159,-1
7438,1151,0
7439,1149,-2
7440,1150,0
7441,1150,0
7442,1142,-2
7443,1151,1
7444,1163,-1
7445,1172,1
7446,1176,1
7447,1187,-1
7448,1182,0
7449,1166,-2
7450,1153,-2
7451,1153,-1
7452,1144,-1
7453,1152,-1
7454,1141,-2
7455,1154,0
7456,1155,0
7457,1160,0
7458,1156,1
7459,1170,0
7460,1181,-2
7461,1171,-1
7462,1164,-1
7463,1176,-1
7464,1164,-2
7465,1159,0
7466,1150,-1
7467,1137,-1
7468,1143,1
7469,1145,-1
7470,1149,0
7471,1172,1
7472,1163,-2
7473,1164,-2
7474,1166,-2
7475,1166,-1
7476,1171,1
7477,1173,-1
7478,1163,1
7479,1171,1
7480,1158,-5
7481,1158,0
7482,1147,1
7483,1155,-1
7484,1154,1
7485,1151,0
7486,1152,-1
7487,1169,-1
7488,1175,1
7489,1165,-2
7490,1163,-2
7491,1157,0
7492,1168,0
7493,1159,2
7494,1155,-1
7495,1161,-1
7496,1151,-2
7497,1150,-2
7498,1149,-2
7499,1144,-1
7500,1154,-2
7501,1155,-1
7502,1155,-1
7503,1176,-2
7504,1168,1
7505,1169,0
7506,1165,-2
7507,1171,-1
7508,1164,-1
7509,1159,0
7510,1149,0
7511,1161,1
7512,1155,-2
7513,1142,1
7514,1144,-2
7515,1149,0
7516,1165,-1
7517,1171,1
7518,1163,0
7519,1182,-3
7520,1174,0
7521,1173,-1
7522,1167,1
7523,1156,0
7524,1154,0
7525,1148,0
7526,1145,-2
7527,1147,-1
7528,1149,0
7529,1153,0
7530,1155,1
7531,1164,-1
7532,1170,1
7533,1180,1
7534,1183,-2
7535,1182,0
7536,1180,1
7537,1168,-2
7538,1149,-1
7539,1129,1
7540,1144,1
7541,1139,1
7542,1135,0
7543,1156,-1
7544,1164,-1
7545,1174,-2
7546,1173,1
7547,1168,-2
7548,1175,-2
7549,1184,0
7550,1176,1
7551,1174,0
7552,1153,1
7553,1142,-1
7554,1132,1
7555,1144,-2
7556,1146,0
7557,1156,1
7558,1160,-2
7559,1179,1
7560,1176,-1
7561,1168,-1
7562,1173,-2
7563,1164,1
7564,1161,-2
7565,1166,-2
7566,1152,-1
7567,1156,-2
7568,1146,-1
7569,1143,-2
7570,1147,0
7571,1152,-1
7572,1161,-1
7573,1163,-1
7574,1174,0
7575,1191,0
7576,1180,0
7577,1164,0
7578,1158,2
7579,1153,-2
7580,1163,-2
7581,1156,-1
7582,1156,-1
7583,1168,-2
7584,1159,0
7585,1169,-1
7586,1159,-2
7587,1156,-2
7588,1164,1
7589,1172,-2
7590,1167,-2
7591,1183,-1
7592,1169,-1
7593,1159,0
7594,1152,1
7595,1160,0
7596,1163,0
7597,1159,1
7598,1164,0
7599,1173,0
7600,1163,-2
7601,1155,0
7602,1147,-2
7603,1153,0
7604,1161,1
7605,1167,-2
7606,1158,-1
7607,1175,0
7608,1174,1
7609,1170,-1
7610,1157,-3
7611,1157,-2
7612,1161,-1
7613,1167,1
7614,1150,-1
7615,1171,0
7616,1153,-2
7617,1153,-2
7618,1163,1
7619,1168,-2
7620,1178,1
7621,1178,-1
7622,1173,-1
7623,1188,-2
7624,1170,1
7625,1167,-1
7626,1149,1
7627,1150,-2
7628,1161,-2
7629,1155,-2
7630,1161,0
7631,1161,1
7632,1161,-1
7633,1165,-1
7634,1164,-2
7635,1169,-2
7636,1169,0
7637,1167,1
7638,1169,-1
7639,1180,-2
7640,1163,-2
7641,1161,1
7642,1153,-1
7643,1153,1
7644,1158,-3
7645,1163,0
7646,1160,0
7647,1186,1
7648,1172,-1
7649,1172,0
7650,1179,2
7651,1174,1
7652,1170,-2
7653,1175,-1
7654,1170,-2
7655,1184,0
7656,1161,-2
7657,1161,0
7658,1150,-2
7659,1161,-1
7660,1156,-1
7661,1152,0
7662,1168,-1
7663,1187,1
7664,1167,-1
7665,1173,0
7666,1164,0
7667,1165,-1
7668,1171,0
7669,1170,0
7670,1164,1
7671,1183,-1
7672,1159,0
7673,1152,1
7674,1148,1
7675,1146,1
7676,1163,-2
7677,1166,0
7678,1161,-2
7679,1173,0
7680,1173,0
7681,1169,0
7682,1168,1
7683,1162,-2
7684,1174,1
7685,1167,-1
7686,1166,-2
7687,1169,-2
7688,1156,0
7689,1155,-2
7690,1147,-1
7691,1152,0
7692,1161,-2
7693,1161,1
7694,1174,-2
7695,1186,0
7696,1182,1
7697,1181,0
7698,1167,-2
7699,1167,-1
7700,1164,1
7701,1145,-1
7702,1147,-2
7703,1161,0
7704,1151,0
7705,1151,-2
7706,1156,1
7707,1165,-1
7708,1176,-2
7709,1191,0
7710,1183,-2
7711,1194,-2
7712,1184,-1
7713,1164,0
7714,1157,-2
7715,1144,0
7716,1150,-1
7717,1147,-2
7718,1142,-1
7719,1153,0
7720,1150,-2
7721,1166,-1
7722,1164,-1
7723,1176,0
7724,1187,0
7725,1179,-1
7726,1179,1
7727,1177,0
7728,1159,0
7729,1149,-2
7730,1135,1
7731,1142,-2
7732,1148,0
7733,1144,-2
7734,1155,-1
7735,1182,0
7736,1185,0
7737,1184,-2
7738,1176,-2
7739,1177,1
7740,1175,-1
7741,1170,1
7742,1164,0
7743,1167,-2
7744,1147,0
7745,1146,1
7746,1152,-2
7747,1147,1
7748,1158,-3
7749,1165,-1
7750,1176,-2
7751,1191,-3
7752,1180,1
7753,1182,0
7754,1173,-2
7755,1168,-2
7756,1163,-1
7757,1152,2
7758,1159,0
7759,1167,-3
7760,1154,-2
7761,1160,0
7762,1151,0
7763,1159,1
7764,1176,1
7765,1173,-1
7766,1176,1
7767,1186,-4
7768,1182,-1
7769,1174,-3
7770,1165,-1
7771,1159,0
7772,1164,-1
7773,1156,-2
7774,1154,-1
7775,1173,0
7776,1161,1
7777,1158,0
7778,1165,-2
7779,1162,-1
7780,1176,-1
7781,1176,-1
7782,1179,1
7783,1191,1
7784,1178,1
7785,1164,-2
7786,1161,-1
7787,1156,-1
7788,1161,-2
7789,1148,-1
7790,1150,0
7791,1170,1
7792,1164,0
7793,1170,0
7794,1165,-3
7795,1179,-1
7796,1185,1
7797,1177,0
7798,1178,-1
7799,1191,-1
7800,1167,-1
7801,1160,0
7802,1151,-2
7803,1146,-2
7804,1149,-1
7805,1149,-3
7806,1158,-3
7807,1180,0
7808,1171,1
7809,1187,0
7810,1183,1
7811,1174,0
7812,1177,0
7813,1174,1
7814,1170,-2
7815,1173,1
7816,1150,0
7817,1148,1
7818,1150,-2
7819,1145,0
7820,1163,-1
7821,1175,-1
7822,1179,-2
7823,1198,1
7824,1189,1
7825,1184,0
7826,1169,-1
7827,1166,0
7828,1169,-1
7829,1164,0
7830,1156,1
7831,1160,0
7832,1157,-1
7833,1160,0
7834,1161,0
7835,1163,0
7836,1170,-2
7837,1177,0
7838,1175,-1
7839,1193,1
7840,1183,1
7841,1167,0
7842,1161,-2
7843,1158,-2
7844,1158,-1
7845,1157,1
7846,1155,1
7847,1170,-1
7848,1170,1
7849,1171,-1
7850,1164,0
7851,1165,-1
7852,1170,-3
7853,1173,-2
7854,1165,1
7855,1182,-1
7856,1176,0
7857,1162,0
7858,1163,-2
7859,1158,0
7860,1161,-1
7861,1173,-1
7862,1164,-1
7863,1185,1
7864,1174,0
7865,1156,-1
7866,1157,-2
7867,1168,1
7868,1179,-1
7869,1173,0
7870,1170,-1
7871,1188,0
7872,1173,-2
7873,1176,-1
7874,1160,0
7875,1162,0
7876,1167,1
7877,1156,0
7878,1167,1
7879,1167,-1
7880,1161,-1
7881,1164,0
7882,1165,-1
7883,1165,-2
7884,1177,-2
7885,1170,0
7886,1182,-2
7887,1195,1
7888,1173,-3
7889,1174,-1
7890,1160,-1
7891,1159,-2
7892,1153,-2
7893,1159,1
7894,1156,-1
7895,1168,1
7896,1166,0
7897,1166,-2
7898,1167,-1
7899,1182,-2
7900,1175,1
7901,1181,1
7902,1179,-1
7903,1187,-2
7904,1162,1
7905,1150,-1
7906,1157,-2
7907,1154,1
7908,1157,0
7909,1161,-1
7910,1171,1
7911,1185,1
7912,1174,0
7913,1177,1
7914,1183,-1
7915,1173,0
7916,1185,1
7917,1173,0
7918,1170,-1
7919,1166,0
7920,1158,1
7921,1164,-1
7922,1153,1
7923,1166,0
7924,1166,1
7925,1172,0
7926,1182,0
7927,1192,1
7928,1189,0
7929,1176,-2
7930,1173,-1
7931,1167,1
7932,1170,-1
7933,1169,0
7934,1169,-2
7935,1164,-2
7936,1164,-3
7937,1167,-2
7938,1159,-1
7939,1170,-1
7940,1170,1
7941,1176,0
7942,1174,1
7943,1186,-1
7944,1172,2
7945,1171,0
7946,1173,-2
7947,1173,1
7948,1176,-1
7949,1161,1
7950,1164,0
7951,1177,0
7952,1159,0
7953,1164,1
7954,1157,-1
7955,1172,1
7956,1174,0
7957,1174,1
7958,1175,-1
7959,1196,-1
7960,1188,-2
7961,1181,-1
7962,1169,-2
7963,1158,-1
7964,1176,1
7965,1156,-1
7966,1156,1
7967,1167,-2
7968,1161,1
7969,1167,-2
7970,1164,-2
7971,1173,-1
7972,1189,-2
7973,1184,-2
7974,1184,0
7975,1193,-2
7976,1179,0
7977,1166,0
7978,1163,-2
7979,1158,-2
7980,1151,-2
7981,1148,0
7982,1153,1
7983,1174,1
7984,1181,0
7985,1182,1
7986,1178,-2
7987,1179,-2
7988,1190,1
7989,1189,1
7990,1170,1
7991,1172,0
7992,1162,0
7993,1156,2
7994,1152,0
7995,1160,1
7996,1161,1
7997,1168,-1
7998,1177,0
7999,1190,-2
8000,1192,1
8001,1186,1
8002,1188,-1
8003,1173,1
8004,1170,-1
8005,1168,0
8006,1168,-2
8007,1167,-2
8008,1160,-1
8009,1158,-1
8010,1157,0
8011,1156,0
8012,1177,-1
8013,1181,1
8014,1185,1
8015,1199,1
8016,1183,-1
8017,1182,-2
8018,1174,-3
8019,1166,1
8020,1158,1
8021,1156,-3
8022,1162,0
8023,1167,-1
8024,1169,0
8025,1170,-1
8026,1162,1
8027,1170,1
8028,1185,-1
8029,1191,0
8030,1185,-2
8031,1190,1
8032,1174,-1
8033,1170,-1
8034,1161,1
8035,1166,2
8036,1164,-1
8037,1165,-1
8038,1166,1
8039,1180,-1
8040,1165,-2
8041,1161,-2
8042,1173,-2
8043,1177,-2
8044,1170,0
8045,1179,-2
8046,1182,0
8047,1187,0
8048,1177,1
8049,1163,0
8050,1166,0
8051,1164,-1
8052,1163,-1
8053,1163,-1
8054,1162,-2
8055,1172,1
8056,1177,0
8057,1165,0
8058,1173,1
8059,1170,0
8060,1195,-1
8061,1191,0
8062,1190,-1
8063,1188,-2
8064,1176,-2
8065,1163,0
8066,1158,-1
8067,1159,-1
8068,1167,-2
8069,1154,-1
8070,1166,-1
8071,1184,-2
8072,1183,1
8073,1179,-2
8074,1175,0
8075,1179,-1
8076,1184,0
8077,1181,0
8078,1167,0
8079,1169,-1
8080,1158,-1
8081,1159,-2
8082,1151,0
8083,1156,0
8084,1159,0
8085,1170,1
8086,1171,-1
8087,1191,-1
8088,1191,-2
8089,1178,-1
8090,1173,-1
8091,1173,-1
8092,1170,-2
8093,1163,1
8094,1164,-1
8095,1165,1
8096,1155,1
8097,1154,-1
8098,1164,1
8099,1161,1
8100,1176,1
8101,1182,1
8102,1189,0
8103,1192,0
8104,1183,-1
8105,1177,0
8106,1173,1
8107,1161,0
8108,1161,1
8109,1162,-1
8110,1167,-1
8111,1179,1
8112,1175,-2
8113,1161,-1
8114,1167,-1
8115,1172,1
8116,1175,0
8117,1178,0
8118,1173,-2
8119,1185,-2
8120,1182,-2
8121,1170,-2
8122,1172,-1
8123,1160,-2
8124,1164,-2
8125,1173,0
8126,1170,0
8127,1179,-2
8128,1167,-2
8129,1166,-2
8130,1174,-1
8131,1172,0
8132,1182,-2
8133,1179,-1
8134,1185,0
8135,1191,-1
8136,1177,0
8137,1170,-2
8138,1167,1
8139,1173,-1
8140,1168,-2
8141,1170,1
8142,1162,-2
8143,1170,0
8144,1172,0
8145,1171,-2
8146,1166,-1
8147,1181,-2
8148,1186,-2
8149,1177,1
8150,1182,0
8151,1189,-1
8152,1163,-2
8153,1163,-2
8154,1161,1
8155,1149,-1
8156,1167,-1
8157,1167,-2
8158,1167,1
8159,1179,1
8160,1182,0
8161,1176,-2
8162,1184,-1
8163,1186,0
8164,1184,-1
8165,1184,-2
8166,1174,-2
8167,1168,1
8168,1165,0
8169,1143,0
8170,1156,-2
8171,1151,0
8172,1162,1
8173,1167,0
8174,1179,-1
8175,1194,1
8176,1191,0
8177,1186,-1
8178,1171,-2
8179,1176,-2
8180,1168,-2
8181,1155,-3
8182,1153,-2
8183,1162,-1
8184,1155,-1
8185,1156,0
8186,1156,1
8187,1161,0
8188,1177,-3
8189,1187,1
8190,1188,1
8191,1185,1
8192,1182,-2
8193,1167,-2
8194,1168,0
8195,1165,2
8196,1161,0
8197,1157,-2
8198,1167,1
8199,1172,-1
8200,1161,1
8201,1152,-1
8202,1170,0
8203,1182,0
8204,1187,0
8205,1184,-1
8206,1179,-2
8207,1188,0
8208,1176,1
8209,1163,1
8210,1166,-1
8211,1158,-2
8212,1170,1
8213,1166,-1
8214,1167,0
8215,1176,-2
8216,1174,-1
8217,1170,-1
8218,1171,-1
8219,1176,0
8220,1182,-2
8221,1184,-2
8222,1182,-1
8223,1198,0
8224,1177,0
8225,1160,0
8226,1164,-2
8227,1164,0
8228,1175,0
8229,1159,-2
8230,1163,0
8231,1168,0
8232,1178,1
8233,1176,-2
8234,1176,-2
8235,1188,-2
8236,1177,-1
8237,1184,-1
8238,1182,-1
8239,1186,-1
8240,1176,0
8241,1154,0
8242,1156,0
8243,1148,1
8244,1167,-2
8245,1165,-1
8246,1170,1
8247,1188,-1
8248,1182,0
8249,1171,1
8250,1179,1
8251,1181,-2
8252,1181,-1
8253,1178,0
8254,1165,0
8255,1175,-1
8256,1165,-1
8257,1143,1
8258,1153,-1
8259,1164,1
8260,1171,-2
8261,1172,-2
8262,1177,0
8263,1194,-1
8264,1191,-2
8265,1172,1
8266,1188,0
8267,1171,-1
8268,1173,1
8269,1164,-2
8270,1163,-1
8271,1169,-2
8272,1172,-1
8273,1158,-2
8274,1161,-2
8275,1177,1
8276,1190,-2
8277,1187,-1
8278,1196,1
8279,1191,1
8280,1189,-2
8281,1184,1
8282,1166,0
8283,1161,-3
8284,1164,1
8285,1167,-2
8286,1165,0
8287,1182,0
8288,1171,-2
8289,1165,1
8290,1178,0
8291,1181,-2
8292,1175,-2
8293,1183,-2
8294,1178,1
8295,1194,0
8296,1181,-1
8297,1162,1
8298,1168,0
8299,1167,0
8300,1176,1
8301,1179,-1
8302,1173,1
8303,1183,1
8304,1186,1
8305,1163,0
8306,1181,-1
8307,1176,-3
8308,1189,-1
8309,1180,-2
8310,1177,1
8311,1189,0
8312,1185,-1
8313,1170,0
8314,1171,0
8315,1176,-1
8316,1182,-2
8317,1163,-2
8318,1164,0
8319,1176,2
8320,1175,-1
8321,1170,1
8322,1172,-1
8323,1176,1
8324,1178,-2
8325,1182,-1
8326,1184,0
8327,1179,1
8328,1183,1
8329,1159,0
8330,1164,-1
8331,1171,0
8332,1169,1
8333,1170,-1
8334,1178,0
8335,1184,-1
8336,1181,1
8337,1175,-2
8338,1188,-1
8339,1186,2
8340,1189,-2
8341,1181,-1
8342,1182,-2
8343,1170,-1
8344,1170,1
8345,1159,1
8346,1161,-2
8347,1166,-1
8348,1169,-1
8349,1182,-1
8350,1188,-1
8351,1192,-1
8352,1191,-3
8353,1175,1
8354,1183,1
8355,1182,1
8356,1168,-1
8357,1170,1
8358,1170,0
8359,1178,-2
8360,1176,-1
8361,1162,0
8362,1160,-1
8363,1183,0
8364,1182,-1
8365,1191,1
8366,1195,1
8367,1194,0
8368,1197,1
8369,1172,-1
8370,1171,1
8371,1178,-2
8372,1174,0
8373,1173,0
8374,1167,0
8375,1179,-2
8376,1171,0
8377,1172,-1
8378,1181,1
8379,1182,0
8380,1188,1
8381,1196,0
8382,1181,0
8383,1194,-1
8384,1192,-1
8385,1173,0
8386,1169,0
8387,1172,-1
8388,1168,0
8389,1170,-1
8390,1167,0
8391,1181,0
8392,1175,1
8393,1164,-1
8394,1181,0
8395,1183,1
8396,1194,-2
8397,1181,0
8398,1183,0
8399,1194,-1
8400,1186,-2
8401,1164,-1
8402,1170,-2
8403,1170,-2
8404,1176,-1
8405,1158,-1
8406,1165,-1
8407,1180,-1
8408,1177,1
8409,1173,0
8410,1188,-2
8411,1189,0
8412,1200,-2
8413,1197,0
8414,1196,1
8415,1195,1
8416,1175,-1
8417,1165,0
8418,1159,1
8419,1161,0
8420,1163,1
8421,1165,1
8422,1182,-2
8423,1193,-2
8424,1195,0
8425,1185,-1
8426,1196,-1
8427,1191,0
8428,1190,0
8429,1181,0
8430,1179,-2
8431,1172,-2
8432,1162,-2
8433,1150,0
8434,1161,-3
8435,1170,-2
8436,1188,1
8437,1176,-1
8438,1192,0
8439,1202,2
8440,1204,0
8441,1184,0
8442,1185,1
8443,1193,-1
8444,1169,1
8445,1167,0
8446,1164,1
8447,1170,1
8448,1168,-2
8449,1164,0
8450,1171,-2
8451,1185,1
8452,1206,2
8453,1200,1
8454,1205,-1
8455,1206,1
8456,1196,-2
8457,1173,-1
8458,1165,1
8459,1164,1
8460,1160,1
8461,1162,-1
8462,1173,-2
8463,1183,1
8464,1173,-1
8465,1177,0
8466,1194,-1
8467,1197,-2
8468,1194,-2
8469,1185,-1
8470,1189,-1
8471,1196,-1
8472,1176,-2
8473,1169,1
8474,1159,-1
8475,1164,1
8476,1165,0
8477,1169,-2
8478,1179,1
8479,1193,1
8480,1192,1
8481,1185,0
8482,1186,-1
8483,1196,1
8484,1191,-2
8485,1187,-2
8486,1183,-1
8487,1182,0
8488,1176,-2
8489,1164,1
8490,1171,1
8491,1173,-2
8492,1170,1
8493,1182,2
8494,1175,-2
8495,1190,-1
8496,1193,1
8497,1180,0
8498,1179,0
8499,1191,-2
8500,1189,1
8501,1181,-1
8502,1182,1
8503,1179,-1
8504,1176,-1
8505,1161,-1
8506,1162,1
8507,1168,-3
8508,1168,-1
8509,1180,1
8510,1184,1
8511,1198,0
8512,1199,-2
8513,1186,1
8514,1191,1
8515,1192,-2
8516,1188,0
8517,1182,-2
8518,1176,1
8519,1173,-2
8520,1170,-1
8521,1161,-1
8522,1173,-2
8523,1186,0
8524,1185,-2
8525,1191,-1
8526,1197,-3
8527,1197,-1
8528,1191,-1
8529,1180,1
8530,1181,1
8531,1178,-1
8532,1170,0
8533,1161,-2
8534,1164,1
8535,1183,1
8536,1172,-1
8537,1176,-1
8538,1185,1
8539,1198,-2
8540,1198,-2
8541,1192,1
8542,1197,-2
8543,1189,0
8544,1192,0
8545,1161,1
8546,1164,2
8547,1177,0
8548,1158,-1
8549,1173,-1
8550,1186,0
8551,1188,-2
8552,1188,-2
8553,1185,0
8554,1194,-2
8555,1194,0
8556,1194,1
8557,1182,-1
8558,1186,-3
8559,1188,0
8560,1180,-2
8561,1165,-2
8562,1167,-2
8563,1182,-2
8564,1183,-1
8565,1186,2
8566,1188,0
8567,1200,-2
8568,1187,1
8569,1176,-1
8570,1186,-1
8571,1185,-1
8572,1187,1
8573,1188,1
8574,1180,1
8575,1181,0
8576,1186,-2
8577,1177,-2
8578,1180,0
8579,1174,-2
8580,1180,-2
8581,1175,2
8582,1183,-1
8583,1187,-1
8584,1180,0
8585,1174,-1
8586,1179,-2
8587,1193,0
8588,1191,0
8589,1187,0
8590,1195,-1
8591,1191,1
8592,1189,-2
8593,1178,0
8594,1164,-1
8595,1168,0
8596,1178,2
8597,1175,0
8598,1184,-2
8599,1200,0
8600,1195,-2
8601,1194,-1
8602,1194,1
8603,1192,-3
8604,1194,-1
8605,1186,1
8606,1179,0
8607,1172,-2
8608,1178,0
8609,1158,1
8610,1167,0
8611,1173,0
8612,1188,1
8613,1177,1
8614,1182,-2
8615,1205,-2
8616,1191,-1
8617,1189,-1
8618,1186,-1
8619,1188,-1
8620,1181,1
8621,1175,0
8622,1173,-3
8623,1178,1
8624,1170,-2
8625,1173,0
8626,1179,0
8627,1188,0
8628,1197,-1
8629,1198,0
8630,1197,-1
8631,1213,0
8632,1193,1
8633,1172,-1
8634,1171,1
8635,1175,-3
8636,1162,-2
8637,1161,-3
8638,1176,-2
8639,1188,-1
8640,1175,0
8641,1180,0
8642,1182,-2
8643,1194,-1
8644,1195,-2
8645,1200,-2
8646,1197,-2
8647,1200,1
8648,1191,1
8649,1160,-2
8650,1165,0
8651,1179,0
8652,1170,1
8653,1172,0
8654,1179,-2
8655,1185,0
8656,1188,-1
8657,1183,-1
8658,1191,-1
8659,1191,-1
8660,1191,-2
8661,1184,0
8662,1188,-2
8663,1185,-1
8664,1179,0
8665,1173,1
8666,1168,-1
8667,1173,-1
8668,1167,-1
8669,1173,-2
8670,1182,-2
8671,1192,0
8672,1186,1
8673,1180,-2
8674,1179,0
8675,1193,-1
8676,1194,1
8677,1188,-2
8678,1188,0
8679,1179,0
8680,1167,1
8681,1169,1
8682,1164,1
8683,1164,1
8684,1171,-1
8685,1189,0
8686,1185,0
8687,1198,-1
8688,1188,-1
8689,1185,0
8690,1191,-1
8691,1189,-1
8692,1184,-2
8693,1182,-1
8694,1180,1
8695,1172,-2
8696,1167,1
8697,1160,-2
8698,1173,1
8699,1184,1
8700,1187,-3
8701,1192,-1
8702,1197,0
8703,1206,-1
8704,1200,-1
8705,1188,0
8706,1188,1
8707,1179,-1
8708,1169,-2
8709,1171,0
8710,1165,-2
8711,1168,-1
8712,1165,-1
8713,1176,1
8714,1185,-1
8715,1192,-2
8716,1201,1
8717,1202,0
8718,1191,1
8719,1189,-2
8720,1188,-2
8721,1171,-2
8722,1170,0
8723,1167,-2
8724,1162,-2
8725,1166,-2
8726,1181,-1
8727,1182,0
8728,1179,-1
8729,1182,-1
8730,1197,-1
8731,1194,-1
8732,1193,-2
8733,1188,-2
8734,1189,1
8735,1192,2
8736,1179,-1
8737,1164,-1
8738,1165,-1
8739,1179,-2
8740,1177,0
8741,1179,0
8742,1183,1
8743,1200,-1
8744,1198,0
8745,1182,-1
8746,1186,-2
8747,1197,-1
8748,1182,-1
8749,1185,1
8750,1185,-1
8751,1193,-2
8752,1172,0
8753,1167,0
8754,1171,0
8755,1176,-3
8756,1169,-2
8757,1177,-2
8758,1184,1
8759,1192,-2
8760,1185,1
8761,1170,-1
8762,1183,-1
8763,1181,-2
8764,1193,1
8765,1177,-1
8766,1180,1
8767,1181,-1
8768,1179,0
8769,1172,1
8770,1170,-1
8771,1181,0
8772,1179,1
8773,1190,-1
8774,1184,0
8775,1198,-2
8776,1198,-2
8777,1189,-1
8778,1197,-2
8779,1197,1
8780,1181,-1
8781,1187,-2
8782,1179,-2
8783,1179,1
8784,1168,-2
8785,1164,0
8786,1170,0
8787,1182,1
8788,1190,-1
8789,1191,-2
8790,1189,0
8791,1204,0
8792,1199,-1
8793,1188,-1
8794,1186,-2
8795,1176,-2
8796,1169,-3
8797,1158,0
8798,1163,-2
8799,1171,0
8800,1159,-1
8801,1170,-1
8802,1179,1
8803,1196,1
8804,1199,-2
8805,1199,-1
8806,1200,-1
8807,1201,1
8808,1185,-1
8809,1179,-1
8810,1175,-2
8811,1172,-1
8812,1171,-1
8813,1176,-1
8814,1182,-2
8815,1186,-1
8816,1185,1
8817,1196,0
8818,1193,1
8819,1193,-1
8820,1202,0
8821,1191,2
8822,1185,-1
8823,1182,-2
8824,1179,1
8825,1168,0
8826,1171,0
8827,1179,-2
8828,1167,-2
8829,1179,-2
8830,1184,-2
8831,1199,-3
8832,1187,-1
8833,1184,-2
8834,1188,1
8835,1195,1
8836,1188,1
8837,1185,0
8838,1181,-1
8839,1181,1
8840,1172,-2
8841,1176,1
8842,1170,-1
8843,1180,0
8844,1184,-2
8845,1183,0
8846,1179,-2
8847,1203,-2
8848,1199,1
8849,1194,-1
8850,1188,-2
8851,1188,-2
8852,1191,1
8853,1186,1
8854,1186,-2
8855,1185,1
8856,1179,-1
8857,1174,-1
8858,1172,-2
8859,1179,1
8860,1182,-1
8861,1188,0
8862,1193,-1
8863,1200,-1
8864,1198,1
8865,1197,0
8866,1193,0
8867,1188,-2
8868,1185,0
8869,1180,0
8870,1167,0
8871,1169,1
8872,1157,1
8873,1166,-2
8874,1173,-2
8875,1189,-1
8876,1191,-1
8877,1193,-2
8878,1197,-2
8879,1200,0
8880,1193,-1
8881,1191,-3
8882,1182,1
8883,1177,-1
8884,1175,0
8885,1173,-1
8886,1165,-1
8887,1177,-1
8888,1178,0
8889,1183,-2
8890,1186,-2
8891,1200,-1
8892,1203,-1
8893,1198,-1
8894,1206,0
8895,1203,0
8896,1184,-2
8897,1170,-2
8898,1173,-2
8899,1166,2
8900,1165,-2
8901,1172,0
8902,1170,1
8903,1196,-1
8904,1186,1
8905,1191,-1
8906,1205,-2
8907,1190,1
8908,1194,-1
8909,1185,1
8910,1181,1
8911,1183,-2
8912,1172,1
8913,1165,-2
8914,1175,-1
8915,1174,-2
8916,1180,-1
8917,1185,-1
8918,1183,-1
8919,1200,-1
8920,1198,0
8921,1187,0
8922,1184,1
8923,1191,2
8924,1183,1
8925,1178,-1
8926,1180,1
8927,1183,0
8928,1182,0
8929,1177,-2
8930,1184,-2
8931,1180,-1
8932,1197,0
8933,1191,0
8934,1193,1
8935,1200,-1
8936,1184,1
8937,1185,0
8938,1185,0
8939,1189,0
8940,1185,-1
8941,1176,1
8942,1182,-1
8943,1191,1
8944,1185,2
8945,1179,0
8946,1173,-2
8947,1182,-1
8948,1179,1
8949,1186,-1
8950,1194,0
8951,1194,-2
8952,1190,0
8953,1185,-2
8954,1182,-1
8955,1176,-1
8956,1173,-1
8957,1182,-2
8958,1182,1
8959,1192,-1
8960,1173,-1
8961,1167,0
8962,1182,-1
8963,1187,-1
8964,1186,-1
8965,1195,-1
8966,1187,1
8967,1208,0
8968,1195,-2
8969,1180,1
8970,1180,-2
8971,1181,0
8972,1169,-2
8973,1179,-1
8974,1179,-1
8975,1183,0
8976,1185,0
8977,1179,1
8978,1190,1
8979,1199,-1
8980,1189,1
8981,1200,1
8982,1198,0
8983,1196,1
8984,1181,-2
8985,1177,-2
8986,1169,-2
8987,1173,-1
8988,1173,0
8989,1179,1
8990,1182,-2
8991,1192,-3
8992,1192,1
8993,1191,-2
8994,1191,-2
8995,1197,-1
8996,1197,0
8997,1196,1
8998,1192,1
8999,1196,-1
9000,1179,1
9001,1174,-2
9002,1177,0
9003,1178,-2
9004,1181,1
9005,1183,-2
9006,1193,-1
9007,1192,-2
9008,1192,-1
9009,1200,1
9010,1188,0
9011,1193,1
9012,1191,0
9013,1190,1
9014,1178,-2
9015,1191,0
9016,1185,1
9017,1182,1
9018,1180,0
9019,1182,0
9020,1181,2
9021,1182,-1
9022,1191,-2
9023,1195,0
9024,1188,0
9025,1188,0
9026,1192,1
9027,1201,1
9028,1193,0
9029,1192,-2
9030,1188,-1
9031,1189,1
9032,1182,-2
9033,1176,-1
9034,1176,1
9035,1183,1
9036,1189,-1
9037,1185,0
9038,1191,0
9039,1205,0
9040,1201,-2
9041,1202,1
9042,1197,1
9043,1198,-2
9044,1189,0
9045,1191,-1
9046,1184,-2
9047,1188,0
9048,1177,1
9049,1178,1
9050,1179,1
9051,1180,0
9052,1196,-1
9053,1200,-1
9054,1210,-1
9055,1216,1
9056,1203,-2
9057,1192,0
9058,1188,1
9059,1182,-1
9060,1179,-1
9061,1173,1
9062,1177,1
9063,1186,-1
9064,1177,-1
9065,1182,-1
9066,1188,-1
9067,1204,-2
9068,1203,-1
9069,1200,0
9070,1205,0
9071,1195,-1
9072,1191,1
9073,1172,0
9074,1171,-2
9075,1173,-1
9076,1178,-2
9077,1180,0
9078,1189,1
9079,1198,-1
9080,1200,-1
9081,1197,0
9082,1202,-1
9083,1212,0
9084,1202,-2
9085,1206,1
9086,1194,-1
9087,1181,-1
9088,1175,-1
9089,1179,-1
9090,1172,1
9091,1178,0
9092,1177,0
9093,1189,1
9094,1197,0
9095,1215,1
9096,1207,-2
9097,1197,0
9098,1197,0
9099,1200,-2
9100,1191,0
9101,1182,-2
9102,1188,0
9103,1194,-1
9104,1177,0
9105,1175,1
9106,1173,-1
9107,1181,-2
9108,1189,0
9109,1193,-1
9110,1202,2
9111,1198,1
9112,1198,0
9113,1188,-2
9114,1196,2
9115,1195,1
9116,1184,-1
9117,1185,1
9118,1185,-1
9119,1196,-2
9120,1180,1
9121,1182,1
9122,1178,0
9123,1188,1
9124,1193,0
9125,1199,-2
9126,1202,-1
9127,1207,-1
9128,1200,-1
9129,1191,-2
9130,1189,0
9131,1195,-2
9132,1188,-1
9133,1180,0
9134,1180,-2
9135,1188,-1
9136,1179,-2
9137,1174,0
9138,1190,-1
9139,1198,-1
9140,1196,-2
9141,1198,-2
9142,1212,0
9143,1222,-1
9144,1205,0
9145,1188,0
9146,1185,-1
9147,1183,1
9148,1173,-3
9149,1171,-2
9150,1182,1
9151,1191,0
9152,1188,1
9153,1194,-1
9154,1201,0
9155,1211,1
9156,1210,1
9157,1212,1
9158,1202,-1
9159,1203,-1
9160,1182,-1
9161,1176,0
9162,1172,-2
9163,1171,0
9164,1172,0
9165,1180,-2
9166,1194,0
9167,1209,1
9168,1202,0
9169,1206,1
9170,1208,1
9171,1209,-2
9172,1199,2
9173,1197,0
9174,1189,1
9175,1194,-2
9176,1177,-1
9177,1170,0
9178,1168,-2
9179,1188,-1
9180,1192,1
9181,1194,0
9182,1207,0
9183,1215,0
9184,1207,-1
9185,1205,1
9186,1191,2
9187,1194,-2
9188,1188,1
9189,1185,-2
9190,1185,1
9191,1191,-1
9192,1191,1
9193,1180,1
9194,1188,0
9195,1196,0
9196,1195,-1
9197,1199,-2
9198,1207,1
9199,1218,0
9200,1197,0
9201,1194,1
9202,1183,0
9203,1197,0
9204,1186,1
9205,1189,-1
9206,1185,1
9207,1197,1
9208,1188,1
9209,1186,-3
9210,1191,-1
9211,1197,1
9212,1198,0
9213,1186,1
9214,1203,-1
9215,1206,-1
9216,1204,-1
9217,1190,0
9218,1188,0
9219,1185,0
9220,1181,-1
9221,1194,0
9222,1190,-2
9223,1193,0
9224,1191,0
9225,1194,-1
9226,1194,0
9227,1202,-1
9228,1206,0
9229,1209,-1
9230,1203,-1
9231,1220,-2
9232,1199,0
9233,1184,0
9234,1186,-1
9235,1188,1
9236,1179,1
9237,1185,-1
9238,1195,4
9239,1191,1
9240,1196,-1
9241,1189,-1
9242,1201,1
9243,1203,0
9244,1207,-2
9245,1208,1
9246,1199,1
9247,1209,1
9248,1179,-1
9249,1169,-1
9250,1174,-3
9251,1183,0
9252,1177,2
9253,1194,-1
9254,1194,1
9255,1219,-1
9256,1209,-2
9257,1207,1
9258,1206,0
9259,1210,-1
9260,1206,-1
9261,1200,1
9262,1190,0
9263,1192,0
9264,1183,-2
9265,1174,1
9266,1180,1
9267,1187,-2
9268,1190,1
9269,1200,-2
9270,1207,0
9271,1212,1
9272,1202,-1
9273,1198,0
9274,1202,-1
9275,1195,1
9276,1190,-2
9277,1186,1
9278,1185,1
9279,1195,-1
9280,1191,1
9281,1177,-2
9282,1185,1
9283,1198,0
9284,1205,-2
9285,1203,-1
9286,1203,1
9287,1206,-1
9288,1203,-1
9289,1192,0
9290,1190,0
9291,1189,1
9292,1194,-2
9293,1188,0
9294,1188,-1
9295,1198,1
9296,1202,-2
9297,1177,-4
9298,1191,1
9299,1192,-3
9300,1197,0
9301,1194,-2
9302,1209,0
9303,1209,1
9304,1201,-2
9305,1186,0
9306,1194,-1
9307,1192,1
9308,1197,2
9309,1191,1
9310,1192,1
9311,1198,0
9312,1196,-1
9313,1195,-2
9314,1191,1
9315,1205,0
9316,1198,1
9317,1206,-2
9318,1212,-1
9319,1207,1
9320,1200,1
9321,1193,-1
9322,1185,1
9323,1197,1
9324,1185,1
9325,1190,-2
9326,1185,0
9327,1201,-1
9328,1191,-1
9329,1194,-2
9330,1209,-2
9331,1208,-1
9332,1212,1
9333,1221,-2
9334,1213,1
9335,1212,0
9336,1188,1
9337,1179,1
9338,1185,-3
9339,1179,0
9340,1185,1
9341,1187,-2
9342,1193,0
9343,1209,1
9344,1209,0
9345,1205,0
9346,1204,-2
9347,1203,1
9348,1210,-2
9349,1188,0
9350,1194,-2
9351,1188,0
9352,1185,-2
9353,1170,0
9354,1181,1
9355,1185,1
9356,1191,0
9357,1194,-1
9358,1208,-2
9359,1224,0
9360,1209,2
9361,1202,-1
9362,1203,0
9363,1199,-2
9364,1192,1
9365,1186,0
9366,1190,-1
9367,1200,0
9368,1189,0
9369,1181,-1
9370,1185,0
9371,1203,-2
9372,1203,1
9373,1197,-2
9374,1206,-1
9375,1221,1
9376,1204,0
9377,1194,0
9378,1191,-3
9379,1190,0
9380,1195,-1
9381,1187,1
9382,1191,-1
9383,1193,0
9384,1188,-1
9385,1189,-2
9386,1195,-2
9387,1194,1
9388,1201,0
9389,1208,-2
9390,1209,1
9391,1203,1
9392,1211,1
9393,1196,-2
9394,1187,1
9395,1196,3
9396,1178,-2
9397,1186,-1
9398,1191,-1
9399,1194,-1
9400,1199,-1
9401,1182,-2
9402,1197,-2
9403,1203,1
9404,1208,-3
9405,1208,-2
9406,1218,-3
9407,1221,0
9408,1202,0
9409,1191,1
9410,1191,-1
9411,1186,-2
9412,1187,-1
9413,1173,-1
9414,1194,-2
9415,1199,-1
9416,1191,1
9417,1197,-2
9418,1207,0
9419,1207,2
9420,1206,0
9421,1201,-1
9422,1216,-3
9423,1198,1
9424,1191,1
9425,1174,-1
9426,1182,-1
9427,1185,0
9428,1185,0
9429,1194,1
9430,1199,-2
9431,1215,-2
9432,1209,0
9433,1200,-2
9434,1215,-1
9435,1215,-1
9436,1202,1
9437,1190,-1
9438,1194,1
9439,1193,0
9440,1185,1
9441,1178,1
9442,1193,0
9443,1192,0
9444,1195,-2
9445,1197,1
9446,1220,1
9447,1218,1
9448,1207,-1
9449,1192,0
9450,1204,0
9451,1196,-1
9452,1191,-1
9453,1190,0
9454,1192,0
9455,1201,-1
9456,1198,-1
9457,1185,-2
9458,1194,1
9459,1202,0
9460,1209,-1
9461,1207,-1
9462,1212,1
9463,1211,0
9464,1199,0
9465,1197,-1
9466,1192,-2
9467,1196,-1
9468,1192,-1
9469,1186,-1
9470,1197,-2
9471,1196,1
9472,1184,0
9473,1179,1
9474,1194,0
9475,1200,1
9476,1206,1
9477,1202,1
9478,1208,-1
9479,1215,1
9480,1205,0
9481,1188,-1
9482,1186,0
9483,1196,0
9484,1189,-2
9485,1191,1
9486,1194,-1
9487,1191,-1
9488,1185,1
9489,1199,0
9490,1203,2
9491,1206,-1
9492,1206,1
9493,1213,-2
9494,1221,1
9495,1209,0
9496,1196,-1
9497,1188,-1
9498,1189,0
9499,1177,0
9500,1194,1
9501,1178,1
9502,1196,1
9503,1201,1
9504,1203,0
9505,1195,0
9506,1210,-2
9507,1215,0
9508,1217,1
9509,1215,0
9510,1212,1
9511,1187,1
9512,1183,0
9513,1177,-2
9514,1182,1
9515,1187,1
9516,1181,-1
9517,1192,1
9518,1205,-2
9519,1215,-4
9520,1210,0
9521,1206,-1
9522,1208,0
9523,1216,1
9524,1204,-1
9525,1195,-2
9526,1195,0
9527,1185,0
9528,1177,1
9529,1173,-1
9530,1185,0
9531,1203,0
9532,1206,-2
9533,1209,0
9534,1216,1
9535,1221,0
9536,1216,0
9537,1203,-1
9538,1202,-1
9539,1198,-1
9540,1188,-1
9541,1184,1
9542,1188,1
9543,1194,2
9544,1185,1
9545,1185,0
9546,1201,0
9547,1206,1
9548,1206,-2
9549,1209,-1
9550,1211,-2
9551,1212,-1
9552,1195,1
9553,1190,-1
9554,1184,0
9555,1185,-1
9556,1188,-1
9557,1195,-2
9558,1198,-2
9559,1188,-1
9560,1193,0
9561,1188,1
9562,1201,0
9563,1201,0
9564,1197,-2
9565,1212,-1
9566,1207,1
9567,1210,0
9568,1200,-1
9569,1182,1
9570,1191,0
9571,1188,0
9572,1185,1
9573,1188,-1
9574,1192,-2
9575,1197,1
9576,1198,1
9577,1199,0
9578,1199,1
9579,1211,-2
9580,1209,-1
9581,1211,-2
9582,1216,0
9583,1202,-2
9584,1188,0
9585,1186,1
9586,1188,1
9587,1191,0
9588,1187,0
9589,1185,1
9590,1194,-1
9591,1201,-2
9592,1208,0
9593,1199,-1
9594,1200,-2
9595,1223,-1
9596,1210,-1
9597,1204,-2
9598,1207,-2
9599,1184,-2
9600,1186,0
9601,1182,-1
9602,1184,-1
9603,1194,-1
9604,1194,0
9605,1202,-2
9606,1225,-1
9607,1222,0
9608,1212,-1
9609,1206,1
9610,1210,1
9611,1212,-2
9612,1206,-2
9613,1190,0
9614,1188,0
9615,1190,1
9616,1183,-1
9617,1176,-1
9618,1190,-1
9619,1209,-2
9620,1207,1
9621,1207,-1
9622,1213,-2
9623,1220,-1
9624,1204,0
9625,1194,0
9626,1192,1
9627,1188,-2
9628,1185,-1
9629,1193,0
9630,1206,-1
9631,1203,0
9632,1200,-1
9633,1188,0
9634,1201,-1
9635,1212,1
9636,1214,1
9637,1209,1
9638,1207,-1
9639,1196,-3
9640,1196,-1
9641,1189,-1
9642,1185,1
9643,1196,-2
9644,1189,-2
9645,1194,-2
9646,1209,0
9647,1200,-2
9648,1201,-1
9649,1192,-1
9650,1199,-1
9651,1208,-2
9652,1203,1
9653,1203,1
9654,1213,-1
9655,1206,-1
9656,1195,-2
9657,1189,-1
9658,1197,-2
9659,1204,-2
9660,1194,-2
9661,1194,1
9662,1191,0
9663,1199,0
9664,1195,-1
9665,1189,-1
9666,1194,-1
9667,1202,1
9668,1203,1
9669,1203,-2
9670,1204,-2
9671,1207,1
9672,1198,1
9673,1194,-2
9674,1191,0
9675,1197,0
9676,1187,-2
9677,1189,-2
9678,1206,-2
9679,1197,1
9680,1197,-2
9681,1199,1
9682,1200,-1
9683,1214,-2
9684,1209,1
9685,1210,-2
9686,1209,-1
9687,1203,-1
9688,1195,-1
9689,1178,0
9690,1184,-1
9691,1199,-2
9692,1187,1
9693,1200,-2
9694,1212,-2
9695,1208,-1
9696,1208,-1
9697,1206,1
9698,1209,-2
9699,1206,0
9700,1200,0
9701,1190,1
9702,1195,0
9703,1196,-1
9704,1194,-3
9705,1173,-1
9706,1177,1
9707,1194,-2
9708,1207,0
9709,1202,-1
9710,1217,0
9711,1206,1
9712,1203,-2
9713,1203,0
9714,1201,-1
9715,1191,-2
9716,1194,-1
9717,1181,0
9718,1197,-2
9719,1191,1
9720,1188,2
9721,1190,-2
9722,1200,0
9723,1209,1
9724,1206,0
9725,1202,-1
9726,1222,-3
9727,1209,-2
9728,1203,-1
9729,1186,0
9730,1188,-2
9731,1193,-1
9732,1195,0
9733,1194,0
9734,1197,0
9735,1191,-1
9736,1188,-2
9737,1188,1
9738,1195,-1
9739,1200,-1
9740,1203,-1
9741,1203,1
9742,1217,0
9743,1203,-1
9744,1206,-1
9745,1191,0
9746,1181,-1
9747,1189,-1
9748,1191,-1
9749,1190,-1
9750,1191,0
9751,1193,-2
9752,1200,1
9753,1193,1
9754,1198,0
9755,1206,0
9756,1215,0
9757,1209,-1
9758,1218,1
9759,1206,1
9760,1191,0
9761,1180,-2
9762,1186,-2
9763,1189,-1
9764,1182,1
9765,1185,-3
9766,1204,-1
9767,1208,0
9768,1202,-1
9769,1205,0
9770,1209,0
9771,1221,1
9772,1217,-1
9773,1209,0
9774,1209,-1
9775,1194,1
9776,1185,-2
9777,1176,-1
9778,1182,0
9779,1179,0
9780,1200,1
9781,1193,0
9782,1218,1
9783,1221,-2
9784,1226,1
9785,1213,1
9786,1215,-2
9787,1202,0
9788,1199,-2
9789,1192,-1
9790,1193,-2
9791,1186,0
9792,1172,0
9793,1176,-1
9794,1190,0
9795,1200,-2
9796,1218,-1
9797,1213,-2
9798,1223,0
9799,1228,0
9800,1220,1
9801,1202,-1
9802,1203,1
9803,1190,-1
9804,1178,-1
9805,1181,-2
9806,1193,-2
9807,1193,-2
9808,1191,0
9809,1203,0
9810,1204,1
9811,1214,-2
9812,1215,0
9813,1216,-1
9814,1220,0
9815,1215,1
9816,1200,1
9817,1191,-1
9818,1188,-2
9819,1179,1
9820,1186,0
9821,1184,-2
9822,1202,-1
9823,1194,0
9824,1209,-2
9825,1194,-2
9826,1210,1
9827,1208,-2
9828,1206,-2
9829,1204,-1
9830,1215,1
9831,1195,0
9832,1187,1
9833,1184,0
9834,1187,0
9835,1190,1
9836,1198,1
9837,1191,-1
9838,1198,-2
9839,1206,-2
9840,1209,0
9841,1203,1
9842,1201,1
9843,1209,-1
9844,1212,1
9845,1204,-2
9846,1206,-2
9847,1200,0
9848,1194,-2
9849,1194,1
9850,1191,-1
9851,1186,2
9852,1193,0
9853,1197,1
9854,1212,-3
9855,1208,0
9856,1205,0
9857,1203,-1
9858,1216,0
9859,1212,0
9860,1212,-2
9861,1196,-2
9862,1199,1
9863,1191,-1
9864,1179,-2
9865,1183,-1
9866,1187,1
9867,1190,1
9868,1200,0
9869,1203,-1
9870,1210,-2
9871,1213,2
9872,1212,-3
9873,1208,0
9874,1207,0
9875,1201,0
9876,1200,-1
9877,1190,0
9878,1193,0
9879,1189,-1
9880,1186,1
9881,1192,-1
9882,1194,-1
9883,1210,-1
9884,1204,0
9885,1210,1
9886,1229,-2
9887,1217,0
9888,1214,-1
9889,1198,0
9890,1193,-1
9891,1189,-2
9892,1193,1
9893,1199,-1
9894,1201,1
9895,1194,-1
9896,1198,-2
9897,1190,0
9898,1208,1
9899,1222,-1
9900,1217,0
9901,1202,0
9902,1212,1
9903,1207,0
9904,1197,-2
9905,1183,-1
9906,1190,-1
9907,1187,0
9908,1188,0
9909,1199,-2
9910,1216,-2
9911,1207,-2
9912,1206,1
9913,1203,0
9914,1204,-2
9915,1199,0
9916,1193,0
9917,1204,-2
9918,1213,0
9919,1205,1
9920,1207,-2
9921,1196,0
9922,1196,1
9923,1196,0
9924,1206,-2
9925,1202,0
9926,1210,0
9927,1197,0
9928,1203,0
9929,1201,-1
9930,1196,-2
9931,1200,-2
9932,1207,-1
9933,1213,1
9934,1219,-2
9935,1206,0
9936,1195,1
9937,1193,0
9938,1193,-1
9939,1183,0
9940,1190,0
9941,1201,-2
9942,1210,0
9943,1211,1
9944,1207,1
9945,1203,-1
9946,1207,1
9947,1220,-1
9948,1209,0
9949,1212,1
9950,1210,1
9951,1200,1
9952,1194,-2
9953,1181,0
9954,1180,0
9955,1191,0
9956,1195,-2
9957,1210,-2
9958,1216,-2
9959,1216,1
9960,1223,-2
9961,1210,-1
9962,1212,-2
9963,1210,1
9964,1202,-1
9965,1191,0
9966,1193,1
9967,1197,-2
9968,1188,1
9969,1185,0
9970,1193,0
9971,1216,-1
9972,1212,0
9973,1213,2
9974,1235,1
9975,1223,2
9976,1212,-1
9977,1203,1
9978,1190,-1
9979,1190,-1
9980,1188,-3
9981,1196,-2
9982,1204,0
9983,1194,0
9984,1204,0
9985,1201,1
9986,1209,-1
9987,1219,-2
9988,1216,-1
9989,1218,-2
9990,1225,0
9991,1204,-1
9992,1205,-1
9993,1186,-2
9994,1188,1
9995,1193,0
9996,1192,1
9997,1197,-2
9998,1211,-2
9999,1208,-1
10000,1212,0
10001,1203,-1
10002,1203,1
10003,1207,-2
10004,1213,-3
10005,1205,-2
10006,1221,-2
10007,1198,-1
10008,1199,-2
10009,1193,3
10010,1191,-1
10011,1191,0
10012,1195,-2
10013,1206,0
10014,1220,0
10015,1209,0
10016,1201,1
10017,1203,-1
10018,1196,1
10019,1200,1
10020,1203,1
10021,1197,-1
10022,1215,3
10023,1197,-1
10024,1196,0
10025,1193,1
10026,1197,-2
10027,1191,1
10028,1191,2
10029,1206,-1
10030,1215,-2
10031,1205,0
10032,1211,1
10033,1197,1
10034,1216,-1
10035,1215,-2
10036,1203,1
10037,1200,1
10038,1214,-1
10039,1199,-2
10040,1191,0
10041,1190,-2
10042,1192,-2
10043,1200,3
10044,1212,-2
10045,1215,1
10046,1226,0
10047,1223,1
10048,1220,0
10049,1208,-2
10050,1207,-1
10051,1206,-1
10052,1203,0
10053,1192,-1
10054,1204,0
10055,1185,1
10056,1196,-4
10057,1194,1
10058,1211,-2
10059,1210,0
10060,1215,0
10061,1217,0
10062,1235,-2
10063,1221,0
10064,1212,0
10065,1196,-2
10066,1195,0
10067,1190,-1
10068,1198,0
10069,1195,1
10070,1210,-3
10071,1197,-3
10072,1204,-1
10073,1208,0
10074,1207,-1
10075,1223,0
10076,1223,0
10077,1218,1
10078,1228,-1
10079,1211,-2
10080,1199,1
10081,1186,1
10082,1191,0
10083,1193,1
10084,1196,-2
10085,1206,-1
10086,1213,0
10087,1210,-1
10088,1221,-2
10089,1218,0
10090,1209,-2
10091,1206,0
10092,1211,-1
10093,1218,-1
10094,1222,0
10095,1200,-2
10096,1199,1
10097,1190,-1
10098,1197,-1
10099,1209,-2
10100,1202,1
10101,1202,0
10102,1219,-2
10103,1211,0
10104,1207,-1
10105,1210,0
10106,1209,0
10107,1206,-1
10108,1209,-1
10109,1202,0
10110,1223,0
10111,1205,0
10112,1208,-2
10113,1201,0
10114,1193,0
10115,1194,1
10116,1199,0
10117,1204,-1
10118,1213,-2
10119,1206,-2
10120,1223,-2
10121,1221,1
10122,1215,1
10123,1209,1
10124,1217,-2
10125,1216,1
10126,1210,-2
10127,1206,1
10128,1194,0
10129,1185,-1
10130,1195,-1
10131,1198,1
10132,1209,0
10133,1216,0
10134,1235,-1
10135,1218,0
10136,1222,-2
10137,1219,0
10138,1207,0
10139,1211,-1
10140,1200,1
10141,1192,0
10142,1204,0
10143,1196,1
10144,1191,-2
10145,1194,1
10146,1206,0
10147,1207,1
10148,1226,-2
10149,1231,1
10150,1232,1
10151,1215,0
10152,1218,-1
10153,1206,-1
10154,1196,-1
10155,1195,0
10156,1185,-1
10157,1194,-2
10158,1205,1
10159,1201,-1
10160,1212,1
10161,1215,-1
10162,1223,0
10163,1224,-2
10164,1221,4
10165,1221,1
10166,1235,0
10167,1211,0
10168,1202,0
10169,1197,1
10170,1192,0
10171,1193,-1
10172,1200,0
10173,1208,1
10174,1219,-1
10175,1218,-2
10176,1212,-2
10177,1216,-1
10178,1213,-2
10179,1216,-1
10180,1213,1
10181,1209,1
10182,1218,-1
10183,1199,-1
10184,1197,0
10185,1194,-2
10186,1190,0
10187,1196,-2
10188,1205,-1
10189,1203,1
10190,1221,-2
10191,1223,-3
10192,1214,-2
10193,1213,0
10194,1218,-1
10195,1215,-2
10196,1218,-1
10197,1209,-2
10198,1219,0
10199,1200,1
10200,1197,1
10201,1197,1
10202,1191,0
10203,1202,1
10204,1206,-2
10205,1210,1
10206,1232,0
10207,1229,0
10208,1221,-1
10209,1213,0
10210,1209,1
10211,1219,-2
10212,1212,-1
10213,1203,-2
10214,1207,0
10215,1204,1
10216,1193,1
10217,1180,1
10218,1202,-1
10219,1209,0
10220,1210,1
10221,1222,0
10222,1238,-2
10223,1222,-2
10224,1226,0
10225,1215,1
10226,1213,-2
10227,1201,1
10228,1199,2
10229,1197,0
10230,1200,1
10231,1200,1
10232,1190,-1
10233,1202,-1
10234,1206,-1
10235,1229,-2
10236,1221,1
10237,1229,-1
10238,1239,0
10239,1221,1
10240,1220,0
10241,1203,1
10242,1193,1
10243,1198,1
10244,1189,2
10245,1198,0
10246,1205,0
10247,1220,-1
10248,1214,1
10249,1223,0
10250,1229,-2
10251,1238,1
10252,1221,-1
10253,1223,0
10254,1225,-1
10255,1215,-3
10256,1191,-1
10257,1188,1
10258,1191,1
10259,1202,1
10260,1206,-2
10261,1206,1
10262,1221,0
10263,1224,0
10264,1223,0
10265,1218,-2
10266,1217,1
10267,1212,-2
10268,1212,-1
10269,1197,1
10270,1205,-1
10271,1200,1
10272,1197,-1
10273,1202,1
10274,1197,0
10275,1201,0
10276,1215,1
10277,1224,1
10278,1235,-2
10279,1223,-1
10280,1221,1
10281,1218,-2
10282,1223,0
10283,1218,-2
10284,1206,-1
10285,1206,0
10286,1212,1
10287,1212,-2
10288,1202,0
10289,1204,1
10290,1200,1
10291,1218,-2
10292,1223,-1
10293,1223,-1
10294,1233,1
10295,1220,0
10296,1215,0
10297,1209,1
10298,1217,1
10299,1215,-1
10300,1210,-2
10301,1214,1
10302,1212,0
10303,1209,1
10304,1205,-1
10305,1197,-2
10306,1205,0
10307,1218,-2
10308,1219,-2
10309,1218,1
10310,1231,-2
10311,1225,0
10312,1224,0
10313,1209,1
10314,1205,-2
10315,1203,0
10316,1199,1
10317,1201,1
10318,1212,-1
10319,1191,-2
10320,1209,0
10321,1206,0
10322,1219,-1
10323,1226,1
10324,1223,-1
10325,1220,1
10326,1229,1
10327,1218,-2
10328,1206,0
10329,1201,0
10330,1205,-2
10331,1207,0
10332,1196,-2
10333,1200,1
10334,1214,-1
10335,1214,-2
10336,1213,1
10337,1215,-1
10338,1218,1
10339,1224,-1
10340,1223,1
10341,1217,-2
10342,1223,1
10343,1202,-2
10344,1203,-1
10345,1201,-1
10346,1194,1
10347,1198,-1
10348,1209,-2
10349,1215,0
10350,1226,-2
10351,1218,-1
10352,1215,-1
10353,1215,0
10354,1209,-1
10355,1209,-1
10356,1218,1
10357,1213,-2
10358,1219,-2
10359,1218,0
10360,1208,0
10361,1203,-2
10362,1209,0
10363,1208,-2
10364,1209,-1
10365,1213,0
10366,1229,1
10367,1216,0
10368,1211,0
10369,1199,1
10370,1214,-3
10371,1209,-2
10372,1217,-1
10373,1214,-1
10374,1225,1
10375,1215,0
10376,1203,-3
10377,1210,1
10378,1194,-1
10379,1206,-2
10380,1211,1
10381,1218,1
10382,1221,0
10383,1210,0
10384,1209,-2
10385,1210,-1
10386,1207,0
10387,1212,1
10388,1221,1
10389,1206,1
10390,1223,1
10391,1218,0
10392,1196,-2
10393,1204,-2
10394,1199,-2
10395,1212,0
10396,1213,1
10397,1215,-4
10398,1232,-1
10399,1223,0
10400,1223,0
10401,1216,0
10402,1207,1
10403,1212,1
10404,1208,-1
10405,1211,-2
10406,1206,-1
10407,1196,-3
10408,1193,-1
10409,1207,-2
10410,1214,1
10411,1226,1
10412,1223,-2
10413,1219,0
10414,1233,2
10415,1223,-1
10416,1207,-2
10417,1206,-2
10418,1197,1
10419,1197,-1
10420,1198,1
10421,1189,1
10422,1208,1
10423,1210,0
10424,1206,-2
10425,1221,1
10426,1224,0
10427,1224,0
10428,1226,0
10429,1228,-2
10430,1238,-1
10431,1220,-2
10432,1206,-3
10433,1195,-2
10434,1185,-1
10435,1199,-2
10436,1213,-1
10437,1203,-1
10438,1212,1
10439,1215,-3
10440,1218,-2
10441,1218,1
10442,1214,0
10443,1222,0
10444,1221,0
10445,1211,-1
10446,1223,0
10447,1211,1
10448,1207,1
10449,1211,0
10450,1208,-1
10451,1208,1
10452,1209,-1
10453,1214,1
10454,1224,2
10455,1221,0
10456,1219,-1
10457,1226,-1
10458,1223,1
10459,1223,1
10460,1212,0
10461,1212,-2
10462,1211,0
10463,1199,-1
10464,1193,-2
10465,1195,0
10466,1200,-2
10467,1218,0
10468,1214,-2
10469,1223,1
10470,1232,0
10471,1238,3
10472,1216,-2
10473,1222,1
10474,1220,-1
10475,1212,-1
10476,1210,-1
10477,1195,-2
10478,1218,0
10479,1203,0
10480,1188,-2
10481,1204,0
10482,1206,-1
10483,1219,0
10484,1220,-1
10485,1226,0
10486,1234,1
10487,1233,0
10488,1229,-1
10489,1210,1
10490,1206,-3
10491,1208,-1
10492,1201,-1
10493,1194,1
10494,1206,-1
10495,1201,-1
10496,1202,-2
10497,1203,0
10498,1223,-1
10499,1237,-1
10500,1231,0
10501,1232,0
10502,1240,0
10503,1231,-2
10504,1206,-2
10505,1190,1
10506,1189,-2
10507,1192,1
10508,1186,1
10509,1196,0
10510,1209,0
10511,1212,0
10512,1216,0
10513,1235,0
10514,1231,-1
10515,1233,-1
10516,1229,-1
10517,1226,-1
10518,1212,1
10519,1206,-2
10520,1179,0
10521,1187,0
10522,1186,2
10523,1204,-1
10524,1203,0
10525,1219,-2
10526,1231,0
10527,1241,-1
10528,1225,-2
10529,1233,-2
10530,1218,-2
10531,1226,-1
10532,1206,1
10533,1207,0
10534,1209,0
10535,1193,2
10536,1194,1
10537,1197,0
10538,1203,-2
10539,1215,0
10540,1223,-1
10541,1228,1
10542,1228,-2
10543,1235,-1
10544,1211,1
10545,1215,-1
10546,1220,-1
10547,1208,0
10548,1209,-1
10549,1205,1
10550,1217,1
10551,1212,0
10552,1200,1
10553,1206,-2
10554,1213,0
10555,1217,1
10556,1220,0
10557,1226,-2
10558,1234,0
10559,1222,-1
10560,1218,-2
10561,1220,0
10562,1212,-2
10563,1203,-1
10564,1209,1
10565,1198,0
10566,1209,-1
10567,1203,1
10568,1202,1
10569,1209,1
10570,1213,1
10571,1221,-1
10572,1220,-1
10573,1221,1
10574,1238,0
10575,1218,0
10576,1208,1
10577,1211,0
10578,1209,1
10579,1198,-3
10580,1206,0
10581,1200,-2
10582,1217,1
10583,1212,0
10584,1212,1
10585,1216,-1
10586,1226,-2
10587,1233,-1
10588,1228,-2
10589,1230,0
10590,1230,-1
10591,1220,-2
10592,1203,-2
10593,1197,-2
10594,1193,1
10595,1203,0
10596,1200,1
10597,1200,1
10598,1221,-1
10599,1228,-2
10600,1218,-2
10601,1230,-1
10602,1222,-2
10603,1231,2
10604,1227,0
10605,1215,-2
10606,1217,-1
10607,1209,-2
10608,1187,-2
10609,1206,1
10610,1203,-2
10611,1213,1
10612,1220,-1
10613,1223,0
10614,1233,-1
10615,1237,-2
10616,1220,0
10617,1207,-2
10618,1215,-1
10619,1223,0
10620,1206,-2
10621,1210,-1
10622,1213,-2
10623,1207,-1
10624,1199,0
10625,1201,-1
10626,1212,0
10627,1216,0
10628,1223,0
10629,1221,0
10630,1229,-2
10631,1227,0
10632,1218,0
10633,1215,1
10634,1217,1
10635,1208,0
10636,1205,0
10637,1212,-1
10638,1219,0
10639,1221,-1
10640,1203,1
10641,1197,-1
10642,1217,0
10643,1213,-2
10644,1221,-2
10645,1226,0
10646,1223,-1
10647,1221,-2
10648,1216,-1
10649,1207,0
10650,1219,-1
10651,1212,1
10652,1210,1
10653,1216,-1
10654,1203,0
10655,1197,1
10656,1200,-2
10657,1204,1
10658,1212,1
10659,1218,1
10660,1215,-1
10661,1227,-1
10662,1234,-2
10663,1244,-1
10664,1220,0
10665,1220,0
10666,1215,0
10667,1206,-2
10668,1197,-1
10669,1196,1
10670,1208,-2
10671,1201,2
10672,1202,1
10673,1213,1
10674,1228,0
10675,1235,-2
10676,1234,0
10677,1243,-2
10678,1242,-2
10679,1223,-1
10680,1200,1
10681,1205,1
10682,1195,1
10683,1194,-1
10684,1198,-2
10685,1212,-2
10686,1214,-1
10687,1218,3
10688,1217,-2
10689,1227,-2
10690,1236,-2
10691,1244,0
10692,1233,1
10693,1223,-1
10694,1219,-2
10695,1214,-2
10696,1191,-1
10697,1192,-2
10698,1195,1
10699,1201,-2
10700,1212,-1
10701,1229,-2
10702,1229,0
10703,1241,-1
10704,1228,-2
10705,1225,1
10706,1223,0
10707,1217,-1
10708,1216,0
10709,1212,-2
10710,1212,1
10711,1207,1
10712,1195,-1
10713,1200,0
10714,1218,0
10715,1218,0
10716,1235,1
10717,1229,0
10718,1235,0
10719,1226,-1
10720,1219,1
10721,1218,-2
10722,1218,0
10723,1213,-2
10724,1204,-1
10725,1206,1
10726,1217,-1
10727,1210,0
10728,1197,-1
10729,1200,1
10730,1232,-1
10731,1223,1
10732,1226,-1
10733,1226,0
10734,1234,-1
10735,1229,1
10736,1212,-3
10737,1223,0
10738,1223,1
10739,1206,0
10740,1206,-2
10741,1207,-1
10742,1221,0
10743,1210,1
10744,1197,-1
10745,1211,-1
10746,1222,0
10747,1232,-2
10748,1232,1
10749,1228,-2
10750,1244,0
10751,1233,-1
10752,1216,-1
10753,1210,0
10754,1212,-2
10755,1205,-1
10756,1208,-1
10757,1203,-1
10758,1214,-1
10759,1221,-1
10760,1203,0
10761,1218,1
10762,1232,0
10763,1238,1
10764,1232,1
10765,1238,1
10766,1227,0
10767,1218,-2
10768,1209,1
10769,1207,-3
10770,1202,1
10771,1206,1
10772,1198,0
10773,1209,1
10774,1224,-2
10775,1227,0
10776,1226,-1
10777,1230,0
10778,1242,-1
10779,1235,-1
10780,1233,-1
10781,1227,-1
10782,1218,-1
10783,1213,-2
10784,1198,0
10785,1202,-1
10786,1212,0
10787,1221,0
10788,1228,0
10789,1237,1
10790,1246,1
10791,1241,-1
10792,1216,0
10793,1226,1
10794,1228,1
10795,1212,0
10796,1212,-2
10797,1207,1
10798,1215,-2
10799,1218,-1
10800,1207,1
10801,1220,1
10802,1224,-1
10803,1221,0
10804,1226,-2
10805,1238,0
10806,1235,-1
10807,1232,-2
10808,1226,-2
10809,1220,0
10810,1218,1
10811,1215,0
10812,1216,-2
10813,1218,0
10814,1229,-1
10815,1219,-2
10816,1206,1
10817,1210,1
10818,1218,1
10819,1226,1
10820,1225,0
10821,1226,-2
10822,1227,-1
10823,1234,1
10824,1222,1
10825,1224,0
10826,1233,-1
10827,1223,-2
10828,1212,-2
10829,1218,1
10830,1223,-1
10831,1207,1
10832,1204,-1
10833,1215,1
10834,1221,-2
10835,1234,0
10836,1232,-1
10837,1233,1
10838,1251,-1
10839,1241,0
10840,1217,0
10841,1225,-1
10842,1223,1
10843,1217,1
10844,1206,0
10845,1201,1
10846,1213,0
10847,1212,0
10848,1211,1
10849,1221,-2
10850,1228,1
10851,1243,0
10852,1239,-1
10853,1245,-4
10854,1247,1
10855,1235,0
10856,1197,-1
10857,1206,-2
10858,1214,-1
10859,1200,1
10860,1194,-2
10861,1205,0
10862,1230,-1
10863,1232,-2
10864,1234,1
10865,1228,-1
10866,1247,0
10867,1247,0
10868,1237,1
10869,1223,-1
10870,1216,-1
10871,1207,0
10872,1191,1
10873,1204,0
10874,1203,1
10875,1213,0
10876,1220,0
10877,1228,-1
10878,1238,1
10879,1253,-2
10880,1234,1
10881,1246,-2
10882,1236,1
10883,1226,-1
10884,1217,-1
10885,1215,1
10886,1215,0
10887,1205,1
10888,1204,-1
10889,1202,0
10890,1213,-2
10891,1224,0
10892,1232,-2
10893,1240,-1
10894,1244,-2
10895,1244,0
10896,1226,1
10897,1221,-1
10898,1215,0
10899,1212,-1
10900,1218,-1
10901,1215,-2
10902,1214,0
10903,1201,-1
10904,1209,0
10905,1214,1
10906,1224,-2
10907,1235,-2
10908,1235,-1
10909,1234,1
10910,1234,1
10911,1227,-1
10912,1219,1
10913,1215,1
10914,1211,-2
10915,1211,-1
10916,1206,0
10917,1207,-1
10918,1220,0
10919,1215,-1
10920,1209,2
10921,1223,-1
10922,1238,-1
10923,1232,-1
10924,1235,1
10925,1238,0
10926,1240,0
10927,1232,1
10928,1219,1
10929,1215,-2
10930,1211,-2
10931,1210,0
10932,1206,1
10933,1201,1
10934,1219,-1
10935,1226,1
10936,1224,-1
10937,1229,-1
10938,1247,-2
10939,1250,-1
10940,1242,-3
10941,1238,-2
10942,1223,-2
10943,1219,-1
10944,1203,1
10945,1206,-1
10946,1209,-2
10947,1209,1
10948,1215,1
10949,1223,0
10950,1238,-1
10951,1248,1
10952,1243,2
10953,1244,1
10954,1244,0
10955,1244,0
10956,1226,-1
10957,1226,-1
10958,1218,-1
10959,1215,0
10960,1196,1
10961,1208,-2
10962,1219,-2
10963,1223,2
10964,1235,0
10965,1241,-1
10966,1245,-1
10967,1255,0
10968,1240,-2
10969,1231,0
10970,1226,-2
10971,1212,1
10972,1200,1
10973,1210,-2
10974,1212,0
10975,1220,1
10976,1216,-2
10977,1217,-1
10978,1238,0
10979,1244,-1
10980,1243,-2
10981,1239,0
10982,1238,-2
10983,1229,2
10984,1218,3
10985,1217,-2
10986,1223,-2
10987,1209,0
10988,1208,-1
10989,1215,-2
10990,1218,-1
10991,1224,1
10992,1215,-2
10993,1235,-1
10994,1236,-1
10995,1232,-2
10996,1239,1
10997,1227,1
10998,1241,0
10999,1223,-2
11000,1209,-2
11001,1215,0
11002,1217,0
11003,1229,1
11004,1223,-1
11005,1230,1
11006,1224,-1
11007,1224,-1
11008,1221,0
11009,1228,1
11010,1223,1
11011,1230,-2
11012,1229,-1
11013,1229,-1
11014,1231,-2
11015,1234,0
11016,1221,-1
11017,1227,-1
11018,1223,1
11019,1212,-2
11020,1215,1
11021,1214,0
11022,1229,-1
11023,1219,-1
11024,1229,0
11025,1223,-1
11026,1232,1
11027,1241,-1
11028,1233,0
11029,1231,0
11030,1236,0
11031,1229,-1
11032,1208,0
11033,1210,-1
11034,1217,1
11035,1209,-1
11036,1216,1
11037,1225,-1
11038,1237,2
11039,1241,-1
11040,1232,1
11041,1234,1
11042,1241,-1
11043,1239,0
11044,1226,0
11045,1225,-1
11046,1218,-2
11047,1214,0
11048,1209,-2
11049,1212,2
11050,1218,1
11051,1221,-1
11052,1229,-2
11053,1235,1
11054,1241,1
11055,1243,1
11056,1222,-3
11057,1233,0
11058,1232,1
11059,1222,0
11060,1231,0
11061,1217,-3
11062,1226,-1
11063,1219,-2
11064,1207,0
11065,1215,-1
11066,1230,1
11067,1227,-2
11068,1226,1
11069,1238,-1
11070,1239,1
11071,1233,-3
11072,1224,1
11073,1223,-1
11074,1222,-1
11075,1214,-1
11076,1211,1
11077,1226,-1
11078,1221,1
11079,1223,-2
11080,1221,0
11081,1232,1
11082,1223,0
11083,1226,1
11084,1229,2
11085,1231,1
11086,1235,0
11087,1241,1
11088,1220,3
11089,1221,-2
11090,1222,0
11091,1221,0
11092,1226,-2
11093,1214,1
11094,1223,-1
11095,1209,1
11096,1213,-2
11097,1226,1
11098,1229,-2
11099,1229,0
11100,1226,-2
11101,1235,-1
11102,1251,-2
11103,1238,0
11104,1219,1
11105,1224,-2
11106,1215,0
11107,1206,-1
11108,1205,-2
11109,1212,-1
11110,1231,0
11111,1221,-2
11112,1222,0
11113,1229,-2
11114,1238,-1
11115,1244,-2
11116,1243,1
11117,1242,0
11118,1240,-1
11119,1227,-1
11120,1210,1
11121,1207,-1
11122,1207,0
11123,1211,-2
11124,1208,0
11125,1216,0
11126,1230,-1
11127,1235,-2
11128,1241,1
11129,1246,-2
11130,1241,-1
11131,1243,-2
11132,1238,0
11133,1221,1
11134,1214,-1
11135,1216,-1
11136,1196,2
11137,1202,1
11138,1214,0
11139,1213,1
11140,1232,-2
11141,1231,1
11142,1251,0
11143,1245,0
11144,1253,1
11145,1242,-1
11146,1233,1
11147,1215,-2
11148,1211,0
11149,1206,2
11150,1213,2
11151,1207,-1
11152,1207,1
11153,1212,1
11154,1228,-1
11155,1247,-1
11156,1250,-1
11157,1241,1
11158,1254,1
11159,1242,0
11160,1232,1
11161,1215,0
11162,1225,-1
11163,1221,1
11164,1205,1
11165,1215,-1
11166,1221,0
11167,1218,-2
11168,1224,-1
11169,1228,-2
11170,1244,-3
11171,1241,-1
11172,1248,-2
11173,1244,-2
11174,1244,0
11175,1232,-2
11176,1218,1
11177,1218,-2
11178,1212,-2
11179,1223,0
11180,1213,-1
11181,1219,2
11182,1231,1
11183,1222,0
11184,1230,-1
11185,1238,1
11186,1243,0
11187,1238,0
11188,1240,-1
11189,1240,3
11190,1242,0
11191,1230,1
11192,1218,3
11193,1218,-2
11194,1213,-1
11195,1214,-5
11196,1212,-2
11197,1216,-1
11198,1229,3
11199,1235,-1
11200,1233,1
11201,1240,-1
11202,1241,1
11203,1241,-2
11204,1245,-1
11205,1235,1
11206,1226,-2
11207,1217,1
11208,1212,-1
11209,1209,0
11210,1211,0
11211,1208,1
11212,1218,2
11213,1237,1
11214,1248,-2
11215,1250,-2
11216,1245,0
11217,1236,0
11218,1241,0
11219,1234,-2
11220,1225,-2
11221,1217,0
11222,1212,0
11223,1206,0
11224,1204,1
11225,1213,1
11226,1226,-2
11227,1229,-1
11228,1238,1
11229,1250,-1
11230,1245,-1
11231,1249,1
11232,1239,-1
11233,1235,-2
11234,1220,1
11235,1210,-2
11236,1215,2
11237,1215,-1
11238,1221,-1
11239,1213,-1
11240,1220,1
11241,1232,0
11242,1243,0
11243,1250,-2
11244,1252,0
11245,1253,1
11246,1247,-1
11247,1238,-2
11248,1221,0
11249,1211,0
11250,1208,-1
11251,1209,-1
11252,1206,-1
11253,1225,0
11254,1234,-1
11255,1235,2
11256,1238,1
11257,1238,1
11258,1239,-1
11259,1237,-2
11260,1236,0
11261,1234,-1
11262,1233,-1
11263,1226,-1
11264,1211,-2
11265,1218,-1
11266,1218,3
11267,1225,-2
11268,1217,0
11269,1229,-2
11270,1247,1
11271,1233,0
11272,1235,1
11273,1232,0
11274,1244,0
11275,1237,1
11276,1235,-1
11277,1233,0
11278,1232,-2
11279,1230,0
11280,1221,0
11281,1221,0
11282,1229,1
11283,1222,-1
11284,1229,1
11285,1235,1
11286,1240,1
11287,1239,1
11288,1229,0
11289,1238,0
11290,1238,-2
11291,1235,-2
11292,1239,0
11293,1235,-2
11294,1229,1
11295,1226,0
11296,1206,0
11297,1211,1
11298,1215,1
11299,1214,0
11300,1233,-2
11301,1232,0
11302,1244,-1
11303,1244,1
11304,1242,-1
11305,1239,-2
11306,1244,1
11307,1234,1
11308,1228,0
11309,1216,0
11310,1221,-2
11311,1214,-2
11312,1210,-1
11313,1212,0
11314,1226,-1
11315,1244,1
11316,1253,0
11317,1245,-2
11318,1247,1
11319,1245,-1
11320,1240,1
11321,1231,-1
11322,1221,1
11323,1226,-1
11324,1215,-2
11325,1212,0
11326,1223,-2
11327,1218,0
11328,1222,1
11329,1238,1
11330,1248,-2
11331,1239,0
11332,1246,0
11333,1247,1
11334,1248,0
11335,1241,-1
11336,1227,1
11337,1222,1
11338,1214,-2
11339,1218,1
11340,1216,-2
11341,1223,-1
11342,1232,-1
11343,1229,1
11344,1229,2
11345,1238,1
11346,1236,-2
11347,1238,0
11348,1240,0
11349,1242,-2
11350,1246,-2
11351,1229,1
11352,1216,-1
11353,1229,0
11354,1222,0
11355,1217,1
11356,1228,-2
11357,1228,-1
11358,1235,0
11359,1231,1
11360,1226,0
11361,1244,-2
11362,1229,-2
11363,1230,-1
11364,1232,1
11365,1239,-1
11366,1244,-1
11367,1229,3
11368,1218,-1
11369,1225,1
11370,1223,-2
11371,1217,-1
11372,1216,0
11373,1225,0
11374,1235,-1
11375,1235,0
11376,1230,-1
11377,1238,-2
11378,1247,0
11379,1251,2
11380,1239,-1
11381,1231,1
11382,1248,-1
11383,1228,-2
11384,1215,-1
11385,1211,-1
11386,1212,0
11387,1232,1
11388,1233,-2
11389,1241,0
11390,1244,-1
11391,1243,1
11392,1245,1
11393,1247,0
11394,1253,1
11395,1239,1
11396,1229,0
11397,1220,-1
11398,1229,0
11399,1212,0
11400,1213,-2
11401,1212,-2
11402,1224,-1
11403,1238,-1
11404,1244,-2
11405,1254,-1
11406,1254,1
11407,1247,0
11408,1244,0
11409,1236,-1
11410,1228,0
11411,1215,-2
11412,1219,-2
11413,1219,1
11414,1226,-2
11415,1216,1
11416,1215,2
11417,1236,-1
11418,1241,-1
11419,1246,0
11420,1246,1
11421,1250,0
11422,1248,0
11423,1226,-2
11424,1226,1
11425,1221,0
11426,1212,-1
11427,1213,-2
11428,1214,-1
11429,1230,1
11430,1233,0
11431,1229,0
11432,1236,0
11433,1243,1
11434,1249,-2
11435,1245,0
11436,1233,-2
11437,1238,-1
11438,1238,0
11439,1226,1
11440,1216,-1
11441,1213,1
11442,1229,-2
11443,1228,1
11444,1222,0
11445,1221,1
11446,1241,0
11447,1242,0
11448,1235,1
11449,1241,-2
11450,1241,1
11451,1239,1
11452,1227,0
11453,1239,1
11454,1232,1
11455,1220,-2
11456,1228,-2
11457,1221,-1
11458,1229,-2
11459,1226,-2
11460,1228,0
11461,1229,0
11462,1247,-1
11463,1239,0
11464,1231,1
11465,1235,1
11466,1245,0
11467,1240,1
11468,1238,-2
11469,1234,1
11470,1235,1
11471,1222,0
11472,1218,-2
11473,1215,0
11474,1215,-2
11475,1229,0
11476,1236,-1
11477,1236,-1
11478,1246,0
11479,1250,-1
11480,1241,-3
11481,1243,1
11482,1238,-2
11483,1232,0
11484,1226,2
11485,1226,1
11486,1218,-2
11487,1207,-3
11488,1210,1
11489,1215,-1
11490,1239,0
11491,1233,1
11492,1235,-2
11493,1254,-1
11494,1266,1
11495,1238,-2
11496,1241,-2
11497,1229,0
11498,1221,1
11499,1223,1
11500,1216,-1
11501,1223,-2
11502,1230,-1
11503,1225,-4
11504,1229,-1
11505,1238,-1
11506,1247,0
11507,1251,-1
11508,1254,-1
11509,1253,0
11510,1255,0
11511,1233,1
11512,1226,0
11513,1216,0
11514,1223,1
11515,1219,-2
11516,1226,-1
11517,1222,1
11518,1238,-2
11519,1229,-2
11520,1236,-1
11521,1242,2
11522,1245,-1
11523,1242,0
11524,1235,0
11525,1241,-1
11526,1246,1
11527,1229,1
11528,1221,0
11529,1226,0
11530,1228,0
11531,1220,2
11532,1217,-1
11533,1228,0
11534,1246,0
11535,1235,-2
11536,1238,-2
11537,1234,0
11538,1244,-2
11539,1238,1
11540,1234,-1
11541,1234,1
11542,1243,-2
11543,1232,-1
11544,1226,0
11545,1222,1
11546,1229,0
11547,1225,0
11548,1228,-1
11549,1238,1
11550,1242,4
11551,1236,-1
11552,1229,0
11553,1241,1
11554,1257,1
11555,1249,0
11556,1244,1
11557,1238,-2
11558,1240,1
11559,1225,-1
11560,1220,1
11561,1212,-1
11562,1222,-2
11563,1229,-1
11564,1236,0
11565,1239,0
11566,1253,0
11567,1250,-2
11568,1247,-1
11569,1248,1
11570,1244,1
11571,1240,0
11572,1228,-1
11573,1216,-2
11574,1221,1
11575,1209,1
11576,1209,0
11577,1221,-2
11578,1233,0
11579,1245,-1
11580,1251,0
11581,1259,0
11582,1262,0
11583,1259,0
11584,1247,0
11585,1232,0
11586,1228,0
11587,1223,-1
11588,1218,-2
11589,1209,-2
11590,1223,0
11591,1226,1
11592,1227,-2
11593,1241,1
11594,1253,-2
11595,1256,1
11596,1252,0
11597,1259,-2
11598,1257,-2
11599,1228,-1
11600,1215,-2
11601,1212,0
11602,1205,-2
11603,1203,-2
11604,1214,-2
11605,1226,-1
11606,1240,1
11607,1226,1
11608,1244,-1
11609,1247,1
11610,1256,0
11611,1247,0
11612,1244,1
11613,1234,0
11614,1235,-1
11615,1215,1
11616,1211,2
11617,1224,0
11618,1215,-2
11619,1231,0
11620,1226,0
11621,1240,-1
11622,1259,-1
11623,1247,-2
11624,1234,-1
11625,1246,0
11626,1242,-1
11627,1239,2
11628,1226,-1
11629,1224,-1
11630,1234,-2
11631,1215,0
11632,1216,-1
11633,1223,0
11634,1224,0
11635,1225,1
11636,1228,0
11637,1244,-2
11638,1256,0
11639,1246,1
11640,1243,-1
11641,1239,0
11642,1247,-2
11643,1234,0
11644,1232,0
11645,1229,-2
11646,1230,1
11647,1221,-1
11648,1213,0
11649,1219,-2
11650,1228,-1
11651,1244,-1
11652,1233,-2
11653,1250,0
11654,1267,-1
11655,1250,0
11656,1247,0
11657,1232,-1
11658,1234,0
11659,1226,-2
11660,1223,-1
11661,1214,-1
11662,1220,0
11663,1221,-1
11664,1214,-1
11665,1227,-2
11666,1247,0
11667,1255,-2
11668,1252,0
11669,1247,-2
11670,1265,0
11671,1254,0
11672,1223,0
11673,1223,-2
11674,1215,-1
11675,1209,-2
11676,1215,1
11677,1225,-2
11678,1232,1
11679,1233,1
11680,1237,0
11681,1250,1
11682,1259,1
11683,1252,-1
11684,1245,1
11685,1243,0
11686,1244,-1
11687,1217,1
11688,1209,-1
11689,1211,0
11690,1215,-2
11691,1215,1
11692,1219,-2
11693,1234,-2
11694,1257,0
11695,1254,-1
11696,1256,0
11697,1251,-1
11698,1253,-2
11699,1238,0
11700,1241,0
11701,1229,0
11702,1229,-1
11703,1218,-1
11704,1225,0
11705,1230,0
11706,1227,-1
11707,1241,-2
11708,1244,1
11709,1248,-3
11710,1250,-1
11711,1239,-1
11712,1235,1
11713,1233,-2
11714,1231,-2
11715,1235,1
11716,1235,-1
11717,1229,-1
11718,1239,0
11719,1234,1
11720,1226,-1
11721,1229,-2
11722,1242,1
11723,1234,-1
11724,1236,0
11725,1239,-1
11726,1238,-1
11727,1234,-1
11728,1226,-1
11729,1234,1
11730,1240,-1
11731,1240,0
11732,1238,-1
11733,1230,-2
11734,1241,-1
11735,1229,1
11736,1223,-1
11737,1221,-1
11738,1220,-1
11739,1235,0
11740,1241,-2
11741,1242,1
11742,1250,1
11743,1239,0
11744,1234,1
11745,1238,0
11746,1232,0
11747,1240,0
11748,1229,1
11749,1236,1
11750,1239,1
11751,1218,1
11752,1215,-2
11753,1221,-2
11754,1241,-2
11755,1238,-1
11756,1241,-1
11757,1246,0
11758,1255,-2
11759,1255,1
11760,1235,-1
11761,1226,0
11762,1228,0
11763,1220,-1
11764,1225,-2
11765,1224,-1
11766,1227,1
11767,1229,-1
11768,1232,-1
11769,1241,0
11770,1243,-1
11771,1247,-1
11772,1246,-1
11773,1248,-1
11774,1253,0
11775,1230,1
11776,1223,0
11777,1220,-1
11778,1226,0
11779,1221,-1
11780,1221,-2
11781,1226,0
11782,1242,1
11783,1245,0
11784,1240,1
11785,1247,1
11786,1252,1
11787,1247,-3
11788,1243,-3
11789,1252,-2
11790,1242,1
11791,1229,0
11792,1215,1
11793,1222,0
11794,1229,-1
11795,1220,1
11796,1228,-2
11797,1234,-1
11798,1246,-2
11799,1241,0
11800,1233,1
11801,1241,1
11802,1249,0
11803,1241,1
11804,1248,0
11805,1242,-1
11806,1241,1
11807,1224,-2
11808,1218,1
11809,1223,0
11810,1230,-2
11811,1221,0
11812,1235,-3
11813,1239,0
11814,1250,-2
11815,1247,-2
11816,1229,-2
11817,1246,0
11818,1246,1
11819,1240,1
11820,1245,-1
11821,1232,-1
11822,1236,-1
11823,1213,1
11824,1215,-1
11825,1221,-1
11826,1228,-1
11827,1244,1
11828,1237,0
11829,1245,1
11830,1258,1
11831,1259,-1
11832,1247,0
11833,1243,0
11834,1240,-1
11835,1230,-4
11836,1227,-1
11837,1221,-1
11838,1217,-2
11839,1209,-1
11840,1209,-2
11841,1222,1
11842,1241,0
11843,1251,-1
11844,1258,1
11845,1263,0
11846,1258,-1
11847,1250,1
11848,1236,-1
11849,1225,-2
11850,1218,-1
11851,1212,-1
11852,1212,1
11853,1222,-1
11854,1219,-2
11855,1235,-2
11856,1229,0
11857,1255,-1
11858,1250,0
11859,1253,-1
11860,1259,0
11861,1265,-2
11862,1250,0
11863,1225,-1
11864,1203,-2
11865,1211,0
11866,1218,-1
11867,1214,1
11868,1221,-2
11869,1236,-1
11870,1253,-2
11871,1253,0
11872,1252,-2
11873,1259,1
11874,1256,-2
11875,1243,0
11876,1232,-2
11877,1242,0
11878,1223,0
11879,1215,-1
11880,1203,0
11881,1225,-1
11882,1230,-2
11883,1235,-2
11884,1240,-2
11885,1247,-1
11886,1261,0
11887,1253,-1
11888,1240,1
11889,1246,1
11890,1241,1
11891,1229,1
11892,1223,-2
11893,1226,0
11894,1226,1
11895,1218,1
11896,1214,0
11897,1226,-1
11898,1236,1
11899,1237,-1
11900,1243,0
11901,1256,1
11902,1248,1
11903,1240,0
11904,1238,0
11905,1238,-1
11906,1236,1
11907,1231,1
11908,1223,-1
11909,1235,1
11910,1232,1
11911,1231,-2
11912,1222,0
11913,1232,0
11914,1244,-2
11915,1243,0
11916,1247,1
11917,1254,0
11918,1256,-1
11919,1249,0
11920,1233,-1
11921,1235,-3
11922,1235,-1
11923,1224,2
11924,1228,1
11925,1223,-1
11926,1231,0
11927,1225,-2
11928,1229,1
11929,1240,-1
11930,1246,-2
11931,1252,2
11932,1253,0
11933,1262,-2
11934,1254,-2
11935,1250,-1
11936,1223,-1
11937,1223,0
11938,1223,0
11939,1224,0
11940,1221,0
11941,1222,-1
11942,1240,1
11943,1234,3
11944,1239,1
11945,1250,0
11946,1247,-1
11947,1251,-1
11948,1256,0
11949,1245,1
11950,1235,-1
11951,1223,1
11952,1216,0
11953,1219,-2
11954,1217,-1
11955,1224,-2
11956,1225,-1
11957,1240,0
11958,1254,-2
11959,1248,-1
11960,1247,0
11961,1253,-2
11962,1243,-2
11963,1244,-1
11964,1237,1
11965,1227,1
11966,1224,0
11967,1223,-1
11968,1221,1
11969,1223,0
11970,1232,0
11971,1232,-2
11972,1241,0
11973,1262,1
11974,1256,-1
11975,1253,0
11976,1241,-1
11977,1235,-1
11978,1240,0
11979,1232,0
11980,1229,-2
11981,1239,0
11982,1229,0
11983,1230,0
11984,1221,-1
11985,1229,0
11986,1229,-1
11987,1232,-2
11988,1237,-2
11989,1256,-2
11990,1241,0
11991,1244,-2
11992,1236,-2
11993,1234,-2
11994,1244,-1
11995,1237,-2
11996,1236,0
11997,1244,0
11998,1237,0
11999,1226,-1
12000,1217,0
12001,1228,-1
12002,1236,-1
12003,1240,-2
12004,1242,1
12005,1263,-2
12006,1253,-1
12007,1244,-1
12008,1238,0
12009,1235,1
12010,1240,1
12011,1226,-2
12012,1232,0
12013,1231,-1
12014,1228,-1
12015,1225,1
12016,1235,-2
12017,1237,0
12018,1244,-1
12019,1251,-2
12020,1255,1
12021,1254,-1
12022,1253,-1
12023,1235,0
12024,1227,-1
12025,1223,-2
12026,1226,-2
12027,1217,-1
12028,1223,-1
12029,1226,-1
12030,1235,1
12031,1239,1
12032,1239,-2
12033,1251,0
12034,1255,0
12035,1256,1
12036,1244,-1
12037,1254,1
12038,1244,1
12039,1221,2
12040,1221,-2
12041,1226,1
12042,1220,0
12043,1218,1
12044,1231,-1
12045,1232,-1
12046,1256,-2
12047,1243,-2
12048,1241,1
12049,1251,0
12050,1241,-1
12051,1253,0
12052,1227,1
12053,1241,1
12054,1224,-2
12055,1229,-2
12056,1219,-2
12057,1228,1
12058,1232,1
12059,1241,1
12060,1249,0
12061,1256,0
12062,1257,1
12063,1247,0
12064,1238,-1
12065,1240,-2
12066,1237,1
12067,1236,0
12068,1230,-1
12069,1227,-1
12070,1237,1
12071,1239,-1
12072,1233,-2
12073,1232,0
12074,1235,0
12075,1245,1
12076,1247,2
12077,1251,-2
12078,1251,1
12079,1244,0
12080,1232,1
12081,1241,-2
12082,1247,2
12083,1230,1
12084,1239,-1
12085,1238,-1
12086,1239,1
12087,1225,1
12088,1228,0
12089,1226,0
12090,1246,-2
12091,1244,1
12092,1241,2
12093,1253,-2
12094,1253,-1
12095,1249,0
12096,1226,0
12097,1237,1
12098,1242,-2
12099,1230,1
12100,1225,1
12101,1239,1
12102,1234,-1
12103,1229,1
12104,1235,-2
12105,1242,1
12106,1254,1
12107,1259,0
12108,1259,-1
12109,1265,-2
12110,1259,1
12111,1242,3
12112,1221,-1
12113,1226,1
12114,1228,-2
12115,1225,0
12116,1223,-1
12117,1238,-2
12118,1239,-2
12119,1246,1
12120,1243,0
12121,1253,0
12122,1256,1
12123,1247,-1
12124,1260,0
12125,1253,-1
12126,1240,-1
12127,1225,1
12128,1218,1
12129,1217,-1
12130,1233,-1
12131,1226,1
12132,1226,-1
12133,1249,0
12134,1256,0
12135,1259,1
12136,1247,0
12137,1247,-1
12138,1254,-1
12139,1241,-1
12140,1229,1
12141,1237,-2
12142,1229,-1
12143,1230,1
12144,1219,1
12145,1229,-2
12146,1233,0
12147,1244,1
12148,1240,0
12149,1259,0
12150,1251,-2
12151,1250,1
12152,1247,1
12153,1241,0
12154,1229,-2
12155,1225,0
12156,1231,-2
12157,1241,0
12158,1238,-2
12159,1228,-1
12160,1229,1
12161,1238,-2
12162,1250,-2
12163,1239,1
12164,1244,0
12165,1250,0
12166,1253,0
12167,1247,0
12168,1224,1
12169,1235,-1
12170,1237,-2
12171,1238,-1
12172,1231,0
12173,1245,-1
12174,1238,-2
12175,1230,1
12176,1231,0
12177,1235,1
12178,1237,-1
12179,1250,1
12180,1244,-1
12181,1252,0
12182,1253,1
12183,1247,-1
12184,1244,1
12185,1235,-1
12186,1237,0
12187,1242,-1
12188,1226,1
12189,1238,0
12190,1226,1
12191,1225,-1
12192,1242,-1
12193,1244,-1
12194,1244,-1
12195,1252,-2
12196,1257,-1
12197,1265,0
12198,1268,0
12199,1247,0
12200,1227,0
12201,1221,-2
12202,1222,0
12203,1228,1
12204,1226,-2
12205,1226,-1
12206,1237,0
12207,1244,-1
12208,1244,-1
12209,1252,-2
12210,1265,0
12211,1259,0
12212,1253,-2
12213,1253,0
12214,1238,-1
12215,1221,0
12216,1220,-1
12217,1216,1
12218,1222,-1
12219,1220,-1
12220,1232,1
12221,1250,-2
12222,1244,1
12223,1256,1
12224,1253,1
12225,1242,-1
12226,1256,0
12227,1248,-1
12228,1239,-1
12229,1239,0
12230,1222,0
12231,1218,-2
12232,1217,0
12233,1232,0
12234,1238,-1
12235,1253,-2
12236,1254,1
12237,1259,1
12238,1267,-1
12239,1256,0
12240,1243,-3
12241,1244,-1
12242,1234,0
12243,1226,0
12244,1226,1
12245,1227,-1
12246,1230,0
12247,1228,1
12248,1222,1
12249,1235,0
12250,1244,0
12251,1252,-1
12252,1248,-1
12253,1257,1
12254,1255,-1
12255,1246,0
12256,1242,-2
12257,1238,0
12258,1231,0
12259,1235,1
12260,1225,1
12261,1236,0
12262,1235,-1
12263,1223,1
12264,1227,1
12265,1238,-2
12266,1247,-1
12267,1244,1
12268,1247,-1
12269,1265,-2
12270,1258,-1
12271,1240,-1
12272,1237,1
12273,1228,-2
12274,1227,1
12275,1221,-1
12276,1221,0
12277,1229,-1
12278,1235,-1
12279,1230,1
12280,1229,-1
12281,1240,-1
12282,1251,-3
12283,1252,0
12284,1252,-1
12285,1264,-2
12286,1241,0
12287,1238,-2
12288,1220,1
12289,1221,0
12290,1218,0
12291,1226,-2
12292,1218,0
12293,1241,-2
12294,1238,1
12295,1263,-2
12296,1247,-2
12297,1254,-2
12298,1262,0
12299,1265,1
12300,1252,1
12301,1247,-2
12302,1225,1
12303,1224,1
12304,1212,1
12305,1207,-2
12306,1223,-1
12307,1226,0
12308,1246,-2
12309,1261,-1
12310,1260,-2
12311,1259,-1
12312,1257,1
12313,1259,-1
12314,1248,-1
12315,1244,-2
12316,1233,0
12317,1234,0
12318,1221,-1
12319,1221,0
12320,1215,0
12321,1228,-1
12322,1240,1
12323,1250,-2
12324,1259,-1
12325,1271,0
12326,1251,-1
12327,1258,0
12328,1244,-1
12329,1232,-1
12330,1232,-1
12331,1223,-2
12332,1222,0
12333,1226,0
12334,1232,1
12335,1227,-2
12336,1231,3
12337,1232,-1
12338,1248,1
12339,1264,-2
12340,1251,-1
12341,1256,-1
12342,1250,1
12343,1247,-1
12344,1226,-1
12345,1232,1
12346,1231,-2
12347,1226,1
12348,1229,-1
12349,1241,-2
12350,1240,-3
12351,1240,2
12352,1238,1
12353,1244,-1
12354,1250,0
12355,1243,-2
12356,1248,0
12357,1249,0
12358,1247,-2
12359,1244,-1
12360,1221,-2
12361,1221,0
12362,1226,-2
12363,1226,0
12364,1229,-2
12365,1238,-1
12366,1239,1
12367,1244,-1
12368,1241,-1
12369,1239,0
12370,1249,0
12371,1254,-1
12372,1256,1
12373,1263,-2
12374,1253,1
12375,1234,0
12376,1222,1
12377,1229,2
12378,1226,0
12379,1228,-1
12380,1226,-1
12381,1250,-2
12382,1243,-1
12383,1250,1
12384,1246,0
12385,1248,-2
12386,1254,-2
12387,1252,0
12388,1249,-2
12389,1247,-2
12390,1229,0
12391,1228,-2
12392,1212,0
12393,1223,-1
12394,1225,-1
12395,1241,-2
12396,1252,1
12397,1269,-2
12398,1255,-1
12399,1256,-1
12400,1251,-1
12401,1246,-2
12402,1232,1
12403,1235,-1
12404,1232,-1
12405,1238,2
12406,1224,1
12407,1228,-1
12408,1224,-1
12409,1232,1
12410,1247,-1
12411,1252,1
12412,1256,-2
12413,1259,1
12414,1255,0
12415,1253,-1
12416,1244,-2
12417,1238,-2
12418,1233,-2
12419,1232,1
12420,1232,-2
12421,1243,0
12422,1233,1
12423,1241,1
12424,1235,-2
12425,1241,-2
12426,1253,-2
12427,1247,-1
12428,1246,-1
12429,1255,-2
12430,1244,1
12431,1245,0
12432,1238,1
12433,1234,0
12434,1237,-1
12435,1235,0
12436,1247,-2
12437,1252,-1
12438,1232,-1
12439,1239,1
12440,1235,0
12441,1242,-2
12442,1241,-1
12443,1241,1
12444,1244,-2
12445,1249,0
12446,1249,-1
12447,1247,0
12448,1239,0
12449,1232,-1
12450,1235,1
12451,1250,0
12452,1232,-1
12453,1242,-1
12454,1231,-1
12455,1238,0
12456,1240,1
12457,1235,1
12458,1244,0
12459,1253,-1
12460,1250,0
12461,1258,0
12462,1247,1
12463,1247,-1
12464,1232,0
12465,1222,0
12466,1231,0
12467,1219,1
12468,1223,-1
12469,1235,1
12470,1244,0
12471,1243,-2
12472,1247,-2
12473,1254,0
12474,1256,0
12475,1251,0
12476,1245,1
12477,1250,-1
12478,1242,-2
12479,1236,0
12480,1218,0
12481,1222,1
12482,1230,0
12483,1232,0
12484,1238,-1
12485,1259,-2
12486,1259,0
12487,1257,1
12488,1263,1
12489,1259,1
12490,1255,-2
12491,1244,-1
12492,1231,-3
12493,1235,-1
12494,1221,-1
12495,1212,1
12496,1215,-2
12497,1227,1
12498,1242,1
12499,1243,1
12500,1249,-2
12501,1270,1
12502,1262,-1
12503,1253,-2
12504,1244,-2
12505,1238,0
12506,1240,1
12507,1233,0
12508,1235,1
12509,1244,-2
12510,1240,-1
12511,1230,1
12512,1240,-1
12513,1244,-3
12514,1256,2
12515,1253,0
12516,1256,-1
12517,1267,0
12518,1260,1
12519,1248,0
12520,1238,0
12521,1229,-2
12522,1237,0
12523,1239,1
12524,1237,2
12525,1243,-2
12526,1235,-1
12527,1232,1
12528,1250,-2
12529,1244,0
12530,1251,1
12531,1250,1
12532,1252,0
12533,1264,0
12534,1250,-2
12535,1245,-1
12536,1235,0
12537,1234,0
12538,1236,1
12539,1223,1
12540,1223,0
12541,1239,-2
12542,1238,1
12543,1239,1
12544,1247,-2
12545,1250,2
12546,1271,0
12547,1259,0
12548,1258,1
12549,1267,-2
12550,1247,-1
12551,1231,0
12552,1223,-3
12553,1221,-1
12554,1217,-1
12555,1229,0
12556,1236,-1
12557,1245,1
12558,1248,-1
12559,1256,-1
12560,1244,0
12561,1256,1
12562,1267,1
12563,1255,0
12564,1243,-1
12565,1247,-2
12566,1230,2
12567,1221,-1
12568,1212,1
12569,1225,-2
12570,1222,-1
12571,1233,0
12572,1251,-1
12573,1272,0
12574,1271,1
12575,1262,-2
12576,1255,1
12577,1259,1
12578,1244,1
12579,1228,1
12580,1235,0
12581,1228,1
12582,1218,1
12583,1224,-2
12584,1221,-3
12585,1240,-2
12586,1256,3
12587,1254,1
12588,1259,-1
12589,1274,-1
12590,1260,-2
12591,1250,-1
12592,1241,-1
12593,1234,-2
12594,1223,-2
12595,1209,-2
12596,1223,1
12597,1230,-1
12598,1224,0
12599,1233,-3
12600,1235,-2
12601,1248,-1
12602,1260,-1
12603,1264,1
12604,1256,3
12605,1256,-1
12606,1243,1
12607,1235,1
12608,1222,0
12609,1220,1
12610,1222,-2
12611,1228,1
12612,1234,1
12613,1247,-1
12614,1244,-2
12615,1254,-2
12616,1247,-2
12617,1247,0
12618,1251,0
12619,1252,0
12620,1255,1
12621,1253,-2
12622,1241,0
12623,1238,-2
12624,1231,-2
12625,1226,1
12626,1239,1
12627,1241,-2
12628,1232,1
12629,1248,1
12630,1249,1
12631,1250,-1
12632,1247,0
12633,1243,-2
12634,1253,-1
12635,1262,0
12636,1245,-1
12637,1252,-1
12638,1233,0
12639,1232,-1
12640,1225,0
12641,1229,1
12642,1227,0
12643,1233,0
12644,1242,0
12645,1249,1
12646,1252,1
12647,1253,-1
12648,1254,-1
12649,1253,1
12650,1250,-2
12651,1241,0
12652,1242,-1
12653,1239,-2
12654,1229,1
12655,1225,-2
12656,1226,-2
12657,1226,1
12658,1234,-1
12659,1250,-1
12660,1250,-1
12661,1262,0
12662,1255,-1
12663,1260,-3
12664,1251,1
12665,1238,-1
12666,1237,-1
12667,1233,2
12668,1224,-2
12669,1241,0
12670,1229,0
12671,1228,0
12672,1240,-1
12673,1235,-2
12674,1252,0
12675,1259,1
12676,1254,-1
12677,1267,1
12678,1266,1
12679,1254,-1
12680,1241,0
12681,1238,-1
12682,1238,0
12683,1227,-2
12684,1225,0
12685,1244,0
12686,1236,1
12687,1237,-1
12688,1251,-2
12689,1249,0
12690,1260,-1
12691,1247,0
12692,1254,1
12693,1258,-2
12694,1250,1
12695,1241,1
12696,1235,-1
12697,1228,1
12698,1239,1
12699,1243,0
12700,1237,-1
12701,1241,1
12702,1247,0
12703,1250,0
12704,1244,-1
12705,1242,1
12706,1244,-1
12707,1259,-2
12708,1247,1
12709,1268,0
12710,1241,-2
12711,1251,-3
12712,1228,-2
12713,1235,1
12714,1237,-1
12715,1229,-2
12716,1232,1
12717,1250,0
12718,1247,0
12719,1245,1
12720,1250,-1
12721,1245,1
12722,1248,1
12723,1248,-1
12724,1259,0
12725,1257,-2
12726,1246,0
12727,1238,-1
12728,1232,-2
12729,1221,-1
12730,1226,0
12731,1225,0
12732,1238,-1
12733,1255,0
12734,1251,-2
12735,1259,1
12736,1263,0
12737,1262,-2
12738,1265,1
12739,1260,-1
12740,1241,-2
12741,1245,1
12742,1231,-2
12743,1226,-1
12744,1226,-1
12745,1234,2
12746,1236,0
12747,1241,0
12748,1257,0
12749,1274,1
12750,1259,0
12751,1263,1
12752,1262,-1
12753,1259,0
12754,1235,-1
12755,1231,0
12756,1221,0
12757,1238,-2
12758,1221,1
12759,1221,0
12760,1232,-1
12761,1244,-1
12762,1259,1
12763,1255,0
12764,1259,-2
12765,1277,-1
12766,1263,0
12767,1253,1
12768,1235,0
12769,1223,1
12770,1230,-2
12771,1223,-2
12772,1229,1
12773,1244,-2
12774,1244,-2
12775,1239,-2
12776,1249,-2
12777,1250,0
12778,1265,1
12779,1256,1
12780,1261,0
12781,1261,-1
12782,1246,-1
12783,1240,1
12784,1224,0
12785,1228,-2
12786,1232,-2
12787,1226,0
12788,1238,1
12789,1257,1
12790,1241,-1
12791,1258,-2
12792,1250,1
12793,1251,-2
12794,1251,1
12795,1260,1
12796,1246,0
12797,1257,1
12798,1239,1
12799,1235,0
12800,1226,1
12801,1235,-1
12802,1234,-2
12803,1235,-2
12804,1241,-1
12805,1264,0
12806,1246,1
12807,1256,-1
12808,1252,-5
12809,1247,-2
12810,1256,-2
12811,1253,-1
12812,1247,-1
12813,1257,-3
12814,1240,0
12815,1237,2
12816,1233,-2
12817,1228,1
12818,1232,1
12819,1229,0
12820,1237,-1
12821,1265,-2
12822,1250,-2
12823,1249,-2
12824,1256,-2
12825,1249,-1
12826,1259,1
12827,1241,0
12828,1244,0
12829,1257,1
12830,1238,-2
12831,1231,-1
12832,1218,1
12833,1229,0
12834,1236,0
12835,1251,0
12836,1256,1
12837,1270,0
12838,1252,0
12839,1259,-2
12840,1256,-2
12841,1256,0
12842,1244,0
12843,1238,0
12844,1235,1
12845,1237,0
12846,1236,0
12847,1232,-2
12848,1227,1
12849,1247,-1
12850,1248,1
12851,1256,1
12852,1258,0
12853,1265,-2
12854,1259,-2
12855,1253,1
12856,1241,-2
12857,1222,-2
12858,1232,-2
12859,1225,0
12860,1231,1
12861,1249,2
12862,1250,1
12863,1239,-1
12864,1249,-1
12865,1259,-1
12866,1262,-1
12867,1255,-2
12868,1256,1
12869,1266,0
12870,1253,-2
12871,1233,-1
12872,1233,-1
12873,1234,-2
12874,1241,-2
12875,1253,0
12876,1237,1
12877,1252,0
12878,1256,0
12879,1244,-1
12880,1241,1
12881,1254,-1
12882,1250,-1
12883,1250,0
12884,1246,-3
12885,1271,-1
12886,1242,0
12887,1241,-1
12888,1233,2
12889,1235,-2
12890,1236,-1
12891,1238,1
12892,1243,-3
12893,1250,-1
12894,1247,1
12895,1253,0
12896,1247,1
12897,1246,0
12898,1259,0
12899,1253,1
12900,1250,-2
12901,1265,0
12902,1251,-3
12903,1243,0
12904,1236,0
12905,1233,1
12906,1231,0
12907,1238,-2
12908,1246,0
12909,1265,1
12910,1256,-1
12911,1256,1
12912,1263,-2
12913,1258,0
12914,1265,-2
12915,1254,-2
12916,1251,0
12917,1247,-1
12918,1221,-1
12919,1222,-2
12920,1229,1
12921,1219,-1
12922,1242,1
12923,1246,-1
12924,1258,3
12925,1276,-1
12926,1266,0
12927,1264,-2
12928,1258,0
12929,1241,1
12930,1236,-1
12931,1228,1
12932,1227,-2
12933,1238,2
12934,1223,1
12935,1228,0
12936,1237,-2
12937,1250,-1
12938,1251,-1
12939,1262,0
12940,1261,-1
12941,1281,0
12942,1274,-2
12943,1256,0
12944,1237,0
12945,1244,0
12946,1233,-1
12947,1227,-2
12948,1228,0
12949,1239,-1
12950,1237,0
12951,1247,0
12952,1253,1
12953,1271,-2
12954,1262,0
12955,1266,1
12956,1270,0
12957,1279,-1
12958,1252,-1
12959,1233,-1
12960,1232,1
12961,1227,-2
12962,1235,-2
12963,1231,1
12964,1240,-2
12965,1255,-1
12966,1253,-2
12967,1260,-2
12968,1260,-2
12969,1253,-2
12970,1262,0
12971,1263,1
12972,1253,1
12973,1255,0
12974,1248,0
12975,1230,0
12976,1226,-1
12977,1234,-1
12978,1240,-2
12979,1244,-1
12980,1244,-2
12981,1266,1
12982,1262,-1
12983,1264,0
12984,1256,-1
12985,1253,-1
12986,1257,-2
12987,1255,-1
12988,1246,0
12989,1253,-1
12990,1241,-1
12991,1232,-2
12992,1237,-1
12993,1227,0
12994,1241,1
12995,1247,-1
12996,1256,1
12997,1267,-1
12998,1261,-2
12999,1272,-1
13000,1257,0
13001,1261,1
13002,1247,-2
13003,1240,-2
13004,1235,-2
13005,1248,-1
13006,1227,-2
13007,1235,-2
13008,1233,0
13009,1243,-2
13010,1255,-2
13011,1262,-2
13012,1265,-1
13013,1280,-1
13014,1271,-1
13015,1267,0
13016,1250,0
13017,1241,-1
13018,1236,1
13019,1229,-1
13020,1233,-2
13021,1240,1
13022,1234,-1
13023,1242,-1
13024,1253,1
13025,1257,0
13026,1269,0
13027,1268,-2
13028,1263,-2
13029,1264,1
13030,1255,-1
13031,1238,-1
13032,1229,0
13033,1224,0
13034,1229,-1
13035,1226,-2
13036,1242,0
13037,1252,-2
13038,1255,-1
13039,1253,1
13040,1262,-1
13041,1267,-1
13042,1262,-2
13043,1256,-2
13044,1257,1
13045,1262,0
13046,1247,1
13047,1226,1
13048,1221,-1
13049,1228,0
13050,1238,1
13051,1244,1
13052,1252,0
13053,1274,-1
13054,1266,-2
13055,1255,-2
13056,1261,0
13057,1252,1
13058,1251,-2
13059,1247,-1
13060,1242,-2
13061,1253,0
13062,1244,0
13063,1234,1
13064,1241,-1
13065,1241,-1
13066,1250,-2
13067,1243,0
13068,1263,0
13069,1270,0
13070,1257,-3
13071,1244,-2
13072,1244,1
13073,1250,-1
13074,1256,1
13075,1245,-1
13076,1240,0
13077,1253,-2
13078,1256,-2
13079,1246,0
13080,1243,-1
13081,1240,0
13082,1247,-1
13083,1255,-2
13084,1256,-1
13085,1274,-2
13086,1262,0
13087,1267,1
13088,1259,1
13089,1250,-2
13090,1250,1
13091,1253,1
13092,1244,0
13093,1256,-2
13094,1252,-1
13095,1231,-1
13096,1234,0
13097,1238,-2
13098,1250,-2
13099,1256,-2
13100,1265,0
13101,1276,0
13102,1265,1
13103,1263,-2
13104,1249,-1
13105,1248,1
13106,1244,2
13107,1248,-2
13108,1232,0
13109,1247,0
13110,1243,-1
13111,1238,0
13112,1242,1
13113,1247,-1
13114,1262,0
13115,1262,-2
13116,1260,-2
13117,1274,-2
13118,1266,-2
13119,1248,0
13120,1241,1
13121,1233,0
13122,1235,0
13123,1237,1
13124,1235,2
13125,1256,0
13126,1254,1
13127,1256,-1
13128,1253,0
13129,1256,-2
13130,1262,1
13131,1259,1
13132,1255,-1
13133,1265,-1
13134,1251,-1
13135,1240,-2
13136,1236,1
13137,1239,0
13138,1249,-2
13139,1251,1
13140,1242,-1
13141,1266,0
13142,1258,-1
13143,1262,1
13144,1253,-2
13145,1253,-2
13146,1260,0
13147,1259,-1
13148,1252,-1
13149,1250,0
13150,1250,-1
13151,1244,0
13152,1235,-1
13153,1247,1
13154,1253,0
13155,1249,0
13156,1254,2
13157,1259,-1
13158,1259,1
13159,1252,-1
13160,1258,0
13161,1247,-1
13162,1253,-1
13163,1254,-2
13164,1241,1
13165,1258,1
13166,1253,1
13167,1240,0
13168,1244,0
13169,1235,-2
13170,1243,0
13171,1247,1
13172,1252,-2
13173,1263,1
13174,1258,-1
13175,1269,0
13176,1274,-1
13177,1258,-1
13178,1255,1
13179,1258,0
13180,1250,-1
13181,1241,4
13182,1235,-2
13183,1229,-2
13184,1232,-2
13185,1241,2
13186,1244,-1
13187,1255,-1
13188,1259,-1
13189,1274,-1
13190,1274,0
13191,1266,1
13192,1258,0
13193,1253,2
13194,1241,-1
13195,1230,0
13196,1234,1
13197,1240,0
13198,1235,-1
13199,1234,-1
13200,1244,0
13201,1263,-1
13202,1265,0
13203,1275,-1
13204,1267,1
13205,1279,-2
13206,1272,-1
13207,1241,0
13208,1239,0
13209,1226,-2
13210,1230,1
13211,1233,-2
13212,1231,-2
13213,1253,-2
13214,1261,-1
13215,1248,0
13216,1263,0
13217,1258,-2
13218,1275,-2
13219,1265,1
13220,1253,-2
13221,1264,-3
13222,1244,-2
13223,1230,0
13224,1225,-1
13225,1223,-2
13226,1246,-1
13227,1238,1
13228,1249,0
13229,1265,-1
13230,1263,1
13231,1253,1
13232,1262,-1
13233,1259,-1
13234,1258,-3
13235,1262,-1
13236,1239,-1
13237,1250,0
13238,1246,0
13239,1230,-2
13240,1235,-1
13241,1233,-2
13242,1243,-2
13243,1245,1
13244,1258,0
13245,1269,0
13246,1265,-2
13247,1256,0
13248,1259,-1
13249,1254,1
13250,1247,0
13251,1248,-1
13252,1246,-1
13253,1253,-2
13254,1244,-2
13255,1238,-2
13256,1235,2
13257,1241,0
13258,1244,1
13259,1251,-2
13260,1259,-1
13261,1271,-1
13262,1271,-2
13263,1258,-1
13264,1250,0
13265,1262,0
13266,1240,1
13267,1249,3
13268,1237,-1
13269,1241,-1
13270,1235,-2
13271,1224,2
13272,1238,0
13273,1252,-1
13274,1254,-1
13275,1262,1
13276,1261,-1
13277,1271,1
13278,1268,-1
13279,1264,-1
13280,1254,0
13281,1241,-1
13282,1235,1
13283,1223,1
13284,1226,2
13285,1239,1
13286,1236,1
13287,1241,-2
13288,1253,0
13289,1265,-1
13290,1269,0
13291,1279,2
13292,1271,-2
13293,1274,-2
13294,1258,-2
13295,1224,-1
13296,1229,1
13297,1223,-2
13298,1232,1
13299,1226,-2
13300,1241,-1
13301,1256,-2
13302,1262,-2
13303,1268,-1
13304,1270,-2
13305,1271,-1
13306,1267,0
13307,1262,-1
13308,1257,-3
13309,1252,0
13310,1235,-2
13311,1229,0
13312,1231,-1
13313,1232,0
13314,1237,1
13315,1244,-2
13316,1253,0
13317,1277,-1
13318,1271,-2
13319,1266,-2
13320,1259,-1
13321,1256,2
13322,1254,1
13323,1246,-3
13324,1240,-1
13325,1246,1
13326,1235,1
13327,1234,1
13328,1237,1
13329,1243,-1
13330,1247,-2
13331,1247,-1
13332,1262,-1
13333,1276,1
13334,1262,0
13335,1252,1
13336,1253,-1
13337,1245,0
13338,1252,0
13339,1243,0
13340,1249,1
13341,1255,-2
13342,1245,0
13343,1234,-2
13344,1233,0
13345,1249,1
13346,1256,-1
13347,1259,0
13348,1261,1
13349,1271,1
13350,1255,0
13351,1250,-3
13352,1248,-2
13353,1251,-1
13354,1248,1
13355,1245,1
13356,1238,0
13357,1256,1
13358,1242,-2
13359,1243,1
13360,1244,-3
13361,1238,-2
13362,1255,-1
13363,1253,0
13364,1262,0
13365,1270,-1
13366,1265,-2
13367,1256,-3
13368,1253,0
13369,1251,-1
13370,1238,4
13371,1235,-1
13372,1232,-2
13373,1246,-2
13374,1237,-2
13375,1245,-2
13376,1256,-2
13377,1258,-2
13378,1274,-1
13379,1266,-2
13380,1266,1
13381,1269,-1
13382,1260,-1
13383,1239,-2
13384,1235,1
13385,1229,1
13386,1233,-1
13387,1238,0
13388,1254,0
13389,1262,-1
13390,1266,-1
13391,1261,1
13392,1262,0
13393,1266,-1
13394,1268,-2
13395,1261,1
13396,1256,1
13397,1247,0
13398,1240,-2
13399,1231,0
13400,1234,-2
13401,1230,-1
13402,1243,1
13403,1246,-2
13404,1259,-2
13405,1274,-2
13406,1264,-1
13407,1256,0
13408,1252,0
13409,1247,-1
13410,1257,-1
13411,1252,-1
13412,1236,-1
13413,1244,0
13414,1243,0
13415,1244,-1
13416,1243,0
13417,1250,1
13418,1254,0
13419,1262,0
13420,1262,-2
13421,1269,0
13422,1262,-1
13423,1247,0
13424,1253,-1
13425,1247,0
13426,1253,0
13427,1247,-2
13428,1247,-2
13429,1253,-1
13430,1248,0
13431,1235,0
13432,1238,1
13433,1243,0
13434,1252,1
13435,1255,0
13436,1265,-2
13437,1263,-2
13438,1262,-2
13439,1252,1
13440,1250,-1
13441,1249,-1
13442,1247,-2
13443,1252,-1
13444,1248,-1
13445,1250,-2
13446,1243,0
13447,1240,1
13448,1246,-2
13449,1250,1
13450,1250,-2
13451,1266,1
13452,1268,-2
13453,1277,0
13454,1268,-2
13455,1256,0
13456,1238,-3
13457,1247,-1
13458,1238,1
13459,1244,-2
13460,1234,-1
13461,1246,3
13462,1247,1
13463,1245,1
13464,1264,-2
13465,1261,0
13466,1271,-2
13467,1263,1
13468,1270,1
13469,1266,1
13470,1258,0
13471,1237,-1
13472,1229,1
13473,1226,-1
13474,1238,-2
13475,1230,-2
13476,1245,-2
13477,1265,0
13478,1265,0
13479,1259,0
13480,1262,0
13481,1265,-1
13482,1269,-1
13483,1265,1
13484,1256,2
13485,1244,-2
13486,1235,-2
13487,1227,1
13488,1233,1
13489,1247,1
13490,1247,1
13491,1248,1
13492,1253,1
13493,1269,-1
13494,1275,-2
13495,1260,-1
13496,1256,0
13497,1250,-1
13498,1258,-2
13499,1247,0
13500,1240,0
13501,1242,-1
13502,1236,0
13503,1235,0
13504,1244,0
13505,1255,-1
13506,1249,-1
13507,1263,0
13508,1265,-2
13509,1267,1
13510,1265,-1
13511,1244,0
13512,1251,1
13513,1252,3
13514,1243,0
13515,1245,1
13516,1232,0
13517,1249,-1
13518,1246,1
13519,1239,1
13520,1247,-1
13521,1253,-1
13522,1262,-1
13523,1265,-2
13524,1253,-2
13525,1264,0
13526,1264,1
13527,1259,-1
13528,1250,1
13529,1243,0
13530,1250,1
13531,1253,-1
13532,1241,0
13533,1251,0
13534,1243,0
13535,1235,-2
13536,1248,0
13537,1255,-1
13538,1256,-2
13539,1251,1
13540,1263,1
13541,1271,-1
13542,1270,-2
13543,1247,0
13544,1241,0
13545,1242,-2
13546,1241,0
13547,1234,-1
13548,1237,1
13549,1248,-2
13550,1253,-1
13551,1248,-2
13552,1249,-4
13553,1262,-1
13554,1267,-2
13555,1268,2
13556,1268,-2
13557,1259,-1
13558,1251,0
13559,1236,-2
13560,1235,-2
13561,1234,1
13562,1242,-1
13563,1237,1
13564,1246,-2
13565,1253,-1
13566,1264,-3
13567,1248,0
13568,1265,0
13569,1262,1
13570,1269,1
13571,1255,-1
13572,1255,-2
13573,1243,0
13574,1244,1
13575,1232,0
13576,1235,1
13577,1239,-1
13578,1239,-2
13579,1250,-2
13580,1260,-2
13581,1277,0
13582,1267,1
13583,1256,-2
13584,1256,-1
13585,1259,0
13586,1260,0
13587,1250,-1
13588,1245,-1
13589,1241,0
13590,1241,-2
13591,1232,0
13592,1247,1
13593,1249,-1
13594,1251,-2
13595,1253,-1
13596,1257,-1
13597,1271,0
13598,1253,-1
13599,1252,-1
13600,1251,-1
13601,1261,-1
13602,1253,-1
13603,1247,0
13604,1242,-4
13605,1251,-2
13606,1240,-1
13607,1226,-1
13608,1238,-2
13609,1244,1
13610,1262,-2
13611,1266,-1
13612,1262,0
13613,1270,4
13614,1261,1
13615,1250,1
13616,1252,0
13617,1247,2
13618,1250,0
13619,1243,0
13620,1241,1
13621,1259,-1
13622,1237,0
13623,1235,-1
13624,1246,-1
13625,1261,-1
13626,1265,-2
13627,1271,0
13628,1274,0
13629,1273,0
13630,1266,0
13631,1251,-2
13632,1250,-1
13633,1239,0
13634,1235,1
13635,1243,0
13636,1234,-1
13637,1245,-1
13638,1256,-1
13639,1242,0
13640,1256,-1
13641,1267,0
13642,1276,-1
13643,1268,-2
13644,1270,-1
13645,1264,1
13646,1252,1
13647,1226,-1
13648,1226,0
13649,1232,-2
13650,1235,-1
13651,1234,2
13652,1250,0
13653,1262,0
13654,1270,0
13655,1262,1
13656,1265,1
13657,1283,0
13658,1268,2
13659,1256,-1
13660,1240,0
13661,1239,1
13662,1235,1
13663,1221,-1
13664,1227,0
13665,1231,-2
13666,1242,0
13667,1257,1
13668,1262,1
13669,1284,0
13670,1281,-1
13671,1265,-1
13672,1255,-2
13673,1256,1
13674,1244,0
13675,1239,-1
13676,1239,-1
13677,1246,1
13678,1245,-2
13679,1234,1
13680,1236,0
13681,1256,-2
13682,1269,-1
13683,1270,-2
13684,1277,-1
13685,1281,-1
13686,1269,1
13687,1251,0
13688,1243,-1
13689,1252,0
13690,1242,-1
13691,1233,-1
13692,1234,1
13693,1245,-3
13694,1240,0
13695,1234,-2
13696,1248,-2
13697,1265,-1
13698,1259,-1
13699,1266,-1
13700,1256,-1
13701,1275,-2
13702,1261,1
13703,1244,-2
13704,1241,-1
13705,1238,-1
13706,1239,-1
13707,1241,-1
13708,1240,0
13709,1256,-1
13710,1254,-2
13711,1242,-1
13712,1251,1
13713,1265,-2
13714,1261,-2
13715,1270,-2
13716,1268,0
13717,1273,0
13718,1259,0
13719,1226,-2
13720,1231,-1
13721,1238,-2
13722,1246,3
13723,1235,-2
13724,1241,-2
13725,1262,-1
13726,1261,1
13727,1254,-2
13728,1264,0
13729,1265,0
13730,1266,0
13731,1270,1
13732,1261,-1
13733,1256,-2
13734,1238,1
13735,1231,0
13736,1226,-1
13737,1241,1
13738,1239,-2
13739,1245,0
13740,1255,1
13741,1274,1
13742,1273,-2
13743,1255,0
13744,1258,1
13745,1262,0
13746,1256,0
13747,1244,-2
13748,1239,0
13749,1240,1
13750,1241,0
13751,1223,0
13752,1232,1
13753,1258,0
13754,1256,1
13755,1274,1
13756,1271,0
13757,1280,-2
13758,1272,0
13759,1256,0
13760,1256,-1
13761,1255,0
13762,1239,0
13763,1240,0
13764,1237,1
13765,1255,-2
13766,1248,1
13767,1244,-1
13768,1250,-1
13769,1267,-2
13770,1263,0
13771,1267,0
13772,1265,-2
13773,1265,-2
13774,1257,-1
13775,1244,-2
13776,1247,0
13777,1240,-2
13778,1245,1
13779,1250,1
13780,1256,-1
13781,1265,-2
13782,1263,1
13783,1254,-1
13784,1262,0
13785,1257,-1
13786,1257,-1
13787,1264,-1
13788,1259,1
13789,1259,1
13790,1250,1
13791,1247,0
13792,1243,1
13793,1265,-1
13794,1256,0
13795,1253,1
13796,1261,0
13797,1258,1
13798,1261,1
13799,1246,0
13800,1252,1
13801,1257,-1
13802,1253,0
13803,1264,-2
13804,1258,1
13805,1274,-1
13806,1261,0
13807,1250,0
13808,1247,-2
13809,1254,-1
13810,1254,-1
13811,1235,0
13812,1244,-2
13813,1253,0
13814,1256,-1
13815,1248,-3
13816,1262,1
13817,1269,-1
13818,1268,-2
13819,1267,-1
13820,1265,-2
13821,1267,0
13822,1259,1
13823,1243,1
13824,1236,0
13825,1244,-1
13826,1238,0
13827,1244,1
13828,1250,1
13829,1265,-2
13830,1269,-2
13831,1257,-1
13832,1273,2
13833,1284,0
13834,1263,-2
13835,1255,0
13836,1253,1
13837,1256,0
13838,1260,0
13839,1235,0
13840,1238,0
13841,1244,-2
13842,1249,0
13843,1257,-1
13844,1262,1
13845,1282,1
13846,1275,0
13847,1262,-2
13848,1265,-1
13849,1266,-1
13850,1247,1
13851,1246,-1
13852,1243,-3
13853,1241,-3
13854,1248,-1
13855,1231,-1
13856,1241,-1
13857,1249,-1
13858,1265,0
13859,1260,-2
13860,1266,1
13861,1277,1
13862,1270,-2
13863,1258,1
13864,1255,-2
13865,1256,0
13866,1246,-2
13867,1250,-1
13868,1250,0
13869,1259,-1
13870,1247,-2
13871,1244,0
13872,1255,-2
13873,1262,1
13874,1271,1
13875,1264,1
13876,1270,1
13877,1268,-2
13878,1263,-2
13879,1259,1
13880,1254,-1
13881,1252,-1
13882,1255,0
13883,1239,0
13884,1241,0
13885,1248,0
13886,1253,-1
13887,1245,0
13888,1259,-2
13889,1271,-2
13890,1269,-1
13891,1275,0
13892,1272,1
13893,1277,1
13894,1254,1
13895,1242,-1
13896,1246,1
13897,1243,3
13898,1238,1
13899,1232,1
13900,1247,-1
13901,1253,-2
13902,1267,2
13903,1256,-2
13904,1273,-2
13905,1277,0
13906,1283,1
13907,1265,0
13908,1261,-2
13909,1267,-1
13910,1249,-1
13911,1231,0
13912,1229,-2
13913,1235,0
13914,1247,-2
13915,1249,0
13916,1265,1
13917,1277,0
13918,1271,0
13919,1274,0
13920,1274,-1
13921,1275,-2
13922,1267,0
13923,1249,-2
13924,1247,0
13925,1248,-1
13926,1233,0
13927,1221,-1
13928,1233,0
13929,1246,-1
13930,1263,1
13931,1256,0
13932,1277,-2
13933,1285,1
13934,1277,1
13935,1262,0
13936,1261,-2
13937,1247,-2
13938,1248,-1
13939,1236,0
13940,1241,-1
13941,1242,-2
13942,1244,-2
13943,1240,-1
13944,1253,1
13945,1259,1
13946,1274,0
13947,1269,1
13948,1271,1
13949,1277,-1
13950,1262,1
13951,1245,-2
13952,1247,-2
13953,1240,-1
13954,1240,-2
13955,1232,-1
13956,1247,0
13957,1256,-1
13958,1261,0
13959,1255,1
13960,1262,-1
13961,1267,1
13962,1274,-2
13963,1268,2
13964,1263,-2
13965,1269,1
13966,1259,-2
13967,1240,-1
13968,1244,1
13969,1245,-2
13970,1243,-2
13971,1247,-2
13972,1250,-1
13973,1262,0
13974,1259,0
13975,1255,1
13976,1267,1
13977,1270,-2
13978,1265,-1
13979,1271,0
13980,1263,-1
13981,1263,1
13982,1262,-2
13983,1238,0
13984,1239,-1
13985,1241,1
13986,1238,-2
13987,1249,1
13988,1250,1
13989,1262,1
13990,1267,-2
13991,1259,-1
13992,1267,0
13993,1268,-1
13994,1271,-1
13995,1259,-2
13996,1263,1
13997,1265,1
13998,1244,-1
13999,1229,1
14000,1241,-1
14001,1244,0
14002,1233,-2
14003,1253,-1
14004,1265,1
14005,1283,1
14006,1275,-1
14007,1271,-1
14008,1272,0
14009,1268,-1
14010,1256,-1
14011,1259,-2
14012,1247,0
14013,1247,1
14014,1235,-2
14015,1235,-2
14016,1238,-2
14017,1262,1
14018,1268,-2
14019,1272,1
14020,1277,0
14021,1289,-2
14022,1289,0
14023,1266,-1
14024,1253,-2
14025,1262,0
14026,1256,-1
14027,1240,-2
14028,1242,1
14029,1237,1
14030,1248,1
14031,1244,-2
14032,1252,1
14033,1271,-1
14034,1273,-2
14035,1268,-1
14036,1268,-2
14037,1279,1
14038,1268,0
14039,1244,0
14040,1249,0
14041,1244,0
14042,1243,-2
14043,1246,-1
14044,1256,0
14045,1260,-2
14046,1256,0
14047,1256,1
14048,1266,0
14049,1268,-1
14050,1255,-1
14051,1264,-1
14052,1270,1
14053,1265,-2
14054,1253,-4
14055,1241,-2
14056,1246,-2
14057,1243,0
14058,1249,2
14059,1244,1
14060,1253,-2
14061,1263,-2
14062,1268,-1
14063,1251,1
14064,1261,0
14065,1268,0
14066,1264,0
14067,1265,-1
14068,1268,0
14069,1265,-1
14070,1255,0
14071,1239,-1
14072,1253,1
14073,1249,0
14074,1229,0
14075,1248,0
14076,1256,0
14077,1266,1
14078,1262,-1
14079,1265,-1
14080,1268,-2
14081,1280,4
14082,1267,-1
14083,1261,-2
14084,1259,-2
14085,1259,-2
14086,1256,-1
14087,1233,-1
14088,1243,1
14089,1244,1
14090,1247,-1
14091,1257,0
14092,1264,-2
14093,1280,1
14094,1284,1
14095,1266,0
14096,1272,0
14097,1262,0
14098,1256,0
14099,1250,-2
14100,1246,-2
14101,1247,-1
14102,1252,1
14103,1235,1
14104,1244,2
14105,1261,-1
14106,1273,-1
14107,1282,-2
14108,1285,-2
14109,1286,1
14110,1270,0
14111,1265,-2
14112,1247,2
14113,1251,-2
14114,1236,-1
14115,1229,0
14116,1235,-1
14117,1242,0
14118,1264,1
14119,1247,2
14120,1264,-2
14121,1271,-1
14122,1286,1
14123,1277,-1
14124,1280,-2
14125,1268,0
14126,1268,-2
14127,1239,1
14128,1253,0
14129,1246,0
14130,1247,0
14131,1248,-1
14132,1248,-1
14133,1261,0
14134,1261,-2
14135,1259,-2
14136,1265,-1
14137,1272,-1
14138,1265,-1
14139,1267,0
14140,1271,0
14141,1266,-2
14142,1252,-1
14143,1245,-1
14144,1256,-2
14145,1259,0
14146,1257,-1
14147,1259,-2
14148,1261,-1
14149,1273,-2
14150,1276,1
14151,1259,0
14152,1264,-1
14153,1263,0
14154,1262,1
14155,1271,1
14156,1262,-1
14157,1263,-2
14158,1257,0
14159,1247,0
14160,1254,-1
14161,1255,0
14162,1251,0
14163,1255,0
14164,1258,-2
14165,1272,1
14166,1269,1
14167,1263,0
14168,1265,0
14169,1262,-2
14170,1268,-2
14171,1260,-1
14172,1258,0
14173,1266,0
14174,1254,0
14175,1235,-2
14176,1247,-2
14177,1247,-2
14178,1258,0
14179,1252,1
14180,1272,-1
14181,1289,0
14182,1283,1
14183,1265,1
14184,1275,-2
14185,1279,1
14186,1264,-2
14187,1256,-2
14188,1258,-1
14189,1258,-1
14190,1246,0
14191,1238,0
14192,1253,-1
14193,1257,-2
14194,1265,0
14195,1271,-1
14196,1278,-1
14197,1278,-2
14198,1274,0
14199,1266,-1
14200,1261,1
14201,1258,0
14202,1250,1
14203,1242,1
14204,1247,1
14205,1259,1
14206,1251,0
14207,1258,-1
14208,1271,1
14209,1286,-2
14210,1283,-1
14211,1277,-1
14212,1268,-2
14213,1277,-2
14214,1262,1
14215,1253,1
14216,1257,0
14217,1254,-2
14218,1245,1
14219,1252,-1
14220,1253,-1
14221,1258,0
14222,1267,-2
14223,1255,-1
14224,1270,0
14225,1268,-1
14226,1266,0
14227,1265,1
14228,1268,0
14229,1265,-1
14230,1266,-1
14231,1245,0
14232,1254,1
14233,1257,0
14234,1250,0
14235,1260,-2
14236,1260,-2
14237,1265,0
14238,1267,-1
14239,1256,0
14240,1253,1
14241,1265,-2
14242,1268,-2
14243,1268,0
14244,1267,1
14245,1263,1
14246,1262,0
14247,1248,1
14248,1256,-2
14249,1254,-3
14250,1242,0
14251,1243,0
14252,1259,-1
14253,1280,-1
14254,1267,1
14255,1268,-1
14256,1271,-1
14257,1276,1
14258,1277,1
14259,1274,0
14260,1266,0
14261,1265,-1
14262,1251,-1
14263,1241,-1
14264,1238,-3
14265,1244,-1
14266,1253,1
14267,1251,4
14268,1268,-1
14269,1280,-2
14270,1288,-2
14271,1276,0
14272,1278,-1
14273,1282,-1
14274,1269,2
14275,1253,-2
14276,1253,-2
14277,1247,1
14278,1248,-1
14279,1241,1
14280,1242,-1
14281,1270,-2
14282,1276,-2
14283,1273,-1
14284,1283,1
14285,1289,0
14286,1286,1
14287,1266,-1
14288,1259,-1
14289,1258,0
14290,1243,0
14291,1253,-2
14292,1246,1
14293,1251,-2
14294,1253,-1
14295,1257,0
14296,1270,-1
14297,1283,0
14298,1275,-2
14299,1281,-2
14300,1279,0
14301,1274,-1
14302,1266,-2
14303,1250,0
14304,1247,-1
14305,1248,1
14306,1248,-2
14307,1255,1
14308,1252,1
14309,1262,1
14310,1263,1
14311,1271,-1
14312,1271,-1
14313,1279,-1
14314,1274,-2
14315,1271,-1
14316,1268,1
14317,1271,-1
14318,1252,-2
14319,1247,-1
14320,1251,-2
14321,1249,1
14322,1256,0
14323,1259,1
14324,1262,-1
14325,1265,0
14326,1267,0
14327,1265,-2
14328,1273,1
14329,1275,1
14330,1271,-1
14331,1274,0
14332,1265,-1
14333,1262,-1
14334,1259,-2
14335,1248,0
14336,1247,-2
14337,1250,1
14338,1244,1
14339,1261,-2
14340,1271,0
14341,1272,1
14342,1273,0
14343,1271,-1
14344,1283,-2
14345,1278,1
14346,1270,1
14347,1265,-1
14348,1259,-2
14349,1257,-1
14350,1255,1
14351,1235,-1
14352,1241,1
14353,1256,-1
14354,1265,-2
14355,1277,1
14356,1282,1
14357,1283,1
14358,1289,0
14359,1274,-2
14360,1273,-2
14361,1268,-1
14362,1262,-1
14363,1259,0
14364,1240,0
14365,1244,-1
14366,1247,0
14367,1240,1
14368,1250,-1
14369,1267,-2
14370,1280,1
14371,1286,-2
14372,1283,-1
14373,1286,1
14374,1277,0
14375,1259,0
14376,1249,-2
14377,1255,-2
14378,1244,0
14379,1241,0
14380,1242,2
14381,1256,0
14382,1265,1
14383,1265,1
14384,1283,-1
14385,1282,-3
14386,1288,0
14387,1284,1
14388,1277,1
14389,1276,0
14390,1269,-1
14391,1250,0
14392,1244,0
14393,1249,-1
14394,1238,-2
14395,1250,-2
14396,1256,1
14397,1275,1
14398,1274,1
14399,1277,-1
14400,1278,0
14401,1274,0
14402,1273,1
14403,1272,1
14404,1257,0
14405,1256,-2
14406,1246,-2
14407,1245,0
14408,1250,-2
14409,1244,-1
14410,1249,-2
14411,1268,1
14412,1274,-3
14413,1280,0
14414,1272,1
14415,1263,-1
14416,1281,1
14417,1268,-1
14418,1266,1
14419,1262,-2
14420,1259,0
14421,1247,0
14422,1255,-2
14423,1250,-1
14424,1250,1
14425,1259,1
14426,1257,-1
14427,1261,1
14428,1271,1
14429,1278,0
14430,1278,-1
14431,1266,1
14432,1274,-1
14433,1271,-2
14434,1262,0
14435,1254,0
14436,1263,-2
14437,1259,-1
14438,1255,-1
14439,1249,0
14440,1250,0
14441,1262,-2
14442,1273,0
14443,1271,1
14444,1275,-1
14445,1283,0
14446,1277,-2
14447,1271,1
14448,1259,1
14449,1265,-2
14450,1252,1
14451,1259,1
14452,1247,-1
14453,1251,1
14454,1246,-1
14455,1256,-1
14456,1259,0
14457,1276,0
14458,1272,-1
14459,1280,-1
14460,1282,0
14461,1283,1
14462,1271,-1
14463,1253,1
14464,1251,0
14465,1249,1
14466,1247,1
14467,1241,1
14468,1250,-1
14469,1262,1
14470,1272,0
14471,1268,-2
14472,1275,1
14473,1276,0
14474,1274,-1
14475,1274,0
14476,1271,-1
14477,1274,2
14478,1252,-1
14479,1246,-1
14480,1250,-1
14481,1250,0
14482,1261,-1
14483,1264,2
14484,1263,0
14485,1276,-2
14486,1273,-1
14487,1270,-1
14488,1271,-2
14489,1269,-1
14490,1271,0
14491,1268,1
14492,1254,1
14493,1259,0
14494,1257,1
14495,1250,1
14496,1256,0
14497,1260,-1
14498,1259,1
14499,1264,0
14500,1271,0
14501,1277,1
14502,1265,0
14503,1267,-1
14504,1264,-2
14505,1270,-1
14506,1268,-1
14507,1252,-1
14508,1262,-2
14509,1268,-2
14510,1268,-2
14511,1253,-1
14512,1260,0
14513,1260,2
14514,1262,-1
14515,1267,1
14516,1271,1
14517,1275,0
14518,1268,0
14519,1265,-1
14520,1263,-1
14521,1276,-1
14522,1268,0
14523,1267,-2
14524,1259,0
14525,1260,0
14526,1250,0
14527,1243,1
14528,1247,1
14529,1262,-2
14530,1251,1
14531,1257,-1
14532,1271,0
14533,1279,-1
14534,1276,0
14535,1274,1
14536,1268,1
14537,1265,2
14538,1262,0
14539,1264,-1
14540,1253,-1
14541,1257,0
14542,1250,-1
14543,1248,-2
14544,1262,1
14545,1278,1
14546,1269,-1
14547,1274,1
14548,1277,1
14549,1292,1
14550,1281,-1
14551,1268,2
14552,1256,-1
14553,1252,1
14554,1247,1
14555,1242,1
14556,1240,0
14557,1256,-1
14558,1257,-2
14559,1258,0
14560,1272,1
14561,1289,-1
14562,1284,1
14563,1283,0
14564,1290,1
14565,1277,0
14566,1266,0
14567,1250,1
14568,1247,-2
14569,1243,-1
14570,1247,1
14571,1252,-2
14572,1261,0
14573,1271,0
14574,1274,1
14575,1270,-2
14576,1286,-1
14577,1281,0
14578,1280,-1
14579,1277,1
14580,1268,-1
14581,1259,1
14582,1257,-2
14583,1247,1
14584,1252,0
14585,1254,-1
14586,1258,-2
14587,1267,-1
14588,1269,-1
14589,1280,-3
14590,1280,-2
14591,1276,-1
14592,1282,0
14593,1290,1
14594,1269,-2
14595,1257,0
14596,1253,-1
14597,1256,1
14598,1259,0
14599,1250,-1
14600,1262,0
14601,1255,-1
14602,1265,-1
14603,1275,-1
14604,1275,0
14605,1274,-2
14606,1276,-2
14607,1274,-1
14608,1277,-1
14609,1272,1
14610,1268,-2
14611,1262,1
14612,1258,1
14613,1263,-1
14614,1248,3
14615,1237,0
14616,1256,1
14617,1257,2
14618,1264,0
14619,1272,-1
14620,1280,1
14621,1292,1
14622,1290,-2
14623,1283,1
14624,1267,-1
14625,1268,-2
14626,1257,1
14627,1252,0
14628,1251,-2
14629,1256,0
14630,1247,-1
14631,1250,-1
14632,1263,-4
14633,1277,1
14634,1286,-2
14635,1295,0
14636,1283,-1
14637,1289,-2
14638,1269,-2
14639,1256,-1
14640,1256,-1
14641,1241,0
14642,1245,-1
14643,1246,-2
14644,1260,0
14645,1265,-1
14646,1274,-1
14647,1276,-2
14648,1278,-2
14649,1289,-1
14650,1282,-1
14651,1277,-2
14652,1270,-2
14653,1274,1
14654,1255,0
14655,1250,0
14656,1242,0
14657,1251,-2
14658,1250,0
14659,1262,-1
14660,1270,1
14661,1286,0
14662,1283,0
14663,1277,2
14664,1283,1
14665,1274,1
14666,1269,-1
14667,1269,1
14668,1257,0
14669,1247,-2
14670,1251,-2
14671,1247,0
14672,1244,0
14673,1262,-2
14674,1259,0
14675,1265,-2
14676,1276,-2
14677,1279,1
14678,1274,-1
14679,1264,1
14680,1263,1
14681,1267,-2
14682,1265,0
14683,1254,0
14684,1260,-1
14685,1264,1
14686,1261,1
14687,1256,0
14688,1260,0
14689,1261,0
14690,1258,0
14691,1267,1
14692,1269,-2
14693,1283,-1
14694,1271,0
14695,1267,0
14696,1266,0
14697,1268,-2
14698,1256,-4
14699,1257,-2
14700,1257,1
14701,1253,-4
14702,1253,-1
14703,1252,-2
14704,1258,-1
14705,1265,-1
14706,1279,1
14707,1268,0
14708,1278,-2
14709,1289,-2
14710,1282,1
14711,1275,-2
14712,1262,1
14713,1272,0
14714,1250,1
14715,1248,-1
14716,1253,1
14717,1257,-1
14718,1256,-2
14719,1250,1
14720,1272,1
14721,1277,-2
14722,1277,1
14723,1278,0
14724,1278,-1
14725,1287,-2
14726,1275,-1
14727,1259,0
14728,1248,0
14729,1259,1
14730,1244,2
14731,1254,1
14732,1247,0
14733,1276,0
14734,1277,0
14735,1291,-2
14736,1283,0
14737,1283,-2
14738,1289,-2
14739,1286,1
14740,1275,-1
14741,1269,1
14742,1258,-2
14743,1248,1
14744,1247,1
14745,1251,0
14746,1250,-1
14747,1259,1
14748,1273,-2
14749,1276,0
14750,1281,-1
14751,1280,1
14752,1277,1
14753,1280,-1
14754,1269,0
14755,1266,1
14756,1266,1
14757,1268,-1
14758,1254,1
14759,1253,-1
14760,1253,1
14761,1256,2
14762,1261,1
14763,1273,-1
14764,1279,-2
14765,1284,0
14766,1278,1
14767,1268,-1
14768,1273,-1
14769,1273,0
14770,1265,-1
14771,1265,0
14772,1256,0
14773,1257,-2
14774,1255,-1
14775,1257,-2
14776,1252,1
14777,1262,0
14778,1269,-2
14779,1271,-1
14780,1270,-1
14781,1280,0
14782,1281,1
14783,1273,-2
14784,1266,-2
14785,1275,1
14786,1271,1
14787,1267,0
14788,1261,1
14789,1265,0
14790,1257,1
14791,1253,0
14792,1262,-1
14793,1273,-2
14794,1274,-1
14795,1279,0
14796,1281,1
14797,1291,-2
14798,1283,-1
14799,1267,1
14800,1268,0
14801,1258,1
14802,1254,-2
14803,1241,0
14804,1251,-2
14805,1265,-2
14806,1259,-2
14807,1270,0
14808,1271,1
14809,1280,1
14810,1292,1
14811,1278,1
14812,1283,1
14813,1286,0
14814,1268,-1
14815,1255,0
14816,1249,-1
14817,1247,0
14818,1247,1
14819,1248,1
14820,1259,1
14821,1276,-1
14822,1285,0
14823,1278,-1
14824,1278,-1
14825,1290,-1
14826,1280,-1
14827,1284,0
14828,1271,-2
14829,1263,0
14830,1245,-2
14831,1251,0
14832,1243,-2
14833,1244,-1
14834,1256,0
14835,1268,0
14836,1277,0
14837,1299,-1
14838,1285,0
14839,1277,1
14840,1280,-1
14841,1277,-1
14842,1270,-1
14843,1256,1
14844,1244,-2
14845,1262,-1
14846,1255,-1
14847,1255,0
14848,1258,0
14849,1268,-1
14850,1274,0
14851,1277,1
14852,1283,-1
14853,1281,1
14854,1275,1
14855,1274,-2
14856,1268,1
14857,1260,1
14858,1256,0
14859,1248,1
14860,1268,-1
14861,1267,1
14862,1265,0
14863,1264,-2
14864,1261,-1
14865,1271,3
14866,1274,-1
14867,1271,-3
14868,1280,-2
14869,1274,0
14870,1267,0
14871,1263,-1
14872,1262,-2
14873,1272,-1
14874,1263,0
14875,1261,1
14876,1266,-2
14877,1267,-2
14878,1262,1
14879,1264,-1
14880,1267,1
14881,1274,0
14882,1272,-1
14883,1280,0
14884,1272,1
14885,1282,-1
14886,1285,-2
14887,1269,1
14888,1260,1
14889,1260,0
14890,1264,-2
14891,1260,-1
14892,1262,1
14893,1262,-1
14894,1255,-2
14895,1256,1
14896,1274,0
14897,1281,0
14898,1278,4
14899,1280,-2
14900,1289,-2
14901,1286,1
14902,1278,1
14903,1260,1
14904,1260,0
14905,1256,1
14906,1257,0
14907,1249,0
14908,1259,0
14909,1274,-2
14910,1273,-1
14911,1276,1
14912,1275,1
14913,1284,1
14914,1285,0
14915,1273,1
14916,1281,-2
14917,1263,-2
14918,1259,3
14919,1251,0
14920,1251,1
14921,1257,1
14922,1262,0
14923,1271,0
14924,1273,1
14925,1283,2
14926,1280,1
14927,1272,0
14928,1280,0
14929,1283,0
14930,1274,-1
14931,1265,-2
14932,1258,0
14933,1257,2
14934,1253,2
14935,1256,1
14936,1261,1
14937,1270,1
14938,1271,-2
14939,1283,0
14940,1277,1
14941,1289,-1
14942,1280,-2
14943,1286,-2
14944,1273,0
14945,1275,-1
14946,1268,0
14947,1270,-2
14948,1266,-1
14949,1272,1
14950,1261,0
14951,1256,0
14952,1265,0
14953,1261,1
14954,1272,2
14955,1283,-2
14956,1281,0
14957,1292,-2
14958,1277,-1
14959,1274,0
14960,1271,-1
14961,1273,0
14962,1268,-2
14963,1266,0
14964,1263,-2
14965,1267,-1
14966,1264,-1
14967,1254,-1
14968,1255,-2
14969,1271,-2
14970,1270,2
14971,1276,-1
14972,1287,1
14973,1291,1
14974,1284,-1
14975,1275,0
14976,1266,-1
14977,1264,-1
14978,1257,-1
14979,1252,-1
14980,1253,1
14981,1259,-2
14982,1252,-2
14983,1261,-1
14984,1276,-1
14985,1286,-2
14986,1284,-1
14987,1288,-2
14988,1294,-1
14989,1294,1
14990,1277,-2
14991,1262,1
14992,1250,1
14993,1254,-1
14994,1246,-1
14995,1247,-1
14996,1267,1
14997,1275,0
14998,1277,-1
14999,1286,0
15000,1289,1
15001,1286,-1
15002,1288,0
15003,1292,-2
15004,1275,0
15005,1271,1
15006,1257,1
15007,1243,0
15008,1247,0
15009,1245,-2
15010,1245,3
15011,1262,1
15012,1276,-2
15013,1294,1
15014,1294,1
15015,1291,-1
15016,1297,2
15017,1281,-2
15018,1270,0
15019,1256,0
15020,1260,1
15021,1259,1
15022,1240,1
15023,1253,-1
15024,1252,1
15025,1263,-1
15026,1281,-2
15027,1297,1
15028,1294,-2
15029,1294,-2
15030,1286,-1
15031,1284,-1
15032,1273,0
15033,1281,1
15034,1262,-2
15035,1256,1
15036,1262,1
15037,1269,-3
15038,1267,-1
15039,1262,-2
15040,1276,-1
15041,1278,-2
15042,1280,-1
15043,1282,-1
15044,1286,-1
15045,1291,0
15046,1273,-2
15047,1264,-2
15048,1256,0
15049,1256,-1
15050,1261,-1
15051,1256,2
15052,1253,-1
15053,1275,0
15054,1262,1
15055,1267,-1
15056,1277,1
15057,1283,-1
15058,1286,0
15059,1280,-1
15060,1280,-2
15061,1295,-3
15062,1273,0
15063,1260,0
15064,1256,-2
15065,1261,0
15066,1251,0
15067,1250,1
15068,1252,-1
15069,1276,-1
15070,1267,-2
15071,1280,-2
15072,1284,1
15073,1297,0
15074,1292,0
15075,1288,-1
15076,1286,-1
15077,1275,0
15078,1256,-2
15079,1257,-1
15080,1250,-2
15081,1256,1
15082,1261,1
15083,1263,1
15084,1278,0
15085,1289,1
15086,1286,2
15087,1286,-2
15088,1294,1
15089,1286,-2
15090,1283,0
15091,1268,1
15092,1265,0
15093,1262,-2
15094,1247,-1
15095,1250,-2
15096,1251,1
15097,1259,-2
15098,1274,-2
15099,1284,0
15100,1293,0
15101,1295,-2
15102,1286,1
15103,1275,-1
15104,1278,1
15105,1275,-1
15106,1269,0
15107,1256,1
15108,1257,-2
15109,1257,1
15110,1260,1
15111,1259,-1
15112,1258,-2
15113,1282,-2
15114,1291,1
15115,1294,-2
15116,1285,1
15117,1283,1
15118,1283,-2
15119,1271,0
15120,1268,-1
15121,1259,0
15122,1250,-1
15123,1252,-1
15124,1267,-1
15125,1277,0
15126,1263,-2
15127,1271,0
15128,1274,1
15129,1285,1
15130,1276,0
15131,1283,-2
15132,1273,-2
15133,1287,-2
15134,1272,-1
15135,1268,-2
15136,1265,1
15137,1265,1
15138,1265,-3
15139,1265,1
15140,1265,0
15141,1280,1
15142,1272,-1
15143,1270,-2
15144,1272,1
15145,1279,-1
15146,1277,-1
15147,1280,0
15148,1282,-2
15149,1289,-1
15150,1274,0
15151,1263,-2
15152,1268,-2
15153,1266,1
15154,1268,-1
15155,1269,0
15156,1257,1
15157,1272,0
15158,1265,1
15159,1274,2
15160,1274,-2
15161,1281,-2
15162,1286,-2
15163,1288,-2
15164,1291,1
15165,1291,0
15166,1277,-2
15167,1257,-2
15168,1261,1
15169,1262,-1
15170,1263,-2
15171,1256,-2
15172,1268,1
15173,1283,-1
15174,1281,-1
15175,1283,0
15176,1280,-1
15177,1296,-2
15178,1288,0
15179,1277,-1
15180,1269,-2
15181,1274,-1
15182,1259,0
15183,1250,-1
15184,1251,0
15185,1253,0
15186,1264,0
15187,1274,-1
15188,1280,-2
15189,1292,1
15190,1285,0
15191,1286,1
15192,1286,1
15193,1271,-1
15194,1262,0
15195,1258,0
15196,1265,0
15197,1257,-1
15198,1263,1
15199,1259,-2
15200,1264,-2
15201,1279,2
15202,1274,1
15203,1283,2
15204,1289,-2
15205,1283,-2
15206,1280,1
15207,1277,-2
15208,1262,-2
15209,1265,0
15210,1262,-1
15211,1264,-2
15212,1261,0
15213,1280,0
15214,1264,-2
15215,1266,-2
15216,1270,-1
15217,1277,-1
15218,1280,-1
15219,1268,-2
15220,1287,-1
15221,1289,-1
15222,1272,-2
15223,1274,-2
15224,1269,-1
15225,1266,0
15226,1271,0
15227,1271,0
15228,1265,-1
15229,1274,1
15230,1259,0
15231,1268,1
15232,1265,0
15233,1279,0
15234,1276,0
15235,1282,-2
15236,1294,-2
15237,1286,0
15238,1279,1
15239,1268,1
15240,1273,-2
15241,1273,0
15242,1265,1
15243,1262,-1
15244,1260,2
15245,1277,1
15246,1272,-1
15247,1271,-1
15248,1277,-1
15249,1294,1
15250,1291,0
15251,1294,-2
15252,1282,0
15253,1280,-3
15254,1271,-2
15255,1257,1
15256,1248,1
15257,1259,0
15258,1260,0
15259,1267,0
15260,1272,-2
15261,1288,1
15262,1285,-2
15263,1287,0
15264,1297,1
15265,1295,1
15266,1286,0
15267,1277,1
15268,1263,-1
15269,1271,0
15270,1251,1
15271,1251,-3
15272,1253,1
15273,1256,0
15274,1267,0
15275,1281,1
15276,1294,-2
15277,1301,2
15278,1295,-2
15279,1288,-2
15280,1285,-1
15281,1280,-3
15282,1260,-1
15283,1259,-3
15284,1256,-2
15285,1271,1
15286,1261,-2
15287,1259,-2
15288,1263,-2
15289,1283,1
15290,1281,-2
15291,1292,-1
15292,1295,0
15293,1293,-2
15294,1297,0
15295,1274,-1
15296,1265,-1
15297,1263,-2
15298,1258,-3
15299,1259,1
15300,1260,-2
15301,1271,-1
15302,1271,-1
15303,1266,1
15304,1277,0
15305,1281,-1
15306,1280,1
15307,1288,0
15308,1293,-2
15309,1296,0
15310,1276,-1
15311,1259,-2
15312,1264,0
15313,1264,-1
15314,1262,0
15315,1267,1
15316,1268,-1
15317,1283,0
15318,1278,-1
15319,1275,-2
15320,1283,1
15321,1291,-2
15322,1289,-1
15323,1288,0
15324,1280,0
15325,1291,1
15326,1277,-1
15327,1262,1
15328,1270,-2
15329,1266,0
15330,1271,0
15331,1256,1
15332,1262,-1
15333,1283,-1
15334,1276,0
15335,1279,-2
15336,1284,0
15337,1297,1
15338,1291,0
15339,1286,1
15340,1279,0
15341,1274,-1
15342,1269,-2
15343,1262,0
15344,1263,0
15345,1261,-2
15346,1259,-2
15347,1275,1
15348,1285,-2
15349,1288,-1
15350,1291,2
15351,1284,-1
15352,1291,0
15353,1289,-1
15354,1273,0
15355,1275,-2
15356,1258,1
15357,1262,-1
15358,1256,0
15359,1250,0
15360,1250,0
15361,1266,1
15362,1282,-2
15363,1286,-1
15364,1292,-1
15365,1300,0
15366,1296,1
15367,1287,-1
15368,1282,-2
15369,1269,-2
15370,1254,0
15371,1262,-1
15372,1256,-1
15373,1268,0
15374,1256,1
15375,1265,1
15376,1277,-1
15377,1290,-1
15378,1294,1
15379,1291,-2
15380,1297,-1
15381,1300,1
15382,1283,1
15383,1268,-1
15384,1268,1
15385,1259,-1
15386,1257,1
15387,1260,0
15388,1262,-1
15389,1276,-1
15390,1275,1
15391,1281,1
15392,1280,-1
15393,1282,0
15394,1299,-1
15395,1286,0
15396,1292,-1
15397,1295,0
15398,1278,0
15399,1264,1
15400,1271,-1
15401,1265,-2
15402,1268,-1
15403,1268,-1
15404,1275,1
15405,1276,-1
15406,1280,0
15407,1280,-2
15408,1279,0
15409,1288,-1
15410,1282,0
15411,1289,-1
15412,1288,1
15413,1291,0
15414,1275,0
15415,1273,-1
15416,1264,1
15417,1273,-1
15418,1268,-1
15419,1263,-1
15420,1273,0
15421,1286,0
15422,1288,-2
15423,1282,1
15424,1290,1
15425,1299,-2
15426,1287,-1
15427,1280,-1
15428,1280,-1
15429,1286,1
15430,1272,-2
15431,1261,0
15432,1258,1
15433,1254,0
15434,1267,0
15435,1271,-1
15436,1285,-1
15437,1298,0
15438,1289,-1
15439,1292,-1
15440,1294,1
15441,1293,0
15442,1280,1
15443,1268,0
15444,1268,-1
15445,1270,-2
15446,1257,-1
15447,1249,-2
15448,1255,0
15449,1260,-2
15450,1286,1
15451,1282,1
15452,1297,0
15453,1300,0
15454,1293,0
15455,1277,2
15456,1281,-2
15457,1275,1
15458,1258,0
15459,1262,0
15460,1263,0
15461,1268,-1
15462,1262,-2
15463,1262,-2
15464,1277,1
15465,1290,-1
15466,1291,-1
15467,1291,0
15468,1291,-1
15469,1295,1
15470,1280,-1
15471,1267,0
15472,1269,0
15473,1256,1
15474,1261,-1
15475,1265,-1
15476,1270,0
15477,1283,-1
15478,1268,1
15479,1275,-1
15480,1289,1
15481,1294,-2
15482,1286,-1
15483,1286,0
15484,1294,0
15485,1290,1
15486,1278,-1
15487,1266,0
15488,1259,-2
15489,1269,1
15490,1275,-3
15491,1272,-1
15492,1275,1
15493,1281,1
15494,1286,-2
15495,1288,1
15496,1282,-2
15497,1286,-1
15498,1293,0
15499,1286,1
15500,1283,-2
15501,1283,1
15502,1271,0
15503,1262,0
15504,1265,1
15505,1271,0
15506,1268,1
15507,1263,0
15508,1289,0
15509,1289,0
15510,1291,0
15511,1273,-1
15512,1280,-2
15513,1296,1
15514,1292,-1
15515,1279,1
15516,1274,0
15517,1283,-1
15518,1269,1
15519,1256,-1
15520,1260,1
15521,1268,0
15522,1271,0
15523,1285,-2
15524,1286,1
15525,1301,-1
15526,1300,-1
15527,1297,-1
15528,1293,-2
15529,1289,0
15530,1278,1
15531,1271,-1
15532,1271,-1
15533,1265,0
15534,1256,-2
15535,1253,0
15536,1260,0
15537,1280,0
15538,1286,-2
15539,1289,-1
15540,1300,-1
15541,1309,1
15542,1292,0
15543,1279,-1
15544,1270,-1
15545,1270,-1
15546,1264,0
15547,1259,1
15548,1263,1
15549,1274,0
15550,1272,1
15551,1265,-1
15552,1291,-2
15553,1300,-1
15554,1300,-1
15555,1302,-2
15556,1289,-1
15557,1300,0
15558,1280,1
15559,1269,1
15560,1265,1
15561,1262,-1
15562,1257,1
15563,1271,0
15564,1274,0
15565,1284,-2
15566,1283,1
15567,1280,-1
15568,1291,1
15569,1303,1
15570,1284,-2
15571,1280,-2
15572,1291,-1
15573,1280,-3
15574,1274,-1
15575,1265,1
15576,1266,1
15577,1275,-1
15578,1275,-1
15579,1282,-2
15580,1277,-2
15581,1286,0
15582,1286,-1
15583,1275,-2
15584,1283,-1
15585,1288,0
15586,1283,-2
15587,1283,2
15588,1277,0
15589,1280,-2
15590,1271,1
15591,1259,-2
15592,1274,-2
15593,1280,-3
15594,1278,-1
15595,1271,0
15596,1285,-1
15597,1293,-2
15598,1285,-2
15599,1283,-2
15600,1277,-2
15601,1291,1
15602,1287,-2
15603,1277,-1
15604,1292,0
15605,1289,-1
15606,1291,-1
15607,1270,-1
15608,1265,-2
15609,1271,0
15610,1270,0
15611,1266,-2
15612,1282,-2
15613,1296,-1
15614,1290,1
15615,1284,-1
15616,1292,-1
15617,1289,-1
15618,1284,1
15619,1283,1
15620,1275,-1
15621,1278,-2
15622,1270,-2
15623,1254,-2
15624,1259,1
15625,1279,1
15626,1278,1
15627,1291,-2
15628,1300,0
15629,1301,2
15630,1297,1
15631,1281,-1
15632,1287,0
15633,1284,0
15634,1272,-2
15635,1262,-2
15636,1263,-1
15637,1276,0
15638,1271,-1
15639,1274,0
15640,1281,1
15641,1287,-1
15642,1292,-1
15643,1296,-1
15644,1294,0
15645,1300,1
15646,1295,-1
15647,1268,-2
15648,1273,0
15649,1271,1
15650,1272,-1
15651,1267,2
15652,1261,-1
15653,1274,-2
15654,1280,0
15655,1283,0
15656,1283,0
15657,1291,0
15658,1285,-1
15659,1294,-1
15660,1296,0
15661,1297,-1
15662,1273,-2
15663,1273,-2
15664,1268,0
15665,1271,-1
15666,1264,0
15667,1265,-2
15668,1274,1
15669,1283,-2
15670,1276,2
15671,1270,0
15672,1282,-2
15673,1289,-1
15674,1291,0
15675,1282,0
15676,1283,-2
15677,1283,-1
15678,1280,0
15679,1272,-2
15680,1271,-1
15681,1271,1
15682,1268,1
15683,1259,0
15684,1278,-1
15685,1283,1
15686,1289,3
15687,1293,-1
15688,1287,-2
15689,1304,-3
15690,1295,1
15691,1282,1
15692,1278,1
15693,1280,-2
15694,1253,0
15695,1255,-2
15696,1265,-1
15697,1255,1
15698,1258,-1
15699,1274,0
15700,1289,0
15701,1302,-1
15702,1291,0
15703,1292,1
15704,1293,0
15705,1294,-2
15706,1285,-1
15707,1274,-1
15708,1259,-3
15709,1263,1
15710,1262,-1
15711,1253,2
15712,1256,-2
15713,1271,1
15714,1298,-2
15715,1297,1
15716,1301,0
15717,1311,-2
15718,1306,-2
15719,1288,-1
15720,1268,-2
15721,1270,1
15722,1251,1
15723,1258,1
15724,1261,-2
15725,1272,2
15726,1264,0
15727,1271,1
15728,1294,-2
15729,1294,-2
15730,1309,-5
15731,1309,1
15732,1303,-2
15733,1301,-1
15734,1282,-2
15735,1262,-1
15736,1247,1
15737,1257,-2
15738,1247,-2
15739,1264,0
15740,1270,-2
15741,1294,-2
15742,1287,1
15743,1296,1
15744,1304,-3
15745,1300,1
15746,1301,-2
15747,1288,1
15748,1282,1
15749,1283,0
15750,1262,1
15751,1244,3
15752,1260,-2
15753,1267,-2
15754,1274,-2
15755,1269,-2
15756,1289,1
15757,1313,-1
15758,1295,-1
15759,1297,-2
15760,1287,1
15761,1290,-2
15762,1281,-2
15763,1273,0
15764,1280,1
15765,1278,1
15766,1268,1
15767,1271,0
15768,1277,-1
15769,1280,-2
15770,1279,1
15771,1279,-2
15772,1299,1
15773,1299,-2
15774,1294,-2
15775,1283,0
15776,1287,-2
15777,1284,-1
15778,1277,2
15779,1277,-1
15780,1272,-1
15781,1267,1
15782,1265,1
15783,1267,0
15784,1265,1
15785,1268,0
15786,1282,-1
15787,1297,-1
15788,1299,1
15789,1303,-2
15790,1291,-1
15791,1283,1
15792,1274,1
15793,1278,-1
15794,1265,-1
15795,1275,0
15796,1268,0
15797,1274,-2
15798,1271,0
15799,1269,1
15800,1271,0
15801,1300,-1
15802,1303,-2
15803,1301,2
15804,1297,-2
15805,1303,0
15806,1286,0
15807,1280,1
15808,1269,1
15809,1265,-1
15810,1269,-2
15811,1271,0
15812,1274,0
15813,1277,-1
15814,1284,0
15815,1290,1
15816,1291,-1
15817,1303,-1
15818,1295,1
15819,1300,0
15820,1282,1
15821,1296,1
15822,1270,0
15823,1259,0
15824,1259,0
15825,1276,0
15826,1271,-1
15827,1265,-1
15828,1280,0
15829,1295,-2
15830,1295,-1
15831,1290,-1
15832,1289,0
15833,1284,0
15834,1286,-2
15835,1283,-2
15836,1281,0
15837,1283,-2
15838,1270,0
15839,1268,-2
15840,1267,-2
15841,1283,-2
15842,1277,1
15843,1289,0
15844,1294,3
15845,1297,-2
15846,1287,-3
15847,1276,0
15848,1278,0
15849,1283,-2
15850,1280,0
15851,1271,1
15852,1277,-1
15853,1286,-2
15854,1286,-1
15855,1277,-1
15856,1276,-1
15857,1277,-2
15858,1280,1
15859,1283,0
15860,1284,-1
15861,1280,1
15862,1279,-2
15863,1271,-1
15864,1280,1
15865,1292,0
15866,1280,0
15867,1288,0
15868,1283,-2
15869,1289,0
15870,1280,-2
15871,1274,-1
15872,1265,0
15873,1270,1
15874,1271,-1
15875,1281,0
15876,1286,-1
15877,1297,0
15878,1290,-1
15879,1286,0
15880,1293,2
15881,1282,0
15882,1280,1
15883,1282,-1
15884,1274,-2
15885,1285,-2
15886,1262,0
15887,1260,1
15888,1268,0
15889,1271,-1
15890,1287,1
15891,1296,1
15892,1300,-1
15893,1306,1
15894,1293,-2
15895,1286,1
15896,1282,-2
15897,1277,-1
15898,1267,1
15899,1264,-1
15900,1264,-2
15901,1274,0
15902,1273,3
15903,1269,-2
15904,1283,1
15905,1298,-2
15906,1298,1
15907,1299,-2
15908,1299,-1
15909,1300,1
15910,1284,0
15911,1271,-2
15912,1271,0
15913,1265,-2
15914,1259,-1
15915,1272,1
15916,1277,-1
15917,1300,-2
15918,1286,0
15919,1286,1
15920,1289,1
15921,1299,1
15922,1297,1
15923,1286,-2
15924,1283,1
15925,1291,-2
15926,1273,1
15927,1266,-1
15928,1270,-2
15929,1269,0
15930,1275,1
15931,1283,-2
15932,1293,1
15933,1302,-2
15934,1294,0
15935,1289,1
15936,1294,1
15937,1296,1
15938,1295,-1
15939,1286,1
15940,1273,-2
15941,1284,1
15942,1274,-1
15943,1272,1
15944,1274,-1
15945,1275,1
15946,1274,0
15947,1285,1
15948,1291,0
15949,1312,0
15950,1291,-1
15951,1283,1
15952,1291,0
15953,1294,0
15954,1283,0
15955,1271,0
15956,1277,-1
15957,1289,0
15958,1267,1
15959,1257,-1
15960,1265,-1
15961,1279,-2
15962,1289,-2
15963,1294,1
15964,1297,0
15965,1316,-1
15966,1307,-1
15967,1290,0
15968,1280,1
15969,1286,1
15970,1269,0
15971,1257,-2
15972,1265,0
15973,1268,1
15974,1259,-2
15975,1268,-2
15976,1282,1
15977,1290,1
15978,1306,-1
15979,1297,0
15980,1311,-2
15981,1310,1
15982,1298,0
15983,1274,1
15984,1278,-2
15985,1261,1
15986,1270,-2
15987,1263,1
15988,1269,1
15989,1279,1
15990,1276,1
15991,1280,1
15992,1296,1
15993,1305,0
15994,1302,-2
15995,1304,0
15996,1298,0
15997,1291,1
15998,1277,-2
15999,1259,1
16000,1263,1
16001,1259,-1
16002,1272,-1
16003,1273,0
16004,1278,1
16005,1303,-2
16006,1289,1
16007,1295,1
16008,1297,1
16009,1292,-1
16010,1291,1
16011,1282,-2
16012,1282,0
16013,1284,0
16014,1262,0
16015,1261,-1
16016,1266,1
16017,1278,1
16018,1281,1
16019,1288,1
16020,1307,0
16021,1297,0
16022,1290,-1
16023,1283,1
16024,1288,0
16025,1289,-1
16026,1270,1
16027,1275,-1
16028,1277,0
16029,1273,1
16030,1277,-2
16031,1272,-1
16032,1271,-2
16033,1280,-2
16034,1286,0
16035,1285,0
16036,1296,-2
16037,1296,-1
16038,1282,1
16039,1281,-2
16040,1283,1
16041,1286,-2
16042,1280,1
16043,1276,1
16044,1277,-2
16045,1286,0
16046,1283,-1
16047,1268,0
16048,1271,0
16049,1284,0
16050,1283,-1
16051,1289,-1
16052,1290,1
16053,1304,-3
16054,1294,-1
16055,1284,0
16056,1276,1
16057,1281,1
16058,1277,0
16059,1274,0
16060,1270,-2
16061,1279,-1
16062,1267,-1
16063,1268,-1
16064,1280,0
16065,1294,1
16066,1301,-1
16067,1301,0
16068,1303,-1
16069,1304,0
16070,1290,0
16071,1284,1
16072,1270,-2
16073,1271,0
16074,1261,1
16075,1267,-1
16076,1265,-2
16077,1284,-2
16078,1288,-2
16079,1286,1
16080,1294,0
16081,1298,-2
16082,1300,-1
16083,1291,-1
16084,1299,0
16085,1294,0
16086,1273,-2
16087,1265,1
16088,1262,0
16089,1268,0
16090,1260,1
16091,1274,1
16092,1286,-1
16093,1300,1
16094,1299,0
16095,1286,-2
16096,1303,2
16097,1297,2
16098,1298,-1
16099,1277,-2
16100,1280,0
16101,1279,1
16102,1265,-1
16103,1270,0
16104,1268,0
16105,1273,-1
16106,1280,1
16107,1283,-2
16108,1295,1
16109,1305,-2
16110,1302,1
16111,1291,-1
16112,1283,-2
16113,1285,-1
16114,1279,0
16115,1280,1
16116,1280,-1
16117,1283,1
16118,1276,-2
16119,1269,0
16120,1271,1
16121,1285,1
16122,1291,0
16123,1285,-1
16124,1294,-1
16125,1313,-3
16126,1286,1
16127,1285,-1
16128,1281,-1
16129,1285,-2
16130,1273,1
16131,1276,2
16132,1276,0
16133,1281,-2
16134,1280,-2
16135,1273,-2
16136,1276,1
16137,1281,-1
16138,1287,-2
16139,1288,-1
16140,1293,1
16141,1306,1
16142,1304,-1
16143,1285,-1
16144,1274,1
16145,1274,0
16146,1279,0
16147,1267,-2
16148,1270,1
16149,1274,0
16150,1271,-2
16151,1262,-1
16152,1282,1
16153,1299,1
16154,1298,1
16155,1298,-1
16156,1315,-2
16157,1309,-1
16158,1289,-1
16159,1274,-2
16160,1267,1
16161,1264,0
16162,1268,-1
16163,1266,-3
16164,1269,1
16165,1286,1
16166,1290,0
16167,1294,0
16168,1296,-2
16169,1301,1
16170,1304,0
16171,1297,0
16172,1295,-2
16173,1289,1
16174,1272,0
16175,1265,-1
16176,1264,0
16177,1262,0
16178,1272,2
16179,1277,1
16180,1292,-1
16181,1306,-2
16182,1303,1
16183,1299,-1
16184,1300,-1
16185,1299,1
16186,1297,-1
16187,1278,1
16188,1274,-2
16189,1274,1
16190,1271,1
16191,1270,-1
16192,1269,-2
16193,1287,-4
16194,1291,0
16195,1289,0
16196,1308,0
16197,1312,-2
16198,1298,-1
16199,1289,1
16200,1296,-1
16201,1292,-2
16202,1281,-2
16203,1269,-1
16204,1281,1
16205,1289,-2
16206,1283,0
16207,1276,0
16208,1277,0
16209,1292,0
16210,1296,0
16211,1295,-1
16212,1291,0
16213,1300,-1
16214,1287,-2
16215,1284,0
16216,1280,1
16217,1281,1
16218,1276,-2
16219,1278,-2
16220,1283,0
16221,1293,0
16222,1275,-1
16223,1271,1
16224,1283,1
16225,1293,0
16226,1293,1
16227,1289,0
16228,1294,0
16229,1309,0
16230,1289,-2
16231,1287,-2
16232,1284,-1
16233,1276,-2
16234,1283,-1
16235,1283,-2
16236,1280,1
16237,1281,0
16238,1282,-1
16239,1283,-2
16240,1287,0
16241,1296,0
16242,1292,-2
16243,1300,-2
16244,1305,1
16245,1300,-2
16246,1283,-2
16247,1273,-1
16248,1275,0
16249,1275,-1
16250,1280,-2
16251,1279,0
16252,1283,-2
16253,1297,-2
16254,1288,-1
16255,1287,-2
16256,1301,-2
16257,1305,-1
16258,1294,-1
16259,1294,0
16260,1298,-1
16261,1290,-2
16262,1266,0
16263,1264,1
16264,1268,1
16265,1273,1
16266,1271,1
16267,1283,1
16268,1294,-1
16269,1312,0
16270,1299,-1
16271,1295,-1
16272,1294,1
16273,1298,-1
16274,1289,1
16275,1277,1
16276,1274,-1
16277,1282,0
16278,1273,-3
16279,1268,-2
16280,1277,0
16281,1289,0
16282,1300,1
16283,1290,1
16284,1303,-2
16285,1304,1
16286,1303,0
16287,1277,-2
16288,1287,0
16289,1286,1
16290,1277,-1
16291,1276,-1
16292,1277,-2
16293,1284,1
16294,1284,1
16295,1273,1
16296,1286,-2
16297,1299,0
16298,1298,-1
16299,1297,1
16300,1303,0
16301,1301,0
16302,1294,-1
16303,1285,1
16304,1289,-2
16305,1288,0
16306,1282,-1
16307,1285,-2
16308,1285,0
16309,1291,0
16310,1275,1
16311,1277,-1
16312,1286,-2
16313,1284,-1
16314,1289,0
16315,1291,0
16316,1299,0
16317,1311,-1
16318,1296,0
16319,1297,-1
16320,1286,-1
16321,1283,0
16322,1285,-1
16323,1279,0
16324,1271,1
16325,1277,-1
16326,1273,-2
16327,1277,1
16328,1277,-2
16329,1297,-1
16330,1297,0
16331,1297,1
16332,1309,-2
16333,1306,0
16334,1292,0
16335,1285,-2
16336,1281,-1
16337,1276,0
16338,1268,1
16339,1272,1
16340,1286,-2
16341,1290,-2
16342,1295,0
16343,1287,-1
16344,1297,1
16345,1306,1
16346,1298,-1
16347,1297,1
16348,1302,-2
16349,1292,-1
16350,1275,-1
16351,1265,-1
16352,1263,-1
16353,1265,1
16354,1273,1
16355,1277,0
16356,1289,0
16357,1300,-2
16358,1307,-1
16359,1303,0
16360,1297,0
16361,1300,1
16362,1299,-1
16363,1280,0
16364,1281,1
16365,1283,-1
16366,1270,0
16367,1265,-2
16368,1272,-2
16369,1277,0
16370,1283,-1
16371,1291,1
16372,1299,-1
16373,1313,2
16374,1306,-3
16375,1296,-1
16376,1303,0
16377,1296,0
16378,1287,-1
16379,1280,1
16380,1279,0
16381,1289,0
16382,1267,1
16383,1273,0
16384,1286,0
16385,1297,-2
16386,1291,1
16387,1297,-1
16388,1298,-2
16389,1309,0
16390,1301,0
16391,1286,1
16392,1286,-1
16393,1285,0
16394,1281,-2
16395,1275,-2
16396,1273,-2
16397,1286,0
16398,1283,0
16399,1275,1
16400,1279,1
16401,1297,0
16402,1297,-1
16403,1294,1
16404,1304,1
16405,1312,-2
16406,1293,1
16407,1293,-1
16408,1283,-1
16409,1289,0
16410,1271,2
16411,1268,0
16412,1274,-3
16413,1285,0
16414,1280,1
16415,1291,0
16416,1291,-1
16417,1308,0
16418,1311,-2
16419,1312,1
16420,1315,-1
16421,1306,1
16422,1288,0
16423,1271,-1
16424,1269,0
16425,1267,0
16426,1261,-2
16427,1263,-2
16428,1275,-1
16429,1290,1
16430,1303,-2
16431,1309,-1
16432,1306,0
16433,1305,1
16434,1309,-2
16435,1295,1
16436,1289,0
16437,1286,0
16438,1274,-1
16439,1257,-1
16440,1265,0
16441,1268,1
16442,1274,2
16443,1291,1
16444,1295,0
16445,1320,1
16446,1320,1
16447,1305,-1
16448,1301,0
16449,1294,-2
16450,1286,-2
16451,1280,-1
16452,1271,1
16453,1275,0
16454,1254,1
16455,1262,-2
16456,1275,-1
16457,1300,-2
16458,1299,-1
16459,1308,-2
16460,1318,-1
16461,1321,0
16462,1309,-2
16463,1287,-2
16464,1288,-2
16465,1280,-1
16466,1275,0
16467,1268,1
16468,1273,0
16469,1280,0
16470,1277,1
16471,1281,0
16472,1291,1
16473,1303,-1
16474,1301,1
16475,1301,1
16476,1300,1
16477,1303,0
16478,1286,-2
16479,1278,0
16480,1273,-1
16481,1275,0
16482,1273,0
16483,1280,0
16484,1297,-2
16485,1292,1
16486,1290,-1
16487,1295,1
16488,1292,-1
16489,1303,1
16490,1303,0
16491,1300,-1
16492,1303,-1
16493,1298,-1
16494,1286,-2
16495,1272,0
16496,1271,-2
16497,1282,-1
16498,1285,1
16499,1277,0
16500,1286,1
16501,1297,-1
16502,1291,0
16503,1285,0
16504,1291,-1
16505,1297,1
16506,1297,1
16507,1294,-1
16508,1302,-2
16509,1288,0
16510,1280,-1
16511,1268,0
16512,1277,-2
16513,1279,-2
16514,1283,-1
16515,1284,0
16516,1303,1
16517,1312,0
16518,1302,1
16519,1295,1
16520,1297,-1
16521,1303,1
16522,1295,0
16523,1293,0
16524,1289,1
16525,1284,0
16526,1280,0
16527,1273,-2
16528,1277,1
16529,1276,-1
16530,1287,0
16531,1299,-1
16532,1312,-1
16533,1312,0
16534,1312,1
16535,1303,0
16536,1293,-2
16537,1292,1
16538,1283,-2
16539,1265,-1
16540,1277,0
16541,1295,-2
16542,1278,-1
16543,1274,0
16544,1280,-3
16545,1298,-2
16546,1305,-2
16547,1305,2
16548,1300,1
16549,1307,-1
16550,1294,0
16551,1288,0
16552,1283,-2
16553,1285,0
16554,1282,0
16555,1282,-2
16556,1288,-2
16557,1294,-2
16558,1293,-2
16559,1291,1
16560,1287,0
16561,1299,-1
16562,1297,-2
16563,1291,-1
16564,1294,-2
16565,1295,-2
16566,1280,-1
16567,1277,-2
16568,1277,1
16569,1280,-1
16570,1291,-2
16571,1280,1
16572,1288,1
16573,1291,0
16574,1296,1
16575,1274,-1
16576,1283,-2
16577,1291,1
16578,1291,1
16579,1292,-2
16580,1296,-2
16581,1311,-1
16582,1298,-1
16583,1286,-2
16584,1287,1
16585,1286,1
16586,1284,-2
16587,1285,-1
16588,1280,-1
16589,1286,0
16590,1285,-1
16591,1275,-2
16592,1276,1
16593,1290,-1
16594,1297,-1
16595,1304,-2
16596,1306,-2
16597,1309,-2
16598,1291,0
16599,1283,-2
16600,1280,1
16601,1275,-1
16602,1274,0
16603,1262,-2
16604,1280,0
16605,1299,0
16606,1288,0
16607,1290,1
16608,1310,-1
16609,1312,0
16610,1306,-1
16611,1304,1
16612,1301,0
16613,1294,1
16614,1280,0
16615,1265,-2
16616,1268,-2
16617,1268,0
16618,1280,1
16619,1283,2
16620,1303,0
16621,1306,-2
16622,1308,-1
16623,1303,-1
16624,1300,0
16625,1306,1
16626,1287,-2
16627,1277,-2
16628,1286,-2
16629,1282,-1
16630,1272,1
16631,1265,-2
16632,1274,-1
16633,1299,1
16634,1291,0
16635,1300,1
16636,1309,1
16637,1318,0
16638,1312,-2
16639,1300,-2
16640,1287,-2
16641,1283,1
16642,1278,-1
16643,1275,1
16644,1277,1
16645,1291,0
16646,1280,-2
16647,1283,1
16648,1289,1
16649,1303,-1
16650,1302,1
16651,1309,1
16652,1304,-2
16653,1308,-2
16654,1307,-2
16655,1278,0
16656,1284,0
16657,1283,1
16658,1273,1
16659,1284,-1
16660,1286,-1
16661,1290,-1
16662,1295,0
16663,1288,-2
16664,1298,0
16665,1300,-2
16666,1303,0
16667,1300,-2
16668,1309,1
16669,1309,-2
16670,1296,-2
16671,1282,-2
16672,1276,-1
16673,1271,-2
16674,1276,0
16675,1277,-2
16676,1282,1
16677,1300,-1
16678,1293,-2
16679,1289,-4
16680,1295,-2
16681,1310,-2
16682,1305,1
16683,1303,-2
16684,1303,1
16685,1297,-1
16686,1283,-1
16687,1277,1
16688,1283,-2
16689,1271,-2
16690,1276,-2
16691,1286,0
16692,1309,-2
16693,1313,1
16694,1312,-2
16695,1302,1
16696,1295,1
16697,1308,0
16698,1303,0
16699,1285,-1
16700,1302,-1
16701,1283,0
16702,1266,-2
16703,1265,-1
16704,1263,1
16705,1273,-1
16706,1298,1
16707,1300,1
16708,1322,-2
16709,1324,-1
16710,1306,0
16711,1294,-1
16712,1306,0
16713,1297,-2
16714,1284,1
16715,1271,1
16716,1277,-2
16717,1283,-2
16718,1278,-2
16719,1275,-1
16720,1291,-1
16721,1308,0
16722,1306,1
16723,1312,1
16724,1315,-2
16725,1309,1
16726,1299,-2
16727,1287,1
16728,1277,1
16729,1279,0
16730,1277,0
16731,1267,0
16732,1291,-1
16733,1294,4
16734,1285,1
16735,1291,-1
16736,1297,0
16737,1307,-1
16738,1312,0
16739,1303,-1
16740,1303,1
16741,1302,1
16742,1283,-1
16743,1277,1
16744,1275,0
16745,1277,0
16746,1291,-2
16747,1286,-1
16748,1294,-1
16749,1303,1
16750,1304,0
16751,1287,1
16752,1302,0
16753,1294,0
16754,1303,-1
16755,1293,-2
16756,1300,-2
16757,1301,0
16758,1283,1
16759,1284,1
16760,1281,1
16761,1286,0
16762,1281,-1
16763,1280,-1
16764,1295,-2
16765,1303,2
16766,1302,2
16767,1290,1
16768,1303,-1
16769,1301,-1
16770,1303,2
16771,1303,1
16772,1312,-1
16773,1300,1
16774,1285,-3
16775,1281,1
16776,1277,0
16777,1279,-2
16778,1278,0
16779,1283,-2
16780,1299,-2
16781,1309,1
16782,1293,-2
16783,1301,1
16784,1312,-1
16785,1307,0
16786,1306,-1
16787,1293,1
16788,1296,1
16789,1289,-2
16790,1283,0
16791,1271,-1
16792,1274,1
16793,1289,0
16794,1279,0
16795,1303,-2
16796,1315,1
16797,1317,1
16798,1312,1
16799,1308,-1
16800,1303,-1
16801,1296,-2
16802,1284,0
16803,1280,-2
16804,1291,3
16805,1286,0
16806,1281,-1
16807,1274,-2
16808,1290,-1
16809,1304,0
16810,1307,0
16811,1312,1
16812,1312,0
16813,1324,1
16814,1305,-1
16815,1289,1
16816,1279,0
16817,1283,0
16818,1282,1
16819,1286,-2
16820,1283,0
16821,1290,0
16822,1290,-1
16823,1286,-1
16824,1297,-2
16825,1305,1
16826,1301,-2
16827,1305,1
16828,1308,1
16829,1298,0
16830,1277,-2
16831,1280,-1
16832,1271,-1
16833,1290,1
16834,1283,-1
16835,1289,1
16836,1302,-1
16837,1306,1
16838,1297,-1
16839,1289,-1
16840,1296,1
16841,1294,-1
16842,1312,1
16843,1299,1
16844,1309,-1
16845,1303,-1
16846,1289,0
16847,1274,-2
16848,1279,0
16849,1279,-1
16850,1286,1
16851,1280,1
16852,1289,-1
16853,1297,1
16854,1297,-1
16855,1283,-2
16856,1302,1
16857,1309,-1
16858,1306,0
16859,1297,0
16860,1303,-1
16861,1293,1
16862,1288,0
16863,1274,0
16864,1275,0
16865,1281,-1
16866,1289,0
16867,1292,-1
16868,1304,0
16869,1315,-1
16870,1299,-1
16871,1304,0
16872,1309,-2
16873,1310,-4
16874,1293,1
16875,1288,1
16876,1286,1
16877,1294,-1
16878,1274,-2
16879,1269,1
16880,1286,-2
16881,1294,-3
16882,1306,0
16883,1312,-2
16884,1319,0
16885,1322,-2
16886,1315,-2
16887,1306,-2
16888,1294,0
16889,1291,0
16890,1284,-1
16891,1288,-2
16892,1286,-3
16893,1278,1
16894,1271,-2
16895,1284,1
16896,1297,0
16897,1309,1
16898,1309,0
16899,1306,1
16900,1325,-2
16901,1310,0
16902,1297,-1
16903,1287,1
16904,1277,-1
16905,1279,1
16906,1280,1
16907,1269,-1
16908,1295,1
16909,1296,0
16910,1296,-1
16911,1294,0
16912,1309,-2
16913,1319,-1
16914,1305,-1
16915,1303,0
16916,1306,-2
16917,1299,-1
16918,1282,-2
16919,1282,1
16920,1278,1
16921,1273,1
16922,1295,0
16923,1291,0
16924,1294,1
16925,1303,1
16926,1306,1
16927,1298,-1
16928,1293,1
16929,1296,-2
16930,1298,-2
16931,1291,-2
16932,1297,1
16933,1294,-2
16934,1279,1
16935,1271,-2
16936,1278,1
16937,1292,-2
16938,1294,0
16939,1289,0
16940,1297,0
16941,1305,-1
16942,1303,-1
16943,1292,0
16944,1296,1
16945,1297,1
16946,1304,1
16947,1296,1
16948,1302,-2
16949,1287,1
16950,1284,-3
16951,1278,0
16952,1280,-1
16953,1298,-2
16954,1291,-1
16955,1299,-2
16956,1303,-2
16957,1303,1
16958,1307,-2
16959,1300,1
16960,1312,-2
16961,1315,-2
16962,1305,0
16963,1295,-1
16964,1289,-2
16965,1291,-1
16966,1284,-2
16967,1270,0
16968,1277,-1
16969,1279,0
16970,1292,-2
16971,1299,0
16972,1315,0
16973,1311,-1
16974,1305,1
16975,1303,0
16976,1303,0
16977,1294,-1
16978,1291,0
16979,1280,0
16980,1290,0
16981,1286,-1
16982,1276,1
16983,1282,-1
16984,1294,-2
16985,1306,-2
16986,1314,0
16987,1311,1
16988,1324,0
16989,1318,-2
16990,1305,-2
16991,1281,-2
16992,1282,0
16993,1274,1
16994,1278,1
16995,1284,-2
16996,1296,0
16997,1302,-2
16998,1291,-2
16999,1297,0
17000,1299,-2
17001,1306,0
17002,1302,0
17003,1302,-1
17004,1305,-2
17005,1302,-2
17006,1290,-2
17007,1286,-1
17008,1291,0
17009,1296,-2
17010,1288,0
17011,1294,0
17012,1302,-2
17013,1315,-2
17014,1300,-2
17015,1289,0
17016,1304,2
17017,1305,-1
17018,1305,1
17019,1303,-2
17020,1305,-2
17021,1299,-2
17022,1290,1
17023,1286,0
17024,1301,-1
17025,1301,-2
17026,1284,-2
17027,1290,-1
17028,1305,-2
17029,1304,-1
17030,1300,-2
17031,1301,1
17032,1304,0
17033,1321,1
17034,1308,0
17035,1295,-2
17036,1304,-1
17037,1294,-2
17038,1291,1
17039,1271,1
17040,1280,-2
17041,1278,0
17042,1283,0
17043,1300,-1
17044,1310,0
17045,1315,-1
17046,1309,-2
17047,1303,-2
17048,1310,0
17049,1316,0
17050,1302,-1
17051,1294,-1
17052,1290,-1
17053,1287,-2
17054,1276,1
17055,1267,-1
17056,1274,-2
17057,1291,-2
17058,1306,2
17059,1308,0
17060,1327,0
17061,1328,-1
17062,1321,0
17063,1311,0
17064,1303,-1
17065,1297,1
17066,1290,1
17067,1276,-1
17068,1283,-2
17069,1283,0
17070,1283,-2
17071,1280,0
17072,1298,-1
17073,1316,-2
17074,1324,0
17075,1317,-2
17076,1328,0
17077,1331,-2
17078,1300,2
17079,1285,-1
17080,1283,-1
17081,1272,1
17082,1280,-1
17083,1280,-2
17084,1286,3
17085,1294,1
17086,1306,1
17087,1301,-1
17088,1312,1
17089,1322,-2
17090,1315,1
17091,1308,1
17092,1323,1
17093,1297,-2
17094,1289,-1
17095,1274,-1
17096,1277,-2
17097,1289,0
17098,1289,1
17099,1285,-2
17100,1303,-1
17101,1313,-1
17102,1315,0
17103,1301,-1
17104,1308,-2
17105,1312,-1
17106,1308,1
17107,1294,1
17108,1300,2
17109,1302,0
17110,1286,0
17111,1277,1
17112,1284,1
17113,1288,1
17114,1284,0
17115,1297,1
17116,1309,0
17117,1319,1
17118,1316,-1
17119,1303,1
17120,1305,-1
17121,1316,-2
17122,1299,-1
17123,1295,-1
17124,1294,-1
17125,1291,0
17126,1298,-1
17127,1282,-1
17128,1280,1
17129,1286,-1
17130,1304,1
17131,1303,1
17132,1326,1
17133,1314,1
17134,1317,0
17135,1310,1
17136,1303,-1
17137,1299,-2
17138,1288,1
17139,1281,-1
17140,1288,1
17141,1289,1
17142,1274,1
17143,1273,1
17144,1294,1
17145,1303,0
17146,1315,-1
17147,1319,1
17148,1323,-2
17149,1319,0
17150,1314,1
17151,1295,0
17152,1290,1
17153,1285,0
17154,1278,0
17155,1271,-2
17156,1279,0
17157,1280,-1
17158,1289,-2
17159,1290,-1
17160,1308,0
17161,1314,-2
17162,1320,1
17163,1310,1
17164,1324,-3
17165,1312,-2
17166,1287,-1
17167,1278,-2
17168,1280,1
17169,1277,0
17170,1280,0
17171,1274,-1
17172,1291,0
17173,1311,2
17174,1307,1
17175,1302,-2
17176,1311,-1
17177,1318,1
17178,1317,1
17179,1305,-1
17180,1307,1
17181,1294,-3
17182,1284,-2
17183,1272,-1
17184,1273,-2
17185,1288,-1
17186,1294,0
17187,1303,0
17188,1312,1
17189,1318,0
17190,1321,-3
17191,1301,-1
17192,1301,-1
17193,1312,0
17194,1300,0
17195,1291,-2
17196,1294,-2
17197,1293,1
17198,1288,-1
17199,1287,0
17200,1294,-2
17201,1300,0
17202,1304,-1
17203,1305,1
17204,1320,-2
17205,1315,1
17206,1306,0
17207,1310,-2
17208,1299,1
17209,1297,-2
17210,1295,-2
17211,1297,-1
17212,1303,1
17213,1299,-2
17214,1290,0
17215,1286,-1
17216,1294,-2
17217,1301,0
17218,1298,-2
17219,1303,-1
17220,1312,0
17221,1320,0
17222,1312,-1
17223,1303,0
17224,1304,1
17225,1297,0
17226,1289,0
17227,1294,-1
17228,1297,-1
17229,1294,-2
17230,1287,1
17231,1281,1
17232,1294,0
17233,1307,2
17234,1304,-1
17235,1312,-1
17236,1319,1
17237,1331,2
17238,1305,-1
17239,1297,0
17240,1294,1
17241,1290,1
17242,1285,0
17243,1294,1
17244,1299,-1
17245,1298,-1
17246,1283,1
17247,1297,0
17248,1307,-2
17249,1322,0
17250,1320,0
17251,1309,1
17252,1321,-1
17253,1306,1
17254,1300,-1
17255,1283,1
17256,1287,-2
17257,1289,0
17258,1292,0
17259,1291,0
17260,1306,0
17261,1309,0
17262,1315,-1
17263,1307,-2
17264,1307,0
17265,1322,-1
17266,1317,-2
17267,1306,0
17268,1308,-2
17269,1299,2
17270,1286,-1
17271,1287,1
17272,1294,0
17273,1305,2
17274,1305,-2
17275,1297,-1
17276,1315,1
17277,1315,-1
17278,1311,1
17279,1299,0
17280,1297,0
17281,1305,-2
17282,1311,0
17283,1290,0
17284,1301,2
17285,1304,-1
17286,1298,-1
17287,1294,1
17288,1288,0
17289,1300,-2
17290,1303,-2
17291,1300,-2
17292,1313,0
17293,1307,-1
17294,1308,-2
17295,1303,1
17296,1301,1
17297,1312,1
17298,1308,-1
17299,1304,-1
17300,1306,-1
17301,1301,0
17302,1294,0
17303,1289,0
17304,1288,1
17305,1297,-1
17306,1303,-2
17307,1304,-1
17308,1308,0
17309,1318,-1
17310,1308,0
17311,1306,-2
17312,1303,-1
17313,1306,0
17314,1305,0
17315,1295,-1
17316,1304,-1
17317,1297,-2
17318,1283,0
17319,1289,0
17320,1299,1
17321,1303,-1
17322,1307,-1
17323,1319,-1
17324,1332,1
17325,1321,2
17326,1312,-2
17327,1303,-1
17328,1300,-2
17329,1298,1
17330,1294,-1
17331,1275,-1
17332,1291,1
17333,1284,-1
17334,1290,0
17335,1300,-1
17336,1302,0
17337,1319,1
17338,1321,-1
17339,1315,1
17340,1321,-1
17341,1317,0
17342,1302,1
17343,1290,-2
17344,1283,1
17345,1279,0
17346,1286,2
17347,1287,-1
17348,1298,-2
17349,1307,-1
17350,1312,0
17351,1303,1
17352,1318,-1
17353,1319,1
17354,1318,1
17355,1312,0
17356,1317,-2
17357,1301,0
17358,1282,1
17359,1266,-1
17360,1289,0
17361,1286,1
17362,1289,0
17363,1294,0
17364,1318,-2
17365,1313,0
17366,1310,-1
17367,1308,1
17368,1310,-1
17369,1309,0
17370,1311,0
17371,1295,0
17372,1303,1
17373,1291,1
17374,1291,-2
17375,1289,1
17376,1289,1
17377,1296,-2
17378,1303,1
17379,1309,1
17380,1318,1
17381,1323,1
17382,1318,0
17383,1297,1
17384,1305,0
17385,1300,-2
17386,1312,-1
17387,1299,-1
17388,1296,0
17389,1289,0
17390,1289,-2
17391,1278,0
17392,1286,-1
17393,1295,0
17394,1313,1
17395,1307,0
17396,1326,1
17397,1313,-1
17398,1310,1
17399,1306,-2
17400,1297,0
17401,1307,1
17402,1305,-1
17403,1289,-2
17404,1297,-3
17405,1293,-1
17406,1278,1
17407,1293,0
17408,1303,1
17409,1311,0
17410,1321,0
17411,1325,1
17412,1326,-1
17413,1327,0
17414,1309,0
17415,1296,-3
17416,1294,-1
17417,1289,-2
17418,1274,-1
17419,1280,0
17420,1284,-1
17421,1288,1
17422,1294,1
17423,1299,-1
17424,1319,1
17425,1323,1
17426,1321,0
17427,1315,-1
17428,1325,1
17429,1312,1
17430,1301,-1
17431,1276,-2
17432,1277,1
17433,1291,1
17434,1291,-2
17435,1292,1
17436,1304,1
17437,1318,0
17438,1314,-1
17439,1323,-1
17440,1324,1
17441,1327,0
17442,1314,-1
17443,1309,0
17444,1303,-1
17445,1294,2
17446,1280,0
17447,1276,-3
17448,1297,-1
17449,1299,0
17450,1309,0
17451,1301,-2
17452,1316,1
17453,1329,1
17454,1328,0
17455,1306,-1
17456,1308,-4
17457,1309,0
17458,1298,-2
17459,1289,-1
17460,1302,1
17461,1292,-1
17462,1298,0
17463,1291,-2
17464,1294,-1
17465,1308,0
17466,1312,-1
17467,1314,-2
17468,1317,-2
17469,1317,-1
17470,1305,-1
17471,1301,-1
17472,1300,-2
17473,1294,1
17474,1296,-1
17475,1296,0
17476,1306,-2
17477,1306,1
17478,1290,0
17479,1283,1
17480,1300,-1
17481,1313,-1
17482,1307,0
17483,1306,0
17484,1318,-1
17485,1315,-2
17486,1315,-2
17487,1303,-2
17488,1306,-1
17489,1297,1
17490,1302,0
17491,1303,1
17492,1297,-1
17493,1297,1
17494,1297,1
17495,1289,0
17496,1299,0
17497,1305,1
17498,1317,-1
17499,1327,0
17500,1322,1
17501,1315,0
17502,1311,-2
17503,1311,1
17504,1297,1
17505,1297,-2
17506,1294,0
17507,1291,-1
17508,1298,0
17509,1291,0
17510,1298,-2
17511,1298,-2
17512,1319,-1
17513,1321,-1
17514,1319,0
17515,1321,-2
17516,1317,1
17517,1315,0
17518,1297,-1
17519,1280,-2
17520,1286,1
17521,1293,-2
17522,1283,1
17523,1290,0
17524,1312,0
17525,1320,-1
17526,1318,-2
17527,1315,-1
17528,1321,-1
17529,1324,-2
17530,1315,0
17531,1307,0
17532,1313,0
17533,1294,-1
17534,1286,1
17535,1283,-1
17536,1286,-1
17537,1291,-2
17538,1294,0
17539,1310,0
17540,1329,-1
17541,1331,-1
17542,1326,0
17543,1308,1
17544,1308,0
17545,1315,-2
17546,1303,0
17547,1288,-1
17548,1296,0
17549,1290,-1
17550,1300,-1
17551,1297,-1
17552,1310,-2
17553,1315,1
17554,1310,-1
17555,1324,-2
17556,1318,-2
17557,1316,-2
17558,1310,0
17559,1304,1
17560,1304,-1
17561,1305,0
17562,1300,0
17563,1301,-2
17564,1312,-2
17565,1300,0
17566,1302,0
17567,1296,0
17568,1304,1
17569,1310,0
17570,1317,-1
17571,1318,1
17572,1327,-1
17573,1321,1
17574,1318,-2
17575,1304,-3
17576,1310,-1
17577,1307,-1
17578,1300,-2
17579,1297,-3
17580,1303,-2
17581,1294,-1
17582,1300,0
17583,1300,0
17584,1298,-2
17585,1317,-1
17586,1314,-2
17587,1325,-2
17588,1320,-2
17589,1327,1
17590,1311,0
17591,1289,1
17592,1296,1
17593,1296,1
17594,1289,2
17595,1291,-1
17596,1300,-1
17597,1302,1
17598,1317,-1
17599,1309,0
17600,1325,0
17601,1327,0
17602,1329,-1
17603,1327,0
17604,1318,-1
17605,1308,1
17606,1291,-1
17607,1285,1
17608,1289,-1
17609,1287,-1
17610,1284,1
17611,1300,-2
17612,1322,-2
17613,1333,-2
17614,1320,-2
17615,1316,0
17616,1324,1
17617,1323,-1
17618,1308,1
17619,1300,-2
17620,1304,-2
17621,1290,1
17622,1294,-2
17623,1283,1
17624,1300,1
17625,1307,0
17626,1312,-1
17627,1317,-1
17628,1330,-1
17629,1330,-2
17630,1321,1
17631,1306,0
17632,1310,0
17633,1309,-2
17634,1304,-1
17635,1286,0
17636,1300,0
17637,1305,1
17638,1302,0
17639,1294,1
17640,1296,2
17641,1315,0
17642,1328,0
17643,1318,1
17644,1326,0
17645,1309,0
17646,1318,-1
17647,1304,-1
17648,1306,-1
17649,1309,-1
17650,1294,-2
17651,1301,1
17652,1310,-2
17653,1303,-1
17654,1302,1
17655,1294,1
17656,1309,-1
17657,1307,0
17658,1312,0
17659,1314,0
17660,1315,-1
17661,1315,1
17662,1312,1
17663,1300,1
17664,1305,-2
17665,1318,0
17666,1306,0
17667,1309,1
17668,1306,0
17669,1294,1
17670,1300,0
17671,1300,-2
17672,1308,1
17673,1312,-1
17674,1316,-1
17675,1311,0
17676,1322,-2
17677,1325,-1
17678,1307,-1
17679,1302,-2
17680,1297,0
17681,1300,-1
17682,1300,2
17683,1293,0
17684,1294,0
17685,1306,-2
17686,1303,0
17687,1309,1
17688,1315,-2
17689,1324,-1
17690,1321,1
17691,1326,0
17692,1319,0
17693,1309,0
17694,1309,0
17695,1291,-2
17696,1291,0
17697,1303,-1
17698,1288,-1
17699,1293,0
17700,1318,1
17701,1317,-2
17702,1320,-2
17703,1311,-2
17704,1322,-1
17705,1317,0
17706,1313,-1
17707,1304,0
17708,1300,-1
17709,1299,-2
17710,1294,-1
17711,1281,-2
17712,1290,1
17713,1306,-2
17714,1315,-2
17715,1318,-1
17716,1330,0
17717,1336,1
17718,1318,-1
17719,1308,0
17720,1321,-2
17721,1310,0
17722,1311,0
17723,1296,-1
17724,1309,-2
17725,1305,0
17726,1301,-1
17727,1283,1
17728,1302,0
17729,1309,0
17730,1306,-2
17731,1308,0
17732,1326,1
17733,1325,1
17734,1312,-1
17735,1309,1
17736,1308,0
17737,1307,-1
17738,1307,-1
17739,1299,0
17740,1311,1
17741,1302,-1
17742,1299,-2
17743,1298,-1
17744,1296,-2
17745,1306,-1
17746,1318,-1
17747,1322,1
17748,1324,-1
17749,1318,-2
17750,1321,0
17751,1309,-2
17752,1303,1
17753,1307,-1
17754,1297,0
17755,1297,1
17756,1297,-2
17757,1297,1
17758,1302,0
17759,1297,0
17760,1302,0
17761,1316,-2
17762,1316,1
17763,1321,0
17764,1331,0
17765,1324,0
17766,1308,-2
17767,1291,-1
17768,1295,0
17769,1290,1
17770,1281,1
17771,1293,1
17772,1306,-2
17773,1307,-1
17774,1317,1
17775,1309,1
17776,1321,-1
17777,1336,-1
17778,1331,-2
17779,1325,0
17780,1316,-1
17781,1300,0
17782,1291,0
17783,1285,0
17784,1287,1
17785,1280,-2
17786,1292,0
17787,1297,-1
17788,1322,-2
17789,1327,1
17790,1334,0
17791,1320,0
17792,1322,0
17793,1328,0
17794,1315,-2
17795,1300,1
17796,1299,-1
17797,1290,1
17798,1286,-1
17799,1282,-2
17800,1286,1
17801,1313,-4
17802,1315,1
17803,1321,0
17804,1339,0
17805,1339,-1
17806,1330,1
17807,1318,-2
17808,1318,0
17809,1304,0
17810,1299,-1
17811,1279,1
17812,1292,-2
17813,1295,1
17814,1301,0
17815,1294,0
17816,1306,1
17817,1318,-1
17818,1333,2
17819,1326,-1
17820,1324,0
17821,1328,0
17822,1312,-1
17823,1302,1
17824,1297,1
17825,1297,0
17826,1297,-1
17827,1302,1
17828,1311,-2
17829,1303,0
17830,1311,-2
17831,1300,0
17832,1308,1
17833,1320,0
17834,1322,1
17835,1321,-2
17836,1325,-2
17837,1315,0
17838,1311,-2
17839,1305,-2
17840,1294,0
17841,1299,0
17842,1300,-1
17843,1296,0
17844,1307,-1
17845,1323,1
17846,1297,1
17847,1310,0
17848,1314,1
17849,1309,2
17850,1310,-2
17851,1321,0
17852,1327,0
17853,1318,-3
17854,1305,0
17855,1294,-2
17856,1296,2
17857,1297,-1
17858,1291,1
17859,1297,-2
17860,1315,1
17861,1313,0
17862,1319,-2
17863,1312,0
17864,1324,-1
17865,1334,-1
17866,1330,-1
17867,1315,1
17868,1315,0
17869,1303,0
17870,1288,0
17871,1286,-1
17872,1279,-2
17873,1293,0
17874,1302,-1
17875,1312,-3
17876,1321,-1
17877,1327,1
17878,1322,-1
17879,1321,1
17880,1323,-2
17881,1315,1
17882,1307,-1
17883,1300,-1
17884,1295,-1
17885,1296,0
17886,1294,0
17887,1290,-2
17888,1294,1
17889,1313,1
17890,1320,-1
17891,1325,1
17892,1334,0
17893,1331,-3
17894,1320,-1
17895,1309,-1
17896,1306,-1
17897,1303,-2
17898,1302,-2
17899,1301,0
17900,1302,-1
17901,1297,-1
17902,1314,-1
17903,1304,0
17904,1308,0
17905,1322,-1
17906,1313,-1
17907,1321,0
17908,1324,-2
17909,1317,0
17910,1311,1
17911,1300,-3
17912,1301,-3
17913,1301,-1
17914,1311,1
17915,1306,1
17916,1316,-2
17917,1306,-2
17918,1310,-1
17919,1307,-1
17920,1315,-1
17921,1318,1
17922,1317,-1
17923,1318,-2
17924,1325,1
17925,1315,-1
17926,1319,-2
17927,1303,0
17928,1306,-1
17929,1303,-2
17930,1310,1
17931,1311,1
17932,1304,0
17933,1299,1
17934,1315,0
17935,1306,1
17936,1318,-2
17937,1315,0
17938,1326,1
17939,1324,-2
17940,1322,1
17941,1321,-1
17942,1309,0
17943,1300,-1
17944,1300,-1
17945,1296,-4
17946,1299,-1
17947,1297,-1
17948,1313,-2
17949,1319,-2
17950,1320,-1
17951,1314,0
17952,1330,0
17953,1333,1
17954,1329,-2
17955,1318,-1
17956,1318,0
17957,1315,0
17958,1300,-2
17959,1289,1
17960,1297,0
17961,1294,-1
17962,1303,-1
17963,1307,-2
17964,1329,-2
17965,1327,-1
17966,1324,-1
17967,1328,0
17968,1323,-1
17969,1328,0
17970,1310,1
17971,1308,-2
17972,1306,0
17973,1297,2
17974,1294,-1
17975,1295,-2
17976,1303,0
17977,1313,1
17978,1324,-2
17979,1321,0
17980,1336,-1
17981,1336,0
17982,1321,-2
17983,1312,1
17984,1312,1
17985,1303,0
17986,1294,-2
17987,1298,-2
17988,1300,1
17989,1312,0
17990,1297,-2
17991,1300,-2
17992,1309,-1
17993,1324,2
17994,1322,0
17995,1318,-2
17996,1327,1
17997,1315,1
17998,1324,-2
17999,1304,-1
18000,1303,-1
18001,1303,-2
18002,1304,0
18003,1303,0
18004,1319,-1
18005,1320,-1
18006,1313,0
18007,1312,0
18008,1315,-1
18009,1322,0
18010,1325,-2
18011,1322,-1
18012,1330,1
18013,1321,-2
18014,1318,-2
18015,1301,1
18016,1307,-2
18017,1306,-1
18018,1306,-3
18019,1306,1
18020,1308,0
18021,1305,1
18022,1315,1
18023,1304,-1
18024,1313,-1
18025,1324,1
18026,1324,-1
18027,1329,0
18028,1328,1
18029,1326,1
18030,1315,-2
18031,1301,0
18032,1299,-1
18033,1307,1
18034,1294,0
18035,1306,-1
18036,1320,-1
18037,1327,0
18038,1318,0
18039,1324,0
18040,1318,1
18041,1334,-2
18042,1321,-1
18043,1315,1
18044,1318,0
18045,1311,0
18046,1291,-1
18047,1283,-1
18048,1297,0
18049,1304,1
18050,1306,-3
18051,1312,-2
18052,1333,-2
18053,1327,2
18054,1334,1
18055,1327,0
18056,1331,1
18057,1326,-1
18058,1321,0
18059,1306,-2
18060,1314,-2
18061,1300,1
18062,1294,-2
18063,1290,1
18064,1306,0
18065,1325,-2
18066,1321,2
18067,1334,1
18068,1340,0
18069,1328,1
18070,1329,-2
18071,1318,0
18072,1303,1
18073,1307,1
18074,1301,-2
18075,1293,-2
18076,1308,1
18077,1306,-2
18078,1301,0
18079,1302,-1
18080,1319,-2
18081,1327,-2
18082,1327,0
18083,1324,-1
18084,1325,0
18085,1325,0
18086,1319,1
18087,1295,-2
18088,1303,0
18089,1308,0
18090,1303,-2
18091,1304,-1
18092,1308,-1
18093,1309,-2
18094,1316,0
18095,1315,-1
18096,1321,1
18097,1320,1
18098,1320,1
18099,1318,-2
18100,1330,2
18101,1312,-1
18102,1304,-1
18103,1299,0
18104,1295,1
18105,1307,-2
18106,1303,1
18107,1306,1
18108,1315,-2
18109,1312,-2
18110,1312,-1
18111,1317,0
18112,1313,-1
18113,1330,-1
18114,1324,-1
18115,1326,-1
18116,1322,-2
18117,1318,1
18118,1309,-1
18119,1293,-1
18120,1301,0
18121,1298,1
18122,1295,-1
18123,1300,1
18124,1315,-1
18125,1315,-2
18126,1331,-2
18127,1317,-1
18128,1331,1
18129,1329,1
18130,1318,-2
18131,1312,-1
18132,1320,0
18133,1303,0
18134,1300,-2
18135,1287,1
18136,1298,0
18137,1293,-2
18138,1305,-2
18139,1315,1
18140,1327,0
18141,1335,0
18142,1339,-1
18143,1327,-1
18144,1327,0
18145,1321,1
18146,1316,-2
18147,1292,0
18148,1309,-2
18149,1289,1
18150,1300,-2
18151,1289,0
18152,1318,0
18153,1318,-1
18154,1324,-1
18155,1336,1
18156,1340,1
18157,1332,-2
18158,1325,0
18159,1312,-1
18160,1301,1
18161,1300,0
18162,1290,-1
18163,1286,-1
18164,1297,-1
18165,1297,-1
18166,1306,-2
18167,1307,1
18168,1318,-2
18169,1336,0
18170,1325,-1
18171,1329,-2
18172,1325,1
18173,1318,-1
18174,1303,0
18175,1294,0
18176,1285,1
18177,1291,0
18178,1301,1
18179,1295,1
18180,1306,1
18181,1315,-2
18182,1321,-2
18183,1318,0
18184,1317,1
18185,1325,-1
18186,1322,1
18187,1321,-1
18188,1320,-1
18189,1306,1
18190,1294,-1
18191,1293,0
18192,1303,0
18193,1302,0
18194,1308,-2
18195,1300,-1
18196,1318,2
18197,1317,-2
18198,1322,-1
18199,1313,-3
18200,1318,1
18201,1330,-1
18202,1327,1
18203,1314,-2
18204,1325,0
18205,1309,-2
18206,1305,-2
18207,1301,1
18208,1301,-1
18209,1299,1
18210,1301,0
18211,1306,0
18212,1328,1
18213,1320,1
18214,1322,-1
18215,1318,1
18216,1318,0
18217,1317,-2
18218,1304,2
18219,1312,-2
18220,1307,-1
18221,1297,1
18222,1291,1
18223,1285,-1
18224,1285,0
18225,1308,-1
18226,1307,1
18227,1319,0
18228,1338,-2
18229,1334,0
18230,1330,1
18231,1320,0
18232,1327,1
18233,1317,-1
18234,1304,0
18235,1290,1
18236,1300,-2
18237,1297,-1
18238,1300,1
18239,1294,-1
18240,1306,0
18241,1321,-1
18242,1333,1
18243,1336,-1
18244,1347,-1
18245,1333,0
18246,1323,0
18247,1311,-1
18248,1294,1
18249,1290,1
18250,1288,-2
18251,1295,-2
18252,1310,-2
18253,1311,1
18254,1315,-1
18255,1318,1
18256,1324,-2
18257,1333,-2
18258,1328,1
18259,1322,-1
18260,1328,-1
18261,1325,0
18262,1318,1
18263,1291,-2
18264,1285,1
18265,1309,-2
18266,1309,-1
18267,1303,-1
18268,1315,-1
18269,1324,-2
18270,1330,-1
18271,1319,1
18272,1316,1
18273,1330,1
18274,1320,-1
18275,1321,-2
18276,1318,-1
18277,1320,-2
18278,1313,1
18279,1306,1
18280,1298,1
18281,1312,0
18282,1318,-1
18283,1312,-2
18284,1327,1
18285,1330,-2
18286,1325,-2
18287,1311,-2
18288,1314,-1
18289,1325,-2
18290,1319,0
18291,1312,-1
18292,1321,0
18293,1320,0
18294,1312,1
18295,1295,1
18296,1303,-1
18297,1308,-2
18298,1303,-1
18299,1313,0
18300,1316,-1
18301,1312,0
18302,1320,1
18303,1315,1
18304,1318,1
18305,1317,-1
18306,1320,-1
18307,1311,-2
18308,1312,-2
18309,1308,-1
18310,1302,-2
18311,1294,-1
18312,1296,1
18313,1306,1
18314,1317,0
18315,1321,-2
18316,1321,0
18317,1337,-1
18318,1324,-3
18319,1311,0
18320,1315,0
18321,1309,-1
18322,1294,-1
18323,1304,-1
18324,1312,-2
18325,1297,1
18326,1294,1
18327,1297,-2
18328,1309,-2
18329,1315,0
18330,1327,-1
18331,1324,1
18332,1339,-1
18333,1336,-1
18334,1314,0
18335,1306,1
18336,1297,-1
18337,1303,-1
18338,1296,0
18339,1302,1
18340,1313,-1
18341,1314,-1
18342,1315,-2
18343,1308,0
18344,1318,1
18345,1323,-1
18346,1340,-2
18347,1324,1
18348,1324,1
18349,1324,-1
18350,1321,0
18351,1300,-2
18352,1305,-1
18353,1302,0
18354,1305,0
18355,1306,1
18356,1319,0
18357,1316,0
18358,1329,-2
18359,1307,-1
18360,1326,0
18361,1317,1
18362,1309,0
18363,1318,-1
18364,1322,-1
18365,1315,-2
18366,1309,-1
18367,1305,-2
18368,1309,-1
18369,1315,0
18370,1306,0
18371,1309,-2
18372,1322,-2
18373,1327,-2
18374,1320,0
18375,1319,1
18376,1324,-1
18377,1325,-2
18378,1327,1
18379,1325,0
18380,1324,0
18381,1313,1
18382,1315,0
18383,1294,-2
18384,1301,1
18385,1289,1
18386,1295,0
18387,1309,0
18388,1321,0
18389,1322,0
18390,1333,-1
18391,1320,-1
18392,1341,-2
18393,1331,-1
18394,1321,-1
18395,1317,0
18396,1309,-2
18397,1309,-1
18398,1300,-1
18399,1291,-1
18400,1300,-1
18401,1309,1
18402,1315,0
18403,1327,-1
18404,1336,-1
18405,1343,-1
18406,1336,0
18407,1328,0
18408,1319,-2
18409,1315,-1
18410,1299,-2
18411,1303,1
18412,1295,-1
18413,1288,0
18414,1291,-2
18415,1291,-1
18416,1315,-1
18417,1328,-2
18418,1336,1
18419,1335,-2
18420,1342,0
18421,1336,-2
18422,1325,-2
18423,1304,-1
18424,1305,1
18425,1292,-2
18426,1297,1
18427,1297,-1
18428,1308,-1
18429,1307,-2
18430,1315,1
18431,1325,-2
18432,1332,-2
18433,1339,0
18434,1342,0
18435,1329,-1
18436,1342,-2
18437,1319,-2
18438,1303,0
18439,1291,1
18440,1289,-1
18441,1304,2
18442,1297,1
18443,1309,-1
18444,1325,-2
18445,1318,0
18446,1321,-2
18447,1322,-2
18448,1336,1
18449,1328,0
18450,1320,1
18451,1315,1
18452,1321,0
18453,1307,1
18454,1302,1
18455,1294,1
18456,1297,1
18457,1304,-1
18458,1309,1
18459,1314,1
18460,1330,-2
18461,1327,-1
18462,1329,-1
18463,1316,1
18464,1324,0
18465,1329,0
18466,1316,0
18467,1323,-2
18468,1320,1
18469,1303,1
18470,1289,-1
18471,1298,0
18472,1300,1
18473,1300,1
18474,1316,-1
18475,1315,1
18476,1330,0
18477,1326,0
18478,1327,0
18479,1321,0
18480,1339,1
18481,1330,1
18482,1310,1
18483,1302,-2
18484,1309,1
18485,1310,0
18486,1295,-2
18487,1292,1
18488,1304,-2
18489,1314,1
18490,1326,1
18491,1333,1
18492,1336,1
18493,1343,0
18494,1339,1
18495,1316,0
18496,1308,0
18497,1308,1
18498,1302,-2
18499,1297,-1
18500,1293,-1
18501,1294,0
18502,1297,-2
18503,1306,-1
18504,1327,-2
18505,1335,1
18506,1339,1
18507,1336,1
18508,1345,-1
18509,1343,-2
18510,1313,-2
18511,1289,1
18512,1302,-1
18513,1297,1
18514,1300,-1
18515,1297,-2
18516,1302,0
18517,1321,-1
18518,1324,-2
18519,1321,0
18520,1332,1
18521,1340,1
18522,1335,1
18523,1335,0
18524,1320,0
18525,1315,-2
18526,1305,1
18527,1296,-1
18528,1291,-1
18529,1305,1
18530,1307,-1
18531,1311,-1
18532,1329,-1
18533,1333,-2
18534,1333,-1
18535,1326,-1
18536,1323,0
18537,1322,0
18538,1313,1
18539,1304,1
18540,1314,1
18541,1306,-1
18542,1300,-2
18543,1300,-1
18544,1307,0
18545,1306,-1
18546,1320,-2
18547,1327,-1
18548,1336,0
18549,1331,1
18550,1318,-2
18551,1315,-1
18552,1309,-2
18553,1314,1
18554,1310,1
18555,1310,0
18556,1308,1
18557,1306,-3
18558,1309,0
18559,1309,-2
18560,1304,1
18561,1315,0
18562,1315,-2
18563,1319,1
18564,1330,0
18565,1331,1
18566,1328,-1
18567,1315,0
18568,1317,-1
18569,1318,0
18570,1312,1
18571,1315,0
18572,1318,-2
18573,1321,-2
18574,1303,1
18575,1304,0
18576,1318,1
18577,1310,1
18578,1321,-2
18579,1323,-1
18580,1329,0
18581,1333,-1
18582,1324,1
18583,1318,0
18584,1317,-1
18585,1308,0
18586,1303,1
18587,1302,-2
18588,1309,-1
18589,1312,0
18590,1302,1
18591,1308,-1
18592,1316,1
18593,1329,1
18594,1333,1
18595,1332,0
18596,1339,1
18597,1323,1
18598,1321,1
18599,1294,1
18600,1295,-1
18601,1305,0
18602,1300,-2
18603,1301,-3
18604,1318,-1
18605,1321,0
18606,1326,-1
18607,1327,0
18608,1323,-1
18609,1333,-1
18610,1333,0
18611,1333,1
18612,1330,-1
18613,1317,-1
18614,1299,0
18615,1295,1
18616,1304,0
18617,1309,-2
18618,1300,1
18619,1309,1
18620,1330,0
18621,1334,0
18622,1324,1
18623,1318,1
18624,1328,1
18625,1329,0
18626,1322,1
18627,1319,1
18628,1331,-1
18629,1312,0
18630,1318,0
18631,1303,-2
18632,1302,0
18633,1311,0
18634,1312,-2
18635,1321,0
18636,1326,0
18637,1329,-2
18638,1324,1
18639,1316,1
18640,1324,-1
18641,1320,0
18642,1322,2
18643,1312,0
18644,1322,1
18645,1312,-1
18646,1308,-2
18647,1300,-1
18648,1307,-2
18649,1316,-1
18650,1310,0
18651,1323,-1
18652,1319,0
18653,1324,1
18654,1323,0
18655,1327,1
18656,1317,0
18657,1330,-1
18658,1303,1
18659,1309,-2
18660,1314,0
18661,1304,-1
18662,1302,0
18663,1292,-1
18664,1316,0
18665,1314,-1
18666,1326,0
18667,1318,1
18668,1345,-2
18669,1343,-3
18670,1330,1
18671,1315,1
18672,1315,-2
18673,1313,-1
18674,1303,1
18675,1294,0
18676,1307,-1
18677,1301,-2
18678,1303,-2
18679,1308,0
18680,1324,-2
18681,1335,1
18682,1340,-1
18683,1334,1
18684,1342,-2
18685,1333,-1
18686,1324,1
18687,1301,-2
18688,1300,0
18689,1303,0
18690,1294,1
18691,1303,1
18692,1308,-2
18693,1317,1
18694,1334,-1
18695,1324,-1
18696,1331,-2
18697,1344,1
18698,1337,1
18699,1336,1
18700,1333,-2
18701,1309,-2
18702,1303,0
18703,1291,-1
18704,1291,1
18705,1309,-1
18706,1306,1
18707,1313,0
18708,1333,-1
18709,1331,-1
18710,1339,1
18711,1321,-2
18712,1330,-2
18713,1329,-2
18714,1318,0
18715,1303,-1
18716,1316,-1
18717,1301,-2
18718,1316,-2
18719,1301,-1
18720,1313,0
18721,1316,0
18722,1318,-1
18723,1324,0
18724,1337,-2
18725,1337,0
18726,1315,-2
18727,1310,-2
18728,1320,1
18729,1315,1
18730,1315,-1
18731,1307,-1
18732,1315,-1
18733,1309,-2
18734,1303,1
18735,1299,-1
18736,1306,-2
18737,1318,-3
18738,1323,-2
18739,1324,-2
18740,1327,0
18741,1322,0
18742,1326,-1
18743,1315,1
18744,1321,-1
18745,1315,-2
18746,1318,-1
18747,1315,-1
18748,1316,1
18749,1308,-1
18750,1309,0
18751,1297,-1
18752,1315,-2
18753,1327,-1
18754,1322,-1
18755,1324,1
18756,1340,1
18757,1332,0
18758,1328,1
18759,1316,1
18760,1315,-2
18761,1309,-3
18762,1306,0
18763,1294,-1
18764,1305,-1
18765,1303,-2
18766,1303,-1
18767,1305,0
18768,1321,0
18769,1330,1
18770,1336,1
18771,1336,-2
18772,1345,1
18773,1326,-2
18774,1319,-1
18775,1306,1
18776,1302,1
18777,1309,1
18778,1301,-1
18779,1308,-1
18780,1330,1
18781,1330,0
18782,1331,-1
18783,1326,1
18784,1333,-2
18785,1329,0
18786,1336,-1
18787,1330,0
18788,1324,0
18789,1309,1
18790,1303,-2
18791,1303,-2
18792,1288,0
18793,1309,-2
18794,1311,1
18795,1320,0
18796,1333,-2
18797,1329,-2
18798,1330,1
18799,1326,2
18800,1323,1
18801,1328,-2
18802,1322,-2
18803,1314,0
18804,1324,-1
18805,1312,0
18806,1304,-2
18807,1302,1
18808,1299,-2
18809,1317,-2
18810,1321,-1
18811,1325,-1
18812,1327,-3
18813,1326,0
18814,1324,-2
18815,1317,1
18816,1317,0
18817,1322,-1
18818,1320,0
18819,1314,0
18820,1325,1
18821,1324,1
18822,1317,-1
18823,1303,0
18824,1303,-2
18825,1322,-1
18826,1319,-2
18827,1327,1
18828,1343,1
18829,1333,0
18830,1340,-1
18831,1327,-1
18832,1324,0
18833,1328,0
18834,1317,0
18835,1315,-2
18836,1307,-1
18837,1308,0
18838,1297,-1
18839,1301,1
18840,1312,1
18841,1321,-2
18842,1323,1
18843,1333,1
18844,1351,-1
18845,1342,-2
18846,1333,0
18847,1313,-1
18848,1312,-2
18849,1312,1
18850,1300,2
18851,1292,0
18852,1305,1
18853,1306,0
18854,1312,-2
18855,1320,1
18856,1326,-1
18857,1345,-2
18858,1339,-2
18859,1343,-1
18860,1351,2
18861,1333,-1
18862,1315,1
18863,1309,0
18864,1309,-1
18865,1303,0
18866,1302,1
18867,1299,-2
18868,1330,1
18869,1321,0
18870,1328,-2
18871,1328,0
18872,1336,0
18873,1347,1
18874,1340,0
18875,1332,-2
18876,1317,1
18877,1315,-1
18878,1292,-1
18879,1294,1
18880,1293,0
18881,1293,1
18882,1317,-2
18883,1323,1
18884,1341,0
18885,1343,-2
18886,1346,0
18887,1329,0
18888,1331,0
18889,1335,-1
18890,1322,-2
18891,1312,-1
18892,1311,-1
18893,1289,-2
18894,1306,-2
18895,1301,-2
18896,1311,0
18897,1322,-2
18898,1327,1
18899,1331,-1
18900,1346,0
18901,1342,0
18902,1329,-2
18903,1327,-1
18904,1315,-2
18905,1316,0
18906,1315,0
18907,1311,-3
18908,1312,-2
18909,1318,-1
18910,1306,-2
18911,1316,-1
18912,1320,-1
18913,1328,-2
18914,1329,-1
18915,1336,-2
18916,1342,-1
18917,1328,-1
18918,1330,-2
18919,1307,1
18920,1318,1
18921,1312,-2
18922,1311,-2
18923,1310,-1
18924,1318,-1
18925,1311,-1
18926,1312,-2
18927,1306,-1
18928,1321,-2
18929,1327,-1
18930,1331,1
18931,1325,-2
18932,1339,-2
18933,1330,-2
18934,1321,-1
18935,1308,-2
18936,1306,-1
18937,1300,-1
18938,1294,0
18939,1302,-2
18940,1313,2
18941,1321,0
18942,1320,-1
18943,1327,1
18944,1336,-1
18945,1342,-2
18946,1340,0
18947,1334,0
18948,1333,0
18949,1315,-2
18950,1309,-2
18951,1298,0
18952,1299,1
18953,1299,-2
18954,1314,1
18955,1316,-2
18956,1330,0
18957,1330,-2
18958,1342,-1
18959,1332,-2
18960,1339,-1
18961,1342,1
18962,1327,-1
18963,1315,-1
18964,1312,1
18965,1304,0
18966,1305,-1
18967,1305,0
18968,1306,-2
18969,1317,-2
18970,1327,-1
18971,1329,1
18972,1348,0
18973,1343,0
18974,1338,1
18975,1326,-2
18976,1319,1
18977,1312,1
18978,1312,1
18979,1306,-1
18980,1306,2
18981,1310,-1
18982,1314,0
18983,1311,1
18984,1318,1
18985,1318,1
18986,1334,0
18987,1338,-1
18988,1339,0
18989,1327,-2
18990,1318,1
18991,1310,1
18992,1310,-1
18993,1309,-1
18994,1315,1
18995,1312,-1
18996,1333,-1
18997,1323,-2
18998,1324,0
18999,1318,1
19000,1320,0
19001,1324,0
19002,1324,0
19003,1325,-2
19004,1334,-1
19005,1324,0
19006,1324,1
19007,1318,0
19008,1321,-2
19009,1328,-2
19010,1322,0
19011,1321,1
19012,1322,-1
19013,1322,-2
19014,1321,1
19015,1316,1
19016,1323,1
19017,1321,-2
19018,1314,0
19019,1322,1
19020,1339,1
19021,1336,-2
19022,1327,-1
19023,1312,1
19024,1321,-1
19025,1315,-1
19026,1317,-1
19027,1318,1
19028,1321,-2
19029,1320,-1
19030,1320,-1
19031,1312,0
19032,1327,0
19033,1338,1
19034,1342,-2
19035,1336,-2
19036,1346,-2
19037,1333,-2
19038,1326,0
19039,1316,-1
19040,1311,0
19041,1307,0
19042,1313,1
19043,1309,0
19044,1331,1
19045,1327,1
19046,1323,0
19047,1327,1
19048,1338,1
19049,1336,-1
19050,1330,0
19051,1336,-2
19052,1330,-2
19053,1315,1
19054,1306,0
19055,1303,-2
19056,1310,1
19057,1306,0
19058,1321,-1
19059,1323,-2
19060,1340,-2
19061,1336,0
19062,1333,0
19063,1334,0
19064,1324,0
19065,1332,0
19066,1331,0
19067,1313,0
19068,1322,0
19069,1318,1
19070,1315,-1
19071,1305,0
19072,1303,1
19073,1321,-1
19074,1336,-1
19075,1330,0
19076,1343,-2
19077,1332,-2
19078,1333,0
19079,1334,0
19080,1324,-1
19081,1318,-1
19082,1323,-1
19083,1317,-2
19084,1316,-2
19085,1314,1
19086,1306,-2
19087,1311,0
19088,1326,-1
19089,1332,0
19090,1325,0
19091,1333,0
19092,1344,0
19093,1342,-1
19094,1333,1
19095,1327,-2
19096,1321,-1
19097,1321,1
19098,1318,0
19099,1318,0
19100,1315,-1
19101,1308,-2
19102,1306,-1
19103,1314,0
19104,1324,-1
19105,1330,-1
19106,1332,-1
19107,1342,-2
19108,1350,1
19109,1334,-2
19110,1330,-2
19111,1318,-1
19112,1314,0
19113,1306,-2
19114,1300,1
19115,1294,1
19116,1322,-4
19117,1315,-1
19118,1317,1
19119,1330,2
19120,1337,-2
19121,1338,1
19122,1343,0
19123,1342,-2
19124,1335,-2
19125,1324,-2
19126,1310,-2
19127,1296,0
19128,1291,0
19129,1303,2
19130,1298,1
19131,1310,1
19132,1332,1
19133,1336,1
19134,1345,-1
19135,1345,0
19136,1337,-2
19137,1344,1
19138,1333,1
19139,1327,-3
19140,1322,-1
19141,1303,1
19142,1305,1
19143,1303,-1
19144,1297,0
19145,1312,0
19146,1326,1
19147,1336,0
19148,1353,0
19149,1345,-1
19150,1350,0
19151,1333,-1
19152,1336,0
19153,1327,-1
19154,1306,-1
19155,1300,1
19156,1306,1
19157,1305,-1
19158,1317,-1
19159,1300,-2
19160,1310,-2
19161,1336,0
19162,1345,-2
19163,1339,0
19164,1350,0
19165,1336,1
19166,1332,-2
19167,1320,0
19168,1312,-1
19169,1309,1
19170,1312,1
19171,1307,1
19172,1321,0
19173,1315,0
19174,1315,-1
19175,1324,0
19176,1334,1
19177,1337,-2
19178,1336,-1
19179,1339,-2
19180,1338,1
19181,1334,1
19182,1324,0
19183,1309,-3
19184,1315,-1
19185,1312,1
19186,1310,0
19187,1318,0
19188,1323,-1
19189,1318,0
19190,1330,1
19191,1327,-1
19192,1329,1
19193,1334,1
19194,1335,-1
19195,1335,0
19196,1347,-3
19197,1320,0
19198,1321,0
19199,1303,0
19200,1309,-2
19201,1309,-2
19202,1309,0
19203,1316,-2
19204,1332,-2
19205,1331,1
19206,1335,0
19207,1333,-2
19208,1333,-1
19209,1339,-2
19210,1336,-1
19211,1325,2
19212,1324,1
19213,1318,-1
19214,1314,-1
19215,1300,1
19216,1309,-2
19217,1305,-2
19218,1316,1
19219,1321,-2
19220,1339,-1
19221,1346,1
19222,1342,-1
19223,1328,-1
19224,1331,-2
19225,1333,-1
19226,1336,-2
19227,1320,-1
19228,1312,-3
19229,1312,1
19230,1311,-2
19231,1305,-1
19232,1309,1
19233,1316,1
19234,1330,1
19235,1342,-2
19236,1355,-1
19237,1341,0
19238,1341,0
19239,1333,1
19240,1324,2
19241,1315,-1
19242,1312,-1
19243,1309,0
19244,1316,0
19245,1321,-2
19246,1322,-2
19247,1317,-2
19248,1329,0
19249,1340,-2
19250,1342,0
19251,1339,-2
19252,1351,1
19253,1342,-2
19254,1330,1
19255,1307,1
19256,1309,0
19257,1313,-1
19258,1322,0
19259,1317,0
19260,1335,0
19261,1321,-1
19262,1330,1
19263,1321,0
19264,1322,1
19265,1339,-1
19266,1341,-1
19267,1325,0
19268,1336,-1
19269,1329,-2
19270,1324,1
19271,1315,-1
19272,1321,-1
19273,1323,1
19274,1321,0
19275,1320,-2
19276,1321,-2
19277,1316,-1
19278,1326,-1
19279,1317,-1
19280,1326,0
19281,1336,-1
19282,1331,1
19283,1333,1
19284,1346,1
19285,1331,-1
19286,1323,1
19287,1319,0
19288,1316,1
19289,1318,-1
19290,1321,-1
19291,1321,2
19292,1324,-1
19293,1330,0
19294,1327,0
19295,1329,0
19296,1337,-1
19297,1341,-2
19298,1343,-2
19299,1333,0
19300,1348,-2
19301,1315,1
19302,1313,-2
19303,1311,-1
19304,1308,-1
19305,1307,0
19306,1316,0
19307,1320,-1
19308,1342,0
19309,1336,-1
19310,1342,-1
19311,1338,0
19312,1340,-2
19313,1344,1
19314,1333,2
19315,1312,0
19316,1319,1
19317,1314,-3
19318,1308,-1
19319,1300,0
19320,1309,1
19321,1318,-3
19322,1332,-2
19323,1334,1
19324,1347,-1
19325,1347,0
19326,1342,0
19327,1337,-2
19328,1325,0
19329,1321,-1
19330,1317,-1
19331,1311,-2
19332,1330,1
19333,1321,-4
19334,1321,1
19335,1318,1
19336,1317,1
19337,1339,-2
19338,1341,-1
19339,1340,-2
19340,1347,0
19341,1333,0
19342,1329,2
19343,1326,-4
19344,1321,-1
19345,1317,-2
19346,1316,-2
19347,1317,-2
19348,1321,1
19349,1320,1
19350,1327,-2
19351,1325,-1
19352,1328,-2
19353,1332,1
19354,1331,-1
19355,1345,1
19356,1342,-1
19357,1330,-1
19358,1325,1
19359,1319,1
19360,1312,-2
19361,1325,1
19362,1315,1
19363,1323,1
19364,1330,1
19365,1321,-2
19366,1325,0
19367,1330,0
19368,1333,-1
19369,1343,-2
19370,1339,0
19371,1336,0
19372,1348,-1
19373,1336,0
19374,1321,-2
19375,1314,1
19376,1315,0
19377,1315,-1
19378,1313,0
19379,1315,0
19380,1325,-2
19381,1333,-1
19382,1321,1
19383,1346,1
19384,1339,1
19385,1345,1
19386,1342,0
19387,1333,-1
19388,1331,0
19389,1318,0
19390,1318,1
19391,1305,-1
19392,1303,-1
19393,1303,0
19394,1315,-2
19395,1323,-2
19396,1351,0
19397,1340,2
19398,1345,-1
19399,1345,0
19400,1345,0
19401,1339,-2
19402,1333,0
19403,1311,2
19404,1320,-1
19405,1311,0
19406,1297,0
19407,1306,-2
19408,1314,0
19409,1324,0
19410,1347,-1
19411,1339,0
19412,1356,-1
19413,1350,0
19414,1347,-1
19415,1333,0
19416,1330,0
19417,1314,0
19418,1305,-1
19419,1318,0
19420,1314,-2
19421,1315,-1
19422,1324,0
19423,1317,-1
19424,1333,0
19425,1338,-2
19426,1347,0
19427,1347,1
19428,1353,1
19429,1333,-1
19430,1330,-2
19431,1313,-3
19432,1312,-1
19433,1316,-2
19434,1317,1
19435,1320,0
19436,1336,1
19437,1321,0
19438,1337,0
19439,1338,-2
19440,1333,-1
19441,1337,0
19442,1336,-3
19443,1329,-1
19444,1339,-1
19445,1327,0
19446,1315,1
19447,1313,1
19448,1319,-1
19449,1314,-1
19450,1324,-1
19451,1326,0
19452,1340,-1
19453,1330,-2
19454,1334,1
19455,1333,-2
19456,1332,0
19457,1345,-2
19458,1327,-1
19459,1339,-2
19460,1342,-1
19461,1325,2
19462,1323,1
19463,1312,-2
19464,1311,-1
19465,1320,0
19466,1321,1
19467,1321,1
19468,1345,1
19469,1341,0
19470,1328,1
19471,1333,0
19472,1336,-2
19473,1345,0
19474,1348,-1
19475,1327,0
19476,1335,2
19477,1324,1
19478,1317,-1
19479,1306,0
19480,1314,1
19481,1314,-4
19482,1317,1
19483,1327,-2
19484,1337,-1
19485,1345,0
19486,1345,-1
19487,1338,0
19488,1338,-1
19489,1343,0
19490,1324,0
19491,1318,0
19492,1325,2
19493,1321,-2
19494,1317,1
19495,1299,1
19496,1314,-1
19497,1332,1
19498,1345,0
19499,1341,0
19500,1354,1
19501,1352,1
19502,1339,1
19503,1323,0
19504,1319,0
19505,1321,2
19506,1311,0
19507,1314,-2
19508,1326,0
19509,1316,0
19510,1315,-2
19511,1322,-3
19512,1330,-1
19513,1341,-1
19514,1344,-1
19515,1341,-1
19516,1342,0
19517,1348,0
19518,1330,-1
19519,1315,2
19520,1312,1
19521,1314,-1
19522,1312,0
19523,1313,-2
19524,1332,-1
19525,1326,0
19526,1331,-1
19527,1327,-1
19528,1334,0
19529,1339,0
19530,1333,-1
19531,1325,-1
19532,1340,1
19533,1329,1
19534,1319,-2
19535,1315,0
19536,1318,3
19537,1317,-1
19538,1322,-1
19539,1318,1
19540,1335,-2
19541,1333,-2
19542,1330,0
19543,1328,1
19544,1327,0
19545,1341,0
19546,1342,1
19547,1339,-1
19548,1348,0
19549,1342,1
19550,1327,1
19551,1311,-1
19552,1306,1
19553,1309,0
19554,1315,0
19555,1315,0
19556,1336,2
19557,1339,-2
19558,1331,0
19559,1335,-1
19560,1342,-1
19561,1348,1
19562,1339,1
19563,1332,0
19564,1334,0
19565,1324,-2
19566,1309,1
19567,1305,-2
19568,1301,-1
19569,1309,-1
19570,1324,-1
19571,1333,1
19572,1344,1
19573,1356,-1
19574,1348,0
19575,1349,1
19576,1339,1
19577,1342,0
19578,1333,-1
19579,1314,1
19580,1313,1
19581,1312,1
19582,1297,-1
19583,1299,-1
19584,1316,0
19585,1331,1
19586,1340,1
19587,1344,0
19588,1358,-2
19589,1356,-1
19590,1350,1
19591,1341,-2
19592,1319,-2
19593,1316,-1
19594,1311,-1
19595,1303,2
19596,1318,-1
19597,1309,-1
19598,1319,-1
19599,1334,-2
19600,1342,0
19601,1355,-2
19602,1360,0
19603,1346,0
19604,1359,-1
19605,1341,-1
19606,1328,1
19607,1318,-4
19608,1309,-1
19609,1307,-1
19610,1300,-1
19611,1318,-2
19612,1331,-1
19613,1334,-2
19614,1340,1
19615,1345,1
19616,1334,2
19617,1354,0
19618,1333,1
19619,1342,1
19620,1339,0
19621,1317,0
19622,1301,-2
19623,1303,0
19624,1306,-2
19625,1313,-2
19626,1324,1
19627,1324,1
19628,1345,1
19629,1340,-1
19630,1354,-3
19631,1337,0
19632,1335,1
19633,1339,-2
19634,1337,0
19635,1330,1
19636,1339,1
19637,1315,-1
19638,1306,-1
19639,1318,1
19640,1315,1
19641,1322,-2
19642,1324,1
19643,1330,0
19644,1351,-1
19645,1346,1
19646,1340,0
19647,1333,0
19648,1336,-1
19649,1345,-2
19650,1327,0
19651,1314,-1
19652,1324,0
19653,1310,-1
19654,1315,-1
19655,1310,1
19656,1318,-2
19657,1327,0
19658,1342,0
19659,1339,-3
19660,1357,0
19661,1348,1
19662,1349,-2
19663,1329,-1
19664,1329,-1
19665,1336,1
19666,1306,-1
19667,1320,0
19668,1329,1
19669,1316,0
19670,1309,-1
19671,1319,-1
19672,1332,0
19673,1343,-3
19674,1349,0
19675,1349,-2
19676,1353,-2
19677,1345,-1
19678,1327,-2
19679,1318,0
19680,1308,-1
19681,1318,-1
19682,1317,0
19683,1310,1
19684,1331,0
19685,1326,0
19686,1333,-1
19687,1342,-1
19688,1345,-1
19689,1349,1
19690,1340,0
19691,1339,0
19692,1348,1
19693,1330,-2
19694,1318,2
19695,1313,-2
19696,1306,-1
19697,1318,-2
19698,1317,1
19699,1330,-2
19700,1348,-3
19701,1336,-1
19702,1345,-1
19703,1340,-2
19704,1338,-2
19705,1329,0
19706,1324,-2
19707,1329,2
19708,1335,-2
19709,1324,-1
19710,1314,-2
19711,1321,-1
19712,1324,-1
19713,1332,-2
19714,1332,1
19715,1330,-1
19716,1345,-1
19717,1340,-2
19718,1335,1
19719,1324,-2
19720,1327,0
19721,1325,-1
19722,1324,1
19723,1333,1
19724,1343,0
19725,1342,-1
19726,1336,0
19727,1328,0
19728,1323,-2
19729,1330,0
19730,1318,-1
19731,1322,1
19732,1337,0
19733,1324,-1
19734,1329,1
19735,1328,1
19736,1330,-2
19737,1335,1
19738,1345,0
19739,1332,1
19740,1342,-2
19741,1325,0
19742,1314,1
19743,1309,0
19744,1310,-2
19745,1323,-1
19746,1324,0
19747,1330,-1
19748,1339,1
19749,1348,-2
19750,1353,-2
19751,1339,-1
19752,1343,0
19753,1348,1
19754,1336,-1
19755,1335,1
19756,1334,0
19757,1314,1
19758,1316,0
19759,1311,2
19760,1321,-1
19761,1338,1
19762,1336,0
19763,1339,1
19764,1354,1
19765,1342,-1
19766,1341,-2
19767,1329,1
19768,1321,1
19769,1325,1
19770,1318,1
19771,1318,1
19772,1325,1
19773,1316,0
19774,1324,-2
19775,1333,-2
19776,1334,1
19777,1339,0
19778,1349,0
19779,1346,1
19780,1359,1
19781,1345,-1
19782,1333,0
19783,1324,-1
19784,1323,1
19785,1318,-2
19786,1310,-2
19787,1323,0
19788,1333,1
19789,1330,-2
19790,1332,0
19791,1336,1
19792,1347,-1
19793,1342,-1
19794,1341,1
19795,1346,1
19796,1350,-1
19797,1344,1
19798,1324,-2
19799,1315,-1
19800,1311,1
19801,1315,1
19802,1320,0
19803,1327,1
19804,1337,0
19805,1340,-1
19806,1333,-2
19807,1338,-1
19808,1345,1
19809,1350,0
19810,1346,0
19811,1346,-2
19812,1336,-1
19813,1333,0
19814,1321,1
19815,1309,0
19816,1318,1
19817,1318,0
19818,1324,-1
19819,1325,0
19820,1350,-2
19821,1336,-1
19822,1343,-2
19823,1344,0
19824,1345,0
19825,1346,-2
19826,1335,0
19827,1327,1
19828,1333,1
19829,1318,-1
19830,1316,0
19831,1306,1
19832,1303,-1
19833,1328,-2
19834,1333,1
19835,1342,-1
19836,1363,-2
19837,1362,-2
19838,1355,-1
19839,1342,1
19840,1331,-1
19841,1331,-2
19842,1315,-1
19843,1308,-1
19844,1323,-2
19845,1308,1
19846,1306,-1
19847,1315,-1
19848,1330,-2
19849,1348,2
19850,1356,-1
19851,1361,-1
19852,1367,-2
19853,1351,1
19854,1341,-2
19855,1327,-2
19856,1317,0
19857,1302,-1
19858,1306,-3
19859,1310,1
19860,1326,-1
19861,1322,0
19862,1336,-3
19863,1346,1
19864,1348,-1
19865,1362,-2
19866,1358,1
19867,1347,1
19868,1354,1
19869,1328,-2
19870,1317,0
19871,1306,1
19872,1306,-1
19873,1307,-2
19874,1321,0
19875,1324,-1
19876,1348,1
19877,1346,-4
19878,1353,-2
19879,1351,1
19880,1343,0
19881,1345,1
19882,1340,-1
19883,1329,1
19884,1326,-2
19885,1310,-1
19886,1310,-2
19887,1316,0
19888,1318,1
19889,1324,0
19890,1331,-1
19891,1337,1
19892,1357,1
19893,1354,-1
19894,1354,1
19895,1336,-1
19896,1336,-2
19897,1337,1
19898,1329,-2
19899,1312,0
19900,1324,-1
19901,1320,0
19902,1313,0
19903,1314,1
19904,1329,-2
19905,1335,1
19906,1340,2
19907,1339,-2
19908,1362,-1
19909,1345,0
19910,1344,1
19911,1330,-1
19912,1333,-2
19913,1329,-2
19914,1322,0
19915,1323,1
19916,1330,-1
19917,1330,-2
19918,1326,-1
19919,1318,-1
19920,1332,0
19921,1340,1
19922,1344,1
19923,1342,0
19924,1356,1
19925,1354,-2
19926,1342,-1
19927,1341,1
19928,1332,1
19929,1327,0
19930,1324,0
19931,1321,0
19932,1333,1
19933,1321,0
19934,1330,-1
19935,1330,1
19936,1337,1
19937,1342,0
19938,1354,1
19939,1343,-2
19940,1359,1
19941,1339,1
19942,1326,-2
19943,1326,0
19944,1315,1
19945,1318,-1
19946,1326,0
19947,1326,-2
19948,1336,0
19949,1336,-2
19950,1342,-3
19951,1336,-2
19952,1351,-1
19953,1339,2
19954,1342,-1
19955,1342,0
19956,1340,1
19957,1329,-1
19958,1321,-1
19959,1315,-1
19960,1317,1
19961,1323,-2
19962,1334,0
19963,1325,-2
19964,1348,-3
19965,1338,-1
19966,1344,0
19967,1334,-1
19968,1334,1
19969,1330,0
19970,1339,-2
19971,1330,1
19972,1343,1
19973,1326,4
19974,1315,1
19975,1321,0
19976,1324,0
19977,1330,-1
19978,1344,-1
19979,1340,-1
19980,1351,0
19981,1339,-3
19982,1333,-2
19983,1327,-1
19984,1327,1
19985,1327,-2
19986,1339,0
19987,1327,1
19988,1337,-1
19989,1326,1
19990,1324,0
19991,1316,-2
19992,1318,-1
19993,1325,-2
19994,1337,0
19995,1333,0
19996,1342,1
19997,1335,0
19998,1338,1
19999,1329,1
20000,1333,1
20001,1337,0
20002,1336,1
20003,1331,-1
20004,1339,0
20005,1333,1
20006,1321,-2
20007,1318,0
20008,1327,0
20009,1339,-1
20010,1337,-2
20011,1336,1
20012,1359,0
20013,1356,0
20014,1345,1
20015,1339,0
20016,1333,0
20017,1336,0
20018,1325,-1
20019,1312,0
20020,1320,-2
20021,1324,-2
20022,1320,-1
20023,1322,0
20024,1329,0
20025,1339,-1
20026,1353,-1
20027,1344,0
20028,1369,1
20029,1361,1
20030,1337,-2
20031,1324,-1
20032,1319,0
20033,1322,1
20034,1315,1
20035,1315,-1
20036,1340,0
20037,1328,0
20038,1334,-1
20039,1336,-2
20040,1341,1
20041,1346,-1
20042,1353,1
20043,1354,0
20044,1341,0
20045,1337,0
20046,1315,1
20047,1309,0
20048,1303,-2
20049,1309,0
20050,1312,0
20051,1318,0
20052,1342,1
20053,1354,-2
20054,1344,0
20055,1339,0
20056,1346,-2
20057,1350,-2
20058,1339,1
20059,1336,-1
20060,1335,0
20061,1315,-1
20062,1320,-2
20063,1310,-1
20064,1321,0
20065,1322,-1
20066,1335,2
20067,1331,2
20068,1352,-2
20069,1349,1
20070,1342,0
20071,1334,-2
20072,1343,1
20073,1336,-4
20074,1330,-1
20075,1321,-2
20076,1327,1
20077,1330,1
20078,1314,0
20079,1318,-1
20080,1321,1
20081,1323,0
20082,1329,0
20083,1339,0
20084,1348,1
20085,1348,-2
20086,1343,-1
20087,1334,0
20088,1329,-1
20089,1339,-2
20090,1326,1
20091,1322,1
20092,1334,-2
20093,1323,-1
20094,1315,-1
20095,1314,-1
20096,1324,-1
20097,1336,1
20098,1336,-1
20099,1339,1
20100,1356,1
20101,1348,0
20102,1339,1
20103,1327,-1
20104,1315,-1
20105,1324,-1
20106,1324,0
20107,1315,1
20108,1323,-2
20109,1317,-2
20110,1321,1
20111,1324,0
20112,1341,0
20113,1345,1
20114,1351,1
20115,1351,-2
20116,1355,0
20117,1345,-2
20118,1340,-1
20119,1325,1
20120,1315,0
20121,1318,-2
20122,1312,0
20123,1317,-2
20124,1328,-2
20125,1337,0
20126,1342,-2
20127,1340,-1
20128,1347,0
20129,1350,-1
20130,1346,-1
20131,1342,-1
20132,1341,1
20133,1324,-1
20134,1309,-2
20135,1307,0
20136,1308,-1
20137,1316,0
20138,1321,-1
20139,1333,0
20140,1353,-1
20141,1351,-1
20142,1345,0
20143,1346,0
20144,1343,-1
20145,1345,-2
20146,1335,1
20147,1322,-2
20148,1337,-2
20149,1319,-1
20150,1327,-1
20151,1322,0
20152,1330,-1
20153,1333,0
20154,1336,0
20155,1345,1
20156,1350,-2
20157,1344,-2
20158,1340,1
20159,1330,0
20160,1336,-1
20161,1331,-2
20162,1326,0
20163,1322,-2
20164,1332,-1
20165,1326,1
20166,1330,1
20167,1319,-2
20168,1330,-1
20169,1338,-2
20170,1342,1
20171,1339,-2
20172,1348,1
20173,1345,0
20174,1335,0
20175,1337,0
20176,1338,-1
20177,1339,0
20178,1334,0
20179,1332,-2
20180,1333,-1
20181,1335,1
20182,1329,-1
20183,1325,1
20184,1329,-2
20185,1342,0
20186,1345,1
20187,1345,1
20188,1355,-2
20189,1349,0
20190,1340,-1
20191,1329,0
20192,1331,0
20193,1318,0
20194,1327,-1
20195,1319,-1
20196,1336,4
20197,1321,-1
20198,1330,1
20199,1331,-1
20200,1334,-2
20201,1344,-1
20202,1357,-2
20203,1352,0
20204,1363,-2
20205,1341,1
20206,1329,-2
20207,1316,2
20208,1314,-2
20209,1315,-1
20210,1318,0
20211,1318,1
20212,1331,-2
20213,1335,-2
20214,1342,-1
20215,1342,1
20216,1342,-1
20217,1348,0
20218,1348,-1
20219,1342,0
20220,1342,0
20221,1322,-1
20222,1319,-2
20223,1308,-2
20224,1311,-1
20225,1315,1
20226,1321,-2
20227,1336,0
20228,1351,1
20229,1349,-1
20230,1348,1
20231,1345,0
20232,1343,-2
20233,1342,-1
20234,1336,-1
20235,1333,-2
20236,1327,-2
20237,1320,1
20238,1313,0
20239,1318,0
20240,1318,0
20241,1336,-1
20242,1344,-2
20243,1342,0
20244,1351,-2
20245,1343,-2
20246,1353,0
20247,1337,1
20248,1327,-1
20249,1326,-1
20250,1330,-2
20251,1326,-1
20252,1333,-2
20253,1323,3
20254,1315,-1
20255,1320,-1
20256,1327,0
20257,1335,-1
20258,1328,-1
20259,1342,1
20260,1354,1
20261,1348,-2
20262,1342,1
20263,1335,0
20264,1331,-1
20265,1330,0
20266,1324,-1
20267,1324,-1
20268,1335,-2
20269,1324,-1
20270,1326,-1
20271,1319,1
20272,1321,0
20273,1342,-4
20274,1346,-1
20275,1348,1
20276,1367,-1
20277,1357,-1
20278,1342,1
20279,1331,-2
20280,1322,0
20281,1320,1
20282,1319,-2
20283,1315,1
20284,1318,0
20285,1330,-1
20286,1336,-2
20287,1336,0
20288,1345,1
20289,1352,-2
20290,1366,1
20291,1356,1
20292,1372,-1
20293,1353,-2
20294,1330,-2
20295,1315,-2
20296,1307,-1
20297,1317,-2
20298,1318,-1
20299,1318,1
20300,1340,-2
20301,1345,-2
20302,1345,-3
20303,1350,-2
20304,1354,0
20305,1356,0
20306,1354,1
20307,1340,-2
20308,1337,-1
20309,1315,-2
20310,1306,-2
20311,1306,-1
20312,1300,1
20313,1319,1
20314,1325,1
20315,1339,1
20316,1368,-1
20317,1359,-2
20318,1357,0
20319,1350,-1
20320,1347,0
20321,1345,-2
20322,1328,-1
20323,1309,1
20324,1328,-1
20325,1320,-1
20326,1309,0
20327,1303,1
20328,1321,-2
20329,1339,0
20330,1347,-2
20331,1350,-1
20332,1360,-2
20333,1360,1
20334,1342,0
20335,1338,1
20336,1326,0
20337,1324,-1
20338,1321,-2
20339,1318,1
20340,1336,0
20341,1316,0
20342,1325,1
20343,1318,1
20344,1341,0
20345,1346,-1
20346,1346,1
20347,1345,0
20348,1353,0
20349,1332,1
20350,1333,1
20351,1326,0
20352,1322,-2
20353,1327,-1
20354,1326,1
20355,1328,1
20356,1340,0
20357,1330,-2
20358,1333,1
20359,1330,-1
20360,1339,1
20361,1336,-1
20362,1345,-2
20363,1337,-1
20364,1352,1
20365,1338,2
20366,1328,-1
20367,1322,0
20368,1309,0
20369,1320,-2
20370,1331,0
20371,1321,0
20372,1335,0
20373,1341,1
20374,1337,-1
20375,1338,1
20376,1342,0
20377,1358,-2
20378,1354,1
20379,1344,-1
20380,1353,0
20381,1333,-1
20382,1324,-1
20383,1318,0
20384,1321,1
20385,1321,1
20386,1318,-1
20387,1327,-2
20388,1350,1
20389,1343,1
20390,1344,1
20391,1338,-1
20392,1340,-2
20393,1348,-1
20394,1339,0
20395,1332,-2
20396,1336,1
20397,1325,1
20398,1317,1
20399,1315,0
20400,1318,1
20401,1328,-1
20402,1339,1
20403,1353,-1
20404,1365,-1
20405,1358,-2
20406,1350,-2
20407,1344,-1
20408,1333,-2
20409,1339,-2
20410,1330,0
20411,1322,1
20412,1332,1
20413,1327,0
20414,1325,1
20415,1329,-2
20416,1333,0
20417,1340,-2
20418,1348,1
20419,1346,1
20420,1344,1
20421,1345,-1
20422,1333,-2
20423,1335,0
20424,1323,-1
20425,1332,0
20426,1332,0
20427,1330,-1
20428,1342,-2
20429,1337,1
20430,1348,-1
20431,1317,-2
20432,1338,1
20433,1334,1
20434,1341,-3
20435,1343,-2
20436,1353,0
20437,1342,-1
20438,1339,1
20439,1331,-2
20440,1327,2
20441,1339,0
20442,1333,1
20443,1341,1
20444,1345,-1
20445,1321,1
20446,1329,-2
20447,1326,-2
20448,1332,1
20449,1335,1
20450,1331,1
20451,1338,-2
20452,1362,0
20453,1351,-3
20454,1344,1
20455,1336,-2
20456,1336,1
20457,1333,1
20458,1331,-1
20459,1319,0
20460,1336,1
20461,1333,1
20462,1332,0
20463,1338,1
20464,1339,0
20465,1349,1
20466,1362,-1
20467,1356,0
20468,1361,0
20469,1350,-2
20470,1339,1
20471,1327,0
20472,1327,0
20473,1317,-2
20474,1323,-1
20475,1321,1
20476,1345,-2
20477,1339,-2
20478,1346,-2
20479,1343,0
20480,1353,-2
20481,1355,-1
20482,1361,-1
20483,1348,0
20484,1350,0
20485,1330,0
20486,1327,0
20487,1313,0
20488,1315,-2
20489,1320,0
20490,1334,-1
20491,1337,0
20492,1359,1
20493,1363,-2
20494,1355,1
20495,1349,-1
20496,1351,-2
20497,1348,0
20498,1335,0
20499,1336,-1
20500,1341,-1
20501,1324,1
20502,1321,1
20503,1318,-1
20504,1320,-2
20505,1327,1
20506,1343,2
20507,1350,-1
20508,1363,0
20509,1342,0
20510,1356,-2
20511,1342,-2
20512,1330,-2
20513,1333,0
20514,1328,1
20515,1328,0
20516,1330,1
20517,1325,-1
20518,1323,0
20519,1324,-2
20520,1336,0
20521,1346,0
20522,1345,-1
20523,1349,-2
20524,1361,-1
20525,1351,-2
20526,1345,-1
20527,1332,-2
20528,1317,1
20529,1336,1
20530,1322,0
20531,1324,0
20532,1337,-2
20533,1326,0
20534,1323,-1
20535,1333,-1
20536,1336,-1
20537,1345,-2
20538,1346,0
20539,1349,0
20540,1364,0
20541,1347,-2
20542,1343,-1
20543,1324,0
20544,1317,1
20545,1321,1
20546,1315,0
20547,1322,1
20548,1330,-1
20549,1334,-2
20550,1348,-2
20551,1340,-1
20552,1351,-1
20553,1362,0
20554,1365,0
20555,1352,0
20556,1356,-1
20557,1338,0
20558,1333,0
20559,1312,1
20560,1314,-2
20561,1306,1
20562,1319,-1
20563,1323,-2
20564,1349,1
20565,1349,-2
20566,1358,-3
20567,1351,1
20568,1355,-1
20569,1359,-2
20570,1350,0
20571,1337,-1
20572,1329,-1
20573,1319,-2
20574,1315,-1
20575,1303,-2
20576,1316,-3
20577,1327,-1
20578,1338,1
20579,1362,1
20580,1374,1
20581,1367,0
20582,1365,0
20583,1350,1
20584,1339,-1
20585,1330,-1
20586,1325,1
20587,1321,0
20588,1322,0
20589,1321,0
20590,1320,1
20591,1322,-1
20592,1336,0
20593,1349,1
20594,1351,1
20595,1359,-1
20596,1366,0
20597,1353,0
20598,1337,-2
20599,1333,-1
20600,1312,-1
20601,1315,1
20602,1318,1
20603,1321,0
20604,1332,-3
20605,1338,-2
20606,1344,-2
20607,1344,1
20608,1339,0
20609,1352,-1
20610,1362,0
20611,1345,-1
20612,1359,1
20613,1336,-1
20614,1327,-2
20615,1321,1
20616,1312,0
20617,1317,2
20618,1332,0
20619,1336,1
20620,1345,-1
20621,1355,0
20622,1342,-1
20623,1338,-2
20624,1341,-2
20625,1338,1
20626,1339,0
20627,1336,1
20628,1355,-2
20629,1336,1
20630,1324,1
20631,1318,-1
20632,1327,1
20633,1325,1
20634,1328,-1
20635,1330,1
20636,1347,-1
20637,1342,1
20638,1345,1
20639,1334,-2
20640,1336,1
20641,1339,-1
20642,1347,0
20643,1340,-1
20644,1348,0
20645,1330,1
20646,1329,0
20647,1317,-1
20648,1318,1
20649,1330,1
20650,1329,-1
20651,1341,0
20652,1349,1
20653,1345,2
20654,1345,-2
20655,1342,0
20656,1344,-2
20657,1346,0
20658,1337,-2
20659,1326,-3
20660,1328,1
20661,1332,-1
20662,1320,0
20663,1321,-1
20664,1322,-1
20665,1335,0
20666,1343,1
20667,1339,0
20668,1367,1
20669,1348,-1
20670,1352,-1
20671,1339,-1
20672,1334,0
20673,1334,-2
20674,1328,-2
20675,1314,-1
20676,1336,1
20677,1331,-2
20678,1339,-1
20679,1330,-3
20680,1338,0
20681,1349,-2
20682,1354,0
20683,1345,1
20684,1359,0
20685,1345,0
20686,1338,0
20687,1330,-1
20688,1321,-1
20689,1328,-1
20690,1328,0
20691,1328,0
20692,1348,1
20693,1338,-1
20694,1339,-1
20695,1343,-1
20696,1342,0
20697,1344,-1
20698,1345,0
20699,1342,1
20700,1357,-1
20701,1340,1
20702,1338,-1
20703,1328,0
20704,1329,-2
20705,1336,1
20706,1328,0
20707,1336,-1
20708,1342,0
20709,1344,1
20710,1334,-2
20711,1337,-2
20712,1337,-1
20713,1348,-1
20714,1351,0
20715,1349,-1
20716,1352,-2
20717,1350,1
20718,1348,-2
20719,1334,-1
20720,1327,-3
20721,1331,1
20722,1330,0
20723,1327,-2
20724,1339,0
20725,1334,0
20726,1336,0
20727,1336,1
20728,1348,1
20729,1355,0
20730,1353,1
20731,1344,-2
20732,1356,-1
20733,1338,0
20734,1333,3
20735,1319,1
20736,1318,-2
20737,1325,0
20738,1331,0
20739,1340,-1
20740,1349,-1
20741,1356,-2
20742,1354,-1
20743,1351,1
20744,1348,-2
20745,1351,-1
20746,1349,0
20747,1336,0
20748,1338,-1
20749,1328,-2
20750,1328,-2
20751,1315,0
20752,1315,1
20753,1330,-2
20754,1345,-2
20755,1348,-3
20756,1371,-1
20757,1355,1
20758,1354,-1
20759,1348,1
20760,1347,-1
20761,1333,1
20762,1327,1
20763,1326,0
20764,1323,1
20765,1321,-1
20766,1318,1
20767,1328,-2
20768,1330,-1
20769,1354,-1
20770,1360,1
20771,1355,-1
20772,1368,2
20773,1360,0
20774,1347,0
20775,1336,-1
20776,1327,-1
20777,1327,1
20778,1327,0
20779,1331,1
20780,1344,-1
20781,1336,1
20782,1338,1
20783,1339,1
20784,1347,-1
20785,1353,-1
20786,1346,0
20787,1349,1
20788,1359,0
20789,1342,1
20790,1330,-2
20791,1330,1
20792,1324,1
20793,1327,-1
20794,1330,0
20795,1334,1
20796,1353,0
20797,1336,0
20798,1345,0
20799,1341,-1
20800,1348,-1
20801,1354,0
20802,1342,1
20803,1351,-1
20804,1354,1
20805,1342,-2
20806,1327,2
20807,1330,-1
20808,1332,1
20809,1333,-1
20810,1326,0
20811,1331,-2
20812,1345,0
20813,1347,-1
20814,1341,0
20815,1340,0
20816,1348,1
20817,1348,-1
20818,1348,0
20819,1336,-2
20820,1347,-1
20821,1333,0
20822,1324,-1
20823,1318,-3
20824,1326,-1
20825,1327,-1
20826,1329,-1
20827,1348,-2
20828,1363,-2
20829,1349,-1
20830,1365,0
20831,1352,-2
20832,1348,0
20833,1348,0
20834,1343,0
20835,1324,0
20836,1327,1
20837,1323,-2
20838,1324,1
20839,1320,-1
20840,1324,1
20841,1337,0
20842,1341,2
20843,1354,-1
20844,1360,-2
20845,1355,1
20846,1348,0
20847,1338,0
20848,1340,-1
20849,1321,-1
20850,1327,-1
20851,1321,-1
20852,1331,0
20853,1324,1
20854,1330,-1
20855,1333,-2
20856,1341,-2
20857,1353,-1
20858,1356,1
20859,1356,-1
20860,1359,-1
20861,1345,1
20862,1340,-2
20863,1327,0
20864,1321,-2
20865,1331,-1
20866,1328,-2
20867,1327,0
20868,1341,-1
20869,1341,-2
20870,1342,-2
20871,1340,-1
20872,1348,0
20873,1347,0
20874,1353,-1
20875,1347,-1
20876,1352,0
20877,1345,1
20878,1336,2
20879,1330,0
20880,1332,-3
20881,1326,0
20882,1334,0
20883,1333,0
20884,1350,-2
20885,1343,-2
20886,1345,0
20887,1347,1
20888,1345,-2
20889,1342,0
20890,1348,1
20891,1338,-1
20892,1352,-2
20893,1340,-2
20894,1333,2
20895,1326,-2
20896,1332,-2
20897,1329,2
20898,1322,-2
20899,1338,0
20900,1347,0
20901,1350,1
20902,1342,-2
20903,1349,1
20904,1343,-2
20905,1356,0
20906,1359,-1
20907,1342,-3
20908,1345,-2
20909,1337,1
20910,1323,1
20911,1322,0
20912,1317,-1
20913,1332,-1
20914,1336,-2
20915,1342,-2
20916,1362,0
20917,1358,1
20918,1362,-2
20919,1356,1
20920,1352,-2
20921,1357,-1
20922,1337,0
20923,1337,-1
20924,1343,1
20925,1323,-1
20926,1321,-1
20927,1318,0
20928,1329,-2
20929,1345,1
20930,1354,-1
20931,1362,-2
20932,1370,-1
20933,1359,1
20934,1359,0
20935,1353,0
20936,1327,-2
20937,1334,-2
20938,1321,-2
20939,1320,-2
20940,1330,-1
20941,1325,0
20942,1333,0
20943,1341,1
20944,1340,-1
20945,1355,0
20946,1352,-1
20947,1355,0
20948,1370,1
20949,1347,1
20950,1345,0
20951,1324,-3
20952,1325,-1
20953,1320,1
20954,1322,0
20955,1321,-2
20956,1345,-1
20957,1342,-1
20958,1347,-1
20959,1351,-2
20960,1358,1
20961,1356,1
20962,1360,-2
20963,1350,-1
20964,1354,1
20965,1334,-2
20966,1339,-2
20967,1324,-1
20968,1321,-1
20969,1332,-2
20970,1336,-1
20971,1342,1
20972,1351,1
20973,1358,-1
20974,1351,1
20975,1345,-1
20976,1338,0
20977,1354,0
20978,1348,1
20979,1344,-1
20980,1348,-1
20981,1330,0
20982,1338,1
20983,1327,-2
20984,1327,0
20985,1329,-2
20986,1332,0
20987,1345,-2
20988,1356,-2
20989,1350,0
20990,1353,1
20991,1345,1
20992,1342,1
20993,1352,1
20994,1343,-3
20995,1334,-2
20996,1348,1
20997,1326,-2
20998,1338,-1
20999,1321,1
21000,1323,0
21001,1329,-1
21002,1345,-2
21003,1353,1
21004,1367,0
21005,1361,-2
21006,1356,-1
21007,1345,-1
21008,1336,1
21009,1343,1
21010,1339,2
21011,1329,-1
21012,1334,-1
21013,1326,0
21014,1324,-2
21015,1327,-1
21016,1339,0
21017,1356,1
21018,1355,1
21019,1364,-1
21020,1370,0
21021,1363,1
21022,1352,0
21023,1339,2
21024,1339,-1
21025,1335,-2
21026,1322,-2
21027,1328,-2
21028,1343,-1
21029,1329,1
21030,1342,-2
21031,1348,-2
21032,1350,-1
21033,1367,-2
21034,1367,0
21035,1360,1
21036,1363,1
21037,1356,0
21038,1332,-1
21039,1323,1
21040,1321,1
21041,1325,-1
21042,1327,-1
21043,1329,-2
21044,1341,-1
21045,1340,1
21046,1352,-2
21047,1350,-3
21048,1352,0
21049,1354,-2
21050,1354,0
21051,1342,-1
21052,1348,1
21053,1338,1
21054,1333,1
21055,1331,0
21056,1329,-2
21057,1340,-2
21058,1340,1
21059,1341,-2
21060,1369,-2
21061,1362,-1
21062,1351,1
21063,1344,1
21064,1353,-2
21065,1342,-2
21066,1353,-2
21067,1343,0
21068,1354,-1
21069,1340,1
21070,1332,-1
21071,1328,0
21072,1336,0
21073,1330,-1
21074,1340,-2
21075,1342,-2
21076,1346,-1
21077,1352,-2
21078,1336,-1
21079,1339,-2
21080,1350,1
21081,1344,-2
21082,1346,-1
21083,1339,0
21084,1348,-2
21085,1338,-2
21086,1324,-2
21087,1326,-1
21088,1330,-2
21089,1335,1
21090,1336,-2
21091,1350,-2
21092,1360,0
21093,1349,-2
21094,1353,-1
21095,1356,0
21096,1342,-2
21097,1345,-1
21098,1332,1
21099,1327,-1
21100,1338,-1
21101,1327,-2
21102,1324,1
21103,1324,0
21104,1325,0
21105,1353,1
21106,1360,2
21107,1356,0
21108,1368,-1
21109,1351,-1
21110,1354,-1
21111,1341,0
21112,1333,1
21113,1334,-1
21114,1325,0
21115,1330,-1
21116,1336,0
21117,1340,-3
21118,1336,1
21119,1340,0
21120,1351,0
21121,1356,1
21122,1354,0
21123,1362,0
21124,1365,1
21125,1356,-1
21126,1333,0
21127,1324,-1
21128,1312,-1
21129,1325,0
21130,1321,-2
21131,1332,0
21132,1353,1
21133,1343,0
21134,1351,1
21135,1345,-2
21136,1346,-2
21137,1342,-1
21138,1348,0
21139,1345,1
21140,1351,-1
21141,1338,1
21142,1324,1
21143,1331,1
21144,1333,-2
21145,1333,-3
21146,1337,0
21147,1346,0
21148,1356,1
21149,1342,1
21150,1348,0
21151,1341,-1
21152,1343,-2
21153,1342,0
21154,1345,-2
21155,1346,1
21156,1346,0
21157,1335,-1
21158,1330,-1
21159,1325,0
21160,1334,1
21161,1339,1
21162,1331,0
21163,1333,0
21164,1356,1
21165,1352,-2
21166,1340,-2
21167,1345,0
21168,1349,0
21169,1354,2
21170,1348,1
21171,1342,-1
21172,1346,-4
21173,1340,1
21174,1325,0
21175,1325,1
21176,1325,0
21177,1336,0
21178,1343,1
21179,1339,1
21180,1355,0
21181,1355,0
21182,1356,-1
21183,1359,1
21184,1346,1
21185,1340,-1
21186,1345,-2
21187,1336,1
21188,1326,-1
21189,1326,1
21190,1318,1
21191,1321,0
21192,1336,-2
21193,1342,-1
21194,1347,-2
21195,1359,-1
21196,1363,1
21197,1361,0
21198,1358,-1
21199,1333,-1
21200,1330,-1
21201,1334,0
21202,1331,-1
21203,1327,1
21204,1335,1
21205,1330,1
21206,1336,1
21207,1344,0
21208,1347,-1
21209,1365,0
21210,1366,-1
21211,1360,1
21212,1368,-2
21213,1349,-1
21214,1328,0
21215,1322,-2
21216,1324,-1
21217,1318,1
21218,1324,1
21219,1328,-1
21220,1348,-2
21221,1349,1
21222,1352,-1
21223,1349,-1
21224,1353,-1
21225,1362,-1
21226,1357,-1
21227,1351,1
21228,1357,-2
21229,1335,-1
21230,1333,-1
21231,1321,1
21232,1333,-1
21233,1325,-2
21234,1339,-1
21235,1344,-1
21236,1358,1
21237,1354,-2
21238,1354,-2
21239,1349,-2
21240,1345,-1
21241,1342,1
21242,1354,-1
21243,1336,0
21244,1337,0
21245,1338,-1
21246,1333,-1
21247,1331,-1
21248,1336,1
21249,1327,-1
21250,1330,0
21251,1346,-1
21252,1360,2
21253,1360,-1
21254,1349,1
21255,1343,0
21256,1348,-1
21257,1347,0
21258,1348,-2
21259,1347,1
21260,1351,1
21261,1330,-2
21262,1335,0
21263,1319,0
21264,1330,-1
21265,1342,0
21266,1351,-1
21267,1348,-2
21268,1362,-2
21269,1358,-1
21270,1359,1
21271,1342,-2
21272,1349,-2
21273,1340,-1
21274,1334,-1
21275,1322,2
21276,1321,0
21277,1325,0
21278,1321,-1
21279,1336,-1
21280,1343,-2
21281,1354,2
21282,1358,0
21283,1359,1
21284,1374,1
21285,1355,-1
21286,1354,0
21287,1336,0
21288,1328,-1
21289,1331,-2
21290,1318,-2
21291,1330,0
21292,1339,-1
21293,1351,1
21294,1345,1
21295,1343,1
21296,1361,0
21297,1371,-1
21298,1362,0
21299,1356,0
21300,1371,0
21301,1340,-1
21302,1330,0
21303,1320,2
21304,1324,-2
21305,1321,-2
21306,1322,0
21307,1335,0
21308,1354,-1
21309,1362,0
21310,1366,0
21311,1358,-1
21312,1376,1
21313,1370,-1
21314,1359,-2
21315,1342,-2
21316,1345,0
21317,1344,0
21318,1336,-2
21319,1321,-2
21320,1333,1
21321,1336,0
21322,1353,-1
21323,1355,0
21324,1374,-1
21325,1362,-1
21326,1356,-2
21327,1351,-2
21328,1339,1
21329,1341,-1
21330,1336,-1
21331,1330,1
21332,1351,-1
21333,1325,-2
21334,1330,0
21335,1327,-1
21336,1325,1
21337,1342,1
21338,1351,0
21339,1351,0
21340,1366,-1
21341,1365,0
21342,1342,0
21343,1345,-2
21344,1348,1
21345,1338,-1
21346,1344,-4
21347,1340,-1
21348,1348,-2
21349,1337,-1
21350,1332,-2
21351,1330,1
21352,1338,1
21353,1344,-2
21354,1351,0
21355,1363,-1
21356,1354,-1
21357,1351,-2
21358,1358,2
21359,1339,-2
21360,1339,1
21361,1333,-1
21362,1333,1
21363,1333,0
21364,1339,1
21365,1335,-1
21366,1329,-1
21367,1340,-1
21368,1342,-1
21369,1358,0
21370,1359,-1
21371,1354,1
21372,1365,-2
21373,1354,-2
21374,1339,0
21375,1333,1
21376,1329,-2
21377,1334,-1
21378,1326,-2
21379,1321,0
21380,1346,1
21381,1344,2
21382,1351,-1
21383,1342,-1
21384,1351,-1
21385,1362,1
21386,1348,-1
21387,1346,1
21388,1345,-2
21389,1336,0
21390,1332,2
21391,1315,1
21392,1327,0
21393,1324,0
21394,1337,0
21395,1342,0
21396,1368,-1
21397,1356,0
21398,1361,-2
21399,1359,-1
21400,1353,1
21401,1358,1
21402,1340,-1
21403,1342,-2
21404,1343,-1
21405,1329,0
21406,1333,1
21407,1328,-2
21408,1336,-1
21409,1330,0
21410,1356,1
21411,1350,1
21412,1371,-2
21413,1356,-1
21414,1350,2
21415,1337,-2
21416,1345,1
21417,1339,-1
21418,1339,1
21419,1335,-1
21420,1351,0
21421,1348,0
21422,1336,-1
21423,1333,1
21424,1333,-2
21425,1351,0
21426,1353,-1
21427,1343,-1
21428,1363,-1
21429,1345,-1
21430,1348,-2
21431,1343,1
21432,1345,-2
21433,1346,-1
21434,1339,-2
21435,1339,1
21436,1356,0
21437,1346,-2
21438,1334,-1
21439,1336,-2
21440,1340,-3
21441,1337,0
21442,1349,-2
21443,1339,1
21444,1362,1
21445,1362,-1
21446,1356,-1
21447,1342,0
21448,1334,0
21449,1345,1
21450,1345,0
21451,1328,1
21452,1338,1
21453,1327,0
21454,1339,-2
21455,1334,0
21456,1334,0
21457,1360,-2
21458,1356,0
21459,1362,1
21460,1375,1
21461,1358,-1
21462,1347,-2
21463,1336,0
21464,1327,-2
21465,1331,-1
21466,1322,1
21467,1324,1
21468,1339,0
21469,1339,1
21470,1346,1
21471,1351,1
21472,1356,-1
21473,1358,-2
21474,1361,1
21475,1352,-2
21476,1362,0
21477,1348,1
21478,1330,0
21479,1322,1
21480,1321,0
21481,1324,1
21482,1330,0
21483,1332,-2
21484,1354,-2
21485,1358,0
21486,1356,0
21487,1354,-2
21488,1352,-2
21489,1352,-1
21490,1350,-2
21491,1343,0
21492,1344,-1
21493,1324,-2
21494,1333,-2
21495,1332,0
21496,1333,-1
21497,1339,-2
21498,1337,-2
21499,1341,-1
21500,1368,-1
21501,1359,2
21502,1351,-1
21503,1349,-2
21504,1344,-1
21505,1342,1
21506,1336,1
21507,1330,1
21508,1342,-2
21509,1344,1
21510,1333,-2
21511,1327,2
21512,1335,1
21513,1345,-2
21514,1350,1
21515,1357,0
21516,1359,1
21517,1354,-1
21518,1359,0
21519,1346,1
21520,1345,-1
21521,1344,-1
21522,1342,-1
21523,1348,-1
21524,1344,-1
21525,1332,0
21526,1334,0
21527,1330,-2
21528,1329,0
21529,1354,1
21530,1352,-1
21531,1348,-2
21532,1357,-3
21533,1361,0
21534,1353,-1
21535,1348,-1
21536,1340,-1
21537,1329,-1
21538,1338,1
21539,1328,-2
21540,1330,1
21541,1330,-2
21542,1329,-1
21543,1344,-1
21544,1342,0
21545,1358,-1
21546,1355,-2
21547,1362,-1
21548,1368,-2
21549,1351,-2
21550,1349,-2
21551,1330,-1
21552,1328,-1
21553,1322,-2
21554,1330,0
21555,1330,0
21556,1344,1
21557,1338,-1
21558,1353,-1
21559,1348,1
21560,1350,0
21561,1359,-1
21562,1359,0
21563,1345,0
21564,1354,-2
21565,1340,-2
21566,1328,0
21567,1322,-1
21568,1326,-2
21569,1333,2
21570,1327,0
21571,1342,1
21572,1362,-2
21573,1356,-1
21574,1365,1
21575,1362,1
21576,1359,1
21577,1360,1
21578,1351,0
21579,1333,0
21580,1342,0
21581,1327,1
21582,1329,-2
21583,1322,1
21584,1322,0
21585,1339,0
21586,1342,1
21587,1351,0
21588,1367,0
21589,1368,-2
21590,1356,0
21591,1350,1
21592,1351,-1
21593,1341,1
21594,1331,1
21595,1328,-1
21596,1349,0
21597,1336,1
21598,1334,-2
21599,1342,-1
21600,1348,2
21601,1352,0
21602,1354,-2
21603,1360,-2
21604,1373,-2
21605,1362,0
21606,1352,0
21607,1342,-1
21608,1343,1
21609,1342,1
21610,1340,1
21611,1339,1
21612,1343,0
21613,1337,0
21614,1332,0
21615,1338,-1
21616,1345,-2
21617,1349,1
21618,1356,-2
21619,1357,0
21620,1365,1
21621,1366,0
21622,1358,-2
21623,1337,1
21624,1332,-3
21625,1336,0
21626,1333,1
21627,1329,0
21628,1342,-2
21629,1334,-1
21630,1350,1
21631,1339,-1
21632,1347,-2
21633,1361,0
21634,1356,0
21635,1368,-1
21636,1376,-2
21637,1357,-1
21638,1345,-1
21639,1331,0
21640,1318,1
21641,1333,1
21642,1327,0
21643,1331,-2
21644,1342,-1
21645,1357,1
21646,1358,-1
21647,1359,2
21648,1359,1
21649,1366,-2
21650,1367,1
21651,1359,0
21652,1356,-2
21653,1330,-2
21654,1325,2
21655,1319,-2
21656,1322,1
21657,1333,0
21658,1343,0
21659,1356,0
21660,1369,1
21661,1363,-2
21662,1367,-2
21663,1363,-1
21664,1345,-1
21665,1354,0
21666,1340,-2
21667,1336,-2
21668,1334,-2
21669,1325,0
21670,1321,0
21671,1336,0
21672,1339,-1
21673,1346,0
21674,1350,-2
21675,1365,1
21676,1375,-3
21677,1368,-2
21678,1361,1
21679,1347,1
21680,1346,-1
21681,1336,-2
21682,1327,0
21683,1335,-2
21684,1343,-1
21685,1344,0
21686,1346,-1
21687,1345,0
21688,1354,-2
21689,1362,0
21690,1364,1
21691,1353,0
21692,1354,0
21693,1348,2
21694,1350,-2
21695,1336,-3
21696,1330,0
21697,1336,-1
21698,1334,0
21699,1341,-2
21700,1342,-2
21701,1339,1
21702,1339,0
21703,1343,1
21704,1349,-2
21705,1349,0
21706,1356,1
21707,1347,-2
21708,1354,-1
21709,1354,1
21710,1345,-2
21711,1340,0
21712,1336,-3
21713,1339,-1
21714,1345,-1
21715,1330,-2
21716,1346,0
21717,1347,-1
21718,1346,-1
21719,1348,-1
21720,1352,1
21721,1354,1
21722,1365,-1
21723,1360,1
21724,1366,-2
21725,1351,-1
21726,1342,-2
21727,1333,3
21728,1323,2
21729,1335,1
21730,1336,1
21731,1341,-2
21732,1347,0
21733,1350,0
21734,1360,0
21735,1354,-2
21736,1351,-2
21737,1353,0
21738,1356,-2
21739,1352,-2
21740,1352,1
21741,1336,-1
21742,1321,0
21743,1333,-1
21744,1328,-1
21745,1342,1
21746,1342,0
21747,1348,1
21748,1367,-2
21749,1351,-2
21750,1363,-1
21751,1348,-2
21752,1359,0
21753,1354,-1
21754,1340,0
21755,1333,1
21756,1342,1
21757,1330,-1
21758,1335,1
21759,1335,1
21760,1344,-2
21761,1349,-1
21762,1359,-2
21763,1355,-1
21764,1368,0
21765,1365,-1
21766,1348,-2
21767,1348,0
21768,1340,0
21769,1339,0
21770,1342,1
21771,1340,-2
21772,1353,-1
21773,1348,0
21774,1343,-1
21775,1341,-1
21776,1351,-3
21777,1356,-1
21778,1362,1
21779,1359,-2
21780,1350,-2
21781,1349,0
21782,1345,1
21783,1342,0
21784,1339,-1
21785,1341,1
21786,1345,0
21787,1343,-1
21788,1348,-2
21789,1335,-1
21790,1330,-1
21791,1337,2
21792,1346,-2
21793,1346,1
21794,1345,0
21795,1348,0
21796,1361,-1
21797,1353,0
21798,1356,1
21799,1345,0
21800,1345,-1
21801,1350,-3
21802,1351,-2
21803,1339,-1
21804,1339,0
21805,1334,-2
21806,1341,1
21807,1345,-2
21808,1347,-1
21809,1361,0
21810,1359,-2
21811,1362,-2
21812,1373,0
21813,1361,-2
21814,1349,0
21815,1339,0
21816,1330,1
21817,1336,-2
21818,1332,-1
21819,1336,-2
21820,1342,-2
21821,1345,0
21822,1350,-2
21823,1360,1
21824,1360,1
21825,1360,-2
21826,1372,-1
21827,1353,1
21828,1348,0
21829,1339,0
21830,1325,1
21831,1327,-2
21832,1321,-2
21833,1330,-1
21834,1338,-1
21835,1354,1
21836,1369,-1
21837,1362,-2
21838,1365,1
21839,1362,1
21840,1359,1
21841,1356,1
21842,1339,-2
21843,1337,-1
21844,1337,0
21845,1335,-2
21846,1326,-2
21847,1330,-2
21848,1339,-2
21849,1349,-1
21850,1356,0
21851,1363,-2
21852,1365,1
21853,1371,0
21854,1358,1
21855,1353,0
21856,1343,1
21857,1350,1
21858,1332,-1
21859,1331,1
21860,1336,-1
21861,1332,-2
21862,1342,0
21863,1342,1
21864,1348,0
21865,1359,-3
21866,1362,0
21867,1356,0
21868,1367,1
21869,1357,-1
21870,1348,1
21871,1340,1
21872,1339,-2
21873,1339,0
21874,1342,0
21875,1324,-1
21876,1342,-2
21877,1343,1
21878,1342,0
21879,1348,-2
21880,1353,1
21881,1352,1
21882,1349,-1
21883,1359,-2
21884,1362,-1
21885,1359,-2
21886,1345,1
21887,1330,-1
21888,1333,1
21889,1337,-1
21890,1330,0
21891,1337,1
21892,1350,-1
21893,1345,0
21894,1348,-2
21895,1352,1
21896,1361,0
21897,1369,0
21898,1361,-1
21899,1356,1
21900,1359,0
21901,1354,1
21902,1341,0
21903,1334,0
21904,1336,-1
21905,1327,-2
21906,1333,1
21907,1339,0
21908,1351,0
21909,1358,-1
21910,1362,-1
21911,1365,-1
21912,1362,0
21913,1354,-2
21914,1365,0
21915,1345,-1
21916,1343,-1
21917,1328,-2
21918,1331,-2
21919,1329,0
21920,1322,0
21921,1336,0
21922,1342,-1
21923,1349,-2
21924,1369,0
21925,1377,1
21926,1356,-1
21927,1359,0
21928,1364,-2
21929,1352,-1
21930,1336,1
21931,1322,-2
21932,1333,-1
21933,1327,1
21934,1328,0
21935,1333,-1
21936,1336,0
21937,1359,0
21938,1361,-2
21939,1358,1
21940,1366,0
21941,1358,-1
21942,1361,1
21943,1351,0
21944,1338,0
21945,1330,-2
21946,1329,-1
21947,1330,-2
21948,1336,-2
21949,1342,-1
21950,1342,2
21951,1341,0
21952,1358,0
21953,1358,-2
21954,1355,-2
21955,1357,-1
21956,1358,0
21957,1345,0
21958,1345,-1
21959,1336,1
21960,1332,0
21961,1345,0
21962,1337,-1
21963,1345,0
21964,1351,0
21965,1345,0
21966,1339,0
21967,1351,-2
21968,1353,0
21969,1356,1
21970,1351,-2
21971,1350,-1
21972,1354,0
21973,1354,0
21974,1346,-1
21975,1338,-2
21976,1336,-2
21977,1338,-1
21978,1348,0
21979,1342,-2
21980,1344,1
21981,1345,1
21982,1350,-2
21983,1353,0
21984,1348,-2
21985,1361,0
21986,1359,0
21987,1362,-1
21988,1354,-1
21989,1341,-1
21990,1341,-2
21991,1332,-2
21992,1329,0
21993,1336,1
21994,1339,0
21995,1341,1
21996,1351,1
21997,1351,-1
21998,1362,-1
21999,1361,0
22000,1357,1
22001,1362,1
22002,1348,-1
22003,1343,0
22004,1339,1
22005,1334,0
22006,1325,-2
22007,1324,-2
22008,1327,1
22009,1333,1
22010,1342,-1
22011,1354,-1
22012,1376,-1
22013,1361,1
22014,1367,1
22015,1359,-1
22016,1355,0
22017,1338,0
22018,1334,-2
22019,1338,0
22020,1336,0
22021,1322,0
22022,1330,1
22023,1333,-2
22024,1337,0
22025,1354,0
22026,1356,0
22027,1371,-2
22028,1374,0
22029,1354,-2
22030,1354,-2
22031,1345,0
22032,1335,0
22033,1339,1
22034,1332,0
22035,1334,0
22036,1347,1
22037,1340,-2
22038,1344,0
22039,1348,-1
22040,1352,1
22041,1366,-1
22042,1362,-2
22043,1351,1
22044,1352,1
22045,1347,0
22046,1345,1
22047,1328,0
22048,1334,0
22049,1343,1
22050,1336,-1
22051,1339,0
22052,1349,1
22053,1348,1
22054,1356,-1
22055,1348,-2
22056,1352,-2
22057,1356,1
22058,1359,0
22059,1350,1
22060,1357,0
22061,1354,0
22062,1338,0
22063,1328,0
22064,1330,-2
22065,1346,-1
22066,1330,0
22067,1330,1
22068,1351,-2
22069,1344,-2
22070,1351,-1
22071,1359,-2
22072,1355,-2
22073,1358,-2
22074,1354,0
22075,1348,-3
22076,1354,0
22077,1346,1
22078,1331,-1
22079,1328,-1
22080,1328,-4
22081,1325,-3
22082,1335,-1
22083,1341,-1
22084,1361,-2
22085,1368,-1
22086,1365,0
22087,1358,-1
22088,1361,-2
22089,1358,0
22090,1351,0
22091,1344,1
22092,1339,-2
22093,1335,0
22094,1330,-1
22095,1330,-2
22096,1326,1
22097,1335,1
22098,1349,0
22099,1356,-1
22100,1366,-2
22101,1365,0
22102,1356,-2
22103,1357,1
22104,1346,1
22105,1341,2
22106,1333,-2
22107,1318,-2
22108,1327,1
22109,1336,0
22110,1321,1
22111,1338,0
22112,1348,-1
22113,1368,0
22114,1367,-2
22115,1364,-1
22116,1370,0
22117,1359,-2
22118,1355,0
22119,1338,1
22120,1333,0
22121,1326,-3
22122,1320,-2
22123,1333,-1
22124,1347,0
22125,1346,-2
22126,1359,-1
22127,1352,-1
22128,1358,-1
22129,1360,0
22130,1359,-1
22131,1351,-2
22132,1357,1
22133,1351,1
22134,1339,-2
22135,1333,1
22136,1333,1
22137,1345,0
22138,1345,1
22139,1342,-2
22140,1351,-2
22141,1353,0
22142,1350,-1
22143,1344,-2
22144,1349,-2
22145,1358,-2
22146,1356,1
22147,1344,-2
22148,1354,1
22149,1353,-1
22150,1345,-1
22151,1335,0
22152,1342,0
22153,1343,-2
22154,1345,2
22155,1348,1
22156,1348,-2
22157,1356,1
22158,1356,1
22159,1346,-1
22160,1351,-2
22161,1360,1
22162,1359,0
22163,1355,1
22164,1359,1
22165,1346,-2
22166,1339,1
22167,1333,-2
22168,1339,0
22169,1342,0
22170,1346,-2
22171,1348,-1
22172,1354,-2
22173,1351,-1
22174,1349,-2
22175,1351,1
22176,1362,-1
22177,1355,0
22178,1346,-1
22179,1352,3
22180,1345,0
22181,1342,-1
22182,1335,1
22183,1335,0
22184,1333,0
22185,1339,-1
22186,1344,-2
22187,1356,0
22188,1365,-2
22189,1361,-2
22190,1358,-2
22191,1359,-2
22192,1352,0
22193,1339,0
22194,1347,-1
22195,1330,-1
22196,1343,1
22197,1336,0
22198,1329,-2
22199,1340,0
22200,1346,-1
22201,1354,-3
22202,1364,-2
22203,1354,-1
22204,1369,1
22205,1374,-2
22206,1353,-2
22207,1341,-1
22208,1340,-1
22209,1345,0
22210,1341,0
22211,1341,0
22212,1345,1
22213,1341,1
22214,1345,-2
22215,1353,-1
22216,1359,0
22217,1358,1
22218,1359,0
22219,1352,-1
22220,1370,-2
22221,1353,-1
22222,1349,-1
22223,1344,0
22224,1348,1
22225,1345,1
22226,1345,0
22227,1336,-1
22228,1344,0
22229,1351,-1
22230,1345,1
22231,1343,1
22232,1354,0
22233,1350,1
22234,1366,1
22235,1354,-1
22236,1355,-1
22237,1355,-2
22238,1338,0
22239,1347,-2
22240,1338,0
22241,1327,0
22242,1336,1
22243,1333,-1
22244,1347,-2
22245,1345,-4
22246,1348,-1
22247,1353,1
22248,1354,2
22249,1367,-2
22250,1357,-2
22251,1359,-1
22252,1345,1
22253,1348,-1
22254,1343,0
22255,1339,-1
22256,1331,1
22257,1331,0
22258,1333,0
22259,1342,0
22260,1353,-1
22261,1362,-2
22262,1365,-1
22263,1374,1
22264,1365,0
22265,1365,-2
22266,1345,-1
22267,1345,2
22268,1341,-2
22269,1331,1
22270,1318,-2
22271,1321,-1
22272,1323,-1
22273,1345,0
22274,1349,1
22275,1365,-2
22276,1376,-2
22277,1379,-1
22278,1372,-1
22279,1367,1
22280,1354,1
22281,1339,-1
22282,1336,-2
22283,1336,1
22284,1332,-1
22285,1322,-1
22286,1333,0
22287,1342,1
22288,1348,-1
22289,1362,0
22290,1368,3
22291,1374,1
22292,1379,1
22293,1368,1
22294,1362,0
22295,1340,-1
22296,1330,0
22297,1328,1
22298,1330,0
22299,1326,0
22300,1339,-1
22301,1348,-1
22302,1346,2
22303,1358,-1
22304,1367,-1
22305,1370,-1
22306,1362,0
22307,1356,1
22308,1362,-1
22309,1345,-2
22310,1326,-2
22311,1333,0
22312,1332,-2
22313,1337,-1
22314,1337,0
22315,1340,-1
22316,1357,2
22317,1360,-1
22318,1359,0
22319,1360,-1
22320,1354,-1
22321,1362,1
22322,1357,0
22323,1351,1
22324,1358,-2
22325,1342,-1
22326,1326,-1
22327,1335,-1
22328,1330,-2
22329,1336,1
22330,1345,-2
22331,1345,0
22332,1369,1
22333,1356,-1
22334,1364,-2
22335,1360,-1
22336,1357,1
22337,1356,0
22338,1353,0
22339,1340,-2
22340,1351,-2
22341,1336,-1
22342,1326,0
22343,1338,-2
22344,1328,0
22345,1354,0
22346,1347,0
22347,1362,1
22348,1371,0
22349,1371,0
22350,1368,0
22351,1374,-2
22352,1361,0
22353,1354,-1
22354,1347,-1
22355,1342,0
22356,1334,-1
22357,1322,-1
22358,1318,-2
22359,1327,-2
22360,1342,1
22361,1359,1
22362,1367,-2
22363,1366,0
22364,1375,1
22365,1368,-1
22366,1361,1
22367,1358,-1
22368,1339,1
22369,1329,-2
22370,1330,-1
22371,1326,0
22372,1332,-1
22373,1335,0
22374,1342,-1
22375,1353,0
22376,1359,1
22377,1371,-2
22378,1368,-2
22379,1368,1
22380,1365,0
22381,1359,0
22382,1342,1
22383,1336,0
22384,1320,-1
22385,1321,-2
22386,1328,-2
22387,1342,-2
22388,1356,0
22389,1354,-1
22390,1362,0
22391,1359,0
22392,1360,1
22393,1360,0
22394,1361,-2
22395,1349,-3
22396,1351,1
22397,1337,0
22398,1329,-1
22399,1330,-2
22400,1333,-3
22401,1352,1
22402,1346,-2
22403,1349,1
22404,1372,-2
22405,1362,1
22406,1362,0
22407,1356,2
22408,1351,-1
22409,1349,-1
22410,1350,-1
22411,1344,1
22412,1339,1
22413,1345,1
22414,1345,-2
22415,1352,0
22416,1352,1
22417,1347,1
22418,1351,-2
22419,1355,-1
22420,1368,1
22421,1360,-1
22422,1355,0
22423,1354,3
22424,1356,-1
22425,1353,-1
22426,1355,0
22427,1350,-1
22428,1357,-1
22429,1347,1
22430,1355,-1
22431,1336,-2
22432,1340,1
22433,1354,-2
22434,1351,-2
22435,1355,0
22436,1360,2
22437,1356,1
22438,1356,0
22439,1359,1
22440,1351,-1
22441,1354,0
22442,1348,-2
22443,1343,1
22444,1354,-1
22445,1339,-1
22446,1342,-1
22447,1342,1
22448,1348,-1
22449,1349,-1
22450,1360,-1
22451,1356,1
22452,1368,1
22453,1365,1
22454,1365,-2
22455,1359,0
22456,1348,-1
22457,1342,-1
22458,1333,1
22459,1338,1
22460,1350,1
22461,1331,1
22462,1345,-1
22463,1344,-2
22464,1356,-1
22465,1359,1
22466,1366,-1
22467,1363,-1
22468,1381,-2
22469,1364,2
22470,1345,-2
22471,1339,-2
22472,1334,0
22473,1342,0
22474,1337,1
22475,1341,1
22476,1348,-2
22477,1348,0
22478,1348,1
22479,1356,-1
22480,1354,1
22481,1359,-2
22482,1362,0
22483,1356,-1
22484,1354,1
22485,1346,-2
22486,1342,-1
22487,1345,1
22488,1348,-1
22489,1358,-2
22490,1347,-1
22491,1342,-1
22492,1357,1
22493,1349,0
22494,1357,0
22495,1350,-2
22496,1358,1
22497,1354,-2
22498,1360,-1
22499,1354,0
22500,1360,1
22501,1348,1
22502,1345,-3
22503,1345,1
22504,1333,-2
22505,1336,1
22506,1348,-1
22507,1351,-2
22508,1359,-3
22509,1354,-2
22510,1355,0
22511,1358,1
22512,1358,1
22513,1351,-1
22514,1360,0
22515,1350,1
22516,1354,1
22517,1343,1
22518,1343,-1
22519,1333,1
22520,1330,1
22521,1343,-1
22522,1349,-2
22523,1356,0
22524,1358,0
22525,1368,0
22526,1365,0
22527,1362,-2
22528,1364,1
22529,1354,-2
22530,1349,0
22531,1340,1
22532,1342,0
22533,1333,-1
22534,1334,0
22535,1333,0
22536,1343,0
22537,1349,0
22538,1361,1
22539,1370,-2
22540,1381,0
22541,1379,1
22542,1365,1
22543,1362,0
22544,1356,1
22545,1338,-1
22546,1331,0
22547,1330,1
22548,1339,1
22549,1338,1
22550,1345,-2
22551,1359,0
22552,1366,-2
22553,1368,-1
22554,1376,0
22555,1371,-1
22556,1373,-1
22557,1354,-2
22558,1348,1
22559,1331,1
22560,1324,-2
22561,1332,-2
22562,1332,-1
22563,1333,-1
22564,1344,1
22565,1351,1
22566,1364,-1
22567,1370,1
22568,1365,1
22569,1376,1
22570,1371,1
22571,1361,0
22572,1356,1
22573,1345,0
22574,1327,-1
22575,1333,0
22576,1333,1
22577,1342,-1
22578,1350,-2
22579,1354,1
22580,1371,-2
22581,1376,-2
22582,1362,-1
22583,1361,-1
22584,1366,-2
22585,1361,0
22586,1352,-2
22587,1342,1
22588,1345,-1
22589,1345,0
22590,1336,-1
22591,1333,0
22592,1333,-2
22593,1341,-1
22594,1347,1
22595,1359,2
22596,1374,0
22597,1369,-1
22598,1367,-2
22599,1358,-1
22600,1358,-1
22601,1363,0
22602,1349,1
22603,1331,1
22604,1357,-1
22605,1330,-2
22606,1339,0
22607,1339,-2
22608,1336,0
22609,1352,-2
22610,1358,0
22611,1368,-1
22612,1368,-2
22613,1356,1
22614,1360,1
22615,1362,-2
22616,1348,1
22617,1348,0
22618,1338,0
22619,1345,3
22620,1342,-1
22621,1335,-1
22622,1344,1
22623,1340,-2
22624,1355,1
22625,1362,1
22626,1364,0
22627,1374,0
22628,1373,0
22629,1366,1
22630,1361,-1
22631,1351,0
22632,1331,-2
22633,1330,1
22634,1340,0
22635,1333,-2
22636,1343,0
22637,1348,0
22638,1350,-1
22639,1359,0
22640,1362,1
22641,1375,0
22642,1369,1
22643,1367,-2
22644,1358,-1
22645,1347,-2
22646,1336,-1
22647,1329,0
22648,1325,0
22649,1331,1
22650,1339,1
22651,1343,-2
22652,1359,1
22653,1365,-2
22654,1373,0
22655,1362,0
22656,1359,0
22657,1364,0
22658,1357,-1
22659,1342,-1
22660,1351,-1
22661,1332,-1
22662,1336,-2
22663,1333,1
22664,1336,-2
22665,1345,-2
22666,1348,-1
22667,1348,1
22668,1368,1
22669,1368,-1
22670,1357,1
22671,1356,-2
22672,1354,0
22673,1351,-1
22674,1345,-2
22675,1333,-1
22676,1343,1
22677,1342,1
22678,1345,-2
22679,1345,1
22680,1342,-2
22681,1348,-3
22682,1357,1
22683,1349,-1
22684,1357,0
22685,1359,1
22686,1354,-1
22687,1351,0
22688,1347,-3
22689,1350,1
22690,1357,0
22691,1351,-1
22692,1354,1
22693,1356,0
22694,1349,-2
22695,1342,0
22696,1342,-1
22697,1342,1
22698,1357,1
22699,1356,1
22700,1362,2
22701,1362,-1
22702,1362,1
22703,1356,-4
22704,1358,2
22705,1354,1
22706,1346,-2
22707,1347,1
22708,1349,1
22709,1344,-1
22710,1332,-1
22711,1339,1
22712,1345,-1
22713,1354,-3
22714,1366,1
22715,1364,-2
22716,1380,-1
22717,1372,-2
22718,1364,-2
22719,1355,-1
22720,1348,-1
22721,1350,-2
22722,1333,0
22723,1342,4
22724,1344,1
22725,1343,-4
22726,1348,0
22727,1361,-2
22728,1365,-1
22729,1371,0
22730,1369,0
22731,1371,1
22732,1381,-2
22733,1352,3
22734,1343,-1
22735,1333,-1
22736,1330,-1
22737,1333,1
22738,1328,-2
22739,1348,-1
22740,1363,-2
22741,1362,0
22742,1361,-1
22743,1371,1
22744,1366,1
22745,1371,-2
22746,1369,-1
22747,1365,1
22748,1349,-1
22749,1345,0
22750,1336,-1
22751,1337,0
22752,1330,0
22753,1344,-2
22754,1349,0
22755,1354,-1
22756,1370,-2
22757,1366,1
22758,1365,1
22759,1354,1
22760,1361,-2
22761,1359,-2
22762,1351,1
22763,1352,-2
22764,1345,-1
22765,1347,-2
22766,1336,1
22767,1346,1
22768,1342,1
22769,1346,1
22770,1356,-1
22771,1363,0
22772,1373,0
22773,1362,-1
22774,1367,0
22775,1356,1
22776,1353,0
22777,1356,1
22778,1352,1
22779,1342,1
22780,1351,-1
22781,1341,0
22782,1334,1
22783,1339,-2
22784,1346,-2
22785,1350,-2
22786,1362,-1
22787,1359,1
22788,1368,1
22789,1367,-2
22790,1371,-2
22791,1349,2
22792,1351,-2
22793,1351,0
22794,1354,-2
22795,1338,1
22796,1345,-2
22797,1334,-1
22798,1337,-1
22799,1339,1
22800,1352,-1
22801,1364,1
22802,1370,-2
22803,1368,0
22804,1382,-2
22805,1371,-1
22806,1351,0
22807,1342,0
22808,1332,0
22809,1336,-2
22810,1325,-1
22811,1328,0
22812,1345,1
22813,1351,-2
22814,1359,-2
22815,1365,0
22816,1365,1
22817,1372,-2
22818,1365,1
22819,1364,-2
22820,1367,-1
22821,1351,1
22822,1330,0
22823,1327,0
22824,1327,1
22825,1337,-1
22826,1343,0
22827,1356,1
22828,1378,-1
22829,1369,0
22830,1370,0
22831,1369,1
22832,1368,1
22833,1353,-2
22834,1349,0
22835,1347,1
22836,1339,1
22837,1336,0
22838,1329,1
22839,1340,0
22840,1345,0
22841,1354,0
22842,1363,-2
22843,1366,-2
22844,1376,0
22845,1376,0
22846,1366,1
22847,1358,-2
22848,1349,1
22849,1351,1
22850,1345,-1
22851,1343,1
22852,1345,0
22853,1348,-1
22854,1348,2
22855,1346,-1
22856,1354,1
22857,1362,-1
22858,1358,2
22859,1362,-1
22860,1370,0
22861,1356,1
22862,1354,1
22863,1350,0
22864,1346,1
22865,1348,-1
22866,1343,1
22867,1348,1
22868,1357,-2
22869,1356,0
22870,1350,0
22871,1351,0
22872,1345,-1
22873,1360,-2
22874,1358,-1
22875,1356,0
22876,1359,-2
22877,1357,-1
22878,1355,-2
22879,1351,1
22880,1352,0
22881,1354,1
22882,1365,-1
22883,1345,-2
22884,1345,-2
22885,1343,1
22886,1353,-1
22887,1352,-1
22888,1352,-1
22889,1351,0
22890,1371,0
22891,1362,1
22892,1364,-1
22893,1364,1
22894,1354,0
22895,1351,-2
22896,1345,1
22897,1348,0
22898,1347,0
22899,1348,1
22900,1349,-1
22901,1344,-3
22902,1348,-1
22903,1360,-1
22904,1362,1
22905,1359,0
22906,1365,1
22907,1354,-3
22908,1380,0
22909,1360,-2
22910,1334,-2
22911,1342,1
22912,1342,1
22913,1346,1
22914,1344,-2
22915,1342,-2
22916,1362,-1
22917,1360,-1
22918,1356,1
22919,1358,-1
22920,1365,-1
22921,1364,3
22922,1365,-2
22923,1351,1
22924,1355,1
22925,1352,-2
22926,1337,0
22927,1347,1
22928,1340,-2
22929,1347,0
22930,1354,-1
22931,1350,-1
22932,1369,-1
22933,1358,1
22934,1358,1
22935,1367,-1
22936,1363,0
22937,1359,1
22938,1361,1
22939,1347,1
22940,1357,1
22941,1348,1
22942,1343,1
22943,1336,1
22944,1345,-1
22945,1346,-1
22946,1357,1
22947,1357,0
22948,1371,-1
22949,1364,-1
22950,1363,1
22951,1359,1
22952,1362,0
22953,1361,-1
22954,1352,0
22955,1348,-2
22956,1348,1
22957,1342,1
22958,1339,0
22959,1345,-2
22960,1343,1
22961,1355,-2
22962,1356,0
22963,1362,-2
22964,1375,-1
22965,1371,0
22966,1376,-1
22967,1357,-1
22968,1354,-2
22969,1358,-1
22970,1344,-3
22971,1339,2
22972,1334,-1
22973,1336,-4
22974,1336,-1
22975,1347,0
22976,1356,1
22977,1363,0
22978,1371,-1
22979,1377,0
22980,1380,-2
22981,1372,1
22982,1352,1
22983,1345,-1
22984,1337,0
22985,1325,-1
22986,1327,1
22987,1325,-2
22988,1339,-1
22989,1347,0
22990,1359,0
22991,1365,-2
22992,1371,0
22993,1391,1
22994,1381,-1
22995,1367,-1
22996,1359,-1
22997,1351,0
22998,1329,1
22999,1321,-1
23000,1327,0
23001,1321,0
23002,1333,-2
23003,1343,1
23004,1363,-2
23005,1373,1
23006,1374,0
23007,1380,-1
23008,1371,0
23009,1368,-1
23010,1359,0
23011,1349,0
23012,1343,-4
23013,1330,0
23014,1319,-1
23015,1329,-3
23016,1334,-2
23017,1348,1
23018,1369,-1
23019,1376,1
23020,1393,-1
23021,1387,0
23022,1371,-2
23023,1363,1
23024,1356,-2
23025,1357,0
23026,1339,-1
23027,1329,-1
23028,1339,1
23029,1337,0
23030,1342,-2
23031,1348,0
23032,1359,1
23033,1371,-1
23034,1375,1
23035,1376,1
23036,1377,0
23037,1373,-1
23038,1371,-1
23039,1345,-2
23040,1342,-1
23041,1339,1
23042,1339,0
23043,1338,1
23044,1345,0
23045,1348,1
23046,1344,0
23047,1362,-1
23048,1363,1
23049,1368,-1
23050,1368,2
23051,1365,1
23052,1367,-2
23053,1363,-1
23054,1350,0
23055,1349,-2
23056,1343,0
23057,1341,0
23058,1341,0
23059,1342,-1
23060,1342,-2
23061,1348,1
23062,1365,0
23063,1367,1
23064,1365,-2
23065,1374,-1
23066,1368,0
23067,1359,0
23068,1365,-2
23069,1356,-1
23070,1346,-1
23071,1341,2
23072,1342,-1
23073,1343,1
23074,1342,0
23075,1345,1
23076,1362,-2
23077,1371,-2
23078,1368,-1
23079,1367,1
23080,1371,-1
23081,1365,1
23082,1362,-1
23083,1354,-1
23084,1350,0
23085,1333,-2
23086,1331,-1
23087,1333,-1
23088,1335,2
23089,1348,0
23090,1354,1
23091,1361,0
23092,1370,1
23093,1375,1
23094,1377,-1
23095,1368,-2
23096,1364,-1
23097,1359,0
23098,1344,0
23099,1339,1
23100,1342,-1
23101,1337,-2
23102,1339,-2
23103,1339,1
23104,1348,0
23105,1361,-2
23106,1372,1
23107,1368,0
23108,1377,2
23109,1367,-1
23110,1356,-1
23111,1349,-2
23112,1350,1
23113,1349,1
23114,1344,1
23115,1341,-1
23116,1356,0
23117,1356,0
23118,1356,-1
23119,1359,-2
23120,1369,0
23121,1368,-1
23122,1363,-1
23123,1365,1
23124,1358,1
23125,1353,-1
23126,1355,1
23127,1350,-3
23128,1348,-1
23129,1351,1
23130,1356,-1
23131,1354,-1
23132,1365,-1
23133,1356,0
23134,1356,-2
23135,1348,0
23136,1359,-2
23137,1357,1
23138,1360,-1
23139,1354,-1
23140,1366,-1
23141,1360,0
23142,1354,0
23143,1352,1
23144,1358,-3
23145,1356,1
23146,1356,-1
23147,1351,-1
23148,1363,-2
23149,1351,0
23150,1347,-1
23151,1356,-3
23152,1356,-2
23153,1359,0
23154,1354,1
23155,1361,1
23156,1371,0
23157,1362,-1
23158,1356,1
23159,1354,2
23160,1345,-2
23161,1351,0
23162,1342,1
23163,1332,-2
23164,1350,0
23165,1352,-2
23166,1349,0
23167,1355,-1
23168,1358,1
23169,1367,1
23170,1367,-1
23171,1358,3
23172,1371,-2
23173,1356,0
23174,1347,-2
23175,1341,-1
23176,1344,-2
23177,1341,-1
23178,1342,0
23179,1345,-1
23180,1367,1
23181,1358,-1
23182,1365,-2
23183,1364,1
23184,1365,1
23185,1363,1
23186,1354,-2
23187,1348,0
23188,1343,1
23189,1335,0
23190,1339,0
23191,1336,-1
23192,1339,-1
23193,1355,1
23194,1356,-1
23195,1361,0
23196,1382,-2
23197,1363,1
23198,1372,1
23199,1363,2
23200,1362,-2
23201,1354,0
23202,1344,1
23203,1342,1
23204,1362,1
23205,1345,-1
23206,1348,1
23207,1349,1
23208,1351,0
23209,1358,1
23210,1360,-2
23211,1367,-2
23212,1373,-2
23213,1370,0
23214,1361,0
23215,1355,1
23216,1353,0
23217,1354,0
23218,1348,-1
23219,1353,1
23220,1347,-2
23221,1357,-2
23222,1348,-2
23223,1351,1
23224,1352,1
23225,1371,0
23226,1367,-1
23227,1362,-1
23228,1368,-2
23229,1366,-2
23230,1357,0
23231,1342,-2
23232,1353,0
23233,1353,0
23234,1348,-2
23235,1346,0
23236,1346,1
23237,1342,-1
23238,1359,-2
23239,1358,-1
23240,1357,0
23241,1370,0
23242,1382,-2
23243,1375,-2
23244,1374,-1
23245,1368,-3
23246,1349,-2
23247,1342,0
23248,1336,-1
23249,1330,2
23250,1336,-2
23251,1352,0
23252,1359,0
23253,1367,-2
23254,1359,-2
23255,1367,-1
23256,1376,0
23257,1373,0
23258,1371,-1
23259,1371,-2
23260,1359,-1
23261,1347,0
23262,1324,0
23263,1339,1
23264,1333,0
23265,1335,0
23266,1351,-1
23267,1369,0
23268,1383,1
23269,1384,1
23270,1379,0
23271,1374,-2
23272,1370,-2
23273,1357,-2
23274,1342,1
23275,1339,1
23276,1346,0
23277,1336,0
23278,1322,-1
23279,1330,1
23280,1345,1
23281,1368,-2
23282,1373,-2
23283,1380,1
23284,1389,-1
23285,1377,-3
23286,1375,-1
23287,1359,-2
23288,1351,0
23289,1339,-2
23290,1333,1
23291,1339,1
23292,1339,-1
23293,1333,1
23294,1349,-1
23295,1353,-1
23296,1359,1
23297,1374,0
23298,1381,1
23299,1368,-1
23300,1377,-2
23301,1362,-2
23302,1352,0
23303,1354,0
23304,1336,0
23305,1341,-1
23306,1339,-1
23307,1349,-1
23308,1358,0
23309,1365,-2
23310,1355,0
23311,1364,0
23312,1377,1
23313,1371,-1
23314,1368,-1
23315,1370,-1
23316,1368,3
23317,1358,1
23318,1355,0
23319,1348,-1
23320,1338,0
23321,1339,1
23322,1347,1
23323,1348,-2
23324,1350,-1
23325,1362,-2
23326,1362,0
23327,1364,-2
23328,1366,1
23329,1368,-1
23330,1363,0
23331,1358,0
23332,1364,1
23333,1352,-1
23334,1336,1
23335,1340,-1
23336,1341,0
23337,1339,0
23338,1341,-1
23339,1352,-1
23340,1374,0
23341,1373,-2
23342,1372,3
23343,1371,1
23344,1371,-1
23345,1369,1
23346,1365,-2
23347,1354,-2
23348,1344,1
23349,1345,-2
23350,1330,-2
23351,1337,-2
23352,1339,1
23353,1351,1
23354,1365,1
23355,1365,-1
23356,1375,-1
23357,1374,1
23358,1370,-2
23359,1366,1
23360,1358,1
23361,1354,1
23362,1339,1
23363,1337,-2
23364,1341,1
23365,1336,1
23366,1333,-2
23367,1341,0
23368,1360,-1
23369,1370,-2
23370,1374,1
23371,1377,1
23372,1379,-3
23373,1366,0
23374,1360,-2
23375,1350,-1
23376,1343,-1
23377,1337,1
23378,1340,0
23379,1343,1
23380,1353,1
23381,1353,0
23382,1354,-2
23383,1362,0
23384,1371,0
23385,1371,-1
23386,1370,0
23387,1359,1
23388,1370,-1
23389,1358,1
23390,1346,0
23391,1342,0
23392,1340,-1
23393,1349,-1
23394,1351,0
23395,1349,0
23396,1358,0
23397,1358,-2
23398,1361,-2
23399,1368,-1
23400,1357,0
23401,1362,0
23402,1356,0
23403,1358,-1
23404,1368,0
23405,1351,1
23406,1346,1
23407,1356,-1
23408,1345,1
23409,1351,1
23410,1347,1
23411,1348,-2
23412,1360,1
23413,1363,0
23414,1356,0
23415,1354,1
23416,1354,0
23417,1364,-2
23418,1363,1
23419,1363,-2
23420,1368,0
23421,1358,0
23422,1350,-1
23423,1349,0
23424,1348,1
23425,1343,1
23426,1350,0
23427,1348,1
23428,1357,0
23429,1362,1
23430,1364,-1
23431,1365,-1
23432,1365,-2
23433,1374,1
23434,1367,0
23435,1362,0
23436,1363,-2
23437,1345,-1
23438,1337,0
23439,1336,-2
23440,1334,0
23441,1348,1
23442,1349,-2
23443,1362,0
23444,1371,2
23445,1374,1
23446,1372,-2
23447,1386,-1
23448,1368,-2
23449,1355,1
23450,1356,-2
23451,1340,-1
23452,1348,-1
23453,1340,-1
23454,1333,-2
23455,1342,1
23456,1352,-1
23457,1369,1
23458,1361,-2
23459,1371,1
23460,1379,0
23461,1373,-1
23462,1362,-1
23463,1350,-1
23464,1348,-2
23465,1339,-1
23466,1336,-1
23467,1336,0
23468,1350,-1
23469,1345,-1
23470,1346,-1
23471,1358,0
23472,1361,-2
23473,1371,0
23474,1375,0
23475,1368,-1
23476,1365,-2
23477,1369,0
23478,1353,1
23479,1347,0
23480,1344,-1
23481,1339,-2
23482,1347,-1
23483,1348,-1
23484,1358,0
23485,1348,0
23486,1354,-1
23487,1359,-2
23488,1359,-2
23489,1371,-2
23490,1366,-1
23491,1362,0
23492,1365,-1
23493,1355,1
23494,1347,0
23495,1351,-1
23496,1345,-2
23497,1346,-1
23498,1350,1
23499,1344,1
23500,1362,-2
23501,1362,-2
23502,1367,1
23503,1366,-2
23504,1362,-1
23505,1356,1
23506,1363,-2
23507,1356,1
23508,1359,-2
23509,1352,-1
23510,1346,-1
23511,1342,-1
23512,1338,-2
23513,1344,-1
23514,1354,1
23515,1363,1
23516,1376,0
23517,1371,0
23518,1375,1
23519,1366,1
23520,1373,1
23521,1368,0
23522,1356,-1
23523,1358,-1
23524,1350,-2
23525,1339,0
23526,1336,0
23527,1340,1
23528,1341,1
23529,1355,1
23530,1361,-1
23531,1372,-1
23532,1383,-1
23533,1383,0
23534,1372,-1
23535,1373,0
23536,1365,0
23537,1353,2
23538,1345,-2
23539,1339,1
23540,1342,0
23541,1345,1
23542,1346,-2
23543,1345,1
23544,1365,-2
23545,1373,-1
23546,1380,-1
23547,1373,1
23548,1382,-1
23549,1372,0
23550,1362,-2
23551,1354,0
23552,1340,1
23553,1335,1
23554,1342,0
23555,1338,0
23556,1358,-1
23557,1360,-1
23558,1357,-1
23559,1368,0
23560,1374,-2
23561,1379,0
23562,1371,-2
23563,1356,-1
23564,1362,1
23565,1358,0
23566,1345,-1
23567,1329,-2
23568,1346,-1
23569,1354,-1
23570,1350,-4
23571,1351,-1
23572,1374,0
23573,1370,-2
23574,1368,1
23575,1363,-1
23576,1360,-1
23577,1365,-1
23578,1366,-1
23579,1355,0
23580,1354,-2
23581,1348,-1
23582,1349,0
23583,1344,1
23584,1349,0
23585,1352,0
23586,1360,1
23587,1355,-1
23588,1373,-1
23589,1365,-1
23590,1359,-2
23591,1359,-2
23592,1359,-2
23593,1363,1
23594,1362,-1
23595,1357,-1
23596,1364,0
23597,1356,0
23598,1356,-2
23599,1359,1
23600,1352,1
23601,1356,-2
23602,1357,-2
23603,1351,1
23604,1366,-1
23605,1362,-1
23606,1366,-2
23607,1367,1
23608,1366,0
23609,1362,-2
23610,1356,0
23611,1357,-2
23612,1354,-3
23613,1353,-1
23614,1351,-1
23615,1348,-2
23616,1343,-1
23617,1357,0
23618,1364,0
23619,1365,-1
23620,1374,0
23621,1377,-1
23622,1378,-1
23623,1365,-2
23624,1361,-2
23625,1359,-2
23626,1356,-1
23627,1347,0
23628,1354,-2
23629,1345,-1
23630,1340,-2
23631,1347,0
23632,1359,-2
23633,1372,1
23634,1377,1
23635,1383,1
23636,1375,-2
23637,1374,0
23638,1362,0
23639,1351,-2
23640,1341,-1
23641,1349,-1
23642,1349,1
23643,1344,1
23644,1348,1
23645,1354,-2
23646,1356,0
23647,1360,0
23648,1365,-1
23649,1374,1
23650,1374,-2
23651,1370,0
23652,1374,0
23653,1363,-2
23654,1356,-1
23655,1347,0
23656,1354,1
23657,1351,-2
23658,1343,-1
23659,1351,-1
23660,1356,0
23661,1358,-2
23662,1359,1
23663,1364,-1
23664,1361,0
23665,1371,1
23666,1365,0
23667,1364,0
23668,1362,0
23669,1356,0
23670,1359,-2
23671,1356,-2
23672,1354,0
23673,1347,0
23674,1345,-2
23675,1348,0
23676,1356,-1
23677,1362,1
23678,1356,-1
23679,1359,1
23680,1364,1
23681,1385,0
23682,1375,0
23683,1368,0
23684,1375,-1
23685,1354,-2
23686,1346,-1
23687,1344,0
23688,1341,1
23689,1343,-2
23690,1345,0
23691,1354,0
23692,1375,0
23693,1366,0
23694,1382,-2
23695,1383,-1
23696,1380,1
23697,1379,1
23698,1365,0
23699,1355,-1
23700,1350,-1
23701,1333,0
23702,1333,0
23703,1324,-2
23704,1342,3
23705,1358,-2
23706,1371,-2
23707,1380,-2
23708,1398,-2
23709,1387,1
23710,1386,1
23711,1376,-1
23712,1354,1
23713,1351,-2
23714,1346,-1
23715,1333,1
23716,1337,0
23717,1339,0
23718,1332,1
23719,1360,-1
23720,1374,-1
23721,1378,-2
23722,1388,-1
23723,1386,1
23724,1391,1
23725,1386,0
23726,1365,0
23727,1348,0
23728,1344,-2
23729,1333,-1
23730,1328,0
23731,1330,-1
23732,1341,-2
23733,1357,1
23734,1366,2
23735,1388,0
23736,1389,-2
23737,1386,0
23738,1383,-1
23739,1368,1
23740,1380,0
23741,1354,-2
23742,1342,1
23743,1340,1
23744,1332,1
23745,1333,0
23746,1351,1
23747,1348,0
23748,1373,0
23749,1380,-1
23750,1384,-3
23751,1381,-3
23752,1380,2
23753,1375,-2
23754,1374,0
23755,1368,-2
23756,1361,-2
23757,1342,0
23758,1342,-2
23759,1351,1
23760,1339,0
23761,1353,-2
23762,1360,-2
23763,1374,0
23764,1378,1
23765,1378,1
23766,1379,0
23767,1371,-1
23768,1369,0
23769,1367,-1
23770,1360,1
23771,1355,0
23772,1354,-2
23773,1346,-1
23774,1349,1
23775,1347,-2
23776,1348,-2
23777,1356,1
23778,1366,-1
23779,1370,-2
23780,1386,-1
23781,1373,-1
23782,1357,1
23783,1362,-2
23784,1361,1
23785,1365,1
23786,1357,0
23787,1351,1
23788,1354,-2
23789,1354,0
23790,1349,-1
23791,1354,0
23792,1362,-2
23793,1381,0
23794,1375,-2
23795,1377,0
23796,1384,1
23797,1372,-2
23798,1369,-1
23799,1361,0
23800,1349,-1
23801,1351,1
23802,1343,1
23803,1345,0
23804,1352,0
23805,1351,0
23806,1362,1
23807,1368,2
23808,1370,0
23809,1374,0
23810,1383,0
23811,1368,1
23812,1386,-2
23813,1366,-2
23814,1345,0
23815,1345,-2
23816,1338,0
23817,1347,-3
23818,1349,1
23819,1352,-2
23820,1371,-1
23821,1371,0
23822,1375,-1
23823,1377,-1
23824,1380,0
23825,1373,1
23826,1368,-1
23827,1359,0
23828,1366,-1
23829,1351,-1
23830,1349,0
23831,1348,1
23832,1350,0
23833,1365,0
23834,1355,-1
23835,1360,1
23836,1379,1
23837,1374,0
23838,1372,0
23839,1367,0
23840,1363,-2
23841,1360,2
23842,1362,1
23843,1358,2
23844,1362,0
23845,1356,0
23846,1362,1
23847,1358,2
23848,1361,-2
23849,1359,-2
23850,1360,-1
23851,1359,0
23852,1371,-2
23853,1359,-1
23854,1356,0
23855,1355,-1
23856,1360,0
23857,1366,0
23858,1364,0
23859,1363,0
23860,1378,-1
23861,1365,0
23862,1364,0
23863,1356,1
23864,1352,-1
23865,1354,-2
23866,1356,1
23867,1348,1
23868,1365,-1
23869,1360,1
23870,1368,0
23871,1364,0
23872,1371,-2
23873,1367,-1
23874,1366,1
23875,1362,-1
23876,1366,0
23877,1355,-3
23878,1351,-1
23879,1346,-1
23880,1349,0
23881,1353,0
23882,1360,-2
23883,1378,1
23884,1382,0
23885,1385,0
23886,1371,-2
23887,1363,-2
23888,1362,0
23889,1366,1
23890,1349,0
23891,1347,1
23892,1354,-2
23893,1339,1
23894,1334,1
23895,1353,-1
23896,1359,0
23897,1370,0
23898,1377,0
23899,1379,-1
23900,1388,-2
23901,1377,-2
23902,1356,0
23903,1345,0
23904,1344,1
23905,1349,-1
23906,1341,0
23907,1344,0
23908,1345,0
23909,1349,0
23910,1359,-2
23911,1359,-2
23912,1374,-1
23913,1375,-2
23914,1374,0
23915,1362,0
23916,1378,0
23917,1365,1
23918,1349,-2
23919,1338,-1
23920,1341,1
23921,1343,1
23922,1348,-1
23923,1354,-1
23924,1362,0
23925,1371,-1
23926,1368,-1
23927,1359,-1
23928,1368,0
23929,1377,1
23930,1370,-2
23931,1358,0
23932,1362,-1
23933,1362,-2
23934,1348,1
23935,1351,-1
23936,1347,-3
23937,1349,-1
23938,1368,1
23939,1359,0
23940,1373,-2
23941,1368,-2
23942,1362,0
23943,1376,0
23944,1371,1
23945,1366,-1
23946,1359,1
23947,1361,-2
23948,1360,2
23949,1345,0
23950,1345,-1
23951,1351,1
23952,1342,-2
23953,1346,-2
23954,1356,-1
23955,1362,1
23956,1386,0
23957,1380,0
23958,1382,1
23959,1370,-1
23960,1371,-2
23961,1360,-1
23962,1354,-2
23963,1350,1
23964,1357,-2
23965,1341,-2
23966,1341,-1
23967,1349,1
23968,1354,1
23969,1360,1
23970,1368,1
23971,1389,-1
23972,1396,-1
23973,1383,1
23974,1378,2
23975,1365,-1
23976,1354,0
23977,1347,0
23978,1341,-2
23979,1340,0
23980,1339,0
23981,1351,0
23982,1348,-2
23983,1357,1
23984,1373,1
23985,1382,0
23986,1392,1
23987,1386,2
23988,1389,1
23989,1369,-1
23990,1348,-2
23991,1341,-1
23992,1342,1
23993,1335,0
23994,1337,-2
23995,1347,-2
23996,1357,-2
23997,1368,-2
23998,1381,1
23999,1377,0
