Index,TemperatureRaw16,VGNDRaw16
0,-69,-2
1,-80,0
2,-103,-1
3,-110,0
4,-105,0
5,-117,-1
6,-105,2
7,-91,1
8,-90,1
9,-86,1
10,-94,0
11,-71,1
12,-74,0
13,-74,-1
14,-79,-2
15,-83,1
16,-95,-1
17,-100,-1
18,-115,-2
19,-118,-1
20,-105,0
21,-102,1
22,-101,-2
23,-74,-1
24,-73,-1
25,-71,0
26,-81,0
27,-81,1
28,-80,-2
29,-86,-2
30,-90,-3
31,-92,-1
32,-89,1
33,-99,1
34,-104,-1
35,-98,-1
36,-100,0
37,-86,-1
38,-74,0
39,-86,0
40,-67,-1
41,-71,0
42,-84,-1
43,-90,-1
44,-78,0
45,-85,0
46,-87,1
47,-93,2
48,-97,-2
49,-105,0
50,-105,1
51,-104,-2
52,-95,-1
53,-86,-1
54,-80,-1
55,-68,0
56,-77,-2
57,-74,-1
58,-80,0
59,-74,0
60,-76,-1
61,-83,-2
62,-97,1
63,-93,-2
64,-96,1
65,-112,1
66,-115,0
67,-95,1
68,-91,-1
69,-79,-1
70,-73,0
71,-62,-2
72,-64,-3
73,-71,-2
74,-97,-2
75,-95,-2
76,-92,-1
77,-112,-2
78,-112,-1
79,-119,-1
80,-107,1
81,-112,-2
82,-96,-1
83,-87,-1
84,-63,-1
85,-66,0
86,-59,-2
87,-61,-1
88,-71,-3
89,-83,-2
90,-111,0
91,-115,0
92,-124,-2
93,-116,-1
94,-116,1
95,-101,-2
96,-89,-3
97,-77,-1
98,-75,-1
99,-77,1
100,-68,1
101,-70,-2
102,-83,2
103,-77,-1
104,-83,-2
105,-111,-2
106,-126,-2
107,-124,1
108,-119,0
109,-107,0
110,-95,0
111,-78,0
112,-68,-1
113,-65,1
114,-70,1
115,-77,-1
116,-78,-1
117,-89,-2
118,-92,0
119,-100,1
120,-104,1
121,-121,-2
122,-112,-1
123,-95,-2
124,-101,-1
125,-89,1
126,-67,-1
127,-65,-2
128,-60,-1
129,-71,0
130,-92,0
131,-89,0
132,-89,0
133,-102,-2
134,-115,-1
135,-95,1
136,-95,0
137,-104,0
138,-109,1
139,-92,-2
140,-84,0
141,-67,0
142,-72,0
143,-77,1
144,-77,1
145,-81,-2
146,-94,1
147,-99,1
148,-106,-1
149,-101,-1
150,-95,0
151,-87,1
152,-89,0
153,-91,-2
154,-93,0
155,-89,1
156,-86,-3
157,-83,0
158,-89,-2
159,-77,-1
160,-89,0
161,-86,0
162,-92,-2
163,-95,-3
164,-84,0
165,-96,1
166,-89,0
167,-80,1
168,-92,0
169,-104,-2
170,-107,-3
171,-96,-1
172,-84,-1
173,-84,1
174,-77,0
175,-76,-1
176,-73,-2
177,-85,0
178,-91,-1
179,-98,-1
180,-100,-1
181,-108,0
182,-101,1
183,-95,1
184,-92,-1
185,-98,-1
186,-98,0
187,-86,0
188,-80,0
189,-76,-2
190,-86,0
191,-65,-2
192,-74,-1
193,-74,-1
194,-109,0
195,-101,1
196,-112,-1
197,-104,1
198,-105,-2
199,-102,-2
200,-94,-1
201,-77,0
202,-85,-3
203,-71,1
204,-71,0
205,-72,-2
206,-79,0
207,-80,-1
208,-101,-1
209,-109,-1
210,-107,0
211,-112,2
212,-112,0
213,-107,-1
214,-96,-2
215,-79,1
216,-74,1
217,-80,0
218,-79,0
219,-80,-2
220,-80,-2
221,-85,-2
222,-98,-2
223,-87,-1
224,-98,1
225,-104,0
226,-106,-2
227,-102,0
228,-93,1
229,-88,-2
230,-80,-3
231,-72,1
232,-68,-1
233,-75,-2
234,-89,-2
235,-83,1
236,-87,-2
237,-101,-1
238,-102,-2
239,-100,-1
240,-92,-2
241,-95,0
242,-109,-2
243,-95,-1
244,-93,-2
245,-84,-2
246,-90,-1
247,-81,-1
248,-78,0
249,-82,-1
250,-96,0
251,-104,-1
252,-89,0
253,-103,-1
254,-103,0
255,-93,-2
256,-96,0
257,-109,-1
258,-109,-1
259,-101,-1
260,-90,1
261,-86,0
262,-84,-1
263,-70,-1
264,-61,-1
265,-78,-1
266,-95,-2
267,-95,-2
268,-95,0
269,-104,-2
270,-98,-1
271,-97,0
272,-102,-3
273,-110,1
274,-97,0
275,-87,-1
276,-88,-2
277,-75,0
278,-73,-1
279,-67,-1
280,-71,0
281,-83,-3
282,-97,1
283,-104,-2
284,-119,0
285,-118,0
286,-119,0
287,-100,-2
288,-92,1
289,-92,-2
290,-89,-2
291,-78,-2
292,-53,-1
293,-68,0
294,-63,1
295,-75,1
296,-78,-2
297,-109,-1
298,-123,-3
299,-115,-1
300,-127,-2
301,-107,-2
302,-107,1
303,-86,1
304,-64,0
305,-67,-1
306,-74,-2
307,-65,-1
308,-60,-2
309,-77,-2
310,-98,-1
311,-104,-1
312,-120,-2
313,-118,1
314,-129,-1
315,-117,0
316,-108,-1
317,-88,-2
318,-75,-1
319,-60,1
320,-53,-1
321,-63,0
322,-78,-2
323,-83,1
324,-89,-1
325,-102,-1
326,-108,-2
327,-104,0
328,-107,-2
329,-110,-2
330,-115,-3
331,-98,-1
332,-78,-1
333,-68,-1
334,-68,1
335,-53,-3
336,-62,-1
337,-76,-1
338,-92,1
339,-96,-2
340,-108,1
341,-121,-1
342,-111,-1
343,-101,-2
344,-107,-1
345,-103,-2
346,-92,-2
347,-83,-2
348,-77,1
349,-70,1
350,-76,1
351,-75,-2
352,-80,0
353,-102,-2
354,-109,-2
355,-107,-2
356,-106,-1
357,-97,1
358,-109,-1
359,-86,0
360,-84,1
361,-86,-2
362,-99,0
363,-83,1
364,-74,0
365,-81,-1
366,-88,0
367,-81,-1
368,-86,-1
369,-100,-2
370,-109,-2
371,-113,-1
372,-98,-2
373,-98,-1
374,-95,0
375,-77,0
376,-79,0
377,-89,1
378,-89,0
379,-77,-1
380,-79,-2
381,-89,1
382,-80,-1
383,-77,0
384,-82,-1
385,-95,0
386,-105,-1
387,-100,-2
388,-101,-1
389,-102,-1
390,-96,2
391,-83,1
392,-80,0
393,-75,1
394,-86,0
395,-80,0
396,-83,-1
397,-77,-2
398,-85,1
399,-88,0
400,-94,-4
401,-110,-1
402,-112,-2
403,-109,-1
404,-101,-2
405,-92,0
406,-92,-2
407,-71,1
408,-73,-2
409,-77,-1
410,-89,0
411,-83,-2
412,-83,0
413,-92,-2
414,-95,-1
415,-102,-2
416,-112,-1
417,-99,1
418,-108,1
419,-100,-1
420,-89,-2
421,-81,-1
422,-76,0
423,-68,-1
424,-72,1
425,-82,-2
426,-86,-3
427,-83,0
428,-89,-2
429,-104,0
430,-114,1
431,-86,0
432,-90,-1
433,-92,-2
434,-90,-2
435,-95,-2
436,-82,1
437,-83,-2
438,-77,-2
439,-68,-1
440,-84,1
441,-93,-4
442,-101,-2
443,-102,1
444,-97,-2
445,-99,-1
446,-93,-2
447,-86,-1
448,-85,-1
449,-89,-2
450,-92,1
451,-80,-2
452,-92,-1
453,-95,0
454,-90,-2
455,-89,-2
456,-85,-2
457,-98,-2
458,-104,-3
459,-101,0
460,-93,1
461,-87,-2
462,-86,0
463,-83,-3
464,-92,-2
465,-95,-2
466,-94,0
467,-108,-2
468,-88,0
469,-93,1
470,-89,-1
471,-75,-1
472,-88,-1
473,-89,-2
474,-89,-1
475,-95,1
476,-85,-2
477,-93,1
478,-101,-2
479,-98,0
480,-87,-2
481,-93,-1
482,-101,-1
483,-99,1
484,-90,-1
485,-76,-4
486,-74,0
487,-68,1
488,-75,1
489,-82,-1
490,-94,-1
491,-102,0
492,-95,-1
493,-107,1
494,-101,1
495,-92,0
496,-96,-1
497,-89,0
498,-92,0
499,-77,-2
500,-73,-1
501,-73,-1
502,-77,0
503,-65,0
504,-83,1
505,-100,0
506,-116,-1
507,-111,-1
508,-117,-2
509,-101,1
510,-91,1
511,-72,1
512,-62,0
513,-74,1
514,-81,1
515,-76,0
516,-74,1
517,-89,1
518,-92,-1
519,-92,-2
520,-92,0
521,-105,-1
522,-128,-2
523,-110,-2
524,-92,-1
525,-86,1
526,-80,-1
527,-69,-1
528,-57,0
529,-73,0
530,-88,0
531,-91,0
532,-88,2
533,-91,-2
534,-102,-2
535,-89,-1
536,-87,1
537,-103,0
538,-112,0
539,-88,-1
540,-79,-2
541,-83,-1
542,-82,-2
543,-56,1
544,-72,-2
545,-82,0
546,-92,-2
547,-95,0
548,-95,-1
549,-101,-1
550,-104,-2
551,-92,-2
552,-89,0
553,-89,0
554,-100,0
555,-94,-2
556,-82,-1
557,-89,-1
558,-89,-2
559,-71,-2
560,-85,-2
561,-86,-1
562,-101,1
563,-102,-1
564,-95,-1
565,-94,-2
566,-97,-1
567,-79,1
568,-86,0
569,-84,0
570,-89,-1
571,-85,-1
572,-83,0
573,-77,0
574,-80,-1
575,-68,-2
576,-77,0
577,-90,1
578,-95,0
579,-101,-2
580,-95,-2
581,-99,-2
582,-92,-2
583,-89,-1
584,-83,1
585,-88,-2
586,-98,1
587,-89,-1
588,-84,0
589,-74,-2
590,-75,-1
591,-75,-1
592,-83,-1
593,-95,-2
594,-106,0
595,-109,1
596,-108,-1
597,-101,-1
598,-86,0
599,-81,-1
600,-76,0
601,-82,0
602,-89,1
603,-75,-1
604,-70,-1
605,-71,-2
606,-82,0
607,-89,0
608,-95,0
609,-103,-1
610,-110,0
611,-104,0
612,-103,0
613,-89,-1
614,-74,-2
615,-68,1
616,-68,-2
617,-71,-1
618,-80,-1
619,-80,0
620,-77,0
621,-104,-2
622,-100,-2
623,-98,-2
624,-102,0
625,-108,-1
626,-109,1
627,-95,0
628,-83,-1
629,-68,1
630,-77,-2
631,-60,-1
632,-65,-1
633,-78,1
634,-101,0
635,-109,-2
636,-96,0
637,-97,-1
638,-96,-2
639,-99,-1
640,-82,-2
641,-86,1
642,-91,-2
643,-78,0
644,-78,-1
645,-66,-1
646,-77,0
647,-69,-2
648,-78,-1
649,-95,4
650,-113,2
651,-110,0
652,-98,1
653,-103,-2
654,-89,-1
655,-81,0
656,-79,-2
657,-78,1
658,-97,-1
659,-83,2
660,-87,1
661,-86,0
662,-90,1
663,-84,-2
664,-88,-1
665,-95,0
666,-112,1
667,-109,0
668,-85,0
669,-93,0
670,-86,0
671,-69,0
672,-69,-2
673,-80,1
674,-97,-2
675,-86,-1
676,-93,0
677,-86,0
678,-95,0
679,-74,0
680,-83,1
681,-90,0
682,-98,-1
683,-87,2
684,-93,-1
685,-99,1
686,-83,0
687,-73,-1
688,-73,-1
689,-82,-2
690,-100,-2
691,-80,1
692,-84,-2
693,-82,-2
694,-81,-2
695,-80,0
696,-86,1
697,-99,1
698,-98,-2
699,-93,0
700,-106,-2
701,-100,-2
702,-82,-1
703,-79,0
704,-68,-1
705,-84,-1
706,-98,0
707,-84,-1
708,-77,1
709,-80,-2
710,-85,0
711,-85,0
712,-78,1
713,-93,-3
714,-102,0
715,-98,0
716,-94,-2
717,-83,0
718,-78,0
719,-70,-2
720,-73,0
721,-73,-1
722,-86,0
723,-81,-1
724,-94,-1
725,-95,0
726,-93,1
727,-90,1
728,-89,-3
729,-98,-1
730,-95,0
731,-89,0
732,-74,0
733,-83,0
734,-84,0
735,-68,0
736,-68,1
737,-82,-1
738,-98,0
739,-98,-1
740,-92,0
741,-92,1
742,-94,-2
743,-83,0
744,-74,-1
745,-84,-1
746,-94,-2
747,-83,-2
748,-69,-1
749,-70,-2
750,-79,0
751,-77,-1
752,-80,1
753,-91,-2
754,-108,-2
755,-105,1
756,-95,-1
757,-98,0
758,-93,1
759,-79,1
760,-77,0
761,-82,-2
762,-92,0
763,-88,-1
764,-83,1
765,-82,0
766,-95,-1
767,-74,1
768,-75,-4
769,-90,1
770,-109,-1
771,-98,-1
772,-107,0
773,-96,0
774,-98,0
775,-80,-2
776,-80,1
777,-99,0
778,-98,-1
779,-95,-1
780,-94,-1
781,-87,-1
782,-94,-1
783,-80,0
784,-85,-1
785,-87,0
786,-109,-3
787,-95,-1
788,-111,-2
789,-113,0
790,-107,-1
791,-91,-2
792,-99,1
793,-95,-2
794,-98,-1
795,-95,0
796,-86,-2
797,-102,-2
798,-106,0
799,-98,-2
800,-98,1
801,-115,1
802,-136,-1
803,-135,-1
804,-122,-2
805,-115,-2
806,-108,-1
807,-95,-2
808,-82,0
809,-86,-1
810,-100,-2
811,-99,0
812,-101,-3
813,-109,-2
814,-124,-2
815,-112,-1
816,-125,-2
817,-133,0
818,-150,-2
819,-131,0
820,-115,-1
821,-108,1
822,-99,-1
823,-89,0
824,-82,-2
825,-89,-2
826,-112,-2
827,-125,0
828,-124,-1
829,-131,-2
830,-137,1
831,-136,-2
832,-130,0
833,-127,-1
834,-135,-1
835,-125,1
836,-106,-1
837,-94,1
838,-88,-2
839,-81,1
840,-94,-2
841,-116,0
842,-145,1
843,-151,0
844,-137,0
845,-138,-1
846,-148,-1
847,-130,-2
848,-118,-1
849,-109,0
850,-122,-1
851,-110,-2
852,-99,1
853,-107,0
854,-114,-2
855,-110,0
856,-118,-1
857,-132,0
858,-157,0
859,-153,1
860,-143,-1
861,-140,1
862,-142,-1
863,-111,0
864,-103,-3
865,-104,0
866,-127,1
867,-115,0
868,-127,0
869,-123,-2
870,-122,-2
871,-120,-1
872,-138,0
873,-133,-2
874,-159,-1
875,-143,0
876,-131,0
877,-134,-2
878,-124,-2
879,-113,-2
880,-110,1
881,-120,-2
882,-138,0
883,-127,1
884,-124,-1
885,-140,-1
886,-142,1
887,-122,0
888,-127,-2
889,-141,-1
890,-154,0
891,-148,0
892,-134,-2
893,-128,-1
894,-132,-1
895,-121,0
896,-118,-2
897,-120,-2
898,-132,1
899,-120,-1
900,-133,0
901,-145,0
902,-139,1
903,-133,-2
904,-136,-1
905,-142,-1
906,-155,-1
907,-143,1
908,-143,-2
909,-133,-1
910,-124,1
911,-111,0
912,-108,-1
913,-119,0
914,-134,-1
915,-139,-1
916,-136,-1
917,-146,-1
918,-153,-1
919,-152,0
920,-136,-2
921,-145,1
922,-152,-3
923,-140,-2
924,-133,-1
925,-130,-2
926,-115,-1
927,-109,-1
928,-111,-2
929,-119,-2
930,-160,1
931,-154,0
932,-159,1
933,-151,0
934,-157,-1
935,-137,-2
936,-137,2
937,-141,1
938,-139,-2
939,-136,-1
940,-133,0
941,-130,0
942,-136,-2
943,-131,-2
944,-142,2
945,-152,-1
946,-172,-2
947,-173,0
948,-169,1
949,-159,0
950,-154,1
951,-138,0
952,-125,1
953,-120,0
954,-135,-2
955,-137,-2
956,-140,1
957,-143,1
958,-144,-1
959,-137,-1
960,-142,0
961,-160,0
962,-172,0
963,-160,0
964,-145,-2
965,-147,1
966,-141,0
967,-127,-1
968,-124,-1
969,-130,-1
970,-149,0
971,-154,-1
972,-145,-3
973,-156,-1
974,-157,-2
975,-149,1
976,-156,-2
977,-143,1
978,-165,0
979,-160,-1
980,-151,-1
981,-141,-2
982,-149,0
983,-136,0
984,-136,0
985,-149,1
986,-158,1
987,-160,-2
988,-154,1
989,-160,-1
990,-153,-1
991,-139,-1
992,-142,0
993,-158,-1
994,-172,-1
995,-163,-3
996,-154,0
997,-158,-1
998,-160,1
999,-132,1
1000,-140,-3
1001,-148,-1
1002,-148,-2
1003,-148,1
1004,-144,-2
1005,-155,-1
1006,-162,1
1007,-143,-1
1008,-153,1
1009,-163,1
1010,-182,1
1011,-160,-1
1012,-166,-1
1013,-154,1
1014,-145,0
1015,-127,-1
1016,-119,-2
1017,-137,0
1018,-163,1
1019,-157,1
1020,-158,-2
1021,-170,0
1022,-175,-1
1023,-158,-2
1024,-161,1
1025,-168,-2
1026,-172,-1
1027,-156,-1
1028,-146,-1
1029,-141,-2
1030,-136,1
1031,-124,-2
1032,-127,1
1033,-151,-2
1034,-183,0
1035,-181,0
1036,-177,0
1037,-182,-2
1038,-178,0
1039,-167,-1
1040,-166,-1
1041,-141,1
1042,-157,-2
1043,-150,0
1044,-145,-2
1045,-137,1
1046,-139,-2
1047,-141,-1
1048,-156,-2
1049,-175,0
1050,-181,1
1051,-175,-1
1052,-186,-2
1053,-186,-2
1054,-166,-1
1055,-143,0
1056,-138,0
1057,-147,1
1058,-152,-1
1059,-149,0
1060,-148,1
1061,-157,-1
1062,-158,-1
1063,-160,0
1064,-166,0
1065,-177,1
1066,-187,0
1067,-174,-1
1068,-169,1
1069,-164,-1
1070,-154,-2
1071,-134,-2
1072,-136,-2
1073,-149,-1
1074,-163,-1
1075,-164,0
1076,-163,-2
1077,-170,0
1078,-180,-2
1079,-164,0
1080,-154,0
1081,-160,-1
1082,-180,-2
1083,-168,0
1084,-162,1
1085,-154,0
1086,-159,-2
1087,-144,0
1088,-139,-2
1089,-155,-1
1090,-174,1
1091,-166,-2
1092,-167,-1
1093,-172,-2
1094,-173,1
1095,-159,0
1096,-150,0
1097,-158,-2
1098,-180,1
1099,-175,-1
1100,-160,-2
1101,-154,0
1102,-160,-1
1103,-148,-1
1104,-139,0
1105,-151,-2
1106,-157,1
1107,-169,0
1108,-158,-1
1109,-163,1
1110,-164,-1
1111,-161,-1
1112,-163,-2
1113,-172,0
1114,-189,-1
1115,-175,0
1116,-155,-1
1117,-148,0
1118,-150,1
1119,-137,1
1120,-131,0
1121,-148,1
1122,-169,-1
1123,-179,1
1124,-172,-2
1125,-172,-2
1126,-177,-1
1127,-165,0
1128,-167,-1
1129,-169,-1
1130,-177,0
1131,-160,-2
1132,-151,1
1133,-149,1
1134,-145,-2
1135,-130,-1
1136,-139,-2
1137,-160,1
1138,-184,-1
1139,-193,-2
1140,-185,1
1141,-186,0
1142,-182,0
1143,-166,-1
1144,-148,1
1145,-147,0
1146,-155,-2
1147,-157,0
1148,-143,0
1149,-152,-2
1150,-155,1
1151,-150,-2
1152,-165,-1
1153,-180,1
1154,-198,0
1155,-193,-1
1156,-177,-1
1157,-173,-2
1158,-163,1
1159,-144,-2
1160,-132,-2
1161,-144,-1
1162,-163,-2
1163,-157,-1
1164,-157,-1
1165,-166,0
1166,-169,-1
1167,-173,-2
1168,-181,-1
1169,-173,1
1170,-189,-2
1171,-177,-2
1172,-165,0
1173,-168,0
1174,-148,-1
1175,-132,0
1176,-136,-2
1177,-157,-2
1178,-174,-1
1179,-172,-1
1180,-169,0
1181,-170,-1
1182,-180,1
1183,-169,1
1184,-163,-2
1185,-162,0
1186,-183,-2
1187,-166,-2
1188,-156,0
1189,-163,0
1190,-164,0
1191,-149,-1
1192,-148,1
1193,-154,0
1194,-177,-1
1195,-177,0
1196,-166,0
1197,-174,0
1198,-168,1
1199,-161,-1
1200,-158,1
1201,-169,-1
1202,-186,-1
1203,-176,0
1204,-169,-2
1205,-163,-2
1206,-161,-1
1207,-154,0
1208,-145,0
1209,-151,-1
1210,-177,1
1211,-175,0
1212,-168,-1
1213,-175,-2
1214,-171,-1
1215,-172,0
1216,-169,-1
1217,-181,0
1218,-177,-2
1219,-174,0
1220,-169,1
1221,-166,0
1222,-160,0
1223,-134,0
1224,-140,0
1225,-156,1
1226,-186,-2
1227,-181,1
1228,-186,-2
1229,-191,1
1230,-189,-2
1231,-183,0
1232,-164,1
1233,-166,-2
1234,-184,0
1235,-154,0
1236,-151,-2
1237,-158,1
1238,-145,-2
1239,-137,1
1240,-158,1
1241,-172,-1
1242,-197,-2
1243,-200,-2
1244,-188,-1
1245,-191,1
1246,-191,-1
1247,-168,1
1248,-157,0
1249,-154,1
1250,-161,-2
1251,-148,1
1252,-145,0
1253,-157,-1
1254,-170,-2
1255,-166,1
1256,-169,1
1257,-189,-2
1258,-198,-1
1259,-201,0
1260,-186,3
1261,-178,0
1262,-167,-1
1263,-145,1
1264,-146,-1
1265,-150,0
1266,-164,3
1267,-167,0
1268,-175,-3
1269,-172,-1
1270,-189,-2
1271,-181,-1
1272,-175,-1
1273,-181,-1
1274,-192,0
1275,-179,-2
1276,-175,1
1277,-175,-2
1278,-150,-1
1279,-151,0
1280,-151,1
1281,-166,0
1282,-176,1
1283,-176,-1
1284,-184,-1
1285,-186,0
1286,-187,-1
1287,-170,-2
1288,-173,-2
1289,-173,1
1290,-195,0
1291,-178,0
1292,-171,-2
1293,-169,0
1294,-177,2
1295,-159,-2
1296,-159,-1
1297,-158,1
1298,-187,-1
1299,-181,-2
1300,-177,-2
1301,-176,1
1302,-181,1
1303,-166,0
1304,-168,0
1305,-182,-1
1306,-195,-2
1307,-187,-1
1308,-178,0
1309,-174,-1
1310,-175,-1
1311,-151,-1
1312,-148,0
1313,-169,-1
1314,-178,-3
1315,-192,-1
1316,-189,-1
1317,-179,0
1318,-181,0
1319,-184,-1
1320,-175,-1
1321,-186,0
1322,-195,0
1323,-177,-2
1324,-169,-2
1325,-175,-2
1326,-156,-1
1327,-153,0
1328,-146,-2
1329,-166,-2
1330,-192,-2
1331,-195,0
1332,-182,1
1333,-200,-2
1334,-200,-2
1335,-179,-1
1336,-171,-1
1337,-179,0
1338,-175,-3
1339,-162,1
1340,-157,-1
1341,-156,-1
1342,-157,-1
1343,-152,-2
1344,-169,-2
1345,-185,-1
1346,-207,-2
1347,-212,-1
1348,-201,-1
1349,-208,0
1350,-192,1
1351,-165,-1
1352,-149,1
1353,-151,-2
1354,-167,-1
1355,-157,1
1356,-151,-1
1357,-160,-1
1358,-179,1
1359,-175,0
1360,-188,0
1361,-194,1
1362,-205,1
1363,-203,0
1364,-195,-2
1365,-177,-2
1366,-172,0
1367,-151,-2
1368,-145,-1
1369,-144,1
1370,-171,1
1371,-175,0
1372,-172,0
1373,-190,-1
1374,-200,-2
1375,-195,-2
1376,-180,-1
1377,-193,-2
1378,-204,2
1379,-191,-1
1380,-173,-2
1381,-166,-1
1382,-169,-1
1383,-146,-2
1384,-151,-2
1385,-163,-2
1386,-183,0
1387,-189,-1
1388,-196,-2
1389,-189,-1
1390,-201,-1
1391,-186,-1
1392,-172,1
1393,-192,-1
1394,-190,1
1395,-181,-1
1396,-173,1
1397,-171,1
1398,-166,0
1399,-154,-2
1400,-153,-1
1401,-172,-2
1402,-197,-2
1403,-198,-1
1404,-180,-1
1405,-201,-1
1406,-189,0
1407,-183,0
1408,-173,1
1409,-189,0
1410,-197,-2
1411,-183,-2
1412,-175,0
1413,-171,-1
1414,-180,-2
1415,-154,1
1416,-156,0
1417,-170,-2
1418,-195,0
1419,-199,-2
1420,-192,0
1421,-198,-1
1422,-202,1
1423,-195,-1
1424,-180,1
1425,-184,1
1426,-191,2
1427,-188,3
1428,-170,-2
1429,-160,1
1430,-162,-1
1431,-163,-2
1432,-160,0
1433,-187,0
1434,-212,1
1435,-207,-2
1436,-198,-3
1437,-210,-2
1438,-203,-1
1439,-170,-1
1440,-170,0
1441,-163,0
1442,-179,-2
1443,-169,0
1444,-153,0
1445,-162,0
1446,-175,-3
1447,-177,1
1448,-197,0
1449,-213,1
1450,-224,-1
1451,-216,-1
1452,-207,0
1453,-189,-1
1454,-179,1
1455,-154,-1
1456,-139,-1
1457,-145,-1
1458,-167,0
1459,-172,-1
1460,-169,-2
1461,-192,-2
1462,-201,-2
1463,-198,1
1464,-198,-1
1465,-213,0
1466,-214,-1
1467,-207,-1
1468,-184,-2
1469,-169,-1
1470,-160,0
1471,-146,-1
1472,-142,-1
1473,-161,-2
1474,-182,-2
1475,-185,0
1476,-201,-1
1477,-208,-1
1478,-219,0
1479,-206,-1
1480,-190,1
1481,-195,-1
1482,-208,-2
1483,-177,0
1484,-161,-2
1485,-156,-1
1486,-154,1
1487,-148,-2
1488,-166,1
1489,-176,0
1490,-210,-1
1491,-204,0
1492,-199,0
1493,-203,-2
1494,-204,0
1495,-178,-2
1496,-170,1
1497,-176,0
1498,-185,1
1499,-184,0
1500,-164,1
1501,-173,0
1502,-168,1
1503,-172,0
1504,-179,0
1505,-197,-2
1506,-214,0
1507,-206,-2
1508,-195,-2
1509,-196,-1
1510,-189,0
1511,-174,-1
1512,-165,-1
1513,-167,-1
1514,-189,-1
1515,-180,-2
1516,-175,-3
1517,-183,1
1518,-191,1
1519,-172,-1
1520,-172,-1
1521,-191,0
1522,-213,0
1523,-209,-1
1524,-200,-1
1525,-192,-1
1526,-195,-2
1527,-173,1
1528,-165,-3
1529,-171,1
1530,-186,-2
1531,-188,0
1532,-178,0
1533,-181,-1
1534,-188,0
1535,-177,-1
1536,-177,0
1537,-198,0
1538,-208,-2
1539,-205,1
1540,-204,-1
1541,-201,-2
1542,-189,1
1543,-166,-2
1544,-166,-2
1545,-164,-2
1546,-180,-1
1547,-176,-2
1548,-167,1
1549,-183,-1
1550,-190,0
1551,-190,0
1552,-199,1
1553,-198,1
1554,-218,-1
1555,-204,-2
1556,-203,-1
1557,-187,-2
1558,-174,0
1559,-160,-1
1560,-158,-2
1561,-159,-1
1562,-181,-2
1563,-188,1
1564,-197,1
1565,-204,0
1566,-204,1
1567,-190,-2
1568,-189,0
1569,-206,-2
1570,-207,1
1571,-195,1
1572,-178,1
1573,-168,1
1574,-166,-1
1575,-154,0
1576,-163,0
1577,-188,-1
1578,-202,-2
1579,-213,-1
1580,-210,1
1581,-209,1
1582,-214,-2
1583,-193,1
1584,-174,-2
1585,-186,0
1586,-192,-2
1587,-177,-1
1588,-166,-2
1589,-172,1
1590,-187,-2
1591,-172,0
1592,-177,1
1593,-195,-2
1594,-225,-1
1595,-218,1
1596,-210,-1
1597,-202,-1
1598,-189,1
1599,-179,-2
1600,-177,-1
1601,-178,1
1602,-198,-1
1603,-188,-1
1604,-191,-2
1605,-199,1
1606,-192,-1
1607,-186,-2
1608,-182,-2
1609,-192,1
1610,-215,-2
1611,-205,-2
1612,-197,1
1613,-193,-1
1614,-194,1
1615,-181,-2
1616,-177,-1
1617,-186,0
1618,-206,0
1619,-204,0
1620,-198,-2
1621,-198,1
1622,-190,0
1623,-173,2
1624,-171,-1
1625,-186,-1
1626,-198,1
1627,-207,0
1628,-203,0
1629,-201,1
1630,-201,-4
1631,-189,1
1632,-175,0
1633,-193,-2
1634,-205,-1
1635,-187,1
1636,-178,-2
1637,-180,0
1638,-189,-1
1639,-175,0
1640,-183,-1
1641,-186,0
1642,-213,-2
1643,-220,-2
1644,-215,-2
1645,-201,0
1646,-201,0
1647,-178,-1
1648,-175,-1
1649,-177,-2
1650,-190,1
1651,-182,0
1652,-186,-1
1653,-195,-1
1654,-192,-2
1655,-183,0
1656,-186,-1
1657,-199,0
1658,-220,1
1659,-223,-3
1660,-201,-1
1661,-199,-1
1662,-187,0
1663,-170,1
1664,-172,1
1665,-170,-1
1666,-183,1
1667,-200,1
1668,-189,-3
1669,-206,-2
1670,-217,1
1671,-194,-2
1672,-193,0
1673,-208,-2
1674,-216,-1
1675,-210,1
1676,-192,-1
1677,-182,-1
1678,-174,-1
1679,-162,1
1680,-166,-1
1681,-180,-1
1682,-200,-2
1683,-216,-2
1684,-202,-2
1685,-217,-2
1686,-207,1
1687,-186,-1
1688,-181,-3
1689,-190,-3
1690,-209,-2
1691,-192,-1
1692,-194,1
1693,-192,1
1694,-186,-1
1695,-172,0
1696,-176,0
1697,-198,0
1698,-217,1
1699,-215,0
1700,-204,1
1701,-203,-2
1702,-210,-1
1703,-187,-3
1704,-191,0
1705,-186,-2
1706,-194,1
1707,-201,-2
1708,-201,-2
1709,-190,0
1710,-195,-1
1711,-179,-1
1712,-183,-4
1713,-202,-2
1714,-209,0
1715,-204,-2
1716,-202,-2
1717,-207,0
1718,-211,-1
1719,-195,-2
1720,-197,0
1721,-194,-1
1722,-207,-1
1723,-200,-1
1724,-190,0
1725,-193,0
1726,-192,-2
1727,-183,0
1728,-183,1
1729,-190,1
1730,-212,1
1731,-207,-1
1732,-216,-2
1733,-219,0
1734,-213,0
1735,-192,-3
1736,-191,-2
1737,-198,-1
1738,-196,-2
1739,-196,-2
1740,-188,0
1741,-183,-1
1742,-199,-1
1743,-182,-1
1744,-194,-3
1745,-204,-2
1746,-240,1
1747,-226,-1
1748,-217,-2
1749,-214,-3
1750,-207,1
1751,-180,-1
1752,-174,0
1753,-166,1
1754,-186,-2
1755,-192,0
1756,-189,-1
1757,-194,-3
1758,-207,0
1759,-198,1
1760,-210,-1
1761,-222,-1
1762,-234,1
1763,-220,-2
1764,-206,0
1765,-191,0
1766,-191,-2
1767,-164,-2
1768,-157,1
1769,-172,0
1770,-198,-2
1771,-200,0
1772,-210,-1
1773,-223,-3
1774,-225,1
1775,-200,1
1776,-208,-2
1777,-222,-2
1778,-218,-2
1779,-199,-2
1780,-192,-1
1781,-177,1
1782,-183,-2
1783,-159,-1
1784,-175,0
1785,-200,-2
1786,-219,0
1787,-228,2
1788,-227,-2
1789,-225,-2
1790,-220,1
1791,-203,1
1792,-207,-1
1793,-195,1
1794,-198,-2
1795,-189,0
1796,-187,0
1797,-185,-1
1798,-186,-1
1799,-184,-1
1800,-189,0
1801,-213,0
1802,-221,0
1803,-228,-2
1804,-218,1
1805,-219,1
1806,-210,0
1807,-188,-1
1808,-181,0
1809,-186,0
1810,-209,-1
1811,-203,1
1812,-199,0
1813,-196,1
1814,-193,-1
1815,-194,1
1816,-196,-1
1817,-210,0
1818,-221,-1
1819,-219,-1
1820,-213,1
1821,-209,0
1822,-209,0
1823,-192,-1
1824,-189,1
1825,-197,-2
1826,-210,-1
1827,-203,1
1828,-198,-2
1829,-201,-1
1830,-202,-2
1831,-190,1
1832,-195,1
1833,-207,0
1834,-222,0
1835,-225,-1
1836,-212,-2
1837,-212,-5
1838,-207,-2
1839,-180,1
1840,-182,1
1841,-192,-1
1842,-208,-2
1843,-194,1
1844,-192,1
1845,-199,1
1846,-205,-1
1847,-187,0
1848,-204,1
1849,-211,-1
1850,-229,-1
1851,-225,-1
1852,-211,-2
1853,-206,-2
1854,-191,1
1855,-177,0
1856,-172,-2
1857,-176,0
1858,-197,1
1859,-202,-2
1860,-201,-2
1861,-207,-2
1862,-216,1
1863,-208,-2
1864,-209,-1
1865,-221,-2
1866,-230,0
1867,-227,-1
1868,-200,0
1869,-195,-2
1870,-181,1
1871,-164,0
1872,-162,0
1873,-186,-1
1874,-210,-2
1875,-221,-2
1876,-222,0
1877,-231,-2
1878,-225,-1
1879,-216,0
1880,-207,-2
1881,-214,0
1882,-208,0
1883,-203,-2
1884,-187,-3
1885,-189,-1
1886,-182,-1
1887,-172,-2
1888,-175,-1
1889,-203,-2
1890,-228,2
1891,-234,-1
1892,-223,-2
1893,-227,-2
1894,-218,0
1895,-193,-1
1896,-195,-2
1897,-184,0
1898,-200,0
1899,-192,-1
1900,-180,-2
1901,-184,1
1902,-194,3
1903,-188,-2
1904,-197,-3
1905,-206,0
1906,-224,0
1907,-216,0
1908,-213,-1
1909,-218,1
1910,-208,-2
1911,-191,0
1912,-183,0
1913,-186,2
1914,-208,-2
1915,-203,0
1916,-196,1
1917,-197,-2
1918,-202,0
1919,-192,0
1920,-205,-2
1921,-208,-2
1922,-223,-1
1923,-219,2
1924,-210,1
1925,-208,-2
1926,-210,1
1927,-185,0
1928,-190,0
1929,-194,0
1930,-203,1
1931,-197,0
1932,-195,-1
1933,-194,-1
1934,-199,0
1935,-204,-2
1936,-204,1
1937,-221,-3
1938,-229,-2
1939,-231,-1
1940,-229,-1
1941,-212,0
1942,-201,0
1943,-181,1
1944,-187,0
1945,-186,-1
1946,-195,-1
1947,-189,1
1948,-192,2
1949,-203,1
1950,-211,-2
1951,-201,-2
1952,-225,0
1953,-226,-2
1954,-233,-2
1955,-231,0
1956,-201,-1
1957,-204,1
1958,-186,0
1959,-163,0
1960,-172,-1
1961,-169,1
1962,-199,-1
1963,-202,0
1964,-201,-2
1965,-222,1
1966,-232,1
1967,-222,-1
1968,-229,1
1969,-228,1
1970,-224,0
1971,-203,0
1972,-185,-2
1973,-172,0
1974,-178,0
1975,-158,-2
1976,-171,0
1977,-193,1
1978,-223,-2
1979,-230,0
1980,-228,0
1981,-240,-2
1982,-235,0
1983,-220,1
1984,-210,0
1985,-194,1
1986,-189,0
1987,-178,0
1988,-165,1
1989,-166,1
1990,-181,-2
1991,-177,-2
1992,-212,2
1993,-222,-1
1994,-240,-2
1995,-237,0
1996,-237,-2
1997,-223,0
1998,-216,-1
1999,-192,0
2000,-179,2
2001,-172,-2
2002,-177,0
2003,-184,-2
2004,-177,-1
2005,-185,0
2006,-202,0
2007,-218,-2
2008,-227,1
2009,-247,-2
2010,-237,-1
2011,-226,-2
2012,-218,-3
2013,-206,0
2014,-186,-1
2015,-160,-2
2016,-169,-1
2017,-164,-1
2018,-195,0
2019,-191,-2
2020,-193,1
2021,-208,-2
2022,-220,1
2023,-214,-2
2024,-222,-2
2025,-231,1
2026,-224,0
2027,-223,-1
2028,-194,-2
2029,-196,-2
2030,-198,-2
2031,-168,1
2032,-183,1
2033,-197,0
2034,-208,-1
2035,-212,1
2036,-215,2
2037,-219,0
2038,-226,-2
2039,-216,1
2040,-213,-1
2041,-210,0
2042,-217,-1
2043,-216,-1
2044,-195,-2
2045,-191,0
2046,-186,1
2047,-186,0
2048,-194,1
2049,-194,-1
2050,-210,-1
2051,-219,1
2052,-219,1
2053,-228,-2
2054,-216,1
2055,-203,0
2056,-211,-1
2057,-222,-1
2058,-219,0
2059,-210,-2
2060,-195,1
2061,-193,1
2062,-194,-1
2063,-173,1
2064,-192,-2
2065,-202,-2
2066,-213,0
2067,-222,-1
2068,-226,1
2069,-227,0
2070,-228,0
2071,-204,0
2072,-208,-2
2073,-200,-1
2074,-201,-2
2075,-185,1
2076,-180,-1
2077,-193,1
2078,-195,0
2079,-180,-1
2080,-209,0
2081,-216,-2
2082,-233,0
2083,-234,2
2084,-221,-1
2085,-225,-1
2086,-222,-2
2087,-191,-1
2088,-183,1
2089,-182,-1
2090,-194,1
2091,-195,-2
2092,-200,0
2093,-198,1
2094,-209,1
2095,-202,-1
2096,-226,-1
2097,-225,-3
2098,-234,-1
2099,-222,-1
2100,-222,1
2101,-192,-1
2102,-189,1
2103,-177,-2
2104,-181,-1
2105,-183,-1
2106,-203,2
2107,-200,0
2108,-212,-2
2109,-221,-1
2110,-223,0
2111,-214,-2
2112,-222,-1
2113,-213,1
2114,-227,0
2115,-219,-2
2116,-196,-1
2117,-196,-2
2118,-193,1
2119,-183,1
2120,-201,0
2121,-213,1
2122,-230,-1
2123,-221,-1
2124,-216,-1
2125,-223,-2
2126,-223,-2
2127,-199,-5
2128,-200,-1
2129,-195,1
2130,-213,-2
2131,-201,1
2132,-194,0
2133,-201,-1
2134,-207,1
2135,-204,1
2136,-209,-2
2137,-210,-2
2138,-231,0
2139,-222,-2
2140,-213,-1
2141,-207,0
2142,-207,-1
2143,-197,-2
2144,-199,2
2145,-213,1
2146,-223,-1
2147,-224,-3
2148,-214,-2
2149,-215,-2
2150,-207,-1
2151,-195,-1
2152,-209,1
2153,-199,-2
2154,-207,1
2155,-202,1
2156,-203,-2
2157,-203,-2
2158,-210,-1
2159,-204,-1
2160,-216,-2
2161,-222,0
2162,-233,-3
2163,-225,-1
2164,-213,0
2165,-204,-1
2166,-206,-2
2167,-183,1
2168,-188,-1
2169,-193,-2
2170,-210,1
2171,-207,-1
2172,-213,-2
2173,-219,-3
2174,-219,-2
2175,-222,0
2176,-226,1
2177,-221,2
2178,-219,1
2179,-211,0
2180,-207,0
2181,-195,-1
2182,-188,-1
2183,-172,1
2184,-188,0
2185,-193,-2
2186,-220,1
2187,-223,-1
2188,-217,-1
2189,-226,0
2190,-233,1
2191,-213,-1
2192,-208,0
2193,-203,0
2194,-204,0
2195,-212,-1
2196,-189,0
2197,-180,0
2198,-193,-1
2199,-198,1
2200,-212,-2
2201,-224,0
2202,-235,1
2203,-232,-1
2204,-226,1
2205,-222,-1
2206,-213,1
2207,-196,1
2208,-195,-2
2209,-198,1
2210,-202,-2
2211,-198,-2
2212,-183,0
2213,-200,1
2214,-204,-2
2215,-198,-2
2216,-222,-1
2217,-225,-1
2218,-227,1
2219,-228,-1
2220,-219,-1
2221,-217,1
2222,-203,-2
2223,-189,0
2224,-200,0
2225,-203,0
2226,-213,0
2227,-203,-1
2228,-204,-1
2229,-210,-1
2230,-213,0
2231,-205,-1
2232,-223,-1
2233,-223,1
2234,-231,0
2235,-225,-1
2236,-208,-2
2237,-203,0
2238,-209,-1
2239,-180,-1
2240,-191,0
2241,-203,0
2242,-206,-1
2243,-210,-1
2244,-204,-2
2245,-201,1
2246,-221,0
2247,-210,1
2248,-222,0
2249,-235,-2
2250,-237,0
2251,-227,1
2252,-210,-1
2253,-216,-2
2254,-208,-1
2255,-177,-1
2256,-190,0
2257,-188,0
2258,-207,1
2259,-211,-1
2260,-209,-2
2261,-229,-1
2262,-231,-1
2263,-217,0
2264,-232,1
2265,-234,-2
2266,-225,0
2267,-219,-1
2268,-191,-2
2269,-183,1
2270,-180,0
2271,-166,1
2272,-182,-2
2273,-192,0
2274,-224,1
2275,-228,-1
2276,-231,1
2277,-242,-1
2278,-240,0
2279,-222,-2
2280,-225,-2
2281,-216,-1
2282,-210,0
2283,-187,1
2284,-180,1
2285,-174,0
2286,-186,0
2287,-180,0
2288,-211,-2
2289,-223,-2
2290,-242,0
2291,-254,-1
2292,-249,-2
2293,-244,-1
2294,-231,0
2295,-199,-1
2296,-192,-1
2297,-184,-1
2298,-182,-1
2299,-186,-2
2300,-182,0
2301,-189,0
2302,-212,-1
2303,-202,-1
2304,-225,1
2305,-240,-2
2306,-250,-2
2307,-242,-1
2308,-227,0
2309,-216,0
2310,-196,0
2311,-180,0
2312,-177,-1
2313,-179,-2
2314,-195,0
2315,-204,-1
2316,-204,-1
2317,-223,-1
2318,-231,-1
2319,-220,-1
2320,-225,1
2321,-228,1
2322,-231,-2
2323,-222,-1
2324,-197,-1
2325,-190,-2
2326,-193,-2
2327,-168,1
2328,-187,-2
2329,-201,-1
2330,-212,1
2331,-223,-1
2332,-224,2
2333,-224,-1
2334,-229,0
2335,-218,1
2336,-218,-2
2337,-221,-2
2338,-221,0
2339,-211,-2
2340,-201,-1
2341,-198,0
2342,-195,-2
2343,-190,-1
2344,-199,1
2345,-212,-1
2346,-219,-1
2347,-218,1
2348,-217,-1
2349,-222,-2
2350,-216,1
2351,-200,-3
2352,-218,1
2353,-213,-2
2354,-222,0
2355,-218,-1
2356,-197,-1
2357,-198,-1
2358,-198,-2
2359,-180,-2
2360,-191,-1
2361,-204,-2
2362,-222,-1
2363,-231,-2
2364,-221,0
2365,-222,1
2366,-230,0
2367,-223,-2
2368,-219,0
2369,-210,2
2370,-221,-1
2371,-209,-2
2372,-201,0
2373,-197,1
2374,-178,0
2375,-186,-1
2376,-208,0
2377,-214,1
2378,-236,0
2379,-237,-2
2380,-233,-2
2381,-244,1
2382,-227,1
2383,-217,1
2384,-213,0
2385,-192,-2
2386,-200,0
2387,-195,0
2388,-182,0
2389,-186,-2
2390,-205,0
2391,-201,1
2392,-222,-1
2393,-238,2
2394,-245,-2
2395,-242,0
2396,-237,1
2397,-230,-3
2398,-216,0
2399,-179,-2
2400,-190,-2
2401,-192,-1
2402,-199,-2
2403,-186,-1
2404,-199,0
2405,-206,-1
2406,-227,2
2407,-222,-1
2408,-241,-1
2409,-240,0
2410,-245,0
2411,-236,1
2412,-219,0
2413,-201,-2
2414,-197,-1
2415,-174,1
2416,-187,0
2417,-186,-2
2418,-206,0
2419,-219,1
2420,-215,-1
2421,-231,0
2422,-242,1
2423,-234,-1
2424,-230,1
2425,-222,1
2426,-234,-2
2427,-225,-2
2428,-204,1
2429,-195,1
2430,-206,1
2431,-179,-1
2432,-200,-2
2433,-202,1
2434,-220,0
2435,-223,-1
2436,-222,-1
2437,-229,-1
2438,-222,-2
2439,-208,-2
2440,-218,1
2441,-211,0
2442,-219,-1
2443,-207,-2
2444,-203,-2
2445,-208,0
2446,-206,-1
2447,-195,1
2448,-198,0
2449,-221,1
2450,-225,-1
2451,-224,1
2452,-218,1
2453,-225,-2
2454,-228,-1
2455,-210,-2
2456,-222,-1
2457,-218,0
2458,-222,-2
2459,-208,0
2460,-199,-2
2461,-201,0
2462,-204,-1
2463,-179,-1
2464,-202,-1
2465,-214,0
2466,-228,0
2467,-232,-2
2468,-223,-1
2469,-228,0
2470,-239,-2
2471,-216,0
2472,-210,-1
2473,-222,2
2474,-209,-1
2475,-205,-1
2476,-193,-2
2477,-189,0
2478,-194,-2
2479,-191,-1
2480,-215,-1
2481,-221,-1
2482,-252,0
2483,-256,1
2484,-241,-2
2485,-251,-2
2486,-237,1
2487,-204,-2
2488,-210,-2
2489,-198,-2
2490,-195,1
2491,-188,-1
2492,-188,-2
2493,-207,1
2494,-216,-1
2495,-202,0
2496,-242,1
2497,-249,-1
2498,-245,-2
2499,-251,1
2500,-240,1
2501,-214,-1
2502,-204,-1
2503,-180,0
2504,-176,-2
2505,-186,-3
2506,-186,1
2507,-198,2
2508,-209,1
2509,-231,-2
2510,-237,-1
2511,-233,-1
2512,-252,-1
2513,-247,-1
2514,-247,3
2515,-241,-1
2516,-210,0
2517,-195,-3
2518,-195,-2
2519,-171,0
2520,-179,-2
2521,-193,0
2522,-217,1
2523,-231,-2
2524,-236,0
2525,-248,0
2526,-249,0
2527,-231,-1
2528,-234,1
2529,-228,1
2530,-221,-2
2531,-213,-2
2532,-194,-1
2533,-180,-1
2534,-190,-1
2535,-183,1
2536,-210,1
2537,-219,-1
2538,-236,-4
2539,-254,-2
2540,-254,1
2541,-245,-2
2542,-234,-2
2543,-219,-2
2544,-227,0
2545,-216,0
2546,-204,0
2547,-201,1
2548,-191,-1
2549,-204,1
2550,-207,-1
2551,-189,0
2552,-221,0
2553,-228,-2
2554,-237,1
2555,-247,-2
2556,-228,-1
2557,-225,-2
2558,-227,0
2559,-207,0
2560,-201,-1
2561,-203,0
2562,-216,-1
2563,-223,0
2564,-197,1
2565,-204,0
2566,-213,-2
2567,-206,1
2568,-221,-1
2569,-234,-2
2570,-243,0
2571,-237,-2
2572,-233,1
2573,-236,2
2574,-231,0
2575,-201,-1
2576,-198,0
2577,-207,1
2578,-213,-1
2579,-215,1
2580,-196,-1
2581,-211,-1
2582,-213,-2
2583,-213,1
2584,-228,-3
2585,-238,1
2586,-246,1
2587,-238,1
2588,-229,-1
2589,-225,-2
2590,-209,1
2591,-186,-1
2592,-201,-1
2593,-193,1
2594,-210,-2
2595,-224,0
2596,-217,-1
2597,-234,0
2598,-242,1
2599,-237,1
2600,-248,-1
2601,-245,1
2602,-237,-3
2603,-231,-1
2604,-215,-1
2605,-200,0
2606,-194,0
2607,-184,0
2608,-196,-2
2609,-214,-2
2610,-221,-1
2611,-228,0
2612,-243,-1
2613,-240,1
2614,-245,-2
2615,-229,0
2616,-237,0
2617,-225,-2
2618,-232,-1
2619,-219,1
2620,-201,-1
2621,-192,0
2622,-204,-1
2623,-195,-3
2624,-218,0
2625,-228,1
2626,-235,-1
2627,-245,0
2628,-243,-1
2629,-246,-2
2630,-239,-2
2631,-213,-2
2632,-217,0
2633,-210,-2
2634,-212,-1
2635,-215,0
2636,-202,-2
2637,-210,-2
2638,-223,1
2639,-216,0
2640,-224,-1
2641,-242,-1
2642,-254,-3
2643,-240,0
2644,-220,0
2645,-221,-2
2646,-211,-2
2647,-193,-2
2648,-207,0
2649,-205,0
2650,-225,0
2651,-228,-2
2652,-230,-2
2653,-233,0
2654,-228,1
2655,-213,-2
2656,-232,-2
2657,-220,-1
2658,-231,0
2659,-231,-2
2660,-213,1
2661,-218,-1
2662,-219,0
2663,-205,-4
2664,-218,-2
2665,-220,1
2666,-231,0
2667,-229,-1
2668,-219,0
2669,-218,0
2670,-225,1
2671,-199,-1
2672,-215,-1
2673,-216,2
2674,-231,0
2675,-226,1
2676,-225,-2
2677,-232,0
2678,-233,-1
2679,-226,-2
2680,-236,-2
2681,-228,1
2682,-231,1
2683,-216,-2
2684,-210,1
2685,-211,0
2686,-221,0
2687,-200,1
2688,-218,1
2689,-225,0
2690,-243,-1
2691,-248,0
2692,-242,0
2693,-242,1
2694,-236,-2
2695,-213,-2
2696,-204,0
2697,-214,-1
2698,-207,-1
2699,-198,-2
2700,-204,1
2701,-206,0
2702,-216,1
2703,-212,1
2704,-237,-1
2705,-246,-3
2706,-254,0
2707,-251,-2
2708,-232,-1
2709,-226,-1
2710,-218,-2
2711,-198,-2
2712,-195,-1
2713,-203,0
2714,-216,-1
2715,-223,0
2716,-224,-2
2717,-225,0
2718,-236,-2
2719,-227,1
2720,-237,-1
2721,-254,-1
2722,-241,0
2723,-228,-2
2724,-218,1
2725,-207,-2
2726,-203,0
2727,-187,-2
2728,-195,0
2729,-218,-3
2730,-219,-1
2731,-234,-1
2732,-236,-1
2733,-245,-2
2734,-242,1
2735,-224,-2
2736,-222,-1
2737,-237,1
2738,-227,0
2739,-221,0
2740,-218,-1
2741,-209,-2
2742,-213,-1
2743,-207,-2
2744,-211,-1
2745,-224,0
2746,-249,1
2747,-240,0
2748,-233,0
2749,-237,0
2750,-240,0
2751,-222,1
2752,-228,1
2753,-219,1
2754,-232,-1
2755,-231,2
2756,-211,-2
2757,-207,-2
2758,-203,-1
2759,-197,1
2760,-220,1
2761,-229,-2
2762,-237,-1
2763,-242,1
2764,-231,-2
2765,-242,-1
2766,-234,0
2767,-216,-1
2768,-224,1
2769,-222,-3
2770,-226,-2
2771,-224,-2
2772,-207,-1
2773,-199,0
2774,-213,0
2775,-208,0
2776,-231,-2
2777,-232,-2
2778,-245,-2
2779,-251,-2
2780,-245,-2
2781,-241,1
2782,-240,0
2783,-210,-2
2784,-211,-1
2785,-207,-1
2786,-204,0
2787,-200,0
2788,-201,1
2789,-213,2
2790,-222,0
2791,-219,-2
2792,-240,1
2793,-251,-2
2794,-254,1
2795,-255,1
2796,-241,-2
2797,-224,-2
2798,-219,0
2799,-189,1
2800,-191,0
2801,-201,0
2802,-192,-2
2803,-207,0
2804,-214,-1
2805,-230,1
2806,-247,0
2807,-246,-1
2808,-244,-2
2809,-257,1
2810,-254,-2
2811,-242,0
2812,-210,-2
2813,-197,1
2814,-203,1
2815,-181,-2
2816,-200,-4
2817,-192,-1
2818,-221,-1
2819,-234,0
2820,-251,-2
2821,-249,-2
2822,-258,0
2823,-241,-1
2824,-247,-1
2825,-231,-3
2826,-229,-1
2827,-207,-2
2828,-198,-1
2829,-195,-1
2830,-198,1
2831,-189,1
2832,-206,0
2833,-230,0
2834,-248,-2
2835,-251,1
2836,-247,-1
2837,-248,-2
2838,-246,1
2839,-226,0
2840,-222,-2
2841,-207,-1
2842,-213,1
2843,-200,0
2844,-204,0
2845,-209,1
2846,-204,-2
2847,-209,-2
2848,-231,0
2849,-250,0
2850,-248,-2
2851,-254,0
2852,-244,1
2853,-232,1
2854,-230,0
2855,-209,-1
2856,-205,-2
2857,-211,0
2858,-213,0
2859,-222,0
2860,-205,-2
2861,-219,0
2862,-226,0
2863,-222,-1
2864,-229,0
2865,-235,-1
2866,-237,0
2867,-244,1
2868,-231,1
2869,-224,-2
2870,-215,0
2871,-204,-1
2872,-216,-2
2873,-219,0
2874,-219,-2
2875,-231,0
2876,-215,0
2877,-222,0
2878,-213,0
2879,-222,-2
2880,-231,0
2881,-240,1
2882,-249,-1
2883,-247,1
2884,-241,1
2885,-232,1
2886,-230,-2
2887,-207,0
2888,-213,2
2889,-218,-1
2890,-216,-2
2891,-219,-2
2892,-218,-2
2893,-218,-1
2894,-228,0
2895,-224,0
2896,-233,1
2897,-247,-2
2898,-245,0
2899,-240,-1
2900,-234,0
2901,-218,-2
2902,-206,-2
2903,-194,0
2904,-201,-2
2905,-214,-1
2906,-214,1
2907,-225,1
2908,-233,0
2909,-245,0
2910,-245,-2
2911,-235,-3
2912,-248,1
2913,-242,-2
2914,-245,1
2915,-227,-1
2916,-216,0
2917,-205,1
2918,-209,1
2919,-198,0
2920,-201,-1
2921,-218,-1
2922,-243,0
2923,-249,3
2924,-251,-1
2925,-242,-3
2926,-245,1
2927,-226,1
2928,-230,-1
2929,-228,-1
2930,-227,0
2931,-210,-1
2932,-208,3
2933,-207,0
2934,-209,-2
2935,-210,-1
2936,-222,-1
2937,-252,1
2938,-248,1
2939,-254,-1
2940,-247,-2
2941,-254,1
2942,-233,0
2943,-225,0
2944,-215,-1
2945,-216,1
2946,-215,0
2947,-222,0
2948,-214,-3
2949,-228,-1
2950,-214,-1
2951,-222,2
2952,-233,-1
2953,-237,0
2954,-243,-1
2955,-241,1
2956,-235,1
2957,-233,0
2958,-229,-2
2959,-201,-1
2960,-204,-2
2961,-220,-1
2962,-231,2
2963,-226,1
2964,-226,1
2965,-225,0
2966,-232,-1
2967,-232,0
2968,-228,-1
2969,-239,1
2970,-242,-1
2971,-242,-1
2972,-245,-2
2973,-235,-2
2974,-225,1
2975,-215,-2
2976,-216,-2
2977,-232,0
2978,-224,-1
2979,-217,2
2980,-212,0
2981,-231,1
2982,-235,1
2983,-217,1
2984,-234,-2
2985,-233,-1
2986,-245,1
2987,-251,1
2988,-243,-2
2989,-233,1
2990,-231,-1
2991,-210,1
2992,-215,-2
2993,-217,1
2994,-217,-2
2995,-219,0
2996,-223,-2
2997,-231,0
2998,-240,0
2999,-230,1
3000,-245,0
3001,-258,-2
3002,-253,0
3003,-247,1
3004,-231,-1
3005,-223,-2
3006,-215,-1
3007,-193,1
3008,-199,-2
3009,-209,1
3010,-234,1
3011,-230,1
3012,-225,-1
3013,-245,-3
3014,-256,-2
3015,-234,0
3016,-247,1
3017,-244,-1
3018,-239,0
3019,-223,-2
3020,-211,-1
3021,-219,-1
3022,-210,0
3023,-194,0
3024,-204,1
3025,-231,-1
3026,-253,-1
3027,-259,-2
3028,-257,1
3029,-257,-2
3030,-266,0
3031,-228,1
3032,-231,-2
3033,-231,1
3034,-210,2
3035,-214,-3
3036,-201,1
3037,-202,2
3038,-211,-1
3039,-213,0
3040,-226,-2
3041,-255,0
3042,-263,0
3043,-268,0
3044,-261,0
3045,-249,0
3046,-230,1
3047,-213,-1
3048,-210,-2
3049,-206,0
3050,-214,0
3051,-222,0
3052,-214,-2
3053,-228,0
3054,-234,1
3055,-227,0
3056,-252,1
3057,-254,-1
3058,-254,-2
3059,-247,1
3060,-238,0
3061,-239,0
3062,-216,-1
3063,-204,-1
3064,-213,1
3065,-213,1
3066,-226,-2
3067,-227,0
3068,-228,1
3069,-231,0
3070,-246,-1
3071,-230,-1
3072,-237,0
3073,-241,0
3074,-248,-2
3075,-245,-1
3076,-234,-2
3077,-225,1
3078,-228,0
3079,-215,1
3080,-225,-1
3081,-226,0
3082,-234,0
3083,-231,-1
3084,-236,0
3085,-235,-1
3086,-245,-2
3087,-235,1
3088,-237,0
3089,-248,-4
3090,-251,-2
3091,-242,-2
3092,-228,-2
3093,-223,-1
3094,-225,1
3095,-200,0
3096,-213,-1
3097,-213,-2
3098,-224,-1
3099,-233,0
3100,-236,1
3101,-229,-1
3102,-248,0
3103,-238,-2
3104,-240,-1
3105,-260,1
3106,-240,-1
3107,-234,0
3108,-226,2
3109,-216,-1
3110,-222,1
3111,-200,0
3112,-215,-1
3113,-228,-2
3114,-245,-2
3115,-245,1
3116,-254,0
3117,-254,0
3118,-259,0
3119,-245,-2
3120,-252,1
3121,-237,-2
3122,-222,-2
3123,-220,-1
3124,-210,0
3125,-214,0
3126,-204,-2
3127,-202,0
3128,-233,-1
3129,-258,-2
3130,-258,-2
3131,-252,-1
3132,-254,0
3133,-253,0
3134,-252,-1
3135,-221,-1
3136,-217,-1
3137,-226,-1
3138,-219,-1
3139,-215,-1
3140,-210,2
3141,-216,-1
3142,-231,-2
3143,-235,-3
3144,-256,1
3145,-265,1
3146,-266,0
3147,-253,0
3148,-236,-1
3149,-237,0
3150,-227,-2
3151,-199,1
3152,-215,2
3153,-216,1
3154,-225,-2
3155,-228,1
3156,-237,0
3157,-237,0
3158,-249,-2
3159,-241,-1
3160,-249,0
3161,-258,-1
3162,-242,-1
3163,-237,-2
3164,-228,-2
3165,-216,1
3166,-225,2
3167,-210,1
3168,-211,0
3169,-239,0
3170,-242,1
3171,-235,-2
3172,-245,0
3173,-242,-1
3174,-242,1
3175,-225,1
3176,-231,-1
3177,-231,-1
3178,-243,-1
3179,-238,1
3180,-222,-1
3181,-230,1
3182,-231,-1
3183,-222,-2
3184,-231,-2
3185,-241,1
3186,-237,1
3187,-238,-1
3188,-230,2
3189,-241,-1
3190,-231,1
3191,-222,-2
3192,-231,-2
3193,-251,0
3194,-241,0
3195,-242,-1
3196,-237,0
3197,-235,-2
3198,-239,0
3199,-224,1
3200,-224,-2
3201,-236,-1
3202,-240,-2
3203,-234,-2
3204,-230,-2
3205,-234,-1
3206,-245,1
3207,-242,1
3208,-240,-2
3209,-251,-1
3210,-253,-2
3211,-242,-1
3212,-222,-2
3213,-225,-2
3214,-229,1
3215,-210,-2
3216,-221,1
3217,-225,-2
3218,-234,1
3219,-251,1
3220,-234,-1
3221,-260,-2
3222,-257,1
3223,-231,-1
3224,-241,-2
3225,-249,-1
3226,-236,-2
3227,-222,-1
3228,-222,1
3229,-219,-2
3230,-218,0
3231,-207,-2
3232,-227,-2
3233,-249,1
3234,-248,1
3235,-251,-2
3236,-247,0
3237,-243,-4
3238,-248,-2
3239,-228,-1
3240,-225,-2
3241,-232,-2
3242,-222,0
3243,-210,-2
3244,-228,-1
3245,-215,-1
3246,-231,0
3247,-224,-1
3248,-238,-1
3249,-251,-1
3250,-267,0
3251,-253,0
3252,-242,1
3253,-247,-1
3254,-233,1
3255,-211,-2
3256,-213,0
3257,-232,0
3258,-227,-1
3259,-233,-1
3260,-228,-1
3261,-235,-1
3262,-248,-2
3263,-240,1
3264,-245,0
3265,-251,-2
3266,-251,-3
3267,-255,0
3268,-245,1
3269,-236,1
3270,-227,-2
3271,-218,-2
3272,-214,-2
3273,-234,0
3274,-227,0
3275,-231,-2
3276,-240,0
3277,-244,1
3278,-239,-2
3279,-225,1
3280,-242,-1
3281,-253,1
3282,-254,0
3283,-242,1
3284,-228,-2
3285,-233,-1
3286,-230,0
3287,-218,-2
3288,-222,-1
3289,-234,-2
3290,-235,0
3291,-239,1
3292,-234,1
3293,-240,0
3294,-242,1
3295,-235,2
3296,-248,-2
3297,-253,0
3298,-250,-1
3299,-248,-2
3300,-230,1
3301,-228,-3
3302,-227,-2
3303,-204,0
3304,-207,0
3305,-237,0
3306,-235,1
3307,-234,0
3308,-241,-1
3309,-260,0
3310,-260,-1
3311,-251,-1
3312,-247,-3
3313,-257,-2
3314,-246,-1
3315,-233,1
3316,-213,1
3317,-213,1
3318,-215,1
3319,-201,-1
3320,-221,-1
3321,-245,0
3322,-244,0
3323,-258,1
3324,-254,1
3325,-259,0
3326,-263,1
3327,-238,1
3328,-234,-2
3329,-239,1
3330,-219,-2
3331,-213,1
3332,-205,-2
3333,-212,-2
3334,-216,0
3335,-215,-1
3336,-237,-2
3337,-274,1
3338,-269,-1
3339,-263,-1
3340,-272,1
3341,-254,-1
3342,-240,-2
3343,-215,0
3344,-212,0
3345,-225,1
3346,-220,0
3347,-213,-2
3348,-219,-2
3349,-231,-2
3350,-237,1
3351,-238,0
3352,-259,0
3353,-279,-3
3354,-263,-1
3355,-254,-1
3356,-234,-2
3357,-225,1
3358,-224,-2
3359,-196,-1
3360,-205,1
3361,-230,-2
3362,-231,0
3363,-224,3
3364,-244,1
3365,-256,-1
3366,-263,0
3367,-247,0
3368,-251,0
3369,-261,0
3370,-253,-2
3371,-233,-2
3372,-234,-2
3373,-232,2
3374,-222,0
3375,-213,0
3376,-226,0
3377,-233,0
3378,-242,1
3379,-241,-1
3380,-244,-1
3381,-256,0
3382,-245,-1
3383,-237,1
3384,-245,-2
3385,-253,-4
3386,-240,0
3387,-232,-1
3388,-222,-1
3389,-231,1
3390,-225,0
3391,-222,0
3392,-237,0
3393,-239,-1
3394,-243,0
3395,-240,-2
3396,-243,0
3397,-246,1
3398,-258,-1
3399,-238,0
3400,-245,0
3401,-259,-1
3402,-245,-2
3403,-222,0
3404,-228,1
3405,-222,-2
3406,-235,0
3407,-215,0
3408,-227,-2
3409,-239,-1
3410,-245,-1
3411,-244,-2
3412,-240,-1
3413,-247,-1
3414,-247,-1
3415,-242,-2
3416,-245,-1
3417,-251,-1
3418,-242,-2
3419,-228,1
3420,-216,1
3421,-226,-2
3422,-219,0
3423,-216,1
3424,-235,0
3425,-250,-2
3426,-259,-1
3427,-262,1
3428,-253,-2
3429,-257,1
3430,-258,-2
3431,-241,1
3432,-227,1
3433,-238,0
3434,-225,-1
3435,-218,1
3436,-214,-2
3437,-224,1
3438,-229,-2
3439,-237,1
3440,-266,-1
3441,-266,0
3442,-269,-1
3443,-263,-1
3444,-262,-1
3445,-243,0
3446,-234,0
3447,-221,-2
3448,-206,0
3449,-226,0
3450,-230,-1
3451,-220,0
3452,-227,-2
3453,-249,-2
3454,-261,1
3455,-244,0
3456,-257,-1
3457,-266,0
3458,-259,1
3459,-251,1
3460,-242,-1
3461,-224,0
3462,-215,-1
3463,-202,-2
3464,-212,1
3465,-242,-2
3466,-239,-1
3467,-234,0
3468,-248,-1
3469,-260,-1
3470,-260,-2
3471,-242,-2
3472,-245,-1
3473,-251,-1
3474,-245,-2
3475,-234,-1
3476,-234,0
3477,-223,-2
3478,-225,1
3479,-218,0
3480,-230,-1
3481,-242,1
3482,-256,-1
3483,-243,-1
3484,-251,-2
3485,-244,-2
3486,-247,-1
3487,-235,0
3488,-242,-2
3489,-250,1
3490,-248,1
3491,-240,0
3492,-235,0
3493,-238,-1
3494,-232,-2
3495,-224,0
3496,-230,-1
3497,-251,-2
3498,-244,-1
3499,-236,-1
3500,-254,-2
3501,-241,1
3502,-248,-3
3503,-238,1
3504,-246,-2
3505,-251,3
3506,-238,0
3507,-230,1
3508,-234,0
3509,-231,0
3510,-221,-2
3511,-211,-1
3512,-230,-1
3513,-248,-1
3514,-251,0
3515,-239,-2
3516,-262,1
3517,-266,-1
3518,-264,1
3519,-244,-1
3520,-249,0
3521,-249,0
3522,-245,-2
3523,-226,1
3524,-223,0
3525,-207,0
3526,-228,-2
3527,-230,-2
3528,-238,-2
3529,-263,1
3530,-265,-3
3531,-265,-2
3532,-267,-3
3533,-263,1
3534,-254,1
3535,-235,-1
3536,-221,2
3537,-244,-1
3538,-230,-1
3539,-215,-1
3540,-224,-2
3541,-229,2
3542,-250,-2
3543,-251,1
3544,-262,-2
3545,-273,-2
3546,-269,-1
3547,-264,-2
3548,-248,1
3549,-242,0
3550,-228,-1
3551,-216,-2
3552,-214,-2
3553,-235,0
3554,-223,-1
3555,-225,-3
3556,-237,-1
3557,-257,1
3558,-259,-1
3559,-241,-1
3560,-260,1
3561,-275,-2
3562,-258,0
3563,-243,-3
3564,-233,0
3565,-222,-2
3566,-223,0
3567,-215,0
3568,-219,0
3569,-247,0
3570,-239,1
3571,-255,0
3572,-265,-1
3573,-260,-1
3574,-258,-1
3575,-242,-2
3576,-246,0
3577,-260,1
3578,-242,-1
3579,-225,-2
3580,-216,-1
3581,-231,-2
3582,-230,-2
3583,-222,0
3584,-232,-2
3585,-260,0
3586,-250,-1
3587,-254,-1
3588,-245,-1
3589,-243,1
3590,-251,-2
3591,-237,-2
3592,-245,0
3593,-248,-2
3594,-245,-2
3595,-234,-2
3596,-228,0
3597,-240,1
3598,-231,0
3599,-235,-2
3600,-244,0
3601,-258,-2
3602,-251,-1
3603,-248,1
3604,-263,-2
3605,-244,1
3606,-253,-2
3607,-232,1
3608,-245,-1
3609,-260,-1
3610,-243,-1
3611,-241,-2
3612,-236,1
3613,-230,-1
3614,-228,-2
3615,-227,1
3616,-240,0
3617,-252,-2
3618,-258,1
3619,-256,1
3620,-253,-1
3621,-251,-1
3622,-257,-1
3623,-237,1
3624,-230,-2
3625,-250,-1
3626,-233,-1
3627,-223,1
3628,-219,-1
3629,-234,0
3630,-232,-2
3631,-234,-2
3632,-249,2
3633,-274,-1
3634,-268,0
3635,-260,0
3636,-266,-2
3637,-257,1
3638,-243,0
3639,-230,1
3640,-228,-2
3641,-240,-2
3642,-233,-2
3643,-219,-1
3644,-232,-1
3645,-240,1
3646,-258,-1
3647,-253,-1
3648,-272,-1
3649,-280,0
3650,-275,1
3651,-260,1
3652,-248,1
3653,-241,1
3654,-222,1
3655,-221,-1
3656,-222,-4
3657,-239,-1
3658,-242,-3
3659,-236,1
3660,-260,1
3661,-265,1
3662,-265,-2
3663,-263,-1
3664,-269,0
3665,-278,0
3666,-259,1
3667,-237,-2
3668,-229,1
3669,-222,-1
3670,-223,-1
3671,-214,0
3672,-227,0
3673,-243,1
3674,-254,-2
3675,-253,0
3676,-271,-1
3677,-266,-2
3678,-261,1
3679,-248,-2
3680,-261,-1
3681,-255,-2
3682,-241,-2
3683,-227,0
3684,-231,-1
3685,-242,1
3686,-237,1
3687,-228,1
3688,-245,1
3689,-270,0
3690,-275,-2
3691,-251,-3
3692,-271,0
3693,-266,-2
3694,-250,-2
3695,-241,-2
3696,-240,0
3697,-253,-1
3698,-242,-1
3699,-235,1
3700,-241,1
3701,-234,2
3702,-242,1
3703,-235,-1
3704,-248,-1
3705,-264,-1
3706,-268,1
3707,-260,-2
3708,-262,-2
3709,-254,0
3710,-253,0
3711,-242,-2
3712,-239,-1
3713,-248,-2
3714,-234,0
3715,-237,0
3716,-238,-2
3717,-235,0
3718,-245,-2
3719,-236,-2
3720,-254,0
3721,-262,1
3722,-257,-2
3723,-261,-2
3724,-269,-2
3725,-256,-1
3726,-251,0
3727,-230,2
3728,-241,0
3729,-233,-1
3730,-236,-2
3731,-223,-2
3732,-235,-1
3733,-248,-2
3734,-251,-1
3735,-248,-1
3736,-262,0
3737,-281,1
3738,-275,-2
3739,-257,-2
3740,-258,1
3741,-251,0
3742,-240,-2
3743,-218,-1
3744,-226,-2
3745,-234,-1
3746,-228,-1
3747,-233,0
3748,-247,1
3749,-263,0
3750,-266,1
3751,-258,-1
3752,-277,1
3753,-270,-2
3754,-269,1
3755,-248,-4
3756,-231,1
3757,-216,-2
3758,-225,1
3759,-207,-2
3760,-234,-1
3761,-238,-1
3762,-250,0
3763,-260,1
3764,-266,-1
3765,-277,0
3766,-264,-2
3767,-257,0
3768,-254,-1
3769,-263,-2
3770,-239,0
3771,-230,-2
3772,-228,1
3773,-234,1
3774,-234,-2
3775,-225,-1
3776,-243,0
3777,-263,0
3778,-268,-2
3779,-268,1
3780,-271,-2
3781,-266,-2
3782,-256,0
3783,-251,1
3784,-242,-2
3785,-237,1
3786,-244,1
3787,-225,-1
3788,-232,0
3789,-237,-3
3790,-253,-2
3791,-242,-1
3792,-248,-2
3793,-265,-2
3794,-266,0
3795,-257,-1
3796,-257,0
3797,-248,0
3798,-238,0
3799,-237,-3
3800,-237,0
3801,-249,-1
3802,-243,1
3803,-237,0
3804,-248,-2
3805,-246,1
3806,-246,-2
3807,-244,-1
3808,-250,-1
3809,-257,-1
3810,-256,1
3811,-245,-2
3812,-243,0
3813,-254,-1
3814,-253,0
3815,-244,0
3816,-247,-1
3817,-257,0
3818,-258,-2
3819,-252,1
3820,-247,-2
3821,-237,-1
3822,-240,-2
3823,-241,0
3824,-254,1
3825,-260,0
3826,-258,-1
3827,-262,-1
3828,-269,-2
3829,-259,-2
3830,-250,0
3831,-237,-1
3832,-245,-2
3833,-255,0
3834,-238,1
3835,-228,-2
3836,-236,1
3837,-247,-1
3838,-251,-1
3839,-237,-1
3840,-260,-1
3841,-270,-1
3842,-264,-1
3843,-269,-2
3844,-263,-2
3845,-245,0
3846,-242,-2
3847,-229,-1
3848,-238,-1
3849,-242,-2
3850,-231,0
3851,-226,1
3852,-251,-1
3853,-254,-2
3854,-259,1
3855,-260,0
3856,-272,-3
3857,-284,-2
3858,-269,1
3859,-259,1
3860,-249,0
3861,-240,-2
3862,-228,0
3863,-224,-1
3864,-225,0
3865,-248,-2
3866,-252,-2
3867,-252,-1
3868,-264,1
3869,-269,-1
3870,-272,1
3871,-271,0
3872,-256,-1
3873,-259,-2
3874,-252,-2
3875,-239,0
3876,-231,-1
3877,-228,-1
3878,-234,-1
3879,-227,-2
3880,-240,-2
3881,-258,1
3882,-270,1
3883,-265,-1
3884,-268,0
3885,-269,-2
3886,-260,-1
3887,-247,0
3888,-255,0
3889,-251,-1
3890,-242,-1
3891,-245,-2
3892,-239,-2
3893,-245,0
3894,-237,-1
3895,-244,0
3896,-257,0
3897,-275,-1
3898,-267,-2
3899,-265,1
3900,-263,0
3901,-260,-2
3902,-254,-2
3903,-237,0
3904,-242,-2
3905,-259,1
3906,-248,1
3907,-243,-1
3908,-246,-1
3909,-250,-1
3910,-245,0
3911,-244,-1
3912,-250,-1
3913,-265,0
3914,-265,-1
3915,-262,0
3916,-261,-1
3917,-265,0
3918,-257,0
3919,-241,-2
3920,-251,-2
3921,-251,-2
3922,-240,1
3923,-233,1
3924,-227,-2
3925,-235,0
3926,-248,1
3927,-242,-2
3928,-262,2
3929,-266,-1
3930,-261,0
3931,-258,1
3932,-258,-1
3933,-264,1
3934,-253,-1
3935,-237,1
3936,-244,1
3937,-234,-2
3938,-235,-1
3939,-233,-2
3940,-242,0
3941,-254,-2
3942,-255,0
3943,-266,-1
3944,-278,-1
3945,-284,0
3946,-278,-1
3947,-261,-2
3948,-258,-1
3949,-240,0
3950,-234,-1
3951,-222,-2
3952,-223,0
3953,-231,0
3954,-240,0
3955,-248,-2
3956,-260,-1
3957,-267,-1
3958,-272,1
3959,-273,-1
3960,-279,-1
3961,-281,0
3962,-266,0
3963,-242,-2
3964,-237,1
3965,-222,-2
3966,-225,0
3967,-213,0
3968,-231,0
3969,-257,0
3970,-266,0
3971,-272,-2
3972,-284,0
3973,-278,-3
3974,-271,1
3975,-256,0
3976,-254,-1
3977,-256,1
3978,-245,-2
3979,-230,0
3980,-229,-2
3981,-235,-1
3982,-234,1
3983,-234,-2
3984,-251,-1
3985,-270,0
3986,-274,0
3987,-281,1
3988,-270,-2
3989,-263,-2
3990,-265,-2
3991,-235,0
3992,-240,-2
3993,-233,0
3994,-232,0
3995,-237,0
3996,-248,-1
3997,-239,-2
3998,-247,-1
3999,-251,-1
4000,-271,0
4001,-282,-1
4002,-269,1
4003,-260,-1
4004,-257,-1
4005,-260,1
4006,-249,-2
4007,-234,-2
4008,-239,-2
4009,-242,-1
4010,-247,1
4011,-240,0
4012,-242,0
4013,-253,1
4014,-254,-1
4015,-248,1
4016,-263,-1
4017,-271,1
4018,-259,0
4019,-263,-1
4020,-255,0
4021,-259,0
4022,-245,-2
4023,-235,0
4024,-246,-2
4025,-253,-1
4026,-250,-1
4027,-231,1
4028,-245,0
4029,-258,1
4030,-249,1
4031,-249,1
4032,-263,-1
4033,-275,1
4034,-276,-2
4035,-266,-2
4036,-259,-1
4037,-248,-1
4038,-245,1
4039,-231,-1
4040,-237,-1
4041,-241,-1
4042,-241,0
4043,-242,1
4044,-251,0
4045,-253,1
4046,-269,1
4047,-262,1
4048,-272,-1
4049,-277,1
4050,-266,-1
4051,-255,-2
4052,-254,0
4053,-246,0
4054,-236,-2
4055,-222,0
4056,-234,-1
4057,-248,-1
4058,-253,0
4059,-249,-1
4060,-268,1
4061,-275,-2
4062,-269,0
4063,-274,-1
4064,-272,-2
4065,-274,1
4066,-254,-1
4067,-240,-1
4068,-224,-1
4069,-225,-1
4070,-220,-1
4071,-218,-2
4072,-239,1
4073,-263,0
4074,-261,-2
4075,-266,-2
4076,-275,-3
4077,-281,-2
4078,-266,0
4079,-251,-2
4080,-256,1
4081,-251,-2
4082,-235,0
4083,-230,0
4084,-231,0
4085,-235,-2
4086,-242,1
4087,-244,-1
4088,-260,1
4089,-286,1
4090,-281,-3
4091,-281,-1
4092,-269,0
4093,-263,-1
4094,-254,-1
4095,-237,-2
4096,-251,-2
4097,-242,1
4098,-240,-3
4099,-239,-2
4100,-247,0
4101,-244,0
4102,-257,-2
4103,-248,-2
4104,-262,-2
4105,-265,1
4106,-273,-1
4107,-264,-2
4108,-254,0
4109,-249,-2
4110,-245,-1
4111,-239,1
4112,-242,-2
4113,-251,0
4114,-254,-1
4115,-245,-2
4116,-255,-2
4117,-254,0
4118,-259,1
4119,-257,1
4120,-274,0
4121,-268,1
4122,-259,-2
4123,-257,-2
4124,-251,0
4125,-258,-2
4126,-251,-1
4127,-225,0
4128,-250,1
4129,-248,-1
4130,-242,-1
4131,-249,1
4132,-257,0
4133,-253,-1
4134,-263,1
4135,-255,-3
4136,-260,-1
4137,-288,2
4138,-272,-3
4139,-255,-1
4140,-259,-1
4141,-256,0
4142,-247,-2
4143,-231,-1
4144,-233,1
4145,-237,1
4146,-246,-2
4147,-252,1
4148,-259,1
4149,-272,1
4150,-263,0
4151,-259,-2
4152,-280,-2
4153,-278,-1
4154,-259,-2
4155,-254,3
4156,-235,0
4157,-228,1
4158,-226,1
4159,-219,0
4160,-238,1
4161,-248,1
4162,-254,0
4163,-266,-2
4164,-281,0
4165,-280,-2
4166,-273,-2
4167,-263,1
4168,-271,1
4169,-254,0
4170,-248,1
4171,-233,1
4172,-233,-3
4173,-231,1
4174,-222,0
4175,-222,0
4176,-256,0
4177,-270,1
4178,-282,0
4179,-282,-1
4180,-281,1
4181,-272,0
4182,-271,-1
4183,-251,-2
4184,-241,-1
4185,-239,-3
4186,-237,0
4187,-225,-1
4188,-233,0
4189,-236,-2
4190,-245,-2
4191,-251,-2
4192,-278,-1
4193,-285,-2
4194,-293,1
4195,-284,-2
4196,-272,1
4197,-261,-2
4198,-248,1
4199,-224,-1
4200,-226,-4
4201,-241,-2
4202,-244,1
4203,-240,0
4204,-240,1
4205,-259,-1
4206,-261,-2
4207,-263,-1
4208,-277,-2
4209,-282,-1
4210,-276,0
4211,-264,-3
4212,-258,1
4213,-242,-1
4214,-231,0
4215,-224,-2
4216,-244,-1
4217,-246,-1
4218,-256,1
4219,-254,-1
4220,-259,0
4221,-260,1
4222,-274,-1
4223,-262,-3
4224,-269,-1
4225,-271,0
4226,-263,0
4227,-257,0
4228,-251,-1
4229,-247,1
4230,-231,1
4231,-225,1
4232,-248,0
4233,-251,1
4234,-256,0
4235,-251,-1
4236,-271,-1
4237,-264,0
4238,-260,-1
4239,-255,0
4240,-265,-1
4241,-272,-1
4242,-263,-2
4243,-240,0
4244,-240,0
4245,-250,0
4246,-237,0
4247,-225,1
4248,-236,-1
4249,-254,1
4250,-269,-3
4251,-261,1
4252,-275,-2
4253,-275,-2
4254,-269,0
4255,-261,-2
4256,-275,-1
4257,-271,-1
4258,-259,1
4259,-244,-2
4260,-236,-1
4261,-230,1
4262,-225,-2
4263,-222,-2
4264,-265,1
4265,-268,-1
4266,-274,1
4267,-276,-2
4268,-279,-2
4269,-268,-2
4270,-257,-1
4271,-252,1
4272,-248,1
4273,-240,-1
4274,-240,-2
4275,-231,-1
4276,-231,0
4277,-246,1
4278,-234,-2
4279,-253,1
4280,-277,0
4281,-289,0
4282,-289,1
4283,-284,-1
4284,-274,1
4285,-268,-2
4286,-244,0
4287,-225,0
4288,-230,-2
4289,-237,0
4290,-242,0
4291,-240,0
4292,-252,-1
4293,-261,0
4294,-268,1
4295,-273,-2
4296,-290,-2
4297,-290,-1
4298,-270,-1
4299,-258,0
4300,-250,1
4301,-241,0
4302,-219,0
4303,-229,2
4304,-228,-2
4305,-258,0
4306,-260,-1
4307,-263,-1
4308,-267,0
4309,-275,1
4310,-266,0
4311,-266,-2
4312,-260,2
4313,-270,0
4314,-254,0
4315,-245,0
4316,-249,1
4317,-254,-1
4318,-231,0
4319,-238,0
4320,-264,-1
4321,-272,-1
4322,-271,0
4323,-275,-2
4324,-269,0
4325,-269,1
4326,-244,1
4327,-249,-2
4328,-257,-2
4329,-263,0
4330,-254,1
4331,-257,-2
4332,-260,-1
4333,-261,-1
4334,-257,0
4335,-260,-1
4336,-264,-2
4337,-269,1
4338,-267,-1
4339,-256,0
4340,-263,-1
4341,-252,-1
4342,-239,-2
4343,-250,0
4344,-254,-1
4345,-278,0
4346,-263,-2
4347,-263,-2
4348,-261,-1
4349,-268,-1
4350,-254,0
4351,-248,0
4352,-259,0
4353,-257,-2
4354,-259,0
4355,-249,-1
4356,-251,1
4357,-255,-1
4358,-248,-1
4359,-265,0
4360,-263,0
4361,-277,1
4362,-260,2
4363,-253,-2
4364,-255,-1
4365,-245,0
4366,-237,-3
4367,-240,0
4368,-256,-2
4369,-261,2
4370,-268,-2
4371,-264,0
4372,-270,-1
4373,-274,0
4374,-260,-1
4375,-260,0
4376,-260,-1
4377,-271,0
4378,-254,1
4379,-249,1
4380,-256,-1
4381,-242,-1
4382,-227,-4
4383,-247,0
4384,-260,0
4385,-273,-1
4386,-272,-2
4387,-275,0
4388,-271,-1
4389,-275,-2
4390,-248,-1
4391,-248,1
4392,-255,0
4393,-262,-1
4394,-250,1
4395,-255,-1
4396,-241,1
4397,-257,0
4398,-261,-2
4399,-257,1
4400,-264,1
4401,-280,-2
4402,-277,4
4403,-269,0
4404,-266,1
4405,-265,1
4406,-248,1
4407,-248,1
4408,-252,-1
4409,-261,1
4410,-251,0
4411,-249,-1
4412,-258,-2
4413,-253,-1
4414,-251,-2
4415,-259,0
4416,-270,-2
4417,-272,-1
4418,-269,1
4419,-274,-2
4420,-262,-3
4421,-261,1
4422,-248,0
4423,-247,-2
4424,-260,-2
4425,-261,-2
4426,-262,0
4427,-253,0
4428,-244,-1
4429,-255,-2
4430,-251,0
4431,-254,0
4432,-270,0
4433,-287,2
4434,-274,0
4435,-268,-2
4436,-259,0
4437,-251,-2
4438,-248,1
4439,-248,0
4440,-234,0
4441,-249,-3
4442,-255,1
4443,-248,0
4444,-259,-1
4445,-272,-1
4446,-266,-1
4447,-275,-1
4448,-285,-2
4449,-279,-2
4450,-272,-2
4451,-268,-1
4452,-253,0
4453,-251,-2
4454,-228,-1
4455,-228,-2
4456,-248,-2
4457,-263,1
4458,-269,1
4459,-265,0
4460,-287,-1
4461,-279,1
4462,-288,-2
4463,-284,1
4464,-272,-2
4465,-275,-1
4466,-252,1
4467,-242,0
4468,-228,-1
4469,-233,-1
4470,-219,-1
4471,-235,-1
4472,-257,-1
4473,-280,-3
4474,-287,-1
4475,-283,0
4476,-299,-1
4477,-296,0
4478,-280,1
4479,-269,-1
4480,-263,0
4481,-254,-1
4482,-240,-2
4483,-236,0
4484,-229,-3
4485,-244,-1
4486,-251,0
4487,-278,0
4488,-290,-1
4489,-300,-1
4490,-306,0
4491,-295,-2
4492,-286,-1
4493,-279,-2
4494,-249,-1
4495,-233,-2
4496,-231,0
4497,-241,-2
4498,-233,-1
4499,-234,1
4500,-249,2
4501,-268,-2
4502,-268,2
4503,-275,0
4504,-292,1
4505,-291,-2
4506,-292,-2
4507,-268,-1
4508,-265,0
4509,-245,0
4510,-229,-2
4511,-230,-2
4512,-240,-2
4513,-257,-2
4514,-251,-2
4515,-261,1
4516,-273,1
4517,-285,1
4518,-278,-2
4519,-278,-2
4520,-275,-2
4521,-291,-2
4522,-273,-2
4523,-245,0
4524,-241,1
4525,-241,0
4526,-237,-1
4527,-244,-1
4528,-254,1
4529,-269,1
4530,-268,-2
4531,-274,0
4532,-269,-1
4533,-278,1
4534,-268,1
4535,-275,-1
4536,-270,-2
4537,-278,-2
4538,-260,-1
4539,-250,-1
4540,-244,-2
4541,-245,-1
4542,-244,-2
4543,-243,-1
4544,-254,0
4545,-266,-1
4546,-274,-1
4547,-268,0
4548,-272,0
4549,-273,0
4550,-257,0
4551,-262,-1
4552,-264,-2
4553,-271,1
4554,-253,1
4555,-247,-2
4556,-254,-1
4557,-251,-3
4558,-236,-2
4559,-253,-1
4560,-267,-2
4561,-282,-2
4562,-278,-2
4563,-273,-1
4564,-282,0
4565,-276,0
4566,-269,-1
4567,-266,-1
4568,-263,-2
4569,-269,0
4570,-254,1
4571,-255,-2
4572,-244,-1
4573,-248,-3
4574,-240,-1
4575,-263,-1
4576,-279,-1
4577,-285,-2
4578,-290,-2
4579,-278,0
4580,-285,-2
4581,-286,1
4582,-245,-2
4583,-248,-2
4584,-248,-2
4585,-253,-1
4586,-245,-1
4587,-245,-1
4588,-248,0
4589,-254,1
4590,-269,0
4591,-284,-1
4592,-299,-1
4593,-288,-1
4594,-290,-1
4595,-280,-1
4596,-266,-2
4597,-252,-1
4598,-239,0
4599,-241,-1
4600,-242,-1
4601,-257,1
4602,-251,-1
4603,-256,-2
4604,-266,1
4605,-284,1
4606,-262,1
4607,-277,-2
4608,-281,-1
4609,-287,-3
4610,-273,0
4611,-262,1
4612,-248,1
4613,-247,0
4614,-229,-2
4615,-249,0
4616,-253,-2
4617,-270,0
4618,-275,-2
4619,-281,0
4620,-278,0
4621,-287,2
4622,-272,-1
4623,-272,1
4624,-281,0
4625,-269,-1
4626,-269,-1
4627,-257,-3
4628,-254,-1
4629,-251,-2
4630,-245,-3
4631,-257,0
4632,-261,1
4633,-281,-2
4634,-278,-2
4635,-282,-1
4636,-277,1
4637,-269,-1
4638,-256,1
4639,-272,1
4640,-263,0
4641,-272,-1
4642,-270,0
4643,-249,-2
4644,-254,0
4645,-268,-1
4646,-249,0
4647,-257,2
4648,-256,0
4649,-271,-1
4650,-269,0
4651,-264,0
4652,-275,-2
4653,-279,1
4654,-261,0
4655,-276,1
4656,-264,-2
4657,-276,-1
4658,-265,-1
4659,-261,1
4660,-245,-1
4661,-239,1
4662,-242,0
4663,-251,0
4664,-262,1
4665,-275,0
4666,-279,0
4667,-277,1
4668,-290,0
4669,-285,-2
4670,-252,0
4671,-260,-2
4672,-256,0
4673,-259,1
4674,-248,-1
4675,-237,1
4676,-248,0
4677,-261,-3
4678,-239,0
4679,-263,1
4680,-280,1
4681,-293,-1
4682,-299,-2
4683,-290,1
4684,-280,1
4685,-281,-1
4686,-241,1
4687,-246,0
4688,-241,-2
4689,-251,1
4690,-243,0
4691,-238,-2
4692,-254,0
4693,-260,-1
4694,-268,-2
4695,-285,-2
4696,-298,0
4697,-305,-2
4698,-287,-1
4699,-278,-1
4700,-259,0
4701,-259,-2
4702,-224,-1
4703,-234,0
4704,-245,0
4705,-267,0
4706,-269,2
4707,-262,-1
4708,-287,-1
4709,-287,-3
4710,-282,-1
4711,-292,1
4712,-293,0
4713,-290,-1
4714,-275,0
4715,-263,-1
4716,-245,0
4717,-237,1
4718,-225,-2
4719,-237,-1
4720,-251,1
4721,-266,-1
4722,-288,-2
4723,-286,-1
4724,-295,-1
4725,-291,1
4726,-266,1
4727,-270,-2
4728,-263,1
4729,-264,3
4730,-258,-2
4731,-240,-1
4732,-245,-1
4733,-254,-2
4734,-247,1
4735,-254,-1
4736,-278,-2
4737,-287,1
4738,-292,0
4739,-285,-2
4740,-281,0
4741,-269,0
4742,-256,-1
4743,-260,0
4744,-260,-2
4745,-260,-1
4746,-258,1
4747,-255,-2
4748,-251,-1
4749,-262,1
4750,-252,-2
4751,-261,-1
4752,-279,-3
4753,-289,-2
4754,-285,1
4755,-278,1
4756,-272,-1
4757,-269,-2
4758,-257,-1
4759,-252,-1
4760,-247,-2
4761,-264,-3
4762,-266,-1
4763,-251,1
4764,-255,-2
4765,-257,-1
4766,-248,0
4767,-271,0
4768,-273,-1
4769,-287,-2
4770,-287,1
4771,-280,-1
4772,-278,1
4773,-270,-1
4774,-248,1
4775,-253,-2
4776,-255,0
4777,-260,1
4778,-257,-1
4779,-245,0
4780,-257,-2
4781,-272,-1
4782,-260,0
4783,-280,-2
4784,-284,0
4785,-302,-1
4786,-281,0
4787,-279,-1
4788,-266,1
4789,-257,-1
4790,-230,-2
4791,-241,-2
4792,-247,-2
4793,-258,1
4794,-260,-1
4795,-267,0
4796,-277,-1
4797,-287,0
4798,-273,1
4799,-284,0
4800,-282,0
4801,-293,-2
4802,-275,1
4803,-260,-2
4804,-246,-1
4805,-244,0
4806,-233,-2
4807,-240,-2
4808,-253,-1
4809,-269,-2
4810,-297,-2
4811,-281,0
4812,-288,-2
4813,-289,-2
4814,-269,2
4815,-283,-1
4816,-274,-3
4817,-263,-2
4818,-253,-2
4819,-244,0
4820,-244,-1
4821,-262,-1
4822,-246,-1
4823,-264,-1
4824,-274,0
4825,-286,-1
4826,-304,-1
4827,-293,-1
4828,-278,0
4829,-271,1
4830,-258,-2
4831,-263,-2
4832,-255,-3
4833,-260,-1
4834,-259,-1
4835,-257,-1
4836,-271,0
4837,-268,-1
4838,-256,1
4839,-272,-1
4840,-287,-2
4841,-284,1
4842,-284,-2
4843,-277,-2
4844,-262,1
4845,-255,-2
4846,-240,0
4847,-258,-1
4848,-265,-1
4849,-265,0
4850,-284,0
4851,-269,-1
4852,-273,0
4853,-276,-2
4854,-262,1
4855,-275,-4
4856,-266,0
4857,-271,-3
4858,-263,-3
4859,-264,-1
4860,-256,0
4861,-263,1
4862,-254,-2
4863,-266,-3
4864,-265,-1
4865,-276,-1
4866,-279,-2
4867,-265,0
4868,-261,1
4869,-257,1
4870,-242,1
4871,-255,1
4872,-260,-3
4873,-273,1
4874,-279,-1
4875,-274,-1
4876,-278,0
4877,-272,-2
4878,-269,-1
4879,-275,-4
4880,-268,0
4881,-265,-2
4882,-267,-1
4883,-253,-2
4884,-257,2
4885,-249,0
4886,-248,1
4887,-270,-2
4888,-274,0
4889,-272,-2
4890,-283,1
4891,-277,0
4892,-270,1
4893,-270,1
4894,-242,-1
4895,-245,-2
4896,-263,0
4897,-266,-1
4898,-257,1
4899,-254,-1
4900,-265,1
4901,-272,0
4902,-257,-1
4903,-270,0
4904,-288,0
4905,-293,0
4906,-285,-1
4907,-269,-2
4908,-261,-1
4909,-257,1
4910,-249,0
4911,-255,-2
4912,-251,-1
4913,-258,-1
4914,-273,0
4915,-274,1
4916,-280,-2
4917,-281,-1
4918,-271,-2
4919,-277,0
4920,-287,1
4921,-276,-2
4922,-270,2
4923,-266,1
4924,-260,1
4925,-254,-1
4926,-255,-1
4927,-248,-1
4928,-267,-3
4929,-275,1
4930,-283,-1
4931,-280,-2
4932,-273,-2
4933,-278,1
4934,-270,-1
4935,-276,-1
4936,-272,-1
4937,-276,0
4938,-270,0
4939,-263,0
4940,-266,-1
4941,-257,-1
4942,-251,-2
4943,-257,-2
4944,-264,-1
4945,-279,-2
4946,-279,-2
4947,-272,-1
4948,-275,1
4949,-284,-1
4950,-260,0
4951,-279,0
4952,-278,1
4953,-271,0
4954,-266,-1
4955,-253,-1
4956,-254,-2
4957,-253,-1
4958,-240,-1
4959,-258,0
4960,-263,-1
4961,-278,-2
4962,-291,0
4963,-290,-2
4964,-295,-2
4965,-283,-2
4966,-283,-1
4967,-285,-1
4968,-275,-1
4969,-261,-1
4970,-262,-1
4971,-238,0
4972,-244,-2
4973,-248,0
4974,-251,1
4975,-269,0
4976,-285,0
4977,-293,-1
4978,-307,-1
4979,-297,-1
4980,-288,-1
4981,-284,-1
4982,-251,1
4983,-263,1
4984,-252,-1
4985,-245,-1
4986,-245,-2
4987,-242,-1
4988,-251,-1
4989,-263,-2
4990,-273,-1
4991,-290,1
4992,-308,-1
4993,-308,-2
4994,-301,-2
4995,-286,-2
4996,-274,-1
4997,-262,0
4998,-234,-2
4999,-229,-1
5000,-239,1
5001,-249,1
5002,-257,0
5003,-256,-1
5004,-285,-1
5005,-296,-1
5006,-282,-1
5007,-301,1
5008,-300,1
5009,-297,2
5010,-277,1
5011,-252,1
5012,-245,-1
5013,-248,-2
5014,-214,0
5015,-229,-2
5016,-258,1
5017,-274,0
5018,-290,1
5019,-294,1
5020,-298,1
5021,-312,1
5022,-298,-2
5023,-294,1
5024,-290,-1
5025,-262,1
5026,-247,1
5027,-231,-2
5028,-240,0
5029,-240,0
5030,-237,-2
5031,-252,1
5032,-282,1
5033,-302,-2
5034,-293,-1
5035,-296,-3
5036,-301,-3
5037,-282,-2
5038,-274,-1
5039,-265,-2
5040,-266,-2
5041,-253,0
5042,-252,1
5043,-240,-2
5044,-263,0
5045,-252,-1
5046,-254,-2
5047,-286,-2
5048,-300,-1
5049,-296,1
5050,-293,1
5051,-293,0
5052,-281,1
5053,-272,-2
5054,-252,-1
5055,-257,-3
5056,-261,-1
5057,-260,-2
5058,-253,-2
5059,-255,-2
5060,-260,-2
5061,-276,-2
5062,-263,-2
5063,-281,0
5064,-297,-1
5065,-299,-1
5066,-279,0
5067,-269,-2
5068,-272,-2
5069,-263,-1
5070,-248,-2
5071,-250,1
5072,-264,-2
5073,-257,1
5074,-245,0
5075,-263,-1
5076,-270,-2
5077,-275,-1
5078,-269,0
5079,-289,0
5080,-305,0
5081,-292,-1
5082,-278,0
5083,-265,-1
5084,-264,-1
5085,-253,-2
5086,-242,-2
5087,-251,0
5088,-260,-2
5089,-257,1
5090,-259,0
5091,-267,1
5092,-284,-2
5093,-299,0
5094,-290,-1
5095,-282,-1
5096,-301,1
5097,-292,-2
5098,-263,-1
5099,-266,-2
5100,-255,1
5101,-242,-2
5102,-245,-2
5103,-251,0
5104,-260,-2
5105,-269,1
5106,-277,-2
5107,-294,-2
5108,-295,-2
5109,-287,-1
5110,-285,-2
5111,-287,-2
5112,-286,-1
5113,-271,-2
5114,-253,-2
5115,-245,-2
5116,-247,-1
5117,-243,-1
5118,-236,-2
5119,-255,-1
5120,-287,-1
5121,-295,-1
5122,-287,-1
5123,-291,0
5124,-298,0
5125,-291,0
5126,-268,-2
5127,-263,0
5128,-272,-2
5129,-263,1
5130,-242,1
5131,-244,-2
5132,-256,0
5133,-262,-1
5134,-264,0
5135,-282,-2
5136,-297,-3
5137,-297,-2
5138,-291,0
5139,-290,-1
5140,-276,0
5141,-267,-1
5142,-246,0
5143,-257,-1
5144,-266,0
5145,-263,0
5146,-260,-2
5147,-258,1
5148,-269,-2
5149,-273,-2
5150,-271,1
5151,-287,-2
5152,-294,0
5153,-291,-1
5154,-279,-2
5155,-281,-2
5156,-266,0
5157,-263,-1
5158,-260,0
5159,-266,-2
5160,-281,0
5161,-269,2
5162,-264,-1
5163,-266,1
5164,-271,-1
5165,-279,-1
5166,-265,-2
5167,-273,-2
5168,-288,0
5169,-279,0
5170,-272,-1
5171,-276,-1
5172,-276,-1
5173,-267,-2
5174,-266,-1
5175,-269,0
5176,-274,-2
5177,-275,-2
5178,-254,-1
5179,-268,0
5180,-271,0
5181,-275,1
5182,-265,0
5183,-279,-1
5184,-296,-1
5185,-288,-1
5186,-290,-2
5187,-279,-1
5188,-275,-3
5189,-266,-2
5190,-253,1
5191,-252,-1
5192,-269,1
5193,-262,-3
5194,-264,-1
5195,-269,1
5196,-268,-2
5197,-278,0
5198,-281,1
5199,-299,-1
5200,-302,-2
5201,-290,0
5202,-269,0
5203,-266,0
5204,-255,-2
5205,-254,-2
5206,-242,-2
5207,-241,1
5208,-263,-1
5209,-276,-2
5210,-278,1
5211,-293,1
5212,-294,-2
5213,-296,0
5214,-288,-1
5215,-290,0
5216,-298,-1
5217,-278,-1
5218,-261,-2
5219,-252,-2
5220,-249,-1
5221,-251,-2
5222,-245,-1
5223,-264,-2
5224,-293,0
5225,-293,1
5226,-298,-1
5227,-304,-1
5228,-295,-1
5229,-288,0
5230,-267,0
5231,-253,-2
5232,-259,1
5233,-260,0
5234,-242,0
5235,-251,-1
5236,-260,-2
5237,-266,1
5238,-264,0
5239,-295,-1
5240,-308,0
5241,-297,-2
5242,-302,0
5243,-277,-2
5244,-283,-1
5245,-268,1
5246,-248,-4
5247,-250,0
5248,-264,0
5249,-258,-1
5250,-263,0
5251,-269,1
5252,-274,2
5253,-272,0
5254,-275,0
5255,-288,1
5256,-294,-2
5257,-287,-1
5258,-272,-1
5259,-275,-1
5260,-258,-1
5261,-260,0
5262,-243,1
5263,-253,-1
5264,-275,-1
5265,-270,-1
5266,-262,-1
5267,-272,-1
5268,-276,-2
5269,-278,1
5270,-269,-1
5271,-285,-2
5272,-297,-1
5273,-287,-2
5274,-282,1
5275,-274,-2
5276,-269,-1
5277,-264,-2
5278,-251,0
5279,-260,-1
5280,-280,-3
5281,-263,1
5282,-269,0
5283,-273,1
5284,-286,-1
5285,-274,-2
5286,-274,-2
5287,-274,-1
5288,-298,0
5289,-293,-1
5290,-276,1
5291,-276,0
5292,-259,-2
5293,-257,1
5294,-251,-2
5295,-256,1
5296,-270,-1
5297,-270,-2
5298,-281,1
5299,-283,0
5300,-294,-1
5301,-285,-2
5302,-281,0
5303,-284,2
5304,-293,1
5305,-281,-1
5306,-266,0
5307,-263,0
5308,-261,1
5309,-258,2
5310,-251,1
5311,-259,-2
5312,-287,-2
5313,-290,0
5314,-295,-2
5315,-293,-2
5316,-294,0
5317,-286,1
5318,-275,1
5319,-279,1
5320,-271,0
5321,-261,1
5322,-252,-1
5323,-262,0
5324,-258,1
5325,-267,-2
5326,-258,-1
5327,-281,1
5328,-309,-1
5329,-299,1
5330,-293,0
5331,-294,-1
5332,-290,1
5333,-279,0
5334,-263,0
5335,-258,-2
5336,-260,-2
5337,-265,1
5338,-256,-2
5339,-265,-2
5340,-271,-1
5341,-287,0
5342,-279,1
5343,-290,-1
5344,-296,-2
5345,-293,-2
5346,-285,-1
5347,-268,1
5348,-273,-1
5349,-263,1
5350,-245,-1
5351,-257,-1
5352,-275,1
5353,-277,-1
5354,-271,0
5355,-278,-1
5356,-290,0
5357,-294,-2
5358,-284,0
5359,-284,-1
5360,-287,1
5361,-283,-2
5362,-278,-2
5363,-274,-2
5364,-267,-1
5365,-268,-2
5366,-268,1
5367,-269,0
5368,-286,-2
5369,-290,0
5370,-280,1
5371,-278,0
5372,-272,1
5373,-272,-1
5374,-258,1
5375,-268,0
5376,-267,0
5377,-285,-1
5378,-275,0
5379,-281,1
5380,-282,-2
5381,-278,-1
5382,-272,-1
5383,-280,-2
5384,-267,-2
5385,-266,-2
5386,-275,-1
5387,-277,-2
5388,-278,-1
5389,-268,-1
5390,-282,0
5391,-293,-1
5392,-296,0
5393,-289,1
5394,-274,-2
5395,-276,-2
5396,-280,0
5397,-271,1
5398,-254,-2
5399,-254,-1
5400,-270,1
5401,-277,-2
5402,-263,-1
5403,-275,-2
5404,-285,1
5405,-292,-1
5406,-283,0
5407,-296,1
5408,-286,1
5409,-290,0
5410,-275,-1
5411,-267,-1
5412,-257,-2
5413,-245,-2
5414,-249,-1
5415,-257,-1
5416,-271,-1
5417,-281,1
5418,-293,-1
5419,-290,0
5420,-297,1
5421,-285,-2
5422,-278,-1
5423,-291,-2
5424,-278,-1
5425,-269,-1
5426,-260,1
5427,-255,-2
5428,-255,-2
5429,-261,0
5430,-263,0
5431,-276,0
5432,-289,-2
5433,-290,-2
5434,-290,0
5435,-304,0
5436,-292,-2
5437,-272,-1
5438,-264,-2
5439,-274,-2
5440,-269,-2
5441,-260,-2
5442,-264,1
5443,-264,-2
5444,-266,0
5445,-270,1
5446,-276,-2
5447,-287,-2
5448,-299,0
5449,-290,-2
5450,-291,-2
5451,-275,-2
5452,-287,-1
5453,-279,1
5454,-254,0
5455,-262,1
5456,-277,-1
5457,-270,-1
5458,-274,0
5459,-277,-1
5460,-280,-2
5461,-284,-2
5462,-266,0
5463,-286,1
5464,-287,-1
5465,-290,2
5466,-284,-2
5467,-279,-2
5468,-274,0
5469,-276,-2
5470,-270,-2
5471,-266,-2
5472,-270,1
5473,-274,-2
5474,-269,0
5475,-283,-1
5476,-282,-1
5477,-272,-1
5478,-269,0
5479,-290,0
5480,-298,-2
5481,-296,0
5482,-284,-1
5483,-281,0
5484,-281,-1
5485,-266,-2
5486,-257,-2
5487,-263,0
5488,-261,1
5489,-271,0
5490,-269,-3
5491,-275,0
5492,-279,-2
5493,-283,-1
5494,-288,-1
5495,-307,-2
5496,-300,1
5497,-291,0
5498,-278,1
5499,-284,0
5500,-266,-1
5501,-251,-1
5502,-242,-1
5503,-257,0
5504,-265,1
5505,-279,-1
5506,-277,1
5507,-290,-1
5508,-303,-2
5509,-303,-1
5510,-293,-1
5511,-303,-2
5512,-298,1
5513,-281,0
5514,-269,0
5515,-251,1
5516,-256,0
5517,-246,0
5518,-245,-2
5519,-268,0
5520,-287,1
5521,-295,0
5522,-302,-1
5523,-313,0
5524,-300,-2
5525,-305,0
5526,-272,1
5527,-262,-2
5528,-269,-2
5529,-257,-1
5530,-250,-2
5531,-243,-2
5532,-254,0
5533,-264,-1
5534,-272,1
5535,-291,1
5536,-316,-2
5537,-308,-2
5538,-308,0
5539,-307,1
5540,-286,0
5541,-269,-1
5542,-262,1
5543,-260,-1
5544,-251,0
5545,-263,-1
5546,-256,0
5547,-269,-3
5548,-273,0
5549,-287,-1
5550,-284,-1
5551,-319,-2
5552,-317,1
5553,-308,-1
5554,-290,-2
5555,-283,-2
5556,-274,-2
5557,-254,-2
5558,-251,0
5559,-257,1
5560,-266,-1
5561,-271,1
5562,-273,-2
5563,-287,0
5564,-302,0
5565,-293,1
5566,-285,-2
5567,-296,-2
5568,-299,-1
5569,-282,1
5570,-272,-2
5571,-269,2
5572,-262,-2
5573,-259,-4
5574,-242,-1
5575,-259,-3
5576,-277,-1
5577,-281,-2
5578,-284,-2
5579,-284,0
5580,-293,0
5581,-291,-2
5582,-273,0
5583,-285,-1
5584,-296,-1
5585,-286,-1
5586,-281,0
5587,-266,-2
5588,-271,-2
5589,-262,0
5590,-253,-1
5591,-263,1
5592,-283,-3
5593,-281,1
5594,-279,-2
5595,-294,1
5596,-293,0
5597,-287,1
5598,-279,0
5599,-288,0
5600,-291,0
5601,-274,-1
5602,-260,0
5603,-264,-2
5604,-254,-1
5605,-243,-2
5606,-249,-1
5607,-271,0
5608,-295,-1
5609,-294,-1
5610,-290,-3
5611,-301,0
5612,-298,-1
5613,-284,0
5614,-278,0
5615,-277,-1
5616,-278,0
5617,-272,1
5618,-259,-2
5619,-265,1
5620,-260,4
5621,-257,-1
5622,-264,0
5623,-293,1
5624,-314,-1
5625,-308,-1
5626,-312,1
5627,-304,1
5628,-293,-3
5629,-265,0
5630,-255,1
5631,-261,-2
5632,-257,-1
5633,-266,0
5634,-257,1
5635,-263,-2
5636,-287,-2
5637,-275,-1
5638,-295,-1
5639,-308,0
5640,-320,0
5641,-307,0
5642,-296,-1
5643,-286,-1
5644,-270,-2
5645,-249,0
5646,-251,-2
5647,-260,-1
5648,-272,-2
5649,-273,-1
5650,-286,-1
5651,-296,0
5652,-299,1
5653,-298,0
5654,-296,-2
5655,-301,-2
5656,-301,-1
5657,-281,-3
5658,-269,-2
5659,-257,-2
5660,-260,-1
5661,-244,-2
5662,-251,-1
5663,-270,1
5664,-286,-1
5665,-284,-1
5666,-287,2
5667,-299,0
5668,-299,-1
5669,-281,0
5670,-284,-1
5671,-275,-1
5672,-290,-2
5673,-278,1
5674,-264,1
5675,-264,1
5676,-267,1
5677,-264,0
5678,-275,0
5679,-272,-1
5680,-293,0
5681,-299,-1
5682,-293,-1
5683,-282,-2
5684,-290,-2
5685,-269,-2
5686,-270,0
5687,-278,-3
5688,-278,-2
5689,-278,-1
5690,-269,1
5691,-276,-1
5692,-275,0
5693,-260,0
5694,-267,0
5695,-276,1
5696,-279,-2
5697,-296,-2
5698,-282,0
5699,-287,-2
5700,-287,1
5701,-280,-4
5702,-281,0
5703,-292,-2
5704,-295,1
5705,-285,1
5706,-277,1
5707,-267,0
5708,-278,-1
5709,-258,-2
5710,-270,0
5711,-275,-1
5712,-290,-1
5713,-282,-1
5714,-292,1
5715,-293,-2
5716,-299,1
5717,-275,1
5718,-274,1
5719,-282,0
5720,-284,1
5721,-268,-2
5722,-252,0
5723,-263,0
5724,-251,-2
5725,-257,1
5726,-278,-1
5727,-281,-1
5728,-305,-2
5729,-305,0
5730,-301,0
5731,-299,0
5732,-296,-1
5733,-262,-1
5734,-261,-2
5735,-270,-2
5736,-264,2
5737,-269,1
5738,-254,1
5739,-265,1
5740,-275,-2
5741,-281,0
5742,-287,-1
5743,-312,-1
5744,-308,-2
5745,-310,0
5746,-290,-2
5747,-273,-1
5748,-272,1
5749,-258,1
5750,-260,-2
5751,-270,1
5752,-269,-2
5753,-276,-1
5754,-285,-2
5755,-281,-2
5756,-292,-1
5757,-294,-2
5758,-294,1
5759,-292,-2
5760,-299,0
5761,-291,1
5762,-276,0
5763,-277,0
5764,-262,-1
5765,-259,0
5766,-264,-1
5767,-278,-2
5768,-283,1
5769,-284,-1
5770,-292,-2
5771,-300,0
5772,-300,0
5773,-275,-2
5774,-275,0
5775,-293,-2
5776,-292,1
5777,-279,-2
5778,-266,-2
5779,-272,-2
5780,-275,-2
5781,-262,1
5782,-268,0
5783,-277,-2
5784,-299,0
5785,-290,0
5786,-285,-1
5787,-291,-2
5788,-290,-2
5789,-281,-1
5790,-288,1
5791,-281,-2
5792,-284,-2
5793,-287,-1
5794,-279,-1
5795,-282,0
5796,-275,-2
5797,-259,0
5798,-264,-2
5799,-274,-3
5800,-293,-2
5801,-294,1
5802,-288,0
5803,-290,1
5804,-290,0
5805,-279,1
5806,-284,0
5807,-286,0
5808,-285,1
5809,-273,1
5810,-275,1
5811,-261,-1
5812,-273,-1
5813,-261,-3
5814,-279,0
5815,-285,-2
5816,-299,-2
5817,-301,-2
5818,-313,1
5819,-310,2
5820,-305,-1
5821,-281,0
5822,-276,0
5823,-284,-1
5824,-281,-2
5825,-269,-2
5826,-272,0
5827,-265,-2
5828,-271,-2
5829,-268,-2
5830,-287,-4
5831,-301,-1
5832,-305,-2
5833,-296,-2
5834,-299,1
5835,-305,0
5836,-286,-1
5837,-255,-2
5838,-258,1
5839,-259,-2
5840,-268,0
5841,-266,1
5842,-263,-1
5843,-287,-1
5844,-296,-2
5845,-289,0
5846,-299,0
5847,-307,-2
5848,-313,-2
5849,-302,-2
5850,-281,-1
5851,-277,-3
5852,-268,0
5853,-248,0
5854,-257,-1
5855,-262,-2
5856,-275,-1
5857,-287,0
5858,-291,0
5859,-299,-1
5860,-299,1
5861,-286,-2
5862,-294,-1
5863,-293,0
5864,-299,-2
5865,-291,0
5866,-272,0
5867,-263,-1
5868,-266,-1
5869,-263,-1
5870,-268,1
5871,-275,0
5872,-295,-2
5873,-294,1
5874,-299,-1
5875,-296,1
5876,-296,0
5877,-281,-2
5878,-280,-1
5879,-282,-2
5880,-283,-2
5881,-275,-3
5882,-269,0
5883,-272,-1
5884,-273,0
5885,-257,-2
5886,-277,1
5887,-281,0
5888,-294,-1
5889,-296,-2
5890,-288,0
5891,-289,-1
5892,-281,0
5893,-275,-2
5894,-278,1
5895,-278,1
5896,-280,0
5897,-278,1
5898,-275,0
5899,-282,-2
5900,-281,-2
5901,-263,-2
5902,-274,0
5903,-280,-1
5904,-288,0
5905,-294,0
5906,-287,-1
5907,-290,-2
5908,-287,1
5909,-276,1
5910,-287,2
5911,-291,0
5912,-282,-1
5913,-277,-1
5914,-272,-1
5915,-263,-1
5916,-264,-2
5917,-251,1
5918,-277,1
5919,-284,1
5920,-293,-2
5921,-299,-2
5922,-290,0
5923,-306,-1
5924,-293,-2
5925,-275,-1
5926,-269,0
5927,-275,-1
5928,-280,-1
5929,-265,-2
5930,-257,-2
5931,-273,-2
5932,-279,-2
5933,-270,-2
5934,-291,1
5935,-296,-1
5936,-302,2
5937,-305,-1
5938,-297,0
5939,-293,0
5940,-277,0
5941,-257,-2
5942,-259,0
5943,-266,-2
5944,-269,-2
5945,-263,1
5946,-270,-1
5947,-281,1
5948,-302,0
5949,-286,-2
5950,-305,-1
5951,-308,1
5952,-314,-1
5953,-297,0
5954,-281,1
5955,-269,0
5956,-266,-1
5957,-244,1
5958,-263,-1
5959,-264,-1
5960,-277,-1
5961,-292,1
5962,-298,0
5963,-302,0
5964,-296,-1
5965,-285,-1
5966,-297,1
5967,-293,-2
5968,-292,0
5969,-281,1
5970,-264,-2
5971,-263,-1
5972,-272,-1
5973,-254,2
5974,-264,-1
5975,-284,-2
5976,-292,-2
5977,-310,-2
5978,-301,1
5979,-302,-1
5980,-290,-1
5981,-280,-1
5982,-291,2
5983,-286,-1
5984,-277,0
5985,-274,1
5986,-275,-1
5987,-274,0
5988,-279,-1
5989,-264,-2
5990,-275,0
5991,-290,1
5992,-296,-1
5993,-293,0
5994,-293,-1
5995,-289,0
5996,-284,0
5997,-267,0
5998,-287,-2
5999,-274,0
6000,-281,0
6001,-291,0
6002,-288,0
6003,-276,0
6004,-275,0
6005,-266,1
6006,-284,0
6007,-286,-2
6008,-292,0
6009,-302,-2
6010,-288,-1
6011,-286,-2
6012,-293,-2
6013,-278,-2
6014,-275,-2
6015,-281,-1
6016,-284,-1
6017,-281,-3
6018,-264,-1
6019,-267,-2
6020,-266,-2
6021,-260,0
6022,-284,0
6023,-284,1
6024,-300,1
6025,-308,-2
6026,-307,-2
6027,-291,-1
6028,-296,-2
6029,-267,-2
6030,-261,1
6031,-272,0
6032,-267,-2
6033,-266,-2
6034,-266,0
6035,-275,-1
6036,-278,0
6037,-278,1
6038,-296,-2
6039,-306,0
6040,-310,1
6041,-313,1
6042,-294,-1
6043,-284,-2
6044,-272,0
6045,-260,1
6046,-267,1
6047,-270,-2
6048,-266,-1
6049,-278,1
6050,-285,1
6051,-299,0
6052,-299,2
6053,-290,-1
6054,-303,0
6055,-301,-2
6056,-309,-2
6057,-289,-1
6058,-269,-1
6059,-271,-1
6060,-263,-1
6061,-251,-1
6062,-273,1
6063,-264,1
6064,-283,0
6065,-298,1
6066,-293,-1
6067,-304,-2
6068,-311,1
6069,-281,0
6070,-294,-1
6071,-293,-2
6072,-287,1
6073,-273,-2
6074,-263,0
6075,-262,-2
6076,-271,-1
6077,-259,-1
6078,-275,-2
6079,-293,1
6080,-296,-1
6081,-307,0
6082,-302,-3
6083,-290,-2
6084,-291,-1
6085,-276,0
6086,-272,0
6087,-284,-1
6088,-286,-1
6089,-280,-2
6090,-278,1
6091,-279,-1
6092,-278,0
6093,-260,0
6094,-285,2
6095,-292,0
6096,-301,-1
6097,-302,0
6098,-293,-1
6099,-295,-1
6100,-299,-2
6101,-274,-1
6102,-287,1
6103,-288,0
6104,-280,-2
6105,-284,-2
6106,-278,-1
6107,-278,0
6108,-261,0
6109,-260,1
6110,-268,-2
6111,-287,1
6112,-299,-2
6113,-297,1
6114,-304,0
6115,-293,0
6116,-299,-2
6117,-280,-2
6118,-281,-2
6119,-279,1
6120,-276,-2
6121,-281,-3
6122,-260,2
6123,-266,-3
6124,-273,0
6125,-276,0
6126,-286,-2
6127,-298,1
6128,-308,1
6129,-310,-1
6130,-299,0
6131,-295,-1
6132,-286,1
6133,-269,-1
6134,-268,-1
6135,-265,0
6136,-266,-1
6137,-269,-1
6138,-271,1
6139,-285,0
6140,-298,-1
6141,-293,1
6142,-306,0
6143,-322,0
6144,-318,-1
6145,-310,1
6146,-294,0
6147,-273,-2
6148,-271,1
6149,-257,-1
6150,-257,-1
6151,-269,0
6152,-276,-1
6153,-294,-2
6154,-305,-2
6155,-304,-1
6156,-306,0
6157,-309,-2
6158,-315,-1
6159,-313,1
6160,-302,-2
6161,-283,1
6162,-270,-3
6163,-261,-2
6164,-269,0
6165,-251,2
6166,-263,1
6167,-281,0
6168,-293,0
6169,-305,1
6170,-305,-1
6171,-314,-2
6172,-304,0
6173,-296,-2
6174,-293,0
6175,-287,0
6176,-278,0
6177,-266,1
6178,-260,1
6179,-260,0
6180,-272,-1
6181,-266,-2
6182,-284,-1
6183,-303,-3
6184,-314,-1
6185,-317,-1
6186,-316,1
6187,-306,-1
6188,-296,0
6189,-283,-1
6190,-282,0
6191,-274,-1
6192,-284,-1
6193,-281,0
6194,-269,1
6195,-278,-2
6196,-277,-1
6197,-281,-1
6198,-294,1
6199,-308,-3
6200,-306,0
6201,-305,0
6202,-303,-2
6203,-287,-1
6204,-287,-1
6205,-275,-1
6206,-272,-2
6207,-287,-3
6208,-288,-1
6209,-292,-3
6210,-284,1
6211,-280,1
6212,-283,0
6213,-287,1
6214,-293,-1
6215,-316,-1
6216,-302,-1
6217,-293,0
6218,-305,-3
6219,-291,0
6220,-288,-1
6221,-266,-3
6222,-274,-2
6223,-289,1
6224,-286,0
6225,-276,0
6226,-266,-1
6227,-281,-1
6228,-287,-1
6229,-285,-1
6230,-297,0
6231,-297,-2
6232,-317,-1
6233,-308,-1
6234,-284,1
6235,-281,-1
6236,-286,-1
6237,-262,0
6238,-263,-3
6239,-281,0
6240,-278,-1
6241,-284,-2
6242,-294,0
6243,-287,-2
6244,-309,-2
6245,-308,-1
6246,-302,0
6247,-316,1
6248,-317,0
6249,-290,-1
6250,-278,-1
6251,-273,0
6252,-268,-2
6253,-251,-1
6254,-261,-2
6255,-284,-2
6256,-294,1
6257,-296,0
6258,-299,-1
6259,-306,-2
6260,-312,-1
6261,-292,-2
6262,-304,0
6263,-304,1
6264,-286,-2
6265,-273,1
6266,-259,-1
6267,-269,0
6268,-264,-2
6269,-271,-2
6270,-282,-1
6271,-309,-2
6272,-316,-2
6273,-305,-1
6274,-311,-1
6275,-308,-2
6276,-308,-2
6277,-287,-1
6278,-280,1
6279,-281,0
6280,-272,-2
6281,-265,0
6282,-268,-1
6283,-279,-2
6284,-286,-2
6285,-276,-2
6286,-293,0
6287,-312,1
6288,-316,2
6289,-298,-1
6290,-298,-1
6291,-301,-2
6292,-291,-2
6293,-271,-2
6294,-272,-2
6295,-285,0
6296,-279,0
6297,-272,0
6298,-274,0
6299,-283,1
6300,-290,-1
6301,-279,-1
6302,-293,-1
6303,-310,-1
6304,-301,0
6305,-292,1
6306,-286,-1
6307,-289,0
6308,-281,-2
6309,-274,-1
6310,-276,1
6311,-289,-1
6312,-286,1
6313,-284,-2
6314,-277,0
6315,-275,0
6316,-287,-1
6317,-281,-1
6318,-278,-2
6319,-298,1
6320,-301,-1
6321,-294,-1
6322,-304,-2
6323,-297,1
6324,-290,-1
6325,-281,-1
6326,-280,1
6327,-294,0
6328,-280,-1
6329,-273,-2
6330,-272,1
6331,-286,0
6332,-287,-2
6333,-286,-1
6334,-300,1
6335,-318,0
6336,-313,-1
6337,-306,1
6338,-296,0
6339,-289,-2
6340,-284,-1
6341,-254,1
6342,-259,1
6343,-272,-1
6344,-270,0
6345,-285,-3
6346,-286,0
6347,-297,-1
6348,-310,-1
6349,-302,0
6350,-310,-1
6351,-322,0
6352,-311,1
6353,-283,-1
6354,-275,0
6355,-263,-2
6356,-268,-1
6357,-255,-2
6358,-254,-1
6359,-273,-2
6360,-287,-1
6361,-298,-3
6362,-308,-1
6363,-323,-1
6364,-316,1
6365,-305,1
6366,-300,1
6367,-307,-1
6368,-283,1
6369,-268,-2
6370,-266,0
6371,-258,1
6372,-268,0
6373,-260,-1
6374,-280,0
6375,-310,-2
6376,-314,-1
6377,-310,-1
6378,-314,0
6379,-319,-3
6380,-304,-2
6381,-291,1
6382,-278,-2
6383,-286,-2
6384,-269,0
6385,-263,0
6386,-267,-1
6387,-277,-2
6388,-276,0
6389,-287,-2
6390,-305,0
6391,-328,1
6392,-322,1
6393,-300,-2
6394,-297,-2
6395,-307,-2
6396,-285,1
6397,-263,-1
6398,-275,-1
6399,-287,0
6400,-280,-1
6401,-283,-2
6402,-282,-2
6403,-283,-3
6404,-298,0
6405,-293,1
6406,-294,-1
6407,-316,-1
6408,-303,1
6409,-302,1
6410,-301,1
6411,-281,-1
6412,-279,1
6413,-271,1
6414,-276,0
6415,-280,-2
6416,-285,0
6417,-281,-1
6418,-289,1
6419,-296,-1
6420,-287,1
6421,-293,-1
6422,-300,1
6423,-308,-2
6424,-316,1
6425,-295,0
6426,-295,1
6427,-287,0
6428,-272,-1
6429,-272,1
6430,-275,-2
6431,-284,0
6432,-281,-2
6433,-270,-2
6434,-290,0
6435,-291,-1
6436,-299,-1
6437,-295,0
6438,-310,1
6439,-325,0
6440,-313,0
6441,-294,-2
6442,-291,1
6443,-282,0
6444,-275,-1
6445,-269,-2
6446,-267,-1
6447,-284,-2
6448,-284,-1
6449,-299,1
6450,-305,1
6451,-318,0
6452,-311,-2
6453,-306,0
6454,-295,-2
6455,-309,-1
6456,-298,-2
6457,-275,0
6458,-265,-1
6459,-262,-2
6460,-272,-1
6461,-266,-2
6462,-286,1
6463,-296,1
6464,-314,-1
6465,-311,0
6466,-322,0
6467,-322,-2
6468,-308,-2
6469,-299,1
6470,-293,1
6471,-287,-2
6472,-269,-1
6473,-271,0
6474,-265,1
6475,-272,0
6476,-286,0
6477,-284,-1
6478,-304,1
6479,-322,-1
6480,-327,-2
6481,-318,-2
6482,-316,0
6483,-299,1
6484,-293,-3
6485,-277,-1
6486,-268,0
6487,-270,-1
6488,-271,0
6489,-275,-1
6490,-289,1
6491,-290,0
6492,-296,-1
6493,-298,0
6494,-312,0
6495,-325,0
6496,-313,1
6497,-294,-1
6498,-295,-1
6499,-288,-3
6500,-270,-2
6501,-264,-2
6502,-272,0
6503,-290,-2
6504,-290,1
6505,-284,-2
6506,-291,1
6507,-299,-1
6508,-311,-2
6509,-301,-2
6510,-301,1
6511,-301,1
6512,-296,0
6513,-283,0
6514,-290,1
6515,-280,-1
6516,-281,-2
6517,-286,-1
6518,-290,1
6519,-298,-2
6520,-299,-2
6521,-295,0
6522,-296,-1
6523,-299,-1
6524,-305,-1
6525,-294,-1
6526,-294,-2
6527,-297,1
6528,-305,-2
6529,-295,1
6530,-293,-1
6531,-294,1
6532,-281,1
6533,-290,-2
6534,-294,1
6535,-287,-2
6536,-293,-1
6537,-289,-1
6538,-282,-1
6539,-293,1
6540,-284,-1
6541,-293,0
6542,-300,0
6543,-306,1
6544,-304,0
6545,-302,-1
6546,-290,-1
6547,-291,0
6548,-272,1
6549,-271,2
6550,-278,1
6551,-290,0
6552,-290,1
6553,-287,-2
6554,-299,0
6555,-302,0
6556,-309,1
6557,-303,-2
6558,-308,-1
6559,-302,1
6560,-297,1
6561,-287,0
6562,-285,0
6563,-271,-2
6564,-278,0
6565,-266,0
6566,-290,-2
6567,-298,-1
6568,-308,0
6569,-308,-2
6570,-308,-3
6571,-316,1
6572,-298,-1
6573,-296,-2
6574,-289,1
6575,-289,-1
6576,-281,-2
6577,-275,1
6578,-284,1
6579,-281,-2
6580,-285,0
6581,-291,0
6582,-298,-3
6583,-319,1
6584,-310,0
6585,-316,1
6586,-315,1
6587,-301,1
6588,-297,-2
6589,-280,-2
6590,-282,0
6591,-287,0
6592,-276,-2
6593,-272,0
6594,-278,-1
6595,-292,0
6596,-299,-2
6597,-290,0
6598,-312,0
6599,-307,-2
6600,-308,-2
6601,-299,0
6602,-302,2
6603,-286,1
6604,-281,-2
6605,-278,0
6606,-281,-2
6607,-287,-2
6608,-291,-2
6609,-285,0
6610,-294,0
6611,-294,1
6612,-297,-1
6613,-287,1
6614,-294,-2
6615,-312,-1
6616,-304,1
6617,-290,-3
6618,-297,1
6619,-296,0
6620,-290,1
6621,-284,-2
6622,-287,-1
6623,-292,-2
6624,-281,0
6625,-288,0
6626,-282,-1
6627,-291,1
6628,-291,-1
6629,-287,-1
6630,-304,-1
6631,-321,1
6632,-316,-2
6633,-303,0
6634,-302,-2
6635,-299,-1
6636,-284,0
6637,-276,-2
6638,-284,1
6639,-283,1
6640,-278,-1
6641,-280,0
6642,-287,-2
6643,-299,-1
6644,-305,0
6645,-300,1
6646,-324,1
6647,-323,0
6648,-310,1
6649,-293,1
6650,-287,1
6651,-280,1
6652,-276,-2
6653,-258,0
6654,-270,-1
6655,-277,0
6656,-295,-1
6657,-304,-2
6658,-310,-1
6659,-318,-2
6660,-322,1
6661,-314,1
6662,-319,-1
6663,-313,0
6664,-292,-1
6665,-273,0
6666,-271,-2
6667,-263,-2
6668,-264,-2
6669,-254,1
6670,-286,-2
6671,-309,-1
6672,-323,0
6673,-322,-2
6674,-325,1
6675,-326,1
6676,-323,0
6677,-285,0
6678,-283,-2
6679,-278,0
6680,-269,0
6681,-260,0
6682,-264,-2
6683,-269,1
6684,-279,1
6685,-290,0
6686,-323,-2
6687,-322,-1
6688,-325,-2
6689,-322,1
6690,-317,0
6691,-304,-1
6692,-287,0
6693,-266,-2
6694,-269,-1
6695,-270,1
6696,-271,-1
6697,-266,-2
6698,-281,0
6699,-296,0
6700,-308,1
6701,-303,-1
6702,-322,-2
6703,-322,0
6704,-315,1
6705,-302,-1
6706,-293,2
6707,-285,-2
6708,-258,1
6709,-248,0
6710,-272,-2
6711,-278,-1
6712,-279,0
6713,-283,-2
6714,-300,1
6715,-308,1
6716,-316,-1
6717,-304,-1
6718,-313,-2
6719,-313,0
6720,-307,-1
6721,-284,-1
6722,-280,2
6723,-269,-1
6724,-279,1
6725,-263,-1
6726,-279,-1
6727,-284,-1
6728,-293,0
6729,-299,1
6730,-306,1
6731,-306,0
6732,-314,-2
6733,-303,-1
6734,-313,1
6735,-320,-2
6736,-306,-2
6737,-283,1
6738,-272,-2
6739,-278,-2
6740,-277,0
6741,-260,0
6742,-274,1
6743,-297,-2
6744,-302,-2
6745,-308,-2
6746,-313,-1
6747,-310,-2
6748,-304,-1
6749,-313,-1
6750,-308,-2
6751,-304,0
6752,-278,-1
6753,-277,0
6754,-276,-1
6755,-268,0
6756,-264,-1
6757,-260,1
6758,-288,-2
6759,-309,-1
6760,-319,1
6761,-320,-2
6762,-323,2
6763,-328,1
6764,-310,0
6765,-293,0
6766,-291,1
6767,-293,-1
6768,-283,-1
6769,-258,-1
6770,-275,1
6771,-275,-2
6772,-278,0
6773,-300,0
6774,-313,-2
6775,-333,0
6776,-325,-2
6777,-323,-2
6778,-319,0
6779,-313,0
6780,-287,1
6781,-268,1
6782,-264,0
6783,-281,1
6784,-278,0
6785,-277,0
6786,-290,1
6787,-302,0
6788,-301,-2
6789,-306,0
6790,-319,0
6791,-331,-2
6792,-331,1
6793,-312,1
6794,-303,1
6795,-284,-2
6796,-257,0
6797,-254,-1
6798,-275,1
6799,-284,-1
6800,-292,-2
6801,-292,1
6802,-311,1
6803,-322,-1
6804,-313,-1
6805,-309,0
6806,-319,0
6807,-311,0
6808,-305,-4
6809,-294,-2
6810,-278,2
6811,-279,-1
6812,-263,0
6813,-263,0
6814,-292,-2
6815,-305,-2
6816,-305,-2
6817,-308,-2
6818,-316,-2
6819,-305,2
6820,-292,-1
6821,-302,-1
6822,-295,1
6823,-310,-1
6824,-294,1
6825,-289,-1
6826,-287,0
6827,-284,0
6828,-290,0
6829,-287,-2
6830,-299,-1
6831,-317,-2
6832,-311,-3
6833,-300,1
6834,-299,-1
6835,-303,0
6836,-290,1
6837,-285,0
6838,-297,0
6839,-312,-2
6840,-299,1
6841,-297,1
6842,-293,-2
6843,-298,0
6844,-287,-1
6845,-281,1
6846,-290,0
6847,-307,0
6848,-309,-1
6849,-303,-1
6850,-302,-2
6851,-302,0
6852,-312,0
6853,-296,-2
6854,-304,-2
6855,-310,0
6856,-299,-2
6857,-290,1
6858,-292,0
6859,-281,-1
6860,-269,-1
6861,-275,-1
6862,-308,-2
6863,-310,0
6864,-319,0
6865,-315,0
6866,-316,0
6867,-320,-1
6868,-299,-1
6869,-296,-1
6870,-308,1
6871,-296,-1
6872,-288,1
6873,-277,1
6874,-272,1
6875,-277,0
6876,-281,-2
6877,-296,1
6878,-308,-1
6879,-337,-2
6880,-328,-2
6881,-329,-1
6882,-321,-1
6883,-309,1
6884,-293,0
6885,-281,0
6886,-280,-1
6887,-284,0
6888,-274,-1
6889,-274,1
6890,-280,-2
6891,-303,-1
6892,-301,-2
6893,-303,0
6894,-320,2
6895,-333,1
6896,-320,-2
6897,-310,2
6898,-299,-1
6899,-284,1
6900,-263,0
6901,-262,1
6902,-271,1
6903,-283,0
6904,-289,0
6905,-284,0
6906,-302,-3
6907,-313,-1
6908,-309,-2
6909,-319,0
6910,-310,-2
6911,-317,-1
6912,-304,-2
6913,-294,-1
6914,-282,-1
6915,-281,0
6916,-266,0
6917,-269,0
6918,-287,0
6919,-302,1
6920,-301,0
6921,-311,1
6922,-310,1
6923,-313,0
6924,-305,-1
6925,-301,1
6926,-310,2
6927,-298,0
6928,-292,1
6929,-286,-2
6930,-289,-1
6931,-284,-1
6932,-276,0
6933,-285,0
6934,-295,0
6935,-313,-3
6936,-308,-1
6937,-305,0
6938,-310,0
6939,-316,-1
6940,-301,-2
6941,-299,-2
6942,-304,-1
6943,-314,-2
6944,-290,-3
6945,-276,1
6946,-278,-1
6947,-286,-2
6948,-274,-3
6949,-281,1
6950,-305,0
6951,-315,1
6952,-317,1
6953,-308,-2
6954,-315,-1
6955,-315,0
6956,-311,0
6957,-303,0
6958,-290,0
6959,-297,0
6960,-291,-1
6961,-280,0
6962,-271,-2
6963,-273,-1
6964,-275,1
6965,-296,-1
6966,-312,1
6967,-322,1
6968,-312,1
6969,-326,-1
6970,-319,0
6971,-308,-2
6972,-288,-1
6973,-281,1
6974,-278,-2
6975,-289,-2
6976,-282,-2
6977,-270,-1
6978,-279,-2
6979,-294,-2
6980,-308,-1
6981,-323,-1
6982,-332,0
6983,-331,0
6984,-331,1
6985,-320,-2
6986,-316,1
6987,-292,1
6988,-270,-2
6989,-267,-2
6990,-278,-1
6991,-287,-2
6992,-286,-1
6993,-293,-1
6994,-319,0
6995,-331,-2
6996,-325,-1
6997,-320,-1
6998,-329,-1
6999,-322,-1
7000,-308,-2
7001,-291,0
7002,-276,1
7003,-274,-2
7004,-266,3
7005,-274,-3
7006,-287,-2
7007,-301,-2
7008,-312,-4
7009,-324,-2
7010,-330,0
7011,-327,0
7012,-317,-2
7013,-310,0
7014,-291,1
7015,-303,-1
7016,-284,-2
7017,-278,0
7018,-272,1
7019,-281,-2
7020,-281,-2
7021,-292,-2
7022,-302,-2
7023,-319,1
7024,-325,-1
7025,-308,0
7026,-310,-1
7027,-310,-2
7028,-286,0
7029,-292,1
7030,-290,-3
7031,-287,1
7032,-296,1
7033,-288,-2
7034,-297,-1
7035,-300,1
7036,-288,-1
7037,-298,-1
7038,-310,-1
7039,-323,-1
7040,-312,-1
7041,-298,1
7042,-299,-3
7043,-296,-1
7044,-278,-1
7045,-292,-2
7046,-296,0
7047,-304,1
7048,-301,-2
7049,-300,1
7050,-302,-2
7051,-297,-1
7052,-282,-2
7053,-288,1
7054,-299,-1
7055,-305,-1
7056,-314,-1
7057,-296,0
7058,-299,0
7059,-307,-1
7060,-296,1
7061,-302,1
7062,-313,0
7063,-308,0
7064,-305,-1
7065,-296,-2
7066,-297,-4
7067,-296,0
7068,-282,-1
7069,-292,-1
7070,-299,-2
7071,-310,2
7072,-316,-1
7073,-314,-5
7074,-310,-1
7075,-310,1
7076,-285,-1
7077,-301,-3
7078,-296,-1
7079,-296,-1
7080,-289,-2
7081,-288,-1
7082,-292,-2
7083,-290,1
7084,-288,0
7085,-301,-2
7086,-314,0
7087,-319,1
7088,-331,0
7089,-313,0
7090,-309,-1
7091,-305,-2
7092,-286,-1
7093,-283,-2
7094,-284,-2
7095,-299,-2
7096,-285,0
7097,-291,-1
7098,-294,-2
7099,-301,-1
7100,-297,1
7101,-311,1
7102,-310,-1
7103,-322,-1
7104,-318,-2
7105,-301,-1
7106,-296,1
7107,-296,0
7108,-277,-1
7109,-287,0
7110,-290,-2
7111,-297,1
7112,-304,1
7113,-310,-1
7114,-305,-1
7115,-316,-2
7116,-301,0
7117,-312,1
7118,-317,1
7119,-315,-1
7120,-305,0
7121,-290,-2
7122,-288,-2
7123,-293,0
7124,-278,-1
7125,-284,1
7126,-295,-1
7127,-307,0
7128,-316,-2
7129,-301,-2
7130,-301,-1
7131,-302,-2
7132,-294,2
7133,-307,-2
7134,-299,-2
7135,-302,0
7136,-307,0
7137,-303,-1
7138,-299,0
7139,-285,0
7140,-272,0
7141,-283,0
7142,-292,0
7143,-303,0
7144,-301,-1
7145,-308,-2
7146,-306,-1
7147,-308,-2
7148,-306,-2
7149,-310,0
7150,-310,0
7151,-321,1
7152,-299,-2
7153,-289,1
7154,-285,-1
7155,-267,-2
7156,-258,-1
7157,-287,1
7158,-287,-2
7159,-306,-1
7160,-319,0
7161,-314,-1
7162,-326,-2
7163,-328,-1
7164,-309,1
7165,-314,-2
7166,-295,1
7167,-302,-2
7168,-288,1
7169,-275,-3
7170,-263,0
7171,-279,-2
7172,-278,-1
7173,-292,0
7174,-309,0
7175,-323,0
7176,-344,-1
7177,-336,-1
7178,-320,-1
7179,-318,0
7180,-288,-2
7181,-288,-1
7182,-271,0
7183,-280,-2
7184,-269,1
7185,-272,1
7186,-287,-2
7187,-304,0
7188,-305,-1
7189,-323,-2
7190,-330,-1
7191,-334,-2
7192,-340,0
7193,-331,1
7194,-306,-2
7195,-292,-1
7196,-259,-1
7197,-262,0
7198,-261,1
7199,-271,2
7200,-289,0
7201,-297,-1
7202,-310,1
7203,-325,0
7204,-319,1
7205,-327,-2
7206,-340,0
7207,-331,0
7208,-316,-1
7209,-282,-1
7210,-275,-1
7211,-272,0
7212,-251,-1
7213,-264,0
7214,-281,-1
7215,-296,-2
7216,-319,1
7217,-323,0
7218,-329,0
7219,-332,0
7220,-316,0
7221,-326,1
7222,-314,0
7223,-299,0
7224,-287,1
7225,-280,0
7226,-275,-1
7227,-275,-2
7228,-266,0
7229,-284,1
7230,-313,-1
7231,-330,-2
7232,-334,-1
7233,-328,-1
7234,-319,1
7235,-326,-1
7236,-313,-1
7237,-312,0
7238,-296,-1
7239,-292,1
7240,-284,1
7241,-283,0
7242,-284,1
7243,-288,-1
7244,-281,0
7245,-308,1
7246,-317,-2
7247,-329,0
7248,-328,0
7249,-328,-2
7250,-325,-1
7251,-312,2
7252,-302,0
7253,-285,-2
7254,-290,-2
7255,-293,-1
7256,-290,1
7257,-284,0
7258,-284,-1
7259,-287,-1
7260,-291,-1
7261,-310,0
7262,-323,0
7263,-330,-2
7264,-329,-2
7265,-328,-2
7266,-325,-1
7267,-298,0
7268,-278,-2
7269,-284,-1
7270,-281,1
7271,-286,0
7272,-284,-2
7273,-280,0
7274,-296,1
7275,-305,0
7276,-309,-2
7277,-321,-1
7278,-320,-2
7279,-342,1
7280,-329,1
7281,-323,-2
7282,-303,-1
7283,-290,-2
7284,-267,-2
7285,-263,0
7286,-269,-2
7287,-284,0
7288,-296,1
7289,-295,-2
7290,-302,-2
7291,-328,-2
7292,-317,0
7293,-338,0
7294,-328,0
7295,-325,1
7296,-319,-2
7297,-290,1
7298,-278,-1
7299,-266,1
7300,-257,2
7301,-272,0
7302,-271,1
7303,-298,-2
7304,-319,-2
7305,-334,1
7306,-339,-2
7307,-333,0
7308,-328,1
7309,-325,0
7310,-305,0
7311,-300,1
7312,-292,-2
7313,-271,1
7314,-270,0
7315,-268,1
7316,-263,1
7317,-280,3
7318,-307,0
7319,-328,1
7320,-340,-2
7321,-334,-1
7322,-326,-2
7323,-332,-1
7324,-296,-2
7325,-298,0
7326,-277,-3
7327,-287,-2
7328,-284,1
7329,-278,3
7330,-293,1
7331,-284,0
7332,-287,0
7333,-309,0
7334,-324,1
7335,-322,0
7336,-328,-1
7337,-310,-1
7338,-307,-2
7339,-305,-2
7340,-282,-2
7341,-278,-2
7342,-288,-2
7343,-297,-2
7344,-294,-1
7345,-293,-1
7346,-300,0
7347,-310,0
7348,-307,0
7349,-319,-2
7350,-316,-2
7351,-319,-2
7352,-319,0
7353,-306,-2
7354,-294,-2
7355,-302,0
7356,-284,-1
7357,-290,0
7358,-293,-1
7359,-296,1
7360,-313,1
7361,-299,-1
7362,-293,0
7363,-307,-1
7364,-290,0
7365,-303,-1
7366,-316,-1
7367,-312,1
7368,-318,1
7369,-308,-2
7370,-313,-1
7371,-302,0
7372,-283,-1
7373,-299,1
7374,-302,-2
7375,-302,1
7376,-299,-1
7377,-292,-1
7378,-305,0
7379,-309,-2
7380,-295,0
7381,-311,-2
7382,-329,-2
7383,-323,-2
7384,-327,-1
7385,-313,0
7386,-293,1
7387,-302,-2
7388,-282,-2
7389,-285,-1
7390,-296,0
7391,-296,0
7392,-300,1
7393,-302,1
7394,-318,1
7395,-318,0
7396,-302,0
7397,-311,0
7398,-324,-1
7399,-322,0
7400,-313,-1
7401,-293,1
7402,-282,-1
7403,-285,1
7404,-280,0
7405,-284,0
7406,-285,1
7407,-302,-1
7408,-325,1
7409,-330,0
7410,-329,1
7411,-325,0
7412,-317,-2
7413,-319,-1
7414,-325,-2
7415,-310,-1
7416,-296,-2
7417,-284,1
7418,-284,-1
7419,-299,0
7420,-277,-2
7421,-289,0
7422,-321,0
7423,-323,-2
7424,-332,-2
7425,-324,1
7426,-321,1
7427,-318,-1
7428,-302,-2
7429,-298,-1
7430,-293,1
7431,-287,1
7432,-291,-1
7433,-293,1
7434,-295,1
7435,-295,1
7436,-295,0
7437,-309,2
7438,-324,0
7439,-328,-2
7440,-322,1
7441,-316,-1
7442,-308,0
7443,-308,0
7444,-292,-2
7445,-284,-1
7446,-305,1
7447,-297,-1
7448,-300,1
7449,-284,-1
7450,-296,1
7451,-312,0
7452,-305,-1
7453,-307,1
7454,-314,-1
7455,-325,0
7456,-314,-2
7457,-314,0
7458,-298,0
7459,-307,0
7460,-292,1
7461,-298,-2
7462,-308,-2
7463,-297,-1
7464,-301,-1
7465,-302,1
7466,-300,0
7467,-302,-2
7468,-305,-1
7469,-314,0
7470,-319,-1
7471,-316,-1
7472,-328,-2
7473,-308,1
7474,-310,0
7475,-309,1
7476,-290,0
7477,-296,0
7478,-299,0
7479,-294,-2
7480,-301,0
7481,-293,-1
7482,-302,-1
7483,-308,-1
7484,-310,-2
7485,-328,0
7486,-331,1
7487,-326,-2
7488,-316,0
7489,-303,-2
7490,-294,-1
7491,-293,-2
7492,-282,-3
7493,-275,1
7494,-293,-1
7495,-302,1
7496,-303,-3
7497,-314,1
7498,-325,0
7499,-331,-1
7500,-320,0
7501,-327,1
7502,-331,-1
7503,-327,-1
7504,-293,-2
7505,-287,0
7506,-284,1
7507,-281,2
7508,-272,1
7509,-289,1
7510,-306,1
7511,-322,-1
7512,-331,-2
7513,-332,-1
7514,-333,0
7515,-326,-2
7516,-322,-2
7517,-310,-2
7518,-305,-2
7519,-293,-1
7520,-284,-2
7521,-281,1
7522,-286,1
7523,-288,-1
7524,-297,-1
7525,-316,-1
7526,-340,1
7527,-338,-2
7528,-325,0
7529,-331,0
7530,-319,-2
7531,-310,0
7532,-289,0
7533,-284,-2
7534,-290,-1
7535,-287,1
7536,-281,0
7537,-288,-2
7538,-310,1
7539,-301,1
7540,-308,1
7541,-322,-1
7542,-334,0
7543,-320,-2
7544,-310,-4
7545,-298,0
7546,-308,-1
7547,-291,1
7548,-284,-1
7549,-293,1
7550,-311,1
7551,-306,-2
7552,-308,1
7553,-308,-1
7554,-317,-1
7555,-317,-2
7556,-308,0
7557,-318,-3
7558,-331,-1
7559,-309,1
7560,-298,0
7561,-302,0
7562,-296,-2
7563,-307,0
7564,-298,-2
7565,-296,-2
7566,-314,0
7567,-317,-1
7568,-294,0
7569,-318,-1
7570,-309,-2
7571,-306,0
7572,-302,1
7573,-307,-3
7574,-310,-1
7575,-319,0
7576,-317,0
7577,-305,-1
7578,-307,0
7579,-310,-1
7580,-302,-2
7581,-310,-2
7582,-309,0
7583,-296,1
7584,-291,-1
7585,-299,-2
7586,-303,0
7587,-307,-1
7588,-301,0
7589,-310,0
7590,-340,1
7591,-337,1
7592,-319,1
7593,-315,1
7594,-306,-2
7595,-298,-1
7596,-286,0
7597,-279,-1
7598,-305,-2
7599,-296,1
7600,-296,-1
7601,-315,-2
7602,-324,1
7603,-310,-2
7604,-317,0
7605,-335,0
7606,-340,-1
7607,-320,-1
7608,-307,0
7609,-301,-2
7610,-299,0
7611,-287,-1
7612,-274,-2
7613,-281,-2
7614,-312,1
7615,-316,0
7616,-316,-2
7617,-319,0
7618,-325,-2
7619,-331,-1
7620,-316,-1
7621,-316,0
7622,-314,0
7623,-302,-2
7624,-298,-2
7625,-287,-3
7626,-283,0
7627,-291,-2
7628,-290,-2
7629,-308,-1
7630,-328,1
7631,-322,-2
7632,-325,0
7633,-330,-1
7634,-331,-1
7635,-316,1
7636,-305,0
7637,-303,0
7638,-319,-2
7639,-303,0
7640,-292,-1
7641,-299,1
7642,-305,0
7643,-303,-1
7644,-305,-1
7645,-316,0
7646,-327,1
7647,-322,1
7648,-314,1
7649,-322,1
7650,-306,-2
7651,-307,0
7652,-288,-3
7653,-301,-1
7654,-308,0
7655,-302,-1
7656,-290,0
7657,-291,1
7658,-298,0
7659,-302,-2
7660,-293,-1
7661,-304,-2
7662,-329,1
7663,-315,-1
7664,-312,1
7665,-319,-1
7666,-322,-2
7667,-315,1
7668,-297,-1
7669,-294,1
7670,-303,1
7671,-297,-2
7672,-278,1
7673,-283,-1
7674,-299,1
7675,-306,1
7676,-314,0
7677,-306,-1
7678,-336,-2
7679,-330,-1
7680,-334,-2
7681,-319,-2
7682,-306,-2
7683,-293,0
7684,-279,0
7685,-275,-2
7686,-287,-2
7687,-281,-1
7688,-286,-2
7689,-305,-1
7690,-319,-1
7691,-321,-2
7692,-334,0
7693,-343,-1
7694,-349,1
7695,-331,-1
7696,-314,-1
7697,-310,-1
7698,-290,1
7699,-279,0
7700,-257,-1
7701,-268,1
7702,-296,0
7703,-302,1
7704,-307,0
7705,-333,-2
7706,-340,0
7707,-353,-3
7708,-339,-1
7709,-325,-2
7710,-334,0
7711,-308,0
7712,-290,0
7713,-279,1
7714,-264,0
7715,-273,1
7716,-270,-1
7717,-299,1
7718,-332,0
7719,-333,-1
7720,-345,-1
7721,-354,-2
7722,-346,1
7723,-340,-2
7724,-316,0
7725,-299,1
7726,-305,-1
7727,-287,1
7728,-275,0
7729,-268,0
7730,-281,-1
7731,-284,0
7732,-309,0
7733,-316,0
7734,-347,-2
7735,-349,-2
7736,-341,-2
7737,-330,-1
7738,-318,-1
7739,-310,-1
7740,-274,-2
7741,-280,0
7742,-280,0
7743,-277,-1
7744,-290,0
7745,-287,-1
7746,-308,-2
7747,-323,0
7748,-323,0
7749,-336,-2
7750,-338,-2
7751,-338,1
7752,-319,-1
7753,-322,0
7754,-296,1
7755,-294,-1
7756,-275,-1
7757,-278,0
7758,-293,-1
7759,-301,0
7760,-302,-1
7761,-318,1
7762,-321,-1
7763,-333,0
7764,-316,-1
7765,-322,0
7766,-337,0
7767,-325,1
7768,-307,-2
7769,-290,0
7770,-296,1
7771,-290,0
7772,-287,-1
7773,-282,-2
7774,-299,1
7775,-302,-1
7776,-299,0
7777,-316,1
7778,-336,1
7779,-325,-1
7780,-325,-1
7781,-325,0
7782,-339,-1
7783,-323,0
7784,-305,-2
7785,-301,-1
7786,-290,0
7787,-289,-2
7788,-281,1
7789,-284,-2
7790,-309,-2
7791,-319,-2
7792,-321,0
7793,-322,-1
7794,-332,0
7795,-331,-2
7796,-322,0
7797,-321,-2
7798,-318,1
7799,-302,-2
7800,-286,-2
7801,-286,0
7802,-281,-2
7803,-278,1
7804,-284,-1
7805,-296,-2
7806,-322,-2
7807,-320,-2
7808,-328,-1
7809,-328,1
7810,-342,0
7811,-329,-2
7812,-310,0
7813,-310,-2
7814,-297,0
7815,-290,-1
7816,-275,-1
7817,-281,-1
7818,-281,-2
7819,-292,0
7820,-289,-1
7821,-315,-1
7822,-346,0
7823,-343,-1
7824,-334,-2
7825,-331,1
7826,-332,-1
7827,-315,-2
7828,-282,-2
7829,-276,-1
7830,-293,-2
7831,-276,-1
7832,-278,0
7833,-291,1
7834,-306,0
7835,-330,1
7836,-331,0
7837,-340,1
7838,-343,-2
7839,-340,-1
7840,-323,-2
7841,-309,0
7842,-305,0
7843,-287,-1
7844,-266,-1
7845,-278,-1
7846,-289,0
7847,-296,-3
7848,-302,-1
7849,-302,-1
7850,-317,0
7851,-334,1
7852,-321,-1
7853,-328,-1
7854,-333,-2
7855,-311,1
7856,-309,1
7857,-295,-1
7858,-290,0
7859,-287,0
7860,-293,-2
7861,-286,0
7862,-301,-2
7863,-309,0
7864,-312,-2
7865,-331,-1
7866,-329,-1
7867,-319,0
7868,-322,0
7869,-315,0
7870,-313,0
7871,-313,0
7872,-300,-2
7873,-289,1
7874,-302,-2
7875,-297,0
7876,-289,-2
7877,-291,0
7878,-298,0
7879,-314,-1
7880,-309,0
7881,-313,-1
7882,-312,1
7883,-316,-2
7884,-299,-1
7885,-310,-1
7886,-315,1
7887,-304,0
7888,-296,1
7889,-296,1
7890,-307,0
7891,-302,-2
7892,-290,1
7893,-298,0
7894,-316,-1
7895,-319,-2
7896,-312,-2
7897,-320,-2
7898,-329,-2
7899,-323,-1
7900,-310,-1
7901,-307,-2
7902,-312,0
7903,-312,-2
7904,-297,1
7905,-296,-1
7906,-305,-1
7907,-290,0
7908,-292,-1
7909,-307,1
7910,-319,0
7911,-327,-2
7912,-326,-1
7913,-320,1
7914,-316,1
7915,-330,0
7916,-308,0
7917,-310,-1
7918,-299,1
7919,-292,-1
7920,-299,-1
7921,-295,-2
7922,-294,-2
7923,-296,-2
7924,-312,-1
7925,-326,-1
7926,-337,-1
7927,-328,1
7928,-335,0
7929,-326,0
7930,-322,-1
7931,-299,0
7932,-291,-1
7933,-284,-1
7934,-296,-1
7935,-296,-1
7936,-285,-2
7937,-293,-1
7938,-320,0
7939,-322,1
7940,-318,0
7941,-325,-2
7942,-335,-1
7943,-331,-1
7944,-314,-2
7945,-314,-1
7946,-298,1
7947,-283,-1
7948,-275,0
7949,-291,0
7950,-310,-1
7951,-305,-1
7952,-313,-2
7953,-323,-1
7954,-334,0
7955,-328,-2
7956,-316,1
7957,-328,-2
7958,-324,0
7959,-316,0
7960,-299,-1
7961,-301,0
7962,-294,0
7963,-296,-2
7964,-305,-1
7965,-310,-1
7966,-308,-1
7967,-314,0
7968,-320,0
7969,-323,1
7970,-315,-2
7971,-315,-1
7972,-307,-3
7973,-317,-2
7974,-313,1
7975,-316,0
7976,-310,0
7977,-310,-2
7978,-316,-2
7979,-303,-1
7980,-292,1
7981,-311,-1
7982,-320,-2
7983,-310,-1
7984,-317,-2
7985,-316,-2
7986,-310,-2
7987,-310,-3
7988,-302,1
7989,-316,1
7990,-323,1
7991,-318,-4
7992,-315,-2
7993,-314,0
7994,-310,-2
7995,-298,-2
7996,-290,1
7997,-296,-1
7998,-315,-2
7999,-313,-2
8000,-306,1
8001,-318,0
8002,-313,-2
8003,-331,-2
8004,-314,0
8005,-321,-4
8006,-314,-1
8007,-313,0
8008,-305,0
8009,-295,0
8010,-296,-1
8011,-286,-2
8012,-290,1
8013,-303,-2
8014,-322,-2
8015,-327,-1
8016,-330,1
8017,-331,0
8018,-334,0
8019,-322,-1
8020,-306,-1
8021,-307,0
8022,-304,-2
8023,-293,-2
8024,-283,0
8025,-290,0
8026,-286,-2
8027,-308,0
8028,-305,-2
8029,-322,0
8030,-328,-2
8031,-339,-1
8032,-337,-2
8033,-334,1
8034,-316,-2
8035,-295,-2
8036,-283,0
8037,-295,1
8038,-300,1
8039,-288,1
8040,-296,0
8041,-299,-1
8042,-325,-1
8043,-330,-1
8044,-320,-1
8045,-331,0
8046,-337,0
8047,-330,1
8048,-321,2
8049,-306,-2
8050,-296,1
8051,-294,-2
8052,-272,-1
8053,-285,-2
8054,-313,-1
8055,-305,-1
8056,-314,-1
8057,-319,-2
8058,-325,0
8059,-332,0
8060,-324,1
8061,-320,0
8062,-328,-3
8063,-316,-2
8064,-305,-1
8065,-308,1
8066,-302,0
8067,-293,2
8068,-289,0
8069,-313,-2
8070,-313,-2
8071,-327,-2
8072,-320,-1
8073,-325,-1
8074,-316,-2
8075,-319,0
8076,-317,-1
8077,-314,-2
8078,-315,-2
8079,-308,-2
8080,-308,1
8081,-303,0
8082,-302,0
8083,-304,-2
8084,-284,-1
8085,-305,0
8086,-318,-1
8087,-319,0
8088,-320,-1
8089,-327,0
8090,-322,-1
8091,-326,1
8092,-317,-1
8093,-324,-2
8094,-333,0
8095,-311,-2
8096,-306,-1
8097,-310,-1
8098,-310,1
8099,-292,1
8100,-283,-3
8101,-305,0
8102,-322,-1
8103,-326,-2
8104,-319,1
8105,-329,-1
8106,-337,-1
8107,-329,1
8108,-313,-1
8109,-319,1
8110,-320,-1
8111,-303,0
8112,-291,-1
8113,-284,-1
8114,-296,-1
8115,-292,1
8116,-281,-2
8117,-319,-2
8118,-344,1
8119,-334,1
8120,-342,0
8121,-340,-2
8122,-328,1
8123,-322,1
8124,-296,-2
8125,-303,-1
8126,-302,-2
8127,-290,1
8128,-287,-1
8129,-296,-2
8130,-302,0
8131,-310,0
8132,-325,1
8133,-339,0
8134,-354,1
8135,-342,-1
8136,-334,0
8137,-322,-1
8138,-316,-1
8139,-290,0
8140,-275,-1
8141,-296,-2
8142,-296,1
8143,-308,0
8144,-310,-1
8145,-315,0
8146,-328,0
8147,-323,-1
8148,-313,-2
8149,-343,-1
8150,-343,-1
8151,-332,0
8152,-318,1
8153,-300,-1
8154,-290,1
8155,-280,-1
8156,-292,-2
8157,-302,-2
8158,-312,2
8159,-316,-1
8160,-323,1
8161,-324,-2
8162,-328,-1
8163,-323,0
8164,-322,0
8165,-322,-1
8166,-331,-1
8167,-318,-1
8168,-293,-2
8169,-303,-1
8170,-305,0
8171,-287,0
8172,-287,-1
8173,-309,1
8174,-316,0
8175,-327,-2
8176,-329,0
8177,-316,0
8178,-322,1
8179,-307,-3
8180,-325,1
8181,-325,-2
8182,-328,-1
8183,-311,-1
8184,-312,-1
8185,-310,-1
8186,-303,-2
8187,-293,-1
8188,-292,-1
8189,-308,1
8190,-327,-2
8191,-327,1
8192,-318,-2
8193,-328,-2
8194,-328,-1
8195,-328,-2
8196,-322,0
8197,-319,0
8198,-322,-2
8199,-315,1
8200,-308,0
8201,-308,1
8202,-299,0
8203,-283,-1
8204,-294,-2
8205,-311,-2
8206,-328,1
8207,-328,-1
8208,-337,0
8209,-342,0
8210,-344,0
8211,-320,-1
8212,-309,-2
8213,-308,-2
8214,-312,1
8215,-290,-2
8216,-287,-2
8217,-281,0
8218,-295,0
8219,-290,-2
8220,-297,0
8221,-330,0
8222,-347,1
8223,-335,-2
8224,-338,-1
8225,-329,0
8226,-327,-1
8227,-309,0
8228,-285,1
8229,-290,0
8230,-288,0
8231,-290,-1
8232,-284,-1
8233,-292,-1
8234,-318,-2
8235,-316,-1
8236,-333,-2
8237,-337,1
8238,-361,1
8239,-343,0
8240,-331,-2
8241,-316,-2
8242,-301,-2
8243,-278,-1
8244,-275,-3
8245,-283,1
8246,-287,0
8247,-291,1
8248,-305,-1
8249,-322,-2
8250,-331,0
8251,-334,-2
8252,-341,-1
8253,-330,-1
8254,-347,-2
8255,-322,-2
8256,-312,-2
8257,-284,-1
8258,-288,0
8259,-273,-1
8260,-278,-1
8261,-291,-1
8262,-322,-2
8263,-325,0
8264,-331,-1
8265,-347,1
8266,-344,-1
8267,-330,-1
8268,-324,-2
8269,-328,-2
8270,-328,-1
8271,-298,1
8272,-290,-2
8273,-287,-1
8274,-290,-1
8275,-278,-2
8276,-284,1
8277,-307,0
8278,-336,-1
8279,-325,1
8280,-329,-1
8281,-331,1
8282,-327,0
8283,-319,1
8284,-310,-2
8285,-309,-2
8286,-312,-2
8287,-296,-4
8288,-296,0
8289,-296,0
8290,-301,1
8291,-296,1
8292,-311,-1
8293,-316,0
8294,-334,0
8295,-327,-2
8296,-322,-1
8297,-319,-1
8298,-334,0
8299,-316,-2
8300,-311,-1
8301,-305,1
8302,-315,0
8303,-304,0
8304,-299,-3
8305,-302,-1
8306,-294,-2
8307,-293,-1
8308,-309,-2
8309,-323,-1
8310,-333,-2
8311,-329,0
8312,-331,1
8313,-331,-2
8314,-326,-2
8315,-303,1
8316,-302,1
8317,-302,-2
8318,-307,-1
8319,-299,0
8320,-292,1
8321,-295,1
8322,-308,0
8323,-313,-2
8324,-321,-1
8325,-334,-3
8326,-346,-2
8327,-334,-1
8328,-340,1
8329,-322,-1
8330,-302,-2
8331,-286,1
8332,-289,-2
8333,-284,0
8334,-311,-2
8335,-299,-1
8336,-296,0
8337,-309,-2
8338,-333,-2
8339,-324,0
8340,-328,-1
8341,-339,0
8342,-355,1
8343,-337,-1
8344,-313,1
8345,-291,0
8346,-296,0
8347,-283,-2
8348,-285,1
8349,-289,-1
8350,-309,1
8351,-313,-2
8352,-334,0
8353,-338,0
8354,-343,0
8355,-335,-2
8356,-349,1
8357,-325,-1
8358,-325,-1
8359,-310,0
8360,-294,0
8361,-293,-1
8362,-287,1
8363,-277,-1
8364,-299,1
8365,-313,1
8366,-334,1
8367,-337,0
8368,-330,0
8369,-337,1
8370,-345,1
8371,-313,-1
8372,-319,0
8373,-308,0
8374,-310,0
8375,-296,0
8376,-296,-1
8377,-287,-2
8378,-313,-1
8379,-307,-1
8380,-308,1
8381,-331,0
8382,-346,0
8383,-337,0
8384,-330,-1
8385,-328,0
8386,-314,-1
8387,-305,0
8388,-294,-1
8389,-310,-2
8390,-309,-1
8391,-309,-1
8392,-303,0
8393,-310,-2
8394,-313,-2
8395,-310,-2
8396,-317,-2
8397,-319,-2
8398,-326,-1
8399,-334,0
8400,-316,0
8401,-320,-2
8402,-319,-1
8403,-309,-1
8404,-313,-1
8405,-304,0
8406,-316,0
8407,-318,-2
8408,-311,1
8409,-312,-2
8410,-318,-2
8411,-310,2
8412,-322,-1
8413,-328,1
8414,-346,-2
8415,-334,-1
8416,-332,1
8417,-332,1
8418,-319,-2
8419,-308,-1
8420,-305,-3
8421,-302,-1
8422,-304,-2
8423,-297,-2
8424,-298,-1
8425,-312,1
8426,-319,1
8427,-316,0
8428,-330,-1
8429,-339,0
8430,-342,-1
8431,-339,-2
8432,-328,-2
8433,-316,-1
8434,-307,0
8435,-290,-1
8436,-296,0
8437,-296,-1
8438,-307,-2
8439,-310,-3
8440,-319,1
8441,-324,-1
8442,-342,1
8443,-331,-1
8444,-340,0
8445,-343,-2
8446,-330,-1
8447,-323,0
8448,-299,1
8449,-290,0
8450,-293,0
8451,-278,0
8452,-290,1
8453,-290,1
8454,-325,-1
8455,-328,1
8456,-331,-2
8457,-335,-1
8458,-342,-1
8459,-313,0
8460,-340,1
8461,-319,-1
8462,-316,-2
8463,-305,1
8464,-285,0
8465,-297,0
8466,-303,1
8467,-289,-1
8468,-308,-2
8469,-332,-2
8470,-342,0
8471,-349,0
8472,-335,-2
8473,-333,0
8474,-330,-3
8475,-303,-2
8476,-307,-1
8477,-302,0
8478,-310,-2
8479,-296,1
8480,-307,0
8481,-305,-2
8482,-315,0
8483,-310,-1
8484,-320,1
8485,-330,-2
8486,-341,1
8487,-328,-2
8488,-325,-2
8489,-316,-1
8490,-313,1
8491,-299,-1
8492,-307,-2
8493,-301,-2
8494,-316,1
8495,-321,-1
8496,-318,0
8497,-305,0
8498,-315,1
8499,-309,-2
8500,-328,0
8501,-328,-1
8502,-326,-1
8503,-332,-2
8504,-313,0
8505,-322,2
8506,-320,-1
8507,-299,-1
8508,-313,-2
8509,-316,1
8510,-326,-2
8511,-314,1
8512,-303,-1
8513,-306,-2
8514,-313,1
8515,-300,-1
8516,-318,-1
8517,-328,0
8518,-326,0
8519,-340,0
8520,-332,-1
8521,-333,-1
8522,-322,-2
8523,-310,-1
8524,-320,0
8525,-306,-2
8526,-307,0
8527,-303,-2
8528,-299,1
8529,-322,0
8530,-313,0
8531,-307,-2
8532,-328,1
8533,-337,0
8534,-346,0
8535,-337,0
8536,-319,0
8537,-321,-2
8538,-312,-1
8539,-285,0
8540,-293,1
8541,-298,-1
8542,-302,0
8543,-313,-1
8544,-322,-2
8545,-322,0
8546,-340,-1
8547,-327,-2
8548,-337,0
8549,-343,-1
8550,-341,-2
8551,-328,0
8552,-312,0
8553,-318,1
8554,-304,1
8555,-293,1
8556,-298,1
8557,-305,-2
8558,-322,-1
8559,-340,1
8560,-334,0
8561,-333,0
8562,-335,0
8563,-324,2
8564,-331,0
8565,-329,-1
8566,-328,1
8567,-316,0
8568,-296,-1
8569,-292,-2
8570,-302,0
8571,-293,0
8572,-306,-1
8573,-327,-2
8574,-335,1
8575,-337,-2
8576,-341,-1
8577,-341,-1
8578,-336,1
8579,-307,1
8580,-316,-1
8581,-319,0
8582,-303,1
8583,-316,0
8584,-312,0
8585,-308,0
8586,-316,-2
8587,-308,0
8588,-323,-2
8589,-329,-1
8590,-343,-2
8591,-330,0
8592,-326,-2
8593,-325,1
8594,-328,-2
8595,-301,1
8596,-310,0
8597,-312,-1
8598,-316,-1
8599,-324,-3
8600,-313,0
8601,-313,0
8602,-321,-2
8603,-308,0
8604,-322,0
8605,-325,-2
8606,-339,1
8607,-340,1
8608,-340,-1
8609,-343,-1
8610,-328,1
8611,-313,-1
8612,-321,0
8613,-313,-2
8614,-320,0
8615,-314,-2
8616,-303,-1
8617,-303,-2
8618,-313,0
8619,-310,-2
8620,-329,1
8621,-328,1
8622,-340,0
8623,-349,2
8624,-330,1
8625,-320,1
8626,-310,-2
8627,-296,1
8628,-296,1
8629,-293,0
8630,-304,-1
8631,-321,0
8632,-316,2
8633,-329,-2
8634,-332,0
8635,-336,0
8636,-345,-2
8637,-344,-2
8638,-349,-2
8639,-328,-1
8640,-318,-1
8641,-317,-1
8642,-308,0
8643,-280,-2
8644,-288,-2
8645,-295,0
8646,-312,-2
8647,-324,-2
8648,-329,-2
8649,-342,-2
8650,-349,-1
8651,-340,1
8652,-344,-2
8653,-337,-1
8654,-331,1
8655,-319,0
8656,-304,-2
8657,-290,-2
8658,-293,-2
8659,-285,0
8660,-308,-2
8661,-312,1
8662,-337,-1
8663,-351,0
8664,-352,0
8665,-356,-1
8666,-349,2
8667,-319,0
8668,-319,-2
8669,-322,-2
8670,-308,1
8671,-307,-1
8672,-293,0
8673,-292,-2
8674,-314,0
8675,-300,-1
8676,-325,1
8677,-351,-1
8678,-343,-2
8679,-356,1
8680,-344,-2
8681,-331,0
8682,-325,0
8683,-308,0
8684,-300,-2
8685,-296,0
8686,-314,1
8687,-313,0
8688,-312,1
8689,-310,1
8690,-322,0
8691,-318,1
8692,-338,-2
8693,-338,-1
8694,-337,-2
8695,-331,-2
8696,-329,0
8697,-315,0
8698,-312,0
8699,-290,0
8700,-301,-2
8701,-313,-2
8702,-315,-4
8703,-324,1
8704,-310,-1
8705,-324,2
8706,-329,-1
8707,-317,-2
8708,-328,-1
8709,-328,-2
8710,-328,1
8711,-340,1
8712,-319,-1
8713,-316,0
8714,-313,0
8715,-308,1
8716,-308,0
8717,-316,1
8718,-326,-2
8719,-319,1
8720,-314,-2
8721,-327,-2
8722,-319,1
8723,-304,-1
8724,-326,0
8725,-328,0
8726,-338,0
8727,-333,0
8728,-313,-2
8729,-318,1
8730,-310,0
8731,-293,-2
8732,-308,1
8733,-303,-2
8734,-310,-1
8735,-322,-2
8736,-321,1
8737,-318,1
8738,-337,-1
8739,-315,0
8740,-325,0
8741,-333,-1
8742,-334,-2
8743,-331,-2
8744,-314,-1
8745,-308,-1
8746,-308,0
8747,-293,-1
8748,-299,-1
8749,-305,-1
8750,-322,1
8751,-331,1
8752,-332,1
8753,-335,1
8754,-332,-2
8755,-320,0
8756,-339,0
8757,-327,-1
8758,-321,-2
8759,-320,-1
8760,-302,1
8761,-297,0
8762,-305,-2
8763,-288,-2
8764,-304,0
8765,-319,-1
8766,-343,1
8767,-349,0
8768,-329,1
8769,-337,0
8770,-333,-2
8771,-313,-1
8772,-321,-2
8773,-309,-1
8774,-309,-2
8775,-307,-2
8776,-302,0
8777,-303,1
8778,-319,0
8779,-313,-2
8780,-337,0
8781,-337,0
8782,-339,0
8783,-348,0
8784,-337,-2
8785,-323,-1
8786,-326,1
8787,-301,-2
8788,-305,-1
8789,-314,-1
8790,-321,0
8791,-323,1
8792,-319,-1
8793,-316,1
8794,-316,-3
8795,-313,-2
8796,-329,-1
8797,-335,0
8798,-338,0
8799,-333,-1
8800,-329,0
8801,-320,1
8802,-314,0
8803,-314,-1
8804,-326,-2
8805,-327,-2
8806,-328,-1
8807,-317,0
8808,-325,0
8809,-319,-2
8810,-327,-2
8811,-319,-2
8812,-325,-2
8813,-334,-1
8814,-344,-1
8815,-338,-2
8816,-331,0
8817,-334,-1
8818,-331,-1
8819,-305,1
8820,-313,-1
8821,-320,-2
8822,-319,-2
8823,-313,-2
8824,-312,-1
8825,-316,0
8826,-318,0
8827,-312,0
8828,-325,0
8829,-345,-1
8830,-348,-3
8831,-346,-1
8832,-327,0
8833,-322,0
8834,-322,-1
8835,-306,-1
8836,-297,1
8837,-300,-2
8838,-312,1
8839,-319,-1
8840,-324,-1
8841,-333,0
8842,-343,1
8843,-331,1
8844,-348,-1
8845,-361,0
8846,-340,-2
8847,-325,-2
8848,-313,-1
8849,-301,-2
8850,-297,-2
8851,-283,1
8852,-287,0
8853,-311,0
8854,-328,-1
8855,-343,-1
8856,-336,1
8857,-346,0
8858,-349,-2
8859,-340,1
8860,-334,-1
8861,-332,-2
8862,-326,-1
8863,-304,-2
8864,-292,-2
8865,-295,-1
8866,-298,1
8867,-283,-1
8868,-323,0
8869,-331,-1
8870,-347,-1
8871,-363,-2
8872,-345,0
8873,-349,0
8874,-341,1
8875,-313,0
8876,-310,-2
8877,-311,-1
8878,-308,0
8879,-295,-1
8880,-302,-2
8881,-305,-1
8882,-321,-1
8883,-317,0
8884,-340,-1
8885,-355,-2
8886,-348,1
8887,-355,-1
8888,-334,-2
8889,-330,0
8890,-314,-2
8891,-293,1
8892,-289,-2
8893,-307,1
8894,-315,-3
8895,-314,-2
8896,-319,0
8897,-319,-1
8898,-328,-2
8899,-338,-2
8900,-334,-2
8901,-346,-2
8902,-338,1
8903,-334,-2
8904,-317,-1
8905,-308,-1
8906,-307,-3
8907,-297,-2
8908,-305,-1
8909,-310,-1
8910,-320,-2
8911,-319,-3
8912,-329,-2
8913,-320,-2
8914,-328,0
8915,-325,-1
8916,-323,-1
8917,-343,-2
8918,-332,0
8919,-329,-2
8920,-319,-2
8921,-319,-3
8922,-308,-1
8923,-298,0
8924,-308,-1
8925,-328,-2
8926,-325,1
8927,-316,-2
8928,-333,-2
8929,-339,1
8930,-334,-1
8931,-327,-2
8932,-340,0
8933,-343,-2
8934,-332,1
8935,-311,1
8936,-308,-2
8937,-302,-2
8938,-310,-1
8939,-292,-1
8940,-298,0
8941,-324,0
8942,-326,-1
8943,-325,1
8944,-337,-1
8945,-337,0
8946,-344,1
8947,-331,-2
8948,-332,-2
8949,-342,1
8950,-323,-2
8951,-313,-1
8952,-307,0
8953,-304,0
8954,-300,-2
8955,-299,1
8956,-311,0
8957,-335,-2
8958,-343,-2
8959,-351,-1
8960,-353,-1
8961,-344,-1
8962,-346,-2
8963,-331,-1
8964,-331,1
8965,-322,-3
8966,-307,-2
8967,-295,1
8968,-293,-2
8969,-307,0
8970,-308,0
8971,-317,-1
8972,-340,-1
8973,-357,-2
8974,-359,-2
8975,-344,-1
8976,-343,-2
8977,-333,1
8978,-317,-1
8979,-304,-2
8980,-301,0
8981,-313,0
8982,-304,-1
8983,-296,-1
8984,-308,0
8985,-330,-2
8986,-346,0
8987,-330,-2
8988,-340,0
8989,-343,-2
8990,-350,-1
8991,-337,0
8992,-322,-2
8993,-312,1
8994,-299,-1
8995,-283,-2
8996,-298,0
8997,-314,-1
8998,-317,-2
8999,-324,0
9000,-330,-2
9001,-337,-1
9002,-342,-1
9003,-325,1
9004,-326,0
9005,-339,1
9006,-332,-1
9007,-319,0
9008,-319,0
9009,-305,0
9010,-315,-2
9011,-302,0
9012,-318,-1
9013,-335,-2
9014,-331,-1
9015,-334,-2
9016,-333,-1
9017,-330,-3
9018,-334,-2
9019,-320,-2
9020,-323,-1
9021,-334,0
9022,-329,-2
9023,-313,1
9024,-313,-3
9025,-311,-2
9026,-317,-1
9027,-308,-2
9028,-321,-2
9029,-329,0
9030,-320,-2
9031,-323,1
9032,-324,-2
9033,-334,-1
9034,-316,-2
9035,-316,-1
9036,-331,1
9037,-339,-2
9038,-334,-2
9039,-316,-2
9040,-321,1
9041,-323,-1
9042,-314,-2
9043,-290,-1
9044,-315,1
9045,-332,-1
9046,-329,1
9047,-326,0
9048,-325,-2
9049,-337,-1
9050,-341,0
9051,-331,1
9052,-328,-2
9053,-336,-1
9054,-325,0
9055,-306,2
9056,-313,-2
9057,-302,0
9058,-305,2
9059,-300,-2
9060,-316,-1
9061,-332,1
9062,-337,0
9063,-334,-2
9064,-331,1
9065,-345,-1
9066,-343,1
9067,-325,1
9068,-316,-2
9069,-322,-3
9070,-310,-3
9071,-302,-1
9072,-304,0
9073,-297,-2
9074,-329,1
9075,-326,2
9076,-334,-1
9077,-352,0
9078,-346,0
9079,-342,1
9080,-344,0
9081,-321,-2
9082,-319,0
9083,-303,0
9084,-310,1
9085,-308,-2
9086,-313,-1
9087,-299,-1
9088,-316,-4
9089,-325,0
9090,-322,0
9091,-328,-1
9092,-340,-1
9093,-355,-2
9094,-343,-1
9095,-328,-1
9096,-325,-2
9097,-324,-1
9098,-314,0
9099,-303,-2
9100,-319,-1
9101,-326,-2
9102,-317,-2
9103,-324,-1
9104,-332,-1
9105,-339,-1
9106,-334,-2
9107,-321,0
9108,-329,1
9109,-351,1
9110,-337,-1
9111,-313,1
9112,-322,0
9113,-314,0
9114,-317,-1
9115,-308,-2
9116,-319,-2
9117,-328,0
9118,-331,-1
9119,-316,1
9120,-327,-2
9121,-332,-2
9122,-334,1
9123,-322,1
9124,-323,-1
9125,-340,-1
9126,-334,-1
9127,-321,-2
9128,-317,-1
9129,-324,0
9130,-316,1
9131,-296,-1
9132,-317,-1
9133,-325,0
9134,-322,1
9135,-331,1
9136,-335,-1
9137,-328,-1
9138,-332,-1
9139,-323,0
9140,-331,0
9141,-349,-1
9142,-325,-2
9143,-316,1
9144,-319,-2
9145,-316,0
9146,-303,-2
9147,-292,1
9148,-310,1
9149,-333,0
9150,-343,-1
9151,-338,-2
9152,-334,-2
9153,-346,0
9154,-348,-2
9155,-341,1
9156,-332,0
9157,-328,0
9158,-312,-1
9159,-310,-1
9160,-305,-2
9161,-298,-2
9162,-305,1
9163,-304,-1
9164,-327,-1
9165,-350,1
9166,-353,-1
9167,-350,1
9168,-349,0
9169,-349,0
9170,-337,1
9171,-312,0
9172,-307,0
9173,-314,-2
9174,-300,-1
9175,-305,-2
9176,-296,1
9177,-302,-1
9178,-325,1
9179,-335,-2
9180,-344,-2
9181,-359,1
9182,-352,-2
9183,-341,0
9184,-343,-1
9185,-328,1
9186,-307,0
9187,-295,1
9188,-296,1
9189,-305,0
9190,-305,0
9191,-303,0
9192,-333,-2
9193,-334,1
9194,-346,0
9195,-341,-1
9196,-347,1
9197,-347,-1
9198,-337,-1
9199,-319,2
9200,-308,1
9201,-305,0
9202,-305,0
9203,-291,0
9204,-302,1
9205,-323,0
9206,-334,0
9207,-334,-2
9208,-339,-2
9209,-342,-1
9210,-343,-2
9211,-328,-2
9212,-328,-1
9213,-346,1
9214,-328,-1
9215,-305,1
9216,-304,0
9217,-311,0
9218,-317,0
9219,-319,-2
9220,-322,-2
9221,-339,0
9222,-346,-2
9223,-339,1
9224,-332,-1
9225,-343,1
9226,-325,-2
9227,-317,0
9228,-321,-1
9229,-327,-3
9230,-323,0
9231,-310,-1
9232,-319,-3
9233,-325,-2
9234,-313,1
9235,-314,1
9236,-323,-1
9237,-342,-1
9238,-338,-1
9239,-330,0
9240,-338,-1
9241,-326,-3
9242,-337,0
9243,-331,1
9244,-328,-2
9245,-334,-1
9246,-327,0
9247,-328,-2
9248,-325,-2
9249,-322,-2
9250,-313,0
9251,-317,1
9252,-325,-1
9253,-335,1
9254,-328,1
9255,-325,-2
9256,-341,0
9257,-333,1
9258,-334,-1
9259,-320,-2
9260,-328,0
9261,-337,0
9262,-318,-1
9263,-314,-2
9264,-320,-2
9265,-322,-2
9266,-331,0
9267,-322,0
9268,-338,-2
9269,-343,0
9270,-340,1
9271,-347,-2
9272,-349,0
9273,-338,1
9274,-328,-1
9275,-315,0
9276,-319,0
9277,-319,-2
9278,-320,-2
9279,-316,-2
9280,-320,-2
9281,-323,-1
9282,-338,-2
9283,-328,-2
9284,-343,0
9285,-346,1
9286,-338,-2
9287,-340,0
9288,-328,-1
9289,-323,-2
9290,-312,-1
9291,-313,-1
9292,-315,1
9293,-313,-1
9294,-325,1
9295,-311,-1
9296,-331,-1
9297,-340,-1
9298,-329,0
9299,-334,0
9300,-331,-2
9301,-335,-1
9302,-331,0
9303,-332,2
9304,-323,0
9305,-325,1
9306,-314,-1
9307,-308,-2
9308,-320,1
9309,-324,-1
9310,-334,0
9311,-323,-2
9312,-334,0
9313,-336,-2
9314,-331,-1
9315,-322,1
9316,-327,0
9317,-333,-2
9318,-327,1
9319,-322,-1
9320,-316,1
9321,-326,-2
9322,-328,0
9323,-322,-1
9324,-326,-2
9325,-328,1
9326,-329,2
9327,-327,0
9328,-331,-2
9329,-329,-2
9330,-329,1
9331,-328,1
9332,-346,-2
9333,-350,-2
9334,-330,0
9335,-327,-2
9336,-330,-2
9337,-331,1
9338,-325,-1
9339,-304,1
9340,-310,1
9341,-328,-1
9342,-327,-1
9343,-325,1
9344,-338,1
9345,-335,0
9346,-349,-1
9347,-337,-3
9348,-346,0
9349,-346,-2
9350,-337,0
9351,-327,1
9352,-322,-1
9353,-309,1
9354,-300,-1
9355,-310,-3
9356,-318,1
9357,-338,-3
9358,-336,2
9359,-345,-1
9360,-358,-1
9361,-361,-1
9362,-342,0
9363,-334,-2
9364,-337,-2
9365,-320,-2
9366,-313,-3
9367,-296,-2
9368,-297,-1
9369,-300,0
9370,-309,0
9371,-301,1
9372,-334,-1
9373,-358,1
9374,-357,-2
9375,-362,-1
9376,-362,0
9377,-339,1
9378,-334,-1
9379,-305,0
9380,-305,0
9381,-310,1
9382,-311,-1
9383,-289,-1
9384,-310,-2
9385,-317,-1
9386,-342,0
9387,-343,-2
9388,-359,0
9389,-361,-2
9390,-358,-2
9391,-341,-1
9392,-330,-2
9393,-316,0
9394,-307,0
9395,-286,1
9396,-293,0
9397,-308,0
9398,-313,0
9399,-318,-2
9400,-341,0
9401,-350,1
9402,-346,1
9403,-346,-2
9404,-352,-2
9405,-356,-2
9406,-336,1
9407,-322,-1
9408,-310,-1
9409,-302,0
9410,-304,-2
9411,-295,-3
9412,-310,0
9413,-327,-1
9414,-341,1
9415,-346,0
9416,-357,1
9417,-361,0
9418,-349,-1
9419,-335,1
9420,-349,-2
9421,-331,1
9422,-323,0
9423,-305,-1
9424,-308,0
9425,-316,1
9426,-306,0
9427,-298,-2
9428,-324,0
9429,-347,0
9430,-349,0
9431,-356,0
9432,-343,-2
9433,-364,-2
9434,-339,-1
9435,-325,-2
9436,-323,0
9437,-325,-2
9438,-322,-4
9439,-313,-2
9440,-308,0
9441,-309,2
9442,-316,0
9443,-317,-1
9444,-335,-2
9445,-355,0
9446,-349,1
9447,-345,-2
9448,-345,-2
9449,-350,-1
9450,-339,1
9451,-315,-1
9452,-320,0
9453,-320,-1
9454,-311,0
9455,-303,1
9456,-300,-1
9457,-313,1
9458,-319,1
9459,-325,0
9460,-343,-1
9461,-343,-1
9462,-357,1
9463,-354,0
9464,-350,1
9465,-346,0
9466,-323,3
9467,-299,-1
9468,-309,1
9469,-313,-2
9470,-303,0
9471,-316,-2
9472,-324,-1
9473,-324,-2
9474,-337,0
9475,-327,-1
9476,-364,-1
9477,-361,-2
9478,-355,-1
9479,-340,0
9480,-330,1
9481,-311,0
9482,-302,1
9483,-281,-2
9484,-303,1
9485,-310,-2
9486,-319,0
9487,-320,0
9488,-343,2
9489,-349,1
9490,-357,0
9491,-345,1
9492,-346,1
9493,-354,3
9494,-348,0
9495,-322,-1
9496,-302,0
9497,-304,-2
9498,-291,0
9499,-291,1
9500,-313,-1
9501,-327,-3
9502,-345,0
9503,-357,-2
9504,-365,-1
9505,-369,-1
9506,-349,1
9507,-326,1
9508,-336,1
9509,-327,-2
9510,-312,0
9511,-305,1
9512,-301,-1
9513,-302,0
9514,-312,1
9515,-321,1
9516,-333,-1
9517,-352,0
9518,-367,-2
9519,-363,-2
9520,-347,0
9521,-340,-1
9522,-331,-2
9523,-324,-1
9524,-323,-1
9525,-321,-2
9526,-316,0
9527,-313,-1
9528,-325,1
9529,-332,-2
9530,-330,0
9531,-331,-2
9532,-355,1
9533,-356,-1
9534,-352,-1
9535,-333,-2
9536,-332,0
9537,-328,-2
9538,-320,0
9539,-303,0
9540,-323,0
9541,-324,0
9542,-322,-1
9543,-332,0
9544,-327,-2
9545,-330,-2
9546,-340,-1
9547,-322,0
9548,-339,-1
9549,-346,-1
9550,-343,-2
9551,-328,0
9552,-334,-2
9553,-334,0
9554,-319,0
9555,-319,1
9556,-321,-1
9557,-331,-1
9558,-334,0
9559,-329,0
9560,-331,-1
9561,-325,-1
9562,-331,-2
9563,-313,1
9564,-331,0
9565,-348,1
9566,-349,0
9567,-337,0
9568,-334,1
9569,-331,1
9570,-330,-1
9571,-312,-1
9572,-323,0
9573,-328,0
9574,-322,-2
9575,-321,-2
9576,-326,1
9577,-327,-1
9578,-325,0
9579,-331,-2
9580,-349,-1
9581,-364,-2
9582,-350,-1
9583,-340,1
9584,-329,-2
9585,-316,0
9586,-310,1
9587,-308,-4
9588,-316,-1
9589,-319,-2
9590,-322,-1
9591,-321,0
9592,-344,-1
9593,-354,-1
9594,-333,-2
9595,-328,0
9596,-359,-2
9597,-345,-2
9598,-331,1
9599,-322,-2
9600,-316,-1
9601,-310,3
9602,-301,0
9603,-291,0
9604,-316,-2
9605,-344,-1
9606,-340,-2
9607,-343,2
9608,-349,-2
9609,-350,-2
9610,-339,-1
9611,-322,-2
9612,-343,0
9613,-338,-2
9614,-318,0
9615,-319,-2
9616,-319,-1
9617,-314,0
9618,-310,0
9619,-322,0
9620,-338,1
9621,-352,0
9622,-352,-2
9623,-346,-1
9624,-346,-1
9625,-334,1
9626,-318,-2
9627,-318,-1
9628,-320,1
9629,-328,0
9630,-332,0
9631,-319,0
9632,-331,-1
9633,-319,0
9634,-319,-1
9635,-323,0
9636,-344,-1
9637,-343,-1
9638,-348,1
9639,-335,-1
9640,-344,-1
9641,-328,1
9642,-332,0
9643,-327,0
9644,-331,1
9645,-331,-1
9646,-337,-1
9647,-322,-2
9648,-327,-2
9649,-328,1
9650,-322,-2
9651,-311,1
9652,-322,0
9653,-346,-2
9654,-340,-2
9655,-347,0
9656,-346,1
9657,-342,1
9658,-328,-1
9659,-328,-1
9660,-332,1
9661,-339,-2
9662,-331,0
9663,-312,-2
9664,-319,1
9665,-325,-2
9666,-323,-1
9667,-328,-1
9668,-340,-1
9669,-355,0
9670,-357,0
9671,-346,-3
9672,-337,-2
9673,-336,-1
9674,-319,-2
9675,-304,-2
9676,-317,-1
9677,-324,1
9678,-321,0
9679,-314,1
9680,-323,0
9681,-331,-2
9682,-329,-2
9683,-343,0
9684,-342,-1
9685,-364,-1
9686,-346,-3
9687,-334,-2
9688,-322,1
9689,-316,-2
9690,-305,1
9691,-296,-2
9692,-305,2
9693,-325,-1
9694,-334,0
9695,-328,-2
9696,-341,0
9697,-364,-1
9698,-350,-2
9699,-345,1
9700,-350,-2
9701,-356,-1
9702,-327,-1
9703,-319,1
9704,-314,-1
9705,-310,-1
9706,-302,1
9707,-305,-1
9708,-319,-1
9709,-346,-1
9710,-348,-1
9711,-351,0
9712,-358,-1
9713,-348,1
9714,-334,-3
9715,-330,-2
9716,-337,-1
9717,-337,-2
9718,-316,-2
9719,-313,-1
9720,-328,1
9721,-323,-2
9722,-321,1
9723,-346,0
9724,-355,0
9725,-355,1
9726,-356,-1
9727,-349,0
9728,-348,1
9729,-343,0
9730,-329,-2
9731,-316,-2
9732,-322,0
9733,-328,1
9734,-328,0
9735,-334,-1
9736,-317,0
9737,-324,2
9738,-335,0
9739,-348,0
9740,-346,0
9741,-351,0
9742,-348,1
9743,-343,-2
9744,-341,1
9745,-326,0
9746,-325,-2
9747,-327,1
9748,-322,-2
9749,-338,1
9750,-336,1
9751,-327,-2
9752,-331,-2
9753,-330,-2
9754,-333,-2
9755,-332,-1
9756,-333,0
9757,-351,-1
9758,-338,-1
9759,-347,-2
9760,-339,-1
9761,-337,-1
9762,-328,-2
9763,-323,-1
9764,-334,-1
9765,-341,0
9766,-323,-1
9767,-325,-2
9768,-329,-1
9769,-331,0
9770,-328,-2
9771,-333,-3
9772,-343,0
9773,-351,1
9774,-348,1
9775,-342,0
9776,-326,1
9777,-334,-1
9778,-322,0
9779,-316,1
9780,-322,-2
9781,-322,1
9782,-322,-1
9783,-319,-2
9784,-333,-1
9785,-341,0
9786,-331,-2
9787,-349,-2
9788,-353,0
9789,-361,1
9790,-341,-2
9791,-325,-1
9792,-331,0
9793,-331,0
9794,-313,-1
9795,-303,0
9796,-316,0
9797,-334,-1
9798,-336,-2
9799,-340,-1
9800,-342,-1
9801,-354,-1
9802,-346,0
9803,-358,-1
9804,-343,-2
9805,-338,1
9806,-330,-1
9807,-322,-1
9808,-310,-1
9809,-310,-2
9810,-304,-2
9811,-316,0
9812,-338,-2
9813,-352,-2
9814,-346,1
9815,-346,0
9816,-350,-1
9817,-352,1
9818,-336,-2
9819,-340,0
9820,-319,0
9821,-327,-2
9822,-330,-1
9823,-301,1
9824,-327,1
9825,-330,0
9826,-322,-1
9827,-329,0
9828,-343,-1
9829,-356,-1
9830,-345,0
9831,-342,-2
9832,-337,0
9833,-338,-2
9834,-323,0
9835,-323,-1
9836,-327,-2
9837,-340,-2
9838,-327,0
9839,-328,0
9840,-321,-1
9841,-337,-1
9842,-328,-1
9843,-335,0
9844,-332,0
9845,-347,-1
9846,-343,0
9847,-340,-1
9848,-336,1
9849,-330,-2
9850,-320,1
9851,-331,-2
9852,-326,0
9853,-330,-2
9854,-330,-1
9855,-325,1
9856,-334,1
9857,-325,-2
9858,-322,-1
9859,-339,1
9860,-340,-2
9861,-347,-2
9862,-357,0
9863,-360,-1
9864,-344,0
9865,-340,-2
9866,-331,1
9867,-324,-2
9868,-331,0
9869,-327,0
9870,-316,0
9871,-313,0
9872,-327,-2
9873,-331,-1
9874,-332,0
9875,-342,1
9876,-361,0
9877,-375,-1
9878,-366,1
9879,-352,-1
9880,-339,-1
9881,-331,-1
9882,-314,-1
9883,-316,1
9884,-299,1
9885,-321,-2
9886,-327,-1
9887,-321,-1
9888,-334,-1
9889,-352,0
9890,-340,1
9891,-363,1
9892,-370,0
9893,-365,-1
9894,-358,0
9895,-328,-1
9896,-318,1
9897,-314,-1
9898,-300,1
9899,-305,1
9900,-311,-2
9901,-341,-2
9902,-347,-1
9903,-356,-1
9904,-354,0
9905,-369,-1
9906,-364,-1
9907,-361,-2
9908,-350,1
9909,-343,0
9910,-325,-1
9911,-309,-2
9912,-313,-2
9913,-305,-2
9914,-299,-2
9915,-327,0
9916,-341,0
9917,-367,-2
9918,-372,1
9919,-361,1
9920,-380,0
9921,-364,0
9922,-339,-2
9923,-334,0
9924,-322,1
9925,-319,-2
9926,-310,0
9927,-313,1
9928,-310,0
9929,-331,-2
9930,-325,-1
9931,-349,-1
9932,-367,0
9933,-376,-1
9934,-370,-2
9935,-359,0
9936,-358,-2
9937,-336,1
9938,-309,0
9939,-313,-1
9940,-314,0
9941,-317,-1
9942,-317,-1
9943,-316,0
9944,-333,-3
9945,-337,1
9946,-334,1
9947,-353,-1
9948,-355,-1
9949,-364,0
9950,-355,0
9951,-356,-2
9952,-339,0
9953,-334,1
9954,-303,-1
9955,-316,1
9956,-322,-1
9957,-325,-2
9958,-336,0
9959,-331,0
9960,-334,0
9961,-349,-2
9962,-329,1
9963,-350,-2
9964,-355,-1
9965,-353,-1
9966,-346,1
9967,-328,-1
9968,-326,-2
9969,-307,0
9970,-308,-1
9971,-316,1
9972,-321,0
9973,-328,1
9974,-337,0
9975,-337,-1
9976,-349,0
9977,-349,-2
9978,-348,-1
9979,-354,-1
9980,-367,-2
9981,-352,1
9982,-341,0
9983,-322,1
9984,-322,1
9985,-313,2
9986,-299,-2
9987,-307,-1
9988,-319,-1
9989,-342,-1
9990,-348,-1
9991,-361,-2
9992,-362,0
9993,-365,1
9994,-347,-1
9995,-355,0
9996,-338,-2
9997,-344,0
9998,-325,1
9999,-308,0
10000,-299,-2
10001,-308,1
10002,-303,1
10003,-331,-2
10004,-346,-1
10005,-365,-2
10006,-362,1
10007,-367,0
10008,-369,2
10009,-357,-2
10010,-337,-1
10011,-329,-1
10012,-312,1
10013,-320,-3
10014,-314,1
10015,-305,-1
10016,-314,-1
10017,-328,1
10018,-338,1
10019,-356,1
10020,-368,-2
10021,-370,1
10022,-380,0
10023,-354,1
10024,-342,1
10025,-334,-1
10026,-299,-2
10027,-301,-2
10028,-304,-2
10029,-310,-2
10030,-319,-1
10031,-331,1
10032,-339,1
10033,-359,-2
10034,-340,1
10035,-360,1
10036,-370,0
10037,-364,-2
10038,-341,-2
10039,-327,0
10040,-324,0
10041,-312,1
10042,-297,0
10043,-310,0
10044,-310,-2
10045,-331,-2
10046,-342,-2
10047,-346,1
10048,-352,-1
10049,-359,-1
10050,-340,0
10051,-346,-1
10052,-338,-1
10053,-338,-1
10054,-327,-2
10055,-326,0
10056,-324,1
10057,-319,0
10058,-308,-2
10059,-330,0
10060,-341,1
10061,-344,0
10062,-343,1
10063,-348,0
10064,-342,-1
10065,-342,1
10066,-329,-2
10067,-330,-1
10068,-338,-1
10069,-337,0
10070,-340,-4
10071,-330,1
10072,-318,1
10073,-329,0
10074,-322,-1
10075,-336,-1
10076,-335,-1
10077,-343,-2
10078,-342,-1
10079,-346,-1
10080,-338,-2
10081,-327,0
10082,-316,1
10083,-331,-1
10084,-340,-1
10085,-346,1
10086,-341,0
10087,-337,0
10088,-337,-1
10089,-329,0
10090,-313,-2
10091,-328,-1
10092,-335,-1
10093,-349,0
10094,-356,-1
10095,-338,1
10096,-344,-2
10097,-346,-1
10098,-340,1
10099,-337,-1
10100,-331,1
10101,-334,-1
10102,-340,1
10103,-331,0
10104,-319,-2
10105,-324,-1
10106,-313,-1
10107,-331,-1
10108,-341,-3
10109,-348,-1
10110,-352,-2
10111,-354,0
10112,-344,-2
10113,-334,-1
10114,-330,1
10115,-318,-1
10116,-325,-1
10117,-328,-1
10118,-323,0
10119,-318,0
10120,-318,-2
10121,-325,1
10122,-325,-1
10123,-344,1
10124,-346,-2
10125,-357,-1
10126,-357,-1
10127,-345,-1
10128,-331,-1
10129,-334,-3
10130,-310,-1
10131,-310,1
10132,-321,0
10133,-325,0
10134,-343,-2
10135,-334,0
10136,-346,-1
10137,-343,-3
10138,-332,0
10139,-337,0
10140,-349,-2
10141,-349,-1
10142,-343,-1
10143,-332,1
10144,-328,0
10145,-328,1
10146,-303,-2
10147,-321,0
10148,-334,0
10149,-339,0
10150,-332,-2
10151,-334,1
10152,-353,0
10153,-351,1
10154,-335,0
10155,-340,0
10156,-349,-2
10157,-345,-2
10158,-341,-1
10159,-332,1
10160,-328,-1
10161,-334,0
10162,-323,0
10163,-327,0
10164,-338,1
10165,-342,-2
10166,-340,-2
10167,-331,-1
10168,-346,1
10169,-340,-2
10170,-328,-1
10171,-340,-2
10172,-358,0
10173,-352,0
10174,-346,-2
10175,-345,1
10176,-338,0
10177,-331,1
10178,-325,-4
10179,-329,1
10180,-324,0
10181,-331,1
10182,-343,0
10183,-339,1
10184,-337,-1
10185,-345,0
10186,-331,-3
10187,-349,1
10188,-353,-1
10189,-354,1
10190,-348,-1
10191,-336,-1
10192,-319,1
10193,-322,0
10194,-308,1
10195,-316,-1
10196,-328,-2
10197,-332,-1
10198,-343,-2
10199,-346,-2
10200,-352,0
10201,-350,0
10202,-351,-1
10203,-352,0
10204,-345,-1
10205,-334,-1
10206,-328,0
10207,-317,-1
10208,-306,-1
10209,-313,-3
10210,-311,1
10211,-331,-2
10212,-346,-2
10213,-355,1
10214,-367,-2
10215,-357,-3
10216,-355,1
10217,-352,0
10218,-323,1
10219,-323,-2
10220,-325,-2
10221,-317,-1
10222,-322,-1
10223,-316,0
10224,-319,-2
10225,-331,0
10226,-328,-2
10227,-344,-1
10228,-346,-1
10229,-358,-2
10230,-359,0
10231,-349,-1
10232,-335,-1
10233,-340,-1
10234,-308,0
10235,-315,-2
10236,-318,-1
10237,-326,-2
10238,-328,0
10239,-332,0
10240,-337,1
10241,-352,-1
10242,-343,1
10243,-346,1
10244,-355,1
10245,-358,0
10246,-352,-1
10247,-328,-1
10248,-328,-2
10249,-316,-2
10250,-310,0
10251,-327,-4
10252,-323,0
10253,-333,1
10254,-340,-1
10255,-337,1
10256,-346,-2
10257,-352,1
10258,-331,1
10259,-331,1
10260,-350,2
10261,-347,-3
10262,-347,-1
10263,-339,1
10264,-337,-1
10265,-334,-1
10266,-322,-2
10267,-325,-1
10268,-337,1
10269,-346,-1
10270,-341,-2
10271,-341,-2
10272,-349,-2
10273,-334,1
10274,-327,-1
10275,-337,-1
10276,-350,-2
10277,-348,0
10278,-345,0
10279,-333,1
10280,-334,-1
10281,-329,-1
10282,-311,-1
10283,-316,1
10284,-330,-2
10285,-333,-2
10286,-341,-1
10287,-340,-2
10288,-343,-1
10289,-344,-2
10290,-343,-2
10291,-351,0
10292,-358,1
10293,-348,1
10294,-340,0
10295,-336,-1
10296,-317,0
10297,-308,-2
10298,-299,0
10299,-316,1
10300,-344,-3
10301,-345,0
10302,-353,-2
10303,-353,-1
10304,-355,1
10305,-364,1
10306,-346,-1
10307,-336,1
10308,-339,1
10309,-330,-1
10310,-322,-1
10311,-317,0
10312,-313,0
10313,-316,-1
10314,-313,0
10315,-339,-2
10316,-359,-3
10317,-361,-2
10318,-372,0
10319,-360,-2
10320,-355,-1
10321,-349,1
10322,-325,-2
10323,-329,0
10324,-323,0
10325,-318,-1
10326,-328,-2
10327,-311,1
10328,-320,-2
10329,-334,0
10330,-347,-1
10331,-356,0
10332,-366,1
10333,-365,-1
10334,-357,-2
10335,-355,-1
10336,-331,-2
10337,-325,-2
10338,-313,1
10339,-314,-2
10340,-319,-1
10341,-311,1
10342,-329,0
10343,-335,-1
10344,-346,1
10345,-349,-2
10346,-356,0
10347,-353,0
10348,-366,0
10349,-365,-2
10350,-345,-1
10351,-328,0
10352,-323,-1
10353,-327,-2
10354,-321,1
10355,-323,-2
10356,-337,-2
10357,-332,-1
10358,-346,0
10359,-352,-2
10360,-349,-1
10361,-353,0
10362,-343,0
10363,-349,-1
10364,-358,0
10365,-342,-1
10366,-325,1
10367,-332,-1
10368,-329,-1
10369,-328,-2
10370,-322,1
10371,-321,-2
10372,-349,0
10373,-346,0
10374,-341,-2
10375,-346,1
10376,-352,1
10377,-358,0
10378,-337,1
10379,-354,1
10380,-356,1
10381,-351,0
10382,-335,1
10383,-325,-1
10384,-340,-2
10385,-334,1
10386,-312,1
10387,-324,0
10388,-339,-1
10389,-355,1
10390,-343,-3
10391,-348,1
10392,-358,-1
10393,-356,0
10394,-337,1
10395,-340,0
10396,-346,-1
10397,-332,0
10398,-318,-2
10399,-324,-2
10400,-324,0
10401,-322,-1
10402,-323,0
10403,-333,-1
10404,-361,-1
10405,-368,-2
10406,-361,-1
10407,-375,0
10408,-373,2
10409,-356,1
10410,-345,-2
10411,-336,-1
10412,-332,-1
10413,-319,1
10414,-320,0
10415,-312,1
10416,-318,0
10417,-328,-3
10418,-334,-1
10419,-350,-2
10420,-374,-2
10421,-374,0
10422,-364,0
10423,-362,-2
10424,-356,-1
10425,-331,-1
10426,-301,1
10427,-312,-2
10428,-315,1
10429,-314,-2
10430,-322,-2
10431,-331,-2
10432,-338,-1
10433,-358,0
10434,-350,-2
10435,-364,-1
10436,-378,-1
10437,-367,-1
10438,-354,1
10439,-341,-1
10440,-327,-1
10441,-316,0
10442,-316,2
10443,-306,-1
10444,-319,-1
10445,-330,-2
10446,-334,-2
10447,-354,-2
10448,-354,0
10449,-362,-1
10450,-363,-2
10451,-363,1
10452,-369,-1
10453,-343,-2
10454,-332,0
10455,-313,0
10456,-316,0
10457,-319,-1
10458,-305,0
10459,-321,1
10460,-345,-1
10461,-341,-1
10462,-365,0
10463,-361,-1
10464,-355,-1
10465,-359,-2
10466,-348,0
10467,-349,-1
10468,-348,-2
10469,-337,-2
10470,-325,-1
10471,-321,1
10472,-336,-2
10473,-326,1
10474,-331,-1
10475,-339,1
10476,-364,-2
10477,-358,-2
10478,-351,0
10479,-356,0
10480,-351,0
10481,-353,-1
10482,-343,-2
10483,-340,-1
10484,-354,-1
10485,-343,0
10486,-330,-1
10487,-328,-1
10488,-346,-1
10489,-331,-1
10490,-318,1
10491,-336,0
10492,-364,-2
10493,-359,-2
10494,-351,-1
10495,-359,-1
10496,-367,0
10497,-355,0
10498,-332,-2
10499,-337,0
10500,-349,1
10501,-328,-1
10502,-316,-1
10503,-319,-2
10504,-322,0
10505,-330,-1
10506,-329,-2
10507,-340,1
10508,-368,0
10509,-362,-3
10510,-355,0
10511,-372,-1
10512,-357,-2
10513,-342,-1
10514,-323,0
10515,-325,1
10516,-321,0
10517,-326,0
10518,-316,-1
10519,-325,0
10520,-335,1
10521,-349,2
10522,-345,0
10523,-376,-2
10524,-385,1
10525,-368,-1
10526,-357,-2
10527,-349,-1
10528,-338,-1
10529,-321,-2
10530,-306,0
10531,-314,0
10532,-328,1
10533,-323,-1
10534,-328,-2
10535,-352,-1
10536,-361,0
10537,-360,0
10538,-362,0
10539,-366,-2
10540,-372,-2
10541,-354,-2
10542,-331,-2
10543,-328,-2
10544,-325,-1
10545,-320,2
10546,-306,-1
10547,-323,-2
10548,-337,1
10549,-351,-2
10550,-360,1
10551,-364,1
10552,-364,1
10553,-363,-1
10554,-352,0
10555,-346,-1
10556,-352,0
10557,-331,-2
10558,-328,0
10559,-315,0
10560,-313,-1
10561,-331,1
10562,-334,0
10563,-334,-2
10564,-366,1
10565,-363,0
10566,-366,-2
10567,-361,0
10568,-355,-1
10569,-338,0
10570,-336,-1
10571,-331,1
10572,-340,-1
10573,-333,-1
10574,-326,-2
10575,-327,-2
10576,-338,0
10577,-347,1
10578,-337,0
10579,-351,0
10580,-364,-1
10581,-367,0
10582,-350,1
10583,-346,0
10584,-339,1
10585,-329,-1
10586,-331,2
10587,-331,-1
10588,-341,-1
10589,-342,0
10590,-338,0
10591,-334,0
10592,-337,1
10593,-337,-2
10594,-334,-2
10595,-342,1
10596,-357,1
10597,-355,-2
10598,-347,-1
10599,-356,-2
10600,-343,-1
10601,-355,0
10602,-325,0
10603,-328,0
10604,-356,-1
10605,-343,-1
10606,-328,3
10607,-340,-1
10608,-348,-2
10609,-343,-1
10610,-343,-2
10611,-350,0
10612,-357,-2
10613,-361,-1
10614,-352,-1
10615,-352,0
10616,-341,-1
10617,-337,-2
10618,-327,-1
10619,-329,0
10620,-340,-2
10621,-334,1
10622,-323,-1
10623,-338,0
10624,-335,-2
10625,-351,0
10626,-347,-1
10627,-358,0
10628,-369,-2
10629,-356,0
10630,-352,1
10631,-346,1
10632,-330,-2
10633,-327,-2
10634,-317,-2
10635,-330,0
10636,-340,0
10637,-334,-2
10638,-344,-1
10639,-365,-2
10640,-362,-1
10641,-357,-2
10642,-348,0
10643,-357,1
10644,-366,0
10645,-352,-2
10646,-329,-2
10647,-331,-2
10648,-328,0
10649,-323,-2
10650,-332,-1
10651,-335,1
10652,-350,-1
10653,-355,-2
10654,-363,-2
10655,-350,1
10656,-361,1
10657,-353,-2
10658,-342,1
10659,-352,1
10660,-342,2
10661,-330,-2
10662,-332,1
10663,-325,-1
10664,-335,0
10665,-340,-2
10666,-334,-2
10667,-355,-3
10668,-352,-2
10669,-362,0
10670,-349,0
10671,-354,0
10672,-350,-2
10673,-344,1
10674,-339,-1
10675,-328,1
10676,-344,-2
10677,-338,-1
10678,-345,-2
10679,-342,-2
10680,-346,-1
10681,-335,0
10682,-349,-1
10683,-340,1
10684,-349,0
10685,-358,-2
10686,-341,-2
10687,-339,-1
10688,-345,0
10689,-338,-1
10690,-330,-2
10691,-344,-2
10692,-358,-2
10693,-346,-2
10694,-339,0
10695,-340,-1
10696,-337,-2
10697,-339,1
10698,-328,-1
10699,-342,1
10700,-358,-2
10701,-348,-2
10702,-351,1
10703,-358,0
10704,-361,-2
10705,-346,-1
10706,-344,1
10707,-344,-1
10708,-355,1
10709,-349,0
10710,-328,-2
10711,-333,1
10712,-338,-1
10713,-345,0
10714,-334,-1
10715,-346,-1
10716,-363,-1
10717,-366,-2
10718,-364,-2
10719,-365,-2
10720,-359,1
10721,-345,-2
10722,-323,0
10723,-330,0
10724,-341,0
10725,-325,-1
10726,-327,1
10727,-329,-1
10728,-340,-2
10729,-355,0
10730,-355,2
10731,-361,-1
10732,-375,-2
10733,-361,-1
10734,-360,0
10735,-343,-1
10736,-337,-2
10737,-328,-2
10738,-308,-1
10739,-316,-2
10740,-325,-1
10741,-337,1
10742,-335,0
10743,-352,0
10744,-364,-2
10745,-355,-1
10746,-356,-2
10747,-373,1
10748,-369,-1
10749,-354,-1
10750,-331,-2
10751,-342,0
10752,-324,1
10753,-324,-2
10754,-319,-2
10755,-338,-2
10756,-355,-1
10757,-355,0
10758,-364,-2
10759,-371,-2
10760,-361,0
10761,-355,-2
10762,-347,-1
10763,-346,-1
10764,-348,-1
10765,-342,0
10766,-329,-2
10767,-334,-1
10768,-329,-1
10769,-334,0
10770,-339,0
10771,-338,-2
10772,-364,0
10773,-356,1
10774,-361,0
10775,-355,-2
10776,-353,-2
10777,-349,-1
10778,-352,0
10779,-342,-1
10780,-342,0
10781,-346,-1
10782,-344,0
10783,-348,-1
10784,-338,-2
10785,-334,0
10786,-338,0
10787,-348,1
10788,-355,-1
10789,-366,1
10790,-350,1
10791,-353,0
10792,-349,0
10793,-361,0
10794,-337,0
10795,-344,0
10796,-352,1
10797,-349,0
10798,-333,0
10799,-325,0
10800,-333,1
10801,-341,-1
10802,-338,2
10803,-341,0
10804,-349,-1
10805,-364,0
10806,-361,0
10807,-367,0
10808,-355,0
10809,-348,-2
10810,-337,0
10811,-338,1
10812,-334,-2
10813,-331,2
10814,-321,-2
10815,-323,-1
10816,-338,1
10817,-338,-1
10818,-338,-1
10819,-361,1
10820,-375,0
10821,-372,-1
10822,-364,1
10823,-357,-1
10824,-355,-1
10825,-329,-1
10826,-306,1
10827,-324,1
10828,-325,-2
10829,-319,1
10830,-325,-3
10831,-342,-2
10832,-360,-2
10833,-364,-2
10834,-361,1
10835,-364,-2
10836,-375,-2
10837,-364,0
10838,-338,0
10839,-334,-2
10840,-328,0
10841,-309,0
10842,-308,0
10843,-315,1
10844,-333,-1
10845,-350,0
10846,-355,-2
10847,-368,-2
10848,-367,-1
10849,-367,-1
10850,-354,-1
10851,-366,0
10852,-354,1
10853,-340,-1
10854,-333,1
10855,-320,-1
10856,-326,0
10857,-321,1
10858,-316,1
10859,-343,1
10860,-364,-1
10861,-368,-1
10862,-370,1
10863,-378,-1
10864,-367,-2
10865,-359,-1
10866,-350,1
10867,-346,-1
10868,-343,-2
10869,-327,-2
10870,-319,0
10871,-330,-2
10872,-339,1
10873,-337,-2
10874,-344,-2
10875,-364,0
10876,-367,2
10877,-370,-1
10878,-369,1
10879,-354,-2
10880,-349,1
10881,-340,-1
10882,-328,-1
10883,-332,-1
10884,-334,1
10885,-335,0
10886,-334,0
10887,-342,-2
10888,-337,-1
10889,-358,-2
10890,-348,-2
10891,-360,-2
10892,-365,-1
10893,-355,-1
10894,-361,-2
10895,-355,-1
10896,-346,1
10897,-342,1
10898,-325,0
10899,-334,-1
10900,-340,0
10901,-340,-1
10902,-332,-2
10903,-331,0
10904,-340,0
10905,-352,1
10906,-337,-2
10907,-358,-1
10908,-362,-2
10909,-371,-1
10910,-361,0
10911,-346,-2
10912,-351,-1
10913,-337,-1
10914,-334,1
10915,-341,0
10916,-329,-2
10917,-337,1
10918,-332,-2
10919,-359,-2
10920,-355,1
10921,-344,-2
10922,-355,1
10923,-369,0
10924,-368,-1
10925,-366,0
10926,-346,-3
10927,-334,-1
10928,-336,0
10929,-322,0
10930,-305,-1
10931,-323,-1
10932,-337,-2
10933,-346,0
10934,-339,0
10935,-347,0
10936,-367,-1
10937,-364,-1
10938,-353,0
10939,-364,0
10940,-369,-1
10941,-349,1
10942,-329,0
10943,-331,-2
10944,-325,1
10945,-318,0
10946,-316,0
10947,-332,-2
10948,-352,-1
10949,-366,0
10950,-368,-1
10951,-371,-1
10952,-379,-2
10953,-366,1
10954,-353,-2
10955,-355,1
10956,-342,1
10957,-326,-1
10958,-325,-1
10959,-327,-1
10960,-322,0
10961,-336,0
10962,-334,-2
10963,-350,-1
10964,-380,0
10965,-369,-1
10966,-370,-2
10967,-355,0
10968,-356,-1
10969,-348,-1
10970,-322,-1
10971,-330,-2
10972,-333,0
10973,-334,-2
10974,-335,-2
10975,-344,-1
10976,-348,-1
10977,-349,0
10978,-352,0
10979,-367,-3
10980,-371,-2
10981,-366,1
10982,-353,0
10983,-348,-1
10984,-342,1
10985,-332,-2
10986,-312,-1
10987,-331,0
10988,-346,0
10989,-350,-1
10990,-346,0
10991,-346,0
10992,-352,1
10993,-354,-2
10994,-350,-2
10995,-348,-1
10996,-354,-2
10997,-360,-1
10998,-350,-2
10999,-349,-2
11000,-339,-2
11001,-338,0
11002,-333,1
11003,-351,-1
11004,-354,1
11005,-355,1
11006,-341,1
11007,-340,1
11008,-343,-1
11009,-340,-1
11010,-337,-1
11011,-346,-1
11012,-358,-2
11013,-362,0
11014,-350,0
11015,-350,-1
11016,-351,-1
11017,-335,0
11018,-317,-1
11019,-337,1
11020,-343,0
11021,-337,-1
11022,-340,1
11023,-333,-2
11024,-341,1
11025,-352,-2
11026,-355,-1
11027,-359,-2
11028,-378,0
11029,-366,0
11030,-359,-2
11031,-344,-1
11032,-346,1
11033,-322,0
11034,-322,0
11035,-322,-2
11036,-340,-2
11037,-349,1
11038,-352,-1
11039,-361,0
11040,-360,1
11041,-358,1
11042,-349,0
11043,-373,0
11044,-366,-2
11045,-352,-2
11046,-333,-1
11047,-328,-2
11048,-328,-1
11049,-312,-1
11050,-303,-1
11051,-339,1
11052,-349,0
11053,-370,-2
11054,-357,-2
11055,-371,-2
11056,-378,-2
11057,-354,-1
11058,-340,0
11059,-349,1
11060,-347,1
11061,-334,2
11062,-325,0
11063,-317,-1
11064,-324,-2
11065,-326,-2
11066,-333,-2
11067,-358,0
11068,-378,-2
11069,-379,-2
11070,-375,0
11071,-365,0
11072,-354,1
11073,-335,-1
11074,-328,-2
11075,-338,-2
11076,-331,-2
11077,-329,0
11078,-328,-2
11079,-335,0
11080,-336,1
11081,-345,-1
11082,-350,-1
11083,-369,-1
11084,-370,0
11085,-367,-2
11086,-358,0
11087,-357,0
11088,-346,-1
11089,-316,-1
11090,-317,-2
11091,-340,-1
11092,-349,-1
11093,-341,-1
11094,-332,-1
11095,-348,-2
11096,-360,-1
11097,-352,1
11098,-352,-1
11099,-355,0
11100,-369,0
11101,-352,-1
11102,-346,1
11103,-349,-2
11104,-335,0
11105,-327,0
11106,-327,1
11107,-332,0
11108,-341,0
11109,-339,-1
11110,-328,0
11111,-347,-1
11112,-352,-2
11113,-351,-2
11114,-352,0
11115,-358,1
11116,-369,-1
11117,-352,1
11118,-350,0
11119,-335,-2
11120,-341,-2
11121,-324,0
11122,-322,0
11123,-335,-2
11124,-343,-2
11125,-344,-1
11126,-347,1
11127,-358,-2
11128,-362,1
11129,-360,-1
11130,-366,1
11131,-364,0
11132,-361,1
11133,-358,2
11134,-337,-1
11135,-330,1
11136,-322,-1
11137,-316,-2
11138,-320,-1
11139,-319,-2
11140,-355,0
11141,-359,0
11142,-356,-2
11143,-367,0
11144,-371,0
11145,-355,-1
11146,-361,-3
11147,-349,0
11148,-350,-1
11149,-340,1
11150,-319,-2
11151,-318,-2
11152,-322,1
11153,-316,-3
11154,-334,0
11155,-361,0
11156,-374,-3
11157,-378,1
11158,-364,-2
11159,-359,0
11160,-357,1
11161,-344,0
11162,-326,-1
11163,-322,1
11164,-329,-2
11165,-325,-1
11166,-320,-1
11167,-325,1
11168,-333,1
11169,-341,0
11170,-362,-2
11171,-370,-2
11172,-381,-2
11173,-371,-1
11174,-359,-2
11175,-357,0
11176,-340,1
11177,-319,1
11178,-319,-1
11179,-329,0
11180,-336,1
11181,-341,-2
11182,-346,-2
11183,-354,-1
11184,-361,0
11185,-351,-2
11186,-361,-2
11187,-367,-2
11188,-369,0
11189,-350,-2
11190,-341,-2
11191,-337,0
11192,-322,1
11193,-325,0
11194,-320,0
11195,-349,1
11196,-358,-2
11197,-348,1
11198,-349,-1
11199,-365,0
11200,-363,1
11201,-346,-1
11202,-351,1
11203,-358,-2
11204,-364,-1
11205,-349,-2
11206,-337,-3
11207,-349,-2
11208,-343,-1
11209,-329,-1
11210,-350,-2
11211,-346,0
11212,-364,-2
11213,-352,-2
11214,-340,-1
11215,-351,0
11216,-355,1
11217,-334,-2
11218,-339,1
11219,-351,-1
11220,-355,-2
11221,-363,-2
11222,-357,-1
11223,-339,0
11224,-348,-1
11225,-335,0
11226,-336,-1
11227,-340,-2
11228,-351,0
11229,-355,1
11230,-347,0
11231,-349,-1
11232,-352,0
11233,-347,2
11234,-346,-1
11235,-355,-2
11236,-362,-1
11237,-359,-1
11238,-351,-2
11239,-349,-1
11240,-339,0
11241,-324,1
11242,-331,-1
11243,-336,0
11244,-351,1
11245,-355,1
11246,-355,0
11247,-350,-2
11248,-378,0
11249,-356,-2
11250,-349,-2
11251,-352,0
11252,-355,-1
11253,-343,1
11254,-334,-1
11255,-330,1
11256,-338,-1
11257,-318,0
11258,-334,-1
11259,-349,0
11260,-372,-1
11261,-370,0
11262,-355,1
11263,-363,-2
11264,-361,0
11265,-355,-1
11266,-333,1
11267,-345,-2
11268,-346,-1
11269,-331,1
11270,-331,-2
11271,-331,0
11272,-344,-1
11273,-333,0
11274,-353,-1
11275,-358,-2
11276,-374,1
11277,-358,-2
11278,-355,-1
11279,-365,-1
11280,-347,0
11281,-330,-2
11282,-322,-1
11283,-337,-2
11284,-344,-1
11285,-343,1
11286,-344,0
11287,-347,-2
11288,-360,0
11289,-343,-2
11290,-362,2
11291,-365,-2
11292,-369,-2
11293,-360,-2
11294,-360,-1
11295,-353,-1
11296,-340,-3
11297,-337,-2
11298,-329,-1
11299,-348,-1
11300,-358,1
11301,-352,0
11302,-343,1
11303,-350,-1
11304,-351,-2
11305,-344,0
11306,-354,-1
11307,-361,-2
11308,-369,1
11309,-367,0
11310,-357,-3
11311,-349,0
11312,-354,1
11313,-331,0
11314,-343,0
11315,-344,1
11316,-342,0
11317,-352,-2
11318,-351,-2
11319,-353,0
11320,-361,0
11321,-355,-2
11322,-365,0
11323,-369,-1
11324,-373,-2
11325,-370,1
11326,-357,0
11327,-344,-2
11328,-341,-1
11329,-325,-2
11330,-331,1
11331,-332,1
11332,-343,-1
11333,-350,-3
11334,-349,-3
11335,-363,1
11336,-369,1
11337,-365,-1
11338,-369,-2
11339,-363,0
11340,-364,-1
11341,-357,-2
11342,-335,0
11343,-342,-1
11344,-326,1
11345,-313,1
11346,-328,-1
11347,-343,0
11348,-365,-1
11349,-367,1
11350,-374,-2
11351,-378,-2
11352,-380,-2
11353,-355,-2
11354,-357,-1
11355,-341,-1
11356,-337,1
11357,-333,-1
11358,-316,-1
11359,-319,-1
11360,-328,0
11361,-328,0
11362,-352,1
11363,-370,-1
11364,-385,-1
11365,-383,-1
11366,-379,-1
11367,-376,1
11368,-364,-2
11369,-332,0
11370,-328,-1
11371,-329,-2
11372,-338,-2
11373,-334,0
11374,-325,0
11375,-342,-1
11376,-352,0
11377,-369,0
11378,-365,-1
11379,-376,-2
11380,-393,1
11381,-375,-1
11382,-358,-2
11383,-344,-1
11384,-343,1
11385,-310,1
11386,-324,-4
11387,-325,0
11388,-340,-1
11389,-344,0
11390,-350,-1
11391,-358,0
11392,-368,0
11393,-366,-2
11394,-364,-1
11395,-366,-1
11396,-364,-2
11397,-356,0
11398,-339,1
11399,-325,-1
11400,-333,-1
11401,-320,0
11402,-340,0
11403,-349,-1
11404,-355,0
11405,-370,-2
11406,-367,0
11407,-364,-1
11408,-367,-2
11409,-359,1
11410,-359,-1
11411,-358,2
11412,-360,1
11413,-356,-2
11414,-345,0
11415,-343,0
11416,-339,1
11417,-326,-2
11418,-346,-2
11419,-356,-1
11420,-355,0
11421,-369,2
11422,-360,1
11423,-362,0
11424,-364,-2
11425,-348,-1
11426,-364,-2
11427,-354,1
11428,-357,-2
11429,-352,0
11430,-347,2
11431,-347,1
11432,-340,1
11433,-325,-1
11434,-337,-2
11435,-346,-2
11436,-364,-2
11437,-375,0
11438,-369,1
11439,-367,0
11440,-372,-1
11441,-352,-2
11442,-359,-2
11443,-354,-3
11444,-353,1
11445,-352,-1
11446,-340,-1
11447,-328,-2
11448,-341,0
11449,-331,-2
11450,-352,-2
11451,-358,-1
11452,-366,0
11453,-381,-2
11454,-368,0
11455,-373,1
11456,-365,-2
11457,-354,-1
11458,-349,1
11459,-341,-2
11460,-337,-2
11461,-341,-1
11462,-337,0
11463,-334,1
11464,-349,-1
11465,-343,-2
11466,-366,0
11467,-371,-2
11468,-377,-1
11469,-372,-2
11470,-376,0
11471,-363,1
11472,-349,-1
11473,-325,0
11474,-332,-1
11475,-331,0
11476,-343,0
11477,-352,-4
11478,-341,1
11479,-344,-1
11480,-364,0
11481,-357,0
11482,-367,0
11483,-376,0
11484,-373,1
11485,-364,-2
11486,-345,-2
11487,-339,-2
11488,-334,-1
11489,-323,-2
11490,-333,-1
11491,-343,0
11492,-366,-2
11493,-355,-2
11494,-364,-2
11495,-365,-2
11496,-377,0
11497,-353,1
11498,-362,-3
11499,-355,-2
11500,-361,1
11501,-352,-1
11502,-341,-2
11503,-343,-2
11504,-345,1
11505,-337,1
11506,-346,-2
11507,-349,-2
11508,-369,-2
11509,-363,-1
11510,-354,0
11511,-366,-2
11512,-373,-2
11513,-328,0
11514,-349,-2
11515,-347,0
11516,-360,0
11517,-363,-1
11518,-352,-2
11519,-352,0
11520,-357,-2
11521,-346,-2
11522,-355,1
11523,-361,-2
11524,-364,1
11525,-361,-2
11526,-351,-2
11527,-364,-2
11528,-359,-1
11529,-347,-2
11530,-360,1
11531,-362,0
11532,-365,-2
11533,-355,-2
11534,-358,-1
11535,-355,0
11536,-336,-2
11537,-325,-2
11538,-340,-1
11539,-349,-1
11540,-349,0
11541,-352,0
11542,-361,0
11543,-367,1
11544,-384,-1
11545,-350,-1
11546,-358,-2
11547,-344,1
11548,-358,-2
11549,-348,1
11550,-335,-1
11551,-328,-2
11552,-322,-1
11553,-327,0
11554,-346,-1
11555,-365,0
11556,-361,0
11557,-378,1
11558,-386,-2
11559,-364,-2
11560,-363,-2
11561,-347,-2
11562,-346,0
11563,-338,-2
11564,-340,0
11565,-337,-2
11566,-329,0
11567,-328,-2
11568,-338,-2
11569,-348,0
11570,-355,-2
11571,-370,1
11572,-388,-2
11573,-395,0
11574,-375,0
11575,-358,-1
11576,-358,-1
11577,-333,-1
11578,-331,-2
11579,-329,1
11580,-333,-2
11581,-335,-1
11582,-340,-2
11583,-370,-3
11584,-361,0
11585,-363,-1
11586,-373,0
11587,-381,-1
11588,-378,-2
11589,-369,-1
11590,-350,-1
11591,-341,-1
11592,-330,-2
11593,-313,1
11594,-330,0
11595,-337,0
11596,-342,0
11597,-361,-2
11598,-355,1
11599,-372,-2
11600,-375,-2
11601,-360,-1
11602,-370,-2
11603,-366,-1
11604,-364,-2
11605,-354,-2
11606,-343,1
11607,-334,-1
11608,-349,-2
11609,-319,2
11610,-336,-2
11611,-338,-2
11612,-366,-1
11613,-368,1
11614,-365,-2
11615,-379,-2
11616,-375,1
11617,-343,-2
11618,-361,-2
11619,-365,-1
11620,-358,-2
11621,-355,-1
11622,-329,-1
11623,-333,-1
11624,-340,0
11625,-322,-1
11626,-334,0
11627,-351,-1
11628,-368,-2
11629,-375,-1
11630,-363,0
11631,-377,-1
11632,-362,1
11633,-364,-2
11634,-361,0
11635,-359,0
11636,-350,-1
11637,-343,1
11638,-333,-4
11639,-339,-1
11640,-328,0
11641,-325,-2
11642,-348,0
11643,-364,-2
11644,-381,-1
11645,-375,0
11646,-376,-2
11647,-384,1
11648,-379,1
11649,-340,-1
11650,-344,0
11651,-342,1
11652,-337,-2
11653,-340,0
11654,-334,1
11655,-329,1
11656,-343,0
11657,-343,0
11658,-367,-3
11659,-387,0
11660,-382,0
11661,-386,-2
11662,-383,-1
11663,-373,0
11664,-360,0
11665,-332,0
11666,-323,0
11667,-328,1
11668,-329,-1
11669,-340,-2
11670,-334,-1
11671,-346,1
11672,-369,1
11673,-370,-2
11674,-382,0
11675,-384,0
11676,-381,-2
11677,-373,-1
11678,-355,-3
11679,-334,0
11680,-321,-2
11681,-307,-2
11682,-314,1
11683,-334,1
11684,-345,-1
11685,-366,2
11686,-371,-2
11687,-375,1
11688,-390,1
11689,-382,-1
11690,-372,-1
11691,-364,1
11692,-366,1
11693,-349,1
11694,-322,0
11695,-320,0
11696,-322,0
11697,-315,-2
11698,-328,-1
11699,-359,1
11700,-373,-1
11701,-378,-1
11702,-379,-1
11703,-385,-2
11704,-382,0
11705,-350,1
11706,-352,-1
11707,-346,1
11708,-346,-1
11709,-338,-1
11710,-323,1
11711,-338,1
11712,-352,-2
11713,-337,1
11714,-361,-1
11715,-363,-1
11716,-382,-1
11717,-386,0
11718,-372,-2
11719,-361,-2
11720,-359,-2
11721,-337,1
11722,-341,-2
11723,-355,1
11724,-352,-2
11725,-347,-1
11726,-347,0
11727,-352,-2
11728,-360,1
11729,-352,2
11730,-364,-1
11731,-363,-2
11732,-359,2
11733,-358,0
11734,-347,-1
11735,-355,0
11736,-355,-1
11737,-334,-1
11738,-338,-2
11739,-352,0
11740,-355,1
11741,-352,0
11742,-352,-2
11743,-355,0
11744,-356,0
11745,-360,0
11746,-357,1
11747,-361,0
11748,-369,-2
11749,-364,-1
11750,-364,-2
11751,-354,0
11752,-353,-1
11753,-338,0
11754,-354,1
11755,-359,0
11756,-346,-1
11757,-349,0
11758,-358,-2
11759,-357,-1
11760,-354,-1
11761,-346,-2
11762,-358,0
11763,-367,2
11764,-381,-2
11765,-369,-1
11766,-356,0
11767,-367,-2
11768,-352,0
11769,-331,-2
11770,-343,-2
11771,-348,-1
11772,-359,1
11773,-350,-2
11774,-352,0
11775,-365,-2
11776,-370,1
11777,-353,-2
11778,-364,-2
11779,-373,1
11780,-375,-1
11781,-371,-1
11782,-349,-2
11783,-346,1
11784,-345,-2
11785,-327,-3
11786,-342,0
11787,-352,-2
11788,-354,0
11789,-355,-1
11790,-369,-2
11791,-372,-1
11792,-360,-1
11793,-356,-2
11794,-358,-1
11795,-370,1
11796,-364,1
11797,-349,-2
11798,-358,0
11799,-344,-1
11800,-345,0
11801,-341,0
11802,-351,-1
11803,-370,-1
11804,-371,-2
11805,-384,0
11806,-375,1
11807,-365,0
11808,-358,-2
11809,-352,0
11810,-359,0
11811,-359,-1
11812,-354,-2
11813,-351,0
11814,-349,-1
11815,-346,-1
11816,-358,-1
11817,-338,0
11818,-351,-1
11819,-360,-1
11820,-372,1
11821,-362,1
11822,-355,-2
11823,-353,-2
11824,-358,-2
11825,-349,1
11826,-355,0
11827,-370,0
11828,-367,-1
11829,-359,0
11830,-350,0
11831,-350,0
11832,-346,0
11833,-341,0
11834,-351,-1
11835,-358,-1
11836,-355,-2
11837,-361,1
11838,-358,1
11839,-362,-2
11840,-368,0
11841,-353,0
11842,-353,2
11843,-365,-1
11844,-354,0
11845,-350,-2
11846,-338,0
11847,-332,-1
11848,-348,-2
11849,-339,-2
11850,-349,-1
11851,-367,0
11852,-371,-1
11853,-376,0
11854,-381,2
11855,-375,-2
11856,-373,0
11857,-360,1
11858,-355,-2
11859,-352,-1
11860,-348,-2
11861,-341,0
11862,-330,0
11863,-344,0
11864,-346,-1
11865,-347,-2
11866,-368,1
11867,-387,-1
11868,-383,0
11869,-383,-3
11870,-370,-2
11871,-366,-2
11872,-354,1
11873,-337,-1
11874,-334,1
11875,-341,-1
11876,-343,-1
11877,-341,0
11878,-348,-1
11879,-367,-2
11880,-368,0
11881,-373,0
11882,-380,0
11883,-396,0
11884,-374,1
11885,-369,-2
11886,-349,1
11887,-334,-2
11888,-332,-2
11889,-331,0
11890,-332,0
11891,-344,0
11892,-358,1
11893,-370,-1
11894,-378,1
11895,-380,-2
11896,-390,-1
11897,-375,-2
11898,-375,-1
11899,-375,0
11900,-362,1
11901,-338,0
11902,-337,0
11903,-328,1
11904,-337,0
11905,-326,1
11906,-345,-2
11907,-368,0
11908,-377,-1
11909,-380,0
11910,-379,1
11911,-377,0
11912,-366,0
11913,-347,-1
11914,-358,-1
11915,-352,-1
11916,-345,0
11917,-343,0
11918,-343,1
11919,-347,-2
11920,-348,0
11921,-352,0
11922,-367,-1
11923,-389,0
11924,-373,1
11925,-372,1
11926,-368,-2
11927,-364,-2
11928,-366,-1
11929,-334,-1
11930,-343,-1
11931,-358,-2
11932,-355,1
11933,-343,0
11934,-349,-1
11935,-357,-1
11936,-358,-1
11937,-361,-1
11938,-367,1
11939,-383,-1
11940,-375,-2
11941,-364,0
11942,-364,-3
11943,-364,-2
11944,-355,0
11945,-348,1
11946,-350,-1
11947,-365,-1
11948,-361,1
11949,-355,0
11950,-349,0
11951,-350,-2
11952,-359,0
11953,-357,0
11954,-362,0
11955,-388,0
11956,-380,1
11957,-374,-2
11958,-368,-1
11959,-361,-2
11960,-353,1
11961,-337,-2
11962,-348,-1
11963,-360,-1
11964,-346,-2
11965,-340,-2
11966,-350,-2
11967,-361,-2
11968,-363,1
11969,-373,0
11970,-370,1
11971,-387,0
11972,-379,-2
11973,-364,-2
11974,-359,1
11975,-354,-2
11976,-340,-2
11977,-337,0
11978,-343,1
11979,-349,0
11980,-344,-3
11981,-355,1
11982,-364,-1
11983,-378,-1
11984,-381,1
11985,-364,-2
11986,-376,-1
11987,-384,0
11988,-369,-2
11989,-345,0
11990,-343,0
11991,-340,-1
11992,-340,-2
11993,-333,1
11994,-340,-1
11995,-374,0
11996,-370,-2
11997,-367,-2
11998,-381,-2
11999,-379,-2
12000,-373,0
12001,-375,-2
12002,-361,-2
12003,-368,-1
12004,-346,-1
12005,-342,0
12006,-327,1
12007,-340,0
12008,-352,1
12009,-336,0
12010,-348,0
12011,-387,-1
12012,-379,0
12013,-376,1
12014,-372,0
12015,-369,0
12016,-364,-1
12017,-351,-2
12018,-345,1
12019,-364,-2
12020,-346,-2
12021,-343,0
12022,-352,1
12023,-349,2
12024,-361,1
12025,-356,1
12026,-359,-2
12027,-389,1
12028,-375,0
12029,-374,-1
12030,-360,1
12031,-373,-1
12032,-360,-2
12033,-343,1
12034,-346,-1
12035,-367,1
12036,-369,-2
12037,-355,1
12038,-349,-2
12039,-355,0
12040,-358,0
12041,-349,0
12042,-358,0
12043,-372,0
12044,-373,-1
12045,-368,-3
12046,-365,-1
12047,-372,0
12048,-360,0
12049,-350,0
12050,-361,0
12051,-371,-1
12052,-363,0
12053,-340,1
12054,-349,-1
12055,-347,-1
12056,-358,0
12057,-351,0
12058,-368,-1
12059,-373,1
12060,-391,-2
12061,-373,-1
12062,-371,0
12063,-364,1
12064,-361,1
12065,-350,1
12066,-341,0
12067,-356,0
12068,-346,1
12069,-346,-2
12070,-355,0
12071,-363,-2
12072,-363,0
12073,-369,1
12074,-389,-3
12075,-401,0
12076,-387,-1
12077,-374,0
12078,-361,0
12079,-353,-1
12080,-345,0
12081,-322,-1
12082,-334,1
12083,-347,0
12084,-350,0
12085,-360,-1
12086,-378,2
12087,-387,-2
12088,-386,-1
12089,-384,-1
12090,-385,-2
12091,-393,-2
12092,-374,-2
12093,-339,-1
12094,-339,0
12095,-340,1
12096,-331,1
12097,-317,1
12098,-343,-1
12099,-377,-2
12100,-378,-2
12101,-381,0
12102,-384,-1
12103,-396,1
12104,-394,-2
12105,-372,1
12106,-362,0
12107,-359,1
12108,-349,0
12109,-337,1
12110,-334,-1
12111,-345,-2
12112,-345,1
12113,-352,-2
12114,-367,0
12115,-387,-2
12116,-388,-2
12117,-392,-2
12118,-388,1
12119,-376,-2
12120,-363,-2
12121,-350,-2
12122,-349,-3
12123,-360,-2
12124,-343,-2
12125,-343,0
12126,-348,-2
12127,-347,-2
12128,-348,1
12129,-361,-1
12130,-373,0
12131,-387,-1
12132,-384,0
12133,-371,-1
12134,-369,0
12135,-370,-1
12136,-343,-1
12137,-331,-2
12138,-347,0
12139,-352,0
12140,-353,1
12141,-351,0
12142,-349,-1
12143,-361,0
12144,-373,0
12145,-366,0
12146,-373,-1
12147,-385,0
12148,-386,0
12149,-374,0
12150,-361,-1
12151,-360,1
12152,-353,-2
12153,-337,-2
12154,-346,-1
12155,-359,0
12156,-355,0
12157,-351,0
12158,-358,-1
12159,-366,-2
12160,-375,-3
12161,-369,0
12162,-378,-1
12163,-381,-1
12164,-381,1
12165,-361,0
12166,-361,1
12167,-343,0
12168,-348,1
12169,-334,0
12170,-344,-2
12171,-355,-1
12172,-355,1
12173,-359,1
12174,-381,-2
12175,-390,1
12176,-383,0
12177,-387,0
12178,-393,0
12179,-393,1
12180,-372,0
12181,-354,-1
12182,-331,-2
12183,-341,-2
12184,-334,0
12185,-329,-1
12186,-338,-1
12187,-372,0
12188,-382,-1
12189,-384,1
12190,-396,0
12191,-392,1
12192,-386,1
12193,-373,-1
12194,-366,-2
12195,-363,-1
12196,-346,0
12197,-336,1
12198,-337,-1
12199,-335,0
12200,-337,-1
12201,-356,-2
12202,-367,-2
12203,-394,1
12204,-394,-1
12205,-389,-2
12206,-396,0
12207,-390,1
12208,-370,0
12209,-349,1
12210,-341,-1
12211,-349,-1
12212,-336,-1
12213,-334,-1
12214,-341,-2
12215,-355,-2
12216,-369,1
12217,-358,0
12218,-378,1
12219,-402,0
12220,-386,-1
12221,-377,0
12222,-372,1
12223,-358,0
12224,-347,-2
12225,-325,-2
12226,-334,0
12227,-346,0
12228,-360,1
12229,-364,-1
12230,-361,-1
12231,-378,-2
12232,-379,-1
12233,-387,-2
12234,-383,-2
12235,-390,-1
12236,-371,-4
12237,-361,-1
12238,-353,-1
12239,-349,-1
12240,-339,-2
12241,-339,1
12242,-349,-2
12243,-361,-1
12244,-358,0
12245,-369,0
12246,-372,-2
12247,-384,0
12248,-370,1
12249,-365,-2
12250,-365,0
12251,-375,-2
12252,-363,-2
12253,-346,1
12254,-352,-2
12255,-350,0
12256,-353,-1
12257,-353,-2
12258,-360,-1
12259,-372,1
12260,-371,0
12261,-374,-2
12262,-376,-1
12263,-367,1
12264,-371,-1
12265,-358,0
12266,-364,-1
12267,-375,-1
12268,-375,0
12269,-351,-2
12270,-356,-1
12271,-357,0
12272,-358,0
12273,-353,-2
12274,-361,0
12275,-367,-2
12276,-365,-2
12277,-375,-2
12278,-369,-1
12279,-364,1
12280,-379,-1
12281,-365,-2
12282,-373,-1
12283,-371,-2
12284,-374,-2
12285,-355,0
12286,-360,-1
12287,-353,-3
12288,-358,0
12289,-350,-1
12290,-366,-1
12291,-383,-1
12292,-376,-1
12293,-375,-1
12294,-376,-2
12295,-375,-2
12296,-381,1
12297,-368,-1
12298,-364,-1
12299,-354,-2
12300,-356,1
12301,-347,-2
12302,-358,1
12303,-360,-1
12304,-353,0
12305,-358,-3
12306,-369,0
12307,-382,-1
12308,-377,-3
12309,-378,0
12310,-369,-1
12311,-368,-2
12312,-363,-1
12313,-340,-2
12314,-345,-1
12315,-363,1
12316,-356,-2
12317,-358,-2
12318,-362,-2
12319,-366,-2
12320,-375,-1
12321,-374,0
12322,-370,1
12323,-381,-1
12324,-378,1
12325,-363,-2
12326,-356,0
12327,-358,1
12328,-349,-2
12329,-347,-1
12330,-358,-2
12331,-370,1
12332,-368,-1
12333,-359,-1
12334,-370,-2
12335,-370,1
12336,-367,-2
12337,-355,-1
12338,-364,-2
12339,-369,1
12340,-361,-1
12341,-365,0
12342,-364,0
12343,-360,-1
12344,-364,-1
12345,-354,0
12346,-366,-1
12347,-379,-1
12348,-362,-2
12349,-364,0
12350,-366,-2
12351,-354,-1
12352,-364,-1
12353,-348,-1
12354,-360,1
12355,-374,-1
12356,-374,-3
12357,-367,1
12358,-370,1
12359,-364,0
12360,-362,-1
12361,-357,1
12362,-367,-1
12363,-361,2
12364,-358,-1
12365,-349,-1
12366,-362,-2
12367,-355,-2
12368,-358,0
12369,-368,0
12370,-384,-2
12371,-381,-1
12372,-387,1
12373,-381,1
12374,-373,0
12375,-361,-1
12376,-353,-2
12377,-346,-3
12378,-344,-2
12379,-352,-1
12380,-358,1
12381,-357,-2
12382,-356,1
12383,-372,1
12384,-369,-1
12385,-380,-2
12386,-389,-2
12387,-386,1
12388,-373,1
12389,-357,-2
12390,-354,-1
12391,-344,-1
12392,-335,-2
12393,-330,-1
12394,-346,0
12395,-363,0
12396,-372,0
12397,-370,-1
12398,-387,-1
12399,-396,-1
12400,-384,-1
12401,-367,-1
12402,-366,1
12403,-358,-2
12404,-348,0
12405,-337,0
12406,-335,0
12407,-331,-2
12408,-335,-1
12409,-349,-2
12410,-370,-1
12411,-381,-2
12412,-386,0
12413,-383,-1
12414,-382,-1
12415,-371,0
12416,-376,-2
12417,-345,0
12418,-340,0
12419,-343,0
12420,-346,0
12421,-341,0
12422,-349,1
12423,-354,1
12424,-357,-1
12425,-370,-1
12426,-378,0
12427,-392,-2
12428,-384,1
12429,-376,-1
12430,-375,-1
12431,-364,-2
12432,-352,-1
12433,-339,-1
12434,-344,0
12435,-359,-1
12436,-365,1
12437,-358,0
12438,-359,-2
12439,-370,1
12440,-363,-2
12441,-369,-2
12442,-368,-2
12443,-378,-2
12444,-374,-2
12445,-369,-1
12446,-354,-1
12447,-357,-1
12448,-352,-1
12449,-335,-2
12450,-351,0
12451,-364,1
12452,-358,0
12453,-360,-1
12454,-376,-2
12455,-370,0
12456,-370,1
12457,-373,-2
12458,-383,0
12459,-383,-1
12460,-380,-2
12461,-366,-1
12462,-362,-1
12463,-355,-2
12464,-358,-2
12465,-342,-1
12466,-354,-1
12467,-355,1
12468,-364,-2
12469,-364,-2
12470,-373,1
12471,-374,-1
12472,-373,1
12473,-368,-2
12474,-382,-1
12475,-371,-2
12476,-375,0
12477,-364,1
12478,-354,-1
12479,-343,-2
12480,-340,-2
12481,-334,-2
12482,-349,1
12483,-358,-1
12484,-372,-2
12485,-381,-1
12486,-391,2
12487,-389,-1
12488,-389,0
12489,-366,0
12490,-362,-2
12491,-382,-1
12492,-366,-2
12493,-342,-2
12494,-337,-1
12495,-340,-2
12496,-337,-2
12497,-338,0
12498,-361,0
12499,-387,-2
12500,-387,0
12501,-381,1
12502,-392,-1
12503,-389,-3
12504,-376,1
12505,-355,1
12506,-358,-1
12507,-354,-1
12508,-352,0
12509,-339,-2
12510,-341,2
12511,-358,1
12512,-365,0
12513,-359,-1
12514,-381,1
12515,-400,-1
12516,-397,1
12517,-384,1
12518,-376,-2
12519,-367,1
12520,-341,-2
12521,-337,1
12522,-335,1
12523,-348,-2
12524,-347,1
12525,-355,-1
12526,-363,1
12527,-370,-2
12528,-375,0
12529,-375,0
12530,-387,-3
12531,-388,0
12532,-385,1
12533,-368,-1
12534,-359,0
12535,-351,1
12536,-337,-1
12537,-334,1
12538,-352,0
12539,-365,-2
12540,-366,1
12541,-368,0
12542,-378,-1
12543,-387,-2
12544,-375,0
12545,-373,-2
12546,-378,-2
12547,-381,0
12548,-381,0
12549,-356,-3
12550,-351,-1
12551,-351,-2
12552,-349,1
12553,-338,0
12554,-361,1
12555,-362,-2
12556,-370,1
12557,-367,-2
12558,-384,-4
12559,-373,0
12560,-365,-1
12561,-356,1
12562,-370,0
12563,-376,-3
12564,-364,-1
12565,-360,0
12566,-364,-1
12567,-355,1
12568,-351,-2
12569,-342,-1
12570,-355,-1
12571,-380,0
12572,-378,1
12573,-372,-1
12574,-375,0
12575,-378,-2
12576,-384,-2
12577,-378,-1
12578,-378,1
12579,-368,0
12580,-373,1
12581,-370,0
12582,-352,0
12583,-341,-2
12584,-339,1
12585,-334,1
12586,-357,0
12587,-379,1
12588,-381,-2
12589,-378,1
12590,-401,-3
12591,-391,0
12592,-384,-1
12593,-362,1
12594,-369,1
12595,-365,0
12596,-356,0
12597,-340,0
12598,-343,0
12599,-343,1
12600,-348,0
12601,-355,1
12602,-374,1
12603,-392,-2
12604,-403,-2
12605,-389,-2
12606,-399,-1
12607,-383,1
12608,-367,0
12609,-340,-1
12610,-343,1
12611,-354,0
12612,-342,0
12613,-337,1
12614,-349,1
12615,-362,-2
12616,-365,-1
12617,-377,-1
12618,-400,-2
12619,-400,-1
12620,-397,0
12621,-384,-3
12622,-371,-2
12623,-352,0
12624,-345,-1
12625,-331,-1
12626,-343,0
12627,-346,-1
12628,-364,0
12629,-361,-1
12630,-378,-1
12631,-383,1
12632,-391,0
12633,-389,-1
12634,-397,-1
12635,-387,0
12636,-375,-1
12637,-358,0
12638,-346,-1
12639,-343,0
12640,-330,-2
12641,-321,-2
12642,-351,-1
12643,-366,-2
12644,-378,-1
12645,-382,-2
12646,-390,-1
12647,-379,-1
12648,-384,-1
12649,-370,-1
12650,-384,-2
12651,-392,-2
12652,-358,-2
12653,-346,0
12654,-351,0
12655,-356,-1
12656,-349,-1
12657,-356,-2
12658,-365,-1
12659,-384,-1
12660,-383,0
12661,-380,0
12662,-385,-1
12663,-380,-2
12664,-369,0
12665,-356,0
12666,-370,1
12667,-375,-1
12668,-370,1
12669,-352,0
12670,-352,-2
12671,-353,-2
12672,-349,-2
12673,-346,0
12674,-372,0
12675,-384,-2
12676,-380,0
12677,-387,0
12678,-372,0
12679,-382,0
12680,-367,-2
12681,-364,0
12682,-370,-2
12683,-370,-2
12684,-356,-1
12685,-355,-1
12686,-357,0
12687,-355,1
12688,-342,-1
12689,-353,-2
12690,-379,0
12691,-393,-2
12692,-390,-1
12693,-387,1
12694,-392,-2
12695,-382,-1
12696,-362,0
12697,-357,-1
12698,-359,1
12699,-357,-2
12700,-363,-1
12701,-342,-2
12702,-351,1
12703,-358,-1
12704,-354,0
12705,-370,-2
12706,-390,-1
12707,-405,0
12708,-396,-2
12709,-392,0
12710,-371,-1
12711,-369,-2
12712,-351,1
12713,-334,-1
12714,-349,1
12715,-364,-2
12716,-352,-2
12717,-356,0
12718,-373,0
12719,-388,0
12720,-387,-2
12721,-384,-2
12722,-391,-1
12723,-408,-1
12724,-390,-2
12725,-371,-1
12726,-358,1
12727,-337,0
12728,-331,-1
12729,-334,1
12730,-353,-1
12731,-368,-2
12732,-366,1
12733,-378,-1
12734,-398,-1
12735,-402,1
12736,-382,0
12737,-375,0
12738,-380,-2
12739,-380,-2
12740,-364,0
12741,-349,1
12742,-344,0
12743,-351,-1
12744,-349,1
12745,-355,-1
12746,-363,0
12747,-387,1
12748,-390,1
12749,-387,1
12750,-391,2
12751,-378,1
12752,-361,-1
12753,-362,0
12754,-367,-1
12755,-370,0
12756,-356,-2
12757,-360,-1
12758,-369,0
12759,-364,0
12760,-352,0
12761,-350,0
12762,-371,0
12763,-393,1
12764,-384,1
12765,-373,-2
12766,-373,1
12767,-371,-1
12768,-358,-1
12769,-364,1
12770,-362,0
12771,-379,1
12772,-360,2
12773,-364,-1
12774,-368,1
12775,-356,-2
12776,-358,-1
12777,-362,0
12778,-376,-1
12779,-375,0
12780,-381,-1
12781,-376,-1
12782,-361,-1
12783,-367,-2
12784,-366,0
12785,-359,-1
12786,-364,-1
12787,-375,-1
12788,-362,-2
12789,-362,0
12790,-363,1
12791,-365,-2
12792,-352,0
12793,-361,-2
12794,-374,-1
12795,-387,0
12796,-390,1
12797,-380,-1
12798,-389,-2
12799,-375,0
12800,-367,1
12801,-365,-1
12802,-364,-2
12803,-364,-2
12804,-365,0
12805,-351,-2
12806,-349,1
12807,-370,-1
12808,-366,-1
12809,-378,0
12810,-387,-1
12811,-396,-2
12812,-392,0
12813,-386,-2
12814,-370,1
12815,-368,-2
12816,-357,0
12817,-344,1
12818,-353,-2
12819,-371,-1
12820,-362,1
12821,-364,0
12822,-376,-1
12823,-391,-2
12824,-373,-2
12825,-385,-2
12826,-393,0
12827,-390,0
12828,-381,-2
12829,-366,1
12830,-365,-1
12831,-358,-1
12832,-350,0
12833,-354,1
12834,-355,-1
12835,-376,-1
12836,-381,1
12837,-374,-2
12838,-382,-2
12839,-389,-1
12840,-382,-1
12841,-378,0
12842,-378,-2
12843,-373,-1
12844,-359,-1
12845,-355,1
12846,-349,1
12847,-358,1
12848,-354,-3
12849,-361,1
12850,-367,1
12851,-390,-2
12852,-385,-1
12853,-384,-1
12854,-381,-1
12855,-373,-1
12856,-365,-1
12857,-364,-2
12858,-366,1
12859,-374,1
12860,-359,-1
12861,-364,0
12862,-370,-2
12863,-373,-2
12864,-362,-1
12865,-365,-1
12866,-370,-2
12867,-379,-1
12868,-380,-2
12869,-370,-2
12870,-375,0
12871,-371,-1
12872,-359,0
12873,-361,1
12874,-381,-3
12875,-376,0
12876,-370,-1
12877,-362,-1
12878,-376,1
12879,-359,1
12880,-359,0
12881,-364,0
12882,-370,-1
12883,-383,2
12884,-367,-2
12885,-374,-1
12886,-382,0
12887,-388,-1
12888,-375,0
12889,-375,-1
12890,-385,-1
12891,-387,0
12892,-369,0
12893,-364,-2
12894,-361,1
12895,-352,-2
12896,-352,1
12897,-365,0
12898,-373,-2
12899,-383,-2
12900,-389,-1
12901,-386,-2
12902,-390,1
12903,-384,-1
12904,-376,0
12905,-367,1
12906,-362,0
12907,-370,-2
12908,-364,-1
12909,-353,-1
12910,-357,1
12911,-365,0
12912,-363,-1
12913,-379,0
12914,-384,-2
12915,-399,1
12916,-399,-3
12917,-390,1
12918,-377,-2
12919,-370,-1
12920,-355,-1
12921,-355,-2
12922,-357,-2
12923,-355,1
12924,-353,-2
12925,-358,0
12926,-370,1
12927,-381,0
12928,-365,-1
12929,-384,0
12930,-385,0
12931,-397,-3
12932,-375,-3
12933,-370,0
12934,-354,1
12935,-355,-1
12936,-343,-1
12937,-346,0
12938,-353,-2
12939,-369,-1
12940,-375,-1
12941,-378,1
12942,-381,0
12943,-387,0
12944,-381,0
12945,-382,0
12946,-386,-1
12947,-385,-1
12948,-366,-2
12949,-352,-2
12950,-356,-3
12951,-358,-1
12952,-344,-1
12953,-351,-2
12954,-355,0
12955,-380,-2
12956,-389,-2
12957,-375,-1
12958,-384,1
12959,-385,1
12960,-378,1
12961,-376,0
12962,-377,-1
12963,-374,-1
12964,-367,-1
12965,-361,-1
12966,-363,1
12967,-364,-1
12968,-341,-2
12969,-364,0
12970,-370,0
12971,-378,-1
12972,-376,1
12973,-381,-1
12974,-390,-2
12975,-382,1
12976,-372,-1
12977,-373,0
12978,-371,-2
12979,-379,-2
12980,-370,1
12981,-363,0
12982,-358,1
12983,-354,0
12984,-353,-2
12985,-356,2
12986,-373,0
12987,-392,1
12988,-387,-2
12989,-381,-1
12990,-392,-1
12991,-389,1
12992,-370,-1
12993,-367,-1
12994,-364,-2
12995,-372,-1
12996,-355,-2
12997,-349,0
12998,-349,-2
12999,-365,-3
13000,-358,1
13001,-381,-1
13002,-384,1
13003,-399,-3
13004,-399,-1
13005,-408,1
13006,-390,-3
13007,-372,-2
13008,-349,-2
13009,-351,-2
13010,-349,-2
13011,-359,1
13012,-349,-2
13013,-349,-2
13014,-364,-1
13015,-377,1
13016,-378,-1
13017,-389,-2
13018,-403,0
13019,-412,1
13020,-398,-2
13021,-375,-2
13022,-367,0
13023,-353,0
13024,-336,1
13025,-333,-1
13026,-331,-1
13027,-351,0
13028,-366,1
13029,-381,0
13030,-388,1
13031,-405,1
13032,-380,1
13033,-412,-1
13034,-394,1
13035,-389,1
13036,-378,-2
13037,-345,0
13038,-342,0
13039,-346,-2
13040,-325,-3
13041,-342,0
13042,-356,-1
13043,-386,1
13044,-390,1
13045,-393,-1
13046,-396,1
13047,-402,-1
13048,-384,-1
13049,-384,1
13050,-373,-2
13051,-370,-2
13052,-357,0
13053,-349,1
13054,-349,-1
13055,-346,1
13056,-347,1
13057,-372,-2
13058,-384,-3
13059,-402,1
13060,-404,-2
13061,-399,-2
13062,-393,-2
13063,-391,0
13064,-354,0
13065,-364,-1
13066,-350,0
13067,-370,-1
13068,-364,0
13069,-349,1
13070,-358,-2
13071,-365,0
13072,-361,-2
13073,-380,-1
13074,-386,-1
13075,-394,0
13076,-394,-1
13077,-382,1
13078,-378,-1
13079,-374,0
13080,-349,-2
13081,-358,-2
13082,-355,-1
13083,-359,-2
13084,-370,-1
13085,-364,-1
13086,-366,-1
13087,-360,-2
13088,-355,-1
13089,-381,0
13090,-387,-1
13091,-397,0
13092,-386,-1
13093,-381,-2
13094,-382,0
13095,-376,-2
13096,-352,-1
13097,-361,1
13098,-361,-1
13099,-372,0
13100,-358,0
13101,-360,-2
13102,-370,1
13103,-383,-2
13104,-373,-2
13105,-392,-1
13106,-387,-2
13107,-392,0
13108,-399,1
13109,-385,0
13110,-367,-2
13111,-370,-1
13112,-340,-2
13113,-349,1
13114,-362,-1
13115,-356,0
13116,-369,-1
13117,-384,-1
13118,-379,-1
13119,-385,0
13120,-386,0
13121,-390,1
13122,-397,2
13123,-402,-2
13124,-381,-1
13125,-366,0
13126,-356,-1
13127,-353,-2
13128,-334,-2
13129,-352,-1
13130,-355,-1
13131,-384,1
13132,-390,-2
13133,-399,-1
13134,-398,1
13135,-392,1
13136,-380,0
13137,-387,1
13138,-387,-1
13139,-372,0
13140,-356,-1
13141,-344,-2
13142,-355,1
13143,-352,1
13144,-338,1
13145,-372,-2
13146,-391,0
13147,-398,1
13148,-399,1
13149,-395,1
13150,-396,-1
13151,-383,1
13152,-363,0
13153,-364,0
13154,-364,0
13155,-358,1
13156,-353,1
13157,-349,0
13158,-357,-1
13159,-366,-1
13160,-367,-1
13161,-380,-2
13162,-389,1
13163,-405,1
13164,-397,-2
13165,-387,-2
13166,-376,0
13167,-370,-1
13168,-343,-2
13169,-351,-2
13170,-351,-2
13171,-367,-2
13172,-369,0
13173,-365,-3
13174,-370,0
13175,-381,-1
13176,-369,0
13177,-384,0
13178,-390,0
13179,-390,-1
13180,-380,-2
13181,-372,1
13182,-362,-1
13183,-370,-2
13184,-361,1
13185,-359,-1
13186,-359,-2
13187,-373,-2
13188,-377,-1
13189,-370,0
13190,-371,-1
13191,-370,0
13192,-365,0
13193,-390,-1
13194,-373,0
13195,-384,1
13196,-384,-1
13197,-375,-1
13198,-376,-2
13199,-374,-2
13200,-362,-2
13201,-373,-2
13202,-375,-1
13203,-380,1
13204,-370,1
13205,-371,-1
13206,-375,0
13207,-380,-2
13208,-369,1
13209,-384,-1
13210,-394,0
13211,-395,1
13212,-386,0
13213,-379,1
13214,-378,-2
13215,-366,-1
13216,-348,0
13217,-348,-1
13218,-362,-1
13219,-362,-2
13220,-370,-1
13221,-378,-2
13222,-380,1
13223,-386,-1
13224,-374,-1
13225,-387,-1
13226,-384,1
13227,-399,-2
13228,-381,-2
13229,-358,1
13230,-364,-1
13231,-356,-1
13232,-346,-1
13233,-365,0
13234,-367,-2
13235,-381,-2
13236,-381,-2
13237,-389,-2
13238,-393,2
13239,-396,1
13240,-377,-2
13241,-379,-1
13242,-367,1
13243,-371,-1
13244,-357,-1
13245,-350,0
13246,-352,-1
13247,-354,-2
13248,-350,-1
13249,-373,-1
13250,-381,1
13251,-394,1
13252,-401,-3
13253,-389,0
13254,-384,0
13255,-381,-1
13256,-363,0
13257,-365,1
13258,-361,-1
13259,-373,-2
13260,-363,-1
13261,-373,0
13262,-366,0
13263,-367,-1
13264,-369,1
13265,-389,-1
13266,-388,-1
13267,-390,-2
13268,-391,1
13269,-372,-2
13270,-377,-1
13271,-378,-2
13272,-352,0
13273,-360,-1
13274,-371,0
13275,-380,-1
13276,-378,1
13277,-366,1
13278,-364,0
13279,-386,1
13280,-370,-1
13281,-375,-1
13282,-381,-1
13283,-387,0
13284,-377,0
13285,-379,0
13286,-368,1
13287,-374,-2
13288,-361,-1
13289,-373,0
13290,-364,1
13291,-381,-1
13292,-378,0
13293,-383,-1
13294,-382,1
13295,-375,0
13296,-367,0
13297,-378,-1
13298,-385,-2
13299,-393,1
13300,-387,-3
13301,-387,0
13302,-380,-1
13303,-370,-2
13304,-361,1
13305,-370,0
13306,-364,-1
13307,-369,0
13308,-375,-2
13309,-370,1
13310,-376,-1
13311,-378,0
13312,-371,-4
13313,-393,0
13314,-403,-1
13315,-404,0
13316,-391,0
13317,-378,0
13318,-377,1
13319,-367,0
13320,-348,0
13321,-351,1
13322,-360,-1
13323,-373,-1
13324,-381,-2
13325,-376,0
13326,-386,-1
13327,-388,1
13328,-385,1
13329,-395,-2
13330,-395,-1
13331,-387,-1
13332,-372,-2
13333,-354,-1
13334,-355,-1
13335,-345,0
13336,-340,1
13337,-358,0
13338,-373,-1
13339,-384,1
13340,-388,-2
13341,-390,-3
13342,-399,-1
13343,-396,-2
13344,-383,-1
13345,-380,1
13346,-373,-2
13347,-365,-2
13348,-354,-2
13349,-346,-2
13350,-342,0
13351,-357,-2
13352,-362,1
13353,-375,-1
13354,-385,-2
13355,-402,-1
13356,-397,-2
13357,-390,-1
13358,-381,-1
13359,-380,1
13360,-359,-2
13361,-360,-1
13362,-356,-1
13363,-364,-1
13364,-364,0
13365,-361,-1
13366,-361,0
13367,-385,-2
13368,-375,0
13369,-392,-2
13370,-390,-3
13371,-399,0
13372,-390,-2
13373,-384,0
13374,-374,-2
13375,-367,0
13376,-342,-2
13377,-352,-1
13378,-357,1
13379,-370,0
13380,-379,0
13381,-373,-2
13382,-371,-3
13383,-388,0
13384,-381,1
13385,-382,0
13386,-384,-1
13387,-387,0
13388,-381,-1
13389,-370,-1
13390,-375,0
13391,-368,-1
13392,-356,-2
13393,-360,-1
13394,-367,1
13395,-373,1
13396,-378,-1
13397,-376,-1
13398,-378,1
13399,-380,-2
13400,-370,-2
13401,-374,0
13402,-388,0
13403,-382,1
13404,-384,0
13405,-370,2
13406,-372,-2
13407,-373,0
13408,-359,-2
13409,-364,-2
13410,-364,-1
13411,-381,1
13412,-375,0
13413,-371,-1
13414,-381,-2
13415,-376,1
13416,-367,0
13417,-384,-2
13418,-391,-1
13419,-396,-2
13420,-378,0
13421,-375,-2
13422,-365,0
13423,-358,1
13424,-342,-1
13425,-362,0
13426,-368,0
13427,-375,-1
13428,-379,-2
13429,-384,-1
13430,-405,1
13431,-386,-1
13432,-373,0
13433,-386,-1
13434,-378,-2
13435,-381,-1
13436,-370,0
13437,-358,-1
13438,-355,-1
13439,-364,-3
13440,-339,0
13441,-362,-1
13442,-381,0
13443,-398,-2
13444,-400,0
13445,-391,-1
13446,-387,-2
13447,-399,-2
13448,-368,0
13449,-374,-2
13450,-366,-1
13451,-364,-1
13452,-373,0
13453,-358,-1
13454,-363,0
13455,-364,-1
13456,-364,-1
13457,-384,0
13458,-390,-1
13459,-397,-1
13460,-398,1
13461,-384,1
13462,-385,-1
13463,-373,-2
13464,-355,0
13465,-366,-2
13466,-364,0
13467,-366,1
13468,-371,0
13469,-359,0
13470,-375,0
13471,-375,-1
13472,-375,1
13473,-379,-2
13474,-392,-1
13475,-392,-1
13476,-391,-1
13477,-378,1
13478,-367,1
13479,-368,-2
13480,-356,-2
13481,-361,-2
13482,-375,0
13483,-374,-2
13484,-373,-2
13485,-382,-1
13486,-381,-1
13487,-370,1
13488,-367,1
13489,-385,1
13490,-387,-1
13491,-384,-1
13492,-390,1
13493,-373,2
13494,-375,-2
13495,-375,2
13496,-367,-2
13497,-364,1
13498,-365,-2
13499,-370,-2
13500,-368,1
13501,-361,1
13502,-370,-1
13503,-378,-1
13504,-364,1
13505,-375,-1
13506,-394,2
13507,-402,1
13508,-388,-2
13509,-381,-2
13510,-376,1
13511,-373,0
13512,-352,0
13513,-350,0
13514,-364,0
13515,-376,-1
13516,-371,2
13517,-373,1
13518,-384,-2
13519,-394,1
13520,-388,0
13521,-402,0
13522,-402,1
13523,-400,-1
13524,-379,0
13525,-374,-1
13526,-362,-2
13527,-358,0
13528,-335,0
13529,-350,-2
13530,-359,-1
13531,-378,1
13532,-391,-2
13533,-388,1
13534,-405,-2
13535,-403,-1
13536,-388,-2
13537,-388,-1
13538,-391,0
13539,-375,-2
13540,-358,-1
13541,-354,-2
13542,-346,-2
13543,-354,1
13544,-337,1
13545,-373,0
13546,-386,0
13547,-399,0
13548,-414,0
13549,-417,-1
13550,-416,-2
13551,-402,-2
13552,-375,-1
13553,-364,0
13554,-361,-1
13555,-354,1
13556,-364,-2
13557,-345,0
13558,-358,-1
13559,-366,-1
13560,-375,0
13561,-396,3
13562,-419,1
13563,-411,-1
13564,-405,-2
13565,-407,-2
13566,-393,1
13567,-378,1
13568,-354,-2
13569,-354,-1
13570,-361,1
13571,-363,-1
13572,-373,-2
13573,-367,0
13574,-375,-3
13575,-396,-2
13576,-399,1
13577,-398,-2
13578,-401,1
13579,-400,-1
13580,-393,1
13581,-375,0
13582,-362,-2
13583,-355,0
13584,-345,-2
13585,-352,-2
13586,-365,-1
13587,-381,0
13588,-381,-3
13589,-394,0
13590,-400,0
13591,-397,-2
13592,-385,-2
13593,-390,0
13594,-405,1
13595,-390,-2
13596,-378,-1
13597,-367,-2
13598,-364,-1
13599,-364,1
13600,-359,-2
13601,-369,-2
13602,-375,1
13603,-381,1
13604,-390,0
13605,-389,0
13606,-393,-2
13607,-393,-1
13608,-385,-2
13609,-391,-1
13610,-392,0
13611,-378,-2
13612,-376,-1
13613,-358,1
13614,-358,1
13615,-369,1
13616,-363,-2
13617,-358,-2
13618,-383,1
13619,-387,-1
13620,-390,-3
13621,-393,-1
13622,-398,1
13623,-399,0
13624,-389,-3
13625,-383,0
13626,-387,0
13627,-378,-2
13628,-364,1
13629,-351,1
13630,-352,-1
13631,-361,-2
13632,-361,0
13633,-376,-2
13634,-390,1
13635,-396,0
13636,-407,1
13637,-403,1
13638,-396,-1
13639,-395,0
13640,-366,1
13641,-369,1
13642,-373,0
13643,-366,-2
13644,-361,1
13645,-364,-2
13646,-359,1
13647,-373,1
13648,-373,-1
13649,-391,0
13650,-417,-1
13651,-409,-2
13652,-402,1
13653,-396,-2
13654,-396,-2
13655,-375,-1
13656,-363,-2
13657,-353,-2
13658,-364,1
13659,-366,-1
13660,-365,-3
13661,-375,-1
13662,-383,-1
13663,-399,-2
13664,-396,0
13665,-399,-2
13666,-406,-2
13667,-402,-3
13668,-395,1
13669,-378,-1
13670,-364,-2
13671,-364,-2
13672,-353,-2
13673,-355,-2
13674,-372,-1
13675,-380,-1
13676,-383,-1
13677,-384,-2
13678,-403,1
13679,-396,-1
13680,-387,-1
13681,-389,0
13682,-390,-2
13683,-376,-2
13684,-370,0
13685,-363,0
13686,-355,-1
13687,-355,-1
13688,-360,-2
13689,-375,-2
13690,-393,-1
13691,-387,-1
13692,-387,-1
13693,-391,0
13694,-389,0
13695,-376,0
13696,-373,-1
13697,-372,-1
13698,-376,-1
13699,-374,0
13700,-370,-2
13701,-377,-1
13702,-376,1
13703,-375,1
13704,-370,0
13705,-382,0
13706,-388,1
13707,-390,0
13708,-387,-1
13709,-373,-2
13710,-380,-1
13711,-377,1
13712,-367,0
13713,-377,-2
13714,-389,0
13715,-380,-1
13716,-381,-2
13717,-384,-3
13718,-382,-2
13719,-380,-1
13720,-364,0
13721,-364,0
13722,-380,-1
13723,-392,-2
13724,-380,1
13725,-384,-2
13726,-388,-1
13727,-393,0
13728,-384,-2
13729,-384,-1
13730,-389,-1
13731,-381,0
13732,-377,-2
13733,-362,-1
13734,-367,-1
13735,-364,1
13736,-349,0
13737,-376,0
13738,-378,1
13739,-390,-2
13740,-393,0
13741,-393,0
13742,-412,1
13743,-393,-1
13744,-379,0
13745,-370,1
13746,-375,1
13747,-372,0
13748,-358,-2
13749,-358,1
13750,-358,1
13751,-369,-2
13752,-363,-2
13753,-382,-1
13754,-399,1
13755,-397,1
13756,-387,-1
13757,-396,-2
13758,-390,-2
13759,-385,-1
13760,-364,1
13761,-361,1
13762,-378,0
13763,-371,-2
13764,-362,-2
13765,-365,-2
13766,-387,0
13767,-385,-2
13768,-394,-1
13769,-396,1
13770,-414,0
13771,-408,0
13772,-392,-2
13773,-378,0
13774,-376,-2
13775,-370,-1
13776,-349,-1
13777,-355,0
13778,-371,-2
13779,-375,-2
13780,-372,-2
13781,-388,0
13782,-396,0
13783,-390,1
13784,-390,1
13785,-393,-2
13786,-407,-2
13787,-397,-2
13788,-367,0
13789,-378,-1
13790,-370,1
13791,-367,-1
13792,-362,-1
13793,-369,-2
13794,-379,1
13795,-394,0
13796,-385,-2
13797,-390,0
13798,-395,0
13799,-387,-1
13800,-381,1
13801,-386,-2
13802,-392,-2
13803,-383,-2
13804,-383,0
13805,-364,-1
13806,-371,1
13807,-363,1
13808,-363,1
13809,-369,-1
13810,-381,0
13811,-380,1
13812,-379,0
13813,-393,-2
13814,-387,-1
13815,-384,0
13816,-387,0
13817,-379,-2
13818,-391,0
13819,-378,-1
13820,-372,0
13821,-364,1
13822,-373,0
13823,-370,0
13824,-368,-2
13825,-368,-2
13826,-389,0
13827,-393,-1
13828,-392,0
13829,-387,-1
13830,-399,1
13831,-400,-2
13832,-382,1
13833,-377,0
13834,-381,-3
13835,-375,1
13836,-369,0
13837,-364,-2
13838,-354,-2
13839,-361,1
13840,-360,1
13841,-381,2
13842,-407,1
13843,-409,0
13844,-400,-2
13845,-401,2
13846,-406,1
13847,-389,0
13848,-367,0
13849,-369,-1
13850,-373,0
13851,-368,-2
13852,-352,0
13853,-359,-2
13854,-378,-1
13855,-381,-2
13856,-393,0
13857,-404,-1
13858,-417,0
13859,-417,1
13860,-405,-2
13861,-390,1
13862,-381,-1
13863,-360,1
13864,-343,-2
13865,-351,0
13866,-370,1
13867,-365,-1
13868,-361,1
13869,-384,0
13870,-407,0
13871,-405,-1
13872,-401,-2
13873,-397,0
13874,-415,-2
13875,-398,-3
13876,-378,-1
13877,-370,1
13878,-347,1
13879,-350,-2
13880,-348,-4
13881,-365,-1
13882,-384,0
13883,-390,0
13884,-384,0
13885,-405,1
13886,-408,-2
13887,-414,-2
13888,-396,0
13889,-399,-2
13890,-397,1
13891,-377,-1
13892,-364,-1
13893,-352,0
13894,-356,0
13895,-362,1
13896,-358,-1
13897,-375,-2
13898,-405,0
13899,-400,-1
13900,-391,1
13901,-391,1
13902,-400,-1
13903,-389,-2
13904,-363,1
13905,-373,-1
13906,-380,1
13907,-373,-2
13908,-373,-1
13909,-379,0
13910,-368,-2
13911,-374,-2
13912,-375,-1
13913,-387,-1
13914,-401,-1
13915,-397,-1
13916,-385,1
13917,-398,-1
13918,-390,0
13919,-379,0
13920,-372,1
13921,-380,-1
13922,-384,-1
13923,-378,0
13924,-362,-2
13925,-372,0
13926,-373,-1
13927,-380,0
13928,-369,0
13929,-384,0
13930,-404,-2
13931,-397,-2
13932,-373,-1
13933,-391,-2
13934,-389,0
13935,-388,-1
13936,-367,0
13937,-372,-2
13938,-390,0
13939,-380,-2
13940,-370,0
13941,-374,-2
13942,-374,1
13943,-389,-2
13944,-388,-2
13945,-391,1
13946,-406,-2
13947,-399,0
13948,-395,-2
13949,-396,0
13950,-382,0
13951,-375,-2
13952,-364,0
13953,-364,1
13954,-381,-1
13955,-373,-2
13956,-364,-1
13957,-372,-2
13958,-381,-1
13959,-386,1
13960,-384,0
13961,-394,-2
13962,-417,2
13963,-398,-1
13964,-387,-3
13965,-373,-1
13966,-367,-1
13967,-364,0
13968,-347,0
13969,-358,-1
13970,-375,0
13971,-381,2
13972,-385,1
13973,-383,1
13974,-389,-1
13975,-396,-2
13976,-387,-2
13977,-396,1
13978,-408,3
13979,-379,1
13980,-371,-1
13981,-363,-1
13982,-365,0
13983,-366,1
13984,-364,-4
13985,-375,0
13986,-399,0
13987,-390,-2
13988,-385,-2
13989,-393,0
13990,-391,0
13991,-385,1
13992,-370,1
13993,-375,-1
13994,-382,0
13995,-386,1
13996,-373,-2
13997,-373,-1
13998,-378,-2
13999,-378,-1
14000,-373,0
14001,-375,0
14002,-390,-2
14003,-384,-2
14004,-387,-2
14005,-381,1
14006,-378,0
14007,-375,1
14008,-368,0
14009,-378,1
14010,-395,-1
14011,-379,1
14012,-381,0
14013,-383,-1
14014,-376,-1
14015,-372,-1
14016,-364,1
14017,-378,-1
14018,-395,-1
14019,-379,1
14020,-375,-2
14021,-378,1
14022,-389,-2
14023,-393,1
14024,-375,1
14025,-386,-2
14026,-398,0
14027,-388,-2
14028,-390,0
14029,-381,-2
14030,-376,1
14031,-373,1
14032,-360,-2
14033,-374,-2
14034,-389,-2
14035,-393,-1
14036,-386,0
14037,-398,1
14038,-396,-3
14039,-394,0
14040,-382,-2
14041,-384,1
14042,-395,-1
14043,-378,0
14044,-361,-2
14045,-359,-2
14046,-375,-2
14047,-371,0
14048,-370,0
14049,-381,0
14050,-408,0
14051,-413,-2
14052,-398,-2
14053,-398,-2
14054,-393,-1
14055,-384,1
14056,-371,-2
14057,-361,-3
14058,-372,0
14059,-368,3
14060,-358,0
14061,-368,-2
14062,-384,-2
14063,-390,1
14064,-386,-2
14065,-406,-2
14066,-415,1
14067,-408,0
14068,-399,0
14069,-379,0
14070,-373,-2
14071,-360,0
14072,-346,1
14073,-359,1
14074,-371,0
14075,-380,-1
14076,-379,-2
14077,-384,-1
14078,-399,-1
14079,-402,1
14080,-402,0
14081,-397,0
14082,-408,1
14083,-384,-2
14084,-375,1
14085,-367,-1
14086,-364,-2
14087,-357,1
14088,-353,0
14089,-367,0
14090,-387,-1
14091,-396,0
14092,-390,-2
14093,-406,1
14094,-405,-2
14095,-400,-2
14096,-391,1
14097,-381,-1
14098,-383,-2
14099,-363,-1
14100,-367,1
14101,-361,-2
14102,-363,-2
14103,-369,1
14104,-361,1
14105,-370,0
14106,-400,-1
14107,-401,-1
14108,-397,1
14109,-399,1
14110,-400,-4
14111,-399,0
14112,-381,-2
14113,-368,-2
14114,-378,0
14115,-377,1
14116,-369,0
14117,-364,1
14118,-361,-2
14119,-368,1
14120,-373,-2
14121,-384,0
14122,-402,-1
14123,-403,1
14124,-390,0
14125,-393,-2
14126,-388,1
14127,-390,1
14128,-364,2
14129,-373,-1
14130,-376,-1
14131,-375,-1
14132,-371,-1
14133,-351,0
14134,-378,0
14135,-368,0
14136,-381,-1
14137,-399,0
14138,-405,1
14139,-408,-1
14140,-403,-2
14141,-405,1
14142,-384,-1
14143,-373,1
14144,-358,-1
14145,-364,0
14146,-370,-2
14147,-362,0
14148,-360,-1
14149,-370,0
14150,-378,0
14151,-382,1
14152,-389,0
14153,-401,-1
14154,-420,-1
14155,-410,0
14156,-398,-1
14157,-384,-3
14158,-369,1
14159,-358,1
14160,-334,1
14161,-353,0
14162,-371,-1
14163,-376,0
14164,-381,1
14165,-393,2
14166,-406,0
14167,-411,-2
14168,-404,-3
14169,-409,1
14170,-411,-2
14171,-395,-1
14172,-371,0
14173,-353,-1
14174,-350,-2
14175,-351,-1
14176,-346,-1
14177,-358,0
14178,-384,-2
14179,-401,0
14180,-406,-2
14181,-407,1
14182,-406,-1
14183,-406,0
14184,-393,-2
14185,-392,-3
14186,-384,1
14187,-365,-1
14188,-352,0
14189,-358,0
14190,-359,0
14191,-357,0
14192,-378,-1
14193,-378,0
14194,-417,0
14195,-405,-2
14196,-416,0
14197,-405,-1
14198,-396,-1
14199,-386,-2
14200,-369,-1
14201,-369,-1
14202,-373,-2
14203,-367,0
14204,-370,-2
14205,-372,0
14206,-378,-3
14207,-383,0
14208,-386,-1
14209,-402,-2
14210,-414,-2
14211,-397,0
14212,-387,0
14213,-382,-2
14214,-381,0
14215,-373,-2
14216,-365,-1
14217,-369,-3
14218,-390,2
14219,-384,-2
14220,-378,-1
14221,-384,-1
14222,-385,-1
14223,-389,-3
14224,-394,0
14225,-385,1
14226,-403,-1
14227,-399,1
14228,-393,-2
14229,-378,-1
14230,-396,-2
14231,-384,-1
14232,-373,-3
14233,-377,-1
14234,-391,1
14235,-387,-2
14236,-376,0
14237,-376,-1
14238,-380,-2
14239,-383,0
14240,-378,1
14241,-393,-1
14242,-398,0
14243,-398,-1
14244,-394,-2
14245,-389,-1
14246,-389,-2
14247,-386,0
14248,-377,1
14249,-375,-1
14250,-382,-2
14251,-373,0
14252,-376,0
14253,-372,0
14254,-387,0
14255,-382,1
14256,-387,-1
14257,-400,1
14258,-419,-1
14259,-402,0
14260,-396,0
14261,-389,-1
14262,-380,0
14263,-381,1
14264,-357,1
14265,-366,1
14266,-375,-1
14267,-377,-1
14268,-372,-1
14269,-396,-3
14270,-393,-4
14271,-393,-1
14272,-384,-1
14273,-395,2
14274,-402,-1
14275,-380,1
14276,-377,-1
14277,-360,0
14278,-364,1
14279,-361,-2
14280,-352,-2
14281,-356,-1
14282,-386,0
14283,-393,-1
14284,-396,1
14285,-402,-2
14286,-406,1
14287,-399,1
14288,-397,1
14289,-395,0
14290,-384,-2
14291,-376,-1
14292,-372,1
14293,-359,-2
14294,-360,-1
14295,-367,0
14296,-358,0
14297,-384,-2
14298,-403,-1
14299,-412,-2
14300,-402,1
14301,-400,0
14302,-395,-2
14303,-396,-1
14304,-375,-1
14305,-381,0
14306,-377,-1
14307,-372,0
14308,-370,0
14309,-372,-2
14310,-366,1
14311,-387,1
14312,-383,-2
14313,-399,0
14314,-412,-2
14315,-398,0
14316,-399,-2
14317,-404,-1
14318,-393,-3
14319,-380,-2
14320,-367,-1
14321,-368,-2
14322,-374,0
14323,-375,0
14324,-375,1
14325,-381,-1
14326,-381,-2
14327,-393,1
14328,-391,1
14329,-391,0
14330,-398,-1
14331,-403,-1
14332,-397,-2
14333,-390,1
14334,-387,1
14335,-382,-2
14336,-376,-4
14337,-373,-2
14338,-388,-2
14339,-368,0
14340,-378,0
14341,-378,1
14342,-385,-1
14343,-392,0
14344,-396,0
14345,-399,0
14346,-416,-1
14347,-411,-2
14348,-393,1
14349,-390,0
14350,-378,0
14351,-370,0
14352,-362,0
14353,-361,1
14354,-363,-2
14355,-376,1
14356,-374,-1
14357,-393,0
14358,-397,-2
14359,-399,-2
14360,-411,-1
14361,-414,-1
14362,-415,-1
14363,-408,-1
14364,-378,-1
14365,-367,-2
14366,-378,0
14367,-358,-1
14368,-345,1
14369,-366,-1
14370,-380,1
14371,-380,-1
14372,-398,0
14373,-417,0
14374,-414,1
14375,-405,-2
14376,-406,1
14377,-402,-2
14378,-389,-2
14379,-375,-1
14380,-352,-2
14381,-355,-2
14382,-355,-2
14383,-364,1
14384,-358,-2
14385,-381,-1
14386,-410,-3
14387,-406,-1
14388,-408,0
14389,-410,0
14390,-414,-1
14391,-405,-1
14392,-381,-1
14393,-368,-1
14394,-373,1
14395,-366,0
14396,-354,-1
14397,-358,0
14398,-378,0
14399,-384,-1
14400,-393,1
14401,-408,1
14402,-428,1
14403,-422,1
14404,-409,1
14405,-402,0
14406,-388,-1
14407,-371,-2
14408,-365,1
14409,-357,-1
14410,-373,-2
14411,-370,-1
14412,-374,-1
14413,-378,-1
14414,-390,-1
14415,-396,2
14416,-396,-1
14417,-415,1
14418,-416,-1
14419,-398,1
14420,-382,0
14421,-378,0
14422,-370,-2
14423,-366,0
14424,-367,-2
14425,-376,1
14426,-385,1
14427,-382,-1
14428,-395,-2
14429,-399,0
14430,-398,0
14431,-393,0
14432,-383,0
14433,-384,-2
14434,-389,-1
14435,-383,-2
14436,-381,-1
14437,-377,-1
14438,-374,1
14439,-377,0
14440,-366,-1
14441,-379,1
14442,-396,0
14443,-389,-2
14444,-386,1
14445,-399,-1
14446,-394,-2
14447,-394,1
14448,-384,-1
14449,-378,0
14450,-399,1
14451,-393,-2
14452,-385,1
14453,-393,-2
14454,-382,0
14455,-383,-1
14456,-381,0
14457,-386,1
14458,-384,1
14459,-393,-1
14460,-392,0
14461,-396,0
14462,-390,-3
14463,-399,0
14464,-392,-2
14465,-395,1
14466,-397,-1
14467,-389,0
14468,-378,-2
14469,-386,0
14470,-378,1
14471,-372,1
14472,-367,0
14473,-378,-1
14474,-399,1
14475,-400,1
14476,-399,0
14477,-403,0
14478,-392,1
14479,-393,-1
14480,-392,-1
14481,-393,-2
14482,-394,0
14483,-381,-1
14484,-373,1
14485,-377,-2
14486,-383,-1
14487,-375,1
14488,-380,-1
14489,-390,-1
14490,-405,-2
14491,-408,-1
14492,-394,-1
14493,-396,-1
14494,-396,-1
14495,-393,-1
14496,-374,-2
14497,-381,0
14498,-375,-2
14499,-384,-4
14500,-373,0
14501,-381,1
14502,-374,-1
14503,-389,-2
14504,-390,-3
14505,-406,-2
14506,-406,-2
14507,-394,-1
14508,-384,0
14509,-392,1
14510,-387,0
14511,-377,1
14512,-362,0
14513,-369,-2
14514,-384,-1
14515,-394,0
14516,-387,0
14517,-383,0
14518,-387,-2
14519,-392,-2
14520,-394,-1
14521,-390,-1
14522,-393,1
14523,-387,1
14524,-383,1
14525,-375,-2
14526,-384,1
14527,-387,0
14528,-378,-2
14529,-390,-2
14530,-390,-1
14531,-390,-3
14532,-387,2
14533,-385,1
14534,-388,1
14535,-383,1
14536,-381,-2
14537,-390,0
14538,-399,-1
14539,-395,1
14540,-393,1
14541,-400,-1
14542,-395,-1
14543,-390,-2
14544,-379,0
14545,-381,1
14546,-398,1
14547,-381,-1
14548,-377,-2
14549,-374,-1
14550,-378,0
14551,-384,-2
14552,-379,-2
14553,-405,-1
14554,-417,0
14555,-408,1
14556,-402,0
14557,-397,-3
14558,-387,-2
14559,-390,-1
14560,-378,-1
14561,-373,-2
14562,-387,-2
14563,-383,-2
14564,-383,-1
14565,-381,1
14566,-407,-1
14567,-409,-1
14568,-405,-1
14569,-414,1
14570,-417,-1
14571,-396,1
14572,-391,-2
14573,-364,0
14574,-375,0
14575,-364,-2
14576,-356,0
14577,-371,0
14578,-396,0
14579,-387,0
14580,-402,-2
14581,-409,0
14582,-414,-1
14583,-413,-3
14584,-405,-1
14585,-396,1
14586,-390,1
14587,-376,-1
14588,-366,-2
14589,-370,-2
14590,-361,-2
14591,-367,-3
14592,-380,0
14593,-388,-1
14594,-405,0
14595,-417,-3
14596,-408,-1
14597,-414,-2
14598,-413,1
14599,-397,1
14600,-375,1
14601,-369,-3
14602,-392,-2
14603,-370,-2
14604,-365,1
14605,-367,2
14606,-375,1
14607,-392,-1
14608,-393,-1
14609,-398,-1
14610,-426,-3
14611,-411,1
14612,-401,-2
14613,-401,-2
14614,-383,-2
14615,-384,0
14616,-365,-1
14617,-368,-2
14618,-381,-2
14619,-378,-2
14620,-367,0
14621,-385,-2
14622,-387,0
14623,-407,-2
14624,-393,1
14625,-407,0
14626,-407,1
14627,-406,-1
14628,-396,0
14629,-387,-1
14630,-381,0
14631,-383,-3
14632,-367,1
14633,-376,0
14634,-373,-1
14635,-378,-1
14636,-387,-2
14637,-387,0
14638,-390,0
14639,-403,-2
14640,-392,1
14641,-407,-1
14642,-408,1
14643,-405,-2
14644,-385,-2
14645,-392,0
14646,-379,-3
14647,-373,1
14648,-378,-1
14649,-375,-3
14650,-372,-1
14651,-387,0
14652,-393,-2
14653,-395,-1
14654,-397,2
14655,-401,-2
14656,-400,-2
14657,-408,0
14658,-411,0
14659,-401,1
14660,-376,1
14661,-375,1
14662,-378,0
14663,-370,-2
14664,-349,0
14665,-363,-2
14666,-378,1
14667,-387,-2
14668,-391,-2
14669,-405,-1
14670,-411,-1
14671,-411,0
14672,-401,0
14673,-411,-2
14674,-395,-2
14675,-377,0
14676,-367,0
14677,-356,0
14678,-361,0
14679,-361,-1
14680,-361,-1
14681,-382,0
14682,-413,-1
14683,-405,-1
14684,-414,1
14685,-413,-1
14686,-414,1
14687,-406,-1
14688,-384,-2
14689,-378,-2
14690,-373,-1
14691,-365,-1
14692,-355,-2
14693,-358,-1
14694,-364,-1
14695,-387,1
14696,-392,0
14697,-411,1
14698,-412,-2
14699,-419,-1
14700,-419,-2
14701,-408,3
14702,-390,-1
14703,-373,1
14704,-360,-1
14705,-364,0
14706,-375,-1
14707,-364,0
14708,-365,-1
14709,-381,-2
14710,-395,-1
14711,-407,-2
14712,-417,0
14713,-419,-2
14714,-433,1
14715,-409,0
14716,-392,-1
14717,-382,-2
14718,-369,0
14719,-366,0
14720,-359,-1
14721,-358,-1
14722,-370,-1
14723,-385,1
14724,-388,0
14725,-396,1
14726,-404,-2
14727,-408,-1
14728,-400,-1
14729,-400,0
14730,-394,0
14731,-389,1
14732,-384,0
14733,-372,-2
14734,-372,0
14735,-373,-1
14736,-373,0
14737,-378,0
14738,-395,0
14739,-394,0
14740,-402,-2
14741,-397,-1
14742,-408,-1
14743,-392,-1
14744,-397,-2
14745,-396,1
14746,-400,0
14747,-386,-1
14748,-373,0
14749,-376,0
14750,-365,0
14751,-378,-2
14752,-381,0
14753,-380,-1
14754,-387,1
14755,-390,-1
14756,-393,-1
14757,-400,1
14758,-399,-1
14759,-386,-1
14760,-390,1
14761,-384,-1
14762,-385,-1
14763,-388,-2
14764,-383,0
14765,-377,-1
14766,-380,0
14767,-370,-2
14768,-367,0
14769,-383,-2
14770,-396,0
14771,-399,-1
14772,-394,0
14773,-402,-2
14774,-412,-1
14775,-397,-1
14776,-386,-2
14777,-373,0
14778,-392,1
14779,-382,-2
14780,-363,1
14781,-366,-1
14782,-371,1
14783,-374,-1
14784,-381,0
14785,-395,-2
14786,-412,-1
14787,-408,0
14788,-411,0
14789,-417,-1
14790,-405,-2
14791,-388,1
14792,-379,-2
14793,-374,-1
14794,-379,-2
14795,-374,-2
14796,-370,1
14797,-370,-2
14798,-400,0
14799,-402,-1
14800,-399,0
14801,-418,-1
14802,-420,-1
14803,-414,-2
14804,-405,-2
14805,-393,1
14806,-378,1
14807,-378,1
14808,-358,1
14809,-365,0
14810,-367,1
14811,-383,1
14812,-388,-2
14813,-406,1
14814,-404,-2
14815,-411,2
14816,-398,-1
14817,-407,-1
14818,-408,0
14819,-401,-2
14820,-383,-2
14821,-382,-1
14822,-372,-2
14823,-370,-1
14824,-367,1
14825,-371,-2
14826,-381,-2
14827,-399,0
14828,-394,0
14829,-403,-1
14830,-409,-2
14831,-399,-2
14832,-394,1
14833,-399,0
14834,-399,0
14835,-389,1
14836,-376,0
14837,-369,1
14838,-375,0
14839,-376,-2
14840,-375,-1
14841,-381,1
14842,-407,-2
14843,-401,0
14844,-395,1
14845,-397,0
14846,-393,1
14847,-405,-2
14848,-386,1
14849,-387,0
14850,-390,-1
14851,-394,1
14852,-384,0
14853,-395,-2
14854,-383,2
14855,-385,0
14856,-375,-1
14857,-389,-2
14858,-396,-1
14859,-401,-1
14860,-399,1
14861,-402,1
14862,-402,0
14863,-405,-1
14864,-386,-2
14865,-397,1
14866,-394,-1
14867,-396,-2
14868,-390,1
14869,-384,1
14870,-365,-2
14871,-372,-1
14872,-375,-1
14873,-391,-2
14874,-399,-2
14875,-401,-1
14876,-399,0
14877,-405,1
14878,-405,-1
14879,-403,-2
14880,-377,-2
14881,-384,-1
14882,-385,-1
14883,-375,1
14884,-366,0
14885,-368,-1
14886,-383,0
14887,-386,-2
14888,-388,1
14889,-412,0
14890,-412,-2
14891,-410,-1
14892,-408,1
14893,-409,2
14894,-398,1
14895,-378,0
14896,-360,0
14897,-369,-1
14898,-367,-1
14899,-375,-1
14900,-369,1
14901,-382,0
14902,-398,1
14903,-407,0
14904,-403,-1
14905,-417,1
14906,-411,-2
14907,-402,0
14908,-395,1
14909,-377,-1
14910,-373,2
14911,-373,0
14912,-359,-2
14913,-372,1
14914,-377,-2
14915,-390,-2
14916,-395,-1
14917,-405,1
14918,-407,-2
14919,-405,0
14920,-396,-2
14921,-398,-2
14922,-399,0
14923,-394,-2
14924,-363,0
14925,-367,-2
14926,-376,-2
14927,-368,-1
14928,-373,1
14929,-390,0
14930,-400,-2
14931,-408,-2
14932,-414,-2
14933,-412,-1
14934,-411,-1
14935,-398,0
14936,-379,-1
14937,-387,0
14938,-386,-1
14939,-388,1
14940,-381,-1
14941,-381,1
14942,-386,-2
14943,-383,1
14944,-380,-1
14945,-398,1
14946,-405,-1
14947,-412,0
14948,-395,-2
14949,-402,-1
14950,-391,0
14951,-384,0
14952,-375,-2
14953,-380,-1
14954,-393,-1
14955,-394,-1
14956,-378,-1
14957,-387,-2
14958,-402,-1
14959,-393,0
14960,-391,-2
14961,-395,-1
14962,-403,0
14963,-399,-2
14964,-394,-3
14965,-405,0
14966,-398,-2
14967,-390,0
14968,-382,-2
14969,-393,-2
14970,-399,-2
14971,-393,0
14972,-395,-1
14973,-384,-1
14974,-382,0
14975,-387,-2
14976,-381,-3
14977,-390,-4
14978,-395,1
14979,-403,-1
14980,-398,-2
14981,-402,0
14982,-402,-2
14983,-395,1
14984,-391,-2
14985,-393,1
14986,-384,0
14987,-375,-1
14988,-377,0
14989,-384,0
14990,-390,1
14991,-387,-2
14992,-390,1
14993,-411,-2
14994,-411,1
14995,-404,1
14996,-403,0
14997,-406,1
14998,-398,0
14999,-380,1
15000,-368,-2
15001,-379,1
15002,-386,-1
15003,-382,-2
15004,-375,-2
15005,-395,-2
15006,-390,-2
15007,-402,-2
15008,-395,1
15009,-402,-1
15010,-405,1
15011,-408,1
15012,-387,-2
15013,-389,0
15014,-373,1
15015,-368,1
15016,-362,1
15017,-373,1
15018,-384,-2
15019,-391,-1
15020,-402,0
15021,-401,-1
15022,-400,-2
15023,-402,-1
15024,-389,0
15025,-400,1
15026,-408,0
15027,-393,1
15028,-381,0
15029,-378,-1
15030,-379,-1
15031,-375,0
15032,-374,-1
15033,-385,-2
15034,-384,-1
15035,-399,1
15036,-402,-1
15037,-398,-2
15038,-398,-1
15039,-390,-3
15040,-381,-1
15041,-394,0
15042,-391,1
15043,-385,-2
15044,-389,-1
15045,-386,0
15046,-387,-2
15047,-392,-2
15048,-384,0
15049,-389,-2
15050,-399,1
15051,-399,-1
15052,-387,1
15053,-405,0
15054,-399,-1
15055,-396,-1
15056,-385,0
15057,-398,0
15058,-404,2
15059,-393,-2
15060,-386,2
15061,-398,-2
15062,-390,-1
15063,-387,-2
15064,-373,-1
15065,-386,0
15066,-393,-2
15067,-396,1
15068,-399,0
15069,-408,0
15070,-401,0
15071,-404,0
15072,-390,-2
15073,-393,-1
15074,-402,-2
15075,-395,0
15076,-374,-3
15077,-378,-1
15078,-373,-1
15079,-383,1
15080,-386,-2
15081,-386,1
15082,-405,1
15083,-410,-2
15084,-416,-1
15085,-414,-1
15086,-408,-1
15087,-398,-3
15088,-383,-1
15089,-389,-1
15090,-383,-1
15091,-381,-1
15092,-363,-4
15093,-367,1
15094,-377,0
15095,-380,1
15096,-393,1
15097,-411,-1
15098,-421,-2
15099,-422,-2
15100,-411,0
15101,-406,-1
15102,-386,-2
15103,-384,-2
15104,-361,1
15105,-375,0
15106,-381,0
15107,-370,0
15108,-381,1
15109,-405,-2
15110,-397,1
15111,-405,-1
15112,-401,0
15113,-417,0
15114,-430,-1
15115,-417,-1
15116,-394,-2
15117,-387,-1
15118,-376,1
15119,-364,-2
15120,-359,-2
15121,-373,-2
15122,-382,-1
15123,-390,1
15124,-402,-2
15125,-400,-1
15126,-410,0
15127,-413,1
15128,-405,1
15129,-409,-2
15130,-402,1
15131,-404,-1
15132,-377,-3
15133,-372,0
15134,-374,1
15135,-380,-1
15136,-370,-2
15137,-392,0
15138,-405,-2
15139,-406,-1
15140,-411,-1
15141,-416,1
15142,-407,0
15143,-405,-1
15144,-387,-2
15145,-394,1
15146,-390,0
15147,-390,0
15148,-379,1
15149,-375,-1
15150,-367,-1
15151,-374,1
15152,-381,0
15153,-390,-2
15154,-411,1
15155,-400,-1
15156,-402,-1
15157,-409,-2
15158,-407,-1
15159,-399,1
15160,-395,-2
15161,-401,-2
15162,-393,-2
15163,-398,1
15164,-379,1
15165,-381,-2
15166,-387,2
15167,-382,-2
15168,-381,-1
15169,-399,1
15170,-414,1
15171,-414,-1
15172,-398,-2
15173,-408,1
15174,-411,0
15175,-404,-2
15176,-387,0
15177,-390,-1
15178,-390,-1
15179,-387,-2
15180,-373,1
15181,-370,-2
15182,-378,0
15183,-390,0
15184,-390,-2
15185,-402,-2
15186,-420,-2
15187,-417,-2
15188,-413,-1
15189,-417,0
15190,-411,-1
15191,-393,-1
15192,-381,-1
15193,-379,0
15194,-384,1
15195,-371,-1
15196,-366,-1
15197,-385,-1
15198,-399,-1
15199,-413,0
15200,-413,-2
15201,-425,-1
15202,-431,1
15203,-431,-2
15204,-406,-1
15205,-385,0
15206,-381,1
15207,-371,0
15208,-361,-2
15209,-369,-2
15210,-374,0
15211,-385,1
15212,-395,1
15213,-417,-1
15214,-426,-1
15215,-429,0
15216,-410,-1
15217,-426,-2
15218,-426,0
15219,-400,-2
15220,-368,-2
15221,-367,-1
15222,-374,0
15223,-370,-2
15224,-364,-1
15225,-386,-2
15226,-401,0
15227,-405,-2
15228,-411,-2
15229,-424,-2
15230,-422,0
15231,-414,-2
15232,-401,1
15233,-402,-1
15234,-385,-2
15235,-373,-1
15236,-364,0
15237,-363,-2
15238,-374,-1
15239,-375,-3
15240,-375,-2
15241,-409,1
15242,-426,-2
15243,-428,-1
15244,-408,0
15245,-418,1
15246,-403,-1
15247,-405,-1
15248,-381,0
15249,-386,-1
15250,-378,1
15251,-384,0
15252,-368,-2
15253,-382,0
15254,-389,-1
15255,-398,0
15256,-391,1
15257,-411,-2
15258,-417,-1
15259,-414,-2
15260,-403,0
15261,-404,0
15262,-398,-2
15263,-399,-1
15264,-370,-1
15265,-384,-2
15266,-383,-1
15267,-388,1
15268,-377,-1
15269,-387,-2
15270,-383,-1
15271,-402,1
15272,-390,-1
15273,-418,-1
15274,-411,0
15275,-405,1
15276,-402,0
15277,-405,-2
15278,-395,1
15279,-384,0
15280,-368,-1
15281,-376,0
15282,-389,0
15283,-387,-1
15284,-379,-1
15285,-394,-1
15286,-408,-2
15287,-416,-2
15288,-393,-2
15289,-410,-2
15290,-427,0
15291,-418,-2
15292,-398,-1
15293,-397,0
15294,-391,-2
15295,-373,-2
15296,-362,-2
15297,-367,-1
15298,-374,-1
15299,-381,-1
15300,-390,-1
15301,-404,0
15302,-416,-1
15303,-423,1
15304,-408,0
15305,-411,1
15306,-420,0
15307,-410,0
15308,-397,-2
15309,-382,-1
15310,-370,-1
15311,-378,-1
15312,-368,1
15313,-381,-1
15314,-393,0
15315,-411,-3
15316,-416,0
15317,-423,1
15318,-426,0
15319,-418,0
15320,-405,-1
15321,-394,0
15322,-401,0
15323,-377,0
15324,-362,1
15325,-369,-2
15326,-370,-1
15327,-374,-1
15328,-387,1
15329,-410,-2
15330,-422,-2
15331,-425,1
15332,-425,-1
15333,-420,-1
15334,-420,-1
15335,-404,-2
15336,-375,-2
15337,-384,-2
15338,-373,-2
15339,-382,0
15340,-378,1
15341,-394,1
15342,-392,0
15343,-394,-1
15344,-393,0
15345,-419,-1
15346,-430,0
15347,-419,2
15348,-399,0
15349,-396,-1
15350,-381,-1
15351,-376,-1
15352,-364,0
15353,-377,-1
15354,-382,0
15355,-397,-1
15356,-387,-2
15357,-395,0
15358,-405,-2
15359,-414,0
15360,-414,1
15361,-411,-1
15362,-407,0
15363,-407,0
15364,-403,-1
15365,-393,-2
15366,-384,-2
15367,-386,-1
15368,-378,0
15369,-400,0
15370,-393,-1
15371,-395,-1
15372,-398,-2
15373,-401,-2
15374,-387,-1
15375,-413,0
15376,-393,0
15377,-395,0
15378,-401,-1
15379,-399,1
15380,-387,-2
15381,-391,0
15382,-395,-3
15383,-397,-1
15384,-393,-1
15385,-399,0
15386,-397,-2
15387,-389,1
15388,-388,-2
15389,-399,1
15390,-396,0
15391,-403,-2
15392,-394,1
15393,-400,-2
15394,-414,0
15395,-405,-1
15396,-399,-2
15397,-396,1
15398,-398,3
15399,-392,-1
15400,-376,0
15401,-390,-1
15402,-386,0
15403,-396,-1
15404,-396,-1
15405,-390,-1
15406,-402,-2
15407,-407,2
15408,-392,1
15409,-409,-1
15410,-409,-1
15411,-401,1
15412,-385,-2
15413,-385,-2
15414,-384,1
15415,-381,-1
15416,-378,1
15417,-387,-2
15418,-396,1
15419,-405,0
15420,-403,-2
15421,-409,-1
15422,-411,-2
15423,-408,1
15424,-405,-1
15425,-401,2
15426,-400,1
15427,-389,1
15428,-381,1
15429,-382,-1
15430,-381,1
15431,-384,0
15432,-388,-2
15433,-412,-1
15434,-425,-1
15435,-417,-2
15436,-410,-2
15437,-408,-2
15438,-409,-1
15439,-399,-1
15440,-383,-1
15441,-390,1
15442,-393,-2
15443,-390,1
15444,-392,1
15445,-396,-2
15446,-395,-1
15447,-399,-1
15448,-395,1
15449,-411,1
15450,-421,-1
15451,-413,-2
15452,-400,-2
15453,-409,-1
15454,-402,0
15455,-397,-2
15456,-384,-2
15457,-392,0
15458,-399,-3
15459,-406,1
15460,-393,0
15461,-395,1
15462,-395,-2
15463,-404,-1
15464,-390,-2
15465,-406,-3
15466,-400,0
15467,-409,0
15468,-398,1
15469,-402,-2
15470,-398,-1
15471,-397,-1
15472,-397,-2
15473,-400,1
15474,-402,-2
15475,-399,-2
15476,-389,1
15477,-392,0
15478,-387,-1
15479,-393,1
15480,-387,-2
15481,-402,0
15482,-416,1
15483,-415,1
15484,-417,-2
15485,-416,-2
15486,-402,0
15487,-396,-1
15488,-387,-2
15489,-384,-1
15490,-398,-2
15491,-393,-2
15492,-387,-2
15493,-399,-2
15494,-402,1
15495,-410,-2
15496,-404,1
15497,-412,-1
15498,-415,-1
15499,-416,-1
15500,-406,-2
15501,-399,1
15502,-392,1
15503,-381,0
15504,-370,0
15505,-377,-2
15506,-394,0
15507,-402,0
15508,-402,-1
15509,-405,-1
15510,-413,-2
15511,-417,-2
15512,-412,1
15513,-424,1
15514,-417,-1
15515,-405,-1
15516,-382,-1
15517,-383,-1
15518,-375,1
15519,-373,0
15520,-370,-1
15521,-378,-2
15522,-401,-1
15523,-415,-2
15524,-420,-1
15525,-420,-1
15526,-424,0
15527,-415,-1
15528,-408,0
15529,-402,-2
15530,-397,-1
15531,-390,0
15532,-380,-3
15533,-371,1
15534,-382,-2
15535,-396,0
15536,-396,-1
15537,-411,-2
15538,-418,-2
15539,-425,-2
15540,-421,-1
15541,-414,0
15542,-406,0
15543,-407,0
15544,-382,1
15545,-392,-1
15546,-386,1
15547,-380,0
15548,-384,0
15549,-390,-1
15550,-396,0
15551,-399,0
15552,-408,1
15553,-416,0
15554,-419,-1
15555,-417,-2
15556,-412,-2
15557,-409,0
15558,-401,-1
15559,-396,-1
15560,-383,-1
15561,-395,-1
15562,-399,1
15563,-395,-1
15564,-399,-1
15565,-405,-1
15566,-405,-2
15567,-408,0
15568,-402,0
15569,-409,0
15570,-406,1
15571,-418,0
15572,-399,-2
15573,-402,-2
15574,-396,-2
15575,-396,2
15576,-388,1
15577,-392,0
15578,-396,-2
15579,-393,-1
15580,-394,-2
15581,-394,1
15582,-405,-2
15583,-399,0
15584,-396,-1
15585,-400,-1
15586,-409,-1
15587,-411,-1
15588,-401,-4
15589,-402,-2
15590,-396,-1
15591,-397,1
15592,-389,-1
15593,-385,1
15594,-396,-1
15595,-405,0
15596,-399,-2
15597,-399,0
15598,-400,1
15599,-408,2
15600,-412,-1
15601,-419,-2
15602,-420,-2
15603,-406,0
15604,-401,1
15605,-390,-1
15606,-384,1
15607,-378,0
15608,-364,-2
15609,-387,-2
15610,-391,0
15611,-405,-2
15612,-410,-1
15613,-425,-1
15614,-418,-3
15615,-421,0
15616,-418,-1
15617,-412,-1
15618,-404,-1
15619,-392,-1
15620,-384,0
15621,-377,-1
15622,-382,1
15623,-375,1
15624,-380,0
15625,-397,0
15626,-426,-1
15627,-423,0
15628,-425,-1
15629,-426,1
15630,-430,-2
15631,-412,1
15632,-398,-1
15633,-391,-2
15634,-390,-2
15635,-379,-1
15636,-367,0
15637,-379,-1
15638,-388,-2
15639,-402,2
15640,-405,0
15641,-418,-1
15642,-425,0
15643,-428,1
15644,-419,0
15645,-415,1
15646,-408,1
15647,-392,-2
15648,-384,-1
15649,-378,1
15650,-389,1
15651,-388,-1
15652,-390,0
15653,-394,-2
15654,-406,-2
15655,-420,1
15656,-417,0
15657,-426,0
15658,-426,0
15659,-419,-2
15660,-408,-2
15661,-395,-1
15662,-392,1
15663,-390,-2
15664,-372,-2
15665,-382,1
15666,-404,-1
15667,-402,-2
15668,-393,-1
15669,-417,-1
15670,-411,0
15671,-408,1
15672,-401,1
15673,-414,0
15674,-421,-1
15675,-413,0
15676,-403,0
15677,-401,-2
15678,-401,-2
15679,-403,-2
15680,-389,1
15681,-390,-2
15682,-412,1
15683,-398,-2
15684,-404,-2
15685,-405,-1
15686,-397,-1
15687,-403,-1
15688,-405,-2
15689,-412,-1
15690,-422,-1
15691,-426,-2
15692,-399,1
15693,-402,1
15694,-397,0
15695,-391,-2
15696,-383,-2
15697,-389,2
15698,-402,-2
15699,-401,0
15700,-396,0
15701,-402,-1
15702,-414,0
15703,-418,-1
15704,-421,0
15705,-417,-2
15706,-416,0
15707,-415,1
15708,-394,-2
15709,-390,0
15710,-378,1
15711,-381,0
15712,-373,-1
15713,-382,-2
15714,-405,-1
15715,-408,-3
15716,-417,-1
15717,-428,-2
15718,-418,-1
15719,-423,0
15720,-405,-1
15721,-403,0
15722,-402,-1
15723,-387,-1
15724,-377,0
15725,-372,-2
15726,-380,-2
15727,-382,0
15728,-399,-1
15729,-403,1
15730,-434,-3
15731,-440,1
15732,-429,-1
15733,-427,1
15734,-430,-2
15735,-414,0
15736,-391,-2
15737,-384,-1
15738,-390,0
15739,-380,1
15740,-381,0
15741,-384,-2
15742,-400,0
15743,-406,-2
15744,-410,-1
15745,-422,1
15746,-429,-2
15747,-433,-1
15748,-422,-1
15749,-417,1
15750,-399,-2
15751,-386,1
15752,-364,3
15753,-380,-1
15754,-389,0
15755,-386,-2
15756,-390,0
15757,-411,-1
15758,-419,1
15759,-417,-1
15760,-426,1
15761,-417,1
15762,-426,-1
15763,-423,0
15764,-399,-1
15765,-392,-1
15766,-381,1
15767,-383,-1
15768,-375,0
15769,-381,0
15770,-402,0
15771,-400,1
15772,-410,1
15773,-417,1
15774,-413,-1
15775,-421,-2
15776,-404,-1
15777,-413,0
15778,-423,-2
15779,-403,1
15780,-387,1
15781,-396,-2
15782,-383,0
15783,-388,-1
15784,-382,0
15785,-388,0
15786,-407,1
15787,-408,0
15788,-416,-2
15789,-420,-2
15790,-420,-1
15791,-412,1
15792,-417,-2
15793,-419,1
15794,-417,-1
15795,-404,0
15796,-400,-2
15797,-389,1
15798,-393,0
15799,-382,0
15800,-383,-2
15801,-397,-2
15802,-411,0
15803,-414,0
15804,-412,1
15805,-419,-1
15806,-418,-1
15807,-424,0
15808,-407,-3
15809,-403,0
15810,-408,-2
15811,-397,1
15812,-391,0
15813,-385,-2
15814,-379,-1
15815,-388,-1
15816,-387,0
15817,-417,-1
15818,-426,1
15819,-429,-2
15820,-429,0
15821,-426,-3
15822,-424,-2
15823,-411,-2
15824,-400,-1
15825,-393,-1
15826,-386,-1
15827,-386,-2
15828,-373,1
15829,-381,-2
15830,-392,-1
15831,-400,0
15832,-414,-1
15833,-425,1
15834,-432,-1
15835,-438,0
15836,-420,-2
15837,-423,-1
15838,-411,0
15839,-378,-1
15840,-371,-2
15841,-368,-1
15842,-380,-1
15843,-383,-1
15844,-392,-2
15845,-400,-2
15846,-412,1
15847,-426,-1
15848,-430,0
15849,-434,-1
15850,-444,-2
15851,-423,0
15852,-403,-2
15853,-380,-1
15854,-377,-2
15855,-377,-1
15856,-373,-1
15857,-369,-1
15858,-404,0
15859,-403,-1
15860,-413,-1
15861,-419,-1
15862,-435,1
15863,-429,0
15864,-414,-2
15865,-422,-1
15866,-417,0
15867,-405,0
15868,-379,0
15869,-380,1
15870,-381,-2
15871,-387,-1
15872,-393,-2
15873,-408,-2
15874,-422,-1
15875,-422,0
15876,-427,-2
15877,-428,1
15878,-425,0
15879,-411,-2
15880,-394,0
15881,-399,1
15882,-401,0
15883,-390,-1
15884,-390,-2
15885,-393,1
15886,-396,-2
15887,-399,-2
15888,-396,1
15889,-407,-2
15890,-426,-1
15891,-423,-1
15892,-409,-2
15893,-415,-2
15894,-408,-1
15895,-396,1
15896,-393,0
15897,-404,-1
15898,-413,-1
15899,-396,-2
15900,-405,1
15901,-407,-1
15902,-402,-1
15903,-393,1
15904,-396,0
15905,-410,-1
15906,-417,-2
15907,-411,-1
15908,-401,-1
15909,-406,-2
15910,-416,-1
15911,-414,-1
15912,-404,-2
15913,-402,-2
15914,-411,1
15915,-402,0
15916,-390,-2
15917,-396,1
15918,-397,1
15919,-385,-1
15920,-400,-2
15921,-399,1
15922,-411,-1
15923,-417,-1
15924,-409,-2
15925,-416,-2
15926,-416,-1
15927,-408,1
15928,-395,-3
15929,-397,1
15930,-394,-1
15931,-397,0
15932,-397,1
15933,-393,1
15934,-393,-2
15935,-408,-1
15936,-401,-2
15937,-420,1
15938,-435,-2
15939,-423,-3
15940,-421,-1
15941,-405,-1
15942,-401,-1
15943,-393,1
15944,-387,-1
15945,-387,0
15946,-402,0
15947,-390,1
15948,-387,-2
15949,-403,-2
15950,-411,-2
15951,-420,0
15952,-414,-1
15953,-417,3
15954,-425,-2
15955,-423,-1
15956,-398,1
15957,-399,-1
15958,-401,-1
15959,-389,-2
15960,-384,-2
15961,-391,1
15962,-406,2
15963,-401,-1
15964,-414,0
15965,-414,-1
15966,-425,2
15967,-413,1
15968,-417,-2
15969,-415,-1
15970,-420,-2
15971,-411,-1
15972,-401,-2
15973,-392,0
15974,-398,-1
15975,-401,0
15976,-385,-2
15977,-395,-2
15978,-421,1
15979,-411,-2
15980,-408,0
15981,-404,-1
15982,-412,-2
15983,-411,1
15984,-403,-1
15985,-410,-1
15986,-419,-1
15987,-412,0
15988,-403,-1
15989,-405,-1
15990,-402,1
15991,-399,-2
15992,-387,-2
15993,-400,-1
15994,-414,-2
15995,-402,1
15996,-399,0
15997,-413,0
15998,-412,-2
15999,-423,0
16000,-408,-2
16001,-417,-1
16002,-424,1
16003,-403,-1
16004,-404,-1
16005,-388,1
16006,-390,0
16007,-386,0
16008,-375,-2
16009,-402,-1
16010,-417,-2
16011,-421,-2
16012,-420,0
16013,-430,0
16014,-434,-1
16015,-424,1
16016,-416,1
16017,-403,-1
16018,-409,-1
16019,-388,0
16020,-383,0
16021,-375,-1
16022,-379,-1
16023,-383,-1
16024,-393,-1
16025,-411,0
16026,-438,0
16027,-441,-2
16028,-443,-1
16029,-441,1
16030,-431,-1
16031,-417,-2
16032,-388,0
16033,-382,-2
16034,-382,2
16035,-379,2
16036,-369,1
16037,-377,0
16038,-399,0
16039,-415,1
16040,-425,1
16041,-441,0
16042,-449,0
16043,-448,0
16044,-437,-1
16045,-414,-2
16046,-397,1
16047,-381,-2
16048,-367,0
16049,-367,-2
16050,-380,0
16051,-384,-1
16052,-390,-2
16053,-414,-1
16054,-423,1
16055,-430,-2
16056,-424,-3
16057,-442,-2
16058,-441,-2
16059,-423,-2
16060,-391,0
16061,-376,-1
16062,-375,-1
16063,-366,-1
16064,-369,-1
16065,-386,-1
16066,-403,0
16067,-420,-1
16068,-432,-1
16069,-433,-2
16070,-439,0
16071,-444,-1
16072,-424,-1
16073,-419,-1
16074,-414,-2
16075,-397,-1
16076,-384,-1
16077,-376,-2
16078,-373,-2
16079,-394,1
16080,-391,-2
16081,-407,-1
16082,-434,-1
16083,-426,0
16084,-433,2
16085,-435,-2
16086,-426,-2
16087,-412,0
16088,-411,-2
16089,-387,-1
16090,-397,1
16091,-400,-2
16092,-383,1
16093,-391,1
16094,-398,0
16095,-400,-3
16096,-402,0
16097,-420,-3
16098,-433,-1
16099,-431,-1
16100,-420,-1
16101,-420,0
16102,-415,-2
16103,-409,1
16104,-387,-2
16105,-396,1
16106,-410,1
16107,-401,1
16108,-393,-2
16109,-394,-1
16110,-394,1
16111,-405,-2
16112,-400,-1
16113,-414,0
16114,-435,0
16115,-416,-2
16116,-419,-1
16117,-411,-2
16118,-414,1
16119,-404,-2
16120,-381,-1
16121,-389,-1
16122,-408,1
16123,-395,0
16124,-387,-1
16125,-398,-1
16126,-409,0
16127,-412,-1
16128,-410,-2
16129,-426,-2
16130,-434,1
16131,-442,1
16132,-419,2
16133,-417,0
16134,-405,-2
16135,-399,-1
16136,-367,-1
16137,-389,1
16138,-394,-1
16139,-389,1
16140,-390,-2
16141,-399,-1
16142,-413,0
16143,-429,-2
16144,-417,-1
16145,-418,-2
16146,-435,1
16147,-419,-1
16148,-411,-2
16149,-393,-1
16150,-384,0
16151,-384,1
16152,-384,1
16153,-379,-1
16154,-402,-1
16155,-413,-2
16156,-417,-2
16157,-427,-2
16158,-429,-4
16159,-431,0
16160,-421,-2
16161,-423,-4
16162,-409,-1
16163,-393,0
16164,-395,-1
16165,-384,-1
16166,-383,0
16167,-384,-2
16168,-378,-3
16169,-406,0
16170,-426,-1
16171,-422,0
16172,-425,-1
16173,-420,-2
16174,-415,-1
16175,-404,-1
16176,-399,0
16177,-395,-1
16178,-404,1
16179,-393,-2
16180,-400,-1
16181,-402,-3
16182,-405,-2
16183,-402,-2
16184,-402,-1
16185,-412,-1
16186,-438,-2
16187,-423,-1
16188,-405,0
16189,-419,-1
16190,-422,-2
16191,-414,-1
16192,-391,-1
16193,-400,-1
16194,-418,-2
16195,-408,0
16196,-406,-2
16197,-401,1
16198,-409,-2
16199,-405,0
16200,-393,0
16201,-400,-1
16202,-419,0
16203,-420,-2
16204,-414,-1
16205,-402,-1
16206,-422,-2
16207,-422,1
16208,-408,0
16209,-413,1
16210,-424,-1
16211,-412,-2
16212,-407,-2
16213,-402,1
16214,-394,-2
16215,-405,1
16216,-403,-2
16217,-405,-1
16218,-420,-2
16219,-423,0
16220,-416,0
16221,-437,-2
16222,-425,-1
16223,-417,0
16224,-404,-2
16225,-402,-1
16226,-406,-1
16227,-396,-2
16228,-378,-1
16229,-386,-1
16230,-404,-1
16231,-399,1
16232,-404,-2
16233,-420,0
16234,-445,-2
16235,-452,-2
16236,-429,-2
16237,-423,-2
16238,-406,0
16239,-402,-1
16240,-380,-1
16241,-381,-3
16242,-399,-1
16243,-388,1
16244,-403,1
16245,-417,0
16246,-415,-1
16247,-432,-2
16248,-435,0
16249,-440,-1
16250,-449,-1
16251,-430,0
16252,-413,-2
16253,-404,-1
16254,-384,-1
16255,-385,1
16256,-368,1
16257,-378,0
16258,-396,-2
16259,-411,1
16260,-414,0
16261,-432,-1
16262,-437,-1
16263,-438,0
16264,-431,-2
16265,-415,1
16266,-426,-2
16267,-408,0
16268,-385,1
16269,-380,1
16270,-382,-4
16271,-378,-2
16272,-383,-2
16273,-413,1
16274,-428,-1
16275,-433,-2
16276,-438,-2
16277,-434,1
16278,-432,-1
16279,-417,0
16280,-405,1
16281,-404,1
16282,-410,-1
16283,-393,-2
16284,-383,0
16285,-387,-3
16286,-388,0
16287,-396,1
16288,-401,2
16289,-421,-1
16290,-446,-2
16291,-438,-2
16292,-416,-2
16293,-432,-1
16294,-426,-2
16295,-423,-2
16296,-393,-2
16297,-392,-2
16298,-412,-1
16299,-399,-2
16300,-393,-2
16301,-391,-1
16302,-404,-1
16303,-404,0
16304,-399,-2
16305,-419,-2
16306,-441,-2
16307,-427,-2
16308,-426,-2
16309,-423,-2
16310,-418,-1
16311,-403,2
16312,-384,-2
16313,-399,1
16314,-409,-2
16315,-407,1
16316,-381,-2
16317,-387,1
16318,-412,-1
16319,-418,-1
16320,-410,-1
16321,-420,1
16322,-441,-1
16323,-441,-2
16324,-431,1
16325,-419,-2
16326,-417,1
16327,-402,1
16328,-388,-2
16329,-387,-2
16330,-395,0
16331,-387,-1
16332,-393,-2
16333,-400,1
16334,-421,-3
16335,-423,1
16336,-426,0
16337,-445,1
16338,-446,-4
16339,-427,0
16340,-416,0
16341,-408,-3
16342,-390,-2
16343,-376,1
16344,-379,-3
16345,-371,1
16346,-397,-1
16347,-405,-1
16348,-411,-2
16349,-429,0
16350,-435,-2
16351,-444,-1
16352,-424,-2
16353,-435,-3
16354,-435,-1
16355,-402,0
16356,-383,-2
16357,-378,-2
16358,-383,-2
16359,-372,1
16360,-364,-2
16361,-390,-2
16362,-425,-2
16363,-436,-1
16364,-437,-1
16365,-441,-1
16366,-443,-1
16367,-430,1
16368,-414,1
16369,-402,-1
16370,-405,-2
16371,-381,-1
16372,-374,-2
16373,-378,1
16374,-387,1
16375,-396,0
16376,-412,-2
16377,-421,0
16378,-443,-1
16379,-449,0
16380,-452,-1
16381,-432,0
16382,-412,0
16383,-415,-2
16384,-387,-3
16385,-378,0
16386,-400,-1
16387,-393,-1
16388,-395,-1
16389,-403,-2
16390,-399,-1
16391,-417,-1
16392,-421,-2
16393,-432,0
16394,-444,-2
16395,-434,-2
16396,-418,-2
16397,-408,-2
16398,-405,1
16399,-384,-2
16400,-376,1
16401,-393,-2
16402,-409,-1
16403,-410,1
16404,-399,0
16405,-402,-1
16406,-414,-1
16407,-424,-1
16408,-417,0
16409,-418,-1
16410,-435,0
16411,-415,1
16412,-403,-1
16413,-414,-1
16414,-402,-2
16415,-402,-1
16416,-394,-2
16417,-391,-1
16418,-412,-2
16419,-421,-1
16420,-403,0
16421,-413,-2
16422,-413,-2
16423,-416,0
16424,-413,-2
16425,-405,-1
16426,-432,-2
16427,-423,-1
16428,-405,0
16429,-406,1
16430,-404,-2
16431,-404,1
16432,-388,-2
16433,-396,-2
16434,-397,0
16435,-408,-2
16436,-405,1
16437,-416,-1
16438,-418,0
16439,-419,-1
16440,-419,-3
16441,-430,1
16442,-433,0
16443,-422,0
16444,-411,-1
16445,-400,-2
16446,-392,-2
16447,-391,-1
16448,-378,-2
16449,-385,-2
16450,-408,-2
16451,-411,-2
16452,-421,-2
16453,-429,0
16454,-430,-4
16455,-429,1
16456,-408,-1
16457,-420,-2
16458,-421,-1
16459,-410,-1
16460,-389,0
16461,-387,1
16462,-393,0
16463,-384,-1
16464,-393,-2
16465,-409,-2
16466,-435,-2
16467,-435,0
16468,-433,1
16469,-429,1
16470,-435,-1
16471,-422,-2
16472,-401,-1
16473,-404,0
16474,-396,1
16475,-397,1
16476,-390,-2
16477,-393,-2
16478,-399,1
16479,-411,-2
16480,-410,0
16481,-423,-2
16482,-436,-1
16483,-427,-2
16484,-414,1
16485,-419,0
16486,-410,0
16487,-406,0
16488,-399,-2
16489,-394,0
16490,-409,-1
16491,-405,-2
16492,-405,-2
16493,-402,-2
16494,-414,1
16495,-423,-2
16496,-420,-1
16497,-414,-1
16498,-420,0
16499,-425,-2
16500,-416,-2
16501,-417,1
16502,-416,1
16503,-406,-2
16504,-398,-1
16505,-404,1
16506,-411,-2
16507,-406,-2
16508,-407,-1
16509,-403,-1
16510,-414,1
16511,-417,-1
16512,-396,-1
16513,-409,1
16514,-426,-1
16515,-426,0
16516,-423,-1
16517,-419,-1
16518,-414,-2
16519,-414,0
16520,-399,0
16521,-396,-2
16522,-404,1
16523,-407,-1
16524,-393,1
16525,-410,0
16526,-413,-2
16527,-417,-1
16528,-420,-2
16529,-428,0
16530,-446,-2
16531,-435,0
16532,-424,1
16533,-410,0
16534,-420,-1
16535,-402,-2
16536,-384,-2
16537,-393,-2
16538,-393,-2
16539,-403,-2
16540,-408,0
16541,-413,-2
16542,-425,-2
16543,-437,-2
16544,-439,0
16545,-439,-2
16546,-439,-2
16547,-429,1
16548,-412,0
16549,-399,0
16550,-386,-1
16551,-389,0
16552,-373,0
16553,-386,0
16554,-407,-1
16555,-422,2
16556,-435,0
16557,-440,1
16558,-447,-1
16559,-434,1
16560,-427,1
16561,-424,0
16562,-416,-3
16563,-390,-2
16564,-381,0
16565,-369,-2
16566,-382,0
16567,-382,1
16568,-383,-2
16569,-406,-2
16570,-436,-1
16571,-435,-1
16572,-443,-1
16573,-436,2
16574,-438,1
16575,-424,-1
16576,-393,0
16577,-397,-1
16578,-390,-1
16579,-379,-3
16580,-380,-2
16581,-388,0
16582,-403,0
16583,-411,-2
16584,-422,-1
16585,-439,-2
16586,-452,-2
16587,-444,1
16588,-432,0
16589,-423,-1
16590,-411,1
16591,-399,1
16592,-382,0
16593,-375,-2
16594,-383,0
16595,-397,-1
16596,-393,-2
16597,-405,1
16598,-415,-2
16599,-420,-1
16600,-425,0
16601,-432,1
16602,-426,0
16603,-429,-1
16604,-433,-2
16605,-409,-1
16606,-396,0
16607,-388,0
16608,-380,-2
16609,-394,0
16610,-412,-1
16611,-409,-3
16612,-411,2
16613,-429,-2
16614,-420,-1
16615,-424,0
16616,-416,-1
16617,-416,-2
16618,-423,-1
16619,-423,-1
16620,-417,1
16621,-398,-1
16622,-387,0
16623,-399,1
16624,-393,0
16625,-399,0
16626,-409,-1
16627,-416,1
16628,-417,0
16629,-417,1
16630,-421,-2
16631,-420,-2
16632,-413,-1
16633,-425,-3
16634,-426,0
16635,-427,-1
16636,-406,0
16637,-395,0
16638,-400,-1
16639,-398,-2
16640,-384,-1
16641,-393,-2
16642,-409,0
16643,-418,-2
16644,-423,-4
16645,-411,-2
16646,-430,1
16647,-426,-1
16648,-409,-1
16649,-415,0
16650,-410,-1
16651,-406,-1
16652,-391,0
16653,-390,-2
16654,-384,1
16655,-390,-1
16656,-379,-1
16657,-409,1
16658,-429,-1
16659,-434,-1
16660,-429,1
16661,-433,-1
16662,-432,1
16663,-420,-2
16664,-409,1
16665,-395,0
16666,-399,-1
16667,-398,0
16668,-402,0
16669,-393,0
16670,-396,1
16671,-411,-2
16672,-411,-1
16673,-432,0
16674,-438,-2
16675,-438,1
16676,-438,1
16677,-426,0
16678,-420,0
16679,-409,-2
16680,-387,1
16681,-393,1
16682,-399,1
16683,-393,-1
16684,-400,0
16685,-408,-2
16686,-408,-1
16687,-426,-2
16688,-420,1
16689,-431,-1
16690,-441,0
16691,-425,0
16692,-424,-2
16693,-410,0
16694,-404,0
16695,-390,-2
16696,-387,-2
16697,-397,0
16698,-413,-2
16699,-411,0
16700,-410,-2
16701,-415,-2
16702,-414,-1
16703,-416,-1
16704,-411,-1
16705,-411,1
16706,-413,0
16707,-413,-2
16708,-416,-1
16709,-397,-2
16710,-410,-2
16711,-413,-2
16712,-396,-1
16713,-406,-1
16714,-407,1
16715,-421,0
16716,-426,-2
16717,-407,-2
16718,-405,-2
16719,-419,-2
16720,-402,-1
16721,-408,0
16722,-415,-1
16723,-420,0
16724,-426,-2
16725,-417,-2
16726,-411,0
16727,-411,0
16728,-392,1
16729,-402,2
16730,-394,-1
16731,-405,-1
16732,-411,-1
16733,-408,-2
16734,-411,-2
16735,-414,0
16736,-411,0
16737,-430,0
16738,-435,0
16739,-426,0
16740,-432,-1
16741,-402,-1
16742,-405,-2
16743,-399,-2
16744,-377,-1
16745,-382,1
16746,-398,-1
16747,-409,0
16748,-414,1
16749,-428,2
16750,-432,-2
16751,-437,-2
16752,-420,-1
16753,-425,0
16754,-427,-2
16755,-415,0
16756,-404,-1
16757,-389,-1
16758,-391,-1
16759,-387,0
16760,-372,-1
16761,-392,1
16762,-419,1
16763,-434,0
16764,-435,-1
16765,-438,0
16766,-452,-2
16767,-445,-3
16768,-414,1
16769,-409,-1
16770,-402,-2
16771,-396,-1
16772,-394,-1
16773,-378,-2
16774,-386,-2
16775,-402,0
16776,-394,-1
16777,-432,-1
16778,-434,1
16779,-442,-1
16780,-445,-1
16781,-440,-2
16782,-421,1
16783,-414,-1
16784,-378,1
16785,-397,0
16786,-388,1
16787,-390,1
16788,-387,-1
16789,-393,-1
16790,-408,0
16791,-414,-1
16792,-414,1
16793,-443,-2
16794,-444,-2
16795,-433,1
16796,-429,-1
16797,-417,0
16798,-398,0
16799,-389,-1
16800,-374,-1
16801,-381,-1
16802,-384,1
16803,-394,1
16804,-406,0
16805,-417,-2
16806,-426,0
16807,-423,-2
16808,-414,-3
16809,-428,-1
16810,-448,1
16811,-432,0
16812,-411,-1
16813,-402,-2
16814,-390,1
16815,-394,-1
16816,-376,-2
16817,-384,0
16818,-399,-2
16819,-412,3
16820,-424,-1
16821,-422,1
16822,-422,-3
16823,-435,-1
16824,-420,1
16825,-414,0
16826,-421,-1
16827,-428,-1
16828,-414,-2
16829,-403,1
16830,-395,-1
16831,-385,-1
16832,-382,-2
16833,-382,-1
16834,-401,0
16835,-418,-2
16836,-417,-1
16837,-429,0
16838,-430,-1
16839,-436,-1
16840,-420,-1
16841,-426,-1
16842,-417,-1
16843,-407,0
16844,-398,1
16845,-390,-1
16846,-381,-2
16847,-384,1
16848,-381,0
16849,-399,0
16850,-411,-1
16851,-438,-3
16852,-444,-2
16853,-445,1
16854,-443,-1
16855,-428,-2
16856,-407,1
16857,-394,1
16858,-398,1
16859,-382,-2
16860,-383,1
16861,-372,-1
16862,-384,0
16863,-394,1
16864,-393,-2
16865,-428,-2
16866,-440,-2
16867,-455,0
16868,-454,-2
16869,-436,-1
16870,-432,-1
16871,-420,-2
16872,-378,-1
16873,-382,0
16874,-378,1
16875,-381,-1
16876,-383,1
16877,-390,-2
16878,-408,1
16879,-426,-1
16880,-417,2
16881,-443,-2
16882,-451,-1
16883,-442,0
16884,-437,-1
16885,-419,0
16886,-393,0
16887,-381,-1
16888,-364,2
16889,-367,1
16890,-388,-1
16891,-396,-2
16892,-414,-1
16893,-435,1
16894,-439,-1
16895,-447,-1
16896,-440,-1
16897,-441,0
16898,-439,-2
16899,-437,-1
16900,-405,1
16901,-395,0
16902,-384,0
16903,-387,-1
16904,-377,-1
16905,-396,-2
16906,-405,-1
16907,-417,0
16908,-441,1
16909,-437,0
16910,-432,-1
16911,-437,1
16912,-412,0
16913,-419,-1
16914,-422,-2
16915,-408,-1
16916,-402,1
16917,-389,-1
16918,-396,1
16919,-401,0
16920,-394,-2
16921,-409,-2
16922,-429,0
16923,-431,-2
16924,-438,2
16925,-426,-1
16926,-422,-1
16927,-422,-3
16928,-399,1
16929,-405,-2
16930,-399,-3
16931,-404,-1
16932,-406,-1
16933,-398,0
16934,-401,-1
16935,-407,-2
16936,-387,0
16937,-408,0
16938,-417,-2
16939,-435,1
16940,-433,-2
16941,-420,-2
16942,-416,-1
16943,-429,-1
16944,-410,-3
16945,-402,-2
16946,-407,-2
16947,-401,0
16948,-410,0
16949,-397,-2
16950,-396,-1
16951,-404,1
16952,-401,-1
16953,-415,0
16954,-431,-1
16955,-431,-2
16956,-435,1
16957,-436,0
16958,-429,-2
16959,-414,1
16960,-400,1
16961,-391,0
16962,-399,-2
16963,-396,-1
16964,-401,1
16965,-385,-1
16966,-403,1
16967,-422,-2
16968,-405,0
16969,-426,-2
16970,-438,-2
16971,-446,1
16972,-437,0
16973,-424,0
16974,-422,0
16975,-399,-2
16976,-387,-1
16977,-383,1
16978,-396,0
16979,-405,-2
16980,-400,-1
16981,-405,0
16982,-433,0
16983,-433,-2
16984,-423,0
16985,-433,1
16986,-431,0
16987,-436,0
16988,-424,1
16989,-402,-2
16990,-391,1
16991,-403,-1
16992,-381,-2
16993,-384,1
16994,-402,-1
16995,-418,-1
16996,-424,-1
16997,-429,-2
16998,-430,0
16999,-433,-3
17000,-411,0
17001,-423,0
17002,-416,-1
17003,-408,-2
17004,-404,-1
17005,-388,0
17006,-392,-3
17007,-393,-1
17008,-399,-2
17009,-408,1
17010,-424,1
17011,-428,0
17012,-438,-2
17013,-425,-2
17014,-428,-1
17015,-429,1
17016,-398,-1
17017,-416,-2
17018,-399,1
17019,-405,0
17020,-408,1
17021,-403,-2
17022,-411,-1
17023,-407,-1
17024,-393,-1
17025,-412,-2
17026,-429,1
17027,-422,-2
17028,-424,-2
17029,-423,-2
17030,-414,-2
17031,-411,-1
17032,-401,1
17033,-411,-2
17034,-410,1
17035,-414,0
17036,-418,-1
17037,-417,0
17038,-414,0
17039,-411,1
17040,-405,1
17041,-416,-1
17042,-416,-1
17043,-424,-3
17044,-420,-1
17045,-419,0
17046,-420,-1
17047,-423,-2
17048,-398,-1
17049,-406,1
17050,-407,-1
17051,-419,1
17052,-405,-2
17053,-397,-1
17054,-402,0
17055,-403,0
17056,-410,-2
17057,-414,-2
17058,-420,1
17059,-428,-2
17060,-432,-2
17061,-436,1
17062,-423,0
17063,-416,1
17064,-405,-1
17065,-401,1
17066,-401,1
17067,-398,-3
17068,-396,1
17069,-388,-3
17070,-411,0
17071,-420,-1
17072,-402,-2
17073,-426,-4
17074,-430,-2
17075,-439,0
17076,-445,0
17077,-420,-2
17078,-408,-1
17079,-399,-2
17080,-376,-2
17081,-384,0
17082,-397,-1
17083,-407,0
17084,-399,-4
17085,-408,0
17086,-423,-2
17087,-436,-1
17088,-418,-1
17089,-435,0
17090,-438,-1
17091,-426,-2
17092,-414,-2
17093,-399,0
17094,-388,-2
17095,-393,-1
17096,-380,-1
17097,-393,-2
17098,-393,0
17099,-417,-1
17100,-426,1
17101,-432,-1
17102,-435,1
17103,-434,0
17104,-412,-1
17105,-423,-2
17106,-414,-1
17107,-415,-1
17108,-402,-1
17109,-386,1
17110,-399,-1
17111,-401,-2
17112,-389,0
17113,-405,-2
17114,-420,0
17115,-427,0
17116,-436,-2
17117,-433,-1
17118,-414,-2
17119,-418,-2
17120,-402,1
17121,-413,-1
17122,-405,0
17123,-411,-1
17124,-404,-1
17125,-405,-1
17126,-412,-3
17127,-414,-1
17128,-396,-1
17129,-413,-1
17130,-422,-2
17131,-429,-2
17132,-426,-1
17133,-420,-1
17134,-414,1
17135,-411,-1
17136,-399,-2
17137,-420,-2
17138,-408,0
17139,-416,-2
17140,-417,-2
17141,-412,-1
17142,-407,0
17143,-407,1
17144,-393,0
17145,-404,-2
17146,-411,-2
17147,-422,-1
17148,-415,-2
17149,-422,-1
17150,-429,0
17151,-417,0
17152,-414,0
17153,-407,-1
17154,-407,-1
17155,-413,0
17156,-404,-2
17157,-397,-2
17158,-396,0
17159,-411,0
17160,-406,-2
17161,-417,-2
17162,-426,1
17163,-446,1
17164,-446,-2
17165,-439,-1
17166,-419,0
17167,-417,-2
17168,-402,-1
17169,-395,-1
17170,-390,-2
17171,-391,0
17172,-397,-1
17173,-399,-3
17174,-411,0
17175,-422,1
17176,-412,0
17177,-431,0
17178,-440,-1
17179,-449,-2
17180,-435,-2
17181,-423,0
17182,-399,-2
17183,-395,1
17184,-386,0
17185,-385,-1
17186,-390,-2
17187,-406,0
17188,-406,-1
17189,-426,-2
17190,-432,0
17191,-446,1
17192,-442,1
17193,-432,0
17194,-429,-1
17195,-428,-1
17196,-408,-2
17197,-399,0
17198,-393,-1
17199,-388,-1
17200,-383,1
17201,-396,-2
17202,-405,-2
17203,-427,0
17204,-425,-1
17205,-428,-1
17206,-440,-2
17207,-440,-2
17208,-418,-1
17209,-423,-1
17210,-411,-2
17211,-413,1
17212,-399,-1
17213,-387,-1
17214,-403,1
17215,-408,1
17216,-392,0
17217,-409,0
17218,-420,-1
17219,-432,-1
17220,-432,-1
17221,-423,-1
17222,-421,0
17223,-417,-1
17224,-414,-1
17225,-402,0
17226,-399,1
17227,-413,-2
17228,-404,0
17229,-406,0
17230,-408,-3
17231,-411,-2
17232,-405,-2
17233,-414,-1
17234,-419,-1
17235,-428,1
17236,-424,1
17237,-418,0
17238,-417,1
17239,-412,-2
17240,-405,-1
17241,-414,1
17242,-414,0
17243,-423,-1
17244,-421,-1
17245,-402,-2
17246,-404,1
17247,-412,-2
17248,-396,0
17249,-411,0
17250,-421,1
17251,-426,1
17252,-433,1
17253,-432,0
17254,-420,-1
17255,-423,1
17256,-414,-2
17257,-411,-2
17258,-414,0
17259,-414,-2
17260,-404,1
17261,-399,-2
17262,-411,0
17263,-408,1
17264,-408,-2
17265,-422,0
17266,-436,-3
17267,-455,-2
17268,-450,-3
17269,-430,-2
17270,-429,-2
17271,-420,-2
17272,-405,-3
17273,-393,0
17274,-388,0
17275,-389,1
17276,-396,0
17277,-398,0
17278,-414,0
17279,-423,1
17280,-427,1
17281,-435,-2
17282,-444,-2
17283,-441,1
17284,-429,0
17285,-418,1
17286,-404,-1
17287,-388,-1
17288,-381,0
17289,-381,-2
17290,-392,0
17291,-405,-2
17292,-411,-1
17293,-422,-1
17294,-441,1
17295,-439,1
17296,-439,-1
17297,-441,1
17298,-441,-1
17299,-426,-2
17300,-407,-2
17301,-396,0
17302,-383,-1
17303,-387,-1
17304,-386,0
17305,-387,0
17306,-408,1
17307,-427,1
17308,-438,-2
17309,-444,-2
17310,-441,0
17311,-433,2
17312,-430,-2
17313,-415,-2
17314,-409,0
17315,-411,1
17316,-393,-2
17317,-393,1
17318,-394,0
17319,-408,0
17320,-389,-2
17321,-413,0
17322,-438,-1
17323,-448,-1
17324,-440,0
17325,-430,2
17326,-442,-1
17327,-429,-2
17328,-415,0
17329,-392,-1
17330,-401,-1
17331,-411,-2
17332,-402,-3
17333,-397,1
17334,-397,1
17335,-403,-1
17336,-405,0
17337,-422,-1
17338,-421,0
17339,-432,1
17340,-438,0
17341,-432,-1
17342,-419,-2
17343,-419,0
17344,-401,-2
17345,-399,1
17346,-405,-2
17347,-414,-1
17348,-402,0
17349,-396,1
17350,-405,0
17351,-412,0
17352,-418,-2
17353,-423,-1
17354,-449,0
17355,-452,-2
17356,-446,-2
17357,-439,0
17358,-429,1
17359,-412,1
17360,-398,1
17361,-397,-1
17362,-389,-1
17363,-403,-2
17364,-393,0
17365,-406,0
17366,-416,0
17367,-423,-1
17368,-431,-1
17369,-441,0
17370,-454,-1
17371,-461,-1
17372,-436,-2
17373,-413,-2
17374,-415,1
17375,-399,0
17376,-378,1
17377,-373,0
17378,-385,-2
17379,-411,-2
17380,-414,-1
17381,-426,-1
17382,-441,-2
17383,-450,-2
17384,-452,-1
17385,-432,-2
17386,-444,0
17387,-435,-2
17388,-415,1
17389,-392,-2
17390,-373,1
17391,-381,-2
17392,-375,1
17393,-375,2
17394,-404,-1
17395,-434,0
17396,-437,-2
17397,-449,-2
17398,-457,-1
17399,-452,-2
17400,-427,0
17401,-422,0
17402,-417,0
17403,-401,-2
17404,-392,-1
17405,-379,-1
17406,-381,-2
17407,-396,1
17408,-387,-2
17409,-411,-2
17410,-438,-2
17411,-458,-2
17412,-454,-1
17413,-457,-2
17414,-436,-2
17415,-435,0
17416,-408,-1
17417,-384,-1
17418,-387,1
17419,-396,-2
17420,-396,-2
17421,-392,1
17422,-399,1
17423,-421,0
17424,-426,-3
17425,-435,1
17426,-450,1
17427,-455,0
17428,-435,1
17429,-437,0
17430,-419,1
17431,-405,2
17432,-387,0
17433,-379,-2
17434,-393,-2
17435,-406,-2
17436,-414,-2
17437,-418,0
17438,-432,-2
17439,-432,0
17440,-421,0
17441,-431,-2
17442,-435,0
17443,-434,-1
17444,-432,-1
17445,-414,-2
17446,-406,-2
17447,-404,-2
17448,-388,0
17449,-388,-2
17450,-408,-2
17451,-426,-1
17452,-420,0
17453,-420,-2
17454,-426,-2
17455,-433,-1
17456,-425,-2
17457,-425,1
17458,-423,-2
17459,-433,-1
17460,-421,0
17461,-417,0
17462,-408,-1
17463,-400,-2
17464,-405,0
17465,-399,-2
17466,-408,0
17467,-410,-1
17468,-424,1
17469,-432,1
17470,-422,0
17471,-439,-2
17472,-432,-1
17473,-424,0
17474,-424,1
17475,-432,-1
17476,-420,-1
17477,-405,0
17478,-405,-1
17479,-402,-1
17480,-393,0
17481,-389,-1
17482,-397,0
17483,-422,-1
17484,-428,1
17485,-432,1
17486,-443,0
17487,-441,1
17488,-433,-2
17489,-420,-1
17490,-424,0
17491,-420,-1
17492,-399,-2
17493,-396,-2
17494,-394,-2
17495,-396,-2
17496,-397,-1
17497,-393,-2
17498,-427,0
17499,-446,0
17500,-451,-1
17501,-438,0
17502,-442,3
17503,-436,0
17504,-414,1
17505,-399,-1
17506,-395,0
17507,-401,-2
17508,-397,1
17509,-398,-2
17510,-393,-2
17511,-406,-1
17512,-413,-1
17513,-423,-1
17514,-444,0
17515,-446,1
17516,-447,1
17517,-433,-3
17518,-426,0
17519,-415,-1
17520,-391,-1
17521,-385,0
17522,-399,1
17523,-408,-1
17524,-419,-1
17525,-407,0
17526,-425,-2
17527,-432,0
17528,-434,-2
17529,-427,1
17530,-443,-2
17531,-437,-1
17532,-424,-1
17533,-422,0
17534,-406,0
17535,-406,-1
17536,-387,-1
17537,-393,-2
17538,-423,-2
17539,-423,-2
17540,-420,-2
17541,-423,0
17542,-435,-1
17543,-438,1
17544,-421,1
17545,-421,-2
17546,-419,-1
17547,-427,1
17548,-422,-4
17549,-414,-1
17550,-411,-1
17551,-418,0
17552,-414,1
17553,-408,-1
17554,-420,-2
17555,-423,1
17556,-430,-1
17557,-436,-2
17558,-423,1
17559,-427,1
17560,-428,0
17561,-405,-2
17562,-420,-2
17563,-435,-3
17564,-426,1
17565,-422,0
17566,-420,-1
17567,-410,-1
17568,-414,0
17569,-397,-2
17570,-405,-1
17571,-419,0
17572,-424,-2
17573,-414,-1
17574,-414,-2
17575,-425,-3
17576,-420,-2
17577,-430,0
17578,-426,1
17579,-433,0
17580,-426,-2
17581,-427,-1
17582,-405,1
17583,-410,0
17584,-396,-1
17585,-391,-2
17586,-411,-2
17587,-417,-2
17588,-429,-3
17589,-433,1
17590,-435,-1
17591,-433,-2
17592,-434,-1
17593,-417,0
17594,-425,-2
17595,-414,0
17596,-417,1
17597,-402,0
17598,-408,-2
17599,-406,1
17600,-400,-2
17601,-405,-2
17602,-416,0
17603,-439,-1
17604,-440,-2
17605,-435,-1
17606,-441,-1
17607,-441,-2
17608,-422,-1
17609,-400,-2
17610,-402,-2
17611,-400,1
17612,-408,1
17613,-402,-1
17614,-404,1
17615,-408,1
17616,-429,-1
17617,-415,-2
17618,-432,-2
17619,-441,-2
17620,-435,1
17621,-423,-1
17622,-420,-2
17623,-408,-1
17624,-417,-1
17625,-399,1
17626,-414,-2
17627,-410,-1
17628,-412,-2
17629,-411,0
17630,-415,-2
17631,-436,-1
17632,-429,-1
17633,-418,-1
17634,-425,1
17635,-429,-1
17636,-431,1
17637,-421,-2
17638,-420,-2
17639,-409,0
17640,-411,0
17641,-414,-2
17642,-417,-2
17643,-418,0
17644,-425,-1
17645,-417,0
17646,-423,0
17647,-429,-3
17648,-419,0
17649,-405,-1
17650,-417,-2
17651,-429,-2
17652,-426,2
17653,-429,0
17654,-429,-2
17655,-428,-3
17656,-418,-2
17657,-399,-2
17658,-418,-2
17659,-416,-1
17660,-417,1
17661,-409,0
17662,-416,1
17663,-417,0
17664,-423,0
17665,-422,0
17666,-435,-2
17667,-442,-2
17668,-438,-2
17669,-427,1
17670,-428,2
17671,-426,1
17672,-416,-2
17673,-393,-2
17674,-395,1
17675,-411,-1
17676,-423,-1
17677,-414,0
17678,-415,-1
17679,-430,-1
17680,-438,-1
17681,-435,-3
17682,-436,-1
17683,-439,-1
17684,-428,-1
17685,-417,-1
17686,-401,-1
17687,-394,1
17688,-383,0
17689,-381,0
17690,-404,-1
17691,-426,-3
17692,-435,-2
17693,-435,1
17694,-452,-2
17695,-449,0
17696,-450,-2
17697,-435,-1
17698,-420,-2
17699,-418,-1
17700,-407,0
17701,-384,-3
17702,-386,-1
17703,-384,-1
17704,-396,0
17705,-410,0
17706,-435,-1
17707,-441,0
17708,-451,-2
17709,-442,0
17710,-454,1
17711,-443,0
17712,-420,-2
17713,-396,1
17714,-410,0
17715,-399,-1
17716,-400,1
17717,-390,-2
17718,-396,2
17719,-417,-1
17720,-433,-1
17721,-430,0
17722,-435,1
17723,-454,0
17724,-455,-2
17725,-441,-2
17726,-433,2
17727,-411,1
17728,-400,-2
17729,-391,0
17730,-390,1
17731,-397,1
17732,-397,-1
17733,-411,-1
17734,-420,-2
17735,-433,-1
17736,-438,0
17737,-436,0
17738,-446,-2
17739,-440,1
17740,-435,0
17741,-423,-2
17742,-409,-1
17743,-407,-2
17744,-404,-1
17745,-385,-2
17746,-407,-1
17747,-415,-1
17748,-414,-2
17749,-432,0
17750,-418,1
17751,-435,0
17752,-440,-2
17753,-424,-1
17754,-432,0
17755,-440,-2
17756,-422,0
17757,-406,-2
17758,-410,1
17759,-403,0
17760,-399,1
17761,-393,1
17762,-414,-1
17763,-412,-1
17764,-419,2
17765,-427,0
17766,-436,-2
17767,-437,-2
17768,-430,-1
17769,-429,1
17770,-430,-1
17771,-438,1
17772,-420,0
17773,-405,-2
17774,-402,0
17775,-403,1
17776,-398,1
17777,-402,0
17778,-405,-1
17779,-430,1
17780,-430,2
17781,-429,2
17782,-439,2
17783,-444,-3
17784,-443,-2
17785,-429,2
17786,-423,0
17787,-423,2
17788,-407,0
17789,-392,-1
17790,-386,-1
17791,-392,0
17792,-399,-1
17793,-405,-3
17794,-418,1
17795,-443,-1
17796,-447,-2
17797,-442,1
17798,-448,1
17799,-440,-2
17800,-430,0
17801,-408,-3
17802,-398,-1
17803,-406,1
17804,-390,-1
17805,-388,0
17806,-391,1
17807,-404,1
17808,-414,2
17809,-428,0
17810,-449,-2
17811,-452,1
17812,-461,-1
17813,-444,2
17814,-427,-1
17815,-424,0
17816,-399,-2
17817,-384,0
17818,-401,1
17819,-388,-1
17820,-405,0
17821,-402,0
17822,-420,1
17823,-434,0
17824,-438,1
17825,-432,1
17826,-452,-1
17827,-460,-1
17828,-433,1
17829,-417,-1
17830,-409,-2
17831,-392,1
17832,-392,0
17833,-390,0
17834,-399,1
17835,-425,-2
17836,-423,-2
17837,-429,-1
17838,-431,-3
17839,-440,0
17840,-438,-1
17841,-432,-3
17842,-439,0
17843,-432,0
17844,-416,0
17845,-408,-2
17846,-401,1
17847,-404,0
17848,-399,1
17849,-402,1
17850,-414,-1
17851,-432,1
17852,-435,0
17853,-434,-1
17854,-439,1
17855,-435,-1
17856,-432,-2
17857,-417,0
17858,-420,0
17859,-432,-1
17860,-420,-1
17861,-398,0
17862,-407,0
17863,-409,0
17864,-407,-2
17865,-404,-2
17866,-412,-1
17867,-435,-1
17868,-434,-1
17869,-423,-1
17870,-425,0
17871,-429,1
17872,-434,-1
17873,-424,0
17874,-432,0
17875,-426,0
17876,-411,-2
17877,-400,-1
17878,-408,1
17879,-400,-2
17880,-403,0
17881,-405,1
17882,-420,-2
17883,-434,0
17884,-431,0
17885,-435,0
17886,-445,0
17887,-434,-3
17888,-428,0
17889,-419,0
17890,-419,-1
17891,-420,0
17892,-409,2
17893,-398,-1
17894,-389,-1
17895,-394,-2
17896,-415,0
17897,-408,-2
17898,-425,1
17899,-447,-2
17900,-446,0
17901,-443,1
17902,-441,-1
17903,-430,0
17904,-420,-2
17905,-399,-2
17906,-395,-1
17907,-399,1
17908,-395,0
17909,-388,-2
17910,-392,-2
17911,-413,-1
17912,-424,-1
17913,-429,0
17914,-441,0
17915,-455,0
17916,-451,-2
17917,-441,0
17918,-429,-1
17919,-407,1
17920,-405,-2
17921,-383,-2
17922,-387,0
17923,-408,-2
17924,-408,0
17925,-419,-2
17926,-432,0
17927,-445,-1
17928,-443,0
17929,-439,0
17930,-440,0
17931,-449,1
17932,-426,-1
17933,-417,0
17934,-402,1
17935,-396,-1
17936,-395,-2
17937,-390,1
17938,-405,-2
17939,-431,0
17940,-436,0
17941,-432,2
17942,-447,1
17943,-447,1
17944,-439,-2
17945,-429,-2
17946,-423,-2
17947,-438,0
17948,-414,-1
17949,-390,1
17950,-402,-1
17951,-411,0
17952,-413,-1
17953,-408,-1
17954,-408,1
17955,-432,-1
17956,-447,0
17957,-449,0
17958,-438,-1
17959,-436,0
17960,-432,-2
17961,-420,-2
17962,-415,-1
17963,-421,-1
17964,-420,0
17965,-409,-2
17966,-414,0
17967,-417,-2
17968,-422,-1
17969,-417,1
17970,-423,2
17971,-437,0
17972,-443,-2
17973,-435,1
17974,-434,1
17975,-424,-1
17976,-433,1
17977,-416,-2
17978,-421,0
17979,-427,-2
17980,-418,1
17981,-411,-2
17982,-414,1
17983,-402,0
17984,-413,-2
17985,-419,0
17986,-426,-1
17987,-439,-1
17988,-440,-2
17989,-442,-2
17990,-435,0
17991,-434,0
17992,-421,1
17993,-408,-2
17994,-414,1
17995,-417,1
17996,-400,0
17997,-406,-2
17998,-402,-2
17999,-408,1
18000,-428,0
18001,-420,0
18002,-435,1
18003,-446,1
18004,-452,0
18005,-443,-2
18006,-431,-2
18007,-419,1
18008,-408,-2
18009,-388,-2
18010,-399,2
18011,-407,-1
18012,-405,-1
18013,-415,0
18014,-422,2
18015,-429,-2
18016,-443,-1
18017,-441,2
18018,-443,0
18019,-455,-1
18020,-446,1
18021,-420,0
18022,-406,1
18023,-400,-1
18024,-390,-1
18025,-396,-2
18026,-395,1
18027,-413,-1
18028,-424,-2
18029,-429,-2
18030,-434,-1
18031,-441,1
18032,-449,-2
18033,-435,0
18034,-442,-1
18035,-443,-1
18036,-418,-2
18037,-406,0
18038,-399,-1
18039,-395,-2
18040,-403,-1
18041,-408,1
18042,-412,-2
18043,-440,-1
18044,-441,1
18045,-445,-3
18046,-442,1
18047,-431,-2
18048,-428,-1
18049,-413,-2
18050,-411,0
18051,-407,0
18052,-405,-1
18053,-402,-1
18054,-417,-2
18055,-414,-1
18056,-417,1
18057,-405,1
18058,-424,-2
18059,-446,0
18060,-443,0
18061,-441,-2
18062,-426,0
18063,-414,-2
18064,-413,1
18065,-399,-2
18066,-406,0
18067,-420,-2
18068,-419,-1
18069,-426,-2
18070,-416,-2
18071,-420,0
18072,-420,0
18073,-420,0
18074,-417,1
18075,-429,0
18076,-433,-2
18077,-428,-1
18078,-418,-2
18079,-431,1
18080,-424,1
18081,-410,1
18082,-411,1
18083,-429,-1
18084,-417,-2
18085,-427,0
18086,-408,1
18087,-414,1
18088,-407,-2
18089,-413,-3
18090,-413,0
18091,-431,-2
18092,-434,0
18093,-433,1
18094,-431,-2
18095,-424,1
18096,-427,-2
18097,-417,-2
18098,-410,-1
18099,-416,0
18100,-414,1
18101,-415,-2
18102,-408,-2
18103,-415,1
18104,-413,1
18105,-418,-1
18106,-429,-2
18107,-438,1
18108,-446,0
18109,-435,0
18110,-432,1
18111,-423,-1
18112,-413,-1
18113,-393,-1
18114,-397,-1
18115,-407,1
18116,-403,1
18117,-410,-2
18118,-416,-1
18119,-429,-1
18120,-439,-1
18121,-422,0
18122,-434,1
18123,-441,0
18124,-441,1
18125,-426,0
18126,-411,0
18127,-408,0
18128,-414,-2
18129,-387,-2
18130,-401,-1
18131,-415,-2
18132,-418,-2
18133,-429,0
18134,-441,2
18135,-435,0
18136,-438,-2
18137,-423,-2
18138,-425,-2
18139,-427,0
18140,-420,0
18141,-417,1
18142,-414,0
18143,-414,1
18144,-414,-1
18145,-400,-3
18146,-414,-1
18147,-427,-2
18148,-435,1
18149,-437,0
18150,-432,-2
18151,-424,-2
18152,-429,-1
18153,-408,-2
18154,-421,-2
18155,-413,0
18156,-410,-1
18157,-420,0
18158,-418,-2
18159,-415,-1
18160,-416,-1
18161,-401,-3
18162,-425,0
18163,-433,0
18164,-426,-2
18165,-422,-1
18166,-420,-1
18167,-420,-1
18168,-425,-1
18169,-399,0
18170,-415,-1
18171,-422,-1
18172,-423,0
18173,-423,-1
18174,-415,-1
18175,-416,-1
18176,-412,-1
18177,-400,0
18178,-415,-1
18179,-428,-1
18180,-433,-2
18181,-429,-2
18182,-429,1
18183,-438,0
18184,-441,0
18185,-420,0
18186,-420,0
18187,-425,0
18188,-426,-2
18189,-411,-3
18190,-402,-2
18191,-402,-2
18192,-409,0
18193,-402,-1
18194,-419,0
18195,-431,-2
18196,-448,-2
18197,-460,-1
18198,-451,-1
18199,-440,-1
18200,-426,-2
18201,-399,-2
18202,-408,-2
18203,-400,0
18204,-399,-2
18205,-400,-2
18206,-408,-1
18207,-405,-1
18208,-420,-2
18209,-418,-2
18210,-436,1
18211,-450,-1
18212,-459,2
18213,-446,-2
18214,-439,0
18215,-419,1
18216,-402,-1
18217,-395,0
18218,-393,-2
18219,-389,0
18220,-400,1
18221,-417,-2
18222,-423,1
18223,-440,-1
18224,-450,1
18225,-448,-1
18226,-455,2
18227,-455,-1
18228,-445,3
18229,-426,1
18230,-394,-1
18231,-390,-2
18232,-383,-1
18233,-382,-2
18234,-386,-1
18235,-414,-1
18236,-430,1
18237,-446,1
18238,-443,0
18239,-443,-1
18240,-458,1
18241,-434,-2
18242,-435,-1
18243,-421,0
18244,-406,0
18245,-398,-1
18246,-391,1
18247,-399,0
18248,-398,-1
18249,-391,-1
18250,-414,-2
18251,-439,-1
18252,-449,-2
18253,-452,0
18254,-449,-1
18255,-440,-2
18256,-439,0
18257,-413,-2
18258,-397,-1
18259,-408,-1
18260,-405,0
18261,-395,0
18262,-390,-2
18263,-394,-2
18264,-417,0
18265,-402,0
18266,-432,-1
18267,-440,-1
18268,-453,-2
18269,-449,-2
18270,-444,1
18271,-425,1
18272,-412,1
18273,-402,0
18274,-413,-1
18275,-416,-1
18276,-417,-2
18277,-413,-2
18278,-405,1
18279,-414,0
18280,-420,1
18281,-420,-3
18282,-435,-1
18283,-443,1
18284,-443,-1
18285,-446,0
18286,-435,0
18287,-430,-2
18288,-420,1
18289,-394,-1
18290,-394,-2
18291,-395,1
18292,-412,1
18293,-409,-2
18294,-409,-2
18295,-413,0
18296,-420,-1
18297,-429,0
18298,-441,-2
18299,-447,0
18300,-452,-2
18301,-441,-2
18302,-429,0
18303,-426,-2
18304,-411,-1
18305,-381,-2
18306,-393,-2
18307,-397,0
18308,-411,-1
18309,-416,-1
18310,-429,0
18311,-443,1
18312,-455,1
18313,-448,-2
18314,-452,-1
18315,-443,0
18316,-441,1
18317,-424,1
18318,-398,-1
18319,-390,1
18320,-385,1
18321,-373,2
18322,-390,-2
18323,-406,-2
18324,-428,1
18325,-447,-2
18326,-458,2
18327,-463,1
18328,-465,-1
18329,-438,-1
18330,-439,-1
18331,-425,1
18332,-411,0
18333,-404,0
18334,-393,0
18335,-391,0
18336,-399,-1
18337,-390,-2
18338,-417,-2
18339,-438,-1
18340,-455,0
18341,-462,-1
18342,-458,-2
18343,-449,-1
18344,-441,-1
18345,-415,0
18346,-407,0
18347,-399,-2
18348,-401,0
18349,-402,1
18350,-400,-1
18351,-416,1
18352,-419,1
18353,-425,-1
18354,-446,-2
18355,-451,-2
18356,-455,-1
18357,-454,-2
18358,-429,0
18359,-428,-1
18360,-417,0
18361,-397,1
18362,-396,-2
18363,-407,-1
18364,-416,-2
18365,-425,-1
18366,-420,1
18367,-423,-2
18368,-442,1
18369,-426,-1
18370,-438,-2
18371,-438,-1
18372,-437,1
18373,-438,-1
18374,-423,-1
18375,-406,-1
18376,-413,0
18377,-396,-2
18378,-408,-1
18379,-425,0
18380,-422,1
18381,-428,0
18382,-422,0
18383,-433,1
18384,-440,-2
18385,-424,0
18386,-423,1
18387,-422,-2
18388,-428,-1
18389,-427,-1
18390,-422,1
18391,-424,-1
18392,-424,-2
18393,-413,0
18394,-428,-2
18395,-424,-2
18396,-423,-2
18397,-429,1
18398,-421,-1
18399,-425,0
18400,-430,1
18401,-415,-2
18402,-428,-1
18403,-425,-2
18404,-436,0
18405,-439,1
18406,-429,1
18407,-420,1
18408,-416,-1
18409,-405,-2
18410,-402,0
18411,-414,-2
18412,-424,0
18413,-420,1
18414,-420,-2
18415,-428,1
18416,-441,-2
18417,-433,-1
18418,-451,-1
18419,-450,-2
18420,-441,0
18421,-430,-1
18422,-424,-1
18423,-408,-1
18424,-411,0
18425,-398,-1
18426,-404,-1
18427,-411,-1
18428,-427,-1
18429,-441,-2
18430,-438,-2
18431,-443,0
18432,-441,1
18433,-432,-1
18434,-432,0
18435,-420,3
18436,-426,-1
18437,-409,-2
18438,-398,1
18439,-390,-1
18440,-402,0
18441,-402,1
18442,-426,-1
18443,-433,0
18444,-448,-1
18445,-452,0
18446,-446,-2
18447,-445,-2
18448,-440,-2
18449,-425,0
18450,-405,1
18451,-414,0
18452,-417,-1
18453,-405,0
18454,-406,1
18455,-415,-1
18456,-419,1
18457,-415,0
18458,-435,1
18459,-442,-1
18460,-453,1
18461,-445,-1
18462,-438,1
18463,-442,-1
18464,-423,-1
18465,-407,-3
18466,-411,-2
18467,-414,0
18468,-417,-2
18469,-417,-2
18470,-414,-1
18471,-423,-2
18472,-437,1
18473,-425,0
18474,-426,-1
18475,-439,0
18476,-452,-2
18477,-443,0
18478,-433,-2
18479,-419,0
18480,-419,0
18481,-409,1
18482,-408,0
18483,-413,-1
18484,-427,-1
18485,-422,-1
18486,-419,0
18487,-423,1
18488,-434,0
18489,-426,-1
18490,-438,-1
18491,-437,-1
18492,-458,-1
18493,-442,1
18494,-437,-2
18495,-420,1
18496,-413,1
18497,-399,0
18498,-406,1
18499,-406,-2
18500,-412,0
18501,-421,-2
18502,-426,-1
18503,-435,-1
18504,-435,-2
18505,-438,-1
18506,-440,0
18507,-458,1
18508,-452,-1
18509,-436,0
18510,-422,1
18511,-402,0
18512,-406,1
18513,-384,1
18514,-390,-1
18515,-406,0
18516,-434,3
18517,-435,-2
18518,-444,0
18519,-451,0
18520,-449,-3
18521,-442,-1
18522,-438,1
18523,-434,-3
18524,-429,0
18525,-402,-1
18526,-394,-2
18527,-390,-2
18528,-387,-2
18529,-392,1
18530,-406,1
18531,-426,-1
18532,-450,0
18533,-455,0
18534,-453,1
18535,-451,-1
18536,-452,1
18537,-426,0
18538,-407,-2
18539,-401,0
18540,-405,-1
18541,-401,1
18542,-399,1
18543,-394,1
18544,-414,0
18545,-414,-2
18546,-446,-2
18547,-455,-1
18548,-464,1
18549,-458,1
18550,-454,2
18551,-443,-1
18552,-423,-2
18553,-406,-2
18554,-383,-2
18555,-396,1
18556,-399,0
18557,-404,-1
18558,-410,1
18559,-424,-2
18560,-436,-2
18561,-441,-1
18562,-443,-1
18563,-452,0
18564,-452,0
18565,-441,-1
18566,-427,-1
18567,-417,1
18568,-405,0
18569,-384,0
18570,-382,-1
18571,-411,1
18572,-426,-1
18573,-429,-2
18574,-435,1
18575,-445,-1
18576,-446,-2
18577,-431,-2
18578,-434,1
18579,-430,-2
18580,-435,-2
18581,-429,-2
18582,-411,-1
18583,-413,0
18584,-417,0
18585,-414,-2
18586,-415,-3
18587,-430,-2
18588,-439,-1
18589,-432,1
18590,-433,-1
18591,-443,-3
18592,-438,-1
18593,-421,-2
18594,-408,1
18595,-429,-1
18596,-431,-1
18597,-426,-2
18598,-417,-1
18599,-425,-2
18600,-426,-2
18601,-408,-2
18602,-420,-1
18603,-423,-2
18604,-435,-1
18605,-430,0
18606,-432,0
18607,-441,-2
18608,-432,0
18609,-426,-2
18610,-416,-1
18611,-441,-2
18612,-430,1
18613,-420,1
18614,-429,1
18615,-425,-1
18616,-417,-1
18617,-402,-1
18618,-411,-2
18619,-424,-2
18620,-445,-2
18621,-430,1
18622,-434,0
18623,-441,-3
18624,-438,-2
18625,-432,-2
18626,-418,1
18627,-418,1
18628,-424,-2
18629,-412,1
18630,-413,0
18631,-411,-2
18632,-405,-2
18633,-405,1
18634,-408,0
18635,-437,0
18636,-438,0
18637,-446,-1
18638,-443,-1
18639,-440,1
18640,-432,-1
18641,-415,-2
18642,-407,1
18643,-411,-1
18644,-418,-2
18645,-404,1
18646,-416,0
18647,-411,-1
18648,-410,-2
18649,-419,-1
18650,-425,1
18651,-437,-2
18652,-451,-1
18653,-452,1
18654,-432,0
18655,-428,0
18656,-418,-2
18657,-408,0
18658,-398,0
18659,-405,-1
18660,-418,0
18661,-414,1
18662,-419,0
18663,-418,-2
18664,-429,-2
18665,-426,0
18666,-425,-1
18667,-438,0
18668,-441,1
18669,-426,0
18670,-420,-1
18671,-420,0
18672,-423,1
18673,-405,-1
18674,-395,1
18675,-423,-2
18676,-422,-2
18677,-420,-2
18678,-429,0
18679,-432,0
18680,-437,1
18681,-426,-1
18682,-413,-1
18683,-422,-1
18684,-440,-1
18685,-426,-2
18686,-414,-2
18687,-417,0
18688,-424,-1
18689,-417,0
18690,-414,-1
18691,-418,-1
18692,-435,-2
18693,-423,0
18694,-420,1
18695,-428,-1
18696,-425,-2
18697,-422,-2
18698,-413,-1
18699,-438,-1
18700,-446,1
18701,-435,-2
18702,-425,-1
18703,-420,-1
18704,-423,1
18705,-397,-2
18706,-393,0
18707,-415,-1
18708,-428,1
18709,-432,-2
18710,-426,0
18711,-431,-1
18712,-438,0
18713,-446,-1
18714,-435,-2
18715,-442,-1
18716,-435,0
18717,-430,1
18718,-411,0
18719,-405,0
18720,-395,-2
18721,-390,-3
18722,-391,0
18723,-417,0
18724,-428,-2
18725,-446,-3
18726,-451,0
18727,-452,-2
18728,-459,0
18729,-444,1
18730,-423,1
18731,-424,-2
18732,-424,-1
18733,-406,0
18734,-398,0
18735,-396,0
18736,-403,-2
18737,-402,-1
18738,-409,-1
18739,-440,0
18740,-449,0
18741,-458,1
18742,-453,-1
18743,-457,0
18744,-440,-1
18745,-419,-2
18746,-390,-1
18747,-402,-2
18748,-397,-1
18749,-390,-2
18750,-397,-1
18751,-399,-1
18752,-418,-2
18753,-435,-1
18754,-432,0
18755,-459,0
18756,-466,1
18757,-459,0
18758,-437,-1
18759,-432,1
18760,-414,-3
18761,-397,-1
18762,-389,-1
18763,-397,-4
18764,-407,-2
18765,-411,1
18766,-423,1
18767,-435,-2
18768,-447,-1
18769,-442,0
18770,-444,0
18771,-443,-2
18772,-449,-1
18773,-438,-2
18774,-414,0
18775,-398,-2
18776,-397,0
18777,-398,0
18778,-397,-1
18779,-408,1
18780,-408,-1
18781,-427,-2
18782,-437,-2
18783,-441,-2
18784,-447,0
18785,-439,-1
18786,-427,1
18787,-432,1
18788,-436,-2
18789,-422,1
18790,-410,0
18791,-411,-2
18792,-412,-1
18793,-409,0
18794,-408,1
18795,-420,-2
18796,-441,-1
18797,-442,-1
18798,-431,-2
18799,-440,-2
18800,-442,0
18801,-440,-2
18802,-428,-1
18803,-435,1
18804,-426,-2
18805,-425,1
18806,-414,-2
18807,-420,-1
18808,-404,-2
18809,-410,-1
18810,-396,-1
18811,-426,2
18812,-432,-2
18813,-437,1
18814,-439,-1
18815,-443,2
18816,-456,1
18817,-443,0
18818,-427,0
18819,-432,0
18820,-415,-2
18821,-420,-2
18822,-397,-1
18823,-405,0
18824,-404,0
18825,-417,-1
18826,-416,-1
18827,-426,-1
18828,-446,-2
18829,-452,-2
18830,-460,0
18831,-445,-1
18832,-435,-1
18833,-426,-2
18834,-411,-2
18835,-413,-2
18836,-409,-1
18837,-400,-2
18838,-393,-2
18839,-405,-2
18840,-423,-1
18841,-429,0
18842,-446,0
18843,-464,1
18844,-467,-1
18845,-455,-2
18846,-449,-1
18847,-434,0
18848,-426,-2
18849,-410,1
18850,-392,0
18851,-398,-1
18852,-399,0
18853,-403,1
18854,-416,-1
18855,-428,-1
18856,-445,0
18857,-455,2
18858,-450,-2
18859,-452,1
18860,-449,0
18861,-437,1
18862,-423,-1
18863,-408,-1
18864,-400,-1
18865,-396,-2
18866,-391,0
18867,-409,-1
18868,-420,-1
18869,-428,-1
18870,-441,-3
18871,-455,1
18872,-458,-2
18873,-449,-2
18874,-435,1
18875,-429,-1
18876,-444,-2
18877,-424,-3
18878,-410,-2
18879,-401,-1
18880,-408,-2
18881,-410,0
18882,-413,0
18883,-432,1
18884,-445,-1
18885,-451,-1
18886,-452,-2
18887,-438,-3
18888,-445,0
18889,-428,0
18890,-417,-2
18891,-424,-2
18892,-422,1
18893,-418,1
18894,-411,-2
18895,-416,1
18896,-419,0
18897,-423,-1
18898,-419,0
18899,-430,-1
18900,-441,-1
18901,-437,0
18902,-430,-2
18903,-427,-1
18904,-435,1
18905,-424,-1
18906,-418,-2
18907,-425,-1
18908,-424,0
18909,-432,-2
18910,-426,-1
18911,-426,-1
18912,-424,0
18913,-420,-1
18914,-414,-2
18915,-425,1
18916,-429,-1
18917,-441,-2
18918,-432,-2
18919,-434,-1
18920,-441,-1
18921,-430,2
18922,-418,-1
18923,-420,-2
18924,-432,0
18925,-423,-2
18926,-411,0
18927,-406,-2
18928,-411,-1
18929,-423,-2
18930,-417,1
18931,-434,-2
18932,-440,-1
18933,-442,-1
18934,-446,1
18935,-449,-2
18936,-433,0
18937,-415,-1
18938,-413,-2
18939,-410,0
18940,-423,2
18941,-410,-1
18942,-404,1
18943,-410,-2
18944,-422,-1
18945,-436,-2
18946,-438,0
18947,-440,-2
18948,-453,-2
18949,-461,-1
18950,-445,1
18951,-432,-1
18952,-414,0
18953,-411,0
18954,-403,0
18955,-399,0
18956,-402,0
18957,-413,-2
18958,-433,-2
18959,-438,2
18960,-432,-2
18961,-442,-2
18962,-443,-2
18963,-453,0
18964,-448,0
18965,-431,-1
18966,-429,0
18967,-410,1
18968,-416,1
18969,-417,0
18970,-398,-1
18971,-407,0
18972,-422,-1
18973,-432,-2
18974,-434,-1
18975,-446,-1
18976,-440,-2
18977,-446,-1
18978,-435,-2
18979,-428,0
18980,-441,0
18981,-432,-2
18982,-413,1
18983,-414,-4
18984,-417,-2
18985,-414,0
18986,-404,0
18987,-420,-1
18988,-449,-2
18989,-444,0
18990,-450,-1
18991,-435,-2
18992,-432,0
18993,-443,-1
18994,-432,-2
18995,-429,2
18996,-428,-2
18997,-419,0
18998,-413,0
18999,-417,-2
19000,-417,-2
19001,-413,-2
19002,-408,0
19003,-426,-1
19004,-440,1
19005,-441,0
19006,-438,1
19007,-440,0
19008,-443,-1
19009,-436,0
19010,-426,0
19011,-430,1
19012,-432,-1
19013,-417,-2
19014,-409,-3
19015,-410,1
19016,-411,-2
19017,-411,-2
19018,-409,1
19019,-426,-2
19020,-445,-2
19021,-448,-1
19022,-446,1
19023,-455,-1
19024,-446,-1
19025,-436,0
19026,-418,-2
19027,-408,-1
19028,-422,1
19029,-407,-2
19030,-392,-2
19031,-402,0
19032,-409,0
19033,-432,-2
19034,-429,1
19035,-444,-4
19036,-464,0
19037,-465,-3
19038,-458,-2
19039,-446,-1
19040,-430,0
19041,-411,0
19042,-399,-1
19043,-383,-2
19044,-409,-1
19045,-402,-3
19046,-402,1
19047,-431,1
19048,-442,-2
19049,-459,-2
19050,-461,0
19051,-465,-2
19052,-470,-2
19053,-461,-1
19054,-436,-1
19055,-417,-2
19056,-394,-1
19057,-391,0
19058,-386,-1
19059,-386,0
19060,-419,-2
19061,-419,1
19062,-434,-2
19063,-455,0
19064,-460,-2
19065,-466,0
19066,-457,-1
19067,-454,0
19068,-453,-2
19069,-426,1
19070,-412,0
19071,-402,-1
19072,-401,0
19073,-396,1
19074,-393,0
19075,-409,-1
19076,-438,-1
19077,-455,-2
19078,-451,-1
19079,-461,1
19080,-458,-1
19081,-438,0
19082,-421,-2
19083,-423,0
19084,-411,0
19085,-406,1
19086,-397,-1
19087,-396,-1
19088,-401,-1
19089,-420,-2
19090,-418,-1
19091,-440,1
19092,-467,1
19093,-460,-1
19094,-447,0
19095,-441,0
19096,-436,-1
19097,-432,1
19098,-400,0
19099,-395,0
19100,-414,-1
19101,-411,-2
19102,-411,-1
19103,-420,-2
19104,-423,0
19105,-430,-1
19106,-438,1
19107,-443,1
19108,-457,-1
19109,-451,0
19110,-438,0
19111,-434,-2
19112,-423,1
19113,-418,-2
19114,-397,0
19115,-408,1
19116,-431,-2
19117,-423,-2
19118,-424,-2
19119,-420,1
19120,-434,0
19121,-432,-1
19122,-430,-1
19123,-437,-2
19124,-441,-1
19125,-442,0
19126,-433,1
19127,-422,-1
19128,-420,-1
19129,-418,-1
19130,-401,-2
19131,-413,1
19132,-428,1
19133,-418,1
19134,-411,-4
19135,-418,-2
19136,-429,-2
19137,-434,0
19138,-429,1
19139,-436,0
19140,-456,2
19141,-443,0
19142,-421,-1
19143,-424,-2
19144,-426,-2
19145,-408,2
19146,-399,1
19147,-414,-1
19148,-416,-3
19149,-425,1
19150,-424,-1
19151,-437,0
19152,-445,1
19153,-449,1
19154,-441,-1
19155,-447,-2
19156,-446,-2
19157,-435,-1
19158,-412,-2
19159,-410,-1
19160,-402,-1
19161,-414,0
19162,-403,1
19163,-413,3
19164,-445,-1
19165,-452,-2
19166,-452,-2
19167,-446,-1
19168,-449,-1
19169,-444,0
19170,-436,0
19171,-425,-2
19172,-426,-2
19173,-420,-1
19174,-408,0
19175,-414,0
19176,-411,-1
19177,-423,-1
19178,-422,0
19179,-432,-1
19180,-456,0
19181,-456,2
19182,-448,0
19183,-447,-2
19184,-443,-2
19185,-428,0
19186,-419,0
19187,-414,0
19188,-417,0
19189,-427,1
19190,-423,-1
19191,-421,-1
19192,-421,1
19193,-432,-1
19194,-434,-2
19195,-446,-1
19196,-459,-2
19197,-450,-1
19198,-432,-2
19199,-432,-2
19200,-426,-2
19201,-426,-1
19202,-416,-2
19203,-421,-2
19204,-443,-1
19205,-438,-2
19206,-435,-2
19207,-438,-1
19208,-435,0
19209,-435,-2
19210,-426,0
19211,-426,0
19212,-441,0
19213,-441,1
19214,-432,-1
19215,-439,-1
19216,-440,-2
19217,-442,-1
19218,-426,0
19219,-426,-2
19220,-437,-3
19221,-436,-1
19222,-429,-1
19223,-421,-1
19224,-417,-2
19225,-432,-1
19226,-418,0
19227,-428,-1
19228,-439,-2
19229,-447,0
19230,-444,-2
19231,-447,-2
19232,-447,1
19233,-442,0
19234,-429,-1
19235,-420,0
19236,-432,-1
19237,-421,-1
19238,-412,-2
19239,-422,0
19240,-431,-2
19241,-438,0
19242,-439,0
19243,-448,0
19244,-468,1
19245,-455,-3
19246,-453,-2
19247,-428,0
19248,-423,-2
19249,-417,-1
19250,-401,0
19251,-396,-2
19252,-408,0
19253,-417,0
19254,-426,-2
19255,-429,-2
19256,-449,0
19257,-450,-1
19258,-447,-1
19259,-449,-2
19260,-458,1
19261,-443,1
19262,-429,0
19263,-412,1
19264,-413,-1
19265,-402,0
19266,-390,0
19267,-401,-2
19268,-432,0
19269,-441,1
19270,-449,0
19271,-442,-2
19272,-461,-1
19273,-455,0
19274,-442,0
19275,-440,0
19276,-435,-2
19277,-420,1
19278,-420,-1
19279,-405,-2
19280,-404,-2
19281,-411,0
19282,-416,0
19283,-440,0
19284,-446,-1
19285,-460,-2
19286,-451,1
19287,-452,0
19288,-443,-2
19289,-437,-1
19290,-416,-1
19291,-418,-2
19292,-414,0
19293,-411,1
19294,-414,-1
19295,-414,-1
19296,-410,-2
19297,-426,2
19298,-429,1
19299,-443,0
19300,-449,-2
19301,-455,-2
19302,-450,-1
19303,-438,-2
19304,-436,0
19305,-419,0
19306,-401,0
19307,-415,1
19308,-427,-2
19309,-423,1
19310,-425,-1
19311,-423,-2
19312,-426,0
19313,-433,1
19314,-426,1
19315,-431,-2
19316,-441,1
19317,-447,-1
19318,-448,-2
19319,-438,0
19320,-435,0
19321,-431,-1
19322,-418,-2
19323,-425,-1
19324,-423,2
19325,-423,-1
19326,-423,-2
19327,-423,-2
19328,-432,1
19329,-435,-1
19330,-424,-2
19331,-440,1
19332,-443,-2
19333,-458,1
19334,-449,-2
19335,-438,1
19336,-431,-1
19337,-426,0
19338,-410,-2
19339,-412,-4
19340,-413,-1
19341,-419,1
19342,-422,1
19343,-426,-1
19344,-441,-1
19345,-443,0
19346,-441,0
19347,-464,1
19348,-452,-1
19349,-446,-2
19350,-434,1
19351,-425,0
19352,-419,-1
19353,-414,1
19354,-387,1
19355,-399,0
19356,-420,-2
19357,-436,-2
19358,-451,0
19359,-455,-2
19360,-452,0
19361,-460,1
19362,-448,0
19363,-452,0
19364,-443,-2
19365,-429,0
19366,-420,-2
19367,-405,1
19368,-405,-1
19369,-400,-2
19370,-400,-1
19371,-418,1
19372,-448,-1
19373,-454,-1
19374,-455,0
19375,-455,-1
19376,-462,-1
19377,-457,-2
19378,-423,0
19379,-425,1
19380,-416,-3
19381,-417,-1
19382,-409,-2
19383,-408,0
19384,-405,1
19385,-423,-2
19386,-420,0
19387,-449,-1
19388,-455,-1
19389,-459,0
19390,-465,1
19391,-441,-2
19392,-438,-1
19393,-435,0
19394,-405,1
19395,-411,-1
19396,-408,-2
19397,-416,-1
19398,-424,-1
19399,-426,-2
19400,-427,0
19401,-438,1
19402,-440,-5
19403,-452,-1
19404,-452,-2
19405,-450,1
19406,-448,-2
19407,-442,-1
19408,-430,-2
19409,-418,0
19410,-400,-3
19411,-417,-1
19412,-414,-2
19413,-423,-1
19414,-424,-2
19415,-436,-2
19416,-445,-2
19417,-440,1
19418,-422,1
19419,-433,-1
19420,-437,-2
19421,-446,0
19422,-432,-2
19423,-428,0
19424,-429,-2
19425,-418,-2
19426,-410,1
19427,-414,-2
19428,-416,-2
19429,-423,1
19430,-428,-3
19431,-420,-2
19432,-431,-1
19433,-443,-2
19434,-424,1
19435,-449,0
19436,-453,0
19437,-455,0
19438,-440,0
19439,-434,-2
19440,-429,-2
19441,-417,1
19442,-404,-3
19443,-398,0
19444,-411,-2
19445,-432,-1
19446,-436,0
19447,-432,-1
19448,-445,-2
19449,-455,-2
19450,-441,-1
19451,-458,-2
19452,-448,0
19453,-441,-2
19454,-434,-2
19455,-415,0
19456,-410,1
19457,-406,1
19458,-388,-2
19459,-402,-1
19460,-425,-2
19461,-445,1
19462,-458,-2
19463,-446,-2
19464,-456,1
19465,-452,0
19466,-436,-1
19467,-438,1
19468,-423,-1
19469,-419,1
19470,-420,1
19471,-396,0
19472,-394,-1
19473,-411,-3
19474,-405,-2
19475,-438,-1
19476,-449,-2
19477,-470,-1
19478,-468,-2
19479,-464,1
19480,-457,-1
19481,-443,0
19482,-410,-1
19483,-405,-2
19484,-401,1
19485,-406,1
19486,-408,1
19487,-405,0
19488,-424,0
19489,-432,0
19490,-422,1
19491,-452,-1
19492,-458,0
19493,-467,-2
19494,-449,-1
19495,-436,-1
19496,-432,0
19497,-420,-3
19498,-391,-2
19499,-399,0
19500,-411,1
19501,-419,2
19502,-434,-1
19503,-427,0
19504,-433,1
19505,-445,-2
19506,-443,-1
19507,-449,-1
19508,-444,-2
19509,-439,-1
19510,-449,1
19511,-424,1
19512,-422,1
19513,-407,1
19514,-396,-1
19515,-411,1
19516,-426,-2
19517,-427,-1
19518,-434,1
19519,-440,-1
19520,-443,-1
19521,-439,-1
19522,-423,-1
19523,-440,1
19524,-438,0
19525,-451,0
19526,-436,-2
19527,-421,0
19528,-419,2
19529,-423,-2
19530,-402,0
19531,-420,0
19532,-423,2
19533,-432,-1
19534,-435,-2
19535,-444,-1
19536,-435,-2
19537,-450,1
19538,-437,1
19539,-445,-1
19540,-448,0
19541,-446,0
19542,-433,-2
19543,-418,-1
19544,-420,-2
19545,-414,1
19546,-390,1
19547,-404,-1
19548,-427,0
19549,-444,-2
19550,-441,1
19551,-451,1
19552,-445,-2
19553,-458,-1
19554,-441,1
19555,-447,0
19556,-438,-1
19557,-431,-1
19558,-417,0
19559,-403,-3
19560,-406,-2
19561,-396,-2
19562,-400,0
19563,-417,-1
19564,-433,-1
19565,-458,-2
19566,-473,0
19567,-461,-1
19568,-463,0
19569,-449,0
19570,-437,-2
19571,-420,1
19572,-404,-1
19573,-408,-2
19574,-412,-1
19575,-402,0
19576,-404,0
19577,-429,1
19578,-426,0
19579,-446,1
19580,-473,-1
19581,-470,-2
19582,-464,0
19583,-458,-2
19584,-451,1
19585,-426,1
19586,-398,-2
19587,-398,1
19588,-402,1
19589,-408,0
19590,-414,1
19591,-424,-1
19592,-442,1
19593,-459,-1
19594,-449,-1
19595,-467,1
19596,-461,0
19597,-458,-1
19598,-449,-2
19599,-430,-1
19600,-417,0
19601,-408,0
19602,-389,-1
19603,-407,0
19604,-423,0
19605,-432,-1
19606,-435,0
19607,-441,-2
19608,-456,-1
19609,-455,1
19610,-449,-2
19611,-448,0
19612,-444,-2
19613,-452,1
19614,-426,-1
19615,-405,0
19616,-407,1
19617,-405,1
19618,-406,-3
19619,-423,-2
19620,-419,0
19621,-439,1
19622,-455,0
19623,-455,0
19624,-450,0
19625,-444,0
19626,-439,-2
19627,-436,-1
19628,-442,0
19629,-430,-1
19630,-423,-2
19631,-426,-1
19632,-423,-2
19633,-422,-2
19634,-405,-2
19635,-426,1
19636,-429,-1
19637,-452,-1
19638,-441,-1
19639,-448,2
19640,-443,1
19641,-446,-3
19642,-440,-2
19643,-432,-1
19644,-432,-1
19645,-437,0
19646,-418,0
19647,-421,0
19648,-432,-2
19649,-420,-1
19650,-412,-2
19651,-432,-1
19652,-427,-2
19653,-461,0
19654,-446,-2
19655,-454,-1
19656,-449,1
19657,-446,0
19658,-431,-1
19659,-426,-1
19660,-419,-1
19661,-431,0
19662,-429,1
19663,-414,-2
19664,-421,-1
19665,-425,-1
19666,-429,1
19667,-432,0
19668,-443,-2
19669,-464,-3
19670,-458,0
19671,-446,0
19672,-445,-1
19673,-438,-2
19674,-416,-1
19675,-414,0
19676,-414,-1
19677,-416,-1
19678,-419,0
19679,-419,1
19680,-415,-2
19681,-454,-2
19682,-436,-1
19683,-451,0
19684,-462,-1
19685,-459,-1
19686,-458,-1
19687,-438,0
19688,-430,1
19689,-421,-2
19690,-405,-2
19691,-400,-2
19692,-422,1
19693,-435,0
19694,-430,1
19695,-438,-1
19696,-454,0
19697,-461,-1
19698,-442,1
19699,-451,0
19700,-446,1
19701,-449,0
19702,-432,-1
19703,-416,-1
19704,-415,0
19705,-414,-2
19706,-400,0
19707,-423,-2
19708,-435,-2
19709,-443,1
19710,-441,1
19711,-444,-1
19712,-446,-3
19713,-452,-1
19714,-433,-2
19715,-437,0
19716,-429,-2
19717,-436,0
19718,-431,1
19719,-431,-1
19720,-429,-2
19721,-431,-1
19722,-429,-2
19723,-432,0
19724,-435,-2
19725,-449,1
19726,-444,-2
19727,-430,-1
19728,-435,-1
19729,-428,1
19730,-431,1
19731,-418,-3
19732,-429,0
19733,-441,0
19734,-445,-2
19735,-431,-2
19736,-433,0
19737,-431,-2
19738,-422,-2
19739,-426,0
19740,-426,2
19741,-440,-2
19742,-432,-1
19743,-435,0
19744,-429,1
19745,-438,1
19746,-438,0
19747,-432,-1
19748,-436,-1
19749,-440,1
19750,-433,-1
19751,-438,0
19752,-423,-2
19753,-418,-1
19754,-405,0
19755,-412,-1
19756,-426,-2
19757,-439,-2
19758,-438,0
19759,-438,-2
19760,-449,1
19761,-454,1
19762,-436,-2
19763,-437,-1
19764,-432,-1
19765,-442,0
19766,-429,0
19767,-409,1
19768,-411,-2
19769,-423,1
19770,-420,-2
19771,-422,-2
19772,-444,1
19773,-459,1
19774,-458,-1
19775,-453,-3
19776,-458,0
19777,-447,-1
19778,-443,-2
19779,-416,0
19780,-422,-1
19781,-424,-1
19782,-414,1
19783,-408,-1
19784,-420,-2
19785,-430,-3
19786,-431,1
19787,-435,-2
19788,-458,-1
19789,-470,0
19790,-467,-1
19791,-448,1
19792,-442,0
19793,-431,1
19794,-414,1
19795,-408,-1
19796,-410,-2
19797,-433,-1
19798,-426,0
19799,-429,-2
19800,-441,0
19801,-455,0
19802,-447,0
19803,-449,-1
19804,-454,-1
19805,-453,1
19806,-446,-1
19807,-432,-2
19808,-419,2
19809,-417,-2
19810,-414,-1
19811,-405,-1
19812,-417,0
19813,-435,0
19814,-446,-2
19815,-444,-1
19816,-445,0
19817,-448,-1
19818,-435,0
19819,-433,-1
19820,-441,-3
19821,-445,-2
19822,-423,-2
19823,-432,-2
19824,-431,1
19825,-428,0
19826,-414,-2
19827,-412,0
19828,-438,-2
19829,-448,-1
19830,-441,-1
19831,-441,-2
19832,-446,1
19833,-455,1
19834,-436,-1
19835,-439,-1
19836,-441,-1
19837,-443,2
19838,-440,-1
19839,-431,-2
19840,-417,-2
19841,-426,-1
19842,-402,-1
19843,-405,1
19844,-425,-2
19845,-445,-1
19846,-445,-1
19847,-451,-1
19848,-441,-1
19849,-446,-1
19850,-451,0
19851,-436,1
19852,-443,1
19853,-438,-1
19854,-430,-2
19855,-415,1
19856,-408,0
19857,-405,-1
19858,-411,1
19859,-408,-2
19860,-440,-1
19861,-455,1
19862,-467,-2
19863,-464,-1
19864,-461,-1
19865,-457,1
19866,-441,1
19867,-422,-4
19868,-420,-2
19869,-422,1
19870,-410,-2
19871,-401,1
19872,-407,-1
19873,-423,1
19874,-426,1
19875,-432,-1
19876,-454,1
19877,-461,-1
19878,-473,-3
19879,-466,1
19880,-446,-1
19881,-441,1
19882,-411,-1
19883,-393,-3
19884,-407,0
19885,-416,-4
19886,-414,1
19887,-420,-2
19888,-429,-3
19889,-452,-1
19890,-459,-2
19891,-458,-1
19892,-473,-1
19893,-468,1
19894,-464,-1
19895,-438,-2
19896,-417,-1
19897,-412,-2
19898,-404,1
19899,-381,-1
19900,-406,3
19901,-419,-1
19902,-432,0
19903,-446,1
19904,-464,1
19905,-462,0
19906,-459,1
19907,-449,1
19908,-451,0
19909,-443,0
19910,-432,1
19911,-408,0
19912,-410,0
19913,-409,0
19914,-407,1
19915,-411,-2
19916,-429,-1
19917,-450,1
19918,-455,-1
19919,-456,-1
19920,-458,-2
19921,-460,0
19922,-454,1
19923,-431,1
19924,-437,1
19925,-430,0
19926,-424,0
19927,-418,-2
19928,-411,-1
19929,-406,0
19930,-420,0
19931,-423,-2
19932,-445,1
19933,-455,-1
19934,-454,-1
19935,-443,-1
19936,-455,0
19937,-450,-2
19938,-448,1
19939,-432,-2
19940,-441,0
19941,-438,0
19942,-426,-2
19943,-425,0
19944,-429,0
19945,-412,-2
19946,-429,0
19947,-416,1
19948,-449,2
19949,-455,0
19950,-453,0
19951,-450,1
19952,-451,-1
19953,-445,-1
19954,-441,-1
19955,-426,-2
19956,-422,1
19957,-419,0
19958,-416,-1
19959,-414,0
19960,-405,1
19961,-423,-1
19962,-436,0
19963,-440,-1
19964,-452,-2
19965,-464,-3
19966,-471,-2
19967,-458,-2
19968,-443,1
19969,-449,-1
19970,-430,-3
19971,-407,1
19972,-411,-2
19973,-416,-1
19974,-420,2
19975,-415,-1
19976,-422,-2
19977,-439,1
19978,-455,1
19979,-441,0
19980,-466,-1
19981,-473,-2
19982,-459,0
19983,-444,0
19984,-426,0
19985,-419,-3
19986,-399,-1
19987,-393,0
19988,-400,-1
19989,-416,-2
19990,-431,0
19991,-438,1
19992,-449,-1
19993,-470,-2
19994,-454,-2
19995,-450,-1
19996,-459,-2
19997,-454,1
19998,-435,-1
19999,-408,1
20000,-409,1
20001,-402,1
20002,-399,-2
20003,-393,0
20004,-419,0
20005,-448,0
20006,-463,0
20007,-462,-2
20008,-472,-2
20009,-473,1
20010,-459,1
20011,-437,0
20012,-428,-1
20013,-420,-1
20014,-410,1
20015,-396,0
20016,-402,-1
20017,-410,-1
20018,-423,0
20019,-417,0
20020,-451,0
20021,-468,-2
20022,-464,-1
20023,-458,-3
20024,-458,0
20025,-441,1
20026,-441,-1
20027,-415,0
20028,-410,-1
20029,-423,-2
20030,-411,-2
20031,-414,1
20032,-427,1
20033,-430,-2
20034,-439,-2
20035,-442,-3
20036,-469,0
20037,-452,1
20038,-454,0
20039,-449,-2
20040,-445,-2
20041,-431,-1
20042,-429,1
20043,-417,0
20044,-421,0
20045,-418,0
20046,-424,-2
20047,-428,0
20048,-434,0
20049,-439,-2
20050,-438,0
20051,-438,-2
20052,-452,1
20053,-470,-3
20054,-452,0
20055,-438,1
20056,-438,0
20057,-428,0
20058,-427,-1
20059,-415,1
20060,-424,0
20061,-432,1
20062,-431,-2
20063,-415,-2
20064,-430,-2
20065,-440,-1
20066,-439,-2
20067,-446,1
20068,-445,-2
20069,-459,1
20070,-453,0
20071,-436,0
20072,-433,1
20073,-432,0
20074,-417,-1
20075,-412,-2
20076,-422,-1
20077,-430,-2
20078,-426,-1
20079,-434,1
20080,-438,0
20081,-453,-1
20082,-452,-1
20083,-442,0
20084,-461,-1
20085,-463,-2
20086,-447,1
20087,-430,-2
20088,-422,-1
20089,-415,0
20090,-416,1
20091,-410,0
20092,-416,1
20093,-432,0
20094,-444,0
20095,-451,-2
20096,-460,-1
20097,-455,-1
20098,-455,-2
20099,-446,1
20100,-441,0
20101,-433,1
20102,-422,0
20103,-416,1
20104,-410,-2
20105,-412,1
20106,-426,-1
20107,-432,-2
20108,-441,-2
20109,-454,0
20110,-463,1
20111,-466,-1
20112,-451,1
20113,-451,0
20114,-442,1
20115,-427,-1
20116,-423,0
20117,-436,-3
20118,-422,0
20119,-425,0
20120,-429,-2
20121,-432,0
20122,-439,0
20123,-437,1
20124,-447,-2
20125,-464,-1
20126,-453,0
20127,-440,-2
20128,-451,-1
20129,-433,-2
20130,-429,1
20131,-414,-2
20132,-419,-2
20133,-434,0
20134,-432,-1
20135,-430,-1
20136,-441,-2
20137,-441,0
20138,-451,1
20139,-440,-1
20140,-447,0
20141,-450,-2
20142,-453,1
20143,-435,-1
20144,-446,-2
20145,-442,-2
20146,-436,-1
20147,-426,-2
20148,-441,-2
20149,-447,1
20150,-435,-1
20151,-438,-2
20152,-435,-1
20153,-433,0
20154,-444,0
20155,-432,-2
20156,-432,-2
20157,-449,0
20158,-449,1
20159,-445,-1
20160,-442,1
20161,-438,0
20162,-436,-1
20163,-426,-2
20164,-429,-1
20165,-434,-2
20166,-420,0
20167,-418,1
20168,-438,-1
20169,-441,0
20170,-432,-2
20171,-435,1
20172,-459,-1
20173,-467,-1
20174,-461,0
20175,-447,-2
20176,-443,-1
20177,-435,0
20178,-426,1
20179,-414,-2
20180,-419,0
20181,-417,0
20182,-428,1
20183,-438,1
20184,-442,0
20185,-447,-2
20186,-447,1
20187,-445,0
20188,-462,0
20189,-464,1
20190,-446,1
20191,-438,1
20192,-426,-2
20193,-406,-1
20194,-418,0
20195,-400,-2
20196,-414,0
20197,-435,-1
20198,-444,0
20199,-450,-2
20200,-470,-1
20201,-467,1
20202,-462,-2
20203,-452,1
20204,-441,-2
20205,-438,1
20206,-427,0
20207,-408,-2
20208,-408,-1
20209,-411,1
20210,-417,-1
20211,-418,0
20212,-446,0
20213,-458,-1
20214,-458,-1
20215,-458,1
20216,-458,0
20217,-449,0
20218,-449,0
20219,-426,-3
20220,-424,1
20221,-424,0
20222,-414,0
20223,-417,-1
20224,-424,0
20225,-438,0
20226,-440,1
20227,-435,0
20228,-455,1
20229,-471,0
20230,-453,0
20231,-442,-1
20232,-447,2
20233,-443,-1
20234,-432,-3
20235,-411,-2
20236,-417,-1
20237,-434,1
20238,-432,-1
20239,-423,-2
20240,-439,-1
20241,-439,2
20242,-452,-1
20243,-438,-2
20244,-438,-1
20245,-455,0
20246,-439,-3
20247,-441,1
20248,-435,-2
20249,-440,0
20250,-430,1
20251,-418,-1
20252,-435,1
20253,-440,-2
20254,-441,2
20255,-434,0
20256,-444,0
20257,-441,1
20258,-442,-2
20259,-442,-2
20260,-446,0
20261,-443,0
20262,-462,1
20263,-441,1
20264,-443,1
20265,-434,-1
20266,-432,0
20267,-429,1
20268,-432,-1
20269,-434,-1
20270,-431,-2
20271,-428,1
20272,-443,-2
20273,-442,0
20274,-427,1
20275,-444,-2
20276,-451,-1
20277,-468,1
20278,-456,1
20279,-446,-3
20280,-448,-2
20281,-433,-2
20282,-429,0
20283,-418,-1
20284,-419,-1
20285,-438,0
20286,-436,0
20287,-432,-1
20288,-436,0
20289,-449,1
20290,-455,-1
20291,-445,1
20292,-455,-1
20293,-461,1
20294,-449,1
20295,-429,0
20296,-429,-2
20297,-409,1
20298,-414,-2
20299,-412,0
20300,-423,0
20301,-443,-2
20302,-446,1
20303,-438,-1
20304,-463,-2
20305,-465,-2
20306,-456,1
20307,-442,-1
20308,-443,1
20309,-436,-2
20310,-419,0
20311,-417,3
20312,-415,-1
20313,-417,-1
20314,-421,0
20315,-430,-1
20316,-441,-1
20317,-464,-2
20318,-452,0
20319,-454,-2
20320,-452,-1
20321,-444,-1
20322,-441,-2
20323,-420,-2
20324,-426,0
20325,-441,1
20326,-428,-1
20327,-426,1
20328,-416,1
20329,-426,-1
20330,-435,1
20331,-432,0
20332,-440,-1
20333,-458,-1
20334,-462,-1
20335,-446,0
20336,-450,-2
20337,-446,-1
20338,-433,-1
20339,-420,0
20340,-427,0
20341,-437,-2
20342,-438,1
20343,-435,-1
20344,-420,-1
20345,-436,0
20346,-440,0
20347,-429,-2
20348,-436,0
20349,-455,-2
20350,-454,-2
20351,-446,-2
20352,-439,0
20353,-442,-2
20354,-429,1
20355,-426,1
20356,-426,1
20357,-444,-2
20358,-415,-1
20359,-417,0
20360,-423,0
20361,-426,-1
20362,-440,1
20363,-437,-2
20364,-440,0
20365,-470,-1
20366,-461,-1
20367,-449,-1
20368,-442,2
20369,-441,-4
20370,-430,-2
20371,-408,1
20372,-414,-1
20373,-423,-3
20374,-420,0
20375,-423,-1
20376,-432,-1
20377,-439,-1
20378,-446,-2
20379,-458,0
20380,-459,-1
20381,-468,-1
20382,-447,-2
20383,-433,1
20384,-426,0
20385,-409,-2
20386,-411,-1
20387,-393,-2
20388,-405,-1
20389,-424,-2
20390,-429,0
20391,-441,1
20392,-460,-2
20393,-470,1
20394,-472,-1
20395,-449,-1
20396,-456,-1
20397,-450,1
20398,-429,-2
20399,-413,-2
20400,-394,-2
20401,-399,0
20402,-399,-1
20403,-402,-2
20404,-420,1
20405,-448,-1
20406,-460,-1
20407,-474,-1
20408,-470,1
20409,-477,-1
20410,-455,-2
20411,-430,-1
20412,-426,-1
20413,-417,-2
20414,-417,-2
20415,-402,-2
20416,-405,0
20417,-407,-1
20418,-423,-2
20419,-426,0
20420,-456,-3
20421,-479,1
20422,-479,0
20423,-471,-2
20424,-457,-2
20425,-446,1
20426,-426,0
20427,-405,0
20428,-399,1
20429,-412,-1
20430,-412,-1
20431,-416,-2
20432,-418,-1
20433,-440,0
20434,-451,-1
20435,-456,0
20436,-452,0
20437,-468,0
20438,-461,2
20439,-444,0
20440,-446,0
20441,-422,0
20442,-418,1
20443,-403,1
20444,-406,-1
20445,-418,-1
20446,-429,-2
20447,-430,1
20448,-443,0
20449,-455,-1
20450,-452,-2
20451,-443,0
20452,-452,-2
20453,-464,-3
20454,-453,-2
20455,-437,-2
20456,-429,1
20457,-419,1
20458,-414,-1
20459,-411,-1
20460,-420,0
20461,-432,0
20462,-432,0
20463,-441,-2
20464,-448,-1
20465,-449,-2
20466,-452,1
20467,-453,1
20468,-447,0
20469,-462,-1
20470,-449,1
20471,-432,1
20472,-416,1
20473,-412,0
20474,-411,2
20475,-407,-1
20476,-413,-2
20477,-432,0
20478,-444,0
20479,-454,1
20480,-453,-1
20481,-454,0
20482,-466,-2
20483,-449,-1
20484,-443,0
20485,-452,-1
20486,-432,-1
20487,-422,-2
20488,-411,-2
20489,-411,0
20490,-408,0
20491,-406,0
20492,-434,0
20493,-452,-2
20494,-469,0
20495,-477,-1
20496,-471,1
20497,-460,2
20498,-457,-1
20499,-439,0
20500,-427,-3
20501,-425,-1
20502,-405,1
20503,-408,-2
20504,-411,-1
20505,-416,1
20506,-422,-1
20507,-432,1
20508,-464,0
20509,-473,-2
20510,-472,-1
20511,-479,-1
20512,-463,0
20513,-458,-1
20514,-444,-1
20515,-403,0
20516,-395,1
20517,-412,-2
20518,-417,-1
20519,-417,-2
20520,-420,1
20521,-438,-1
20522,-457,-2
20523,-448,-1
20524,-465,-1
20525,-469,-1
20526,-461,-2
20527,-458,-1
20528,-436,-2
20529,-416,0
20530,-408,1
20531,-389,1
20532,-399,0
20533,-414,-1
20534,-426,1
20535,-446,-3
20536,-449,0
20537,-457,-2
20538,-461,-1
20539,-455,1
20540,-454,-1
20541,-452,0
20542,-445,-1
20543,-430,1
20544,-417,0
20545,-411,-2
20546,-417,0
20547,-410,0
20548,-421,0
20549,-433,-1
20550,-452,0
20551,-462,-1
20552,-461,1
20553,-447,-2
20554,-456,0
20555,-428,0
20556,-431,0
20557,-441,1
20558,-427,-4
20559,-427,-1
20560,-430,-2
20561,-428,-2
20562,-429,0
20563,-423,1
20564,-430,2
20565,-448,0
20566,-449,2
20567,-457,1
20568,-451,-2
20569,-442,0
20570,-443,-2
20571,-425,1
20572,-439,-1
20573,-432,-1
20574,-438,-1
20575,-431,-1
20576,-427,1
20577,-435,0
20578,-430,-2
20579,-419,-2
20580,-432,2
20581,-447,1
20582,-449,-2
20583,-448,-1
20584,-445,0
20585,-441,0
20586,-451,0
20587,-421,1
20588,-431,-3
20589,-437,-1
20590,-439,0
20591,-432,-1
20592,-427,-1
20593,-426,2
20594,-420,-1
20595,-422,-1
20596,-434,0
20597,-449,-1
20598,-453,1
20599,-461,1
20600,-458,-1
20601,-455,-3
20602,-443,0
20603,-426,0
20604,-425,1
20605,-412,1
20606,-420,-1
20607,-422,-1
20608,-428,-1
20609,-434,-2
20610,-427,-1
20611,-424,0
20612,-454,0
20613,-447,-2
20614,-460,1
20615,-463,1
20616,-441,1
20617,-438,-1
20618,-432,-1
20619,-416,-2
20620,-415,-1
20621,-418,0
20622,-424,0
20623,-432,-2
20624,-435,-2
20625,-445,-1
20626,-454,-1
20627,-449,0
20628,-450,1
20629,-464,1
20630,-450,0
20631,-446,-2
20632,-425,-2
20633,-423,-1
20634,-423,-2
20635,-411,0
20636,-429,-1
20637,-433,0
20638,-436,-1
20639,-442,-2
20640,-449,0
20641,-455,3
20642,-447,1
20643,-430,0
20644,-444,-2
20645,-435,-2
20646,-455,1
20647,-441,1
20648,-430,0
20649,-427,0
20650,-435,0
20651,-426,0
20652,-438,-1
20653,-444,-1
20654,-450,1
20655,-455,-2
20656,-445,-1
20657,-441,1
20658,-443,0
20659,-426,1
20660,-439,-4
20661,-449,0
20662,-444,-1
20663,-442,-2
20664,-440,0
20665,-435,-1
20666,-438,-2
20667,-423,-1
20668,-423,0
20669,-425,0
20670,-438,-2
20671,-444,0
20672,-432,0
20673,-439,-2
20674,-446,0
20675,-437,-1
20676,-454,-1
20677,-452,1
20678,-455,1
20679,-448,-2
20680,-441,0
20681,-426,-2
20682,-426,-1
20683,-405,0
20684,-423,1
20685,-442,1
20686,-442,-1
20687,-453,-1
20688,-449,1
20689,-458,-2
20690,-467,2
20691,-443,-2
20692,-449,1
20693,-451,-2
20694,-437,-1
20695,-433,-2
20696,-414,0
20697,-404,0
20698,-416,1
20699,-414,-1
20700,-426,0
20701,-443,-2
20702,-466,1
20703,-471,-2
20704,-465,-3
20705,-465,0
20706,-455,-1
20707,-434,-2
20708,-432,1
20709,-417,-2
20710,-418,-1
20711,-420,-2
20712,-411,1
20713,-419,0
20714,-438,2
20715,-423,-1
20716,-464,-2
20717,-467,-2
20718,-472,-3
20719,-469,-1
20720,-462,-1
20721,-438,0
20722,-425,0
20723,-402,-2
20724,-405,-1
20725,-406,2
20726,-414,1
20727,-429,-1
20728,-434,0
20729,-443,0
20730,-458,-2
20731,-460,-1
20732,-463,-2
20733,-472,-1
20734,-457,1
20735,-444,0
20736,-429,2
20737,-423,-1
20738,-420,-1
20739,-400,0
20740,-412,-2
20741,-416,-1
20742,-441,-1
20743,-455,0
20744,-454,0
20745,-471,-1
20746,-469,-1
20747,-452,1
20748,-446,-2
20749,-447,0
20750,-446,-1
20751,-440,-2
20752,-417,-1
20753,-412,0
20754,-418,-1
20755,-408,0
20756,-427,-1
20757,-438,0
20758,-458,1
20759,-463,-3
20760,-467,0
20761,-464,-1
20762,-455,2
20763,-441,0
20764,-446,-2
20765,-438,-1
20766,-441,-2
20767,-441,-2
20768,-428,-2
20769,-437,-2
20770,-429,0
20771,-426,-2
20772,-432,0
20773,-450,0
20774,-452,-1
20775,-455,-3
20776,-446,-1
20777,-454,-2
20778,-452,1
20779,-437,1
20780,-446,-1
20781,-432,-2
20782,-429,-2
20783,-433,0
20784,-431,-1
20785,-431,-2
20786,-428,1
20787,-422,-2
20788,-442,0
20789,-452,0
20790,-467,-1
20791,-464,-1
20792,-452,-1
20793,-466,-1
20794,-455,-2
20795,-431,-2
20796,-435,0
20797,-426,1
20798,-429,-2
20799,-421,-2
20800,-423,-2
20801,-433,-2
20802,-436,-2
20803,-436,0
20804,-449,0
20805,-455,3
20806,-467,1
20807,-465,-1
20808,-459,-2
20809,-438,1
20810,-424,-2
20811,-409,0
20812,-414,2
20813,-415,-2
20814,-425,-2
20815,-420,-2
20816,-429,0
20817,-455,0
20818,-466,1
20819,-446,0
20820,-456,-2
20821,-461,-2
20822,-461,-1
20823,-456,1
20824,-436,1
20825,-415,-3
20826,-422,1
20827,-399,2
20828,-420,0
20829,-428,1
20830,-429,1
20831,-446,1
20832,-455,-1
20833,-455,1
20834,-455,-2
20835,-452,1
20836,-446,0
20837,-459,-2
20838,-450,1
20839,-432,1
20840,-422,-2
20841,-416,-1
20842,-417,2
20843,-418,-1
20844,-429,-3
20845,-441,-2
20846,-466,-2
20847,-460,0
20848,-461,1
20849,-451,-1
20850,-448,0
20851,-435,-1
20852,-435,-1
20853,-435,-1
20854,-441,-1
20855,-430,-2
20856,-424,-2
20857,-435,-2
20858,-438,0
20859,-429,1
20860,-446,-1
20861,-455,-1
20862,-466,0
20863,-457,0
20864,-438,1
20865,-436,-2
20866,-443,-1
20867,-431,0
20868,-423,1
20869,-432,-1
20870,-446,-2
20871,-438,-1
20872,-444,-2
20873,-436,0
20874,-435,-1
20875,-426,1
20876,-429,-1
20877,-437,-1
20878,-443,0
20879,-455,-1
20880,-435,0
20881,-441,-2
20882,-449,1
20883,-446,-2
20884,-442,-2
20885,-449,-1
20886,-446,-1
20887,-442,1
20888,-433,1
20889,-422,-1
20890,-426,-2
20891,-420,-2
20892,-427,-1
20893,-438,0
20894,-450,1
20895,-456,-3
20896,-464,0
20897,-455,-1
20898,-443,2
20899,-436,1
20900,-438,0
20901,-426,1
20902,-432,-1
20903,-418,1
20904,-415,-2
20905,-416,0
20906,-426,-2
20907,-425,-2
20908,-446,-2
20909,-457,1
20910,-480,-2
20911,-473,0
20912,-468,-1
20913,-461,1
20914,-449,-1
20915,-417,0
20916,-409,0
20917,-417,-1
20918,-422,0
20919,-426,0
20920,-421,0
20921,-436,0
20922,-448,-1
20923,-449,-2
20924,-469,-1
20925,-471,-1
20926,-477,0
20927,-453,-1
20928,-444,1
20929,-418,-2
20930,-414,0
20931,-399,-1
20932,-403,-1
20933,-417,-1
20934,-438,1
20935,-441,-2
20936,-458,0
20937,-467,-2
20938,-462,-1
20939,-468,-2
20940,-466,1
20941,-461,-2
20942,-444,-1
20943,-429,-1
20944,-421,0
20945,-417,1
20946,-423,-2
20947,-400,-1
20948,-413,0
20949,-431,1
20950,-462,1
20951,-459,0
20952,-464,-2
20953,-468,-2
20954,-461,0
20955,-453,1
20956,-438,-2
20957,-441,-1
20958,-432,1
20959,-423,-1
20960,-421,-1
20961,-417,-1
20962,-425,-1
20963,-423,-1
20964,-431,-2
20965,-454,-2
20966,-470,0
20967,-458,-1
20968,-457,0
20969,-457,-1
20970,-453,0
20971,-438,-1
20972,-436,-2
20973,-432,0
20974,-438,-2
20975,-427,-1
20976,-418,0
20977,-424,-1
20978,-433,-3
20979,-426,-2
20980,-451,0
20981,-449,0
20982,-461,-1
20983,-458,-1
20984,-445,-2
20985,-455,0
20986,-447,0
20987,-426,0
20988,-430,0
20989,-423,-1
20990,-431,2
20991,-429,-3
20992,-413,0
20993,-420,-2
20994,-433,-1
20995,-450,1
20996,-458,0
20997,-463,1
20998,-479,-2
20999,-471,2
21000,-463,0
21001,-456,0
21002,-432,-2
21003,-405,1
21004,-407,0
21005,-413,-2
21006,-420,-1
21007,-405,-2
21008,-419,-1
21009,-441,1
21010,-455,0
21011,-444,-1
21012,-455,2
21013,-461,-1
21014,-475,0
21015,-457,-1
21016,-440,0
21017,-431,1
21018,-414,0
21019,-394,0
21020,-407,1
21021,-421,-2
21022,-434,0
21023,-446,-1
21024,-455,-2
21025,-475,-2
21026,-470,0
21027,-469,2
21028,-464,1
21029,-457,1
21030,-460,-3
21031,-428,-1
21032,-421,0
21033,-408,-1
21034,-408,1
21035,-410,-2
21036,-407,-2
21037,-442,-1
21038,-464,1
21039,-461,-1
21040,-477,-2
21041,-478,-2
21042,-466,-2
21043,-443,-2
21044,-448,0
21045,-426,-1
21046,-423,0
21047,-422,-1
21048,-409,-2
21049,-415,0
21050,-422,1
21051,-427,-1
21052,-449,-1
21053,-473,0
21054,-473,0
21055,-473,0
21056,-464,1
21057,-456,-3
21058,-442,-2
21059,-424,1
21060,-411,0
21061,-424,-1
21062,-419,-2
21063,-418,-2
21064,-436,-1
21065,-438,1
21066,-438,-2
21067,-447,-2
21068,-448,0
21069,-458,-1
21070,-466,-2
21071,-452,-2
21072,-452,-2
21073,-446,-2
21074,-439,-1
21075,-426,-2
21076,-408,1
21077,-421,0
21078,-441,-2
21079,-438,1
21080,-435,-1
21081,-446,-2
21082,-450,-2
21083,-443,-2
21084,-446,0
21085,-453,1
21086,-455,-1
21087,-447,1
21088,-446,-1
21089,-441,0
21090,-433,-3
21091,-430,-1
21092,-430,-2
21093,-435,-2
21094,-449,2
21095,-441,-1
21096,-428,-2
21097,-443,1
21098,-439,-1
21099,-432,-2
21100,-429,0
21101,-446,-1
21102,-463,-1
21103,-458,0
21104,-446,1
21105,-446,1
21106,-442,0
21107,-431,-2
21108,-421,0
21109,-430,-2
21110,-443,-1
21111,-434,0
21112,-437,0
21113,-442,1
21114,-447,-1
21115,-446,-2
21116,-443,0
21117,-458,0
21118,-464,0
21119,-453,2
21120,-432,-1
21121,-423,0
21122,-422,-1
21123,-406,-2
21124,-403,-1
21125,-429,-1
21126,-438,1
21127,-447,0
21128,-450,-3
21129,-458,-1
21130,-455,1
21131,-449,0
21132,-443,0
21133,-458,-2
21134,-456,0
21135,-440,-1
21136,-431,1
21137,-424,0
21138,-426,-1
21139,-414,0
21140,-417,0
21141,-438,-2
21142,-455,1
21143,-469,-2
21144,-467,0
21145,-464,-2
21146,-459,0
21147,-447,1
21148,-427,0
21149,-436,-2
21150,-434,-1
21151,-432,-1
21152,-420,1
21153,-432,0
21154,-440,-2
21155,-430,-1
21156,-431,0
21157,-451,1
21158,-466,-1
21159,-458,-2
21160,-455,1
21161,-452,-1
21162,-447,-1
21163,-443,-1
21164,-425,0
21165,-431,-1
21166,-433,-2
21167,-435,-2
21168,-431,0
21169,-439,1
21170,-438,0
21171,-446,-1
21172,-444,0
21173,-457,-1
21174,-461,1
21175,-452,0
21176,-458,0
21177,-443,0
21178,-446,0
21179,-442,-1
21180,-429,0
21181,-442,-2
21182,-445,-2
21183,-447,1
21184,-433,-2
21185,-435,1
21186,-444,0
21187,-442,0
21188,-441,-3
21189,-455,0
21190,-457,-1
21191,-458,0
21192,-444,-1
21193,-452,1
21194,-446,-2
21195,-434,-1
21196,-429,-2
21197,-432,-1
21198,-435,1
21199,-432,0
21200,-435,1
21201,-446,-1
21202,-435,-2
21203,-446,1
21204,-447,2
21205,-460,-2
21206,-480,-2
21207,-467,0
21208,-439,-2
21209,-439,-1
21210,-433,0
21211,-430,-1
21212,-407,0
21213,-409,-2
21214,-424,-1
21215,-429,-1
21216,-426,2
21217,-450,0
21218,-459,-1
21219,-462,0
21220,-461,-2
21221,-472,0
21222,-467,-2
21223,-464,-1
21224,-441,-1
21225,-417,-2
21226,-412,0
21227,-415,-1
21228,-400,-1
21229,-424,-3
21230,-449,-2
21231,-451,-1
21232,-461,0
21233,-476,1
21234,-476,1
21235,-470,-2
21236,-454,-1
21237,-448,-1
21238,-443,-2
21239,-426,-1
21240,-415,0
21241,-416,1
21242,-414,-1
21243,-412,-1
21244,-420,0
21245,-458,0
21246,-470,-2
21247,-473,2
21248,-473,-1
21249,-471,-1
21250,-467,0
21251,-447,-1
21252,-424,-1
21253,-420,1
21254,-426,-2
21255,-411,1
21256,-408,0
21257,-426,1
21258,-436,0
21259,-444,-1
21260,-446,-1
21261,-469,0
21262,-482,-2
21263,-470,0
21264,-457,0
21265,-446,-1
21266,-432,-2
21267,-423,0
21268,-398,1
21269,-410,1
21270,-430,0
21271,-429,0
21272,-435,2
21273,-437,-2
21274,-441,-1
21275,-461,1
21276,-454,1
21277,-457,0
21278,-459,-2
21279,-459,-1
21280,-452,1
21281,-441,0
21282,-429,-1
21283,-419,1
21284,-422,-1
21285,-432,2
21286,-434,-1
21287,-446,-2
21288,-438,0
21289,-451,1
21290,-459,0
21291,-447,2
21292,-450,1
21293,-454,-1
21294,-452,-1
21295,-448,-2
21296,-441,1
21297,-430,-2
21298,-435,-2
21299,-436,1
21300,-420,1
21301,-435,1
21302,-438,-2
21303,-443,0
21304,-449,0
21305,-452,-1
21306,-454,0
21307,-452,1
21308,-441,-2
21309,-458,0
21310,-464,0
21311,-443,-1
21312,-431,0
21313,-432,2
21314,-431,-1
21315,-426,0
21316,-416,-3
21317,-429,0
21318,-443,-2
21319,-450,-2
21320,-446,-2
21321,-470,-2
21322,-462,-2
21323,-459,-1
21324,-458,-3
21325,-461,1
21326,-454,0
21327,-439,-1
21328,-412,0
21329,-419,0
21330,-420,0
21331,-421,-1
21332,-418,-2
21333,-448,-1
21334,-461,-2
21335,-470,0
21336,-474,-1
21337,-471,-1
21338,-464,1
21339,-464,-2
21340,-435,-1
21341,-434,-1
21342,-423,1
21343,-425,-1
21344,-422,-3
21345,-433,-1
21346,-429,1
21347,-444,0
21348,-452,-1
21349,-467,1
21350,-478,1
21351,-464,-2
21352,-455,0
21353,-450,1
21354,-438,-2
21355,-430,0
21356,-407,0
21357,-421,0
21358,-422,-2
21359,-431,-1
21360,-436,-1
21361,-440,-2
21362,-461,-3
21363,-449,-1
21364,-450,0
21365,-468,-2
21366,-467,-1
21367,-446,-1
21368,-443,0
21369,-441,0
21370,-423,-2
21371,-419,-2
21372,-416,-2
21373,-435,1
21374,-446,-2
21375,-451,1
21376,-447,-1
21377,-461,-2
21378,-461,0
21379,-460,0
21380,-436,1
21381,-437,-3
21382,-446,0
21383,-446,0
21384,-436,-1
21385,-433,2
21386,-432,-2
21387,-444,-2
21388,-436,0
21389,-442,0
21390,-450,-2
21391,-456,1
21392,-446,1
21393,-442,1
21394,-446,1
21395,-443,1
21396,-435,-2
21397,-436,1
21398,-453,0
21399,-452,-1
21400,-451,1
21401,-452,-1
21402,-442,-1
21403,-450,-2
21404,-429,-2
21405,-436,-2
21406,-446,-2
21407,-441,-1
21408,-439,-1
21409,-438,0
21410,-439,-2
21411,-441,0
21412,-441,-1
21413,-446,0
21414,-465,-2
21415,-459,1
21416,-439,-2
21417,-458,-2
21418,-434,-2
21419,-426,1
21420,-414,1
21421,-431,0
21422,-441,-1
21423,-447,0
21424,-445,-2
21425,-455,0
21426,-463,1
21427,-464,-1
21428,-459,1
21429,-461,-2
21430,-464,-2
21431,-441,0
21432,-426,1
21433,-423,-1
21434,-413,-1
21435,-425,0
21436,-418,0
21437,-435,-1
21438,-458,0
21439,-457,-2
21440,-463,1
21441,-468,0
21442,-466,-1
21443,-461,-1
21444,-445,-1
21445,-443,-1
21446,-446,-1
21447,-435,-1
21448,-419,-2
21449,-417,1
21450,-425,1
21451,-435,-2
21452,-447,1
21453,-453,-1
21454,-473,-2
21455,-476,0
21456,-476,1
21457,-466,2
21458,-454,-1
21459,-439,1
21460,-423,-2
21461,-425,-1
21462,-431,0
21463,-427,-2
21464,-429,1
21465,-444,-1
21466,-441,0
21467,-452,1
21468,-452,-1
21469,-470,1
21470,-477,-2
21471,-466,-2
21472,-458,-2
21473,-455,1
21474,-438,-1
21475,-430,0
21476,-418,-1
21477,-428,0
21478,-446,-1
21479,-432,0
21480,-433,-1
21481,-455,1
21482,-460,-1
21483,-457,-2
21484,-455,1
21485,-459,0
21486,-474,0
21487,-464,-2
21488,-454,1
21489,-445,1
21490,-441,-1
21491,-435,-2
21492,-423,-1
21493,-428,1
21494,-426,-1
21495,-449,1
21496,-436,1
21497,-446,1
21498,-456,-2
21499,-467,-1
21500,-457,0
21501,-470,0
21502,-472,-1
21503,-462,0
21504,-453,1
21505,-445,-2
21506,-435,0
21507,-429,1
21508,-417,-2
21509,-421,-1
21510,-445,1
21511,-455,-1
21512,-453,-2
21513,-459,-1
21514,-467,2
21515,-478,-2
21516,-467,1
21517,-467,1
21518,-461,0
21519,-448,0
21520,-434,1
21521,-427,0
21522,-417,1
21523,-414,0
21524,-405,-2
21525,-435,0
21526,-457,1
21527,-469,0
21528,-467,-1
21529,-476,-1
21530,-483,1
21531,-476,-3
21532,-455,0
21533,-444,0
21534,-447,3
21535,-430,-2
21536,-415,0
21537,-414,0
21538,-413,2
21539,-434,-1
21540,-443,-2
21541,-461,-1
21542,-491,1
21543,-484,0
21544,-482,-3
21545,-476,-1
21546,-460,1
21547,-438,-1
21548,-422,1
21549,-408,-2
21550,-414,-2
21551,-420,-2
21552,-414,-1
21553,-429,1
21554,-455,-1
21555,-461,-1
21556,-468,-2
21557,-481,-1
21558,-494,-2
21559,-485,-2
21560,-471,0
21561,-443,0
21562,-438,-1
21563,-417,-1
21564,-409,-2
21565,-401,0
21566,-432,-2
21567,-436,-1
21568,-441,-1
21569,-468,1
21570,-470,1
21571,-473,-1
21572,-470,-2
21573,-468,-1
21574,-471,0
21575,-452,0
21576,-424,2
21577,-413,1
21578,-420,0
21579,-416,1
21580,-411,-2
21581,-426,-1
21582,-452,1
21583,-452,1
21584,-457,-2
21585,-467,0
21586,-471,0
21587,-473,0
21588,-461,-1
21589,-447,1
21590,-464,-1
21591,-444,0
21592,-431,0
21593,-432,0
21594,-441,-1
21595,-429,-1
21596,-426,-1
21597,-447,0
21598,-470,-2
21599,-466,-1
21600,-454,-1
21601,-460,1
21602,-454,-1
21603,-456,1
21604,-441,-2
21605,-438,-2
21606,-453,1
21607,-444,-2
21608,-429,1
21609,-441,0
21610,-432,-2
21611,-429,-1
21612,-434,1
21613,-439,0
21614,-460,-1
21615,-462,-1
21616,-458,-2
21617,-462,0
21618,-461,-2
21619,-460,-1
21620,-454,-2
21621,-444,-3
21622,-448,0
21623,-446,-1
21624,-437,1
21625,-437,-1
21626,-437,1
21627,-443,-1
21628,-426,0
21629,-452,-1
21630,-466,-1
21631,-470,-2
21632,-463,0
21633,-467,-2
21634,-467,1
21635,-455,-1
21636,-433,-2
21637,-431,0
21638,-449,-1
21639,-431,-2
21640,-426,1
21641,-432,0
21642,-437,-2
21643,-449,0
21644,-453,-2
21645,-464,-1
21646,-478,0
21647,-478,-2
21648,-469,-2
21649,-461,-1
21650,-454,0
21651,-434,-1
21652,-414,-1
21653,-422,1
21654,-437,-2
21655,-434,0
21656,-428,-1
21657,-441,-2
21658,-463,-1
21659,-464,-2
21660,-460,-2
21661,-470,-1
21662,-481,0
21663,-465,1
21664,-443,0
21665,-434,-1
21666,-428,-1
21667,-424,1
21668,-411,1
21669,-418,-2
21670,-449,-1
21671,-450,-1
21672,-454,0
21673,-462,-3
21674,-469,1
21675,-474,-2
21676,-461,-2
21677,-456,0
21678,-467,1
21679,-457,1
21680,-438,0
21681,-427,0
21682,-424,0
21683,-428,-2
21684,-425,1
21685,-438,-2
21686,-458,-1
21687,-464,1
21688,-461,-2
21689,-465,-2
21690,-457,0
21691,-452,-2
21692,-447,-1
21693,-453,1
21694,-457,-1
21695,-448,-2
21696,-440,0
21697,-432,-1
21698,-437,0
21699,-435,1
21700,-427,1
21701,-441,-2
21702,-455,1
21703,-455,-2
21704,-456,0
21705,-458,1
21706,-455,-2
21707,-460,0
21708,-454,0
21709,-449,-1
21710,-456,-2
21711,-449,-2
21712,-440,1
21713,-438,-1
21714,-432,0
21715,-435,0
21716,-434,-1
21717,-440,-1
21718,-447,0
21719,-461,-1
21720,-455,1
21721,-461,0
21722,-465,-1
21723,-458,-2
21724,-436,-1
21725,-437,0
21726,-449,-1
21727,-438,-1
21728,-432,-1
21729,-428,1
21730,-422,-2
21731,-438,1
21732,-435,-1
21733,-449,-1
21734,-468,0
21735,-476,-2
21736,-483,-1
21737,-472,1
21738,-461,0
21739,-455,-1
21740,-427,0
21741,-429,0
21742,-437,-3
21743,-423,0
21744,-421,0
21745,-429,1
21746,-451,-2
21747,-458,0
21748,-467,-2
21749,-470,1
21750,-485,-2
21751,-488,0
21752,-475,-1
21753,-446,-2
21754,-441,-1
21755,-426,-1
21756,-418,0
21757,-421,-2
21758,-425,-2
21759,-431,-2
21760,-450,1
21761,-464,-2
21762,-472,1
21763,-482,-3
21764,-460,-2
21765,-470,-2
21766,-480,-2
21767,-464,-2
21768,-444,0
21769,-431,-2
21770,-436,0
21771,-419,0
21772,-410,-2
21773,-426,1
21774,-448,-2
21775,-463,1
21776,-468,-1
21777,-473,-2
21778,-470,1
21779,-464,0
21780,-452,-2
21781,-444,1
21782,-448,0
21783,-443,1
21784,-434,-1
21785,-414,1
21786,-423,1
21787,-440,-2
21788,-439,-2
21789,-443,-2
21790,-466,-2
21791,-472,-1
21792,-473,-1
21793,-465,-1
21794,-455,0
21795,-465,-1
21796,-435,-2
21797,-450,0
21798,-432,-1
21799,-436,0
21800,-435,-1
21801,-434,0
21802,-438,-1
21803,-449,0
21804,-441,-2
21805,-449,0
21806,-455,-1
21807,-468,-1
21808,-465,-2
21809,-458,-2
21810,-449,-2
21811,-443,-2
21812,-435,1
21813,-443,-2
21814,-439,-1
21815,-447,-1
21816,-452,-1
21817,-448,-2
21818,-438,-1
21819,-443,-1
21820,-448,-1
21821,-454,-1
21822,-456,-2
21823,-464,-1
21824,-468,-1
21825,-456,0
21826,-461,-2
21827,-452,-1
21828,-429,0
21829,-446,-2
21830,-452,-2
21831,-449,0
21832,-433,-1
21833,-429,0
21834,-435,1
21835,-457,-2
21836,-438,-1
21837,-449,0
21838,-467,-2
21839,-459,0
21840,-471,0
21841,-457,-1
21842,-454,-2
21843,-442,-1
21844,-436,-2
21845,-422,-2
21846,-438,1
21847,-438,0
21848,-429,-3
21849,-440,-2
21850,-449,0
21851,-458,1
21852,-451,-1
21853,-466,1
21854,-470,-1
21855,-473,0
21856,-461,-1
21857,-438,-2
21858,-440,-1
21859,-430,-1
21860,-417,-1
21861,-427,-2
21862,-429,0
21863,-441,1
21864,-461,1
21865,-450,-3
21866,-460,-1
21867,-470,1
21868,-451,-2
21869,-458,-2
21870,-465,-2
21871,-448,0
21872,-444,0
21873,-430,-2
21874,-423,-1
21875,-428,-2
21876,-428,-1
21877,-430,1
21878,-451,-2
21879,-467,2
21880,-471,0
21881,-464,1
21882,-471,0
21883,-454,1
21884,-445,2
21885,-449,-1
21886,-449,-2
21887,-439,1
21888,-437,0
21889,-440,-1
21890,-448,1
21891,-440,0
21892,-435,1
21893,-448,-2
21894,-461,0
21895,-463,-2
21896,-460,0
21897,-446,-2
21898,-452,3
21899,-450,1
21900,-437,0
21901,-441,-1
21902,-446,1
21903,-449,1
21904,-460,-2
21905,-447,0
21906,-448,1
21907,-438,0
21908,-430,0
21909,-446,0
21910,-457,0
21911,-463,-2
21912,-461,-2
21913,-458,-2
21914,-449,-2
21915,-447,1
21916,-432,1
21917,-451,0
21918,-454,-2
21919,-453,0
21920,-446,0
21921,-437,-1
21922,-432,-2
21923,-441,-1
21924,-435,-1
21925,-430,-2
21926,-446,1
21927,-465,-2
21928,-470,-1
21929,-458,-2
21930,-466,-2
21931,-461,-1
21932,-441,1
21933,-453,-1
21934,-435,0
21935,-440,-1
21936,-432,-1
21937,-437,-2
21938,-443,0
21939,-443,-1
21940,-445,-2
21941,-462,1
21942,-473,-2
21943,-482,-2
21944,-486,0
21945,-470,-1
21946,-461,2
21947,-449,-2
21948,-429,-2
21949,-428,-1
21950,-426,0
21951,-434,-2
21952,-432,-1
21953,-441,-2
21954,-457,0
21955,-469,0
21956,-463,-1
21957,-468,1
21958,-478,-1
21959,-480,-1
21960,-470,-1
21961,-446,-2
21962,-438,-1
21963,-426,-2
21964,-405,1
21965,-423,0
21966,-427,0
21967,-446,0
21968,-458,1
21969,-465,1
21970,-473,-1
21971,-471,-2
21972,-460,-2
21973,-465,-1
21974,-459,-2
21975,-452,-2
21976,-441,0
21977,-436,-1
21978,-427,-2
21979,-414,0
21980,-412,1
21981,-427,0
21982,-443,1
21983,-460,0
21984,-473,0
21985,-467,1
21986,-473,-2
21987,-464,-2
21988,-448,1
21989,-449,-2
21990,-444,-2
21991,-437,0
21992,-444,-1
21993,-432,-2
21994,-438,-3
21995,-433,1
21996,-420,0
21997,-461,-1
21998,-456,-1
21999,-470,0
22000,-467,-2
22001,-455,1
22002,-458,-1
22003,-465,-1
22004,-438,-2
22005,-443,-1
22006,-444,-2
22007,-437,1
22008,-441,1
22009,-428,-2
22010,-435,-2
22011,-448,-2
22012,-429,-1
22013,-449,-3
22014,-459,-1
22015,-473,-2
22016,-469,1
22017,-460,-2
22018,-459,1
22019,-452,0
22020,-438,-1
22021,-453,-1
22022,-435,-1
22023,-443,0
22024,-433,1
22025,-435,-2
22026,-435,1
22027,-449,1
22028,-430,1
22029,-458,-2
22030,-469,-1
22031,-477,1
22032,-488,-2
22033,-468,-1
22034,-464,0
22035,-452,0
22036,-418,1
22037,-429,-2
22038,-429,-2
22039,-430,0
22040,-432,1
22041,-425,0
22042,-435,-1
22043,-458,-1
22044,-456,2
22045,-476,-1
22046,-489,-2
22047,-491,-2
22048,-480,-2
22049,-461,-1
22050,-451,0
22051,-432,-1
22052,-409,-2
22053,-408,1
22054,-416,0
22055,-433,-3
22056,-441,0
22057,-449,-1
22058,-472,0
22059,-491,-2
22060,-470,-1
22061,-483,-1
22062,-474,0
22063,-465,1
22064,-451,1
22065,-420,0
22066,-417,0
22067,-420,-1
22068,-401,1
22069,-414,-2
22070,-439,-2
22071,-475,0
22072,-476,2
22073,-482,1
22074,-482,-2
22075,-488,-1
22076,-470,1
22077,-455,0
22078,-453,-2
22079,-435,1
22080,-426,-1
22081,-419,-2
22082,-417,-1
22083,-422,-2
22084,-423,-2
22085,-447,-5
22086,-470,1
22087,-487,0
22088,-491,-1
22089,-472,-2
22090,-467,0
22091,-467,-2
22092,-439,-1
22093,-435,-2
22094,-424,-2
22095,-427,-1
22096,-424,0
22097,-424,0
22098,-432,-1
22099,-439,1
22100,-442,0
22101,-468,0
22102,-483,1
22103,-480,-2
22104,-473,-2
22105,-470,1
22106,-459,-2
22107,-449,-2
22108,-420,1
22109,-428,0
22110,-431,-2
22111,-443,-2
22112,-435,-1
22113,-441,1
22114,-455,1
22115,-458,-2
22116,-455,0
22117,-468,1
22118,-466,1
22119,-475,-1
22120,-469,-2
22121,-447,-2
22122,-437,1
22123,-428,1
22124,-419,1
22125,-425,0
22126,-426,-1
22127,-434,1
22128,-448,-1
22129,-448,-2
22130,-458,1
22131,-463,1
22132,-457,1
22133,-467,0
22134,-470,-2
22135,-477,-1
22136,-461,1
22137,-452,-1
22138,-432,1
22139,-428,0
22140,-427,0
22141,-420,-1
22142,-438,1
22143,-445,0
22144,-443,-1
22145,-458,-1
22146,-470,1
22147,-467,-2
22148,-458,0
22149,-467,-2
22150,-469,0
22151,-458,-1
22152,-444,2
22153,-432,-1
22154,-424,0
22155,-422,-1
22156,-414,-2
22157,-432,-2
22158,-436,0
22159,-460,0
22160,-479,0
22161,-482,2
22162,-480,-2
22163,-478,-2
22164,-457,1
22165,-467,-2
22166,-449,-1
22167,-443,-2
22168,-435,1
22169,-416,-1
22170,-420,1
22171,-430,-2
22172,-423,1
22173,-449,-2
22174,-469,0
22175,-473,-1
22176,-485,-1
22177,-473,-1
22178,-465,1
22179,-466,-1
22180,-443,-2
22181,-432,-2
22182,-416,-1
22183,-425,-1
22184,-429,3
22185,-419,-2
22186,-439,1
22187,-444,-2
22188,-455,0
22189,-473,1
22190,-477,-1
22191,-491,0
22192,-482,-1
22193,-460,1
22194,-455,1
22195,-442,-2
22196,-420,0
22197,-423,-2
22198,-417,1
22199,-435,-1
22200,-442,-3
22201,-452,-1
22202,-453,-1
22203,-461,0
22204,-455,-2
22205,-463,-1
22206,-464,1
22207,-463,0
22208,-455,-2
22209,-440,-2
22210,-431,0
22211,-432,1
22212,-413,-2
22213,-426,-1
22214,-441,1
22215,-448,-1
22216,-452,-2
22217,-460,-1
22218,-463,-1
22219,-456,0
22220,-448,-2
22221,-461,-1
22222,-448,-1
22223,-461,-1
22224,-454,1
22225,-441,-1
22226,-435,1
22227,-446,0
22228,-430,-2
22229,-443,0
22230,-437,0
22231,-453,0
22232,-453,0
22233,-448,0
22234,-448,-1
22235,-459,1
22236,-438,0
22237,-442,-2
22238,-456,-1
22239,-469,-1
22240,-458,-2
22241,-442,-1
22242,-442,-1
22243,-454,0
22244,-433,-1
22245,-441,-2
22246,-435,2
22247,-455,-1
22248,-452,1
22249,-458,0
22250,-448,-1
22251,-464,0
22252,-458,-2
22253,-459,2
22254,-466,-2
22255,-462,-1
22256,-455,2
22257,-443,-1
22258,-432,-1
22259,-437,-1
22260,-426,-1
22261,-429,0
22262,-443,-2
22263,-458,0
22264,-464,1
22265,-462,-1
22266,-476,1
22267,-464,0
22268,-461,1
22269,-454,0
22270,-447,-1
22271,-445,0
22272,-438,-1
22273,-426,-2
22274,-428,1
22275,-443,-1
22276,-441,0
22277,-446,1
22278,-463,-2
22279,-482,2
22280,-471,1
22281,-475,1
22282,-469,0
22283,-452,-1
22284,-438,1
22285,-423,-2
22286,-435,0
22287,-438,-2
22288,-439,1
22289,-438,1
22290,-444,-1
22291,-456,-2
22292,-447,-2
22293,-456,-1
22294,-464,-2
22295,-479,-1
22296,-464,1
22297,-452,-1
22298,-448,0
22299,-446,-2
22300,-422,-2
22301,-429,2
22302,-438,0
22303,-447,-2
22304,-442,-2
22305,-449,-2
22306,-456,-3
22307,-459,1
22308,-458,-2
22309,-458,1
22310,-459,-2
22311,-463,1
22312,-440,1
22313,-455,1
22314,-440,1
22315,-439,-2
22316,-435,1
22317,-441,0
22318,-451,0
22319,-457,-2
22320,-453,0
22321,-447,-2
22322,-452,-1
22323,-457,0
22324,-436,1
22325,-448,-1
22326,-449,-5
22327,-463,-2
22328,-449,-1
22329,-452,-2
22330,-450,-1
22331,-449,0
22332,-444,-1
22333,-443,1
22334,-443,-2
22335,-458,-4
22336,-436,0
22337,-443,-2
22338,-445,-2
22339,-455,-1
22340,-446,-1
22341,-457,-1
22342,-466,-2
22343,-475,0
22344,-467,0
22345,-454,-1
22346,-450,0
22347,-443,0
22348,-432,-1
22349,-426,0
22350,-433,-2
22351,-455,1
22352,-452,-2
22353,-453,0
22354,-455,-2
22355,-459,0
22356,-461,0
22357,-463,1
22358,-463,-1
22359,-472,0
22360,-446,-1
22361,-438,-2
22362,-438,-1
22363,-440,0
22364,-416,2
22365,-424,1
22366,-440,-2
22367,-464,-1
22368,-470,-1
22369,-472,0
22370,-471,0
22371,-477,1
22372,-468,-1
22373,-444,1
22374,-450,-1
22375,-446,-2
22376,-441,-2
22377,-435,-2
22378,-427,1
22379,-429,0
22380,-433,1
22381,-435,-2
22382,-460,-2
22383,-484,-1
22384,-473,1
22385,-476,-1
22386,-465,-1
22387,-458,1
22388,-441,-2
22389,-426,1
22390,-437,-1
22391,-442,-2
22392,-432,-1
22393,-430,-1
22394,-438,1
22395,-453,-1
22396,-442,0
22397,-450,-1
22398,-466,-1
22399,-476,-1
22400,-473,-2
22401,-459,-2
22402,-446,-2
22403,-451,-1
22404,-425,1
22405,-423,0
22406,-429,-1
22407,-438,-1
22408,-440,-2
22409,-435,0
22410,-442,-2
22411,-463,1
22412,-444,0
22413,-443,0
22414,-458,1
22415,-468,-1
22416,-466,-2
22417,-449,1
22418,-449,-1
22419,-448,2
22420,-435,-1
22421,-433,-2
22422,-441,-2
22423,-453,1
22424,-449,0
22425,-452,0
22426,-453,1
22427,-455,-2
22428,-446,-2
22429,-456,0
22430,-452,0
22431,-462,1
22432,-460,1
22433,-443,-3
22434,-449,1
22435,-444,-2
22436,-440,-1
22437,-426,0
22438,-439,-1
22439,-447,-1
22440,-453,-1
22441,-448,0
22442,-458,1
22443,-460,-1
22444,-467,-1
22445,-460,1
22446,-470,0
22447,-468,1
22448,-452,0
22449,-453,-1
22450,-431,-2
22451,-428,-1
22452,-417,-2
22453,-414,1
22454,-436,-2
22455,-466,-2
22456,-449,0
22457,-465,-1
22458,-480,-2
22459,-480,1
22460,-476,-2
22461,-459,1
22462,-452,-1
22463,-462,-3
22464,-435,-1
22465,-423,1
22466,-423,-1
22467,-423,1
22468,-424,-1
22469,-434,-1
22470,-466,1
22471,-473,-1
22472,-484,-2
22473,-476,1
22474,-482,0
22475,-485,0
22476,-461,0
22477,-432,-1
22478,-435,-1
22479,-435,-1
22480,-429,0
22481,-418,0
22482,-431,-2
22483,-429,-2
22484,-457,1
22485,-456,-1
22486,-470,-1
22487,-482,-2
22488,-485,-1
22489,-479,-2
22490,-467,1
22491,-437,-2
22492,-431,-2
22493,-411,-2
22494,-411,0
22495,-422,-1
22496,-432,-1
22497,-438,1
22498,-456,-2
22499,-461,-1
22500,-464,1
22501,-472,-1
22502,-479,0
22503,-479,-2
22504,-466,-1
22505,-452,-2
22506,-438,-1
22507,-433,1
22508,-420,0
22509,-411,-2
22510,-439,-2
22511,-449,0
22512,-449,-2
22513,-453,0
22514,-464,-2
22515,-474,-2
22516,-472,1
22517,-453,-1
22518,-458,-2
22519,-461,-1
22520,-450,-2
22521,-430,0
22522,-431,-2
22523,-430,-2
22524,-448,1
22525,-430,-1
22526,-445,-2
22527,-460,1
22528,-463,0
22529,-459,-2
22530,-466,-1
22531,-464,-1
22532,-453,-1
22533,-445,0
22534,-465,-2
22535,-456,-1
22536,-449,-1
22537,-443,0
22538,-441,1
22539,-447,0
22540,-444,0
22541,-423,-1
22542,-447,1
22543,-454,-1
22544,-464,-1
22545,-457,-1
22546,-465,0
22547,-454,1
22548,-467,-1
22549,-455,0
22550,-455,0
22551,-448,-2
22552,-446,-2
22553,-436,-1
22554,-438,2
22555,-430,-2
22556,-425,-1
22557,-429,-3
22558,-443,0
22559,-464,0
22560,-466,-2
22561,-468,0
22562,-478,-2
22563,-475,-1
22564,-460,0
22565,-449,0
22566,-449,-1
22567,-438,1
22568,-429,-1
22569,-429,0
22570,-427,1
22571,-436,0
22572,-439,-1
22573,-444,-1
22574,-473,-1
22575,-482,-1
22576,-483,-2
22577,-476,-1
22578,-462,-1
22579,-460,-2
22580,-438,1
22581,-423,-1
22582,-426,-1
22583,-431,-2
22584,-428,1
22585,-427,-2
22586,-432,-1
22587,-459,-1
22588,-465,-2
22589,-465,-1
22590,-481,-2
22591,-491,-2
22592,-482,0
22593,-464,-2
22594,-446,-2
22595,-438,-1
22596,-435,0
22597,-412,0
22598,-415,-4
22599,-427,1
22600,-441,1
22601,-445,0
22602,-458,-1
22603,-476,-1
22604,-473,1
22605,-472,0
22606,-476,0
22607,-466,-1
22608,-461,-2
22609,-440,1
22610,-432,-1
22611,-420,-2
22612,-429,1
22613,-420,0
22614,-435,1
22615,-445,-2
22616,-455,0
22617,-467,-1
22618,-476,-2
22619,-474,0
22620,-464,1
22621,-464,1
22622,-464,-1
22623,-461,0
22624,-445,0
22625,-432,-1
22626,-431,-2
22627,-434,-1
22628,-429,-1
22629,-426,-1
22630,-455,-2
22631,-461,-1
22632,-481,1
22633,-458,-2
22634,-465,1
22635,-466,0
22636,-458,-2
22637,-456,1
22638,-461,-2
22639,-446,-1
22640,-440,0
22641,-434,-1
22642,-438,-1
22643,-439,-2
22644,-437,1
22645,-434,-2
22646,-451,2
22647,-469,1
22648,-466,0
22649,-469,-1
22650,-468,-1
22651,-467,2
22652,-460,1
22653,-443,0
22654,-443,1
22655,-448,1
22656,-443,-1
22657,-429,0
22658,-430,0
22659,-426,0
22660,-433,-1
22661,-452,-1
22662,-467,-2
22663,-479,0
22664,-479,-1
22665,-476,-1
22666,-477,-1
22667,-468,0
22668,-445,-1
22669,-435,1
22670,-429,-1
22671,-427,1
22672,-427,-1
22673,-419,0
22674,-434,1
22675,-449,-1
22676,-446,-2
22677,-464,0
22678,-478,0
22679,-489,1
22680,-479,-1
22681,-473,-1
22682,-459,-3
22683,-447,0
22684,-431,-1
22685,-411,-1
22686,-421,-2
22687,-420,1
22688,-423,0
22689,-444,1
22690,-467,0
22691,-473,-2
22692,-481,1
22693,-479,1
22694,-469,0
22695,-482,1
22696,-457,-2
22697,-442,1
22698,-426,-1
22699,-422,1
22700,-422,-1
22701,-428,-2
22702,-432,-1
22703,-449,-3
22704,-461,-1
22705,-477,-2
22706,-483,1
22707,-482,-2
22708,-479,-2
22709,-458,-1
22710,-458,-1
22711,-448,1
22712,-432,-1
22713,-434,-2
22714,-414,-2
22715,-422,1
22716,-426,-1
22717,-440,1
22718,-449,-1
22719,-478,-1
22720,-477,0
22721,-476,-2
22722,-472,1
22723,-464,0
22724,-460,0
22725,-440,1
22726,-436,-1
22727,-432,-2
22728,-432,1
22729,-426,-1
22730,-443,1
22731,-454,2
22732,-450,-1
22733,-449,-2
22734,-475,-2
22735,-475,-3
22736,-475,-1
22737,-459,-1
22738,-454,-1
22739,-452,1
22740,-435,0
22741,-431,3
22742,-439,-2
22743,-436,-2
22744,-463,-1
22745,-444,-1
22746,-452,-2
22747,-449,-1
22748,-455,0
22749,-455,1
22750,-457,0
22751,-464,1
22752,-458,1
22753,-454,-2
22754,-457,-2
22755,-448,0
22756,-455,0
22757,-440,-1
22758,-454,0
22759,-459,0
22760,-449,1
22761,-450,0
22762,-445,1
22763,-458,-1
22764,-456,-1
22765,-448,-1
22766,-454,1
22767,-468,-1
22768,-464,0
22769,-461,-2
22770,-463,-2
22771,-455,-1
22772,-448,-1
22773,-440,-1
22774,-435,-2
22775,-443,-1
22776,-443,-1
22777,-445,2
22778,-451,0
22779,-452,-1
22780,-460,-2
22781,-456,0
22782,-461,-1
22783,-482,-1
22784,-478,0
22785,-459,2
22786,-458,0
22787,-445,-1
22788,-439,1
22789,-435,0
22790,-446,1
22791,-452,-1
22792,-443,-2
22793,-455,-2
22794,-471,-2
22795,-473,1
22796,-470,-1
22797,-458,1
22798,-461,-1
22799,-473,0
22800,-463,-1
22801,-445,-1
22802,-446,-2
22803,-441,-1
22804,-437,1
22805,-438,-1
22806,-442,0
22807,-452,-2
22808,-455,0
22809,-463,-2
22810,-458,-2
22811,-466,-1
22812,-461,0
22813,-446,-2
22814,-454,-2
22815,-459,-3
22816,-443,-2
22817,-447,1
22818,-442,-2
22819,-436,0
22820,-446,-1
22821,-440,-2
22822,-458,-1
22823,-473,-1
22824,-468,1
22825,-455,-1
22826,-455,-2
22827,-444,1
22828,-447,-1
22829,-457,-2
22830,-441,1
22831,-465,0
22832,-461,-2
22833,-449,1
22834,-458,-2
22835,-442,-1
22836,-448,0
22837,-432,-1
22838,-451,-1
22839,-466,0
22840,-457,-2
22841,-449,1
22842,-458,1
22843,-452,-2
22844,-459,0
22845,-443,-1
22846,-453,0
22847,-457,1
22848,-450,0
22849,-446,-1
22850,-448,1
22851,-449,0
22852,-441,-2
22853,-428,1
22854,-448,-2
22855,-469,-3
22856,-455,-2
22857,-464,-1
22858,-465,0
22859,-476,-2
22860,-463,1
22861,-460,-1
22862,-440,0
22863,-454,1
22864,-442,1
22865,-423,0
22866,-426,-2
22867,-431,-2
22868,-441,-2
22869,-440,0
22870,-453,0
22871,-480,-2
22872,-482,-2
22873,-479,0
22874,-472,1
22875,-470,-2
22876,-464,-2
22877,-441,0
22878,-430,1
22879,-446,1
22880,-423,0
22881,-421,-2
22882,-434,-2
22883,-452,1
22884,-466,1
22885,-469,-1
22886,-473,0
22887,-495,-2
22888,-489,-1
22889,-470,0
22890,-452,0
22891,-435,0
22892,-419,0
22893,-417,-1
22894,-415,0
22895,-425,-2
22896,-432,-1
22897,-445,1
22898,-473,-2
22899,-476,0
22900,-484,0
22901,-471,0
22902,-488,-2
22903,-488,-1
22904,-470,-2
22905,-438,-1
22906,-427,1
22907,-423,1
22908,-423,-1
22909,-414,1
22910,-432,0
22911,-462,0
22912,-472,-2
22913,-475,-2
22914,-488,-1
22915,-478,-1
22916,-479,0
22917,-468,-1
22918,-456,1
22919,-461,0
22920,-444,1
22921,-422,1
22922,-431,-1
22923,-441,-1
22924,-437,1
22925,-434,-1
22926,-452,0
22927,-479,0
22928,-485,-2
22929,-469,1
22930,-464,0
22931,-472,0
22932,-462,-1
22933,-443,1
22934,-449,0
22935,-452,0
22936,-444,-1
22937,-439,1
22938,-443,-2
22939,-432,-1
22940,-443,0
22941,-454,-2
22942,-461,1
22943,-479,0
22944,-479,0
22945,-466,0
22946,-469,-2
22947,-462,1
22948,-461,0
22949,-432,0
22950,-436,2
22951,-459,-1
22952,-440,0
22953,-432,-1
22954,-442,1
22955,-444,-2
22956,-454,-3
22957,-450,0
22958,-461,0
22959,-493,-1
22960,-478,1
22961,-473,1
22962,-476,0
22963,-466,0
22964,-447,-2
22965,-433,-1
22966,-438,0
22967,-436,1
22968,-434,-1
22969,-429,0
22970,-448,1
22971,-464,-1
22972,-458,-2
22973,-458,0
22974,-480,0
22975,-494,-2
22976,-487,1
22977,-470,-1
22978,-451,-2
22979,-452,1
22980,-430,-2
22981,-417,0
22982,-425,0
22983,-436,1
22984,-436,-1
22985,-451,-1
22986,-461,1
22987,-476,1
22988,-479,-2
22989,-485,0
22990,-479,-1
22991,-490,1
22992,-476,-1
22993,-443,1
22994,-434,0
22995,-429,-1
22996,-424,0
22997,-411,-2
22998,-426,0
22999,-458,2
23000,-474,0
23001,-475,1
23002,-481,-1
23003,-484,2
23004,-481,1
23005,-466,-1
23006,-466,-1
23007,-453,0
23008,-438,0
23009,-414,1
23010,-429,0
23011,-416,-1
23012,-429,1
23013,-430,1
23014,-454,-1
23015,-480,-2
23016,-484,0
23017,-484,-1
23018,-490,0
23019,-467,1
23020,-460,1
23021,-443,-1
23022,-430,-3
23023,-441,1
23024,-433,-2
23025,-429,1
23026,-438,0
23027,-438,0
23028,-456,-1
23029,-460,0
23030,-465,1
23031,-490,-2
23032,-477,1
23033,-467,1
23034,-455,-3
23035,-449,1
23036,-443,-2
23037,-425,1
23038,-423,-1
23039,-446,-2
23040,-443,0
23041,-446,-1
23042,-451,-1
23043,-461,0
23044,-469,-3
23045,-455,-1
23046,-462,-1
23047,-470,0
23048,-468,-2
23049,-462,-1
23050,-453,-1
23051,-448,-2
23052,-443,1
23053,-436,0
23054,-438,-1
23055,-452,-3
23056,-450,-1
23057,-456,1
23058,-452,1
23059,-449,-2
23060,-461,1
23061,-458,-1
23062,-458,0
23063,-468,0
23064,-470,1
23065,-462,0
23066,-454,-1
23067,-453,-2
23068,-439,1
23069,-446,0
23070,-443,0
23071,-446,1
23072,-447,-1
23073,-451,-1
23074,-452,1
23075,-462,-2
23076,-465,0
23077,-457,-1
23078,-465,-1
23079,-475,0
23080,-479,-3
23081,-461,-2
23082,-455,-1
23083,-443,0
23084,-443,1
23085,-424,-2
23086,-423,-2
23087,-443,-2
23088,-455,-2
23089,-456,-1
23090,-469,2
23091,-467,0
23092,-468,0
23093,-464,-1
23094,-470,-2
23095,-467,0
23096,-466,-2
23097,-444,-2
23098,-436,-2
23099,-434,1
23100,-425,-2
23101,-423,1
23102,-437,-2
23103,-459,0
23104,-474,-2
23105,-476,1
23106,-470,1
23107,-476,0
23108,-479,-1
23109,-457,-1
23110,-450,-1
23111,-447,0
23112,-435,-1
23113,-437,-2
23114,-434,-2
23115,-438,-1
23116,-439,1
23117,-436,1
23118,-454,1
23119,-480,1
23120,-473,0
23121,-481,1
23122,-477,0
23123,-471,0
23124,-464,-1
23125,-432,0
23126,-429,-1
23127,-433,-1
23128,-442,0
23129,-432,-1
23130,-441,0
23131,-442,0
23132,-450,-2
23133,-452,-1
23134,-466,0
23135,-470,0
23136,-471,1
23137,-482,-1
23138,-467,-2
23139,-450,-2
23140,-453,-1
23141,-426,-2
23142,-434,-2
23143,-446,-2
23144,-447,1
23145,-449,0
23146,-449,1
23147,-459,-1
23148,-467,1
23149,-449,-1
23150,-452,-1
23151,-467,-1
23152,-469,-2
23153,-466,1
23154,-449,-1
23155,-451,0
23156,-453,1
23157,-437,0
23158,-437,-2
23159,-449,-1
23160,-447,-1
23161,-447,-2
23162,-447,-2
23163,-458,2
23164,-462,1
23165,-458,-2
23166,-462,1
23167,-464,0
23168,-470,-2
23169,-476,-1
23170,-468,-2
23171,-453,1
23172,-449,1
23173,-430,-1
23174,-438,-2
23175,-428,0
23176,-435,0
23177,-449,0
23178,-448,-2
23179,-455,1
23180,-483,-1
23181,-470,0
23182,-475,-1
23183,-476,1
23184,-464,0
23185,-456,-1
23186,-453,2
23187,-427,0
23188,-435,-1
23189,-419,-1
23190,-419,1
23191,-443,1
23192,-463,-2
23193,-470,1
23194,-479,-2
23195,-483,-2
23196,-487,0
23197,-477,-1
23198,-473,-2
23199,-458,0
23200,-441,-1
23201,-432,0
23202,-417,-2
23203,-423,0
23204,-423,-1
23205,-419,1
23206,-450,0
23207,-458,-3
23208,-488,1
23209,-497,0
23210,-483,0
23211,-483,-1
23212,-481,0
23213,-446,1
23214,-438,1
23215,-432,-1
23216,-424,1
23217,-442,0
23218,-427,-3
23219,-435,0
23220,-449,-1
23221,-449,1
23222,-480,-2
23223,-486,-2
23224,-494,1
23225,-481,-1
23226,-478,1
23227,-460,-2
23228,-455,-1
23229,-422,1
23230,-429,0
23231,-422,-2
23232,-437,-2
23233,-446,-1
23234,-445,-2
23235,-459,-2
23236,-477,1
23237,-477,-1
23238,-482,0
23239,-485,-2
23240,-475,-2
23241,-472,-2
23242,-451,-2
23243,-436,1
23244,-438,-2
23245,-421,-2
23246,-419,-1
23247,-439,1
23248,-447,-3
23249,-464,-2
23250,-468,1
23251,-467,-2
23252,-487,1
23253,-467,0
23254,-467,1
23255,-452,-2
23256,-460,-2
23257,-450,1
23258,-446,-1
23259,-437,0
23260,-443,0
23261,-434,-2
23262,-443,-1
23263,-445,-2
23264,-457,-1
23265,-466,-2
23266,-464,0
23267,-463,1
23268,-474,-1
23269,-450,-1
23270,-460,1
23271,-458,0
23272,-464,-2
23273,-457,-1
23274,-438,-2
23275,-452,-1
23276,-449,0
23277,-433,-1
23278,-445,-1
23279,-452,1
23280,-467,-2
23281,-470,-2
23282,-466,-2
23283,-461,-1
23284,-469,-2
23285,-458,1
23286,-456,0
23287,-465,-2
23288,-461,-1
23289,-453,-2
23290,-444,-2
23291,-446,1
23292,-438,-2
23293,-430,1
23294,-438,0
23295,-454,1
23296,-463,0
23297,-470,-1
23298,-466,-2
23299,-464,-1
23300,-472,0
23301,-448,-1
23302,-451,-2
23303,-446,-2
23304,-457,-1
23305,-450,-1
23306,-433,-1
23307,-442,1
23308,-450,-1
23309,-447,-1
23310,-473,-2
23311,-482,0
23312,-476,0
23313,-488,1
23314,-463,0
23315,-466,1
23316,-449,1
23317,-426,1
23318,-432,-2
23319,-435,-1
23320,-434,1
23321,-435,-1
23322,-446,-2
23323,-460,-1
23324,-461,-1
23325,-458,0
23326,-468,1
23327,-472,-1
23328,-474,-2
23329,-469,1
23330,-452,-2
23331,-446,-2
23332,-444,-1
23333,-430,0
23334,-436,-2
23335,-444,-2
23336,-455,1
23337,-464,-1
23338,-456,1
23339,-464,0
23340,-464,-1
23341,-464,-1
23342,-458,-2
23343,-459,-2
23344,-459,-2
23345,-456,-1
23346,-452,0
23347,-440,1
23348,-449,1
23349,-440,-2
23350,-446,-2
23351,-462,1
23352,-458,0
23353,-461,0
23354,-470,-2
23355,-445,-2
23356,-454,0
23357,-441,-2
23358,-455,0
23359,-464,-3
23360,-464,-1
23361,-461,-2
23362,-462,1
23363,-455,0
23364,-452,-1
23365,-449,1
23366,-457,1
23367,-447,1
23368,-453,1
23369,-452,-1
23370,-446,1
23371,-452,-3
23372,-449,-2
23373,-446,1
23374,-471,0
23375,-470,1
23376,-473,1
23377,-463,-1
23378,-469,-1
23379,-457,0
23380,-452,-1
23381,-418,-1
23382,-430,1
23383,-434,-1
23384,-449,-1
23385,-461,-2
23386,-461,-2
23387,-468,-3
23388,-475,-2
23389,-482,1
23390,-474,0
23391,-483,0
23392,-476,0
23393,-446,-1
23394,-438,1
23395,-430,1
23396,-426,-1
23397,-415,-1
23398,-442,0
23399,-449,-1
23400,-467,1
23401,-480,0
23402,-482,-1
23403,-487,-1
23404,-480,0
23405,-465,1
23406,-466,-1
23407,-452,-1
23408,-448,0
23409,-432,-2
23410,-429,-1
23411,-428,-1
23412,-432,0
23413,-430,-2
23414,-462,-1
23415,-484,-2
23416,-492,-2
23417,-496,0
23418,-495,-1
23419,-480,1
23420,-460,-2
23421,-435,-1
23422,-429,-1
23423,-432,0
23424,-433,0
23425,-435,1
23426,-429,-1
23427,-441,-1
23428,-464,-1
23429,-464,0
23430,-480,1
23431,-482,-2
23432,-485,0
23433,-479,-1
23434,-464,-1
23435,-451,1
23436,-432,2
23437,-424,-2
23438,-423,1
23439,-429,1
23440,-443,0
23441,-451,-2
23442,-462,-1
23443,-479,1
23444,-471,-2
23445,-461,-1
23446,-476,1
23447,-474,-1
23448,-477,0
23449,-465,4
23450,-439,-2
23451,-432,-1
23452,-432,-1
23453,-417,-1
23454,-433,-1
23455,-439,-1
23456,-451,1
23457,-467,-1
23458,-464,-2
23459,-473,1
23460,-466,-2
23461,-452,0
23462,-457,0
23463,-461,1
23464,-461,-1
23465,-446,-1
23466,-440,0
23467,-439,-2
23468,-441,0
23469,-434,-2
23470,-438,0
23471,-449,-1
23472,-465,-1
23473,-473,-3
23474,-473,-1
23475,-476,-1
23476,-470,1
23477,-450,0
23478,-466,-2
23479,-464,0
23480,-458,-1
23481,-442,-3
23482,-440,-3
23483,-439,2
23484,-443,-2
23485,-429,1
23486,-440,-2
23487,-469,0
23488,-476,1
23489,-467,-1
23490,-474,-1
23491,-481,0
23492,-484,-2
23493,-460,-1
23494,-452,-2
23495,-449,-1
23496,-456,-1
23497,-435,1
23498,-426,-2
23499,-428,1
23500,-433,-2
23501,-447,-2
23502,-458,1
23503,-473,0
23504,-489,-2
23505,-475,1
23506,-476,0
23507,-487,-1
23508,-460,-2
23509,-443,0
23510,-436,-1
23511,-429,-1
23512,-429,0
23513,-432,1
23514,-437,-2
23515,-448,-1
23516,-465,-1
23517,-456,-1
23518,-482,-1
23519,-484,0
23520,-499,-2
23521,-479,-1
23522,-470,1
23523,-452,0
23524,-444,-2
23525,-420,-1
23526,-416,-1
23527,-432,0
23528,-443,1
23529,-449,0
23530,-464,-1
23531,-470,0
23532,-474,-1
23533,-475,-2
23534,-485,0
23535,-466,1
23536,-476,-2
23537,-449,-4
23538,-440,1
23539,-439,-1
23540,-432,-2
23541,-428,-1
23542,-438,-1
23543,-441,1
23544,-466,2
23545,-464,1
23546,-472,0
23547,-476,-2
23548,-471,-2
23549,-461,0
23550,-464,0
23551,-461,0
23552,-459,1
23553,-445,-2
23554,-438,1
23555,-442,-1
23556,-454,0
23557,-445,0
23558,-452,1
23559,-458,-2
23560,-482,0
23561,-479,-1
23562,-464,0
23563,-458,-2
23564,-464,1
23565,-443,0
23566,-452,0
23567,-455,1
23568,-461,-1
23569,-458,-3
23570,-449,-2
23571,-451,-1
23572,-454,-1
23573,-452,-1
23574,-452,-1
23575,-452,-2
23576,-468,-1
23577,-457,-2
23578,-457,-2
23579,-459,-2
23580,-462,-1
23581,-460,-1
23582,-463,1
23583,-459,1
23584,-476,-1
23585,-459,1
23586,-447,-2
23587,-449,-2
23588,-453,-1
23589,-447,-1
23590,-446,-2
23591,-458,-1
23592,-473,-2
23593,-473,1
23594,-468,0
23595,-481,-2
23596,-464,-1
23597,-464,-2
23598,-457,1
23599,-455,-2
23600,-458,-2
23601,-445,-1
23602,-435,-1
23603,-439,-2
23604,-444,0
23605,-441,-2
23606,-455,-2
23607,-467,1
23608,-488,-1
23609,-482,-2
23610,-473,0
23611,-482,-2
23612,-474,0
23613,-449,2
23614,-444,-1
23615,-438,-2
23616,-448,-2
23617,-441,0
23618,-441,-2
23619,-445,1
23620,-458,-1
23621,-461,-1
23622,-470,1
23623,-482,0
23624,-488,-2
23625,-488,-2
23626,-467,1
23627,-446,-1
23628,-446,-1
23629,-439,1
23630,-429,-1
23631,-430,-2
23632,-447,-1
23633,-454,-1
23634,-458,0
23635,-474,-2
23636,-479,-2
23637,-465,-1
23638,-473,-1
23639,-473,-1
23640,-483,1
23641,-464,1
23642,-442,1
23643,-439,0
23644,-431,1
23645,-423,-2
23646,-441,1
23647,-438,0
23648,-458,2
23649,-467,-2
23650,-472,-1
23651,-468,-1
23652,-478,-2
23653,-459,0
23654,-459,0
23655,-463,-1
23656,-464,-1
23657,-443,0
23658,-442,0
23659,-441,-1
23660,-443,0
23661,-432,-2
23662,-446,1
23663,-449,-1
23664,-470,1
23665,-466,-1
23666,-470,-2
23667,-458,-2
23668,-471,-1
23669,-459,-1
23670,-451,0
23671,-454,-2
23672,-469,0
23673,-453,-1
23674,-443,1
23675,-449,0
23676,-435,-1
23677,-435,-2
23678,-444,-2
23679,-454,-2
23680,-471,-1
23681,-467,-1
23682,-467,0
23683,-477,0
23684,-474,-1
23685,-461,-1
23686,-446,1
23687,-456,-2
23688,-449,-1
23689,-446,0
23690,-438,0
23691,-426,-1
23692,-439,0
23693,-432,0
23694,-445,1
23695,-463,-2
23696,-473,-2
23697,-494,1
23698,-487,1
23699,-488,0
23700,-470,-1
23701,-453,-2
23702,-449,-1
23703,-437,-1
23704,-436,-1
23705,-431,0
23706,-429,2
23707,-440,-2
23708,-445,-2
23709,-452,1
23710,-473,-2
23711,-492,-1
23712,-500,3
23713,-501,0
23714,-479,0
23715,-463,0
23716,-458,2
23717,-431,1
23718,-409,0
23719,-424,0
23720,-423,0
23721,-441,-1
23722,-441,1
23723,-459,0
23724,-485,0
23725,-487,1
23726,-474,1
23727,-500,-1
23728,-494,-1
23729,-476,0
23730,-459,-2
23731,-446,1
23732,-416,-1
23733,-408,-2
23734,-402,0
23735,-429,1
23736,-449,-2
23737,-462,1
23738,-479,-1
23739,-485,0
23740,-492,-2
23741,-474,0
23742,-473,-1
23743,-473,0
23744,-464,-2
23745,-453,-1
23746,-429,-2
23747,-420,0
23748,-430,-2
23749,-432,-2
23750,-437,1
23751,-457,1
23752,-474,-2
23753,-480,-1
23754,-485,1
23755,-483,-2
23756,-482,0
23757,-464,0
23758,-452,0
23759,-451,-2
23760,-455,-2
23761,-438,-2
23762,-433,-1
23763,-433,-3
23764,-445,-3
23765,-456,-2
23766,-450,-1
23767,-477,-1
23768,-481,0
23769,-477,1
23770,-470,-1
23771,-464,-1
23772,-466,-1
23773,-453,-1
23774,-431,-1
23775,-436,-1
23776,-447,1
23777,-438,-2
23778,-446,1
23779,-445,1
23780,-447,1
23781,-455,-2
23782,-463,0
23783,-479,0
23784,-480,-1
23785,-481,-2
23786,-473,-2
23787,-473,1
23788,-468,1
23789,-444,-2
23790,-435,-2
23791,-442,-1
23792,-453,-1
23793,-452,-1
23794,-444,0
23795,-449,1
23796,-458,1
23797,-462,1
23798,-460,-2
23799,-470,-2
23800,-479,-2
23801,-482,0
23802,-462,-1
23803,-457,-2
23804,-447,0
23805,-446,-1
23806,-429,0
23807,-435,-1
23808,-446,-1
23809,-438,-1
23810,-449,1
23811,-476,-2
23812,-473,0
23813,-464,-2
23814,-467,2
23815,-479,-1
23816,-482,1
23817,-473,0
23818,-463,1
23819,-447,2
23820,-437,0
23821,-432,1
23822,-419,-1
23823,-436,0
23824,-442,1
23825,-445,-2
23826,-471,0
23827,-479,0
23828,-482,0
23829,-475,1
23830,-463,-3
23831,-471,0
23832,-471,-1
23833,-449,1
23834,-426,1
23835,-432,0
23836,-435,1
23837,-431,-1
23838,-436,-1
23839,-456,-2
23840,-475,-1
23841,-482,0
23842,-485,1
23843,-485,-2
23844,-488,-1
23845,-465,-1
23846,-451,-2
23847,-446,-1
23848,-445,-2
23849,-441,-1
23850,-437,-1
23851,-435,1
23852,-446,-1
23853,-451,-2
23854,-446,-2
23855,-473,0
23856,-486,0
23857,-479,1
23858,-474,1
23859,-464,-2
23860,-450,-1
23861,-446,0
23862,-421,1
23863,-443,-1
23864,-445,1
23865,-455,-1
23866,-452,-1
23867,-467,-1
23868,-461,1
23869,-465,-2
23870,-462,1
23871,-477,0
23872,-470,-2
23873,-467,-1
23874,-445,0
23875,-460,-2
23876,-455,-2
23877,-446,-1
23878,-439,-1
23879,-449,0
23880,-454,-1
23881,-465,-2
23882,-458,-2
23883,-457,0
23884,-453,0
23885,-454,1
23886,-440,1
23887,-454,-2
23888,-458,0
23889,-461,1
23890,-463,1
23891,-452,1
23892,-467,-1
23893,-452,0
23894,-449,-2
23895,-461,-1
23896,-464,-2
23897,-455,-1
23898,-449,-2
23899,-447,-1
23900,-440,1
23901,-455,0
23902,-452,-3
23903,-470,0
23904,-473,-2
23905,-486,-1
23906,-479,-1
23907,-461,-1
23908,-473,-2
23909,-459,-2
23910,-438,-2
23911,-452,-1
23912,-441,-1
23913,-443,1
23914,-443,0
23915,-449,-1
23916,-466,-1
23917,-464,-1
23918,-465,0
23919,-479,-1
23920,-491,1
23921,-476,-1
23922,-468,0
23923,-458,1
23924,-458,0
23925,-439,-2
23926,-429,1
23927,-437,-1
23928,-441,0
23929,-455,0
23930,-461,1
23931,-470,-1
23932,-477,0
23933,-481,-1
23934,-472,1
23935,-479,-1
23936,-482,-1
23937,-456,0
23938,-438,0
23939,-444,0
23940,-441,-2
23941,-426,-2
23942,-429,-1
23943,-446,0
23944,-459,-2
23945,-481,-1
23946,-471,-2
23947,-471,-1
23948,-484,-2
23949,-473,-1
23950,-461,1
23951,-461,1
23952,-456,0
23953,-456,-1
23954,-436,-2
23955,-438,-1
23956,-446,0
23957,-443,0
23958,-447,-1
23959,-477,-1
23960,-480,0
23961,-479,-2
23962,-473,-1
23963,-476,0
23964,-464,1
23965,-469,-1
23966,-446,-1
23967,-448,-1
23968,-459,-1
23969,-449,1
23970,-444,-1
23971,-441,0
23972,-449,-1
23973,-467,1
23974,-461,0
23975,-468,1
23976,-466,1
23977,-468,1
23978,-470,1
23979,-470,1
23980,-457,0
23981,-461,0
23982,-457,-1
23983,-451,1
23984,-456,0
23985,-452,-2
23986,-447,-2
23987,-457,0
23988,-458,-1
23989,-463,-1
23990,-450,-1
23991,-466,-2
23992,-473,-1
23993,-477,-1
23994,-476,-2
23995,-458,-2
23996,-455,-3
23997,-461,-1
23998,-443,-1
23999,-443,-2
