Time(ms),TactileRaw(16bit),GroundRef(16bit)
0.0,-3532.552440367915,-5.639140147707983
5.0,-3517.21502818854,7.509192520449676
10.0,-3516.78445748701,2.745021520276802
15.0,-3539.2901086158913,-1.4116548119513803
20.0,-3526.9766557313487,0.011443751293252813
25.0,-3522.677323149669,-12.49737516178879
30.0,-3520.950892781862,16.295676484536465
35.0,-3528.21244230004,6.826533173771067
40.0,-3546.2143728214833,-8.083075944114752
45.0,-3525.527530763609,0.33948082700446425
50.0,-3523.5664648339443,5.058906798659644
55.0,-3537.027895078922,-1.7490074150446993
60.0,-3523.38868351899,12.640511457774648
65.0,-3532.8376486572356,-16.357766213723135
70.0,-3533.631389280186,9.42195459140837
75.0,-3511.793403401088,10.239337911593013
80.0,-3535.706664177193,0.20797446238978512
85.0,-3516.50917721153,0.5329518804175788
90.0,-3531.927638676121,-2.485028915066948
95.0,-3517.1397929958116,-1.2444315681406404
100.0,-3530.493862400245,12.282288478632381
105.0,-3538.4564270096707,14.766979620346067
110.0,-3532.6331253996946,8.721886101817535
115.0,-3525.1315106326456,-3.474245020932293
120.0,-3516.716521573577,14.592832526945005
125.0,-3516.8512308138697,-4.474478192737254
130.0,-3539.5799153380194,19.25564329985594
135.0,-3541.2336524787756,3.5594773466094596
140.0,-3528.892197583026,-3.5017783938923577
145.0,-3538.2175426091726,-11.987631068644426
150.0,-3521.011985220571,11.186068918112895
155.0,-3530.965505692694,13.001034333232052
160.0,-3538.9551489002483,10.990551161839289
165.0,-3544.5659791057874,8.381425022961663
170.0,-3556.508370499235,6.805880379923364
175.0,-3546.514355942133,1.4684912894185782
180.0,-3529.4115953366063,7.4858757796490165
185.0,-3533.5416193999417,-7.6081726944739305
190.0,-3535.596197485875,3.096379915460167
195.0,-3534.5441378015844,-6.2087761784027435
200.0,-3523.3344998865005,-11.3943635031364
205.0,-3528.249220523061,-16.547738841206677
210.0,-3533.2798309476393,-3.96601709771441
215.0,-3534.654090249876,-8.625324604733429
220.0,-3548.107462308529,-9.698421042528961
225.0,-3529.5536691927396,12.360333959721867
230.0,-3521.2141790083715,-0.9787341814861599
235.0,-3535.3496920034927,16.489321177361102
240.0,-3521.6797554041123,2.596119245321867
245.0,-3527.2877022753714,-0.48571868740592894
250.0,-3523.2112336651994,5.222483175390058
255.0,-3531.9404354320554,-1.8102387788951075
260.0,-3512.269022557857,13.610177054996392
265.0,-3509.4294729394496,3.6671188774718106
270.0,-3523.411186514944,2.785543660597488
275.0,-3528.4373245471565,14.585084723221073
280.0,-3540.448046975031,6.815421243237759
285.0,-3531.2280522263513,1.7857571745880105
290.0,-3528.6161085085814,3.694685519300841
295.0,-3524.530743209421,0.21657642574670244
300.0,-3527.9043060478293,2.6192717501203377
305.0,-3536.22693318006,6.102647621309717
310.0,-3534.516347596506,-0.7635127479794039
315.0,-3538.242283004178,1.883559082821806
320.0,-3531.2116432314133,19.12656459390223
325.0,-3534.4301249307955,-1.696996721069946
330.0,-3545.1189258651043,-10.567232198392759
335.0,-3524.4336362366466,0.04582252942663656
340.0,-3531.7673372265003,-11.206888236625524
345.0,-3524.9718640315327,8.676230928290119
350.0,-3532.148181634107,9.60462842272644
355.0,-3547.214702939538,4.5547976667237
360.0,-3533.2661196299605,-5.949242660560593
365.0,-3532.0669290812825,-4.468360558859835
370.0,-3523.7179959135174,8.924855308166233
375.0,-3540.8254978594605,2.564919271786307
380.0,-3520.0904294114953,9.539938195510137
385.0,-3524.535718728485,10.641324486135353
390.0,-3539.6977711428303,1.997060871845239
395.0,-3530.093200618474,-10.532529942956423
400.0,-3519.6857962268373,-9.64010167771323
405.0,-3526.0242947769407,-1.6693199028303278
410.0,-3536.346030851358,10.114758474752245
415.0,-3532.987930882423,5.787599636648833
420.0,-3531.4854088726806,4.98704379657169
425.0,-3532.4390896218047,-2.1973630727831517
430.0,-3513.7393481308545,-4.517256981994279
435.0,-3532.9837725184925,8.082630998079985
440.0,-3525.997651171767,4.187170788956393
445.0,-3544.6292444909877,3.8603828530431405
450.0,-3537.09458971791,10.049722468608607
455.0,-3533.08191352105,10.037444544703796
460.0,-3529.0154253501964,4.813345902604389
465.0,-3538.291447243161,3.0688931058323945
470.0,-3525.397510325603,1.3683439497036232
475.0,-3515.0546509514156,-1.4202604995484114
480.0,-3524.873618261536,5.140073311928036
485.0,-3530.720899925935,-6.1791609045494695
490.0,-3514.3657691804187,4.0021477774539544
495.0,-3520.052248502551,8.985679515533333
500.0,-3522.554067927529,1.9201915668059084
505.0,-3542.4580074884034,-12.18791594549977
510.0,-3550.616745936298,-0.17068544469834568
515.0,-3527.889630914957,5.666961906718958
520.0,-3519.0894769481965,2.752042008495841
525.0,-3522.9129308032084,-11.187922119496225
530.0,-3545.5144421426658,5.773131091187295
535.0,-3542.051529095144,6.040102032003384
540.0,-3537.1508070739887,1.6828533715895149
545.0,-3530.495002871212,-1.056192966231192
550.0,-3537.775119305193,10.059729169105013
555.0,-3541.901910996776,7.341842846773311
560.0,-3522.8459237005677,-7.734813028626069
565.0,-3538.822262846651,5.625333100023824
570.0,-3527.8352343623887,-5.413765091886569
575.0,-3530.2282630228265,2.539517600203473
580.0,-3542.685342465655,2.9852316719758005
585.0,-3538.2617422976273,10.67834790311318
590.0,-3549.2115051600476,-5.367891601891228
595.0,-3523.834270447814,-7.493385288121412
600.0,-3532.2617627111026,13.137992695582723
605.0,-3534.685517696259,12.412595717443835
610.0,-3538.465212608842,6.021539405663177
615.0,-3536.809979622009,-5.646711386797322
620.0,-3532.637353856155,5.967052465558417
625.0,-3539.7067286314777,8.881150577294719
630.0,-3528.8894617925944,0.2725207342596204
635.0,-3547.502012300852,1.092533119782364
640.0,-3520.492319824357,11.376199168044543
645.0,-3550.639668687817,12.092159217289376
650.0,-3530.957364337189,3.8751232115045693
655.0,-3525.4207305935097,12.67714282957532
660.0,-3533.9000285089337,6.014718041215249
665.0,-3525.910834263625,-5.4687522254195216
670.0,-3529.6247062638395,-9.34562262609292
675.0,-3535.3610193682875,7.860355303953588
680.0,-3526.061120830249,-4.279552309019056
685.0,-3518.9818694416977,2.9234557502874807
690.0,-3519.0633229186924,-1.879642156870844
695.0,-3535.042543031375,-9.152246134889447
700.0,-3537.0069301445697,4.231963975755253
705.0,-3532.9063010552454,2.1166448060972867
710.0,-3536.9133531550538,8.037845031445165
715.0,-3541.863540912311,4.859971386810669
720.0,-3532.2555567363534,5.211567474659127
725.0,-3533.883856852031,11.004058379766825
730.0,-3538.492184923829,5.464922212722801
735.0,-3526.4369356303555,-3.520684946606523
740.0,-3526.2410615463773,-1.5608352856399037
745.0,-3537.2109884858783,2.3373073915567613
750.0,-3539.0481478115184,7.863279516358849
755.0,-3522.458206461392,6.128601358470999
760.0,-3539.8200497075886,2.458037591382564
765.0,-3527.6085552710147,-4.431634752581283
770.0,-3550.153699252805,-0.7730077796922653
775.0,-3539.3951677572113,-2.710844919943144
780.0,-3527.445789215794,-5.089200367188401
785.0,-3546.6017743167886,-9.620864330437767
790.0,-3541.5659470283604,2.9843681956219785
795.0,-3536.487627569483,-2.202390132393929
800.0,-3535.790747744828,5.986694573380315
805.0,-3541.1752324295194,5.573449526254724
810.0,-3529.7452052632475,8.943627024853527
815.0,-3536.59394725077,-1.3274871767832839
820.0,-3538.779839320115,-2.2720215313530625
825.0,-3540.1433431045994,5.033169198829384
830.0,-3544.3610612267016,0.04222791123566405
835.0,-3531.1553514464763,18.843478907888045
840.0,-3542.899461367012,8.445144863157923
845.0,-3539.4739818200414,14.564867803156321
850.0,-3537.7179366884097,15.946747305381493
855.0,-3539.738779197223,-16.03700461857899
860.0,-3541.3231692106406,-4.131206952018558
865.0,-3523.8537645688484,-0.8989388518711465
870.0,-3543.6949831225083,8.21917851471128
875.0,-3527.364814194841,-4.0063626350688955
880.0,-3516.9410580955087,-1.6402572933531578
885.0,-3531.2038288299273,5.27286072007782
890.0,-3529.3923636396753,0.1127578317975031
895.0,-3535.1957786867597,-2.6400200210770706
900.0,-3527.028076415653,0.8433429192104953
905.0,-3531.2655729376265,-1.8301385577050966
910.0,-3525.8161190551455,8.289010073781023
915.0,-3540.9964559874684,1.0772075917015669
920.0,-3534.8128889894883,14.011749053275132
925.0,-3528.145775315752,0.5062726991827465
930.0,-3539.608475912516,-1.0795244329277704
935.0,-3533.0797276130893,-10.165349485956169
940.0,-3529.782238879082,10.980326265906356
945.0,-3520.064904440998,-5.738829971486715
950.0,-3528.2855727469664,4.234373736788872
955.0,-3530.3058378820724,-7.684999834173208
960.0,-3531.4203100941004,-0.9508625663023358
965.0,-3518.1455554900817,5.255470933599638
970.0,-3535.3867066275034,2.7251190322137706
975.0,-3537.42643450837,-6.9865844213269375
980.0,-3539.906967029803,7.22392986743373
985.0,-3541.807590946386,9.25917391353778
990.0,-3527.5346266817364,-1.764788005634539
995.0,-3528.6220625069404,25.04404517504682
1000.0,-3527.2041332012705,8.613484818381078
1005.0,-3529.24620641082,18.770489296611924
1010.0,-3541.2153351321413,-9.789630764657117
1015.0,-3541.130024041747,-0.8958843989182151
1020.0,-3542.030077867375,7.960811351173744
1025.0,-3527.4194202492163,-1.9406995659568431
1030.0,-3527.073499432812,15.844898224965425
1035.0,-3535.8170526073004,6.264958090186678
1040.0,-3538.2437647593556,9.0087756968862
1045.0,-3538.7813640710797,4.743808780726748
1050.0,-3531.3780776166373,3.733459311589142
1055.0,-3551.6946800813603,2.3647601961096356
1060.0,-3536.245334151145,1.418995488260007
1065.0,-3529.1169127129892,6.687879521628713
1070.0,-3536.904163345872,6.9858358770592925
1075.0,-3536.7953362870444,3.9478716360890704
1080.0,-3528.499415393242,-8.734729788723305
1085.0,-3539.6801800509174,7.427375018202538
1090.0,-3541.511924935996,0.010709765313916653
1095.0,-3548.6525557220725,0.7370541091171452
1100.0,-3527.9264002029827,3.823111318778479
1105.0,-3540.175125759056,10.541343524547583
1110.0,-3526.3082852234697,-2.2585228311856955
1115.0,-3528.3367754168157,2.64380414459258
1120.0,-3538.8749701041615,-1.7034263744284606
1125.0,-3536.477005904801,4.729509299027413
1130.0,-3524.4788204220636,0.5786363650378289
1135.0,-3522.8183932880524,-5.145916844410495
1140.0,-3536.315108516097,3.813186070945281
1145.0,-3538.1636657795207,-0.09116747681099491
1150.0,-3540.3135675043854,11.457389179432084
1155.0,-3533.409316821695,6.13848587273197
1160.0,-3528.862051621408,11.207253653734515
1165.0,-3520.2736297060696,14.312923272641486
1170.0,-3534.6997131934454,-2.0476235456228475
1175.0,-3524.0708194132994,21.22976722519499
1180.0,-3544.9288285728717,0.42887309172302523
1185.0,-3533.6726177049145,-7.083267170506173
1190.0,-3532.587035293837,-3.695741024873737
1195.0,-3541.9927176669057,15.335675927575164
1200.0,-3538.858725473976,-1.3406373298195766
1205.0,-3533.496655421842,-1.8148870205263286
1210.0,-3526.2876670841333,0.9227813998166372
1215.0,-3531.0305484384244,-3.682947550521009
1220.0,-3535.394684053724,2.86759591827386
1225.0,-3518.382550808333,10.21634137185431
1230.0,-3525.905661648454,-2.5220992776872553
1235.0,-3543.881973114139,4.453131460564778
1240.0,-3547.56961985815,-9.381820429207648
1245.0,-3535.381868528743,4.408785785739902
1250.0,-3525.475559102793,-4.343168835898692
1255.0,-3546.015359701265,3.715373264115314
1260.0,-3523.8110795345106,13.321989930220978
1265.0,-3534.261028122529,-2.181439406610589
1270.0,-3540.014955235596,5.901201356204684
1275.0,-3539.790857924311,-5.127797838695566
1280.0,-3545.4876544378317,-9.424481283329394
1285.0,-3532.063117039706,-11.290233638974307
1290.0,-3531.8973215032784,5.375127258902129
1295.0,-3532.11361598742,8.46813084488688
1300.0,-3530.4420963823363,-2.8149883563618827
1305.0,-3542.4445358307266,1.8214494049885248
1310.0,-3530.35755014489,1.3123073805179921
1315.0,-3554.079070681759,-2.1878737920527787
1320.0,-3544.321750132094,-2.7048106962076948
1325.0,-3534.457529662807,3.707763418939417
1330.0,-3531.385762757665,-1.8721776848038187
1335.0,-3527.5742286100262,-4.285914301106679
1340.0,-3535.6853904163777,1.9018444738682208
1345.0,-3547.552751606762,4.403572908069334
1350.0,-3561.325529364751,10.189716122474847
1355.0,-3543.789205305799,2.8358984764534814
1360.0,-3532.130152555221,-4.319142934476153
1365.0,-3543.6690237679686,4.099744754453198
1370.0,-3530.645524183528,-6.286479883589226
1375.0,-3539.1736403765,3.431517846484988
1380.0,-3539.0907672924295,-9.521706647561427
1385.0,-3528.768794951285,2.4073296242992717
1390.0,-3536.2342864462016,-11.129277444296235
1395.0,-3535.1845170923257,15.54120671503135
1400.0,-3528.512600800768,10.119871394884358
1405.0,-3534.1453190446227,4.509861767585627
1410.0,-3529.9326740930906,-1.9817490923872767
1415.0,-3537.377298293356,-0.08519288303374795
1420.0,-3529.566466700377,12.561303542661848
1425.0,-3529.3016467885977,-2.3289444643557746
1430.0,-3532.8947671913515,11.454012181274061
1435.0,-3533.9500818014453,-14.01578769860028
1440.0,-3535.9328532392756,6.0607114964422495
1445.0,-3526.8867940371833,17.229115937632805
1450.0,-3529.2849251516095,-0.06020638282584323
1455.0,-3541.5130198381016,5.949294491853131
1460.0,-3537.602773386581,8.927570317763648
1465.0,-3533.654334533514,-4.191938937512663
1470.0,-3532.763543759307,20.18379984339141
1475.0,-3525.69496124433,7.6865851180323
1480.0,-3528.2582118262662,1.6980536607071366
1485.0,-3536.2837347636,-7.722648082993455
1490.0,-3536.3396013839115,8.67646366881607
1495.0,-3536.2441165279047,1.5705429911752637
1500.0,-3528.1794774958494,5.3017406429405
1505.0,-3554.185386282051,5.560238153292985
1510.0,-3524.0120277516817,2.191442497650585
1515.0,-3532.1700854059886,2.1511123263946743
1520.0,-3542.025477839156,8.270607133616979
1525.0,-3534.506400031972,13.683524543728923
1530.0,-3532.1477458428635,3.659275288823976
1535.0,-3534.3003620904037,7.597101777212479
1540.0,-3517.3265224893594,11.785541373246959
1545.0,-3518.6900763754866,6.820137458818421
1550.0,-3531.313228512293,3.5422752488411167
1555.0,-3540.2708145134984,-5.539608982001854
1560.0,-3532.2535615335014,-14.682603014346748
1565.0,-3552.086510027785,1.7731415649768592
1570.0,-3539.2095792954415,5.785316231868482
1575.0,-3537.3068789057033,-3.311092092796236
1580.0,-3529.581688594465,-1.8230843250465356
1585.0,-3537.1280483382407,7.173357029873476
1590.0,-3533.012349703559,-5.7545301313272414
1595.0,-3531.719621549343,1.7054071696698458
1600.0,-3538.1461434149032,3.9695160181710882
1605.0,-3524.749158944781,0.10338748110436821
1610.0,-3548.4491581019947,1.6725001785736922
1615.0,-3532.6147267425267,-1.8722816958118234
1620.0,-3527.344519270199,-11.738157506944109
1625.0,-3551.0754780299353,18.006636941852523
1630.0,-3538.8657627901407,-2.4441149538237408
1635.0,-3545.7634561264435,6.711070942378539
1640.0,-3530.9911405314897,2.283371809157962
1645.0,-3528.7725988197317,4.390710248461851
1650.0,-3529.0873841582843,19.71221385903108
1655.0,-3532.079660635094,-2.851026702059133
1660.0,-3534.461419684932,4.24331794920253
1665.0,-3535.386385286407,1.2506528424478058
1670.0,-3543.676022960012,-5.978328767591066
1675.0,-3534.4158420345548,13.832907710629517
1680.0,-3520.440921551046,-0.2136001805600477
1685.0,-3528.325171396035,-0.0017107689419656458
1690.0,-3538.225951885242,-4.569663583749552
1695.0,-3527.2216540913228,4.135280107182482
1700.0,-3531.865752835979,-22.583606048977693
1705.0,-3531.632683000648,4.19887831098015
1710.0,-3520.714088310482,-10.017483321832252
1715.0,-3521.0227122642914,-4.523138684601681
1720.0,-3528.578712739814,-0.179635610178831
1725.0,-3520.620263849764,4.1858082780880945
1730.0,-3514.3663100368917,2.783648784560531
1735.0,-3526.81407593009,17.492018378651252
1740.0,-3530.4936337286135,-1.5297391564620209
1745.0,-3531.266618260657,-1.3858915510014729
1750.0,-3514.841826903879,-7.707292761711484
1755.0,-3541.2923976996885,12.337701335736943
1760.0,-3515.307390376628,-2.2405397757467034
1765.0,-3539.832818577562,14.767855236637665
1770.0,-3537.41801178006,9.064145028118974
1775.0,-3535.066580106855,0.04833478446076722
1780.0,-3522.942019632395,-0.10582271681846667
1785.0,-3519.5813058870617,19.444387664019068
1790.0,-3516.6258534495323,-4.125221887386419
1795.0,-3509.433979275287,2.9330632995316392
1800.0,-3530.8787914459353,-1.1442656985306758
1805.0,-3535.794202514355,3.185419698019777
1810.0,-3513.500263191319,9.686753831193178
1815.0,-3524.4157927101287,4.581747627945371
1820.0,-3512.991872288612,-6.071775375324712
1825.0,-3522.6863843407464,3.018355850832047
1830.0,-3514.9543166331187,-0.027505978943307308
1835.0,-3523.373264788395,3.3989831791103624
1840.0,-3521.7711213883063,-1.723910282183514
1845.0,-3526.501048319796,5.027326387623998
1850.0,-3525.661606222634,11.594052458970374
1855.0,-3546.29683741834,-9.962585953831443
1860.0,-3531.1667076873737,12.847809005181064
1865.0,-3526.93255494972,-3.331004817609078
1870.0,-3523.9856582328953,6.584082041398665
1875.0,-3533.167031862251,3.8673379785973325
1880.0,-3520.138446923864,14.414810974842975
1885.0,-3524.7418298216794,-4.276710712767059
1890.0,-3524.08281473187,5.288809476040671
1895.0,-3537.429890097425,-5.334990721466237
1900.0,-3534.7689038772833,5.347690159869791
1905.0,-3522.2987492106545,-1.790409531601731
1910.0,-3527.8966958857545,11.680476807342988
1915.0,-3536.510674408795,-0.7942963604171488
1920.0,-3534.7184117777856,-2.593053444043852
1925.0,-3534.1467096377605,15.334342967519973
1930.0,-3539.366000873628,-2.601873996319722
1935.0,-3527.4058885852837,7.379491494471531
1940.0,-3527.1703534812027,16.579017892245695
1945.0,-3534.048816880179,8.57239470680173
1950.0,-3530.856848549032,-0.7334912418363914
1955.0,-3523.454165782683,3.391775448078664
1960.0,-3540.9992069299024,0.8243097636833705
1965.0,-3541.579517887156,5.343275193326176
1970.0,-3517.3457707137372,4.385169232917838
1975.0,-3541.0475760082186,-0.0034935278137706582
1980.0,-3513.645139474846,5.639900706088162
1985.0,-3535.5342134329712,6.304308063994773
1990.0,-3546.3241198396563,5.924930702559583
1995.0,-3520.417582244966,2.008100105850275
2000.0,-3525.2610288270503,3.4622955402800173
2005.0,-3521.459470756874,-3.7719242661837984
2010.0,-3524.5474134561487,2.465343561349071
2015.0,-3523.370855887088,-2.906703313807926
2020.0,-3515.0078683096826,11.186264190535699
2025.0,-3517.850760204031,2.3831032459241017
2030.0,-3527.0162546199294,-8.116826823707946
2035.0,-3528.711106300585,-9.120536727589766
2040.0,-3530.335542831359,15.753576566941394
2045.0,-3519.998852179867,-0.1447815517952893
2050.0,-3535.3921226053117,12.855547291077709
2055.0,-3533.6435246624333,19.74229714425899
2060.0,-3534.043277342973,-3.922658258664076
2065.0,-3532.6142312044267,-3.7640841052171377
2070.0,-3532.2751118007827,-3.0483590258729394
2075.0,-3533.9052146453737,22.01724981673166
2080.0,-3537.203328254033,-7.783849675903003
2085.0,-3533.1099625590864,4.624862123463957
2090.0,-3530.8672821503983,-5.838164271193516
2095.0,-3535.895655977155,13.110382086872768
2100.0,-3544.2202460621356,0.6485891756586305
2105.0,-3527.721133878643,0.8138098606675824
2110.0,-3536.9355510682285,7.260899125252074
2115.0,-3542.234208357373,-3.892801008903261
2120.0,-3541.4528768518853,-13.696217267177774
2125.0,-3538.202738529679,-4.845615281464781
2130.0,-3526.873323914202,3.351248754749341
2135.0,-3551.11959509768,-5.742339040373638
2140.0,-3533.7745256640937,-0.5119476130551969
2145.0,-3535.9245987321624,5.83486808804322
2150.0,-3546.43428367878,5.878178933243953
2155.0,-3541.680280013875,2.2314941003883373
2160.0,-3536.0941134636482,14.73471526950989
2165.0,-3535.364056975415,-6.07006085681787
2170.0,-3525.345786535514,10.985139469400782
2175.0,-3523.791958167172,-9.877453390091603
2180.0,-3530.805448301102,-3.7310963445155347
2185.0,-3529.5155873921262,0.7005170192718682
2190.0,-3538.4713207984087,-7.899674504295765
2195.0,-3516.156502482524,8.41799767193518
2200.0,-3536.40223366125,-9.654567662369972
2205.0,-3542.6408842279434,10.520813896592939
2210.0,-3526.567410610758,-2.916377886201674
2215.0,-3513.4763230528524,9.590528180647501
2220.0,-3531.8194583177337,3.467524418289212
2225.0,-3524.639788797285,12.95112687886315
2230.0,-3536.120796217426,-2.205545839680562
2235.0,-3516.1987421456924,12.787629141357398
2240.0,-3524.5937283905328,-1.2504539288428886
2245.0,-3522.3194916461907,9.474412898684664
2250.0,-3531.119975658353,3.140611282468111
2255.0,-3535.610804034217,6.982994906768996
2260.0,-3523.184691025286,-0.24484405322248615
2265.0,-3538.403513545911,15.565300287461586
2270.0,-3522.6893259128838,-6.297380224064342
2275.0,-3528.9076565925584,2.5816745501048404
2280.0,-3531.8228486224875,9.892794868968851
2285.0,-3535.7289818203476,-1.1872387539349516
2290.0,-3537.5430610043118,6.244913905830706
2295.0,-3524.7118944353633,6.200026845066068
2300.0,-3536.8157436578113,-2.93004933748296
2305.0,-3530.419303111084,10.361107524303845
2310.0,-3537.9009085544863,4.346434208019492
2315.0,-3522.843028329323,2.1647526411679134
2320.0,-3534.9615860683944,-1.3158001006043394
2325.0,-3518.508945917458,1.6848839747814384
2330.0,-3546.303537663113,-4.613033766709895
2335.0,-3521.674530554379,-7.7883554152056576
2340.0,-3526.6728683742854,-2.52922303641812
2345.0,-3528.2970265267404,3.9823461648672698
2350.0,-3533.857203902643,14.167061922522269
2355.0,-3524.823067910137,-3.459340305199743
2360.0,-3538.5003392888107,-10.510217220712086
2365.0,-3533.592982925101,15.388535224574646
2370.0,-3524.6682726991685,16.769287447859142
2375.0,-3523.6307945362487,1.490874232635348
2380.0,-3524.838555664004,4.615120566002464
2385.0,-3518.675333173146,6.570328132761812
2390.0,-3525.027754948484,-10.678013867516418
2395.0,-3522.4333195988806,0.3270268828127929
2400.0,-3532.9004913899016,7.443634597119804
2405.0,-3521.7348311647534,2.5881473969922575
2410.0,-3540.252532102083,9.775471138679377
2415.0,-3532.713948422463,-0.8700174419015837
2420.0,-3529.7331855174266,13.125537662621113
2425.0,-3523.785208742073,-12.15883608050304
2430.0,-3525.7951250066953,10.796454850031227
2435.0,-3532.2057120237623,-2.1955420259336833
2440.0,-3525.4811372985623,-1.702033044939307
2445.0,-3541.0894784378443,15.992300396237017
2450.0,-3531.5293148238748,0.06377595673283543
2455.0,-3527.319474151168,2.4080576089664074
2460.0,-3528.7691271700505,-1.9433879678283978
2465.0,-3541.9192584997313,-3.156703654377284
2470.0,-3534.6321607713007,7.3204101186862385
2475.0,-3535.2411614754756,3.8835509120149605
2480.0,-3515.608245968385,2.8642333007278284
2485.0,-3532.4882561263084,-6.221827966037863
2490.0,-3545.1549591185913,-2.807951081427267
2495.0,-3520.818545282501,13.2081366896948
2500.0,-3532.839834936983,-2.0094623262927636
2505.0,-3523.9806010917405,3.5521317241018484
2510.0,-3509.5324606995796,0.17717370670191168
2515.0,-3534.8100730458973,-4.323742253822044
2520.0,-3530.0093265935457,4.765686769046495
2525.0,-3525.920969126183,8.114538769544867
2530.0,-3529.0848114578425,6.806227788723264
2535.0,-3534.434028830564,4.58467580724174
2540.0,-3523.5765073546154,-7.942758797993529
2545.0,-3519.379336691912,11.251428999937314
2550.0,-3524.597367113058,1.294963820213534
2555.0,-3531.677286222804,6.641347829287178
2560.0,-3533.598377508347,-8.169636108833215
2565.0,-3534.365217982396,2.194030153290523
2570.0,-3529.8394323479847,4.911342638379455
2575.0,-3517.122488012876,1.927980754953
2580.0,-3532.259182845928,2.133892829675561
2585.0,-3543.385592020727,0.8139371569172239
2590.0,-3509.571372288728,-3.3271972677857087
2595.0,-3535.607457969749,11.96381982294054
2600.0,-3526.1141724971185,10.544796754180926
2605.0,-3546.400239776909,-11.145966808637885
2610.0,-3533.0732758705103,5.454515978018249
2615.0,-3540.9853917435007,13.59773000595655
2620.0,-3540.3210839401054,6.170201771013922
2625.0,-3535.9200580291335,-6.414176869672359
2630.0,-3539.072240712196,-0.9991590099565376
2635.0,-3528.675488220209,-8.532616093267341
2640.0,-3538.904793303092,10.330890025813478
2645.0,-3538.57763945197,1.076131533483224
2650.0,-3529.0600749594896,6.03725755442641
2655.0,-3531.4679537078127,7.179844733786953
2660.0,-3525.722688206559,-12.01622974620712
2665.0,-3546.195772616234,13.270186899477292
2670.0,-3540.5022566444845,5.575226809343147
2675.0,-3535.914255984682,1.2174294657739289
2680.0,-3532.8068610732585,1.0283541167161978
2685.0,-3536.2654644913805,-2.7232399275746175
2690.0,-3538.0974599009714,10.235376685705637
2695.0,-3533.5465747580997,2.9197646443226093
2700.0,-3532.736541695081,-2.254701129143468
2705.0,-3524.0302619034405,5.538694868789759
2710.0,-3552.707320824293,9.701642220847672
2715.0,-3536.1853109699646,9.405700855567428
2720.0,-3522.9343570464284,6.134160577443572
2725.0,-3542.9451029665543,-4.270272224785526
2730.0,-3526.2821921766013,2.8984226736190064
2735.0,-3523.7909249406225,6.127486946895541
2740.0,-3528.822198480839,2.5388164684188554
2745.0,-3527.085337406667,23.09951421460404
2750.0,-3527.59037256579,-4.878483755055141
2755.0,-3520.253902693734,1.3410129546034089
2760.0,-3529.8596087675137,0.6587524624066647
2765.0,-3539.187149212319,-2.9886719327248086
2770.0,-3538.4202409186896,1.8125071847328988
2775.0,-3525.250429384833,10.190294344005585
2780.0,-3526.739057469857,1.6707497099113762
2785.0,-3523.151250505256,-4.016767019422046
2790.0,-3531.818774944167,17.045023706654675
2795.0,-3550.2400535610254,0.5002866112539279
2800.0,-3531.254915020385,-0.02702802793429604
2805.0,-3534.691450150191,-7.768235289893879
2810.0,-3524.524785004696,0.2883112198950393
2815.0,-3536.9902111890115,5.25766254868457
2820.0,-3536.5366214829264,8.943105581474637
2825.0,-3537.0852015825294,6.44099839250203
2830.0,-3526.392638661115,-0.7759256845037893
2835.0,-3532.1883315920745,-6.127051412689415
2840.0,-3543.6110923227825,-1.8772916269682938
2845.0,-3525.0190008358536,2.9730579278918006
2850.0,-3529.678318180192,1.9036189103212715
2855.0,-3535.0091491614758,-4.365481925205456
2860.0,-3538.950225926982,10.408970688742997
2865.0,-3538.1905785302683,14.17236982588921
2870.0,-3545.0917963544953,4.791072812551726
2875.0,-3538.4615551761385,20.032302581097422
2880.0,-3527.758045938617,13.272729463422674
2885.0,-3530.3046710738527,3.9862387893113853
2890.0,-3540.5318800391906,2.122579867860023
2895.0,-3534.675509739072,-12.412533592329915
2900.0,-3541.160085530214,9.120686340842765
2905.0,-3532.5423690876473,5.694202738252733
2910.0,-3533.121549414217,20.865963227861993
2915.0,-3544.6996078107427,3.3886022095747235
2920.0,-3521.668655507609,9.057311896156406
2925.0,-3522.651937569993,-1.8452262111543107
2930.0,-3539.647828206107,0.9519647658045995
2935.0,-3535.4228419059536,-0.09309792098633796
2940.0,-3540.723776104365,-8.892499565317268
2945.0,-3542.2489041861613,3.9952039419528775
2950.0,-3531.533908371709,1.933654361435516
2955.0,-3533.5083621759577,4.4663309296423375
2960.0,-3552.180618867072,-1.082367326620219
2965.0,-3527.1282412405226,10.927621332742579
2970.0,-3537.9536302451734,6.3910347285114595
2975.0,-3541.526597401398,-4.9955431571586075
2980.0,-3535.5353857038212,-11.139223210754727
2985.0,-3540.294320685318,-2.6662217705787796
2990.0,-3550.872689073398,-1.173295934625079
2995.0,-3542.208486390285,20.966637457309943
3000.0,-3532.669247968919,3.1189211577028106
3005.0,-3526.5903582607884,6.014899487095233
3010.0,-3543.8332994416983,2.700467200653062
3015.0,-3538.0860749613516,-6.353340958711663
3020.0,-3539.200815098229,-5.4829111049598325
3025.0,-3539.2456858768837,8.706226030600805
3030.0,-3522.8270853158897,5.934557963822323
3035.0,-3539.9877512691464,2.9409673883623046
3040.0,-3527.732622047668,4.588099558583766
3045.0,-3528.695097894331,16.165867142353143
3050.0,-3534.6714458061433,10.54021295174118
3055.0,-3547.1700606837408,-4.206220799393005
3060.0,-3530.705448369131,10.574542991113411
3065.0,-3530.9594232027653,1.8439280637578594
3070.0,-3534.8819015547274,-4.43683906202019
3075.0,-3525.6505100922977,5.151550417282912
3080.0,-3538.608634382097,-12.119727419508775
3085.0,-3533.268113541185,13.137295925059977
3090.0,-3516.553379901313,3.7430662253335134
3095.0,-3524.639041028084,-4.374168749467495
3100.0,-3542.8284028345643,0.9182811275523411
3105.0,-3522.868436056242,-0.9637503542945656
3110.0,-3529.7309128957904,5.272424023911234
3115.0,-3536.121244456964,7.823532135338323
3120.0,-3532.721241655962,2.857309319670122
3125.0,-3533.7241869375703,-1.3898291816854451
3130.0,-3529.4448936873937,6.177315096317286
3135.0,-3513.6408675049097,1.3567382208716094
3140.0,-3535.2600592077697,-3.3464753869499315
3145.0,-3522.884341461347,-9.691927644199174
3150.0,-3530.446370189365,9.813990718419465
3155.0,-3548.9172970505556,8.946687873462183
3160.0,-3525.2650740801123,3.951205498076905
3165.0,-3531.972323468457,4.679603007395248
3170.0,-3527.4808495872526,5.170545857362178
3175.0,-3535.7956006828667,11.809382198994898
3180.0,-3531.45782823345,3.0942084869408335
3185.0,-3542.418370310674,-0.9378597935752256
3190.0,-3551.4762308965114,3.903637762496384
3195.0,-3531.221762254933,6.189112556411851
3200.0,-3537.6597088370395,12.626514899013626
3205.0,-3533.306205297062,2.097826219603787
3210.0,-3543.035231225476,7.196932417277656
3215.0,-3536.0606669808058,3.491265617836361
3220.0,-3536.4399816169466,10.469443539038874
3225.0,-3541.5045543200326,5.6445960047081005
3230.0,-3540.614907476158,2.870619471911468
3235.0,-3541.2340133743505,1.186018510651702
3240.0,-3532.7027524915834,-9.406368131101642
3245.0,-3540.536150265491,16.741871676461642
3250.0,-3552.9888964315,0.7362513606007004
3255.0,-3524.5492411068085,13.330609844032288
3260.0,-3541.25336163171,7.219937047716549
3265.0,-3534.9503518323822,5.234257621463332
3270.0,-3531.323517513142,3.741143127946961
3275.0,-3541.360143570933,7.067864915162888
3280.0,-3538.037635961356,-3.087605287369965
3285.0,-3528.469903090172,3.2484427340725626
3290.0,-3533.586265815524,18.252375722696925
3295.0,-3544.860686904055,0.4449864511640691
3300.0,-3529.861005064922,-0.4333596039423804
3305.0,-3545.4244011374763,8.755886651630622
3310.0,-3525.271412332764,-7.519012787400823
3315.0,-3542.8041091037285,6.54106726418437
3320.0,-3543.5891285831012,22.78291353417769
3325.0,-3542.1022290779224,-12.543511135899664
3330.0,-3546.8910231839814,6.858105835308148
3335.0,-3537.5197220686587,-2.162567699167538
3340.0,-3524.467761335155,4.939718742964776
3345.0,-3544.549455872518,5.263551961146788
3350.0,-3545.803112641426,11.460063690529871
3355.0,-3530.880159444855,4.986874648502255
3360.0,-3559.482500789416,6.328320469338486
3365.0,-3524.824464119069,-2.223137357214979
3370.0,-3544.728553815583,-2.626058664732292
3375.0,-3542.671107748205,6.7132111056527695
3380.0,-3546.727121130367,4.770394841136438
3385.0,-3540.821324149169,8.729059551103235
3390.0,-3529.080712855095,-2.9252927017033907
3395.0,-3538.661335747918,-6.5806060672420275
3400.0,-3542.5478546949043,9.80258626706361
3405.0,-3546.028742798073,9.401216649770992
3410.0,-3534.6572916717337,10.33962799405469
3415.0,-3522.913093322126,3.7754866381330836
3420.0,-3536.0747257875296,1.119381580762445
3425.0,-3537.371305337784,6.840561168098375
3430.0,-3542.4313865221748,0.34384060489073554
3435.0,-3537.2492744310402,-1.4724677206346328
3440.0,-3554.341691678845,-7.140621265978005
3445.0,-3542.4114559060317,11.531929419388163
3450.0,-3535.7013659773497,2.928174152657799
3455.0,-3521.5928321058427,12.363494929484043
3460.0,-3532.5666371938864,-0.1575847738172662
3465.0,-3543.2950712176385,-1.1875788911108445
3470.0,-3550.971500087847,8.808996594533772
3475.0,-3544.0043044869067,3.059562345194912
3480.0,-3536.4739825434817,-16.63359104962537
3485.0,-3537.591817019037,2.019244173503663
3490.0,-3546.4147565481385,5.9627193974968575
3495.0,-3552.9004770306274,-2.2520889367157104
3500.0,-3550.8346820687175,-3.666126729525428
3505.0,-3541.0911658916516,-0.4092659657523764
3510.0,-3525.0531039935354,5.23302603552391
3515.0,-3547.6716383130592,21.476451140922688
3520.0,-3542.8401002767623,4.912916898988478
3525.0,-3523.492637497103,8.591198015742183
3530.0,-3541.7555360801607,13.255501846428366
3535.0,-3523.67582235412,6.048192758837363
3540.0,-3544.646309639573,0.2251865864881626
3545.0,-3545.796023412288,10.007940316529215
3550.0,-3524.446317637135,-4.5634690516694985
3555.0,-3537.222418146093,11.064735155582724
3560.0,-3549.641727794537,-2.695166568673698
3565.0,-3542.0396667018194,11.381974922730123
3570.0,-3539.491154374829,-1.5397669180815852
3575.0,-3540.4199741779607,7.55840771458328
3580.0,-3536.87277016756,4.24491983392032
3585.0,-3514.4078500015603,1.7169219056922032
3590.0,-3543.3029623245834,0.6156405819402652
3595.0,-3528.5790333909667,6.670622252726721
3600.0,-3544.397951733664,-2.3046590746802678
3605.0,-3544.794423292404,5.467593678389241
3610.0,-3531.9653170522943,-2.225508630571208
3615.0,-3537.9545463000777,6.038128030394049
3620.0,-3539.649012939204,10.704978449714107
3625.0,-3548.814799033707,14.020062482314817
3630.0,-3537.3923946998516,1.3858491835253477
3635.0,-3532.1703417314548,-1.4378172658898587
3640.0,-3541.387590098465,10.7058657295294
3645.0,-3531.5188253837446,-7.661641223741703
3650.0,-3544.9692460706074,1.6777271227807544
3655.0,-3539.9991384895875,4.085717277367318
3660.0,-3539.198582642614,2.8646521437759342
3665.0,-3540.143409104168,1.2189901718128098
3670.0,-3535.0384763018455,6.537957738043497
3675.0,-3548.2169771400977,0.4329869441698758
3680.0,-3543.6777925971032,-0.7073940571977252
3685.0,-3540.0099777506025,1.3664807580554748
3690.0,-3543.8149419732936,1.2624072799118393
3695.0,-3543.739554686278,12.64651626243294
3700.0,-3543.86551025731,10.6986246513811
3705.0,-3536.736600860585,8.713610184163638
3710.0,-3539.5713486476234,-7.124641608099543
3715.0,-3536.6384882609077,2.709578771328772
3720.0,-3531.9853999083757,-6.537408959077864
3725.0,-3540.0318867880674,1.861831630597461
3730.0,-3544.565322646744,10.042314205635323
3735.0,-3548.8652219646387,1.4364009675472125
3740.0,-3542.6619574221554,-0.6389583607179946
3745.0,-3538.8847098889955,12.277865577092747
3750.0,-3539.3421638871646,3.0368624450820025
3755.0,-3540.1664009566707,1.7848786721142615
3760.0,-3539.2237057002862,-2.9385293739844753
3765.0,-3542.5048127672826,-4.1310701956839475
3770.0,-3544.5711863344095,-2.5018107470434123
3775.0,-3537.3401749169425,-2.8876786245329873
3780.0,-3536.6763701325594,3.218842273698386
3785.0,-3546.687786492942,5.149358674468812
3790.0,-3527.988966816957,0.09078784716557764
3795.0,-3534.6634973572336,-0.7268843004874562
3800.0,-3542.107851354678,10.251542380210301
3805.0,-3534.1373933205878,8.70559120158843
3810.0,-3541.2007938155853,5.181093762556071
3815.0,-3554.0039389633876,-1.86084737442967
3820.0,-3543.600792076137,-4.590160559594395
3825.0,-3551.0108532259687,-26.068731180336172
3830.0,-3533.9499048644125,3.1030950182837067
3835.0,-3545.516653733975,5.919077944147165
3840.0,-3546.007786341069,-3.09990962243346
3845.0,-3539.9199487475357,-5.3540253617507165
3850.0,-3518.148038584444,10.169440977345445
3855.0,-3535.1748597377755,5.187764364325952
3860.0,-3537.9145250056504,-1.65596670626384
3865.0,-3543.3869120959384,0.745369414049686
3870.0,-3537.272593159879,6.767052546239224
3875.0,-3541.414361853209,10.589004543665208
3880.0,-3552.0357698400144,4.14557667359839
3885.0,-3550.2661350968506,13.236842380807891
3890.0,-3542.480736884251,-3.228409810567697
3895.0,-3536.9223739200365,-1.208431774514747
3900.0,-3536.7915127208876,1.2357210517362494
3905.0,-3545.73744883786,-2.614929311458205
3910.0,-3545.168806133015,1.299348970323373
3915.0,-3540.8509887182495,2.106635300838985
3920.0,-3534.222903250631,2.8078318264855358
3925.0,-3538.947352988752,4.830568000022717
3930.0,-3519.68857117121,9.241460749908883
3935.0,-3515.456524346278,11.108219953867573
3940.0,-3529.5230036505855,-1.351946405805246
3945.0,-3527.086525050159,6.763289528247156
3950.0,-3544.6593963852038,8.549723496590293
3955.0,-3537.965648756673,14.97347519227925
3960.0,-3541.0033568790614,9.533096672683627
3965.0,-3522.9107707443213,2.1463782928870896
3970.0,-3550.418650501831,-9.623509290065853
3975.0,-3534.3769490126583,9.511693606734479
3980.0,-3545.439928349167,4.779419962243672
3985.0,-3533.7556815714397,18.825707730756054
3990.0,-3539.1739546726853,-10.333990065338089
3995.0,-3531.2125478611456,-3.858980936356354
4000.0,-3529.579908759304,0.1612627178475402
4005.0,-3539.6375859209334,1.2867203563956897
4010.0,-3525.206962807911,-11.127869988546303
4015.0,-3530.0015695745706,6.5460597594780525
4020.0,-3534.2786961333363,-3.6365181599292313
4025.0,-3526.1865429949908,-8.187677519144769
4030.0,-3523.280281657638,-15.591093776431308
4035.0,-3542.945991000343,6.186528995506635
4040.0,-3540.322723645361,3.639942099261419
4045.0,-3540.7588688802825,-8.17966810658861
4050.0,-3530.8985275949212,17.332810067113908
4055.0,-3533.302919310454,-6.838850718190631
4060.0,-3531.32592035839,9.637013816524556
4065.0,-3534.242175247623,14.198030375815675
4070.0,-3520.88322198714,8.09681979941228
4075.0,-3532.203332578935,11.513694847005448
4080.0,-3531.782507911221,20.25754907976313
4085.0,-3533.781591908691,8.249916479493196
4090.0,-3526.194330771483,1.3311900134251387
4095.0,-3546.2042192324,0.528611319733044
4100.0,-3528.9729493257764,4.551529760620793
4105.0,-3539.2701835015523,-3.4813720012326623
4110.0,-3546.8947828782243,2.2061178881610446
4115.0,-3540.639361525124,7.979525727434641
4120.0,-3550.487030309262,7.084297312708185
4125.0,-3537.315359797419,6.615792153920173
4130.0,-3532.5930339541374,19.335530584810694
4135.0,-3549.088832993261,-5.381810173568118
4140.0,-3534.189357698369,5.090051017954787
4145.0,-3546.0923191394663,2.069372570063449
4150.0,-3535.2040580726107,-3.708721115377015
4155.0,-3545.609655706093,11.483104384023905
4160.0,-3543.7760898073143,-7.463479358952828
4165.0,-3542.032416964663,3.146686968090758
4170.0,-3534.9155497958523,0.5250175760132649
4175.0,-3547.6687124051614,4.39551282750533
4180.0,-3534.821610285538,3.612732402714064
4185.0,-3545.565814190523,7.2585014066129645
4190.0,-3524.145277909347,-2.6626595776222937
4195.0,-3545.894975531186,4.626357342555694
4200.0,-3537.0268055422966,-6.203090151287682
4205.0,-3514.6695148738463,10.314143072484173
4210.0,-3521.5518437914375,-5.315954074954552
4215.0,-3534.820269557869,13.12366767276987
4220.0,-3532.7741683222507,-4.2521104153107085
4225.0,-3535.2020796358306,2.094109853780036
4230.0,-3531.8303246835194,5.839701083179976
4235.0,-3533.061355899207,-6.378690321531625
4240.0,-3539.1699918922654,-4.635681033427272
4245.0,-3536.1037585752388,10.531552591080498
4250.0,-3539.7854085046447,3.626881524098646
4255.0,-3535.6332370974956,1.916256208703984
4260.0,-3529.5872854486042,3.7711726302481186
4265.0,-3522.590270277513,3.6640679629783004
4270.0,-3522.744764785661,1.3238653454390463
4275.0,-3544.5483027689293,10.610932566256023
4280.0,-3527.616523008571,8.199843252863417
4285.0,-3544.8732516616383,1.1949709999246558
4290.0,-3528.330630989562,-0.7220971719821769
4295.0,-3519.940120487847,12.09441478579895
4300.0,-3528.454434904766,1.6910260580259466
4305.0,-3526.8830960797186,-5.663999953158783
4310.0,-3529.449672382051,5.767810255174708
4315.0,-3528.9714701972025,6.123248132935973
4320.0,-3550.6371259910843,12.303909428329927
4325.0,-3514.455513263192,-2.894229242173953
4330.0,-3530.8574532535276,-11.575639432647009
4335.0,-3530.361617166074,-10.088929119336289
4340.0,-3536.6808251061702,4.412185652412587
4345.0,-3533.5340308710906,0.7661354305603246
4350.0,-3550.7988857398136,16.082145420007933
4355.0,-3531.6621764610954,3.988161612448495
4360.0,-3531.4587062818455,-8.535066184772344
4365.0,-3551.1929760161765,0.5689552230832436
4370.0,-3519.7041801671917,4.813507718365314
4375.0,-3519.9783827332853,-4.20204909169704
4380.0,-3526.321200998643,11.511383082289068
4385.0,-3530.541516225721,0.47176580246889277
4390.0,-3527.2251650242088,-1.2357942656787602
4395.0,-3531.9479796881383,14.146014040423369
4400.0,-3550.15218304631,-10.59235024739375
4405.0,-3546.9545640700726,4.6943183362673535
4410.0,-3533.7075699429715,2.541752525009219
4415.0,-3532.496279741073,-0.6965206325242306
4420.0,-3542.31884564355,-12.295969842192495
4425.0,-3539.7612792166383,5.964218825755386
4430.0,-3537.612596958122,-8.299308695858025
4435.0,-3538.4760351580107,8.826836987781805
4440.0,-3548.0303708867846,2.6826180755197706
4445.0,-3534.7909302545854,3.618764696274746
4450.0,-3530.526881014084,-6.959520030762096
4455.0,-3536.826025547258,4.900605603816009
4460.0,-3533.005735819202,-4.8893307298234365
4465.0,-3540.4488757728263,10.748844473568914
4470.0,-3553.495249496229,-6.788777199686651
4475.0,-3537.8645178463485,0.39395522665726457
4480.0,-3527.6858687012823,2.6164311045158835
4485.0,-3545.811208210498,-3.1901161909615294
4490.0,-3525.8538996634115,9.7382923674214
4495.0,-3536.3389459835257,-6.3492777934933615
4500.0,-3530.709001830341,-1.1215135090397228
4505.0,-3531.884305475223,5.647051264850759
4510.0,-3539.0423004940853,7.166824989478114
4515.0,-3543.000875082205,18.04825638081115
4520.0,-3542.1347684403227,-0.2988215192367558
4525.0,-3533.3796685666603,-1.6685429501298592
4530.0,-3536.0308853525194,0.3617794253184037
4535.0,-3531.6588648756947,8.025148404974155
4540.0,-3526.653085466157,6.28459080300141
4545.0,-3545.6749908094316,10.853038837171166
4550.0,-3536.891500369144,24.29738705767537
4555.0,-3531.526311494061,2.2326167154303835
4560.0,-3537.300698451278,0.5294020938230499
4565.0,-3528.1502365991046,6.02400894864953
4570.0,-3531.0227657565274,4.798376610059881
4575.0,-3538.0941839063344,17.353635101553312
4580.0,-3549.3196772231427,5.210913452692105
4585.0,-3524.0491872217,6.716025742216022
4590.0,-3529.4541601326096,11.585383934040198
4595.0,-3534.9732413473516,-4.886995535063218
4600.0,-3525.972336114754,16.690144150891136
4605.0,-3538.319001677453,-2.195833381424038
4610.0,-3548.1381851321557,4.112892580734323
4615.0,-3543.223722481576,-1.2565953454879208
4620.0,-3543.2771792879225,-6.445708219352604
4625.0,-3529.752906485827,13.054847143887537
4630.0,-3549.467040235953,-1.700402974269033
4635.0,-3550.152764851843,11.39416568245745
4640.0,-3531.9734575348257,-12.268786469354232
4645.0,-3549.8654354384807,1.3400413953331114
4650.0,-3539.1446234454797,15.136446242016275
4655.0,-3546.2374649634617,-3.200105598797295
4660.0,-3547.26643224023,-4.849800190121191
4665.0,-3528.3902109076575,6.032184838892385
4670.0,-3522.329179475225,4.457169578706404
4675.0,-3558.8023310965827,-5.997989141082642
4680.0,-3531.6598459779475,8.655903214308937
4685.0,-3543.7295112881984,13.337468869079203
4690.0,-3524.1621687652087,-2.6540913242417385
4695.0,-3537.488011571124,7.338113922052109
4700.0,-3551.9178664342885,-3.899353278147121
4705.0,-3548.0830771286305,8.325175768948283
4710.0,-3532.3042796370687,3.605499093096881
4715.0,-3523.822326448731,-1.6618909542629243
4720.0,-3532.5945080961123,-14.669333762708568
4725.0,-3541.0747108580913,13.842297430534916
4730.0,-3529.1196314797135,-10.115800322000457
4735.0,-3515.217284715674,7.259325767125036
4740.0,-3528.198817774286,4.977976848208425
4745.0,-3527.0317228435283,0.024207834675982753
4750.0,-3513.3277805277553,5.367009047692521
4755.0,-3540.854131825339,9.689778667565982
4760.0,-3531.84166732106,12.757262060211016
4765.0,-3531.0070386619686,11.142419143952878
4770.0,-3555.80643249933,-0.11437508092383053
4775.0,-3522.7448588696902,4.693615647341895
4780.0,-3546.2723917723833,-5.5018191084795
4785.0,-3531.80235893375,12.136823780070461
4790.0,-3525.2077451292585,-3.6199460861694366
4795.0,-3536.581963996733,4.835504985370907
4800.0,-3548.5405329059395,10.64396135312741
4805.0,-3531.239748345444,3.1899456792568164
4810.0,-3551.072637395135,-5.649842033382379
4815.0,-3517.4585049902857,-5.432264428261875
4820.0,-3525.693933606742,1.4143750712958907
4825.0,-3540.597244950728,16.70091950729157
4830.0,-3538.0061377570455,-7.55673172145067
4835.0,-3519.025472346449,4.309796450155997
4840.0,-3543.3408955410496,-6.601546874085774
4845.0,-3526.7893060392694,10.931271988622795
4850.0,-3534.7530139066516,-0.45441612872291237
4855.0,-3528.2418811230305,-3.1487273538515597
4860.0,-3531.1561221486777,9.916530091912303
4865.0,-3532.393906090443,-1.6568438278310265
4870.0,-3541.488957082309,2.654581232652002
4875.0,-3525.7422627567003,12.563660074018747
4880.0,-3528.550145608299,13.616529625378359
4885.0,-3533.250998708653,5.844919067388075
4890.0,-3530.3824369827507,6.820621900414583
4895.0,-3544.071770218607,14.959022731486272
4900.0,-3532.4356449069614,11.37443184802816
4905.0,-3538.1773861462516,-7.029011865024679
4910.0,-3513.796691648805,-0.957051022590528
4915.0,-3513.833656867088,-12.301283708677296
4920.0,-3529.02473180384,9.13530333853959
4925.0,-3537.6072048286555,13.40325306551548
4930.0,-3517.5972096784076,4.822846188276927
4935.0,-3533.0400756498443,0.08649930108141146
4940.0,-3523.790781545966,-3.394182253990107
4945.0,-3545.7726127135843,7.37810028074874
4950.0,-3524.7058649115165,7.40547606029936
4955.0,-3528.8793897140326,-4.298016740878632
4960.0,-3513.919062321914,23.1511213129023
4965.0,-3523.204449141432,-11.7481195204472
4970.0,-3528.5233868998403,-7.424723659374895
4975.0,-3527.6626155819113,0.17628886501170848
4980.0,-3526.3645912052457,5.3133007240433745
4985.0,-3539.048238630176,-0.5041812853335884
4990.0,-3527.465292163369,-6.344728784642941
4995.0,-3516.230342525036,3.7594012875833505
5000.0,-3543.8518111142857,-3.403401118290225
5005.0,-3523.5120998510893,-1.4914196672418165
5010.0,-3549.0659325843235,6.85685717106558
5015.0,-3541.3719046297756,15.519069029626335
5020.0,-3516.545004823354,0.09519646329664178
5025.0,-3530.5277492730256,-7.72063388396454
5030.0,-3533.8756469061786,3.0266551717876267
5035.0,-3526.6782055510366,12.677195738593845
5040.0,-3532.262496399396,3.784558222272848
5045.0,-3549.3765980204244,-7.004765046853602
5050.0,-3535.6425316774644,3.65128601507432
5055.0,-3550.2314225916843,4.974947675042495
5060.0,-3534.343238115392,-3.615107884660227
5065.0,-3530.8480421533814,-12.04397720643648
5070.0,-3553.791090391799,-6.441885323492177
5075.0,-3540.0674285529117,-3.5002407766610864
5080.0,-3523.548595722288,-3.0234580994822813
5085.0,-3525.59356422876,-1.4455833211341846
5090.0,-3526.0899481421925,4.691920793660133
5095.0,-3542.5411366245585,5.82836467606063
5100.0,-3542.8011224268785,3.6927644922442395
5105.0,-3537.788380672603,-2.4176012091053485
5110.0,-3543.426996803841,12.006180152066339
5115.0,-3537.8677517347455,7.992325900916657
5120.0,-3539.672087209178,6.049683854020298
5125.0,-3520.9680422168694,-9.999463032050029
5130.0,-3527.8151734547246,0.3097872937284192
5135.0,-3529.4396347965794,6.080837864713391
5140.0,-3533.7103033181347,5.864501380138803
5145.0,-3533.9696474619946,1.420568327821893
5150.0,-3524.3323592031015,-0.8273525612656463
5155.0,-3538.3792194505036,11.117182056790902
5160.0,-3530.9214845494025,1.883372485692255
5165.0,-3520.717738980398,-8.024219621648275
5170.0,-3538.5472717465277,0.961593116287681
5175.0,-3533.3384173696413,14.915533609447184
5180.0,-3535.649077118655,-4.289806468896999
5185.0,-3520.0204021558893,2.178909196228654
5190.0,-3527.2959130278755,-11.621466922869942
5195.0,-3526.0344091844354,-2.681961345417636
5200.0,-3522.4167338375146,7.771303124298386
5205.0,-3521.5230051317453,-0.9318343587760002
5210.0,-3528.14821621693,2.070321676304567
5215.0,-3520.933865054737,-5.729167111540489
5220.0,-3529.412245499685,2.178487184785939
5225.0,-3539.068603841656,5.299187779603276
5230.0,-3541.5050417774055,3.182731705770644
5235.0,-3524.575665788779,11.805734519745412
5240.0,-3522.757577461244,8.723426619913063
5245.0,-3526.6294997625155,-9.392573277429198
5250.0,-3527.9849484120036,4.705812365553072
5255.0,-3523.726912602965,7.089137000139493
5260.0,-3536.9275494608155,-1.0306666975469874
5265.0,-3532.157469751411,10.531466389788147
5270.0,-3522.5577101206036,3.7528063597515238
5275.0,-3511.054183715758,0.24806489537206333
5280.0,-3510.0101002258575,6.440937278029506
5285.0,-3521.9591253641984,3.5331776039463496
5290.0,-3524.041623738698,-1.787143972760886
5295.0,-3515.977594194545,1.6736686455444605
5300.0,-3514.948724306169,5.353462280181452
5305.0,-3518.07284819957,2.2475333132554893
5310.0,-3527.6966969877426,7.45021648031137
5315.0,-3507.3557344718324,-4.877566797674497
5320.0,-3518.3164587200063,5.8521636891084885
5325.0,-3515.980299595068,0.5916253553983981
5330.0,-3520.1627533561937,-6.476890186491363
5335.0,-3522.69349269254,5.032363619908637
5340.0,-3506.8318732110906,-0.670762678117913
5345.0,-3514.6428872312326,0.4847290585964108
5350.0,-3528.2386756193887,-2.633110394551055
5355.0,-3526.559441254061,1.1973441691015592
5360.0,-3509.575511971345,-2.207048097779712
5365.0,-3522.206231299483,-7.716614307879132
5370.0,-3528.2324231005077,7.024832759796903
5375.0,-3524.6190176148802,9.337416819703009
5380.0,-3521.619316042402,7.74968897714703
5385.0,-3519.864337337284,0.7656981548508913
5390.0,-3527.9227619311328,-2.941646826152658
5395.0,-3524.0511907434793,2.7656144532805573
5400.0,-3535.5296120689354,1.2402819831189866
5405.0,-3521.695104048736,10.161424475465633
5410.0,-3527.05058388217,-13.25213392625902
5415.0,-3530.7836181246357,-13.927957559620028
5420.0,-3505.7219493080047,6.65015522318359
5425.0,-3526.4935783623782,0.4908761400745075
5430.0,-3521.6345475743037,12.384961012900249
5435.0,-3530.499794500317,17.138663230057556
5440.0,-3517.7839774397617,9.857250370688252
5445.0,-3513.2700598456795,0.8071187604798302
5450.0,-3525.8212418776056,-3.76911964426373
5455.0,-3522.6615486972687,3.188004448363505
5460.0,-3531.3751904847813,3.231141450916835
5465.0,-3535.2603632911355,2.754916460750931
5470.0,-3536.1830842555196,3.077571115436858
5475.0,-3509.6339961605795,4.694152003638361
5480.0,-3518.0607776426723,-4.750294447351635
5485.0,-3526.276391592062,3.9153659459302537
5490.0,-3510.9892252809614,8.299407801951928
5495.0,-3522.7009774545745,-12.373480637772397
5500.0,-3517.4027393196793,-6.161823501244924
5505.0,-3526.2100755850197,0.3491028524755553
5510.0,-3522.736577790103,8.726076875707502
5515.0,-3519.906732121594,-4.727110933715944
5520.0,-3522.9957616961683,-4.514809283964699
5525.0,-3528.5606674790415,8.518036422373386
5530.0,-3521.02074978298,-3.040687519031642
5535.0,-3533.611698155369,8.680295159195378
5540.0,-3533.7923283131754,3.7937182518621677
5545.0,-3535.7460652776267,5.687232165392804
5550.0,-3518.2873944716207,8.730306656839657
5555.0,-3531.7430115238967,-4.058157892671295
5560.0,-3538.8118207113034,5.422266111054363
5565.0,-3526.438978374456,2.0729022402942388
5570.0,-3526.397324168015,-5.620343932841172
5575.0,-3535.9322637158957,8.840910613678473
5580.0,-3538.522300116618,-1.1662099675526942
5585.0,-3521.543967501117,-13.355807420648427
5590.0,-3523.8807204881296,-3.0967806823345194
5595.0,-3545.2054514208708,-4.632514201348397
5600.0,-3541.4382683211443,-1.450430299606956
5605.0,-3544.286189971964,-8.240374356510983
5610.0,-3528.107630825496,4.297450531818908
5615.0,-3523.1404500619715,4.888507790901716
5620.0,-3539.4065175128385,-8.858823063179278
5625.0,-3524.2359551359177,-0.5470918224394036
5630.0,-3524.2981947005082,4.568947225507064
5635.0,-3529.033918801243,-4.635479082075223
5640.0,-3527.484171034503,4.911255894733971
5645.0,-3536.98738992582,-0.028877300134806272
5650.0,-3515.212819668076,-2.6344917473944407
5655.0,-3517.554304454853,-1.4710224637258444
5660.0,-3530.3943238753627,2.889262319301996
5665.0,-3528.40984921021,14.482362699096871
5670.0,-3533.261000742135,-4.822667567165405
5675.0,-3529.2339038663063,-12.270992098847918
5680.0,-3529.578567407358,5.456045180046898
5685.0,-3538.051191794702,-0.29739461480324847
5690.0,-3526.336609088736,6.321243802817072
5695.0,-3536.520941865139,-8.613522634858212
5700.0,-3535.951682750455,22.25579267954232
5705.0,-3533.6990514903405,1.5409037782189228
5710.0,-3524.219321433551,11.645358789654784
5715.0,-3518.5891450623267,8.301061597912758
5720.0,-3537.79338425163,2.678154123532456
5725.0,-3524.6252308082476,-2.227233916393032
5730.0,-3531.002019668495,3.508430753657574
5735.0,-3525.8421811070316,0.2991057262763215
5740.0,-3541.6560184130453,3.564855076568917
5745.0,-3526.8788689402368,2.8149156265277497
5750.0,-3532.0158427424976,8.960525732886717
5755.0,-3520.3954461371554,13.009213028862073
5760.0,-3532.6191139160537,-8.535952029717128
5765.0,-3528.8100608565637,6.69061175205608
5770.0,-3508.1951096366806,13.714930841487678
5775.0,-3518.7852006952453,0.36358332549580663
5780.0,-3523.698975930814,9.33496803475178
5785.0,-3541.184762963006,-0.10986940636922438
5790.0,-3533.142004078882,2.6007367182937364
5795.0,-3527.318635748779,-0.14940130078507063
5800.0,-3518.482707396805,-2.40075686068453
5805.0,-3539.2135896320497,3.3109336237044955
5810.0,-3544.098659938073,-5.924651545119959
5815.0,-3528.3855565524846,8.064959416992375
5820.0,-3547.8217565072855,-14.86857791728548
5825.0,-3539.1506861753737,-3.2607835651609527
5830.0,-3537.3517129552074,3.4911574699942687
5835.0,-3536.3008361474926,5.735662330259215
5840.0,-3540.6427991256887,2.7329570579270914
5845.0,-3532.3378941250317,-2.113911023860676
5850.0,-3541.752084227279,-9.438351044889728
5855.0,-3525.6206617332996,14.081319703365772
5860.0,-3538.8375978385006,-19.005422777864826
5865.0,-3537.4300914175474,0.35054263948982956
5870.0,-3540.233158234896,8.074771647328177
5875.0,-3520.6814285440646,3.8886327882966176
5880.0,-3547.9314464211825,-6.70851299669702
5885.0,-3525.665044168842,9.075091048787659
5890.0,-3526.6304284825637,6.693845130218352
5895.0,-3538.9808144030453,15.189314607518504
5900.0,-3547.4236567784574,5.9710244060258715
5905.0,-3536.2431086717515,2.523399029410636
5910.0,-3536.5622162476625,9.564391008898388
5915.0,-3527.411196802136,1.8700525380402286
5920.0,-3535.304156631713,0.7680797321503416
5925.0,-3549.758430118689,-3.533433132020648
5930.0,-3537.266989408154,10.536323238127462
5935.0,-3546.5044328923345,11.055805840442988
5940.0,-3543.288903839014,15.286156250181183
5945.0,-3530.979144342604,0.5458630579505577
5950.0,-3538.241913926585,-0.9014986848246757
5955.0,-3548.069022865214,0.19609952605784742
5960.0,-3538.654534699183,1.9702668439504443
5965.0,-3533.166474085047,0.30742232378273104
5970.0,-3542.9518103428313,-6.375401357005272
5975.0,-3534.0958545669973,6.4508186298765455
5980.0,-3546.910807957774,4.717024923865232
5985.0,-3517.0483302972134,-2.487832061105429
5990.0,-3527.1909579313146,-5.51387091446928
5995.0,-3518.7978622325127,0.7800535442311851
6000.0,-3527.3621151272882,1.0418842044125132
6005.0,-3524.775351036129,4.839364340000674
6010.0,-3529.3285971162677,20.357073710954133
6015.0,-3520.5920111758037,14.110502152085838
6020.0,-3525.361896873591,-3.0460917161111345
6025.0,-3548.500151910143,4.322201614668561
6030.0,-3537.6248815061376,-4.744302847793323
6035.0,-3523.935515577071,8.987637476635584
6040.0,-3528.1814826526947,-7.481390765454704
6045.0,-3515.1994118883945,-0.19047171677259622
6050.0,-3523.0589657213545,7.416539135017123
6055.0,-3525.6212964735832,12.744262798534997
6060.0,-3540.9044456932206,5.215508989824372
6065.0,-3523.593106935609,-6.199769124019323
6070.0,-3541.70973124062,3.6765102265451617
6075.0,-3539.267028054476,7.207146940748895
6080.0,-3541.6449523412193,-7.533584735153955
6085.0,-3529.793456350483,7.060700580354198
6090.0,-3530.1047585026486,6.14692755676093
6095.0,-3540.2620261944053,6.659731255103893
6100.0,-3511.9005095989905,-2.455275445928738
6105.0,-3531.733103600903,8.151491126983466
6110.0,-3515.5715301422847,2.046233241822536
6115.0,-3537.32806503124,-8.739963396243628
6120.0,-3538.477416789782,5.30955448304641
6125.0,-3525.6542024756423,8.622743070279666
6130.0,-3535.7706237505963,6.545200616527545
6135.0,-3530.7521575320015,-2.216577494863675
6140.0,-3540.7703343548706,3.6214689269792277
6145.0,-3532.635128414855,-0.7012962699689227
6150.0,-3526.625390448173,-1.3168140416929492
6155.0,-3532.394557087176,9.278653679975248
6160.0,-3528.436831101807,-5.0189110850680345
6165.0,-3549.5945293700242,8.771338264542141
6170.0,-3536.8384329601663,-1.6312487234413537
6175.0,-3516.29595550719,7.724038014611377
6180.0,-3533.6712410268474,9.158842795479059
6185.0,-3537.585205438428,5.927208718979783
6190.0,-3540.3207347700613,-3.0768593525806307
6195.0,-3537.565222515433,17.126913670744734
6200.0,-3538.6242626717863,15.752560636398968
6205.0,-3532.0941840796127,8.530410016492525
6210.0,-3530.9346404009398,-2.6416279117222543
6215.0,-3547.087832527191,-11.195473125476681
6220.0,-3532.4268360922656,1.417853154144732
6225.0,-3548.6087243636553,5.703129191048678
6230.0,-3540.8129954978936,-1.3301432055840656
6235.0,-3538.100969280455,-2.0807442751727
6240.0,-3538.8506198737487,1.1661039488765303
6245.0,-3547.3076236543793,3.606239363336461
6250.0,-3540.859812672904,3.0895816127734697
6255.0,-3529.7647550134425,-8.026887480474503
6260.0,-3528.364226347643,7.853350890313914
6265.0,-3529.1543684948615,7.558379673034058
6270.0,-3535.8547496392166,9.622580819526986
6275.0,-3531.0247689094863,14.04237636235047
6280.0,-3532.090987658366,1.6032216054429256
6285.0,-3537.76562262808,3.235062169858312
6290.0,-3548.001983841468,-4.674318914848901
6295.0,-3530.6070379725898,14.740581972438934
6300.0,-3536.5120380626413,6.044236247279025
6305.0,-3529.681415944818,-4.603940036446129
6310.0,-3548.000076415752,4.81295359428747
6315.0,-3550.5484813978283,9.855409018609606
6320.0,-3539.747315090619,1.5313192018669484
6325.0,-3537.617734994694,-2.623492114717132
6330.0,-3538.449474361893,7.577715798397377
6335.0,-3543.0132308899865,-0.9590976388381492
6340.0,-3547.5372011215977,-6.7834133484990575
6345.0,-3549.8708796676906,-8.397771207350816
6350.0,-3545.6500503189927,-0.017205664498761375
6355.0,-3545.245628416803,-17.732098633944336
6360.0,-3540.373410606728,12.817442386373811
6365.0,-3539.4216563339487,2.192920795821146
6370.0,-3543.232695685101,9.239408733886124
6375.0,-3538.2621186317424,0.40000255740092683
6380.0,-3539.3128155482864,-1.4705490238004721
6385.0,-3551.484794739509,5.156837375737856
6390.0,-3566.0708912497475,-0.5178588239822018
6395.0,-3523.1515569474573,3.772682559527296
6400.0,-3543.522755796369,0.18086510092032082
6405.0,-3543.566085365988,9.346223911950338
6410.0,-3545.4132249448207,-7.708785576369239
6415.0,-3550.936024671397,-9.266147007755798
6420.0,-3538.622596786148,8.612654852595192
6425.0,-3542.161328506903,16.495966564100627
6430.0,-3527.3805355092163,10.773702414726788
6435.0,-3542.4991522183254,10.261162550557115
6440.0,-3546.8060032405306,3.5315732853020494
6445.0,-3546.6794194393,7.2401701732660655
6450.0,-3554.0806674616815,11.659991329969552
6455.0,-3543.188307171255,-4.097053613089078
6460.0,-3543.5816915817936,14.476724553131715
6465.0,-3528.0350841571926,3.0759401442720318
6470.0,-3533.1438468687215,3.746551113553803
6475.0,-3533.38094122487,10.438051120643008
6480.0,-3543.141249235475,6.022055674537115
6485.0,-3533.806813703849,6.999518138364757
6490.0,-3539.305926559613,-3.7809113243116346
6495.0,-3540.429008001439,8.796885999340557
6500.0,-3526.40088607481,-0.045482556223078396
6505.0,-3529.9151223983704,-1.669514830454021
6510.0,-3533.9596033632442,8.095913794850713
6515.0,-3538.5039138449674,7.551974691183656
6520.0,-3539.0981304472557,6.263202900761724
6525.0,-3537.189233175175,6.277272995588526
6530.0,-3545.1320056911027,6.712348872097531
6535.0,-3539.9057223902128,8.454767615248493
6540.0,-3539.6586174842,-8.45258771550937
6545.0,-3534.743051301555,14.572564146048371
6550.0,-3551.557084777969,11.363892177069703
6555.0,-3539.321918539241,0.16418647938837017
6560.0,-3545.0079260132907,9.417992565049794
6565.0,-3523.650844713074,1.3522036958186594
6570.0,-3540.9901196036785,4.285722395629284
6575.0,-3544.102659835568,-0.1371989651280202
6580.0,-3541.4325979410264,-8.015844966815745
6585.0,-3551.039167469114,-7.610882645071727
6590.0,-3541.756003881038,0.9422271380492413
6595.0,-3541.750407136261,10.809624415837423
6600.0,-3549.02385254997,1.59549798359473
6605.0,-3538.334337559414,2.4233831943459663
6610.0,-3536.0178021456672,-3.7184559404430813
6615.0,-3554.7819932793427,13.537662843528224
6620.0,-3553.3282022218823,-9.921086753161275
6625.0,-3542.6532995902385,-4.3742325210777375
6630.0,-3558.718364869134,4.6529647129406335
6635.0,-3549.3147715078153,-3.304044937660028
6640.0,-3545.255934880413,-0.31488126919302695
6645.0,-3550.5201418828688,-1.3376538789967305
6650.0,-3545.863335230024,5.217253572595647
6655.0,-3538.639611397948,3.0399375475332806
6660.0,-3552.457887221474,-0.7181636121811693
6665.0,-3538.970121346442,0.5255454185183057
6670.0,-3546.606902154067,1.6849637751094604
6675.0,-3539.429753110665,-6.218591003483302
6680.0,-3545.8952518784936,10.530057298825922
6685.0,-3529.0779036172626,0.19231582339739273
6690.0,-3556.288713850412,9.088281535721256
6695.0,-3546.080702944774,-0.5114735422708602
6700.0,-3546.0242482026924,7.384769418302068
6705.0,-3548.4549283127017,-2.665969422063697
6710.0,-3529.619657423072,13.103759176715268
6715.0,-3542.118267706999,-3.9482353640866217
6720.0,-3532.8004351262102,4.295896945299596
6725.0,-3540.255244156906,7.866336492465162
6730.0,-3536.6140742855746,12.400975361893565
6735.0,-3541.9257423343865,-9.825558311418478
6740.0,-3539.1914938029463,-3.8622273360403185
6745.0,-3546.7093158707244,-1.677721847630869
6750.0,-3538.795022510262,16.495944228681864
6755.0,-3549.438799092423,3.525247715045476
6760.0,-3537.191331831793,2.664390070937398
6765.0,-3549.856286269558,5.8057215680110055
6770.0,-3557.6440651866737,8.2713928904368
6775.0,-3530.133149064984,2.946259017053735
6780.0,-3553.929330278512,7.817948269078249
6785.0,-3544.5141473392187,4.695179948022557
6790.0,-3534.6605094973074,5.036572892329707
6795.0,-3537.1407218862055,9.273641972877877
6800.0,-3538.796064035289,-0.6381572853232055
6805.0,-3555.123231732097,5.713981347370341
6810.0,-3534.9143170617294,9.585409855888834
6815.0,-3543.740759843647,3.875898163629791
6820.0,-3534.1544430434187,8.682226622908033
6825.0,-3550.7366030965222,-5.5690748046296115
6830.0,-3546.8844414342666,-5.66478123979404
6835.0,-3545.888190445312,7.370099433135609
6840.0,-3543.112585780241,-0.7235002405706825
6845.0,-3533.3944956053906,9.288180030649364
6850.0,-3532.770485849,12.156935958872083
6855.0,-3529.479283845249,3.6418377559637247
6860.0,-3543.274645291043,14.041246631645798
6865.0,-3557.5736708516133,6.979909140549404
6870.0,-3535.0073545085193,12.841270780936025
6875.0,-3540.0078933201735,5.031453388725999
6880.0,-3538.042890191657,2.146167969378853
6885.0,-3541.155314628543,-5.98923331064419
6890.0,-3546.145265587749,4.026341351009272
6895.0,-3546.9925032821448,-14.23694845216989
6900.0,-3527.865508344331,8.889740803360848
6905.0,-3530.5855013351693,6.915461521627675
6910.0,-3549.9221071113197,10.281709191063237
6915.0,-3529.819737409712,-0.5037310118714238
6920.0,-3529.5488743846845,3.3631818368948125
6925.0,-3532.7162704343823,5.878338754424271
6930.0,-3529.1444917245294,9.314107390605948
6935.0,-3541.976392002553,5.65040309547038
6940.0,-3553.3830036022155,-2.776675444416501
6945.0,-3542.7851454245924,1.6887433377557346
6950.0,-3534.3556341920994,7.957892648095298
6955.0,-3525.891360926965,4.1040574807722425
6960.0,-3540.6508609660573,4.036763913024129
6965.0,-3535.645050090902,9.535794716622238
6970.0,-3545.4762171599177,-4.539463832178042
6975.0,-3535.536047043557,1.1910165295910549
6980.0,-3526.8130696151084,4.891068380742143
6985.0,-3538.8928788314465,6.926091533523751
6990.0,-3527.1250322081796,4.980338911824248
6995.0,-3535.8915246408023,8.686184392850288
7000.0,-3543.5729928773294,7.062950925119353
7005.0,-3540.268493679675,5.938413098933912
7010.0,-3556.421559169649,13.356935106349118
7015.0,-3541.475214519882,3.6029028756907078
7020.0,-3537.3256728374904,13.267743309687184
7025.0,-3537.0105987737084,2.082298736124775
7030.0,-3533.2681626837093,-1.686250426371671
7035.0,-3539.1845259532,5.204598554577008
7040.0,-3550.4471921472195,0.7643073875364521
7045.0,-3533.6161413643035,-9.605875297833304
7050.0,-3547.222515869018,11.658163528913017
7055.0,-3536.649205240099,2.600469385819686
7060.0,-3523.288920137867,4.635343972685128
7065.0,-3529.900716729762,1.2018545124932465
7070.0,-3528.4079485066086,-23.595069675352562
7075.0,-3540.1787914108127,-0.06229034272838574
7080.0,-3545.7978185196025,-2.7009702348184965
7085.0,-3538.2381939895467,4.81558908726536
7090.0,-3517.186667352771,9.379321499617582
7095.0,-3550.593695896341,5.8039408051220285
7100.0,-3540.2189751933915,5.593491015211285
7105.0,-3534.7945654085206,4.147497696126209
7110.0,-3517.4962125381317,-2.3342701322741903
7115.0,-3527.969524363946,20.083786708050656
7120.0,-3530.398936055053,-1.857804291328704
7125.0,-3533.8621412850057,-9.05582720436407
7130.0,-3540.309119842459,-2.826768233783769
7135.0,-3541.661354679675,-7.979014528401857
7140.0,-3548.7626975750914,2.8648025038849223
7145.0,-3539.8925889016955,4.104219148545509
7150.0,-3541.4807387852475,1.591260756691076
7155.0,-3532.452072746359,-12.272757871416218
7160.0,-3547.3112887768384,8.446206349351206
7165.0,-3547.536299781614,3.3536906258126025
7170.0,-3539.1524329998847,21.886828560956182
7175.0,-3541.045006266581,8.62952296146752
7180.0,-3543.2090759106104,3.4772493749150035
7185.0,-3544.634845682693,9.01591614735699
7190.0,-3522.0892777603262,12.65244776653998
7195.0,-3530.5437472152475,-1.3375455005422379
7200.0,-3540.555064687653,-8.433434086447475
7205.0,-3532.553105991749,6.07867475280407
7210.0,-3538.8881086979745,-2.2309974673570494
7215.0,-3550.180970085776,-6.115053325606175
7220.0,-3526.859512832835,2.2144040991625786
7225.0,-3552.586405793748,-4.905595395546442
7230.0,-3538.614579106402,14.828670752169428
7235.0,-3537.7622786671145,12.658158270682978
7240.0,-3535.306249199472,13.237865171316288
7245.0,-3530.3010055576688,2.367071191924488
7250.0,-3546.7074024917283,5.721226036709322
7255.0,-3534.459946319737,13.912180698163281
7260.0,-3533.5912975918136,9.648861632420832
7265.0,-3533.902222066924,-1.2342230719566512
7270.0,-3546.222475642608,11.360033987363757
7275.0,-3533.3286356318667,-8.9519239756158
7280.0,-3526.5109875107014,6.568219058743125
7285.0,-3546.8967616338073,4.641741509254676
7290.0,-3542.280296628957,4.022738868684524
7295.0,-3553.398252452657,5.858868275313966
7300.0,-3541.733016976807,-4.307269771457571
7305.0,-3544.0925412671954,-1.0006133577468965
7310.0,-3540.574173602906,0.5496676807447675
7315.0,-3543.0323860153494,1.2922699386766152
7320.0,-3541.485087091434,10.66848948782223
7325.0,-3544.3651337855986,-3.843036798706625
7330.0,-3546.6280362912767,2.6926036443157955
7335.0,-3539.5020301669642,7.882677334833233
7340.0,-3529.6000323471817,11.191092636892323
7345.0,-3537.525742172286,20.878259799541656
7350.0,-3556.650809278965,18.66791116435853
7355.0,-3540.2410552639376,1.1457196260111793
7360.0,-3526.3508544676706,6.549408616608388
7365.0,-3541.2561932618537,5.539131360975863
7370.0,-3522.8426281628294,10.460162558262267
7375.0,-3544.8974643185975,9.632008933910305
7380.0,-3538.721600016525,5.809819376844569
7385.0,-3533.040869917865,13.817277656833367
7390.0,-3524.479092222823,-2.121342070133191
7395.0,-3540.959135029729,0.9568575948514564
7400.0,-3526.685464942807,14.512231596969652
7405.0,-3547.0612178616275,-2.4663911378084453
7410.0,-3545.2494464597316,-3.0490487921846032
7415.0,-3531.6961059320756,0.4356266095336362
7420.0,-3519.4037825530804,-4.827964477358738
7425.0,-3534.327538757959,-5.994855433710107
7430.0,-3538.0908528347336,-10.757855099304614
7435.0,-3533.985043286701,-10.477363366271462
7440.0,-3555.9808115580054,3.7343887494591286
7445.0,-3539.6799986025303,-0.8320126591373901
7450.0,-3547.3269751218068,3.721949685545903
7455.0,-3544.536593872868,-3.4740082273045476
7460.0,-3535.2258638149438,10.493102744225814
7465.0,-3540.9295127376276,17.889049331871234
7470.0,-3518.728513419809,1.8007339816318924
7475.0,-3533.7630079618984,4.842684369734726
7480.0,-3540.9923871740853,11.639607804630415
7485.0,-3542.4980265302174,-2.6366593078823
7490.0,-3539.4408224233616,-7.415579759376288
7495.0,-3530.9661245637058,9.3432826963525
7500.0,-3532.6002479293525,3.6016629387804207
7505.0,-3552.654585482578,-3.4184965513296266
7510.0,-3538.094467966871,14.01484292470593
7515.0,-3527.668979360177,7.231080042212407
7520.0,-3518.898350407042,1.7517122165629666
7525.0,-3515.4282118465176,2.8897994544430823
7530.0,-3527.161034531431,0.2709482220098782
7535.0,-3538.898404442798,12.009121229553067
7540.0,-3528.7879089522253,-3.6125024063852234
7545.0,-3521.317025598986,5.420000035864316
7550.0,-3541.085035474011,7.020465126638776
7555.0,-3531.385193171773,-3.1609248053726144
7560.0,-3532.1144851440854,1.3312234866412347
7565.0,-3526.0053720609667,10.642005490818407
7570.0,-3538.1226594787854,4.460844909459267
7575.0,-3531.3143982736196,-4.631652397555276
7580.0,-3540.7135825593987,9.097835230916866
7585.0,-3539.65978617496,1.4573470836733695
7590.0,-3530.9169679821007,8.53648148418662
7595.0,-3544.2570123214173,-10.953923935424465
7600.0,-3545.327227745704,7.957108481669005
7605.0,-3533.9327473585286,5.372583456822507
7610.0,-3541.7294880103614,-4.321100850210511
7615.0,-3531.970884187196,8.68158914555762
7620.0,-3534.0353568727232,-1.353290502650652
7625.0,-3549.8225659656246,18.106625402820622
7630.0,-3530.7774886642915,13.285808555911812
7635.0,-3538.5804116126046,-1.6128343962422451
7640.0,-3535.601675356497,9.960811689914818
7645.0,-3538.753341373277,11.3476696440033
7650.0,-3529.1569113324135,13.461303268541872
7655.0,-3539.9710257624242,0.1816085928839697
7660.0,-3513.439376447669,-3.1680880784445016
7665.0,-3529.612901875297,0.7420445083918263
7670.0,-3523.3620355713197,-6.390022928477677
7675.0,-3539.5372023583905,8.554462175538001
7680.0,-3528.1844408243423,-0.9479259564518431
7685.0,-3544.4234683398513,2.6003677593107426
7690.0,-3533.482856276579,-1.889894871852369
7695.0,-3528.0219316580597,7.523772192647203
7700.0,-3526.055370327473,4.7735778260596735
7705.0,-3539.057937853963,-12.745670651446275
7710.0,-3521.1100193316693,4.423889052801007
7715.0,-3538.2900656536767,-6.502171763640339
7720.0,-3526.6597810453,10.581644613244132
7725.0,-3536.043886088983,6.215881134789622
7730.0,-3544.973058159743,-0.6084645009392085
7735.0,-3548.7267579841514,-3.690252611330001
7740.0,-3538.192629478301,-2.7076664268294746
7745.0,-3524.435233543675,5.780929246651771
7750.0,-3526.1565928919554,-2.5926141851687436
7755.0,-3528.6856428981287,14.460931607218258
7760.0,-3547.96937693873,10.997966075729378
7765.0,-3535.151210972745,-11.198440652756405
7770.0,-3538.6620047330184,-7.914202959334543
7775.0,-3544.978577413706,-1.591781916623042
7780.0,-3524.447083022059,4.754606012739667
7785.0,-3540.027973888463,4.453181199628426
7790.0,-3545.5577901451684,2.9719814755305283
7795.0,-3548.1079087011753,-9.846085341601126
7800.0,-3535.407271689203,1.0444416131723475
7805.0,-3537.0064845444103,6.582869437422741
7810.0,-3533.3498088690703,3.0849223486767863
7815.0,-3550.892392617111,11.378869719614059
7820.0,-3535.5014272030935,14.017195083043408
7825.0,-3535.900538493355,11.240302457393787
7830.0,-3520.858523505401,-0.7476974014033051
7835.0,-3537.4599794298283,11.123534661314514
7840.0,-3533.3126454711537,6.3593533973026
7845.0,-3534.749227256475,2.825799313626392
7850.0,-3549.7446132388436,6.268165124657192
7855.0,-3529.452276189284,1.0290908766730809
7860.0,-3544.2953771869325,13.416736550021698
7865.0,-3528.7148610533345,4.535779125693386
7870.0,-3528.675203410538,2.5793197550520466
7875.0,-3525.3756048095756,-8.679685124006001
7880.0,-3539.032771431215,9.671744101858813
7885.0,-3533.669206217672,2.235399659257867
7890.0,-3534.484579898053,6.442236720053362
7895.0,-3535.2178862827604,-4.03812974780058
7900.0,-3541.4464817386247,-7.974183097426833
7905.0,-3523.8096600825115,-0.3884513836795438
7910.0,-3537.3900636983817,4.615895926056262
7915.0,-3549.76357246315,2.569758280152995
7920.0,-3540.5527979448248,-0.04700035698522809
7925.0,-3536.323788614293,-9.896029390498372
7930.0,-3524.682114656589,15.463113474992266
7935.0,-3538.9580715162524,-5.691329276688947
7940.0,-3546.0415022942266,4.764313794313
7945.0,-3548.5001389557506,0.037252135426148025
7950.0,-3534.4024005626243,-1.6928996848779998
7955.0,-3537.2528810120325,9.745295514895487
7960.0,-3537.5273727655854,1.1210486574397762
7965.0,-3540.2104508843277,-2.542013541142125
7970.0,-3538.2788347759506,1.4887634925319373
7975.0,-3548.742479993221,9.514875720309146
7980.0,-3542.4540709341272,14.30096530413983
7985.0,-3532.8568509337115,16.15851310107106
7990.0,-3531.1332869198495,0.617155784928434
7995.0,-3524.8375549714433,10.443394445330325
8000.0,-3541.263014454209,-0.2913261688327222
8005.0,-3546.86389966691,2.727209979925541
8010.0,-3556.815693543162,5.299588937561598
8015.0,-3544.2743796205864,-0.023156955182717764
8020.0,-3556.1210476295605,3.1362233499959427
8025.0,-3550.6306249143468,16.137143253733505
8030.0,-3553.8983199823315,-3.451480499577711
8035.0,-3535.389057332857,12.077315684994335
8040.0,-3545.0635435155627,-4.856260102885302
8045.0,-3539.632152603506,-1.8588122934928255
8050.0,-3554.30380995382,5.830111238376935
8055.0,-3541.105669760134,9.82899705865668
8060.0,-3536.331269537785,-8.26766084476928
8065.0,-3545.891762330504,9.099010429476378
8070.0,-3555.2474136972814,1.13373266852258
8075.0,-3559.455711996851,1.561160820095528
8080.0,-3522.6571881522705,8.482579166615013
8085.0,-3533.017488136484,6.153240786798187
8090.0,-3538.8945063614965,7.0861736385743095
8095.0,-3545.035166675688,8.459677735547581
8100.0,-3533.01078923518,11.094277553538673
8105.0,-3546.5214934081328,2.7308790908079663
8110.0,-3534.8240977672795,8.96142938683858
8115.0,-3545.968272420725,-1.5192102686504514
8120.0,-3534.2398346558407,-5.955655879110223
8125.0,-3535.048065325645,-0.31930482430050455
8130.0,-3538.6490081767906,4.573011693124273
8135.0,-3533.153464313645,18.558301144154598
8140.0,-3536.941226934985,6.884729416390048
8145.0,-3542.8788309407964,-3.511018889216924
8150.0,-3536.6847868007085,4.220947111997129
8155.0,-3528.9946008697884,-7.0900661393001965
8160.0,-3544.970618182093,-1.0481017384632436
8165.0,-3535.8337587762117,0.9895042733913744
8170.0,-3534.9686941502964,-8.953739966835927
8175.0,-3543.6644123432607,-3.1607908451215527
8180.0,-3539.947210353439,8.498782482450308
8185.0,-3535.6624311147693,5.908858282503623
8190.0,-3549.7984504295623,11.885950556441792
8195.0,-3540.463570192658,-10.952549196652502
8200.0,-3529.259661143587,-2.4112589621833944
8205.0,-3540.7818351024284,0.2829346293957311
8210.0,-3532.870791926266,-0.5536416401715922
8215.0,-3531.5650953027393,-6.1365047634001995
8220.0,-3550.0846088559356,-1.431808452820985
8225.0,-3527.974270544779,1.3029971732070282
8230.0,-3526.608092447085,-2.426990226534232
8235.0,-3541.3686885577044,7.656295322974174
8240.0,-3545.3735989401653,3.9864606268834923
8245.0,-3539.311248211496,-0.33235843582090063
8250.0,-3530.4224480299295,4.26053036530325
8255.0,-3541.3958299799037,12.432111006623336
8260.0,-3544.73586114669,7.173413757726263
8265.0,-3543.4863701798176,-4.09088460152565
8270.0,-3546.7650710739763,-4.78895703863386
8275.0,-3530.9529447825626,10.812683217200513
8280.0,-3540.5931715577676,8.02255282086139
8285.0,-3533.0444516799553,2.7241770064189073
8290.0,-3546.3994214200748,5.8778331055560935
8295.0,-3542.638820596531,-1.329166498963455
8300.0,-3553.9848249038846,-3.7107687430869385
8305.0,-3536.6753134380665,14.536794340464787
8310.0,-3534.7829206706,-8.249760585264283
8315.0,-3527.8785158009036,4.354701493881667
8320.0,-3545.742294945212,-5.257685670869925
8325.0,-3541.9518281918467,6.886965800421366
8330.0,-3555.0233194957073,-2.9480318492043747
8335.0,-3535.9723719169356,11.408105664978228
8340.0,-3533.0755529226008,4.405103313433434
8345.0,-3526.811398946111,-1.439094081021668
8350.0,-3536.2747357992203,3.167597987419329
8355.0,-3550.688808188208,-10.124090140982348
8360.0,-3531.8269132461364,0.5420444586381572
8365.0,-3552.776305542981,11.455622094646849
8370.0,-3541.5900314589235,-0.664667186744184
8375.0,-3531.4599209999287,0.7249061614540543
8380.0,-3547.924264482612,-1.9257249112009855
8385.0,-3535.9687126554727,19.046136267151585
8390.0,-3539.1073994118674,-16.076648434680028
8395.0,-3542.7278296875065,11.112902642407844
8400.0,-3538.6375404675487,3.9357864647694205
8405.0,-3549.449642536523,1.4474895391719351
8410.0,-3549.6503332659936,2.869125468258443
8415.0,-3543.544173490078,5.601218232337481
8420.0,-3533.521813403912,-3.1953116447964307
8425.0,-3556.1821179439407,3.907216554272422
8430.0,-3534.466398736202,-0.6853211398859745
8435.0,-3555.9222613073575,1.1993182198439212
8440.0,-3540.8977576690627,-3.931830644726142
8445.0,-3541.6705197803813,4.588294516355746
8450.0,-3531.902966664665,-2.157744584974933
8455.0,-3538.5850412814953,4.940033053309677
8460.0,-3535.9938876042083,11.92614596819584
8465.0,-3538.661879087156,9.579763590152213
8470.0,-3515.7642370240933,4.28554116211717
8475.0,-3534.076989776984,-3.8164884470371034
8480.0,-3546.653746925053,-0.3721381814663238
8485.0,-3537.0776091699404,3.262603248625583
8490.0,-3540.6078574941257,-5.835026330095412
8495.0,-3529.9955178975706,7.848349015400238
8500.0,-3534.2902518111487,-1.3776304677924749
8505.0,-3523.567398901412,6.868154973604323
8510.0,-3540.091633323383,8.000626924256066
8515.0,-3527.1730887446133,-15.015141143067314
8520.0,-3544.6870733110177,-11.671429171377053
8525.0,-3517.1032716517857,-0.7215945697219516
8530.0,-3527.8436599017905,0.8651502997395755
8535.0,-3538.5379388266074,9.135212999434026
8540.0,-3544.950891837714,-1.8303691282127632
8545.0,-3539.9760330575536,1.9734148028791123
8550.0,-3529.423102751029,0.8677745295089053
8555.0,-3539.106532620413,3.2448795184327093
8560.0,-3539.7593508785894,2.8101148191063627
8565.0,-3536.9274273658316,12.42669810585522
8570.0,-3537.1570795392026,-6.354338342845846
8575.0,-3540.204329887846,-3.561235328892929
8580.0,-3536.495142637965,11.893382987569328
8585.0,-3525.2194877325196,-1.8069558506408092
8590.0,-3522.729537794644,-1.5162885324622284
8595.0,-3541.337933532451,4.210351072931464
8600.0,-3530.5029246524446,8.66229437057688
8605.0,-3529.7694913568835,6.500018236558752
8610.0,-3525.8364262132454,8.225645143066732
8615.0,-3535.605768460747,4.62984776590831
8620.0,-3531.4439443074502,-5.791772579717836
8625.0,-3552.110698052209,1.8311312747537145
8630.0,-3529.6278501315487,10.25460349355534
8635.0,-3533.6495265763087,-5.375350986515562
8640.0,-3518.094960403076,11.168086391877017
8645.0,-3530.114300513179,13.79020594761277
8650.0,-3525.308867556101,12.071350424742356
8655.0,-3543.110752328951,-9.22957210143848
8660.0,-3526.516254575206,12.054660840441743
8665.0,-3535.997628088768,-5.443418861464982
8670.0,-3529.2570096841905,3.7228082260105793
8675.0,-3531.7773962089564,10.504709081991885
8680.0,-3512.9681855183403,0.18025474933314334
8685.0,-3539.187128899908,5.711359513573982
8690.0,-3536.8238479644574,3.930141837644001
8695.0,-3550.9565703856542,-2.2240550528900895
8700.0,-3536.039714989512,4.830889466398711
8705.0,-3531.025918915667,-7.359160154194667
8710.0,-3532.165697981885,8.140490461707488
8715.0,-3530.186901922424,1.1876213579956891
8720.0,-3519.25573001329,0.11800438333256913
8725.0,-3524.5260704778734,-2.071629007320692
8730.0,-3526.121579817436,12.978915744250735
8735.0,-3540.99661288994,6.914784013336251
8740.0,-3545.774784721733,-5.1751053468586985
8745.0,-3526.1833178344277,-10.489039214674953
8750.0,-3526.477779635552,6.891345683247008
8755.0,-3516.1981574958327,-6.131893665889129
8760.0,-3527.8419456330635,-4.752795264174381
8765.0,-3529.7369138516883,14.7529904461167
8770.0,-3518.4772586598197,4.2563998164817285
8775.0,-3528.5513831143994,5.237279521212445
8780.0,-3541.102004998786,6.497704293382148
8785.0,-3524.738652141499,2.9968973302846997
8790.0,-3525.421851959759,2.3435417788156334
8795.0,-3538.7766309510603,-10.189324002979241
8800.0,-3549.240409930886,-0.5498578376673204
8805.0,-3543.020493311301,-5.855970142374208
8810.0,-3533.8344461789293,-2.346299825570401
8815.0,-3520.4414859957355,9.88256453714933
8820.0,-3523.409418239354,4.607275907033752
8825.0,-3545.202527813087,-1.7669569828853624
8830.0,-3526.250514353218,8.894270845296003
8835.0,-3536.351706060537,1.0147250329848543
8840.0,-3539.3734820404093,2.844732470574097
8845.0,-3529.6657713180707,0.7910032752059998
8850.0,-3535.151432347998,-2.72484561072253
8855.0,-3547.7581575499503,14.349629852454852
8860.0,-3537.1839999229537,17.192476687367346
8865.0,-3538.521827148953,-6.20230863247219
8870.0,-3543.9394876041883,-9.23296209468895
8875.0,-3535.9629983656305,-12.956306529636807
8880.0,-3538.933006193563,-3.6217352950114448
8885.0,-3545.005067094543,13.105945484061118
8890.0,-3529.431871502174,-3.0027241033913725
8895.0,-3532.198727691356,6.542016402039426
8900.0,-3525.996611644167,24.16649226602171
8905.0,-3538.9551880040967,15.40275811440642
8910.0,-3535.8489972144266,-2.0048148530587615
8915.0,-3537.622320142336,9.721347849498136
8920.0,-3535.4399787453676,3.2181377946614993
8925.0,-3522.2947437435537,2.4165388480905285
8930.0,-3538.8905127749204,-1.7355950020689108
8935.0,-3534.019962409852,6.5643172071026665
8940.0,-3530.5404362592785,-2.059712696561957
8945.0,-3540.4232653657114,-4.5974235085767425
8950.0,-3535.1513700661158,8.750136197874038
8955.0,-3533.0860494867366,11.930356358692723
8960.0,-3533.4346809374633,3.299288127821439
8965.0,-3552.6637840996577,2.464629856512104
8970.0,-3540.148159829167,1.671649481403155
8975.0,-3529.0253311198867,18.75907127353729
8980.0,-3521.7384979866742,9.98725596232179
8985.0,-3531.9881960090297,5.5728632406830725
8990.0,-3519.43717862597,8.335780130348022
8995.0,-3526.2645320833435,14.157836236004012
9000.0,-3522.4254123522296,-5.105437197304784
9005.0,-3529.7412542006646,-5.998518644451118
9010.0,-3526.643158199473,5.9547268870944965
9015.0,-3543.0330838691516,8.977300578489428
9020.0,-3538.73073573204,-3.3371023051573614
9025.0,-3538.6410734369656,14.340966767952526
9030.0,-3550.202036929085,7.792140240797522
9035.0,-3544.3329352497,2.1014287612906526
9040.0,-3530.8412971697235,-0.9185901322799579
9045.0,-3535.9963130834212,8.054402450117843
9050.0,-3534.5689304429725,-2.957720283714848
9055.0,-3532.463789507636,3.3419244878700978
9060.0,-3514.182150020963,-2.9805646376390365
9065.0,-3525.3305238249905,15.099556057887833
9070.0,-3529.298665172718,4.791662692291317
9075.0,-3513.183514738823,-5.476686026948025
9080.0,-3533.4368979819765,4.5309870129333065
9085.0,-3523.5099827422987,10.142567476283725
9090.0,-3545.668365997408,-1.90048327270225
9095.0,-3521.8594420358017,0.16961447188529877
9100.0,-3536.1860646392156,-3.2274623030067486
9105.0,-3527.7440632069856,2.711237883684989
9110.0,-3519.098193381589,10.044988936651915
9115.0,-3535.7535366925717,-0.3662262450762087
9120.0,-3532.245943164318,2.897014962588848
9125.0,-3540.2920724907412,12.891492956966571
9130.0,-3521.607506584489,16.949482045353136
9135.0,-3532.405257412164,4.134900467302336
9140.0,-3535.8041518660098,13.140006672042134
9145.0,-3525.1675774939295,7.298677846388491
9150.0,-3524.5407242466604,-6.332172034672484
9155.0,-3514.3722633631146,-0.5941815173092467
9160.0,-3530.2081564300865,6.4795603312257395
9165.0,-3519.8784461440405,23.147206000383182
9170.0,-3539.911652266321,4.23237322919435
9175.0,-3515.6037644333883,4.095938113186164
9180.0,-3519.9024006664745,6.73765961392166
9185.0,-3535.3446150433047,5.412722229926149
9190.0,-3529.9405458462898,-0.32724743104332243
9195.0,-3536.8346181899365,1.0674704543648508
9200.0,-3526.9708845648893,-5.437571526503934
9205.0,-3532.8604447967086,6.487324647619985
9210.0,-3534.1375354648576,9.187280056923814
9215.0,-3531.219655268994,1.930535779613486
9220.0,-3528.328118748873,10.700586674690491
9225.0,-3532.641888397901,8.836189074091148
9230.0,-3547.7843497724107,1.101808948395984
9235.0,-3546.64932047979,-9.510961336951008
9240.0,-3524.721222066255,-1.1920794641216421
9245.0,-3540.264390051298,6.809441380200084
9250.0,-3535.7110266286986,14.060839782976462
9255.0,-3533.492271393531,2.091731048097621
9260.0,-3535.4001937871794,5.790120509918689
9265.0,-3531.195271855572,-3.463054422617624
9270.0,-3525.66878660367,8.990382491923713
9275.0,-3525.656960988918,9.02123694233388
9280.0,-3536.680008050963,-8.766175545290999
9285.0,-3541.4382229038065,0.03383800316801844
9290.0,-3520.329642404779,3.33059268004941
9295.0,-3542.1141111959228,-0.5356327201855193
9300.0,-3524.8295395314585,11.243523704534766
9305.0,-3518.8956812624206,-0.4202208026160408
9310.0,-3528.9153877097447,13.63565712635143
9315.0,-3546.307478692979,-1.2775136527849544
9320.0,-3531.6517143484266,0.539237528731663
9325.0,-3538.551556878742,1.39295581911423
9330.0,-3540.1173867649213,13.450226543112034
9335.0,-3531.9617369643925,15.836467981024976
9340.0,-3533.2145839896875,3.445447470307048
9345.0,-3539.0175384061517,3.1539421437555144
9350.0,-3528.166765888223,6.460497509422384
9355.0,-3534.6565516449546,3.955870684716165
9360.0,-3536.5841873169975,3.73366420400873
9365.0,-3538.3704056409483,6.022515761751886
9370.0,-3546.9825652700197,-1.4231085088052964
9375.0,-3534.7563122666897,0.55679054551883
9380.0,-3542.2687451172897,-4.696399527843803
9385.0,-3533.0555336706075,14.242688545455636
9390.0,-3538.1960088523824,0.5266794720966612
9395.0,-3541.096466020603,1.3182846415517013
9400.0,-3537.304915287568,5.367235890250678
9405.0,-3531.98407654459,11.328540813548075
9410.0,-3531.6204353370904,9.75745015304814
9415.0,-3525.3543585670113,-11.142134208492793
9420.0,-3527.978709363335,12.101643522353575
9425.0,-3530.869551044566,8.441569245584919
9430.0,-3529.1742195203014,-2.0044389405925234
9435.0,-3532.6086590269592,9.036244019480405
9440.0,-3541.1093791038834,12.27873312449532
9445.0,-3528.573355116114,-8.584045860008745
9450.0,-3537.39192305339,10.6960948963086
9455.0,-3532.8678509234364,6.306569102524344
9460.0,-3528.7573482400676,-0.22454567583718732
9465.0,-3532.5689165018143,-0.7459502329706058
9470.0,-3543.265184283717,-2.8993687188401265
9475.0,-3547.577055127737,-3.682868414214463
9480.0,-3548.436817338161,-5.068481273175756
9485.0,-3539.4440783562363,6.197048761105156
9490.0,-3547.0950812194124,13.769670647774172
9495.0,-3539.9821365935145,6.593659974958029
9500.0,-3529.6066263731886,6.696444566016746
9505.0,-3540.9450412811907,17.846304121456086
9510.0,-3541.441171888197,-7.610414704773869
9515.0,-3549.475301092323,3.5503106692751265
9520.0,-3544.2418919635884,-0.2407112560086685
9525.0,-3534.593410746338,3.7962547560863737
9530.0,-3528.9033753180875,9.482024427333062
9535.0,-3528.8701462049826,-0.4202348232134848
9540.0,-3531.7010566948084,3.1124762805845676
9545.0,-3533.35994687996,-10.400636652461893
9550.0,-3543.2039546131705,0.6243854830097253
9555.0,-3536.216766069011,3.2222863962532715
9560.0,-3547.2476133889727,8.815294806955748
9565.0,-3531.5024041103275,6.909464855264983
9570.0,-3524.867112282995,0.6358022599601009
9575.0,-3533.2718075918365,-1.9904895763095338
9580.0,-3525.5548557460043,-1.56430078759211
9585.0,-3533.9296250114853,2.468669334285951
9590.0,-3530.075965911725,9.43897579234403
9595.0,-3530.085867919629,9.741191610248807
9600.0,-3536.6651574801394,11.691124856966496
9605.0,-3532.24818032892,-3.4269997408661355
9610.0,-3522.967269579526,-12.276798533006787
9615.0,-3539.26097587502,6.740819167027734
9620.0,-3525.585238890914,5.901385861855105
9625.0,-3539.3902354815923,-2.269366959255003
9630.0,-3537.141970263654,12.108726153208316
9635.0,-3548.5720035374984,4.8692626177927
9640.0,-3542.809202154984,2.7055286874498568
9645.0,-3535.590217309764,5.648846472656019
9650.0,-3545.496772912958,-4.094264909103763
9655.0,-3541.5367965249657,-12.243443760262434
9660.0,-3523.5209817860537,3.8734587432776264
9665.0,-3517.9476250954094,2.172776133459436
9670.0,-3528.835141706399,-3.6306945176935397
9675.0,-3526.794150046629,17.560852120344443
9680.0,-3534.6092394300035,23.27073968719788
9685.0,-3534.7689880694397,4.281194926769539
9690.0,-3523.222111271459,-0.30064289767100627
9695.0,-3536.5402409075728,13.605729575899169
9700.0,-3521.9514262497846,4.249304404180934
9705.0,-3540.11622140586,6.528663666089401
9710.0,-3533.837914599249,3.36904505599627
9715.0,-3535.601858506748,7.234120045501538
9720.0,-3546.480974403225,-0.8736448332783228
9725.0,-3530.810865454109,0.4608707646814053
9730.0,-3528.6252288468136,4.798258294526785
9735.0,-3530.286813003582,2.6170297074476765
9740.0,-3550.6137236759537,-0.0422219875262434
9745.0,-3530.1711257217007,13.826997758639502
9750.0,-3547.5893634768977,-9.234818754425609
9755.0,-3524.4071152142806,-3.8554231027926815
9760.0,-3527.6590362791685,6.570821115727213
9765.0,-3539.610596646526,4.820906727206477
9770.0,-3533.780687087982,4.770652853075725
9775.0,-3540.590672030135,-5.363960719153705
9780.0,-3527.5657561613707,8.76916582098181
9785.0,-3550.3250672431996,-0.9411970145879485
9790.0,-3539.3289698160447,0.4031957116521395
9795.0,-3529.0626979382505,5.249337825188676
9800.0,-3542.259782918421,8.17122420402581
9805.0,-3536.483992435599,1.3238399496631397
9810.0,-3548.44155430863,4.636029179871841
9815.0,-3526.044130289909,8.059817953708935
9820.0,-3540.24111223861,15.516882283664886
9825.0,-3523.9534178957347,0.4156566096886356
9830.0,-3516.5429300318547,1.031929346998211
9835.0,-3530.0931071052646,13.951849554190105
9840.0,-3534.833362845913,22.33501325283361
9845.0,-3518.335660705774,-9.33191095228718
9850.0,-3532.6493958615874,9.441673154694012
9855.0,-3531.1061901907283,6.412473803002402
9860.0,-3518.2908363921247,-5.648105161937464
9865.0,-3568.8805598645145,10.342427402485512
9870.0,-3532.3541901632075,1.6700599411997794
9875.0,-3547.452461123636,-4.3464059039593534
9880.0,-3542.3852180619597,8.350907754959364
9885.0,-3534.9286071269235,9.216846123806054
9890.0,-3547.7945030595265,3.716711716943402
9895.0,-3524.5526801324067,2.966684469019472
9900.0,-3540.237886504401,-3.827341211055371
9905.0,-3537.6344545118927,-1.7134588334759675
9910.0,-3544.4222730317338,8.079287731519171
9915.0,-3546.6342222132575,11.236062493214563
9920.0,-3530.8248442910044,10.292793213640534
9925.0,-3543.6642253746827,7.851191849708979
9930.0,-3536.343802948241,5.376152569435508
9935.0,-3530.4683578075883,5.007242844162877
9940.0,-3529.813459279117,5.340861029665506
9945.0,-3537.283738419548,6.2458291516943865
9950.0,-3538.8990608644835,3.243227930663667
9955.0,-3537.5293355904764,2.9029033491152987
9960.0,-3553.3215949637192,-8.881922108205739
9965.0,-3540.3919003543083,3.6843442794830237
9970.0,-3533.290962128326,-2.9873351231716816
9975.0,-3534.222662719859,-2.16850419933487
9980.0,-3538.7123398698777,3.3606164648809917
9985.0,-3546.617374780292,0.26916457621315915
9990.0,-3530.173711416646,11.298293723033026
9995.0,-3541.9123361370057,0.7603641913248363
10000.0,-3530.1136559823058,8.09917674870636
10005.0,-3535.4652674513186,4.059102371150944
10010.0,-3544.033256661733,-5.995014551946393
10015.0,-3545.5701327005772,-3.9961690528921037
10020.0,-3527.7478291480843,2.4906931246303547
10025.0,-3546.130087540965,-0.04155007650339304
10030.0,-3541.2826025264367,6.2937892045778465
10035.0,-3540.8942935930736,2.758287298954171
10040.0,-3536.573311247323,5.915853646380179
10045.0,-3541.3506775464566,-4.619211578759928
10050.0,-3531.2680820735227,2.0241417927665752
10055.0,-3533.5838412082476,7.953731318052387
10060.0,-3541.4070788945237,10.720530330898654
10065.0,-3525.2666331909613,4.684759465062277
10070.0,-3520.95738758408,13.209853129458292
10075.0,-3532.7796802552552,5.071332782360548
10080.0,-3548.268286308003,7.156030011932368
10085.0,-3533.6519320712405,-4.985605816842029
10090.0,-3549.7298272920816,-6.877947306944379
10095.0,-3544.5908090434846,2.0257198352111
10100.0,-3541.0619612851015,4.717701995394986
10105.0,-3551.399795408587,7.867013211712642
10110.0,-3533.499395662939,-0.05851421329817119
10115.0,-3550.3099040613433,8.5252614212513
10120.0,-3538.437133961068,-0.5626513976038874
10125.0,-3532.154100996265,10.567280985039291
10130.0,-3538.878147643286,-1.4192548889657464
10135.0,-3528.562099748152,-3.9075872788908628
10140.0,-3547.22159871841,8.67340606772494
10145.0,-3541.9661235239905,15.03949037036361
10150.0,-3550.2143607065304,0.4504985132846312
10155.0,-3539.3803883242667,10.210699795320517
10160.0,-3531.3437567777887,0.986910309486824
10165.0,-3509.034119122772,-22.084002479946985
10170.0,-3529.276743694857,6.398936767635611
10175.0,-3537.529981284099,2.2759257093395804
10180.0,-3534.2594425154152,-11.16664760293374
10185.0,-3515.3764999307473,-7.353977795024877
10190.0,-3514.4746145083595,-3.158755282725517
10195.0,-3534.354794829852,4.499472111739568
10200.0,-3524.4113748611057,-6.129644648924564
10205.0,-3520.6190972374216,11.162188896895382
10210.0,-3520.2750043484093,3.365698628770976
10215.0,-3538.999400502881,0.02275414115283303
10220.0,-3524.3888263574645,15.364011404698065
10225.0,-3521.0392552396697,-2.5113061944118957
10230.0,-3528.126961735488,2.4828607428064577
10235.0,-3547.1376529617214,20.39032409865322
10240.0,-3526.7157390570596,4.198443685170942
10245.0,-3538.4326875273528,-8.205701011775066
10250.0,-3536.804960985099,11.238932437668788
10255.0,-3544.5652602216664,17.94701278550753
10260.0,-3540.187381777022,2.7353053104893066
10265.0,-3521.8905464382597,-6.153569985848339
10270.0,-3530.386640453645,12.359432993696489
10275.0,-3540.630508229704,0.7284988825255778
10280.0,-3536.5348858481416,4.261538664716085
10285.0,-3532.3800022946075,-5.923970062723752
10290.0,-3542.323408769711,-2.4557622346650354
10295.0,-3540.3493955161584,6.8028120749118575
10300.0,-3534.419478376668,-1.3709767046261963
10305.0,-3547.309865415991,11.808304266703555
10310.0,-3547.4990179074293,-1.4634045079846723
10315.0,-3531.741388123313,8.468622828287195
10320.0,-3523.196515280823,6.375064529077248
10325.0,-3520.8531618708976,-4.898113279595973
10330.0,-3535.02949374093,6.225615124583734
10335.0,-3532.351763489725,8.480545634466845
10340.0,-3522.81556902035,0.33703487716117353
10345.0,-3539.722947201925,-5.980152785943599
10350.0,-3522.472196458354,4.6462915003332
10355.0,-3533.3304189194673,14.931721675210037
10360.0,-3531.7180500442128,-0.07890387036134539
10365.0,-3546.9161544763247,8.189766989014943
10370.0,-3535.5585097940275,8.503749317766449
10375.0,-3527.0868728891396,-3.588018002560676
10380.0,-3537.1623967959226,-3.9577588025221813
10385.0,-3520.5203293655777,5.128750455413724
10390.0,-3544.314004952566,0.9749203898827756
10395.0,-3525.0755856075016,13.014419588538344
10400.0,-3524.387477631555,-2.5811904119906863
10405.0,-3533.4378726225127,6.580563751180878
10410.0,-3525.564001644401,2.7706244753902722
10415.0,-3523.2362788637997,1.378151017669221
10420.0,-3533.614143499845,-2.561069795086417
10425.0,-3551.129804513692,-0.030690993211465067
10430.0,-3535.6728943999337,10.754019031209536
10435.0,-3545.173061524992,11.453312946643475
10440.0,-3536.0234341578353,6.255675607060974
10445.0,-3534.105380159905,-8.768772564944566
10450.0,-3539.549817050221,0.3817191671317577
10455.0,-3539.3916747672647,-3.000572168595643
10460.0,-3531.545698305855,7.1207703487288345
10465.0,-3526.597650717905,-7.046874390422658
10470.0,-3524.5420744199605,4.759665137403313
10475.0,-3522.3077148323487,8.150021252720258
10480.0,-3549.1489603666987,1.3774595026762677
10485.0,-3539.510819274741,-0.32478113410692055
10490.0,-3569.3208865266315,-10.870600620511272
10495.0,-3539.2156692288545,1.5969880633100417
10500.0,-3544.8504131977097,0.7299767274156244
10505.0,-3530.4538891356165,3.607790984048578
10510.0,-3530.0782318690763,-4.090439062212034
10515.0,-3530.6915248268697,2.453648037188035
10520.0,-3544.5641601703473,-0.7620626554924088
10525.0,-3550.573991201547,1.876723781699186
10530.0,-3535.0818497787227,-1.8731121599257397
10535.0,-3527.370650886763,-3.6176102455972816
10540.0,-3540.905118993638,11.488429176641532
10545.0,-3537.78610920631,0.22860252458096952
10550.0,-3525.7092342319165,5.862288147246793
10555.0,-3537.2313181553577,8.007803210874275
10560.0,-3538.5111941994073,3.376158746494582
10565.0,-3546.260273608857,10.030927227296072
10570.0,-3549.9380579447793,4.20305122200425
10575.0,-3530.1689837946324,-0.4484519670029514
10580.0,-3541.4852059774153,23.206334170506672
10585.0,-3526.6559116401904,-0.4776868203819271
10590.0,-3543.220025251806,-13.857729518882717
10595.0,-3525.2507521616976,-5.791294887309035
10600.0,-3530.426030368536,5.170470155764274
10605.0,-3533.371075545475,-0.1444721585160349
10610.0,-3537.978251588308,7.699480512229938
10615.0,-3529.439703568412,8.171311896934153
10620.0,-3519.6344948399396,8.402179023662098
10625.0,-3520.999950246462,9.210869388800205
10630.0,-3531.118722801299,1.155739897126777
10635.0,-3531.0610398549456,4.505297703700745
10640.0,-3513.6845021026456,-1.0473986550353622
10645.0,-3539.5081461691075,7.388046101179092
10650.0,-3523.380429175191,1.8270880154217781
10655.0,-3511.82448247736,-14.01046855492939
10660.0,-3507.57629659041,13.808784558683602
10665.0,-3528.0175338630283,3.637742512808807
10670.0,-3518.0627606382964,-0.8846243861857238
10675.0,-3533.732309085081,14.844118444588576
10680.0,-3523.951453121073,3.7979811986707785
10685.0,-3522.9921967107643,1.3687291532901602
10690.0,-3522.06628611531,7.90521938465472
10695.0,-3532.975660865113,-7.376824780928041
10700.0,-3540.2233697506344,10.595291229381038
10705.0,-3528.3304822120717,3.2591575642322383
10710.0,-3525.2728013680153,7.202203611877453
10715.0,-3535.5256063674146,12.672890509582679
10720.0,-3533.0382919331037,11.489171211839619
10725.0,-3537.643048639919,14.926172189220726
10730.0,-3530.5080112578967,-4.474211567118327
10735.0,-3516.8862688271947,6.227169530330147
10740.0,-3527.8782713216174,5.533451709278113
10745.0,-3525.8356483360117,4.626839692254414
10750.0,-3534.9975344153554,3.4015179538730567
10755.0,-3532.875404773554,1.314314014116181
10760.0,-3547.0295460940574,-3.8967814640237064
10765.0,-3538.217311433964,-8.060169737626252
10770.0,-3533.854774315573,4.505411747440146
10775.0,-3538.530444753234,8.313344929783002
10780.0,-3537.681464755236,1.2280708939598037
10785.0,-3528.008189224975,0.7742654591577863
10790.0,-3534.9144620325083,-2.240761438508459
10795.0,-3528.449444356932,2.180184829804391
10800.0,-3530.330957296426,-7.893440558334285
10805.0,-3533.1967671036577,-8.961502407872711
10810.0,-3537.6703520592387,2.9090509667675333
10815.0,-3527.5996333785997,3.582127266326191
10820.0,-3538.227348977309,-0.5162605389588577
10825.0,-3524.3419400086477,-1.5653585634779275
10830.0,-3530.060537918507,9.189401950305792
10835.0,-3536.134669475362,1.7931488576728687
10840.0,-3544.9485906227937,11.768747737055982
10845.0,-3521.6389246103836,-1.3523529644157217
10850.0,-3531.2789737967028,-2.1481903525727564
10855.0,-3511.2757255183956,9.384030585155205
10860.0,-3530.0743385955307,-4.270920051802026
10865.0,-3521.586742116583,2.167277246784092
10870.0,-3521.8771138166476,-2.5407597202006746
10875.0,-3515.2400309868544,16.408527303021074
10880.0,-3528.858575992145,0.8736163120388794
10885.0,-3523.637365294853,11.486238526558369
10890.0,-3529.667096354145,3.7610369504241516
10895.0,-3532.1936356714705,4.275374054908077
10900.0,-3536.861830379499,4.801263794560485
10905.0,-3513.128504689992,-7.119256277029953
10910.0,-3526.5652379417193,5.755955019204075
10915.0,-3528.410223580373,3.178111155596502
10920.0,-3530.7708937540433,-0.9504890370131989
10925.0,-3527.7641745784945,-3.08097435617626
10930.0,-3534.379769250568,-2.6391636266009693
10935.0,-3534.0299228133513,-2.8749076103145135
10940.0,-3541.880831306444,8.142865219834457
10945.0,-3546.750867875835,14.02572829139308
10950.0,-3536.2790854445843,11.712995135109427
10955.0,-3544.7212641111314,13.017888702241974
10960.0,-3530.9850499784807,10.631422168929411
10965.0,-3535.686204298727,-4.393625553171381
10970.0,-3531.9288809296645,7.973138676896555
10975.0,-3550.788270231866,10.43314896112622
10980.0,-3539.002657147572,9.151052030414156
10985.0,-3543.456737080416,6.842399149866153
10990.0,-3538.13142866505,-1.1287428029809243
10995.0,-3540.7489958835295,16.080585206564702
11000.0,-3532.4350990487574,5.370592564642951
11005.0,-3535.0258052485246,-12.602385853259978
11010.0,-3540.327542581606,1.6538613218074327
11015.0,-3544.1831000039715,-0.9680897288274414
11020.0,-3546.4272214032694,2.476584597394496
11025.0,-3535.6869706956795,5.021909909684963
11030.0,-3525.2647020826957,1.6613105688090437
11035.0,-3530.316422795811,-8.761628764262836
11040.0,-3532.332549648458,9.236171076545913
11045.0,-3530.853081062939,6.347132308801603
11050.0,-3527.9870578019336,10.383905478943241
11055.0,-3537.3081587841393,-12.423380420348412
11060.0,-3535.1955619701744,3.111911776942489
11065.0,-3525.0766889100887,-0.17838106147511212
11070.0,-3536.11541642023,5.410569854620665
11075.0,-3541.417368198657,2.1707278120836406
11080.0,-3535.481706083561,-8.405044219882582
11085.0,-3545.789338419822,-6.889159124123428
11090.0,-3539.88401333705,6.522323091305376
11095.0,-3530.8827443810674,-4.75567007964724
11100.0,-3525.3090550589413,-1.8816096961641737
11105.0,-3540.654435966498,10.462687981539045
11110.0,-3537.6322527036245,2.0033152138914683
11115.0,-3541.4477450646536,4.563628525820767
11120.0,-3541.611693271416,-6.369345847045978
11125.0,-3522.342319614087,4.2824835452409715
11130.0,-3549.6677605908626,-0.021448785122058278
11135.0,-3544.9978559401816,3.052526855738314
11140.0,-3531.86150037318,-1.5499214747727286
11145.0,-3514.569841698943,12.919699027761755
11150.0,-3533.2765427381823,-1.0092504999164922
11155.0,-3529.723747428262,-6.910234269263066
11160.0,-3531.3000918803627,-3.2451811094047818
11165.0,-3524.1130652457264,-0.9841720257999458
11170.0,-3520.6691663153456,-5.152222292010808
11175.0,-3543.040893696817,11.70243715697761
11180.0,-3534.3221153626446,-1.5995668534638856
11185.0,-3526.16958972251,4.6459729793375555
11190.0,-3550.0115551793397,10.280332113548148
11195.0,-3528.270985350363,8.440569675602596
11200.0,-3521.1106852794305,-2.5101882404953137
11205.0,-3559.9645670140862,6.432635760978191
11210.0,-3548.3679502693467,-0.6690586749194188
11215.0,-3537.2628491240253,5.095971164878864
11220.0,-3531.3309991383035,-3.544393090458059
11225.0,-3536.419045523698,5.6295293001596525
11230.0,-3551.2626776655543,11.60093400077157
11235.0,-3532.0978186774787,5.125067493045262
11240.0,-3527.330184828679,9.387765953697057
11245.0,-3533.025506397,10.38098821987429
11250.0,-3544.696701502605,6.513744991618667
11255.0,-3532.2500479889995,-0.40607735351068486
11260.0,-3526.7441119884334,2.06156697786487
11265.0,-3532.230726685766,1.5654805898660777
11270.0,-3543.3478935726307,12.783233913325693
11275.0,-3538.4190916132393,10.664541805824495
11280.0,-3536.437876867155,6.079175988843964
11285.0,-3542.670017905362,3.7828337421298093
11290.0,-3536.102444201153,3.664720836422557
11295.0,-3539.380598933976,2.4695649342235506
11300.0,-3534.1602068548013,14.115759561228641
11305.0,-3541.8548474251,-5.204813113046775
11310.0,-3535.498814406902,-6.879094521926657
11315.0,-3534.063275154698,0.6433307149430857
11320.0,-3539.1106524894108,9.215456975970733
11325.0,-3540.630023135859,-0.5026851926300772
11330.0,-3539.6416500302767,-12.072786397282476
11335.0,-3535.02081491096,5.236257681979252
