Index,TemperatureRaw16,VGNDRaw16
0,602,1
1,606,1
2,604,0
3,594,1
4,590,-1
5,585,-1
6,585,-1
7,585,1
8,579,-1
9,575,1
10,570,0
11,591,0
12,591,2
13,594,1
14,603,0
15,605,0
16,597,1
17,591,0
18,592,0
19,598,-1
20,587,-1
21,580,1
22,586,-1
23,594,0
24,590,0
25,588,1
26,592,0
27,590,1
28,600,-2
29,595,-2
30,599,1
31,598,3
32,595,-2
33,586,-2
34,583,0
35,585,-2
36,577,1
37,587,1
38,592,-1
39,594,1
40,590,0
41,591,0
42,585,0
43,590,0
44,594,-1
45,590,0
46,599,1
47,589,2
48,596,-2
49,588,1
50,594,1
51,597,-2
52,591,1
53,597,0
54,596,-2
55,593,0
56,577,1
57,577,1
58,585,-2
59,595,1
60,588,-1
61,593,-2
62,598,1
63,613,0
64,617,-1
65,594,-2
66,583,-1
67,597,-1
68,588,-1
69,577,0
70,585,0
71,594,1
72,580,-2
73,583,1
74,592,1
75,604,1
76,605,-2
77,600,0
78,607,-1
79,599,2
80,591,0
81,584,0
82,579,-1
83,582,-2
84,576,0
85,579,0
86,582,-1
87,595,-1
88,597,-1
89,590,1
90,600,-1
91,599,-1
92,600,-2
93,603,0
94,601,0
95,607,1
96,585,-1
97,576,-2
98,585,-3
99,579,1
100,584,0
101,578,1
102,591,0
103,607,-1
104,603,1
105,599,1
106,597,0
107,593,-2
108,602,0
109,589,0
110,586,-1
111,594,-2
112,591,1
113,591,1
114,579,0
115,571,-2
116,591,-2
117,593,-1
118,601,0
119,595,-2
120,600,-1
121,591,1
122,597,1
123,598,1
124,600,1
125,600,-1
126,591,1
127,596,1
128,589,-3
129,582,-1
130,580,1
131,589,-1
132,585,-2
133,582,0
134,598,-4
135,604,-2
136,603,0
137,595,-1
138,597,-2
139,604,-1
140,594,1
141,577,-1
142,594,-1
143,583,-1
144,579,1
145,567,-1
146,576,0
147,596,-1
148,593,-2
149,589,-1
150,605,-2
151,617,-1
152,614,-1
153,590,-2
154,597,-1
155,591,0
156,585,-2
157,579,-1
158,575,0
159,578,0
160,568,-1
161,581,-2
162,588,0
163,600,0
164,610,-1
165,614,-2
166,612,-2
167,623,1
168,598,0
169,587,-2
170,583,1
171,570,-1
172,572,1
173,578,0
174,569,-1
175,588,0
176,591,-1
177,593,0
178,609,0
179,611,0
180,610,0
181,611,2
182,602,-2
183,591,-2
184,590,-1
185,567,0
186,567,-1
187,569,0
188,565,-2
189,577,-2
190,595,-2
191,612,1
192,610,0
193,604,-2
194,604,-1
195,610,-1
196,596,-1
197,586,-2
198,585,-2
199,579,1
200,581,-2
201,557,0
202,576,1
203,581,-1
204,586,-2
205,596,-1
206,603,-1
207,610,-2
208,608,0
209,599,-1
210,608,0
211,591,-1
212,585,0
213,579,-2
214,577,-1
215,579,-1
216,577,0
217,574,0
218,574,1
219,591,0
220,593,-2
221,595,0
222,598,0
223,615,-1
224,599,-2
225,587,-2
226,594,-1
227,580,-2
228,583,-2
229,582,1
230,576,0
231,583,-1
232,582,0
233,579,1
234,583,1
235,594,1
236,600,-1
237,604,-2
238,600,-2
239,608,1
240,602,-2
241,588,1
242,587,-2
243,576,-2
244,582,-2
245,578,0
246,575,-2
247,584,-1
248,586,-2
249,583,0
250,589,1
251,604,-2
252,606,1
253,606,0
254,606,0
255,609,-1
256,596,1
257,580,-2
258,570,-1
259,577,0
260,574,-1
261,578,1
262,578,-2
263,583,0
264,593,-2
265,597,-2
266,599,1
267,610,-2
268,611,1
269,598,2
270,592,1
271,595,0
272,585,1
273,559,-1
274,574,-1
275,575,-1
276,573,-2
277,582,-1
278,591,0
279,609,-2
280,606,-2
281,606,1
282,597,-1
283,604,0
284,592,1
285,588,1
286,588,-1
287,585,-1
288,573,0
289,567,-1
290,583,-2
291,594,0
292,597,-1
293,596,-2
294,609,0
295,606,-2
296,611,0
297,588,-1
298,594,1
299,583,1
300,588,-2
301,579,-2
302,582,-2
303,585,-2
304,588,1
305,585,1
306,593,0
307,597,0
308,591,0
309,595,0
310,602,1
311,604,0
312,588,-2
313,588,1
314,588,1
315,585,-2
316,581,-2
317,584,-1
318,589,0
319,597,1
320,587,0
321,583,-2
322,597,-2
323,595,-1
324,594,-2
325,600,-1
326,596,-1
327,608,1
328,593,0
329,591,1
330,591,0
331,593,-2
332,589,0
333,596,-2
334,594,-2
335,591,1
336,588,-1
337,581,-2
338,581,-1
339,595,-1
340,588,1
341,594,-1
342,609,-1
343,605,1
344,606,0
345,591,-1
346,588,-1
347,594,0
348,580,0
349,594,1
350,585,0
351,590,1
352,594,0
353,592,-2
354,603,0
355,601,-2
356,605,-2
357,601,-1
358,602,-1
359,600,-2
360,583,0
361,591,-3
362,590,-4
363,586,-1
364,587,0
365,580,0
366,589,-2
367,600,1
368,599,0
369,594,1
370,604,0
371,606,-1
372,599,-1
373,597,-2
374,596,0
375,590,1
376,591,-2
377,570,-1
378,585,-1
379,586,-2
380,581,1
381,599,-1
382,599,-2
383,608,-2
384,603,0
385,600,-1
386,605,1
387,603,1
388,591,-1
389,590,-1
390,587,0
391,603,-1
392,594,-1
393,585,1
394,586,1
395,585,-1
396,604,1
397,603,-1
398,600,-2
399,602,-2
400,604,0
401,591,0
402,591,0
403,603,1
404,590,1
405,594,-2
406,596,1
407,597,-2
408,596,0
409,584,-3
410,591,-1
411,596,0
412,597,-2
413,597,-1
414,608,-2
415,599,1
416,601,0
417,603,-1
418,596,-1
419,599,-2
420,589,0
421,596,-1
422,598,1
423,601,0
424,585,1
425,576,0
426,588,0
427,597,0
428,596,-1
429,606,1
430,612,-2
431,609,-2
432,603,0
433,604,0
434,596,-1
435,591,-1
436,582,-3
437,579,1
438,578,0
439,592,0
440,583,1
441,591,-2
442,591,-1
443,606,-1
444,609,1
445,613,0
446,611,1
447,620,1
448,597,-3
449,590,0
450,585,-1
451,586,0
452,582,1
453,585,-2
454,579,-1
455,600,-3
456,606,0
457,606,0
458,606,-1
459,613,0
460,615,0
461,610,-2
462,599,1
463,600,0
464,581,-2
465,574,-1
466,579,0
467,577,-2
468,583,0
469,598,0
470,597,0
471,615,0
472,611,1
473,604,-2
474,605,0
475,607,1
476,606,1
477,596,-2
478,585,0
479,588,-1
480,575,-1
481,571,-2
482,583,2
483,597,-3
484,594,1
485,607,-1
486,614,1
487,624,-1
488,615,-2
489,603,0
490,603,0
491,593,-1
492,591,-1
493,582,1
494,586,0
495,606,0
496,598,-1
497,578,1
498,590,0
499,607,-2
500,608,0
501,606,0
502,612,1
503,616,0
504,611,-1
505,595,0
506,593,0
507,600,-2
508,588,-1
509,594,-2
510,597,-1
511,596,0
512,597,0
513,594,-1
514,597,-2
515,606,1
516,606,1
517,604,-1
518,606,-1
519,609,-2
520,609,-2
521,596,-1
522,589,-1
523,594,0
524,591,0
525,593,0
526,604,-1
527,600,-1
528,592,-1
529,598,-3
530,602,0
531,605,-2
532,603,0
533,610,-2
534,614,1
535,608,-1
536,606,-1
537,591,0
538,588,1
539,589,0
540,590,0
541,587,0
542,593,-2
543,603,0
544,600,-2
545,602,1
546,609,-1
547,615,-4
548,609,-3
549,609,-2
550,600,-1
551,597,1
552,590,1
553,581,-2
554,586,-2
555,586,0
556,588,-2
557,608,-1
558,599,-2
559,615,0
560,611,-1
561,598,-1
562,592,-2
563,614,-2
564,596,-1
565,600,0
566,594,0
567,597,-2
568,583,1
569,582,0
570,587,-1
571,603,-1
572,594,-2
573,603,0
574,605,0
575,614,-1
576,605,-2
577,603,-1
578,593,1
579,594,1
580,588,0
581,589,1
582,594,-2
583,592,-1
584,604,-1
585,589,-1
586,594,1
587,604,0
588,600,1
589,611,-3
590,606,0
591,609,-1
592,600,-2
593,594,-1
594,596,1
595,595,0
596,587,-1
597,591,0
598,605,0
599,596,-2
600,591,-1
601,588,-2
602,588,0
603,602,-1
604,594,-2
605,596,0
606,597,-1
607,604,-1
608,606,-2
609,584,0
610,598,1
611,604,-1
612,599,-2
613,597,-2
614,591,1
615,591,0
616,589,0
617,582,-2
618,588,-2
619,599,-2
620,594,-2
621,601,1
622,616,0
623,615,-2
624,610,-1
625,597,0
626,597,1
627,607,-2
628,591,-1
629,586,-2
630,591,-2
631,601,-1
632,593,-2
633,590,-2
634,600,-2
635,608,-1
636,612,-2
637,607,-1
638,614,-1
639,615,-2
640,604,1
641,583,-2
642,580,1
643,588,-2
644,578,0
645,587,-2
646,589,-2
647,606,0
648,605,0
649,600,-1
650,609,-1
651,610,-1
652,614,-1
653,609,1
654,595,0
655,595,-1
656,588,0
657,576,-1
658,579,-1
659,584,0
660,591,-2
661,594,-2
662,598,1
663,611,-3
664,606,-1
665,599,0
666,599,0
667,612,-1
668,598,1
669,590,-2
670,586,-1
671,591,-1
672,577,-1
673,577,2
674,585,-1
675,594,0
676,599,1
677,615,-1
678,613,1
679,618,-3
680,606,0
681,599,0
682,597,-1
683,600,0
684,600,0
685,595,1
686,593,-1
687,595,-1
688,585,1
689,575,1
690,586,-1
691,590,-2
692,606,-2
693,603,-1
694,606,0
695,601,1
696,612,0
697,589,0
698,595,1
699,588,0
700,585,-2
701,589,1
702,589,-3
703,598,-1
704,585,-1
705,585,-1
706,595,-2
707,602,-1
708,606,-2
709,612,-1
710,610,-1
711,617,-1
712,608,0
713,588,2
714,587,-2
715,592,-1
716,588,-2
717,577,-2
718,584,-2
719,594,-1
720,600,-3
721,594,-1
722,602,-2
723,609,-1
724,611,-1
725,609,0
726,609,0
727,612,1
728,595,-2
729,592,-1
730,582,-1
731,581,0
732,582,1
733,579,0
734,594,1
735,609,1
736,606,-1
737,607,-1
738,612,-1
739,619,0
740,607,1
741,599,0
742,608,-2
743,592,-1
744,582,-1
745,575,-1
746,580,-1
747,601,-3
748,594,-1
749,597,1
750,601,1
751,620,-2
752,631,0
753,603,-1
754,603,-1
755,599,0
756,598,-1
757,582,-2
758,591,-2
759,591,-1
760,588,-1
761,577,-1
762,585,1
763,600,-2
764,605,-1
765,605,1
766,614,0
767,620,-1
768,603,-1
769,591,1
770,601,0
771,595,1
772,596,-2
773,589,-2
774,590,-1
775,609,-2
776,594,0
777,591,2
778,597,-2
779,616,-2
780,614,0
781,616,1
782,606,-2
783,606,-2
784,605,-1
785,579,-2
786,590,-2
787,594,-2
788,586,-2
789,588,-1
790,590,-2
791,600,0
792,606,1
793,593,1
794,600,-2
795,613,-2
796,606,0
797,610,0
798,609,-2
799,618,-1
800,605,-1
801,591,-2
802,593,0
803,600,0
804,605,0
805,611,-1
806,618,-2
807,626,-1
808,644,-1
809,633,1
810,641,-2
811,665,-1
812,665,0
813,688,-1
814,691,-3
815,700,-1
816,689,0
817,693,-2
818,696,-1
819,712,-2
820,718,1
821,725,-2
822,745,-2
823,774,1
824,776,-3
825,787,-2
826,795,-2
827,816,0
828,827,-1
829,835,0
830,842,-2
831,851,0
832,852,0
833,855,0
834,869,-1
835,883,0
836,889,-2
837,892,1
838,910,-3
839,932,-4
840,930,-2
841,934,0
842,934,0
843,952,0
844,949,1
845,955,-2
846,957,-1
847,973,0
848,961,-2
849,959,-1
850,980,-2
851,995,-1
852,986,-2
853,1011,0
854,1021,-2
855,1032,0
856,1030,-1
857,1017,1
858,1023,-1
859,1041,0
860,1045,0
861,1043,2
862,1047,1
863,1059,-1
864,1055,1
865,1065,1
866,1071,-2
867,1091,-2
868,1089,1
869,1096,0
870,1110,-2
871,1115,-1
872,1111,-1
873,1100,-1
874,1109,1
875,1120,-3
876,1121,1
877,1143,-2
878,1147,-1
879,1147,1
880,1150,-2
881,1148,-1
882,1154,1
883,1171,0
884,1170,0
885,1176,0
886,1188,1
887,1198,1
888,1194,0
889,1189,0
890,1194,0
891,1203,2
892,1206,-1
893,1215,0
894,1223,1
895,1238,-2
896,1235,1
897,1220,-1
898,1227,-1
899,1256,0
900,1247,1
901,1257,-1
902,1259,0
903,1278,-1
904,1275,0
905,1266,-1
906,1272,-2
907,1277,-2
908,1275,1
909,1274,-1
910,1282,-1
911,1306,-1
912,1304,-2
913,1294,-2
914,1315,1
915,1324,0
916,1328,-1
917,1334,1
918,1335,1
919,1347,-3
920,1340,0
921,1318,-2
922,1331,-2
923,1340,0
924,1336,1
925,1346,-1
926,1360,1
927,1385,1
928,1386,-1
929,1371,1
930,1384,-1
931,1397,-2
932,1397,-1
933,1395,1
934,1400,-1
935,1400,-2
936,1392,0
937,1385,-1
938,1400,-2
939,1397,-1
940,1413,-1
941,1420,0
942,1435,-1
943,1449,-1
944,1457,0
945,1442,-1
946,1441,1
947,1451,1
948,1448,-1
949,1448,-2
950,1454,0
951,1458,0
952,1457,0
953,1436,-1
954,1469,2
955,1479,-2
956,1489,1
957,1494,-2
958,1497,0
959,1504,-1
960,1498,0
961,1490,0
962,1485,-2
963,1504,-1
964,1510,-1
965,1499,1
966,1498,0
967,1516,1
968,1508,-2
969,1507,-1
970,1523,-2
971,1529,-2
972,1528,0
973,1540,-2
974,1540,1
975,1548,-1
976,1549,1
977,1533,-1
978,1539,1
979,1555,-1
980,1544,-2
981,1543,1
982,1560,-2
983,1567,-1
984,1555,-2
985,1554,3
986,1566,0
987,1575,-2
988,1581,-2
989,1590,0
990,1590,1
991,1608,1
992,1597,1
993,1575,-2
994,1587,2
995,1596,-1
996,1586,-1
997,1590,1
998,1595,0
999,1602,-1
1000,1605,0
1001,1599,1
1002,1609,-1
1003,1628,-1
1004,1626,1
1005,1634,-1
1006,1635,-1
1007,1641,-1
1008,1629,-1
1009,1609,-2
1010,1613,1
1011,1617,-2
1012,1624,-2
1013,1625,-3
1014,1635,-2
1015,1658,-2
1016,1664,1
1017,1650,0
1018,1656,-1
1019,1669,-1
1020,1670,1
1021,1665,1
1022,1673,-2
1023,1662,1
1024,1648,-1
1025,1639,0
1026,1639,-2
1027,1659,0
1028,1664,0
1029,1675,-1
1030,1691,-1
1031,1698,-1
1032,1693,-2
1033,1682,-1
1034,1699,-2
1035,1700,-1
1036,1682,0
1037,1677,1
1038,1691,1
1039,1697,1
1040,1680,1
1041,1673,-1
1042,1685,1
1043,1702,1
1044,1708,0
1045,1725,-2
1046,1728,-1
1047,1738,-2
1048,1722,0
1049,1719,-2
1050,1712,0
1051,1717,0
1052,1714,-1
1053,1706,-2
1054,1721,1
1055,1730,-1
1056,1724,-2
1057,1716,1
1058,1729,-2
1059,1751,0
1060,1755,0
1061,1752,-2
1062,1753,0
1063,1761,-1
1064,1764,1
1065,1732,-2
1066,1744,0
1067,1746,0
1068,1735,-2
1069,1750,0
1070,1755,0
1071,1765,-1
1072,1761,-2
1073,1758,0
1074,1769,0
1075,1782,-1
1076,1785,1
1077,1778,0
1078,1786,-2
1079,1795,-2
1080,1785,0
1081,1767,-2
1082,1765,1
1083,1764,1
1084,1778,-1
1085,1793,1
1086,1782,-1
1087,1792,1
1088,1791,-1
1089,1784,1
1090,1793,-1
1091,1810,0
1092,1804,-1
1093,1807,-2
1094,1804,-1
1095,1809,0
1096,1808,-2
1097,1785,-2
1098,1795,-2
1099,1798,0
1100,1783,1
1101,1790,-1
1102,1807,-2
1103,1828,1
1104,1824,1
1105,1821,-2
1106,1821,-1
1107,1836,-1
1108,1836,-1
1109,1835,-1
1110,1828,0
1111,1829,-1
1112,1811,-2
1113,1797,0
1114,1807,-2
1115,1816,0
1116,1826,-1
1117,1834,1
1118,1848,-2
1119,1857,-1
1120,1856,-1
1121,1840,1
1122,1837,-2
1123,1853,1
1124,1840,-1
1125,1838,1
1126,1838,1
1127,1841,-2
1128,1829,-1
1129,1814,-1
1130,1837,-2
1131,1850,-2
1132,1856,-1
1133,1862,-2
1134,1865,1
1135,1876,0
1136,1871,1
1137,1846,-1
1138,1847,-1
1139,1838,-1
1140,1834,0
1141,1841,1
1142,1846,0
1143,1857,-2
1144,1852,-3
1145,1824,0
1146,1848,-2
1147,1873,-1
1148,1867,1
1149,1862,-2
1150,1861,1
1151,1865,-1
1152,1855,0
1153,1840,0
1154,1844,0
1155,1840,1
1156,1832,-2
1157,1841,0
1158,1844,1
1159,1853,-1
1160,1849,-1
1161,1836,0
1162,1851,-2
1163,1858,-1
1164,1850,1
1165,1842,-1
1166,1848,-2
1167,1853,1
1168,1840,1
1169,1820,1
1170,1827,1
1171,1838,-2
1172,1831,-1
1173,1827,1
1174,1826,1
1175,1838,-1
1176,1830,-3
1177,1822,-1
1178,1830,1
1179,1833,-1
1180,1834,0
1181,1838,1
1182,1822,-2
1183,1829,1
1184,1817,-2
1185,1805,0
1186,1801,1
1187,1815,1
1188,1809,0
1189,1795,-2
1190,1806,2
1191,1821,-2
1192,1821,0
1193,1802,-1
1194,1815,0
1195,1825,-1
1196,1822,0
1197,1815,0
1198,1809,-2
1199,1803,-2
1200,1791,1
1201,1782,0
1202,1779,-1
1203,1787,-2
1204,1787,0
1205,1799,-2
1206,1809,-1
1207,1817,1
1208,1815,1
1209,1801,-1
1210,1807,1
1211,1810,-2
1212,1803,0
1213,1783,1
1214,1778,-1
1215,1788,1
1216,1783,0
1217,1753,-2
1218,1768,-3
1219,1780,0
1220,1789,-2
1221,1803,0
1222,1806,0
1223,1815,-2
1224,1816,-1
1225,1790,-2
1226,1782,-2
1227,1782,-1
1228,1769,0
1229,1768,0
1230,1770,-1
1231,1779,-1
1232,1779,0
1233,1759,-2
1234,1785,0
1235,1791,-1
1236,1787,-2
1237,1797,1
1238,1797,1
1239,1799,0
1240,1788,-1
1241,1757,1
1242,1767,-1
1243,1775,-1
1244,1761,1
1245,1760,0
1246,1767,-1
1247,1789,0
1248,1780,-1
1249,1772,0
1250,1778,-2
1251,1788,-2
1252,1797,-2
1253,1783,2
1254,1791,0
1255,1796,-1
1256,1772,-1
1257,1758,-2
1258,1767,-2
1259,1773,-1
1260,1773,-2
1261,1777,1
1262,1779,0
1263,1780,0
1264,1778,-1
1265,1773,-2
1266,1775,0
1267,1786,1
1268,1779,1
1269,1790,1
1270,1788,-2
1271,1795,0
1272,1785,-1
1273,1761,1
1274,1766,1
1275,1779,-2
1276,1770,1
1277,1761,1
1278,1767,-1
1279,1794,-2
1280,1782,0
1281,1771,1
1282,1789,-2
1283,1799,-1
1284,1794,-1
1285,1794,-2
1286,1786,-1
1287,1790,1
1288,1780,-2
1289,1767,-1
1290,1769,-1
1291,1770,-1
1292,1776,-1
1293,1776,1
1294,1781,2
1295,1800,0
1296,1792,0
1297,1782,-1
1298,1802,1
1299,1808,1
1300,1794,-2
1301,1794,1
1302,1780,-2
1303,1788,-1
1304,1770,0
1305,1758,-2
1306,1768,-1
1307,1776,-1
1308,1777,0
1309,1802,-2
1310,1805,-1
1311,1821,0
1312,1813,1
1313,1806,1
1314,1789,-1
1315,1803,-1
1316,1782,-1
1317,1779,1
1318,1774,1
1319,1782,1
1320,1781,-2
1321,1770,0
1322,1785,-1
1323,1803,0
1324,1808,-1
1325,1809,1
1326,1815,0
1327,1821,0
1328,1806,1
1329,1787,1
1330,1788,-1
1331,1785,1
1332,1776,0
1333,1779,-1
1334,1791,-1
1335,1805,-1
1336,1796,0
1337,1783,-1
1338,1796,0
1339,1810,-1
1340,1818,1
1341,1804,-2
1342,1806,0
1343,1821,1
1344,1800,-1
1345,1782,0
1346,1797,0
1347,1799,-2
1348,1796,-1
1349,1797,1
1350,1802,0
1351,1809,0
1352,1807,0
1353,1797,-1
1354,1798,0
1355,1812,-2
1356,1812,1
1357,1820,0
1358,1818,-1
1359,1826,-1
1360,1821,1
1361,1787,0
1362,1809,-1
1363,1808,-1
1364,1797,-2
1365,1794,0
1366,1805,-2
1367,1810,-1
1368,1803,0
1369,1803,-2
1370,1810,-2
1371,1823,0
1372,1821,-2
1373,1832,0
1374,1825,0
1375,1833,-1
1376,1812,-3
1377,1802,0
1378,1804,-2
1379,1787,-1
1380,1785,1
1381,1793,1
1382,1818,-2
1383,1823,-2
1384,1821,-2
1385,1817,-2
1386,1833,-1
1387,1842,-3
1388,1836,-2
1389,1819,-1
1390,1819,-1
1391,1830,0
1392,1799,-1
1393,1781,-2
1394,1790,-2
1395,1791,-1
1396,1803,1
1397,1811,-2
1398,1825,-1
1399,1850,0
1400,1848,0
1401,1838,0
1402,1849,-1
1403,1845,-1
1404,1823,0
1405,1818,0
1406,1806,0
1407,1805,0
1408,1793,-2
1409,1783,-2
1410,1806,-2
1411,1816,-1
1412,1824,-2
1413,1842,0
1414,1853,1
1415,1862,0
1416,1855,-2
1417,1832,-2
1418,1829,1
1419,1826,0
1420,1812,-2
1421,1809,-1
1422,1807,-1
1423,1809,-2
1424,1808,-3
1425,1797,-2
1426,1825,-2
1427,1841,-1
1428,1849,0
1429,1859,-1
1430,1847,1
1431,1856,1
1432,1841,0
1433,1829,-2
1434,1822,-1
1435,1814,0
1436,1803,1
1437,1809,-3
1438,1817,-1
1439,1826,1
1440,1829,-2
1441,1832,-2
1442,1843,-2
1443,1847,0
1444,1858,0
1445,1849,-2
1446,1848,-2
1447,1860,-2
1448,1840,1
1449,1807,-1
1450,1818,1
1451,1823,1
1452,1812,-2
1453,1823,-1
1454,1824,-2
1455,1841,1
1456,1838,-3
1457,1837,0
1458,1841,0
1459,1862,0
1460,1856,-2
1461,1850,-2
1462,1847,0
1463,1847,-1
1464,1827,-1
1465,1818,-1
1466,1826,-2
1467,1816,1
1468,1823,0
1469,1823,1
1470,1830,0
1471,1865,1
1472,1859,1
1473,1847,0
1474,1854,0
1475,1863,-2
1476,1854,0
1477,1848,1
1478,1837,0
1479,1828,-2
1480,1823,-2
1481,1802,-2
1482,1821,-3
1483,1821,0
1484,1834,-2
1485,1846,-3
1486,1866,-2
1487,1883,0
1488,1875,0
1489,1865,0
1490,1862,-1
1491,1858,1
1492,1844,-2
1493,1833,-2
1494,1826,-1
1495,1830,1
1496,1815,-2
1497,1809,0
1498,1826,-2
1499,1834,1
1500,1857,-1
1501,1865,-2
1502,1868,-1
1503,1888,0
1504,1878,-1
1505,1858,-1
1506,1844,-2
1507,1832,1
1508,1828,0
1509,1818,0
1510,1814,-2
1511,1829,-1
1512,1833,-1
1513,1838,-1
1514,1845,1
1515,1871,0
1516,1881,-2
1517,1879,0
1518,1867,0
1519,1869,-2
1520,1856,-2
1521,1832,-1
1522,1831,-2
1523,1828,0
1524,1818,-1
1525,1836,-1
1526,1845,-2
1527,1862,1
1528,1865,1
1529,1862,-2
1530,1870,-1
1531,1880,0
1532,1873,0
1533,1868,-1
1534,1865,-1
1535,1861,-2
1536,1847,0
1537,1830,-1
1538,1836,0
1539,1853,-2
1540,1853,-1
1541,1853,-1
1542,1857,-1
1543,1869,1
1544,1868,-2
1545,1865,1
1546,1871,-2
1547,1862,1
1548,1859,1
1549,1855,0
1550,1864,-1
1551,1864,1
1552,1853,-1
1553,1834,-2
1554,1852,1
1555,1850,-2
1556,1853,-3
1557,1853,-2
1558,1874,1
1559,1872,-2
1560,1870,-1
1561,1856,1
1562,1876,0
1563,1874,0
1564,1871,1
1565,1858,-2
1566,1871,1
1567,1874,0
1568,1861,-2
1569,1850,0
1570,1847,0
1571,1858,-2
1572,1853,0
1573,1861,0
1574,1877,0
1575,1888,1
1576,1886,-2
1577,1877,0
1578,1874,-3
1579,1883,-1
1580,1865,-2
1581,1868,2
1582,1861,-1
1583,1861,1
1584,1849,-1
1585,1852,0
1586,1850,0
1587,1864,1
1588,1865,-2
1589,1881,-1
1590,1888,-2
1591,1894,0
1592,1880,-2
1593,1874,1
1594,1876,1
1595,1859,-2
1596,1856,1
1597,1862,-1
1598,1855,0
1599,1860,-1
1600,1857,-1
1601,1856,0
1602,1867,-1
1603,1886,-1
1604,1888,-2
1605,1889,-1
1606,1894,-2
1607,1906,0
1608,1883,-1
1609,1867,-2
1610,1860,1
1611,1861,-1
1612,1865,0
1613,1854,0
1614,1868,-1
1615,1876,0
1616,1881,-1
1617,1869,-1
1618,1877,-1
1619,1891,-1
1620,1886,1
1621,1893,0
1622,1886,1
1623,1888,-1
1624,1882,0
1625,1859,-1
1626,1867,0
1627,1876,1
1628,1868,-2
1629,1881,-1
1630,1877,0
1631,1886,-2
1632,1879,1
1633,1876,0
1634,1884,0
1635,1883,1
1636,1893,-1
1637,1891,1
1638,1891,0
1639,1886,1
1640,1883,-2
1641,1871,1
1642,1871,-2
1643,1880,-2
1644,1883,1
1645,1871,-1
1646,1874,1
1647,1891,0
1648,1881,0
1649,1878,0
1650,1885,-2
1651,1896,-1
1652,1888,0
1653,1900,-1
1654,1886,-2
1655,1901,1
1656,1886,-1
1657,1864,-2
1658,1861,-2
1659,1866,-1
1660,1870,-1
1661,1877,-3
1662,1883,-2
1663,1893,0
1664,1894,0
1665,1886,-1
1666,1902,-2
1667,1907,-2
1668,1892,1
1669,1898,-2
1670,1891,-1
1671,1891,-4
1672,1868,-1
1673,1859,-1
1674,1864,-1
1675,1875,-1
1676,1871,1
1677,1893,-1
1678,1906,1
1679,1923,-2
1680,1907,-2
1681,1901,0
1682,1894,1
1683,1900,0
1684,1887,0
1685,1873,-2
1686,1868,-1
1687,1872,4
1688,1869,1
1689,1865,-1
1690,1874,1
1691,1897,-1
1692,1902,0
1693,1912,-1
1694,1919,1
1695,1925,1
1696,1915,1
1697,1891,1
1698,1895,3
1699,1882,-2
1700,1866,0
1701,1873,-1
1702,1866,0
1703,1891,0
1704,1884,0
1705,1880,1
1706,1893,1
1707,1910,1
1708,1921,-2
1709,1912,-1
1710,1914,-1
1711,1909,-2
1712,1905,0
1713,1884,0
1714,1877,0
1715,1879,1
1716,1877,1
1717,1875,0
1718,1889,0
1719,1897,-2
1720,1911,0
1721,1894,0
1722,1900,0
1723,1916,-2
1724,1906,0
1725,1912,-1
1726,1912,0
1727,1915,-1
1728,1891,-1
1729,1883,-1
1730,1880,1
1731,1892,1
1732,1886,0
1733,1880,-1
1734,1890,0
1735,1911,-1
1736,1911,0
1737,1900,0
1738,1905,-2
1739,1918,-1
1740,1913,-1
1741,1907,1
1742,1900,-2
1743,1912,1
1744,1903,0
1745,1894,1
1746,1887,-2
1747,1895,1
1748,1886,-2
1749,1899,-2
1750,1902,1
1751,1924,-2
1752,1916,1
1753,1915,-2
1754,1910,-2
1755,1929,-1
1756,1927,0
1757,1910,0
1758,1903,1
1759,1909,0
1760,1900,-2
1761,1874,0
1762,1881,0
1763,1894,-1
1764,1899,1
1765,1913,0
1766,1914,1
1767,1930,1
1768,1928,-1
1769,1913,-1
1770,1918,-2
1771,1923,-3
1772,1906,-2
1773,1894,-3
1774,1892,0
1775,1897,0
1776,1879,0
1777,1871,-1
1778,1883,-2
1779,1910,0
1780,1918,-2
1781,1925,-2
1782,1933,0
1783,1933,-2
1784,1934,-2
1785,1909,0
1786,1912,-2
1787,1907,-2
1788,1883,0
1789,1890,-1
1790,1886,0
1791,1906,-2
1792,1888,-2
1793,1893,1
1794,1924,-2
1795,1942,2
1796,1933,-2
1797,1927,1
1798,1930,-1
1799,1936,-1
1800,1920,1
1801,1891,0
1802,1886,-1
1803,1896,-1
1804,1894,0
1805,1897,0
1806,1902,1
1807,1918,-2
1808,1918,1
1809,1925,0
1810,1936,-1
1811,1939,0
1812,1930,0
1813,1934,-2
1814,1930,-2
1815,1929,-3
1816,1910,-2
1817,1894,1
1818,1900,-2
1819,1904,0
1820,1912,0
1821,1909,0
1822,1908,3
1823,1932,-2
1824,1928,1
1825,1912,0
1826,1922,1
1827,1927,-2
1828,1929,0
1829,1917,-2
1830,1921,-2
1831,1933,-1
1832,1909,0
1833,1898,-2
1834,1900,1
1835,1913,-2
1836,1911,-2
1837,1911,-2
1838,1915,1
1839,1930,-1
1840,1931,-2
1841,1923,1
1842,1920,0
1843,1931,0
1844,1938,1
1845,1924,1
1846,1924,-1
1847,1920,-1
1848,1914,0
1849,1901,-1
1850,1909,-1
1851,1909,0
1852,1911,1
1853,1929,-1
1854,1927,-2
1855,1946,-1
1856,1946,-2
1857,1930,-2
1858,1945,-2
1859,1935,0
1860,1927,-1
1861,1924,-1
1862,1922,-1
1863,1909,1
1864,1911,-2
1865,1894,-3
1866,1905,0
1867,1921,-2
1868,1917,-1
1869,1940,1
1870,1943,1
1871,1962,1
1872,1945,-1
1873,1933,1
1874,1928,1
1875,1928,0
1876,1909,1
1877,1908,0
1878,1903,-1
1879,1915,2
1880,1912,-2
1881,1914,0
1882,1931,-2
1883,1939,-2
1884,1944,0
1885,1952,0
1886,1953,0
1887,1954,1
1888,1942,-2
1889,1922,-2
1890,1912,-1
1891,1906,0
1892,1900,1
1893,1910,-3
1894,1919,-2
1895,1924,-2
1896,1939,1
1897,1938,0
1898,1945,1
1899,1954,-1
1900,1947,0
1901,1946,-2
1902,1939,0
1903,1936,-1
1904,1924,-2
1905,1899,-2
1906,1919,-2
1907,1926,-1
1908,1914,0
1909,1930,1
1910,1930,1
1911,1938,-1
1912,1960,1
1913,1941,0
1914,1951,0
1915,1951,1
1916,1940,1
1917,1939,0
1918,1941,0
1919,1936,-2
1920,1926,-2
1921,1918,1
1922,1920,-1
1923,1923,1
1924,1925,1
1925,1933,1
1926,1933,-2
1927,1951,-2
1928,1939,-2
1929,1936,0
1930,1949,0
1931,1950,-2
1932,1948,-1
1933,1946,0
1934,1939,-1
1935,1943,-1
1936,1931,1
1937,1920,0
1938,1919,-4
1939,1932,0
1940,1922,1
1941,1930,0
1942,1940,2
1943,1951,0
1944,1948,-2
1945,1945,-1
1946,1949,-1
1947,1961,0
1948,1951,0
1949,1938,0
1950,1935,-2
1951,1933,-2
1952,1928,1
1953,1920,0
1954,1917,0
1955,1927,0
1956,1939,1
1957,1954,1
1958,1967,0
1959,1967,-2
1960,1965,-2
1961,1956,1
1962,1953,-2
1963,1952,0
1964,1935,-1
1965,1927,0
1966,1921,0
1967,1931,1
1968,1919,-1
1969,1912,0
1970,1934,3
1971,1958,0
1972,1959,-2
1973,1961,-1
1974,1970,-2
1975,1971,-2
1976,1962,-1
1977,1942,1
1978,1930,0
1979,1932,0
1980,1915,0
1981,1924,1
1982,1917,-1
1983,1936,-1
1984,1948,0
1985,1944,-1
1986,1965,1
1987,1971,1
1988,1968,1
1989,1972,-1
1990,1964,-2
1991,1971,-2
1992,1941,-2
1993,1930,-2
1994,1915,-2
1995,1930,0
1996,1928,-2
1997,1933,-1
1998,1933,-1
1999,1951,-1
2000,1957,-2
2001,1965,0
2002,1966,-2
2003,1966,-1
2004,1962,0
2005,1952,-1
2006,1951,1
2007,1950,-1
2008,1933,-1
2009,1924,-2
2010,1933,-1
2011,1939,0
2012,1933,-2
2013,1939,-1
2014,1957,-1
2015,1965,1
2016,1961,-2
2017,1962,-2
2018,1955,0
2019,1967,-1
2020,1962,0
2021,1956,-2
2022,1945,1
2023,1959,1
2024,1945,-1
2025,1928,0
2026,1935,-1
2027,1940,0
2028,1939,-2
2029,1954,-1
2030,1961,0
2031,1970,-1
2032,1965,-2
2033,1962,1
2034,1961,-1
2035,1976,1
2036,1961,0
2037,1956,0
2038,1950,1
2039,1945,-1
2040,1940,-1
2041,1929,0
2042,1930,-2
2043,1950,-2
2044,1958,1
2045,1957,0
2046,1968,0
2047,1983,-2
2048,1976,0
2049,1967,0
2050,1965,-2
2051,1958,-2
2052,1955,0
2053,1935,1
2054,1936,0
2055,1946,-3
2056,1937,1
2057,1935,0
2058,1943,0
2059,1962,-1
2060,1976,-1
2061,1982,1
2062,1983,0
2063,1986,-2
2064,1974,0
2065,1959,-1
2066,1952,0
2067,1946,-3
2068,1936,1
2069,1944,-1
2070,1939,0
2071,1955,-1
2072,1960,1
2073,1965,-1
2074,1974,-1
2075,1987,-2
2076,1980,-1
2077,1983,-2
2078,1977,1
2079,1974,1
2080,1956,-2
2081,1939,1
2082,1946,-1
2083,1937,-2
2084,1934,-1
2085,1945,0
2086,1964,0
2087,1971,-1
2088,1974,1
2089,1972,1
2090,1975,1
2091,1979,-1
2092,1968,1
2093,1971,0
2094,1959,1
2095,1967,-2
2096,1954,-1
2097,1939,-2
2098,1952,-2
2099,1953,0
2100,1964,1
2101,1965,1
2102,1974,2
2103,1987,-1
2104,1973,-1
2105,1965,0
2106,1961,1
2107,1964,-1
2108,1965,-1
2109,1965,0
2110,1956,1
2111,1962,-2
2112,1955,-2
2113,1946,-2
2114,1958,1
2115,1961,0
2116,1963,0
2117,1959,-2
2118,1959,-2
2119,1986,-1
2120,1971,1
2121,1964,0
2122,1963,-2
2123,1965,-1
2124,1961,-1
2125,1965,-2
2126,1959,-1
2127,1961,0
2128,1958,0
2129,1941,1
2130,1948,-2
2131,1958,-1
2132,1958,0
2133,1962,-1
2134,1968,-1
2135,1980,-2
2136,1974,-1
2137,1977,0
2138,1976,0
2139,1977,-2
2140,1977,-2
2141,1958,-2
2142,1955,0
2143,1968,-1
2144,1965,0
2145,1947,-2
2146,1957,-1
2147,1962,0
2148,1967,-3
2149,1976,-2
2150,1988,1
2151,1995,0
2152,1988,-2
2153,1974,-1
2154,1970,-2
2155,1974,-1
2156,1966,-2
2157,1955,1
2158,1951,1
2159,1964,-2
2160,1956,-2
2161,1955,0
2162,1969,-3
2163,1990,-2
2164,1980,0
2165,1984,1
2166,1988,-2
2167,1998,-2
2168,1983,1
2169,1962,0
2170,1955,-2
2171,1960,-2
2172,1959,0
2173,1956,-1
2174,1956,2
2175,1967,1
2176,1982,-1
2177,1973,1
2178,1975,1
2179,1994,-2
2180,1995,1
2181,1983,-2
2182,1985,-2
2183,1989,-2
2184,1976,0
2185,1956,1
2186,1954,-1
2187,1965,-2
2188,1957,-2
2189,1958,-1
2190,1970,-1
2191,1989,1
2192,1984,-1
2193,1972,0
2194,1978,1
2195,1981,0
2196,1986,1
2197,1986,0
2198,1978,-1
2199,1972,1
2200,1974,1
2201,1958,0
2202,1966,0
2203,1974,1
2204,1959,0
2205,1971,1
2206,1977,1
2207,1995,0
2208,1991,-1
2209,1987,-1
2210,1987,-1
2211,1994,1
2212,1993,1
2213,1985,0
2214,1987,1
2215,1980,1
2216,1974,-1
2217,1965,-3
2218,1968,0
2219,1963,0
2220,1968,-1
2221,1971,1
2222,1989,-1
2223,1995,1
2224,1995,-2
2225,1993,0
2226,1990,-1
2227,2004,-2
2228,1998,-1
2229,1982,-2
2230,1980,1
2231,1969,1
2232,1951,-1
2233,1945,0
2234,1965,-1
2235,1971,0
2236,1983,0
2237,1992,0
2238,1995,1
2239,2010,-1
2240,2010,-2
2241,1997,-1
2242,1990,1
2243,1983,1
2244,1971,-2
2245,1962,0
2246,1962,0
2247,1959,-1
2248,1959,0
2249,1962,-2
2250,1984,-2
2251,2001,1
2252,2009,-2
2253,2013,1
2254,2014,-1
2255,2023,0
2256,2006,-2
2257,1980,0
2258,1973,-1
2259,1963,1
2260,1964,-1
2261,1959,1
2262,1955,-1
2263,1978,1
2264,1983,1
2265,1988,-2
2266,2005,-1
2267,2007,-1
2268,2016,-1
2269,2009,0
2270,2001,-2
2271,2005,-2
2272,1975,-1
2273,1956,-1
2274,1959,1
2275,1971,-1
2276,1969,0
2277,1974,-2
2278,1984,0
2279,2001,-2
2280,2005,-2
2281,2000,-1
2282,2004,-2
2283,2010,1
2284,2008,0
2285,1995,-2
2286,1986,-2
2287,1986,0
2288,1974,-1
2289,1967,-2
2290,1968,-2
2291,1973,1
2292,1983,-3
2293,1990,-1
2294,2000,1
2295,2010,0
2296,2003,-2
2297,1994,-2
2298,2001,1
2299,2001,0
2300,1996,-1
2301,1991,0
2302,1982,-1
2303,1986,0
2304,1976,0
2305,1972,1
2306,1971,1
2307,1984,0
2308,1991,1
2309,1986,0
2310,1994,-1
2311,2008,-1
2312,2009,1
2313,2007,0
2314,2005,-2
2315,2007,1
2316,1998,-1
2317,1987,-2
2318,1986,0
2319,1996,-1
2320,1977,0
2321,1975,-2
2322,1980,0
2323,1995,2
2324,1998,-2
2325,1999,-1
2326,2013,-2
2327,2016,-2
2328,2014,0
2329,2001,0
2330,1999,-1
2331,1998,0
2332,1986,-2
2333,1981,-2
2334,1980,0
2335,1977,-2
2336,1973,0
2337,1974,-2
2338,1990,-1
2339,2008,-1
2340,2017,-1
2341,2018,-2
2342,2024,0
2343,2041,1
2344,2010,-1
2345,1994,-1
2346,1989,1
2347,1985,-1
2348,1969,-1
2349,1973,1
2350,1977,-1
2351,1988,-1
2352,1994,-2
2353,2000,1
2354,2016,0
2355,2026,0
2356,2016,0
2357,2021,0
2358,2017,0
2359,2013,1
2360,1991,0
2361,1975,-1
2362,1965,1
2363,1977,0
2364,1986,0
2365,1977,0
2366,1977,0
2367,2010,-1
2368,2016,1
2369,2010,0
2370,2015,-1
2371,2021,-2
2372,2014,0
2373,2010,0
2374,1995,-1
2375,1996,-2
2376,1981,1
2377,1979,-1
2378,1977,1
2379,1986,0
2380,1994,-1
2381,1995,-1
2382,2010,0
2383,2025,0
2384,2017,0
2385,2010,-2
2386,2007,0
2387,2006,0
2388,1999,-1
2389,1984,-1
2390,1993,1
2391,2000,0
2392,1986,-1
2393,1986,0
2394,1986,1
2395,2004,-2
2396,1999,-1
2397,2013,-2
2398,2017,-1
2399,2022,0
2400,2015,0
2401,2004,-1
2402,2003,1
2403,2012,-2
2404,2009,1
2405,2003,-2
2406,1998,0
2407,2000,1
2408,2001,0
2409,1981,-2
2410,1983,-2
2411,1995,-1
2412,2002,1
2413,2013,-2
2414,2022,-1
2415,2024,1
2416,2023,-1
2417,2022,-1
2418,2016,-1
2419,2004,-1
2420,2001,-2
2421,1994,-1
2422,1992,0
2423,1994,-2
2424,1995,-1
2425,1984,-1
2426,1993,0
2427,2015,-2
2428,2016,0
2429,2028,1
2430,2033,1
2431,2039,1
2432,2024,1
2433,2018,0
2434,2014,1
2435,1998,-2
2436,1985,0
2437,1986,0
2438,1991,-1
2439,1999,0
2440,2006,-1
2441,2007,-1
2442,2020,-1
2443,2031,-1
2444,2021,0
2445,2033,-2
2446,2025,1
2447,2024,1
2448,2008,-2
2449,1989,-2
2450,1997,0
2451,1986,1
2452,1993,-1
2453,1986,-1
2454,2001,-2
2455,2016,0
2456,2024,-3
2457,2029,-2
2458,2024,0
2459,2030,-1
2460,2026,-1
2461,2013,0
2462,2021,0
2463,2013,-1
2464,1992,1
2465,1998,-2
2466,1991,-2
2467,2004,0
2468,2010,-1
2469,2018,1
2470,2019,0
2471,2039,1
2472,2033,-1
2473,2029,-2
2474,2016,0
2475,2022,0
2476,2023,-1
2477,2003,1
2478,2010,0
2479,2009,0
2480,2002,-2
2481,1995,1
2482,2003,-1
2483,2007,-2
2484,2020,1
2485,2021,-3
2486,2016,0
2487,2034,-1
2488,2018,0
2489,2017,0
2490,2015,-1
2491,2016,-2
2492,2010,1
2493,2009,-1
2494,2017,-1
2495,2016,-2
2496,2008,-1
2497,2007,-2
2498,1995,1
2499,2013,-2
2500,2010,0
2501,2019,0
2502,2025,0
2503,2027,-1
2504,2021,0
2505,2019,2
2506,2016,-2
2507,2021,1
2508,2016,0
2509,2017,0
2510,2014,0
2511,2024,-1
2512,2002,-1
2513,2003,-1
2514,1999,0
2515,2019,-2
2516,2013,1
2517,2022,0
2518,2035,1
2519,2043,1
2520,2033,1
2521,2024,-4
2522,2029,-2
2523,2017,-1
2524,2002,1
2525,2002,-1
2526,2008,1
2527,2014,-1
2528,2001,1
2529,2005,-1
2530,2019,-1
2531,2024,-1
2532,2029,1
2533,2036,-2
2534,2036,-1
2535,2047,-1
2536,2038,-2
2537,2016,0
2538,2010,1
2539,2012,-2
2540,2001,0
2541,2003,-1
2542,2010,0
2543,2019,0
2544,2010,-1
2545,2025,-2
2546,2024,0
2547,2039,0
2548,2033,-1
2549,2037,0
2550,2030,-2
2551,2041,0
2552,2012,-1
2553,2009,-1
2554,2006,-2
2555,2014,-2
2556,2012,0
2557,2013,-2
2558,2020,1
2559,2031,0
2560,2033,-2
2561,2025,-2
2562,2027,-1
2563,2033,0
2564,2039,1
2565,2036,-2
2566,2026,1
2567,2021,-1
2568,2021,1
2569,2014,-2
2570,2013,-2
2571,2011,1
2572,2019,-2
2573,2024,0
2574,2030,1
2575,2039,-1
2576,2022,-1
2577,2025,-2
2578,2032,0
2579,2040,-1
2580,2029,-2
2581,2021,-1
2582,2024,1
2583,2024,0
2584,2024,1
2585,2017,0
2586,2006,-2
2587,2010,-1
2588,2010,0
2589,2019,0
2590,2030,2
2591,2037,-1
2592,2040,-1
2593,2030,-1
2594,2037,0
2595,2034,-2
2596,2030,-1
2597,2034,1
2598,2027,-1
2599,2024,-3
2600,2013,-2
2601,1995,1
2602,2002,0
2603,2018,0
2604,2024,-1
2605,2029,1
2606,2045,-2
2607,2060,0
2608,2048,-2
2609,2039,-1
2610,2033,-2
2611,2030,1
2612,2024,2
2613,2016,-2
2614,2001,1
2615,2004,-2
2616,1999,1
2617,2000,0
2618,2016,1
2619,2030,0
2620,2042,-1
2621,2050,-1
2622,2057,1
2623,2063,0
2624,2053,-1
2625,2032,-1
2626,2021,-2
2627,2014,1
2628,2004,-2
2629,2004,-2
2630,2005,-3
2631,2019,0
2632,2018,-2
2633,2029,-1
2634,2036,-2
2635,2064,-2
2636,2052,1
2637,2058,-1
2638,2048,0
2639,2048,1
2640,2014,0
2641,2007,-2
2642,2010,1
2643,2001,1
2644,2005,0
2645,2006,1
2646,2024,0
2647,2045,-1
2648,2049,-3
2649,2046,1
2650,2048,0
2651,2055,-2
2652,2058,-2
2653,2044,-1
2654,2032,1
2655,2029,-2
2656,2008,-1
2657,1998,0
2658,2004,-2
2659,2018,1
2660,2026,-1
2661,2026,0
2662,2048,1
2663,2066,-1
2664,2061,-1
2665,2044,0
2666,2043,0
2667,2043,1
2668,2036,0
2669,2021,0
2670,2026,0
2671,2027,0
2672,2016,1
2673,2010,-1
2674,2014,0
2675,2021,1
2676,2026,1
2677,2039,1
2678,2040,-2
2679,2062,-1
2680,2052,-2
2681,2043,-1
2682,2050,-2
2683,2042,1
2684,2034,-1
2685,2015,0
2686,2023,1
2687,2027,0
2688,2022,-1
2689,2007,-1
2690,2010,1
2691,2025,-1
2692,2043,0
2693,2045,1
2694,2051,-2
2695,2059,-2
2696,2051,-2
2697,2053,-1
2698,2038,-1
2699,2034,-1
2700,2027,0
2701,2018,0
2702,2012,-2
2703,2033,1
2704,2016,-2
2705,2021,-2
2706,2033,-2
2707,2042,-1
2708,2053,-1
2709,2054,-2
2710,2058,0
2711,2069,0
2712,2057,0
2713,2039,-1
2714,2026,0
2715,2024,1
2716,2013,2
2717,2006,-1
2718,2021,1
2719,2027,0
2720,2035,0
2721,2042,-1
2722,2056,0
2723,2066,-2
2724,2063,1
2725,2063,-2
2726,2059,2
2727,2059,0
2728,2032,-1
2729,2013,1
2730,2013,0
2731,2014,1
2732,2019,1
2733,2021,0
2734,2027,-2
2735,2061,0
2736,2059,2
2737,2063,1
2738,2064,-2
2739,2075,1
2740,2052,1
2741,2052,-1
2742,2045,-1
2743,2039,1
2744,2016,0
2745,2016,1
2746,2018,-1
2747,2030,0
2748,2033,-1
2749,2042,-1
2750,2052,-2
2751,2071,1
2752,2066,0
2753,2050,1
2754,2054,1
2755,2047,1
2756,2039,-2
2757,2045,1
2758,2027,0
2759,2031,-1
2760,2024,-1
2761,2028,-1
2762,2033,1
2763,2039,1
2764,2041,-2
2765,2051,0
2766,2061,-1
2767,2072,-2
2768,2055,-2
2769,2045,0
2770,2037,0
2771,2037,-2
2772,2041,0
2773,2033,0
2774,2034,-1
2775,2042,-1
2776,2038,-1
2777,2033,-1
2778,2033,-2
2779,2051,-3
2780,2043,1
2781,2054,-2
2782,2051,-2
2783,2067,-2
2784,2048,1
2785,2048,-1
2786,2048,-2
2787,2044,-2
2788,2024,0
2789,2031,0
2790,2040,-1
2791,2045,0
2792,2024,0
2793,2027,2
2794,2036,0
2795,2053,-1
2796,2055,-2
2797,2052,0
2798,2060,-2
2799,2067,1
2800,2063,0
2801,2042,-2
2802,2042,1
2803,2039,-2
2804,2027,-2
2805,2027,0
2806,2025,1
2807,2033,-2
2808,2045,2
2809,2044,2
2810,2054,-1
2811,2064,0
2812,2066,-1
2813,2070,0
2814,2068,1
2815,2075,1
2816,2050,1
2817,2033,-2
2818,2028,-2
2819,2033,0
2820,2031,-2
2821,2031,-1
2822,2043,1
2823,2057,0
2824,2054,0
2825,2058,1
2826,2063,-2
2827,2065,-1
2828,2063,0
2829,2062,-1
2830,2055,-2
2831,2045,1
2832,2030,-1
2833,2026,0
2834,2027,-1
2835,2032,1
2836,2040,1
2837,2052,-2
2838,2056,-2
2839,2073,-1
2840,2071,0
2841,2064,-2
2842,2057,0
2843,2060,0
2844,2058,-1
2845,2044,1
2846,2051,-2
2847,2052,0
2848,2033,0
2849,2036,0
2850,2045,-1
2851,2052,0
2852,2052,1
2853,2061,1
2854,2069,1
2855,2075,1
2856,2059,-1
2857,2058,-1
2858,2054,-2
2859,2051,-1
2860,2042,0
2861,2048,-2
2862,2048,-1
2863,2064,-1
2864,2043,-1
2865,2044,-1
2866,2048,-3
2867,2057,-1
2868,2055,-2
2869,2048,-2
2870,2063,0
2871,2071,-2
2872,2056,-1
2873,2051,1
2874,2059,1
2875,2057,1
2876,2057,-2
2877,2049,-1
2878,2050,-2
2879,2060,1
2880,2045,1
2881,2035,-2
2882,2040,0
2883,2055,-2
2884,2053,-2
2885,2056,0
2886,2070,-2
2887,2079,-2
2888,2072,-2
2889,2061,-1
2890,2066,0
2891,2061,1
2892,2051,1
2893,2050,0
2894,2039,0
2895,2048,-1
2896,2046,-1
2897,2045,-1
2898,2048,2
2899,2061,-1
2900,2060,-1
2901,2081,1
2902,2083,-1
2903,2090,0
2904,2067,1
2905,2057,-1
2906,2047,0
2907,2043,-2
2908,2042,-1
2909,2036,-2
2910,2042,1
2911,2058,-1
2912,2051,-1
2913,2054,-2
2914,2069,-2
2915,2080,-3
2916,2084,-1
2917,2067,-2
2918,2078,-2
2919,2075,-1
2920,2059,-2
2921,2032,1
2922,2033,-2
2923,2043,-2
2924,2039,1
2925,2043,1
2926,2060,-2
2927,2075,0
2928,2075,1
2929,2066,1
2930,2076,-2
2931,2078,-1
2932,2076,0
2933,2063,-1
2934,2064,0
2935,2058,-1
2936,2042,1
2937,2037,1
2938,2036,0
2939,2048,0
2940,2043,-3
2941,2051,-1
2942,2075,-1
2943,2086,-1
2944,2081,-2
2945,2070,-1
2946,2069,-1
2947,2067,-1
2948,2059,0
2949,2053,-1
2950,2054,0
2951,2072,0
2952,2051,0
2953,2038,1
2954,2039,0
2955,2053,0
2956,2059,1
2957,2066,-3
2958,2078,0
2959,2075,-1
2960,2063,-2
2961,2066,0
2962,2064,-2
2963,2072,-1
2964,2063,1
2965,2059,0
2966,2058,-1
2967,2069,0
2968,2047,0
2969,2042,-2
2970,2051,0
2971,2064,-2
2972,2068,-1
2973,2067,-1
2974,2082,-1
2975,2087,-2
2976,2077,-1
2977,2076,-1
2978,2068,-2
2979,2061,-1
2980,2053,1
2981,2054,0
2982,2054,0
2983,2047,-2
2984,2042,-2
2985,2045,0
2986,2054,-1
2987,2075,1
2988,2072,-1
2989,2075,1
2990,2095,-1
2991,2099,0
2992,2077,0
2993,2060,0
2994,2043,1
2995,2048,-1
2996,2041,-2
2997,2036,1
2998,2040,0
2999,2065,-1
3000,2054,-2
3001,2066,-2
3002,2078,-1
3003,2089,0
3004,2087,-1
3005,2088,0
3006,2087,0
3007,2087,-1
3008,2048,0
3009,2042,0
3010,2029,-1
3011,2038,-1
3012,2035,-2
3013,2037,1
3014,2063,0
3015,2082,-2
3016,2081,2
3017,2077,-2
3018,2082,-2
3019,2096,-1
3020,2082,1
3021,2074,1
3022,2065,-2
3023,2073,0
3024,2042,0
3025,2033,-2
3026,2042,-1
3027,2050,0
3028,2045,-2
3029,2070,-2
3030,2084,1
3031,2099,1
3032,2094,-1
3033,2077,-1
3034,2081,-2
3035,2072,1
3036,2060,-2
3037,2059,0
3038,2052,0
3039,2053,1
3040,2044,1
3041,2049,0
3042,2054,-1
3043,2067,-1
3044,2076,-2
3045,2079,-1
3046,2075,-4
3047,2090,-2
3048,2075,-1
3049,2067,1
3050,2071,1
3051,2063,0
3052,2056,-2
3053,2043,-2
3054,2052,-2
3055,2072,1
3056,2054,-1
3057,2061,-1
3058,2061,0
3059,2069,1
3060,2075,-2
3061,2074,-1
3062,2081,-2
3063,2095,1
3064,2079,-2
3065,2066,-1
3066,2067,1
3067,2063,1
3068,2057,-2
3069,2053,-1
3070,2066,-2
3071,2072,0
3072,2054,0
3073,2056,-2
3074,2065,0
3075,2076,-2
3076,2078,-1
3077,2075,1
3078,2089,0
3079,2105,-2
3080,2082,1
3081,2069,0
3082,2067,-1
3083,2069,0
3084,2054,-1
3085,2061,1
3086,2054,1
3087,2074,0
3088,2062,0
3089,2066,0
3090,2081,1
3091,2101,-2
3092,2087,1
3093,2095,-2
3094,2092,1
3095,2098,-2
3096,2074,1
3097,2058,-1
3098,2055,0
3099,2057,0
3100,2050,-2
3101,2057,0
3102,2061,-2
3103,2086,1
3104,2084,-2
3105,2075,0
3106,2094,1
3107,2089,1
3108,2089,0
3109,2086,0
3110,2073,1
3111,2083,-2
3112,2054,-2
3113,2048,0
3114,2047,0
3115,2055,0
3116,2063,1
3117,2075,-2
3118,2084,-3
3119,2101,0
3120,2092,-1
3121,2088,1
3122,2083,-1
3123,2083,-2
3124,2071,0
3125,2070,1
3126,2060,0
3127,2072,-1
3128,2051,-1
3129,2053,-2
3130,2067,0
3131,2071,1
3132,2081,-1
3133,2082,-1
3134,2101,1
3135,2097,-1
3136,2085,1
3137,2081,0
3138,2081,-1
3139,2081,1
3140,2073,0
3141,2068,0
3142,2068,0
3143,2078,-2
3144,2066,-2
3145,2063,0
3146,2059,-2
3147,2081,1
3148,2088,0
3149,2090,-2
3150,2094,-1
3151,2096,1
3152,2089,0
3153,2081,0
3154,2072,-1
3155,2075,-2
3156,2069,-5
3157,2072,1
3158,2066,1
3159,2079,-1
3160,2063,-1
3161,2054,1
3162,2072,0
3163,2084,-2
3164,2084,-2
3165,2091,1
3166,2102,0
3167,2109,0
3168,2099,0
3169,2084,-2
3170,2079,1
3171,2068,0
3172,2067,-1
3173,2064,0
3174,2057,0
3175,2073,0
3176,2060,0
3177,2063,-2
3178,2075,-2
3179,2089,2
3180,2099,-1
3181,2108,0
3182,2106,1
3183,2107,0
3184,2087,0
3185,2063,-1
3186,2060,-2
3187,2058,0
3188,2060,-2
3189,2059,0
3190,2063,1
3191,2082,-3
3192,2088,-1
3193,2092,-3
3194,2097,-2
3195,2113,-1
3196,2102,0
3197,2097,0
3198,2087,-1
3199,2079,0
3200,2063,1
3201,2046,-2
3202,2048,-2
3203,2054,0
3204,2060,1
3205,2060,1
3206,2085,-2
3207,2108,1
3208,2100,-1
3209,2099,0
3210,2090,1
3211,2101,-2
3212,2088,-2
3213,2084,-1
3214,2078,-2
3215,2067,0
3216,2053,-2
3217,2046,2
3218,2057,1
3219,2070,1
3220,2079,-2
3221,2104,0
3222,2103,-2
3223,2114,1
3224,2102,-2
3225,2089,-3
3226,2088,-1
3227,2087,0
3228,2070,1
3229,2066,0
3230,2071,0
3231,2079,-2
3232,2063,1
3233,2062,1
3234,2071,-2
3235,2089,1
3236,2092,0
3237,2105,0
3238,2103,-2
3239,2111,0
3240,2100,-1
3241,2088,1
3242,2084,0
3243,2072,-1
3244,2080,0
3245,2073,-3
3246,2075,1
3247,2084,0
3248,2078,-2
3249,2069,-2
3250,2081,-1
3251,2085,0
3252,2095,1
3253,2097,0
3254,2096,-1
3255,2105,-1
3256,2089,3
3257,2081,0
3258,2082,-2
3259,2080,1
3260,2067,-2
3261,2075,0
3262,2069,1
3263,2083,-1
3264,2082,0
3265,2071,-1
3266,2087,1
3267,2095,-2
3268,2095,1
3269,2095,1
3270,2112,1
3271,2108,1
3272,2091,-1
3273,2069,-1
3274,2072,0
3275,2071,1
3276,2066,0
3277,2073,-1
3278,2078,-2
3279,2090,-2
3280,2097,0
3281,2096,-2
3282,2103,-2
3283,2114,-1
3284,2104,-2
3285,2104,-1
3286,2104,-1
3287,2094,1
3288,2081,-1
3289,2054,-2
3290,2068,-3
3291,2075,-2
3292,2080,0
3293,2076,1
3294,2093,1
3295,2112,0
3296,2102,-1
3297,2096,0
3298,2105,0
3299,2105,-2
3300,2098,-2
3301,2084,0
3302,2091,0
3303,2084,-2
3304,2062,0
3305,2066,1
3306,2063,1
3307,2075,-2
3308,2081,1
3309,2095,0
3310,2102,-2
3311,2108,0
3312,2103,0
3313,2090,-2
3314,2092,0
3315,2089,-2
3316,2083,-1
3317,2066,-2
3318,2077,1
3319,2087,1
3320,2079,0
3321,2066,-2
3322,2078,-1
3323,2089,-1
3324,2095,-2
3325,2100,-2
3326,2096,-1
3327,2095,-2
3328,2082,0
3329,2089,-1
3330,2084,0
3331,2083,0
3332,2082,-2
3333,2083,1
3334,2082,0
3335,2093,-1
3336,2087,-2
3337,2081,-2
3338,2092,0
3339,2089,-2
3340,2090,-1
3341,2103,-1
3342,2097,-1
3343,2103,0
3344,2098,-1
3345,2087,-2
3346,2093,-1
3347,2095,0
3348,2086,-1
3349,2084,1
3350,2091,0
3351,2084,0
3352,2078,-1
3353,2085,0
3354,2089,1
3355,2096,-2
3356,2092,0
3357,2099,-1
3358,2101,0
3359,2121,-1
3360,2101,0
3361,2084,-2
3362,2091,-1
3363,2088,0
3364,2084,-1
3365,2080,0
3366,2076,0
3367,2080,1
3368,2082,-1
3369,2088,1
3370,2098,0
3371,2101,-2
3372,2109,-2
3373,2122,-1
3374,2117,-2
3375,2108,-1
3376,2092,0
3377,2074,-2
3378,2074,1
3379,2075,0
3380,2067,-2
3381,2072,1
3382,2089,-1
3383,2106,-1
3384,2102,1
3385,2095,0
3386,2103,-2
3387,2119,-2
3388,2113,-2
3389,2106,1
3390,2102,-1
3391,2092,-2
3392,2069,-2
3393,2064,-2
3394,2070,-2
3395,2073,-1
3396,2071,0
3397,2092,-1
3398,2108,0
3399,2113,2
3400,2110,-1
3401,2104,1
3402,2108,1
3403,2122,0
3404,2101,-2
3405,2086,-1
3406,2092,0
3407,2084,-2
3408,2072,-1
3409,2066,-1
3410,2079,0
3411,2090,0
3412,2098,-1
3413,2104,-2
3414,2118,-2
3415,2128,-2
3416,2108,-2
3417,2094,-2
3418,2104,0
3419,2089,0
3420,2087,1
3421,2077,1
3422,2096,0
3423,2093,0
3424,2082,0
3425,2074,-1
3426,2086,0
3427,2092,1
3428,2104,-2
3429,2101,-1
3430,2123,0
3431,2119,0
3432,2112,-2
3433,2100,-1
3434,2092,-1
3435,2100,-2
3436,2092,0
3437,2095,-2
3438,2101,-1
3439,2091,-1
3440,2094,-2
3441,2078,0
3442,2094,-2
3443,2099,-1
3444,2108,-1
3445,2107,1
3446,2112,-1
3447,2127,1
3448,2112,-2
3449,2103,-2
3450,2095,-1
3451,2087,1
3452,2089,1
3453,2085,0
3454,2096,-1
3455,2094,1
3456,2086,0
3457,2085,-1
3458,2104,-1
3459,2112,1
3460,2125,-2
3461,2123,-1
3462,2120,1
3463,2121,1
3464,2107,1
3465,2083,-1
3466,2087,0
3467,2081,0
3468,2078,1
3469,2072,1
3470,2090,0
3471,2104,-2
3472,2119,-1
3473,2111,-1
3474,2128,1
3475,2123,-2
3476,2127,-2
3477,2125,-1
3478,2122,0
3479,2094,1
3480,2089,-2
3481,2071,1
3482,2084,-2
3483,2081,0
3484,2087,1
3485,2091,-1
3486,2124,-1
3487,2125,0
3488,2123,0
3489,2119,1
3490,2129,1
3491,2119,1
3492,2107,-2
3493,2100,0
3494,2090,-2
3495,2095,1
3496,2085,-1
3497,2074,-2
3498,2091,1
3499,2106,0
3500,2106,-1
3501,2119,-2
3502,2132,-2
3503,2139,0
3504,2122,-2
3505,2113,-1
3506,2115,-2
3507,2096,1
3508,2095,-2
3509,2083,0
3510,2090,-2
3511,2092,1
3512,2087,-1
3513,2083,-1
3514,2101,-1
3515,2117,-2
3516,2120,-1
3517,2118,-1
3518,2122,-1
3519,2126,0
3520,2119,1
3521,2106,1
3522,2095,-1
3523,2098,1
3524,2094,-1
3525,2091,1
3526,2108,-1
3527,2101,1
3528,2091,-1
3529,2095,1
3530,2098,0
3531,2108,-2
3532,2115,1
3533,2110,-1
3534,2124,1
3535,2119,0
3536,2110,0
3537,2101,0
3538,2099,-1
3539,2101,0
3540,2092,1
3541,2098,-1
3542,2104,-1
3543,2092,0
3544,2101,1
3545,2100,-1
3546,2110,1
3547,2123,0
3548,2116,-1
3549,2124,-1
3550,2137,-2
3551,2126,0
3552,2110,-2
3553,2089,-2
3554,2088,1
3555,2088,-2
3556,2093,-1
3557,2081,-2
3558,2099,1
3559,2116,1
3560,2111,1
3561,2112,1
3562,2118,-3
3563,2133,0
3564,2137,3
3565,2123,1
3566,2119,0
3567,2110,-2
3568,2089,0
3569,2077,-1
3570,2092,0
3571,2084,0
3572,2088,1
3573,2087,-2
3574,2122,-2
3575,2134,0
3576,2128,0
3577,2128,0
3578,2129,0
3579,2142,-2
3580,2128,-2
3581,2112,0
3582,2096,0
3583,2088,-1
3584,2091,1
3585,2081,0
3586,2088,-3
3587,2099,0
3588,2109,1
3589,2128,-3
3590,2138,-2
3591,2135,-1
3592,2131,1
3593,2121,0
3594,2117,-2
3595,2105,-2
3596,2092,-2
3597,2089,-1
3598,2096,-2
3599,2091,-2
3600,2088,1
3601,2091,1
3602,2105,0
3603,2128,0
3604,2124,1
3605,2134,1
3606,2134,0
3607,2131,0
3608,2124,1
3609,2107,-1
3610,2105,-2
3611,2107,-2
3612,2095,-1
3613,2098,-1
3614,2108,-1
3615,2104,-1
3616,2095,-2
3617,2100,-2
3618,2113,-1
3619,2123,-1
3620,2127,1
3621,2122,-2
3622,2143,1
3623,2126,0
3624,2113,-2
3625,2107,1
3626,2104,-1
3627,2109,-2
3628,2103,0
3629,2105,-1
3630,2113,-2
3631,2109,-2
3632,2104,-1
3633,2102,1
3634,2116,2
3635,2130,-2
3636,2121,0
3637,2131,-2
3638,2135,0
3639,2122,-4
3640,2116,1
3641,2102,1
3642,2102,-1
3643,2095,1
3644,2103,-1
3645,2098,0
3646,2110,-2
3647,2112,-1
3648,2123,-1
3649,2111,-1
3650,2122,-1
3651,2138,-2
3652,2140,-1
3653,2135,-1
3654,2133,1
3655,2107,-2
3656,2108,1
3657,2093,-2
3658,2092,0
3659,2089,1
3660,2091,1
3661,2102,-1
3662,2118,1
3663,2121,-2
3664,2134,-2
3665,2122,-1
3666,2130,-1
3667,2134,-1
3668,2134,0
3669,2122,0
3670,2121,-1
3671,2112,0
3672,2092,-2
3673,2086,0
3674,2087,-2
3675,2098,1
3676,2112,-2
3677,2124,-1
3678,2137,-2
3679,2146,1
3680,2135,1
3681,2124,-1
3682,2131,-2
3683,2122,0
3684,2118,1
3685,2092,0
3686,2100,-1
3687,2098,-2
3688,2110,-2
3689,2092,2
3690,2104,-2
3691,2113,-1
3692,2134,-1
3693,2129,1
3694,2147,-2
3695,2134,-1
3696,2123,0
3697,2118,-1
3698,2117,0
3699,2112,-2
3700,2098,1
3701,2104,-1
3702,2126,1
3703,2107,-2
3704,2116,-2
3705,2113,-2
3706,2126,1
3707,2128,-2
3708,2125,-1
3709,2134,1
3710,2128,-1
3711,2128,-1
3712,2120,0
3713,2108,0
3714,2107,1
3715,2118,-1
3716,2113,-2
3717,2104,-1
3718,2125,-2
3719,2108,-1
3720,2113,-2
3721,2114,-3
3722,2116,-2
3723,2126,-2
3724,2122,0
3725,2128,-2
3726,2135,-1
3727,2131,0
3728,2129,-2
3729,2106,-1
3730,2112,-1
3731,2112,-2
3732,2111,0
3733,2108,0
3734,2117,-1
3735,2110,1
3736,2119,-2
3737,2113,-3
3738,2126,1
3739,2137,0
3740,2132,1
3741,2141,-2
3742,2146,-2
3743,2136,-2
3744,2123,0
3745,2104,0
3746,2108,-2
3747,2101,1
3748,2106,1
3749,2101,-1
3750,2126,1
3751,2114,-2
3752,2121,-2
3753,2132,-2
3754,2140,-1
3755,2146,-2
3756,2137,-1
3757,2133,0
3758,2135,1
3759,2120,0
3760,2107,1
3761,2089,-1
3762,2098,-2
3763,2110,1
3764,2106,-2
3765,2121,0
3766,2142,1
3767,2137,0
3768,2134,-2
3769,2128,-2
3770,2141,0
3771,2125,-1
3772,2123,-1
3773,2115,-2
3774,2122,0
3775,2097,0
3776,2101,0
3777,2106,0
3778,2110,-2
3779,2124,-1
3780,2129,-2
3781,2136,-2
3782,2152,1
3783,2141,-2
3784,2128,-2
3785,2125,-1
3786,2119,-2
3787,2110,-2
3788,2105,-2
3789,2106,-2
3790,2125,0
3791,2119,-2
3792,2114,-1
3793,2107,1
3794,2117,-1
3795,2137,0
3796,2138,-1
3797,2136,0
3798,2144,0
3799,2135,-1
3800,2138,-1
3801,2121,1
3802,2115,-2
3803,2116,1
3804,2119,-2
3805,2123,-1
3806,2136,1
3807,2121,-1
3808,2113,-2
3809,2112,-2
3810,2122,0
3811,2125,0
3812,2128,-2
3813,2132,0
3814,2137,-1
3815,2134,0
3816,2130,0
3817,2119,-1
3818,2120,0
3819,2128,1
3820,2113,1
3821,2116,-2
3822,2119,-2
3823,2117,1
3824,2123,0
3825,2117,-2
3826,2128,-2
3827,2143,0
3828,2128,1
3829,2146,-2
3830,2155,1
3831,2137,-2
3832,2124,-2
3833,2113,-2
3834,2120,-1
3835,2116,0
3836,2107,0
3837,2104,-2
3838,2125,0
3839,2123,-2
3840,2128,0
3841,2125,1
3842,2144,0
3843,2140,0
3844,2147,1
3845,2140,0
3846,2151,2
3847,2127,-2
3848,2117,1
3849,2107,-1
3850,2098,-2
3851,2112,1
3852,2104,-2
3853,2116,1
3854,2141,1
3855,2134,-1
3856,2135,-2
3857,2145,-4
3858,2147,-2
3859,2149,-2
3860,2141,-1
3861,2129,-1
3862,2138,0
3863,2107,-1
3864,2098,1
3865,2098,-1
3866,2097,1
3867,2116,-1
3868,2127,-3
3869,2131,-1
3870,2152,-2
3871,2159,0
3872,2150,-2
3873,2139,1
3874,2135,1
3875,2134,-1
3876,2121,0
3877,2116,1
3878,2127,1
3879,2108,0
3880,2116,-1
3881,2103,-1
3882,2120,-2
3883,2139,-3
3884,2146,-1
3885,2146,-1
3886,2163,-1
3887,2144,-2
3888,2148,0
3889,2134,0
3890,2124,1
3891,2121,1
3892,2105,-2
3893,2111,1
3894,2132,-3
3895,2117,-1
3896,2112,-1
3897,2116,-2
3898,2132,0
3899,2137,1
3900,2149,1
3901,2140,-1
3902,2163,-1
3903,2152,-1
3904,2135,0
3905,2127,0
3906,2116,-1
3907,2124,0
3908,2119,1
3909,2108,-1
3910,2123,0
3911,2118,1
3912,2118,-3
3913,2125,1
3914,2136,-1
3915,2143,-3
3916,2147,1
3917,2149,-2
3918,2158,0
3919,2147,0
3920,2137,-2
3921,2119,0
3922,2114,1
3923,2114,-1
3924,2111,0
3925,2106,1
3926,2121,-1
3927,2120,0
3928,2134,-1
3929,2134,1
3930,2138,1
3931,2168,-3
3932,2161,0
3933,2157,-1
3934,2163,-1
3935,2130,-2
3936,2123,-2
3937,2110,-2
3938,2095,-1
3939,2105,-2
3940,2105,-1
3941,2125,-1
3942,2146,0
3943,2149,1
3944,2159,-1
3945,2149,0
3946,2154,-2
3947,2169,-2
3948,2155,0
3949,2133,0
3950,2131,-2
3951,2102,1
3952,2101,1
3953,2100,0
3954,2105,-1
3955,2113,1
3956,2137,0
3957,2137,-2
3958,2172,0
3959,2167,0
3960,2174,-1
3961,2149,1
3962,2149,-1
3963,2137,-1
3964,2120,1
3965,2115,0
3966,2121,-2
3967,2120,1
3968,2121,0
3969,2116,0
3970,2130,-1
3971,2149,1
3972,2160,-1
3973,2171,-1
3974,2180,0
3975,2166,-2
3976,2150,-2
3977,2133,-1
3978,2123,-2
3979,2121,-2
3980,2104,1
3981,2113,0
3982,2121,-2
3983,2129,-1
3984,2131,1
3985,2135,0
3986,2146,1
3987,2165,1
3988,2157,-1
3989,2156,-1
3990,2169,0
3991,2158,-2
3992,2146,-3
3993,2119,0
3994,2118,-2
3995,2112,-2
3996,2119,-2
3997,2131,-2
3998,2144,-1
3999,2128,1
4000,2141,0
4001,2141,-1
4002,2153,-2
4003,2152,0
4004,2153,1
4005,2146,1
4006,2151,0
4007,2141,-2
4008,2131,-1
4009,2122,2
4010,2125,1
4011,2127,-1
4012,2131,-2
4013,2131,1
4014,2142,-2
4015,2153,1
4016,2152,-2
4017,2143,0
4018,2145,0
4019,2153,-1
4020,2148,1
4021,2149,-2
4022,2150,1
4023,2134,-1
4024,2119,1
4025,2119,0
4026,2125,-2
4027,2135,0
4028,2126,1
4029,2138,-2
4030,2159,1
4031,2150,1
4032,2154,-1
4033,2153,-1
4034,2149,0
4035,2149,1
4036,2138,-1
4037,2130,0
4038,2140,-2
4039,2120,-2
4040,2123,1
4041,2116,-2
4042,2122,1
4043,2124,-1
4044,2141,0
4045,2149,-1
4046,2169,-2
4047,2168,1
4048,2153,1
4049,2146,-2
4050,2139,0
4051,2134,-2
4052,2130,-2
4053,2120,0
4054,2140,1
4055,2125,1
4056,2124,1
4057,2122,0
4058,2137,0
4059,2153,-1
4060,2152,0
4061,2161,1
4062,2165,-2
4063,2151,1
4064,2145,-1
4065,2137,1
4066,2125,-2
4067,2131,1
4068,2122,-1
4069,2131,-2
4070,2149,-1
4071,2143,-2
4072,2138,-1
4073,2135,-2
4074,2150,-2
4075,2152,-1
4076,2150,0
4077,2152,-1
4078,2157,2
4079,2143,-2
4080,2137,1
4081,2141,1
4082,2127,1
4083,2140,1
4084,2148,-2
4085,2137,0
4086,2155,0
4087,2140,1
4088,2146,-1
4089,2134,-1
4090,2146,-2
4091,2137,-2
4092,2140,-2
4093,2140,0
4094,2154,0
4095,2137,0
4096,2146,-1
4097,2141,-1
4098,2139,0
4099,2148,-1
4100,2140,-1
4101,2141,0
4102,2154,1
4103,2140,-1
4104,2140,1
4105,2140,-1
4106,2139,-1
4107,2146,0
4108,2154,0
4109,2155,-1
4110,2172,0
4111,2160,-2
4112,2146,-1
4113,2137,-2
4114,2137,0
4115,2131,1
4116,2124,-2
4117,2124,-1
4118,2144,1
4119,2140,-2
4120,2146,0
4121,2141,1
4122,2151,1
4123,2155,-2
4124,2168,-2
4125,2163,-2
4126,2168,-2
4127,2153,-1
4128,2137,-1
4129,2118,-2
4130,2118,0
4131,2119,1
4132,2126,1
4133,2130,1
4134,2155,-2
4135,2147,-1
4136,2157,-1
4137,2157,-1
4138,2162,0
4139,2163,-2
4140,2160,-2
4141,2152,0
4142,2154,-4
4143,2134,-1
4144,2125,-1
4145,2125,-2
4146,2124,-2
4147,2129,-2
4148,2143,1
4149,2154,-2
4150,2171,-1
4151,2174,-1
4152,2166,0
4153,2153,0
4154,2150,-3
4155,2150,-2
4156,2143,1
4157,2131,1
4158,2143,-1
4159,2131,1
4160,2134,-2
4161,2130,0
4162,2135,-2
4163,2144,-1
4164,2165,-1
4165,2160,-2
4166,2181,0
4167,2163,1
4168,2152,0
4169,2151,0
4170,2142,-1
4171,2133,0
4172,2133,1
4173,2133,0
4174,2151,1
4175,2137,-1
4176,2130,0
4177,2134,-2
4178,2146,1
4179,2152,-2
4180,2154,0
4181,2153,0
4182,2178,0
4183,2166,-2
4184,2149,0
4185,2138,-2
4186,2140,-1
4187,2136,1
4188,2140,0
4189,2128,0
4190,2140,-1
4191,2141,-1
4192,2138,1
4193,2143,1
4194,2154,0
4195,2163,-1
4196,2161,1
4197,2165,0
4198,2180,1
4199,2160,-1
4200,2140,-2
4201,2119,-2
4202,2128,-2
4203,2133,0
4204,2123,1
4205,2125,-1
4206,2150,-2
4207,2140,0
4208,2150,-1
4209,2146,-1
4210,2160,-2
4211,2172,2
4212,2172,-2
4213,2168,0
4214,2165,1
4215,2151,0
4216,2134,-1
4217,2122,0
4218,2118,0
4219,2114,0
4220,2124,0
4221,2140,1
4222,2166,-2
4223,2169,0
4224,2168,0
4225,2171,-2
4226,2172,1
4227,2175,0
4228,2157,-1
4229,2140,1
4230,2151,0
4231,2124,-1
4232,2115,-2
4233,2110,0
4234,2119,-2
4235,2134,-2
4236,2164,-1
4237,2160,1
4238,2195,-1
4239,2181,-1
4240,2169,2
4241,2166,-1
4242,2155,-1
4243,2149,-1
4244,2129,1
4245,2128,4
4246,2132,0
4247,2116,-1
4248,2124,0
4249,2124,0
4250,2149,-1
4251,2178,1
4252,2175,-2
4253,2178,0
4254,2196,-1
4255,2186,-1
4256,2168,-1
4257,2151,-2
4258,2146,-1
4259,2128,1
4260,2133,-1
4261,2134,-1
4262,2149,-2
4263,2148,0
4264,2150,-1
4265,2153,-1
4266,2166,-2
4267,2177,0
4268,2171,-1
4269,2178,-1
4270,2176,-2
4271,2154,-2
4272,2148,-2
4273,2131,-2
4274,2137,0
4275,2139,0
4276,2136,-2
4277,2140,-2
4278,2164,0
4279,2164,0
4280,2157,1
4281,2160,1
4282,2163,-2
4283,2166,0
4284,2164,0
4285,2165,0
4286,2174,-1
4287,2157,0
4288,2147,0
4289,2141,-1
4290,2143,0
4291,2146,-1
4292,2147,0
4293,2152,-1
4294,2170,0
4295,2160,-2
4296,2156,1
4297,2164,1
4298,2154,1
4299,2172,1
4300,2166,0
4301,2168,0
4302,2170,0
4303,2154,-1
4304,2146,-2
4305,2128,0
4306,2143,0
4307,2140,1
4308,2140,1
4309,2152,1
4310,2178,0
4311,2175,-2
4312,2163,-3
4313,2163,-2
4314,2172,-3
4315,2178,-1
4316,2173,-3
4317,2158,0
4318,2159,0
4319,2145,1
4320,2134,0
4321,2134,0
4322,2132,-2
4323,2151,-1
4324,2155,1
4325,2163,-2
4326,2203,-2
4327,2184,-2
4328,2169,-1
4329,2173,-2
4330,2162,1
4331,2157,1
4332,2146,0
4333,2146,-1
4334,2151,-2
4335,2143,2
4336,2140,-1
4337,2142,-3
4338,2152,1
4339,2170,0
4340,2170,-2
4341,2177,0
4342,2194,-1
4343,2174,0
4344,2167,-1
4345,2166,-1
4346,2143,1
4347,2149,-2
4348,2137,-2
4349,2140,0
4350,2157,0
4351,2152,0
4352,2154,1
4353,2152,-1
4354,2159,-2
4355,2169,-1
4356,2180,0
4357,2167,-1
4358,2176,1
4359,2171,0
4360,2157,-1
4361,2142,-1
4362,2140,-2
4363,2150,1
4364,2149,0
4365,2147,-1
4366,2169,1
4367,2159,1
4368,2160,-2
4369,2157,0
4370,2160,1
4371,2169,1
4372,2166,1
4373,2164,0
4374,2175,-2
4375,2166,-2
4376,2150,1
4377,2149,0
4378,2149,-1
4379,2149,-2
4380,2154,0
4381,2152,-2
4382,2171,0
4383,2161,-2
4384,2157,-1
4385,2160,0
4386,2156,0
4387,2164,-2
4388,2175,-2
4389,2174,0
4390,2189,0
4391,2167,-1
4392,2154,-2
4393,2148,-1
4394,2152,-1
4395,2152,-2
4396,2147,-2
4397,2152,1
4398,2163,-2
4399,2175,0
4400,2161,-2
4401,2161,-2
4402,2163,-2
4403,2178,1
4404,2174,0
4405,2163,-1
4406,2166,-2
4407,2154,-1
4408,2145,-1
4409,2142,-1
4410,2131,-2
4411,2138,0
4412,2142,0
4413,2157,0
4414,2189,-2
4415,2188,1
4416,2175,1
4417,2172,-2
4418,2181,0
4419,2180,0
4420,2162,1
4421,2151,0
4422,2166,-1
4423,2141,-2
4424,2140,-2
4425,2128,0
4426,2142,0
4427,2159,-2
4428,2172,-1
4429,2184,1
4430,2195,-1
4431,2191,-1
4432,2175,-2
4433,2179,-1
4434,2163,0
4435,2157,-2
4436,2145,-1
4437,2141,0
4438,2158,0
4439,2143,-2
4440,2143,3
4441,2153,0
4442,2166,-2
4443,2177,2
4444,2185,0
4445,2188,-1
4446,2190,-2
4447,2176,-2
4448,2171,1
4449,2156,0
4450,2140,-1
4451,2150,1
4452,2150,0
4453,2149,0
4454,2156,1
4455,2165,0
4456,2167,-1
4457,2169,0
4458,2175,0
4459,2175,-2
4460,2175,1
4461,2184,1
4462,2188,-2
4463,2179,-1
4464,2160,-1
4465,2157,-2
4466,2150,0
4467,2157,-1
4468,2163,0
4469,2153,0
4470,2168,1
4471,2173,1
4472,2165,0
4473,2168,1
4474,2168,-2
4475,2178,0
4476,2183,-3
4477,2179,-1
4478,2190,0
4479,2171,0
4480,2158,0
4481,2154,1
4482,2153,-1
4483,2160,1
4484,2146,-2
4485,2153,0
4486,2164,0
4487,2177,0
4488,2169,1
4489,2169,-2
4490,2186,-1
4491,2189,-1
4492,2184,1
4493,2175,-2
4494,2178,-2
4495,2163,-1
4496,2148,0
4497,2144,0
4498,2140,1
4499,2144,-1
4500,2157,-1
4501,2163,-1
4502,2188,1
4503,2185,-2
4504,2185,0
4505,2188,-1
4506,2180,1
4507,2185,1
4508,2175,-1
4509,2161,0
4510,2159,-1
4511,2145,0
4512,2143,1
4513,2143,-1
4514,2152,-2
4515,2166,0
4516,2181,-2
4517,2184,0
4518,2203,0
4519,2190,1
4520,2176,-2
4521,2184,-3
4522,2171,-2
4523,2165,-1
4524,2144,-2
4525,2143,2
4526,2165,-3
4527,2149,0
4528,2149,-2
4529,2158,-2
4530,2183,2
4531,2187,-1
4532,2196,0
4533,2195,0
4534,2202,-2
4535,2191,-1
4536,2174,1
4537,2157,0
4538,2152,-1
4539,2146,0
4540,2146,-1
4541,2160,-1
4542,2170,-2
4543,2165,0
4544,2170,0
4545,2174,0
4546,2181,1
4547,2187,0
4548,2187,-2
4549,2182,-1
4550,2187,-1
4551,2172,0
4552,2149,0
4553,2154,-1
4554,2147,-1
4555,2165,0
4556,2157,2
4557,2166,-2
4558,2178,-1
4559,2175,-1
4560,2174,-1
4561,2174,0
4562,2178,0
4563,2176,-1
4564,2172,-1
4565,2184,-1
4566,2180,-1
4567,2173,-1
4568,2157,-1
4569,2154,-1
4570,2157,0
4571,2161,-1
4572,2169,-1
4573,2163,1
4574,2177,-1
4575,2173,-1
4576,2177,-1
4577,2178,1
4578,2172,-1
4579,2176,-2
4580,2180,0
4581,2177,-2
4582,2175,-1
4583,2170,1
4584,2157,-1
4585,2154,0
4586,2158,0
4587,2154,1
4588,2169,1
4589,2165,-2
4590,2180,-2
4591,2175,-2
4592,2174,-1
4593,2181,-1
4594,2182,-2
4595,2190,-2
4596,2179,0
4597,2169,1
4598,2178,-2
4599,2168,1
4600,2151,0
4601,2154,-1
4602,2158,1
4603,2161,1
4604,2170,-1
4605,2175,-2
4606,2191,-2
4607,2197,-1
4608,2179,1
4609,2182,-1
4610,2177,1
4611,2173,0
4612,2165,0
4613,2157,-1
4614,2163,-1
4615,2163,-1
4616,2146,-2
4617,2147,0
4618,2169,1
4619,2178,0
4620,2188,-2
4621,2185,-2
4622,2198,-2
4623,2197,-2
4624,2175,0
4625,2173,1
4626,2165,1
4627,2158,-2
4628,2162,1
4629,2159,-1
4630,2178,0
4631,2166,1
4632,2163,-1
4633,2169,0
4634,2187,1
4635,2186,-2
4636,2187,-2
4637,2191,-1
4638,2187,-1
4639,2178,1
4640,2162,0
4641,2166,-1
4642,2154,-2
4643,2168,1
4644,2163,1
4645,2173,-2
4646,2176,-1
4647,2176,-2
4648,2164,-1
4649,2176,-1
4650,2177,-1
4651,2184,0
4652,2186,0
4653,2196,-1
4654,2182,-2
4655,2177,-2
4656,2169,-1
4657,2169,-1
4658,2172,-1
4659,2159,2
4660,2170,-1
4661,2170,0
4662,2182,-2
4663,2173,0
4664,2161,1
4665,2178,0
4666,2186,0
4667,2181,-3
4668,2193,-1
4669,2195,-2
4670,2199,-1
4671,2187,-2
4672,2161,0
4673,2168,-1
4674,2157,0
4675,2152,-2
4676,2150,-1
4677,2167,-2
4678,2174,-2
4679,2181,0
4680,2171,-1
4681,2185,-3
4682,2199,0
4683,2207,0
4684,2205,1
4685,2184,-2
4686,2187,-2
4687,2172,-1
4688,2150,0
4689,2151,0
4690,2152,0
4691,2163,-2
4692,2169,0
4693,2190,0
4694,2202,-1
4695,2202,1
4696,2194,-2
4697,2208,0
4698,2194,0
4699,2199,-2
4700,2179,-2
4701,2170,-2
4702,2169,-1
4703,2152,-1
4704,2144,0
4705,2150,0
4706,2156,0
4707,2177,-2
4708,2193,0
4709,2202,0
4710,2221,0
4711,2208,-1
4712,2200,-2
4713,2193,1
4714,2174,1
4715,2171,1
4716,2163,-1
4717,2145,0
4718,2165,-2
4719,2159,-1
4720,2157,-2
4721,2172,1
4722,2193,0
4723,2205,-1
4724,2214,1
4725,2210,0
4726,2218,0
4727,2205,1
4728,2178,0
4729,2168,-3
4730,2166,-2
4731,2159,1
4732,2154,-2
4733,2167,-1
4734,2178,0
4735,2176,-2
4736,2165,1
4737,2187,-1
4738,2199,-1
4739,2209,-1
4740,2206,0
4741,2201,-2
4742,2210,-2
4743,2182,-2
4744,2148,-1
4745,2157,-1
4746,2160,0
4747,2153,1
4748,2160,-1
4749,2167,-1
4750,2187,0
4751,2196,-1
4752,2181,1
4753,2202,0
4754,2200,1
4755,2208,0
4756,2198,-1
4757,2190,-2
4758,2191,-1
4759,2175,-1
4760,2166,0
4761,2161,1
4762,2163,1
4763,2165,-1
4764,2168,-3
4765,2181,1
4766,2197,-1
4767,2198,0
4768,2186,1
4769,2201,-2
4770,2204,-1
4771,2202,1
4772,2198,-2
4773,2181,-1
4774,2185,-1
4775,2173,0
4776,2152,-2
4777,2160,0
4778,2164,1
4779,2168,-1
4780,2179,-2
4781,2193,-1
4782,2205,1
4783,2205,-1
4784,2202,-1
4785,2199,-2
4786,2202,-1
4787,2185,1
4788,2183,2
4789,2169,-2
4790,2174,-1
4791,2157,-1
4792,2152,0
4793,2154,-2
4794,2176,-1
4795,2186,0
4796,2201,-1
4797,2205,0
4798,2221,1
4799,2211,0
4800,2196,-2
4801,2199,1
4802,2181,-1
4803,2168,0
4804,2167,1
4805,2157,0
4806,2171,-2
4807,2174,0
4808,2166,3
4809,2183,-1
4810,2196,0
4811,2206,-2
4812,2212,0
4813,2210,1
4814,2214,0
4815,2188,-2
4816,2176,-1
4817,2166,-2
4818,2161,2
4819,2164,0
4820,2163,1
4821,2177,0
4822,2192,-1
4823,2187,0
4824,2189,1
4825,2203,0
4826,2217,1
4827,2214,0
4828,2196,-2
4829,2196,-2
4830,2198,-1
4831,2183,1
4832,2158,0
4833,2169,-2
4834,2181,1
4835,2181,0
4836,2190,-2
4837,2187,-1
4838,2202,1
4839,2199,-2
4840,2191,1
4841,2196,0
4842,2197,-2
4843,2191,0
4844,2190,1
4845,2192,0
4846,2192,0
4847,2185,0
4848,2169,2
4849,2172,-2
4850,2187,1
4851,2184,-1
4852,2186,1
4853,2185,1
4854,2199,1
4855,2187,1
4856,2182,1
4857,2188,0
4858,2196,1
4859,2197,-2
4860,2194,1
4861,2198,1
4862,2202,0
4863,2188,1
4864,2180,1
4865,2183,1
4866,2183,1
4867,2178,-1
4868,2191,-2
4869,2196,-1
4870,2210,-1
4871,2208,0
4872,2192,-1
4873,2197,-2
4874,2201,0
4875,2201,0
4876,2199,1
4877,2193,1
4878,2198,0
4879,2185,-1
4880,2163,-1
4881,2178,-2
4882,2180,-1
4883,2187,-1
4884,2190,-1
4885,2206,-1
4886,2225,-2
4887,2215,0
4888,2194,-1
4889,2193,-2
4890,2199,-2
4891,2190,0
4892,2183,0
4893,2176,0
4894,2187,0
4895,2176,1
4896,2154,-2
4897,2184,-1
4898,2197,1
4899,2207,-2
4900,2201,1
4901,2207,1
4902,2220,-1
4903,2214,-1
4904,2193,0
4905,2182,1
4906,2169,0
4907,2175,1
4908,2178,1
4909,2172,-1
4910,2189,0
4911,2178,-1
4912,2187,-1
4913,2197,1
4914,2205,-2
4915,2207,-3
4916,2211,-1
4917,2199,0
4918,2208,-2
4919,2196,1
4920,2181,1
4921,2176,-3
4922,2184,-1
4923,2182,-2
4924,2182,-2
4925,2190,-1
4926,2200,1
4927,2191,-1
4928,2196,-1
4929,2205,1
4930,2204,1
4931,2199,0
4932,2207,0
4933,2199,0
4934,2201,-2
4935,2196,1
4936,2184,0
4937,2169,-2
4938,2184,0
4939,2185,1
4940,2175,0
4941,2190,-3
4942,2200,0
4943,2198,1
4944,2186,-1
4945,2196,-2
4946,2202,-1
4947,2206,-1
4948,2200,-1
4949,2197,1
4950,2205,-3
4951,2197,0
4952,2178,0
4953,2175,-1
4954,2185,-1
4955,2174,-1
4956,2187,1
4957,2193,-1
4958,2211,-2
4959,2209,1
4960,2191,-2
4961,2205,0
4962,2220,-2
4963,2208,-2
4964,2208,1
4965,2200,1
4966,2193,1
4967,2178,0
4968,2177,-1
4969,2180,0
4970,2180,-2
4971,2187,0
4972,2196,-1
4973,2203,0
4974,2225,-1
4975,2220,1
4976,2207,-1
4977,2215,-1
4978,2220,-1
4979,2203,-2
4980,2184,1
4981,2179,-1
4982,2184,-1
4983,2177,-1
4984,2163,0
4985,2172,-3
4986,2192,-1
4987,2207,1
4988,2211,-2
4989,2228,-2
4990,2231,0
4991,2224,-1
4992,2206,-3
4993,2202,-2
4994,2191,-1
4995,2178,-1
4996,2172,0
4997,2181,0
4998,2179,-2
4999,2178,-2
5000,2178,0
5001,2196,-1
5002,2207,1
5003,2212,-1
5004,2218,-2
5005,2216,-2
5006,2222,-2
5007,2199,1
5008,2184,-1
5009,2180,0
5010,2187,-1
5011,2181,0
5012,2189,-1
5013,2184,2
5014,2201,-1
5015,2199,-2
5016,2202,-1
5017,2211,0
5018,2215,-1
5019,2208,-1
5020,2213,-2
5021,2208,1
5022,2214,0
5023,2191,0
5024,2186,-1
5025,2178,0
5026,2187,-2
5027,2189,1
5028,2191,-1
5029,2199,-1
5030,2212,-2
5031,2211,-1
5032,2194,-1
5033,2202,-1
5034,2206,1
5035,2199,-2
5036,2204,-1
5037,2199,-2
5038,2197,-1
5039,2190,0
5040,2184,1
5041,2187,-2
5042,2187,1
5043,2190,0
5044,2200,-1
5045,2197,1
5046,2217,0
5047,2208,-2
5048,2206,0
5049,2208,1
5050,2214,0
5051,2215,-2
5052,2201,-2
5053,2201,-1
5054,2203,0
5055,2197,-2
5056,2183,1
5057,2177,-4
5058,2180,0
5059,2187,-1
5060,2192,1
5061,2207,-1
5062,2213,0
5063,2215,-2
5064,2208,-2
5065,2220,-1
5066,2222,-2
5067,2207,1
5068,2202,1
5069,2191,1
5070,2180,0
5071,2182,0
5072,2175,1
5073,2184,0
5074,2188,0
5075,2198,-2
5076,2217,2
5077,2223,0
5078,2218,-2
5079,2224,-2
5080,2221,-2
5081,2204,-1
5082,2212,-3
5083,2195,-2
5084,2181,0
5085,2175,1
5086,2190,-1
5087,2182,2
5088,2180,-1
5089,2198,0
5090,2213,-1
5091,2218,-2
5092,2220,-1
5093,2228,-1
5094,2237,0
5095,2207,-3
5096,2196,1
5097,2187,-1
5098,2191,-1
5099,2183,1
5100,2186,-2
5101,2196,-1
5102,2194,1
5103,2199,0
5104,2205,-1
5105,2219,1
5106,2223,0
5107,2216,0
5108,2213,1
5109,2222,-2
5110,2217,0
5111,2200,-2
5112,2190,0
5113,2184,0
5114,2193,0
5115,2185,1
5116,2190,-1
5117,2203,0
5118,2211,0
5119,2208,-2
5120,2213,-2
5121,2203,1
5122,2211,0
5123,2209,-1
5124,2218,0
5125,2205,-1
5126,2202,1
5127,2190,-1
5128,2191,-2
5129,2191,-1
5130,2193,-1
5131,2186,-1
5132,2191,-1
5133,2199,-1
5134,2215,1
5135,2221,0
5136,2204,-2
5137,2208,-2
5138,2220,0
5139,2219,-2
5140,2221,1
5141,2202,1
5142,2204,0
5143,2190,1
5144,2196,-1
5145,2194,-2
5146,2182,0
5147,2178,1
5148,2202,-2
5149,2205,-2
5150,2221,-2
5151,2208,-3
5152,2216,-2
5153,2225,-4
5154,2224,1
5155,2219,1
5156,2199,-1
5157,2199,-1
5158,2193,-2
5159,2175,1
5160,2172,1
5161,2179,-2
5162,2188,0
5163,2200,-1
5164,2217,-1
5165,2217,-1
5166,2243,-2
5167,2239,1
5168,2224,-1
5169,2217,1
5170,2207,1
5171,2201,-1
5172,2190,1
5173,2187,0
5174,2189,0
5175,2181,-2
5176,2181,-1
5177,2196,-1
5178,2217,1
5179,2230,-2
5180,2228,0
5181,2237,0
5182,2237,1
5183,2231,-3
5184,2210,1
5185,2197,0
5186,2187,-2
5187,2173,0
5188,2181,0
5189,2193,0
5190,2191,0
5191,2202,-3
5192,2199,-2
5193,2217,0
5194,2228,-1
5195,2234,1
5196,2238,-1
5197,2225,-2
5198,2222,-1
5199,2197,0
5200,2175,-1
5201,2184,-1
5202,2189,-2
5203,2180,-1
5204,2190,1
5205,2196,1
5206,2217,-2
5207,2217,-2
5208,2218,0
5209,2230,1
5210,2223,-2
5211,2224,-1
5212,2220,-2
5213,2214,1
5214,2208,0
5215,2199,-2
5216,2186,0
5217,2194,-2
5218,2199,-2
5219,2197,-3
5220,2199,0
5221,2213,-1
5222,2227,1
5223,2220,1
5224,2213,-1
5225,2224,-2
5226,2218,-2
5227,2215,-1
5228,2205,-2
5229,2208,1
5230,2208,1
5231,2192,0
5232,2188,1
5233,2202,-2
5234,2196,0
5235,2195,-1
5236,2211,-1
5237,2214,-1
5238,2237,1
5239,2223,-2
5240,2218,0
5241,2224,0
5242,2222,-1
5243,2220,0
5244,2207,-2
5245,2200,1
5246,2206,-2
5247,2199,1
5248,2185,-2
5249,2183,1
5250,2208,1
5251,2212,1
5252,2221,-2
5253,2225,-1
5254,2231,1
5255,2231,-1
5256,2221,-1
5257,2221,-2
5258,2220,1
5259,2196,-1
5260,2199,0
5261,2187,-1
5262,2204,1
5263,2196,-2
5264,2188,-1
5265,2202,-1
5266,2222,1
5267,2231,-1
5268,2223,-1
5269,2231,-1
5270,2235,-2
5271,2222,0
5272,2217,-1
5273,2208,0
5274,2205,0
5275,2192,0
5276,2196,-2
5277,2198,0
5278,2204,1
5279,2203,0
5280,2215,1
5281,2227,-1
5282,2234,-2
5283,2234,0
5284,2237,1
5285,2231,0
5286,2230,-2
5287,2214,-2
5288,2184,1
5289,2184,0
5290,2196,1
5291,2188,-2
5292,2204,-2
5293,2211,-1
5294,2220,-2
5295,2226,-2
5296,2225,1
5297,2230,0
5298,2223,-1
5299,2228,-1
5300,2219,0
5301,2215,1
5302,2219,-1
5303,2208,1
5304,2192,0
5305,2205,1
5306,2218,0
5307,2206,0
5308,2208,1
5309,2222,0
5310,2230,-1
5311,2220,1
5312,2219,-1
5313,2220,-2
5314,2218,-1
5315,2219,-1
5316,2208,-2
5317,2211,-1
5318,2216,-1
5319,2213,1
5320,2203,-1
5321,2221,-1
5322,2212,-1
5323,2211,-2
5324,2216,-1
5325,2222,-2
5326,2228,-2
5327,2214,-3
5328,2216,-1
5329,2213,1
5330,2225,-1
5331,2217,-1
5332,2222,0
5333,2210,1
5334,2226,2
5335,2209,-1
5336,2206,-2
5337,2202,0
5338,2215,0
5339,2209,-1
5340,2209,-2
5341,2222,1
5342,2237,1
5343,2221,0
5344,2221,-1
5345,2225,1
5346,2225,-2
5347,2224,1
5348,2215,-1
5349,2213,0
5350,2218,-1
5351,2202,0
5352,2197,1
5353,2200,0
5354,2210,0
5355,2216,-1
5356,2221,-2
5357,2233,-2
5358,2234,1
5359,2225,-2
5360,2220,0
5361,2217,1
5362,2215,-2
5363,2211,-1
5364,2212,-1
5365,2213,0
5366,2209,0
5367,2200,0
5368,2205,-2
5369,2208,-1
5370,2220,-1
5371,2232,-2
5372,2234,0
5373,2240,0
5374,2243,1
5375,2226,0
5376,2205,1
5377,2208,0
5378,2205,-1
5379,2210,0
5380,2208,1
5381,2210,-1
5382,2225,1
5383,2221,1
5384,2222,-2
5385,2229,2
5386,2233,-2
5387,2227,-2
5388,2228,-2
5389,2234,1
5390,2233,-1
5391,2211,0
5392,2202,1
5393,2202,1
5394,2220,-2
5395,2219,1
5396,2217,-2
5397,2212,-1
5398,2225,-1
5399,2224,-2
5400,2217,-1
5401,2218,0
5402,2221,-2
5403,2225,-1
5404,2223,-2
5405,2226,-2
5406,2225,1
5407,2224,-2
5408,2208,-3
5409,2216,0
5410,2212,-2
5411,2196,-1
5412,2209,-4
5413,2219,0
5414,2226,0
5415,2205,-1
5416,2211,1
5417,2225,0
5418,2233,1
5419,2235,0
5420,2225,-2
5421,2231,-1
5422,2226,-2
5423,2208,0
5424,2208,-1
5425,2200,0
5426,2202,-2
5427,2204,0
5428,2205,-2
5429,2220,-2
5430,2232,-1
5431,2233,-2
5432,2234,-2
5433,2240,0
5434,2243,0
5435,2234,-2
5436,2220,1
5437,2223,1
5438,2220,-1
5439,2193,0
5440,2182,-1
5441,2188,1
5442,2204,1
5443,2206,1
5444,2214,1
5445,2239,0
5446,2252,1
5447,2254,-1
5448,2235,-2
5449,2231,0
5450,2232,0
5451,2222,-1
5452,2206,0
5453,2199,-2
5454,2196,1
5455,2191,1
5456,2184,0
5457,2206,1
5458,2225,-1
5459,2237,1
5460,2255,1
5461,2249,0
5462,2266,-2
5463,2243,0
5464,2227,0
5465,2210,0
5466,2196,0
5467,2198,-2
5468,2199,2
5469,2191,-1
5470,2192,-2
5471,2205,0
5472,2217,1
5473,2231,0
5474,2254,-2
5475,2254,1
5476,2256,-1
5477,2248,-1
5478,2252,0
5479,2231,-2
5480,2195,-2
5481,2189,0
5482,2188,-1
5483,2194,0
5484,2194,0
5485,2214,0
5486,2237,-2
5487,2233,-1
5488,2234,1
5489,2242,1
5490,2255,1
5491,2245,0
5492,2234,3
5493,2230,-2
5494,2229,-1
5495,2201,1
5496,2201,-1
5497,2193,-1
5498,2208,-2
5499,2208,-2
5500,2209,-2
5501,2228,0
5502,2246,0
5503,2240,1
5504,2237,-1
5505,2238,0
5506,2238,1
5507,2234,0
5508,2225,-2
5509,2214,-1
5510,2217,-2
5511,2200,-2
5512,2202,-1
5513,2202,2
5514,2205,-1
5515,2216,-2
5516,2222,-1
5517,2240,0
5518,2258,0
5519,2246,0
5520,2234,0
5521,2229,-1
5522,2243,1
5523,2231,-1
5524,2216,-1
5525,2222,0
5526,2218,0
5527,2202,-1
5528,2193,1
5529,2197,-1
5530,2228,-2
5531,2243,0
5532,2243,1
5533,2249,-2
5534,2266,0
5535,2251,-2
5536,2243,-2
5537,2230,1
5538,2220,-2
5539,2206,-2
5540,2206,1
5541,2207,-1
5542,2214,1
5543,2209,-1
5544,2207,-2
5545,2228,0
5546,2242,2
5547,2251,1
5548,2262,0
5549,2256,-1
5550,2258,1
5551,2244,1
5552,2217,1
5553,2214,0
5554,2205,-1
5555,2199,0
5556,2192,1
5557,2207,-1
5558,2229,-2
5559,2227,-2
5560,2228,1
5561,2242,0
5562,2261,-1
5563,2255,-2
5564,2258,-2
5565,2244,-1
5566,2241,-1
5567,2226,-2
5568,2203,-2
5569,2194,-1
5570,2206,-1
5571,2205,-1
5572,2210,2
5573,2230,1
5574,2252,-1
5575,2252,0
5576,2246,-1
5577,2240,-2
5578,2256,-1
5579,2240,0
5580,2229,-2
5581,2228,-1
5582,2211,1
5583,2205,0
5584,2206,-2
5585,2215,-2
5586,2221,1
5587,2237,0
5588,2234,1
5589,2255,-2
5590,2262,0
5591,2247,-2
5592,2236,-2
5593,2233,1
5594,2229,-1
5595,2225,-1
5596,2216,-1
5597,2216,1
5598,2222,-1
5599,2220,-1
5600,2219,0
5601,2222,1
5602,2240,1
5603,2247,1
5604,2235,1
5605,2241,-1
5606,2248,-2
5607,2231,-1
5608,2227,-1
5609,2222,0
5610,2223,-1
5611,2229,0
5612,2227,-2
5613,2231,0
5614,2234,0
5615,2227,-1
5616,2212,0
5617,2214,0
5618,2237,-1
5619,2230,-1
5620,2236,1
5621,2234,1
5622,2246,1
5623,2228,1
5624,2221,1
5625,2235,1
5626,2229,-2
5627,2232,1
5628,2225,-2
5629,2227,1
5630,2231,0
5631,2220,-1
5632,2211,1
5633,2224,2
5634,2239,0
5635,2232,-2
5636,2240,1
5637,2242,0
5638,2258,0
5639,2246,0
5640,2234,0
5641,2233,-1
5642,2231,-2
5643,2220,1
5644,2217,-2
5645,2224,1
5646,2233,-2
5647,2216,-1
5648,2222,-1
5649,2234,1
5650,2241,1
5651,2242,0
5652,2237,-1
5653,2248,-1
5654,2252,0
5655,2239,3
5656,2217,0
5657,2214,-2
5658,2221,1
5659,2218,0
5660,2219,1
5661,2224,-2
5662,2233,-1
5663,2234,0
5664,2235,-1
5665,2246,1
5666,2249,-1
5667,2240,-1
5668,2236,0
5669,2246,-2
5670,2239,-1
5671,2221,-2
5672,2214,-2
5673,2228,-1
5674,2231,-1
5675,2236,-1
5676,2227,0
5677,2233,0
5678,2246,1
5679,2237,-1
5680,2234,1
5681,2237,-2
5682,2249,1
5683,2250,-2
5684,2241,-2
5685,2237,1
5686,2243,0
5687,2229,-1
5688,2214,-2
5689,2220,0
5690,2228,-2
5691,2220,1
5692,2228,-2
5693,2237,-2
5694,2243,-2
5695,2243,-2
5696,2235,1
5697,2245,-1
5698,2240,-1
5699,2249,2
5700,2248,1
5701,2251,-1
5702,2247,-1
5703,2228,-2
5704,2216,-2
5705,2217,-2
5706,2222,1
5707,2227,-2
5708,2231,1
5709,2243,1
5710,2254,-2
5711,2254,-1
5712,2248,0
5713,2252,-1
5714,2250,-1
5715,2249,3
5716,2237,-2
5717,2240,1
5718,2231,0
5719,2213,1
5720,2198,-1
5721,2215,-2
5722,2219,-2
5723,2237,0
5724,2242,1
5725,2265,-1
5726,2270,-3
5727,2271,-2
5728,2245,-1
5729,2240,0
5730,2242,-2
5731,2224,0
5732,2211,0
5733,2218,-2
5734,2217,0
5735,2218,-2
5736,2211,1
5737,2228,0
5738,2257,0
5739,2258,0
5740,2264,1
5741,2276,-1
5742,2276,1
5743,2252,0
5744,2233,0
5745,2230,1
5746,2208,0
5747,2209,-2
5748,2210,0
5749,2222,0
5750,2231,-1
5751,2237,0
5752,2239,-2
5753,2256,1
5754,2266,0
5755,2270,1
5756,2250,0
5757,2268,0
5758,2246,-2
5759,2226,-2
5760,2214,-1
5761,2210,1
5762,2211,0
5763,2215,-2
5764,2222,-2
5765,2254,0
5766,2259,-2
5767,2269,-1
5768,2255,-1
5769,2258,0
5770,2259,1
5771,2245,-3
5772,2248,-2
5773,2246,0
5774,2228,-2
5775,2223,0
5776,2220,0
5777,2218,0
5778,2236,-1
5779,2230,3
5780,2244,0
5781,2262,-1
5782,2257,-1
5783,2254,-1
5784,2252,-1
5785,2248,-2
5786,2240,-2
5787,2236,0
5788,2228,1
5789,2230,-2
5790,2228,-4
5791,2224,0
5792,2219,-3
5793,2231,0
5794,2240,0
5795,2242,-1
5796,2240,1
5797,2256,-1
5798,2258,-1
5799,2246,0
5800,2239,0
5801,2257,0
5802,2249,-3
5803,2238,-1
5804,2228,-1
5805,2233,-2
5806,2227,0
5807,2222,0
5808,2217,1
5809,2230,-1
5810,2244,-2
5811,2253,1
5812,2248,-1
5813,2259,-1
5814,2263,0
5815,2255,2
5816,2252,-1
5817,2237,-2
5818,2240,1
5819,2223,-1
5820,2228,0
5821,2230,1
5822,2225,1
5823,2225,-1
5824,2231,0
5825,2237,1
5826,2265,-2
5827,2261,-1
5828,2259,-2
5829,2270,-2
5830,2266,1
5831,2252,-2
5832,2239,1
5833,2226,-1
5834,2231,0
5835,2217,-2
5836,2214,-2
5837,2236,0
5838,2231,0
5839,2243,0
5840,2245,-1
5841,2252,-2
5842,2263,-1
5843,2255,0
5844,2255,0
5845,2259,1
5846,2251,-1
5847,2237,1
5848,2223,-1
5849,2222,0
5850,2233,-1
5851,2225,-3
5852,2232,-3
5853,2256,0
5854,2262,1
5855,2256,0
5856,2257,0
5857,2263,-2
5858,2266,0
5859,2255,-2
5860,2249,-2
5861,2248,0
5862,2238,-1
5863,2233,0
5864,2220,-2
5865,2236,1
5866,2245,-2
5867,2241,-1
5868,2248,-1
5869,2266,-2
5870,2263,0
5871,2259,1
5872,2240,-3
5873,2248,1
5874,2257,-1
5875,2248,0
5876,2240,0
5877,2247,0
5878,2241,2
5879,2242,-2
5880,2229,-1
5881,2236,0
5882,2246,0
5883,2247,-3
5884,2245,-2
5885,2265,3
5886,2249,-1
5887,2251,-1
5888,2238,-1
5889,2250,-2
5890,2251,0
5891,2252,1
5892,2249,0
5893,2258,-2
5894,2251,0
5895,2237,0
5896,2228,-1
5897,2227,-1
5898,2246,-2
5899,2244,-3
5900,2246,-2
5901,2263,-2
5902,2260,-2
5903,2258,-1
5904,2248,0
5905,2260,1
5906,2250,1
5907,2252,-2
5908,2245,2
5909,2249,-2
5910,2238,-1
5911,2229,-2
5912,2217,0
5913,2237,-2
5914,2240,0
5915,2258,1
5916,2264,0
5917,2273,0
5918,2281,1
5919,2280,-1
5920,2248,-2
5921,2244,-2
5922,2240,0
5923,2229,-2
5924,2221,-1
5925,2237,-2
5926,2229,0
5927,2226,-1
5928,2234,0
5929,2255,-1
5930,2264,-2
5931,2270,-2
5932,2269,0
5933,2283,0
5934,2279,-1
5935,2249,0
5936,2232,-1
5937,2227,-2
5938,2234,-1
5939,2220,1
5940,2228,-1
5941,2234,0
5942,2243,-2
5943,2252,0
5944,2251,-1
5945,2258,1
5946,2274,1
5947,2268,-2
5948,2269,1
5949,2255,-1
5950,2243,-1
5951,2232,-1
5952,2218,-2
5953,2227,-2
5954,2237,-2
5955,2231,0
5956,2234,-2
5957,2257,-1
5958,2261,-2
5959,2274,-1
5960,2255,1
5961,2264,1
5962,2264,-3
5963,2260,1
5964,2251,-1
5965,2247,2
5966,2246,0
5967,2234,1
5968,2225,-2
5969,2231,1
5970,2241,-2
5971,2253,-1
5972,2258,0
5973,2267,-2
5974,2258,0
5975,2265,0
5976,2259,0
5977,2266,-1
5978,2261,1
5979,2257,0
5980,2243,-2
5981,2252,-3
5982,2241,0
5983,2240,0
5984,2219,-2
5985,2238,-2
5986,2248,-1
5987,2250,-2
5988,2258,-2
5989,2270,1
5990,2268,0
5991,2259,-2
5992,2264,0
5993,2258,-2
5994,2264,-2
5995,2243,-2
5996,2237,-2
5997,2248,0
5998,2228,0
5999,2223,1
6000,2222,1
6001,2237,1
6002,2249,0
6003,2262,0
6004,2263,1
6005,2275,-1
6006,2278,-1
6007,2275,-1
6008,2262,-2
6009,2255,0
6010,2248,0
6011,2227,-2
6012,2230,-1
6013,2243,-2
6014,2230,-1
6015,2230,0
6016,2243,-2
6017,2256,1
6018,2266,-1
6019,2279,-2
6020,2276,-2
6021,2288,-1
6022,2276,-2
6023,2247,0
6024,2239,1
6025,2223,-2
6026,2220,-2
6027,2225,-2
6028,2222,-2
6029,2247,-2
6030,2246,1
6031,2256,0
6032,2258,1
6033,2276,1
6034,2279,0
6035,2282,-2
6036,2275,-1
6037,2270,-2
6038,2251,-2
6039,2229,-2
6040,2216,-1
6041,2208,0
6042,2227,2
6043,2228,1
6044,2244,-1
6045,2269,-1
6046,2266,0
6047,2272,1
6048,2271,1
6049,2276,1
6050,2258,0
6051,2244,0
6052,2252,1
6053,2256,1
6054,2234,-2
6055,2228,0
6056,2224,1
6057,2229,-3
6058,2247,1
6059,2255,-1
6060,2263,-2
6061,2282,-2
6062,2274,-2
6063,2266,-2
6064,2265,1
6065,2251,-1
6066,2260,1
6067,2252,-1
6068,2243,1
6069,2255,-1
6070,2241,1
6071,2232,0
6072,2243,-2
6073,2240,0
6074,2259,-3
6075,2258,0
6076,2269,-2
6077,2285,-2
6078,2271,1
6079,2259,-1
6080,2248,-1
6081,2258,1
6082,2254,0
6083,2247,-2
6084,2239,-1
6085,2250,-1
6086,2248,-1
6087,2249,-1
6088,2240,-1
6089,2247,1
6090,2268,-2
6091,2273,-2
6092,2264,1
6093,2279,-1
6094,2276,1
6095,2267,0
6096,2245,-1
6097,2240,0
6098,2251,0
6099,2252,-2
6100,2241,-2
6101,2255,0
6102,2244,0
6103,2242,1
6104,2252,-1
6105,2258,-2
6106,2273,0
6107,2271,0
6108,2270,0
6109,2289,1
6110,2282,1
6111,2261,-1
6112,2242,-1
6113,2243,-2
6114,2245,-1
6115,2240,1
6116,2246,-1
6117,2267,0
6118,2255,1
6119,2255,-2
6120,2260,-1
6121,2270,0
6122,2280,-1
6123,2267,0
6124,2272,-2
6125,2287,-2
6126,2252,-1
6127,2240,0
6128,2232,0
6129,2230,-1
6130,2245,0
6131,2246,-1
6132,2248,-2
6133,2278,-2
6134,2273,-2
6135,2279,1
6136,2270,0
6137,2272,0
6138,2269,0
6139,2261,-1
6140,2252,0
6141,2261,1
6142,2241,1
6143,2243,-1
6144,2250,1
6145,2247,1
6146,2258,-1
6147,2264,-1
6148,2271,0
6149,2288,2
6150,2273,-1
6151,2268,-1
6152,2260,-1
6153,2256,0
6154,2260,0
6155,2253,-3
6156,2258,0
6157,2264,-2
6158,2252,0
6159,2255,-1
6160,2251,1
6161,2259,0
6162,2258,0
6163,2267,0
6164,2273,-2
6165,2270,-1
6166,2264,-2
6167,2258,0
6168,2259,0
6169,2255,1
6170,2257,-2
6171,2255,0
6172,2268,-2
6173,2271,-1
6174,2267,-3
6175,2264,0
6176,2245,-5
6177,2246,1
6178,2268,1
6179,2262,0
6180,2255,-1
6181,2264,-1
6182,2267,-2
6183,2270,-1
6184,2267,-2
6185,2264,-1
6186,2268,0
6187,2265,-1
6188,2261,-2
6189,2272,0
6190,2249,-1
6191,2252,-1
6192,2240,-2
6193,2249,0
6194,2253,0
6195,2260,-1
6196,2269,-1
6197,2291,-1
6198,2285,0
6199,2281,-2
6200,2261,0
6201,2258,1
6202,2264,0
6203,2249,1
6204,2237,-1
6205,2255,0
6206,2252,-2
6207,2243,3
6208,2254,-2
6209,2264,-1
6210,2278,0
6211,2281,-2
6212,2282,-2
6213,2291,0
6214,2277,0
6215,2259,-2
6216,2253,-2
6217,2245,-2
6218,2250,-1
6219,2240,-2
6220,2235,0
6221,2261,0
6222,2257,0
6223,2268,-1
6224,2275,-2
6225,2285,-1
6226,2284,1
6227,2283,-1
6228,2280,-2
6229,2286,1
6230,2267,-2
6231,2245,-2
6232,2253,1
6233,2242,0
6234,2246,-2
6235,2248,-1
6236,2258,-3
6237,2276,1
6238,2267,0
6239,2276,-2
6240,2279,0
6241,2270,0
6242,2277,-2
6243,2269,-2
6244,2267,-2
6245,2267,-2
6246,2252,-2
6247,2244,-1
6248,2240,-2
6249,2244,1
6250,2257,-1
6251,2263,-2
6252,2269,-1
6253,2279,-1
6254,2277,-1
6255,2273,-1
6256,2276,1
6257,2269,-1
6258,2269,0
6259,2262,-1
6260,2268,-1
6261,2273,-1
6262,2255,-1
6263,2243,1
6264,2245,4
6265,2245,-2
6266,2258,-2
6267,2255,1
6268,2267,-1
6269,2282,-3
6270,2281,1
6271,2275,-2
6272,2282,0
6273,2265,0
6274,2273,0
6275,2263,-1
6276,2242,0
6277,2260,0
6278,2243,0
6279,2242,1
6280,2239,-2
6281,2249,0
6282,2261,-1
6283,2273,0
6284,2280,0
6285,2293,-2
6286,2293,-2
6287,2286,0
6288,2260,0
6289,2255,-2
6290,2248,-2
6291,2252,-2
6292,2229,-1
6293,2249,1
6294,2238,0
6295,2252,-1
6296,2269,-2
6297,2270,-2
6298,2287,1
6299,2293,-2
6300,2293,1
6301,2305,-1
6302,2292,-2
6303,2265,-2
6304,2242,-2
6305,2245,-3
6306,2238,0
6307,2232,1
6308,2239,0
6309,2256,-1
6310,2263,0
6311,2273,1
6312,2285,0
6313,2284,-2
6314,2296,-1
6315,2301,1
6316,2283,0
6317,2287,-2
6318,2261,0
6319,2242,0
6320,2242,-2
6321,2236,-1
6322,2243,-2
6323,2253,0
6324,2262,1
6325,2297,1
6326,2288,-1
6327,2300,0
6328,2291,0
6329,2291,-1
6330,2279,0
6331,2273,-2
6332,2258,0
6333,2259,-2
6334,2247,0
6335,2234,-2
6336,2240,-2
6337,2252,-1
6338,2263,-2
6339,2270,-2
6340,2277,1
6341,2309,-2
6342,2295,-1
6343,2279,-1
6344,2265,-1
6345,2273,1
6346,2265,-2
6347,2252,1
6348,2250,-2
6349,2273,1
6350,2261,0
6351,2263,-2
6352,2256,-1
6353,2264,0
6354,2283,-2
6355,2284,-1
6356,2279,1
6357,2290,0
6358,2282,0
6359,2273,-2
6360,2267,-1
6361,2270,-2
6362,2264,-2
6363,2261,-1
6364,2259,1
6365,2273,-1
6366,2270,-1
6367,2261,-2
6368,2270,-2
6369,2267,0
6370,2285,0
6371,2280,-1
6372,2284,-1
6373,2293,-1
6374,2290,-1
6375,2275,-2
6376,2270,0
6377,2259,1
6378,2261,0
6379,2265,-2
6380,2250,-1
6381,2267,-1
6382,2270,0
6383,2266,0
6384,2272,0
6385,2273,-2
6386,2272,-1
6387,2282,-1
6388,2284,-2
6389,2299,-2
6390,2286,-2
6391,2270,-1
6392,2250,-1
6393,2249,-2
6394,2249,1
6395,2252,-1
6396,2246,0
6397,2263,-1
6398,2268,0
6399,2273,-1
6400,2280,1
6401,2285,1
6402,2286,0
6403,2296,0
6404,2285,0
6405,2287,-1
6406,2273,0
6407,2249,1
6408,2252,-2
6409,2249,0
6410,2251,0
6411,2258,0
6412,2267,-2
6413,2284,-2
6414,2293,0
6415,2294,-1
6416,2281,-2
6417,2286,0
6418,2294,-2
6419,2286,-2
6420,2276,-2
6421,2276,0
6422,2265,-2
6423,2245,-2
6424,2250,1
6425,2260,1
6426,2268,1
6427,2267,1
6428,2276,-2
6429,2293,0
6430,2296,-1
6431,2283,0
6432,2277,1
6433,2270,-1
6434,2269,-1
6435,2276,0
6436,2258,-1
6437,2268,1
6438,2276,-2
6439,2261,1
6440,2262,0
6441,2258,-2
6442,2274,-1
6443,2282,-2
6444,2287,-1
6445,2290,0
6446,2281,-1
6447,2277,-1
6448,2276,-1
6449,2279,-1
6450,2266,0
6451,2273,1
6452,2264,-1
6453,2282,-2
6454,2268,-1
6455,2254,-1
6456,2261,-2
6457,2264,0
6458,2273,-1
6459,2270,-1
6460,2279,-1
6461,2302,1
6462,2289,-1
6463,2281,-2
6464,2280,-1
6465,2276,1
6466,2274,-2
6467,2271,1
6468,2264,0
6469,2278,-2
6470,2264,0
6471,2257,0
6472,2267,1
6473,2271,1
6474,2279,-2
6475,2296,-1
6476,2296,-1
6477,2308,-1
6478,2304,1
6479,2274,0
6480,2265,0
6481,2258,0
6482,2256,0
6483,2252,-2
6484,2260,-1
6485,2265,-1
6486,2261,0
6487,2264,0
6488,2287,-2
6489,2295,-1
6490,2301,-1
6491,2302,0
6492,2298,0
6493,2299,0
6494,2280,-2
6495,2267,-1
6496,2247,0
6497,2246,2
6498,2254,-1
6499,2258,-1
6500,2258,0
6501,2290,0
6502,2295,0
6503,2287,-1
6504,2295,1
6505,2304,0
6506,2302,1
6507,2296,-1
6508,2279,0
6509,2275,-1
6510,2260,0
6511,2250,-1
6512,2244,-2
6513,2245,-2
6514,2261,0
6515,2261,1
6516,2282,-2
6517,2301,-1
6518,2305,-1
6519,2283,-2
6520,2283,1
6521,2286,1
6522,2279,0
6523,2267,0
6524,2261,-2
6525,2270,1
6526,2259,0
6527,2259,-2
6528,2255,1
6529,2266,-1
6530,2276,-2
6531,2288,-1
6532,2293,-2
6533,2308,-1
6534,2290,1
6535,2278,-2
6536,2279,-2
6537,2274,-2
6538,2267,0
6539,2263,1
6540,2269,-2
6541,2271,-1
6542,2270,-2
6543,2259,-2
6544,2263,0
6545,2274,-2
6546,2288,-2
6547,2292,0
6548,2280,1
6549,2302,1
6550,2285,0
6551,2276,0
6552,2273,-1
6553,2276,-2
6554,2274,-1
6555,2254,-2
6556,2271,-1
6557,2279,1
6558,2273,-3
6559,2264,-1
6560,2270,1
6561,2279,0
6562,2290,-1
6563,2281,0
6564,2282,0
6565,2294,0
6566,2289,-1
6567,2267,-2
6568,2276,-1
6569,2272,0
6570,2269,-2
6571,2266,-1
6572,2271,0
6573,2272,-2
6574,2273,0
6575,2270,1
6576,2277,-2
6577,2287,-1
6578,2289,-2
6579,2290,0
6580,2290,0
6581,2297,0
6582,2286,0
6583,2260,1
6584,2262,-2
6585,2256,-2
6586,2262,-2
6587,2268,0
6588,2267,1
6589,2276,1
6590,2283,0
6591,2287,0
6592,2289,-2
6593,2297,-1
6594,2287,0
6595,2295,-1
6596,2288,-1
6597,2284,-2
6598,2273,-1
6599,2249,0
6600,2267,-1
6601,2265,-1
6602,2273,-1
6603,2269,-2
6604,2280,0
6605,2305,-2
6606,2303,1
6607,2284,-2
6608,2290,-1
6609,2286,1
6610,2287,0
6611,2271,-2
6612,2273,-1
6613,2276,-1
6614,2263,0
6615,2265,-1
6616,2269,-1
6617,2270,-2
6618,2286,1
6619,2282,0
6620,2290,1
6621,2300,-1
6622,2297,-2
6623,2273,0
6624,2280,-1
6625,2284,-2
6626,2279,0
6627,2272,1
6628,2272,0
6629,2289,-2
6630,2275,1
6631,2268,-2
6632,2270,-2
6633,2280,-2
6634,2279,0
6635,2287,-2
6636,2285,-2
6637,2290,-1
6638,2292,-2
6639,2270,-1
6640,2282,-1
6641,2282,1
6642,2290,0
6643,2278,0
6644,2278,-1
6645,2282,-2
6646,2282,-2
6647,2260,0
6648,2266,0
6649,2276,1
6650,2267,-1
6651,2277,1
6652,2285,0
6653,2302,2
6654,2299,-1
6655,2293,-2
6656,2285,-2
6657,2292,-1
6658,2272,0
6659,2270,-2
6660,2272,-2
6661,2266,0
6662,2269,-1
6663,2254,-2
6664,2267,-2
6665,2279,-1
6666,2278,1
6667,2293,-2
6668,2305,0
6669,2315,-2
6670,2305,-2
6671,2268,-2
6672,2280,-2
6673,2279,-1
6674,2266,-1
6675,2261,0
6676,2263,-1
6677,2277,2
6678,2273,-1
6679,2274,1
6680,2285,1
6681,2311,1
6682,2309,-1
6683,2312,-1
6684,2306,0
6685,2306,1
6686,2284,-2
6687,2261,0
6688,2264,-2
6689,2258,-1
6690,2257,-2
6691,2258,0
6692,2279,-1
6693,2293,1
6694,2290,0
6695,2288,-1
6696,2301,-2
6697,2311,0
6698,2307,1
6699,2295,1
6700,2287,-1
6701,2283,1
6702,2272,-1
6703,2249,1
6704,2258,-1
6705,2267,-2
6706,2264,-2
6707,2275,-2
6708,2297,-1
6709,2314,-2
6710,2299,-2
6711,2298,-1
6712,2299,-2
6713,2301,0
6714,2292,1
6715,2280,1
6716,2270,-1
6717,2272,1
6718,2268,1
6719,2260,-1
6720,2258,-1
6721,2280,-1
6722,2278,-1
6723,2299,-1
6724,2304,-2
6725,2313,-2
6726,2305,1
6727,2292,-2
6728,2299,0
6729,2282,-1
6730,2283,0
6731,2277,-1
6732,2271,-1
6733,2282,-1
6734,2265,0
6735,2269,0
6736,2273,-1
6737,2290,-1
6738,2285,1
6739,2299,-2
6740,2308,0
6741,2318,0
6742,2311,-1
6743,2296,1
6744,2283,1
6745,2299,1
6746,2274,1
6747,2266,0
6748,2272,1
6749,2277,-1
6750,2264,0
6751,2269,-2
6752,2279,0
6753,2304,0
6754,2308,-1
6755,2308,1
6756,2312,2
6757,2318,1
6758,2307,-2
6759,2279,0
6760,2273,0
6761,2281,-2
6762,2264,0
6763,2264,-1
6764,2260,0
6765,2273,0
6766,2281,-1
6767,2285,0
6768,2293,-1
6769,2313,-2
6770,2318,0
6771,2311,0
6772,2306,0
6773,2302,-2
6774,2282,1
6775,2260,0
6776,2255,1
6777,2260,-2
6778,2264,1
6779,2272,-1
6780,2276,-2
6781,2300,-2
6782,2310,-2
6783,2305,1
6784,2313,2
6785,2322,-2
6786,2315,-2
6787,2300,-2
6788,2283,1
6789,2287,-1
6790,2265,-2
6791,2252,-1
6792,2265,-2
6793,2271,1
6794,2277,1
6795,2285,0
6796,2308,0
6797,2326,1
6798,2323,-1
6799,2308,0
6800,2302,-1
6801,2308,1
6802,2287,0
6803,2277,-2
6804,2270,-2
6805,2280,0
6806,2264,1
6807,2258,-2
6808,2273,0
6809,2290,0
6810,2294,1
6811,2305,1
6812,2314,-1
6813,2317,0
6814,2310,0
6815,2287,1
6816,2297,0
6817,2279,1
6818,2262,-1
6819,2273,0
6820,2274,-1
6821,2285,-1
6822,2289,-1
6823,2272,-1
6824,2291,0
6825,2304,0
6826,2299,1
6827,2302,0
6828,2297,0
6829,2312,1
6830,2296,-1
6831,2285,0
6832,2279,-2
6833,2285,0
6834,2275,-1
6835,2268,0
6836,2285,0
6837,2290,-1
6838,2285,-1
6839,2287,-1
6840,2302,-1
6841,2305,0
6842,2310,-1
6843,2299,-2
6844,2302,-1
6845,2310,0
6846,2297,0
6847,2280,1
6848,2288,0
6849,2285,-1
6850,2279,-1
6851,2286,-1
6852,2283,1
6853,2284,2
6854,2287,-2
6855,2288,-3
6856,2295,-1
6857,2309,-2
6858,2300,2
6859,2311,0
6860,2309,1
6861,2311,0
6862,2297,-1
6863,2272,-1
6864,2272,0
6865,2276,0
6866,2288,1
6867,2279,-2
6868,2284,-1
6869,2311,0
6870,2308,-2
6871,2305,-1
6872,2300,0
6873,2317,-1
6874,2305,-1
6875,2311,-2
6876,2299,-1
6877,2290,1
6878,2274,1
6879,2255,0
6880,2272,-2
6881,2285,-2
6882,2291,0
6883,2294,-2
6884,2310,-1
6885,2314,-2
6886,2323,0
6887,2302,0
6888,2299,-3
6889,2311,1
6890,2293,0
6891,2284,-2
6892,2282,-2
6893,2283,-1
6894,2277,1
6895,2278,0
6896,2284,-2
6897,2290,-3
6898,2301,-2
6899,2303,1
6900,2313,-2
6901,2311,-1
6902,2302,1
6903,2295,-1
6904,2290,-1
6905,2288,0
6906,2290,1
6907,2274,0
6908,2294,0
6909,2297,1
6910,2291,-2
6911,2289,-2
6912,2288,-1
6913,2306,-2
6914,2308,-2
6915,2304,0
6916,2300,0
6917,2308,-1
6918,2298,0
6919,2282,0
6920,2294,0
6921,2296,-2
6922,2293,-2
6923,2294,0
6924,2297,0
6925,2305,-2
6926,2294,3
6927,2285,-1
6928,2285,-1
6929,2292,0
6930,2293,-1
6931,2300,-1
6932,2293,-5
6933,2317,-1
6934,2305,-2
6935,2296,0
6936,2297,-1
6937,2302,-2
6938,2299,0
6939,2299,-2
6940,2292,-1
6941,2288,-2
6942,2287,0
6943,2282,0
6944,2288,1
6945,2305,1
6946,2299,-2
6947,2315,-2
6948,2307,0
6949,2322,-2
6950,2317,0
6951,2302,-1
6952,2297,1
6953,2287,0
6954,2282,-2
6955,2290,-1
6956,2283,-2
6957,2285,1
6958,2293,0
6959,2293,1
6960,2307,1
6961,2310,-2
6962,2313,-1
6963,2317,-2
6964,2311,-1
6965,2321,0
6966,2302,1
6967,2289,-2
6968,2276,-1
6969,2277,-2
6970,2279,1
6971,2279,-1
6972,2290,1
6973,2308,-1
6974,2315,-1
6975,2316,-2
6976,2322,1
6977,2329,-1
6978,2323,-1
6979,2316,-2
6980,2305,-1
6981,2299,0
6982,2285,1
6983,2280,0
6984,2276,1
6985,2274,-2
6986,2289,1
6987,2307,0
6988,2314,1
6989,2325,1
6990,2325,1
6991,2317,-1
6992,2311,-1
6993,2306,0
6994,2303,-1
6995,2297,-1
6996,2290,-1
6997,2291,-1
6998,2278,-1
6999,2273,1
7000,2279,-1
7001,2298,0
7002,2298,-1
7003,2311,1
7004,2316,0
7005,2327,-1
7006,2314,-2
7007,2311,1
7008,2302,1
7009,2305,-2
7010,2293,0
7011,2288,0
7012,2289,1
7013,2298,0
7014,2280,-1
7015,2275,0
7016,2287,-1
7017,2304,-2
7018,2311,1
7019,2314,-1
7020,2316,-2
7021,2332,1
7022,2322,-1
7023,2314,-1
7024,2302,-1
7025,2300,0
7026,2300,0
7027,2290,-2
7028,2293,-2
7029,2295,1
7030,2279,1
7031,2289,1
7032,2305,0
7033,2313,1
7034,2314,-3
7035,2323,-2
7036,2334,-3
7037,2338,0
7038,2312,0
7039,2305,-1
7040,2296,-1
7041,2287,-1
7042,2285,0
7043,2264,-2
7044,2280,-2
7045,2304,1
7046,2290,-2
7047,2306,0
7048,2312,1
7049,2325,-1
7050,2332,-2
7051,2328,1
7052,2325,-2
7053,2322,-1
7054,2293,0
7055,2279,-1
7056,2275,-2
7057,2269,0
7058,2269,1
7059,2280,1
7060,2295,-2
7061,2326,-1
7062,2314,-1
7063,2326,-2
7064,2328,-1
7065,2323,-1
7066,2326,-2
7067,2305,-1
7068,2294,-1
7069,2290,-2
7070,2279,1
7071,2270,-3
7072,2274,0
7073,2279,-1
7074,2287,0
7075,2304,1
7076,2320,0
7077,2338,-1
7078,2332,0
7079,2332,0
7080,2314,-2
7081,2314,1
7082,2299,-2
7083,2291,-1
7084,2282,-2
7085,2287,-2
7086,2280,0
7087,2287,1
7088,2287,-3
7089,2308,-1
7090,2327,0
7091,2316,-1
7092,2330,1
7093,2337,1
7094,2316,0
7095,2313,-2
7096,2302,-2
7097,2294,-2
7098,2293,1
7099,2277,-2
7100,2293,-1
7101,2305,1
7102,2291,0
7103,2295,1
7104,2299,1
7105,2322,1
7106,2315,1
7107,2319,1
7108,2317,0
7109,2330,-1
7110,2311,1
7111,2303,1
7112,2298,-1
7113,2299,1
7114,2296,-1
7115,2284,-2
7116,2295,-1
7117,2311,-1
7118,2294,0
7119,2308,0
7120,2305,0
7121,2321,-2
7122,2317,-1
7123,2308,-1
7124,2318,0
7125,2332,1
7126,2308,-2
7127,2296,1
7128,2300,-4
7129,2304,0
7130,2296,-2
7131,2297,0
7132,2294,1
7133,2311,1
7134,2304,-1
7135,2311,-1
7136,2310,-2
7137,2314,0
7138,2320,0
7139,2318,1
7140,2322,-1
7141,2322,1
7142,2296,-2
7143,2299,-1
7144,2293,-1
7145,2290,1
7146,2293,1
7147,2295,-2
7148,2303,-2
7149,2326,0
7150,2317,-2
7151,2317,1
7152,2329,1
7153,2316,1
7154,2320,1
7155,2311,1
7156,2313,-2
7157,2306,1
7158,2290,-1
7159,2283,0
7160,2281,1
7161,2296,1
7162,2291,1
7163,2309,1
7164,2329,0
7165,2327,1
7166,2325,-1
7167,2321,0
7168,2319,-1
7169,2322,-2
7170,2302,-1
7171,2301,1
7172,2298,1
7173,2302,0
7174,2293,-1
7175,2293,-1
7176,2296,-2
7177,2310,-1
7178,2317,0
7179,2316,-1
7180,2329,-2
7181,2339,1
7182,2316,-1
7183,2312,1
7184,2310,-2
7185,2316,-2
7186,2301,-1
7187,2293,0
7188,2298,-2
7189,2315,1
7190,2305,-2
7191,2287,0
7192,2308,-1
7193,2329,0
7194,2314,-2
7195,2320,-2
7196,2311,-2
7197,2329,-2
7198,2312,-2
7199,2296,-2
7200,2300,-2
7201,2313,-2
7202,2304,0
7203,2298,-1
7204,2305,-2
7205,2309,0
7206,2299,1
7207,2296,1
7208,2302,-1
7209,2312,-2
7210,2315,0
7211,2316,-1
7212,2322,-2
7213,2341,0
7214,2323,-1
7215,2305,2
7216,2302,-1
7217,2305,1
7218,2290,0
7219,2287,1
7220,2296,-1
7221,2299,1
7222,2287,-2
7223,2296,-2
7224,2300,-2
7225,2321,-2
7226,2317,0
7227,2327,-2
7228,2334,0
7229,2335,-2
7230,2319,0
7231,2289,-1
7232,2292,-1
7233,2298,-2
7234,2290,0
7235,2288,0
7236,2299,1
7237,2313,-1
7238,2303,-1
7239,2315,1
7240,2323,0
7241,2341,0
7242,2335,-1
7243,2334,-1
7244,2332,0
7245,2327,-1
7246,2296,0
7247,2282,-2
7248,2280,-2
7249,2285,0
7250,2295,-1
7251,2301,-3
7252,2314,0
7253,2337,0
7254,2337,1
7255,2326,1
7256,2326,0
7257,2341,-1
7258,2331,0
7259,2313,-2
7260,2302,-2
7261,2308,1
7262,2281,-1
7263,2271,0
7264,2292,0
7265,2299,1
7266,2316,-2
7267,2329,0
7268,2340,-2
7269,2338,-1
7270,2348,1
7271,2324,0
7272,2314,0
7273,2320,0
7274,2310,-2
7275,2285,0
7276,2299,0
7277,2299,-2
7278,2289,-2
7279,2287,0
7280,2303,-1
7281,2317,1
7282,2324,-2
7283,2330,-1
7284,2344,0
7285,2344,-2
7286,2319,-2
7287,2317,-2
7288,2311,-3
7289,2296,-2
7290,2299,-2
7291,2296,-2
7292,2298,-2
7293,2316,1
7294,2311,0
7295,2314,1
7296,2314,-1
7297,2328,1
7298,2329,-1
7299,2326,-2
7300,2335,-1
7301,2327,-1
7302,2318,1
7303,2301,-1
7304,2302,1
7305,2302,1
7306,2295,0
7307,2296,0
7308,2310,1
7309,2311,-1
7310,2311,0
7311,2311,0
7312,2318,1
7313,2328,-1
7314,2335,1
7315,2332,-2
7316,2330,0
7317,2330,0
7318,2313,-2
7319,2294,-1
7320,2299,0
7321,2292,1
7322,2302,1
7323,2292,-1
7324,2301,-2
7325,2329,-2
7326,2320,-2
7327,2312,1
7328,2332,-1
7329,2332,-2
7330,2323,-1
7331,2333,1
7332,2323,-1
7333,2311,-2
7334,2305,-1
7335,2285,0
7336,2283,0
7337,2293,0
7338,2296,0
7339,2298,1
7340,2324,-1
7341,2335,-1
7342,2338,1
7343,2328,-1
7344,2331,1
7345,2340,-1
7346,2331,-1
7347,2315,-1
7348,2307,-1
7349,2298,0
7350,2292,-1
7351,2283,1
7352,2299,1
7353,2297,0
7354,2326,-1
7355,2329,1
7356,2338,0
7357,2338,0
7358,2335,0
7359,2314,1
7360,2317,-2
7361,2318,-2
7362,2297,-1
7363,2301,0
7364,2306,2
7365,2296,0
7366,2306,-2
7367,2302,-2
7368,2306,-2
7369,2323,-2
7370,2332,0
7371,2332,-2
7372,2344,1
7373,2326,-1
7374,2322,-1
7375,2310,-2
7376,2307,0
7377,2302,-2
7378,2293,0
7379,2303,0
7380,2309,-2
7381,2316,0
7382,2315,-2
7383,2317,1
7384,2319,-1
7385,2322,-2
7386,2320,0
7387,2320,1
7388,2325,-2
7389,2323,-1
7390,2322,-2
7391,2298,-1
7392,2310,-1
7393,2305,1
7394,2308,0
7395,2305,1
7396,2322,-2
7397,2322,-1
7398,2311,0
7399,2306,1
7400,2315,1
7401,2320,-1
7402,2326,-2
7403,2322,1
7404,2323,-1
7405,2327,-1
7406,2310,-1
7407,2309,0
7408,2312,0
7409,2308,-1
7410,2311,0
7411,2302,-1
7412,2317,0
7413,2311,1
7414,2318,0
7415,2305,-1
7416,2316,-2
7417,2328,1
7418,2320,1
7419,2336,-2
7420,2337,-1
7421,2330,-2
7422,2313,-1
7423,2296,-1
7424,2306,-2
7425,2300,-3
7426,2302,0
7427,2302,-2
7428,2317,-1
7429,2315,1
7430,2320,-2
7431,2315,-1
7432,2320,-1
7433,2337,-2
7434,2335,1
7435,2328,1
7436,2329,-2
7437,2315,-1
7438,2305,-1
7439,2288,1
7440,2304,-1
7441,2302,-2
7442,2302,-1
7443,2313,-2
7444,2331,-1
7445,2342,1
7446,2338,-1
7447,2333,-3
7448,2338,0
7449,2337,-1
7450,2327,-2
7451,2315,-2
7452,2313,-1
7453,2310,0
7454,2298,-2
7455,2299,-2
7456,2304,-1
7457,2318,-1
7458,2327,2
7459,2323,-1
7460,2339,0
7461,2339,1
7462,2335,-2
7463,2325,-2
7464,2320,0
7465,2321,1
7466,2315,0
7467,2306,-1
7468,2308,1
7469,2309,-2
7470,2314,-2
7471,2299,1
7472,2319,-1
7473,2322,-1
7474,2320,0
7475,2329,-1
7476,2344,-2
7477,2341,0
7478,2336,0
7479,2307,1
7480,2317,-1
7481,2316,-3
7482,2321,-1
7483,2311,0
7484,2321,-1
7485,2315,1
7486,2311,0
7487,2311,-2
7488,2311,-2
7489,2312,-2
7490,2320,-1
7491,2323,0
7492,2343,-1
7493,2339,0
7494,2335,1
7495,2320,-1
7496,2317,0
7497,2308,-2
7498,2308,1
7499,2313,-2
7500,2310,-1
7501,2306,0
7502,2314,0
7503,2304,1
7504,2308,0
7505,2329,-2
7506,2328,-2
7507,2337,-2
7508,2347,-2
7509,2335,-2
7510,2322,-2
7511,2311,1
7512,2306,2
7513,2300,-3
7514,2296,0
7515,2293,-2
7516,2313,-1
7517,2313,-1
7518,2322,-1
7519,2322,-4
7520,2330,0
7521,2343,-2
7522,2344,-1
7523,2336,-2
7524,2332,-2
7525,2322,-2
7526,2303,-1
7527,2288,-2
7528,2287,-2
7529,2291,0
7530,2306,-2
7531,2309,1
7532,2328,-1
7533,2338,0
7534,2332,-2
7535,2337,-2
7536,2343,0
7537,2343,1
7538,2332,-2
7539,2320,-2
7540,2329,-2
7541,2302,1
7542,2285,-2
7543,2290,0
7544,2297,0
7545,2315,0
7546,2332,0
7547,2340,-2
7548,2354,0
7549,2348,0
7550,2349,-1
7551,2333,1
7552,2327,-1
7553,2327,-3
7554,2305,-2
7555,2302,0
7556,2308,-1
7557,2302,-1
7558,2305,0
7559,2298,0
7560,2321,-2
7561,2325,-1
7562,2342,2
7563,2343,1
7564,2356,-2
7565,2342,-2
7566,2334,1
7567,2323,-1
7568,2309,1
7569,2311,-2
7570,2301,0
7571,2310,-2
7572,2318,-2
7573,2310,0
7574,2313,2
7575,2327,-2
7576,2329,1
7577,2342,-1
7578,2341,-2
7579,2330,0
7580,2353,-1
7581,2336,0
7582,2328,1
7583,2309,-1
7584,2305,0
7585,2305,0
7586,2311,-2
7587,2313,0
7588,2326,-3
7589,2316,-1
7590,2323,-2
7591,2325,-1
7592,2333,-1
7593,2334,0
7594,2341,0
7595,2335,1
7596,2360,0
7597,2331,1
7598,2332,-1
7599,2308,-1
7600,2301,-1
7601,2310,-1
7602,2309,1
7603,2311,0
7604,2335,-2
7605,2330,1
7606,2338,1
7607,2332,1
7608,2341,-1
7609,2354,-1
7610,2347,0
7611,2341,1
7612,2349,-1
7613,2318,-2
7614,2311,0
7615,2302,0
7616,2302,-3
7617,2304,-1
7618,2311,-1
7619,2311,-4
7620,2341,0
7621,2350,-2
7622,2353,1
7623,2343,-2
7624,2338,1
7625,2357,0
7626,2338,-2
7627,2318,1
7628,2313,1
7629,2302,-2
7630,2291,1
7631,2293,-1
7632,2294,-2
7633,2317,0
7634,2335,0
7635,2344,-2
7636,2362,-1
7637,2358,-1
7638,2353,1
7639,2340,-1
7640,2336,-1
7641,2322,0
7642,2320,-2
7643,2303,-2
7644,2316,-1
7645,2305,1
7646,2313,1
7647,2318,-1
7648,2325,0
7649,2343,-2
7650,2350,-1
7651,2353,1
7652,2356,1
7653,2348,0
7654,2332,0
7655,2317,-1
7656,2313,1
7657,2307,-1
7658,2302,0
7659,2302,3
7660,2329,-1
7661,2333,0
7662,2323,0
7663,2321,1
7664,2336,0
7665,2345,0
7666,2342,-2
7667,2332,-2
7668,2347,1
7669,2338,0
7670,2317,-2
7671,2305,1
7672,2303,-1
7673,2320,0
7674,2314,-1
7675,2320,-1
7676,2343,1
7677,2334,0
7678,2332,-2
7679,2330,0
7680,2329,-1
7681,2333,1
7682,2340,0
7683,2343,2
7684,2350,1
7685,2328,-1
7686,2319,1
7687,2316,-1
7688,2317,-1
7689,2324,0
7690,2320,-1
7691,2321,1
7692,2340,-2
7693,2327,-2
7694,2330,0
7695,2329,-1
7696,2324,1
7697,2341,-2
7698,2347,-1
7699,2338,1
7700,2341,2
7701,2326,0
7702,2324,-2
7703,2308,1
7704,2322,0
7705,2318,-1
7706,2315,-2
7707,2324,-2
7708,2338,-1
7709,2341,-1
7710,2352,1
7711,2341,1
7712,2339,-2
7713,2336,-2
7714,2347,0
7715,2332,-2
7716,2345,-1
7717,2318,-2
7718,2311,1
7719,2305,-1
7720,2312,0
7721,2314,-1
7722,2336,-1
7723,2341,-1
7724,2358,-1
7725,2352,-2
7726,2341,-2
7727,2337,-2
7728,2332,1
7729,2340,-1
7730,2326,-1
7731,2308,1
7732,2330,-2
7733,2322,-3
7734,2312,-1
7735,2309,1
7736,2323,-1
7737,2337,0
7738,2339,-2
7739,2341,-1
7740,2350,-1
7741,2344,4
7742,2339,-1
7743,2327,0
7744,2325,0
7745,2320,-1
7746,2322,0
7747,2313,-2
7748,2338,-1
7749,2326,-1
7750,2324,-2
7751,2325,-2
7752,2332,-1
7753,2336,-2
7754,2343,-1
7755,2350,0
7756,2351,0
7757,2338,-1
7758,2337,-1
7759,2333,-1
7760,2320,1
7761,2326,1
7762,2326,-2
7763,2326,-2
7764,2342,-2
7765,2331,-2
7766,2332,-1
7767,2332,-1
7768,2327,1
7769,2338,-1
7770,2331,0
7771,2333,-1
7772,2353,-1
7773,2338,0
7774,2341,-1
7775,2332,-1
7776,2323,1
7777,2325,-1
7778,2323,-2
7779,2320,-1
7780,2329,0
7781,2332,-1
7782,2335,-2
7783,2324,1
7784,2344,-2
7785,2335,0
7786,2349,-3
7787,2338,-1
7788,2365,-2
7789,2341,-2
7790,2335,-2
7791,2320,-2
7792,2320,-1
7793,2315,0
7794,2305,0
7795,2314,0
7796,2337,-2
7797,2328,1
7798,2337,-1
7799,2344,2
7800,2340,0
7801,2345,0
7802,2348,1
7803,2338,-1
7804,2347,-2
7805,2332,0
7806,2312,-1
7807,2310,1
7808,2305,-1
7809,2312,-1
7810,2318,1
7811,2322,-1
7812,2351,1
7813,2353,-2
7814,2355,0
7815,2341,-1
7816,2351,-1
7817,2350,-2
7818,2338,-1
7819,2328,-2
7820,2335,-2
7821,2305,-1
7822,2305,-1
7823,2307,-2
7824,2313,-2
7825,2331,-1
7826,2341,1
7827,2353,0
7828,2366,-1
7829,2367,-2
7830,2350,0
7831,2345,1
7832,2324,-2
7833,2331,1
7834,2319,-3
7835,2309,0
7836,2325,0
7837,2326,-1
7838,2314,-1
7839,2319,-2
7840,2329,-2
7841,2345,0
7842,2351,-3
7843,2350,1
7844,2365,0
7845,2351,0
7846,2349,-1
7847,2326,1
7848,2320,0
7849,2320,-2
7850,2314,0
7851,2314,-2
7852,2335,0
7853,2326,0
7854,2329,-1
7855,2341,-2
7856,2342,1
7857,2350,-2
7858,2344,-1
7859,2342,1
7860,2361,-2
7861,2338,2
7862,2326,1
7863,2323,0
7864,2317,-2
7865,2326,0
7866,2319,-2
7867,2320,-2
7868,2336,-1
7869,2329,0
7870,2331,1
7871,2337,-2
7872,2327,1
7873,2347,0
7874,2350,0
7875,2352,0
7876,2359,-1
7877,2344,-1
7878,2329,1
7879,2320,1
7880,2320,0
7881,2326,0
7882,2324,0
7883,2318,-1
7884,2342,-1
7885,2338,-2
7886,2332,1
7887,2338,2
7888,2349,-1
7889,2359,-1
7890,2355,0
7891,2344,-2
7892,2345,1
7893,2333,1
7894,2320,0
7895,2308,-1
7896,2310,0
7897,2323,1
7898,2318,1
7899,2327,-2
7900,2343,-1
7901,2351,-1
7902,2349,0
7903,2349,-1
7904,2361,-2
7905,2345,0
7906,2344,1
7907,2323,1
7908,2337,-2
7909,2323,-2
7910,2314,0
7911,2303,-1
7912,2315,0
7913,2326,-2
7914,2337,-1
7915,2348,-2
7916,2361,-2
7917,2361,-1
7918,2344,-1
7919,2348,-2
7920,2341,-2
7921,2329,-2
7922,2319,0
7923,2314,-3
7924,2319,-1
7925,2316,0
7926,2320,-2
7927,2315,2
7928,2330,1
7929,2339,-1
7930,2351,1
7931,2353,-1
7932,2365,0
7933,2351,-1
7934,2336,0
7935,2335,0
7936,2322,-1
7937,2319,-1
7938,2320,-1
7939,2321,-1
7940,2329,1
7941,2326,-1
7942,2323,0
7943,2331,-2
7944,2351,0
7945,2353,-2
7946,2348,-1
7947,2355,-1
7948,2355,-1
7949,2343,-2
7950,2334,-1
7951,2325,0
7952,2326,-1
7953,2336,-1
7954,2332,-2
7955,2335,-1
7956,2331,1
7957,2338,-2
7958,2333,-2
7959,2350,-2
7960,2347,-1
7961,2345,-2
7962,2342,-1
7963,2349,-2
7964,2369,1
7965,2342,-2
7966,2329,-2
7967,2323,-1
7968,2326,0
7969,2320,-2
7970,2325,-1
7971,2320,-2
7972,2339,1
7973,2336,1
7974,2329,-1
7975,2345,-1
7976,2350,1
7977,2353,-2
7978,2355,-2
7979,2350,0
7980,2355,1
7981,2336,1
7982,2329,0
7983,2315,-2
7984,2314,1
7985,2320,-2
7986,2326,-2
7987,2332,0
7988,2350,1
7989,2358,0
7990,2344,2
7991,2354,-1
7992,2360,0
7993,2362,-1
7994,2354,0
7995,2343,1
7996,2349,-1
7997,2322,-2
7998,2313,0
7999,2304,-3
8000,2314,-1
8001,2326,1
8002,2341,-2
8003,2357,-1
8004,2370,-2
8005,2371,0
8006,2361,0
8007,2355,0
8008,2359,-2
8009,2350,1
8010,2326,-2
8011,2319,0
8012,2321,1
8013,2314,-2
8014,2304,-2
8015,2310,0
8016,2335,-2
8017,2349,0
8018,2363,1
8019,2367,0
8020,2376,-1
8021,2370,1
8022,2354,0
8023,2335,-2
8024,2329,0
8025,2326,-2
8026,2314,0
8027,2317,-2
8028,2326,0
8029,2326,1
8030,2324,-2
8031,2344,-1
8032,2355,-2
8033,2367,-1
8034,2366,1
8035,2360,0
8036,2368,-1
8037,2353,-2
8038,2329,-1
8039,2325,-1
8040,2323,2
8041,2326,0
8042,2329,1
8043,2333,0
8044,2335,-3
8045,2341,0
8046,2341,-2
8047,2352,-2
8048,2353,0
8049,2358,0
8050,2363,-2
8051,2360,1
8052,2359,0
8053,2345,-2
8054,2309,-1
8055,2318,-2
8056,2317,0
8057,2321,1
8058,2335,0
8059,2335,-1
8060,2356,-2
8061,2357,-2
8062,2338,1
8063,2355,0
8064,2351,-2
8065,2354,-1
8066,2355,-2
8067,2347,-2
8068,2343,0
8069,2338,1
8070,2329,0
8071,2322,-2
8072,2320,-2
8073,2332,-2
8074,2332,-1
8075,2339,-1
8076,2361,1
8077,2369,1
8078,2348,-1
8079,2354,-2
8080,2364,-2
8081,2361,-2
8082,2353,1
8083,2349,-2
8084,2339,-2
8085,2329,1
8086,2310,-1
8087,2319,1
8088,2326,0
8089,2343,0
8090,2349,-2
8091,2355,0
8092,2376,-2
8093,2370,-1
8094,2358,1
8095,2350,-2
8096,2353,0
8097,2350,-2
8098,2338,0
8099,2324,-2
8100,2335,1
8101,2332,-1
8102,2324,-2
8103,2334,1
8104,2341,0
8105,2363,-2
8106,2365,-2
8107,2363,-2
8108,2384,-1
8109,2370,-2
8110,2343,-2
8111,2339,0
8112,2341,-1
8113,2334,1
8114,2323,-2
8115,2329,-2
8116,2342,-2
8117,2337,2
8118,2336,1
8119,2346,1
8120,2369,0
8121,2361,1
8122,2357,0
8123,2367,1
8124,2367,-1
8125,2352,0
8126,2332,-2
8127,2330,0
8128,2329,-1
8129,2335,-1
8130,2334,-1
8131,2340,1
8132,2350,-1
8133,2355,1
8134,2338,0
8135,2359,0
8136,2367,-2
8137,2351,-1
8138,2349,-3
8139,2349,0
8140,2359,1
8141,2341,0
8142,2325,-2
8143,2332,-2
8144,2345,-1
8145,2347,1
8146,2350,1
8147,2342,1
8148,2356,-2
8149,2344,0
8150,2341,-2
8151,2347,-1
8152,2349,-2
8153,2352,-1
8154,2349,1
8155,2348,0
8156,2358,0
8157,2352,-1
8158,2339,-2
8159,2352,1
8160,2352,1
8161,2335,0
8162,2339,-2
8163,2336,-1
8164,2353,1
8165,2354,-1
8166,2343,-2
8167,2343,-1
8168,2359,1
8169,2361,-1
8170,2350,1
8171,2360,-1
8172,2361,-2
8173,2358,-2
8174,2335,0
8175,2335,1
8176,2337,1
8177,2336,1
8178,2326,1
8179,2348,1
8180,2356,-3
8181,2353,-2
8182,2356,1
8183,2358,1
8184,2365,-1
8185,2361,0
8186,2361,0
8187,2347,0
8188,2355,-1
8189,2333,1
8190,2323,-2
8191,2332,0
8192,2341,-1
8193,2341,-1
8194,2354,-1
8195,2366,3
8196,2376,-2
8197,2361,-2
8198,2361,-2
8199,2366,0
8200,2365,-3
8201,2345,1
8202,2335,1
8203,2339,-1
8204,2338,-3
8205,2329,0
8206,2322,-2
8207,2336,-1
8208,2350,-2
8209,2361,1
8210,2367,-1
8211,2363,-1
8212,2370,1
8213,2364,-2
8214,2354,1
8215,2344,-1
8216,2350,2
8217,2339,0
8218,2335,1
8219,2340,0
8220,2355,0
8221,2335,-1
8222,2340,-1
8223,2355,-2
8224,2364,-1
8225,2355,1
8226,2369,-2
8227,2364,-1
8228,2373,-2
8229,2358,2
8230,2336,-2
8231,2331,1
8232,2347,0
8233,2342,-3
8234,2332,1
8235,2340,-3
8236,2350,-2
8237,2350,-2
8238,2341,-2
8239,2349,0
8240,2364,0
8241,2363,0
8242,2367,-1
8243,2362,-1
8244,2370,-1
8245,2363,0
8246,2332,-1
8247,2333,-2
8248,2349,0
8249,2331,-1
8250,2338,1
8251,2336,-1
8252,2352,-2
8253,2361,0
8254,2353,-2
8255,2360,-1
8256,2361,-1
8257,2375,-2
8258,2368,1
8259,2361,-2
8260,2370,-2
8261,2348,0
8262,2332,1
8263,2330,-2
8264,2333,0
8265,2327,0
8266,2330,-2
8267,2350,0
8268,2367,0
8269,2363,0
8270,2369,0
8271,2376,-1
8272,2388,-2
8273,2379,-2
8274,2366,0
8275,2361,0
8276,2353,-1
8277,2338,-1
8278,2322,1
8279,2326,0
8280,2332,1
8281,2333,-1
8282,2354,-1
8283,2363,-2
8284,2385,0
8285,2376,-2
8286,2373,-1
8287,2371,0
8288,2370,1
8289,2358,1
8290,2347,0
8291,2340,-1
8292,2336,1
8293,2325,-2
8294,2317,0
8295,2331,0
8296,2360,-1
8297,2363,0
8298,2377,-2
8299,2381,0
8300,2394,-2
8301,2385,1
8302,2370,-2
8303,2343,-2
8304,2345,0
8305,2344,0
8306,2345,-1
8307,2331,1
8308,2335,-1
8309,2337,0
8310,2341,1
8311,2355,0
8312,2375,0
8313,2374,1
8314,2374,-3
8315,2376,0
8316,2377,1
8317,2366,0
8318,2349,1
8319,2343,1
8320,2338,0
8321,2341,-2
8322,2335,0
8323,2346,0
8324,2358,1
8325,2355,-2
8326,2360,-1
8327,2367,0
8328,2379,0
8329,2374,0
8330,2370,1
8331,2364,-1
8332,2364,-2
8333,2356,1
8334,2329,-2
8335,2340,-1
8336,2350,-2
8337,2339,-1
8338,2345,-1
8339,2353,-2
8340,2365,0
8341,2361,-2
8342,2366,-2
8343,2374,-2
8344,2373,-2
8345,2366,1
8346,2364,0
8347,2364,0
8348,2368,-1
8349,2351,-2
8350,2331,1
8351,2349,1
8352,2345,0
8353,2342,-1
8354,2342,-2
8355,2365,1
8356,2378,1
8357,2373,-2
8358,2376,0
8359,2370,1
8360,2379,-2
8361,2377,1
8362,2367,-2
8363,2363,-1
8364,2351,0
8365,2343,-2
8366,2338,0
8367,2338,-2
8368,2338,-2
8369,2350,-2
8370,2364,1
8371,2370,-1
8372,2384,0
8373,2388,-1
8374,2381,-2
8375,2370,0
8376,2381,1
8377,2363,-1
8378,2353,-1
8379,2350,-2
8380,2350,1
8381,2349,-1
8382,2347,1
8383,2346,-2
8384,2358,1
8385,2376,-1
8386,2377,-1
8387,2387,0
8388,2393,1
8389,2385,0
8390,2369,0
8391,2361,-2
8392,2355,-1
8393,2344,-1
8394,2338,-2
8395,2346,-2
8396,2349,0
8397,2336,-1
8398,2347,1
8399,2370,-1
8400,2383,-2
8401,2381,-1
8402,2379,-1
8403,2371,0
8404,2376,-1
8405,2362,-1
8406,2343,0
8407,2346,0
8408,2346,1
8409,2340,1
8410,2347,-1
8411,2351,-1
8412,2361,-2
8413,2367,-2
8414,2376,-2
8415,2374,1
8416,2385,-2
8417,2377,-1
8418,2371,-1
8419,2369,1
8420,2369,1
8421,2354,0
8422,2345,1
8423,2344,0
8424,2346,1
8425,2353,-1
8426,2353,0
8427,2365,-2
8428,2370,2
8429,2370,1
8430,2367,0
8431,2370,-2
8432,2376,0
8433,2372,-1
8434,2367,-1
8435,2367,0
8436,2363,-2
8437,2360,-1
8438,2353,0
8439,2345,-1
8440,2356,0
8441,2350,-2
8442,2362,0
8443,2371,1
8444,2380,-2
8445,2372,-2
8446,2372,-2
8447,2361,1
8448,2366,1
8449,2370,1
8450,2364,-1
8451,2363,-1
8452,2371,1
8453,2355,1
8454,2344,0
8455,2342,0
8456,2357,-2
8457,2347,-1
8458,2353,0
8459,2373,-3
8460,2386,-2
8461,2368,1
8462,2375,1
8463,2373,-2
8464,2380,-2
8465,2364,1
8466,2355,-1
8467,2356,-2
8468,2364,-2
8469,2341,-1
8470,2341,-1
8471,2347,1
8472,2354,-2
8473,2356,0
8474,2377,-1
8475,2381,1
8476,2385,1
8477,2381,0
8478,2374,0
8479,2368,-2
8480,2357,1
8481,2354,1
8482,2341,-2
8483,2347,0
8484,2362,-2
8485,2344,-1
8486,2347,-1
8487,2361,-2
8488,2370,1
8489,2381,0
8490,2385,1
8491,2390,1
8492,2397,-2
8493,2366,1
8494,2363,0
8495,2348,-2
8496,2353,-2
8497,2347,-1
8498,2338,0
8499,2349,-1
8500,2360,1
8501,2358,0
8502,2370,1
8503,2372,-1
8504,2381,-2
8505,2375,0
8506,2375,-2
8507,2376,-2
8508,2378,-2
8509,2373,0
8510,2351,0
8511,2346,0
8512,2355,0
8513,2350,-2
8514,2355,1
8515,2356,-1
8516,2384,1
8517,2372,0
8518,2370,-2
8519,2373,0
8520,2377,1
8521,2375,0
8522,2364,1
8523,2378,0
8524,2370,-2
8525,2367,-1
8526,2355,0
8527,2350,1
8528,2354,-1
8529,2350,-2
8530,2355,1
8531,2366,0
8532,2369,0
8533,2374,-2
8534,2365,1
8535,2367,-1
8536,2374,1
8537,2373,1
8538,2373,-2
8539,2373,0
8540,2369,-1
8541,2356,0
8542,2358,-1
8543,2349,-2
8544,2344,0
8545,2344,0
8546,2356,-2
8547,2367,-1
8548,2375,-2
8549,2377,1
8550,2376,0
8551,2384,-2
8552,2389,-2
8553,2376,-2
8554,2365,0
8555,2364,0
8556,2355,-1
8557,2352,0
8558,2342,-1
8559,2346,-1
8560,2350,0
8561,2369,-2
8562,2367,0
8563,2388,0
8564,2406,1
8565,2389,-2
8566,2382,0
8567,2381,1
8568,2385,0
8569,2362,0
8570,2355,-1
8571,2344,-1
8572,2361,-1
8573,2347,-1
8574,2333,1
8575,2350,0
8576,2370,1
8577,2384,-2
8578,2385,-2
8579,2388,1
8580,2398,-2
8581,2385,1
8582,2373,0
8583,2356,-1
8584,2358,1
8585,2341,0
8586,2342,0
8587,2347,0
8588,2362,3
8589,2361,-2
8590,2364,0
8591,2370,0
8592,2385,-1
8593,2391,0
8594,2396,-1
8595,2387,-1
8596,2394,1
8597,2367,-2
8598,2351,-2
8599,2350,0
8600,2344,-1
8601,2352,-2
8602,2358,-2
8603,2364,1
8604,2381,1
8605,2373,0
8606,2373,1
8607,2383,-1
8608,2384,-2
8609,2374,-1
8610,2384,1
8611,2388,0
8612,2386,1
8613,2358,-1
8614,2354,-1
8615,2344,0
8616,2355,-1
8617,2356,-3
8618,2357,-1
8619,2376,-1
8620,2391,-1
8621,2382,-1
8622,2367,-2
8623,2371,1
8624,2384,-1
8625,2378,1
8626,2371,0
8627,2370,-2
8628,2376,2
8629,2359,1
8630,2347,0
8631,2358,-2
8632,2357,-2
8633,2355,-2
8634,2369,0
8635,2379,-2
8636,2399,0
8637,2371,1
8638,2361,-2
8639,2376,0
8640,2385,1
8641,2384,-1
8642,2368,0
8643,2360,-1
8644,2379,0
8645,2359,-1
8646,2347,1
8647,2338,-1
8648,2358,0
8649,2362,1
8650,2373,1
8651,2379,-1
8652,2398,1
8653,2388,0
8654,2376,-1
8655,2379,1
8656,2380,-2
8657,2368,-1
8658,2352,-1
8659,2360,0
8660,2363,-1
8661,2347,-2
8662,2347,0
8663,2357,-2
8664,2375,-2
8665,2388,0
8666,2385,1
8667,2388,-1
8668,2406,-2
8669,2397,0
8670,2373,0
8671,2363,0
8672,2358,-1
8673,2355,-1
8674,2358,-1
8675,2362,-1
8676,2371,-1
8677,2369,-2
8678,2361,-2
8679,2381,-1
8680,2395,-2
8681,2391,-1
8682,2391,1
8683,2391,-2
8684,2391,0
8685,2375,0
8686,2350,-2
8687,2353,-1
8688,2365,-2
8689,2354,-1
8690,2353,1
8691,2368,1
8692,2381,0
8693,2373,-1
8694,2371,0
8695,2379,-1
8696,2376,-1
8697,2377,-2
8698,2371,1
8699,2378,-2
8700,2384,1
8701,2358,0
8702,2358,0
8703,2368,-2
8704,2358,0
8705,2361,1
8706,2364,0
8707,2377,1
8708,2389,-1
8709,2376,0
8710,2366,-1
8711,2383,-1
8712,2376,-2
8713,2375,1
8714,2382,1
8715,2378,-1
8716,2381,-1
8717,2379,-1
8718,2361,-2
8719,2363,1
8720,2370,-1
8721,2367,-1
8722,2361,-1
8723,2364,-2
8724,2386,1
8725,2373,1
8726,2365,0
8727,2372,-2
8728,2383,-1
8729,2381,-1
8730,2380,-1
8731,2384,-1
8732,2381,-2
8733,2374,0
8734,2344,-2
8735,2347,-1
8736,2354,0
8737,2358,-2
8738,2370,1
8739,2371,-2
8740,2392,0
8741,2386,-2
8742,2379,2
8743,2394,-1
8744,2400,0
8745,2385,1
8746,2367,-1
8747,2364,-1
8748,2365,-1
8749,2348,-1
8750,2338,-1
8751,2350,-2
8752,2364,0
8753,2376,-1
8754,2383,-1
8755,2397,0
8756,2410,-1
8757,2397,-2
8758,2383,1
8759,2384,1
8760,2370,2
8761,2370,-1
8762,2363,-2
8763,2358,-1
8764,2365,-1
8765,2347,1
8766,2353,-2
8767,2370,-2
8768,2389,1
8769,2385,-2
8770,2394,-1
8771,2406,-1
8772,2402,1
8773,2388,1
8774,2367,-2
8775,2360,1
8776,2353,0
8777,2353,-1
8778,2350,-1
8779,2368,0
8780,2370,-1
8781,2367,1
8782,2367,-3
8783,2385,1
8784,2397,-1
8785,2400,-1
8786,2391,-2
8787,2400,-2
8788,2397,1
8789,2381,1
8790,2356,-2
8791,2354,1
8792,2369,-2
8793,2360,-2
8794,2362,-2
8795,2371,2
8796,2386,1
8797,2388,2
8798,2382,-1
8799,2390,0
8800,2400,-1
8801,2399,-2
8802,2389,0
8803,2396,-1
8804,2388,0
8805,2374,0
8806,2359,-1
8807,2360,-2
8808,2361,0
8809,2359,-2
8810,2366,0
8811,2380,0
8812,2382,1
8813,2388,0
8814,2382,0
8815,2387,0
8816,2394,0
8817,2391,1
8818,2384,-2
8819,2388,1
8820,2379,-2
8821,2360,-1
8822,2357,-1
8823,2354,-1
8824,2361,0
8825,2364,-1
8826,2375,-2
8827,2391,1
8828,2395,2
8829,2392,-1
8830,2396,1
8831,2396,1
8832,2392,-1
8833,2384,1
8834,2376,-3
8835,2363,-1
8836,2355,0
8837,2356,1
8838,2339,0
8839,2356,0
8840,2367,-1
8841,2385,0
8842,2376,-2
8843,2412,1
8844,2410,-1
8845,2404,-2
8846,2387,-2
8847,2379,-1
8848,2376,-2
8849,2364,1
8850,2355,-1
8851,2355,0
8852,2355,-2
8853,2354,1
8854,2352,1
8855,2385,-2
8856,2388,0
8857,2406,1
8858,2415,-1
8859,2411,-2
8860,2405,1
8861,2394,1
8862,2382,-2
8863,2361,-2
8864,2353,1
8865,2353,-1
8866,2353,-1
8867,2367,-2
8868,2370,2
8869,2384,0
8870,2379,-3
8871,2398,-1
8872,2407,1
8873,2404,-2
8874,2404,1
8875,2394,-2
8876,2379,0
8877,2373,0
8878,2353,0
8879,2355,0
8880,2361,-2
8881,2360,1
8882,2374,1
8883,2377,-1
8884,2389,-2
8885,2400,0
8886,2397,-2
8887,2399,0
8888,2402,-2
8889,2391,1
8890,2393,-1
8891,2389,0
8892,2367,0
8893,2360,-1
8894,2358,0
8895,2364,1
8896,2373,-1
8897,2376,-1
8898,2376,-1
8899,2406,1
8900,2398,1
8901,2389,-1
8902,2394,-1
8903,2386,1
8904,2390,-1
8905,2382,1
8906,2373,0
8907,2382,-1
8908,2370,0
8909,2364,1
8910,2360,1
8911,2373,-1
8912,2381,0
8913,2376,-2
8914,2386,-3
8915,2401,1
8916,2391,0
8917,2400,-2
8918,2386,-1
8919,2388,-2
8920,2389,-1
8921,2379,-2
8922,2378,-2
8923,2379,0
8924,2371,0
8925,2376,1
8926,2360,-1
8927,2372,-1
8928,2375,0
8929,2382,-1
8930,2391,-2
8931,2406,-2
8932,2396,1
8933,2391,-1
8934,2382,1
8935,2382,1
8936,2384,-1
8937,2378,-1
8938,2369,-2
8939,2379,0
8940,2365,0
8941,2357,2
8942,2360,-2
8943,2376,0
8944,2385,-2
8945,2393,-1
8946,2400,1
8947,2415,-1
8948,2395,-2
8949,2402,-2
8950,2382,-2
8951,2366,-1
8952,2369,1
8953,2361,0
8954,2355,0
8955,2371,-2
8956,2373,1
8957,2373,1
8958,2373,-1
8959,2391,0
8960,2388,-1
8961,2392,-1
8962,2390,-1
8963,2405,-2
8964,2386,-2
8965,2384,-2
8966,2356,-1
8967,2361,-2
8968,2366,-2
8969,2371,-1
8970,2363,-1
8971,2380,1
8972,2391,-1
8973,2393,-1
8974,2391,-2
8975,2397,0
8976,2394,-3
8977,2393,-2
8978,2392,-2
8979,2396,-1
8980,2373,-3
8981,2373,-3
8982,2361,0
8983,2370,-2
8984,2382,0
8985,2379,-1
8986,2380,-2
8987,2399,-1
8988,2392,1
8989,2393,-2
8990,2382,0
8991,2378,-1
8992,2394,1
8993,2385,-2
8994,2384,0
8995,2385,-1
8996,2383,-1
8997,2364,0
8998,2373,0
8999,2368,0
9000,2378,-2
9001,2377,2
9002,2381,0
9003,2392,-1
9004,2393,-1
9005,2387,1
9006,2382,-2
9007,2384,-2
9008,2391,0
9009,2388,1
9010,2391,0
9011,2393,-1
9012,2391,-1
9013,2373,1
9014,2370,-2
9015,2370,1
9016,2372,-2
9017,2382,0
9018,2387,0
9019,2400,1
9020,2397,-1
9021,2389,-1
9022,2394,2
9023,2394,0
9024,2388,-1
9025,2391,1
9026,2381,-2
9027,2398,-1
9028,2370,1
9029,2369,0
9030,2362,-2
9031,2365,-1
9032,2389,-2
9033,2394,0
9034,2391,-2
9035,2415,-2
9036,2406,-1
9037,2406,-2
9038,2398,1
9039,2388,-1
9040,2388,-1
9041,2368,-2
9042,2367,-2
9043,2382,-2
9044,2370,-2
9045,2363,-2
9046,2379,-2
9047,2388,0
9048,2403,-1
9049,2406,-2
9050,2397,0
9051,2418,-2
9052,2409,-2
9053,2396,-2
9054,2371,-1
9055,2373,-2
9056,2367,0
9057,2373,0
9058,2376,-1
9059,2389,1
9060,2387,0
9061,2391,-1
9062,2387,-2
9063,2394,-3
9064,2409,-2
9065,2406,-2
9066,2399,-2
9067,2407,-1
9068,2387,1
9069,2382,1
9070,2375,0
9071,2367,-2
9072,2385,-2
9073,2380,-2
9074,2382,0
9075,2397,-2
9076,2394,1
9077,2397,1
9078,2384,0
9079,2400,1
9080,2396,-2
9081,2409,0
9082,2402,-3
9083,2401,0
9084,2382,-1
9085,2380,1
9086,2381,-2
9087,2370,-2
9088,2377,-1
9089,2386,0
9090,2397,0
9091,2401,1
9092,2393,-1
9093,2394,-1
9094,2395,1
9095,2396,1
9096,2406,0
9097,2397,-2
9098,2389,-1
9099,2398,1
9100,2390,0
9101,2377,-2
9102,2375,-1
9103,2369,-2
9104,2370,-1
9105,2372,0
9106,2381,-1
9107,2405,1
9108,2399,-2
9109,2401,-1
9110,2397,-2
9111,2403,-2
9112,2401,-1
9113,2399,2
9114,2388,0
9115,2399,1
9116,2376,-1
9117,2374,0
9118,2365,-2
9119,2364,1
9120,2379,-1
9121,2388,-1
9122,2399,1
9123,2419,1
9124,2411,1
9125,2414,0
9126,2402,-1
9127,2388,-1
9128,2397,-2
9129,2379,-1
9130,2376,-1
9131,2389,-2
9132,2360,-2
9133,2365,1
9134,2366,0
9135,2378,-1
9136,2400,-1
9137,2405,1
9138,2415,-2
9139,2429,-1
9140,2420,-1
9141,2403,-1
9142,2385,3
9143,2370,0
9144,2370,-2
9145,2372,-2
9146,2362,1
9147,2382,-1
9148,2379,0
9149,2384,0
9150,2387,-2
9151,2393,1
9152,2412,-1
9153,2421,-1
9154,2412,-1
9155,2416,1
9156,2412,1
9157,2384,0
9158,2375,0
9159,2359,0
9160,2363,-1
9161,2376,-2
9162,2376,-1
9163,2403,-2
9164,2394,2
9165,2399,-2
9166,2405,-2
9167,2403,1
9168,2407,-2
9169,2408,-2
9170,2407,0
9171,2409,-2
9172,2385,0
9173,2372,-2
9174,2364,0
9175,2373,-2
9176,2384,0
9177,2375,0
9178,2390,0
9179,2409,-3
9180,2403,1
9181,2400,1
9182,2401,1
9183,2395,1
9184,2406,2
9185,2400,0
9186,2394,0
9187,2400,1
9188,2375,-1
9189,2380,0
9190,2380,-1
9191,2373,0
9192,2372,-2
9193,2380,2
9194,2385,1
9195,2411,-1
9196,2405,-2
9197,2400,3
9198,2398,-2
9199,2397,-1
9200,2396,0
9201,2393,0
9202,2384,0
9203,2394,0
9204,2375,1
9205,2372,1
9206,2361,1
9207,2368,0
9208,2391,-2
9209,2400,1
9210,2397,-2
9211,2418,0
9212,2418,0
9213,2422,1
9214,2408,0
9215,2393,-1
9216,2394,0
9217,2379,-1
9218,2373,-1
9219,2376,-2
9220,2374,0
9221,2365,0
9222,2368,0
9223,2385,-1
9224,2406,-1
9225,2411,0
9226,2412,-2
9227,2432,0
9228,2410,-1
9229,2401,-2
9230,2387,-1
9231,2376,-2
9232,2370,0
9233,2367,0
9234,2365,-1
9235,2377,-2
9236,2376,-2
9237,2383,-2
9238,2404,0
9239,2403,-2
9240,2418,1
9241,2423,0
9242,2415,-1
9243,2423,-2
9244,2400,-3
9245,2375,0
9246,2369,0
9247,2370,-1
9248,2367,-1
9249,2367,-1
9250,2367,-1
9251,2401,-1
9252,2408,1
9253,2406,1
9254,2413,0
9255,2410,0
9256,2414,-2
9257,2401,-2
9258,2395,-2
9259,2398,-1
9260,2376,-2
9261,2375,0
9262,2361,-2
9263,2372,-2
9264,2381,-3
9265,2386,-2
9266,2386,-2
9267,2410,-1
9268,2410,0
9269,2410,-2
9270,2397,-1
9271,2397,-2
9272,2395,1
9273,2386,-2
9274,2379,1
9275,2384,-1
9276,2377,-2
9277,2373,-2
9278,2373,1
9279,2382,-2
9280,2386,-1
9281,2396,-1
9282,2397,-2
9283,2412,1
9284,2406,0
9285,2400,-2
9286,2398,0
9287,2394,1
9288,2393,-2
9289,2393,-1
9290,2386,1
9291,2400,0
9292,2380,-2
9293,2377,0
9294,2376,2
9295,2375,-2
9296,2392,-1
9297,2393,-2
9298,2400,-2
9299,2409,-2
9300,2412,1
9301,2402,-3
9302,2403,-1
9303,2397,0
9304,2391,1
9305,2383,1
9306,2379,-1
9307,2387,1
9308,2382,-2
9309,2371,-2
9310,2376,1
9311,2391,-1
9312,2395,-1
9313,2401,-1
9314,2404,-1
9315,2420,-2
9316,2413,0
9317,2402,-1
9318,2394,0
9319,2383,-2
9320,2382,0
9321,2376,-1
9322,2372,0
9323,2389,0
9324,2382,-2
9325,2382,-1
9326,2394,1
9327,2401,0
9328,2414,-1
9329,2406,-3
9330,2416,-2
9331,2415,-1
9332,2408,0
9333,2382,0
9334,2375,-1
9335,2375,1
9336,2376,-2
9337,2379,1
9338,2376,1
9339,2396,0
9340,2400,1
9341,2396,-2
9342,2405,-1
9343,2408,1
9344,2420,-2
9345,2412,-1
9346,2412,-2
9347,2403,-1
9348,2388,0
9349,2370,-1
9350,2376,0
9351,2372,0
9352,2386,-2
9353,2389,-2
9354,2395,1
9355,2419,-1
9356,2407,-2
9357,2397,0
9358,2403,-1
9359,2405,-2
9360,2394,0
9361,2403,-1
9362,2376,-1
9363,2400,0
9364,2394,-1
9365,2366,-1
9366,2384,0
9367,2382,1
9368,2390,0
9369,2395,-1
9370,2391,-2
9371,2413,1
9372,2410,-1
9373,2392,-1
9374,2391,-2
9375,2394,-2
9376,2404,-1
9377,2400,-2
9378,2399,-1
9379,2404,0
9380,2391,1
9381,2394,-1
9382,2388,2
9383,2388,0
9384,2386,-1
9385,2402,0
9386,2405,0
9387,2417,-2
9388,2406,-1
9389,2394,1
9390,2401,-2
9391,2407,1
9392,2413,0
9393,2400,0
9394,2400,0
9395,2396,1
9396,2383,-1
9397,2372,-1
9398,2376,-1
9399,2382,-2
9400,2398,-2
9401,2397,1
9402,2409,-2
9403,2424,1
9404,2420,1
9405,2407,-2
9406,2402,0
9407,2403,-1
9408,2397,-3
9409,2397,0
9410,2388,0
9411,2395,-2
9412,2377,0
9413,2380,-2
9414,2385,0
9415,2394,-2
9416,2398,-2
9417,2414,-2
9418,2417,0
9419,2420,-1
9420,2409,0
9421,2400,-1
9422,2383,-2
9423,2382,-1
9424,2387,0
9425,2382,0
9426,2382,-1
9427,2390,1
9428,2391,-2
9429,2378,-1
9430,2402,-1
9431,2406,-2
9432,2412,-2
9433,2415,-3
9434,2415,-1
9435,2418,-2
9436,2406,1
9437,2378,0
9438,2377,-1
9439,2373,-3
9440,2383,0
9441,2385,-1
9442,2384,-1
9443,2408,2
9444,2412,1
9445,2400,-3
9446,2417,-2
9447,2415,-3
9448,2418,-1
9449,2409,0
9450,2396,-1
9451,2407,-1
9452,2396,0
9453,2372,-1
9454,2381,-2
9455,2384,0
9456,2398,-2
9457,2393,-3
9458,2399,1
9459,2415,0
9460,2418,0
9461,2399,0
9462,2403,-1
9463,2404,1
9464,2418,-1
9465,2404,-1
9466,2401,-2
9467,2410,-2
9468,2405,0
9469,2374,-1
9470,2385,1
9471,2386,0
9472,2383,-1
9473,2401,-1
9474,2406,-2
9475,2422,-3
9476,2412,-3
9477,2390,0
9478,2412,-2
9479,2414,-2
9480,2423,1
9481,2400,0
9482,2404,-2
9483,2412,-1
9484,2398,-3
9485,2375,1
9486,2378,1
9487,2376,1
9488,2392,0
9489,2397,1
9490,2412,-1
9491,2425,-2
9492,2418,1
9493,2409,-1
9494,2411,-2
9495,2417,0
9496,2407,-2
9497,2400,1
9498,2389,-1
9499,2393,-2
9500,2379,0
9501,2364,0
9502,2375,-2
9503,2395,0
9504,2396,0
9505,2412,-2
9506,2419,0
9507,2435,1
9508,2435,-2
9509,2413,-2
9510,2400,-2
9511,2400,0
9512,2379,0
9513,2379,-1
9514,2376,-2
9515,2378,-2
9516,2388,0
9517,2386,-1
9518,2403,1
9519,2425,0
9520,2420,-1
9521,2423,1
9522,2422,-2
9523,2439,0
9524,2418,1
9525,2385,1
9526,2377,1
9527,2374,-2
9528,2370,0
9529,2373,2
9530,2385,-1
9531,2400,1
9532,2410,-1
9533,2406,0
9534,2422,1
9535,2440,-2
9536,2427,-2
9537,2421,-1
9538,2420,0
9539,2410,-2
9540,2394,-2
9541,2376,1
9542,2373,-1
9543,2388,1
9544,2393,-1
9545,2391,-2
9546,2403,-2
9547,2415,0
9548,2426,-2
9549,2406,-2
9550,2418,-2
9551,2425,0
9552,2415,-2
9553,2409,-1
9554,2391,2
9555,2399,-2
9556,2394,-1
9557,2370,-1
9558,2380,-1
9559,2391,0
9560,2399,1
9561,2407,-1
9562,2414,-2
9563,2429,-1
9564,2420,-2
9565,2409,1
9566,2408,-2
9567,2415,1
9568,2417,-1
9569,2404,-1
9570,2388,0
9571,2399,1
9572,2392,-1
9573,2380,0
9574,2373,0
9575,2394,-1
9576,2400,-1
9577,2414,-2
9578,2416,0
9579,2435,-1
9580,2428,1
9581,2411,0
9582,2413,-2
9583,2418,-2
9584,2394,0
9585,2399,-1
9586,2391,-1
9587,2396,1
9588,2388,1
9589,2371,0
9590,2384,1
9591,2417,0
9592,2409,1
9593,2426,-2
9594,2435,0
9595,2432,1
9596,2426,0
9597,2415,0
9598,2403,1
9599,2395,1
9600,2378,0
9601,2379,-1
9602,2387,-1
9603,2386,1
9604,2394,0
9605,2389,-2
9606,2413,-2
9607,2425,0
9608,2432,-1
9609,2426,-2
9610,2429,-2
9611,2441,-1
9612,2411,-1
9613,2389,0
9614,2383,-1
9615,2386,-1
9616,2384,-1
9617,2385,-1
9618,2392,-1
9619,2413,-1
9620,2420,-1
9621,2409,1
9622,2421,-1
9623,2432,-1
9624,2423,-2
9625,2418,1
9626,2412,-1
9627,2400,-1
9628,2390,0
9629,2364,1
9630,2381,-2
9631,2384,-1
9632,2391,1
9633,2396,1
9634,2413,-1
9635,2435,-1
9636,2442,1
9637,2417,-3
9638,2420,1
9639,2430,-1
9640,2409,-1
9641,2403,-1
9642,2406,-1
9643,2394,-3
9644,2393,-2
9645,2384,0
9646,2392,-2
9647,2400,-2
9648,2405,1
9649,2409,1
9650,2425,0
9651,2431,-2
9652,2417,-1
9653,2406,-1
9654,2418,-2
9655,2410,-3
9656,2409,0
9657,2399,-1
9658,2400,1
9659,2410,0
9660,2394,0
9661,2386,0
9662,2395,-1
9663,2407,-1
9664,2409,2
9665,2409,-1
9666,2415,-2
9667,2429,1
9668,2413,1
9669,2407,0
9670,2409,0
9671,2410,0
9672,2411,1
9673,2401,-2
9674,2396,0
9675,2406,-1
9676,2400,-1
9677,2388,1
9678,2397,0
9679,2409,-2
9680,2411,-1
9681,2414,-2
9682,2413,-1
9683,2423,-2
9684,2420,-1
9685,2406,-1
9686,2419,-1
9687,2409,0
9688,2399,-1
9689,2395,1
9690,2392,-2
9691,2404,-1
9692,2398,0
9693,2392,-1
9694,2400,0
9695,2411,-2
9696,2418,-1
9697,2420,-1
9698,2426,-1
9699,2434,0
9700,2429,1
9701,2400,0
9702,2395,-1
9703,2397,-2
9704,2383,-1
9705,2393,-1
9706,2391,1
9707,2404,-2
9708,2410,1
9709,2408,1
9710,2423,1
9711,2432,0
9712,2430,1
9713,2434,1
9714,2428,-2
9715,2422,1
9716,2400,0
9717,2391,0
9718,2382,-1
9719,2389,-2
9720,2390,-1
9721,2403,0
9722,2401,0
9723,2429,-1
9724,2413,-2
9725,2412,0
9726,2425,-1
9727,2423,-2
9728,2427,-1
9729,2417,-2
9730,2403,0
9731,2406,-1
9732,2396,1
9733,2396,1
9734,2393,-2
9735,2409,-1
9736,2394,-1
9737,2406,1
9738,2418,-1
9739,2429,-3
9740,2420,0
9741,2409,1
9742,2416,1
9743,2418,1
9744,2422,3
9745,2409,0
9746,2402,-1
9747,2420,0
9748,2399,0
9749,2395,1
9750,2400,-2
9751,2408,1
9752,2403,-1
9753,2414,0
9754,2413,0
9755,2423,-2
9756,2426,0
9757,2412,1
9758,2412,-1
9759,2418,-2
9760,2409,-2
9761,2405,-2
9762,2408,0
9763,2402,0
9764,2399,0
9765,2390,2
9766,2400,0
9767,2399,-1
9768,2402,1
9769,2413,-2
9770,2421,-1
9771,2432,-2
9772,2426,1
9773,2421,-3
9774,2410,0
9775,2415,1
9776,2403,2
9777,2404,-1
9778,2396,1
9779,2397,-1
9780,2385,-2
9781,2392,-1
9782,2412,1
9783,2418,0
9784,2421,-2
9785,2432,1
9786,2431,0
9787,2441,-1
9788,2430,-2
9789,2418,1
9790,2405,-2
9791,2394,0
9792,2394,-2
9793,2390,-2
9794,2391,1
9795,2394,-2
9796,2401,-2
9797,2414,0
9798,2414,0
9799,2432,-1
9800,2432,-2
9801,2435,-1
9802,2425,-1
9803,2437,0
9804,2407,-2
9805,2391,-2
9806,2388,1
9807,2388,-1
9808,2392,1
9809,2391,-1
9810,2399,0
9811,2427,-2
9812,2429,0
9813,2430,-1
9814,2432,-1
9815,2434,-1
9816,2429,1
9817,2427,0
9818,2416,1
9819,2414,-3
9820,2393,0
9821,2388,-1
9822,2394,1
9823,2401,0
9824,2403,-1
9825,2416,0
9826,2417,1
9827,2432,-1
9828,2433,-2
9829,2428,-1
9830,2413,1
9831,2418,-2
9832,2410,0
9833,2406,0
9834,2403,-1
9835,2415,-2
9836,2396,-2
9837,2394,-1
9838,2403,-2
9839,2411,2
9840,2409,-2
9841,2408,1
9842,2420,-4
9843,2435,1
9844,2425,-2
9845,2418,1
9846,2415,-2
9847,2413,-1
9848,2410,-2
9849,2400,1
9850,2406,0
9851,2409,-2
9852,2401,0
9853,2401,0
9854,2407,-2
9855,2415,-2
9856,2412,0
9857,2418,1
9858,2425,-1
9859,2429,1
9860,2419,0
9861,2417,0
9862,2421,0
9863,2427,0
9864,2406,0
9865,2404,-2
9866,2412,-1
9867,2412,-2
9868,2408,1
9869,2405,-2
9870,2403,1
9871,2411,-2
9872,2424,-1
9873,2420,0
9874,2437,1
9875,2436,-2
9876,2434,1
9877,2422,-1
9878,2409,0
9879,2411,1
9880,2403,0
9881,2399,-2
9882,2403,-1
9883,2397,-1
9884,2397,0
9885,2401,-1
9886,2416,0
9887,2426,0
9888,2433,1
9889,2426,0
9890,2441,-2
9891,2426,-2
9892,2421,-2
9893,2412,-2
9894,2403,1
9895,2405,-2
9896,2397,-1
9897,2394,0
9898,2397,-2
9899,2420,0
9900,2424,1
9901,2421,0
9902,2428,-1
9903,2440,0
9904,2432,1
9905,2429,-2
9906,2424,2
9907,2417,1
9908,2408,-1
9909,2397,-2
9910,2391,0
9911,2389,-1
9912,2396,-2
9913,2406,-1
9914,2418,0
9915,2433,-2
9916,2420,1
9917,2428,0
9918,2428,0
9919,2427,1
9920,2425,2
9921,2413,0
9922,2409,0
9923,2416,0
9924,2396,-1
9925,2398,-2
9926,2397,-1
9927,2409,1
9928,2406,-2
9929,2415,-2
9930,2433,-2
9931,2436,0
9932,2430,-1
9933,2423,0
9934,2418,-1
9935,2421,0
9936,2420,-1
9937,2409,-2
9938,2406,1
9939,2426,-2
9940,2409,-1
9941,2395,-2
9942,2398,-2
9943,2410,1
9944,2412,-1
9945,2414,-1
9946,2424,1
9947,2438,1
9948,2426,-2
9949,2421,-2
9950,2418,0
9951,2432,-2
9952,2420,0
9953,2416,-2
9954,2415,-2
9955,2413,-2
9956,2392,1
9957,2388,-2
9958,2401,0
9959,2411,1
9960,2425,-1
9961,2417,1
9962,2421,0
9963,2439,-1
9964,2446,1
9965,2423,-1
9966,2414,-1
9967,2411,-1
9968,2407,-2
9969,2397,-1
9970,2393,1
9971,2405,0
9972,2392,1
9973,2400,0
9974,2406,-1
9975,2431,-2
9976,2431,1
9977,2445,0
9978,2442,-2
9979,2450,-1
9980,2421,0
9981,2409,-2
9982,2403,0
9983,2399,1
9984,2393,0
9985,2389,0
9986,2404,0
9987,2414,0
9988,2421,0
9989,2416,1
9990,2431,-2
9991,2446,-1
9992,2446,-1
9993,2436,0
9994,2432,1
9995,2432,-1
9996,2407,1
9997,2390,2
9998,2386,-1
9999,2398,-1
10000,2398,1
10001,2401,0
10002,2420,0
10003,2444,0
10004,2431,1
10005,2434,-2
10006,2432,0
10007,2438,1
10008,2438,-1
10009,2430,-2
10010,2412,1
10011,2415,-2
10012,2397,1
10013,2397,1
10014,2394,-1
10015,2406,0
10016,2405,-1
10017,2418,-2
10018,2428,0
10019,2449,-2
10020,2441,-2
10021,2429,-1
10022,2423,1
10023,2424,0
10024,2420,-2
10025,2409,1
10026,2409,-2
10027,2411,-2
10028,2400,0
10029,2405,1
10030,2403,-1
10031,2419,0
10032,2428,-1
10033,2417,-1
10034,2435,-2
10035,2440,-1
10036,2423,0
10037,2423,-2
10038,2427,0
10039,2418,-2
10040,2412,-2
10041,2409,-2
10042,2405,-1
10043,2415,2
10044,2403,1
10045,2397,1
10046,2410,-2
10047,2418,0
10048,2420,-1
10049,2423,-1
10050,2434,-2
10051,2441,-3
10052,2434,-1
10053,2415,0
10054,2418,2
10055,2420,0
10056,2412,-1
10057,2403,0
10058,2399,-2
10059,2407,-1
10060,2404,-2
10061,2409,0
10062,2423,0
10063,2421,-1
10064,2430,0
10065,2444,-1
10066,2441,0
10067,2446,1
10068,2426,1
10069,2404,0
10070,2405,-2
10071,2404,-2
10072,2389,0
10073,2398,-2
10074,2412,0
10075,2409,0
10076,2420,0
10077,2419,-2
10078,2435,-2
10079,2446,-1
10080,2439,-2
10081,2441,-1
10082,2440,-1
10083,2437,-2
10084,2406,1
10085,2389,1
10086,2392,-1
10087,2392,-1
10088,2396,0
10089,2412,-2
10090,2420,-1
10091,2441,-1
10092,2438,-2
10093,2439,-1
10094,2435,-2
10095,2447,-1
10096,2437,-1
10097,2425,0
10098,2414,0
10099,2422,-2
10100,2401,2
10101,2387,-2
10102,2395,-1
10103,2409,0
10104,2415,0
10105,2430,1
10106,2436,-2
10107,2447,-1
10108,2449,0
10109,2429,-1
10110,2419,-1
10111,2424,0
10112,2423,-1
10113,2412,0
10114,2405,-1
10115,2410,-1
10116,2397,-2
10117,2407,-1
10118,2404,-2
10119,2418,-1
10120,2429,1
10121,2433,-1
10122,2438,-1
10123,2444,0
10124,2426,-2
10125,2421,1
10126,2419,0
10127,2421,0
10128,2415,-2
10129,2411,0
10130,2415,1
10131,2420,0
10132,2404,-1
10133,2411,-1
10134,2415,0
10135,2422,0
10136,2433,-2
10137,2426,1
10138,2441,0
10139,2445,-2
10140,2436,-1
10141,2416,0
10142,2422,-3
10143,2421,-2
10144,2415,0
10145,2409,-1
10146,2412,-1
10147,2419,0
10148,2406,-1
10149,2406,-2
10150,2420,-2
10151,2439,0
10152,2424,1
10153,2423,1
10154,2438,-1
10155,2453,1
10156,2439,-2
10157,2415,0
10158,2412,-2
10159,2419,-1
10160,2406,0
10161,2395,-2
10162,2407,-1
10163,2416,-1
10164,2417,0
10165,2415,-1
10166,2415,-2
10167,2447,-2
10168,2437,1
10169,2438,0
10170,2445,1
10171,2438,-2
10172,2415,1
10173,2401,-1
10174,2402,-1
10175,2400,-2
10176,2397,-2
10177,2405,-1
10178,2416,1
10179,2438,-1
10180,2430,-1
10181,2435,0
10182,2436,3
10183,2438,-3
10184,2435,1
10185,2427,-1
10186,2418,-2
10187,2420,3
10188,2409,-2
10189,2394,1
10190,2396,0
10191,2403,-1
10192,2416,-2
10193,2420,0
10194,2436,1
10195,2449,1
10196,2449,0
10197,2432,1
10198,2430,0
10199,2437,-2
10200,2424,0
10201,2409,-1
10202,2415,-1
10203,2418,-2
10204,2406,1
10205,2412,0
10206,2416,-2
10207,2425,-3
10208,2432,1
10209,2432,0
10210,2436,-1
10211,2448,1
10212,2423,-2
10213,2415,1
10214,2423,-2
10215,2424,1
10216,2417,-1
10217,2421,-1
10218,2426,-2
10219,2435,1
10220,2417,1
10221,2408,-1
10222,2420,-2
10223,2421,1
10224,2430,-2
10225,2435,1
10226,2431,-1
10227,2432,0
10228,2431,-2
10229,2428,-3
10230,2423,1
10231,2424,1
10232,2421,-1
10233,2420,-1
10234,2432,-1
10235,2432,-1
10236,2414,1
10237,2406,0
10238,2416,0
10239,2428,-1
10240,2420,0
10241,2432,-2
10242,2435,0
10243,2441,0
10244,2439,-1
10245,2425,0
10246,2432,0
10247,2422,0
10248,2418,1
10249,2414,-2
10250,2420,-1
10251,2412,-1
10252,2415,0
10253,2404,1
10254,2422,1
10255,2430,1
10256,2440,1
10257,2448,-2
10258,2451,-2
10259,2452,1
10260,2432,0
10261,2420,1
10262,2408,-2
10263,2416,-1
10264,2407,1
10265,2396,-1
10266,2414,0
10267,2420,-1
10268,2428,1
10269,2420,1
10270,2440,-1
10271,2443,1
10272,2449,0
10273,2448,0
10274,2444,0
10275,2435,-1
10276,2416,0
10277,2405,1
10278,2394,0
10279,2408,0
10280,2409,-3
10281,2420,0
10282,2426,1
10283,2447,-1
10284,2438,1
10285,2436,-1
10286,2438,-2
10287,2432,-2
10288,2443,-2
10289,2427,-1
10290,2419,-2
10291,2421,-1
10292,2406,0
10293,2391,-2
10294,2418,-1
10295,2412,-1
10296,2424,-1
10297,2428,1
10298,2451,0
10299,2442,-2
10300,2432,-1
10301,2427,-1
10302,2423,0
10303,2429,-1
10304,2420,-2
10305,2416,1
10306,2424,0
10307,2424,-1
10308,2406,0
10309,2404,-1
10310,2410,-1
10311,2427,-2
10312,2427,1
10313,2432,0
10314,2435,-2
10315,2435,1
10316,2439,-2
10317,2432,1
10318,2431,-2
10319,2432,1
10320,2424,0
10321,2421,-1
10322,2423,-1
10323,2420,0
10324,2412,0
10325,2406,-2
10326,2414,1
10327,2428,-1
10328,2429,-2
10329,2432,1
10330,2446,1
10331,2446,-2
10332,2450,-1
10333,2434,-1
10334,2432,-1
10335,2429,0
10336,2413,0
10337,2414,-1
10338,2411,-2
10339,2420,0
10340,2409,0
10341,2410,-1
10342,2423,-2
10343,2442,-1
10344,2446,1
10345,2445,0
10346,2453,1
10347,2455,1
10348,2447,-1
10349,2422,-1
10350,2413,-2
10351,2416,-1
10352,2412,0
10353,2400,0
10354,2411,-3
10355,2409,-1
10356,2431,-2
10357,2429,-1
10358,2442,-1
10359,2454,-1
10360,2453,0
10361,2449,-1
10362,2452,0
10363,2435,1
10364,2418,0
10365,2402,-1
10366,2402,-2
10367,2402,2
10368,2412,-2
10369,2405,0
10370,2438,1
10371,2441,1
10372,2453,1
10373,2435,-1
10374,2449,1
10375,2459,0
10376,2447,1
10377,2432,1
10378,2435,-2
10379,2420,-1
10380,2406,-1
10381,2401,2
10382,2395,-2
10383,2426,-1
10384,2415,0
10385,2429,-2
10386,2462,0
10387,2459,1
10388,2453,0
10389,2433,-1
10390,2440,-1
10391,2435,0
10392,2428,-1
10393,2417,-2
10394,2424,-1
10395,2413,-2
10396,2413,0
10397,2410,1
10398,2415,2
10399,2423,1
10400,2438,-2
10401,2438,-1
10402,2453,0
10403,2461,-2
10404,2438,-1
10405,2435,-2
10406,2431,-1
10407,2416,-1
10408,2423,1
10409,2425,-1
10410,2420,-2
10411,2418,1
10412,2409,-2
10413,2413,-1
10414,2424,-2
10415,2435,-1
10416,2435,1
10417,2434,0
10418,2451,0
10419,2445,1
10420,2432,-1
10421,2432,-1
10422,2429,0
10423,2429,0
10424,2423,0
10425,2415,-1
10426,2432,-1
10427,2415,-2
10428,2418,-1
10429,2413,0
10430,2429,-1
10431,2435,-2
10432,2445,-3
10433,2443,-2
10434,2461,0
10435,2457,-2
10436,2438,0
10437,2426,1
10438,2424,-2
10439,2417,0
10440,2415,2
10441,2413,-2
10442,2420,-2
10443,2418,0
10444,2428,-1
10445,2418,-2
10446,2433,-2
10447,2445,1
10448,2459,2
10449,2453,-1
10450,2462,-2
10451,2438,-1
10452,2426,0
10453,2406,0
10454,2406,-2
10455,2408,0
10456,2403,1
10457,2413,0
10458,2432,1
10459,2432,0
10460,2452,-3
10461,2443,-2
10462,2450,-2
10463,2456,-1
10464,2448,-1
10465,2444,1
10466,2436,-1
10467,2415,0
10468,2406,-2
10469,2398,0
10470,2406,-2
10471,2413,0
10472,2426,-2
10473,2433,-2
10474,2448,-2
10475,2456,1
10476,2451,-1
10477,2447,-2
10478,2446,-2
10479,2441,-2
10480,2429,-1
10481,2421,-2
10482,2429,0
10483,2415,-2
10484,2414,-1
10485,2408,-3
10486,2418,0
10487,2439,0
10488,2439,0
10489,2435,0
10490,2462,-1
10491,2456,1
10492,2441,1
10493,2423,-1
10494,2430,0
10495,2424,-2
10496,2423,-2
10497,2407,-2
10498,2429,0
10499,2418,-1
10500,2412,-2
10501,2415,-2
10502,2423,0
10503,2437,0
10504,2435,0
10505,2440,-3
10506,2454,-1
10507,2440,-1
10508,2434,-1
10509,2436,0
10510,2424,-1
10511,2424,0
10512,2420,0
10513,2412,-1
10514,2437,0
10515,2416,-2
10516,2414,1
10517,2422,-1
10518,2423,-1
10519,2438,1
10520,2431,-2
10521,2448,-1
10522,2455,1
10523,2452,-1
10524,2434,-2
10525,2419,-3
10526,2425,0
10527,2424,-1
10528,2423,-3
10529,2415,-2
10530,2435,-1
10531,2420,0
10532,2431,-2
10533,2429,-2
10534,2438,0
10535,2449,-2
10536,2453,0
10537,2449,0
10538,2471,-2
10539,2438,-1
10540,2426,2
10541,2411,-1
10542,2418,0
10543,2415,-1
10544,2409,0
10545,2409,1
10546,2435,1
10547,2438,0
10548,2449,-2
10549,2454,-1
10550,2448,-2
10551,2459,-2
10552,2453,1
10553,2451,1
10554,2444,-2
10555,2425,-1
10556,2409,-2
10557,2414,-1
10558,2415,0
10559,2410,-2
10560,2424,0
10561,2432,-1
10562,2465,0
10563,2456,-1
10564,2462,-1
10565,2452,-2
10566,2444,-2
10567,2442,-1
10568,2441,-1
10569,2415,2
10570,2423,0
10571,2406,-1
10572,2412,-1
10573,2416,1
10574,2409,-1
10575,2436,-1
10576,2454,-1
10577,2451,0
10578,2467,-2
10579,2465,0
10580,2454,1
10581,2437,-2
10582,2428,-2
10583,2420,-1
10584,2423,-2
10585,2424,-1
10586,2434,1
10587,2430,-1
10588,2434,1
10589,2427,-1
10590,2432,0
10591,2447,1
10592,2448,-1
10593,2435,1
10594,2454,-2
10595,2448,1
10596,2435,-2
10597,2437,1
10598,2422,2
10599,2434,-2
10600,2426,1
10601,2428,0
10602,2439,-2
10603,2430,-1
10604,2432,1
10605,2423,-1
10606,2438,1
10607,2443,1
10608,2435,-1
10609,2443,1
10610,2459,0
10611,2447,0
10612,2437,1
10613,2423,-1
10614,2435,-1
10615,2432,0
10616,2429,-1
10617,2431,0
10618,2447,-2
10619,2430,-1
10620,2432,-1
10621,2426,1
10622,2432,-2
10623,2446,0
10624,2439,1
10625,2447,-2
10626,2463,-1
10627,2453,-1
10628,2444,3
10629,2424,1
10630,2422,-1
10631,2427,-2
10632,2426,-1
10633,2432,-2
10634,2437,-2
10635,2429,-2
10636,2427,-1
10637,2433,-1
10638,2438,1
10639,2450,-1
10640,2450,-2
10641,2450,-2
10642,2468,2
10643,2441,-2
10644,2430,-2
10645,2418,0
10646,2415,-2
10647,2430,1
10648,2418,-1
10649,2433,-4
10650,2457,-1
10651,2453,-3
10652,2451,1
10653,2444,0
10654,2447,0
10655,2464,-2
10656,2453,0
10657,2438,1
10658,2448,-2
10659,2427,-2
10660,2432,1
10661,2423,-1
10662,2408,-2
10663,2426,-2
10664,2438,-2
10665,2435,1
10666,2464,1
10667,2458,-2
10668,2455,1
10669,2447,-1
10670,2446,-1
10671,2455,-2
10672,2433,-2
10673,2436,-2
10674,2443,0
10675,2423,-1
10676,2426,0
10677,2428,1
10678,2427,-1
10679,2435,-1
10680,2447,1
10681,2443,0
10682,2461,-2
10683,2455,-2
10684,2445,-1
10685,2441,1
10686,2445,-1
10687,2443,0
10688,2441,-2
10689,2443,0
10690,2440,1
10691,2440,0
10692,2426,0
10693,2428,-2
10694,2429,1
10695,2441,1
10696,2439,-2
10697,2446,-2
10698,2468,-4
10699,2456,0
10700,2462,-1
10701,2450,-2
10702,2441,0
10703,2447,-1
10704,2438,-2
10705,2433,1
10706,2439,1
10707,2429,-2
10708,2423,0
10709,2420,0
10710,2432,-2
10711,2443,-2
10712,2447,-2
10713,2452,-1
10714,2474,-2
10715,2465,-1
10716,2463,-2
10717,2441,-1
10718,2430,1
10719,2425,-2
10720,2420,-2
10721,2409,-1
10722,2425,0
10723,2422,-2
10724,2438,-1
10725,2432,0
10726,2450,0
10727,2468,1
10728,2468,-2
10729,2463,0
10730,2469,1
10731,2452,-2
10732,2434,1
10733,2418,-1
10734,2412,1
10735,2408,0
10736,2414,0
10737,2423,-2
10738,2447,1
10739,2451,2
10740,2449,-1
10741,2460,0
10742,2468,-1
10743,2472,-2
10744,2458,-2
10745,2453,-2
10746,2444,1
10747,2429,1
10748,2412,1
10749,2406,-1
10750,2412,0
10751,2416,-2
10752,2420,1
10753,2436,-2
10754,2467,-1
10755,2462,-1
10756,2470,-3
10757,2462,-1
10758,2465,-1
10759,2456,-1
10760,2433,0
10761,2423,0
10762,2429,1
10763,2418,-3
10764,2413,-1
10765,2408,0
10766,2418,-1
10767,2441,0
10768,2454,-2
10769,2460,0
10770,2479,1
10771,2473,-2
10772,2458,-1
10773,2446,0
10774,2441,1
10775,2427,0
10776,2418,-1
10777,2414,1
10778,2434,0
10779,2424,0
10780,2428,-2
10781,2432,0
10782,2436,-2
10783,2456,1
10784,2463,-2
10785,2460,-2
10786,2480,4
10787,2467,1
10788,2452,1
10789,2440,0
10790,2433,1
10791,2426,-1
10792,2421,-1
10793,2425,1
10794,2434,1
10795,2430,0
10796,2431,0
10797,2435,0
10798,2446,-2
10799,2466,0
10800,2453,0
10801,2455,1
10802,2477,-1
10803,2457,-1
10804,2445,-1
10805,2432,-2
10806,2426,-3
10807,2429,-1
10808,2429,-1
10809,2432,1
10810,2441,1
10811,2430,-2
10812,2441,0
10813,2447,1
10814,2460,-2
10815,2468,1
10816,2462,-2
10817,2461,-1
10818,2462,0
10819,2454,1
10820,2428,0
10821,2416,1
10822,2422,-1
10823,2420,-2
10824,2424,-1
10825,2432,-1
10826,2445,-2
10827,2463,-1
10828,2447,1
10829,2458,1
10830,2467,-2
10831,2465,-2
10832,2462,-1
10833,2458,1
10834,2451,1
10835,2429,2
10836,2420,1
10837,2414,-2
10838,2414,-2
10839,2427,-2
10840,2438,-2
10841,2451,-1
10842,2477,1
10843,2480,-1
10844,2463,0
10845,2467,1
10846,2456,-2
10847,2450,0
10848,2431,0
10849,2425,-1
10850,2432,1
10851,2429,1
10852,2418,-1
10853,2433,0
10854,2429,0
10855,2453,0
10856,2467,-1
10857,2472,-2
10858,2476,-1
10859,2464,-1
10860,2450,0
10861,2450,-1
10862,2442,-1
10863,2426,-1
10864,2428,0
10865,2418,-1
10866,2439,0
10867,2439,1
10868,2435,0
10869,2451,-2
10870,2451,1
10871,2462,0
10872,2458,1
10873,2460,0
10874,2465,-2
10875,2449,-2
10876,2441,-2
10877,2436,1
10878,2428,-1
10879,2429,-1
10880,2426,-1
10881,2442,0
10882,2451,1
10883,2443,-1
10884,2430,-1
10885,2455,-1
10886,2445,0
10887,2445,-2
10888,2452,-2
10889,2450,1
10890,2450,-2
10891,2444,1
10892,2436,-1
10893,2440,1
10894,2428,-1
10895,2438,-1
10896,2439,0
10897,2440,1
10898,2442,-1
10899,2435,-1
10900,2436,-2
10901,2444,1
10902,2438,0
10903,2444,-2
10904,2447,-1
10905,2450,0
10906,2465,-2
10907,2456,1
10908,2434,-1
10909,2434,-2
10910,2426,-1
10911,2436,-2
10912,2439,0
10913,2426,1
10914,2442,-1
10915,2435,0
10916,2438,0
10917,2441,-2
10918,2455,-2
10919,2466,-1
10920,2467,-1
10921,2453,-1
10922,2458,1
10923,2437,0
10924,2418,0
10925,2428,-1
10926,2429,0
10927,2435,0
10928,2424,-2
10929,2445,0
10930,2458,-1
10931,2453,-2
10932,2452,0
10933,2445,1
10934,2452,0
10935,2463,1
10936,2456,-2
10937,2429,0
10938,2446,2
10939,2429,1
10940,2412,0
10941,2427,-1
10942,2432,-2
10943,2441,0
10944,2449,-1
10945,2451,-2
10946,2465,-2
10947,2459,-2
10948,2448,0
10949,2450,0
10950,2438,-2
10951,2449,0
10952,2433,1
10953,2426,-1
10954,2439,0
10955,2439,-1
10956,2424,-2
10957,2435,0
10958,2438,-2
10959,2453,-2
10960,2460,-2
10961,2454,-1
10962,2468,1
10963,2461,-1
10964,2446,-1
10965,2440,1
10966,2447,-1
10967,2446,-3
10968,2437,-1
10969,2442,0
10970,2457,0
10971,2437,1
10972,2420,-1
10973,2438,-1
10974,2456,1
10975,2453,0
10976,2447,1
10977,2453,0
10978,2464,0
10979,2456,-3
10980,2444,-1
10981,2436,1
10982,2446,0
10983,2444,-1
10984,2438,-2
10985,2441,0
10986,2441,-1
10987,2441,-2
10988,2434,0
10989,2444,0
10990,2444,1
10991,2456,1
10992,2456,1
10993,2456,-2
10994,2478,-2
10995,2454,-2
10996,2443,1
10997,2439,1
10998,2444,-1
10999,2429,-2
11000,2436,-1
11001,2426,0
11002,2443,-1
11003,2435,0
11004,2437,3
11005,2450,-2
11006,2462,1
11007,2463,-1
11008,2472,0
11009,2471,-1
11010,2472,-1
11011,2447,0
11012,2430,-2
11013,2426,0
11014,2418,-2
11015,2426,-1
11016,2426,-1
11017,2434,1
11018,2456,0
11019,2459,1
11020,2459,1
11021,2461,1
11022,2469,0
11023,2467,-2
11024,2462,0
11025,2450,0
11026,2454,1
11027,2442,0
11028,2411,-1
11029,2417,-1
11030,2423,-1
11031,2421,0
11032,2453,-2
11033,2453,-2
11034,2467,-2
11035,2465,-1
11036,2457,-2
11037,2462,-1
11038,2468,-1
11039,2449,2
11040,2444,-1
11041,2431,-1
11042,2445,1
11043,2420,0
11044,2419,0
11045,2426,0
11046,2444,-2
11047,2458,0
11048,2467,-2
11049,2477,-2
11050,2477,0
11051,2464,-1
11052,2456,0
11053,2456,1
11054,2455,-2
11055,2441,-2
11056,2434,0
11057,2436,1
11058,2439,1
11059,2445,1
11060,2435,-1
11061,2439,-1
11062,2460,1
11063,2461,0
11064,2462,-1
11065,2465,-1
11066,2480,-1
11067,2463,-1
11068,2443,0
11069,2447,-1
11070,2441,-1
11071,2435,-2
11072,2446,-1
11073,2444,0
11074,2453,-2
11075,2435,0
11076,2446,0
11077,2456,0
11078,2466,1
11079,2466,0
11080,2459,-1
11081,2463,-2
11082,2479,0
11083,2458,1
11084,2450,0
11085,2435,0
11086,2449,0
11087,2438,0
11088,2432,1
11089,2434,-1
11090,2444,-2
11091,2438,-3
11092,2446,1
11093,2459,-2
11094,2468,1
11095,2465,1
11096,2465,1
11097,2462,-1
11098,2472,-1
11099,2441,-1
11100,2426,0
11101,2433,-1
11102,2435,-1
11103,2429,0
11104,2432,-1
11105,2441,-1
11106,2455,1
11107,2456,-1
11108,2460,-2
11109,2473,-2
11110,2475,0
11111,2474,-1
11112,2467,0
11113,2456,1
11114,2451,-1
11115,2428,0
11116,2418,1
11117,2423,-1
11118,2435,1
11119,2433,2
11120,2447,-2
11121,2453,0
11122,2480,-2
11123,2471,1
11124,2464,-2
11125,2462,0
11126,2468,-1
11127,2457,0
11128,2445,1
11129,2433,0
11130,2439,-2
11131,2429,1
11132,2425,-2
11133,2432,1
11134,2444,0
11135,2456,-1
11136,2465,-1
11137,2475,-2
11138,2483,1
11139,2471,1
11140,2456,1
11141,2459,0
11142,2457,-1
11143,2437,1
11144,2432,0
11145,2439,0
11146,2446,1
11147,2438,-1
11148,2434,0
11149,2450,0
11150,2463,-2
11151,2468,0
11152,2461,1
11153,2461,-2
11154,2465,1
11155,2466,0
11156,2443,-1
11157,2435,1
11158,2437,1
11159,2441,-1
11160,2447,0
11161,2450,0
11162,2450,-1
11163,2456,1
11164,2443,-2
11165,2444,0
11166,2464,-2
11167,2451,-1
11168,2453,0
11169,2460,0
11170,2466,-2
11171,2464,0
11172,2442,-1
11173,2447,-2
11174,2453,0
11175,2447,-1
11176,2456,1
11177,2441,-1
11178,2459,1
11179,2451,-1
11180,2450,0
11181,2447,-3
11182,2454,-1
11183,2453,0
11184,2467,-1
11185,2463,0
11186,2465,-1
11187,2461,-1
11188,2441,0
11189,2446,1
11190,2444,-1
11191,2438,0
11192,2433,-1
11193,2438,1
11194,2459,1
11195,2457,0
11196,2449,-1
11197,2460,0
11198,2470,-2
11199,2468,-1
11200,2471,-1
11201,2468,-1
11202,2469,-2
11203,2459,0
11204,2435,0
11205,2434,-1
11206,2440,-3
11207,2432,0
11208,2444,2
11209,2456,-1
11210,2468,-2
11211,2471,0
11212,2468,1
11213,2476,-2
11214,2474,-1
11215,2463,-1
11216,2460,-1
11217,2449,-2
11218,2448,-1
11219,2439,-1
11220,2426,-1
11221,2427,-1
11222,2446,0
11223,2452,0
11224,2453,1
11225,2466,-2
11226,2480,0
11227,2476,1
11228,2471,0
11229,2462,-1
11230,2469,1
11231,2451,-2
11232,2447,-2
11233,2434,-1
11234,2447,-1
11235,2440,1
11236,2436,1
11237,2445,0
11238,2462,-3
11239,2462,1
11240,2465,0
11241,2472,-2
11242,2477,-1
11243,2466,2
11244,2460,-2
11245,2450,1
11246,2456,-2
11247,2447,-1
11248,2445,1
11249,2440,-1
11250,2452,-2
11251,2450,-1
11252,2448,1
11253,2449,-2
11254,2457,-1
11255,2464,-2
11256,2464,0
11257,2462,-1
11258,2480,1
11259,2459,-1
11260,2461,-1
11261,2450,0
11262,2451,-2
11263,2447,-3
11264,2446,1
11265,2447,-1
11266,2445,-1
11267,2440,0
11268,2444,0
11269,2459,-2
11270,2462,-2
11271,2460,-2
11272,2474,1
11273,2474,-2
11274,2478,1
11275,2463,-1
11276,2448,-2
11277,2439,-1
11278,2446,-1
11279,2444,1
11280,2440,-1
11281,2438,0
11282,2459,-1
11283,2456,-2
11284,2459,1
11285,2475,-1
11286,2474,0
11287,2479,0
11288,2477,-2
11289,2476,-2
11290,2471,1
11291,2457,0
11292,2432,-1
11293,2431,0
11294,2429,-2
11295,2432,0
11296,2438,-1
11297,2452,0
11298,2462,0
11299,2470,-2
11300,2471,-2
11301,2483,-1
11302,2486,1
11303,2479,-2
11304,2465,-1
11305,2450,-1
11306,2462,-1
11307,2421,0
11308,2425,1
11309,2423,-2
11310,2440,0
11311,2450,1
11312,2462,2
11313,2481,-1
11314,2500,0
11315,2488,1
11316,2481,-3
11317,2477,-1
11318,2469,-2
11319,2449,0
11320,2435,-2
11321,2441,-2
11322,2439,1
11323,2432,-2
11324,2433,-2
11325,2441,-1
11326,2465,0
11327,2471,0
11328,2477,0
11329,2477,-2
11330,2486,-1
11331,2465,-2
11332,2468,-1
11333,2459,-1
11334,2454,1
11335,2434,-2
11336,2425,-2
11337,2441,-2
11338,2452,-1
11339,2444,0
11340,2444,-2
11341,2456,-2
11342,2476,-1
11343,2473,-2
11344,2474,0
11345,2462,0
11346,2482,1
11347,2460,0
11348,2444,0
11349,2436,-1
11350,2434,0
11351,2439,-1
11352,2441,-1
11353,2453,0
11354,2462,-1
11355,2467,0
11356,2467,-1
11357,2466,-1
11358,2475,0
11359,2476,0
11360,2469,0
11361,2466,1
11362,2476,-3
11363,2453,1
11364,2450,-2
11365,2443,1
11366,2444,-2
11367,2449,0
11368,2453,-2
11369,2447,1
11370,2464,2
11371,2459,-2
11372,2462,2
11373,2463,1
11374,2472,-2
11375,2461,0
11376,2472,-2
11377,2468,0
11378,2466,1
11379,2451,-4
11380,2443,-2
11381,2444,0
11382,2444,0
11383,2441,1
11384,2452,1
11385,2459,3
11386,2475,-1
11387,2462,-2
11388,2471,0
11389,2469,-2
11390,2471,1
11391,2469,1
11392,2459,1
11393,2453,0
11394,2454,-2
11395,2437,-2
11396,2432,0
11397,2439,0
11398,2451,-1
11399,2450,-2
11400,2459,-2
11401,2471,-2
11402,2486,0
11403,2480,0
11404,2467,0
11405,2462,-2
11406,2459,-1
11407,2455,1
11408,2438,0
11409,2447,0
11410,2450,0
11411,2452,-1
11412,2444,1
11413,2444,1
11414,2471,0
11415,2476,1
11416,2469,2
11417,2477,-3
11418,2489,-1
11419,2468,-3
11420,2451,-2
11421,2455,-2
11422,2457,-1
11423,2444,-1
11424,2442,0
11425,2457,-1
11426,2468,-1
11427,2459,-3
11428,2453,0
11429,2466,1
11430,2471,-2
11431,2465,1
11432,2474,-1
11433,2468,2
11434,2470,-2
11435,2472,0
11436,2455,1
11437,2450,0
11438,2456,-2
11439,2461,1
11440,2453,0
11441,2463,0
11442,2470,-1
11443,2457,-1
11444,2462,0
11445,2461,1
11446,2471,-2
11447,2456,2
11448,2460,-2
11449,2471,-2
11450,2468,-1
11451,2458,0
11452,2444,-1
11453,2464,0
11454,2465,-1
11455,2453,-1
11456,2460,0
11457,2456,0
11458,2460,0
11459,2454,0
11460,2444,1
11461,2460,1
11462,2459,0
11463,2467,-2
11464,2464,-2
11465,2480,-1
11466,2482,-2
11467,2471,-2
11468,2451,2
11469,2456,0
11470,2456,-1
11471,2442,-2
11472,2446,0
11473,2447,-1
11474,2462,-1
11475,2458,0
11476,2460,2
11477,2464,0
11478,2480,1
11479,2483,-1
11480,2477,0
11481,2469,1
11482,2476,-1
11483,2451,0
11484,2448,0
11485,2441,1
11486,2437,-1
11487,2435,1
11488,2443,1
11489,2463,0
11490,2477,-2
11491,2475,-1
11492,2474,-1
11493,2486,-1
11494,2483,0
11495,2474,-1
11496,2465,-2
11497,2449,-2
11498,2456,-1
11499,2441,-1
11500,2428,1
11501,2435,-1
11502,2442,-1
11503,2457,0
11504,2473,-1
11505,2483,-1
11506,2486,0
11507,2482,1
11508,2475,1
11509,2471,-2
11510,2468,0
11511,2458,1
11512,2437,-2
11513,2448,0
11514,2448,1
11515,2435,0
11516,2434,-2
11517,2447,-1
11518,2466,1
11519,2471,-2
11520,2477,1
11521,2484,-2
11522,2483,0
11523,2481,0
11524,2463,-2
11525,2451,0
11526,2456,1
11527,2446,-1
11528,2439,-1
11529,2446,-1
11530,2462,1
11531,2454,0
11532,2444,0
11533,2469,0
11534,2472,-2
11535,2475,0
11536,2476,1
11537,2478,2
11538,2487,-2
11539,2462,-1
11540,2459,-2
11541,2460,-1
11542,2455,1
11543,2455,1
11544,2444,-1
11545,2456,-1
11546,2472,0
11547,2462,-1
11548,2450,0
11549,2473,1
11550,2480,1
11551,2475,-2
11552,2479,-1
11553,2488,-2
11554,2488,0
11555,2466,-1
11556,2447,-2
11557,2450,-2
11558,2458,-2
11559,2450,0
11560,2445,-3
11561,2452,0
11562,2467,-2
11563,2461,0
11564,2472,-1
11565,2478,-2
11566,2487,0
11567,2494,-1
11568,2488,-1
11569,2473,-1
11570,2472,-1
11571,2449,0
11572,2442,-1
11573,2439,-2
11574,2444,-1
11575,2426,1
11576,2455,-2
11577,2465,0
11578,2485,0
11579,2483,-2
11580,2472,1
11581,2483,1
11582,2484,-2
11583,2479,-1
11584,2473,-2
11585,2456,-2
11586,2446,1
11587,2447,-1
11588,2426,-1
11589,2446,-1
11590,2437,-2
11591,2459,0
11592,2471,1
11593,2486,-1
11594,2498,0
11595,2489,1
11596,2484,-2
11597,2479,0
11598,2469,1
11599,2456,-1
11600,2447,1
11601,2449,-1
11602,2456,1
11603,2438,1
11604,2443,-2
11605,2459,-1
11606,2476,1
11607,2479,0
11608,2489,-1
11609,2491,-2
11610,2498,0
11611,2488,0
11612,2465,-1
11613,2463,-1
11614,2444,1
11615,2446,1
11616,2450,0
11617,2453,-2
11618,2460,-3
11619,2454,0
11620,2453,0
11621,2471,0
11622,2486,-1
11623,2478,-2
11624,2480,-1
11625,2476,-1
11626,2487,-1
11627,2467,0
11628,2445,-2
11629,2449,0
11630,2453,1
11631,2453,1
11632,2455,-1
11633,2464,1
11634,2474,2
11635,2467,-1
11636,2464,0
11637,2477,1
11638,2488,-2
11639,2479,-1
11640,2475,2
11641,2468,-2
11642,2474,1
11643,2465,-1
11644,2453,0
11645,2453,1
11646,2462,1
11647,2455,1
11648,2453,0
11649,2467,-1
11650,2483,1
11651,2474,0
11652,2471,1
11653,2471,0
11654,2486,1
11655,2482,-1
11656,2483,1
11657,2477,2
11658,2481,4
11659,2462,-1
11660,2449,0
11661,2455,1
11662,2460,-2
11663,2448,1
11664,2455,-1
11665,2477,1
11666,2481,0
11667,2487,0
11668,2475,-2
11669,2481,1
11670,2494,-2
11671,2484,-1
11672,2471,0
11673,2472,-1
11674,2467,0
11675,2450,-1
11676,2441,1
11677,2450,1
11678,2457,0
11679,2466,-1
11680,2482,1
11681,2494,1
11682,2498,-2
11683,2493,-2
11684,2491,-2
11685,2491,1
11686,2477,-2
11687,2470,-1
11688,2462,-2
11689,2453,1
11690,2451,1
11691,2447,0
11692,2446,0
11693,2456,0
11694,2471,1
11695,2479,-1
11696,2491,0
11697,2500,1
11698,2496,1
11699,2484,-1
11700,2467,-2
11701,2468,-2
11702,2453,1
11703,2447,0
11704,2438,0
11705,2462,-2
11706,2459,0
11707,2461,-1
11708,2468,-1
11709,2478,0
11710,2494,0
11711,2502,-1
11712,2490,0
11713,2491,0
11714,2477,0
11715,2469,0
11716,2460,-1
11717,2448,0
11718,2457,-2
11719,2453,1
11720,2447,0
11721,2465,-1
11722,2468,0
11723,2468,1
11724,2471,0
11725,2477,-2
11726,2480,-1
11727,2479,0
11728,2471,-2
11729,2476,-1
11730,2478,0
11731,2462,-2
11732,2452,-1
11733,2457,0
11734,2469,-1
11735,2463,1
11736,2469,0
11737,2466,-1
11738,2469,-2
11739,2471,-2
11740,2461,1
11741,2472,-2
11742,2480,-2
11743,2483,0
11744,2485,0
11745,2484,-2
11746,2479,-2
11747,2459,1
11748,2456,-1
11749,2462,-3
11750,2459,-2
11751,2447,-2
11752,2456,-1
11753,2475,-1
11754,2483,0
11755,2477,0
11756,2467,-2
11757,2483,0
11758,2492,-2
11759,2491,-2
11760,2472,-2
11761,2480,1
11762,2467,1
11763,2449,0
11764,2445,1
11765,2449,-1
11766,2462,1
11767,2461,-1
11768,2470,1
11769,2481,0
11770,2497,-2
11771,2490,-1
11772,2480,-3
11773,2489,-1
11774,2482,1
11775,2475,-1
11776,2461,-1
11777,2468,-1
11778,2460,-2
11779,2449,-1
11780,2447,1
11781,2456,1
11782,2477,-3
11783,2480,-2
11784,2481,1
11785,2497,2
11786,2496,1
11787,2488,0
11788,2480,-1
11789,2463,-1
11790,2462,0
11791,2453,-2
11792,2452,-1
11793,2468,1
11794,2459,-1
11795,2453,0
11796,2457,-2
11797,2462,-2
11798,2481,0
11799,2491,1
11800,2488,0
11801,2497,-2
11802,2483,-2
11803,2480,0
11804,2465,-1
11805,2463,-2
11806,2453,0
11807,2445,0
11808,2456,-1
11809,2470,-1
11810,2474,-1
11811,2469,0
11812,2466,1
11813,2486,-2
11814,2486,1
11815,2486,1
11816,2477,1
11817,2488,0
11818,2472,1
11819,2467,-2
11820,2459,-2
11821,2462,-2
11822,2459,1
11823,2462,-1
11824,2465,1
11825,2468,-2
11826,2472,2
11827,2471,-1
11828,2459,-2
11829,2476,0
11830,2471,-2
11831,2483,-2
11832,2472,1
11833,2474,-2
11834,2471,-1
11835,2471,-2
11836,2455,-2
11837,2460,-1
11838,2460,0
11839,2461,-2
11840,2462,-1
11841,2475,0
11842,2470,-1
11843,2474,-2
11844,2481,0
11845,2468,-1
11846,2491,0
11847,2493,1
11848,2484,-1
11849,2488,-2
11850,2477,-2
11851,2471,-1
11852,2450,-1
11853,2446,-2
11854,2462,0
11855,2466,-2
11856,2461,0
11857,2478,-2
11858,2488,-1
11859,2485,1
11860,2481,-1
11861,2488,-1
11862,2487,0
11863,2481,-2
11864,2467,1
11865,2470,-1
11866,2460,-1
11867,2449,-1
11868,2448,-1
11869,2459,0
11870,2456,-2
11871,2468,-2
11872,2486,0
11873,2504,0
11874,2494,1
11875,2495,-1
11876,2483,-2
11877,2489,-2
11878,2480,-1
11879,2458,-2
11880,2459,1
11881,2468,0
11882,2466,1
11883,2455,-1
11884,2453,-1
11885,2472,-1
11886,2479,-1
11887,2492,0
11888,2489,-1
11889,2505,-1
11890,2493,0
11891,2483,1
11892,2472,-3
11893,2463,-2
11894,2462,-2
11895,2462,0
11896,2463,1
11897,2486,0
11898,2461,-1
11899,2468,-2
11900,2474,1
11901,2490,1
11902,2495,-1
11903,2480,0
11904,2487,1
11905,2495,1
11906,2474,-2
11907,2470,0
11908,2459,-2
11909,2466,-1
11910,2466,-1
11911,2471,1
11912,2461,-1
11913,2481,-1
11914,2471,0
11915,2478,1
11916,2473,1
11917,2470,-2
11918,2474,0
11919,2471,-2
11920,2475,-1
11921,2494,-1
11922,2476,-2
11923,2468,-2
11924,2464,0
11925,2466,-1
11926,2464,-1
11927,2471,-1
11928,2465,-1
11929,2471,-1
11930,2474,-2
11931,2474,-1
11932,2468,-1
11933,2474,-1
11934,2479,-3
11935,2486,0
11936,2480,1
11937,2491,-1
11938,2477,0
11939,2474,-2
11940,2459,1
11941,2447,-2
11942,2457,-1
11943,2460,-2
11944,2461,-2
11945,2480,-1
11946,2479,1
11947,2484,1
11948,2478,1
11949,2489,-1
11950,2485,-2
11951,2488,-1
11952,2485,-2
11953,2488,0
11954,2470,-1
11955,2454,0
11956,2448,-1
11957,2443,-2
11958,2453,-3
11959,2468,-1
11960,2471,-2
11961,2490,0
11962,2499,0
11963,2490,0
11964,2492,1
11965,2484,1
11966,2486,-2
11967,2468,1
11968,2457,-1
11969,2468,-2
11970,2451,-2
11971,2444,0
11972,2445,-1
11973,2450,0
11974,2478,0
11975,2484,-2
11976,2491,1
11977,2514,2
11978,2500,1
11979,2491,1
11980,2480,0
11981,2468,1
11982,2468,1
11983,2456,0
11984,2448,0
11985,2471,1
11986,2453,-1
11987,2461,-2
11988,2467,1
11989,2477,-2
11990,2490,-1
11991,2495,-2
11992,2494,-1
11993,2503,-4
11994,2497,1
11995,2476,-1
11996,2467,0
11997,2454,-1
11998,2459,-2
11999,2457,1
12000,2449,-2
12001,2478,-1
12002,2467,1
12003,2464,-2
12004,2477,1
12005,2482,1
12006,2488,0
12007,2485,-2
12008,2488,-2
12009,2505,0
12010,2474,-1
12011,2475,-1
12012,2461,1
12013,2461,-2
12014,2466,-1
12015,2461,-2
12016,2455,0
12017,2481,-2
12018,2470,1
12019,2480,-1
12020,2479,-1
12021,2482,-2
12022,2490,4
12023,2494,-1
12024,2494,0
12025,2492,0
12026,2479,1
12027,2464,-2
12028,2450,1
12029,2447,-1
12030,2448,-2
12031,2456,-1
12032,2469,-2
12033,2482,-1
12034,2476,0
12035,2490,0
12036,2491,-1
12037,2494,1
12038,2498,-1
12039,2497,1
12040,2488,0
12041,2481,-2
12042,2464,-1
12043,2454,1
12044,2439,0
12045,2445,-1
12046,2453,0
12047,2468,1
12048,2475,-1
12049,2496,1
12050,2497,-2
12051,2504,-2
12052,2497,-1
12053,2493,0
12054,2499,-4
12055,2471,0
12056,2462,-1
12057,2459,-2
12058,2450,-2
12059,2448,-2
12060,2441,0
12061,2453,0
12062,2474,-2
12063,2488,0
12064,2500,1
12065,2520,-1
12066,2505,-2
12067,2502,-2
12068,2482,-1
12069,2468,0
12070,2456,-2
12071,2452,1
12072,2442,0
12073,2447,0
12074,2447,1
12075,2461,1
12076,2477,1
12077,2483,1
12078,2497,-2
12079,2504,0
12080,2502,0
12081,2512,1
12082,2500,0
12083,2479,-2
12084,2451,-1
12085,2450,1
12086,2453,-2
12087,2454,1
12088,2454,-2
12089,2468,-1
12090,2474,1
12091,2486,1
12092,2491,1
12093,2497,-2
12094,2506,1
12095,2491,-2
12096,2485,-2
12097,2497,-2
12098,2482,1
12099,2456,-1
12100,2446,-1
12101,2451,1
12102,2469,1
12103,2458,-2
12104,2464,1
12105,2491,0
12106,2494,-2
12107,2489,2
12108,2483,-1
12109,2491,-2
12110,2489,-2
12111,2487,-1
12112,2470,-1
12113,2484,-1
12114,2464,-2
12115,2462,1
12116,2459,1
12117,2467,0
12118,2471,0
12119,2468,0
12120,2480,1
12121,2492,1
12122,2497,-1
12123,2494,0
12124,2481,-2
12125,2488,-1
12126,2486,0
12127,2474,-1
12128,2477,1
12129,2481,-2
12130,2467,-1
12131,2468,-1
12132,2463,2
12133,2459,-1
12134,2463,1
12135,2481,-2
12136,2495,-2
12137,2504,-2
12138,2498,4
12139,2494,0
12140,2492,0
12141,2483,0
12142,2477,0
12143,2475,1
12144,2463,-2
12145,2474,0
12146,2456,0
12147,2460,-1
12148,2462,0
12149,2465,-2
12150,2483,-2
12151,2493,-2
12152,2502,0
12153,2509,1
12154,2500,-2
12155,2487,-1
12156,2488,1
12157,2468,-1
12158,2470,-2
12159,2453,-1
12160,2469,3
12161,2480,0
12162,2471,0
12163,2475,-2
12164,2479,-2
12165,2492,1
12166,2500,-1
12167,2501,2
12168,2495,0
12169,2501,1
12170,2481,-1
12171,2475,-2
12172,2468,0
12173,2459,0
12174,2463,-1
12175,2474,1
12176,2468,0
12177,2483,-2
12178,2480,1
12179,2485,-1
12180,2487,-2
12181,2484,-2
12182,2491,0
12183,2490,-2
12184,2481,-2
12185,2493,-2
12186,2474,-2
12187,2467,-2
12188,2471,0
12189,2459,0
12190,2482,-2
12191,2465,-2
12192,2474,-2
12193,2494,0
12194,2491,-1
12195,2484,-1
12196,2476,-2
12197,2477,-2
12198,2481,1
12199,2483,-2
12200,2486,-2
12201,2486,2
12202,2488,0
12203,2481,0
12204,2479,-2
12205,2481,-1
12206,2489,0
12207,2475,1
12208,2471,-2
12209,2492,0
12210,2480,0
12211,2474,-1
12212,2477,-1
12213,2480,1
12214,2489,-1
12215,2495,-1
12216,2483,-1
12217,2509,0
12218,2488,1
12219,2485,0
12220,2484,0
12221,2462,1
12222,2467,0
12223,2466,-1
12224,2475,0
12225,2496,0
12226,2490,-1
12227,2477,1
12228,2486,-2
12229,2497,1
12230,2501,1
12231,2497,0
12232,2488,-1
12233,2500,-1
12234,2483,0
12235,2465,0
12236,2464,1
12237,2462,2
12238,2460,0
12239,2471,-1
12240,2478,0
12241,2498,-1
12242,2498,0
12243,2489,1
12244,2500,0
12245,2499,-1
12246,2494,0
12247,2483,1
12248,2476,1
12249,2482,-1
12250,2465,1
12251,2454,0
12252,2447,1
12253,2468,-2
12254,2479,-1
12255,2491,-3
12256,2497,0
12257,2518,1
12258,2512,-2
12259,2501,-2
12260,2486,-2
12261,2479,-2
12262,2480,0
12263,2469,0
12264,2463,2
12265,2472,-2
12266,2465,1
12267,2466,1
12268,2475,0
12269,2480,1
12270,2493,-2
12271,2512,0
12272,2505,-1
12273,2512,-1
12274,2502,-1
12275,2486,-1
12276,2477,0
12277,2471,-2
12278,2463,1
12279,2474,1
12280,2466,1
12281,2483,1
12282,2480,-2
12283,2477,0
12284,2489,-1
12285,2496,-1
12286,2505,1
12287,2508,-2
12288,2505,0
12289,2505,-2
12290,2491,1
12291,2473,1
12292,2468,-1
12293,2465,-2
12294,2468,1
12295,2463,-3
12296,2468,-1
12297,2491,1
12298,2491,-1
12299,2477,-1
12300,2497,-1
12301,2500,1
12302,2512,0
12303,2503,-2
12304,2498,-2
12305,2503,-2
12306,2489,-2
12307,2465,1
12308,2467,-1
12309,2463,-2
12310,2465,1
12311,2462,-1
12312,2472,0
12313,2497,-2
12314,2503,0
12315,2496,1
12316,2496,-1
12317,2510,-1
12318,2509,-1
12319,2495,-2
12320,2481,-1
12321,2488,0
12322,2476,0
12323,2453,0
12324,2453,0
12325,2457,0
12326,2471,-2
12327,2483,-2
12328,2489,-2
12329,2516,-1
12330,2517,-1
12331,2496,-2
12332,2501,0
12333,2506,1
12334,2484,-2
12335,2472,-2
12336,2457,0
12337,2465,0
12338,2462,0
12339,2444,0
12340,2459,1
12341,2465,2
12342,2488,1
12343,2504,1
12344,2506,1
12345,2518,-2
12346,2509,0
12347,2495,1
12348,2491,0
12349,2477,0
12350,2469,2
12351,2441,-1
12352,2457,-2
12353,2466,1
12354,2467,-1
12355,2462,0
12356,2482,0
12357,2496,1
12358,2517,1
12359,2512,0
12360,2517,-1
12361,2517,-2
12362,2497,-2
12363,2474,-1
12364,2469,1
12365,2456,-2
12366,2456,1
12367,2459,1
12368,2474,-2
12369,2491,-2
12370,2493,-1
12371,2487,1
12372,2495,-2
12373,2501,0
12374,2503,-1
12375,2500,-1
12376,2492,-1
12377,2491,-1
12378,2477,-1
12379,2460,-2
12380,2456,-2
12381,2468,-2
12382,2477,-1
12383,2487,-1
12384,2485,-1
12385,2500,-2
12386,2506,-1
12387,2494,0
12388,2508,-1
12389,2493,-1
12390,2498,-2
12391,2495,-3
12392,2492,0
12393,2488,1
12394,2478,1
12395,2462,-2
12396,2469,-2
12397,2476,-1
12398,2493,-2
12399,2477,-1
12400,2490,0
12401,2509,-2
12402,2510,-2
12403,2487,-2
12404,2490,0
12405,2486,-2
12406,2503,1
12407,2481,-1
12408,2480,-2
12409,2495,-2
12410,2480,2
12411,2471,1
12412,2474,-2
12413,2477,-2
12414,2480,1
12415,2488,-2
12416,2500,-2
12417,2509,-2
12418,2494,0
12419,2499,0
12420,2498,-1
12421,2493,0
12422,2493,1
12423,2478,1
12424,2468,-1
12425,2484,0
12426,2468,1
12427,2462,1
12428,2461,0
12429,2477,0
12430,2500,-2
12431,2497,-2
12432,2509,-1
12433,2521,-1
12434,2520,-1
12435,2497,0
12436,2493,-1
12437,2483,1
12438,2481,-1
12439,2465,0
12440,2477,-2
12441,2481,-1
12442,2475,1
12443,2470,1
12444,2481,-1
12445,2500,1
12446,2500,-1
12447,2507,-2
12448,2506,0
12449,2512,-3
12450,2503,-1
12451,2480,1
12452,2480,-2
12453,2479,-2
12454,2469,-1
12455,2471,1
12456,2480,0
12457,2486,0
12458,2485,-1
12459,2482,-2
12460,2497,-1
12461,2497,-2
12462,2500,0
12463,2502,-2
12464,2499,-2
12465,2504,-1
12466,2486,-2
12467,2468,-2
12468,2471,-2
12469,2474,-2
12470,2469,1
12471,2479,-2
12472,2493,1
12473,2496,0
12474,2500,-1
12475,2480,-2
12476,2493,0
12477,2497,0
12478,2494,0
12479,2500,-1
12480,2496,-1
12481,2491,-1
12482,2486,1
12483,2466,-2
12484,2470,-1
12485,2480,0
12486,2480,-2
12487,2482,0
12488,2480,1
12489,2499,1
12490,2486,0
12491,2482,1
12492,2491,-2
12493,2500,1
12494,2498,-1
12495,2503,0
12496,2502,-1
12497,2503,0
12498,2486,-1
12499,2468,0
12500,2482,0
12501,2478,0
12502,2471,-1
12503,2484,0
12504,2494,-1
12505,2491,-1
12506,2494,-1
12507,2499,0
12508,2495,-1
12509,2512,1
12510,2502,2
12511,2496,0
12512,2498,-1
12513,2488,-1
12514,2480,1
12515,2464,0
12516,2459,1
12517,2474,-1
12518,2482,-2
12519,2488,-2
12520,2493,0
12521,2521,-2
12522,2504,-1
12523,2504,-2
12524,2505,0
12525,2503,-1
12526,2497,1
12527,2480,-2
12528,2467,0
12529,2480,-2
12530,2471,-2
12531,2450,0
12532,2477,0
12533,2490,-3
12534,2496,-1
12535,2506,0
12536,2517,-1
12537,2530,1
12538,2515,1
12539,2491,1
12540,2487,1
12541,2483,0
12542,2474,1
12543,2480,-1
12544,2465,0
12545,2477,-1
12546,2481,1
12547,2488,0
12548,2489,-1
12549,2512,1
12550,2507,1
12551,2515,0
12552,2512,1
12553,2508,-1
12554,2506,0
12555,2477,0
12556,2469,-2
12557,2473,1
12558,2467,1
12559,2473,1
12560,2477,1
12561,2487,-3
12562,2494,-2
12563,2491,-2
12564,2493,-1
12565,2518,1
12566,2508,-2
12567,2504,-1
12568,2499,-1
12569,2503,-1
12570,2479,1
12571,2465,-1
12572,2471,-2
12573,2482,-1
12574,2472,0
12575,2482,-2
12576,2485,0
12577,2505,0
12578,2505,-2
12579,2493,-1
12580,2504,-1
12581,2509,0
12582,2508,-2
12583,2500,-2
12584,2493,1
12585,2491,1
12586,2488,-2
12587,2473,-1
12588,2487,-1
12589,2483,-1
12590,2477,-1
12591,2486,1
12592,2494,0
12593,2511,-1
12594,2505,0
12595,2502,-2
12596,2500,-1
12597,2512,0
12598,2499,1
12599,2501,1
12600,2496,0
12601,2486,-2
12602,2483,0
12603,2466,-1
12604,2471,-1
12605,2480,1
12606,2479,0
12607,2497,-1
12608,2496,-2
12609,2518,-1
12610,2510,1
12611,2500,1
12612,2511,-1
12613,2494,-2
12614,2491,0
12615,2475,1
12616,2479,0
12617,2485,-2
12618,2471,-2
12619,2470,-1
12620,2479,-1
12621,2490,-1
12622,2492,1
12623,2512,-1
12624,2520,-2
12625,2521,-1
12626,2520,0
12627,2512,-2
12628,2483,-2
12629,2480,0
12630,2471,1
12631,2471,0
12632,2474,0
12633,2479,0
12634,2486,-1
12635,2476,1
12636,2501,0
12637,2512,1
12638,2516,0
12639,2518,1
12640,2517,0
12641,2509,0
12642,2500,0
12643,2479,0
12644,2471,1
12645,2473,-2
12646,2472,1
12647,2471,-2
12648,2483,0
12649,2499,-1
12650,2505,-1
12651,2494,0
12652,2506,2
12653,2517,1
12654,2510,0
12655,2497,-2
12656,2503,1
12657,2493,-1
12658,2488,0
12659,2465,-1
12660,2477,-2
12661,2479,-1
12662,2483,-2
12663,2486,0
12664,2495,0
12665,2514,0
12666,2509,-1
12667,2503,1
12668,2499,0
12669,2497,-1
12670,2496,1
12671,2504,0
12672,2486,-1
12673,2488,-2
12674,2488,1
12675,2476,-2
12676,2483,0
12677,2500,-1
12678,2489,-1
12679,2497,1
12680,2501,-2
12681,2514,1
12682,2503,0
12683,2494,-1
12684,2494,0
12685,2493,-2
12686,2498,-2
12687,2491,-2
12688,2494,-1
12689,2495,1
12690,2487,0
12691,2486,-2
12692,2488,0
12693,2488,-2
12694,2486,-2
12695,2500,0
12696,2502,1
12697,2507,-3
12698,2503,1
12699,2495,-1
12700,2511,-1
12701,2512,0
12702,2494,-2
12703,2492,1
12704,2491,0
12705,2494,0
12706,2482,1
12707,2474,-1
12708,2475,-1
12709,2497,1
12710,2489,-1
12711,2503,0
12712,2508,-2
12713,2519,-2
12714,2518,0
12715,2508,0
12716,2505,-1
12717,2488,-1
12718,2489,0
12719,2483,-2
12720,2491,1
12721,2490,1
12722,2491,-2
12723,2473,1
12724,2494,-1
12725,2506,-1
12726,2505,1
12727,2507,-2
12728,2513,1
12729,2518,-2
12730,2504,-1
12731,2488,-1
12732,2483,-1
12733,2486,-2
12734,2478,1
12735,2482,-1
12736,2484,-2
12737,2492,-3
12738,2490,-2
12739,2494,-1
12740,2498,-2
12741,2510,-1
12742,2504,0
12743,2512,0
12744,2513,0
12745,2509,-2
12746,2494,0
12747,2484,1
12748,2482,-1
12749,2484,-1
12750,2487,1
12751,2488,-2
12752,2486,-2
12753,2499,-2
12754,2494,1
12755,2494,0
12756,2495,0
12757,2503,-1
12758,2507,-1
12759,2499,1
12760,2506,0
12761,2501,-2
12762,2498,0
12763,2483,-1
12764,2488,-2
12765,2491,0
12766,2489,0
12767,2490,0
12768,2493,0
12769,2495,0
12770,2495,-1
12771,2494,0
12772,2501,-2
12773,2512,-1
12774,2506,-1
12775,2513,-2
12776,2506,-2
12777,2507,0
12778,2497,-3
12779,2482,-2
12780,2477,-1
12781,2473,0
12782,2480,-2
12783,2481,0
12784,2490,1
12785,2503,-2
12786,2511,-1
12787,2503,1
12788,2512,-2
12789,2515,0
12790,2508,-1
12791,2492,1
12792,2505,0
12793,2502,1
12794,2474,0
12795,2467,0
12796,2464,1
12797,2479,2
12798,2482,1
12799,2494,1
12800,2512,-2
12801,2518,1
12802,2520,3
12803,2514,-2
12804,2520,0
12805,2509,-1
12806,2497,-2
12807,2480,0
12808,2475,0
12809,2475,-2
12810,2471,-2
12811,2462,0
12812,2480,0
12813,2497,-1
12814,2502,0
12815,2518,1
12816,2525,-3
12817,2535,1
12818,2531,-1
12819,2505,0
12820,2489,-3
12821,2480,0
12822,2476,-2
12823,2464,-2
12824,2468,1
12825,2471,1
12826,2475,0
12827,2478,-2
12828,2511,0
12829,2528,0
12830,2529,0
12831,2526,1
12832,2522,-1
12833,2527,-1
12834,2502,0
12835,2479,1
12836,2471,1
12837,2471,1
12838,2465,1
12839,2473,0
12840,2474,-2
12841,2495,1
12842,2503,-1
12843,2511,-2
12844,2513,-2
12845,2523,-1
12846,2517,1
12847,2521,1
12848,2509,-2
12849,2498,-2
12850,2485,0
12851,2477,0
12852,2475,-1
12853,2477,1
12854,2478,1
12855,2483,-1
12856,2503,0
12857,2522,0
12858,2512,-1
12859,2516,1
12860,2513,0
12861,2518,-2
12862,2509,1
12863,2512,-1
12864,2492,0
12865,2494,-3
12866,2482,-2
12867,2479,-2
12868,2479,-2
12869,2480,-1
12870,2491,0
12871,2502,-2
12872,2506,-2
12873,2524,0
12874,2524,-2
12875,2510,-1
12876,2506,1
12877,2521,1
12878,2502,0
12879,2494,-2
12880,2498,1
12881,2487,1
12882,2486,0
12883,2478,0
12884,2480,-2
12885,2494,-1
12886,2506,-2
12887,2504,-1
12888,2527,-2
12889,2541,1
12890,2527,1
12891,2515,1
12892,2510,1
12893,2502,-2
12894,2489,0
12895,2474,1
12896,2482,-2
12897,2492,-1
12898,2479,0
12899,2480,1
12900,2498,-1
12901,2509,-2
12902,2523,-1
12903,2533,-2
12904,2527,-1
12905,2542,1
12906,2519,-2
12907,2509,1
12908,2488,-2
12909,2476,1
12910,2479,-1
12911,2472,-1
12912,2477,-2
12913,2500,1
12914,2488,-2
12915,2500,1
12916,2515,-2
12917,2536,-1
12918,2524,-2
12919,2522,0
12920,2518,-2
12921,2516,-1
12922,2496,-2
12923,2482,-1
12924,2479,1
12925,2477,1
12926,2480,1
12927,2484,-1
12928,2508,0
12929,2519,1
12930,2518,1
12931,2526,-1
12932,2528,-2
12933,2522,1
12934,2518,1
12935,2509,-1
12936,2512,-2
12937,2491,-1
12938,2474,-1
12939,2476,-3
12940,2493,1
12941,2487,0
12942,2503,-1
12943,2506,-1
12944,2521,1
12945,2539,1
12946,2525,0
12947,2515,-1
12948,2500,-2
12949,2505,1
12950,2505,1
12951,2497,-1
12952,2494,1
12953,2503,-1
12954,2497,1
12955,2491,0
12956,2504,-1
12957,2507,0
12958,2506,-1
12959,2507,1
12960,2517,-2
12961,2519,0
12962,2503,0
12963,2495,1
12964,2499,0
12965,2506,0
12966,2497,-2
12967,2503,0
12968,2507,-1
12969,2520,1
12970,2499,1
12971,2495,0
12972,2492,0
12973,2503,-1
12974,2503,1
12975,2506,-1
12976,2518,0
12977,2521,0
12978,2518,-2
12979,2509,1
12980,2513,-2
12981,2513,1
12982,2513,1
12983,2506,2
12984,2505,1
12985,2506,0
12986,2501,-2
12987,2480,0
12988,2491,1
12989,2500,0
12990,2508,-1
12991,2509,1
12992,2512,0
12993,2534,1
12994,2518,-2
12995,2510,-1
12996,2503,0
12997,2507,1
12998,2497,0
12999,2486,0
13000,2503,1
13001,2510,-2
13002,2486,0
13003,2487,-2
13004,2500,0
13005,2517,-2
13006,2518,2
13007,2512,-2
13008,2521,1
13009,2538,-1
13010,2508,-1
13011,2496,0
13012,2489,1
13013,2488,-1
13014,2494,-2
13015,2493,0
13016,2500,-2
13017,2512,0
13018,2509,0
13019,2494,-2
13020,2523,-1
13021,2527,1
13022,2524,-1
13023,2524,-1
13024,2516,0
13025,2523,-2
13026,2506,1
13027,2488,-2
13028,2496,1
13029,2494,-1
13030,2493,1
13031,2498,-1
13032,2505,-1
13033,2525,0
13034,2507,0
13035,2507,-1
13036,2512,-1
13037,2515,0
13038,2521,-1
13039,2518,-1
13040,2510,-1
13041,2522,0
13042,2499,0
13043,2491,1
13044,2500,1
13045,2501,0
13046,2495,-1
13047,2502,0
13048,2517,-2
13049,2532,-1
13050,2509,0
13051,2506,-2
13052,2509,-1
13053,2522,1
13054,2519,1
13055,2511,-2
13056,2511,1
13057,2517,1
13058,2494,-2
13059,2478,0
13060,2492,-1
13061,2490,1
13062,2495,0
13063,2503,1
13064,2507,1
13065,2525,0
13066,2504,-1
13067,2509,0
13068,2521,1
13069,2533,-1
13070,2509,-1
13071,2506,1
13072,2507,-2
13073,2505,0
13074,2492,1
13075,2474,-1
13076,2487,-1
13077,2492,-2
13078,2515,0
13079,2519,0
13080,2516,-1
13081,2549,0
13082,2523,1
13083,2518,0
13084,2508,-2
13085,2511,-2
13086,2500,1
13087,2483,1
13088,2488,0
13089,2488,1
13090,2483,-2
13091,2474,1
13092,2500,1
13093,2524,-2
13094,2523,1
13095,2530,1
13096,2527,-2
13097,2539,2
13098,2521,1
13099,2502,0
13100,2494,-2
13101,2485,1
13102,2483,-1
13103,2482,1
13104,2477,-1
13105,2500,0
13106,2508,-1
13107,2508,1
13108,2518,-2
13109,2532,0
13110,2529,1
13111,2530,0
13112,2527,-1
13113,2521,-2
13114,2502,1
13115,2480,1
13116,2480,-1
13117,2483,-2
13118,2490,0
13119,2492,-2
13120,2503,0
13121,2522,-2
13122,2518,-2
13123,2521,0
13124,2525,-1
13125,2519,-1
13126,2515,-1
13127,2513,-1
13128,2509,-3
13129,2505,-1
13130,2488,-1
13131,2488,0
13132,2490,0
13133,2497,-1
13134,2503,0
13135,2499,0
13136,2509,-1
13137,2531,-1
13138,2509,-1
13139,2510,-1
13140,2513,-2
13141,2519,1
13142,2512,-1
13143,2496,-2
13144,2506,-2
13145,2503,1
13146,2491,1
13147,2487,0
13148,2491,0
13149,2497,0
13150,2519,-1
13151,2513,-1
13152,2518,-3
13153,2522,1
13154,2521,1
13155,2517,1
13156,2524,-2
13157,2515,-1
13158,2509,-1
13159,2511,-2
13160,2510,-2
13161,2509,-2
13162,2491,-1
13163,2486,1
13164,2486,-1
13165,2501,-2
13166,2506,-2
13167,2517,-2
13168,2522,-1
13169,2533,-1
13170,2520,0
13171,2520,-1
13172,2518,-1
13173,2516,-2
13174,2509,-2
13175,2500,0
13176,2508,1
13177,2500,0
13178,2487,1
13179,2481,1
13180,2500,0
13181,2510,1
13182,2522,1
13183,2523,0
13184,2542,-3
13185,2536,-1
13186,2529,-2
13187,2509,0
13188,2496,1
13189,2491,1
13190,2494,0
13191,2481,-2
13192,2498,0
13193,2495,-1
13194,2497,0
13195,2506,-1
13196,2509,-2
13197,2527,-2
13198,2529,0
13199,2525,1
13200,2531,-1
13201,2520,1
13202,2509,-2
13203,2483,-1
13204,2490,0
13205,2496,0
13206,2491,-2
13207,2502,0
13208,2502,1
13209,2517,-2
13210,2521,-1
13211,2523,1
13212,2539,-1
13213,2534,-2
13214,2527,0
13215,2510,1
13216,2524,0
13217,2515,-2
13218,2502,0
13219,2484,1
13220,2486,-2
13221,2498,-2
13222,2501,-1
13223,2503,0
13224,2521,-2
13225,2534,-2
13226,2521,1
13227,2517,0
13228,2521,0
13229,2518,1
13230,2520,-1
13231,2510,1
13232,2521,2
13233,2504,-2
13234,2497,-2
13235,2483,2
13236,2495,-2
13237,2498,-2
13238,2509,1
13239,2503,3
13240,2521,0
13241,2521,1
13242,2530,-2
13243,2518,-1
13244,2519,-1
13245,2521,0
13246,2518,-1
13247,2510,-2
13248,2512,1
13249,2509,0
13250,2501,1
13251,2486,-1
13252,2486,-1
13253,2498,-2
13254,2507,-1
13255,2509,1
13256,2530,-1
13257,2531,-2
13258,2517,0
13259,2523,-2
13260,2528,0
13261,2519,-2
13262,2514,-1
13263,2503,-1
13264,2501,-2
13265,2501,-2
13266,2490,0
13267,2488,1
13268,2509,0
13269,2514,0
13270,2517,0
13271,2527,0
13272,2544,0
13273,2544,1
13274,2536,1
13275,2515,0
13276,2505,0
13277,2497,0
13278,2489,1
13279,2485,-3
13280,2493,-1
13281,2497,0
13282,2494,-1
13283,2500,0
13284,2515,-1
13285,2527,0
13286,2532,-2
13287,2538,-1
13288,2542,0
13289,2543,-1
13290,2521,-1
13291,2484,-2
13292,2491,-1
13293,2494,1
13294,2490,0
13295,2489,0
13296,2506,0
13297,2511,-1
13298,2515,-2
13299,2520,1
13300,2526,-2
13301,2538,1
13302,2535,-2
13303,2531,0
13304,2530,-2
13305,2512,1
13306,2500,-1
13307,2484,1
13308,2480,0
13309,2493,-1
13310,2494,1
13311,2500,-1
13312,2519,0
13313,2526,-4
13314,2530,-2
13315,2526,1
13316,2520,0
13317,2527,0
13318,2513,-2
13319,2509,0
13320,2506,-1
13321,2503,-2
13322,2494,-1
13323,2489,-2
13324,2491,0
13325,2508,0
13326,2505,1
13327,2519,1
13328,2537,1
13329,2530,-3
13330,2527,0
13331,2512,1
13332,2518,0
13333,2521,1
13334,2512,-2
13335,2503,0
13336,2508,1
13337,2508,0
13338,2502,1
13339,2487,0
13340,2491,-1
13341,2505,1
13342,2518,0
13343,2511,-1
13344,2527,1
13345,2531,-1
13346,2530,0
13347,2530,0
13348,2520,-2
13349,2513,-1
13350,2503,-1
13351,2501,-1
13352,2512,1
13353,2500,0
13354,2487,-1
13355,2493,-1
13356,2504,1
13357,2521,-1
13358,2518,-2
13359,2524,-2
13360,2533,-2
13361,2533,0
13362,2528,1
13363,2508,-1
13364,2506,2
13365,2503,0
13366,2491,-1
13367,2494,-2
13368,2504,-2
13369,2500,1
13370,2500,1
13371,2506,-1
13372,2517,0
13373,2527,-1
13374,2535,-2
13375,2533,-2
13376,2549,-1
13377,2530,-2
13378,2520,2
13379,2504,0
13380,2487,0
13381,2491,-1
13382,2494,1
13383,2494,0
13384,2506,-2
13385,2510,0
13386,2522,-2
13387,2526,1
13388,2532,1
13389,2530,0
13390,2530,-2
13391,2524,-1
13392,2528,1
13393,2507,1
13394,2487,-1
13395,2488,-1
13396,2490,-2
13397,2488,-2
13398,2505,2
13399,2508,-2
13400,2527,-1
13401,2529,-2
13402,2522,-2
13403,2539,0
13404,2523,-2
13405,2524,1
13406,2522,1
13407,2509,0
13408,2516,-2
13409,2509,0
13410,2497,0
13411,2492,0
13412,2507,1
13413,2518,-1
13414,2521,0
13415,2520,1
13416,2540,-2
13417,2534,0
13418,2521,-2
13419,2515,1
13420,2516,-3
13421,2516,0
13422,2509,0
13423,2510,1
13424,2522,-2
13425,2515,1
13426,2513,-2
13427,2509,0
13428,2509,-2
13429,2518,0
13430,2509,0
13431,2518,0
13432,2530,0
13433,2527,1
13434,2521,0
13435,2511,1
13436,2516,-1
13437,2520,-3
13438,2515,1
13439,2508,0
13440,2525,-2
13441,2517,0
13442,2506,-2
13443,2500,-1
13444,2507,0
13445,2514,-2
13446,2521,-2
13447,2512,0
13448,2534,-2
13449,2530,1
13450,2523,-1
13451,2522,0
13452,2516,1
13453,2516,-2
13454,2511,1
13455,2508,-1
13456,2521,0
13457,2503,-1
13458,2500,1
13459,2496,0
13460,2509,0
13461,2518,-1
13462,2517,0
13463,2528,1
13464,2542,-2
13465,2532,-2
13466,2523,-2
13467,2506,-1
13468,2503,1
13469,2504,0
13470,2500,1
13471,2496,0
13472,2506,0
13473,2503,0
13474,2509,-1
13475,2509,1
13476,2514,-2
13477,2530,-2
13478,2529,0
13479,2526,1
13480,2542,1
13481,2526,-1
13482,2511,-1
13483,2501,0
13484,2498,0
13485,2494,1
13486,2502,-2
13487,2509,-1
13488,2527,-1
13489,2514,1
13490,2521,1
13491,2523,-1
13492,2523,0
13493,2537,-1
13494,2520,1
13495,2519,0
13496,2528,-1
13497,2512,0
13498,2505,0
13499,2500,-1
13500,2495,0
13501,2508,1
13502,2503,-3
13503,2516,0
13504,2533,-2
13505,2525,-2
13506,2533,0
13507,2515,0
13508,2521,0
13509,2523,0
13510,2524,0
13511,2508,-1
13512,2524,1
13513,2515,0
13514,2509,0
13515,2498,0
13516,2499,-1
13517,2503,-2
13518,2522,1
13519,2519,0
13520,2528,-2
13521,2519,1
13522,2528,-1
13523,2514,1
13524,2522,-2
13525,2531,0
13526,2521,-2
13527,2515,0
13528,2533,0
13529,2506,1
13530,2512,0
13531,2497,-1
13532,2502,-1
13533,2509,1
13534,2508,-2
13535,2516,-3
13536,2539,-2
13537,2537,-2
13538,2538,-2
13539,2533,-1
13540,2530,-1
13541,2526,-2
13542,2522,0
13543,2514,0
13544,2515,-1
13545,2496,1
13546,2493,1
13547,2491,-2
13548,2509,-1
13549,2512,0
13550,2527,-1
13551,2540,0
13552,2557,-1
13553,2548,-1
13554,2545,0
13555,2527,0
13556,2515,1
13557,2508,-2
13558,2495,-1
13559,2493,1
13560,2503,-1
13561,2491,1
13562,2503,1
13563,2507,1
13564,2521,-1
13565,2536,0
13566,2535,-2
13567,2543,-1
13568,2566,-1
13569,2537,-2
13570,2524,-1
13571,2509,1
13572,2490,-2
13573,2494,-1
13574,2491,1
13575,2486,-1
13576,2512,-2
13577,2512,-1
13578,2525,0
13579,2530,1
13580,2537,-1
13581,2546,0
13582,2539,0
13583,2542,1
13584,2538,-2
13585,2513,2
13586,2497,0
13587,2482,1
13588,2478,-2
13589,2498,0
13590,2495,-3
13591,2506,0
13592,2537,1
13593,2530,1
13594,2542,0
13595,2530,1
13596,2533,-1
13597,2537,-1
13598,2521,-1
13599,2506,-2
13600,2520,0
13601,2497,0
13602,2493,-4
13603,2497,-1
13604,2498,-1
13605,2506,0
13606,2521,-2
13607,2523,1
13608,2551,1
13609,2542,-1
13610,2536,1
13611,2529,-2
13612,2519,-1
13613,2520,-1
13614,2519,-1
13615,2509,1
13616,2508,2
13617,2506,-2
13618,2486,0
13619,2491,-2
13620,2513,1
13621,2518,2
13622,2527,0
13623,2532,-1
13624,2548,-2
13625,2544,-2
13626,2530,-1
13627,2526,0
13628,2506,-2
13629,2510,0
13630,2501,-1
13631,2491,-1
13632,2512,0
13633,2501,0
13634,2500,-3
13635,2500,-1
13636,2518,1
13637,2527,0
13638,2546,0
13639,2540,-1
13640,2559,-1
13641,2544,-1
13642,2530,1
13643,2518,0
13644,2504,-1
13645,2495,-1
13646,2494,0
13647,2491,4
13648,2512,-2
13649,2500,-1
13650,2510,1
13651,2509,-1
13652,2524,0
13653,2543,-1
13654,2550,1
13655,2543,-1
13656,2552,-1
13657,2531,0
13658,2511,-1
13659,2485,1
13660,2491,-2
13661,2492,1
13662,2493,-1
13663,2498,-2
13664,2518,-3
13665,2521,-2
13666,2535,1
13667,2537,1
13668,2542,-2
13669,2545,-1
13670,2542,-1
13671,2524,1
13672,2521,-1
13673,2515,-2
13674,2495,-3
13675,2495,3
13676,2486,-1
13677,2504,0
13678,2512,-2
13679,2525,1
13680,2548,-1
13681,2540,0
13682,2537,-2
13683,2538,-2
13684,2526,-2
13685,2525,-2
13686,2522,-1
13687,2507,-2
13688,2506,-1
13689,2499,0
13690,2488,-1
13691,2494,-3
13692,2510,0
13693,2528,-2
13694,2533,-1
13695,2535,-1
13696,2553,-1
13697,2538,-2
13698,2533,1
13699,2522,-1
13700,2515,0
13701,2516,-1
13702,2508,1
13703,2495,-2
13704,2512,0
13705,2509,-1
13706,2512,-2
13707,2510,0
13708,2507,-1
13709,2521,-1
13710,2520,-2
13711,2531,-2
13712,2538,1
13713,2518,1
13714,2512,-2
13715,2518,-1
13716,2509,2
13717,2515,1
13718,2514,-1
13719,2517,-1
13720,2533,-1
13721,2528,1
13722,2516,-1
13723,2501,1
13724,2517,0
13725,2518,1
13726,2525,-2
13727,2522,1
13728,2533,1
13729,2522,-1
13730,2520,-1
13731,2518,1
13732,2518,0
13733,2521,-1
13734,2508,0
13735,2518,-1
13736,2525,-1
13737,2506,0
13738,2509,-1
13739,2505,0
13740,2518,1
13741,2521,1
13742,2530,-2
13743,2531,-2
13744,2537,-2
13745,2530,-1
13746,2527,-3
13747,2524,-1
13748,2506,-1
13749,2508,-2
13750,2512,-2
13751,2503,-1
13752,2520,0
13753,2512,0
13754,2520,0
13755,2531,-2
13756,2526,-3
13757,2539,1
13758,2540,-3
13759,2535,-1
13760,2544,-2
13761,2530,0
13762,2505,1
13763,2515,-2
13764,2498,1
13765,2509,1
13766,2511,0
13767,2502,-2
13768,2528,-1
13769,2527,-1
13770,2539,-2
13771,2526,-1
13772,2528,-1
13773,2537,0
13774,2529,-1
13775,2527,-1
13776,2532,1
13777,2513,-2
13778,2506,1
13779,2495,-2
13780,2506,0
13781,2510,-2
13782,2518,0
13783,2516,0
13784,2538,-1
13785,2533,-1
13786,2525,1
13787,2524,0
13788,2533,0
13789,2534,0
13790,2527,1
13791,2521,1
13792,2537,1
13793,2524,-1
13794,2508,-2
13795,2515,-1
13796,2514,-1
13797,2517,-1
13798,2525,-2
13799,2522,-2
13800,2540,-1
13801,2536,-1
13802,2523,1
13803,2528,-1
13804,2527,1
13805,2532,-1
13806,2524,-1
13807,2524,-1
13808,2527,0
13809,2520,-1
13810,2506,-2
13811,2506,0
13812,2517,1
13813,2516,-4
13814,2518,-2
13815,2538,-2
13816,2550,-2
13817,2534,-1
13818,2538,-1
13819,2529,-2
13820,2524,0
13821,2527,-1
13822,2519,1
13823,2514,0
13824,2518,1
13825,2512,-3
13826,2501,-2
13827,2513,-1
13828,2515,1
13829,2527,3
13830,2540,0
13831,2545,0
13832,2562,1
13833,2555,-1
13834,2528,1
13835,2524,1
13836,2518,0
13837,2516,-2
13838,2500,1
13839,2500,1
13840,2509,1
13841,2507,-2
13842,2509,1
13843,2521,-1
13844,2537,1
13845,2544,-1
13846,2544,0
13847,2552,-2
13848,2550,1
13849,2533,-2
13850,2516,0
13851,2506,-1
13852,2488,0
13853,2502,-2
13854,2493,0
13855,2501,0
13856,2521,-1
13857,2536,-1
13858,2526,-1
13859,2544,-1
13860,2533,1
13861,2556,-1
13862,2546,-1
13863,2527,-1
13864,2525,3
13865,2505,-1
13866,2488,-1
13867,2495,1
13868,2492,0
13869,2506,0
13870,2506,0
13871,2515,-1
13872,2556,-2
13873,2548,0
13874,2544,1
13875,2538,0
13876,2529,-2
13877,2531,-2
13878,2521,-2
13879,2515,1
13880,2511,0
13881,2503,1
13882,2490,-1
13883,2508,-3
13884,2506,1
13885,2530,1
13886,2547,-1
13887,2545,-2
13888,2557,0
13889,2551,-1
13890,2530,-1
13891,2533,0
13892,2527,1
13893,2521,-1
13894,2510,0
13895,2512,1
13896,2521,1
13897,2518,-1
13898,2507,0
13899,2513,0
13900,2524,-2
13901,2536,-2
13902,2533,1
13903,2537,-2
13904,2556,0
13905,2544,0
13906,2526,-3
13907,2526,-2
13908,2518,-1
13909,2514,0
13910,2514,-1
13911,2506,-1
13912,2528,0
13913,2516,1
13914,2502,-2
13915,2515,0
13916,2533,1
13917,2533,1
13918,2535,1
13919,2542,-1
13920,2553,1
13921,2539,-2
13922,2529,-1
13923,2510,0
13924,2512,0
13925,2515,-1
13926,2510,-2
13927,2506,-3
13928,2522,1
13929,2521,-2
13930,2515,-1
13931,2529,-1
13932,2529,1
13933,2539,1
13934,2544,-2
13935,2539,0
13936,2551,0
13937,2529,1
13938,2513,1
13939,2515,-1
13940,2504,-1
13941,2508,-1
13942,2503,-2
13943,2506,0
13944,2530,-2
13945,2524,0
13946,2530,0
13947,2530,-1
13948,2540,1
13949,2540,1
13950,2539,0
13951,2534,-1
13952,2530,0
13953,2515,0
13954,2497,1
13955,2497,-2
13956,2503,-1
13957,2508,-1
13958,2506,0
13959,2530,-2
13960,2536,-1
13961,2539,0
13962,2523,-1
13963,2536,-1
13964,2532,0
13965,2529,-2
13966,2524,-2
13967,2520,-1
13968,2523,1
13969,2517,0
13970,2500,0
13971,2506,0
13972,2509,0
13973,2521,-1
13974,2525,0
13975,2539,-1
13976,2543,-1
13977,2539,0
13978,2523,1
13979,2527,-2
13980,2529,-1
13981,2533,-1
13982,2512,-1
13983,2513,-1
13984,2527,-1
13985,2530,1
13986,2511,-1
13987,2509,-4
13988,2518,0
13989,2520,0
13990,2532,-2
13991,2526,-1
13992,2535,-1
13993,2540,0
13994,2523,1
13995,2524,0
13996,2526,-1
13997,2536,0
13998,2523,-2
13999,2516,-1
14000,2528,0
14001,2517,-1
14002,2497,0
14003,2512,-2
14004,2518,0
14005,2531,1
14006,2525,-2
14007,2526,1
14008,2555,1
14009,2533,-1
14010,2534,-1
14011,2525,-2
14012,2540,-1
14013,2527,0
14014,2524,-2
14015,2515,-2
14016,2526,-2
14017,2513,1
14018,2503,0
14019,2510,1
14020,2534,0
14021,2533,1
14022,2545,1
14023,2545,1
14024,2554,1
14025,2554,-3
14026,2524,0
14027,2520,-1
14028,2524,0
14029,2510,-1
14030,2506,0
14031,2511,-1
14032,2508,-2
14033,2518,-1
14034,2506,0
14035,2528,-1
14036,2550,-2
14037,2542,1
14038,2547,-2
14039,2546,-2
14040,2548,-2
14041,2523,1
14042,2501,-1
14043,2511,-1
14044,2498,1
14045,2501,1
14046,2499,0
14047,2517,-2
14048,2542,0
14049,2547,1
14050,2533,0
14051,2546,0
14052,2548,-1
14053,2546,-1
14054,2542,-2
14055,2530,0
14056,2530,0
14057,2516,-2
14058,2491,-2
14059,2501,0
14060,2500,-2
14061,2516,-2
14062,2530,-2
14063,2533,0
14064,2553,0
14065,2552,0
14066,2539,-1
14067,2540,-1
14068,2546,1
14069,2533,-1
14070,2527,-1
14071,2519,-1
14072,2513,1
14073,2518,0
14074,2495,1
14075,2510,1
14076,2520,1
14077,2528,-1
14078,2534,-3
14079,2542,1
14080,2559,-1
14081,2545,0
14082,2527,0
14083,2529,-1
14084,2526,0
14085,2524,1
14086,2517,0
14087,2512,-2
14088,2526,-1
14089,2512,0
14090,2500,-1
14091,2514,1
14092,2527,1
14093,2528,1
14094,2538,-1
14095,2541,-1
14096,2551,-1
14097,2545,-2
14098,2532,-2
14099,2524,-1
14100,2530,1
14101,2518,1
14102,2511,-2
14103,2515,-1
14104,2518,0
14105,2506,0
14106,2509,-1
14107,2519,-3
14108,2542,-1
14109,2539,1
14110,2551,1
14111,2553,0
14112,2557,-1
14113,2549,0
14114,2521,0
14115,2514,-1
14116,2519,-2
14117,2513,1
14118,2506,-1
14119,2506,-1
14120,2515,-2
14121,2526,-2
14122,2520,2
14123,2534,0
14124,2551,-1
14125,2558,1
14126,2556,-2
14127,2545,0
14128,2549,-1
14129,2533,-2
14130,2509,-1
14131,2503,-1
14132,2506,-1
14133,2498,0
14134,2505,-2
14135,2517,-1
14136,2535,-2
14137,2542,0
14138,2542,1
14139,2548,-3
14140,2559,-2
14141,2546,-1
14142,2542,-2
14143,2528,-2
14144,2521,1
14145,2513,0
14146,2496,-2
14147,2509,-1
14148,2506,0
14149,2512,-2
14150,2525,1
14151,2549,-2
14152,2559,-1
14153,2556,0
14154,2547,0
14155,2551,-1
14156,2538,1
14157,2531,-1
14158,2518,0
14159,2512,-2
14160,2518,2
14161,2507,0
14162,2502,-2
14163,2516,-1
14164,2526,-2
14165,2536,0
14166,2555,1
14167,2562,0
14168,2562,0
14169,2545,0
14170,2535,-2
14171,2524,-1
14172,2525,-1
14173,2516,-2
14174,2510,-1
14175,2515,-1
14176,2524,0
14177,2520,1
14178,2512,-2
14179,2527,-2
14180,2543,0
14181,2541,0
14182,2545,-2
14183,2542,-2
14184,2545,-2
14185,2549,-2
14186,2527,0
14187,2527,0
14188,2515,0
14189,2521,0
14190,2520,-1
14191,2522,-1
14192,2536,-1
14193,2521,-1
14194,2522,-1
14195,2536,0
14196,2536,-1
14197,2539,1
14198,2542,-1
14199,2538,1
14200,2556,-2
14201,2547,-1
14202,2524,-2
14203,2521,1
14204,2529,0
14205,2511,-1
14206,2518,-2
14207,2521,-2
14208,2523,-1
14209,2530,0
14210,2530,-1
14211,2527,-2
14212,2536,1
14213,2541,-1
14214,2545,0
14215,2546,0
14216,2536,1
14217,2529,-1
14218,2524,0
14219,2509,-2
14220,2517,-1
14221,2515,0
14222,2521,1
14223,2525,-1
14224,2539,0
14225,2541,0
14226,2538,-2
14227,2547,-2
14228,2552,2
14229,2539,-1
14230,2545,0
14231,2539,1
14232,2531,0
14233,2525,0
14234,2509,-2
14235,2509,-1
14236,2524,-1
14237,2526,1
14238,2524,1
14239,2537,0
14240,2562,1
14241,2551,0
14242,2540,0
14243,2539,0
14244,2531,-2
14245,2528,-2
14246,2530,0
14247,2522,1
14248,2524,-1
14249,2512,1
14250,2512,0
14251,2523,-1
14252,2533,-1
14253,2541,1
14254,2544,-1
14255,2541,1
14256,2561,-1
14257,2545,0
14258,2529,1
14259,2527,-2
14260,2530,0
14261,2513,1
14262,2523,0
14263,2527,-2
14264,2539,-2
14265,2527,-2
14266,2526,1
14267,2519,-2
14268,2543,-2
14269,2540,0
14270,2537,1
14271,2547,0
14272,2540,0
14273,2536,-2
14274,2527,-2
14275,2531,-2
14276,2536,-1
14277,2540,0
14278,2530,1
14279,2540,-1
14280,2547,2
14281,2527,1
14282,2524,-1
14283,2518,0
14284,2534,-2
14285,2531,-2
14286,2535,-2
14287,2530,-2
14288,2550,-2
14289,2542,0
14290,2536,0
14291,2541,-2
14292,2536,1
14293,2528,0
14294,2540,-2
14295,2530,-2
14296,2521,1
14297,2507,1
14298,2523,-2
14299,2526,-1
14300,2533,-2
14301,2536,-1
14302,2540,-1
14303,2553,0
14304,2557,-1
14305,2551,1
14306,2537,-1
14307,2530,1
14308,2523,-2
14309,2514,-2
14310,2513,-2
14311,2521,1
14312,2529,1
14313,2515,-2
14314,2522,1
14315,2536,-2
14316,2536,-1
14317,2548,0
14318,2548,-1
14319,2553,1
14320,2550,-3
14321,2538,-2
14322,2521,0
14323,2513,0
14324,2518,1
14325,2512,1
14326,2524,1
14327,2525,-2
14328,2537,1
14329,2546,0
14330,2545,0
14331,2548,-2
14332,2556,-1
14333,2550,-3
14334,2550,-2
14335,2532,-1
14336,2521,0
14337,2524,0
14338,2513,0
14339,2513,-1
14340,2519,0
14341,2518,-1
14342,2535,-2
14343,2542,-1
14344,2551,0
14345,2551,-1
14346,2548,-2
14347,2548,0
14348,2553,-2
14349,2534,-2
14350,2535,-2
14351,2526,1
14352,2536,1
14353,2525,0
14354,2515,-1
14355,2519,1
14356,2533,-2
14357,2534,-1
14358,2537,-1
14359,2545,1
14360,2554,-2
14361,2551,0
14362,2541,0
14363,2548,-2
14364,2541,1
14365,2536,-1
14366,2530,-2
14367,2527,-1
14368,2529,-1
14369,2518,1
14370,2510,0
14371,2526,-1
14372,2523,-1
14373,2537,0
14374,2538,-1
14375,2549,0
14376,2560,2
14377,2545,-1
14378,2542,-2
14379,2539,-1
14380,2538,-2
14381,2525,0
14382,2519,1
14383,2519,1
14384,2524,1
14385,2511,0
14386,2520,0
14387,2536,1
14388,2542,-2
14389,2547,-1
14390,2555,-1
14391,2562,-2
14392,2572,-1
14393,2551,-2
14394,2532,-1
14395,2524,-2
14396,2530,-1
14397,2518,0
14398,2511,1
14399,2517,-1
14400,2522,-1
14401,2528,-1
14402,2541,-1
14403,2542,-4
14404,2557,1
14405,2570,0
14406,2569,0
14407,2556,1
14408,2552,-2
14409,2530,-2
14410,2510,-1
14411,2506,0
14412,2512,-2
14413,2506,0
14414,2514,-2
14415,2519,1
14416,2545,1
14417,2556,0
14418,2556,1
14419,2564,1
14420,2566,-2
14421,2559,-1
14422,2550,-2
14423,2528,-2
14424,2530,0
14425,2510,1
14426,2499,-2
14427,2507,0
14428,2510,1
14429,2524,-2
14430,2539,1
14431,2561,1
14432,2579,-1
14433,2571,1
14434,2562,0
14435,2551,0
14436,2546,-2
14437,2536,-2
14438,2526,0
14439,2519,-2
14440,2518,-2
14441,2514,-2
14442,2518,1
14443,2526,0
14444,2529,0
14445,2544,0
14446,2558,0
14447,2562,-3
14448,2567,1
14449,2556,-2
14450,2540,1
14451,2545,0
14452,2527,-1
14453,2512,-1
14454,2515,0
14455,2521,-2
14456,2538,1
14457,2525,0
14458,2527,-2
14459,2534,1
14460,2548,-1
14461,2547,-1
14462,2553,-1
14463,2557,0
14464,2551,1
14465,2545,0
14466,2533,1
14467,2528,-2
14468,2524,-1
14469,2530,1
14470,2526,0
14471,2538,-1
14472,2542,-2
14473,2533,-1
14474,2525,-2
14475,2541,-1
14476,2546,-2
14477,2545,-2
14478,2549,0
14479,2551,2
14480,2560,1
14481,2540,1
14482,2533,0
14483,2536,0
14484,2531,1
14485,2527,1
14486,2525,1
14487,2531,1
14488,2539,0
14489,2533,1
14490,2542,-2
14491,2547,-2
14492,2551,-1
14493,2556,0
14494,2554,-2
14495,2558,-1
14496,2550,-2
14497,2537,-1
14498,2513,0
14499,2512,-1
14500,2524,1
14501,2515,1
14502,2527,-2
14503,2539,-1
14504,2556,-1
14505,2553,0
14506,2546,-3
14507,2550,1
14508,2559,-2
14509,2560,0
14510,2548,0
14511,2539,1
14512,2536,1
14513,2517,-1
14514,2515,-2
14515,2515,-2
14516,2530,-1
14517,2538,-1
14518,2541,1
14519,2545,-1
14520,2564,1
14521,2555,-2
14522,2546,0
14523,2553,1
14524,2547,-1
14525,2540,0
14526,2528,-2
14527,2527,-1
14528,2533,-2
14529,2521,0
14530,2520,0
14531,2523,-2
14532,2531,-1
14533,2548,0
14534,2556,-2
14535,2563,1
14536,2568,-1
14537,2553,0
14538,2542,-2
14539,2536,-1
14540,2533,-1
14541,2532,-1
14542,2515,0
14543,2525,-1
14544,2542,-2
14545,2532,-2
14546,2531,0
14547,2542,-2
14548,2550,0
14549,2549,-1
14550,2552,1
14551,2548,0
14552,2559,-1
14553,2540,-2
14554,2530,-2
14555,2534,-1
14556,2525,-1
14557,2532,1
14558,2528,-2
14559,2539,0
14560,2547,0
14561,2531,0
14562,2521,-1
14563,2535,-2
14564,2547,-1
14565,2545,-1
14566,2537,1
14567,2546,0
14568,2557,0
14569,2549,1
14570,2536,0
14571,2533,1
14572,2537,1
14573,2527,0
14574,2522,0
14575,2533,-2
14576,2545,-2
14577,2524,1
14578,2537,1
14579,2542,0
14580,2551,-1
14581,2552,-1
14582,2558,0
14583,2554,-1
14584,2564,-1
14585,2545,1
14586,2527,-3
14587,2530,-2
14588,2525,1
14589,2526,-1
14590,2522,-1
14591,2530,-1
14592,2551,1
14593,2545,1
14594,2551,-1
14595,2556,0
14596,2565,-2
14597,2562,-2
14598,2562,1
14599,2554,-1
14600,2553,1
14601,2530,1
14602,2521,-1
14603,2521,1
14604,2520,-2
14605,2525,0
14606,2532,0
14607,2550,-2
14608,2569,-1
14609,2558,1
14610,2558,-1
14611,2568,0
14612,2568,-2
14613,2554,-2
14614,2532,-2
14615,2534,0
14616,2538,-2
14617,2523,1
14618,2509,-1
14619,2512,1
14620,2538,-2
14621,2539,0
14622,2556,1
14623,2565,-2
14624,2572,0
14625,2567,0
14626,2552,0
14627,2552,0
14628,2530,0
14629,2521,-1
14630,2532,-2
14631,2532,-1
14632,2524,0
14633,2530,0
14634,2529,0
14635,2535,-2
14636,2548,-2
14637,2556,-2
14638,2555,0
14639,2556,-1
14640,2568,-2
14641,2553,-2
14642,2535,0
14643,2538,-1
14644,2536,0
14645,2530,-1
14646,2524,-2
14647,2536,-1
14648,2550,-1
14649,2538,-2
14650,2538,-1
14651,2539,1
14652,2553,-1
14653,2548,-1
14654,2551,-1
14655,2550,-1
14656,2553,1
14657,2542,1
14658,2539,-2
14659,2531,0
14660,2541,0
14661,2528,0
14662,2536,-2
14663,2546,-2
14664,2553,-2
14665,2538,-1
14666,2524,-1
14667,2546,-2
14668,2554,1
14669,2544,-1
14670,2556,-1
14671,2557,-1
14672,2563,-1
14673,2539,0
14674,2533,-2
14675,2530,1
14676,2535,1
14677,2523,0
14678,2529,-2
14679,2533,-2
14680,2545,0
14681,2542,1
14682,2536,0
14683,2547,1
14684,2562,-2
14685,2564,-2
14686,2552,-2
14687,2558,2
14688,2564,0
14689,2542,0
14690,2524,-2
14691,2525,-2
14692,2530,0
14693,2524,2
14694,2530,-2
14695,2539,-1
14696,2559,0
14697,2559,1
14698,2551,-1
14699,2551,-2
14700,2562,0
14701,2556,0
14702,2545,-2
14703,2547,-2
14704,2542,-2
14705,2519,-2
14706,2511,-3
14707,2518,-1
14708,2531,-1
14709,2533,-1
14710,2539,-2
14711,2568,0
14712,2572,-1
14713,2557,1
14714,2549,-2
14715,2548,-1
14716,2546,0
14717,2543,-2
14718,2530,-1
14719,2534,0
14720,2545,0
14721,2522,-1
14722,2516,1
14723,2535,1
14724,2548,1
14725,2545,0
14726,2564,1
14727,2563,-2
14728,2569,-2
14729,2557,-2
14730,2542,-1
14731,2553,0
14732,2542,-1
14733,2536,0
14734,2530,1
14735,2536,0
14736,2548,0
14737,2542,0
14738,2533,0
14739,2541,0
14740,2558,1
14741,2553,-3
14742,2553,1
14743,2556,-2
14744,2568,1
14745,2551,-1
14746,2547,-2
14747,2542,1
14748,2547,0
14749,2542,0
14750,2536,-1
14751,2545,-2
14752,2552,-1
14753,2533,1
14754,2522,1
14755,2545,-2
14756,2551,2
14757,2549,-1
14758,2559,-2
14759,2570,-1
14760,2578,0
14761,2558,-2
14762,2533,-1
14763,2535,1
14764,2551,1
14765,2528,-1
14766,2531,0
14767,2536,0
14768,2542,-2
14769,2544,-2
14770,2537,1
14771,2539,-1
14772,2559,-2
14773,2569,-1
14774,2566,-1
14775,2565,1
14776,2569,-2
14777,2547,-2
14778,2529,-2
14779,2526,-2
14780,2531,0
14781,2518,0
14782,2518,1
14783,2539,0
14784,2539,1
14785,2552,1
14786,2551,-2
14787,2562,1
14788,2576,-1
14789,2568,-2
14790,2555,1
14791,2553,0
14792,2548,0
14793,2515,-2
14794,2516,-2
14795,2519,1
14796,2523,-1
14797,2522,0
14798,2544,1
14799,2559,-2
14800,2563,0
14801,2573,-1
14802,2562,-2
14803,2565,-2
14804,2570,-1
14805,2557,-2
14806,2542,1
14807,2537,0
14808,2533,1
14809,2514,1
14810,2516,-4
14811,2518,1
14812,2543,1
14813,2543,1
14814,2556,1
14815,2566,-2
14816,2576,-1
14817,2565,-1
14818,2552,0
14819,2551,-2
14820,2543,1
14821,2529,1
14822,2526,-1
14823,2527,-1
14824,2535,-2
14825,2524,-2
14826,2533,-2
14827,2540,1
14828,2554,1
14829,2558,0
14830,2565,-2
14831,2571,-2
14832,2564,0
14833,2550,1
14834,2548,1
14835,2539,0
14836,2540,3
14837,2528,-1
14838,2534,-1
14839,2545,0
14840,2539,1
14841,2531,-1
14842,2539,-1
14843,2546,-2
14844,2565,0
14845,2565,0
14846,2564,-1
14847,2565,-2
14848,2568,-2
14849,2539,-2
14850,2539,-2
14851,2525,-2
14852,2538,1
14853,2531,-2
14854,2526,1
14855,2542,1
14856,2544,0
14857,2548,2
14858,2541,-2
14859,2549,1
14860,2556,-1
14861,2560,-1
14862,2564,0
14863,2570,0
14864,2553,1
14865,2539,-1
14866,2527,1
14867,2528,0
14868,2529,-2
14869,2527,-2
14870,2525,0
14871,2539,-2
14872,2558,1
14873,2556,0
14874,2558,-2
14875,2568,-1
14876,2569,-1
14877,2572,0
14878,2559,1
14879,2551,-2
14880,2539,-2
14881,2532,-2
14882,2514,0
14883,2513,1
14884,2524,1
14885,2528,-1
14886,2542,0
14887,2565,0
14888,2571,1
14889,2560,1
14890,2558,-2
14891,2562,1
14892,2557,1
14893,2544,0
14894,2536,-1
14895,2526,0
14896,2534,-1
14897,2515,1
14898,2515,1
14899,2528,0
14900,2548,1
14901,2556,0
14902,2566,1
14903,2579,1
14904,2580,-1
14905,2568,-2
14906,2559,-3
14907,2551,0
14908,2541,-1
14909,2531,-1
14910,2523,0
14911,2525,-1
14912,2530,-2
14913,2529,0
14914,2535,-2
14915,2545,1
14916,2561,0
14917,2553,0
14918,2562,0
14919,2563,-3
14920,2559,-2
14921,2542,-2
14922,2541,-1
14923,2525,-2
14924,2529,1
14925,2523,1
14926,2530,-2
14927,2546,0
14928,2547,0
14929,2543,-1
14930,2554,0
14931,2553,0
14932,2561,-2
14933,2565,1
14934,2559,1
14935,2570,-2
14936,2551,-2
14937,2541,-2
14938,2530,0
14939,2525,0
14940,2536,-2
14941,2538,0
14942,2536,0
14943,2553,-3
14944,2553,0
14945,2543,-2
14946,2544,-1
14947,2556,-2
14948,2559,1
14949,2552,0
14950,2548,0
14951,2564,0
14952,2559,-1
14953,2544,0
14954,2530,1
14955,2537,1
14956,2536,1
14957,2533,-2
14958,2531,-1
14959,2549,-2
14960,2549,0
14961,2553,-1
14962,2542,-1
14963,2558,-2
14964,2556,-2
14965,2561,-2
14966,2561,-1
14967,2562,1
14968,2548,1
14969,2533,-2
14970,2527,1
14971,2526,-2
14972,2530,-2
14973,2527,-2
14974,2538,0
14975,2553,-2
14976,2562,0
14977,2559,1
14978,2553,-1
14979,2559,0
14980,2562,-2
14981,2555,1
14982,2542,0
14983,2543,0
14984,2530,1
14985,2524,0
14986,2519,0
14987,2536,-3
14988,2545,-2
14989,2551,1
14990,2559,0
14991,2578,-2
14992,2572,-1
14993,2565,-2
14994,2549,-2
14995,2548,-2
14996,2544,1
14997,2536,-1
14998,2522,-1
14999,2545,1
15000,2527,1
15001,2530,-1
15002,2527,0
15003,2544,-1
15004,2553,-1
15005,2562,-2
15006,2561,2
15007,2568,0
15008,2560,-2
15009,2557,0
15010,2536,-2
15011,2541,-1
15012,2539,0
15013,2529,1
15014,2524,-1
15015,2544,1
15016,2540,-2
15017,2551,1
15018,2541,1
15019,2544,-1
15020,2559,-1
15021,2562,1
15022,2553,0
15023,2563,-2
15024,2553,-1
15025,2553,2
15026,2539,0
15027,2538,0
15028,2540,-2
15029,2543,-1
15030,2542,-1
15031,2553,-1
15032,2545,-2
15033,2546,-2
15034,2540,0
15035,2542,-2
15036,2553,-1
15037,2548,1
15038,2548,0
15039,2569,-1
15040,2560,-2
15041,2550,0
15042,2538,-2
15043,2533,1
15044,2544,-1
15045,2539,-1
15046,2530,-1
15047,2541,0
15048,2545,-1
15049,2543,2
15050,2538,0
15051,2551,0
15052,2562,-2
15053,2561,0
15054,2567,-2
15055,2562,-1
15056,2562,-1
15057,2540,-2
15058,2532,-1
15059,2527,-2
15060,2536,-2
15061,2533,2
15062,2528,-3
15063,2559,0
15064,2539,-2
15065,2550,-1
15066,2561,1
15067,2561,0
15068,2562,1
15069,2567,0
15070,2557,-3
15071,2556,0
15072,2542,0
15073,2538,-2
15074,2530,0
15075,2530,0
15076,2533,0
15077,2545,-1
15078,2550,0
15079,2566,-1
15080,2565,2
15081,2568,-1
15082,2564,0
15083,2577,-1
15084,2563,-2
15085,2548,1
15086,2536,1
15087,2542,2
15088,2541,0
15089,2530,1
15090,2518,0
15091,2529,-1
15092,2540,1
15093,2559,-1
15094,2566,-1
15095,2586,-1
15096,2565,1
15097,2567,-2
15098,2558,-1
15099,2546,1
15100,2545,0
15101,2543,0
15102,2533,-2
15103,2544,0
15104,2532,-1
15105,2546,0
15106,2539,-1
15107,2548,-1
15108,2559,0
15109,2572,-2
15110,2560,1
15111,2571,-1
15112,2568,-2
15113,2564,1
15114,2545,0
15115,2528,0
15116,2548,1
15117,2542,0
15118,2539,1
15119,2545,-2
15120,2536,-1
15121,2544,0
15122,2549,1
15123,2553,-1
15124,2567,-1
15125,2554,1
15126,2557,1
15127,2580,-2
15128,2566,1
15129,2552,-1
15130,2535,0
15131,2539,-1
15132,2538,-2
15133,2538,0
15134,2534,1
15135,2545,0
15136,2551,-2
15137,2551,1
15138,2539,1
15139,2563,0
15140,2565,1
15141,2561,0
15142,2568,-3
15143,2578,-3
15144,2559,0
15145,2546,-2
15146,2526,-1
15147,2527,0
15148,2530,0
15149,2529,-1
15150,2533,-2
15151,2555,-1
15152,2556,-1
15153,2554,0
15154,2568,-2
15155,2574,0
15156,2577,0
15157,2565,1
15158,2558,0
15159,2568,1
15160,2550,-2
15161,2530,1
15162,2521,0
15163,2527,-2
15164,2530,1
15165,2542,-2
15166,2546,-2
15167,2579,-2
15168,2574,-2
15169,2584,0
15170,2571,0
15171,2571,-2
15172,2563,-2
15173,2558,-2
15174,2539,0
15175,2541,0
15176,2526,0
15177,2524,-1
15178,2521,-1
15179,2530,2
15180,2550,-2
15181,2562,-2
15182,2571,-2
15183,2583,-1
15184,2572,0
15185,2574,-2
15186,2558,1
15187,2552,0
15188,2534,-1
15189,2526,1
15190,2530,1
15191,2537,-2
15192,2536,0
15193,2534,-1
15194,2539,0
15195,2559,0
15196,2567,-2
15197,2578,-1
15198,2573,-2
15199,2580,-2
15200,2561,-1
15201,2555,0
15202,2534,-2
15203,2530,0
15204,2536,1
15205,2530,-1
15206,2530,0
15207,2555,-2
15208,2546,1
15209,2547,1
15210,2559,1
15211,2549,0
15212,2568,-1
15213,2561,1
15214,2550,0
15215,2568,1
15216,2555,0
15217,2543,0
15218,2534,-1
15219,2545,2
15220,2546,0
15221,2542,-1
15222,2545,-1
15223,2566,-1
15224,2560,-1
15225,2556,0
15226,2551,-1
15227,2549,0
15228,2549,-2
15229,2558,-1
15230,2557,-2
15231,2565,-2
15232,2555,1
15233,2536,0
15234,2536,1
15235,2540,-1
15236,2542,-2
15237,2536,0
15238,2539,1
15239,2559,0
15240,2558,-1
15241,2556,-2
15242,2549,-2
15243,2561,1
15244,2569,-1
15245,2575,-1
15246,2559,-2
15247,2568,-2
15248,2551,-3
15249,2548,1
15250,2534,-1
15251,2531,0
15252,2539,-2
15253,2552,-2
15254,2546,-2
15255,2571,-2
15256,2568,0
15257,2574,0
15258,2565,-2
15259,2560,-1
15260,2565,0
15261,2556,-2
15262,2547,2
15263,2555,-2
15264,2540,-1
15265,2532,1
15266,2530,0
15267,2527,-2
15268,2551,-1
15269,2555,1
15270,2567,-1
15271,2586,-1
15272,2577,-1
15273,2574,1
15274,2560,0
15275,2559,0
15276,2556,0
15277,2534,-2
15278,2529,0
15279,2554,1
15280,2543,-2
15281,2535,-2
15282,2539,0
15283,2550,-1
15284,2556,-2
15285,2571,-1
15286,2566,2
15287,2587,-1
15288,2562,-2
15289,2560,1
15290,2547,-2
15291,2544,0
15292,2533,-1
15293,2536,-1
15294,2536,-2
15295,2551,-1
15296,2548,-2
15297,2551,1
15298,2552,-2
15299,2558,1
15300,2568,-1
15301,2551,-2
15302,2561,0
15303,2575,-2
15304,2565,-1
15305,2556,-1
15306,2542,-1
15307,2545,0
15308,2547,-3
15309,2549,0
15310,2539,1
15311,2561,-1
15312,2556,1
15313,2553,-1
15314,2553,-2
15315,2548,0
15316,2567,-2
15317,2565,-3
15318,2565,-2
15319,2577,-2
15320,2563,1
15321,2565,-2
15322,2551,-1
15323,2543,0
15324,2548,-2
15325,2553,1
15326,2532,-2
15327,2563,-1
15328,2549,0
15329,2553,1
15330,2563,0
15331,2556,-1
15332,2570,-1
15333,2571,0
15334,2565,-1
15335,2577,-1
15336,2555,-1
15337,2542,1
15338,2531,1
15339,2533,-3
15340,2543,-1
15341,2543,1
15342,2537,1
15343,2565,0
15344,2572,-1
15345,2568,-2
15346,2579,1
15347,2568,-1
15348,2575,1
15349,2571,1
15350,2556,2
15351,2559,-2
15352,2543,-2
15353,2533,-1
15354,2527,-2
15355,2523,-1
15356,2542,0
15357,2562,0
15358,2568,-3
15359,2580,0
15360,2591,0
15361,2584,-1
15362,2577,2
15363,2569,-1
15364,2559,-2
15365,2551,2
15366,2530,0
15367,2545,0
15368,2527,-2
15369,2530,0
15370,2527,-1
15371,2546,-1
15372,2559,-1
15373,2576,0
15374,2580,0
15375,2589,-1
15376,2582,0
15377,2564,-2
15378,2561,-1
15379,2548,0
15380,2541,-2
15381,2537,1
15382,2535,1
15383,2551,1
15384,2538,-2
15385,2547,-2
15386,2553,-2
15387,2567,-2
15388,2579,2
15389,2568,0
15390,2562,-1
15391,2586,-2
15392,2569,1
15393,2555,1
15394,2533,-2
15395,2533,0
15396,2536,1
15397,2540,-1
15398,2538,-2
15399,2553,-1
15400,2553,-1
15401,2556,0
15402,2553,-1
15403,2560,-1
15404,2568,0
15405,2568,0
15406,2568,0
15407,2565,-3
15408,2552,1
15409,2542,-2
15410,2542,-2
15411,2530,0
15412,2543,1
15413,2544,-1
15414,2542,1
15415,2568,-1
15416,2562,-1
15417,2562,0
15418,2568,-1
15419,2565,1
15420,2562,-2
15421,2568,-3
15422,2562,0
15423,2562,0
15424,2553,-2
15425,2545,-1
15426,2539,0
15427,2533,1
15428,2544,1
15429,2548,-1
15430,2546,2
15431,2567,-1
15432,2565,1
15433,2562,-1
15434,2563,0
15435,2555,1
15436,2577,-2
15437,2568,-1
15438,2553,-2
15439,2563,1
15440,2545,0
15441,2531,-1
15442,2527,0
15443,2536,-1
15444,2544,-2
15445,2551,1
15446,2570,-2
15447,2583,1
15448,2583,0
15449,2586,-1
15450,2573,1
15451,2572,0
15452,2557,-2
15453,2549,-1
15454,2537,-1
15455,2548,1
15456,2543,0
15457,2545,-2
15458,2533,1
15459,2545,1
15460,2570,-2
15461,2575,-1
15462,2571,1
15463,2594,0
15464,2577,0
15465,2562,-2
15466,2555,0
15467,2544,1
15468,2546,1
15469,2538,-2
15470,2539,-1
15471,2551,-1
15472,2554,0
15473,2553,-1
15474,2553,-2
15475,2560,0
15476,2580,-2
15477,2571,0
15478,2568,1
15479,2574,-2
15480,2561,-2
15481,2546,-1
15482,2548,0
15483,2541,0
15484,2548,-2
15485,2548,1
15486,2551,-2
15487,2572,-2
15488,2562,0
15489,2557,1
15490,2561,-3
15491,2564,0
15492,2559,-2
15493,2561,-1
15494,2559,-2
15495,2573,-1
15496,2544,-1
15497,2550,-2
15498,2536,-3
15499,2549,-1
15500,2556,1
15501,2555,-1
15502,2553,1
15503,2564,-2
15504,2562,0
15505,2556,0
15506,2559,-2
15507,2562,-1
15508,2553,1
15509,2562,1
15510,2561,-1
15511,2570,-1
15512,2555,0
15513,2554,2
15514,2556,-1
15515,2553,-2
15516,2552,-1
15517,2551,-1
15518,2556,0
15519,2563,0
15520,2553,-2
15521,2551,-2
15522,2554,0
15523,2568,1
15524,2576,-2
15525,2571,0
15526,2564,1
15527,2582,0
15528,2556,-3
15529,2558,-2
15530,2549,0
15531,2537,-1
15532,2548,0
15533,2554,-1
15534,2553,1
15535,2565,-1
15536,2580,-1
15537,2569,-1
15538,2574,-1
15539,2571,-2
15540,2582,-1
15541,2571,0
15542,2548,1
15543,2553,-1
15544,2547,1
15545,2534,0
15546,2538,-2
15547,2541,-1
15548,2551,1
15549,2569,-2
15550,2561,-1
15551,2586,0
15552,2574,1
15553,2568,-1
15554,2565,-1
15555,2558,-2
15556,2556,-1
15557,2549,-1
15558,2552,-1
15559,2548,-1
15560,2540,0
15561,2531,1
15562,2540,-1
15563,2557,-2
15564,2571,-2
15565,2574,-2
15566,2576,0
15567,2581,-2
15568,2576,0
15569,2566,-1
15570,2556,-1
15571,2551,-2
15572,2548,0
15573,2553,-2
15574,2539,-2
15575,2545,0
15576,2558,-1
15577,2547,-1
15578,2556,0
15579,2569,-1
15580,2572,-1
15581,2571,0
15582,2573,-2
15583,2586,-2
15584,2568,0
15585,2556,1
15586,2551,-1
15587,2544,-1
15588,2551,-2
15589,2553,0
15590,2554,-4
15591,2563,0
15592,2558,0
15593,2549,-2
15594,2571,1
15595,2558,0
15596,2571,1
15597,2575,1
15598,2568,2
15599,2580,3
15600,2560,-2
15601,2552,-1
15602,2540,0
15603,2544,-1
15604,2548,-2
15605,2540,0
15606,2542,0
15607,2562,-2
15608,2564,-2
15609,2556,0
15610,2564,-2
15611,2570,-1
15612,2562,0
15613,2571,0
15614,2570,-1
15615,2575,0
15616,2556,1
15617,2534,1
15618,2545,1
15619,2536,1
15620,2531,-3
15621,2549,1
15622,2553,-2
15623,2577,-2
15624,2565,-3
15625,2581,-2
15626,2583,1
15627,2583,1
15628,2584,-2
15629,2573,-2
15630,2558,0
15631,2557,-1
15632,2548,-1
15633,2523,-1
15634,2527,-1
15635,2539,-2
15636,2552,1
15637,2564,-2
15638,2569,-1
15639,2595,1
15640,2595,-2
15641,2580,1
15642,2577,0
15643,2568,0
15644,2567,0
15645,2555,1
15646,2539,-1
15647,2545,1
15648,2532,1
15649,2521,-1
15650,2545,0
15651,2559,-1
15652,2577,0
15653,2585,-1
15654,2584,-2
15655,2592,-1
15656,2595,-2
15657,2572,-1
15658,2559,0
15659,2546,0
15660,2544,-2
15661,2545,0
15662,2532,0
15663,2553,-2
15664,2550,1
15665,2549,1
15666,2565,-2
15667,2576,-1
15668,2583,-1
15669,2583,1
15670,2582,0
15671,2578,0
15672,2577,-2
15673,2551,-1
15674,2545,-2
15675,2536,-2
15676,2544,0
15677,2548,0
15678,2548,2
15679,2564,-1
15680,2564,0
15681,2567,0
15682,2568,0
15683,2574,-2
15684,2586,0
15685,2577,0
15686,2570,-1
15687,2568,-1
15688,2561,-2
15689,2545,-1
15690,2545,1
15691,2547,1
15692,2550,-2
15693,2548,-2
15694,2551,-2
15695,2568,1
15696,2568,1
15697,2568,0
15698,2574,-3
15699,2569,-2
15700,2577,0
15701,2571,0
15702,2567,1
15703,2572,1
15704,2562,0
15705,2538,0
15706,2545,-1
15707,2538,-2
15708,2546,-2
15709,2553,1
15710,2562,1
15711,2587,-2
15712,2580,0
15713,2576,-1
15714,2572,-2
15715,2569,1
15716,2580,0
15717,2569,-1
15718,2551,1
15719,2558,1
15720,2550,0
15721,2527,0
15722,2527,0
15723,2539,1
15724,2557,-2
15725,2573,-1
15726,2577,0
15727,2592,-1
15728,2582,0
15729,2575,0
15730,2568,0
15731,2571,1
15732,2562,-1
15733,2553,-1
15734,2546,0
15735,2549,0
15736,2542,-2
15737,2533,-1
15738,2548,0
15739,2559,-1
15740,2579,-2
15741,2583,-1
15742,2589,0
15743,2593,-2
15744,2589,-1
15745,2577,0
15746,2556,-1
15747,2543,0
15748,2539,0
15749,2536,-1
15750,2539,-1
15751,2554,0
15752,2558,-1
15753,2545,-1
15754,2572,0
15755,2583,1
15756,2592,-1
15757,2589,1
15758,2581,1
15759,2577,-1
15760,2555,-3
15761,2542,0
15762,2544,0
15763,2529,2
15764,2533,-2
15765,2546,-1
15766,2553,0
15767,2560,0
15768,2568,-1
15769,2569,0
15770,2570,-2
15771,2578,1
15772,2571,-1
15773,2577,-1
15774,2571,-1
15775,2567,1
15776,2559,0
15777,2545,-1
15778,2542,-1
15779,2548,0
15780,2553,-1
15781,2568,1
15782,2562,1
15783,2573,2
15784,2583,0
15785,2565,1
15786,2568,-1
15787,2568,-1
15788,2577,-3
15789,2568,-2
15790,2568,0
15791,2568,-2
15792,2555,-1
15793,2548,1
15794,2548,0
15795,2556,1
15796,2555,-2
15797,2548,-2
15798,2556,-2
15799,2572,0
15800,2572,0
15801,2553,0
15802,2562,1
15803,2562,-1
15804,2576,0
15805,2571,-2
15806,2554,0
15807,2559,0
15808,2561,-2
15809,2541,1
15810,2545,0
15811,2548,1
15812,2553,0
15813,2563,-1
15814,2568,-2
15815,2582,-2
15816,2575,-2
15817,2569,0
15818,2560,-1
15819,2570,1
15820,2565,-1
15821,2557,-1
15822,2551,-2
15823,2556,-1
15824,2554,-2
15825,2538,-1
15826,2538,-1
15827,2550,-2
15828,2564,0
15829,2571,-1
15830,2574,-2
15831,2582,-2
15832,2581,0
15833,2567,0
15834,2560,1
15835,2556,-1
15836,2553,1
15837,2547,1
15838,2542,0
15839,2546,1
15840,2556,1
15841,2549,-1
15842,2558,0
15843,2565,-1
15844,2572,-2
15845,2581,1
15846,2586,1
15847,2592,0
15848,2571,-2
15849,2558,0
15850,2554,-2
15851,2549,-1
15852,2544,-1
15853,2548,0
15854,2559,-2
15855,2567,-2
15856,2563,1
15857,2562,0
15858,2574,-3
15859,2574,1
15860,2578,-1
15861,2568,0
15862,2571,-3
15863,2582,1
15864,2562,-2
15865,2551,1
15866,2553,-2
15867,2561,-1
15868,2559,-1
15869,2557,-2
15870,2551,0
15871,2577,-1
15872,2574,-2
15873,2551,1
15874,2562,1
15875,2572,0
15876,2568,0
15877,2571,1
15878,2569,0
15879,2575,-2
15880,2569,0
15881,2551,-1
15882,2548,-1
15883,2557,0
15884,2564,0
15885,2559,1
15886,2559,-1
15887,2564,-1
15888,2565,-1
15889,2557,1
15890,2563,-2
15891,2574,-1
15892,2571,0
15893,2579,-2
15894,2578,1
15895,2580,0
15896,2556,0
15897,2548,-2
15898,2545,-1
15899,2551,-1
15900,2542,1
15901,2547,0
15902,2562,0
15903,2579,-1
15904,2571,-1
15905,2565,-1
15906,2574,-2
15907,2590,1
15908,2577,0
15909,2573,1
15910,2564,-1
15911,2573,-1
15912,2556,0
15913,2533,-2
15914,2534,-1
15915,2545,-4
15916,2548,-1
15917,2562,1
15918,2577,1
15919,2586,1
15920,2588,0
15921,2582,3
15922,2574,0
15923,2584,0
15924,2567,1
15925,2546,0
15926,2548,1
15927,2551,1
15928,2548,1
15929,2532,0
15930,2554,1
15931,2568,-1
15932,2573,-1
15933,2580,-1
15934,2587,0
15935,2598,-2
15936,2583,-1
15937,2570,0
15938,2557,0
15939,2564,-1
15940,2553,-1
15941,2544,-2
15942,2542,-1
15943,2562,1
15944,2556,-2
15945,2545,1
15946,2569,-1
15947,2579,-2
15948,2583,-1
15949,2589,-1
15950,2580,1
15951,2583,0
15952,2571,0
15953,2551,-1
15954,2548,-2
15955,2556,-3
15956,2540,-2
15957,2547,0
15958,2557,-1
15959,2564,-2
15960,2560,-1
15961,2561,1
15962,2563,-1
15963,2583,-1
15964,2571,-1
15965,2574,-1
15966,2575,0
15967,2574,-1
15968,2559,-1
15969,2543,-1
15970,2549,-1
15971,2560,-2
15972,2539,-1
15973,2556,-3
15974,2557,-1
15975,2572,-1
15976,2565,1
15977,2564,0
15978,2574,2
15979,2579,-1
15980,2582,-1
15981,2584,-1
15982,2581,0
15983,2573,-1
15984,2565,-2
15985,2550,0
15986,2559,0
15987,2553,0
15988,2548,-2
15989,2559,1
15990,2564,-2
15991,2580,-2
15992,2577,-2
15993,2568,-1
15994,2584,-1
15995,2590,-1
15996,2574,-1
15997,2574,2
15998,2559,0
15999,2562,-2
16000,2551,0
16001,2534,-1
16002,2537,0
16003,2548,-3
16004,2554,-2
16005,2563,-2
16006,2573,-2
16007,2591,-1
16008,2603,-2
16009,2577,-1
16010,2580,-2
16011,2584,-2
16012,2574,2
16013,2552,-1
16014,2547,-2
16015,2551,1
16016,2545,-2
16017,2533,0
16018,2545,0
16019,2570,-1
16020,2580,0
16021,2591,0
16022,2593,1
16023,2599,-1
16024,2589,-2
16025,2579,-2
16026,2566,0
16027,2558,-2
16028,2551,0
16029,2542,-1
16030,2543,0
16031,2553,1
16032,2549,1
16033,2559,-2
16034,2576,1
16035,2585,-2
16036,2592,0
16037,2587,0
16038,2588,1
16039,2586,0
16040,2579,1
16041,2547,-1
16042,2553,-2
16043,2545,-1
16044,2533,0
16045,2548,1
16046,2551,-2
16047,2571,-2
16048,2574,0
16049,2579,0
16050,2586,0
16051,2583,-1
16052,2582,0
16053,2578,0
16054,2577,-2
16055,2577,-1
16056,2564,0
16057,2545,0
16058,2553,-1
16059,2551,-2
16060,2559,-2
16061,2558,-1
16062,2565,1
16063,2575,-1
16064,2587,-1
16065,2571,0
16066,2581,0
16067,2587,-1
16068,2581,-2
16069,2571,0
16070,2568,1
16071,2573,1
16072,2559,-2
16073,2549,1
16074,2551,-1
16075,2557,0
16076,2551,0
16077,2560,1
16078,2573,-1
16079,2582,0
16080,2578,2
16081,2573,-3
16082,2577,0
16083,2591,-2
16084,2583,1
16085,2568,0
16086,2568,-2
16087,2562,-1
16088,2565,0
16089,2540,1
16090,2547,1
16091,2556,-1
16092,2555,1
16093,2568,1
16094,2580,1
16095,2593,2
16096,2591,1
16097,2588,1
16098,2583,0
16099,2581,-2
16100,2569,-2
16101,2562,-2
16102,2545,-1
16103,2553,-2
16104,2544,-2
16105,2542,1
16106,2549,1
16107,2568,-2
16108,2571,-3
16109,2592,1
16110,2595,-1
16111,2601,-2
16112,2586,0
16113,2580,0
16114,2562,0
16115,2565,-1
16116,2550,-1
16117,2544,1
16118,2539,0
16119,2556,-1
16120,2548,-2
16121,2558,-2
16122,2569,-1
16123,2586,0
16124,2598,-2
16125,2590,-1
16126,2583,-1
16127,2586,-1
16128,2577,-2
16129,2548,-1
16130,2546,-3
16131,2548,0
16132,2542,-1
16133,2542,0
16134,2560,0
16135,2566,0
16136,2574,-1
16137,2576,-1
16138,2584,0
16139,2598,1
16140,2583,0
16141,2586,-2
16142,2580,1
16143,2570,-1
16144,2553,0
16145,2545,-2
16146,2552,-1
16147,2551,-2
16148,2553,-2
16149,2555,-1
16150,2566,-1
16151,2583,-1
16152,2581,1
16153,2574,-1
16154,2577,0
16155,2574,-1
16156,2577,-2
16157,2567,-1
16158,2563,0
16159,2573,0
16160,2553,0
16161,2553,-2
16162,2556,0
16163,2565,1
16164,2571,0
16165,2565,0
16166,2568,0
16167,2590,-2
16168,2580,-2
16169,2565,0
16170,2574,0
16171,2577,1
16172,2574,-1
16173,2579,0
16174,2565,0
16175,2580,0
16176,2559,0
16177,2555,0
16178,2562,1
16179,2561,1
16180,2557,1
16181,2564,-2
16182,2580,-2
16183,2586,1
16184,2593,1
16185,2580,0
16186,2586,1
16187,2585,0
16188,2568,2
16189,2563,-1
16190,2567,-2
16191,2556,-2
16192,2558,-2
16193,2539,1
16194,2551,1
16195,2576,-2
16196,2574,-2
16197,2583,1
16198,2583,-2
16199,2595,0
16200,2592,1
16201,2577,0
16202,2581,-2
16203,2577,0
16204,2556,0
16205,2554,0
16206,2566,0
16207,2565,-2
16208,2558,-1
16209,2563,1
16210,2571,0
16211,2586,0
16212,2581,-2
16213,2586,-2
16214,2586,-2
16215,2585,-2
16216,2580,0
16217,2559,-1
16218,2551,-2
16219,2545,1
16220,2551,-2
16221,2562,-1
16222,2555,-1
16223,2571,-2
16224,2571,-1
16225,2577,-2
16226,2586,-2
16227,2589,-2
16228,2587,1
16229,2575,0
16230,2582,-1
16231,2574,-3
16232,2559,0
16233,2556,-2
16234,2556,0
16235,2555,1
16236,2564,0
16237,2565,0
16238,2571,-2
16239,2584,0
16240,2582,-2
16241,2577,1
16242,2574,-3
16243,2576,-2
16244,2568,-1
16245,2580,-1
16246,2564,0
16247,2567,-1
16248,2569,0
16249,2565,1
16250,2563,0
16251,2566,1
16252,2570,-1
16253,2574,-1
16254,2573,-2
16255,2574,0
16256,2587,0
16257,2566,-2
16258,2571,-2
16259,2581,1
16260,2577,1
16261,2575,-2
16262,2573,-2
16263,2583,0
16264,2573,-1
16265,2573,-1
16266,2570,0
16267,2571,-1
16268,2550,-2
16269,2563,-3
16270,2574,-2
16271,2589,-1
16272,2583,-1
16273,2568,-1
16274,2573,-1
16275,2596,0
16276,2589,-2
16277,2580,1
16278,2569,1
16279,2572,-1
16280,2565,-2
16281,2547,1
16282,2553,-4
16283,2555,-2
16284,2566,-2
16285,2565,0
16286,2582,0
16287,2590,0
16288,2594,1
16289,2586,-2
16290,2588,-2
16291,2592,-1
16292,2576,-1
16293,2562,-1
16294,2562,-2
16295,2559,-1
16296,2549,-2
16297,2542,0
16298,2555,-2
16299,2576,0
16300,2572,0
16301,2583,-2
16302,2592,-2
16303,2598,0
16304,2606,0
16305,2581,-2
16306,2571,-2
16307,2565,1
16308,2553,0
16309,2555,0
16310,2554,0
16311,2556,0
16312,2568,2
16313,2565,-2
16314,2578,-1
16315,2590,0
16316,2595,-1
16317,2599,-1
16318,2590,-2
16319,2590,0
16320,2573,-2
16321,2559,0
16322,2555,-2
16323,2552,-1
16324,2553,-1
16325,2557,-2
16326,2564,0
16327,2581,-1
16328,2575,-3
16329,2589,1
16330,2596,0
16331,2590,-2
16332,2595,-2
16333,2588,-2
16334,2586,-1
16335,2578,-2
16336,2568,-1
16337,2561,1
16338,2558,0
16339,2559,-2
16340,2557,-2
16341,2559,1
16342,2574,-2
16343,2589,0
16344,2592,-2
16345,2586,-2
16346,2581,-1
16347,2586,0
16348,2595,-2
16349,2582,-2
16350,2568,-2
16351,2579,-2
16352,2566,-2
16353,2560,0
16354,2556,-2
16355,2563,0
16356,2559,-1
16357,2572,-2
16358,2583,-2
16359,2590,-2
16360,2585,0
16361,2582,-2
16362,2589,-2
16363,2592,1
16364,2585,0
16365,2576,0
16366,2574,1
16367,2567,1
16368,2559,-2
16369,2553,-1
16370,2553,1
16371,2562,-1
16372,2566,1
16373,2573,-2
16374,2584,0
16375,2598,-3
16376,2594,0
16377,2589,-3
16378,2594,1
16379,2588,-2
16380,2575,-2
16381,2567,1
16382,2568,1
16383,2573,0
16384,2551,0
16385,2547,-2
16386,2566,-1
16387,2578,0
16388,2591,0
16389,2594,1
16390,2602,-1
16391,2610,1
16392,2598,1
16393,2581,-1
16394,2582,0
16395,2562,1
16396,2562,-2
16397,2556,-1
16398,2561,0
16399,2568,1
16400,2556,-1
16401,2579,-2
16402,2586,1
16403,2602,0
16404,2600,-1
16405,2602,-2
16406,2598,-1
16407,2602,-1
16408,2575,-2
16409,2564,1
16410,2556,-1
16411,2563,-2
16412,2546,-1
16413,2559,-2
16414,2566,0
16415,2585,1
16416,2583,-2
16417,2580,-1
16418,2596,-2
16419,2595,-2
16420,2592,0
16421,2586,0
16422,2587,1
16423,2577,1
16424,2562,1
16425,2551,0
16426,2559,-2
16427,2563,-2
16428,2577,-1
16429,2575,-1
16430,2577,0
16431,2582,1
16432,2602,-2
16433,2590,-2
16434,2584,-2
16435,2583,-2
16436,2577,0
16437,2571,-2
16438,2574,0
16439,2578,1
16440,2562,1
16441,2564,-1
16442,2569,1
16443,2568,-2
16444,2571,-2
16445,2589,1
16446,2578,0
16447,2598,-1
16448,2585,-1
16449,2581,-2
16450,2581,-1
16451,2579,-2
16452,2572,0
16453,2572,1
16454,2570,2
16455,2583,-1
16456,2576,-1
16457,2559,1
16458,2560,1
16459,2567,2
16460,2571,-1
16461,2572,2
16462,2589,0
16463,2592,0
16464,2588,0
16465,2580,0
16466,2587,-2
16467,2589,0
16468,2574,1
16469,2571,-2
16470,2568,0
16471,2585,-1
16472,2556,1
16473,2554,0
16474,2559,-1
16475,2571,-2
16476,2580,0
16477,2580,-1
16478,2595,-2
16479,2598,-1
16480,2594,0
16481,2580,1
16482,2575,0
16483,2572,0
16484,2562,1
16485,2560,0
16486,2564,0
16487,2569,1
16488,2559,0
16489,2566,-1
16490,2578,-1
16491,2584,-2
16492,2605,-1
16493,2600,-2
16494,2602,-2
16495,2607,0
16496,2586,-1
16497,2564,-2
16498,2563,0
16499,2559,-1
16500,2559,1
16501,2550,-1
16502,2568,-2
16503,2565,0
16504,2582,-2
16505,2586,-2
16506,2590,-1
16507,2592,0
16508,2597,0
16509,2601,1
16510,2592,-1
16511,2583,1
16512,2576,-2
16513,2556,-1
16514,2548,0
16515,2555,-1
16516,2555,-2
16517,2569,0
16518,2581,-1
16519,2592,-2
16520,2592,-1
16521,2583,1
16522,2592,-2
16523,2595,2
16524,2584,-2
16525,2581,-1
16526,2578,0
16527,2573,-2
16528,2570,-2
16529,2568,1
16530,2558,1
16531,2565,1
16532,2563,0
16533,2582,1
16534,2583,1
16535,2597,-2
16536,2595,0
16537,2585,1
16538,2583,1
16539,2585,0
16540,2585,-2
16541,2583,-1
16542,2580,-1
16543,2571,-1
16544,2565,-1
16545,2562,-2
16546,2556,1
16547,2566,-1
16548,2571,-1
16549,2576,0
16550,2579,1
16551,2598,0
16552,2587,0
16553,2586,1
16554,2581,0
16555,2588,1
16556,2585,0
16557,2574,-2
16558,2566,-2
16559,2575,-2
16560,2565,2
16561,2553,-2
16562,2561,-2
16563,2575,1
16564,2586,1
16565,2593,-1
16566,2598,0
16567,2611,-2
16568,2599,-2
16569,2591,0
16570,2588,-1
16571,2581,0
16572,2566,-2
16573,2567,-2
16574,2565,0
16575,2565,-1
16576,2562,-2
16577,2557,-1
16578,2572,-2
16579,2587,-2
16580,2592,0
16581,2605,0
16582,2610,0
16583,2616,0
16584,2601,0
16585,2579,-1
16586,2572,-1
16587,2559,0
16588,2551,1
16589,2556,0
16590,2564,-2
16591,2574,0
16592,2577,-2
16593,2583,-1
16594,2594,-2
16595,2604,0
16596,2604,0
16597,2598,-2
16598,2598,0
16599,2594,0
16600,2571,-1
16601,2556,0
16602,2552,-2
16603,2564,-1
16604,2565,-2
16605,2564,-1
16606,2587,-2
16607,2604,0
16608,2595,1
16609,2603,0
16610,2605,1
16611,2595,-2
16612,2599,0
16613,2586,-1
16614,2581,0
16615,2567,-2
16616,2568,-1
16617,2556,-2
16618,2558,-2
16619,2583,0
16620,2570,0
16621,2582,-1
16622,2597,0
16623,2607,-2
16624,2586,0
16625,2592,0
16626,2586,-2
16627,2587,1
16628,2578,0
16629,2574,0
16630,2575,1
16631,2583,1
16632,2575,0
16633,2573,0
16634,2572,1
16635,2580,-2
16636,2580,0
16637,2589,0
16638,2593,-2
16639,2604,-3
16640,2588,0
16641,2580,-3
16642,2592,0
16643,2585,1
16644,2578,-1
16645,2579,1
16646,2581,1
16647,2595,1
16648,2574,-2
16649,2571,-2
16650,2563,3
16651,2580,-2
16652,2580,-2
16653,2595,-2
16654,2596,1
16655,2605,-2
16656,2605,-2
16657,2607,-2
16658,2591,-2
16659,2583,0
16660,2574,-1
16661,2580,-1
16662,2576,-1
16663,2573,-1
16664,2563,1
16665,2572,-1
16666,2576,-1
16667,2589,1
16668,2604,1
16669,2600,0
16670,2609,1
16671,2613,1
16672,2598,-2
16673,2587,1
16674,2575,0
16675,2571,1
16676,2565,-1
16677,2558,-1
16678,2562,1
16679,2571,0
16680,2576,-2
16681,2581,0
16682,2600,-1
16683,2602,-2
16684,2601,-1
16685,2601,0
16686,2612,-2
16687,2608,0
16688,2579,-2
16689,2565,0
16690,2560,0
16691,2566,0
16692,2568,-1
16693,2568,0
16694,2571,-2
16695,2594,0
16696,2603,0
16697,2589,4
16698,2597,-2
16699,2604,1
16700,2601,0
16701,2592,-2
16702,2582,1
16703,2583,-2
16704,2572,-2
16705,2558,0
16706,2566,1
16707,2571,1
16708,2584,1
16709,2588,-1
16710,2595,1
16711,2613,-2
16712,2604,-1
16713,2583,-2
16714,2588,-1
16715,2595,-2
16716,2595,0
16717,2580,1
16718,2577,0
16719,2592,-1
16720,2579,1
16721,2577,-1
16722,2574,0
16723,2578,-1
16724,2586,-2
16725,2584,-1
16726,2601,0
16727,2612,-2
16728,2590,-1
16729,2589,-2
16730,2581,-2
16731,2595,0
16732,2586,-1
16733,2587,-1
16734,2583,-1
16735,2586,1
16736,2580,1
16737,2569,-1
16738,2577,-2
16739,2583,0
16740,2582,-2
16741,2595,1
16742,2590,-1
16743,2594,-1
16744,2595,-2
16745,2601,1
16746,2594,0
16747,2594,0
16748,2585,-2
16749,2581,0
16750,2583,-1
16751,2586,3
16752,2568,-2
16753,2562,1
16754,2577,1
16755,2590,0
16756,2593,0
16757,2592,-2
16758,2602,-1
16759,2620,1
16760,2607,0
16761,2598,1
16762,2585,0
16763,2583,0
16764,2586,-2
16765,2573,0
16766,2567,1
16767,2582,-1
16768,2572,-2
16769,2579,-1
16770,2591,1
16771,2592,1
16772,2604,1
16773,2610,-1
16774,2613,-2
16775,2612,-2
16776,2591,-1
16777,2571,0
16778,2571,0
16779,2574,-1
16780,2564,-1
16781,2565,1
16782,2578,-1
16783,2603,1
16784,2589,0
16785,2603,-2
16786,2603,-1
16787,2613,-1
16788,2613,1
16789,2599,-1
16790,2604,-2
16791,2599,0
16792,2579,0
16793,2570,0
16794,2565,0
16795,2569,-1
16796,2580,0
16797,2580,-2
16798,2580,0
16799,2604,-1
16800,2602,0
16801,2595,0
16802,2601,1
16803,2610,2
16804,2588,1
16805,2598,-2
16806,2593,1
16807,2586,1
16808,2578,-2
16809,2579,-2
16810,2575,-2
16811,2588,-2
16812,2584,1
16813,2591,-1
16814,2595,-1
16815,2613,1
16816,2592,0
16817,2592,-2
16818,2594,-2
16819,2601,-2
16820,2578,0
16821,2587,1
16822,2587,1
16823,2589,1
16824,2579,1
16825,2576,2
16826,2568,0
16827,2583,1
16828,2578,2
16829,2592,1
16830,2595,-2
16831,2609,1
16832,2592,-2
16833,2593,0
16834,2595,-2
16835,2605,0
16836,2595,0
16837,2577,-2
16838,2580,1
16839,2592,-2
16840,2574,0
16841,2553,0
16842,2562,0
16843,2580,0
16844,2595,0
16845,2593,1
16846,2612,-1
16847,2625,-1
16848,2615,-1
16849,2601,0
16850,2596,1
16851,2591,0
16852,2581,-1
16853,2576,0
16854,2569,0
16855,2581,0
16856,2560,-2
16857,2564,0
16858,2583,-1
16859,2594,0
16860,2603,-1
16861,2604,1
16862,2618,-2
16863,2624,1
16864,2604,0
16865,2576,0
16866,2571,-1
16867,2572,-1
16868,2567,1
16869,2561,1
16870,2563,-2
16871,2584,1
16872,2584,1
16873,2581,-1
16874,2607,-1
16875,2613,0
16876,2616,1
16877,2619,-2
16878,2610,-2
16879,2596,-2
16880,2576,1
16881,2567,0
16882,2557,1
16883,2562,0
16884,2562,-1
16885,2571,-1
16886,2589,-2
16887,2601,-1
16888,2597,-2
16889,2598,0
16890,2604,1
16891,2608,-1
16892,2610,-2
16893,2594,0
16894,2584,1
16895,2580,-1
16896,2573,1
16897,2562,-2
16898,2562,0
16899,2562,0
16900,2583,1
16901,2589,0
16902,2600,-1
16903,2624,1
16904,2604,0
16905,2599,-2
16906,2598,2
16907,2602,2
16908,2589,1
16909,2574,-2
16910,2580,0
16911,2580,-2
16912,2571,1
16913,2565,-2
16914,2571,0
16915,2580,-2
16916,2593,-2
16917,2598,-1
16918,2597,-2
16919,2613,-2
16920,2598,1
16921,2593,-1
16922,2594,1
16923,2596,-1
16924,2586,-1
16925,2572,-2
16926,2573,1
16927,2580,0
16928,2571,1
16929,2565,1
16930,2568,0
16931,2595,0
16932,2607,0
16933,2601,-1
16934,2610,0
16935,2616,0
16936,2600,1
16937,2591,-1
16938,2589,0
16939,2586,2
16940,2578,-1
16941,2562,-2
16942,2574,-1
16943,2583,0
16944,2575,-2
16945,2571,1
16946,2586,-1
16947,2602,1
16948,2609,0
16949,2616,0
16950,2620,1
16951,2625,-2
16952,2604,1
16953,2579,1
16954,2577,1
16955,2571,-2
16956,2565,1
16957,2561,-1
16958,2577,0
16959,2593,1
16960,2587,-2
16961,2592,1
16962,2611,-1
16963,2613,-2
16964,2618,1
16965,2609,-1
16966,2608,0
16967,2599,0
16968,2571,-1
16969,2558,-1
16970,2553,1
16971,2570,1
16972,2556,-2
16973,2565,-2
16974,2589,-2
16975,2609,0
16976,2607,-1
16977,2596,0
16978,2598,-2
16979,2609,0
16980,2595,0
16981,2592,-2
16982,2569,0
16983,2589,0
16984,2565,1
16985,2565,-1
16986,2571,1
16987,2584,1
16988,2586,-2
16989,2590,-2
16990,2613,-2
16991,2613,0
16992,2597,-1
16993,2592,-2
16994,2591,-2
16995,2592,-1
16996,2589,-2
16997,2570,-1
16998,2569,-1
16999,2570,0
17000,2571,1
17001,2566,-1
17002,2577,-2
17003,2593,1
17004,2594,1
17005,2596,-2
17006,2602,0
17007,2613,1
17008,2599,-2
17009,2582,0
17010,2591,0
17011,2582,-1
17012,2580,-2
17013,2581,-1
17014,2586,1
17015,2598,0
17016,2586,-1
17017,2582,-1
17018,2586,1
17019,2595,0
17020,2597,-4
17021,2594,-2
17022,2602,1
17023,2610,-2
17024,2595,1
17025,2583,-1
17026,2587,0
17027,2589,-1
17028,2589,0
17029,2586,-2
17030,2586,-1
17031,2589,-1
17032,2577,-1
17033,2571,-2
17034,2577,-2
17035,2587,0
17036,2598,1
17037,2595,-1
17038,2607,-1
17039,2610,1
17040,2598,0
17041,2583,0
17042,2583,-1
17043,2583,1
17044,2577,-2
17045,2581,1
17046,2575,1
17047,2582,-2
17048,2572,-1
17049,2577,-2
17050,2592,-1
17051,2596,1
17052,2601,-1
17053,2595,-1
17054,2607,-1
17055,2613,-2
17056,2583,-2
17057,2575,-2
17058,2568,-2
17059,2582,-2
17060,2573,-1
17061,2573,-2
17062,2582,1
17063,2601,0
17064,2595,1
17065,2592,-2
17066,2596,1
17067,2608,-2
17068,2606,0
17069,2592,-1
17070,2590,0
17071,2595,-2
17072,2573,-1
17073,2566,1
17074,2565,-2
17075,2571,-2
17076,2591,-2
17077,2588,-1
17078,2601,1
17079,2616,0
17080,2608,0
17081,2591,0
17082,2597,1
17083,2605,0
17084,2592,-2
17085,2576,-1
17086,2580,1
17087,2583,-2
17088,2573,-1
17089,2571,-1
17090,2586,0
17091,2588,-2
17092,2593,0
17093,2594,-1
17094,2602,-1
17095,2608,-2
17096,2600,0
17097,2591,1
17098,2589,1
17099,2602,-2
17100,2588,-1
17101,2589,-1
17102,2588,-1
17103,2601,0
17104,2586,-2
17105,2580,-3
17106,2586,-1
17107,2592,0
17108,2583,-1
17109,2600,-1
17110,2601,-4
17111,2604,-1
17112,2595,0
17113,2595,-1
17114,2595,-2
17115,2594,-2
17116,2582,-2
17117,2575,-1
17118,2589,-2
17119,2589,1
17120,2577,1
17121,2574,0
17122,2571,1
17123,2595,-2
17124,2590,0
17125,2586,0
17126,2609,-1
17127,2619,0
17128,2613,-1
17129,2589,-2
17130,2586,0
17131,2592,-1
17132,2584,-1
17133,2568,0
17134,2571,1
17135,2589,-1
17136,2586,-2
17137,2574,-1
17138,2589,-2
17139,2607,-2
17140,2607,2
17141,2619,-1
17142,2607,-2
17143,2619,1
17144,2601,1
17145,2573,1
17146,2572,-2
17147,2580,-1
17148,2570,-2
17149,2562,1
17150,2576,-2
17151,2594,1
17152,2594,0
17153,2597,-2
17154,2603,1
17155,2617,-1
17156,2607,1
17157,2604,-2
17158,2595,-2
17159,2601,0
17160,2573,-2
17161,2558,0
17162,2564,-2
17163,2572,-2
17164,2572,-1
17165,2575,1
17166,2595,-1
17167,2610,-1
17168,2609,0
17169,2595,-2
17170,2596,0
17171,2601,0
17172,2597,2
17173,2592,-3
17174,2583,-1
17175,2579,-1
17176,2567,1
17177,2566,-2
17178,2569,-1
17179,2578,-1
17180,2579,-1
17181,2591,0
17182,2603,-2
17183,2615,-2
17184,2595,0
17185,2590,-1
17186,2594,-3
17187,2601,-2
17188,2583,1
17189,2577,0
17190,2584,-1
17191,2588,-2
17192,2577,-2
17193,2564,-3
17194,2579,-2
17195,2593,-1
17196,2585,1
17197,2590,0
17198,2597,1
17199,2604,-1
17200,2593,-2
17201,2583,1
17202,2589,1
17203,2593,0
17204,2587,1
17205,2580,-2
17206,2578,1
17207,2595,0
17208,2576,-1
17209,2566,1
17210,2577,-1
17211,2584,1
17212,2591,0
17213,2592,-1
17214,2605,-2
17215,2612,0
17216,2596,-2
17217,2591,-1
17218,2595,0
17219,2592,-2
17220,2592,-2
17221,2581,1
17222,2570,-1
17223,2577,-2
17224,2569,2
17225,2566,-2
17226,2581,0
17227,2590,1
17228,2603,0
17229,2610,-1
17230,2610,-1
17231,2619,0
17232,2604,1
17233,2579,-1
17234,2583,-2
17235,2573,-1
17236,2565,-1
17237,2558,0
17238,2569,1
17239,2571,-2
17240,2585,0
17241,2580,-2
17242,2601,-2
17243,2610,1
17244,2614,-2
17245,2616,-2
17246,2610,-1
17247,2609,0
17248,2586,0
17249,2561,-2
17250,2564,0
17251,2567,1
17252,2566,-2
17253,2568,1
17254,2591,-2
17255,2597,-2
17256,2608,0
17257,2599,-2
17258,2607,-1
17259,2609,1
17260,2607,-2
17261,2594,-1
17262,2583,-2
17263,2577,-1
17264,2568,-2
17265,2553,-1
17266,2568,-2
17267,2568,0
17268,2574,-2
17269,2586,0
17270,2609,-1
17271,2619,-1
17272,2609,-2
17273,2595,1
17274,2604,-2
17275,2608,1
17276,2591,0
17277,2576,-2
17278,2583,-1
17279,2593,-2
17280,2583,-2
17281,2567,0
17282,2577,0
17283,2585,-2
17284,2592,-2
17285,2599,2
17286,2608,0
17287,2616,-2
17288,2610,-2
17289,2592,-1
17290,2595,-1
17291,2605,-1
17292,2585,-2
17293,2574,0
17294,2586,0
17295,2575,1
17296,2574,0
17297,2572,-2
17298,2584,1
17299,2595,-1
17300,2606,-2
17301,2601,1
17302,2618,0
17303,2620,-1
17304,2616,1
17305,2593,-1
17306,2594,-1
17307,2589,1
17308,2583,0
17309,2574,-1
17310,2572,1
17311,2577,-1
17312,2562,-3
17313,2567,0
17314,2595,0
17315,2604,-2
17316,2605,-2
17317,2611,-1
17318,2624,1
17319,2622,1
17320,2602,1
17321,2585,-1
17322,2579,0
17323,2580,1
17324,2556,-2
17325,2568,-2
17326,2573,-1
17327,2586,-2
17328,2589,-1
17329,2599,1
17330,2601,0
17331,2619,0
17332,2616,1
17333,2619,0
17334,2610,0
17335,2594,1
17336,2584,-3
17337,2561,-1
17338,2565,0
17339,2564,0
17340,2558,0
17341,2565,-2
17342,2592,-1
17343,2613,-2
17344,2616,-1
17345,2610,1
17346,2618,1
17347,2610,-2
17348,2611,-2
17349,2593,0
17350,2575,-1
17351,2579,1
17352,2573,2
17353,2556,0
17354,2565,-1
17355,2575,-2
17356,2583,1
17357,2600,-1
17358,2613,1
17359,2625,1
17360,2621,-2
17361,2600,-1
17362,2591,2
17363,2598,0
17364,2589,-1
17365,2580,0
17366,2575,1
17367,2575,-2
17368,2573,-1
17369,2575,-2
17370,2580,1
17371,2599,-1
17372,2606,-1
17373,2614,-2
17374,2627,-2
17375,2621,1
17376,2601,-1
17377,2584,-2
17378,2592,-2
17379,2590,-2
17380,2577,2
17381,2568,-2
17382,2591,0
17383,2590,0
17384,2586,-1
17385,2585,-1
17386,2595,-1
17387,2614,0
17388,2601,-2
17389,2606,-1
17390,2608,-2
17391,2603,-2
17392,2586,0
17393,2586,0
17394,2583,1
17395,2582,0
17396,2580,0
17397,2579,1
17398,2596,0
17399,2595,1
17400,2587,-2
17401,2573,0
17402,2595,-1
17403,2601,1
17404,2597,0
17405,2588,1
17406,2610,-2
17407,2601,1
17408,2594,3
17409,2574,-2
17410,2576,-1
17411,2593,1
17412,2583,-2
17413,2582,-1
17414,2586,-2
17415,2589,-2
17416,2597,0
17417,2586,-1
17418,2607,-1
17419,2607,-1
17420,2608,-1
17421,2613,1
17422,2615,-2
17423,2600,-2
17424,2601,-1
17425,2574,-1
17426,2565,1
17427,2582,1
17428,2577,-2
17429,2568,0
17430,2588,1
17431,2602,0
17432,2604,-1
17433,2597,0
17434,2607,-1
17435,2598,1
17436,2607,1
17437,2601,1
17438,2608,1
17439,2592,0
17440,2579,-2
17441,2569,-2
17442,2576,0
17443,2591,-1
17444,2582,-1
17445,2588,-1
17446,2611,-1
17447,2610,1
17448,2607,1
17449,2604,0
17450,2595,0
17451,2601,-2
17452,2601,-1
17453,2585,0
17454,2588,-2
17455,2587,1
17456,2583,-2
17457,2568,-2
17458,2585,-2
17459,2589,0
17460,2595,-2
17461,2607,-2
17462,2613,-1
17463,2610,0
17464,2604,-2
17465,2595,-1
17466,2592,-2
17467,2591,-1
17468,2595,-1
17469,2584,1
17470,2587,-2
17471,2601,-3
17472,2590,0
17473,2576,-2
17474,2586,-1
17475,2594,1
17476,2595,-1
17477,2592,-2
17478,2598,-1
17479,2594,-2
17480,2601,-1
17481,2583,0
17482,2584,0
17483,2599,1
17484,2595,-1
17485,2587,1
17486,2598,-1
17487,2589,-1
17488,2595,-2
17489,2580,-2
17490,2582,-2
17491,2598,0
17492,2589,0
17493,2589,-2
17494,2604,1
17495,2609,1
17496,2605,-1
17497,2587,-2
17498,2589,1
17499,2597,1
17500,2599,-1
17501,2580,-1
17502,2586,1
17503,2584,-1
17504,2582,-1
17505,2571,1
17506,2595,1
17507,2598,0
17508,2601,-2
17509,2609,-1
17510,2625,1
17511,2616,0
17512,2613,-1
17513,2585,1
17514,2586,-1
17515,2578,0
17516,2571,0
17517,2571,1
17518,2587,-2
17519,2583,-2
17520,2585,0
17521,2592,1
17522,2610,-2
17523,2610,-2
17524,2611,-2
17525,2608,0
17526,2619,-2
17527,2601,-1
17528,2583,1
17529,2565,1
17530,2568,-2
17531,2574,0
17532,2572,-1
17533,2577,1
17534,2600,1
17535,2609,1
17536,2600,0
17537,2604,0
17538,2613,-2
17539,2621,-2
17540,2610,-1
17541,2605,1
17542,2589,-2
17543,2586,-2
17544,2571,1
17545,2562,0
17546,2580,-2
17547,2579,-1
17548,2594,-1
17549,2598,-2
17550,2621,1
17551,2613,-2
17552,2609,1
17553,2609,1
17554,2604,1
17555,2607,0
17556,2583,-1
17557,2579,-3
17558,2592,-2
17559,2588,0
17560,2576,1
17561,2573,-2
17562,2583,-1
17563,2591,0
17564,2602,2
17565,2610,-1
17566,2616,0
17567,2615,1
17568,2604,-2
17569,2592,-2
17570,2592,-1
17571,2597,0
17572,2580,-1
17573,2586,1
17574,2590,-2
17575,2596,-1
17576,2583,1
17577,2580,0
17578,2593,0
17579,2606,-2
17580,2606,0
17581,2597,-1
17582,2613,1
17583,2616,1
17584,2608,1
17585,2594,-1
17586,2592,-2
17587,2595,1
17588,2592,-1
17589,2581,0
17590,2587,-1
17591,2586,0
17592,2584,1
17593,2579,-1
17594,2588,-2
17595,2607,-1
17596,2619,-1
17597,2620,0
17598,2631,-3
17599,2630,1
17600,2603,-2
17601,2591,0
17602,2597,0
17603,2586,-1
17604,2580,-2
17605,2564,-1
17606,2580,-1
17607,2594,-2
17608,2598,0
17609,2597,-2
17610,2623,1
17611,2627,0
17612,2621,1
17613,2621,0
17614,2619,1
17615,2605,-2
17616,2587,1
17617,2559,0
17618,2573,-1
17619,2579,-1
17620,2583,-2
17621,2578,-1
17622,2601,-2
17623,2618,-2
17624,2623,0
17625,2619,-1
17626,2621,-2
17627,2617,1
17628,2617,1
17629,2602,1
17630,2605,1
17631,2580,-2
17632,2571,1
17633,2566,0
17634,2569,-2
17635,2580,0
17636,2602,1
17637,2599,-1
17638,2633,-2
17639,2627,1
17640,2627,2
17641,2604,-2
17642,2604,-1
17643,2607,1
17644,2592,0
17645,2574,-2
17646,2580,1
17647,2580,-1
17648,2583,0
17649,2586,0
17650,2586,1
17651,2603,-2
17652,2613,-1
17653,2612,-2
17654,2629,0
17655,2616,1
17656,2604,-1
17657,2595,1
17658,2589,1
17659,2583,0
17660,2580,-1
17661,2577,-2
17662,2589,-1
17663,2587,1
17664,2586,-1
17665,2587,0
17666,2583,-2
17667,2607,0
17668,2613,-2
17669,2613,1
17670,2619,0
17671,2609,2
17672,2600,1
17673,2581,-2
17674,2592,0
17675,2583,1
17676,2586,-1
17677,2585,-2
17678,2601,-2
17679,2583,-2
17680,2589,-1
17681,2588,1
17682,2600,1
17683,2614,-2
17684,2621,1
17685,2616,-1
17686,2619,1
17687,2619,-2
17688,2601,-2
17689,2587,0
17690,2591,1
17691,2583,1
17692,2586,-1
17693,2585,-1
17694,2595,-2
17695,2601,-1
17696,2605,-1
17697,2598,-2
17698,2604,-2
17699,2622,0
17700,2610,-2
17701,2616,-1
17702,2616,-2
17703,2604,-1
17704,2601,-3
17705,2568,-2
17706,2578,-1
17707,2584,-1
17708,2581,-2
17709,2584,-2
17710,2603,-2
17711,2613,-1
17712,2610,-3
17713,2609,-1
17714,2620,-1
17715,2625,-2
17716,2616,0
17717,2604,-1
17718,2598,-3
17719,2590,-1
17720,2581,-1
17721,2569,3
17722,2584,0
17723,2580,-1
17724,2592,-1
17725,2607,0
17726,2620,-1
17727,2624,-2
17728,2624,-2
17729,2613,1
17730,2608,-1
17731,2612,-2
17732,2595,-1
17733,2580,0
17734,2592,-2
17735,2583,-2
17736,2590,0
17737,2582,1
17738,2592,-2
17739,2611,0
17740,2607,0
17741,2619,0
17742,2627,0
17743,2620,-1
17744,2603,0
17745,2603,0
17746,2599,-3
17747,2589,1
17748,2591,-1
17749,2574,0
17750,2593,1
17751,2598,0
17752,2590,-2
17753,2588,1
17754,2592,-1
17755,2616,1
17756,2606,1
17757,2606,1
17758,2623,-1
17759,2607,-1
17760,2604,0
17761,2589,0
17762,2592,1
17763,2592,-3
17764,2591,-1
17765,2592,0
17766,2615,-1
17767,2603,1
17768,2593,0
17769,2586,-1
17770,2597,-2
17771,2604,-1
17772,2601,-1
17773,2609,-1
17774,2619,1
17775,2621,-2
17776,2613,0
17777,2598,-2
17778,2599,1
17779,2598,-1
17780,2597,-2
17781,2598,0
17782,2599,-2
17783,2593,-2
17784,2595,-3
17785,2592,1
17786,2602,-2
17787,2613,2
17788,2609,-2
17789,2616,-1
17790,2632,1
17791,2619,-1
17792,2612,1
17793,2586,0
17794,2583,-1
17795,2591,-1
17796,2582,-2
17797,2592,-2
17798,2598,-2
17799,2599,0
17800,2601,0
17801,2598,-1
17802,2613,-2
17803,2623,-1
17804,2627,-1
17805,2619,0
17806,2616,-2
17807,2600,-2
17808,2594,-2
17809,2577,1
17810,2577,1
17811,2575,1
17812,2590,1
17813,2588,0
17814,2616,-2
17815,2620,-1
17816,2621,2
17817,2610,1
17818,2622,-1
17819,2623,0
17820,2617,0
17821,2589,0
17822,2601,-1
17823,2592,-2
17824,2581,0
17825,2581,-1
17826,2593,-1
17827,2600,0
17828,2601,-1
17829,2613,0
17830,2620,1
17831,2630,-2
17832,2621,-1
17833,2610,-2
17834,2611,0
17835,2601,-2
17836,2597,-2
17837,2591,-3
17838,2591,-1
17839,2592,-1
17840,2581,-1
17841,2585,0
17842,2590,-1
17843,2607,0
17844,2621,-2
17845,2625,-1
17846,2627,0
17847,2621,-1
17848,2619,-1
17849,2597,-1
17850,2597,-1
17851,2607,2
17852,2590,-1
17853,2588,-2
17854,2601,-2
17855,2590,-2
17856,2589,0
17857,2583,-1
17858,2596,0
17859,2610,0
17860,2618,-2
17861,2613,-1
17862,2636,1
17863,2620,0
17864,2613,0
17865,2592,-2
17866,2595,-2
17867,2589,0
17868,2595,-2
17869,2592,-1
17870,2599,0
17871,2592,-2
17872,2590,-1
17873,2591,0
17874,2609,-1
17875,2617,-2
17876,2616,0
17877,2628,1
17878,2622,-1
17879,2616,2
17880,2600,-2
17881,2588,-2
17882,2594,-1
17883,2586,-2
17884,2571,1
17885,2586,-2
17886,2605,1
17887,2607,1
17888,2613,1
17889,2613,-3
17890,2618,1
17891,2636,0
17892,2627,0
17893,2626,1
17894,2624,1
17895,2601,-2
17896,2584,-1
17897,2584,-2
17898,2578,-2
17899,2583,2
17900,2577,0
17901,2601,1
17902,2614,1
17903,2628,0
17904,2629,-2
17905,2624,-2
17906,2620,-1
17907,2629,-1
17908,2609,1
17909,2605,-2
17910,2591,-2
17911,2589,-1
17912,2586,-1
17913,2567,1
17914,2578,0
17915,2597,-1
17916,2606,0
17917,2620,0
17918,2629,-2
17919,2639,-1
17920,2624,-1
17921,2619,-2
17922,2605,-1
17923,2601,1
17924,2586,1
17925,2584,2
17926,2587,-2
17927,2589,0
17928,2595,-2
17929,2591,0
17930,2598,1
17931,2613,0
17932,2625,0
17933,2628,-1
17934,2628,-1
17935,2621,0
17936,2613,0
17937,2595,-1
17938,2595,1
17939,2586,1
17940,2581,-3
17941,2583,1
17942,2608,-1
17943,2604,-1
17944,2604,-1
17945,2601,0
17946,2620,1
17947,2624,0
17948,2616,-2
17949,2607,0
17950,2619,-2
17951,2611,2
17952,2604,-1
17953,2592,1
17954,2594,-1
17955,2599,-1
17956,2595,0
17957,2595,-2
17958,2608,1
17959,2603,0
17960,2599,1
17961,2584,-2
17962,2610,1
17963,2617,-1
17964,2607,-2
17965,2605,-2
17966,2622,-1
17967,2611,-1
17968,2613,-2
17969,2593,0
17970,2601,-2
17971,2593,0
17972,2601,0
17973,2586,-1
17974,2595,-2
17975,2607,-2
17976,2604,0
17977,2598,1
17978,2613,-1
17979,2613,-1
17980,2609,-2
17981,2610,-1
17982,2622,-2
17983,2610,-1
17984,2604,1
17985,2589,1
17986,2592,-1
17987,2592,0
17988,2586,-3
17989,2600,0
17990,2608,0
17991,2613,-1
17992,2616,-1
17993,2610,1
17994,2619,1
17995,2624,0
17996,2621,-1
17997,2608,0
17998,2614,-2
17999,2601,-2
18000,2592,0
18001,2589,-1
18002,2594,1
18003,2589,-2
18004,2599,-1
18005,2610,-3
18006,2621,0
18007,2622,-1
18008,2629,-1
18009,2621,0
18010,2610,-2
18011,2619,-2
18012,2604,0
18013,2598,0
18014,2603,-2
18015,2594,1
18016,2583,0
18017,2591,1
18018,2586,-1
18019,2605,1
18020,2608,1
18021,2618,-2
18022,2633,1
18023,2621,-2
18024,2609,1
18025,2610,-1
18026,2599,-1
18027,2607,1
18028,2595,1
18029,2597,0
18030,2609,0
18031,2608,-2
18032,2592,0
18033,2585,1
18034,2605,0
18035,2616,-1
18036,2618,-2
18037,2607,-1
18038,2619,-2
18039,2621,-1
18040,2612,0
18041,2604,1
18042,2596,1
18043,2611,1
18044,2606,-2
18045,2600,-1
18046,2605,0
18047,2603,1
18048,2595,1
18049,2590,0
18050,2601,-2
18051,2613,-1
18052,2610,0
18053,2623,-1
18054,2628,1
18055,2627,1
18056,2630,-2
18057,2596,1
18058,2593,-2
18059,2601,-2
18060,2599,-2
18061,2587,0
18062,2586,0
18063,2594,-1
18064,2593,-1
18065,2598,-4
18066,2615,-3
18067,2619,-2
18068,2632,0
18069,2627,-2
18070,2629,-1
18071,2623,1
18072,2604,-1
18073,2592,1
18074,2589,1
18075,2586,-1
18076,2583,1
18077,2579,2
18078,2599,-2
18079,2610,0
18080,2610,1
18081,2621,0
18082,2631,-1
18083,2638,1
18084,2642,1
18085,2621,-2
18086,2619,-2
18087,2599,1
18088,2576,0
18089,2571,3
18090,2573,-1
18091,2579,-1
18092,2589,-2
18093,2598,1
18094,2624,-2
18095,2631,0
18096,2633,1
18097,2627,1
18098,2633,0
18099,2624,-2
18100,2604,0
18101,2593,-2
18102,2595,-1
18103,2571,-1
18104,2577,-2
18105,2577,0
18106,2589,0
18107,2608,-1
18108,2617,-2
18109,2623,0
18110,2651,-1
18111,2631,-1
18112,2630,1
18113,2607,1
18114,2609,-3
18115,2601,-1
18116,2589,0
18117,2585,0
18118,2587,-2
18119,2581,0
18120,2583,-1
18121,2588,-2
18122,2606,-1
18123,2620,-1
18124,2629,1
18125,2634,0
18126,2633,0
18127,2623,-2
18128,2615,-2
18129,2596,-1
18130,2584,1
18131,2591,0
18132,2580,0
18133,2583,0
18134,2604,-3
18135,2601,-1
18136,2603,1
18137,2607,0
18138,2611,0
18139,2626,0
18140,2624,-1
18141,2618,-1
18142,2627,-1
18143,2624,0
18144,2606,0
18145,2589,-2
18146,2586,-2
18147,2598,-2
18148,2597,-2
18149,2595,-1
18150,2604,0
18151,2608,0
18152,2619,-2
18153,2612,1
18154,2613,0
18155,2624,-1
18156,2626,0
18157,2628,-1
18158,2628,2
18159,2613,-2
18160,2601,0
18161,2597,-2
18162,2592,-1
18163,2593,-2
18164,2592,1
18165,2602,-1
18166,2613,-1
18167,2618,-1
18168,2622,-1
18169,2617,-3
18170,2624,-2
18171,2629,1
18172,2630,-1
18173,2618,-1
18174,2605,-1
18175,2594,0
18176,2590,-1
18177,2584,1
18178,2590,-1
18179,2592,0
18180,2607,-1
18181,2610,-1
18182,2628,1
18183,2636,0
18184,2632,1
18185,2621,-1
18186,2629,-2
18187,2622,1
18188,2610,-1
18189,2602,1
18190,2600,-2
18191,2593,0
18192,2598,-1
18193,2588,-1
18194,2594,1
18195,2612,1
18196,2629,1
18197,2631,-2
18198,2654,-2
18199,2626,-1
18200,2625,-1
18201,2617,-2
18202,2608,0
18203,2604,-1
18204,2582,0
18205,2588,-1
18206,2604,-2
18207,2604,0
18208,2592,0
18209,2594,1
18210,2620,1
18211,2633,0
18212,2630,-2
18213,2633,-1
18214,2630,0
18215,2619,1
18216,2608,-1
18217,2594,-2
18218,2601,2
18219,2601,-1
18220,2594,-2
18221,2598,-2
18222,2616,-2
18223,2611,0
18224,2611,-2
18225,2613,1
18226,2625,1
18227,2628,-2
18228,2621,-2
18229,2606,-1
18230,2615,-2
18231,2617,1
18232,2606,0
18233,2592,0
18234,2586,0
18235,2607,1
18236,2605,1
18237,2604,0
18238,2621,0
18239,2624,0
18240,2611,-1
18241,2606,-2
18242,2617,-2
18243,2613,2
18244,2615,-1
18245,2607,-2
18246,2621,-2
18247,2607,1
18248,2612,0
18249,2593,-1
18250,2601,-2
18251,2602,-1
18252,2610,-1
18253,2601,1
18254,2612,-1
18255,2611,0
18256,2613,0
18257,2598,-2
18258,2604,-2
18259,2624,1
18260,2636,1
18261,2608,-2
18262,2628,2
18263,2613,-1
18264,2606,1
18265,2592,1
18266,2591,1
18267,2599,1
18268,2594,-1
18269,2603,1
18270,2619,1
18271,2621,1
18272,2616,-2
18273,2605,1
18274,2617,0
18275,2629,-1
18276,2624,0
18277,2599,-2
18278,2611,-2
18279,2609,0
18280,2590,1
18281,2581,-1
18282,2592,0
18283,2607,-2
18284,2617,-3
18285,2621,0
18286,2630,0
18287,2622,1
18288,2629,-1
18289,2619,-2
18290,2619,-2
18291,2606,-2
18292,2602,-1
18293,2601,-2
18294,2610,0
18295,2596,1
18296,2595,1
18297,2590,1
18298,2607,1
18299,2624,0
18300,2617,-3
18301,2627,-1
18302,2635,-2
18303,2629,1
18304,2615,-2
18305,2608,-1
18306,2598,0
18307,2598,-2
18308,2588,-1
18309,2590,0
18310,2616,-1
18311,2613,-1
18312,2601,-2
18313,2603,0
18314,2617,-2
18315,2624,1
18316,2616,0
18317,2619,0
18318,2629,0
18319,2627,0
18320,2607,-1
18321,2610,1
18322,2610,0
18323,2608,-1
18324,2606,0
18325,2606,0
18326,2613,1
18327,2610,2
18328,2610,-2
18329,2602,1
18330,2611,-1
18331,2617,0
18332,2621,-2
18333,2616,0
18334,2633,0
18335,2630,1
18336,2613,1
18337,2607,0
18338,2606,-1
18339,2610,-2
18340,2600,1
18341,2602,-2
18342,2601,-2
18343,2609,1
18344,2613,-2
18345,2607,1
18346,2620,-1
18347,2626,0
18348,2629,1
18349,2622,0
18350,2627,-2
18351,2620,-2
18352,2613,-2
18353,2599,0
18354,2584,-1
18355,2594,0
18356,2587,-1
18357,2594,0
18358,2619,1
18359,2615,-1
18360,2619,1
18361,2623,0
18362,2629,0
18363,2638,-2
18364,2624,0
18365,2619,0
18366,2636,1
18367,2600,0
18368,2595,0
18369,2589,1
18370,2578,-1
18371,2588,-1
18372,2604,-2
18373,2613,-1
18374,2630,-1
18375,2634,0
18376,2630,-2
18377,2628,0
18378,2630,-1
18379,2624,1
18380,2614,1
18381,2608,0
18382,2607,1
18383,2603,-2
18384,2592,-1
18385,2582,-1
18386,2596,0
18387,2618,-1
18388,2619,0
18389,2623,0
18390,2650,-3
18391,2642,-1
18392,2636,0
18393,2618,-2
18394,2614,1
18395,2610,0
18396,2589,0
18397,2586,1
18398,2607,-2
18399,2609,1
18400,2599,0
18401,2589,-1
18402,2610,-2
18403,2628,-2
18404,2629,-2
18405,2633,-2
18406,2642,0
18407,2641,-1
18408,2626,1
18409,2603,-2
18410,2605,-1
18411,2605,-1
18412,2607,1
18413,2595,-1
18414,2613,-1
18415,2608,0
18416,2611,-2
18417,2615,-2
18418,2625,1
18419,2626,0
18420,2628,1
18421,2636,-2
18422,2639,-2
18423,2619,-2
18424,2614,-1
18425,2599,0
18426,2600,0
18427,2606,-1
18428,2595,1
18429,2601,0
18430,2616,-1
18431,2610,-1
18432,2609,1
18433,2611,-2
18434,2624,0
18435,2630,-2
18436,2631,1
18437,2623,-1
18438,2631,-1
18439,2623,0
18440,2607,0
18441,2588,-2
18442,2604,0
18443,2598,1
18444,2601,-2
18445,2604,0
18446,2624,-2
18447,2624,-2
18448,2622,1
18449,2624,-1
18450,2633,-2
18451,2629,-2
18452,2642,-2
18453,2618,1
18454,2630,-2
18455,2604,-1
18456,2593,1
18457,2586,-1
18458,2585,1
18459,2592,0
18460,2596,-2
18461,2617,0
18462,2637,-2
18463,2639,-2
18464,2639,0
18465,2630,-1
18466,2627,-2
18467,2632,-1
18468,2618,-2
18469,2601,0
18470,2602,-1
18471,2586,-1
18472,2583,-2
18473,2585,1
18474,2598,1
18475,2616,-2
18476,2630,-1
18477,2637,1
18478,2648,0
18479,2636,-1
18480,2633,1
18481,2623,-1
18482,2607,-2
18483,2591,0
18484,2594,-2
18485,2590,-2
18486,2595,0
18487,2595,-1
18488,2601,0
18489,2606,0
18490,2627,0
18491,2636,-2
18492,2645,-1
18493,2632,0
18494,2652,1
18495,2634,1
18496,2622,0
18497,2601,-2
18498,2601,0
18499,2598,-1
18500,2592,-1
18501,2604,0
18502,2612,2
18503,2618,-1
18504,2623,-1
18505,2625,-1
18506,2629,-1
18507,2632,0
18508,2634,-1
18509,2627,-2
18510,2633,-1
18511,2619,0
18512,2615,0
18513,2594,-2
18514,2598,1
18515,2609,-1
18516,2613,1
18517,2601,-2
18518,2620,2
18519,2625,0
18520,2615,-1
18521,2609,-1
18522,2623,-1
18523,2627,-2
18524,2624,0
18525,2622,1
18526,2627,-2
18527,2628,-2
18528,2610,1
18529,2595,-2
18530,2602,-2
18531,2604,0
18532,2609,-2
18533,2607,1
18534,2618,0
18535,2619,-2
18536,2616,0
18537,2613,1
18538,2629,1
18539,2642,0
18540,2630,0
18541,2625,-1
18542,2627,-2
18543,2619,-1
18544,2605,1
18545,2595,-3
18546,2597,1
18547,2598,-2
18548,2605,-2
18549,2620,1
18550,2633,-2
18551,2631,1
18552,2639,-2
18553,2633,0
18554,2633,1
18555,2632,-2
18556,2619,1
18557,2605,1
18558,2607,-1
18559,2598,-2
18560,2594,1
18561,2586,-1
18562,2593,1
18563,2602,-1
18564,2619,-1
18565,2618,0
18566,2645,-2
18567,2635,-2
18568,2637,1
18569,2622,0
18570,2610,-2
18571,2612,-2
18572,2604,-2
18573,2596,-1
18574,2601,-2
18575,2600,-1
18576,2594,-1
18577,2599,-1
18578,2616,1
18579,2626,-1
18580,2643,0
18581,2647,0
18582,2642,-1
18583,2627,-2
18584,2628,-2
18585,2604,0
18586,2595,1
18587,2601,0
18588,2599,1
18589,2593,-1
18590,2608,-1
18591,2608,0
18592,2617,-2
18593,2616,-2
18594,2633,1
18595,2630,0
18596,2631,0
18597,2621,0
18598,2622,-1
18599,2616,-1
18600,2618,-2
18601,2592,0
18602,2595,-1
18603,2601,1
18604,2607,-2
18605,2607,-1
18606,2613,-2
18607,2626,-1
18608,2619,0
18609,2620,-2
18610,2626,-1
18611,2619,-2
18612,2630,0
18613,2613,0
18614,2626,1
18615,2610,0
18616,2604,1
18617,2589,-2
18618,2596,0
18619,2607,-1
18620,2610,-1
18621,2600,1
18622,2617,-2
18623,2619,1
18624,2625,1
18625,2621,1
18626,2625,-1
18627,2630,1
18628,2628,1
18629,2615,-1
18630,2621,0
18631,2616,1
18632,2608,0
18633,2592,1
18634,2592,-2
18635,2589,-2
18636,2592,-1
18637,2608,1
18638,2630,-1
18639,2619,-2
18640,2636,-2
18641,2624,-2
18642,2618,-2
18643,2637,0
18644,2619,-2
18645,2615,0
18646,2610,1
18647,2595,-2
18648,2591,1
18649,2585,-3
18650,2592,-2
18651,2604,2
18652,2609,0
18653,2624,0
18654,2642,1
18655,2642,1
18656,2637,-2
18657,2622,1
18658,2621,-1
18659,2619,-2
18660,2598,-2
18661,2599,-1
18662,2598,-1
18663,2610,-2
18664,2593,1
18665,2598,-2
18666,2616,-1
18667,2628,0
18668,2636,0
18669,2639,-2
18670,2653,1
18671,2636,-2
18672,2627,1
18673,2600,-2
18674,2609,-2
18675,2598,-2
18676,2597,1
18677,2598,-1
18678,2610,-2
18679,2608,-1
18680,2617,0
18681,2624,0
18682,2630,1
18683,2637,-1
18684,2638,-2
18685,2631,0
18686,2637,-1
18687,2614,1
18688,2609,0
18689,2599,0
18690,2594,0
18691,2598,-1
18692,2607,-2
18693,2607,1
18694,2619,0
18695,2626,-2
18696,2626,0
18697,2619,1
18698,2616,-1
18699,2622,0
18700,2621,0
18701,2613,0
18702,2616,-2
18703,2619,-2
18704,2606,-1
18705,2598,-3
18706,2608,1
18707,2616,1
18708,2619,-2
18709,2614,1
18710,2624,1
18711,2621,-1
18712,2625,-1
18713,2609,-1
18714,2617,0
18715,2622,-1
18716,2619,-1
18717,2618,-3
18718,2624,1
18719,2632,-2
18720,2616,0
18721,2600,-1
18722,2615,1
18723,2611,0
18724,2605,1
18725,2605,0
18726,2618,1
18727,2621,-1
18728,2614,-2
18729,2610,1
18730,2621,-2
18731,2627,-1
18732,2622,0
18733,2614,-2
18734,2627,-1
18735,2616,1
18736,2609,-2
18737,2592,0
18738,2595,-2
18739,2610,1
18740,2613,-2
18741,2613,-2
18742,2633,0
18743,2630,0
18744,2624,1
18745,2624,-2
18746,2628,0
18747,2636,2
18748,2620,-1
18749,2619,1
18750,2621,0
18751,2612,-1
18752,2597,-1
18753,2589,-1
18754,2604,-2
18755,2619,-1
18756,2625,-2
18757,2625,-1
18758,2640,1
18759,2636,-1
18760,2643,-1
18761,2615,1
18762,2619,-2
18763,2607,0
18764,2607,-2
18765,2608,0
18766,2609,-2
18767,2609,-1
18768,2600,-2
18769,2607,1
18770,2614,-2
18771,2630,1
18772,2631,0
18773,2627,-2
18774,2646,-2
18775,2634,1
18776,2624,-1
18777,2604,1
18778,2607,-2
18779,2607,0
18780,2601,-2
18781,2611,0
18782,2619,-2
18783,2613,0
18784,2613,0
18785,2614,-1
18786,2624,-2
18787,2621,0
18788,2621,-1
18789,2630,1
18790,2629,-2
18791,2624,-1
18792,2612,-1
18793,2601,-2
18794,2615,0
18795,2610,-3
18796,2601,-2
18797,2604,-1
18798,2610,-1
18799,2618,-1
18800,2616,1
18801,2610,1
18802,2618,-1
18803,2628,-1
18804,2620,-2
18805,2634,-2
18806,2633,-1
18807,2625,-2
18808,2624,1
18809,2605,-1
18810,2607,-3
18811,2594,1
18812,2592,-2
18813,2595,0
18814,2609,1
18815,2611,-2
18816,2625,-1
18817,2618,0
18818,2627,1
18819,2652,-2
18820,2651,-2
18821,2636,0
18822,2629,1
18823,2616,-2
18824,2606,1
18825,2593,1
18826,2585,0
18827,2592,-2
18828,2596,-1
18829,2604,-3
18830,2633,1
18831,2639,1
18832,2650,0
18833,2638,1
18834,2641,1
18835,2636,-2
18836,2624,-1
18837,2604,0
18838,2612,-2
18839,2601,1
18840,2589,-1
18841,2583,0
18842,2592,-2
18843,2613,1
18844,2628,0
18845,2630,1
18846,2646,-1
18847,2650,0
18848,2644,1
18849,2628,-1
18850,2625,-1
18851,2614,-1
18852,2595,-1
18853,2592,-1
18854,2594,2
18855,2596,-1
18856,2595,-1
18857,2602,-1
18858,2623,0
18859,2642,1
18860,2644,1
18861,2646,-2
18862,2655,-2
18863,2647,1
18864,2630,1
18865,2607,0
18866,2604,0
18867,2600,0
18868,2589,-2
18869,2593,1
18870,2603,0
18871,2604,0
18872,2615,-2
18873,2621,1
18874,2646,0
18875,2645,-3
18876,2642,-1
18877,2631,1
18878,2645,0
18879,2633,1
18880,2612,-2
18881,2591,1
18882,2603,1
18883,2598,0
18884,2590,1
18885,2610,0
18886,2624,-2
18887,2630,0
18888,2631,0
18889,2632,-1
18890,2630,-1
18891,2645,0
18892,2639,-1
18893,2628,-2
18894,2627,0
18895,2612,-2
18896,2595,-2
18897,2592,-1
18898,2595,0
18899,2613,0
18900,2613,-2
18901,2624,0
18902,2631,-1
18903,2639,-1
18904,2639,-1
18905,2631,0
18906,2627,-1
18907,2636,-2
18908,2624,0
18909,2624,-2
18910,2614,-2
18911,2615,-2
18912,2608,0
18913,2602,0
18914,2601,-1
18915,2610,1
18916,2612,-2
18917,2622,1
18918,2646,-1
18919,2639,-1
18920,2639,-1
18921,2645,-1
18922,2636,1
18923,2621,1
18924,2618,0
18925,2604,0
18926,2616,-1
18927,2605,1
18928,2602,-1
18929,2590,0
18930,2607,0
18931,2622,0
18932,2629,-1
18933,2638,0
18934,2648,-1
18935,2647,0
18936,2644,-1
18937,2621,1
18938,2613,-2
18939,2610,1
18940,2596,-2
18941,2593,0
18942,2590,-2
18943,2599,1
18944,2605,-2
18945,2610,-2
18946,2627,1
18947,2647,-2
18948,2653,-3
18949,2646,-1
18950,2641,0
18951,2637,1
18952,2618,-2
18953,2600,1
18954,2598,-2
18955,2600,-2
18956,2604,0
18957,2601,1
18958,2621,1
18959,2624,-2
18960,2627,-1
18961,2625,0
18962,2643,1
18963,2636,-1
18964,2635,-1
18965,2633,0
18966,2628,-1
18967,2622,-2
18968,2602,0
18969,2594,-1
18970,2591,-1
18971,2615,-2
18972,2610,0
18973,2626,-2
18974,2635,1
18975,2639,-2
18976,2636,-2
18977,2624,-1
18978,2637,0
18979,2624,0
18980,2620,-2
18981,2620,-1
18982,2627,-1
18983,2614,3
18984,2617,-2
18985,2606,-1
18986,2615,-2
18987,2624,1
18988,2616,0
18989,2621,0
18990,2639,1
18991,2637,1
18992,2626,0
18993,2619,-1
18994,2617,1
18995,2622,-3
18996,2619,-2
18997,2618,-2
18998,2627,-2
18999,2623,1
19000,2615,-1
19001,2605,1
19002,2614,-2
19003,2619,-2
19004,2617,-1
19005,2612,-2
19006,2628,0
19007,2627,1
19008,2628,0
19009,2624,0
19010,2628,-2
19011,2633,1
19012,2633,0
19013,2619,-1
19014,2626,1
19015,2619,1
19016,2609,-1
19017,2599,-1
19018,2607,1
19019,2615,0
19020,2620,1
19021,2627,1
19022,2642,1
19023,2635,0
19024,2643,-1
19025,2630,2
19026,2632,-1
19027,2625,0
19028,2621,0
19029,2613,-1
19030,2615,-2
19031,2616,-2
19032,2616,1
19033,2598,-1
19034,2619,-1
19035,2633,1
19036,2641,-1
19037,2635,-1
19038,2648,-2
19039,2639,0
19040,2645,-3
19041,2617,-1
19042,2613,0
19043,2610,-2
19044,2615,-2
19045,2607,-2
19046,2614,-2
19047,2616,-1
19048,2609,-1
19049,2622,0
19050,2635,-1
19051,2646,0
19052,2644,1
19053,2633,-1
19054,2640,1
19055,2633,0
19056,2615,-2
19057,2607,-1
19058,2601,-2
19059,2612,-2
19060,2613,-2
19061,2604,1
19062,2625,0
19063,2628,-1
19064,2629,2
19065,2623,-2
19066,2630,-1
19067,2634,-1
19068,2637,-1
19069,2627,0
19070,2636,1
19071,2630,-1
19072,2606,-1
19073,2605,1
19074,2613,1
19075,2622,-1
19076,2611,1
19077,2611,1
19078,2630,-1
19079,2627,-2
19080,2624,-2
19081,2616,0
19082,2629,-1
19083,2632,1
19084,2627,0
19085,2630,-2
19086,2632,-1
19087,2627,2
19088,2617,0
19089,2601,0
19090,2603,-2
19091,2606,1
19092,2604,0
19093,2607,0
19094,2623,1
19095,2629,0
19096,2628,1
19097,2622,0
19098,2632,0
19099,2646,-1
19100,2637,-2
19101,2622,-1
19102,2627,0
19103,2612,-2
19104,2601,-1
19105,2597,1
19106,2601,-1
19107,2602,-2
19108,2617,-2
19109,2622,0
19110,2644,-2
19111,2648,-1
19112,2639,0
19113,2639,0
19114,2636,-2
19115,2632,1
19116,2633,-1
19117,2616,-1
19118,2610,1
19119,2607,-2
19120,2595,-2
19121,2587,-1
19122,2606,1
19123,2621,-2
19124,2631,-2
19125,2646,-2
19126,2658,-2
19127,2651,1
19128,2648,-1
19129,2626,1
19130,2619,1
19131,2616,-2
19132,2599,0
19133,2591,-2
19134,2604,0
19135,2600,1
19136,2611,-2
19137,2616,1
19138,2633,1
19139,2642,-2
19140,2652,1
19141,2651,-2
19142,2654,-2
19143,2639,-1
19144,2626,-1
19145,2598,0
19146,2601,2
19147,2598,1
19148,2594,0
19149,2597,-3
19150,2616,-2
19151,2622,1
19152,2627,1
19153,2624,1
19154,2637,-1
19155,2642,0
19156,2642,0
19157,2633,0
19158,2635,-2
19159,2616,-2
19160,2605,-1
19161,2594,0
19162,2612,1
19163,2616,-1
19164,2616,0
19165,2620,-1
19166,2630,-1
19167,2645,0
19168,2633,-1
19169,2629,1
19170,2630,0
19171,2636,-1
19172,2632,-4
19173,2628,-2
19174,2627,-1
19175,2616,-2
19176,2610,-2
19177,2606,-2
19178,2611,-2
19179,2615,1
19180,2623,-2
19181,2618,0
19182,2637,0
19183,2638,-1
19184,2635,0
19185,2630,-1
19186,2633,-1
19187,2634,-1
19188,2632,-1
19189,2629,-4
19190,2616,0
19191,2617,-2
19192,2609,-2
19193,2604,-2
19194,2613,0
19195,2617,-2
19196,2621,0
19197,2619,-1
19198,2648,-2
19199,2641,1
19200,2641,-3
19201,2630,-1
19202,2638,-2
19203,2643,0
19204,2620,1
19205,2611,-2
19206,2614,-2
19207,2611,1
19208,2601,0
19209,2606,0
19210,2615,1
19211,2624,1
19212,2636,0
19213,2645,1
19214,2657,-2
19215,2646,1
19216,2639,-1
19217,2630,-1
19218,2619,0
19219,2616,-1
19220,2607,-2
19221,2598,-1
19222,2607,-1
19223,2619,0
19224,2615,2
19225,2614,-1
19226,2624,-1
19227,2648,1
19228,2651,-2
19229,2642,-1
19230,2639,-1
19231,2650,-2
19232,2630,-1
19233,2604,1
19234,2601,1
19235,2607,1
19236,2603,1
19237,2603,0
19238,2618,1
19239,2628,0
19240,2621,-1
19241,2629,0
19242,2639,1
19243,2646,1
19244,2636,-2
19245,2634,0
19246,2635,0
19247,2622,0
19248,2611,0
19249,2598,0
19250,2601,1
19251,2611,0
19252,2616,0
19253,2619,-1
19254,2635,-1
19255,2648,-1
19256,2637,-1
19257,2627,0
19258,2629,-2
19259,2629,-1
19260,2627,0
19261,2626,0
19262,2633,0
19263,2619,-2
19264,2613,1
19265,2610,-2
19266,2624,0
19267,2618,-2
19268,2627,0
19269,2621,-1
19270,2639,-1
19271,2641,0
19272,2628,-1
19273,2624,0
19274,2624,-2
19275,2628,-2
19276,2621,-1
19277,2626,0
19278,2634,1
19279,2630,1
19280,2613,2
19281,2608,0
19282,2617,-1
19283,2616,-1
19284,2623,-2
19285,2621,1
19286,2638,-3
19287,2639,-2
19288,2632,-2
19289,2626,1
19290,2646,-2
19291,2639,0
19292,2630,0
19293,2617,-1
19294,2633,0
19295,2626,-1
19296,2615,-2
19297,2603,-1
19298,2611,0
19299,2621,-2
19300,2622,-1
19301,2623,0
19302,2639,1
19303,2654,-1
19304,2650,1
19305,2638,-2
19306,2638,1
19307,2630,-1
19308,2618,-1
19309,2614,1
19310,2624,-1
19311,2619,1
19312,2605,-1
19313,2601,1
19314,2616,1
19315,2633,-2
19316,2633,1
19317,2640,-1
19318,2651,0
19319,2652,0
19320,2648,-2
19321,2614,1
19322,2620,-2
19323,2610,0
19324,2617,1
19325,2613,-2
19326,2616,1
19327,2614,-2
19328,2619,-1
19329,2628,-2
19330,2636,0
19331,2646,1
19332,2639,0
19333,2648,-1
19334,2645,-2
19335,2637,1
19336,2619,1
19337,2601,0
19338,2613,-2
19339,2602,-2
19340,2601,-1
19341,2604,1
19342,2628,-1
19343,2632,0
19344,2629,-1
19345,2631,-1
19346,2642,-2
19347,2648,0
19348,2634,0
19349,2633,1
19350,2640,-2
19351,2630,1
19352,2621,1
19353,2603,1
19354,2604,0
19355,2610,1
19356,2611,0
19357,2617,-2
19358,2639,1
19359,2638,-1
19360,2627,0
19361,2633,-1
19362,2637,1
19363,2642,0
19364,2636,-2
19365,2635,-1
19366,2636,0
19367,2626,-1
19368,2613,-4
19369,2598,1
19370,2608,-2
19371,2614,0
19372,2613,1
19373,2623,0
19374,2636,-2
19375,2639,-1
19376,2646,-3
19377,2637,-2
19378,2641,0
19379,2644,1
19380,2640,0
19381,2622,-1
19382,2624,0
19383,2624,1
19384,2604,1
19385,2586,-1
19386,2603,1
19387,2611,0
19388,2626,0
19389,2644,-1
19390,2636,-2
19391,2661,1
19392,2659,-1
19393,2629,0
19394,2637,-1
19395,2632,1
19396,2622,-1
19397,2610,-1
19398,2597,2
19399,2601,0
19400,2594,-2
19401,2602,-1
19402,2623,-1
19403,2642,0
19404,2645,1
19405,2656,-1
19406,2664,0
19407,2669,-1
19408,2652,-2
19409,2621,-1
19410,2607,-1
19411,2603,-1
19412,2592,1
19413,2598,-1
19414,2604,-1
19415,2610,0
19416,2630,0
19417,2625,0
19418,2651,-1
19419,2656,-1
19420,2660,-2
19421,2645,0
19422,2654,-1
19423,2638,-2
19424,2618,-2
19425,2596,1
19426,2597,-1
19427,2593,-1
19428,2601,1
19429,2606,-1
19430,2621,0
19431,2642,-2
19432,2657,-1
19433,2639,-2
19434,2649,-1
19435,2658,0
19436,2642,0
19437,2638,0
19438,2631,0
19439,2625,0
19440,2599,1
19441,2596,-1
19442,2601,1
19443,2614,-1
19444,2621,-1
19445,2633,-2
19446,2645,-2
19447,2657,1
19448,2648,-1
19449,2631,1
19450,2639,-1
19451,2637,1
19452,2619,0
19453,2611,-1
19454,2617,1
19455,2612,-1
19456,2610,0
19457,2608,1
19458,2619,0
19459,2626,1
19460,2639,0
19461,2645,1
19462,2654,0
19463,2650,-2
19464,2635,0
19465,2618,-1
19466,2621,-1
19467,2628,1
19468,2619,0
19469,2616,1
19470,2616,-1
19471,2624,-2
19472,2624,1
19473,2617,-2
19474,2625,0
19475,2630,-2
19476,2640,0
19477,2636,0
19478,2639,0
19479,2642,-2
19480,2633,1
19481,2629,0
19482,2621,-3
19483,2621,-1
19484,2615,1
19485,2614,-3
19486,2622,1
19487,2633,-1
19488,2619,-2
19489,2610,0
19490,2630,1
19491,2638,-1
19492,2639,-1
19493,2642,1
19494,2644,1
19495,2649,-2
19496,2644,-1
19497,2610,0
19498,2621,0
19499,2602,-2
19500,2611,-2
19501,2616,-2
19502,2621,-1
19503,2631,-2
19504,2632,0
19505,2626,0
19506,2638,-1
19507,2652,-2
19508,2641,-3
19509,2635,0
19510,2639,-2
19511,2639,1
19512,2623,-2
19513,2607,-1
19514,2601,-1
19515,2614,1
19516,2613,0
19517,2611,0
19518,2634,-1
19519,2654,-2
19520,2639,0
19521,2637,0
19522,2630,-1
19523,2642,1
19524,2639,0
19525,2616,-2
19526,2629,-1
19527,2633,-1
19528,2614,0
19529,2602,0
19530,2616,0
19531,2630,1
19532,2626,0
19533,2632,0
19534,2641,-2
19535,2649,1
19536,2644,-2
19537,2626,-2
19538,2629,0
19539,2627,-1
19540,2632,-1
19541,2631,1
19542,2625,-1
19543,2638,0
19544,2626,-5
19545,2625,-1
19546,2624,-2
19547,2635,-1
19548,2629,-2
19549,2628,-1
19550,2627,-1
19551,2644,-2
19552,2625,-2
19553,2613,-1
19554,2627,0
19555,2633,1
19556,2632,0
19557,2629,0
19558,2636,1
19559,2646,-2
19560,2632,-1
19561,2631,0
19562,2620,0
19563,2619,1
19564,2625,-1
19565,2622,-1
19566,2638,1
19567,2637,0
19568,2633,0
19569,2635,-1
19570,2636,-1
19571,2642,-2
19572,2638,1
19573,2630,0
19574,2627,-2
19575,2633,0
19576,2613,-1
19577,2598,-2
19578,2610,-1
19579,2613,-2
19580,2620,-1
19581,2623,-1
19582,2645,-2
19583,2660,2
19584,2660,-2
19585,2641,1
19586,2637,-1
19587,2635,-2
19588,2624,-2
19589,2615,-1
19590,2611,-2
19591,2620,-1
19592,2610,1
19593,2610,0
19594,2628,0
19595,2635,1
19596,2642,1
19597,2647,1
19598,2651,-2
19599,2666,0
19600,2648,0
19601,2625,0
19602,2620,1
19603,2622,-1
19604,2608,0
19605,2604,-2
19606,2597,1
19607,2617,1
19608,2632,0
19609,2633,0
19610,2642,-2
19611,2660,-1
19612,2660,1
19613,2656,1
19614,2648,-2
19615,2642,1
19616,2632,0
19617,2603,-2
19618,2611,-2
19619,2616,-1
19620,2605,0
19621,2614,0
19622,2625,1
19623,2642,1
19624,2640,-1
19625,2637,0
19626,2648,0
19627,2652,0
19628,2651,-1
19629,2629,-1
19630,2633,0
19631,2629,0
19632,2615,-1
19633,2604,-1
19634,2610,1
19635,2611,1
19636,2613,1
19637,2627,-2
19638,2646,0
19639,2656,-1
19640,2646,0
19641,2642,-1
19642,2637,-2
19643,2646,-1
19644,2637,-2
19645,2631,-2
19646,2624,0
19647,2625,-1
19648,2610,-2
19649,2604,0
19650,2612,1
19651,2618,-2
19652,2624,-2
19653,2631,-2
19654,2646,1
19655,2657,-1
19656,2648,-1
19657,2639,1
19658,2641,1
19659,2637,0
19660,2627,0
19661,2617,-1
19662,2617,1
19663,2622,1
19664,2605,-2
19665,2604,-2
19666,2610,0
19667,2630,-3
19668,2636,-2
19669,2645,-2
19670,2662,0
19671,2667,-1
19672,2661,0
19673,2645,-2
19674,2628,0
19675,2623,1
19676,2616,-2
19677,2607,-2
19678,2612,1
19679,2611,-2
19680,2618,1
19681,2615,-2
19682,2619,1
19683,2646,-1
19684,2660,-2
19685,2660,-1
19686,2663,-1
19687,2666,-2
19688,2642,-2
19689,2622,-2
19690,2607,0
19691,2602,-2
19692,2603,1
19693,2606,-2
19694,2616,-2
19695,2626,-1
19696,2645,0
19697,2644,-2
19698,2653,1
19699,2671,-1
19700,2665,1
19701,2662,1
19702,2645,-1
19703,2641,0
19704,2618,-1
19705,2604,1
19706,2600,0
19707,2606,-2
19708,2610,-2
19709,2610,-2
19710,2639,-1
19711,2654,-1
19712,2658,1
19713,2647,-1
19714,2650,-1
19715,2645,-2
19716,2643,0
19717,2641,1
19718,2623,-2
19719,2624,-2
19720,2604,1
19721,2605,1
19722,2621,1
19723,2624,0
19724,2624,0
19725,2646,-1
19726,2657,-1
19727,2672,1
19728,2666,0
19729,2644,-1
19730,2644,2
19731,2640,0
19732,2627,-1
19733,2628,-2
19734,2619,1
19735,2618,-1
19736,2630,0
19737,2616,0
19738,2617,-1
19739,2638,0
19740,2636,-2
19741,2645,1
19742,2648,-1
19743,2658,-1
19744,2641,1
19745,2630,-1
19746,2634,-2
19747,2636,-1
19748,2627,1
19749,2621,1
19750,2626,0
19751,2630,1
19752,2630,-2
19753,2622,-2
19754,2626,0
19755,2645,1
19756,2643,0
19757,2649,1
19758,2648,-2
19759,2658,-1
19760,2644,-2
19761,2624,-1
19762,2628,-1
19763,2630,1
19764,2623,0
19765,2625,1
19766,2625,-2
19767,2622,-1
19768,2622,-1
19769,2624,0
19770,2633,0
19771,2646,0
19772,2642,0
19773,2657,0
19774,2646,1
19775,2658,0
19776,2650,-2
19777,2630,1
19778,2627,1
19779,2627,1
19780,2619,-2
19781,2616,-1
19782,2631,0
19783,2639,-1
19784,2633,0
19785,2639,1
19786,2648,-1
19787,2659,0
19788,2647,-2
19789,2646,-2
19790,2654,0
19791,2655,-1
19792,2633,0
19793,2616,-2
19794,2611,-1
19795,2613,-1
19796,2621,1
19797,2622,-1
19798,2636,1
19799,2657,1
19800,2651,0
19801,2639,0
19802,2651,-2
19803,2656,-2
19804,2647,-2
19805,2638,-1
19806,2633,1
19807,2643,1
19808,2623,0
19809,2611,0
19810,2613,-2
19811,2632,-1
19812,2632,-2
19813,2636,-1
19814,2660,-1
19815,2663,-1
19816,2656,-2
19817,2654,-1
19818,2642,0
19819,2645,-2
19820,2647,-1
19821,2636,-1
19822,2630,-1
19823,2631,1
19824,2633,-1
19825,2621,-1
19826,2639,1
19827,2633,1
19828,2650,0
19829,2643,-1
19830,2656,0
19831,2659,1
19832,2640,-2
19833,2630,0
19834,2643,-1
19835,2637,0
19836,2636,-2
19837,2627,-1
19838,2639,-2
19839,2642,0
19840,2632,-2
19841,2624,-2
19842,2628,1
19843,2633,-2
19844,2640,-2
19845,2636,-2
19846,2648,0
19847,2665,-1
19848,2646,1
19849,2642,0
19850,2641,-2
19851,2636,0
19852,2641,-2
19853,2634,-1
19854,2628,0
19855,2640,-3
19856,2622,0
19857,2615,0
19858,2635,-2
19859,2643,-1
19860,2639,-2
19861,2652,-1
19862,2658,-1
19863,2678,1
19864,2647,0
19865,2639,-2
19866,2636,0
19867,2633,-1
19868,2626,-1
19869,2619,1
19870,2621,1
19871,2630,-1
19872,2623,1
19873,2624,1
19874,2645,0
19875,2658,-1
19876,2656,-2
19877,2657,-2
19878,2651,-2
19879,2651,1
19880,2636,-2
19881,2626,-1
19882,2613,0
19883,2624,-1
19884,2624,-2
19885,2618,0
19886,2630,1
19887,2643,-2
19888,2649,-1
19889,2645,-2
19890,2655,0
19891,2659,1
19892,2663,0
19893,2651,1
19894,2651,-1
19895,2640,0
19896,2624,0
19897,2620,1
19898,2612,-2
19899,2624,-2
19900,2634,1
19901,2630,1
19902,2643,-2
19903,2669,1
19904,2657,0
19905,2654,-1
19906,2655,1
19907,2653,-2
19908,2639,-2
19909,2636,-1
19910,2628,-1
19911,2636,1
19912,2626,-1
19913,2619,3
19914,2625,-1
19915,2633,1
19916,2639,-2
19917,2651,-2
19918,2658,-1
19919,2659,0
19920,2647,-1
19921,2643,1
19922,2647,0
19923,2641,0
19924,2639,0
19925,2630,-1
19926,2637,-1
19927,2647,-3
19928,2633,1
19929,2621,-1
19930,2625,-2
19931,2631,1
19932,2644,0
19933,2650,-1
19934,2651,0
19935,2656,-1
19936,2643,-1
19937,2638,0
19938,2645,-2
19939,2646,-1
19940,2637,-2
19941,2637,-1
19942,2637,-1
19943,2642,-2
19944,2635,-2
19945,2622,-1
19946,2629,1
19947,2645,0
19948,2644,1
19949,2652,1
19950,2660,1
19951,2676,-2
19952,2659,0
19953,2651,-2
19954,2638,1
19955,2643,-2
19956,2632,-1
19957,2631,1
19958,2625,0
19959,2635,1
19960,2629,-1
19961,2629,1
19962,2645,0
19963,2652,0
19964,2660,-1
19965,2663,2
19966,2670,0
19967,2673,1
19968,2656,-1
19969,2629,-2
19970,2624,-1
19971,2623,-2
19972,2624,2
19973,2632,0
19974,2628,-1
19975,2651,-2
19976,2647,0
19977,2650,0
19978,2651,1
19979,2669,1
19980,2666,1
19981,2663,-2
19982,2652,0
19983,2655,1
19984,2629,0
19985,2623,0
19986,2613,0
19987,2627,0
19988,2627,-2
19989,2637,0
19990,2651,-2
19991,2669,-1
19992,2662,-1
19993,2656,-1
19994,2654,-1
19995,2654,-2
19996,2654,0
19997,2645,-1
19998,2637,1
19999,2636,-2
20000,2624,1
20001,2611,1
20002,2625,-1
20003,2631,-2
20004,2635,-2
20005,2651,0
20006,2649,0
20007,2670,-1
20008,2655,-1
20009,2645,-1
20010,2638,0
20011,2651,1
20012,2638,-1
20013,2631,1
20014,2631,0
20015,2641,0
20016,2621,1
20017,2624,0
20018,2626,0
20019,2639,-2
20020,2650,0
20021,2648,-2
20022,2646,-2
20023,2659,-1
20024,2644,-2
20025,2655,-1
20026,2642,-1
20027,2638,-2
20028,2639,0
20029,2632,1
20030,2633,0
20031,2642,1
20032,2625,-2
20033,2634,-2
20034,2641,0
20035,2640,1
20036,2643,-1
20037,2652,-1
20038,2658,0
20039,2669,-2
20040,2655,-2
20041,2647,-2
20042,2633,0
20043,2645,1
20044,2636,-2
20045,2639,0
20046,2628,0
20047,2633,-2
20048,2624,1
20049,2625,0
20050,2639,0
20051,2654,-2
20052,2656,0
20053,2660,-2
20054,2657,0
20055,2679,-2
20056,2654,0
20057,2642,-1
20058,2631,1
20059,2626,0
20060,2624,1
20061,2626,-1
20062,2621,-1
20063,2638,-2
20064,2638,-2
20065,2648,0
20066,2657,0
20067,2669,-1
20068,2666,1
20069,2666,-1
20070,2665,1
20071,2660,-1
20072,2633,2
20073,2627,-1
20074,2617,-2
20075,2616,-2
20076,2616,-1
20077,2630,-2
20078,2642,0
20079,2660,1
20080,2654,0
20081,2664,-3
20082,2659,-1
20083,2666,-2
20084,2659,0
20085,2654,0
20086,2645,1
20087,2636,-1
20088,2619,2
20089,2623,-1
20090,2625,0
20091,2633,-2
20092,2640,-2
20093,2652,-2
20094,2660,-2
20095,2679,1
20096,2669,-2
20097,2663,-2
20098,2651,1
20099,2654,-2
20100,2648,-1
20101,2637,-2
20102,2628,-3
20103,2641,0
20104,2626,2
20105,2625,1
20106,2630,1
20107,2642,-2
20108,2651,0
20109,2653,-2
20110,2665,-1
20111,2660,1
20112,2657,0
20113,2655,-2
20114,2646,-2
20115,2650,-1
20116,2643,-2
20117,2634,-1
20118,2639,-2
20119,2646,1
20120,2636,-3
20121,2636,1
20122,2636,-2
20123,2643,-2
20124,2645,-1
20125,2656,1
20126,2663,-1
20127,2667,0
20128,2656,1
20129,2651,-2
20130,2642,-2
20131,2647,-1
20132,2634,-1
20133,2631,1
20134,2625,0
20135,2639,1
20136,2630,-2
20137,2628,0
20138,2643,-3
20139,2652,-2
20140,2657,-1
20141,2661,0
20142,2663,-1
20143,2671,-4
20144,2657,-2
20145,2641,-1
20146,2634,-2
20147,2637,-2
20148,2612,-1
20149,2614,1
20150,2621,0
20151,2640,0
20152,2637,2
20153,2642,-2
20154,2657,1
20155,2669,1
20156,2675,0
20157,2660,-1
20158,2666,-2
20159,2665,0
20160,2633,0
20161,2620,1
20162,2607,-1
20163,2615,-1
20164,2613,-1
20165,2620,0
20166,2644,-1
20167,2655,0
20168,2657,-1
20169,2660,1
20170,2658,0
20171,2669,-2
20172,2663,-1
20173,2651,0
20174,2638,0
20175,2632,-2
20176,2624,1
20177,2614,-1
20178,2610,-2
20179,2620,-1
20180,2626,-2
20181,2651,-1
20182,2658,-1
20183,2677,-2
20184,2669,1
20185,2666,1
20186,2657,-2
20187,2656,0
20188,2641,-1
20189,2625,-2
20190,2623,0
20191,2625,-1
20192,2620,1
20193,2615,-1
20194,2630,-2
20195,2647,-1
20196,2647,-2
20197,2662,0
20198,2655,-1
20199,2669,-2
20200,2666,-2
20201,2640,-1
20202,2639,1
20203,2644,-2
20204,2632,-1
20205,2629,-2
20206,2629,0
20207,2645,-1
20208,2645,-2
20209,2638,1
20210,2634,-2
20211,2657,-1
20212,2661,0
20213,2663,-1
20214,2659,0
20215,2669,1
20216,2649,0
20217,2644,-1
20218,2636,0
20219,2629,-2
20220,2633,-2
20221,2624,0
20222,2633,-2
20223,2651,-1
20224,2635,-2
20225,2638,1
20226,2656,-1
20227,2653,1
20228,2653,1
20229,2658,-2
20230,2655,-2
20231,2660,0
20232,2651,1
20233,2637,-2
20234,2643,-2
20235,2634,0
20236,2636,-2
20237,2639,1
20238,2641,-1
20239,2647,0
20240,2644,-2
20241,2649,-2
20242,2645,-2
20243,2661,0
20244,2661,0
20245,2663,2
20246,2659,0
20247,2654,-1
20248,2633,-2
20249,2621,-1
20250,2625,-1
20251,2632,0
20252,2636,-1
20253,2633,-1
20254,2649,-2
20255,2651,0
20256,2652,-1
20257,2657,0
20258,2655,-2
20259,2654,-1
20260,2660,1
20261,2658,0
20262,2648,-2
20263,2647,-1
20264,2635,-2
20265,2627,1
20266,2623,-2
20267,2644,1
20268,2636,0
20269,2649,1
20270,2654,-4
20271,2669,-2
20272,2665,1
20273,2654,-1
20274,2654,-1
20275,2651,-1
20276,2646,-1
20277,2639,-3
20278,2633,-1
20279,2639,-1
20280,2636,-2
20281,2629,-1
20282,2629,-1
20283,2640,-1
20284,2654,-1
20285,2651,-1
20286,2654,-2
20287,2671,-2
20288,2651,-1
20289,2644,0
20290,2642,0
20291,2634,-1
20292,2644,-2
20293,2635,1
20294,2642,1
20295,2654,-2
20296,2644,1
20297,2644,1
20298,2646,-2
20299,2652,1
20300,2653,0
20301,2651,0
20302,2645,1
20303,2646,1
20304,2648,1
20305,2643,-2
20306,2639,1
20307,2645,-2
20308,2649,0
20309,2648,-1
20310,2641,0
20311,2660,-2
20312,2639,1
20313,2638,1
20314,2633,0
20315,2648,1
20316,2645,0
20317,2639,0
20318,2660,-2
20319,2655,-1
20320,2656,1
20321,2654,-2
20322,2640,-2
20323,2648,-2
20324,2647,0
20325,2638,-1
20326,2629,-1
20327,2633,1
20328,2637,-2
20329,2633,-2
20330,2641,-1
20331,2644,0
20332,2652,-2
20333,2664,-1
20334,2668,-1
20335,2672,-1
20336,2666,-1
20337,2642,-2
20338,2639,0
20339,2627,1
20340,2627,-1
20341,2616,-2
20342,2621,-2
20343,2645,0
20344,2647,-1
20345,2642,-2
20346,2660,0
20347,2669,-1
20348,2672,-1
20349,2668,-1
20350,2664,-1
20351,2665,0
20352,2645,0
20353,2636,1
20354,2618,0
20355,2626,-1
20356,2620,0
20357,2626,-3
20358,2649,-1
20359,2663,-2
20360,2657,-2
20361,2654,1
20362,2663,1
20363,2664,-1
20364,2661,0
20365,2652,0
20366,2645,1
20367,2641,1
20368,2622,0
20369,2620,1
20370,2623,-3
20371,2630,-1
20372,2640,0
20373,2645,-1
20374,2670,-1
20375,2667,-2
20376,2682,0
20377,2660,-1
20378,2663,1
20379,2656,-2
20380,2644,1
20381,2642,-2
20382,2628,0
20383,2630,0
20384,2621,-2
20385,2633,1
20386,2632,-1
20387,2644,-2
20388,2657,-1
20389,2655,0
20390,2662,-2
20391,2670,1
20392,2659,-2
20393,2660,1
20394,2648,-1
20395,2653,-1
20396,2633,1
20397,2637,-1
20398,2628,1
20399,2645,-2
20400,2639,1
20401,2627,-1
20402,2642,1
20403,2644,1
20404,2654,1
20405,2662,-2
20406,2660,-2
20407,2660,0
20408,2674,-1
20409,2648,0
20410,2640,-2
20411,2647,-1
20412,2628,-1
20413,2627,0
20414,2636,-1
20415,2633,-2
20416,2633,0
20417,2636,-1
20418,2648,0
20419,2660,-2
20420,2666,0
20421,2658,-1
20422,2671,-2
20423,2678,0
20424,2649,2
20425,2639,-2
20426,2628,1
20427,2620,0
20428,2624,-2
20429,2622,0
20430,2631,-2
20431,2641,2
20432,2651,0
20433,2657,-1
20434,2660,-1
20435,2672,-2
20436,2675,0
20437,2677,1
20438,2660,-2
20439,2654,-1
20440,2643,-1
20441,2612,-2
20442,2613,-2
20443,2619,-1
20444,2617,-2
20445,2626,1
20446,2650,-2
20447,2663,-1
20448,2663,1
20449,2669,0
20450,2672,-1
20451,2661,0
20452,2660,0
20453,2645,-1
20454,2630,0
20455,2629,1
20456,2615,-2
20457,2618,0
20458,2626,-2
20459,2624,-1
20460,2642,0
20461,2661,-1
20462,2672,-2
20463,2684,0
20464,2675,0
20465,2659,-2
20466,2662,-2
20467,2642,0
20468,2635,1
20469,2629,0
20470,2619,0
20471,2624,2
20472,2627,1
20473,2627,0
20474,2636,-1
20475,2657,0
20476,2666,1
20477,2674,0
20478,2663,0
20479,2668,-2
20480,2663,-3
20481,2650,-2
20482,2639,-1
20483,2640,0
20484,2619,-1
20485,2629,-1
20486,2640,0
20487,2648,-2
20488,2642,0
20489,2650,-2
20490,2654,-1
20491,2661,0
20492,2655,-2
20493,2660,-1
20494,2649,-1
20495,2660,1
20496,2642,-1
20497,2632,2
20498,2629,1
20499,2633,-2
20500,2639,1
20501,2645,0
20502,2634,-2
20503,2647,1
20504,2643,-1
20505,2642,0
20506,2645,-1
20507,2657,1
20508,2648,-1
20509,2650,-2
20510,2658,-1
20511,2657,1
20512,2649,0
20513,2638,-1
20514,2639,-1
20515,2642,1
20516,2640,0
20517,2634,-2
20518,2633,1
20519,2651,-1
20520,2650,0
20521,2650,-1
20522,2651,1
20523,2661,-2
20524,2660,-2
20525,2666,-1
20526,2661,-3
20527,2659,0
20528,2638,1
20529,2627,1
20530,2620,-3
20531,2630,1
20532,2631,2
20533,2636,1
20534,2643,1
20535,2657,0
20536,2651,-2
20537,2651,-2
20538,2657,-1
20539,2669,-2
20540,2655,-1
20541,2642,1
20542,2642,-1
20543,2641,-1
20544,2627,0
20545,2627,-2
20546,2624,0
20547,2639,1
20548,2635,-1
20549,2645,-1
20550,2660,-1
20551,2677,0
20552,2664,-2
20553,2662,-1
20554,2654,1
20555,2665,0
20556,2648,0
20557,2643,1
20558,2645,1
20559,2634,-2
20560,2628,-1
20561,2624,1
20562,2633,0
20563,2640,0
20564,2650,0
20565,2654,-2
20566,2658,-1
20567,2674,-2
20568,2665,-2
20569,2652,0
20570,2648,-1
20571,2654,1
20572,2632,-2
20573,2636,0
20574,2639,0
20575,2650,0
20576,2648,-2
20577,2633,-1
20578,2641,-1
20579,2660,3
20580,2657,-1
20581,2660,-2
20582,2657,-2
20583,2669,-2
20584,2659,-2
20585,2647,0
20586,2647,-1
20587,2650,-1
20588,2635,0
20589,2639,-1
20590,2642,2
20591,2644,-1
20592,2635,0
20593,2636,1
20594,2642,0
20595,2651,0
20596,2652,-2
20597,2657,-1
20598,2660,0
20599,2666,0
20600,2658,-2
20601,2639,-1
20602,2645,-2
20603,2639,-2
20604,2642,-1
20605,2635,-1
20606,2630,-3
20607,2639,0
20608,2649,1
20609,2639,-1
20610,2641,1
20611,2663,-1
20612,2668,0
20613,2663,0
20614,2669,0
20615,2664,1
20616,2648,-2
20617,2639,0
20618,2638,-1
20619,2626,-1
20620,2616,0
20621,2622,0
20622,2624,-1
20623,2642,0
20624,2651,1
20625,2646,1
20626,2669,1
20627,2676,-1
20628,2669,-1
20629,2663,-2
20630,2655,1
20631,2655,-1
20632,2627,2
20633,2611,-1
20634,2617,-2
20635,2630,-2
20636,2619,-1
20637,2642,-1
20638,2654,-1
20639,2675,0
20640,2675,-1
20641,2669,0
20642,2656,1
20643,2660,1
20644,2654,1
20645,2641,-2
20646,2634,0
20647,2623,-1
20648,2621,1
20649,2613,-1
20650,2626,-3
20651,2642,0
20652,2647,0
20653,2657,1
20654,2669,-1
20655,2682,-1
20656,2665,-1
20657,2660,-1
20658,2653,1
20659,2645,-1
20660,2635,-1
20661,2626,1
20662,2629,0
20663,2644,0
20664,2645,-2
20665,2630,-2
20666,2642,0
20667,2654,-1
20668,2660,0
20669,2667,-2
20670,2662,1
20671,2667,0
20672,2655,1
20673,2644,0
20674,2628,0
20675,2636,-2
20676,2630,-1
20677,2629,-2
20678,2639,0
20679,2642,-1
20680,2636,0
20681,2644,-2
20682,2655,-2
20683,2665,0
20684,2660,1
20685,2651,-1
20686,2664,1
20687,2667,0
20688,2652,0
20689,2635,0
20690,2633,0
20691,2633,0
20692,2640,-1
20693,2646,-2
20694,2629,0
20695,2659,-2
20696,2648,-1
20697,2643,-3
20698,2642,0
20699,2664,-2
20700,2662,-1
20701,2659,-2
20702,2654,-5
20703,2659,0
20704,2652,-2
20705,2626,2
20706,2633,-2
20707,2636,0
20708,2627,0
20709,2628,-1
20710,2639,-1
20711,2652,-1
20712,2651,-1
20713,2645,0
20714,2664,-2
20715,2672,-1
20716,2668,1
20717,2655,1
20718,2649,-2
20719,2648,-1
20720,2630,0
20721,2619,0
20722,2622,-1
20723,2636,1
20724,2630,0
20725,2645,0
20726,2651,1
20727,2669,-2
20728,2673,0
20729,2659,0
20730,2659,0
20731,2662,-1
20732,2652,-2
20733,2642,0
20734,2622,-2
20735,2631,-1
20736,2636,-2
20737,2616,-2
20738,2624,-1
20739,2642,-2
20740,2644,1
20741,2662,-1
20742,2675,-1
20743,2672,0
20744,2672,-1
20745,2647,-2
20746,2643,-1
20747,2653,0
20748,2627,-2
20749,2624,-2
20750,2634,-1
20751,2636,-1
20752,2639,0
20753,2631,1
20754,2636,0
20755,2657,-2
20756,2663,0
20757,2662,1
20758,2660,-1
20759,2669,0
20760,2649,-1
20761,2633,-2
20762,2637,0
20763,2627,0
20764,2633,-1
20765,2644,-2
20766,2643,-2
20767,2652,1
20768,2647,-1
20769,2639,-2
20770,2650,-2
20771,2662,1
20772,2646,0
20773,2652,0
20774,2657,-1
20775,2646,-1
20776,2644,0
20777,2633,-2
20778,2627,1
20779,2644,1
20780,2644,1
20781,2637,0
20782,2642,-1
20783,2649,-1
20784,2648,-2
20785,2631,0
20786,2651,0
20787,2657,-2
20788,2648,-1
20789,2638,-2
20790,2646,0
20791,2665,0
20792,2648,1
20793,2636,-2
20794,2642,0
20795,2649,-2
20796,2635,1
20797,2629,1
20798,2628,-1
20799,2643,1
20800,2648,-1
20801,2631,0
20802,2643,-3
20803,2651,0
20804,2657,-1
20805,2662,1
20806,2657,0
20807,2660,1
20808,2652,-1
20809,2627,0
20810,2638,0
20811,2628,0
20812,2624,0
20813,2633,1
20814,2642,1
20815,2656,0
20816,2646,1
20817,2648,1
20818,2654,0
20819,2667,-2
20820,2659,-1
20821,2648,-2
20822,2641,1
20823,2648,-2
20824,2633,2
20825,2608,-2
20826,2622,-3
20827,2624,-1
20828,2633,1
20829,2645,0
20830,2654,-1
20831,2673,1
20832,2672,0
20833,2648,1
20834,2655,0
20835,2651,-2
20836,2647,1
20837,2638,-1
20838,2630,-1
20839,2640,-2
20840,2645,-1
20841,2624,1
20842,2624,-3
20843,2641,0
20844,2650,1
20845,2654,0
20846,2660,0
20847,2668,0
20848,2669,-2
20849,2646,-1
20850,2647,-1
20851,2639,1
20852,2645,0
20853,2633,-1
20854,2639,0
20855,2643,-1
20856,2644,0
20857,2625,-2
20858,2645,-2
20859,2651,-2
20860,2654,0
20861,2654,-1
20862,2656,0
20863,2672,-1
20864,2666,0
20865,2643,1
20866,2642,0
20867,2637,-1
20868,2636,0
20869,2644,-2
20870,2633,0
20871,2642,-2
20872,2639,-2
20873,2624,1
20874,2645,1
20875,2649,1
20876,2651,0
20877,2664,-1
20878,2660,0
20879,2669,-2
20880,2653,1
20881,2639,0
20882,2633,1
20883,2630,-2
20884,2633,1
20885,2610,0
20886,2625,1
20887,2632,-2
20888,2644,1
20889,2634,0
20890,2649,1
20891,2653,-1
20892,2664,1
20893,2671,2
20894,2657,-1
20895,2662,-3
20896,2648,-2
20897,2626,-1
20898,2624,-1
20899,2623,-1
20900,2621,-1
20901,2628,-2
20902,2630,-2
20903,2654,1
20904,2657,-1
20905,2655,-1
20906,2666,-2
20907,2683,0
20908,2672,1
20909,2654,-1
20910,2657,1
20911,2648,0
20912,2633,-2
20913,2613,0
20914,2613,-1
20915,2620,0
20916,2627,0
20917,2643,1
20918,2655,-2
20919,2676,-1
20920,2678,1
20921,2662,0
20922,2665,1
20923,2663,-2
20924,2654,0
20925,2632,-1
20926,2620,-1
20927,2625,0
20928,2615,-2
20929,2602,1
20930,2624,0
20931,2638,0
20932,2653,-3
20933,2666,-1
20934,2669,-2
20935,2684,-2
20936,2678,-2
20937,2651,1
20938,2651,-1
20939,2639,-1
20940,2618,-1
20941,2613,0
20942,2612,-1
20943,2621,1
20944,2630,-2
20945,2621,-2
20946,2642,-2
20947,2659,-2
20948,2667,-2
20949,2669,-1
20950,2672,-2
20951,2677,-2
20952,2656,-1
20953,2630,0
20954,2624,-2
20955,2616,1
20956,2625,-2
20957,2622,0
20958,2634,0
20959,2642,-2
20960,2637,0
20961,2645,-1
20962,2663,0
20963,2661,-3
20964,2664,-1
20965,2668,-2
20966,2655,-1
20967,2660,-2
20968,2647,-2
20969,2624,-1
20970,2619,1
20971,2619,1
20972,2628,1
20973,2626,3
20974,2637,-2
20975,2647,1
20976,2660,1
20977,2650,-2
20978,2655,1
20979,2660,-1
20980,2665,0
20981,2656,-1
20982,2660,1
20983,2654,0
20984,2643,0
20985,2629,-1
20986,2621,-2
20987,2626,-2
20988,2628,-2
20989,2637,-2
20990,2639,0
20991,2666,-2
20992,2667,0
20993,2654,0
20994,2664,0
20995,2657,1
20996,2660,0
20997,2649,-1
20998,2639,-1
20999,2639,-1
21000,2625,-2
21001,2613,1
21002,2629,-3
21003,2630,-2
21004,2646,-1
21005,2654,-2
21006,2666,1
21007,2681,-1
21008,2688,0
21009,2666,1
21010,2648,0
21011,2655,0
21012,2642,-2
21013,2628,1
21014,2627,-1
21015,2627,0
21016,2626,0
21017,2632,1
21018,2638,-2
21019,2646,1
21020,2666,1
21021,2666,1
21022,2669,1
21023,2682,0
21024,2663,1
21025,2644,-1
21026,2643,1
21027,2621,-2
21028,2621,-2
21029,2620,0
21030,2629,-1
21031,2647,-1
21032,2639,0
21033,2645,-2
21034,2641,1
21035,2662,1
21036,2671,-1
21037,2672,-1
21038,2666,-1
21039,2660,1
21040,2650,-1
21041,2630,0
21042,2621,-2
21043,2623,-1
21044,2626,1
21045,2634,1
21046,2639,-1
21047,2657,1
21048,2650,-3
21049,2653,-2
21050,2660,-1
21051,2658,0
21052,2660,0
21053,2650,0
21054,2641,1
21055,2653,-1
21056,2636,-1
21057,2629,0
21058,2639,-2
21059,2639,-2
21060,2648,2
21061,2657,0
21062,2651,-1
21063,2665,1
21064,2664,-1
21065,2648,0
21066,2647,0
21067,2645,-1
21068,2642,-2
21069,2656,-1
21070,2657,-2
21071,2653,-1
21072,2645,1
21073,2642,0
21074,2645,0
21075,2639,1
21076,2650,0
21077,2644,-1
21078,2642,0
21079,2655,-1
21080,2653,0
21081,2643,1
21082,2642,-1
21083,2647,-1
21084,2658,1
21085,2648,0
21086,2648,0
21087,2658,0
21088,2645,0
21089,2636,-2
21090,2635,-2
21091,2630,1
21092,2630,-2
21093,2635,1
21094,2641,-2
21095,2664,1
21096,2663,0
21097,2652,1
21098,2659,-1
21099,2659,1
21100,2658,0
21101,2662,0
21102,2646,1
21103,2659,-2
21104,2639,0
21105,2623,1
21106,2628,-2
21107,2634,-1
21108,2642,-2
21109,2639,1
21110,2659,-2
21111,2666,1
21112,2663,-2
21113,2657,-2
21114,2649,-2
21115,2645,0
21116,2646,-1
21117,2636,0
21118,2636,1
21119,2645,-2
21120,2635,-2
21121,2634,1
21122,2633,-1
21123,2638,-1
21124,2654,-1
21125,2653,-2
21126,2661,-1
21127,2666,-1
21128,2656,1
21129,2652,0
21130,2642,-1
21131,2627,-2
21132,2645,-2
21133,2645,-2
21134,2638,0
21135,2651,0
21136,2638,1
21137,2640,-1
21138,2645,-2
21139,2645,-1
21140,2657,1
21141,2660,-1
21142,2654,-1
21143,2673,1
21144,2661,1
21145,2650,1
21146,2633,-1
21147,2640,-2
21148,2642,1
21149,2641,-1
21150,2631,-2
21151,2652,-2
21152,2639,1
21153,2643,1
21154,2648,1
21155,2644,1
21156,2652,2
21157,2655,0
21158,2657,-2
21159,2676,0
21160,2659,1
21161,2646,1
21162,2642,1
21163,2641,1
21164,2639,0
21165,2630,0
21166,2628,-2
21167,2652,-1
21168,2653,0
21169,2646,0
21170,2653,-2
21171,2653,0
21172,2663,1
21173,2675,1
21174,2663,2
21175,2657,-1
21176,2645,-2
21177,2638,-1
21178,2632,-3
21179,2616,0
21180,2629,-1
21181,2630,-3
21182,2640,1
21183,2662,-2
21184,2662,-2
21185,2677,0
21186,2672,1
21187,2665,-2
21188,2674,-1
21189,2662,-2
21190,2644,1
21191,2655,-2
21192,2631,-2
21193,2613,1
21194,2626,-2
21195,2619,-2
21196,2643,0
21197,2655,0
21198,2654,-1
21199,2676,-2
21200,2683,1
21201,2676,-2
21202,2668,0
21203,2663,-1
21204,2647,0
21205,2632,0
21206,2638,-2
21207,2644,-1
21208,2619,-1
21209,2621,1
21210,2631,-1
21211,2648,1
21212,2669,0
21213,2683,-1
21214,2669,-1
21215,2684,-1
21216,2674,-1
21217,2661,-1
21218,2643,-2
21219,2636,1
21220,2629,-2
21221,2623,-2
21222,2619,-2
21223,2639,-1
21224,2633,-1
21225,2639,0
21226,2652,-1
21227,2664,-2
21228,2673,-2
21229,2672,-1
21230,2668,-1
21231,2679,-1
21232,2663,-2
21233,2642,0
21234,2632,-2
21235,2619,-2
21236,2638,0
21237,2642,-2
21238,2636,0
21239,2655,-1
21240,2660,1
21241,2659,-2
21242,2657,1
21243,2657,0
21244,2666,-2
21245,2669,-2
21246,2652,1
21247,2658,-1
21248,2642,1
21249,2642,-2
21250,2629,-2
21251,2627,-1
21252,2627,-1
21253,2641,-1
21254,2636,0
21255,2660,-1
21256,2657,-2
21257,2656,-1
21258,2654,-1
21259,2647,0
21260,2663,-1
21261,2656,0
21262,2653,-1
21263,2668,-1
21264,2639,1
21265,2633,-1
21266,2640,0
21267,2629,1
21268,2630,-1
21269,2635,-2
21270,2654,-1
21271,2672,-1
21272,2662,1
21273,2655,-1
21274,2649,1
21275,2661,0
21276,2668,-2
21277,2651,-2
21278,2644,-2
21279,2641,1
21280,2636,-2
21281,2619,0
21282,2621,1
21283,2623,0
21284,2641,1
21285,2648,0
21286,2657,-1
21287,2676,0
21288,2672,1
21289,2667,-1
21290,2657,-2
21291,2657,1
21292,2648,-2
21293,2637,-1
21294,2623,-1
21295,2636,1
21296,2636,-2
21297,2633,1
21298,2624,0
21299,2638,-1
21300,2657,-2
21301,2669,-2
21302,2674,1
21303,2679,-1
21304,2672,0
21305,2664,-2
21306,2637,-2
21307,2634,-2
21308,2628,0
21309,2621,-2
21310,2625,-1
21311,2636,1
21312,2642,2
21313,2637,0
21314,2641,-2
21315,2657,-1
21316,2672,2
21317,2677,-1
21318,2662,0
21319,2669,1
21320,2653,-2
21321,2644,-2
21322,2636,1
21323,2624,-1
21324,2627,-2
21325,2637,1
21326,2639,-1
21327,2654,-2
21328,2661,0
21329,2658,1
21330,2660,1
21331,2645,-3
21332,2655,-1
21333,2659,0
21334,2660,1
21335,2675,-2
21336,2639,-1
21337,2633,1
21338,2624,-2
21339,2630,1
21340,2641,-2
21341,2640,-2
21342,2641,-1
21343,2660,0
21344,2657,-1
21345,2648,0
21346,2649,-2
21347,2656,2
21348,2665,-2
21349,2664,1
21350,2660,-1
21351,2674,-1
21352,2649,0
21353,2639,-1
21354,2630,0
21355,2635,0
21356,2645,1
21357,2643,-1
21358,2642,-1
21359,2666,-2
21360,2663,0
21361,2659,0
21362,2657,1
21363,2663,-2
21364,2669,0
21365,2660,1
21366,2654,-2
21367,2665,2
21368,2646,-1
21369,2625,1
21370,2625,-2
21371,2627,0
21372,2642,1
21373,2645,-2
21374,2651,0
21375,2675,-2
21376,2671,-1
21377,2677,-2
21378,2663,0
21379,2663,-2
21380,2655,-1
21381,2649,1
21382,2641,2
21383,2642,0
21384,2630,0
21385,2625,1
21386,2636,1
21387,2639,-1
21388,2652,0
21389,2675,-2
21390,2668,-1
21391,2693,1
21392,2675,0
21393,2664,1
21394,2649,0
21395,2646,0
21396,2636,-1
21397,2621,-2
21398,2624,-2
21399,2647,0
21400,2635,-1
21401,2636,-2
21402,2647,-1
21403,2659,-2
21404,2669,-1
21405,2670,-2
21406,2669,-2
21407,2678,-1
21408,2655,-1
21409,2654,-2
21410,2632,-2
21411,2631,0
21412,2633,-1
21413,2627,1
21414,2638,-2
21415,2657,-1
21416,2657,-1
21417,2674,-2
21418,2668,-2
21419,2668,1
21420,2671,0
21421,2660,-2
21422,2660,-1
21423,2669,1
21424,2645,-2
21425,2621,-2
21426,2633,-1
21427,2636,0
21428,2642,0
21429,2645,1
21430,2639,-1
21431,2664,1
21432,2667,-2
21433,2661,1
21434,2650,-1
21435,2656,-2
21436,2670,0
21437,2666,-1
21438,2656,-2
21439,2664,0
21440,2647,-2
21441,2645,0
21442,2642,1
21443,2642,-2
21444,2639,0
21445,2646,1
21446,2664,1
21447,2665,-2
21448,2660,0
21449,2660,-1
21450,2653,1
21451,2660,0
21452,2662,-2
21453,2647,2
21454,2648,1
21455,2659,-2
21456,2646,-2
21457,2639,-2
21458,2632,-1
21459,2633,1
21460,2642,-2
21461,2648,-3
21462,2657,-2
21463,2676,1
21464,2669,0
21465,2666,1
21466,2664,0
21467,2666,-1
21468,2657,-1
21469,2642,-1
21470,2644,-2
21471,2656,2
21472,2633,0
21473,2639,-2
21474,2630,1
21475,2633,0
21476,2654,-2
21477,2658,-2
21478,2661,0
21479,2676,-2
21480,2674,1
21481,2665,1
21482,2657,1
21483,2654,-2
21484,2642,-2
21485,2631,-2
21486,2616,0
21487,2651,-1
21488,2636,0
21489,2633,0
21490,2641,1
21491,2657,1
21492,2672,-1
21493,2673,-1
21494,2667,-1
21495,2681,-2
21496,2665,-1
21497,2645,0
21498,2632,2
21499,2640,0
21500,2634,-1
21501,2633,-1
21502,2633,0
21503,2650,0
21504,2650,-1
21505,2667,-1
21506,2657,1
21507,2663,-1
21508,2668,-2
21509,2667,0
21510,2653,1
21511,2670,-2
21512,2654,-2
21513,2636,-1
21514,2633,2
21515,2634,-2
21516,2653,1
21517,2648,-1
21518,2648,-2
21519,2672,1
21520,2667,0
21521,2663,0
21522,2655,-1
21523,2654,0
21524,2662,1
21525,2661,0
21526,2652,0
21527,2657,1
21528,2656,-2
21529,2651,0
21530,2647,-1
21531,2643,-2
21532,2642,-2
21533,2648,0
21534,2651,1
21535,2659,-2
21536,2652,-1
21537,2663,0
21538,2652,-1
21539,2657,-1
21540,2661,0
21541,2651,1
21542,2657,1
21543,2650,-2
21544,2642,-1
21545,2651,1
21546,2637,-3
21547,2641,-1
21548,2644,1
21549,2642,1
21550,2654,-1
21551,2664,1
21552,2666,0
21553,2661,-1
21554,2663,-1
21555,2668,-1
21556,2669,1
21557,2665,-1
21558,2648,-3
21559,2657,0
21560,2643,0
21561,2638,-2
21562,2626,-2
21563,2631,1
21564,2648,-1
21565,2654,1
21566,2657,-2
21567,2678,0
21568,2675,-2
21569,2675,-2
21570,2663,-2
21571,2652,-2
21572,2653,0
21573,2642,-1
21574,2639,0
21575,2643,0
21576,2640,-1
21577,2634,-1
21578,2638,1
21579,2649,-2
21580,2671,-1
21581,2668,0
21582,2678,-2
21583,2687,-2
21584,2675,-1
21585,2664,1
21586,2645,1
21587,2638,-1
21588,2648,-2
21589,2631,0
21590,2630,-2
21591,2642,-2
21592,2646,-1
21593,2650,1
21594,2654,-2
21595,2659,0
21596,2669,1
21597,2678,1
21598,2670,-1
21599,2677,-1
21600,2660,-1
21601,2645,1
21602,2635,-1
21603,2636,-2
21604,2639,-2
21605,2636,-2
21606,2645,-1
21607,2660,-2
21608,2666,-1
21609,2667,0
21610,2661,-2
21611,2664,-2
21612,2664,-1
21613,2656,1
21614,2669,-2
21615,2661,-2
21616,2643,-2
21617,2648,-2
21618,2644,-1
21619,2645,-1
21620,2647,-2
21621,2642,-1
21622,2648,-1
21623,2669,-1
21624,2654,1
21625,2657,-1
21626,2655,-2
21627,2665,-2
21628,2666,-1
21629,2663,1
21630,2657,1
21631,2657,0
21632,2650,-1
21633,2642,0
21634,2634,-1
21635,2634,1
21636,2637,-1
21637,2649,-2
21638,2642,1
21639,2664,0
21640,2673,-2
21641,2660,1
21642,2652,1
21643,2669,0
21644,2677,0
21645,2664,-2
21646,2652,1
21647,2657,0
21648,2654,-2
21649,2650,-1
21650,2626,-1
21651,2627,-2
21652,2639,-1
21653,2650,0
21654,2653,-1
21655,2672,-1
21656,2678,-2
21657,2668,-1
21658,2671,-1
21659,2667,-1
21660,2663,-1
21661,2657,1
21662,2638,-1
21663,2646,-1
21664,2643,-1
21665,2624,1
21666,2629,0
21667,2649,-1
21668,2660,-2
21669,2680,-2
21670,2683,-1
21671,2691,-2
21672,2688,1
21673,2672,-1
21674,2654,1
21675,2644,1
21676,2638,1
21677,2627,-1
21678,2628,-1
21679,2636,-1
21680,2639,0
21681,2643,-1
21682,2648,0
21683,2662,-4
21684,2680,-2
21685,2681,-2
21686,2681,0
21687,2684,2
21688,2662,-2
21689,2642,-2
21690,2629,1
21691,2626,-2
21692,2631,-2
21693,2628,-1
21694,2633,-2
21695,2648,1
21696,2656,-1
21697,2660,1
21698,2669,1
21699,2671,-2
21700,2678,-2
21701,2675,-1
21702,2666,1
21703,2660,0
21704,2648,1
21705,2647,-2
21706,2623,0
21707,2636,0
21708,2640,-2
21709,2636,-2
21710,2652,1
21711,2672,-1
21712,2672,-1
21713,2674,1
21714,2654,1
21715,2672,-1
21716,2678,-2
21717,2659,-1
21718,2643,0
21719,2654,-2
21720,2648,0
21721,2644,1
21722,2630,1
21723,2642,-2
21724,2639,0
21725,2648,1
21726,2664,-1
21727,2677,-1
21728,2675,0
21729,2670,-2
21730,2663,0
21731,2664,2
21732,2665,1
21733,2666,1
21734,2649,0
21735,2651,0
21736,2648,-2
21737,2634,-2
21738,2630,1
21739,2638,-1
21740,2644,1
21741,2649,1
21742,2666,-1
21743,2678,-1
21744,2681,-2
21745,2674,1
21746,2660,-1
21747,2660,-2
21748,2663,-2
21749,2647,0
21750,2636,0
21751,2645,-2
21752,2639,1
21753,2639,0
21754,2633,-2
21755,2643,0
21756,2666,0
21757,2681,0
21758,2682,-1
21759,2686,-2
21760,2703,0
21761,2661,-2
21762,2648,0
21763,2644,1
21764,2630,1
21765,2638,1
21766,2634,1
21767,2636,-2
21768,2639,0
21769,2645,-1
21770,2653,-2
21771,2669,1
21772,2678,-2
21773,2681,1
21774,2677,1
21775,2672,-1
21776,2678,0
21777,2648,-2
21778,2636,-2
21779,2637,0
21780,2634,0
21781,2627,1
21782,2635,-2
21783,2654,2
21784,2674,1
21785,2667,-2
21786,2663,0
21787,2676,1
21788,2686,1
21789,2670,-1
21790,2660,0
21791,2655,1
21792,2651,1
21793,2639,0
21794,2633,2
21795,2633,-2
21796,2645,1
21797,2648,1
21798,2651,1
21799,2669,1
21800,2684,-1
21801,2669,-1
21802,2660,-2
21803,2661,0
21804,2658,0
21805,2663,0
21806,2651,-2
21807,2656,0
21808,2663,0
21809,2639,1
21810,2641,0
21811,2644,-1
21812,2657,-2
21813,2653,-1
21814,2669,0
21815,2675,0
21816,2672,-2
21817,2661,1
21818,2646,0
21819,2650,-1
21820,2654,0
21821,2648,-2
21822,2650,-1
21823,2648,-2
21824,2663,2
21825,2646,-2
21826,2636,-2
21827,2640,1
21828,2655,-2
21829,2660,1
21830,2667,0
21831,2671,-2
21832,2677,1
21833,2660,-2
21834,2658,-1
21835,2657,-1
21836,2660,-2
21837,2661,2
21838,2651,1
21839,2648,1
21840,2659,-2
21841,2645,-2
21842,2632,-1
21843,2643,-1
21844,2658,-1
21845,2654,-2
21846,2673,0
21847,2669,1
21848,2683,-1
21849,2677,1
21850,2661,0
21851,2655,-2
21852,2649,-1
21853,2642,-1
21854,2639,-1
21855,2642,0
21856,2651,0
21857,2642,-2
21858,2640,-1
21859,2662,-2
21860,2667,1
21861,2669,0
21862,2670,1
21863,2684,0
21864,2690,0
21865,2657,-2
21866,2648,-2
21867,2642,-2
21868,2644,1
21869,2648,1
21870,2636,-1
21871,2652,0
21872,2662,-1
21873,2665,-1
21874,2656,-1
21875,2669,-1
21876,2675,0
21877,2676,-2
21878,2666,0
21879,2666,0
21880,2667,0
21881,2650,-2
21882,2633,-1
21883,2630,-2
21884,2632,0
21885,2639,-1
21886,2650,0
21887,2664,1
21888,2673,0
21889,2668,1
21890,2666,-2
21891,2661,1
21892,2673,-1
21893,2663,0
21894,2657,-1
21895,2657,-1
21896,2657,1
21897,2656,0
21898,2639,-2
21899,2633,0
21900,2641,1
21901,2660,0
21902,2657,1
21903,2664,0
21904,2687,-1
21905,2661,-2
21906,2655,-2
21907,2667,-2
21908,2673,0
21909,2660,-2
21910,2660,0
21911,2655,-1
21912,2661,-3
21913,2648,-1
21914,2635,-2
21915,2633,0
21916,2650,2
21917,2658,0
21918,2655,1
21919,2672,0
21920,2678,-2
21921,2670,-1
21922,2663,-2
21923,2666,-1
21924,2667,-1
21925,2661,-2
21926,2654,-1
21927,2657,-2
21928,2661,0
21929,2635,-1
21930,2630,-1
21931,2633,-1
21932,2645,-1
21933,2658,-1
21934,2664,0
21935,2666,1
21936,2695,-2
21937,2671,0
21938,2669,-1
21939,2669,0
21940,2651,-2
21941,2639,1
21942,2639,0
21943,2641,-1
21944,2643,-1
21945,2633,-1
21946,2635,-1
21947,2649,0
21948,2669,-2
21949,2667,0
21950,2680,-5
21951,2686,-2
21952,2684,0
21953,2670,1
21954,2645,-2
21955,2634,0
21956,2639,-1
21957,2638,-2
21958,2625,1
21959,2639,0
21960,2657,0
21961,2657,-1
21962,2666,-1
21963,2663,-1
21964,2678,-1
21965,2677,-1
21966,2664,-2
21967,2668,-2
21968,2664,1
21969,2643,0
21970,2620,1
21971,2623,1
21972,2636,-1
21973,2645,-1
21974,2645,-2
21975,2660,0
21976,2672,-2
21977,2674,0
21978,2671,-2
21979,2670,-1
21980,2675,-1
21981,2666,1
21982,2660,1
21983,2654,0
21984,2651,0
21985,2641,-1
21986,2622,-2
21987,2645,-2
21988,2652,-2
21989,2657,1
21990,2657,0
21991,2680,-1
21992,2679,1
21993,2678,-1
21994,2667,-2
21995,2654,-2
21996,2666,-1
21997,2660,0
21998,2651,0
21999,2648,-3
22000,2663,0
22001,2649,-2
22002,2637,1
22003,2646,1
22004,2663,-1
22005,2658,1
22006,2660,1
22007,2660,1
22008,2675,-1
22009,2664,-2
22010,2658,-2
22011,2663,-2
22012,2652,-1
22013,2654,1
22014,2643,-1
22015,2656,1
22016,2663,0
22017,2651,0
22018,2639,-1
22019,2653,-2
22020,2653,0
22021,2657,0
22022,2654,1
22023,2660,0
22024,2675,0
22025,2669,-2
22026,2669,1
22027,2656,-1
22028,2644,-2
22029,2653,-1
22030,2646,-2
22031,2645,0
22032,2645,-1
22033,2642,-1
22034,2644,0
22035,2648,1
22036,2665,-1
22037,2665,-1
22038,2677,-1
22039,2680,0
22040,2678,-2
22041,2663,0
22042,2651,0
22043,2654,-2
22044,2642,0
22045,2639,-1
22046,2642,2
22047,2641,0
22048,2653,1
22049,2654,0
22050,2653,1
22051,2667,1
22052,2673,-1
22053,2667,1
22054,2673,1
22055,2670,1
22056,2672,-2
22057,2658,0
22058,2640,-2
22059,2637,-2
22060,2638,-2
22061,2639,-1
22062,2643,-2
22063,2656,-1
22064,2669,-2
22065,2664,-2
22066,2671,2
22067,2678,1
22068,2672,0
22069,2666,1
22070,2666,0
22071,2660,0
22072,2659,0
22073,2643,-1
22074,2631,-1
22075,2648,-3
22076,2649,-3
22077,2657,-1
22078,2657,-1
22079,2655,0
22080,2669,0
22081,2666,-2
22082,2659,0
22083,2666,-1
22084,2667,-2
22085,2664,-1
22086,2652,-1
22087,2648,1
22088,2660,1
22089,2649,-2
22090,2645,-2
22091,2639,0
22092,2658,1
22093,2659,-1
22094,2655,0
22095,2669,-2
22096,2668,0
22097,2660,-2
22098,2672,-2
22099,2669,1
22100,2666,1
22101,2674,1
22102,2656,1
22103,2653,-2
22104,2662,0
22105,2654,-2
22106,2642,-1
22107,2643,-2
22108,2654,1
22109,2655,1
22110,2655,-1
22111,2667,-1
22112,2681,-1
22113,2675,0
22114,2675,1
22115,2666,-1
22116,2660,1
22117,2657,-1
22118,2654,-1
22119,2654,1
22120,2651,-2
22121,2633,1
22122,2637,-1
22123,2651,-1
22124,2659,-2
22125,2670,-1
22126,2678,0
22127,2678,-2
22128,2694,0
22129,2688,0
22130,2670,-1
22131,2652,-2
22132,2648,-2
22133,2636,-2
22134,2637,-1
22135,2639,1
22136,2645,1
22137,2641,-2
22138,2644,-1
22139,2658,-2
22140,2678,-2
22141,2695,-2
22142,2684,-1
22143,2685,0
22144,2684,-2
22145,2670,-2
22146,2645,1
22147,2632,-1
22148,2633,1
22149,2636,-1
22150,2631,1
22151,2644,-2
22152,2660,-2
22153,2672,-1
22154,2669,0
22155,2676,-2
22156,2684,-2
22157,2676,0
22158,2671,2
22159,2665,-2
22160,2663,0
22161,2639,1
22162,2627,-2
22163,2625,-2
22164,2630,-2
22165,2642,0
22166,2651,-2
22167,2665,0
22168,2684,1
22169,2681,-2
22170,2678,-2
22171,2677,1
22172,2676,1
22173,2661,-1
22174,2660,-2
22175,2652,1
22176,2647,-1
22177,2639,-1
22178,2636,-1
22179,2633,-3
22180,2644,-2
22181,2657,1
22182,2671,0
22183,2680,-1
22184,2682,0
22185,2681,-2
22186,2668,0
22187,2665,0
22188,2671,1
22189,2655,0
22190,2647,0
22191,2645,1
22192,2650,-2
22193,2645,1
22194,2639,0
22195,2647,-1
22196,2657,-2
22197,2666,-2
22198,2669,0
22199,2675,0
22200,2683,-1
22201,2679,1
22202,2669,-1
22203,2657,-1
22204,2654,-2
22205,2644,-1
22206,2654,1
22207,2649,0
22208,2649,-1
22209,2653,-3
22210,2639,-2
22211,2654,2
22212,2678,-2
22213,2675,-2
22214,2675,0
22215,2669,0
22216,2688,-1
22217,2685,1
22218,2654,-1
22219,2656,-2
22220,2653,1
22221,2639,0
22222,2632,-1
22223,2640,3
22224,2642,0
22225,2647,0
22226,2657,-1
22227,2664,0
22228,2678,-1
22229,2682,0
22230,2683,0
22231,2684,0
22232,2679,2
22233,2660,-1
22234,2646,1
22235,2642,-2
22236,2632,3
22237,2639,-2
22238,2644,1
22239,2653,0
22240,2666,-1
22241,2672,-1
22242,2673,1
22243,2686,-2
22244,2686,1
22245,2678,0
22246,2674,-1
22247,2661,-1
22248,2660,-2
22249,2646,-1
22250,2624,-2
22251,2630,1
22252,2641,1
22253,2644,-4
22254,2657,0
22255,2678,0
22256,2689,0
22257,2679,0
22258,2676,-2
22259,2676,0
22260,2672,-1
22261,2664,-1
22262,2653,0
22263,2655,1
22264,2645,-2
22265,2639,-2
22266,2640,-2
22267,2648,-1
22268,2665,0
22269,2672,1
22270,2686,-1
22271,2686,-1
22272,2687,0
22273,2683,0
22274,2663,1
22275,2651,-4
22276,2663,0
22277,2642,0
22278,2646,-2
22279,2642,0
22280,2656,0
22281,2650,1
22282,2648,-2
22283,2651,1
22284,2669,0
22285,2674,1
22286,2666,-1
22287,2668,-2
22288,2681,-1
22289,2674,-1
22290,2646,-1
22291,2654,-1
22292,2656,0
22293,2659,-2
22294,2652,-1
22295,2660,1
22296,2661,-2
22297,2660,-2
22298,2651,-2
22299,2657,-2
22300,2668,-2
22301,2667,1
22302,2672,1
22303,2669,1
22304,2678,-2
22305,2679,-1
22306,2646,-1
22307,2660,1
22308,2662,0
22309,2650,0
22310,2655,0
22311,2659,-1
22312,2659,1
22313,2656,-2
22314,2642,-1
22315,2655,-2
22316,2672,0
22317,2667,-1
22318,2678,1
22319,2682,-1
22320,2681,-1
22321,2666,1
22322,2654,-1
22323,2654,-2
22324,2655,0
22325,2646,-2
22326,2642,1
22327,2648,1
22328,2665,-1
22329,2666,1
22330,2664,-2
22331,2668,-1
22332,2681,1
22333,2673,0
22334,2675,-1
22335,2672,-2
22336,2670,-2
22337,2649,0
22338,2633,-1
22339,2642,0
22340,2653,-1
22341,2642,-1
22342,2645,-2
22343,2660,0
22344,2672,-2
22345,2675,1
22346,2675,1
22347,2672,-2
22348,2673,0
22349,2657,0
22350,2663,0
22351,2656,-2
22352,2654,0
22353,2653,1
22354,2631,0
22355,2644,-1
22356,2649,-1
22357,2659,-2
22358,2664,-2
22359,2676,-3
22360,2685,-1
22361,2672,-1
22362,2664,-3
22363,2650,-1
22364,2664,-1
22365,2658,0
22366,2648,2
22367,2660,-1
22368,2657,0
22369,2663,-1
22370,2652,0
22371,2651,-1
22372,2654,0
22373,2662,0
22374,2670,-2
22375,2660,-2
22376,2673,-2
22377,2675,-2
22378,2660,0
22379,2661,-1
22380,2663,-1
22381,2662,0
22382,2658,-1
22383,2657,-1
22384,2666,-2
22385,2669,-1
22386,2649,-1
22387,2650,0
22388,2654,0
22389,2657,-2
22390,2664,1
22391,2661,-2
22392,2670,0
22393,2682,0
22394,2664,0
22395,2657,-2
22396,2655,1
22397,2654,0
22398,2649,0
22399,2647,0
22400,2645,1
22401,2647,-1
22402,2637,0
22403,2651,-3
22404,2659,3
22405,2665,-1
22406,2677,-3
22407,2681,1
22408,2701,-1
22409,2690,0
22410,2657,1
22411,2660,-2
22412,2650,0
22413,2654,-1
22414,2639,-2
22415,2645,-2
22416,2656,1
22417,2654,0
22418,2660,-1
22419,2666,1
22420,2669,-1
22421,2684,-1
22422,2678,-2
22423,2689,1
22424,2676,-1
22425,2668,-1
22426,2649,-4
22427,2636,-1
22428,2635,-1
22429,2641,0
22430,2637,-1
22431,2642,1
22432,2676,-2
22433,2671,-1
22434,2671,-1
22435,2676,1
22436,2680,-2
22437,2684,3
22438,2680,0
22439,2666,-2
22440,2660,-3
22441,2658,0
22442,2633,-2
22443,2638,-3
22444,2636,-2
22445,2645,-2
22446,2657,-1
22447,2662,1
22448,2686,-2
22449,2684,2
22450,2674,1
22451,2675,0
22452,2678,-1
22453,2670,-2
22454,2656,-3
22455,2654,0
22456,2653,1
22457,2646,0
22458,2636,0
22459,2635,-2
22460,2652,-2
22461,2663,1
22462,2670,-1
22463,2672,-1
22464,2687,-1
22465,2680,-1
22466,2669,1
22467,2666,-1
22468,2658,-1
22469,2655,-2
22470,2654,0
22471,2654,-2
22472,2654,1
22473,2640,2
22474,2636,1
22475,2652,1
22476,2661,-1
22477,2667,-1
22478,2673,-2
22479,2681,1
22480,2684,-2
22481,2679,1
22482,2671,1
22483,2668,-2
22484,2661,-2
22485,2657,-1
22486,2654,0
22487,2647,-2
22488,2657,-1
22489,2648,1
22490,2642,-1
22491,2651,-2
22492,2666,-1
22493,2678,-2
22494,2684,0
22495,2685,0
22496,2704,-2
22497,2688,-2
22498,2666,-2
22499,2655,2
22500,2641,-2
22501,2651,-2
22502,2645,0
22503,2643,-2
22504,2647,-1
22505,2659,-1
22506,2657,0
22507,2666,1
22508,2678,0
22509,2691,-2
22510,2684,-2
22511,2683,1
22512,2686,-1
22513,2664,0
22514,2639,1
22515,2639,-1
22516,2631,1
22517,2639,-2
22518,2640,-2
22519,2647,-1
22520,2678,0
22521,2679,-2
22522,2692,0
22523,2676,-1
22524,2686,2
22525,2700,-1
22526,2687,0
22527,2672,-1
22528,2663,-2
22529,2645,-2
22530,2629,0
22531,2638,1
22532,2636,-1
22533,2656,0
22534,2662,1
22535,2683,0
22536,2701,-1
22537,2689,-2
22538,2685,1
22539,2677,-1
22540,2674,-1
22541,2672,-2
22542,2646,-1
22543,2647,1
22544,2649,0
22545,2642,0
22546,2639,-1
22547,2654,0
22548,2660,-1
22549,2670,1
22550,2684,0
22551,2686,0
22552,2698,-2
22553,2687,1
22554,2673,1
22555,2672,1
22556,2656,-1
22557,2649,0
22558,2644,-1
22559,2642,0
22560,2660,1
22561,2657,-1
22562,2657,-1
22563,2660,0
22564,2667,-2
22565,2680,0
22566,2672,0
22567,2677,-1
22568,2695,-2
22569,2669,-1
22570,2659,-2
22571,2654,0
22572,2653,1
22573,2651,-2
22574,2651,-2
22575,2648,-2
22576,2672,-1
22577,2670,-1
22578,2654,0
22579,2659,1
22580,2667,1
22581,2672,1
22582,2680,1
22583,2667,-1
22584,2679,-1
22585,2676,1
22586,2657,-2
22587,2659,-2
22588,2643,0
22589,2644,-1
22590,2647,0
22591,2659,0
22592,2669,-1
22593,2664,1
22594,2676,1
22595,2672,-2
22596,2677,-1
22597,2677,-1
22598,2678,-1
22599,2680,0
22600,2684,1
22601,2666,0
22602,2655,0
22603,2640,-1
22604,2641,-1
22605,2651,1
22606,2655,-2
22607,2651,-1
22608,2678,0
22609,2686,2
22610,2680,0
22611,2677,1
22612,2677,-2
22613,2681,-1
22614,2683,-2
22615,2664,-1
22616,2670,1
22617,2655,-1
22618,2636,-2
22619,2640,-1
22620,2639,-2
22621,2655,0
22622,2654,-2
22623,2670,0
22624,2690,1
22625,2676,1
22626,2686,0
22627,2666,0
22628,2675,-2
22629,2668,1
22630,2656,-1
22631,2650,1
22632,2658,2
22633,2654,1
22634,2654,0
22635,2649,0
22636,2652,1
22637,2662,1
22638,2679,0
22639,2672,1
22640,2693,-2
22641,2681,0
22642,2672,-2
22643,2668,1
22644,2654,1
22645,2657,-2
22646,2650,0
22647,2644,0
22648,2666,-1
22649,2653,-2
22650,2657,-1
22651,2654,1
22652,2658,1
22653,2669,1
22654,2664,-1
22655,2678,-2
22656,2686,-2
22657,2669,1
22658,2664,-1
22659,2647,0
22660,2646,1
22661,2654,-1
22662,2656,0
22663,2654,1
22664,2665,0
22665,2657,1
22666,2655,-2
22667,2657,1
22668,2657,0
22669,2671,-1
22670,2667,-1
22671,2672,-1
22672,2684,-2
22673,2674,-1
22674,2669,0
22675,2657,1
22676,2650,1
22677,2657,0
22678,2653,1
22679,2651,1
22680,2665,-1
22681,2663,0
22682,2659,-2
22683,2655,0
22684,2666,-1
22685,2672,-2
22686,2678,-1
22687,2679,-2
22688,2690,1
22689,2665,0
22690,2662,-2
22691,2653,0
22692,2650,1
22693,2650,-1
22694,2642,-2
22695,2651,1
22696,2666,0
22697,2661,0
22698,2670,-1
22699,2669,1
22700,2671,-2
22701,2680,-2
22702,2680,-1
22703,2679,0
22704,2674,-1
22705,2652,2
22706,2644,-1
22707,2637,0
22708,2638,-2
22709,2645,-1
22710,2645,-1
22711,2658,-1
22712,2681,0
22713,2679,-2
22714,2677,-1
22715,2675,0
22716,2679,-2
22717,2676,0
22718,2671,-2
22719,2651,0
22720,2661,1
22721,2654,-1
22722,2639,1
22723,2636,-1
22724,2648,-1
22725,2656,0
22726,2669,0
22727,2677,1
22728,2697,0
22729,2688,-1
22730,2684,0
22731,2672,-1
22732,2663,-1
22733,2663,-1
22734,2651,1
22735,2650,0
22736,2660,1
22737,2650,-3
22738,2646,-2
22739,2649,2
22740,2653,0
22741,2680,-3
22742,2672,-2
22743,2672,-2
22744,2682,1
22745,2679,0
22746,2669,0
22747,2660,-1
22748,2650,0
22749,2654,-1
22750,2654,1
22751,2658,-2
22752,2657,-1
22753,2662,0
22754,2655,-1
22755,2654,-2
22756,2663,-1
22757,2666,0
22758,2670,-3
22759,2678,0
22760,2678,-2
22761,2676,0
22762,2662,-2
22763,2662,1
22764,2654,-3
22765,2660,-3
22766,2646,0
22767,2654,0
22768,2666,-2
22769,2657,-1
22770,2654,0
22771,2657,-2
22772,2669,-2
22773,2678,0
22774,2663,1
22775,2673,0
22776,2686,0
22777,2676,-2
22778,2666,-2
22779,2654,-1
22780,2659,-2
22781,2645,0
22782,2649,0
22783,2652,1
22784,2665,-1
22785,2665,-1
22786,2666,-1
22787,2666,0
22788,2677,-2
22789,2677,-1
22790,2682,-1
22791,2685,0
22792,2678,-2
22793,2659,1
22794,2662,1
22795,2643,-1
22796,2640,0
22797,2646,2
22798,2640,1
22799,2652,-1
22800,2675,-3
22801,2681,1
22802,2680,-1
22803,2682,0
22804,2673,1
22805,2678,-2
22806,2672,1
22807,2661,-2
22808,2670,0
22809,2654,0
22810,2642,0
22811,2637,-1
22812,2636,1
22813,2653,-1
22814,2663,-1
22815,2682,-1
22816,2689,-2
22817,2681,1
22818,2688,0
22819,2675,0
22820,2675,-3
22821,2665,0
22822,2654,-2
22823,2652,0
22824,2657,0
22825,2656,1
22826,2649,-1
22827,2651,1
22828,2651,-1
22829,2669,0
22830,2679,0
22831,2675,-2
22832,2689,-1
22833,2684,-2
22834,2677,-2
22835,2672,-2
22836,2652,1
22837,2662,-1
22838,2658,-1
22839,2651,-1
22840,2670,-1
22841,2657,-1
22842,2658,0
22843,2657,-2
22844,2671,-2
22845,2677,-2
22846,2676,-1
22847,2668,0
22848,2680,-1
22849,2687,0
22850,2672,0
22851,2653,-2
22852,2663,-2
22853,2662,-1
22854,2660,0
22855,2654,0
22856,2663,-2
22857,2664,1
22858,2657,0
22859,2659,0
22860,2674,-1
22861,2681,0
22862,2686,2
22863,2672,0
22864,2696,-2
22865,2680,-1
22866,2682,0
22867,2657,1
22868,2657,0
22869,2657,-2
22870,2650,-1
22871,2645,0
22872,2665,-1
22873,2669,-3
22874,2672,-2
22875,2668,-1
22876,2681,-1
22877,2697,-1
22878,2686,-2
22879,2689,0
22880,2689,-1
22881,2672,0
22882,2659,0
22883,2644,0
22884,2643,1
22885,2639,-2
22886,2633,0
22887,2649,1
22888,2669,-2
22889,2678,-2
22890,2685,-1
22891,2685,-1
22892,2684,0
22893,2695,1
22894,2687,-2
22895,2675,-2
22896,2670,0
22897,2654,-1
22898,2642,-2
22899,2636,1
22900,2651,-2
22901,2643,-1
22902,2657,0
22903,2669,1
22904,2699,0
22905,2705,-2
22906,2694,0
22907,2689,-3
22908,2673,-1
22909,2672,-1
22910,2666,1
22911,2641,-2
22912,2655,-2
22913,2648,-2
22914,2641,0
22915,2648,0
22916,2663,1
22917,2675,0
22918,2684,-2
22919,2684,-2
22920,2701,-1
22921,2684,0
22922,2677,-1
22923,2671,-1
22924,2667,-1
22925,2654,-1
22926,2648,-2
22927,2655,0
22928,2660,-2
22929,2657,1
22930,2658,-1
22931,2653,-1
22932,2679,0
22933,2696,-3
22934,2677,0
22935,2684,-2
22936,2692,1
22937,2677,-2
22938,2664,1
22939,2650,0
22940,2646,-1
22941,2652,-1
22942,2651,0
22943,2654,-2
22944,2660,-3
22945,2674,1
22946,2663,0
22947,2663,-1
22948,2668,-2
22949,2681,-1
22950,2689,0
22951,2681,-2
22952,2681,-1
22953,2677,0
22954,2659,1
22955,2644,-3
22956,2654,-1
22957,2665,1
22958,2660,-1
22959,2657,0
22960,2666,-2
22961,2679,0
22962,2675,-1
22963,2666,1
22964,2670,0
22965,2681,-1
22966,2680,-2
22967,2674,-2
22968,2681,1
22969,2672,1
22970,2654,1
22971,2650,-2
22972,2639,-2
22973,2642,-1
22974,2649,-1
22975,2654,-2
22976,2671,0
22977,2681,-2
22978,2674,-1
22979,2669,-1
22980,2678,1
22981,2680,1
22982,2681,1
22983,2665,-2
22984,2671,1
22985,2661,-2
22986,2641,-1
22987,2632,1
22988,2649,-2
22989,2654,-2
22990,2656,-2
22991,2673,-2
22992,2681,1
22993,2696,-1
22994,2693,-1
22995,2664,-1
22996,2678,-1
22997,2672,0
22998,2659,-2
22999,2652,1
23000,2651,-2
23001,2654,-1
23002,2654,1
23003,2649,2
23004,2660,1
23005,2677,-2
23006,2684,-1
23007,2688,0
23008,2691,1
23009,2702,1
23010,2681,-1
23011,2662,-1
23012,2660,-2
23013,2648,0
23014,2656,-1
23015,2644,-1
23016,2651,-1
23017,2675,1
23018,2663,-2
23019,2657,1
23020,2673,0
23021,2676,-1
23022,2681,0
23023,2684,-1
23024,2686,1
23025,2678,1
23026,2663,1
23027,2653,-2
23028,2648,0
23029,2660,1
23030,2655,0
23031,2661,0
23032,2665,-2
23033,2673,-1
23034,2669,-1
23035,2669,0
23036,2663,1
23037,2672,1
23038,2678,-1
23039,2674,-2
23040,2675,-1
23041,2680,0
23042,2666,1
23043,2653,1
23044,2653,-1
23045,2660,1
23046,2657,1
23047,2652,-1
23048,2664,0
23049,2674,0
23050,2661,0
23051,2663,-1
23052,2664,1
23053,2666,0
23054,2681,-2
23055,2682,2
23056,2688,-1
23057,2678,-1
23058,2662,0
23059,2650,1
23060,2651,-1
23061,2660,-1
23062,2645,1
23063,2656,1
23064,2656,-1
23065,2682,-2
23066,2675,-1
23067,2669,1
23068,2675,1
23069,2686,-1
23070,2685,-2
23071,2674,0
23072,2668,0
23073,2672,1
23074,2660,-2
23075,2644,-1
23076,2645,-1
23077,2645,0
23078,2656,0
23079,2645,-1
23080,2669,0
23081,2693,2
23082,2684,-3
23083,2673,0
23084,2678,1
23085,2684,-2
23086,2672,1
23087,2657,-2
23088,2656,0
23089,2653,-2
23090,2646,-1
23091,2633,1
23092,2642,-2
23093,2664,-2
23094,2672,-2
23095,2685,0
23096,2692,-2
23097,2698,-2
23098,2685,1
23099,2676,-1
23100,2666,-2
23101,2659,1
23102,2653,-2
23103,2644,1
23104,2645,-2
23105,2654,0
23106,2654,-1
23107,2651,0
23108,2659,-1
23109,2678,-2
23110,2684,1
23111,2682,1
23112,2685,0
23113,2684,1
23114,2662,1
23115,2654,-2
23116,2658,1
23117,2648,0
23118,2654,-1
23119,2669,1
23120,2660,-2
23121,2679,0
23122,2666,0
23123,2666,3
23124,2678,1
23125,2683,-2
23126,2679,-1
23127,2678,0
23128,2686,-1
23129,2687,1
23130,2665,-2
23131,2651,-2
23132,2660,-1
23133,2665,0
23134,2664,1
23135,2668,0
23136,2665,0
23137,2672,-2
23138,2670,0
23139,2665,-2
23140,2665,-1
23141,2667,1
23142,2672,-2
23143,2674,-2
23144,2679,0
23145,2681,-1
23146,2669,-1
23147,2652,-2
23148,2654,0
23149,2652,-2
23150,2660,-2
23151,2660,-1
23152,2666,-2
23153,2692,0
23154,2669,-2
23155,2669,-2
23156,2680,-1
23157,2689,0
23158,2682,0
23159,2679,0
23160,2676,-1
23161,2678,0
23162,2663,-1
23163,2644,-2
23164,2645,-1
23165,2656,-1
23166,2660,-2
23167,2661,1
23168,2663,-1
23169,2697,1
23170,2686,0
23171,2684,0
23172,2679,-1
23173,2687,-1
23174,2684,1
23175,2666,0
23176,2659,0
23177,2659,-2
23178,2649,-1
23179,2639,0
23180,2643,0
23181,2663,1
23182,2670,0
23183,2685,-1
23184,2683,0
23185,2695,-1
23186,2690,-2
23187,2684,-2
23188,2679,-1
23189,2663,0
23190,2652,-1
23191,2651,0
23192,2657,-1
23193,2662,-1
23194,2656,1
23195,2654,-2
23196,2660,1
23197,2674,0
23198,2677,-2
23199,2678,0
23200,2695,1
23201,2692,-1
23202,2681,-2
23203,2660,1
23204,2649,-2
23205,2663,0
23206,2654,1
23207,2650,1
23208,2657,-3
23209,2666,-2
23210,2656,-1
23211,2668,-2
23212,2672,0
23213,2678,0
23214,2686,-3
23215,2675,-2
23216,2683,0
23217,2686,1
23218,2664,-2
23219,2654,1
23220,2660,1
23221,2658,-4
23222,2653,-2
23223,2658,-1
23224,2657,0
23225,2682,1
23226,2671,-3
23227,2666,-2
23228,2664,0
23229,2677,-2
23230,2670,0
23231,2684,0
23232,2680,-2
23233,2682,0
23234,2669,-2
23235,2663,1
23236,2655,1
23237,2663,-2
23238,2660,1
23239,2657,0
23240,2672,1
23241,2671,0
23242,2668,0
23243,2673,1
23244,2669,-2
23245,2678,0
23246,2682,-2
23247,2686,0
23248,2670,0
23249,2671,-1
23250,2662,-2
23251,2653,0
23252,2657,-3
23253,2647,1
23254,2651,-2
23255,2656,1
23256,2672,-1
23257,2682,-1
23258,2683,0
23259,2688,-1
23260,2687,-2
23261,2692,-1
23262,2678,-2
23263,2678,-1
23264,2669,-1
23265,2658,1
23266,2646,1
23267,2645,0
23268,2641,1
23269,2661,0
23270,2665,1
23271,2676,0
23272,2684,0
23273,2696,-1
23274,2690,0
23275,2689,-1
23276,2682,0
23277,2669,-2
23278,2663,0
23279,2657,0
23280,2657,-2
23281,2663,-2
23282,2646,0
23283,2645,0
23284,2666,0
23285,2669,-3
23286,2682,-2
23287,2695,-1
23288,2691,-2
23289,2701,-1
23290,2691,-2
23291,2666,0
23292,2664,-2
23293,2654,1
23294,2661,-2
23295,2651,-3
23296,2653,0
23297,2654,-1
23298,2657,-3
23299,2669,-2
23300,2669,-2
23301,2684,-2
23302,2689,-1
23303,2689,-2
23304,2689,-1
23305,2688,-1
23306,2672,-1
23307,2658,1
23308,2655,-1
23309,2657,1
23310,2657,-2
23311,2659,-1
23312,2658,-2
23313,2669,0
23314,2666,1
23315,2668,-2
23316,2675,-2
23317,2678,1
23318,2686,1
23319,2679,-1
23320,2678,0
23321,2680,-1
23322,2670,1
23323,2657,0
23324,2661,0
23325,2656,0
23326,2654,1
23327,2666,-1
23328,2660,1
23329,2671,-1
23330,2672,0
23331,2666,0
23332,2668,-1
23333,2696,-2
23334,2675,-1
23335,2689,-1
23336,2675,-1
23337,2669,0
23338,2663,1
23339,2651,0
23340,2654,0
23341,2651,1
23342,2652,-1
23343,2657,-1
23344,2667,-1
23345,2689,-2
23346,2680,3
23347,2683,0
23348,2687,0
23349,2695,-2
23350,2686,-1
23351,2678,0
23352,2675,-2
23353,2667,0
23354,2659,0
23355,2638,-2
23356,2643,-1
23357,2651,-2
23358,2660,-2
23359,2675,-2
23360,2684,1
23361,2684,-1
23362,2692,-1
23363,2683,-1
23364,2696,-2
23365,2682,-1
23366,2663,1
23367,2659,-1
23368,2658,-1
23369,2657,-2
23370,2644,0
23371,2647,-2
23372,2649,0
23373,2680,-2
23374,2682,-2
23375,2684,-1
23376,2701,-1
23377,2708,0
23378,2686,0
23379,2681,-2
23380,2659,-2
23381,2660,0
23382,2656,1
23383,2643,-1
23384,2644,0
23385,2660,-2
23386,2666,0
23387,2658,0
23388,2676,1
23389,2689,-3
23390,2685,-1
23391,2689,1
23392,2687,0
23393,2696,-1
23394,2678,0
23395,2649,0
23396,2642,1
23397,2645,0
23398,2644,-1
23399,2655,-2
23400,2658,-1
23401,2665,-2
23402,2672,0
23403,2669,-2
23404,2684,1
23405,2687,0
23406,2685,-1
23407,2688,1
23408,2686,-1
23409,2684,-2
23410,2668,-1
23411,2655,-2
23412,2654,-2
23413,2660,-1
23414,2665,1
23415,2664,0
23416,2672,0
23417,2688,-1
23418,2681,-1
23419,2665,0
23420,2683,-2
23421,2683,1
23422,2676,0
23423,2693,1
23424,2684,-1
23425,2682,1
23426,2660,-2
23427,2655,0
23428,2655,-1
23429,2660,1
23430,2651,-1
23431,2665,-2
23432,2683,0
23433,2687,-1
23434,2681,-1
23435,2679,0
23436,2684,0
23437,2690,-1
23438,2686,-1
23439,2681,-1
23440,2672,1
23441,2663,-2
23442,2656,-2
23443,2637,1
23444,2646,-2
23445,2658,1
23446,2660,-2
23447,2668,-1
23448,2684,-1
23449,2694,-1
23450,2692,0
23451,2681,-2
23452,2693,-2
23453,2680,0
23454,2681,-2
23455,2660,0
23456,2657,-1
23457,2651,-2
23458,2645,0
23459,2646,1
23460,2654,1
23461,2667,-2
23462,2676,-2
23463,2695,0
23464,2707,1
23465,2706,-1
23466,2702,-1
23467,2682,-2
23468,2664,1
23469,2666,2
23470,2650,-2
23471,2656,-2
23472,2651,-2
23473,2663,0
23474,2659,-2
23475,2667,-1
23476,2680,-1
23477,2692,-2
23478,2692,0
23479,2692,-3
23480,2690,-2
23481,2689,1
23482,2680,0
23483,2654,-2
23484,2651,0
23485,2650,0
23486,2651,-2
23487,2657,-2
23488,2657,-3
23489,2672,-2
23490,2683,-2
23491,2681,0
23492,2686,-2
23493,2704,-2
23494,2681,-2
23495,2679,-1
23496,2671,-1
23497,2675,-2
23498,2669,-1
23499,2641,-1
23500,2657,-2
23501,2663,0
23502,2661,-1
23503,2665,0
23504,2674,-1
23505,2692,0
23506,2686,0
23507,2668,-2
23508,2672,-1
23509,2669,-3
23510,2675,0
23511,2677,-1
23512,2669,-1
23513,2671,0
23514,2658,-2
23515,2650,-2
23516,2657,-2
23517,2665,0
23518,2673,0
23519,2666,-1
23520,2674,-2
23521,2692,1
23522,2685,-2
23523,2673,-1
23524,2678,-2
23525,2686,1
23526,2678,-1
23527,2681,-1
23528,2664,-2
23529,2674,-1
23530,2670,-1
23531,2652,-1
23532,2663,0
23533,2661,1
23534,2670,1
23535,2675,0
23536,2672,0
23537,2685,-1
23538,2684,-1
23539,2673,1
23540,2681,-2
23541,2690,-2
23542,2672,-2
23543,2667,1
23544,2655,-2
23545,2669,-1
23546,2665,0
23547,2650,-2
23548,2653,1
23549,2667,-4
23550,2672,1
23551,2683,-2
23552,2692,-1
23553,2701,-2
23554,2693,0
23555,2673,-2
23556,2677,0
23557,2678,-1
23558,2660,-2
23559,2663,1
23560,2658,-1
23561,2665,0
23562,2670,0
23563,2652,-2
23564,2676,-1
23565,2679,0
23566,2690,0
23567,2678,1
23568,2686,0
23569,2694,0
23570,2682,-1
23571,2663,1
23572,2660,0
23573,2657,1
23574,2665,-1
23575,2653,1
23576,2660,-2
23577,2672,-1
23578,2675,-1
23579,2665,-2
23580,2676,0
23581,2686,-1
23582,2689,0
23583,2678,-2
23584,2682,0
23585,2688,1
23586,2674,-1
23587,2654,-1
23588,2655,2
23589,2653,0
23590,2669,2
23591,2664,-1
23592,2666,0
23593,2684,-1
23594,2682,-1
23595,2669,0
23596,2666,-1
23597,2672,0
23598,2684,-1
23599,2683,-2
23600,2670,2
23601,2677,-2
23602,2676,0
23603,2663,0
23604,2660,0
23605,2660,-1
23606,2672,-2
23607,2663,1
23608,2668,1
23609,2678,-2
23610,2683,-1
23611,2662,0
23612,2676,1
23613,2684,-2
23614,2691,-4
23615,2680,-1
23616,2677,0
23617,2686,-2
23618,2676,-1
23619,2666,-3
23620,2653,-1
23621,2653,0
23622,2654,-1
23623,2656,-2
23624,2675,1
23625,2681,-1
23626,2684,-2
23627,2678,1
23628,2685,0
23629,2696,1
23630,2689,-2
23631,2686,1
23632,2665,0
23633,2671,-2
23634,2666,-2
23635,2646,-2
23636,2651,-1
23637,2648,0
23638,2663,-1
23639,2672,-2
23640,2689,-1
23641,2707,1
23642,2701,-2
23643,2693,-1
23644,2692,-2
23645,2677,-2
23646,2678,1
23647,2666,-1
23648,2649,1
23649,2656,1
23650,2651,-1
23651,2636,1
23652,2660,0
23653,2676,0
23654,2675,-1
23655,2686,0
23656,2691,1
23657,2710,-1
23658,2699,-2
23659,2684,1
23660,2672,0
23661,2657,-1
23662,2658,0
23663,2648,1
23664,2660,1
23665,2659,-2
23666,2666,0
23667,2666,0
23668,2674,-2
23669,2694,-1
23670,2704,-2
23671,2699,-2
23672,2698,1
23673,2704,1
23674,2685,-1
23675,2660,-2
23676,2653,1
23677,2648,1
23678,2649,-1
23679,2648,-1
23680,2658,1
23681,2680,-2
23682,2675,0
23683,2679,-1
23684,2686,1
23685,2697,1
23686,2689,-3
23687,2695,1
23688,2682,-2
23689,2687,-2
23690,2671,-2
23691,2654,-2
23692,2655,0
23693,2659,-1
23694,2664,0
23695,2670,0
23696,2669,-2
23697,2688,-2
23698,2684,-1
23699,2684,-1
23700,2685,-1
23701,2675,-1
23702,2687,-2
23703,2676,-1
23704,2669,-1
23705,2678,3
23706,2666,-2
23707,2651,0
23708,2650,1
23709,2660,-2
23710,2667,0
23711,2667,-2
23712,2671,-2
23713,2700,-1
23714,2687,-1
23715,2687,-2
23716,2681,-2
23717,2683,-1
23718,2693,2
23719,2681,-2
23720,2676,0
23721,2675,-1
23722,2672,-2
23723,2650,-2
23724,2657,1
23725,2659,1
23726,2687,-2
23727,2678,-2
23728,2695,1
23729,2711,-1
23730,2707,0
23731,2698,0
23732,2690,0
23733,2689,1
23734,2671,-1
23735,2666,-2
23736,2657,-2
23737,2665,-2
23738,2665,-1
23739,2651,-2
23740,2656,0
23741,2675,-1
23742,2695,0
23743,2695,-1
23744,2705,-1
23745,2716,-1
23746,2702,0
23747,2686,-2
23748,2673,1
23749,2657,-1
23750,2654,-2
23751,2657,1
23752,2657,-3
23753,2670,1
23754,2672,0
23755,2665,1
23756,2684,-2
23757,2689,-1
23758,2698,-2
23759,2696,1
23760,2701,-1
23761,2701,-2
23762,2680,0
23763,2662,-2
23764,2646,-2
23765,2652,0
23766,2657,0
23767,2657,0
23768,2672,2
23769,2684,-1
23770,2688,-1
23771,2689,-1
23772,2689,-1
23773,2696,0
23774,2689,-1
23775,2684,0
23776,2681,-1
23777,2676,-1
23778,2663,-1
23779,2654,0
23780,2661,-1
23781,2657,-1
23782,2662,-1
23783,2669,-2
23784,2684,0
23785,2713,-1
23786,2689,0
23787,2678,-2
23788,2689,-1
23789,2680,-2
23790,2679,-2
23791,2674,-2
23792,2667,-2
23793,2684,-2
23794,2662,1
23795,2659,0
23796,2660,-2
23797,2660,-2
23798,2671,-2
23799,2671,-1
23800,2679,-2
23801,2695,-1
23802,2682,0
23803,2684,-2
23804,2675,-1
23805,2684,-1
23806,2678,1
23807,2672,0
23808,2673,1
23809,2686,1
23810,2672,-1
23811,2669,-2
23812,2659,-1
23813,2655,-2
23814,2679,0
23815,2674,0
23816,2673,-2
23817,2705,0
23818,2689,1
23819,2698,-1
23820,2681,1
23821,2680,-1
23822,2681,-2
23823,2672,0
23824,2661,-2
23825,2675,2
23826,2658,-1
23827,2658,1
23828,2665,1
23829,2672,1
23830,2684,-1
23831,2693,1
23832,2696,-2
23833,2709,-2
23834,2699,0
23835,2682,0
23836,2675,0
23837,2665,-2
23838,2652,0
23839,2656,1
23840,2669,0
23841,2671,-1
23842,2666,1
23843,2662,-1
23844,2675,-1
23845,2692,-2
23846,2697,0
23847,2692,-2
23848,2695,0
23849,2703,-1
23850,2676,0
23851,2669,-1
23852,2654,0
23853,2657,0
23854,2652,0
23855,2650,-1
23856,2664,-1
23857,2684,-1
23858,2689,0
23859,2685,1
23860,2687,0
23861,2687,-3
23862,2692,0
23863,2690,0
23864,2676,-2
23865,2694,0
23866,2672,1
23867,2659,1
23868,2664,-1
23869,2664,0
23870,2670,-2
23871,2681,1
23872,2677,-2
23873,2701,1
23874,2692,-3
23875,2689,1
23876,2679,1
23877,2675,2
23878,2684,-1
23879,2678,-2
23880,2670,-2
23881,2684,0
23882,2666,-1
23883,2669,0
23884,2663,1
23885,2659,-1
23886,2672,-1
23887,2677,-1
23888,2685,-2
23889,2699,-1
23890,2681,1
23891,2678,0
23892,2678,4
23893,2675,1
23894,2678,-1
23895,2681,0
23896,2673,0
23897,2684,-1
23898,2679,1
23899,2666,1
23900,2670,0
23901,2658,-2
23902,2674,0
23903,2672,1
23904,2680,2
23905,2699,0
23906,2689,-2
23907,2684,-1
23908,2674,-2
23909,2680,-2
23910,2681,1
23911,2675,1
23912,2673,-1
23913,2684,-2
23914,2661,0
23915,2666,-1
23916,2665,1
23917,2666,-1
23918,2675,1
23919,2692,0
23920,2689,0
23921,2701,1
23922,2701,2
23923,2692,0
23924,2688,0
23925,2675,1
23926,2678,-1
23927,2668,-1
23928,2657,-2
23929,2674,1
23930,2670,-2
23931,2660,1
23932,2671,-2
23933,2688,-2
23934,2695,1
23935,2689,0
23936,2694,-4
23937,2707,-2
23938,2689,0
23939,2668,-2
23940,2671,-1
23941,2658,-2
23942,2666,0
23943,2661,-4
23944,2662,-2
23945,2683,0
23946,2680,-2
23947,2683,0
23948,2692,0
23949,2688,-1
23950,2698,-2
23951,2689,0
23952,2698,-1
23953,2698,0
23954,2675,-1
23955,2663,1
23956,2663,1
23957,2658,0
23958,2667,-2
23959,2674,-1
23960,2676,-1
23961,2693,-1
23962,2693,-1
23963,2692,-1
23964,2684,0
23965,2684,1
23966,2686,0
23967,2684,-2
23968,2681,1
23969,2683,-1
23970,2669,0
23971,2675,0
23972,2663,-2
23973,2666,-1
23974,2678,-1
23975,2689,1
23976,2690,-1
23977,2700,0
23978,2688,-1
23979,2694,-1
23980,2679,-1
23981,2685,0
23982,2684,-1
23983,2683,0
23984,2669,-2
23985,2693,-2
23986,2681,-1
23987,2670,1
23988,2671,-1
23989,2657,1
23990,2673,0
23991,2674,-2
23992,2675,2
23993,2697,1
23994,2678,0
23995,2686,-1
23996,2697,-1
23997,2684,1
23998,2686,-2
23999,2685,1
