Index,TemperatureRaw16,VGNDRaw16
0,120,0
1,136,0
2,131,0
3,136,0
4,126,0
5,123,0
6,126,0
7,124,0
8,126,0
9,123,0
10,119,0
11,121,0
12,134,0
13,124,0
14,127,0
15,130,0
16,131,0
17,132,0
18,126,0
19,121,0
20,128,0
21,123,0
22,134,0
23,127,0
24,124,0
25,123,0
26,115,0
27,118,0
28,133,0
29,121,0
30,132,0
31,131,0
32,123,0
33,126,0
34,122,0
35,122,0
36,123,0
37,118,0
38,120,0
39,126,0
40,131,0
41,128,0
42,130,0
43,125,0
44,126,0
45,135,0
46,118,0
47,128,0
48,122,0
49,123,0
50,128,0
51,126,0
52,117,0
53,128,0
54,114,0
55,122,0
56,127,0
57,119,0
58,123,0
59,116,0
60,132,0
61,125,0
62,128,0
63,128,0
64,121,0
65,127,0
66,124,0
67,124,0
68,124,0
69,126,0
70,127,0
71,119,0
72,130,0
73,122,0
74,119,0
75,125,0
76,123,0
77,124,0
78,122,0
79,121,0
80,125,0
81,124,0
82,129,0
83,119,0
84,129,0
85,121,0
86,123,0
87,126,0
88,123,0
89,123,0
90,123,0
91,127,0
92,128,0
93,126,0
94,123,0
95,124,0
96,117,0
97,136,0
98,132,0
99,118,0
100,118,0
101,131,0
102,127,0
103,132,0
104,126,0
105,117,0
106,118,0
107,116,0
108,131,0
109,126,0
110,125,0
111,122,0
112,127,0
113,125,0
114,123,0
115,129,0
116,128,0
117,119,0
118,122,0
119,122,0
120,124,0
121,135,0
122,135,0
123,121,0
124,125,0
125,127,0
126,125,0
127,124,0
128,117,0
129,131,0
130,122,0
131,122,0
132,125,0
133,119,0
134,118,0
135,132,0
136,130,0
137,125,0
138,129,0
139,129,0
140,125,0
141,130,0
142,129,0
143,133,0
144,139,0
145,133,0
146,122,0
147,132,0
148,120,0
149,125,0
150,130,0
151,127,0
152,128,0
153,120,0
154,119,0
155,126,0
156,122,0
157,122,0
158,123,0
159,123,0
160,125,0
161,131,0
162,120,0
163,132,0
164,132,0
165,116,0
166,124,0
167,123,0
168,122,0
169,117,0
170,125,0
171,122,0
172,123,0
173,125,0
174,125,0
175,122,0
176,129,0
177,126,0
178,123,0
179,133,0
180,132,0
181,125,0
182,118,0
183,125,0
184,128,0
185,124,0
186,124,0
187,130,0
188,121,0
189,124,0
190,120,0
191,123,0
192,125,0
193,124,0
194,128,0
195,123,0
196,124,0
197,122,0
198,130,0
199,122,0
200,128,0
201,124,0
202,131,0
203,130,0
204,133,0
205,130,0
206,136,0
207,131,0
208,141,0
209,138,0
210,145,0
211,143,0
212,145,0
213,158,0
214,147,0
215,153,0
216,157,0
217,157,0
218,157,0
219,161,0
220,156,0
221,159,0
222,173,0
223,171,0
224,164,0
225,168,0
226,177,0
227,173,0
228,185,0
229,173,0
230,171,0
231,175,0
232,176,0
233,180,0
234,180,0
235,179,0
236,186,0
237,198,0
238,185,0
239,190,0
240,189,0
241,194,0
242,185,0
243,195,0
244,187,0
245,202,0
246,197,0
247,207,0
248,192,0
249,204,0
250,204,0
251,205,0
252,211,0
253,200,0
254,213,0
255,219,0
256,213,0
257,218,0
258,220,0
259,224,0
260,222,0
261,225,0
262,223,0
263,225,0
264,229,0
265,237,0
266,227,0
267,226,0
268,234,0
269,230,0
270,237,0
271,230,0
272,238,0
273,240,0
274,239,0
275,250,0
276,254,0
277,248,0
278,250,0
279,238,0
280,243,0
281,251,0
282,237,0
283,248,0
284,251,0
285,255,0
286,261,0
287,262,0
288,250,0
289,264,0
290,267,0
291,259,0
292,265,0
293,261,0
294,260,0
295,268,0
296,266,0
297,264,0
298,268,0
299,272,0
300,263,0
301,266,0
302,279,0
303,281,0
304,280,0
305,285,0
306,276,0
307,279,0
308,290,0
309,279,0
310,279,0
311,276,0
312,288,0
313,286,0
314,287,0
315,291,0
316,294,0
317,284,0
318,288,0
319,293,0
320,284,0
321,299,0
322,294,0
323,299,0
324,297,0
325,293,0
326,302,0
327,309,0
328,303,0
329,303,0
330,310,0
331,305,0
332,299,0
333,311,0
334,302,0
335,307,0
336,313,0
337,313,0
338,317,0
339,311,0
340,318,0
341,315,0
342,316,0
343,321,0
344,315,0
345,316,0
346,316,0
347,328,0
348,312,0
349,326,0
350,329,0
351,314,0
352,327,0
353,321,0
354,325,0
355,326,0
356,330,0
357,325,0
358,323,0
359,329,0
360,335,0
361,336,0
362,333,0
363,338,0
364,340,0
365,339,0
366,339,0
367,329,0
368,343,0
369,346,0
370,333,0
371,344,0
372,344,0
373,333,0
374,349,0
375,350,0
376,351,0
377,341,0
378,337,0
379,342,0
380,346,0
381,358,0
382,352,0
383,349,0
384,356,0
385,362,0
386,355,0
387,354,0
388,361,0
389,357,0
390,358,0
391,357,0
392,350,0
393,365,0
394,361,0
395,361,0
396,374,0
397,364,0
398,366,0
399,370,0
400,366,0
401,365,0
402,370,0
403,383,0
404,372,0
405,371,0
406,378,0
407,371,0
408,371,0
409,374,0
410,376,0
411,379,0
412,383,0
413,380,0
414,384,0
415,379,0
416,375,0
417,379,0
418,376,0
419,379,0
420,381,0
421,375,0
422,381,0
423,380,0
424,383,0
425,386,0
426,383,0
427,378,0
428,381,0
429,394,0
430,378,0
431,383,0
432,397,0
433,385,0
434,393,0
435,393,0
436,398,0
437,400,0
438,397,0
439,392,0
440,393,0
441,395,0
442,388,0
443,386,0
444,401,0
445,401,0
446,394,0
447,399,0
448,395,0
449,400,0
450,400,0
451,395,0
452,398,0
453,407,0
454,400,0
455,407,0
456,412,0
457,405,0
458,400,0
459,403,0
460,396,0
461,404,0
462,406,0
463,403,0
464,407,0
465,405,0
466,414,0
467,413,0
468,417,0
469,415,0
470,417,0
471,408,0
472,419,0
473,415,0
474,414,0
475,411,0
476,416,0
477,420,0
478,426,0
479,415,0
480,420,0
481,417,0
482,420,0
483,421,0
484,423,0
485,418,0
486,415,0
487,418,0
488,416,0
489,420,0
490,418,0
491,422,0
492,424,0
493,420,0
494,432,0
495,426,0
496,424,0
497,427,0
498,421,0
499,420,0
500,424,0
501,426,0
502,434,0
503,422,0
504,435,0
505,437,0
506,429,0
507,428,0
508,424,0
509,433,0
510,436,0
511,431,0
512,428,0
513,436,0
514,435,0
515,437,0
516,431,0
517,441,0
518,437,0
519,438,0
520,439,0
521,438,0
522,435,0
523,439,0
524,444,0
525,440,0
526,442,0
527,441,0
528,446,0
529,433,0
530,442,0
531,446,0
532,445,0
533,446,0
534,444,0
535,444,0
536,446,0
537,442,0
538,446,0
539,452,0
540,438,0
541,438,0
542,453,0
543,445,0
544,455,0
545,457,0
546,458,0
547,451,0
548,453,0
549,443,0
550,454,0
551,450,0
552,458,0
553,456,0
554,462,0
555,453,0
556,450,0
557,456,0
558,454,0
559,461,0
560,456,0
561,455,0
562,459,0
563,461,0
564,458,0
565,450,0
566,461,0
567,451,0
568,462,0
569,460,0
570,472,0
571,467,0
572,462,0
573,466,0
574,464,0
575,465,0
576,464,0
577,470,0
578,463,0
579,462,0
580,470,0
581,463,0
582,471,0
583,467,0
584,467,0
585,462,0
586,461,0
587,466,0
588,460,0
589,472,0
590,461,0
591,467,0
592,462,0
593,469,0
594,478,0
595,471,0
596,474,0
597,476,0
598,471,0
599,468,0
600,475,0
601,468,0
602,464,0
603,476,0
604,470,0
605,471,0
606,472,0
607,474,0
608,469,0
609,475,0
610,473,0
611,478,0
612,462,0
613,474,0
614,471,0
615,478,0
616,483,0
617,479,0
618,476,0
619,478,0
620,482,0
621,474,0
622,483,0
623,486,0
624,485,0
625,483,0
626,481,0
627,473,0
628,493,0
629,489,0
630,480,0
631,481,0
632,483,0
633,476,0
634,482,0
635,484,0
636,489,0
637,479,0
638,481,0
639,482,0
640,479,0
641,485,0
642,477,0
643,489,0
644,487,0
645,486,0
646,472,0
647,486,0
648,490,0
649,487,0
650,483,0
651,487,0
652,487,0
653,488,0
654,491,0
655,492,0
656,487,0
657,485,0
658,485,0
659,494,0
660,497,0
661,480,0
662,496,0
663,483,0
664,492,0
665,491,0
666,483,0
667,487,0
668,491,0
669,497,0
670,487,0
671,490,0
672,502,0
673,491,0
674,497,0
675,491,0
676,493,0
677,493,0
678,491,0
679,491,0
680,492,0
681,496,0
682,498,0
683,490,0
684,495,0
685,500,0
686,499,0
687,498,0
688,496,0
689,491,0
690,490,0
691,496,0
692,495,0
693,494,0
694,505,0
695,496,0
696,498,0
697,492,0
698,501,0
699,491,0
700,496,0
701,505,0
702,496,0
703,498,0
704,493,0
705,505,0
706,503,0
707,503,0
708,507,0
709,511,0
710,506,0
711,500,0
712,509,0
713,492,0
714,500,0
715,512,0
716,501,0
717,496,0
718,500,0
719,505,0
720,506,0
721,512,0
722,505,0
723,509,0
724,505,0
725,508,0
726,505,0
727,511,0
728,504,0
729,516,0
730,508,0
731,506,0
732,508,0
733,511,0
734,508,0
735,508,0
736,512,0
737,507,0
738,509,0
739,513,0
740,503,0
741,514,0
742,499,0
743,510,0
744,513,0
745,514,0
746,510,0
747,512,0
748,506,0
749,505,0
750,505,0
751,511,0
752,507,0
753,506,0
754,510,0
755,513,0
756,512,0
757,512,0
758,517,0
759,510,0
760,510,0
761,506,0
762,513,0
763,515,0
764,511,0
765,515,0
766,512,0
767,517,0
768,517,0
769,507,0
770,516,0
771,513,0
772,522,0
773,513,0
774,515,0
775,522,0
776,508,0
777,522,0
778,521,0
779,524,0
780,512,0
781,517,0
782,513,0
783,520,0
784,513,0
785,517,0
786,520,0
787,517,0
788,525,0
789,509,0
790,518,0
791,519,0
792,518,0
793,509,0
794,510,0
795,523,0
796,529,0
797,520,0
798,515,0
799,518,0
800,525,0
801,513,0
802,516,0
803,521,0
804,523,0
805,530,0
806,527,0
807,521,0
808,534,0
809,523,0
810,512,0
811,525,0
812,519,0
813,519,0
814,528,0
815,516,0
816,527,0
817,525,0
818,528,0
819,528,0
820,523,0
821,518,0
822,526,0
823,526,0
824,520,0
825,513,0
826,522,0
827,520,0
828,523,0
829,534,0
830,520,0
831,526,0
832,521,0
833,525,0
834,529,0
835,528,0
836,533,0
837,516,0
838,528,0
839,528,0
840,525,0
841,528,0
842,526,0
843,530,0
844,522,0
845,519,0
846,530,0
847,525,0
848,526,0
849,525,0
850,521,0
851,529,0
852,519,0
853,527,0
854,523,0
855,529,0
856,536,0
857,517,0
858,525,0
859,531,0
860,527,0
861,531,0
862,532,0
863,524,0
864,523,0
865,524,0
866,526,0
867,529,0
868,536,0
869,535,0
870,519,0
871,524,0
872,526,0
873,530,0
874,525,0
875,538,0
876,524,0
877,530,0
878,533,0
879,531,0
880,543,0
881,536,0
882,532,0
883,526,0
884,528,0
885,521,0
886,539,0
887,537,0
888,539,0
889,534,0
890,535,0
891,530,0
892,527,0
893,535,0
894,532,0
895,530,0
896,528,0
897,537,0
898,540,0
899,540,0
900,541,0
901,535,0
902,536,0
903,537,0
904,530,0
905,531,0
906,538,0
907,536,0
908,531,0
909,536,0
910,533,0
911,536,0
912,534,0
913,532,0
914,547,0
915,532,0
916,536,0
917,541,0
918,522,0
919,540,0
920,533,0
921,534,0
922,538,0
923,542,0
924,532,0
925,529,0
926,525,0
927,535,0
928,537,0
929,533,0
930,540,0
931,544,0
932,534,0
933,536,0
934,532,0
935,539,0
936,536,0
937,536,0
938,547,0
939,537,0
940,533,0
941,540,0
942,540,0
943,539,0
944,540,0
945,535,0
946,530,0
947,547,0
948,532,0
949,540,0
950,534,0
951,544,0
952,542,0
953,545,0
954,542,0
955,540,0
956,544,0
957,539,0
958,549,0
959,542,0
960,533,0
961,537,0
962,548,0
963,536,0
964,542,0
965,543,0
966,554,0
967,546,0
968,536,0
969,537,0
970,544,0
971,549,0
972,544,0
973,540,0
974,541,0
975,544,0
976,542,0
977,548,0
978,544,0
979,543,0
980,543,0
981,552,0
982,543,0
983,542,0
984,541,0
985,541,0
986,544,0
987,532,0
988,540,0
989,548,0
990,537,0
991,542,0
992,550,0
993,539,0
994,538,0
995,541,0
996,543,0
997,546,0
998,543,0
999,547,0
1000,540,0
1001,545,0
1002,534,0
1003,544,0
1004,549,0
1005,547,0
1006,544,0
1007,546,0
1008,550,0
1009,544,0
1010,551,0
1011,550,0
1012,546,0
1013,544,0
1014,538,0
1015,549,0
1016,549,0
1017,550,0
1018,549,0
1019,539,0
1020,545,0
1021,547,0
1022,543,0
1023,546,0
1024,539,0
1025,546,0
1026,548,0
1027,555,0
1028,553,0
1029,534,0
1030,542,0
1031,553,0
1032,540,0
1033,550,0
1034,543,0
1035,546,0
1036,549,0
1037,543,0
1038,542,0
1039,544,0
1040,549,0
1041,547,0
1042,541,0
1043,561,0
1044,547,0
1045,542,0
1046,549,0
1047,556,0
1048,549,0
1049,543,0
1050,545,0
1051,549,0
1052,550,0
1053,548,0
1054,549,0
1055,555,0
1056,539,0
1057,545,0
1058,552,0
1059,555,0
1060,549,0
1061,548,0
1062,554,0
1063,552,0
1064,550,0
1065,545,0
1066,543,0
1067,552,0
1068,549,0
1069,541,0
1070,552,0
1071,543,0
1072,547,0
1073,549,0
1074,548,0
1075,547,0
1076,552,0
1077,548,0
1078,552,0
1079,546,0
1080,546,0
1081,550,0
1082,538,0
1083,554,0
1084,550,0
1085,551,0
1086,547,0
1087,553,0
1088,556,0
1089,553,0
1090,550,0
1091,555,0
1092,550,0
1093,556,0
1094,548,0
1095,551,0
1096,553,0
1097,557,0
1098,554,0
1099,552,0
1100,546,0
1101,553,0
1102,543,0
1103,555,0
1104,557,0
1105,561,0
1106,557,0
1107,553,0
1108,554,0
1109,552,0
1110,553,0
1111,548,0
1112,548,0
1113,549,0
1114,558,0
1115,550,0
1116,558,0
1117,551,0
1118,551,0
1119,552,0
1120,563,0
1121,550,0
1122,556,0
1123,556,0
1124,551,0
1125,553,0
1126,544,0
1127,553,0
1128,558,0
1129,552,0
1130,547,0
1131,555,0
1132,558,0
1133,557,0
1134,551,0
1135,557,0
1136,553,0
1137,556,0
1138,548,0
1139,563,0
1140,555,0
1141,552,0
1142,559,0
1143,554,0
1144,558,0
1145,557,0
1146,557,0
1147,555,0
1148,558,0
1149,562,0
1150,553,0
1151,548,0
1152,550,0
1153,558,0
1154,545,0
1155,560,0
1156,560,0
1157,557,0
1158,559,0
1159,557,0
1160,551,0
1161,556,0
1162,557,0
1163,550,0
1164,558,0
1165,550,0
1166,560,0
1167,551,0
1168,552,0
1169,558,0
1170,555,0
1171,548,0
1172,563,0
1173,555,0
1174,556,0
1175,558,0
1176,565,0
1177,551,0
1178,557,0
1179,553,0
1180,553,0
1181,551,0
1182,551,0
1183,556,0
1184,551,0
1185,551,0
1186,550,0
1187,558,0
1188,555,0
1189,548,0
1190,566,0
1191,553,0
1192,553,0
1193,550,0
1194,559,0
1195,553,0
1196,552,0
1197,559,0
1198,566,0
1199,557,0
1200,552,0
1201,560,0
1202,556,0
1203,548,0
1204,559,0
1205,559,0
1206,554,0
1207,546,0
1208,551,0
1209,556,0
1210,554,0
1211,552,0
1212,550,0
1213,552,0
1214,561,0
1215,566,0
1216,568,0
1217,556,0
1218,557,0
1219,554,0
1220,554,0
1221,562,0
1222,556,0
1223,547,0
1224,562,0
1225,555,0
1226,561,0
1227,553,0
1228,557,0
1229,559,0
1230,562,0
1231,560,0
1232,557,0
1233,555,0
1234,557,0
1235,559,0
1236,564,0
1237,557,0
1238,554,0
1239,556,0
1240,561,0
1241,555,0
1242,562,0
1243,559,0
1244,569,0
1245,553,0
1246,564,0
1247,570,0
1248,555,0
1249,558,0
1250,553,0
1251,570,0
1252,562,0
1253,555,0
1254,561,0
1255,560,0
1256,561,0
1257,569,0
1258,558,0
1259,564,0
1260,558,0
1261,567,0
1262,555,0
1263,560,0
1264,560,0
1265,566,0
1266,557,0
1267,557,0
1268,554,0
1269,557,0
1270,557,0
1271,553,0
1272,564,0
1273,558,0
1274,564,0
1275,562,0
1276,562,0
1277,561,0
1278,565,0
1279,553,0
1280,566,0
1281,565,0
1282,566,0
1283,557,0
1284,565,0
1285,558,0
1286,569,0
1287,568,0
1288,564,0
1289,560,0
1290,561,0
1291,551,0
1292,559,0
1293,556,0
1294,564,0
1295,563,0
1296,550,0
1297,558,0
1298,554,0
1299,558,0
1300,557,0
1301,566,0
1302,565,0
1303,554,0
1304,555,0
1305,557,0
1306,558,0
1307,564,0
1308,563,0
1309,565,0
1310,565,0
1311,556,0
1312,568,0
1313,563,0
1314,561,0
1315,566,0
1316,560,0
1317,572,0
1318,558,0
1319,555,0
1320,560,0
1321,564,0
1322,565,0
1323,560,0
1324,560,0
1325,566,0
1326,568,0
1327,567,0
1328,568,0
1329,560,0
1330,559,0
1331,565,0
1332,567,0
1333,553,0
1334,566,0
1335,563,0
1336,568,0
1337,566,0
1338,559,0
1339,555,0
1340,563,0
1341,563,0
1342,561,0
1343,569,0
1344,568,0
1345,565,0
1346,566,0
1347,562,0
1348,556,0
1349,569,0
1350,564,0
1351,556,0
1352,568,0
1353,561,0
1354,565,0
1355,565,0
1356,560,0
1357,568,0
1358,564,0
1359,569,0
1360,562,0
1361,570,0
1362,571,0
1363,566,0
1364,558,0
1365,562,0
1366,567,0
1367,561,0
1368,565,0
1369,575,0
1370,568,0
1371,556,0
1372,573,0
1373,560,0
1374,567,0
1375,567,0
1376,568,0
1377,558,0
1378,571,0
1379,565,0
1380,568,0
1381,570,0
1382,569,0
1383,567,0
1384,567,0
1385,578,0
1386,562,0
1387,570,0
1388,563,0
1389,570,0
1390,566,0
1391,564,0
1392,562,0
1393,565,0
1394,559,0
1395,571,0
1396,567,0
1397,561,0
1398,565,0
1399,567,0
1400,566,0
1401,564,0
1402,563,0
1403,564,0
1404,571,0
1405,563,0
1406,566,0
1407,568,0
1408,572,0
1409,569,0
1410,565,0
1411,569,0
1412,566,0
1413,569,0
1414,564,0
1415,568,0
1416,571,0
1417,565,0
1418,573,0
1419,572,0
1420,576,0
1421,568,0
1422,573,0
1423,575,0
1424,562,0
1425,569,0
1426,567,0
1427,567,0
1428,568,0
1429,565,0
1430,560,0
1431,569,0
1432,562,0
1433,572,0
1434,568,0
1435,574,0
1436,563,0
1437,568,0
1438,564,0
1439,565,0
1440,567,0
1441,569,0
1442,574,0
1443,576,0
1444,563,0
1445,573,0
1446,568,0
1447,575,0
1448,573,0
1449,566,0
1450,568,0
1451,575,0
1452,559,0
1453,574,0
1454,575,0
1455,570,0
1456,571,0
1457,572,0
1458,566,0
1459,563,0
1460,579,0
1461,563,0
1462,569,0
1463,564,0
1464,572,0
1465,566,0
1466,562,0
1467,568,0
1468,571,0
1469,571,0
1470,572,0
1471,564,0
1472,558,0
1473,562,0
1474,559,0
1475,563,0
1476,578,0
1477,562,0
1478,572,0
1479,566,0
1480,568,0
1481,570,0
1482,565,0
1483,564,0
1484,568,0
1485,567,0
1486,572,0
1487,556,0
1488,568,0
1489,572,0
1490,575,0
1491,567,0
1492,576,0
1493,576,0
1494,573,0
1495,579,0
1496,576,0
1497,566,0
1498,566,0
1499,563,0
1500,569,0
1501,575,0
1502,582,0
1503,571,0
1504,570,0
1505,569,0
1506,568,0
1507,561,0
1508,567,0
1509,571,0
1510,579,0
1511,567,0
1512,572,0
1513,574,0
1514,576,0
1515,572,0
1516,568,0
1517,570,0
1518,565,0
1519,580,0
1520,574,0
1521,567,0
1522,567,0
1523,569,0
1524,574,0
1525,579,0
1526,574,0
1527,580,0
1528,568,0
1529,567,0
1530,569,0
1531,567,0
1532,568,0
1533,577,0
1534,578,0
1535,578,0
1536,575,0
1537,569,0
1538,567,0
1539,565,0
1540,573,0
1541,564,0
1542,569,0
1543,570,0
1544,570,0
1545,572,0
1546,562,0
1547,570,0
1548,576,0
1549,576,0
1550,572,0
1551,571,0
1552,571,0
1553,566,0
1554,576,0
1555,582,0
1556,577,0
1557,580,0
1558,576,0
1559,575,0
1560,573,0
1561,569,0
1562,565,0
1563,573,0
1564,569,0
1565,575,0
1566,573,0
1567,568,0
1568,575,0
1569,584,0
1570,561,0
1571,573,0
1572,572,0
1573,578,0
1574,570,0
1575,581,0
1576,564,0
1577,568,0
1578,575,0
1579,570,0
1580,578,0
1581,567,0
1582,580,0
1583,575,0
1584,577,0
1585,569,0
1586,575,0
1587,574,0
1588,578,0
1589,567,0
1590,572,0
1591,579,0
1592,577,0
1593,574,0
1594,573,0
1595,578,0
1596,569,0
1597,582,0
1598,577,0
1599,572,0
1600,570,0
1601,579,0
1602,564,0
1603,573,0
1604,562,0
1605,569,0
1606,580,0
1607,580,0
1608,570,0
1609,575,0
1610,580,0
1611,573,0
1612,574,0
1613,576,0
1614,567,0
1615,572,0
1616,570,0
1617,577,0
1618,577,0
1619,575,0
1620,571,0
1621,569,0
1622,576,0
1623,572,0
1624,571,0
1625,576,0
1626,575,0
1627,579,0
1628,572,0
1629,568,0
1630,577,0
1631,571,0
1632,577,0
1633,575,0
1634,573,0
1635,585,0
1636,577,0
1637,581,0
1638,574,0
1639,570,0
1640,572,0
1641,577,0
1642,567,0
1643,573,0
1644,574,0
1645,580,0
1646,567,0
1647,578,0
1648,576,0
1649,576,0
1650,582,0
1651,578,0
1652,576,0
1653,579,0
1654,568,0
1655,575,0
1656,575,0
1657,569,0
1658,572,0
1659,574,0
1660,574,0
1661,570,0
1662,572,0
1663,570,0
1664,576,0
1665,580,0
1666,574,0
1667,565,0
1668,580,0
1669,576,0
1670,572,0
1671,570,0
1672,574,0
1673,583,0
1674,576,0
1675,576,0
1676,572,0
1677,577,0
1678,574,0
1679,571,0
1680,580,0
1681,580,0
1682,579,0
1683,576,0
1684,576,0
1685,584,0
1686,578,0
1687,567,0
1688,576,0
1689,575,0
1690,581,0
1691,578,0
1692,575,0
1693,583,0
1694,584,0
1695,579,0
1696,574,0
1697,591,0
1698,577,0
1699,575,0
1700,577,0
1701,571,0
1702,583,0
1703,565,0
1704,582,0
1705,576,0
1706,582,0
1707,566,0
1708,581,0
1709,568,0
1710,577,0
1711,572,0
1712,563,0
1713,579,0
1714,571,0
1715,576,0
1716,575,0
1717,572,0
1718,578,0
1719,580,0
1720,576,0
1721,577,0
1722,580,0
1723,585,0
1724,575,0
1725,584,0
1726,572,0
1727,577,0
1728,577,0
1729,573,0
1730,582,0
1731,577,0
1732,576,0
1733,576,0
1734,574,0
1735,578,0
1736,579,0
1737,580,0
1738,581,0
1739,585,0
1740,575,0
1741,575,0
1742,575,0
1743,580,0
1744,575,0
1745,580,0
1746,580,0
1747,572,0
1748,579,0
1749,573,0
1750,573,0
1751,573,0
1752,575,0
1753,577,0
1754,577,0
1755,580,0
1756,573,0
1757,576,0
1758,581,0
1759,572,0
1760,576,0
1761,573,0
1762,585,0
1763,573,0
1764,586,0
1765,580,0
1766,582,0
1767,579,0
1768,574,0
1769,585,0
1770,574,0
1771,564,0
1772,576,0
1773,568,0
1774,577,0
1775,576,0
1776,579,0
1777,577,0
1778,580,0
1779,577,0
1780,578,0
1781,579,0
1782,579,0
1783,578,0
1784,576,0
1785,577,0
1786,588,0
1787,577,0
1788,585,0
1789,578,0
1790,583,0
1791,571,0
1792,574,0
1793,577,0
1794,572,0
1795,578,0
1796,578,0
1797,563,0
1798,578,0
1799,575,0
1800,585,0
1801,584,0
1802,575,0
1803,570,0
1804,582,0
1805,587,0
1806,586,0
1807,584,0
1808,573,0
1809,578,0
1810,589,0
1811,579,0
1812,580,0
1813,588,0
1814,579,0
1815,583,0
1816,574,0
1817,576,0
1818,579,0
1819,581,0
1820,578,0
1821,583,0
1822,573,0
1823,576,0
1824,592,0
1825,583,0
1826,583,0
1827,575,0
1828,581,0
1829,582,0
1830,584,0
1831,584,0
1832,585,0
1833,577,0
1834,571,0
1835,583,0
1836,580,0
1837,576,0
1838,585,0
1839,578,0
1840,580,0
1841,573,0
1842,577,0
1843,572,0
1844,575,0
1845,577,0
1846,589,0
1847,568,0
1848,573,0
1849,572,0
1850,577,0
1851,583,0
1852,582,0
1853,584,0
1854,585,0
1855,574,0
1856,586,0
1857,583,0
1858,587,0
1859,584,0
1860,584,0
1861,577,0
1862,579,0
1863,579,0
1864,578,0
1865,581,0
1866,578,0
1867,582,0
1868,572,0
1869,588,0
1870,573,0
1871,584,0
1872,583,0
1873,584,0
1874,580,0
1875,583,0
1876,568,0
1877,573,0
1878,582,0
1879,577,0
1880,583,0
1881,586,0
1882,577,0
1883,584,0
1884,580,0
1885,584,0
1886,594,0
1887,579,0
1888,578,0
1889,581,0
1890,590,0
1891,578,0
1892,587,0
1893,583,0
1894,581,0
1895,582,0
1896,572,0
1897,584,0
1898,578,0
1899,587,0
1900,583,0
1901,582,0
1902,576,0
1903,583,0
1904,585,0
1905,584,0
1906,574,0
1907,578,0
1908,577,0
1909,589,0
1910,575,0
1911,588,0
1912,584,0
1913,585,0
1914,593,0
1915,590,0
1916,577,0
1917,578,0
1918,588,0
1919,588,0
1920,585,0
1921,581,0
1922,585,0
1923,578,0
1924,575,0
1925,586,0
1926,579,0
1927,588,0
1928,579,0
1929,583,0
1930,584,0
1931,585,0
1932,588,0
1933,577,0
1934,581,0
1935,588,0
1936,582,0
1937,581,0
1938,584,0
1939,573,0
1940,579,0
1941,576,0
1942,587,0
1943,577,0
1944,569,0
1945,583,0
1946,584,0
1947,586,0
1948,580,0
1949,572,0
1950,583,0
1951,581,0
1952,581,0
1953,583,0
1954,582,0
1955,584,0
1956,579,0
1957,582,0
1958,585,0
1959,584,0
1960,578,0
1961,583,0
1962,580,0
1963,585,0
1964,583,0
1965,584,0
1966,573,0
1967,582,0
1968,585,0
1969,573,0
1970,579,0
1971,591,0
1972,578,0
1973,582,0
1974,589,0
1975,577,0
1976,588,0
1977,579,0
1978,587,0
1979,588,0
1980,581,0
1981,588,0
1982,584,0
1983,579,0
1984,580,0
1985,573,0
1986,594,0
1987,584,0
1988,586,0
1989,581,0
1990,588,0
1991,591,0
1992,584,0
1993,588,0
1994,586,0
1995,578,0
1996,584,0
1997,575,0
1998,585,0
1999,580,0
2000,588,0
2001,581,0
2002,586,0
2003,588,0
2004,582,0
2005,580,0
2006,595,0
2007,586,0
2008,587,0
2009,582,0
2010,582,0
2011,587,0
2012,582,0
2013,583,0
2014,587,0
2015,585,0
2016,582,0
2017,581,0
2018,582,0
2019,585,0
2020,579,0
2021,592,0
2022,591,0
2023,584,0
2024,583,0
2025,581,0
2026,586,0
2027,589,0
2028,583,0
2029,581,0
2030,573,0
2031,583,0
2032,585,0
2033,581,0
2034,591,0
2035,590,0
2036,581,0
2037,581,0
2038,576,0
2039,577,0
2040,585,0
2041,581,0
2042,577,0
2043,589,0
2044,596,0
2045,591,0
2046,582,0
2047,590,0
2048,576,0
2049,585,0
2050,581,0
2051,584,0
2052,590,0
2053,581,0
2054,583,0
2055,584,0
2056,592,0
2057,587,0
2058,583,0
2059,583,0
2060,589,0
2061,585,0
2062,587,0
2063,583,0
2064,578,0
2065,585,0
2066,583,0
2067,591,0
2068,580,0
2069,585,0
2070,580,0
2071,578,0
2072,589,0
2073,588,0
2074,572,0
2075,592,0
2076,589,0
2077,587,0
2078,586,0
2079,588,0
2080,586,0
2081,591,0
2082,581,0
2083,588,0
2084,586,0
2085,594,0
2086,587,0
2087,586,0
2088,590,0
2089,593,0
2090,586,0
2091,579,0
2092,578,0
2093,594,0
2094,593,0
2095,592,0
2096,588,0
2097,578,0
2098,593,0
2099,592,0
2100,596,0
2101,587,0
2102,592,0
2103,585,0
2104,588,0
2105,588,0
2106,587,0
2107,586,0
2108,586,0
2109,587,0
2110,589,0
2111,586,0
2112,590,0
2113,585,0
2114,583,0
2115,589,0
2116,588,0
2117,583,0
2118,592,0
2119,583,0
2120,589,0
2121,589,0
2122,585,0
2123,582,0
2124,584,0
2125,578,0
2126,582,0
2127,600,0
2128,590,0
2129,578,0
2130,591,0
2131,592,0
2132,573,0
2133,594,0
2134,578,0
2135,587,0
2136,595,0
2137,581,0
2138,589,0
2139,591,0
2140,589,0
2141,593,0
2142,591,0
2143,587,0
2144,590,0
2145,589,0
2146,589,0
2147,589,0
2148,593,0
2149,593,0
2150,590,0
2151,588,0
2152,589,0
2153,590,0
2154,582,0
2155,589,0
2156,591,0
2157,588,0
2158,584,0
2159,590,0
2160,596,0
2161,586,0
2162,588,0
2163,582,0
2164,586,0
2165,589,0
2166,593,0
2167,592,0
2168,593,0
2169,581,0
2170,576,0
2171,578,0
2172,587,0
2173,590,0
2174,582,0
2175,587,0
2176,592,0
2177,595,0
2178,582,0
2179,586,0
2180,583,0
2181,590,0
2182,599,0
2183,588,0
2184,586,0
2185,585,0
2186,592,0
2187,584,0
2188,580,0
2189,587,0
2190,587,0
2191,589,0
2192,591,0
2193,592,0
2194,589,0
2195,587,0
2196,588,0
2197,587,0
2198,585,0
2199,596,0
2200,583,0
2201,587,0
2202,597,0
2203,592,0
2204,585,0
2205,589,0
2206,595,0
2207,597,0
2208,585,0
2209,587,0
2210,598,0
2211,597,0
2212,588,0
2213,590,0
2214,595,0
2215,588,0
2216,591,0
2217,583,0
2218,591,0
2219,594,0
2220,574,0
2221,591,0
2222,589,0
2223,588,0
2224,591,0
2225,587,0
2226,585,0
2227,591,0
2228,585,0
2229,584,0
2230,594,0
2231,587,0
2232,594,0
2233,597,0
2234,598,0
2235,590,0
2236,596,0
2237,583,0
2238,601,0
2239,589,0
2240,588,0
2241,591,0
2242,589,0
2243,587,0
2244,587,0
2245,585,0
2246,593,0
2247,597,0
2248,596,0
2249,590,0
2250,590,0
2251,583,0
2252,593,0
2253,588,0
2254,592,0
2255,596,0
2256,595,0
2257,594,0
2258,586,0
2259,588,0
2260,590,0
2261,591,0
2262,590,0
2263,591,0
2264,589,0
2265,589,0
2266,590,0
2267,592,0
2268,582,0
2269,587,0
2270,596,0
2271,585,0
2272,598,0
2273,600,0
2274,588,0
2275,595,0
2276,594,0
2277,594,0
2278,589,0
2279,593,0
2280,600,0
2281,589,0
2282,588,0
2283,591,0
2284,589,0
2285,587,0
2286,597,0
2287,593,0
2288,588,0
2289,587,0
2290,588,0
2291,584,0
2292,593,0
2293,592,0
2294,586,0
2295,583,0
2296,584,0
2297,601,0
2298,591,0
2299,590,0
2300,593,0
2301,601,0
2302,587,0
2303,591,0
2304,589,0
2305,597,0
2306,594,0
2307,587,0
2308,590,0
2309,590,0
2310,583,0
2311,590,0
2312,593,0
2313,592,0
2314,594,0
2315,598,0
2316,587,0
2317,583,0
2318,582,0
2319,588,0
2320,595,0
2321,601,0
2322,598,0
2323,594,0
2324,596,0
2325,588,0
2326,582,0
2327,592,0
2328,594,0
2329,586,0
2330,595,0
2331,589,0
2332,596,0
2333,589,0
2334,596,0
2335,589,0
2336,593,0
2337,596,0
2338,586,0
2339,592,0
2340,593,0
2341,590,0
2342,595,0
2343,588,0
2344,593,0
2345,592,0
2346,597,0
2347,584,0
2348,592,0
2349,601,0
2350,582,0
2351,590,0
2352,586,0
2353,593,0
2354,587,0
2355,596,0
2356,594,0
2357,600,0
2358,596,0
2359,590,0
2360,591,0
2361,596,0
2362,591,0
2363,591,0
2364,591,0
2365,593,0
2366,593,0
2367,592,0
2368,587,0
2369,590,0
2370,591,0
2371,595,0
2372,590,0
2373,592,0
2374,594,0
2375,583,0
2376,592,0
2377,594,0
2378,584,0
2379,592,0
2380,593,0
2381,598,0
2382,591,0
2383,589,0
2384,591,0
2385,601,0
2386,595,0
2387,593,0
2388,589,0
2389,594,0
2390,591,0
2391,597,0
2392,586,0
2393,592,0
2394,589,0
2395,598,0
2396,592,0
2397,589,0
2398,584,0
2399,602,0
2400,592,0
2401,599,0
2402,593,0
2403,587,0
2404,595,0
2405,591,0
2406,597,0
2407,594,0
2408,596,0
2409,577,0
2410,595,0
2411,583,0
2412,598,0
2413,588,0
2414,597,0
2415,591,0
2416,594,0
2417,597,0
2418,601,0
2419,593,0
2420,598,0
2421,606,0
2422,592,0
2423,598,0
2424,592,0
2425,599,0
2426,596,0
2427,596,0
2428,596,0
2429,602,0
2430,596,0
2431,592,0
2432,590,0
2433,595,0
2434,588,0
2435,599,0
2436,587,0
2437,593,0
2438,595,0
2439,589,0
2440,585,0
2441,591,0
2442,600,0
2443,596,0
2444,593,0
2445,595,0
2446,598,0
2447,597,0
2448,588,0
2449,594,0
2450,589,0
2451,593,0
2452,592,0
2453,590,0
2454,596,0
2455,596,0
2456,599,0
2457,606,0
2458,598,0
2459,605,0
2460,592,0
2461,598,0
2462,593,0
2463,589,0
2464,596,0
2465,606,0
2466,596,0
2467,596,0
2468,592,0
2469,599,0
2470,592,0
2471,600,0
2472,601,0
2473,599,0
2474,597,0
2475,595,0
2476,598,0
2477,592,0
2478,589,0
2479,601,0
2480,592,0
2481,594,0
2482,591,0
2483,595,0
2484,601,0
2485,601,0
2486,595,0
2487,598,0
2488,596,0
2489,597,0
2490,600,0
2491,591,0
2492,589,0
2493,596,0
2494,595,0
2495,595,0
2496,596,0
2497,598,0
2498,586,0
2499,595,0
2500,601,0
2501,595,0
2502,599,0
2503,595,0
2504,592,0
2505,595,0
2506,589,0
2507,598,0
2508,601,0
2509,594,0
2510,588,0
2511,599,0
2512,593,0
2513,605,0
2514,595,0
2515,597,0
2516,604,0
2517,595,0
2518,599,0
2519,596,0
2520,594,0
2521,591,0
2522,597,0
2523,588,0
2524,609,0
2525,595,0
2526,601,0
2527,589,0
2528,595,0
2529,597,0
2530,597,0
2531,601,0
2532,596,0
2533,596,0
2534,598,0
2535,594,0
2536,604,0
2537,598,0
2538,591,0
2539,599,0
2540,604,0
2541,600,0
2542,601,0
2543,597,0
2544,596,0
2545,595,0
2546,601,0
2547,603,0
2548,599,0
2549,591,0
2550,594,0
2551,593,0
2552,597,0
2553,593,0
2554,597,0
2555,587,0
2556,595,0
2557,589,0
2558,596,0
2559,602,0
2560,604,0
2561,602,0
2562,596,0
2563,600,0
2564,598,0
2565,592,0
2566,605,0
2567,600,0
2568,591,0
2569,593,0
2570,594,0
2571,607,0
2572,598,0
2573,601,0
2574,606,0
2575,601,0
2576,597,0
2577,596,0
2578,593,0
2579,596,0
2580,592,0
2581,592,0
2582,594,0
2583,605,0
2584,602,0
2585,594,0
2586,600,0
2587,594,0
2588,600,0
2589,596,0
2590,594,0
2591,596,0
2592,598,0
2593,591,0
2594,596,0
2595,595,0
2596,600,0
2597,597,0
2598,603,0
2599,600,0
2600,599,0
2601,599,0
2602,597,0
2603,601,0
2604,605,0
2605,601,0
2606,614,0
2607,609,0
2608,596,0
2609,609,0
2610,599,0
2611,593,0
2612,606,0
2613,600,0
2614,589,0
2615,600,0
2616,593,0
2617,606,0
2618,596,0
2619,590,0
2620,605,0
2621,601,0
2622,595,0
2623,600,0
2624,600,0
2625,595,0
2626,599,0
2627,602,0
2628,595,0
2629,588,0
2630,604,0
2631,597,0
2632,593,0
2633,599,0
2634,601,0
2635,597,0
2636,601,0
2637,600,0
2638,597,0
2639,594,0
2640,592,0
2641,600,0
2642,601,0
2643,597,0
2644,599,0
2645,596,0
2646,600,0
2647,601,0
2648,598,0
2649,593,0
2650,589,0
2651,594,0
2652,598,0
2653,604,0
2654,607,0
2655,597,0
2656,602,0
2657,602,0
2658,600,0
2659,604,0
2660,594,0
2661,594,0
2662,594,0
2663,595,0
2664,601,0
2665,608,0
2666,598,0
2667,599,0
2668,596,0
2669,603,0
2670,597,0
2671,598,0
2672,599,0
2673,592,0
2674,586,0
2675,596,0
2676,601,0
2677,602,0
2678,605,0
2679,604,0
2680,589,0
2681,594,0
2682,590,0
2683,604,0
2684,595,0
2685,601,0
2686,599,0
2687,600,0
2688,592,0
2689,601,0
2690,587,0
2691,598,0
2692,595,0
2693,594,0
2694,590,0
2695,601,0
2696,602,0
2697,599,0
2698,606,0
2699,597,0
2700,603,0
2701,604,0
2702,596,0
2703,604,0
2704,602,0
2705,608,0
2706,600,0
2707,590,0
2708,598,0
2709,596,0
2710,603,0
2711,600,0
2712,594,0
2713,601,0
2714,599,0
2715,604,0
2716,596,0
2717,595,0
2718,609,0
2719,605,0
2720,604,0
2721,594,0
2722,597,0
2723,604,0
2724,599,0
2725,593,0
2726,606,0
2727,598,0
2728,596,0
2729,604,0
2730,599,0
2731,592,0
2732,593,0
2733,603,0
2734,594,0
2735,598,0
2736,607,0
2737,606,0
2738,608,0
2739,603,0
2740,594,0
2741,607,0
2742,607,0
2743,597,0
2744,599,0
2745,602,0
2746,607,0
2747,609,0
2748,596,0
2749,598,0
2750,608,0
2751,607,0
2752,604,0
2753,604,0
2754,588,0
2755,592,0
2756,607,0
2757,603,0
2758,612,0
2759,599,0
2760,609,0
2761,603,0
2762,610,0
2763,603,0
2764,602,0
2765,604,0
2766,600,0
2767,601,0
2768,597,0
2769,596,0
2770,605,0
2771,600,0
2772,601,0
2773,609,0
2774,600,0
2775,606,0
2776,604,0
2777,598,0
2778,603,0
2779,603,0
2780,606,0
2781,601,0
2782,609,0
2783,603,0
2784,595,0
2785,601,0
2786,605,0
2787,598,0
2788,600,0
2789,597,0
2790,599,0
2791,604,0
2792,600,0
2793,606,0
2794,602,0
2795,596,0
2796,600,0
2797,591,0
2798,603,0
2799,608,0
2800,601,0
2801,608,0
2802,603,0
2803,600,0
2804,604,0
2805,604,0
2806,606,0
2807,596,0
2808,603,0
2809,605,0
2810,604,0
2811,601,0
2812,601,0
2813,601,0
2814,608,0
2815,598,0
2816,598,0
2817,605,0
2818,599,0
2819,600,0
2820,597,0
2821,606,0
2822,607,0
2823,599,0
2824,598,0
2825,596,0
2826,605,0
2827,603,0
2828,604,0
2829,607,0
2830,610,0
2831,602,0
2832,602,0
2833,595,0
2834,607,0
2835,595,0
2836,607,0
2837,606,0
2838,610,0
2839,611,0
2840,600,0
2841,601,0
2842,599,0
2843,602,0
2844,598,0
2845,597,0
2846,614,0
2847,604,0
2848,605,0
2849,611,0
2850,609,0
2851,611,0
2852,602,0
2853,593,0
2854,607,0
2855,609,0
2856,591,0
2857,602,0
2858,604,0
2859,609,0
2860,600,0
2861,609,0
2862,602,0
2863,604,0
2864,600,0
2865,605,0
2866,610,0
2867,599,0
2868,603,0
2869,600,0
2870,608,0
2871,600,0
2872,598,0
2873,598,0
2874,608,0
2875,603,0
2876,606,0
2877,607,0
2878,611,0
2879,609,0
2880,611,0
2881,609,0
2882,605,0
2883,602,0
2884,606,0
2885,610,0
2886,599,0
2887,600,0
2888,602,0
2889,606,0
2890,603,0
2891,607,0
2892,597,0
2893,620,0
2894,602,0
2895,607,0
2896,609,0
2897,604,0
2898,604,0
2899,602,0
2900,601,0
2901,606,0
2902,605,0
2903,604,0
2904,609,0
2905,603,0
2906,611,0
2907,604,0
2908,609,0
2909,608,0
2910,605,0
2911,604,0
2912,597,0
2913,619,0
2914,608,0
2915,595,0
2916,598,0
2917,606,0
2918,607,0
2919,607,0
2920,603,0
2921,597,0
2922,612,0
2923,607,0
2924,602,0
2925,605,0
2926,604,0
2927,606,0
2928,597,0
2929,601,0
2930,600,0
2931,615,0
2932,617,0
2933,608,0
2934,603,0
2935,604,0
2936,605,0
2937,610,0
2938,605,0
2939,609,0
2940,603,0
2941,606,0
2942,611,0
2943,606,0
2944,603,0
2945,612,0
2946,608,0
2947,602,0
2948,601,0
2949,609,0
2950,611,0
2951,608,0
2952,609,0
2953,604,0
2954,606,0
2955,601,0
2956,604,0
2957,613,0
2958,615,0
2959,609,0
2960,602,0
2961,601,0
2962,609,0
2963,611,0
2964,601,0
2965,617,0
2966,602,0
2967,617,0
2968,592,0
2969,612,0
2970,605,0
2971,604,0
2972,606,0
2973,597,0
2974,611,0
2975,606,0
2976,601,0
2977,608,0
2978,611,0
2979,602,0
2980,607,0
2981,614,0
2982,614,0
2983,608,0
2984,610,0
2985,607,0
2986,606,0
2987,599,0
2988,604,0
2989,613,0
2990,603,0
2991,602,0
2992,610,0
2993,605,0
2994,610,0
2995,604,0
2996,600,0
2997,613,0
2998,605,0
2999,610,0
3000,605,0
3001,605,0
3002,605,0
3003,615,0
3004,614,0
3005,607,0
3006,606,0
3007,599,0
3008,604,0
3009,607,0
3010,601,0
3011,610,0
3012,600,0
3013,609,0
3014,600,0
3015,615,0
3016,609,0
3017,605,0
3018,614,0
3019,605,0
3020,606,0
3021,603,0
3022,604,0
3023,615,0
3024,613,0
3025,611,0
3026,600,0
3027,607,0
3028,613,0
3029,603,0
3030,600,0
3031,599,0
3032,602,0
3033,615,0
3034,609,0
3035,613,0
3036,608,0
3037,602,0
3038,615,0
3039,609,0
3040,608,0
3041,605,0
3042,609,0
3043,602,0
3044,615,0
3045,606,0
3046,609,0
3047,605,0
3048,609,0
3049,606,0
3050,598,0
3051,616,0
3052,598,0
3053,610,0
3054,608,0
3055,615,0
3056,604,0
3057,607,0
3058,608,0
3059,606,0
3060,611,0
3061,615,0
3062,612,0
3063,614,0
3064,613,0
3065,614,0
3066,615,0
3067,608,0
3068,609,0
3069,608,0
3070,608,0
3071,608,0
3072,608,0
3073,612,0
3074,603,0
3075,609,0
3076,619,0
3077,612,0
3078,605,0
3079,608,0
3080,609,0
3081,615,0
3082,603,0
3083,606,0
3084,614,0
3085,609,0
3086,614,0
3087,614,0
3088,612,0
3089,616,0
3090,604,0
3091,618,0
3092,614,0
3093,607,0
3094,595,0
3095,609,0
3096,613,0
3097,608,0
3098,609,0
3099,610,0
3100,603,0
3101,619,0
3102,604,0
3103,618,0
3104,614,0
3105,609,0
3106,604,0
3107,606,0
3108,610,0
3109,609,0
3110,608,0
3111,606,0
3112,603,0
3113,603,0
3114,601,0
3115,602,0
3116,610,0
3117,616,0
3118,607,0
3119,607,0
3120,599,0
3121,599,0
3122,609,0
3123,606,0
3124,609,0
3125,605,0
3126,605,0
3127,611,0
3128,605,0
3129,613,0
3130,611,0
3131,614,0
3132,610,0
3133,613,0
3134,609,0
3135,603,0
3136,608,0
3137,609,0
3138,607,0
3139,607,0
3140,604,0
3141,618,0
3142,615,0
3143,607,0
3144,621,0
3145,598,0
3146,607,0
3147,608,0
3148,600,0
3149,612,0
3150,601,0
3151,613,0
3152,605,0
3153,617,0
3154,608,0
3155,611,0
3156,603,0
3157,611,0
3158,615,0
3159,605,0
3160,616,0
3161,610,0
3162,606,0
3163,613,0
3164,611,0
3165,607,0
3166,608,0
3167,608,0
3168,600,0
3169,605,0
3170,615,0
3171,603,0
3172,617,0
3173,612,0
3174,617,0
3175,614,0
3176,620,0
3177,613,0
3178,616,0
3179,602,0
3180,611,0
3181,610,0
3182,617,0
3183,616,0
3184,618,0
3185,610,0
3186,616,0
3187,603,0
3188,613,0
3189,612,0
3190,604,0
3191,615,0
3192,615,0
3193,605,0
3194,606,0
3195,618,0
3196,607,0
3197,607,0
3198,615,0
3199,616,0
3200,618,0
3201,608,0
3202,610,0
3203,620,0
3204,611,0
3205,611,0
3206,606,0
3207,609,0
3208,612,0
3209,617,0
3210,612,0
3211,609,0
3212,613,0
3213,614,0
3214,619,0
3215,602,0
3216,606,0
3217,604,0
3218,609,0
3219,607,0
3220,614,0
3221,606,0
3222,618,0
3223,615,0
3224,614,0
3225,608,0
3226,614,0
3227,613,0
3228,608,0
3229,606,0
3230,611,0
3231,613,0
3232,614,0
3233,606,0
3234,616,0
3235,609,0
3236,613,0
3237,605,0
3238,615,0
3239,612,0
3240,615,0
3241,608,0
3242,611,0
3243,617,0
3244,606,0
3245,613,0
3246,613,0
3247,613,0
3248,612,0
3249,613,0
3250,611,0
3251,608,0
3252,607,0
3253,613,0
3254,615,0
3255,610,0
3256,606,0
3257,618,0
3258,613,0
3259,612,0
3260,614,0
3261,607,0
3262,612,0
3263,617,0
3264,614,0
3265,603,0
3266,612,0
3267,620,0
3268,610,0
3269,612,0
3270,606,0
3271,608,0
3272,619,0
3273,613,0
3274,615,0
3275,604,0
3276,605,0
3277,608,0
3278,616,0
3279,609,0
3280,616,0
3281,610,0
3282,612,0
3283,616,0
3284,609,0
3285,615,0
3286,620,0
3287,619,0
3288,612,0
3289,616,0
3290,610,0
3291,616,0
3292,613,0
3293,612,0
3294,615,0
3295,615,0
3296,620,0
3297,622,0
3298,623,0
3299,610,0
3300,608,0
3301,621,0
3302,612,0
3303,608,0
3304,608,0
3305,608,0
3306,620,0
3307,607,0
3308,612,0
3309,616,0
3310,612,0
3311,624,0
3312,604,0
3313,598,0
3314,613,0
3315,612,0
3316,611,0
3317,616,0
3318,606,0
3319,610,0
3320,608,0
3321,614,0
3322,612,0
3323,611,0
3324,610,0
3325,615,0
3326,614,0
3327,620,0
3328,614,0
3329,613,0
3330,611,0
3331,613,0
3332,614,0
3333,611,0
3334,613,0
3335,612,0
3336,618,0
3337,614,0
3338,621,0
3339,610,0
3340,609,0
3341,623,0
3342,614,0
3343,620,0
3344,617,0
3345,611,0
3346,616,0
3347,612,0
3348,618,0
3349,622,0
3350,613,0
3351,616,0
3352,615,0
3353,615,0
3354,617,0
3355,608,0
3356,619,0
3357,602,0
3358,610,0
3359,615,0
3360,610,0
3361,613,0
3362,619,0
3363,618,0
3364,616,0
3365,618,0
3366,614,0
3367,620,0
3368,614,0
3369,616,0
3370,607,0
3371,618,0
3372,611,0
3373,599,0
3374,612,0
3375,616,0
3376,611,0
3377,607,0
3378,616,0
3379,606,0
3380,616,0
3381,614,0
3382,612,0
3383,616,0
3384,616,0
3385,619,0
3386,610,0
3387,619,0
3388,612,0
3389,614,0
3390,618,0
3391,614,0
3392,615,0
3393,615,0
3394,612,0
3395,615,0
3396,618,0
3397,617,0
3398,607,0
3399,612,0
3400,613,0
3401,613,0
3402,614,0
3403,614,0
3404,620,0
3405,628,0
3406,610,0
3407,622,0
3408,612,0
3409,616,0
3410,615,0
3411,612,0
3412,611,0
3413,612,0
3414,610,0
3415,613,0
3416,620,0
3417,612,0
3418,622,0
3419,628,0
3420,613,0
3421,605,0
3422,621,0
3423,620,0
3424,609,0
3425,630,0
3426,612,0
3427,617,0
3428,618,0
3429,612,0
3430,614,0
3431,620,0
3432,615,0
3433,613,0
3434,617,0
3435,615,0
3436,615,0
3437,612,0
3438,610,0
3439,623,0
3440,606,0
3441,615,0
3442,621,0
3443,612,0
3444,615,0
3445,615,0
3446,620,0
3447,622,0
3448,615,0
3449,612,0
3450,616,0
3451,618,0
3452,617,0
3453,608,0
3454,612,0
3455,616,0
3456,615,0
3457,615,0
3458,617,0
3459,611,0
3460,621,0
3461,615,0
3462,607,0
3463,622,0
3464,614,0
3465,614,0
3466,620,0
3467,624,0
3468,626,0
3469,617,0
3470,617,0
3471,615,0
3472,621,0
3473,619,0
3474,616,0
3475,618,0
3476,617,0
3477,615,0
3478,609,0
3479,616,0
3480,612,0
3481,625,0
3482,605,0
3483,611,0
3484,619,0
3485,613,0
3486,622,0
3487,619,0
3488,618,0
3489,621,0
3490,619,0
3491,618,0
3492,611,0
3493,619,0
3494,626,0
3495,619,0
3496,618,0
3497,612,0
3498,625,0
3499,611,0
3500,616,0
3501,614,0
3502,608,0
3503,612,0
3504,627,0
3505,622,0
3506,627,0
3507,611,0
3508,619,0
3509,611,0
3510,619,0
3511,618,0
3512,609,0
3513,623,0
3514,612,0
3515,624,0
3516,625,0
3517,606,0
3518,612,0
3519,612,0
3520,608,0
3521,623,0
3522,617,0
3523,612,0
3524,624,0
3525,625,0
3526,610,0
3527,620,0
3528,611,0
3529,623,0
3530,622,0
3531,625,0
3532,617,0
3533,628,0
3534,620,0
3535,613,0
3536,614,0
3537,621,0
3538,612,0
3539,610,0
3540,621,0
3541,627,0
3542,611,0
3543,619,0
3544,615,0
3545,613,0
3546,615,0
3547,623,0
3548,611,0
3549,616,0
3550,623,0
3551,627,0
3552,623,0
3553,615,0
3554,619,0
3555,607,0
3556,621,0
3557,620,0
3558,623,0
3559,623,0
3560,613,0
3561,616,0
3562,611,0
3563,615,0
3564,613,0
3565,613,0
3566,617,0
3567,620,0
3568,623,0
3569,622,0
3570,611,0
3571,610,0
3572,606,0
3573,615,0
3574,612,0
3575,616,0
3576,619,0
3577,617,0
3578,614,0
3579,616,0
3580,618,0
3581,624,0
3582,606,0
3583,625,0
3584,624,0
3585,618,0
3586,610,0
3587,625,0
3588,609,0
3589,628,0
3590,617,0
3591,616,0
3592,612,0
3593,620,0
3594,613,0
3595,626,0
3596,618,0
3597,626,0
3598,605,0
3599,617,0
3600,615,0
3601,620,0
3602,615,0
3603,622,0
3604,620,0
3605,615,0
3606,623,0
3607,615,0
3608,619,0
3609,622,0
3610,616,0
3611,622,0
3612,616,0
3613,625,0
3614,621,0
3615,623,0
3616,624,0
3617,619,0
3618,613,0
3619,617,0
3620,616,0
3621,616,0
3622,618,0
3623,612,0
3624,624,0
3625,619,0
3626,626,0
3627,619,0
3628,626,0
3629,622,0
3630,620,0
3631,611,0
3632,623,0
3633,622,0
3634,615,0
3635,622,0
3636,619,0
3637,625,0
3638,623,0
3639,630,0
3640,618,0
3641,625,0
3642,628,0
3643,621,0
3644,621,0
3645,622,0
3646,617,0
3647,622,0
3648,626,0
3649,616,0
3650,617,0
3651,621,0
3652,624,0
3653,630,0
3654,631,0
3655,624,0
3656,612,0
3657,631,0
3658,626,0
3659,623,0
3660,625,0
3661,615,0
3662,617,0
3663,629,0
3664,614,0
3665,623,0
3666,624,0
3667,618,0
3668,609,0
3669,626,0
3670,619,0
3671,620,0
3672,613,0
3673,615,0
3674,605,0
3675,623,0
3676,616,0
3677,626,0
3678,625,0
3679,625,0
3680,623,0
3681,619,0
3682,618,0
3683,624,0
3684,610,0
3685,622,0
3686,616,0
3687,626,0
3688,621,0
3689,625,0
3690,614,0
3691,613,0
3692,621,0
3693,626,0
3694,621,0
3695,618,0
3696,624,0
3697,619,0
3698,616,0
3699,623,0
3700,621,0
3701,609,0
3702,619,0
3703,626,0
3704,623,0
3705,621,0
3706,626,0
3707,625,0
3708,623,0
3709,618,0
3710,616,0
3711,627,0
3712,609,0
3713,617,0
3714,608,0
3715,628,0
3716,618,0
3717,623,0
3718,614,0
3719,618,0
3720,620,0
3721,620,0
3722,619,0
3723,620,0
3724,619,0
3725,622,0
3726,616,0
3727,620,0
3728,614,0
3729,621,0
3730,619,0
3731,619,0
3732,626,0
3733,621,0
3734,628,0
3735,622,0
3736,626,0
3737,608,0
3738,621,0
3739,619,0
3740,625,0
3741,610,0
3742,621,0
3743,624,0
3744,625,0
3745,611,0
3746,624,0
3747,628,0
3748,620,0
3749,622,0
3750,621,0
3751,625,0
3752,619,0
3753,619,0
3754,622,0
3755,624,0
3756,631,0
3757,620,0
3758,623,0
3759,615,0
3760,610,0
3761,625,0
3762,625,0
3763,616,0
3764,612,0
3765,621,0
3766,628,0
3767,622,0
3768,616,0
3769,622,0
3770,623,0
3771,622,0
3772,633,0
3773,618,0
3774,625,0
3775,630,0
3776,625,0
3777,616,0
3778,620,0
3779,630,0
3780,622,0
3781,631,0
3782,616,0
3783,623,0
3784,616,0
3785,623,0
3786,621,0
3787,621,0
3788,624,0
3789,630,0
3790,622,0
3791,622,0
3792,623,0
3793,624,0
3794,627,0
3795,625,0
3796,626,0
3797,629,0
3798,621,0
3799,606,0
3800,620,0
3801,625,0
3802,624,0
3803,618,0
3804,614,0
3805,623,0
3806,624,0
3807,620,0
3808,631,0
3809,620,0
3810,624,0
3811,615,0
3812,625,0
3813,627,0
3814,620,0
3815,617,0
3816,631,0
3817,618,0
3818,619,0
3819,620,0
3820,625,0
3821,619,0
3822,625,0
3823,628,0
3824,622,0
3825,624,0
3826,624,0
3827,620,0
3828,617,0
3829,621,0
3830,623,0
3831,630,0
3832,618,0
3833,623,0
3834,621,0
3835,623,0
3836,619,0
3837,613,0
3838,620,0
3839,626,0
3840,619,0
3841,623,0
3842,631,0
3843,624,0
3844,620,0
3845,624,0
3846,626,0
3847,630,0
3848,623,0
3849,620,0
3850,617,0
3851,623,0
3852,621,0
3853,620,0
3854,622,0
3855,622,0
3856,631,0
3857,622,0
3858,623,0
3859,621,0
3860,624,0
3861,628,0
3862,628,0
3863,618,0
3864,632,0
3865,617,0
3866,627,0
3867,620,0
3868,620,0
3869,617,0
3870,622,0
3871,622,0
3872,623,0
3873,630,0
3874,635,0
3875,623,0
3876,623,0
3877,628,0
3878,621,0
3879,625,0
3880,621,0
3881,621,0
3882,629,0
3883,622,0
3884,633,0
3885,623,0
3886,635,0
3887,626,0
3888,623,0
3889,632,0
3890,622,0
3891,626,0
3892,620,0
3893,631,0
3894,626,0
3895,631,0
3896,617,0
3897,622,0
3898,635,0
3899,627,0
3900,620,0
3901,622,0
3902,626,0
3903,624,0
3904,627,0
3905,618,0
3906,625,0
3907,627,0
3908,624,0
3909,625,0
3910,623,0
3911,612,0
3912,629,0
3913,626,0
3914,623,0
3915,625,0
3916,622,0
3917,631,0
3918,634,0
3919,623,0
3920,630,0
3921,616,0
3922,634,0
3923,621,0
3924,626,0
3925,625,0
3926,622,0
3927,622,0
3928,627,0
3929,625,0
3930,626,0
3931,620,0
3932,626,0
3933,621,0
3934,631,0
3935,625,0
3936,623,0
3937,621,0
3938,622,0
3939,628,0
3940,624,0
3941,623,0
3942,624,0
3943,620,0
3944,629,0
3945,628,0
3946,626,0
3947,621,0
3948,631,0
3949,628,0
3950,621,0
3951,631,0
3952,621,0
3953,621,0
3954,624,0
3955,626,0
3956,620,0
3957,635,0
3958,630,0
3959,623,0
3960,628,0
3961,623,0
3962,622,0
3963,623,0
3964,629,0
3965,635,0
3966,623,0
3967,631,0
3968,624,0
3969,619,0
3970,626,0
3971,623,0
3972,626,0
3973,625,0
3974,624,0
3975,632,0
3976,625,0
3977,625,0
3978,624,0
3979,624,0
3980,623,0
3981,629,0
3982,627,0
3983,626,0
3984,627,0
3985,631,0
3986,622,0
3987,626,0
3988,627,0
3989,618,0
3990,619,0
3991,626,0
3992,629,0
3993,628,0
3994,627,0
3995,625,0
3996,627,0
3997,629,0
3998,626,0
3999,622,0
4000,628,0
4001,623,0
4002,624,0
4003,628,0
4004,627,0
4005,630,0
4006,621,0
4007,630,0
4008,636,0
4009,633,0
4010,627,0
4011,618,0
4012,628,0
4013,629,0
4014,625,0
4015,633,0
4016,634,0
4017,625,0
4018,621,0
4019,627,0
4020,625,0
4021,628,0
4022,634,0
4023,624,0
4024,617,0
4025,627,0
4026,634,0
4027,627,0
4028,628,0
4029,636,0
4030,619,0
4031,622,0
4032,621,0
4033,624,0
4034,626,0
4035,622,0
4036,620,0
4037,625,0
4038,627,0
4039,626,0
4040,629,0
4041,630,0
4042,630,0
4043,629,0
4044,627,0
4045,626,0
4046,624,0
4047,622,0
4048,622,0
4049,625,0
4050,634,0
4051,624,0
4052,626,0
4053,632,0
4054,627,0
4055,639,0
4056,631,0
4057,625,0
4058,630,0
4059,632,0
4060,622,0
4061,634,0
4062,611,0
4063,636,0
4064,629,0
4065,623,0
4066,624,0
4067,625,0
4068,631,0
4069,622,0
4070,636,0
4071,632,0
4072,624,0
4073,620,0
4074,626,0
4075,631,0
4076,629,0
4077,620,0
4078,630,0
4079,628,0
4080,626,0
4081,621,0
4082,634,0
4083,628,0
4084,635,0
4085,625,0
4086,630,0
4087,633,0
4088,626,0
4089,631,0
4090,630,0
4091,633,0
4092,630,0
4093,626,0
4094,622,0
4095,625,0
4096,623,0
4097,626,0
4098,626,0
4099,617,0
4100,624,0
4101,629,0
4102,634,0
4103,626,0
4104,630,0
4105,628,0
4106,622,0
4107,638,0
4108,625,0
4109,630,0
4110,631,0
4111,625,0
4112,626,0
4113,632,0
4114,624,0
4115,625,0
4116,627,0
4117,632,0
4118,623,0
4119,629,0
4120,625,0
4121,634,0
4122,619,0
4123,627,0
4124,631,0
4125,629,0
4126,624,0
4127,624,0
4128,617,0
4129,630,0
4130,631,0
4131,627,0
4132,630,0
4133,626,0
4134,619,0
4135,622,0
4136,627,0
4137,629,0
4138,631,0
4139,626,0
4140,631,0
4141,630,0
4142,626,0
4143,628,0
4144,627,0
4145,623,0
4146,633,0
4147,634,0
4148,619,0
4149,624,0
4150,625,0
4151,636,0
4152,627,0
4153,624,0
4154,634,0
4155,629,0
4156,637,0
4157,628,0
4158,633,0
4159,619,0
4160,626,0
4161,624,0
4162,633,0
4163,632,0
4164,634,0
4165,633,0
4166,623,0
4167,626,0
4168,628,0
4169,634,0
4170,633,0
4171,635,0
4172,629,0
4173,621,0
4174,630,0
4175,634,0
4176,616,0
4177,626,0
4178,639,0
4179,630,0
4180,631,0
4181,632,0
4182,625,0
4183,620,0
4184,625,0
4185,635,0
4186,623,0
4187,624,0
4188,629,0
4189,630,0
4190,637,0
4191,616,0
4192,630,0
4193,630,0
4194,638,0
4195,639,0
4196,624,0
4197,631,0
4198,628,0
4199,625,0
4200,631,0
4201,633,0
4202,633,0
4203,628,0
4204,630,0
4205,626,0
4206,620,0
4207,626,0
4208,622,0
4209,628,0
4210,626,0
4211,631,0
4212,632,0
4213,623,0
4214,624,0
4215,626,0
4216,632,0
4217,633,0
4218,631,0
4219,626,0
4220,630,0
4221,626,0
4222,620,0
4223,625,0
4224,626,0
4225,633,0
4226,630,0
4227,628,0
4228,632,0
4229,627,0
4230,636,0
4231,627,0
4232,634,0
4233,633,0
4234,628,0
4235,633,0
4236,625,0
4237,628,0
4238,625,0
4239,626,0
4240,627,0
4241,622,0
4242,634,0
4243,631,0
4244,635,0
4245,623,0
4246,621,0
4247,629,0
4248,625,0
4249,634,0
4250,627,0
4251,641,0
4252,629,0
4253,632,0
4254,631,0
4255,624,0
4256,631,0
4257,622,0
4258,631,0
4259,638,0
4260,625,0
4261,640,0
4262,633,0
4263,632,0
4264,624,0
4265,637,0
4266,626,0
4267,626,0
4268,636,0
4269,628,0
4270,624,0
4271,637,0
4272,634,0
4273,627,0
4274,630,0
4275,637,0
4276,624,0
4277,636,0
4278,625,0
4279,622,0
4280,629,0
4281,629,0
4282,640,0
4283,632,0
4284,647,0
4285,637,0
4286,627,0
4287,631,0
4288,627,0
4289,639,0
4290,637,0
4291,628,0
4292,630,0
4293,629,0
4294,629,0
4295,625,0
4296,630,0
4297,636,0
4298,633,0
4299,628,0
4300,630,0
4301,625,0
4302,633,0
4303,635,0
4304,628,0
4305,635,0
4306,631,0
4307,623,0
4308,634,0
4309,635,0
4310,629,0
4311,622,0
4312,632,0
4313,632,0
4314,621,0
4315,634,0
4316,628,0
4317,636,0
4318,643,0
4319,630,0
4320,634,0
4321,636,0
4322,630,0
4323,630,0
4324,635,0
4325,630,0
4326,628,0
4327,638,0
4328,628,0
4329,643,0
4330,633,0
4331,635,0
4332,635,0
4333,638,0
4334,629,0
4335,632,0
4336,633,0
4337,630,0
4338,625,0
4339,631,0
4340,631,0
4341,633,0
4342,630,0
4343,637,0
4344,624,0
4345,643,0
4346,633,0
4347,635,0
4348,633,0
4349,625,0
4350,635,0
4351,632,0
4352,636,0
4353,620,0
4354,645,0
4355,638,0
4356,623,0
4357,637,0
4358,628,0
4359,637,0
4360,627,0
4361,635,0
4362,626,0
4363,631,0
4364,628,0
4365,630,0
4366,629,0
4367,630,0
4368,631,0
4369,627,0
4370,632,0
4371,631,0
4372,640,0
4373,633,0
4374,629,0
4375,637,0
4376,634,0
4377,627,0
4378,634,0
4379,640,0
4380,638,0
4381,634,0
4382,641,0
4383,637,0
4384,624,0
4385,637,0
4386,632,0
4387,629,0
4388,633,0
4389,640,0
4390,630,0
4391,634,0
4392,633,0
4393,637,0
4394,630,0
4395,630,0
4396,633,0
4397,636,0
4398,638,0
4399,634,0
4400,641,0
4401,637,0
4402,629,0
4403,643,0
4404,635,0
4405,631,0
4406,632,0
4407,639,0
4408,633,0
4409,627,0
4410,637,0
4411,637,0
4412,634,0
4413,630,0
4414,628,0
4415,631,0
4416,642,0
4417,636,0
4418,631,0
4419,633,0
4420,626,0
4421,636,0
4422,627,0
4423,633,0
4424,633,0
4425,634,0
4426,631,0
4427,630,0
4428,632,0
4429,640,0
4430,634,0
4431,628,0
4432,635,0
4433,632,0
4434,634,0
4435,631,0
4436,634,0
4437,641,0
4438,635,0
4439,632,0
4440,632,0
4441,624,0
4442,634,0
4443,635,0
4444,632,0
4445,634,0
4446,631,0
4447,630,0
4448,629,0
4449,631,0
4450,631,0
4451,634,0
4452,638,0
4453,627,0
4454,638,0
4455,634,0
4456,635,0
4457,630,0
4458,624,0
4459,638,0
4460,631,0
4461,631,0
4462,633,0
4463,643,0
4464,637,0
4465,639,0
4466,640,0
4467,632,0
4468,631,0
4469,626,0
4470,635,0
4471,639,0
4472,634,0
4473,632,0
4474,633,0
4475,634,0
4476,636,0
4477,635,0
4478,632,0
4479,639,0
4480,630,0
4481,625,0
4482,639,0
4483,640,0
4484,641,0
4485,630,0
4486,634,0
4487,634,0
4488,627,0
4489,627,0
4490,635,0
4491,636,0
4492,629,0
4493,636,0
4494,634,0
4495,636,0
4496,642,0
4497,633,0
4498,632,0
4499,629,0
4500,637,0
4501,635,0
4502,634,0
4503,633,0
4504,627,0
4505,641,0
4506,641,0
4507,628,0
4508,638,0
4509,632,0
4510,638,0
4511,638,0
4512,644,0
4513,632,0
4514,644,0
4515,645,0
4516,639,0
4517,632,0
4518,642,0
4519,650,0
4520,638,0
4521,636,0
4522,636,0
4523,636,0
4524,637,0
4525,635,0
4526,635,0
4527,636,0
4528,637,0
4529,640,0
4530,630,0
4531,633,0
4532,625,0
4533,636,0
4534,638,0
4535,635,0
4536,635,0
4537,636,0
4538,640,0
4539,635,0
4540,639,0
4541,628,0
4542,636,0
4543,636,0
4544,629,0
4545,637,0
4546,647,0
4547,635,0
4548,633,0
4549,630,0
4550,635,0
4551,628,0
4552,636,0
4553,639,0
4554,641,0
4555,631,0
4556,634,0
4557,637,0
4558,630,0
4559,631,0
4560,636,0
4561,646,0
4562,638,0
4563,635,0
4564,636,0
4565,638,0
4566,640,0
4567,638,0
4568,638,0
4569,639,0
4570,633,0
4571,634,0
4572,637,0
4573,638,0
4574,629,0
4575,625,0
4576,633,0
4577,644,0
4578,637,0
4579,628,0
4580,627,0
4581,641,0
4582,639,0
4583,638,0
4584,642,0
4585,642,0
4586,639,0
4587,640,0
4588,635,0
4589,641,0
4590,638,0
4591,643,0
4592,636,0
4593,629,0
4594,643,0
4595,632,0
4596,631,0
4597,636,0
4598,639,0
4599,631,0
4600,640,0
4601,632,0
4602,636,0
4603,632,0
4604,644,0
4605,641,0
4606,641,0
4607,642,0
4608,635,0
4609,637,0
4610,628,0
4611,634,0
4612,635,0
4613,637,0
4614,636,0
4615,629,0
4616,642,0
4617,631,0
4618,641,0
4619,632,0
4620,637,0
4621,637,0
4622,649,0
4623,636,0
4624,640,0
4625,633,0
4626,632,0
4627,630,0
4628,634,0
4629,641,0
4630,637,0
4631,638,0
4632,638,0
4633,639,0
4634,632,0
4635,648,0
4636,627,0
4637,643,0
4638,643,0
4639,640,0
4640,643,0
4641,643,0
4642,631,0
4643,636,0
4644,644,0
4645,639,0
4646,632,0
4647,637,0
4648,637,0
4649,638,0
4650,631,0
4651,647,0
4652,639,0
4653,638,0
4654,637,0
4655,636,0
4656,638,0
4657,640,0
4658,634,0
4659,635,0
4660,650,0
4661,631,0
4662,638,0
4663,640,0
4664,642,0
4665,636,0
4666,640,0
4667,652,0
4668,641,0
4669,644,0
4670,629,0
4671,640,0
4672,639,0
4673,643,0
4674,636,0
4675,641,0
4676,652,0
4677,636,0
4678,636,0
4679,648,0
4680,628,0
4681,637,0
4682,634,0
4683,628,0
4684,630,0
4685,633,0
4686,645,0
4687,636,0
4688,643,0
4689,628,0
4690,642,0
4691,637,0
4692,630,0
4693,652,0
4694,643,0
4695,638,0
4696,636,0
4697,629,0
4698,640,0
4699,639,0
4700,651,0
4701,630,0
4702,645,0
4703,640,0
4704,636,0
4705,642,0
4706,647,0
4707,642,0
4708,633,0
4709,640,0
4710,636,0
4711,635,0
4712,640,0
4713,637,0
4714,635,0
4715,635,0
4716,645,0
4717,631,0
4718,635,0
4719,640,0
4720,641,0
4721,640,0
4722,638,0
4723,642,0
4724,638,0
4725,643,0
4726,638,0
4727,637,0
4728,636,0
4729,643,0
4730,643,0
4731,623,0
4732,645,0
4733,632,0
4734,637,0
4735,641,0
4736,646,0
4737,639,0
4738,631,0
4739,644,0
4740,641,0
4741,640,0
4742,637,0
4743,648,0
4744,641,0
4745,642,0
4746,638,0
4747,636,0
4748,643,0
4749,641,0
4750,647,0
4751,641,0
4752,637,0
4753,633,0
4754,644,0
4755,630,0
4756,646,0
4757,638,0
4758,640,0
4759,626,0
4760,635,0
4761,643,0
4762,637,0
4763,640,0
4764,635,0
4765,641,0
4766,635,0
4767,636,0
4768,632,0
4769,638,0
4770,640,0
4771,636,0
4772,649,0
4773,642,0
4774,641,0
4775,639,0
4776,643,0
4777,644,0
4778,649,0
4779,638,0
4780,639,0
4781,640,0
4782,640,0
4783,630,0
4784,643,0
4785,647,0
4786,638,0
4787,641,0
4788,633,0
4789,637,0
4790,644,0
4791,644,0
4792,650,0
4793,647,0
4794,641,0
4795,626,0
4796,637,0
4797,641,0
4798,643,0
4799,650,0
4800,643,0
4801,638,0
4802,646,0
4803,631,0
4804,639,0
4805,648,0
4806,637,0
4807,644,0
4808,640,0
4809,643,0
4810,635,0
4811,641,0
4812,640,0
4813,640,0
4814,646,0
4815,641,0
4816,647,0
4817,641,0
4818,655,0
4819,636,0
4820,644,0
4821,636,0
4822,631,0
4823,639,0
4824,639,0
4825,644,0
4826,636,0
4827,643,0
4828,636,0
4829,629,0
4830,646,0
4831,641,0
4832,631,0
4833,636,0
4834,636,0
4835,643,0
4836,638,0
4837,644,0
4838,639,0
4839,644,0
4840,634,0
4841,644,0
4842,643,0
4843,642,0
4844,631,0
4845,634,0
4846,648,0
4847,636,0
4848,638,0
4849,645,0
4850,619,0
4851,636,0
4852,635,0
4853,636,0
4854,645,0
4855,642,0
4856,638,0
4857,640,0
4858,644,0
4859,644,0
4860,646,0
4861,640,0
4862,640,0
4863,649,0
4864,645,0
4865,646,0
4866,640,0
4867,648,0
4868,629,0
4869,644,0
4870,639,0
4871,639,0
4872,634,0
4873,641,0
4874,632,0
4875,643,0
4876,642,0
4877,640,0
4878,638,0
4879,647,0
4880,646,0
4881,648,0
4882,644,0
4883,631,0
4884,638,0
4885,631,0
4886,641,0
4887,633,0
4888,636,0
4889,644,0
4890,635,0
4891,645,0
4892,635,0
4893,640,0
4894,626,0
4895,642,0
4896,630,0
4897,645,0
4898,646,0
4899,638,0
4900,643,0
4901,647,0
4902,644,0
4903,639,0
4904,641,0
4905,641,0
4906,641,0
4907,635,0
4908,640,0
4909,643,0
4910,636,0
4911,640,0
4912,634,0
4913,645,0
4914,640,0
4915,640,0
4916,647,0
4917,639,0
4918,647,0
4919,639,0
4920,645,0
4921,640,0
4922,642,0
4923,653,0
4924,648,0
4925,640,0
4926,656,0
4927,651,0
4928,640,0
4929,638,0
4930,644,0
4931,643,0
4932,641,0
4933,643,0
4934,632,0
4935,644,0
4936,642,0
4937,638,0
4938,635,0
4939,640,0
4940,642,0
4941,638,0
4942,644,0
4943,644,0
4944,642,0
4945,637,0
4946,646,0
4947,642,0
4948,639,0
4949,639,0
4950,645,0
4951,642,0
4952,640,0
4953,637,0
4954,631,0
4955,640,0
4956,633,0
4957,633,0
4958,631,0
4959,639,0
4960,642,0
4961,642,0
4962,640,0
4963,639,0
4964,643,0
4965,638,0
4966,640,0
4967,647,0
4968,643,0
4969,646,0
4970,637,0
4971,642,0
4972,634,0
4973,639,0
4974,644,0
4975,639,0
4976,635,0
4977,639,0
4978,641,0
4979,642,0
4980,643,0
4981,630,0
4982,637,0
4983,635,0
4984,635,0
4985,639,0
4986,646,0
4987,642,0
4988,647,0
4989,645,0
4990,642,0
4991,640,0
4992,644,0
4993,648,0
4994,648,0
4995,642,0
4996,638,0
4997,637,0
4998,650,0
4999,642,0
5000,641,0
5001,642,0
5002,649,0
5003,637,0
5004,646,0
5005,647,0
5006,639,0
5007,640,0
5008,636,0
5009,638,0
5010,634,0
5011,646,0
5012,641,0
5013,632,0
5014,646,0
5015,641,0
5016,638,0
5017,639,0
5018,649,0
5019,639,0
5020,650,0
5021,634,0
5022,633,0
5023,652,0
5024,648,0
5025,635,0
5026,644,0
5027,648,0
5028,643,0
5029,646,0
5030,636,0
5031,649,0
5032,647,0
5033,630,0
5034,642,0
5035,635,0
5036,651,0
5037,644,0
5038,644,0
5039,642,0
5040,644,0
5041,641,0
5042,641,0
5043,650,0
5044,641,0
5045,643,0
5046,644,0
5047,644,0
5048,639,0
5049,650,0
5050,641,0
5051,644,0
5052,635,0
5053,640,0
5054,649,0
5055,646,0
5056,645,0
5057,644,0
5058,639,0
5059,640,0
5060,639,0
5061,651,0
5062,638,0
5063,645,0
5064,645,0
5065,645,0
5066,645,0
5067,636,0
5068,649,0
5069,642,0
5070,643,0
5071,637,0
5072,643,0
5073,644,0
5074,645,0
5075,631,0
5076,651,0
5077,647,0
5078,639,0
5079,650,0
5080,643,0
5081,638,0
5082,639,0
5083,645,0
5084,643,0
5085,646,0
5086,638,0
5087,636,0
5088,647,0
5089,648,0
5090,645,0
5091,639,0
5092,645,0
5093,647,0
5094,645,0
5095,645,0
5096,643,0
5097,643,0
5098,644,0
5099,647,0
5100,643,0
5101,654,0
5102,649,0
5103,637,0
5104,643,0
5105,651,0
5106,643,0
5107,642,0
5108,645,0
5109,642,0
5110,642,0
5111,646,0
5112,641,0
5113,639,0
5114,644,0
5115,648,0
5116,647,0
5117,649,0
5118,642,0
5119,641,0
5120,646,0
5121,649,0
5122,642,0
5123,635,0
5124,634,0
5125,639,0
5126,654,0
5127,654,0
5128,645,0
5129,653,0
5130,650,0
5131,650,0
5132,644,0
5133,647,0
5134,636,0
5135,644,0
5136,644,0
5137,645,0
5138,640,0
5139,649,0
5140,649,0
5141,639,0
5142,643,0
5143,647,0
5144,645,0
5145,641,0
5146,643,0
5147,651,0
5148,644,0
5149,645,0
5150,649,0
5151,650,0
5152,643,0
5153,645,0
5154,645,0
5155,639,0
5156,647,0
5157,650,0
5158,648,0
5159,646,0
5160,650,0
5161,647,0
5162,648,0
5163,652,0
5164,640,0
5165,641,0
5166,655,0
5167,653,0
5168,653,0
5169,648,0
5170,646,0
5171,643,0
5172,653,0
5173,648,0
5174,646,0
5175,651,0
5176,648,0
5177,641,0
5178,638,0
5179,649,0
5180,645,0
5181,644,0
5182,650,0
5183,646,0
5184,650,0
5185,645,0
5186,650,0
5187,647,0
5188,650,0
5189,637,0
5190,645,0
5191,644,0
5192,645,0
5193,643,0
5194,651,0
5195,636,0
5196,640,0
5197,635,0
5198,650,0
5199,644,0
5200,640,0
5201,648,0
5202,641,0
5203,639,0
5204,639,0
5205,648,0
5206,646,0
5207,649,0
5208,651,0
5209,640,0
5210,651,0
5211,642,0
5212,656,0
5213,649,0
5214,637,0
5215,653,0
5216,648,0
5217,650,0
5218,654,0
5219,647,0
5220,649,0
5221,647,0
5222,647,0
5223,648,0
5224,650,0
5225,647,0
5226,642,0
5227,646,0
5228,637,0
5229,645,0
5230,644,0
5231,649,0
5232,643,0
5233,643,0
5234,649,0
5235,645,0
5236,651,0
5237,649,0
5238,646,0
5239,646,0
5240,643,0
5241,651,0
5242,642,0
5243,646,0
5244,645,0
5245,647,0
5246,645,0
5247,644,0
5248,647,0
5249,645,0
5250,639,0
5251,650,0
5252,646,0
5253,647,0
5254,647,0
5255,638,0
5256,648,0
5257,644,0
5258,642,0
5259,650,0
5260,643,0
5261,640,0
5262,641,0
5263,650,0
5264,644,0
5265,648,0
5266,651,0
5267,642,0
5268,650,0
5269,641,0
5270,652,0
5271,641,0
5272,634,0
5273,645,0
5274,639,0
5275,649,0
5276,648,0
5277,647,0
5278,654,0
5279,645,0
5280,649,0
5281,648,0
5282,641,0
5283,652,0
5284,642,0
5285,650,0
5286,646,0
5287,644,0
5288,648,0
5289,652,0
5290,655,0
5291,641,0
5292,652,0
5293,647,0
5294,645,0
5295,652,0
5296,638,0
5297,664,0
5298,657,0
5299,645,0
5300,637,0
5301,648,0
5302,651,0
5303,639,0
5304,646,0
5305,640,0
5306,657,0
5307,650,0
5308,646,0
5309,644,0
5310,637,0
5311,647,0
5312,652,0
5313,651,0
5314,649,0
5315,647,0
5316,650,0
5317,643,0
5318,652,0
5319,643,0
5320,651,0
5321,647,0
5322,648,0
5323,645,0
5324,647,0
5325,640,0
5326,645,0
5327,640,0
5328,659,0
5329,652,0
5330,639,0
5331,645,0
5332,639,0
5333,638,0
5334,650,0
5335,650,0
5336,654,0
5337,650,0
5338,645,0
5339,646,0
5340,659,0
5341,657,0
5342,651,0
5343,647,0
5344,655,0
5345,654,0
5346,647,0
5347,638,0
5348,648,0
5349,649,0
5350,652,0
5351,652,0
5352,657,0
5353,655,0
5354,651,0
5355,644,0
5356,652,0
5357,652,0
5358,651,0
5359,643,0
5360,635,0
5361,650,0
5362,644,0
5363,646,0
5364,648,0
5365,652,0
5366,653,0
5367,650,0
5368,651,0
5369,649,0
5370,655,0
5371,655,0
5372,642,0
5373,646,0
5374,651,0
5375,648,0
5376,655,0
5377,638,0
5378,643,0
5379,646,0
5380,654,0
5381,647,0
5382,646,0
5383,647,0
5384,650,0
5385,644,0
5386,645,0
5387,656,0
5388,650,0
5389,654,0
5390,646,0
5391,640,0
5392,648,0
5393,650,0
5394,650,0
5395,647,0
5396,648,0
5397,650,0
5398,641,0
5399,654,0
5400,649,0
5401,652,0
5402,643,0
5403,649,0
5404,649,0
5405,647,0
5406,647,0
5407,655,0
5408,654,0
5409,644,0
5410,649,0
5411,645,0
5412,648,0
5413,642,0
5414,643,0
5415,656,0
5416,651,0
5417,646,0
5418,651,0
5419,650,0
5420,645,0
5421,653,0
5422,659,0
5423,644,0
5424,647,0
5425,645,0
5426,646,0
5427,653,0
5428,648,0
5429,646,0
5430,655,0
5431,652,0
5432,651,0
5433,646,0
5434,650,0
5435,641,0
5436,656,0
5437,650,0
5438,648,0
5439,649,0
5440,641,0
5441,649,0
5442,638,0
5443,651,0
5444,649,0
5445,649,0
5446,645,0
5447,635,0
5448,649,0
5449,644,0
5450,657,0
5451,653,0
5452,654,0
5453,651,0
5454,645,0
5455,647,0
5456,653,0
5457,652,0
5458,649,0
5459,645,0
5460,645,0
5461,649,0
5462,648,0
5463,651,0
5464,653,0
5465,649,0
5466,642,0
5467,652,0
5468,652,0
5469,649,0
5470,643,0
5471,641,0
5472,645,0
5473,648,0
5474,659,0
5475,649,0
5476,654,0
5477,651,0
5478,662,0
5479,651,0
5480,652,0
5481,648,0
5482,650,0
5483,649,0
5484,651,0
5485,657,0
5486,650,0
5487,647,0
5488,645,0
5489,657,0
5490,656,0
5491,650,0
5492,651,0
5493,646,0
5494,646,0
5495,652,0
5496,648,0
5497,642,0
5498,635,0
5499,646,0
5500,651,0
5501,653,0
5502,649,0
5503,647,0
5504,646,0
5505,644,0
5506,666,0
5507,639,0
5508,651,0
5509,645,0
5510,641,0
5511,654,0
5512,650,0
5513,648,0
5514,651,0
5515,654,0
5516,650,0
5517,653,0
5518,652,0
5519,648,0
5520,658,0
5521,652,0
5522,647,0
5523,649,0
5524,644,0
5525,641,0
5526,643,0
5527,652,0
5528,647,0
5529,646,0
5530,652,0
5531,652,0
5532,649,0
5533,645,0
5534,655,0
5535,654,0
5536,648,0
5537,648,0
5538,644,0
5539,652,0
5540,653,0
5541,648,0
5542,648,0
5543,647,0
5544,648,0
5545,640,0
5546,655,0
5547,653,0
5548,653,0
5549,657,0
5550,653,0
5551,663,0
5552,651,0
5553,647,0
5554,637,0
5555,654,0
5556,654,0
5557,643,0
5558,651,0
5559,659,0
5560,655,0
5561,655,0
5562,656,0
5563,642,0
5564,664,0
5565,652,0
5566,652,0
5567,648,0
5568,651,0
5569,657,0
5570,641,0
5571,648,0
5572,656,0
5573,663,0
5574,650,0
5575,650,0
5576,647,0
5577,649,0
5578,647,0
5579,654,0
5580,651,0
5581,654,0
5582,657,0
5583,650,0
5584,653,0
5585,656,0
5586,648,0
5587,647,0
5588,649,0
5589,649,0
5590,645,0
5591,649,0
5592,652,0
5593,643,0
5594,650,0
5595,650,0
5596,654,0
5597,652,0
5598,655,0
5599,652,0
5600,650,0
5601,655,0
5602,663,0
5603,651,0
5604,646,0
5605,648,0
5606,645,0
5607,647,0
5608,650,0
5609,645,0
5610,649,0
5611,652,0
5612,649,0
5613,654,0
5614,650,0
5615,646,0
5616,640,0
5617,649,0
5618,641,0
5619,651,0
5620,649,0
5621,653,0
5622,640,0
5623,655,0
5624,654,0
5625,654,0
5626,648,0
5627,644,0
5628,656,0
5629,645,0
5630,651,0
5631,658,0
5632,654,0
5633,657,0
5634,651,0
5635,657,0
5636,657,0
5637,656,0
5638,650,0
5639,657,0
5640,656,0
5641,645,0
5642,644,0
5643,655,0
5644,648,0
5645,663,0
5646,658,0
5647,649,0
5648,644,0
5649,657,0
5650,643,0
5651,650,0
5652,653,0
5653,645,0
5654,644,0
5655,654,0
5656,649,0
5657,646,0
5658,653,0
5659,659,0
5660,647,0
5661,650,0
5662,651,0
5663,641,0
5664,653,0
5665,652,0
5666,657,0
5667,662,0
5668,643,0
5669,649,0
5670,655,0
5671,652,0
5672,663,0
5673,654,0
5674,661,0
5675,654,0
5676,648,0
5677,645,0
5678,653,0
5679,648,0
5680,654,0
5681,649,0
5682,655,0
5683,643,0
5684,646,0
5685,653,0
5686,655,0
5687,644,0
5688,652,0
5689,655,0
5690,658,0
5691,644,0
5692,661,0
5693,651,0
5694,647,0
5695,648,0
5696,654,0
5697,658,0
5698,657,0
5699,648,0
5700,663,0
5701,661,0
5702,657,0
5703,648,0
5704,658,0
5705,659,0
5706,647,0
5707,663,0
5708,664,0
5709,656,0
5710,654,0
5711,656,0
5712,654,0
5713,651,0
5714,666,0
5715,660,0
5716,657,0
5717,654,0
5718,651,0
5719,648,0
5720,647,0
5721,645,0
5722,664,0
5723,649,0
5724,644,0
5725,653,0
5726,648,0
5727,651,0
5728,649,0
5729,651,0
5730,654,0
5731,648,0
5732,652,0
5733,655,0
5734,650,0
5735,655,0
5736,652,0
5737,652,0
5738,647,0
5739,645,0
5740,652,0
5741,655,0
5742,655,0
5743,651,0
5744,661,0
5745,653,0
5746,661,0
5747,643,0
5748,655,0
5749,653,0
5750,661,0
5751,660,0
5752,645,0
5753,652,0
5754,650,0
5755,656,0
5756,654,0
5757,652,0
5758,650,0
5759,648,0
5760,652,0
5761,646,0
5762,661,0
5763,648,0
5764,646,0
5765,653,0
5766,647,0
5767,654,0
5768,648,0
5769,652,0
5770,660,0
5771,649,0
5772,652,0
5773,649,0
5774,658,0
5775,654,0
5776,651,0
5777,651,0
5778,651,0
5779,654,0
5780,654,0
5781,649,0
5782,651,0
5783,652,0
5784,644,0
5785,658,0
5786,657,0
5787,650,0
5788,660,0
5789,656,0
5790,644,0
5791,651,0
5792,663,0
5793,653,0
5794,651,0
5795,657,0
5796,657,0
5797,656,0
5798,653,0
5799,645,0
5800,655,0
5801,648,0
5802,655,0
5803,652,0
5804,650,0
5805,652,0
5806,649,0
5807,648,0
5808,653,0
5809,661,0
5810,659,0
5811,653,0
5812,659,0
5813,655,0
5814,647,0
5815,655,0
5816,660,0
5817,657,0
5818,660,0
5819,657,0
5820,646,0
5821,652,0
5822,663,0
5823,656,0
5824,664,0
5825,664,0
5826,655,0
5827,662,0
5828,664,0
5829,654,0
5830,643,0
5831,649,0
5832,661,0
5833,649,0
5834,656,0
5835,655,0
5836,655,0
5837,647,0
5838,651,0
5839,649,0
5840,648,0
5841,652,0
5842,658,0
5843,661,0
5844,658,0
5845,656,0
5846,656,0
5847,652,0
5848,656,0
5849,656,0
5850,651,0
5851,645,0
5852,649,0
5853,655,0
5854,657,0
5855,659,0
5856,653,0
5857,657,0
5858,658,0
5859,654,0
5860,650,0
5861,661,0
5862,660,0
5863,652,0
5864,657,0
5865,655,0
5866,655,0
5867,661,0
5868,644,0
5869,656,0
5870,652,0
5871,651,0
5872,653,0
5873,661,0
5874,656,0
5875,655,0
5876,656,0
5877,655,0
5878,650,0
5879,658,0
5880,657,0
5881,654,0
5882,652,0
5883,651,0
5884,652,0
5885,646,0
5886,667,0
5887,660,0
5888,661,0
5889,661,0
5890,654,0
5891,652,0
5892,650,0
5893,658,0
5894,654,0
5895,657,0
5896,657,0
5897,657,0
5898,647,0
5899,656,0
5900,658,0
5901,649,0
5902,655,0
5903,657,0
5904,661,0
5905,648,0
5906,655,0
5907,653,0
5908,648,0
5909,650,0
5910,658,0
5911,654,0
5912,658,0
5913,657,0
5914,666,0
5915,658,0
5916,651,0
5917,655,0
5918,653,0
5919,661,0
5920,656,0
5921,657,0
5922,660,0
5923,660,0
5924,661,0
5925,654,0
5926,655,0
5927,649,0
5928,660,0
5929,662,0
5930,658,0
5931,658,0
5932,649,0
5933,655,0
5934,650,0
5935,664,0
5936,661,0
5937,660,0
5938,664,0
5939,646,0
5940,652,0
5941,658,0
5942,658,0
5943,655,0
5944,652,0
5945,659,0
5946,653,0
5947,662,0
5948,656,0
5949,661,0
5950,658,0
5951,656,0
5952,651,0
5953,654,0
5954,658,0
5955,654,0
5956,653,0
5957,663,0
5958,660,0
5959,659,0
5960,659,0
5961,654,0
5962,656,0
5963,657,0
5964,655,0
5965,652,0
5966,653,0
5967,659,0
5968,651,0
5969,654,0
5970,662,0
5971,660,0
5972,655,0
5973,649,0
5974,657,0
5975,652,0
5976,662,0
5977,659,0
5978,654,0
5979,654,0
5980,663,0
5981,651,0
5982,665,0
5983,654,0
5984,661,0
5985,650,0
5986,665,0
5987,652,0
5988,664,0
5989,654,0
5990,660,0
5991,658,0
5992,653,0
5993,655,0
5994,661,0
5995,652,0
5996,650,0
5997,664,0
5998,653,0
5999,665,0
6000,662,0
6001,658,0
6002,660,0
6003,659,0
6004,651,0
6005,650,0
6006,665,0
6007,657,0
6008,657,0
6009,643,0
6010,655,0
6011,653,0
6012,658,0
6013,646,0
6014,656,0
6015,655,0
6016,659,0
6017,654,0
6018,659,0
6019,660,0
6020,649,0
6021,664,0
6022,642,0
6023,651,0
6024,658,0
6025,651,0
6026,652,0
6027,662,0
6028,658,0
6029,659,0
6030,661,0
6031,654,0
6032,653,0
6033,657,0
6034,648,0
6035,655,0
6036,653,0
6037,648,0
6038,658,0
6039,650,0
6040,660,0
6041,666,0
6042,665,0
6043,657,0
6044,658,0
6045,651,0
6046,659,0
6047,649,0
6048,662,0
6049,659,0
6050,657,0
6051,665,0
6052,657,0
6053,663,0
6054,651,0
6055,656,0
6056,659,0
6057,658,0
6058,653,0
6059,660,0
6060,656,0
6061,652,0
6062,659,0
6063,660,0
6064,657,0
6065,655,0
6066,664,0
6067,660,0
6068,661,0
6069,663,0
6070,649,0
6071,661,0
6072,653,0
6073,658,0
6074,664,0
6075,650,0
6076,655,0
6077,669,0
6078,653,0
6079,661,0
6080,660,0
6081,659,0
6082,663,0
6083,653,0
6084,651,0
6085,658,0
6086,652,0
6087,661,0
6088,647,0
6089,663,0
6090,664,0
6091,661,0
6092,659,0
6093,649,0
6094,661,0
6095,654,0
6096,656,0
6097,666,0
6098,654,0
6099,664,0
6100,653,0
6101,665,0
6102,658,0
6103,653,0
6104,659,0
6105,661,0
6106,660,0
6107,656,0
6108,671,0
6109,660,0
6110,658,0
6111,660,0
6112,651,0
6113,665,0
6114,664,0
6115,660,0
6116,651,0
6117,650,0
6118,662,0
6119,660,0
6120,658,0
6121,654,0
6122,663,0
6123,666,0
6124,657,0
6125,664,0
6126,661,0
6127,659,0
6128,655,0
6129,666,0
6130,657,0
6131,648,0
6132,656,0
6133,664,0
6134,664,0
6135,662,0
6136,653,0
6137,655,0
6138,651,0
6139,654,0
6140,661,0
6141,656,0
6142,659,0
6143,657,0
6144,661,0
6145,648,0
6146,665,0
6147,656,0
6148,658,0
6149,657,0
6150,652,0
6151,666,0
6152,661,0
6153,667,0
6154,658,0
6155,659,0
6156,665,0
6157,661,0
6158,661,0
6159,657,0
6160,660,0
6161,654,0
6162,669,0
6163,663,0
6164,663,0
6165,657,0
6166,652,0
6167,648,0
6168,652,0
6169,669,0
6170,661,0
6171,660,0
6172,661,0
6173,655,0
6174,653,0
6175,666,0
6176,666,0
6177,664,0
6178,666,0
6179,660,0
6180,662,0
6181,662,0
6182,661,0
6183,659,0
6184,660,0
6185,656,0
6186,655,0
6187,657,0
6188,652,0
6189,660,0
6190,656,0
6191,669,0
6192,654,0
6193,654,0
6194,662,0
6195,664,0
6196,665,0
6197,660,0
6198,662,0
6199,651,0
6200,657,0
6201,657,0
6202,665,0
6203,652,0
6204,665,0
6205,663,0
6206,664,0
6207,657,0
6208,656,0
6209,662,0
6210,661,0
6211,658,0
6212,656,0
6213,663,0
6214,656,0
6215,672,0
6216,660,0
6217,661,0
6218,649,0
6219,657,0
6220,661,0
6221,657,0
6222,659,0
6223,658,0
6224,655,0
6225,662,0
6226,660,0
6227,658,0
6228,653,0
6229,662,0
6230,649,0
6231,661,0
6232,661,0
6233,651,0
6234,656,0
6235,664,0
6236,653,0
6237,666,0
6238,656,0
6239,659,0
6240,660,0
6241,659,0
6242,661,0
6243,658,0
6244,655,0
6245,665,0
6246,661,0
6247,664,0
6248,656,0
6249,665,0
6250,656,0
6251,662,0
6252,651,0
6253,660,0
6254,654,0
6255,657,0
6256,663,0
6257,661,0
6258,659,0
6259,652,0
6260,655,0
6261,662,0
6262,657,0
6263,659,0
6264,664,0
6265,660,0
6266,655,0
6267,658,0
6268,661,0
6269,659,0
6270,661,0
6271,649,0
6272,664,0
6273,661,0
6274,655,0
6275,656,0
6276,664,0
6277,659,0
6278,658,0
6279,654,0
6280,664,0
6281,663,0
6282,655,0
6283,657,0
6284,654,0
6285,662,0
6286,654,0
6287,654,0
6288,664,0
6289,656,0
6290,657,0
6291,651,0
6292,655,0
6293,655,0
6294,661,0
6295,655,0
6296,663,0
6297,665,0
6298,662,0
6299,658,0
6300,668,0
6301,659,0
6302,655,0
6303,657,0
6304,660,0
6305,663,0
6306,664,0
6307,655,0
6308,661,0
6309,657,0
6310,668,0
6311,666,0
6312,667,0
6313,652,0
6314,654,0
6315,664,0
6316,661,0
6317,653,0
6318,670,0
6319,668,0
6320,663,0
6321,659,0
6322,664,0
6323,658,0
6324,654,0
6325,656,0
6326,661,0
6327,660,0
6328,665,0
6329,651,0
6330,652,0
6331,651,0
6332,658,0
6333,657,0
6334,658,0
6335,652,0
6336,665,0
6337,667,0
6338,661,0
6339,659,0
6340,658,0
6341,657,0
6342,659,0
6343,656,0
6344,661,0
6345,661,0
6346,660,0
6347,658,0
6348,659,0
6349,666,0
6350,661,0
6351,665,0
6352,658,0
6353,658,0
6354,662,0
6355,662,0
6356,659,0
6357,652,0
6358,656,0
6359,649,0
6360,663,0
6361,661,0
6362,658,0
6363,658,0
6364,664,0
6365,657,0
6366,656,0
6367,665,0
6368,656,0
6369,652,0
6370,650,0
6371,662,0
6372,674,0
6373,662,0
6374,661,0
6375,657,0
6376,664,0
6377,671,0
6378,664,0
6379,655,0
6380,660,0
6381,660,0
6382,664,0
6383,669,0
6384,661,0
6385,658,0
6386,659,0
6387,659,0
6388,666,0
6389,648,0
6390,654,0
6391,659,0
6392,670,0
6393,654,0
6394,663,0
6395,664,0
6396,662,0
6397,653,0
6398,664,0
6399,660,0
6400,666,0
6401,656,0
6402,660,0
6403,658,0
6404,673,0
6405,662,0
6406,670,0
6407,667,0
6408,666,0
6409,658,0
6410,660,0
6411,664,0
6412,658,0
6413,654,0
6414,660,0
6415,664,0
6416,657,0
6417,654,0
6418,665,0
6419,651,0
6420,666,0
6421,666,0
6422,670,0
6423,663,0
6424,665,0
6425,662,0
6426,668,0
6427,666,0
6428,660,0
6429,659,0
6430,658,0
6431,660,0
6432,664,0
6433,668,0
6434,661,0
6435,667,0
6436,660,0
6437,651,0
6438,663,0
6439,660,0
6440,669,0
6441,661,0
6442,657,0
6443,658,0
6444,656,0
6445,662,0
6446,665,0
6447,666,0
6448,664,0
6449,666,0
6450,667,0
6451,662,0
6452,666,0
6453,662,0
6454,661,0
6455,664,0
6456,672,0
6457,667,0
6458,659,0
6459,654,0
6460,668,0
6461,656,0
6462,669,0
6463,655,0
6464,664,0
6465,662,0
6466,660,0
6467,662,0
6468,668,0
6469,662,0
6470,660,0
6471,668,0
6472,651,0
6473,653,0
6474,655,0
6475,661,0
6476,661,0
6477,652,0
6478,657,0
6479,663,0
6480,667,0
6481,664,0
6482,672,0
6483,661,0
6484,666,0
6485,670,0
6486,670,0
6487,666,0
6488,660,0
6489,661,0
6490,659,0
6491,658,0
6492,665,0
6493,668,0
6494,663,0
6495,659,0
6496,658,0
6497,658,0
6498,658,0
6499,659,0
6500,662,0
6501,660,0
6502,649,0
6503,655,0
6504,659,0
6505,659,0
6506,662,0
6507,663,0
6508,661,0
6509,664,0
6510,655,0
6511,659,0
6512,668,0
6513,655,0
6514,661,0
6515,670,0
6516,651,0
6517,662,0
6518,673,0
6519,668,0
6520,665,0
6521,665,0
6522,657,0
6523,658,0
6524,652,0
6525,661,0
6526,670,0
6527,660,0
6528,664,0
6529,660,0
6530,661,0
6531,668,0
6532,658,0
6533,659,0
6534,663,0
6535,665,0
6536,663,0
6537,674,0
6538,670,0
6539,667,0
6540,658,0
6541,667,0
6542,663,0
6543,663,0
6544,673,0
6545,669,0
6546,666,0
6547,652,0
6548,658,0
6549,663,0
6550,661,0
6551,659,0
6552,657,0
6553,660,0
6554,664,0
6555,654,0
6556,668,0
6557,664,0
6558,664,0
6559,669,0
6560,656,0
6561,655,0
6562,664,0
6563,664,0
6564,668,0
6565,660,0
6566,669,0
6567,657,0
6568,665,0
6569,669,0
6570,661,0
6571,666,0
6572,667,0
6573,662,0
6574,668,0
6575,661,0
6576,664,0
6577,661,0
6578,674,0
6579,661,0
6580,653,0
6581,657,0
6582,666,0
6583,668,0
6584,659,0
6585,663,0
6586,664,0
6587,660,0
6588,661,0
6589,661,0
6590,670,0
6591,664,0
6592,664,0
6593,654,0
6594,653,0
6595,663,0
6596,662,0
6597,669,0
6598,671,0
6599,655,0
6600,662,0
6601,659,0
6602,667,0
6603,662,0
6604,650,0
6605,666,0
6606,657,0
6607,664,0
6608,660,0
6609,670,0
6610,661,0
6611,662,0
6612,668,0
6613,666,0
6614,661,0
6615,667,0
6616,659,0
6617,663,0
6618,667,0
6619,661,0
6620,657,0
6621,662,0
6622,659,0
6623,665,0
6624,671,0
6625,660,0
6626,666,0
6627,667,0
6628,670,0
6629,664,0
6630,658,0
6631,659,0
6632,663,0
6633,671,0
6634,676,0
6635,665,0
6636,672,0
6637,660,0
6638,671,0
6639,664,0
6640,671,0
6641,663,0
6642,670,0
6643,657,0
6644,662,0
6645,668,0
6646,659,0
6647,654,0
6648,659,0
6649,664,0
6650,658,0
6651,662,0
6652,659,0
6653,662,0
6654,670,0
6655,652,0
6656,668,0
6657,662,0
6658,657,0
6659,657,0
6660,672,0
6661,663,0
6662,662,0
6663,667,0
6664,659,0
6665,661,0
6666,671,0
6667,670,0
6668,659,0
6669,671,0
6670,663,0
6671,663,0
6672,670,0
6673,667,0
6674,657,0
6675,665,0
6676,672,0
6677,666,0
6678,666,0
6679,662,0
6680,669,0
6681,661,0
6682,664,0
6683,661,0
6684,660,0
6685,670,0
6686,662,0
6687,663,0
6688,662,0
6689,665,0
6690,665,0
6691,675,0
6692,665,0
6693,662,0
6694,673,0
6695,657,0
6696,674,0
6697,665,0
6698,662,0
6699,665,0
6700,667,0
6701,658,0
6702,667,0
6703,660,0
6704,671,0
6705,665,0
6706,665,0
6707,661,0
6708,670,0
6709,670,0
6710,666,0
6711,656,0
6712,655,0
6713,672,0
6714,658,0
6715,665,0
6716,672,0
6717,668,0
6718,663,0
6719,668,0
6720,669,0
6721,664,0
6722,661,0
6723,664,0
6724,670,0
6725,670,0
6726,672,0
6727,666,0
6728,661,0
6729,664,0
6730,663,0
6731,655,0
6732,669,0
6733,666,0
6734,672,0
6735,667,0
6736,665,0
6737,662,0
6738,669,0
6739,653,0
6740,664,0
6741,669,0
6742,662,0
6743,657,0
6744,664,0
6745,661,0
6746,665,0
6747,670,0
6748,673,0
6749,664,0
6750,667,0
6751,668,0
6752,670,0
6753,667,0
6754,665,0
6755,659,0
6756,671,0
6757,666,0
6758,661,0
6759,674,0
6760,673,0
6761,651,0
6762,666,0
6763,669,0
6764,663,0
6765,676,0
6766,664,0
6767,674,0
6768,660,0
6769,665,0
6770,664,0
6771,670,0
6772,665,0
6773,658,0
6774,666,0
6775,669,0
6776,683,0
6777,657,0
6778,669,0
6779,665,0
6780,660,0
6781,670,0
6782,668,0
6783,666,0
6784,662,0
6785,664,0
6786,663,0
6787,659,0
6788,669,0
6789,664,0
6790,665,0
6791,663,0
6792,666,0
6793,664,0
6794,668,0
6795,667,0
6796,658,0
6797,663,0
6798,660,0
6799,666,0
6800,664,0
6801,664,0
6802,662,0
6803,665,0
6804,672,0
6805,663,0
6806,672,0
6807,659,0
6808,662,0
6809,668,0
6810,664,0
6811,660,0
6812,664,0
6813,667,0
6814,669,0
6815,666,0
6816,666,0
6817,670,0
6818,666,0
6819,666,0
6820,662,0
6821,669,0
6822,668,0
6823,667,0
6824,671,0
6825,665,0
6826,672,0
6827,664,0
6828,669,0
6829,662,0
6830,665,0
6831,671,0
6832,672,0
6833,669,0
6834,658,0
6835,674,0
6836,668,0
6837,668,0
6838,662,0
6839,672,0
6840,672,0
6841,665,0
6842,663,0
6843,667,0
6844,653,0
6845,670,0
6846,665,0
6847,663,0
6848,665,0
6849,664,0
6850,658,0
6851,670,0
6852,670,0
6853,663,0
6854,663,0
6855,662,0
6856,662,0
6857,664,0
6858,664,0
6859,665,0
6860,667,0
6861,674,0
6862,676,0
6863,670,0
6864,663,0
6865,653,0
6866,668,0
6867,666,0
6868,673,0
6869,671,0
6870,661,0
6871,660,0
6872,656,0
6873,665,0
6874,664,0
6875,674,0
6876,667,0
6877,663,0
6878,667,0
6879,667,0
6880,661,0
6881,666,0
6882,669,0
6883,667,0
6884,661,0
6885,661,0
6886,661,0
6887,668,0
6888,664,0
6889,659,0
6890,671,0
6891,669,0
6892,664,0
6893,662,0
6894,669,0
6895,664,0
6896,665,0
6897,668,0
6898,662,0
6899,672,0
6900,670,0
6901,670,0
6902,671,0
6903,664,0
6904,670,0
6905,670,0
6906,661,0
6907,669,0
6908,671,0
6909,655,0
6910,670,0
6911,666,0
6912,673,0
6913,673,0
6914,669,0
6915,679,0
6916,669,0
6917,664,0
6918,660,0
6919,671,0
6920,673,0
6921,667,0
6922,665,0
6923,669,0
6924,670,0
6925,662,0
6926,652,0
6927,666,0
6928,662,0
6929,669,0
6930,664,0
6931,673,0
6932,669,0
6933,665,0
6934,669,0
6935,672,0
6936,670,0
6937,660,0
6938,670,0
6939,668,0
6940,668,0
6941,663,0
6942,674,0
6943,665,0
6944,666,0
6945,668,0
6946,665,0
6947,664,0
6948,671,0
6949,669,0
6950,663,0
6951,663,0
6952,669,0
6953,668,0
6954,674,0
6955,661,0
6956,663,0
6957,672,0
6958,675,0
6959,667,0
6960,663,0
6961,676,0
6962,671,0
6963,666,0
6964,676,0
6965,665,0
6966,669,0
6967,671,0
6968,659,0
6969,664,0
6970,665,0
6971,665,0
6972,665,0
6973,673,0
6974,667,0
6975,677,0
6976,674,0
6977,673,0
6978,665,0
6979,673,0
6980,667,0
6981,673,0
6982,666,0
6983,666,0
6984,670,0
6985,662,0
6986,670,0
6987,670,0
6988,667,0
6989,677,0
6990,668,0
6991,659,0
6992,674,0
6993,674,0
6994,656,0
6995,666,0
6996,677,0
6997,662,0
6998,671,0
6999,671,0
7000,667,0
7001,659,0
7002,680,0
7003,672,0
7004,664,0
7005,666,0
7006,668,0
7007,672,0
7008,658,0
7009,665,0
7010,671,0
7011,671,0
7012,668,0
7013,664,0
7014,662,0
7015,666,0
7016,671,0
7017,666,0
7018,672,0
7019,667,0
7020,665,0
7021,666,0
7022,671,0
7023,662,0
7024,678,0
7025,669,0
7026,673,0
7027,667,0
7028,677,0
7029,671,0
7030,661,0
7031,676,0
7032,663,0
7033,670,0
7034,667,0
7035,662,0
7036,669,0
7037,680,0
7038,669,0
7039,664,0
7040,666,0
7041,665,0
7042,672,0
7043,668,0
7044,665,0
7045,678,0
7046,667,0
7047,671,0
7048,668,0
7049,663,0
7050,666,0
7051,676,0
7052,666,0
7053,671,0
7054,669,0
7055,660,0
7056,668,0
7057,673,0
7058,671,0
7059,670,0
7060,670,0
7061,678,0
7062,672,0
7063,664,0
7064,665,0
7065,670,0
7066,668,0
7067,673,0
7068,671,0
7069,670,0
7070,671,0
7071,663,0
7072,673,0
7073,673,0
7074,661,0
7075,668,0
7076,665,0
7077,667,0
7078,666,0
7079,670,0
7080,666,0
7081,672,0
7082,675,0
7083,668,0
7084,665,0
7085,662,0
7086,671,0
7087,670,0
7088,669,0
7089,674,0
7090,672,0
7091,678,0
7092,664,0
7093,674,0
7094,671,0
7095,668,0
7096,669,0
7097,679,0
7098,664,0
7099,673,0
7100,658,0
7101,673,0
7102,668,0
7103,667,0
7104,672,0
7105,668,0
7106,667,0
7107,675,0
7108,669,0
7109,676,0
7110,663,0
7111,670,0
7112,663,0
7113,672,0
7114,659,0
7115,666,0
7116,668,0
7117,674,0
7118,668,0
7119,667,0
7120,664,0
7121,664,0
7122,662,0
7123,664,0
7124,675,0
7125,670,0
7126,667,0
7127,676,0
7128,676,0
7129,684,0
7130,666,0
7131,673,0
7132,669,0
7133,672,0
7134,672,0
7135,672,0
7136,674,0
7137,678,0
7138,669,0
7139,675,0
7140,673,0
7141,677,0
7142,671,0
7143,660,0
7144,662,0
7145,673,0
7146,660,0
7147,660,0
7148,669,0
7149,670,0
7150,668,0
7151,677,0
7152,673,0
7153,670,0
7154,678,0
7155,669,0
7156,671,0
7157,668,0
7158,653,0
7159,673,0
7160,664,0
7161,665,0
7162,668,0
7163,673,0
7164,671,0
7165,670,0
7166,669,0
7167,666,0
7168,674,0
7169,669,0
7170,676,0
7171,674,0
7172,672,0
7173,678,0
7174,668,0
7175,672,0
7176,678,0
7177,671,0
7178,671,0
7179,659,0
7180,671,0
7181,663,0
7182,668,0
7183,672,0
7184,674,0
7185,669,0
7186,663,0
7187,672,0
7188,667,0
7189,671,0
7190,663,0
7191,669,0
7192,668,0
7193,666,0
7194,676,0
7195,668,0
7196,664,0
7197,675,0
7198,668,0
7199,659,0
7200,674,0
7201,672,0
7202,672,0
7203,665,0
7204,664,0
7205,667,0
7206,677,0
7207,668,0
7208,673,0
7209,675,0
7210,668,0
7211,667,0
7212,673,0
7213,674,0
7214,668,0
7215,669,0
7216,673,0
7217,677,0
7218,668,0
7219,668,0
7220,676,0
7221,669,0
7222,667,0
7223,678,0
7224,671,0
7225,678,0
7226,669,0
7227,668,0
7228,672,0
7229,669,0
7230,665,0
7231,663,0
7232,675,0
7233,680,0
7234,680,0
7235,671,0
7236,668,0
7237,673,0
7238,670,0
7239,664,0
7240,672,0
7241,667,0
7242,666,0
7243,669,0
7244,668,0
7245,668,0
7246,681,0
7247,668,0
7248,667,0
7249,672,0
7250,673,0
7251,669,0
7252,673,0
7253,677,0
7254,672,0
7255,671,0
7256,670,0
7257,674,0
7258,672,0
7259,671,0
7260,662,0
7261,673,0
7262,671,0
7263,670,0
7264,677,0
7265,676,0
7266,680,0
7267,674,0
7268,667,0
7269,661,0
7270,677,0
7271,662,0
7272,668,0
7273,667,0
7274,671,0
7275,671,0
7276,676,0
7277,672,0
7278,665,0
7279,671,0
7280,675,0
7281,668,0
7282,674,0
7283,674,0
7284,669,0
7285,665,0
7286,661,0
7287,668,0
7288,671,0
7289,673,0
7290,675,0
7291,666,0
7292,675,0
7293,679,0
7294,670,0
7295,673,0
7296,670,0
7297,675,0
7298,668,0
7299,670,0
7300,666,0
7301,671,0
7302,676,0
7303,674,0
7304,679,0
7305,672,0
7306,676,0
7307,673,0
7308,670,0
7309,668,0
7310,678,0
7311,665,0
7312,670,0
7313,670,0
7314,663,0
7315,670,0
7316,673,0
7317,669,0
7318,676,0
7319,660,0
7320,676,0
7321,669,0
7322,672,0
7323,671,0
7324,672,0
7325,679,0
7326,673,0
7327,667,0
7328,667,0
7329,667,0
7330,680,0
7331,677,0
7332,680,0
7333,672,0
7334,664,0
7335,668,0
7336,676,0
7337,673,0
7338,674,0
7339,677,0
7340,676,0
7341,680,0
7342,674,0
7343,673,0
7344,680,0
7345,675,0
7346,666,0
7347,669,0
7348,670,0
7349,677,0
7350,665,0
7351,673,0
7352,676,0
7353,676,0
7354,670,0
7355,677,0
7356,670,0
7357,673,0
7358,676,0
7359,667,0
7360,683,0
7361,670,0
7362,674,0
7363,670,0
7364,673,0
7365,675,0
7366,676,0
7367,659,0
7368,672,0
7369,673,0
7370,672,0
7371,684,0
7372,674,0
7373,674,0
7374,672,0
7375,669,0
7376,673,0
7377,667,0
7378,673,0
7379,673,0
7380,672,0
7381,673,0
7382,667,0
7383,670,0
7384,678,0
7385,678,0
7386,668,0
7387,674,0
7388,664,0
7389,676,0
7390,674,0
7391,665,0
7392,668,0
7393,677,0
7394,680,0
7395,668,0
7396,669,0
7397,663,0
7398,668,0
7399,673,0
7400,669,0
7401,671,0
7402,669,0
7403,672,0
7404,674,0
7405,672,0
7406,680,0
7407,668,0
7408,674,0
7409,674,0
7410,671,0
7411,663,0
7412,684,0
7413,665,0
7414,677,0
7415,674,0
7416,671,0
7417,664,0
7418,672,0
7419,674,0
7420,675,0
7421,678,0
7422,661,0
7423,670,0
7424,679,0
7425,669,0
7426,681,0
7427,675,0
7428,669,0
7429,672,0
7430,662,0
7431,676,0
7432,666,0
7433,671,0
7434,670,0
7435,666,0
7436,674,0
7437,678,0
7438,676,0
7439,682,0
7440,679,0
7441,673,0
7442,678,0
7443,662,0
7444,677,0
7445,670,0
7446,676,0
7447,667,0
7448,671,0
7449,675,0
7450,674,0
7451,672,0
7452,681,0
7453,678,0
7454,670,0
7455,665,0
7456,669,0
7457,662,0
7458,661,0
7459,678,0
7460,661,0
7461,667,0
7462,667,0
7463,669,0
7464,675,0
7465,671,0
7466,675,0
7467,675,0
7468,675,0
7469,674,0
7470,685,0
7471,667,0
7472,686,0
7473,670,0
7474,668,0
7475,675,0
7476,666,0
7477,674,0
7478,672,0
7479,679,0
7480,667,0
7481,673,0
7482,664,0
7483,673,0
7484,671,0
7485,666,0
7486,670,0
7487,667,0
7488,675,0
7489,666,0
7490,678,0
7491,675,0
7492,676,0
7493,669,0
7494,664,0
7495,671,0
7496,672,0
7497,673,0
7498,675,0
7499,674,0
7500,664,0
7501,677,0
7502,668,0
7503,673,0
7504,681,0
7505,673,0
7506,680,0
7507,668,0
7508,674,0
7509,678,0
7510,679,0
7511,670,0
7512,669,0
7513,673,0
7514,669,0
7515,671,0
7516,674,0
7517,672,0
7518,670,0
7519,677,0
7520,678,0
7521,666,0
7522,671,0
7523,677,0
7524,672,0
7525,675,0
7526,668,0
7527,678,0
7528,666,0
7529,676,0
7530,672,0
7531,672,0
7532,672,0
7533,676,0
7534,680,0
7535,669,0
7536,670,0
7537,685,0
7538,668,0
7539,681,0
7540,677,0
7541,681,0
7542,687,0
7543,671,0
7544,676,0
7545,675,0
7546,675,0
7547,665,0
7548,675,0
7549,671,0
7550,676,0
7551,679,0
7552,675,0
7553,673,0
7554,673,0
7555,672,0
7556,678,0
7557,671,0
7558,670,0
7559,677,0
7560,672,0
7561,680,0
7562,662,0
7563,672,0
7564,675,0
7565,680,0
7566,674,0
7567,684,0
7568,689,0
7569,676,0
7570,662,0
7571,672,0
7572,681,0
7573,675,0
7574,677,0
7575,670,0
7576,670,0
7577,671,0
7578,674,0
7579,675,0
7580,676,0
7581,684,0
7582,674,0
7583,668,0
7584,677,0
7585,673,0
7586,675,0
7587,672,0
7588,672,0
7589,678,0
7590,683,0
7591,680,0
7592,673,0
7593,675,0
7594,681,0
7595,681,0
7596,666,0
7597,672,0
7598,668,0
7599,680,0
7600,667,0
7601,665,0
7602,671,0
7603,675,0
7604,673,0
7605,665,0
7606,670,0
7607,679,0
7608,675,0
7609,672,0
7610,681,0
7611,676,0
7612,677,0
7613,671,0
7614,679,0
7615,675,0
7616,671,0
7617,666,0
7618,668,0
7619,677,0
7620,675,0
7621,687,0
7622,681,0
7623,673,0
7624,676,0
7625,672,0
7626,674,0
7627,677,0
7628,685,0
7629,674,0
7630,677,0
7631,673,0
7632,678,0
7633,676,0
7634,685,0
7635,682,0
7636,675,0
7637,674,0
7638,675,0
7639,678,0
7640,674,0
7641,674,0
7642,676,0
7643,676,0
7644,679,0
7645,675,0
7646,682,0
7647,681,0
7648,682,0
7649,672,0
7650,670,0
7651,670,0
7652,677,0
7653,677,0
7654,675,0
7655,666,0
7656,672,0
7657,669,0
7658,680,0
7659,669,0
7660,676,0
7661,672,0
7662,679,0
7663,683,0
7664,676,0
7665,677,0
7666,675,0
7667,674,0
7668,669,0
7669,674,0
7670,674,0
7671,675,0
7672,667,0
7673,671,0
7674,667,0
7675,684,0
7676,666,0
7677,680,0
7678,678,0
7679,684,0
7680,673,0
7681,678,0
7682,673,0
7683,677,0
7684,674,0
7685,669,0
7686,674,0
7687,672,0
7688,677,0
7689,670,0
7690,671,0
7691,673,0
7692,665,0
7693,670,0
7694,674,0
7695,671,0
7696,669,0
7697,681,0
7698,676,0
7699,675,0
7700,678,0
7701,675,0
7702,672,0
7703,677,0
7704,667,0
7705,680,0
7706,665,0
7707,677,0
7708,675,0
7709,674,0
7710,679,0
7711,689,0
7712,668,0
7713,670,0
7714,678,0
7715,678,0
7716,675,0
7717,666,0
7718,676,0
7719,673,0
7720,680,0
7721,668,0
7722,675,0
7723,675,0
7724,683,0
7725,670,0
7726,675,0
7727,673,0
7728,673,0
7729,678,0
7730,675,0
7731,682,0
7732,675,0
7733,675,0
7734,679,0
7735,675,0
7736,675,0
7737,670,0
7738,672,0
7739,672,0
7740,674,0
7741,670,0
7742,675,0
7743,681,0
7744,675,0
7745,682,0
7746,672,0
7747,682,0
7748,679,0
7749,675,0
7750,676,0
7751,672,0
7752,675,0
7753,674,0
7754,670,0
7755,683,0
7756,679,0
7757,670,0
7758,677,0
7759,678,0
7760,684,0
7761,683,0
7762,681,0
7763,665,0
7764,685,0
7765,682,0
7766,674,0
7767,674,0
7768,678,0
7769,666,0
7770,672,0
7771,671,0
7772,670,0
7773,673,0
7774,675,0
7775,679,0
7776,680,0
7777,667,0
7778,671,0
7779,676,0
7780,670,0
7781,680,0
7782,682,0
7783,674,0
7784,673,0
7785,665,0
7786,669,0
7787,668,0
7788,672,0
7789,681,0
7790,676,0
7791,679,0
7792,677,0
7793,673,0
7794,683,0
7795,667,0
7796,679,0
7797,671,0
7798,674,0
7799,679,0
7800,668,0
7801,672,0
7802,686,0
7803,679,0
7804,682,0
7805,684,0
7806,677,0
7807,682,0
7808,680,0
7809,672,0
7810,674,0
7811,682,0
7812,678,0
7813,677,0
7814,680,0
7815,681,0
7816,678,0
7817,679,0
7818,680,0
7819,667,0
7820,680,0
7821,677,0
7822,671,0
7823,678,0
7824,685,0
7825,685,0
7826,667,0
7827,668,0
7828,680,0
7829,666,0
7830,685,0
7831,681,0
7832,682,0
7833,687,0
7834,673,0
7835,673,0
7836,681,0
7837,675,0
7838,675,0
7839,680,0
7840,687,0
7841,680,0
7842,672,0
7843,673,0
7844,676,0
7845,680,0
7846,679,0
7847,671,0
7848,673,0
7849,688,0
7850,675,0
7851,674,0
7852,668,0
7853,683,0
7854,683,0
7855,682,0
7856,678,0
7857,668,0
7858,676,0
7859,679,0
7860,681,0
7861,676,0
7862,676,0
7863,676,0
7864,686,0
7865,676,0
7866,673,0
7867,669,0
7868,667,0
7869,683,0
7870,675,0
7871,675,0
7872,685,0
7873,679,0
7874,680,0
7875,675,0
7876,673,0
7877,674,0
7878,687,0
7879,677,0
7880,686,0
7881,681,0
7882,676,0
7883,682,0
7884,678,0
7885,674,0
7886,672,0
7887,681,0
7888,673,0
7889,690,0
7890,675,0
7891,674,0
7892,673,0
7893,683,0
7894,686,0
7895,664,0
7896,677,0
7897,681,0
7898,678,0
7899,681,0
7900,676,0
7901,679,0
7902,677,0
7903,679,0
7904,676,0
7905,684,0
7906,675,0
7907,676,0
7908,679,0
7909,675,0
7910,684,0
7911,678,0
7912,671,0
7913,672,0
7914,691,0
7915,673,0
7916,681,0
7917,673,0
7918,675,0
7919,681,0
7920,677,0
7921,679,0
7922,679,0
7923,681,0
7924,677,0
7925,682,0
7926,669,0
7927,676,0
7928,678,0
7929,684,0
7930,676,0
7931,668,0
7932,677,0
7933,681,0
7934,680,0
7935,668,0
7936,678,0
7937,684,0
7938,677,0
7939,670,0
7940,674,0
7941,675,0
7942,676,0
7943,681,0
7944,681,0
7945,679,0
7946,684,0
7947,669,0
7948,677,0
7949,686,0
7950,675,0
7951,684,0
7952,684,0
7953,680,0
7954,680,0
7955,678,0
7956,672,0
7957,676,0
7958,680,0
7959,685,0
7960,682,0
7961,677,0
7962,686,0
7963,676,0
7964,680,0
7965,683,0
7966,675,0
7967,673,0
7968,674,0
7969,690,0
7970,680,0
7971,685,0
7972,686,0
7973,677,0
7974,680,0
7975,671,0
7976,681,0
7977,680,0
7978,680,0
7979,675,0
7980,678,0
7981,679,0
7982,681,0
7983,686,0
7984,677,0
7985,678,0
7986,674,0
7987,682,0
7988,678,0
7989,675,0
7990,682,0
7991,671,0
7992,685,0
7993,679,0
7994,680,0
7995,683,0
7996,685,0
7997,676,0
7998,676,0
7999,687,0
8000,683,0
8001,673,0
8002,671,0
8003,681,0
8004,678,0
8005,673,0
8006,675,0
8007,680,0
8008,677,0
8009,674,0
8010,672,0
8011,683,0
8012,671,0
8013,677,0
8014,672,0
8015,686,0
8016,673,0
8017,673,0
8018,680,0
8019,674,0
8020,674,0
8021,674,0
8022,678,0
8023,681,0
8024,673,0
8025,684,0
8026,675,0
8027,682,0
8028,673,0
8029,684,0
8030,683,0
8031,677,0
8032,677,0
8033,684,0
8034,676,0
8035,682,0
8036,677,0
8037,679,0
8038,675,0
8039,682,0
8040,675,0
8041,672,0
8042,676,0
8043,681,0
8044,677,0
8045,681,0
8046,672,0
8047,670,0
8048,677,0
8049,678,0
8050,673,0
8051,677,0
8052,679,0
8053,675,0
8054,671,0
8055,677,0
8056,671,0
8057,683,0
8058,686,0
8059,676,0
8060,681,0
8061,680,0
8062,673,0
8063,684,0
8064,681,0
8065,686,0
8066,679,0
8067,677,0
8068,674,0
8069,673,0
8070,681,0
8071,678,0
8072,675,0
8073,681,0
8074,676,0
8075,679,0
8076,693,0
8077,680,0
8078,677,0
8079,680,0
8080,677,0
8081,675,0
8082,676,0
8083,685,0
8084,680,0
8085,680,0
8086,677,0
8087,686,0
8088,691,0
8089,675,0
8090,672,0
8091,678,0
8092,685,0
8093,685,0
8094,681,0
8095,685,0
8096,684,0
8097,676,0
8098,688,0
8099,686,0
8100,676,0
8101,682,0
8102,678,0
8103,687,0
8104,677,0
8105,681,0
8106,678,0
8107,675,0
8108,678,0
8109,684,0
8110,683,0
8111,681,0
8112,679,0
8113,679,0
8114,682,0
8115,681,0
8116,673,0
8117,674,0
8118,684,0
8119,686,0
8120,678,0
8121,685,0
8122,683,0
8123,688,0
8124,678,0
8125,676,0
8126,673,0
8127,680,0
8128,681,0
8129,682,0
8130,683,0
8131,678,0
8132,679,0
8133,674,0
8134,684,0
8135,672,0
8136,670,0
8137,674,0
8138,684,0
8139,679,0
8140,679,0
8141,690,0
8142,678,0
8143,672,0
8144,685,0
8145,668,0
8146,687,0
8147,669,0
8148,695,0
8149,699,0
8150,674,0
8151,676,0
8152,682,0
8153,676,0
8154,683,0
8155,679,0
8156,676,0
8157,679,0
8158,678,0
8159,682,0
8160,678,0
8161,682,0
8162,678,0
8163,688,0
8164,679,0
8165,676,0
8166,672,0
8167,681,0
8168,681,0
8169,673,0
8170,681,0
8171,675,0
8172,680,0
8173,670,0
8174,680,0
8175,671,0
8176,682,0
8177,676,0
8178,680,0
8179,676,0
8180,681,0
8181,677,0
8182,682,0
8183,678,0
8184,686,0
8185,677,0
8186,675,0
8187,686,0
8188,668,0
8189,683,0
8190,681,0
8191,677,0
8192,683,0
8193,680,0
8194,678,0
8195,678,0
8196,673,0
8197,673,0
8198,677,0
8199,677,0
8200,675,0
8201,677,0
8202,679,0
8203,687,0
8204,686,0
8205,673,0
8206,684,0
8207,690,0
8208,685,0
8209,686,0
8210,687,0
8211,679,0
8212,689,0
8213,669,0
8214,674,0
8215,681,0
8216,687,0
8217,679,0
8218,681,0
8219,684,0
8220,684,0
8221,672,0
8222,679,0
8223,686,0
8224,679,0
8225,678,0
8226,687,0
8227,679,0
8228,678,0
8229,678,0
8230,671,0
8231,680,0
8232,687,0
8233,682,0
8234,677,0
8235,682,0
8236,676,0
8237,675,0
8238,683,0
8239,683,0
8240,677,0
8241,679,0
8242,677,0
8243,681,0
8244,672,0
8245,682,0
8246,677,0
8247,688,0
8248,675,0
8249,689,0
8250,685,0
8251,681,0
8252,679,0
8253,685,0
8254,681,0
8255,671,0
8256,682,0
8257,679,0
8258,682,0
8259,682,0
8260,681,0
8261,678,0
8262,676,0
8263,682,0
8264,677,0
8265,680,0
8266,688,0
8267,673,0
8268,675,0
8269,677,0
8270,685,0
8271,675,0
8272,684,0
8273,685,0
8274,680,0
8275,689,0
8276,680,0
8277,687,0
8278,682,0
8279,677,0
8280,681,0
8281,675,0
8282,687,0
8283,684,0
8284,677,0
8285,680,0
8286,688,0
8287,689,0
8288,683,0
8289,683,0
8290,685,0
8291,678,0
8292,679,0
8293,679,0
8294,683,0
8295,670,0
8296,677,0
8297,680,0
8298,680,0
8299,677,0
8300,683,0
8301,682,0
8302,676,0
8303,681,0
8304,680,0
8305,682,0
8306,681,0
8307,678,0
8308,680,0
8309,688,0
8310,686,0
8311,682,0
8312,681,0
8313,687,0
8314,680,0
8315,681,0
8316,680,0
8317,679,0
8318,700,0
8319,677,0
8320,680,0
8321,675,0
8322,682,0
8323,688,0
8324,677,0
8325,676,0
8326,681,0
8327,678,0
8328,686,0
8329,678,0
8330,684,0
8331,685,0
8332,678,0
8333,679,0
8334,682,0
8335,679,0
8336,686,0
8337,666,0
8338,684,0
8339,679,0
8340,686,0
8341,686,0
8342,685,0
8343,675,0
8344,677,0
8345,677,0
8346,680,0
8347,688,0
8348,688,0
8349,681,0
8350,675,0
8351,681,0
8352,688,0
8353,681,0
8354,684,0
8355,682,0
8356,680,0
8357,681,0
8358,688,0
8359,687,0
8360,681,0
8361,681,0
8362,676,0
8363,686,0
8364,685,0
8365,683,0
8366,681,0
8367,679,0
8368,687,0
8369,669,0
8370,678,0
8371,675,0
8372,677,0
8373,673,0
8374,683,0
8375,679,0
8376,683,0
8377,683,0
8378,678,0
8379,683,0
8380,682,0
8381,678,0
8382,683,0
8383,681,0
8384,678,0
8385,681,0
8386,681,0
8387,692,0
8388,674,0
8389,671,0
8390,686,0
8391,676,0
8392,683,0
8393,681,0
8394,680,0
8395,687,0
8396,681,0
8397,683,0
8398,687,0
8399,681,0
8400,677,0
8401,680,0
8402,689,0
8403,681,0
8404,684,0
8405,690,0
8406,677,0
8407,686,0
8408,674,0
8409,687,0
8410,692,0
8411,688,0
8412,685,0
8413,690,0
8414,681,0
8415,686,0
8416,684,0
8417,682,0
8418,689,0
8419,686,0
8420,685,0
8421,677,0
8422,682,0
8423,674,0
8424,681,0
8425,677,0
8426,680,0
8427,681,0
8428,683,0
8429,680,0
8430,681,0
8431,687,0
8432,690,0
8433,675,0
8434,688,0
8435,686,0
8436,683,0
8437,683,0
8438,683,0
8439,680,0
8440,685,0
8441,675,0
8442,679,0
8443,682,0
8444,681,0
8445,672,0
8446,685,0
8447,683,0
8448,679,0
8449,683,0
8450,679,0
8451,673,0
8452,680,0
8453,685,0
8454,681,0
8455,688,0
8456,680,0
8457,685,0
8458,682,0
8459,676,0
8460,677,0
8461,689,0
8462,676,0
8463,686,0
8464,680,0
8465,675,0
8466,683,0
8467,678,0
8468,684,0
8469,687,0
8470,681,0
8471,690,0
8472,685,0
8473,691,0
8474,685,0
8475,679,0
8476,684,0
8477,675,0
8478,685,0
8479,673,0
8480,681,0
8481,689,0
8482,683,0
8483,677,0
8484,678,0
8485,681,0
8486,679,0
8487,679,0
8488,685,0
8489,678,0
8490,682,0
8491,681,0
8492,682,0
8493,687,0
8494,682,0
8495,681,0
8496,680,0
8497,680,0
8498,678,0
8499,670,0
8500,691,0
8501,676,0
8502,682,0
8503,674,0
8504,675,0
8505,682,0
8506,689,0
8507,681,0
8508,689,0
8509,681,0
8510,691,0
8511,680,0
8512,677,0
8513,674,0
8514,679,0
8515,684,0
8516,684,0
8517,685,0
8518,696,0
8519,693,0
8520,685,0
8521,675,0
8522,688,0
8523,674,0
8524,680,0
8525,682,0
8526,679,0
8527,682,0
8528,683,0
8529,673,0
8530,683,0
8531,688,0
8532,686,0
8533,685,0
8534,683,0
8535,674,0
8536,677,0
8537,688,0
8538,685,0
8539,691,0
8540,679,0
8541,683,0
8542,689,0
8543,673,0
8544,688,0
8545,694,0
8546,682,0
8547,680,0
8548,680,0
8549,675,0
8550,691,0
8551,687,0
8552,678,0
8553,687,0
8554,677,0
8555,686,0
8556,676,0
8557,685,0
8558,687,0
8559,690,0
8560,686,0
8561,677,0
8562,683,0
8563,689,0
8564,692,0
8565,682,0
8566,687,0
8567,682,0
8568,685,0
8569,680,0
8570,685,0
8571,688,0
8572,681,0
8573,683,0
8574,683,0
8575,676,0
8576,684,0
8577,677,0
8578,676,0
8579,690,0
8580,682,0
8581,686,0
8582,682,0
8583,676,0
8584,684,0
8585,687,0
8586,679,0
8587,680,0
8588,693,0
8589,677,0
8590,683,0
8591,684,0
8592,683,0
8593,688,0
8594,682,0
8595,680,0
8596,682,0
8597,685,0
8598,679,0
8599,674,0
8600,688,0
8601,687,0
8602,696,0
8603,688,0
8604,683,0
8605,679,0
8606,681,0
8607,681,0
8608,689,0
8609,689,0
8610,681,0
8611,684,0
8612,683,0
8613,693,0
8614,681,0
8615,690,0
8616,692,0
8617,680,0
8618,687,0
8619,693,0
8620,683,0
8621,693,0
8622,696,0
8623,677,0
8624,679,0
8625,674,0
8626,679,0
8627,688,0
8628,689,0
8629,686,0
8630,691,0
8631,687,0
8632,686,0
8633,686,0
8634,687,0
8635,688,0
8636,686,0
8637,682,0
8638,683,0
8639,683,0
8640,677,0
8641,683,0
8642,679,0
8643,691,0
8644,679,0
8645,686,0
8646,689,0
8647,681,0
8648,680,0
8649,679,0
8650,682,0
8651,691,0
8652,684,0
8653,683,0
8654,685,0
8655,688,0
8656,693,0
8657,684,0
8658,683,0
8659,682,0
8660,683,0
8661,682,0
8662,679,0
8663,681,0
8664,680,0
8665,687,0
8666,683,0
8667,690,0
8668,688,0
8669,680,0
8670,694,0
8671,681,0
8672,683,0
8673,687,0
8674,678,0
8675,676,0
8676,687,0
8677,691,0
8678,686,0
8679,680,0
8680,672,0
8681,683,0
8682,678,0
8683,694,0
8684,684,0
8685,679,0
8686,690,0
8687,681,0
8688,689,0
8689,677,0
8690,682,0
8691,695,0
8692,686,0
8693,684,0
8694,691,0
8695,690,0
8696,682,0
8697,678,0
8698,681,0
8699,690,0
8700,686,0
8701,687,0
8702,685,0
8703,682,0
8704,686,0
8705,679,0
8706,688,0
8707,683,0
8708,680,0
8709,681,0
8710,690,0
8711,686,0
8712,679,0
8713,682,0
8714,681,0
8715,683,0
8716,682,0
8717,684,0
8718,693,0
8719,687,0
8720,676,0
8721,681,0
8722,685,0
8723,687,0
8724,686,0
8725,688,0
8726,687,0
8727,685,0
8728,692,0
8729,679,0
8730,679,0
8731,688,0
8732,686,0
8733,683,0
8734,692,0
8735,683,0
8736,685,0
8737,688,0
8738,682,0
8739,690,0
8740,683,0
8741,692,0
8742,697,0
8743,684,0
8744,687,0
8745,683,0
8746,681,0
8747,689,0
8748,691,0
8749,683,0
8750,686,0
8751,689,0
8752,685,0
8753,688,0
8754,687,0
8755,688,0
8756,678,0
8757,683,0
8758,687,0
8759,687,0
8760,690,0
8761,685,0
8762,683,0
8763,681,0
8764,689,0
8765,681,0
8766,681,0
8767,682,0
8768,683,0
8769,689,0
8770,684,0
8771,680,0
8772,692,0
8773,685,0
8774,682,0
8775,684,0
8776,694,0
8777,682,0
8778,682,0
8779,688,0
8780,683,0
8781,680,0
8782,687,0
8783,688,0
8784,688,0
8785,678,0
8786,686,0
8787,685,0
8788,691,0
8789,684,0
8790,680,0
8791,683,0
8792,681,0
8793,678,0
8794,695,0
8795,686,0
8796,694,0
8797,675,0
8798,685,0
8799,693,0
8800,682,0
8801,681,0
8802,687,0
8803,679,0
8804,687,0
8805,690,0
8806,677,0
8807,691,0
8808,689,0
8809,693,0
8810,686,0
8811,684,0
8812,682,0
8813,686,0
8814,682,0
8815,681,0
8816,686,0
8817,687,0
8818,682,0
8819,690,0
8820,686,0
8821,684,0
8822,684,0
8823,687,0
8824,694,0
8825,700,0
8826,677,0
8827,690,0
8828,682,0
8829,689,0
8830,684,0
8831,683,0
8832,687,0
8833,686,0
8834,681,0
8835,685,0
8836,694,0
8837,691,0
8838,682,0
8839,682,0
8840,695,0
8841,683,0
8842,693,0
8843,675,0
8844,685,0
8845,682,0
8846,685,0
8847,689,0
8848,688,0
8849,688,0
8850,680,0
8851,684,0
8852,687,0
8853,688,0
8854,687,0
8855,691,0
8856,686,0
8857,687,0
8858,690,0
8859,690,0
8860,678,0
8861,686,0
8862,684,0
8863,686,0
8864,690,0
8865,690,0
8866,696,0
8867,686,0
8868,689,0
8869,690,0
8870,690,0
8871,689,0
8872,684,0
8873,687,0
8874,684,0
8875,689,0
8876,681,0
8877,684,0
8878,693,0
8879,687,0
8880,678,0
8881,687,0
8882,690,0
8883,689,0
8884,690,0
8885,695,0
8886,686,0
8887,687,0
8888,680,0
8889,688,0
8890,685,0
8891,686,0
8892,685,0
8893,690,0
8894,682,0
8895,677,0
8896,685,0
8897,695,0
8898,687,0
8899,687,0
8900,684,0
8901,693,0
8902,680,0
8903,681,0
8904,690,0
8905,690,0
8906,681,0
8907,691,0
8908,686,0
8909,683,0
8910,686,0
8911,687,0
8912,687,0
8913,684,0
8914,690,0
8915,678,0
8916,695,0
8917,686,0
8918,689,0
8919,695,0
8920,690,0
8921,680,0
8922,694,0
8923,681,0
8924,680,0
8925,687,0
8926,684,0
8927,685,0
8928,687,0
8929,686,0
8930,671,0
8931,687,0
8932,694,0
8933,688,0
8934,679,0
8935,687,0
8936,688,0
8937,678,0
8938,684,0
8939,686,0
8940,690,0
8941,677,0
8942,698,0
8943,685,0
8944,681,0
8945,689,0
8946,687,0
8947,690,0
8948,694,0
8949,680,0
8950,698,0
8951,691,0
8952,683,0
8953,680,0
8954,693,0
8955,691,0
8956,689,0
8957,677,0
8958,687,0
8959,689,0
8960,685,0
8961,688,0
8962,682,0
8963,681,0
8964,685,0
8965,681,0
8966,682,0
8967,684,0
8968,683,0
8969,682,0
8970,687,0
8971,690,0
8972,690,0
8973,690,0
8974,685,0
8975,685,0
8976,681,0
8977,685,0
8978,684,0
8979,695,0
8980,690,0
8981,682,0
8982,679,0
8983,689,0
8984,692,0
8985,692,0
8986,683,0
8987,692,0
8988,686,0
8989,689,0
8990,691,0
8991,681,0
8992,688,0
8993,693,0
8994,688,0
8995,686,0
8996,694,0
8997,695,0
8998,685,0
8999,686,0
9000,686,0
9001,688,0
9002,693,0
9003,693,0
9004,685,0
9005,676,0
9006,697,0
9007,695,0
9008,679,0
9009,690,0
9010,694,0
9011,688,0
9012,695,0
9013,685,0
9014,683,0
9015,680,0
9016,690,0
9017,691,0
9018,689,0
9019,685,0
9020,696,0
9021,700,0
9022,693,0
9023,698,0
9024,682,0
9025,683,0
9026,700,0
9027,690,0
9028,686,0
9029,691,0
9030,677,0
9031,685,0
9032,689,0
9033,688,0
9034,690,0
9035,682,0
9036,679,0
9037,688,0
9038,689,0
9039,684,0
9040,685,0
9041,685,0
9042,685,0
9043,685,0
9044,682,0
9045,687,0
9046,692,0
9047,672,0
9048,679,0
9049,698,0
9050,688,0
9051,683,0
9052,694,0
9053,688,0
9054,690,0
9055,683,0
9056,695,0
9057,687,0
9058,689,0
9059,694,0
9060,691,0
9061,688,0
9062,685,0
9063,684,0
9064,695,0
9065,681,0
9066,691,0
9067,689,0
9068,690,0
9069,683,0
9070,690,0
9071,687,0
9072,676,0
9073,691,0
9074,683,0
9075,681,0
9076,684,0
9077,689,0
9078,691,0
9079,692,0
9080,685,0
9081,692,0
9082,682,0
9083,682,0
9084,688,0
9085,689,0
9086,682,0
9087,693,0
9088,682,0
9089,682,0
9090,688,0
9091,696,0
9092,693,0
9093,684,0
9094,683,0
9095,685,0
9096,695,0
9097,695,0
9098,702,0
9099,685,0
9100,684,0
9101,693,0
9102,682,0
9103,680,0
9104,685,0
9105,688,0
9106,691,0
9107,691,0
9108,689,0
9109,691,0
9110,690,0
9111,685,0
9112,689,0
9113,689,0
9114,679,0
9115,684,0
9116,682,0
9117,678,0
9118,676,0
9119,692,0
9120,686,0
9121,696,0
9122,691,0
9123,688,0
9124,690,0
9125,686,0
9126,693,0
9127,682,0
9128,689,0
9129,685,0
9130,687,0
9131,684,0
9132,691,0
9133,695,0
9134,694,0
9135,683,0
9136,690,0
9137,686,0
9138,684,0
9139,689,0
9140,693,0
9141,687,0
9142,691,0
9143,688,0
9144,691,0
9145,691,0
9146,687,0
9147,686,0
9148,685,0
9149,686,0
9150,696,0
9151,689,0
9152,688,0
9153,681,0
9154,683,0
9155,679,0
9156,690,0
9157,692,0
9158,679,0
9159,680,0
9160,693,0
9161,687,0
9162,691,0
9163,680,0
9164,687,0
9165,686,0
9166,684,0
9167,688,0
9168,688,0
9169,689,0
9170,686,0
9171,684,0
9172,685,0
9173,687,0
9174,690,0
9175,690,0
9176,684,0
9177,695,0
9178,693,0
9179,694,0
9180,684,0
9181,700,0
9182,692,0
9183,692,0
9184,686,0
9185,691,0
9186,687,0
9187,685,0
9188,678,0
9189,683,0
9190,690,0
9191,684,0
9192,685,0
9193,684,0
9194,676,0
9195,692,0
9196,679,0
9197,691,0
9198,694,0
9199,677,0
9200,689,0
9201,688,0
9202,688,0
9203,688,0
9204,690,0
9205,692,0
9206,687,0
9207,694,0
9208,687,0
9209,686,0
9210,695,0
9211,694,0
9212,691,0
9213,687,0
9214,686,0
9215,689,0
9216,688,0
9217,687,0
9218,682,0
9219,696,0
9220,706,0
9221,690,0
9222,693,0
9223,694,0
9224,685,0
9225,691,0
9226,684,0
9227,685,0
9228,696,0
9229,685,0
9230,684,0
9231,690,0
9232,687,0
9233,686,0
9234,696,0
9235,689,0
9236,688,0
9237,696,0
9238,692,0
9239,688,0
9240,687,0
9241,689,0
9242,695,0
9243,685,0
9244,688,0
9245,696,0
9246,693,0
9247,694,0
9248,679,0
9249,696,0
9250,697,0
9251,691,0
9252,685,0
9253,685,0
9254,690,0
9255,686,0
9256,691,0
9257,683,0
9258,679,0
9259,687,0
9260,688,0
9261,687,0
9262,681,0
9263,692,0
9264,682,0
9265,694,0
9266,687,0
9267,691,0
9268,685,0
9269,678,0
9270,701,0
9271,689,0
9272,681,0
9273,697,0
9274,684,0
9275,689,0
9276,688,0
9277,692,0
9278,693,0
9279,689,0
9280,690,0
9281,691,0
9282,688,0
9283,686,0
9284,686,0
9285,696,0
9286,693,0
9287,681,0
9288,682,0
9289,690,0
9290,686,0
9291,679,0
9292,690,0
9293,692,0
9294,680,0
9295,682,0
9296,695,0
9297,682,0
9298,683,0
9299,702,0
9300,688,0
9301,695,0
9302,692,0
9303,689,0
9304,686,0
9305,694,0
9306,686,0
9307,693,0
9308,687,0
9309,692,0
9310,693,0
9311,685,0
9312,691,0
9313,695,0
9314,686,0
9315,692,0
9316,696,0
9317,684,0
9318,690,0
9319,688,0
9320,688,0
9321,687,0
9322,692,0
9323,688,0
9324,693,0
9325,688,0
9326,688,0
9327,697,0
9328,682,0
9329,693,0
9330,687,0
9331,693,0
9332,694,0
9333,689,0
9334,698,0
9335,689,0
9336,692,0
9337,687,0
9338,691,0
9339,691,0
9340,682,0
9341,693,0
9342,681,0
9343,695,0
9344,691,0
9345,685,0
9346,685,0
9347,696,0
9348,685,0
9349,685,0
9350,694,0
9351,691,0
9352,693,0
9353,679,0
9354,695,0
9355,692,0
9356,695,0
9357,695,0
9358,690,0
9359,692,0
9360,689,0
9361,686,0
9362,682,0
9363,686,0
9364,682,0
9365,689,0
9366,698,0
9367,697,0
9368,686,0
9369,688,0
9370,680,0
9371,688,0
9372,686,0
9373,692,0
9374,691,0
9375,689,0
9376,687,0
9377,691,0
9378,695,0
9379,691,0
9380,686,0
9381,688,0
9382,685,0
9383,693,0
9384,692,0
9385,693,0
9386,692,0
9387,696,0
9388,684,0
9389,690,0
9390,694,0
9391,684,0
9392,684,0
9393,687,0
9394,686,0
9395,689,0
9396,693,0
9397,691,0
9398,691,0
9399,684,0
9400,695,0
9401,689,0
9402,694,0
9403,688,0
9404,689,0
9405,687,0
9406,690,0
9407,695,0
9408,685,0
9409,693,0
9410,691,0
9411,689,0
9412,691,0
9413,690,0
9414,693,0
9415,695,0
9416,689,0
9417,692,0
9418,691,0
9419,689,0
9420,701,0
9421,680,0
9422,696,0
9423,696,0
9424,695,0
9425,686,0
9426,689,0
9427,685,0
9428,691,0
9429,689,0
9430,678,0
9431,692,0
9432,692,0
9433,681,0
9434,691,0
9435,691,0
9436,693,0
9437,691,0
9438,698,0
9439,688,0
9440,692,0
9441,694,0
9442,689,0
9443,698,0
9444,689,0
9445,701,0
9446,683,0
9447,689,0
9448,700,0
9449,688,0
9450,700,0
9451,688,0
9452,690,0
9453,697,0
9454,690,0
9455,691,0
9456,692,0
9457,682,0
9458,693,0
9459,696,0
9460,692,0
9461,689,0
9462,697,0
9463,697,0
9464,692,0
9465,687,0
9466,690,0
9467,688,0
9468,692,0
9469,692,0
9470,683,0
9471,682,0
9472,694,0
9473,691,0
9474,693,0
9475,690,0
9476,698,0
9477,692,0
9478,685,0
9479,693,0
9480,692,0
9481,685,0
9482,695,0
9483,680,0
9484,692,0
9485,687,0
9486,691,0
9487,702,0
9488,687,0
9489,690,0
9490,689,0
9491,696,0
9492,696,0
9493,696,0
9494,691,0
9495,692,0
9496,692,0
9497,680,0
9498,688,0
9499,694,0
9500,693,0
9501,691,0
9502,686,0
9503,688,0
9504,696,0
9505,690,0
9506,693,0
9507,690,0
9508,692,0
9509,695,0
9510,698,0
9511,682,0
9512,691,0
9513,700,0
9514,690,0
9515,695,0
9516,693,0
9517,688,0
9518,688,0
9519,687,0
9520,686,0
9521,695,0
9522,686,0
9523,698,0
9524,689,0
9525,687,0
9526,692,0
9527,695,0
9528,688,0
9529,697,0
9530,691,0
9531,692,0
9532,697,0
9533,701,0
9534,693,0
9535,692,0
9536,690,0
9537,698,0
9538,694,0
9539,682,0
9540,691,0
9541,686,0
9542,683,0
9543,688,0
9544,694,0
9545,693,0
9546,698,0
9547,694,0
9548,694,0
9549,684,0
9550,694,0
9551,699,0
9552,688,0
9553,687,0
9554,691,0
9555,700,0
9556,695,0
9557,692,0
9558,685,0
9559,691,0
9560,689,0
9561,694,0
9562,682,0
9563,689,0
9564,692,0
9565,702,0
9566,695,0
9567,697,0
9568,691,0
9569,701,0
9570,701,0
9571,693,0
9572,692,0
9573,688,0
9574,682,0
9575,695,0
9576,697,0
9577,690,0
9578,691,0
9579,680,0
9580,696,0
9581,694,0
9582,701,0
9583,693,0
9584,705,0
9585,692,0
9586,684,0
9587,689,0
9588,691,0
9589,687,0
9590,695,0
9591,686,0
9592,689,0
9593,689,0
9594,698,0
9595,688,0
9596,697,0
9597,695,0
9598,698,0
9599,689,0
9600,688,0
9601,694,0
9602,692,0
9603,693,0
9604,683,0
9605,701,0
9606,690,0
9607,688,0
9608,690,0
9609,680,0
9610,694,0
9611,696,0
9612,696,0
9613,690,0
9614,691,0
9615,694,0
9616,692,0
9617,700,0
9618,696,0
9619,692,0
9620,694,0
9621,691,0
9622,687,0
9623,686,0
9624,706,0
9625,691,0
9626,693,0
9627,694,0
9628,693,0
9629,695,0
9630,696,0
9631,690,0
9632,695,0
9633,695,0
9634,690,0
9635,692,0
9636,695,0
9637,686,0
9638,685,0
9639,693,0
9640,684,0
9641,692,0
9642,682,0
9643,699,0
9644,686,0
9645,685,0
9646,691,0
9647,690,0
9648,693,0
9649,690,0
9650,697,0
9651,691,0
9652,691,0
9653,692,0
9654,685,0
9655,684,0
9656,693,0
9657,681,0
9658,696,0
9659,692,0
9660,695,0
9661,690,0
9662,694,0
9663,690,0
9664,700,0
9665,701,0
9666,687,0
9667,696,0
9668,687,0
9669,689,0
9670,694,0
9671,683,0
9672,696,0
9673,685,0
9674,699,0
9675,693,0
9676,697,0
9677,687,0
9678,689,0
9679,685,0
9680,687,0
9681,686,0
9682,695,0
9683,698,0
9684,702,0
9685,687,0
9686,692,0
9687,698,0
9688,691,0
9689,694,0
9690,696,0
9691,692,0
9692,689,0
9693,694,0
9694,692,0
9695,697,0
9696,692,0
9697,685,0
9698,700,0
9699,692,0
9700,694,0
9701,697,0
9702,687,0
9703,696,0
9704,692,0
9705,689,0
9706,690,0
9707,700,0
9708,695,0
9709,684,0
9710,698,0
9711,692,0
9712,695,0
9713,696,0
9714,696,0
9715,687,0
9716,702,0
9717,700,0
9718,695,0
9719,679,0
9720,692,0
9721,699,0
9722,701,0
9723,686,0
9724,699,0
9725,701,0
9726,695,0
9727,700,0
9728,695,0
9729,697,0
9730,698,0
9731,695,0
9732,696,0
9733,687,0
9734,699,0
9735,697,0
9736,691,0
9737,698,0
9738,688,0
9739,705,0
9740,682,0
9741,698,0
9742,698,0
9743,699,0
9744,682,0
9745,691,0
9746,687,0
9747,687,0
9748,680,0
9749,694,0
9750,692,0
9751,697,0
9752,692,0
9753,687,0
9754,700,0
9755,693,0
9756,692,0
9757,692,0
9758,691,0
9759,688,0
9760,696,0
9761,692,0
9762,696,0
9763,685,0
9764,683,0
9765,698,0
9766,694,0
9767,694,0
9768,700,0
9769,696,0
9770,692,0
9771,691,0
9772,695,0
9773,693,0
9774,687,0
9775,692,0
9776,686,0
9777,696,0
9778,692,0
9779,697,0
9780,691,0
9781,692,0
9782,689,0
9783,692,0
9784,691,0
9785,690,0
9786,697,0
9787,690,0
9788,697,0
9789,690,0
9790,697,0
9791,694,0
9792,694,0
9793,692,0
9794,696,0
9795,700,0
9796,696,0
9797,695,0
9798,694,0
9799,691,0
9800,686,0
9801,698,0
9802,687,0
9803,688,0
9804,684,0
9805,693,0
9806,688,0
9807,698,0
9808,690,0
9809,698,0
9810,699,0
9811,694,0
9812,695,0
9813,689,0
9814,694,0
9815,694,0
9816,692,0
9817,697,0
9818,690,0
9819,689,0
9820,696,0
9821,695,0
9822,696,0
9823,681,0
9824,695,0
9825,698,0
9826,691,0
9827,692,0
9828,695,0
9829,689,0
9830,691,0
9831,698,0
9832,684,0
9833,693,0
9834,695,0
9835,690,0
9836,685,0
9837,692,0
9838,689,0
9839,701,0
9840,697,0
9841,687,0
9842,687,0
9843,687,0
9844,683,0
9845,698,0
9846,684,0
9847,691,0
9848,699,0
9849,693,0
9850,700,0
9851,699,0
9852,691,0
9853,695,0
9854,697,0
9855,689,0
9856,696,0
9857,692,0
9858,693,0
9859,696,0
9860,690,0
9861,693,0
9862,692,0
9863,690,0
9864,699,0
9865,691,0
9866,682,0
9867,700,0
9868,692,0
9869,700,0
9870,693,0
9871,692,0
9872,684,0
9873,698,0
9874,688,0
9875,699,0
9876,692,0
9877,692,0
9878,688,0
9879,698,0
9880,692,0
9881,697,0
9882,697,0
9883,696,0
9884,691,0
9885,695,0
9886,695,0
9887,687,0
9888,698,0
9889,690,0
9890,690,0
9891,694,0
9892,694,0
9893,700,0
9894,699,0
9895,698,0
9896,694,0
9897,691,0
9898,691,0
9899,695,0
9900,701,0
9901,698,0
9902,695,0
9903,696,0
9904,692,0
9905,686,0
9906,702,0
9907,696,0
9908,688,0
9909,704,0
9910,697,0
9911,691,0
9912,681,0
9913,694,0
9914,696,0
9915,704,0
9916,689,0
9917,693,0
9918,698,0
9919,689,0
9920,700,0
9921,697,0
9922,690,0
9923,692,0
9924,692,0
9925,690,0
9926,686,0
9927,692,0
9928,695,0
9929,702,0
9930,690,0
9931,692,0
9932,699,0
9933,697,0
9934,695,0
9935,690,0
9936,693,0
9937,704,0
9938,694,0
9939,703,0
9940,703,0
9941,694,0
9942,695,0
9943,695,0
9944,695,0
9945,688,0
9946,685,0
9947,698,0
9948,701,0
9949,695,0
9950,686,0
9951,700,0
9952,693,0
9953,699,0
9954,694,0
9955,696,0
9956,691,0
9957,702,0
9958,702,0
9959,693,0
9960,690,0
9961,699,0
9962,692,0
9963,692,0
9964,689,0
9965,688,0
9966,693,0
9967,691,0
9968,697,0
9969,691,0
9970,695,0
9971,696,0
9972,693,0
9973,697,0
9974,691,0
9975,697,0
9976,696,0
9977,697,0
9978,703,0
9979,693,0
9980,693,0
9981,690,0
9982,694,0
9983,699,0
9984,701,0
9985,696,0
9986,691,0
9987,691,0
9988,681,0
9989,699,0
9990,699,0
9991,692,0
9992,691,0
9993,696,0
9994,698,0
9995,688,0
9996,687,0
9997,694,0
9998,693,0
9999,684,0
10000,690,0
10001,691,0
10002,694,0
10003,691,0
10004,696,0
10005,693,0
10006,693,0
10007,692,0
10008,701,0
10009,693,0
10010,693,0
10011,698,0
10012,687,0
10013,690,0
10014,696,0
10015,696,0
10016,695,0
10017,698,0
10018,696,0
10019,693,0
10020,699,0
10021,692,0
10022,696,0
10023,698,0
10024,693,0
10025,703,0
10026,690,0
10027,690,0
10028,703,0
10029,697,0
10030,690,0
10031,694,0
10032,694,0
10033,706,0
10034,687,0
10035,696,0
10036,699,0
10037,701,0
10038,689,0
10039,694,0
10040,694,0
10041,703,0
10042,697,0
10043,693,0
10044,694,0
10045,694,0
10046,694,0
10047,700,0
10048,699,0
10049,694,0
10050,689,0
10051,697,0
10052,693,0
10053,690,0
10054,688,0
10055,694,0
10056,699,0
10057,708,0
10058,691,0
10059,695,0
10060,696,0
10061,701,0
10062,692,0
10063,695,0
10064,699,0
10065,693,0
10066,699,0
10067,697,0
10068,691,0
10069,700,0
10070,699,0
10071,693,0
10072,699,0
10073,697,0
10074,696,0
10075,691,0
10076,691,0
10077,695,0
10078,695,0
10079,683,0
10080,693,0
10081,707,0
10082,694,0
10083,693,0
10084,691,0
10085,698,0
10086,694,0
10087,694,0
10088,693,0
10089,689,0
10090,694,0
10091,692,0
10092,697,0
10093,703,0
10094,693,0
10095,699,0
10096,694,0
10097,690,0
10098,686,0
10099,704,0
10100,700,0
10101,695,0
10102,690,0
10103,685,0
10104,693,0
10105,705,0
10106,694,0
10107,698,0
10108,700,0
10109,698,0
10110,697,0
10111,683,0
10112,688,0
10113,697,0
10114,693,0
10115,690,0
10116,693,0
10117,695,0
10118,694,0
10119,703,0
10120,693,0
10121,703,0
10122,691,0
10123,702,0
10124,683,0
10125,692,0
10126,700,0
10127,696,0
10128,692,0
10129,696,0
10130,697,0
10131,697,0
10132,700,0
10133,704,0
10134,695,0
10135,700,0
10136,704,0
10137,696,0
10138,699,0
10139,698,0
10140,690,0
10141,694,0
10142,694,0
10143,695,0
10144,699,0
10145,689,0
10146,694,0
10147,696,0
10148,699,0
10149,691,0
10150,689,0
10151,700,0
10152,689,0
10153,699,0
10154,703,0
10155,692,0
10156,687,0
10157,705,0
10158,708,0
10159,694,0
10160,702,0
10161,696,0
10162,688,0
10163,708,0
10164,692,0
10165,693,0
10166,708,0
10167,695,0
10168,700,0
10169,694,0
10170,691,0
10171,697,0
10172,700,0
10173,692,0
10174,682,0
10175,698,0
10176,688,0
10177,688,0
10178,693,0
10179,698,0
10180,697,0
10181,700,0
10182,691,0
10183,689,0
10184,699,0
10185,689,0
10186,700,0
10187,706,0
10188,705,0
10189,699,0
10190,699,0
10191,705,0
10192,691,0
10193,705,0
10194,691,0
10195,695,0
10196,704,0
10197,703,0
10198,689,0
10199,694,0
10200,692,0
10201,701,0
10202,696,0
10203,699,0
10204,700,0
10205,703,0
10206,700,0
10207,701,0
10208,696,0
10209,694,0
10210,698,0
10211,698,0
10212,710,0
10213,700,0
10214,697,0
10215,698,0
10216,698,0
10217,693,0
10218,693,0
10219,689,0
10220,693,0
10221,699,0
10222,698,0
10223,696,0
10224,697,0
10225,698,0
10226,696,0
10227,694,0
10228,699,0
10229,704,0
10230,696,0
10231,698,0
10232,701,0
10233,702,0
10234,693,0
10235,700,0
10236,695,0
10237,696,0
10238,688,0
10239,688,0
10240,693,0
10241,691,0
10242,699,0
10243,691,0
10244,700,0
10245,697,0
10246,702,0
10247,695,0
10248,692,0
10249,696,0
10250,696,0
10251,697,0
10252,692,0
10253,702,0
10254,696,0
10255,700,0
10256,698,0
10257,693,0
10258,701,0
10259,699,0
10260,700,0
10261,701,0
10262,690,0
10263,691,0
10264,687,0
10265,693,0
10266,694,0
10267,700,0
10268,691,0
10269,698,0
10270,694,0
10271,696,0
10272,693,0
10273,696,0
10274,698,0
10275,703,0
10276,694,0
10277,701,0
10278,704,0
10279,694,0
10280,696,0
10281,696,0
10282,699,0
10283,703,0
10284,693,0
10285,704,0
10286,701,0
10287,702,0
10288,698,0
10289,710,0
10290,690,0
10291,697,0
10292,693,0
10293,695,0
10294,696,0
10295,692,0
10296,696,0
10297,699,0
10298,697,0
10299,697,0
10300,701,0
10301,694,0
10302,694,0
10303,691,0
10304,694,0
10305,704,0
10306,704,0
10307,694,0
10308,694,0
10309,702,0
10310,691,0
10311,692,0
10312,694,0
10313,695,0
10314,699,0
10315,702,0
10316,702,0
10317,686,0
10318,694,0
10319,692,0
10320,695,0
10321,696,0
10322,692,0
10323,705,0
10324,692,0
10325,686,0
10326,700,0
10327,702,0
10328,699,0
10329,696,0
10330,694,0
10331,694,0
10332,688,0
10333,698,0
10334,708,0
10335,693,0
10336,702,0
10337,695,0
10338,699,0
10339,693,0
10340,697,0
10341,700,0
10342,700,0
10343,697,0
10344,699,0
10345,698,0
10346,700,0
10347,699,0
10348,697,0
10349,694,0
10350,700,0
10351,695,0
10352,697,0
10353,697,0
10354,690,0
10355,701,0
10356,693,0
10357,696,0
10358,695,0
10359,683,0
10360,689,0
10361,702,0
10362,701,0
10363,686,0
10364,699,0
10365,693,0
10366,700,0
10367,695,0
10368,697,0
10369,702,0
10370,706,0
10371,696,0
10372,697,0
10373,695,0
10374,690,0
10375,695,0
10376,698,0
10377,703,0
10378,696,0
10379,703,0
10380,695,0
10381,696,0
10382,691,0
10383,698,0
10384,694,0
10385,699,0
10386,698,0
10387,687,0
10388,697,0
10389,703,0
10390,690,0
10391,701,0
10392,695,0
10393,698,0
10394,704,0
10395,688,0
10396,696,0
10397,688,0
10398,694,0
10399,696,0
10400,698,0
10401,703,0
10402,710,0
10403,701,0
10404,692,0
10405,702,0
10406,695,0
10407,704,0
10408,700,0
10409,704,0
10410,700,0
10411,701,0
10412,697,0
10413,699,0
10414,697,0
10415,696,0
10416,698,0
10417,704,0
10418,700,0
10419,698,0
10420,701,0
10421,701,0
10422,691,0
10423,695,0
10424,695,0
10425,690,0
10426,701,0
10427,698,0
10428,698,0
10429,698,0
10430,700,0
10431,690,0
10432,699,0
10433,695,0
10434,690,0
10435,701,0
10436,695,0
10437,698,0
10438,698,0
10439,689,0
10440,692,0
10441,698,0
10442,702,0
10443,696,0
10444,698,0
10445,698,0
10446,693,0
10447,692,0
10448,700,0
10449,693,0
10450,691,0
10451,708,0
10452,702,0
10453,693,0
10454,695,0
10455,698,0
10456,705,0
10457,700,0
10458,699,0
10459,701,0
10460,693,0
10461,694,0
10462,690,0
10463,701,0
10464,701,0
10465,688,0
10466,691,0
10467,696,0
10468,697,0
10469,709,0
10470,689,0
10471,695,0
10472,698,0
10473,700,0
10474,691,0
10475,706,0
10476,696,0
10477,701,0
10478,699,0
10479,697,0
10480,693,0
10481,693,0
10482,701,0
10483,704,0
10484,689,0
10485,696,0
10486,698,0
10487,691,0
10488,702,0
10489,699,0
10490,700,0
10491,693,0
10492,708,0
10493,695,0
10494,696,0
10495,700,0
10496,703,0
10497,698,0
10498,694,0
10499,692,0
10500,701,0
10501,696,0
10502,705,0
10503,695,0
10504,697,0
10505,696,0
10506,695,0
10507,694,0
10508,687,0
10509,706,0
10510,691,0
10511,701,0
10512,696,0
10513,693,0
10514,694,0
10515,695,0
10516,705,0
10517,685,0
10518,704,0
10519,702,0
10520,706,0
10521,690,0
10522,695,0
10523,694,0
10524,701,0
10525,703,0
10526,698,0
10527,706,0
10528,705,0
10529,704,0
10530,709,0
10531,704,0
10532,689,0
10533,694,0
10534,707,0
10535,688,0
10536,702,0
10537,702,0
10538,690,0
10539,706,0
10540,697,0
10541,702,0
10542,701,0
10543,699,0
10544,689,0
10545,699,0
10546,690,0
10547,691,0
10548,693,0
10549,699,0
10550,700,0
10551,696,0
10552,701,0
10553,699,0
10554,696,0
10555,696,0
10556,705,0
10557,706,0
10558,705,0
10559,696,0
10560,699,0
10561,699,0
10562,694,0
10563,699,0
10564,702,0
10565,695,0
10566,689,0
10567,703,0
10568,700,0
10569,696,0
10570,696,0
10571,706,0
10572,694,0
10573,699,0
10574,704,0
10575,705,0
10576,703,0
10577,704,0
10578,700,0
10579,692,0
10580,711,0
10581,692,0
10582,691,0
10583,695,0
10584,699,0
10585,701,0
10586,701,0
10587,700,0
10588,694,0
10589,696,0
10590,700,0
10591,698,0
10592,711,0
10593,707,0
10594,701,0
10595,699,0
10596,692,0
10597,694,0
10598,697,0
10599,696,0
10600,705,0
10601,695,0
10602,702,0
10603,699,0
10604,705,0
10605,699,0
10606,691,0
10607,699,0
10608,701,0
10609,695,0
10610,696,0
10611,693,0
10612,697,0
10613,703,0
10614,699,0
10615,693,0
10616,697,0
10617,700,0
10618,709,0
10619,703,0
10620,694,0
10621,704,0
10622,697,0
10623,701,0
10624,700,0
10625,701,0
10626,703,0
10627,695,0
10628,705,0
10629,699,0
10630,699,0
10631,694,0
10632,697,0
10633,699,0
10634,703,0
10635,704,0
10636,705,0
10637,703,0
10638,692,0
10639,697,0
10640,700,0
10641,706,0
10642,697,0
10643,702,0
10644,703,0
10645,695,0
10646,698,0
10647,699,0
10648,700,0
10649,692,0
10650,711,0
10651,700,0
10652,695,0
10653,699,0
10654,698,0
10655,701,0
10656,689,0
10657,697,0
10658,700,0
10659,704,0
10660,699,0
10661,708,0
10662,703,0
10663,706,0
10664,688,0
10665,698,0
10666,709,0
10667,699,0
10668,707,0
10669,707,0
10670,702,0
10671,700,0
10672,705,0
10673,705,0
10674,699,0
10675,705,0
10676,704,0
10677,699,0
10678,699,0
10679,699,0
10680,699,0
10681,697,0
10682,691,0
10683,699,0
10684,694,0
10685,695,0
10686,699,0
10687,701,0
10688,702,0
10689,709,0
10690,699,0
10691,697,0
10692,699,0
10693,700,0
10694,706,0
10695,699,0
10696,711,0
10697,700,0
10698,701,0
10699,704,0
10700,693,0
10701,694,0
10702,701,0
10703,696,0
10704,694,0
10705,696,0
10706,701,0
10707,701,0
10708,699,0
10709,702,0
10710,693,0
10711,710,0
10712,698,0
10713,711,0
10714,696,0
10715,706,0
10716,700,0
10717,706,0
10718,697,0
10719,705,0
10720,694,0
10721,686,0
10722,703,0
10723,703,0
10724,688,0
10725,703,0
10726,697,0
10727,693,0
10728,694,0
10729,703,0
10730,701,0
10731,695,0
10732,692,0
10733,691,0
10734,702,0
10735,696,0
10736,702,0
10737,694,0
10738,708,0
10739,700,0
10740,696,0
10741,698,0
10742,709,0
10743,701,0
10744,703,0
10745,697,0
10746,706,0
10747,689,0
10748,699,0
10749,694,0
10750,698,0
10751,700,0
10752,694,0
10753,701,0
10754,699,0
10755,704,0
10756,700,0
10757,699,0
10758,699,0
10759,694,0
10760,706,0
10761,701,0
10762,703,0
10763,702,0
10764,709,0
10765,700,0
10766,710,0
10767,698,0
10768,702,0
10769,700,0
10770,698,0
10771,696,0
10772,691,0
10773,697,0
10774,698,0
10775,695,0
10776,707,0
10777,696,0
10778,705,0
10779,703,0
10780,699,0
10781,703,0
10782,704,0
10783,696,0
10784,698,0
10785,698,0
10786,710,0
10787,703,0
10788,706,0
10789,704,0
10790,701,0
10791,702,0
10792,693,0
10793,706,0
10794,701,0
10795,703,0
10796,705,0
10797,694,0
10798,690,0
10799,692,0
10800,696,0
10801,706,0
10802,696,0
10803,705,0
10804,693,0
10805,697,0
10806,703,0
10807,699,0
10808,706,0
10809,699,0
10810,699,0
10811,693,0
10812,700,0
10813,693,0
10814,704,0
10815,688,0
10816,700,0
10817,695,0
10818,700,0
10819,699,0
10820,698,0
10821,682,0
10822,702,0
10823,693,0
10824,697,0
10825,704,0
10826,707,0
10827,696,0
10828,693,0
10829,706,0
10830,697,0
10831,691,0
10832,702,0
10833,703,0
10834,708,0
10835,704,0
10836,690,0
10837,702,0
10838,698,0
10839,705,0
10840,700,0
10841,699,0
10842,702,0
10843,706,0
10844,708,0
10845,706,0
10846,696,0
10847,696,0
10848,706,0
10849,698,0
10850,713,0
10851,704,0
10852,698,0
10853,704,0
10854,707,0
10855,697,0
10856,700,0
10857,700,0
10858,696,0
10859,702,0
10860,701,0
10861,704,0
10862,709,0
10863,697,0
10864,704,0
10865,686,0
10866,696,0
10867,694,0
10868,702,0
10869,705,0
10870,701,0
10871,701,0
10872,703,0
10873,700,0
10874,700,0
10875,703,0
10876,691,0
10877,690,0
10878,703,0
10879,698,0
10880,699,0
10881,698,0
10882,698,0
10883,696,0
10884,693,0
10885,692,0
10886,700,0
10887,696,0
10888,693,0
10889,702,0
10890,707,0
10891,710,0
10892,699,0
10893,706,0
10894,706,0
10895,698,0
10896,697,0
10897,701,0
10898,707,0
10899,701,0
10900,699,0
10901,694,0
10902,705,0
10903,705,0
10904,697,0
10905,707,0
10906,703,0
10907,702,0
10908,691,0
10909,699,0
10910,703,0
10911,702,0
10912,696,0
10913,702,0
10914,710,0
10915,703,0
10916,704,0
10917,706,0
10918,696,0
10919,696,0
10920,697,0
10921,695,0
10922,692,0
10923,698,0
10924,695,0
10925,700,0
10926,706,0
10927,701,0
10928,702,0
10929,704,0
10930,698,0
10931,704,0
10932,689,0
10933,706,0
10934,702,0
10935,699,0
10936,699,0
10937,705,0
10938,705,0
10939,695,0
10940,699,0
10941,699,0
10942,695,0
10943,698,0
10944,708,0
10945,705,0
10946,708,0
10947,699,0
10948,699,0
10949,704,0
10950,699,0
10951,698,0
10952,696,0
10953,713,0
10954,704,0
10955,701,0
10956,709,0
10957,693,0
10958,700,0
10959,700,0
10960,694,0
10961,693,0
10962,708,0
10963,711,0
10964,709,0
10965,694,0
10966,697,0
10967,698,0
10968,705,0
10969,692,0
10970,703,0
10971,704,0
10972,697,0
10973,701,0
10974,706,0
10975,705,0
10976,706,0
10977,700,0
10978,702,0
10979,713,0
10980,703,0
10981,708,0
10982,697,0
10983,707,0
10984,707,0
10985,704,0
10986,697,0
10987,698,0
10988,705,0
10989,692,0
10990,693,0
10991,698,0
10992,709,0
10993,700,0
10994,702,0
10995,703,0
10996,702,0
10997,695,0
10998,691,0
10999,691,0
11000,702,0
11001,705,0
11002,697,0
11003,705,0
11004,697,0
11005,703,0
11006,709,0
11007,708,0
11008,699,0
11009,693,0
11010,706,0
11011,711,0
11012,703,0
11013,700,0
11014,706,0
11015,695,0
11016,701,0
11017,706,0
11018,699,0
11019,701,0
11020,697,0
11021,703,0
11022,702,0
11023,696,0
11024,706,0
11025,704,0
11026,702,0
11027,690,0
11028,698,0
11029,695,0
11030,701,0
11031,704,0
11032,704,0
11033,707,0
11034,699,0
11035,696,0
11036,698,0
11037,700,0
11038,697,0
11039,702,0
11040,703,0
11041,699,0
11042,692,0
11043,695,0
11044,708,0
11045,701,0
11046,698,0
11047,703,0
11048,711,0
11049,703,0
11050,699,0
11051,699,0
11052,700,0
11053,701,0
11054,707,0
11055,687,0
11056,706,0
11057,704,0
11058,695,0
11059,702,0
11060,700,0
11061,698,0
11062,699,0
11063,704,0
11064,703,0
11065,700,0
11066,705,0
11067,705,0
11068,700,0
11069,708,0
11070,699,0
11071,697,0
11072,708,0
11073,704,0
11074,702,0
11075,705,0
11076,704,0
11077,694,0
11078,704,0
11079,702,0
11080,704,0
11081,696,0
11082,703,0
11083,694,0
11084,709,0
11085,693,0
11086,698,0
11087,701,0
11088,705,0
11089,700,0
11090,695,0
11091,705,0
11092,703,0
11093,700,0
11094,697,0
11095,701,0
11096,700,0
11097,701,0
11098,702,0
11099,696,0
11100,701,0
11101,700,0
11102,697,0
11103,694,0
11104,714,0
11105,707,0
11106,705,0
11107,694,0
11108,698,0
11109,698,0
11110,708,0
11111,703,0
11112,702,0
11113,700,0
11114,700,0
11115,694,0
11116,704,0
11117,704,0
11118,700,0
11119,701,0
11120,712,0
11121,697,0
11122,702,0
11123,702,0
11124,695,0
11125,700,0
11126,710,0
11127,701,0
11128,703,0
11129,701,0
11130,714,0
11131,710,0
11132,708,0
11133,702,0
11134,712,0
11135,710,0
11136,704,0
11137,704,0
11138,708,0
11139,697,0
11140,711,0
11141,704,0
11142,709,0
11143,698,0
11144,707,0
11145,705,0
11146,701,0
11147,706,0
11148,702,0
11149,696,0
11150,709,0
11151,692,0
11152,703,0
11153,704,0
11154,706,0
11155,696,0
11156,694,0
11157,709,0
11158,710,0
11159,704,0
11160,706,0
11161,706,0
11162,700,0
11163,703,0
11164,702,0
11165,701,0
11166,704,0
11167,702,0
11168,705,0
11169,707,0
11170,708,0
11171,699,0
11172,705,0
11173,697,0
11174,701,0
11175,697,0
11176,706,0
11177,702,0
11178,695,0
11179,706,0
11180,704,0
11181,693,0
11182,703,0
11183,706,0
11184,706,0
11185,705,0
11186,701,0
11187,713,0
11188,706,0
11189,713,0
11190,704,0
11191,701,0
11192,702,0
11193,697,0
11194,702,0
11195,702,0
11196,697,0
11197,699,0
11198,706,0
11199,695,0
11200,699,0
11201,708,0
11202,709,0
11203,706,0
11204,700,0
11205,703,0
11206,704,0
11207,702,0
11208,711,0
11209,706,0
11210,703,0
11211,698,0
11212,692,0
11213,702,0
11214,703,0
11215,701,0
11216,703,0
11217,698,0
11218,709,0
11219,705,0
11220,703,0
11221,708,0
11222,714,0
11223,697,0
11224,709,0
11225,706,0
11226,694,0
11227,698,0
11228,705,0
11229,704,0
11230,705,0
11231,696,0
11232,701,0
11233,713,0
11234,703,0
11235,685,0
11236,703,0
11237,702,0
11238,691,0
11239,696,0
11240,698,0
11241,696,0
11242,702,0
11243,697,0
11244,714,0
11245,699,0
11246,708,0
11247,703,0
11248,697,0
11249,711,0
11250,701,0
11251,696,0
11252,705,0
11253,697,0
11254,696,0
11255,707,0
11256,707,0
11257,693,0
11258,712,0
11259,701,0
11260,705,0
11261,708,0
11262,698,0
11263,702,0
11264,710,0
11265,691,0
11266,703,0
11267,706,0
11268,706,0
11269,696,0
11270,703,0
11271,703,0
11272,698,0
11273,704,0
11274,702,0
11275,709,0
11276,701,0
11277,691,0
11278,700,0
11279,697,0
11280,702,0
11281,712,0
11282,703,0
11283,712,0
11284,701,0
11285,703,0
11286,694,0
11287,705,0
11288,700,0
11289,703,0
11290,703,0
11291,698,0
11292,701,0
11293,697,0
11294,701,0
11295,702,0
11296,701,0
11297,706,0
11298,702,0
11299,702,0
11300,706,0
11301,705,0
11302,701,0
11303,697,0
11304,703,0
11305,689,0
11306,710,0
11307,700,0
11308,700,0
11309,704,0
11310,704,0
11311,701,0
11312,703,0
11313,707,0
11314,706,0
11315,704,0
11316,699,0
11317,706,0
11318,707,0
11319,706,0
11320,710,0
11321,714,0
11322,698,0
11323,698,0
11324,709,0
11325,698,0
11326,708,0
11327,698,0
11328,699,0
11329,703,0
11330,703,0
11331,705,0
11332,700,0
11333,696,0
11334,705,0
11335,699,0
11336,694,0
11337,708,0
11338,699,0
11339,711,0
11340,699,0
11341,710,0
11342,700,0
11343,710,0
11344,709,0
11345,702,0
11346,701,0
11347,706,0
11348,704,0
11349,709,0
11350,703,0
11351,698,0
11352,703,0
11353,702,0
11354,711,0
11355,710,0
11356,709,0
11357,709,0
11358,698,0
11359,709,0
11360,706,0
11361,708,0
11362,697,0
11363,705,0
11364,696,0
11365,700,0
11366,702,0
11367,698,0
11368,701,0
11369,702,0
11370,706,0
11371,702,0
11372,708,0
11373,709,0
11374,703,0
11375,695,0
11376,710,0
11377,710,0
11378,702,0
11379,700,0
11380,713,0
11381,707,0
11382,706,0
11383,704,0
11384,699,0
11385,698,0
11386,697,0
11387,707,0
11388,701,0
11389,705,0
11390,707,0
11391,708,0
11392,700,0
11393,701,0
11394,703,0
11395,708,0
11396,702,0
11397,707,0
11398,704,0
11399,704,0
11400,702,0
11401,699,0
11402,703,0
11403,709,0
11404,692,0
11405,699,0
11406,701,0
11407,699,0
11408,712,0
11409,704,0
11410,705,0
11411,704,0
11412,707,0
11413,699,0
11414,699,0
11415,695,0
11416,700,0
11417,708,0
11418,702,0
11419,707,0
11420,711,0
11421,696,0
11422,692,0
11423,704,0
11424,708,0
11425,704,0
11426,708,0
11427,700,0
11428,707,0
11429,695,0
11430,702,0
11431,711,0
11432,710,0
11433,708,0
11434,711,0
11435,701,0
11436,709,0
11437,713,0
11438,707,0
11439,710,0
11440,705,0
11441,700,0
11442,698,0
11443,701,0
11444,705,0
11445,699,0
11446,705,0
11447,701,0
11448,702,0
11449,706,0
11450,706,0
11451,711,0
11452,699,0
11453,709,0
11454,703,0
11455,703,0
11456,713,0
11457,707,0
11458,705,0
11459,708,0
11460,707,0
11461,706,0
11462,701,0
11463,703,0
11464,710,0
11465,697,0
11466,700,0
11467,716,0
11468,710,0
11469,707,0
11470,704,0
11471,707,0
11472,711,0
11473,706,0
11474,701,0
11475,700,0
11476,696,0
11477,708,0
11478,706,0
11479,708,0
11480,700,0
11481,689,0
11482,706,0
11483,707,0
11484,704,0
11485,712,0
11486,702,0
11487,710,0
11488,706,0
11489,708,0
11490,702,0
11491,704,0
11492,705,0
11493,699,0
11494,710,0
11495,709,0
11496,707,0
11497,689,0
11498,698,0
11499,700,0
11500,708,0
11501,704,0
11502,692,0
11503,702,0
11504,693,0
11505,712,0
11506,713,0
11507,702,0
11508,699,0
11509,708,0
11510,711,0
11511,703,0
11512,698,0
11513,695,0
11514,709,0
11515,701,0
11516,705,0
11517,701,0
11518,705,0
11519,698,0
11520,703,0
11521,704,0
11522,707,0
11523,709,0
11524,706,0
11525,705,0
11526,704,0
11527,703,0
11528,711,0
11529,708,0
11530,709,0
11531,697,0
11532,712,0
11533,710,0
11534,705,0
11535,703,0
11536,717,0
11537,696,0
11538,695,0
11539,703,0
11540,702,0
11541,709,0
11542,712,0
11543,701,0
11544,706,0
11545,706,0
11546,704,0
11547,716,0
11548,711,0
11549,697,0
11550,707,0
11551,704,0
11552,705,0
11553,704,0
11554,702,0
11555,700,0
11556,705,0
11557,703,0
11558,702,0
11559,709,0
11560,704,0
11561,707,0
11562,707,0
11563,706,0
11564,698,0
11565,700,0
11566,708,0
11567,699,0
11568,709,0
11569,703,0
11570,700,0
11571,695,0
11572,701,0
11573,699,0
11574,705,0
11575,700,0
11576,711,0
11577,704,0
11578,705,0
11579,706,0
11580,713,0
11581,703,0
11582,707,0
11583,702,0
11584,702,0
11585,703,0
11586,707,0
11587,718,0
11588,709,0
11589,697,0
11590,707,0
11591,700,0
11592,708,0
11593,702,0
11594,705,0
11595,709,0
11596,702,0
11597,712,0
11598,704,0
11599,712,0
11600,704,0
11601,711,0
11602,706,0
11603,708,0
11604,709,0
11605,710,0
11606,709,0
11607,695,0
11608,704,0
11609,706,0
11610,702,0
11611,710,0
11612,712,0
11613,711,0
11614,709,0
11615,709,0
11616,705,0
11617,705,0
11618,705,0
11619,713,0
11620,709,0
11621,700,0
11622,705,0
11623,706,0
11624,710,0
11625,698,0
11626,712,0
11627,712,0
11628,710,0
11629,707,0
11630,714,0
11631,701,0
11632,714,0
11633,703,0
11634,713,0
11635,709,0
11636,707,0
11637,708,0
11638,712,0
11639,700,0
11640,699,0
11641,708,0
11642,713,0
11643,698,0
11644,704,0
11645,705,0
11646,706,0
11647,710,0
11648,701,0
11649,698,0
11650,713,0
11651,703,0
11652,708,0
11653,706,0
11654,713,0
11655,702,0
11656,696,0
11657,697,0
11658,704,0
11659,702,0
11660,710,0
11661,698,0
11662,703,0
11663,703,0
11664,701,0
11665,701,0
11666,709,0
11667,704,0
11668,703,0
11669,702,0
11670,705,0
11671,711,0
11672,701,0
11673,711,0
11674,696,0
11675,708,0
11676,714,0
11677,710,0
11678,707,0
11679,703,0
11680,705,0
11681,704,0
11682,708,0
11683,706,0
11684,700,0
11685,711,0
11686,709,0
11687,710,0
11688,706,0
11689,707,0
11690,697,0
11691,703,0
11692,702,0
11693,700,0
11694,703,0
11695,712,0
11696,708,0
11697,704,0
11698,705,0
11699,714,0
11700,698,0
11701,693,0
11702,698,0
11703,706,0
11704,704,0
11705,705,0
11706,710,0
11707,697,0
11708,707,0
11709,700,0
11710,698,0
11711,708,0
11712,703,0
11713,711,0
11714,708,0
11715,703,0
11716,698,0
11717,703,0
11718,710,0
11719,714,0
11720,704,0
11721,701,0
11722,703,0
11723,702,0
11724,702,0
11725,705,0
11726,701,0
11727,704,0
11728,707,0
11729,711,0
11730,704,0
11731,710,0
11732,706,0
11733,702,0
11734,697,0
11735,706,0
11736,712,0
11737,704,0
11738,704,0
11739,711,0
11740,712,0
11741,705,0
11742,701,0
11743,708,0
11744,711,0
11745,702,0
11746,696,0
11747,713,0
11748,707,0
11749,706,0
11750,705,0
11751,709,0
11752,713,0
11753,700,0
11754,704,0
11755,705,0
11756,711,0
11757,705,0
11758,700,0
11759,691,0
11760,712,0
11761,715,0
11762,704,0
11763,708,0
11764,700,0
11765,704,0
11766,705,0
11767,701,0
11768,707,0
11769,699,0
11770,702,0
11771,703,0
11772,703,0
11773,706,0
11774,707,0
11775,704,0
11776,710,0
11777,714,0
11778,708,0
11779,710,0
11780,706,0
11781,708,0
11782,708,0
11783,713,0
11784,709,0
11785,703,0
11786,707,0
11787,711,0
11788,709,0
11789,695,0
11790,706,0
11791,713,0
11792,710,0
11793,710,0
11794,714,0
11795,703,0
11796,708,0
11797,710,0
11798,700,0
11799,712,0
11800,717,0
11801,704,0
11802,707,0
11803,711,0
11804,703,0
11805,707,0
11806,701,0
11807,710,0
11808,710,0
11809,706,0
11810,711,0
11811,700,0
11812,700,0
11813,704,0
11814,706,0
11815,702,0
11816,714,0
11817,702,0
11818,708,0
11819,707,0
11820,702,0
11821,713,0
11822,712,0
11823,704,0
11824,710,0
11825,715,0
11826,703,0
11827,711,0
11828,711,0
11829,700,0
11830,709,0
11831,714,0
11832,712,0
11833,711,0
11834,714,0
11835,700,0
11836,712,0
11837,710,0
11838,713,0
11839,701,0
11840,705,0
11841,699,0
11842,714,0
11843,705,0
11844,711,0
11845,707,0
11846,705,0
11847,711,0
11848,702,0
11849,709,0
11850,702,0
11851,705,0
11852,702,0
11853,716,0
11854,703,0
11855,715,0
11856,717,0
11857,712,0
11858,707,0
11859,706,0
11860,714,0
11861,701,0
11862,701,0
11863,705,0
11864,705,0
11865,706,0
11866,705,0
11867,708,0
11868,702,0
11869,712,0
11870,713,0
11871,719,0
11872,718,0
11873,699,0
11874,706,0
11875,708,0
11876,707,0
11877,710,0
11878,723,0
11879,710,0
11880,704,0
11881,708,0
11882,711,0
11883,706,0
11884,706,0
11885,709,0
11886,709,0
11887,711,0
11888,708,0
11889,702,0
11890,702,0
11891,698,0
11892,711,0
11893,711,0
11894,701,0
11895,704,0
11896,704,0
11897,698,0
11898,711,0
11899,711,0
11900,715,0
11901,698,0
11902,714,0
11903,707,0
11904,707,0
11905,717,0
11906,707,0
11907,712,0
11908,710,0
11909,715,0
11910,710,0
11911,715,0
11912,712,0
11913,709,0
11914,708,0
11915,696,0
11916,707,0
11917,709,0
11918,699,0
11919,699,0
11920,704,0
11921,705,0
11922,706,0
11923,705,0
11924,708,0
11925,712,0
11926,709,0
11927,707,0
11928,705,0
11929,700,0
11930,707,0
11931,704,0
11932,702,0
11933,699,0
11934,701,0
11935,710,0
11936,709,0
11937,703,0
11938,708,0
11939,706,0
11940,711,0
11941,713,0
11942,716,0
11943,709,0
11944,704,0
11945,710,0
11946,717,0
11947,704,0
11948,709,0
11949,717,0
11950,706,0
11951,707,0
11952,710,0
11953,708,0
11954,714,0
11955,707,0
11956,714,0
11957,714,0
11958,711,0
11959,708,0
11960,697,0
11961,714,0
11962,712,0
11963,706,0
11964,709,0
11965,709,0
11966,705,0
11967,695,0
11968,707,0
11969,720,0
11970,704,0
11971,705,0
11972,704,0
11973,701,0
11974,704,0
11975,708,0
11976,715,0
11977,712,0
11978,701,0
11979,706,0
11980,714,0
11981,706,0
11982,700,0
11983,705,0
11984,703,0
11985,710,0
11986,701,0
11987,708,0
11988,700,0
11989,705,0
11990,706,0
11991,705,0
11992,714,0
11993,699,0
11994,707,0
11995,708,0
11996,709,0
11997,702,0
11998,704,0
11999,706,0
12000,704,0
12001,708,0
12002,705,0
12003,705,0
12004,709,0
12005,707,0
12006,702,0
12007,708,0
12008,712,0
12009,706,0
12010,696,0
12011,710,0
12012,708,0
12013,702,0
12014,702,0
12015,712,0
12016,712,0
12017,717,0
12018,710,0
12019,711,0
12020,708,0
12021,707,0
12022,706,0
12023,712,0
12024,707,0
12025,706,0
12026,710,0
12027,699,0
12028,712,0
12029,703,0
12030,705,0
12031,716,0
12032,719,0
12033,707,0
12034,707,0
12035,705,0
12036,708,0
12037,715,0
12038,716,0
12039,713,0
12040,709,0
12041,714,0
12042,713,0
12043,712,0
12044,714,0
12045,711,0
12046,703,0
12047,711,0
12048,714,0
12049,707,0
12050,712,0
12051,698,0
12052,709,0
12053,704,0
12054,710,0
12055,717,0
12056,708,0
12057,704,0
12058,708,0
12059,711,0
12060,710,0
12061,709,0
12062,702,0
12063,709,0
12064,701,0
12065,709,0
12066,706,0
12067,706,0
12068,706,0
12069,704,0
12070,711,0
12071,699,0
12072,707,0
12073,703,0
12074,702,0
12075,700,0
12076,708,0
12077,707,0
12078,706,0
12079,704,0
12080,710,0
12081,707,0
12082,710,0
12083,701,0
12084,705,0
12085,708,0
12086,707,0
12087,700,0
12088,704,0
12089,708,0
12090,706,0
12091,716,0
12092,708,0
12093,700,0
12094,715,0
12095,711,0
12096,708,0
12097,711,0
12098,707,0
12099,708,0
12100,707,0
12101,702,0
12102,703,0
12103,707,0
12104,709,0
12105,706,0
12106,715,0
12107,703,0
12108,713,0
12109,720,0
12110,721,0
12111,697,0
12112,718,0
12113,711,0
12114,708,0
12115,705,0
12116,708,0
12117,711,0
12118,711,0
12119,708,0
12120,711,0
12121,714,0
12122,714,0
12123,712,0
12124,710,0
12125,722,0
12126,717,0
12127,700,0
12128,712,0
12129,705,0
12130,703,0
12131,699,0
12132,705,0
12133,710,0
12134,707,0
12135,708,0
12136,704,0
12137,709,0
12138,712,0
12139,704,0
12140,707,0
12141,713,0
12142,708,0
12143,702,0
12144,707,0
12145,706,0
12146,701,0
12147,712,0
12148,711,0
12149,709,0
12150,714,0
12151,705,0
12152,707,0
12153,703,0
12154,713,0
12155,712,0
12156,706,0
12157,717,0
12158,715,0
12159,708,0
12160,707,0
12161,716,0
12162,714,0
12163,709,0
12164,705,0
12165,710,0
12166,708,0
12167,705,0
12168,714,0
12169,709,0
12170,704,0
12171,716,0
12172,699,0
12173,703,0
12174,711,0
12175,715,0
12176,709,0
12177,701,0
12178,701,0
12179,710,0
12180,705,0
12181,705,0
12182,719,0
12183,715,0
12184,711,0
12185,715,0
12186,701,0
12187,708,0
12188,710,0
12189,711,0
12190,707,0
12191,711,0
12192,715,0
12193,714,0
12194,712,0
12195,701,0
12196,713,0
12197,707,0
12198,711,0
12199,710,0
12200,715,0
12201,704,0
12202,700,0
12203,709,0
12204,702,0
12205,707,0
12206,704,0
12207,714,0
12208,714,0
12209,711,0
12210,701,0
12211,706,0
12212,706,0
12213,707,0
12214,717,0
12215,701,0
12216,712,0
12217,705,0
12218,704,0
12219,707,0
12220,705,0
12221,716,0
12222,709,0
12223,718,0
12224,709,0
12225,703,0
12226,712,0
12227,709,0
12228,708,0
12229,706,0
12230,712,0
12231,711,0
12232,712,0
12233,712,0
12234,703,0
12235,702,0
12236,702,0
12237,712,0
12238,708,0
12239,704,0
12240,708,0
12241,708,0
12242,712,0
12243,710,0
12244,713,0
12245,709,0
12246,711,0
12247,715,0
12248,710,0
12249,716,0
12250,707,0
12251,704,0
12252,705,0
12253,714,0
12254,711,0
12255,726,0
12256,713,0
12257,710,0
12258,712,0
12259,706,0
12260,701,0
12261,711,0
12262,712,0
12263,711,0
12264,712,0
12265,711,0
12266,709,0
12267,700,0
12268,711,0
12269,706,0
12270,698,0
12271,718,0
12272,715,0
12273,717,0
12274,698,0
12275,707,0
12276,706,0
12277,707,0
12278,704,0
12279,714,0
12280,713,0
12281,717,0
12282,702,0
12283,705,0
12284,705,0
12285,705,0
12286,701,0
12287,700,0
12288,714,0
12289,711,0
12290,713,0
12291,715,0
12292,716,0
12293,700,0
12294,709,0
12295,710,0
12296,710,0
12297,712,0
12298,700,0
12299,700,0
12300,696,0
12301,716,0
12302,714,0
12303,706,0
12304,708,0
12305,697,0
12306,712,0
12307,699,0
12308,710,0
12309,714,0
12310,710,0
12311,707,0
12312,715,0
12313,713,0
12314,708,0
12315,715,0
12316,711,0
12317,710,0
12318,709,0
12319,709,0
12320,715,0
12321,703,0
12322,713,0
12323,714,0
12324,710,0
12325,712,0
12326,712,0
12327,713,0
12328,708,0
12329,715,0
12330,704,0
12331,712,0
12332,720,0
12333,720,0
12334,701,0
12335,709,0
12336,717,0
12337,711,0
12338,713,0
12339,710,0
12340,706,0
12341,704,0
12342,728,0
12343,717,0
12344,713,0
12345,705,0
12346,715,0
12347,717,0
12348,712,0
12349,711,0
12350,709,0
12351,715,0
12352,709,0
12353,711,0
12354,711,0
12355,713,0
12356,708,0
12357,717,0
12358,714,0
12359,707,0
12360,708,0
12361,705,0
12362,709,0
12363,715,0
12364,713,0
12365,711,0
12366,705,0
12367,724,0
12368,710,0
12369,712,0
12370,713,0
12371,718,0
12372,707,0
12373,711,0
12374,706,0
12375,711,0
12376,717,0
12377,711,0
12378,715,0
12379,704,0
12380,709,0
12381,705,0
12382,707,0
12383,713,0
12384,713,0
12385,713,0
12386,711,0
12387,719,0
12388,716,0
12389,712,0
12390,703,0
12391,710,0
12392,714,0
12393,713,0
12394,713,0
12395,709,0
12396,700,0
12397,710,0
12398,711,0
12399,711,0
12400,711,0
12401,709,0
12402,717,0
12403,711,0
12404,702,0
12405,702,0
12406,706,0
12407,707,0
12408,712,0
12409,705,0
12410,715,0
12411,722,0
12412,711,0
12413,715,0
12414,701,0
12415,718,0
12416,709,0
12417,708,0
12418,710,0
12419,705,0
12420,705,0
12421,708,0
12422,703,0
12423,715,0
12424,715,0
12425,712,0
12426,708,0
12427,718,0
12428,717,0
12429,716,0
12430,708,0
12431,718,0
12432,711,0
12433,703,0
12434,706,0
12435,707,0
12436,707,0
12437,710,0
12438,716,0
12439,710,0
12440,708,0
12441,714,0
12442,709,0
12443,711,0
12444,713,0
12445,705,0
12446,711,0
12447,714,0
12448,718,0
12449,703,0
12450,707,0
12451,704,0
12452,705,0
12453,711,0
12454,711,0
12455,709,0
12456,713,0
12457,709,0
12458,710,0
12459,714,0
12460,712,0
12461,710,0
12462,715,0
12463,708,0
12464,710,0
12465,709,0
12466,712,0
12467,715,0
12468,710,0
12469,713,0
12470,713,0
12471,710,0
12472,713,0
12473,710,0
12474,713,0
12475,709,0
12476,707,0
12477,717,0
12478,714,0
12479,709,0
12480,714,0
12481,705,0
12482,708,0
12483,704,0
12484,719,0
12485,711,0
12486,722,0
12487,707,0
12488,720,0
12489,703,0
12490,701,0
12491,712,0
12492,712,0
12493,710,0
12494,709,0
12495,708,0
12496,713,0
12497,715,0
12498,708,0
12499,708,0
12500,701,0
12501,708,0
12502,707,0
12503,703,0
12504,715,0
12505,706,0
12506,713,0
12507,712,0
12508,709,0
12509,715,0
12510,716,0
12511,711,0
12512,715,0
12513,707,0
12514,709,0
12515,709,0
12516,712,0
12517,704,0
12518,713,0
12519,721,0
12520,704,0
12521,710,0
12522,698,0
12523,709,0
12524,711,0
12525,715,0
12526,708,0
12527,710,0
12528,707,0
12529,706,0
12530,711,0
12531,713,0
12532,707,0
12533,715,0
12534,710,0
12535,713,0
12536,714,0
12537,715,0
12538,713,0
12539,703,0
12540,706,0
12541,714,0
12542,717,0
12543,715,0
12544,711,0
12545,710,0
12546,710,0
12547,719,0
12548,711,0
12549,710,0
12550,712,0
12551,705,0
12552,706,0
12553,710,0
12554,707,0
12555,705,0
12556,713,0
12557,708,0
12558,710,0
12559,710,0
12560,711,0
12561,715,0
12562,710,0
12563,711,0
12564,703,0
12565,707,0
12566,716,0
12567,708,0
12568,712,0
12569,709,0
12570,713,0
12571,710,0
12572,708,0
12573,706,0
12574,708,0
12575,713,0
12576,703,0
12577,715,0
12578,719,0
12579,715,0
12580,712,0
12581,714,0
12582,707,0
12583,705,0
12584,705,0
12585,703,0
12586,727,0
12587,712,0
12588,711,0
12589,713,0
12590,714,0
12591,715,0
12592,707,0
12593,714,0
12594,702,0
12595,709,0
12596,707,0
12597,712,0
12598,711,0
12599,708,0
12600,714,0
12601,710,0
12602,707,0
12603,710,0
12604,707,0
12605,704,0
12606,708,0
12607,708,0
12608,711,0
12609,719,0
12610,714,0
12611,707,0
12612,715,0
12613,711,0
12614,709,0
12615,709,0
12616,706,0
12617,713,0
12618,714,0
12619,715,0
12620,717,0
12621,721,0
12622,709,0
12623,705,0
12624,715,0
12625,712,0
12626,701,0
12627,710,0
12628,711,0
12629,709,0
12630,712,0
12631,704,0
12632,716,0
12633,715,0
12634,704,0
12635,709,0
12636,704,0
12637,698,0
12638,710,0
12639,711,0
12640,711,0
12641,707,0
12642,714,0
12643,710,0
12644,709,0
12645,709,0
12646,708,0
12647,702,0
12648,709,0
12649,712,0
12650,724,0
12651,714,0
12652,713,0
12653,710,0
12654,711,0
12655,717,0
12656,708,0
12657,713,0
12658,714,0
12659,709,0
12660,716,0
12661,712,0
12662,714,0
12663,719,0
12664,709,0
12665,716,0
12666,719,0
12667,710,0
12668,714,0
12669,710,0
12670,708,0
12671,702,0
12672,700,0
12673,709,0
12674,701,0
12675,716,0
12676,714,0
12677,706,0
12678,717,0
12679,699,0
12680,716,0
12681,718,0
12682,710,0
12683,715,0
12684,708,0
12685,707,0
12686,709,0
12687,708,0
12688,711,0
12689,707,0
12690,709,0
12691,707,0
12692,710,0
12693,718,0
12694,710,0
12695,721,0
12696,714,0
12697,704,0
12698,718,0
12699,703,0
12700,710,0
12701,715,0
12702,707,0
12703,712,0
12704,707,0
12705,718,0
12706,700,0
12707,706,0
12708,699,0
12709,709,0
12710,709,0
12711,713,0
12712,710,0
12713,716,0
12714,721,0
12715,702,0
12716,710,0
12717,710,0
12718,706,0
12719,710,0
12720,715,0
12721,718,0
12722,708,0
12723,710,0
12724,714,0
12725,717,0
12726,712,0
12727,703,0
12728,705,0
12729,702,0
12730,703,0
12731,705,0
12732,712,0
12733,708,0
12734,713,0
12735,708,0
12736,714,0
12737,720,0
12738,713,0
12739,714,0
12740,711,0
12741,707,0
12742,710,0
12743,706,0
12744,707,0
12745,702,0
12746,711,0
12747,715,0
12748,703,0
12749,712,0
12750,711,0
12751,722,0
12752,708,0
12753,717,0
12754,713,0
12755,711,0
12756,721,0
12757,706,0
12758,720,0
12759,717,0
12760,715,0
12761,706,0
12762,716,0
12763,717,0
12764,718,0
12765,716,0
12766,714,0
12767,706,0
12768,702,0
12769,721,0
12770,716,0
12771,709,0
12772,711,0
12773,713,0
12774,715,0
12775,716,0
12776,706,0
12777,710,0
12778,715,0
12779,707,0
12780,712,0
12781,714,0
12782,720,0
12783,707,0
12784,712,0
12785,712,0
12786,704,0
12787,718,0
12788,713,0
12789,713,0
12790,705,0
12791,720,0
12792,709,0
12793,713,0
12794,712,0
12795,709,0
12796,709,0
12797,709,0
12798,708,0
12799,711,0
12800,713,0
12801,718,0
12802,705,0
12803,716,0
12804,709,0
12805,716,0
12806,712,0
12807,705,0
12808,707,0
12809,717,0
12810,716,0
12811,709,0
12812,713,0
12813,714,0
12814,709,0
12815,710,0
12816,711,0
12817,711,0
12818,709,0
12819,715,0
12820,708,0
12821,718,0
12822,705,0
12823,716,0
12824,709,0
12825,716,0
12826,709,0
12827,709,0
12828,710,0
12829,706,0
12830,712,0
12831,712,0
12832,722,0
12833,712,0
12834,717,0
12835,711,0
12836,714,0
12837,710,0
12838,721,0
12839,712,0
12840,712,0
12841,712,0
12842,719,0
12843,716,0
12844,709,0
12845,713,0
12846,708,0
12847,712,0
12848,716,0
12849,720,0
12850,708,0
12851,719,0
12852,704,0
12853,710,0
12854,711,0
12855,718,0
12856,713,0
12857,713,0
12858,708,0
12859,706,0
12860,713,0
12861,712,0
12862,715,0
12863,715,0
12864,712,0
12865,712,0
12866,710,0
12867,709,0
12868,708,0
12869,713,0
12870,716,0
12871,703,0
12872,721,0
12873,705,0
12874,705,0
12875,709,0
12876,713,0
12877,712,0
12878,712,0
12879,709,0
12880,709,0
12881,708,0
12882,714,0
12883,714,0
12884,713,0
12885,713,0
12886,707,0
12887,711,0
12888,711,0
12889,708,0
12890,715,0
12891,715,0
12892,718,0
12893,706,0
12894,718,0
12895,712,0
12896,706,0
12897,715,0
12898,706,0
12899,706,0
12900,722,0
12901,715,0
12902,720,0
12903,715,0
12904,709,0
12905,716,0
12906,710,0
12907,715,0
12908,715,0
12909,714,0
12910,714,0
12911,713,0
12912,715,0
12913,715,0
12914,710,0
12915,712,0
12916,728,0
12917,712,0
12918,712,0
12919,707,0
12920,716,0
12921,710,0
12922,716,0
12923,716,0
12924,711,0
12925,710,0
12926,718,0
12927,713,0
12928,714,0
12929,712,0
12930,708,0
12931,701,0
12932,712,0
12933,715,0
12934,711,0
12935,717,0
12936,715,0
12937,717,0
12938,710,0
12939,708,0
12940,711,0
12941,701,0
12942,714,0
12943,702,0
12944,716,0
12945,718,0
12946,707,0
12947,715,0
12948,711,0
12949,711,0
12950,715,0
12951,717,0
12952,710,0
12953,703,0
12954,711,0
12955,715,0
12956,713,0
12957,710,0
12958,714,0
12959,720,0
12960,705,0
12961,709,0
12962,717,0
12963,707,0
12964,715,0
12965,711,0
12966,708,0
12967,711,0
12968,714,0
12969,705,0
12970,709,0
12971,710,0
12972,721,0
12973,709,0
12974,722,0
12975,711,0
12976,719,0
12977,713,0
12978,704,0
12979,711,0
12980,710,0
12981,705,0
12982,708,0
12983,705,0
12984,715,0
12985,713,0
12986,709,0
12987,713,0
12988,715,0
12989,720,0
12990,713,0
12991,710,0
12992,721,0
12993,715,0
12994,720,0
12995,722,0
12996,707,0
12997,709,0
12998,710,0
12999,714,0
13000,717,0
13001,712,0
13002,718,0
13003,704,0
13004,699,0
13005,711,0
13006,716,0
13007,721,0
13008,717,0
13009,714,0
13010,713,0
13011,715,0
13012,715,0
13013,712,0
13014,723,0
13015,720,0
13016,720,0
13017,715,0
13018,720,0
13019,708,0
13020,719,0
13021,708,0
13022,712,0
13023,708,0
13024,705,0
13025,705,0
13026,722,0
13027,720,0
13028,718,0
13029,704,0
13030,714,0
13031,711,0
13032,713,0
13033,712,0
13034,715,0
13035,717,0
13036,719,0
13037,718,0
13038,711,0
13039,715,0
13040,714,0
13041,721,0
13042,718,0
13043,714,0
13044,719,0
13045,713,0
13046,707,0
13047,709,0
13048,714,0
13049,714,0
13050,716,0
13051,723,0
13052,718,0
13053,707,0
13054,710,0
13055,713,0
13056,717,0
13057,704,0
13058,718,0
13059,719,0
13060,710,0
13061,705,0
13062,706,0
13063,716,0
13064,713,0
13065,721,0
13066,717,0
13067,716,0
13068,708,0
13069,716,0
13070,716,0
13071,716,0
13072,711,0
13073,710,0
13074,708,0
13075,715,0
13076,716,0
13077,716,0
13078,712,0
13079,709,0
13080,721,0
13081,707,0
13082,714,0
13083,708,0
13084,718,0
13085,707,0
13086,724,0
13087,718,0
13088,702,0
13089,721,0
13090,718,0
13091,719,0
13092,716,0
13093,712,0
13094,709,0
13095,720,0
13096,714,0
13097,712,0
13098,717,0
13099,715,0
13100,718,0
13101,717,0
13102,714,0
13103,704,0
13104,716,0
13105,713,0
13106,700,0
13107,706,0
13108,705,0
13109,713,0
13110,715,0
13111,711,0
13112,719,0
13113,714,0
13114,717,0
13115,706,0
13116,716,0
13117,710,0
13118,718,0
13119,710,0
13120,711,0
13121,718,0
13122,716,0
13123,714,0
13124,713,0
13125,713,0
13126,719,0
13127,713,0
13128,707,0
13129,713,0
13130,717,0
13131,714,0
13132,706,0
13133,707,0
13134,718,0
13135,709,0
13136,715,0
13137,728,0
13138,719,0
13139,721,0
13140,721,0
13141,719,0
13142,721,0
13143,720,0
13144,716,0
13145,715,0
13146,722,0
13147,720,0
13148,704,0
13149,711,0
13150,713,0
13151,711,0
13152,718,0
13153,712,0
13154,714,0
13155,720,0
13156,708,0
13157,705,0
13158,712,0
13159,717,0
13160,715,0
13161,712,0
13162,719,0
13163,715,0
13164,711,0
13165,719,0
13166,718,0
13167,708,0
13168,712,0
13169,718,0
13170,723,0
13171,713,0
13172,717,0
13173,718,0
13174,719,0
13175,715,0
13176,710,0
13177,712,0
13178,711,0
13179,715,0
13180,707,0
13181,712,0
13182,715,0
13183,718,0
13184,715,0
13185,715,0
13186,713,0
13187,713,0
13188,721,0
13189,711,0
13190,711,0
13191,705,0
13192,717,0
13193,704,0
13194,720,0
13195,707,0
13196,714,0
13197,708,0
13198,718,0
13199,716,0
13200,713,0
13201,718,0
13202,713,0
13203,708,0
13204,716,0
13205,712,0
13206,717,0
13207,718,0
13208,715,0
13209,716,0
13210,710,0
13211,713,0
13212,705,0
13213,710,0
13214,717,0
13215,721,0
13216,716,0
13217,710,0
13218,716,0
13219,702,0
13220,714,0
13221,700,0
13222,720,0
13223,720,0
13224,717,0
13225,698,0
13226,714,0
13227,715,0
13228,719,0
13229,712,0
13230,714,0
13231,711,0
13232,723,0
13233,711,0
13234,716,0
13235,714,0
13236,711,0
13237,715,0
13238,717,0
13239,716,0
13240,710,0
13241,719,0
13242,712,0
13243,710,0
13244,719,0
13245,714,0
13246,712,0
13247,714,0
13248,711,0
13249,713,0
13250,702,0
13251,708,0
13252,711,0
13253,708,0
13254,712,0
13255,714,0
13256,714,0
13257,707,0
13258,715,0
13259,721,0
13260,713,0
13261,716,0
13262,714,0
13263,715,0
13264,708,0
13265,717,0
13266,722,0
13267,715,0
13268,707,0
13269,709,0
13270,716,0
13271,705,0
13272,713,0
13273,710,0
13274,718,0
13275,715,0
13276,716,0
13277,722,0
13278,714,0
13279,711,0
13280,717,0
13281,713,0
13282,720,0
13283,710,0
13284,716,0
13285,707,0
13286,719,0
13287,718,0
13288,711,0
13289,705,0
13290,716,0
13291,712,0
13292,713,0
13293,716,0
13294,716,0
13295,706,0
13296,710,0
13297,723,0
13298,722,0
13299,719,0
13300,718,0
13301,716,0
13302,711,0
13303,715,0
13304,715,0
13305,712,0
13306,713,0
13307,706,0
13308,707,0
13309,722,0
13310,709,0
13311,718,0
13312,717,0
13313,709,0
13314,714,0
13315,713,0
13316,710,0
13317,714,0
13318,705,0
13319,712,0
13320,721,0
13321,713,0
13322,712,0
13323,713,0
13324,706,0
13325,723,0
13326,714,0
13327,725,0
13328,715,0
13329,715,0
13330,712,0
13331,711,0
13332,723,0
13333,722,0
13334,712,0
13335,704,0
13336,711,0
13337,711,0
13338,712,0
13339,715,0
13340,708,0
13341,715,0
13342,720,0
13343,718,0
13344,724,0
13345,712,0
13346,718,0
13347,718,0
13348,712,0
13349,715,0
13350,710,0
13351,727,0
13352,715,0
13353,724,0
13354,711,0
13355,708,0
13356,713,0
13357,709,0
13358,722,0
13359,718,0
13360,708,0
13361,714,0
13362,706,0
13363,716,0
13364,711,0
13365,715,0
13366,713,0
13367,718,0
13368,712,0
13369,718,0
13370,714,0
13371,725,0
13372,710,0
13373,711,0
13374,711,0
13375,717,0
13376,718,0
13377,705,0
13378,716,0
13379,721,0
13380,710,0
13381,727,0
13382,710,0
13383,716,0
13384,711,0
13385,715,0
13386,721,0
13387,717,0
13388,708,0
13389,708,0
13390,712,0
13391,716,0
13392,717,0
13393,705,0
13394,714,0
13395,717,0
13396,713,0
13397,715,0
13398,715,0
13399,714,0
13400,713,0
13401,714,0
13402,705,0
13403,718,0
13404,718,0
13405,710,0
13406,719,0
13407,717,0
13408,716,0
13409,710,0
13410,716,0
13411,716,0
13412,708,0
13413,715,0
13414,716,0
13415,712,0
13416,705,0
13417,714,0
13418,717,0
13419,719,0
13420,712,0
13421,717,0
13422,714,0
13423,723,0
13424,702,0
13425,710,0
13426,710,0
13427,716,0
13428,719,0
13429,722,0
13430,721,0
13431,718,0
13432,714,0
13433,710,0
13434,724,0
13435,712,0
13436,706,0
13437,717,0
13438,718,0
13439,707,0
13440,708,0
13441,722,0
13442,708,0
13443,722,0
13444,711,0
13445,717,0
13446,709,0
13447,719,0
13448,713,0
13449,714,0
13450,707,0
13451,718,0
13452,714,0
13453,716,0
13454,701,0
13455,723,0
13456,719,0
13457,715,0
13458,724,0
13459,716,0
13460,713,0
13461,709,0
13462,707,0
13463,714,0
13464,715,0
13465,712,0
13466,711,0
13467,716,0
13468,717,0
13469,712,0
13470,715,0
13471,718,0
13472,702,0
13473,713,0
13474,713,0
13475,713,0
13476,721,0
13477,717,0
13478,713,0
13479,724,0
13480,715,0
13481,709,0
13482,712,0
13483,709,0
13484,706,0
13485,717,0
13486,705,0
13487,722,0
13488,716,0
13489,702,0
13490,716,0
13491,719,0
13492,713,0
13493,711,0
13494,715,0
13495,712,0
13496,716,0
13497,717,0
13498,705,0
13499,712,0
13500,716,0
13501,711,0
13502,713,0
13503,720,0
13504,709,0
13505,722,0
13506,715,0
13507,722,0
13508,715,0
13509,717,0
13510,723,0
13511,726,0
13512,719,0
13513,718,0
13514,716,0
13515,717,0
13516,718,0
13517,712,0
13518,722,0
13519,722,0
13520,717,0
13521,714,0
13522,719,0
13523,721,0
13524,711,0
13525,707,0
13526,721,0
13527,719,0
13528,718,0
13529,722,0
13530,717,0
13531,715,0
13532,718,0
13533,718,0
13534,716,0
13535,727,0
13536,721,0
13537,719,0
13538,720,0
13539,715,0
13540,712,0
13541,709,0
13542,719,0
13543,722,0
13544,716,0
13545,715,0
13546,713,0
13547,721,0
13548,716,0
13549,715,0
13550,715,0
13551,718,0
13552,717,0
13553,714,0
13554,716,0
13555,724,0
13556,716,0
13557,711,0
13558,712,0
13559,723,0
13560,722,0
13561,723,0
13562,725,0
13563,714,0
13564,714,0
13565,715,0
13566,716,0
13567,721,0
13568,717,0
13569,716,0
13570,718,0
13571,715,0
13572,716,0
13573,719,0
13574,720,0
13575,718,0
13576,719,0
13577,715,0
13578,724,0
13579,722,0
13580,716,0
13581,718,0
13582,717,0
13583,725,0
13584,717,0
13585,714,0
13586,714,0
13587,720,0
13588,723,0
13589,711,0
13590,709,0
13591,712,0
13592,719,0
13593,707,0
13594,715,0
13595,716,0
13596,713,0
13597,722,0
13598,714,0
13599,719,0
13600,720,0
13601,712,0
13602,712,0
13603,713,0
13604,711,0
13605,714,0
13606,708,0
13607,716,0
13608,717,0
13609,722,0
13610,713,0
13611,716,0
13612,717,0
13613,719,0
13614,719,0
13615,717,0
13616,715,0
13617,721,0
13618,724,0
13619,719,0
13620,710,0
13621,720,0
13622,723,0
13623,719,0
13624,708,0
13625,714,0
13626,712,0
13627,726,0
13628,705,0
13629,712,0
13630,720,0
13631,711,0
13632,716,0
13633,726,0
13634,715,0
13635,715,0
13636,710,0
13637,708,0
13638,718,0
13639,713,0
13640,720,0
13641,716,0
13642,724,0
13643,711,0
13644,719,0
13645,720,0
13646,714,0
13647,710,0
13648,707,0
13649,723,0
13650,720,0
13651,720,0
13652,724,0
13653,713,0
13654,713,0
13655,714,0
13656,711,0
13657,715,0
13658,717,0
13659,719,0
13660,716,0
13661,715,0
13662,724,0
13663,712,0
13664,714,0
13665,715,0
13666,716,0
13667,716,0
13668,717,0
13669,716,0
13670,722,0
13671,708,0
13672,717,0
13673,708,0
13674,722,0
13675,720,0
13676,706,0
13677,707,0
13678,710,0
13679,714,0
13680,712,0
13681,719,0
13682,719,0
13683,715,0
13684,714,0
13685,718,0
13686,714,0
13687,718,0
13688,703,0
13689,718,0
13690,717,0
13691,719,0
13692,723,0
13693,724,0
13694,719,0
13695,721,0
13696,715,0
13697,706,0
13698,713,0
13699,710,0
13700,714,0
13701,713,0
13702,719,0
13703,724,0
13704,720,0
13705,725,0
13706,709,0
13707,707,0
13708,716,0
13709,724,0
13710,715,0
13711,711,0
13712,715,0
13713,707,0
13714,710,0
13715,719,0
13716,715,0
13717,717,0
13718,720,0
13719,710,0
13720,717,0
13721,722,0
13722,703,0
13723,718,0
13724,720,0
13725,717,0
13726,715,0
13727,716,0
13728,718,0
13729,709,0
13730,716,0
13731,726,0
13732,716,0
13733,712,0
13734,718,0
13735,723,0
13736,710,0
13737,708,0
13738,713,0
13739,717,0
13740,724,0
13741,720,0
13742,721,0
13743,709,0
13744,719,0
13745,721,0
13746,721,0
13747,719,0
13748,710,0
13749,711,0
13750,717,0
13751,721,0
13752,719,0
13753,722,0
13754,719,0
13755,726,0
13756,715,0
13757,715,0
13758,713,0
13759,715,0
13760,722,0
13761,724,0
13762,715,0
13763,715,0
13764,710,0
13765,717,0
13766,718,0
13767,722,0
13768,708,0
13769,715,0
13770,716,0
13771,723,0
13772,711,0
13773,718,0
13774,719,0
13775,716,0
13776,718,0
13777,714,0
13778,710,0
13779,721,0
13780,719,0
13781,718,0
13782,726,0
13783,724,0
13784,724,0
13785,712,0
13786,722,0
13787,716,0
13788,726,0
13789,709,0
13790,712,0
13791,711,0
13792,720,0
13793,711,0
13794,727,0
13795,721,0
13796,719,0
13797,712,0
13798,710,0
13799,715,0
13800,717,0
13801,723,0
13802,719,0
13803,714,0
13804,727,0
13805,722,0
13806,717,0
13807,717,0
13808,721,0
13809,721,0
13810,719,0
13811,720,0
13812,713,0
13813,721,0
13814,716,0
13815,708,0
13816,726,0
13817,712,0
13818,715,0
13819,715,0
13820,723,0
13821,717,0
13822,719,0
13823,709,0
13824,714,0
13825,720,0
13826,718,0
13827,716,0
13828,707,0
13829,715,0
13830,718,0
13831,715,0
13832,700,0
13833,720,0
13834,722,0
13835,711,0
13836,720,0
13837,717,0
13838,716,0
13839,719,0
13840,711,0
13841,727,0
13842,710,0
13843,715,0
13844,719,0
13845,719,0
13846,721,0
13847,714,0
13848,720,0
13849,717,0
13850,716,0
13851,719,0
13852,720,0
13853,721,0
13854,714,0
13855,726,0
13856,716,0
13857,716,0
13858,717,0
13859,713,0
13860,718,0
13861,719,0
13862,717,0
13863,709,0
13864,715,0
13865,719,0
13866,724,0
13867,712,0
13868,708,0
13869,716,0
13870,720,0
13871,722,0
13872,719,0
13873,723,0
13874,713,0
13875,723,0
13876,716,0
13877,709,0
13878,720,0
13879,719,0
13880,717,0
13881,721,0
13882,720,0
13883,721,0
13884,722,0
13885,723,0
13886,716,0
13887,719,0
13888,715,0
13889,719,0
13890,725,0
13891,722,0
13892,715,0
13893,717,0
13894,723,0
13895,717,0
13896,728,0
13897,718,0
13898,715,0
13899,712,0
13900,717,0
13901,714,0
13902,708,0
13903,716,0
13904,713,0
13905,717,0
13906,718,0
13907,715,0
13908,715,0
13909,719,0
13910,721,0
13911,711,0
13912,711,0
13913,719,0
13914,717,0
13915,724,0
13916,721,0
13917,714,0
13918,720,0
13919,724,0
13920,719,0
13921,723,0
13922,710,0
13923,727,0
13924,714,0
13925,715,0
13926,716,0
13927,713,0
13928,714,0
13929,711,0
13930,724,0
13931,713,0
13932,716,0
13933,712,0
13934,725,0
13935,722,0
13936,721,0
13937,719,0
13938,716,0
13939,718,0
13940,726,0
13941,704,0
13942,718,0
13943,719,0
13944,723,0
13945,716,0
13946,723,0
13947,720,0
13948,719,0
13949,721,0
13950,719,0
13951,714,0
13952,720,0
13953,714,0
13954,713,0
13955,711,0
13956,725,0
13957,723,0
13958,715,0
13959,720,0
13960,724,0
13961,722,0
13962,720,0
13963,719,0
13964,718,0
13965,716,0
13966,723,0
13967,723,0
13968,718,0
13969,729,0
13970,728,0
13971,721,0
13972,723,0
13973,718,0
13974,717,0
13975,719,0
13976,728,0
13977,720,0
13978,711,0
13979,721,0
13980,712,0
13981,719,0
13982,719,0
13983,711,0
13984,720,0
13985,717,0
13986,720,0
13987,723,0
13988,717,0
13989,724,0
13990,721,0
13991,714,0
13992,711,0
13993,714,0
13994,713,0
13995,725,0
13996,715,0
13997,722,0
13998,721,0
13999,722,0
14000,718,0
14001,717,0
14002,717,0
14003,713,0
14004,715,0
14005,720,0
14006,719,0
14007,719,0
14008,719,0
14009,730,0
14010,714,0
14011,714,0
14012,720,0
14013,718,0
14014,715,0
14015,729,0
14016,714,0
14017,715,0
14018,713,0
14019,716,0
14020,716,0
14021,712,0
14022,724,0
14023,724,0
14024,713,0
14025,709,0
14026,718,0
14027,724,0
14028,714,0
14029,715,0
14030,723,0
14031,719,0
14032,728,0
14033,712,0
14034,716,0
14035,719,0
14036,728,0
14037,720,0
14038,720,0
14039,728,0
14040,721,0
14041,715,0
14042,718,0
14043,717,0
14044,715,0
14045,716,0
14046,713,0
14047,719,0
14048,718,0
14049,712,0
14050,725,0
14051,714,0
14052,718,0
14053,722,0
14054,711,0
14055,715,0
14056,718,0
14057,721,0
14058,719,0
14059,718,0
14060,710,0
14061,713,0
14062,721,0
14063,722,0
14064,720,0
14065,719,0
14066,712,0
14067,724,0
14068,719,0
14069,716,0
14070,713,0
14071,717,0
14072,721,0
14073,714,0
14074,711,0
14075,721,0
14076,716,0
14077,715,0
14078,721,0
14079,722,0
14080,719,0
14081,727,0
14082,715,0
14083,716,0
14084,716,0
14085,720,0
14086,712,0
14087,720,0
14088,715,0
14089,724,0
14090,721,0
14091,710,0
14092,721,0
14093,715,0
14094,712,0
14095,718,0
14096,714,0
14097,719,0
14098,709,0
14099,726,0
14100,719,0
14101,722,0
14102,713,0
14103,717,0
14104,721,0
14105,719,0
14106,724,0
14107,719,0
14108,714,0
14109,718,0
14110,717,0
14111,724,0
14112,722,0
14113,713,0
14114,715,0
14115,732,0
14116,717,0
14117,726,0
14118,706,0
14119,709,0
14120,723,0
14121,716,0
14122,717,0
14123,719,0
14124,714,0
14125,716,0
14126,714,0
14127,720,0
14128,731,0
14129,715,0
14130,708,0
14131,725,0
14132,716,0
14133,714,0
14134,715,0
14135,716,0
14136,716,0
14137,720,0
14138,712,0
14139,725,0
14140,707,0
14141,722,0
14142,724,0
14143,715,0
14144,718,0
14145,713,0
14146,720,0
14147,723,0
14148,729,0
14149,716,0
14150,717,0
14151,729,0
14152,706,0
14153,721,0
14154,718,0
14155,713,0
14156,721,0
14157,723,0
14158,725,0
14159,720,0
14160,716,0
14161,720,0
14162,720,0
14163,718,0
14164,718,0
14165,729,0
14166,721,0
14167,728,0
14168,706,0
14169,724,0
14170,715,0
14171,726,0
14172,720,0
14173,715,0
14174,727,0
14175,721,0
14176,715,0
14177,717,0
14178,709,0
14179,723,0
14180,718,0
14181,726,0
14182,726,0
14183,720,0
14184,717,0
14185,716,0
14186,715,0
14187,721,0
14188,715,0
14189,731,0
14190,728,0
14191,709,0
14192,718,0
14193,713,0
14194,721,0
14195,722,0
14196,716,0
14197,709,0
14198,720,0
14199,719,0
14200,721,0
14201,720,0
14202,722,0
14203,724,0
14204,717,0
14205,719,0
14206,722,0
14207,726,0
14208,726,0
14209,716,0
14210,720,0
14211,715,0
14212,718,0
14213,713,0
14214,709,0
14215,722,0
14216,719,0
14217,729,0
14218,719,0
14219,722,0
14220,716,0
14221,721,0
14222,725,0
14223,719,0
14224,727,0
14225,727,0
14226,727,0
14227,725,0
14228,721,0
14229,708,0
14230,727,0
14231,724,0
14232,722,0
14233,724,0
14234,712,0
14235,708,0
14236,716,0
14237,719,0
14238,713,0
14239,718,0
14240,724,0
14241,712,0
14242,718,0
14243,722,0
14244,706,0
14245,712,0
14246,721,0
14247,717,0
14248,714,0
14249,714,0
14250,725,0
14251,720,0
14252,711,0
14253,714,0
14254,719,0
14255,720,0
14256,721,0
14257,713,0
14258,722,0
14259,721,0
14260,719,0
14261,717,0
14262,712,0
14263,709,0
14264,718,0
14265,721,0
14266,727,0
14267,732,0
14268,711,0
14269,721,0
14270,717,0
14271,715,0
14272,716,0
14273,726,0
14274,721,0
14275,715,0
14276,718,0
14277,724,0
14278,720,0
14279,721,0
14280,720,0
14281,723,0
14282,716,0
14283,711,0
14284,714,0
14285,715,0
14286,716,0
14287,714,0
14288,720,0
14289,713,0
14290,724,0
14291,719,0
14292,714,0
14293,713,0
14294,725,0
14295,727,0
14296,727,0
14297,725,0
14298,713,0
14299,725,0
14300,720,0
14301,722,0
14302,721,0
14303,712,0
14304,716,0
14305,711,0
14306,714,0
14307,718,0
14308,718,0
14309,721,0
14310,710,0
14311,713,0
14312,722,0
14313,714,0
14314,714,0
14315,725,0
14316,723,0
14317,720,0
14318,720,0
14319,717,0
14320,721,0
14321,716,0
14322,711,0
14323,719,0
14324,732,0
14325,713,0
14326,717,0
14327,718,0
14328,720,0
14329,720,0
14330,724,0
14331,724,0
14332,722,0
14333,718,0
14334,722,0
14335,717,0
14336,721,0
14337,720,0
14338,725,0
14339,715,0
14340,720,0
14341,714,0
14342,717,0
14343,719,0
14344,710,0
14345,720,0
14346,715,0
14347,715,0
14348,715,0
14349,722,0
14350,734,0
14351,719,0
14352,722,0
14353,722,0
14354,720,0
14355,719,0
14356,715,0
14357,725,0
14358,720,0
14359,718,0
14360,708,0
14361,718,0
14362,707,0
14363,714,0
14364,720,0
14365,726,0
14366,720,0
14367,718,0
14368,716,0
14369,718,0
14370,717,0
14371,709,0
14372,720,0
14373,727,0
14374,712,0
14375,729,0
14376,721,0
14377,721,0
14378,724,0
14379,720,0
14380,714,0
14381,722,0
14382,719,0
14383,716,0
14384,725,0
14385,716,0
14386,718,0
14387,717,0
14388,727,0
14389,720,0
14390,716,0
14391,720,0
14392,724,0
14393,721,0
14394,714,0
14395,721,0
14396,724,0
14397,718,0
14398,715,0
14399,724,0
14400,718,0
14401,726,0
14402,716,0
14403,726,0
14404,728,0
14405,716,0
14406,722,0
14407,720,0
14408,701,0
14409,724,0
14410,711,0
14411,717,0
14412,720,0
14413,723,0
14414,719,0
14415,733,0
14416,717,0
14417,712,0
14418,722,0
14419,715,0
14420,715,0
14421,721,0
14422,727,0
14423,719,0
14424,724,0
14425,722,0
14426,726,0
14427,721,0
14428,730,0
14429,718,0
14430,721,0
14431,716,0
14432,724,0
14433,722,0
14434,725,0
14435,724,0
14436,723,0
14437,729,0
14438,715,0
14439,721,0
14440,708,0
14441,718,0
14442,716,0
14443,723,0
14444,719,0
14445,729,0
14446,728,0
14447,720,0
14448,724,0
14449,707,0
14450,724,0
14451,714,0
14452,723,0
14453,716,0
14454,712,0
14455,717,0
14456,720,0
14457,717,0
14458,713,0
14459,724,0
14460,722,0
14461,715,0
14462,723,0
14463,716,0
14464,722,0
14465,714,0
14466,715,0
14467,721,0
14468,711,0
14469,725,0
14470,728,0
14471,721,0
14472,732,0
14473,721,0
14474,711,0
14475,723,0
14476,728,0
14477,716,0
14478,721,0
14479,725,0
14480,723,0
14481,720,0
14482,721,0
14483,715,0
14484,720,0
14485,715,0
14486,714,0
14487,722,0
14488,722,0
14489,718,0
14490,721,0
14491,724,0
14492,724,0
14493,712,0
14494,722,0
14495,720,0
14496,726,0
14497,723,0
14498,719,0
14499,719,0
14500,723,0
14501,729,0
14502,720,0
14503,728,0
14504,717,0
14505,725,0
14506,716,0
14507,727,0
14508,717,0
14509,712,0
14510,715,0
14511,713,0
14512,721,0
14513,708,0
14514,721,0
14515,719,0
14516,717,0
14517,720,0
14518,722,0
14519,724,0
14520,722,0
14521,722,0
14522,716,0
14523,730,0
14524,721,0
14525,720,0
14526,715,0
14527,717,0
14528,727,0
14529,715,0
14530,730,0
14531,723,0
14532,724,0
14533,723,0
14534,716,0
14535,728,0
14536,728,0
14537,724,0
14538,723,0
14539,717,0
14540,725,0
14541,725,0
14542,724,0
14543,719,0
14544,726,0
14545,722,0
14546,716,0
14547,719,0
14548,718,0
14549,727,0
14550,721,0
14551,728,0
14552,722,0
14553,724,0
14554,719,0
14555,722,0
14556,715,0
14557,728,0
14558,722,0
14559,723,0
14560,716,0
14561,718,0
14562,724,0
14563,707,0
14564,712,0
14565,723,0
14566,725,0
14567,717,0
14568,723,0
14569,717,0
14570,721,0
14571,727,0
14572,722,0
14573,717,0
14574,719,0
14575,716,0
14576,723,0
14577,722,0
14578,726,0
14579,731,0
14580,725,0
14581,713,0
14582,727,0
14583,721,0
14584,723,0
14585,721,0
14586,717,0
14587,723,0
14588,716,0
14589,731,0
14590,723,0
14591,712,0
14592,715,0
14593,718,0
14594,720,0
14595,722,0
14596,724,0
14597,724,0
14598,725,0
14599,723,0
14600,730,0
14601,720,0
14602,717,0
14603,725,0
14604,720,0
14605,722,0
14606,725,0
14607,718,0
14608,717,0
14609,719,0
14610,715,0
14611,725,0
14612,727,0
14613,721,0
14614,715,0
14615,724,0
14616,727,0
14617,714,0
14618,719,0
14619,716,0
14620,724,0
14621,721,0
14622,718,0
14623,713,0
14624,720,0
14625,718,0
14626,717,0
14627,713,0
14628,720,0
14629,722,0
14630,721,0
14631,720,0
14632,723,0
14633,724,0
14634,722,0
14635,718,0
14636,714,0
14637,721,0
14638,718,0
14639,722,0
14640,722,0
14641,718,0
14642,721,0
14643,722,0
14644,721,0
14645,720,0
14646,717,0
14647,716,0
14648,727,0
14649,723,0
14650,720,0
14651,732,0
14652,726,0
14653,710,0
14654,724,0
14655,725,0
14656,726,0
14657,718,0
14658,723,0
14659,720,0
14660,721,0
14661,717,0
14662,714,0
14663,727,0
14664,726,0
14665,717,0
14666,728,0
14667,723,0
14668,716,0
14669,723,0
14670,713,0
14671,718,0
14672,719,0
14673,724,0
14674,715,0
14675,718,0
14676,725,0
14677,720,0
14678,726,0
14679,728,0
14680,720,0
14681,726,0
14682,727,0
14683,733,0
14684,720,0
14685,730,0
14686,723,0
14687,734,0
14688,720,0
14689,717,0
14690,727,0
14691,722,0
14692,719,0
14693,727,0
14694,719,0
14695,723,0
14696,719,0
14697,726,0
14698,720,0
14699,725,0
14700,727,0
14701,726,0
14702,721,0
14703,725,0
14704,722,0
14705,730,0
14706,717,0
14707,722,0
14708,719,0
14709,723,0
14710,724,0
14711,723,0
14712,716,0
14713,716,0
14714,724,0
14715,716,0
14716,725,0
14717,725,0
14718,729,0
14719,724,0
14720,720,0
14721,715,0
14722,716,0
14723,721,0
14724,726,0
14725,724,0
14726,717,0
14727,710,0
14728,720,0
14729,717,0
14730,716,0
14731,721,0
14732,722,0
14733,718,0
14734,722,0
14735,720,0
14736,726,0
14737,725,0
14738,714,0
14739,729,0
14740,715,0
14741,713,0
14742,714,0
14743,721,0
14744,723,0
14745,723,0
14746,722,0
14747,714,0
14748,717,0
14749,712,0
14750,720,0
14751,721,0
14752,727,0
14753,718,0
14754,726,0
14755,722,0
14756,713,0
14757,718,0
14758,729,0
14759,725,0
14760,726,0
14761,723,0
14762,714,0
14763,725,0
14764,722,0
14765,728,0
14766,728,0
14767,711,0
14768,733,0
14769,725,0
14770,719,0
14771,715,0
14772,722,0
14773,719,0
14774,719,0
14775,724,0
14776,717,0
14777,718,0
14778,730,0
14779,720,0
14780,726,0
14781,723,0
14782,715,0
14783,721,0
14784,727,0
14785,719,0
14786,728,0
14787,718,0
14788,731,0
14789,718,0
14790,720,0
14791,730,0
14792,730,0
14793,720,0
14794,731,0
14795,722,0
14796,716,0
14797,720,0
14798,710,0
14799,720,0
14800,718,0
14801,726,0
14802,717,0
14803,725,0
14804,717,0
14805,727,0
14806,719,0
14807,720,0
14808,717,0
14809,719,0
14810,721,0
14811,723,0
14812,723,0
14813,727,0
14814,720,0
14815,730,0
14816,722,0
14817,719,0
14818,717,0
14819,725,0
14820,719,0
14821,721,0
14822,724,0
14823,718,0
14824,723,0
14825,716,0
14826,719,0
14827,718,0
14828,730,0
14829,723,0
14830,719,0
14831,729,0
14832,718,0
14833,724,0
14834,722,0
14835,725,0
14836,715,0
14837,722,0
14838,732,0
14839,719,0
14840,727,0
14841,721,0
14842,725,0
14843,720,0
14844,720,0
14845,722,0
14846,728,0
14847,728,0
14848,715,0
14849,714,0
14850,726,0
14851,719,0
14852,719,0
14853,715,0
14854,732,0
14855,710,0
14856,721,0
14857,720,0
14858,724,0
14859,720,0
14860,713,0
14861,732,0
14862,712,0
14863,725,0
14864,724,0
14865,719,0
14866,723,0
14867,724,0
14868,725,0
14869,720,0
14870,722,0
14871,722,0
14872,720,0
14873,722,0
14874,719,0
14875,724,0
14876,729,0
14877,727,0
14878,722,0
14879,718,0
14880,725,0
14881,723,0
14882,720,0
14883,723,0
14884,722,0
14885,717,0
14886,714,0
14887,720,0
14888,725,0
14889,722,0
14890,716,0
14891,734,0
14892,727,0
14893,728,0
14894,725,0
14895,726,0
14896,722,0
14897,730,0
14898,721,0
14899,720,0
14900,715,0
14901,722,0
14902,724,0
14903,722,0
14904,720,0
14905,722,0
14906,716,0
14907,718,0
14908,720,0
14909,720,0
14910,725,0
14911,714,0
14912,719,0
14913,727,0
14914,722,0
14915,723,0
14916,724,0
14917,726,0
14918,722,0
14919,722,0
14920,728,0
14921,724,0
14922,722,0
14923,721,0
14924,722,0
14925,724,0
14926,713,0
14927,725,0
14928,715,0
14929,724,0
14930,724,0
14931,727,0
14932,728,0
14933,726,0
14934,723,0
14935,722,0
14936,725,0
14937,714,0
14938,729,0
14939,720,0
14940,717,0
14941,725,0
14942,721,0
14943,720,0
14944,722,0
14945,722,0
14946,723,0
14947,714,0
14948,731,0
14949,725,0
14950,725,0
14951,725,0
14952,729,0
14953,716,0
14954,718,0
14955,723,0
14956,725,0
14957,719,0
14958,723,0
14959,720,0
14960,726,0
14961,713,0
14962,724,0
14963,719,0
14964,719,0
14965,719,0
14966,723,0
14967,721,0
14968,726,0
14969,722,0
14970,722,0
14971,727,0
14972,724,0
14973,716,0
14974,721,0
14975,720,0
14976,720,0
14977,720,0
14978,726,0
14979,733,0
14980,729,0
14981,726,0
14982,729,0
14983,717,0
14984,716,0
14985,731,0
14986,725,0
14987,717,0
14988,716,0
14989,729,0
14990,724,0
14991,733,0
14992,728,0
14993,722,0
14994,719,0
14995,720,0
14996,723,0
14997,718,0
14998,717,0
14999,721,0
15000,718,0
15001,727,0
15002,720,0
15003,715,0
15004,720,0
15005,721,0
15006,721,0
15007,725,0
15008,720,0
15009,724,0
15010,714,0
15011,736,0
15012,724,0
15013,724,0
15014,720,0
15015,717,0
15016,725,0
15017,720,0
15018,724,0
15019,713,0
15020,723,0
15021,729,0
15022,723,0
15023,720,0
15024,730,0
15025,723,0
15026,722,0
15027,716,0
15028,722,0
15029,722,0
15030,711,0
15031,724,0
15032,723,0
15033,717,0
15034,732,0
15035,724,0
15036,731,0
15037,720,0
15038,723,0
15039,725,0
15040,718,0
15041,722,0
15042,722,0
15043,723,0
15044,717,0
15045,722,0
15046,718,0
15047,716,0
15048,720,0
15049,726,0
15050,719,0
15051,724,0
15052,728,0
15053,729,0
15054,717,0
15055,726,0
15056,721,0
15057,720,0
15058,724,0
15059,736,0
15060,727,0
15061,723,0
15062,715,0
15063,728,0
15064,717,0
15065,724,0
15066,730,0
15067,724,0
15068,726,0
15069,719,0
15070,727,0
15071,711,0
15072,725,0
15073,728,0
15074,726,0
15075,723,0
15076,728,0
15077,731,0
15078,721,0
15079,720,0
15080,724,0
15081,715,0
15082,722,0
15083,730,0
15084,725,0
15085,718,0
15086,727,0
15087,723,0
15088,728,0
15089,717,0
15090,732,0
15091,723,0
15092,725,0
15093,720,0
15094,711,0
15095,720,0
15096,721,0
15097,723,0
15098,727,0
15099,727,0
15100,717,0
15101,723,0
15102,724,0
15103,723,0
15104,722,0
15105,719,0
15106,731,0
15107,731,0
15108,723,0
15109,724,0
15110,719,0
15111,717,0
15112,720,0
15113,728,0
15114,719,0
15115,724,0
15116,730,0
15117,725,0
15118,727,0
15119,727,0
15120,718,0
15121,721,0
15122,709,0
15123,723,0
15124,718,0
15125,720,0
15126,719,0
15127,725,0
15128,721,0
15129,724,0
15130,732,0
15131,725,0
15132,725,0
15133,722,0
15134,723,0
15135,727,0
15136,720,0
15137,719,0
15138,723,0
15139,732,0
15140,719,0
15141,725,0
15142,719,0
15143,721,0
15144,725,0
15145,720,0
15146,717,0
15147,724,0
15148,721,0
15149,718,0
15150,731,0
15151,722,0
15152,722,0
15153,719,0
15154,713,0
15155,725,0
15156,721,0
15157,714,0
15158,720,0
15159,728,0
15160,722,0
15161,730,0
15162,718,0
15163,713,0
15164,725,0
15165,723,0
15166,723,0
15167,729,0
15168,719,0
15169,721,0
15170,718,0
15171,732,0
15172,723,0
15173,720,0
15174,721,0
15175,722,0
15176,719,0
15177,719,0
15178,717,0
15179,725,0
15180,721,0
15181,730,0
15182,726,0
15183,718,0
15184,719,0
15185,727,0
15186,717,0
15187,728,0
15188,724,0
15189,723,0
15190,719,0
15191,714,0
15192,716,0
15193,718,0
15194,723,0
15195,729,0
15196,721,0
15197,719,0
15198,724,0
15199,723,0
15200,721,0
15201,722,0
15202,722,0
15203,727,0
15204,720,0
15205,725,0
15206,735,0
15207,722,0
15208,726,0
15209,719,0
15210,727,0
15211,726,0
15212,719,0
15213,730,0
15214,724,0
15215,733,0
15216,720,0
15217,723,0
15218,723,0
15219,725,0
15220,732,0
15221,722,0
15222,717,0
15223,728,0
15224,717,0
15225,725,0
15226,723,0
15227,721,0
15228,723,0
15229,729,0
15230,722,0
15231,723,0
15232,723,0
15233,723,0
15234,717,0
15235,724,0
15236,726,0
15237,716,0
15238,722,0
15239,718,0
15240,725,0
15241,727,0
15242,719,0
15243,728,0
15244,723,0
15245,723,0
15246,721,0
15247,731,0
15248,719,0
15249,724,0
15250,728,0
15251,727,0
15252,726,0
15253,719,0
15254,719,0
15255,725,0
15256,727,0
15257,723,0
15258,726,0
15259,719,0
15260,716,0
15261,728,0
15262,725,0
15263,733,0
15264,729,0
15265,724,0
15266,716,0
15267,714,0
15268,717,0
15269,730,0
15270,718,0
15271,727,0
15272,721,0
15273,727,0
15274,733,0
15275,729,0
15276,720,0
15277,721,0
15278,723,0
15279,734,0
15280,722,0
15281,715,0
15282,725,0
15283,722,0
15284,725,0
15285,726,0
15286,716,0
15287,729,0
15288,720,0
15289,733,0
15290,725,0
15291,708,0
15292,718,0
15293,720,0
15294,723,0
15295,722,0
15296,725,0
15297,722,0
15298,722,0
15299,721,0
15300,724,0
15301,725,0
15302,723,0
15303,720,0
15304,720,0
15305,712,0
15306,725,0
15307,728,0
15308,717,0
15309,729,0
15310,727,0
15311,723,0
15312,722,0
15313,728,0
15314,723,0
15315,724,0
15316,721,0
15317,721,0
15318,719,0
15319,724,0
15320,725,0
15321,728,0
15322,724,0
15323,726,0
15324,728,0
15325,732,0
15326,727,0
15327,737,0
15328,720,0
15329,716,0
15330,732,0
15331,729,0
15332,720,0
15333,721,0
15334,729,0
15335,722,0
15336,728,0
15337,722,0
15338,731,0
15339,715,0
15340,731,0
15341,725,0
15342,721,0
15343,723,0
15344,723,0
15345,722,0
15346,732,0
15347,719,0
15348,730,0
15349,721,0
15350,718,0
15351,734,0
15352,719,0
15353,726,0
15354,731,0
15355,727,0
15356,717,0
15357,733,0
15358,720,0
15359,719,0
15360,721,0
15361,721,0
15362,728,0
15363,719,0
15364,721,0
15365,735,0
15366,723,0
15367,725,0
15368,720,0
15369,728,0
15370,736,0
15371,724,0
15372,721,0
15373,724,0
15374,726,0
15375,727,0
15376,727,0
15377,717,0
15378,714,0
15379,728,0
15380,734,0
15381,729,0
15382,721,0
15383,730,0
15384,730,0
15385,723,0
15386,718,0
15387,724,0
15388,725,0
15389,729,0
15390,717,0
15391,726,0
15392,727,0
15393,721,0
15394,721,0
15395,731,0
15396,727,0
15397,723,0
15398,722,0
15399,727,0
15400,726,0
15401,731,0
15402,719,0
15403,722,0
15404,725,0
15405,720,0
15406,723,0
15407,734,0
15408,718,0
15409,732,0
15410,714,0
15411,729,0
15412,728,0
15413,721,0
15414,725,0
15415,724,0
15416,718,0
15417,730,0
15418,721,0
15419,727,0
15420,724,0
15421,718,0
15422,723,0
15423,716,0
15424,715,0
15425,723,0
15426,726,0
15427,728,0
15428,728,0
15429,726,0
15430,730,0
15431,728,0
15432,720,0
15433,723,0
15434,726,0
15435,732,0
15436,727,0
15437,727,0
15438,717,0
15439,730,0
15440,731,0
15441,722,0
15442,725,0
15443,728,0
15444,725,0
15445,741,0
15446,722,0
15447,731,0
15448,719,0
15449,721,0
15450,718,0
15451,720,0
15452,721,0
15453,724,0
15454,731,0
15455,720,0
15456,727,0
15457,735,0
15458,730,0
15459,719,0
15460,734,0
15461,726,0
15462,725,0
15463,712,0
15464,722,0
15465,719,0
15466,724,0
15467,729,0
15468,720,0
15469,731,0
15470,722,0
15471,718,0
15472,717,0
15473,711,0
15474,725,0
15475,727,0
15476,715,0
15477,724,0
15478,726,0
15479,731,0
15480,724,0
15481,724,0
15482,717,0
15483,719,0
15484,730,0
15485,727,0
15486,717,0
15487,727,0
15488,727,0
15489,726,0
15490,724,0
15491,726,0
15492,724,0
15493,721,0
15494,719,0
15495,729,0
15496,732,0
15497,729,0
15498,722,0
15499,731,0
15500,723,0
15501,714,0
15502,726,0
15503,729,0
15504,725,0
15505,724,0
15506,729,0
15507,726,0
15508,728,0
15509,728,0
15510,720,0
15511,726,0
15512,723,0
15513,729,0
15514,732,0
15515,728,0
15516,734,0
15517,726,0
15518,736,0
15519,727,0
15520,726,0
15521,726,0
15522,726,0
15523,728,0
15524,723,0
15525,724,0
15526,720,0
15527,724,0
15528,729,0
15529,719,0
15530,724,0
15531,717,0
15532,722,0
15533,731,0
15534,718,0
15535,717,0
15536,720,0
15537,730,0
15538,728,0
15539,718,0
15540,727,0
15541,720,0
15542,726,0
15543,728,0
15544,724,0
15545,722,0
15546,725,0
15547,723,0
15548,721,0
15549,726,0
15550,724,0
15551,723,0
15552,725,0
15553,728,0
15554,735,0
15555,723,0
15556,720,0
15557,734,0
15558,722,0
15559,737,0
15560,727,0
15561,740,0
15562,726,0
15563,732,0
15564,719,0
15565,725,0
15566,724,0
15567,725,0
15568,729,0
15569,726,0
15570,727,0
15571,727,0
15572,726,0
15573,729,0
15574,731,0
15575,718,0
15576,725,0
15577,739,0
15578,725,0
15579,722,0
15580,726,0
15581,721,0
15582,729,0
15583,723,0
15584,723,0
15585,726,0
15586,733,0
15587,719,0
15588,724,0
15589,730,0
15590,720,0
15591,716,0
15592,724,0
15593,728,0
15594,724,0
15595,720,0
15596,726,0
15597,718,0
15598,734,0
15599,729,0
15600,737,0
15601,719,0
15602,727,0
15603,728,0
15604,723,0
15605,722,0
15606,727,0
15607,725,0
15608,735,0
15609,716,0
15610,720,0
15611,724,0
15612,727,0
15613,728,0
15614,725,0
15615,725,0
15616,736,0
15617,723,0
15618,725,0
15619,728,0
15620,728,0
15621,722,0
15622,728,0
15623,724,0
15624,730,0
15625,724,0
15626,719,0
15627,728,0
15628,727,0
15629,719,0
15630,735,0
15631,720,0
15632,732,0
15633,724,0
15634,728,0
15635,725,0
15636,727,0
15637,715,0
15638,731,0
15639,723,0
15640,721,0
15641,730,0
15642,719,0
15643,729,0
15644,730,0
15645,726,0
15646,722,0
15647,729,0
15648,727,0
15649,727,0
15650,725,0
15651,730,0
15652,725,0
15653,733,0
15654,723,0
15655,712,0
15656,726,0
15657,729,0
15658,716,0
15659,726,0
15660,722,0
15661,733,0
15662,727,0
15663,728,0
15664,735,0
15665,721,0
15666,720,0
15667,725,0
15668,721,0
15669,718,0
15670,725,0
15671,732,0
15672,735,0
15673,719,0
15674,734,0
15675,721,0
15676,725,0
15677,722,0
15678,729,0
15679,722,0
15680,726,0
15681,724,0
15682,719,0
15683,725,0
15684,719,0
15685,740,0
15686,726,0
15687,727,0
15688,726,0
15689,723,0
15690,718,0
15691,719,0
15692,733,0
15693,723,0
15694,729,0
15695,729,0
15696,727,0
15697,720,0
15698,720,0
15699,720,0
15700,725,0
15701,716,0
15702,721,0
15703,724,0
15704,724,0
15705,729,0
15706,718,0
15707,731,0
15708,724,0
15709,726,0
15710,719,0
15711,730,0
15712,725,0
15713,727,0
15714,733,0
15715,720,0
15716,726,0
15717,724,0
15718,729,0
15719,728,0
15720,724,0
15721,736,0
15722,727,0
15723,729,0
15724,726,0
15725,733,0
15726,729,0
15727,721,0
15728,718,0
15729,729,0
15730,725,0
15731,721,0
15732,726,0
15733,729,0
15734,728,0
15735,730,0
15736,728,0
15737,722,0
15738,727,0
15739,724,0
15740,726,0
15741,729,0
15742,725,0
15743,728,0
15744,718,0
15745,732,0
15746,728,0
15747,723,0
15748,724,0
15749,718,0
15750,729,0
15751,721,0
15752,730,0
15753,723,0
15754,723,0
15755,730,0
15756,717,0
15757,731,0
15758,721,0
15759,727,0
15760,727,0
15761,730,0
15762,730,0
15763,722,0
15764,724,0
15765,725,0
15766,724,0
15767,734,0
15768,731,0
15769,724,0
15770,724,0
15771,727,0
15772,724,0
15773,730,0
15774,730,0
15775,724,0
15776,720,0
15777,725,0
15778,727,0
15779,728,0
15780,721,0
15781,718,0
15782,722,0
15783,725,0
15784,733,0
15785,724,0
15786,734,0
15787,734,0
15788,727,0
15789,729,0
15790,723,0
15791,730,0
15792,732,0
15793,727,0
15794,725,0
15795,731,0
15796,727,0
15797,723,0
15798,736,0
15799,718,0
15800,721,0
15801,713,0
15802,729,0
15803,720,0
15804,720,0
15805,730,0
15806,728,0
15807,729,0
15808,722,0
15809,727,0
15810,733,0
15811,724,0
15812,727,0
15813,733,0
15814,716,0
15815,737,0
15816,723,0
15817,730,0
15818,719,0
15819,730,0
15820,730,0
15821,726,0
15822,719,0
15823,727,0
15824,731,0
15825,728,0
15826,724,0
15827,728,0
15828,728,0
15829,727,0
15830,726,0
15831,723,0
15832,719,0
15833,723,0
15834,728,0
15835,733,0
15836,728,0
15837,733,0
15838,732,0
15839,726,0
15840,719,0
15841,732,0
15842,726,0
15843,724,0
15844,727,0
15845,724,0
15846,723,0
15847,734,0
15848,725,0
15849,726,0
15850,736,0
15851,720,0
15852,729,0
15853,729,0
15854,723,0
15855,730,0
15856,721,0
15857,723,0
15858,721,0
15859,725,0
15860,722,0
15861,721,0
15862,730,0
15863,721,0
15864,724,0
15865,729,0
15866,721,0
15867,733,0
15868,725,0
15869,732,0
15870,732,0
15871,727,0
15872,728,0
15873,719,0
15874,722,0
15875,726,0
15876,731,0
15877,728,0
15878,728,0
15879,724,0
15880,725,0
15881,727,0
15882,735,0
15883,724,0
15884,734,0
15885,721,0
15886,730,0
15887,726,0
15888,719,0
15889,721,0
15890,728,0
15891,733,0
15892,721,0
15893,724,0
15894,733,0
15895,727,0
15896,734,0
15897,729,0
15898,726,0
15899,738,0
15900,728,0
15901,726,0
15902,726,0
15903,721,0
15904,730,0
15905,729,0
15906,730,0
15907,730,0
15908,726,0
15909,734,0
15910,724,0
15911,722,0
15912,737,0
15913,731,0
15914,722,0
15915,723,0
15916,724,0
15917,730,0
15918,731,0
15919,732,0
15920,740,0
15921,728,0
15922,723,0
15923,726,0
15924,731,0
15925,722,0
15926,724,0
15927,733,0
15928,729,0
15929,733,0
15930,733,0
15931,717,0
15932,717,0
15933,718,0
15934,727,0
15935,734,0
15936,717,0
15937,733,0
15938,735,0
15939,717,0
15940,727,0
15941,731,0
15942,728,0
15943,722,0
15944,722,0
15945,729,0
15946,732,0
15947,740,0
15948,728,0
15949,726,0
15950,729,0
15951,729,0
15952,733,0
15953,720,0
15954,721,0
15955,727,0
15956,729,0
15957,723,0
15958,727,0
15959,734,0
15960,730,0
15961,721,0
15962,728,0
15963,731,0
15964,733,0
15965,726,0
15966,726,0
15967,728,0
15968,732,0
15969,722,0
15970,724,0
15971,728,0
15972,730,0
15973,726,0
15974,733,0
15975,734,0
15976,722,0
15977,728,0
15978,733,0
15979,725,0
15980,721,0
15981,738,0
15982,725,0
15983,729,0
15984,719,0
15985,720,0
15986,729,0
15987,731,0
15988,728,0
15989,724,0
15990,730,0
15991,731,0
15992,721,0
15993,729,0
15994,727,0
15995,727,0
15996,726,0
15997,734,0
15998,728,0
15999,732,0
16000,723,0
16001,728,0
16002,732,0
16003,724,0
16004,724,0
16005,727,0
16006,722,0
16007,729,0
16008,731,0
16009,723,0
16010,729,0
16011,728,0
16012,725,0
16013,723,0
16014,715,0
16015,731,0
16016,728,0
16017,724,0
16018,736,0
16019,722,0
16020,729,0
16021,729,0
16022,730,0
16023,737,0
16024,729,0
16025,722,0
16026,720,0
16027,731,0
16028,722,0
16029,723,0
16030,721,0
16031,730,0
16032,720,0
16033,720,0
16034,725,0
16035,728,0
16036,726,0
16037,734,0
16038,725,0
16039,717,0
16040,730,0
16041,726,0
16042,735,0
16043,727,0
16044,717,0
16045,735,0
16046,728,0
16047,733,0
16048,731,0
16049,732,0
16050,737,0
16051,734,0
16052,735,0
16053,731,0
16054,728,0
16055,720,0
16056,733,0
16057,720,0
16058,732,0
16059,729,0
16060,733,0
16061,721,0
16062,725,0
16063,729,0
16064,721,0
16065,724,0
16066,728,0
16067,729,0
16068,732,0
16069,728,0
16070,729,0
16071,724,0
16072,727,0
16073,725,0
16074,728,0
16075,720,0
16076,728,0
16077,725,0
16078,727,0
16079,722,0
16080,732,0
16081,720,0
16082,720,0
16083,725,0
16084,727,0
16085,718,0
16086,728,0
16087,723,0
16088,727,0
16089,720,0
16090,727,0
16091,719,0
16092,725,0
16093,724,0
16094,733,0
16095,724,0
16096,719,0
16097,728,0
16098,736,0
16099,733,0
16100,724,0
16101,728,0
16102,736,0
16103,723,0
16104,725,0
16105,730,0
16106,723,0
16107,727,0
16108,723,0
16109,724,0
16110,731,0
16111,730,0
16112,721,0
16113,731,0
16114,733,0
16115,731,0
16116,721,0
16117,730,0
16118,723,0
16119,730,0
16120,731,0
16121,737,0
16122,727,0
16123,722,0
16124,728,0
16125,728,0
16126,733,0
16127,716,0
16128,721,0
16129,725,0
16130,725,0
16131,727,0
16132,729,0
16133,724,0
16134,724,0
16135,729,0
16136,738,0
16137,724,0
16138,735,0
16139,726,0
16140,734,0
16141,735,0
16142,726,0
16143,732,0
16144,730,0
16145,731,0
16146,723,0
16147,726,0
16148,733,0
16149,725,0
16150,730,0
16151,733,0
16152,724,0
16153,719,0
16154,722,0
16155,730,0
16156,734,0
16157,720,0
16158,724,0
16159,728,0
16160,728,0
16161,726,0
16162,720,0
16163,740,0
16164,732,0
16165,741,0
16166,732,0
16167,726,0
16168,727,0
16169,727,0
16170,732,0
16171,728,0
16172,736,0
16173,736,0
16174,734,0
16175,724,0
16176,730,0
16177,729,0
16178,732,0
16179,726,0
16180,732,0
16181,738,0
16182,726,0
16183,731,0
16184,737,0
16185,727,0
16186,728,0
16187,726,0
16188,727,0
16189,729,0
16190,723,0
16191,712,0
16192,722,0
16193,722,0
16194,718,0
16195,729,0
16196,721,0
16197,730,0
16198,726,0
16199,729,0
16200,726,0
16201,724,0
16202,729,0
16203,724,0
16204,729,0
16205,720,0
16206,735,0
16207,729,0
16208,732,0
16209,723,0
16210,727,0
16211,724,0
16212,731,0
16213,723,0
16214,726,0
16215,732,0
16216,729,0
16217,721,0
16218,732,0
16219,734,0
16220,729,0
16221,721,0
16222,727,0
16223,718,0
16224,730,0
16225,728,0
16226,731,0
16227,731,0
16228,729,0
16229,729,0
16230,733,0
16231,731,0
16232,728,0
16233,734,0
16234,730,0
16235,737,0
16236,722,0
16237,727,0
16238,730,0
16239,725,0
16240,732,0
16241,721,0
16242,727,0
16243,723,0
16244,731,0
16245,733,0
16246,740,0
16247,735,0
16248,733,0
16249,726,0
16250,726,0
16251,722,0
16252,733,0
16253,737,0
16254,724,0
16255,725,0
16256,727,0
16257,718,0
16258,732,0
16259,723,0
16260,723,0
16261,726,0
16262,719,0
16263,728,0
16264,731,0
16265,732,0
16266,731,0
16267,729,0
16268,735,0
16269,729,0
16270,724,0
16271,724,0
16272,732,0
16273,733,0
16274,724,0
16275,728,0
16276,724,0
16277,731,0
16278,725,0
16279,733,0
16280,718,0
16281,727,0
16282,725,0
16283,727,0
16284,726,0
16285,726,0
16286,725,0
16287,726,0
16288,736,0
16289,730,0
16290,735,0
16291,731,0
16292,733,0
16293,725,0
16294,723,0
16295,721,0
16296,728,0
16297,730,0
16298,728,0
16299,725,0
16300,725,0
16301,730,0
16302,729,0
16303,727,0
16304,729,0
16305,739,0
16306,728,0
16307,726,0
16308,728,0
16309,732,0
16310,736,0
16311,732,0
16312,736,0
16313,727,0
16314,734,0
16315,729,0
16316,731,0
16317,726,0
16318,731,0
16319,726,0
16320,723,0
16321,736,0
16322,718,0
16323,719,0
16324,720,0
16325,723,0
16326,724,0
16327,737,0
16328,727,0
16329,723,0
16330,724,0
16331,723,0
16332,726,0
16333,731,0
16334,721,0
16335,717,0
16336,730,0
16337,727,0
16338,728,0
16339,730,0
16340,719,0
16341,724,0
16342,732,0
16343,727,0
16344,724,0
16345,736,0
16346,714,0
16347,721,0
16348,728,0
16349,728,0
16350,732,0
16351,734,0
16352,730,0
16353,723,0
16354,733,0
16355,724,0
16356,730,0
16357,731,0
16358,728,0
16359,732,0
16360,725,0
16361,717,0
16362,738,0
16363,725,0
16364,718,0
16365,738,0
16366,720,0
16367,726,0
16368,736,0
16369,737,0
16370,736,0
16371,724,0
16372,731,0
16373,730,0
16374,730,0
16375,724,0
16376,719,0
16377,728,0
16378,721,0
16379,734,0
16380,727,0
16381,726,0
16382,729,0
16383,731,0
16384,732,0
16385,722,0
16386,726,0
16387,732,0
16388,730,0
16389,736,0
16390,727,0
16391,724,0
16392,724,0
16393,728,0
16394,729,0
16395,729,0
16396,725,0
16397,733,0
16398,727,0
16399,739,0
16400,733,0
16401,735,0
16402,727,0
16403,737,0
16404,722,0
16405,724,0
16406,730,0
16407,728,0
16408,728,0
16409,735,0
16410,726,0
16411,718,0
16412,731,0
16413,732,0
16414,734,0
16415,725,0
16416,722,0
16417,723,0
16418,719,0
16419,730,0
16420,735,0
16421,733,0
16422,728,0
16423,722,0
16424,732,0
16425,726,0
16426,723,0
16427,727,0
16428,732,0
16429,727,0
16430,730,0
16431,729,0
16432,729,0
16433,733,0
16434,738,0
16435,728,0
16436,730,0
16437,723,0
16438,725,0
16439,721,0
16440,728,0
16441,737,0
16442,736,0
16443,729,0
16444,725,0
16445,730,0
16446,725,0
16447,733,0
16448,731,0
16449,723,0
16450,727,0
16451,727,0
16452,730,0
16453,730,0
16454,730,0
16455,734,0
16456,729,0
16457,734,0
16458,729,0
16459,731,0
16460,732,0
16461,730,0
16462,723,0
16463,723,0
16464,733,0
16465,733,0
16466,736,0
16467,742,0
16468,733,0
16469,730,0
16470,736,0
16471,731,0
16472,734,0
16473,727,0
16474,737,0
16475,731,0
16476,725,0
16477,724,0
16478,734,0
16479,727,0
16480,729,0
16481,728,0
16482,728,0
16483,732,0
16484,725,0
16485,732,0
16486,727,0
16487,731,0
16488,733,0
16489,731,0
16490,728,0
16491,730,0
16492,736,0
16493,725,0
16494,730,0
16495,723,0
16496,726,0
16497,729,0
16498,726,0
16499,732,0
16500,729,0
16501,729,0
16502,727,0
16503,727,0
16504,729,0
16505,735,0
16506,724,0
16507,731,0
16508,720,0
16509,725,0
16510,726,0
16511,731,0
16512,730,0
16513,732,0
16514,734,0
16515,732,0
16516,732,0
16517,734,0
16518,733,0
16519,733,0
16520,738,0
16521,735,0
16522,719,0
16523,735,0
16524,730,0
16525,736,0
16526,721,0
16527,728,0
16528,726,0
16529,721,0
16530,725,0
16531,734,0
16532,725,0
16533,723,0
16534,723,0
16535,728,0
16536,732,0
16537,732,0
16538,728,0
16539,730,0
16540,736,0
16541,737,0
16542,728,0
16543,729,0
16544,734,0
16545,728,0
16546,739,0
16547,724,0
16548,726,0
16549,728,0
16550,744,0
16551,731,0
16552,715,0
16553,733,0
16554,728,0
16555,732,0
16556,735,0
16557,729,0
16558,730,0
16559,735,0
16560,734,0
16561,731,0
16562,730,0
16563,726,0
16564,733,0
16565,735,0
16566,727,0
16567,727,0
16568,726,0
16569,730,0
16570,731,0
16571,729,0
16572,726,0
16573,727,0
16574,730,0
16575,731,0
16576,726,0
16577,727,0
16578,736,0
16579,723,0
16580,732,0
16581,728,0
16582,722,0
16583,726,0
16584,727,0
16585,731,0
16586,727,0
16587,721,0
16588,730,0
16589,730,0
16590,733,0
16591,729,0
16592,733,0
16593,733,0
16594,726,0
16595,722,0
16596,735,0
16597,733,0
16598,731,0
16599,732,0
16600,727,0
16601,723,0
16602,729,0
16603,733,0
16604,732,0
16605,729,0
16606,727,0
16607,735,0
16608,733,0
16609,732,0
16610,733,0
16611,729,0
16612,727,0
16613,728,0
16614,726,0
16615,731,0
16616,729,0
16617,733,0
16618,718,0
16619,724,0
16620,727,0
16621,724,0
16622,734,0
16623,729,0
16624,726,0
16625,732,0
16626,734,0
16627,722,0
16628,731,0
16629,719,0
16630,732,0
16631,721,0
16632,729,0
16633,730,0
16634,735,0
16635,728,0
16636,726,0
16637,727,0
16638,725,0
16639,726,0
16640,728,0
16641,725,0
16642,736,0
16643,740,0
16644,729,0
16645,731,0
16646,730,0
16647,718,0
16648,728,0
16649,730,0
16650,733,0
16651,722,0
16652,728,0
16653,736,0
16654,732,0
16655,727,0
16656,729,0
16657,732,0
16658,727,0
16659,719,0
16660,722,0
16661,730,0
16662,735,0
16663,730,0
16664,730,0
16665,736,0
16666,734,0
16667,730,0
16668,728,0
16669,719,0
16670,730,0
16671,732,0
16672,739,0
16673,725,0
16674,730,0
16675,727,0
16676,723,0
16677,729,0
16678,729,0
16679,734,0
16680,716,0
16681,730,0
16682,736,0
16683,724,0
16684,740,0
16685,733,0
16686,727,0
16687,731,0
16688,724,0
16689,731,0
16690,726,0
16691,729,0
16692,735,0
16693,730,0
16694,743,0
16695,728,0
16696,734,0
16697,732,0
16698,726,0
16699,728,0
16700,719,0
16701,721,0
16702,733,0
16703,728,0
16704,734,0
16705,729,0
16706,730,0
16707,723,0
16708,723,0
16709,734,0
16710,727,0
16711,731,0
16712,732,0
16713,724,0
16714,731,0
16715,730,0
16716,724,0
16717,729,0
16718,725,0
16719,733,0
16720,730,0
16721,738,0
16722,725,0
16723,731,0
16724,731,0
16725,727,0
16726,724,0
16727,731,0
16728,724,0
16729,731,0
16730,730,0
16731,734,0
16732,728,0
16733,739,0
16734,739,0
16735,738,0
16736,726,0
16737,729,0
16738,729,0
16739,733,0
16740,731,0
16741,742,0
16742,724,0
16743,739,0
16744,733,0
16745,732,0
16746,739,0
16747,731,0
16748,724,0
16749,740,0
16750,737,0
16751,737,0
16752,729,0
16753,736,0
16754,730,0
16755,724,0
16756,736,0
16757,725,0
16758,727,0
16759,734,0
16760,735,0
16761,730,0
16762,728,0
16763,727,0
16764,724,0
16765,725,0
16766,727,0
16767,727,0
16768,734,0
16769,736,0
16770,729,0
16771,733,0
16772,732,0
16773,730,0
16774,733,0
16775,728,0
16776,725,0
16777,732,0
16778,741,0
16779,732,0
16780,735,0
16781,728,0
16782,725,0
16783,733,0
16784,734,0
16785,732,0
16786,730,0
16787,730,0
16788,732,0
16789,729,0
16790,735,0
16791,730,0
16792,723,0
16793,738,0
16794,736,0
16795,726,0
16796,728,0
16797,735,0
16798,730,0
16799,731,0
16800,734,0
16801,730,0
16802,734,0
16803,735,0
16804,722,0
16805,735,0
16806,729,0
16807,739,0
16808,734,0
16809,733,0
16810,730,0
16811,730,0
16812,734,0
16813,731,0
16814,722,0
16815,726,0
16816,725,0
16817,731,0
16818,722,0
16819,734,0
16820,719,0
16821,737,0
16822,722,0
16823,721,0
16824,730,0
16825,732,0
16826,729,0
16827,729,0
16828,740,0
16829,726,0
16830,728,0
16831,737,0
16832,729,0
16833,729,0
16834,737,0
16835,737,0
16836,736,0
16837,732,0
16838,735,0
16839,731,0
16840,729,0
16841,735,0
16842,730,0
16843,739,0
16844,719,0
16845,722,0
16846,730,0
16847,727,0
16848,730,0
16849,735,0
16850,724,0
16851,736,0
16852,723,0
16853,739,0
16854,731,0
16855,730,0
16856,732,0
16857,734,0
16858,724,0
16859,732,0
16860,735,0
16861,727,0
16862,728,0
16863,726,0
16864,730,0
16865,729,0
16866,728,0
16867,732,0
16868,734,0
16869,734,0
16870,739,0
16871,723,0
16872,723,0
16873,736,0
16874,734,0
16875,727,0
16876,734,0
16877,734,0
16878,734,0
16879,726,0
16880,728,0
16881,736,0
16882,729,0
16883,732,0
16884,733,0
16885,737,0
16886,728,0
16887,731,0
16888,729,0
16889,736,0
16890,730,0
16891,736,0
16892,734,0
16893,738,0
16894,727,0
16895,719,0
16896,730,0
16897,734,0
16898,727,0
16899,726,0
16900,735,0
16901,731,0
16902,733,0
16903,728,0
16904,723,0
16905,732,0
16906,726,0
16907,731,0
16908,734,0
16909,731,0
16910,728,0
16911,720,0
16912,738,0
16913,728,0
16914,727,0
16915,735,0
16916,731,0
16917,736,0
16918,732,0
16919,732,0
16920,735,0
16921,730,0
16922,728,0
16923,732,0
16924,732,0
16925,733,0
16926,732,0
16927,730,0
16928,721,0
16929,730,0
16930,733,0
16931,726,0
16932,736,0
16933,732,0
16934,733,0
16935,729,0
16936,736,0
16937,721,0
16938,735,0
16939,720,0
16940,723,0
16941,735,0
16942,725,0
16943,723,0
16944,728,0
16945,729,0
16946,726,0
16947,731,0
16948,740,0
16949,722,0
16950,734,0
16951,733,0
16952,737,0
16953,735,0
16954,732,0
16955,721,0
16956,735,0
16957,723,0
16958,736,0
16959,733,0
16960,730,0
16961,731,0
16962,732,0
16963,724,0
16964,726,0
16965,725,0
16966,727,0
16967,725,0
16968,718,0
16969,733,0
16970,735,0
16971,734,0
16972,735,0
16973,735,0
16974,735,0
16975,735,0
16976,730,0
16977,731,0
16978,736,0
16979,727,0
16980,733,0
16981,733,0
16982,727,0
16983,728,0
16984,735,0
16985,729,0
16986,730,0
16987,735,0
16988,730,0
16989,736,0
16990,718,0
16991,727,0
16992,736,0
16993,737,0
16994,727,0
16995,726,0
16996,735,0
16997,729,0
16998,734,0
16999,723,0
17000,730,0
17001,729,0
17002,732,0
17003,730,0
17004,732,0
17005,736,0
17006,730,0
17007,737,0
17008,733,0
17009,735,0
17010,739,0
17011,721,0
17012,730,0
17013,736,0
17014,724,0
17015,726,0
17016,734,0
17017,724,0
17018,739,0
17019,729,0
17020,732,0
17021,725,0
17022,721,0
17023,735,0
17024,736,0
17025,736,0
17026,744,0
17027,731,0
17028,728,0
17029,732,0
17030,726,0
17031,730,0
17032,732,0
17033,740,0
17034,738,0
17035,738,0
17036,733,0
17037,731,0
17038,730,0
17039,733,0
17040,733,0
17041,736,0
17042,731,0
17043,737,0
17044,727,0
17045,732,0
17046,721,0
17047,727,0
17048,722,0
17049,731,0
17050,729,0
17051,729,0
17052,729,0
17053,724,0
17054,723,0
17055,732,0
17056,725,0
17057,728,0
17058,736,0
17059,736,0
17060,728,0
17061,730,0
17062,737,0
17063,734,0
17064,742,0
17065,731,0
17066,734,0
17067,733,0
17068,728,0
17069,732,0
17070,734,0
17071,729,0
17072,727,0
17073,727,0
17074,728,0
17075,735,0
17076,732,0
17077,720,0
17078,730,0
17079,733,0
17080,723,0
17081,743,0
17082,741,0
17083,733,0
17084,727,0
17085,728,0
17086,734,0
17087,734,0
17088,732,0
17089,726,0
17090,732,0
17091,736,0
17092,734,0
17093,727,0
17094,727,0
17095,732,0
17096,735,0
17097,741,0
17098,730,0
17099,730,0
17100,733,0
17101,728,0
17102,724,0
17103,732,0
17104,733,0
17105,731,0
17106,726,0
17107,736,0
17108,728,0
17109,723,0
17110,739,0
17111,727,0
17112,726,0
17113,737,0
17114,745,0
17115,726,0
17116,725,0
17117,731,0
17118,739,0
17119,720,0
17120,732,0
17121,732,0
17122,738,0
17123,732,0
17124,729,0
17125,734,0
17126,735,0
17127,731,0
17128,742,0
17129,727,0
17130,734,0
17131,725,0
17132,724,0
17133,731,0
17134,727,0
17135,730,0
17136,733,0
17137,725,0
17138,731,0
17139,731,0
17140,724,0
17141,730,0
17142,723,0
17143,732,0
17144,729,0
17145,738,0
17146,740,0
17147,736,0
17148,727,0
17149,722,0
17150,729,0
17151,737,0
17152,729,0
17153,734,0
17154,730,0
17155,732,0
17156,731,0
17157,722,0
17158,737,0
17159,726,0
17160,727,0
17161,729,0
17162,723,0
17163,731,0
17164,733,0
17165,728,0
17166,734,0
17167,736,0
17168,733,0
17169,727,0
17170,724,0
17171,726,0
17172,730,0
17173,732,0
17174,737,0
17175,719,0
17176,741,0
17177,728,0
17178,723,0
17179,720,0
17180,741,0
17181,741,0
17182,732,0
17183,733,0
17184,731,0
17185,736,0
17186,730,0
17187,731,0
17188,732,0
17189,729,0
17190,733,0
17191,730,0
17192,722,0
17193,736,0
17194,736,0
17195,727,0
17196,737,0
17197,737,0
17198,735,0
17199,730,0
17200,731,0
17201,722,0
17202,732,0
17203,727,0
17204,730,0
17205,724,0
17206,731,0
17207,737,0
17208,726,0
17209,728,0
17210,734,0
17211,733,0
17212,736,0
17213,737,0
17214,735,0
17215,737,0
17216,734,0
17217,724,0
17218,731,0
17219,743,0
17220,725,0
17221,728,0
17222,737,0
17223,735,0
17224,730,0
17225,723,0
17226,738,0
17227,735,0
17228,730,0
17229,721,0
17230,729,0
17231,731,0
17232,728,0
17233,740,0
17234,717,0
17235,737,0
17236,735,0
17237,732,0
17238,740,0
17239,740,0
17240,730,0
17241,727,0
17242,725,0
17243,723,0
17244,737,0
17245,730,0
17246,730,0
17247,722,0
17248,729,0
17249,728,0
17250,731,0
17251,731,0
17252,730,0
17253,740,0
17254,731,0
17255,735,0
17256,728,0
17257,739,0
17258,738,0
17259,731,0
17260,735,0
17261,731,0
17262,730,0
17263,732,0
17264,737,0
17265,734,0
17266,730,0
17267,749,0
17268,727,0
17269,730,0
17270,733,0
17271,745,0
17272,737,0
17273,737,0
17274,733,0
17275,734,0
17276,737,0
17277,734,0
17278,731,0
17279,730,0
17280,739,0
17281,726,0
17282,732,0
17283,737,0
17284,728,0
17285,725,0
17286,721,0
17287,728,0
17288,728,0
17289,735,0
17290,735,0
17291,723,0
17292,740,0
17293,735,0
17294,737,0
17295,732,0
17296,734,0
17297,735,0
17298,733,0
17299,730,0
17300,734,0
17301,735,0
17302,733,0
17303,735,0
17304,729,0
17305,734,0
17306,738,0
17307,726,0
17308,728,0
17309,737,0
17310,740,0
17311,728,0
17312,724,0
17313,736,0
17314,724,0
17315,732,0
17316,730,0
17317,729,0
17318,725,0
17319,727,0
17320,725,0
17321,736,0
17322,737,0
17323,731,0
17324,738,0
17325,728,0
17326,730,0
17327,729,0
17328,735,0
17329,730,0
17330,730,0
17331,731,0
17332,743,0
17333,732,0
17334,726,0
17335,733,0
17336,736,0
17337,730,0
17338,738,0
17339,724,0
17340,732,0
17341,733,0
17342,730,0
17343,736,0
17344,727,0
17345,740,0
17346,723,0
17347,735,0
17348,731,0
17349,727,0
17350,734,0
17351,733,0
17352,735,0
17353,726,0
17354,733,0
17355,735,0
17356,735,0
17357,731,0
17358,729,0
17359,731,0
17360,724,0
17361,735,0
17362,736,0
17363,731,0
17364,731,0
17365,727,0
17366,732,0
17367,737,0
17368,734,0
17369,732,0
17370,726,0
17371,728,0
17372,726,0
17373,727,0
17374,726,0
17375,743,0
17376,733,0
17377,737,0
17378,729,0
17379,737,0
17380,731,0
17381,739,0
17382,734,0
17383,735,0
17384,733,0
17385,743,0
17386,730,0
17387,718,0
17388,733,0
17389,738,0
17390,737,0
17391,731,0
17392,725,0
17393,736,0
17394,727,0
17395,734,0
17396,737,0
17397,728,0
17398,726,0
17399,730,0
17400,721,0
17401,730,0
17402,730,0
17403,733,0
17404,737,0
17405,742,0
17406,733,0
17407,738,0
17408,733,0
17409,732,0
17410,725,0
17411,725,0
17412,728,0
17413,733,0
17414,730,0
17415,735,0
17416,738,0
17417,725,0
17418,729,0
17419,730,0
17420,732,0
17421,733,0
17422,730,0
17423,722,0
17424,736,0
17425,734,0
17426,730,0
17427,731,0
17428,731,0
17429,734,0
17430,728,0
17431,735,0
17432,723,0
17433,735,0
17434,730,0
17435,743,0
17436,731,0
17437,732,0
17438,733,0
17439,725,0
17440,734,0
17441,743,0
17442,740,0
17443,735,0
17444,725,0
17445,740,0
17446,741,0
17447,736,0
17448,733,0
17449,728,0
17450,725,0
17451,734,0
17452,729,0
17453,738,0
17454,726,0
17455,729,0
17456,732,0
17457,733,0
17458,725,0
17459,726,0
17460,738,0
17461,723,0
17462,733,0
17463,729,0
17464,727,0
17465,734,0
17466,738,0
17467,731,0
17468,734,0
17469,728,0
17470,730,0
17471,730,0
17472,742,0
17473,733,0
17474,725,0
17475,732,0
17476,734,0
17477,736,0
17478,731,0
17479,726,0
17480,726,0
17481,733,0
17482,732,0
17483,731,0
17484,727,0
17485,737,0
17486,721,0
17487,732,0
17488,738,0
17489,737,0
17490,736,0
17491,736,0
17492,732,0
17493,741,0
17494,735,0
17495,732,0
17496,734,0
17497,733,0
17498,737,0
17499,742,0
17500,735,0
17501,734,0
17502,742,0
17503,734,0
17504,730,0
17505,736,0
17506,733,0
17507,728,0
17508,734,0
17509,731,0
17510,735,0
17511,733,0
17512,736,0
17513,730,0
17514,738,0
17515,731,0
17516,737,0
17517,738,0
17518,733,0
17519,734,0
17520,732,0
17521,731,0
17522,731,0
17523,725,0
17524,737,0
17525,744,0
17526,730,0
17527,735,0
17528,732,0
17529,737,0
17530,727,0
17531,733,0
17532,730,0
17533,733,0
17534,736,0
17535,727,0
17536,723,0
17537,726,0
17538,730,0
17539,729,0
17540,727,0
17541,734,0
17542,738,0
17543,734,0
17544,726,0
17545,732,0
17546,730,0
17547,736,0
17548,727,0
17549,730,0
17550,734,0
17551,731,0
17552,734,0
17553,737,0
17554,734,0
17555,734,0
17556,741,0
17557,739,0
17558,737,0
17559,727,0
17560,730,0
17561,725,0
17562,727,0
17563,732,0
17564,733,0
17565,736,0
17566,726,0
17567,741,0
17568,735,0
17569,725,0
17570,727,0
17571,733,0
17572,736,0
17573,722,0
17574,732,0
17575,729,0
17576,745,0
17577,732,0
17578,729,0
17579,738,0
17580,731,0
17581,729,0
17582,723,0
17583,738,0
17584,731,0
17585,735,0
17586,735,0
17587,731,0
17588,737,0
17589,733,0
17590,739,0
17591,721,0
17592,727,0
17593,733,0
17594,727,0
17595,725,0
17596,739,0
17597,737,0
17598,737,0
17599,733,0
17600,739,0
17601,733,0
17602,730,0
17603,735,0
17604,738,0
17605,737,0
17606,741,0
17607,731,0
17608,747,0
17609,727,0
17610,731,0
17611,740,0
17612,738,0
17613,726,0
17614,731,0
17615,726,0
17616,739,0
17617,732,0
17618,739,0
17619,726,0
17620,730,0
17621,729,0
17622,733,0
17623,732,0
17624,735,0
17625,739,0
17626,739,0
17627,734,0
17628,733,0
17629,741,0
17630,734,0
17631,736,0
17632,735,0
17633,736,0
17634,742,0
17635,730,0
17636,736,0
17637,741,0
17638,731,0
17639,731,0
17640,736,0
17641,736,0
17642,731,0
17643,735,0
17644,729,0
17645,735,0
17646,732,0
17647,737,0
17648,733,0
17649,732,0
17650,728,0
17651,736,0
17652,741,0
17653,730,0
17654,732,0
17655,735,0
17656,731,0
17657,726,0
17658,738,0
17659,731,0
17660,738,0
17661,728,0
17662,733,0
17663,725,0
17664,728,0
17665,734,0
17666,735,0
17667,730,0
17668,734,0
17669,740,0
17670,734,0
17671,740,0
17672,733,0
17673,742,0
17674,732,0
17675,728,0
17676,725,0
17677,737,0
17678,732,0
17679,741,0
17680,731,0
17681,735,0
17682,725,0
17683,732,0
17684,737,0
17685,735,0
17686,734,0
17687,736,0
17688,740,0
17689,731,0
17690,738,0
17691,735,0
17692,733,0
17693,727,0
17694,736,0
17695,732,0
17696,728,0
17697,740,0
17698,725,0
17699,724,0
17700,733,0
17701,735,0
17702,742,0
17703,725,0
17704,733,0
17705,733,0
17706,741,0
17707,732,0
17708,737,0
17709,736,0
17710,739,0
17711,741,0
17712,740,0
17713,735,0
17714,731,0
17715,730,0
17716,739,0
17717,733,0
17718,734,0
17719,741,0
17720,738,0
17721,739,0
17722,732,0
17723,727,0
17724,735,0
17725,735,0
17726,729,0
17727,737,0
17728,728,0
17729,724,0
17730,743,0
17731,728,0
17732,743,0
17733,743,0
17734,739,0
17735,736,0
17736,724,0
17737,733,0
17738,730,0
17739,729,0
17740,733,0
17741,744,0
17742,731,0
17743,739,0
17744,735,0
17745,733,0
17746,730,0
17747,734,0
17748,744,0
17749,730,0
17750,731,0
17751,725,0
17752,732,0
17753,727,0
17754,727,0
17755,728,0
17756,736,0
17757,723,0
17758,736,0
17759,727,0
17760,728,0
17761,732,0
17762,731,0
17763,735,0
17764,738,0
17765,727,0
17766,732,0
17767,735,0
17768,732,0
17769,728,0
17770,741,0
17771,744,0
17772,735,0
17773,734,0
17774,739,0
17775,733,0
17776,733,0
17777,732,0
17778,729,0
17779,737,0
17780,732,0
17781,735,0
17782,738,0
17783,733,0
17784,734,0
17785,731,0
17786,734,0
17787,730,0
17788,723,0
17789,727,0
17790,732,0
17791,737,0
17792,728,0
17793,736,0
17794,743,0
17795,744,0
17796,730,0
17797,743,0
17798,739,0
17799,740,0
17800,728,0
17801,734,0
17802,727,0
17803,744,0
17804,734,0
17805,729,0
17806,734,0
17807,734,0
17808,736,0
17809,726,0
17810,728,0
17811,728,0
17812,732,0
17813,734,0
17814,736,0
17815,731,0
17816,736,0
17817,731,0
17818,742,0
17819,741,0
17820,734,0
17821,734,0
17822,730,0
17823,738,0
17824,736,0
17825,734,0
17826,729,0
17827,735,0
17828,742,0
17829,735,0
17830,732,0
17831,736,0
17832,727,0
17833,736,0
17834,738,0
17835,739,0
17836,739,0
17837,732,0
17838,735,0
17839,734,0
17840,729,0
17841,732,0
17842,730,0
17843,734,0
17844,733,0
17845,737,0
17846,731,0
17847,736,0
17848,739,0
17849,735,0
17850,738,0
17851,731,0
17852,731,0
17853,730,0
17854,728,0
17855,731,0
17856,731,0
17857,737,0
17858,731,0
17859,738,0
17860,733,0
17861,731,0
17862,719,0
17863,731,0
17864,735,0
17865,743,0
17866,733,0
17867,731,0
17868,728,0
17869,738,0
17870,745,0
17871,737,0
17872,739,0
17873,739,0
17874,740,0
17875,738,0
17876,736,0
17877,733,0
17878,733,0
17879,737,0
17880,729,0
17881,735,0
17882,743,0
17883,727,0
17884,735,0
17885,741,0
17886,723,0
17887,729,0
17888,737,0
17889,734,0
17890,726,0
17891,731,0
17892,729,0
17893,729,0
17894,741,0
17895,734,0
17896,737,0
17897,745,0
17898,733,0
17899,737,0
17900,736,0
17901,732,0
17902,740,0
17903,730,0
17904,736,0
17905,732,0
17906,726,0
17907,729,0
17908,737,0
17909,739,0
17910,734,0
17911,727,0
17912,732,0
17913,737,0
17914,742,0
17915,740,0
17916,732,0
17917,740,0
17918,737,0
17919,737,0
17920,734,0
17921,731,0
17922,736,0
17923,735,0
17924,730,0
17925,741,0
17926,736,0
17927,734,0
17928,739,0
17929,734,0
17930,735,0
17931,736,0
17932,742,0
17933,732,0
17934,735,0
17935,735,0
17936,732,0
17937,731,0
17938,744,0
17939,746,0
17940,734,0
17941,736,0
17942,736,0
17943,733,0
17944,724,0
17945,733,0
17946,744,0
17947,743,0
17948,726,0
17949,742,0
17950,738,0
17951,720,0
17952,735,0
17953,738,0
17954,738,0
17955,739,0
17956,730,0
17957,735,0
17958,729,0
17959,741,0
17960,738,0
17961,731,0
17962,738,0
17963,738,0
17964,725,0
17965,734,0
17966,731,0
17967,730,0
17968,728,0
17969,737,0
17970,737,0
17971,727,0
17972,736,0
17973,735,0
17974,740,0
17975,734,0
17976,739,0
17977,735,0
17978,741,0
17979,734,0
17980,734,0
17981,734,0
17982,730,0
17983,724,0
17984,731,0
17985,744,0
17986,734,0
17987,728,0
17988,736,0
17989,737,0
17990,731,0
17991,735,0
17992,738,0
17993,731,0
17994,735,0
17995,725,0
17996,739,0
17997,738,0
17998,734,0
17999,742,0
18000,730,0
18001,739,0
18002,737,0
18003,731,0
18004,740,0
18005,737,0
18006,739,0
18007,734,0
18008,739,0
18009,735,0
18010,730,0
18011,737,0
18012,735,0
18013,736,0
18014,736,0
18015,733,0
18016,733,0
18017,739,0
18018,738,0
18019,738,0
18020,732,0
18021,740,0
18022,742,0
18023,732,0
18024,729,0
18025,728,0
18026,737,0
18027,733,0
18028,731,0
18029,736,0
18030,732,0
18031,732,0
18032,738,0
18033,728,0
18034,737,0
18035,738,0
18036,737,0
18037,733,0
18038,734,0
18039,737,0
18040,726,0
18041,728,0
18042,728,0
18043,736,0
18044,733,0
18045,732,0
18046,738,0
18047,746,0
18048,736,0
18049,745,0
18050,736,0
18051,735,0
18052,735,0
18053,739,0
18054,736,0
18055,731,0
18056,732,0
18057,735,0
18058,738,0
18059,737,0
18060,731,0
18061,724,0
18062,736,0
18063,739,0
18064,739,0
18065,735,0
18066,736,0
18067,740,0
18068,739,0
18069,735,0
18070,731,0
18071,727,0
18072,740,0
18073,737,0
18074,728,0
18075,736,0
18076,734,0
18077,730,0
18078,735,0
18079,738,0
18080,732,0
18081,731,0
18082,732,0
18083,732,0
18084,742,0
18085,737,0
18086,742,0
18087,733,0
18088,742,0
18089,732,0
18090,739,0
18091,737,0
18092,735,0
18093,737,0
18094,737,0
18095,730,0
18096,737,0
18097,734,0
18098,737,0
18099,732,0
18100,739,0
18101,738,0
18102,739,0
18103,742,0
18104,732,0
18105,729,0
18106,742,0
18107,730,0
18108,743,0
18109,740,0
18110,740,0
18111,735,0
18112,735,0
18113,731,0
18114,740,0
18115,733,0
18116,735,0
18117,747,0
18118,732,0
18119,723,0
18120,730,0
18121,735,0
18122,735,0
18123,741,0
18124,737,0
18125,738,0
18126,734,0
18127,737,0
18128,737,0
18129,738,0
18130,736,0
18131,734,0
18132,733,0
18133,734,0
18134,735,0
18135,726,0
18136,734,0
18137,740,0
18138,742,0
18139,732,0
18140,734,0
18141,734,0
18142,741,0
18143,740,0
18144,733,0
18145,734,0
18146,728,0
18147,731,0
18148,721,0
18149,736,0
18150,730,0
18151,732,0
18152,732,0
18153,728,0
18154,733,0
18155,735,0
18156,739,0
18157,729,0
18158,738,0
18159,737,0
18160,739,0
18161,734,0
18162,737,0
18163,728,0
18164,729,0
18165,730,0
18166,741,0
18167,740,0
18168,727,0
18169,733,0
18170,734,0
18171,737,0
18172,734,0
18173,737,0
18174,733,0
18175,743,0
18176,743,0
18177,731,0
18178,740,0
18179,726,0
18180,733,0
18181,741,0
18182,739,0
18183,738,0
18184,732,0
18185,724,0
18186,735,0
18187,741,0
18188,748,0
18189,743,0
18190,735,0
18191,735,0
18192,731,0
18193,737,0
18194,731,0
18195,724,0
18196,734,0
18197,737,0
18198,734,0
18199,734,0
18200,736,0
18201,739,0
18202,734,0
18203,738,0
18204,734,0
18205,736,0
18206,731,0
18207,734,0
18208,732,0
18209,734,0
18210,737,0
18211,735,0
18212,735,0
18213,734,0
18214,737,0
18215,739,0
18216,736,0
18217,739,0
18218,729,0
18219,734,0
18220,738,0
18221,741,0
18222,737,0
18223,741,0
18224,733,0
18225,742,0
18226,732,0
18227,735,0
18228,733,0
18229,733,0
18230,740,0
18231,736,0
18232,731,0
18233,738,0
18234,734,0
18235,738,0
18236,737,0
18237,731,0
18238,736,0
18239,734,0
18240,733,0
18241,735,0
18242,727,0
18243,735,0
18244,732,0
18245,745,0
18246,738,0
18247,733,0
18248,735,0
18249,737,0
18250,733,0
18251,734,0
18252,734,0
18253,729,0
18254,743,0
18255,734,0
18256,737,0
18257,738,0
18258,736,0
18259,730,0
18260,742,0
18261,730,0
18262,726,0
18263,734,0
18264,731,0
18265,734,0
18266,732,0
18267,739,0
18268,742,0
18269,735,0
18270,729,0
18271,746,0
18272,739,0
18273,730,0
18274,729,0
18275,734,0
18276,748,0
18277,737,0
18278,745,0
18279,729,0
18280,731,0
18281,735,0
18282,736,0
18283,724,0
18284,730,0
18285,729,0
18286,738,0
18287,744,0
18288,734,0
18289,733,0
18290,745,0
18291,734,0
18292,734,0
18293,733,0
18294,731,0
18295,726,0
18296,727,0
18297,749,0
18298,730,0
18299,734,0
18300,742,0
18301,735,0
18302,737,0
18303,737,0
18304,738,0
18305,733,0
18306,739,0
18307,745,0
18308,739,0
18309,733,0
18310,732,0
18311,736,0
18312,736,0
18313,726,0
18314,736,0
18315,726,0
18316,722,0
18317,739,0
18318,739,0
18319,737,0
18320,729,0
18321,719,0
18322,742,0
18323,730,0
18324,729,0
18325,731,0
18326,746,0
18327,726,0
18328,732,0
18329,737,0
18330,724,0
18331,745,0
18332,739,0
18333,733,0
18334,734,0
18335,735,0
18336,730,0
18337,743,0
18338,730,0
18339,735,0
18340,734,0
18341,733,0
18342,747,0
18343,733,0
18344,733,0
18345,735,0
18346,729,0
18347,737,0
18348,734,0
18349,737,0
18350,740,0
18351,735,0
18352,742,0
18353,731,0
18354,738,0
18355,734,0
18356,741,0
18357,748,0
18358,738,0
18359,735,0
18360,736,0
18361,735,0
18362,730,0
18363,735,0
18364,740,0
18365,742,0
18366,738,0
18367,743,0
18368,733,0
18369,723,0
18370,737,0
18371,739,0
18372,732,0
18373,732,0
18374,741,0
18375,744,0
18376,721,0
18377,737,0
18378,735,0
18379,746,0
18380,741,0
18381,734,0
18382,740,0
18383,738,0
18384,732,0
18385,729,0
18386,741,0
18387,735,0
18388,739,0
18389,735,0
18390,734,0
18391,740,0
18392,730,0
18393,730,0
18394,734,0
18395,739,0
18396,726,0
18397,743,0
18398,739,0
18399,738,0
18400,740,0
18401,730,0
18402,740,0
18403,748,0
18404,737,0
18405,733,0
18406,732,0
18407,732,0
18408,745,0
18409,729,0
18410,743,0
18411,739,0
18412,737,0
18413,741,0
18414,735,0
18415,733,0
18416,738,0
18417,734,0
18418,746,0
18419,742,0
18420,732,0
18421,740,0
18422,743,0
18423,733,0
18424,726,0
18425,740,0
18426,741,0
18427,731,0
18428,734,0
18429,727,0
18430,740,0
18431,729,0
18432,742,0
18433,735,0
18434,739,0
18435,730,0
18436,735,0
18437,741,0
18438,732,0
18439,739,0
18440,740,0
18441,737,0
18442,739,0
18443,727,0
18444,736,0
18445,729,0
18446,740,0
18447,737,0
18448,732,0
18449,733,0
18450,741,0
18451,739,0
18452,743,0
18453,740,0
18454,734,0
18455,739,0
18456,734,0
18457,734,0
18458,732,0
18459,743,0
18460,739,0
18461,732,0
18462,727,0
18463,743,0
18464,741,0
18465,733,0
18466,732,0
18467,730,0
18468,739,0
18469,745,0
18470,741,0
18471,732,0
18472,737,0
18473,740,0
18474,737,0
18475,733,0
18476,744,0
18477,737,0
18478,738,0
18479,735,0
18480,729,0
18481,744,0
18482,737,0
18483,732,0
18484,735,0
18485,740,0
18486,738,0
18487,734,0
18488,736,0
18489,746,0
18490,737,0
18491,743,0
18492,729,0
18493,745,0
18494,735,0
18495,734,0
18496,733,0
18497,732,0
18498,740,0
18499,747,0
18500,737,0
18501,748,0
18502,740,0
18503,735,0
18504,740,0
18505,736,0
18506,735,0
18507,736,0
18508,744,0
18509,734,0
18510,735,0
18511,739,0
18512,731,0
18513,734,0
18514,743,0
18515,741,0
18516,728,0
18517,736,0
18518,734,0
18519,736,0
18520,739,0
18521,736,0
18522,735,0
18523,739,0
18524,741,0
18525,735,0
18526,740,0
18527,744,0
18528,738,0
18529,741,0
18530,738,0
18531,731,0
18532,731,0
18533,730,0
18534,740,0
18535,737,0
18536,733,0
18537,732,0
18538,748,0
18539,741,0
18540,736,0
18541,734,0
18542,732,0
18543,737,0
18544,735,0
18545,733,0
18546,732,0
18547,729,0
18548,737,0
18549,736,0
18550,734,0
18551,731,0
18552,734,0
18553,737,0
18554,733,0
18555,734,0
18556,731,0
18557,741,0
18558,734,0
18559,733,0
18560,745,0
18561,742,0
18562,733,0
18563,745,0
18564,745,0
18565,733,0
18566,735,0
18567,735,0
18568,730,0
18569,740,0
18570,728,0
18571,733,0
18572,734,0
18573,740,0
18574,734,0
18575,737,0
18576,737,0
18577,731,0
18578,733,0
18579,736,0
18580,741,0
18581,729,0
18582,740,0
18583,734,0
18584,736,0
18585,731,0
18586,730,0
18587,733,0
18588,742,0
18589,738,0
18590,733,0
18591,730,0
18592,737,0
18593,734,0
18594,730,0
18595,745,0
18596,742,0
18597,732,0
18598,728,0
18599,732,0
18600,729,0
18601,739,0
18602,736,0
18603,743,0
18604,728,0
18605,738,0
18606,726,0
18607,733,0
18608,737,0
18609,738,0
18610,741,0
18611,742,0
18612,738,0
18613,733,0
18614,745,0
18615,724,0
18616,741,0
18617,734,0
18618,739,0
18619,745,0
18620,741,0
18621,740,0
18622,727,0
18623,734,0
18624,729,0
18625,730,0
18626,731,0
18627,738,0
18628,739,0
18629,740,0
18630,740,0
18631,740,0
18632,738,0
18633,721,0
18634,734,0
18635,729,0
18636,736,0
18637,731,0
18638,738,0
18639,723,0
18640,737,0
18641,741,0
18642,735,0
18643,729,0
18644,730,0
18645,752,0
18646,731,0
18647,730,0
18648,736,0
18649,746,0
18650,743,0
18651,737,0
18652,733,0
18653,738,0
18654,744,0
18655,741,0
18656,740,0
18657,735,0
18658,743,0
18659,734,0
18660,734,0
18661,732,0
18662,739,0
18663,734,0
18664,749,0
18665,738,0
18666,736,0
18667,739,0
18668,740,0
18669,732,0
18670,740,0
18671,754,0
18672,737,0
18673,734,0
18674,734,0
18675,738,0
18676,743,0
18677,745,0
18678,729,0
18679,743,0
18680,740,0
18681,730,0
18682,738,0
18683,728,0
18684,739,0
18685,731,0
18686,738,0
18687,738,0
18688,743,0
18689,748,0
18690,734,0
18691,736,0
18692,740,0
18693,744,0
18694,737,0
18695,736,0
18696,737,0
18697,738,0
18698,732,0
18699,735,0
18700,739,0
18701,738,0
18702,740,0
18703,732,0
18704,747,0
18705,732,0
18706,737,0
18707,739,0
18708,736,0
18709,741,0
18710,738,0
18711,739,0
18712,733,0
18713,738,0
18714,737,0
18715,735,0
18716,741,0
18717,741,0
18718,743,0
18719,737,0
18720,745,0
18721,739,0
18722,739,0
18723,732,0
18724,741,0
18725,743,0
18726,738,0
18727,736,0
18728,742,0
18729,737,0
18730,729,0
18731,738,0
18732,743,0
18733,728,0
18734,742,0
18735,738,0
18736,743,0
18737,736,0
18738,742,0
18739,741,0
18740,746,0
18741,733,0
18742,750,0
18743,742,0
18744,734,0
18745,731,0
18746,738,0
18747,739,0
18748,745,0
18749,730,0
18750,734,0
18751,742,0
18752,746,0
18753,731,0
18754,738,0
18755,737,0
18756,741,0
18757,728,0
18758,738,0
18759,740,0
18760,741,0
18761,740,0
18762,742,0
18763,740,0
18764,742,0
18765,735,0
18766,732,0
18767,741,0
18768,739,0
18769,736,0
18770,730,0
18771,737,0
18772,732,0
18773,735,0
18774,739,0
18775,738,0
18776,733,0
18777,736,0
18778,748,0
18779,734,0
18780,735,0
18781,739,0
18782,733,0
18783,746,0
18784,731,0
18785,735,0
18786,743,0
18787,731,0
18788,738,0
18789,743,0
18790,745,0
18791,732,0
18792,738,0
18793,750,0
18794,737,0
18795,741,0
18796,734,0
18797,729,0
18798,732,0
18799,737,0
18800,734,0
18801,745,0
18802,739,0
18803,735,0
18804,746,0
18805,728,0
18806,742,0
18807,743,0
18808,733,0
18809,731,0
18810,738,0
18811,732,0
18812,738,0
18813,733,0
18814,739,0
18815,749,0
18816,737,0
18817,736,0
18818,739,0
18819,734,0
18820,743,0
18821,741,0
18822,742,0
18823,736,0
18824,741,0
18825,735,0
18826,741,0
18827,738,0
18828,730,0
18829,740,0
18830,745,0
18831,740,0
18832,735,0
18833,728,0
18834,744,0
18835,738,0
18836,730,0
18837,740,0
18838,728,0
18839,725,0
18840,734,0
18841,736,0
18842,729,0
18843,742,0
18844,736,0
18845,738,0
18846,738,0
18847,736,0
18848,738,0
18849,734,0
18850,733,0
18851,737,0
18852,737,0
18853,732,0
18854,739,0
18855,739,0
18856,738,0
18857,739,0
18858,737,0
18859,742,0
18860,739,0
18861,738,0
18862,740,0
18863,737,0
18864,741,0
18865,732,0
18866,739,0
18867,739,0
18868,737,0
18869,741,0
18870,738,0
18871,730,0
18872,732,0
18873,734,0
18874,730,0
18875,740,0
18876,734,0
18877,747,0
18878,748,0
18879,737,0
18880,732,0
18881,733,0
18882,736,0
18883,738,0
18884,735,0
18885,732,0
18886,741,0
18887,745,0
18888,740,0
18889,731,0
18890,736,0
18891,740,0
18892,740,0
18893,735,0
18894,742,0
18895,740,0
18896,732,0
18897,737,0
18898,728,0
18899,736,0
18900,734,0
18901,746,0
18902,733,0
18903,728,0
18904,734,0
18905,734,0
18906,737,0
18907,743,0
18908,731,0
18909,738,0
18910,737,0
18911,740,0
18912,729,0
18913,733,0
18914,735,0
18915,729,0
18916,740,0
18917,732,0
18918,736,0
18919,751,0
18920,737,0
18921,735,0
18922,742,0
18923,729,0
18924,734,0
18925,740,0
18926,736,0
18927,743,0
18928,738,0
18929,726,0
18930,737,0
18931,744,0
18932,733,0
18933,747,0
18934,725,0
18935,734,0
18936,741,0
18937,732,0
18938,734,0
18939,746,0
18940,741,0
18941,736,0
18942,742,0
18943,742,0
18944,732,0
18945,736,0
18946,734,0
18947,735,0
18948,740,0
18949,743,0
18950,737,0
18951,727,0
18952,739,0
18953,737,0
18954,731,0
18955,742,0
18956,741,0
18957,737,0
18958,741,0
18959,750,0
18960,740,0
18961,747,0
18962,740,0
18963,739,0
18964,742,0
18965,746,0
18966,737,0
18967,731,0
18968,744,0
18969,747,0
18970,732,0
18971,736,0
18972,738,0
18973,741,0
18974,738,0
18975,735,0
18976,732,0
18977,736,0
18978,738,0
18979,735,0
18980,742,0
18981,733,0
18982,733,0
18983,743,0
18984,732,0
18985,742,0
18986,734,0
18987,737,0
18988,730,0
18989,735,0
18990,731,0
18991,741,0
18992,745,0
18993,737,0
18994,736,0
18995,737,0
18996,739,0
18997,745,0
18998,738,0
18999,741,0
19000,746,0
19001,740,0
19002,731,0
19003,732,0
19004,734,0
19005,739,0
19006,747,0
19007,736,0
19008,731,0
19009,744,0
19010,735,0
19011,737,0
19012,738,0
19013,734,0
19014,745,0
19015,739,0
19016,748,0
19017,742,0
19018,734,0
19019,746,0
19020,737,0
19021,734,0
19022,733,0
19023,731,0
19024,741,0
19025,735,0
19026,739,0
19027,735,0
19028,740,0
19029,743,0
19030,724,0
19031,730,0
19032,736,0
19033,727,0
19034,729,0
19035,740,0
19036,739,0
19037,739,0
19038,740,0
19039,742,0
19040,742,0
19041,745,0
19042,746,0
19043,739,0
19044,736,0
19045,736,0
19046,738,0
19047,735,0
19048,736,0
19049,740,0
19050,736,0
19051,737,0
19052,731,0
19053,735,0
19054,735,0
19055,737,0
19056,735,0
19057,731,0
19058,734,0
19059,743,0
19060,741,0
19061,732,0
19062,737,0
19063,733,0
19064,736,0
19065,739,0
19066,741,0
19067,735,0
19068,738,0
19069,735,0
19070,733,0
19071,742,0
19072,740,0
19073,737,0
19074,736,0
19075,741,0
19076,744,0
19077,736,0
19078,747,0
19079,740,0
19080,730,0
19081,741,0
19082,742,0
19083,736,0
19084,739,0
19085,748,0
19086,739,0
19087,740,0
19088,737,0
19089,738,0
19090,729,0
19091,745,0
19092,733,0
19093,740,0
19094,741,0
19095,735,0
19096,741,0
19097,730,0
19098,733,0
19099,749,0
19100,740,0
19101,732,0
19102,739,0
19103,740,0
19104,745,0
19105,743,0
19106,728,0
19107,735,0
19108,740,0
19109,747,0
19110,737,0
19111,735,0
19112,733,0
19113,739,0
19114,743,0
19115,744,0
19116,741,0
19117,742,0
19118,738,0
19119,746,0
19120,742,0
19121,736,0
19122,732,0
19123,741,0
19124,743,0
19125,740,0
19126,741,0
19127,739,0
19128,743,0
19129,733,0
19130,736,0
19131,737,0
19132,737,0
19133,741,0
19134,742,0
19135,742,0
19136,741,0
19137,732,0
19138,737,0
19139,734,0
19140,743,0
19141,741,0
19142,744,0
19143,742,0
19144,733,0
19145,745,0
19146,742,0
19147,730,0
19148,742,0
19149,737,0
19150,731,0
19151,731,0
19152,739,0
19153,735,0
19154,745,0
19155,728,0
19156,731,0
19157,738,0
19158,737,0
19159,739,0
19160,742,0
19161,735,0
19162,737,0
19163,735,0
19164,743,0
19165,742,0
19166,735,0
19167,733,0
19168,734,0
19169,736,0
19170,748,0
19171,740,0
19172,742,0
19173,738,0
19174,741,0
19175,742,0
19176,742,0
19177,739,0
19178,729,0
19179,741,0
19180,739,0
19181,729,0
19182,737,0
19183,742,0
19184,738,0
19185,736,0
19186,744,0
19187,738,0
19188,733,0
19189,733,0
19190,736,0
19191,740,0
19192,736,0
19193,745,0
19194,733,0
19195,739,0
19196,743,0
19197,743,0
19198,731,0
19199,737,0
19200,729,0
19201,745,0
19202,734,0
19203,737,0
19204,738,0
19205,737,0
19206,728,0
19207,735,0
19208,735,0
19209,734,0
19210,741,0
19211,741,0
19212,744,0
19213,730,0
19214,734,0
19215,736,0
19216,736,0
19217,738,0
19218,738,0
19219,738,0
19220,743,0
19221,741,0
19222,732,0
19223,742,0
19224,741,0
19225,736,0
19226,739,0
19227,750,0
19228,732,0
19229,740,0
19230,740,0
19231,737,0
19232,733,0
19233,762,0
19234,742,0
19235,736,0
19236,739,0
19237,735,0
19238,737,0
19239,732,0
19240,738,0
19241,737,0
19242,744,0
19243,746,0
19244,733,0
19245,740,0
19246,746,0
19247,742,0
19248,736,0
19249,732,0
19250,732,0
19251,747,0
19252,743,0
19253,737,0
19254,745,0
19255,730,0
19256,730,0
19257,733,0
19258,740,0
19259,739,0
19260,735,0
19261,737,0
19262,742,0
19263,738,0
19264,744,0
19265,741,0
19266,731,0
19267,749,0
19268,742,0
19269,742,0
19270,737,0
19271,735,0
19272,737,0
19273,742,0
19274,736,0
19275,738,0
19276,732,0
19277,738,0
19278,734,0
19279,741,0
19280,740,0
19281,734,0
19282,749,0
19283,748,0
19284,733,0
19285,727,0
19286,731,0
19287,731,0
19288,739,0
19289,743,0
19290,749,0
19291,733,0
19292,738,0
19293,738,0
19294,746,0
19295,742,0
19296,742,0
19297,743,0
19298,742,0
19299,739,0
19300,738,0
19301,740,0
19302,745,0
19303,746,0
19304,738,0
19305,740,0
19306,737,0
19307,737,0
19308,740,0
19309,742,0
19310,734,0
19311,733,0
19312,741,0
19313,726,0
19314,735,0
19315,745,0
19316,740,0
19317,725,0
19318,740,0
19319,740,0
19320,749,0
19321,739,0
19322,742,0
19323,739,0
19324,737,0
19325,745,0
19326,739,0
19327,739,0
19328,750,0
19329,739,0
19330,739,0
19331,741,0
19332,732,0
19333,733,0
19334,736,0
19335,737,0
19336,741,0
19337,745,0
19338,738,0
19339,739,0
19340,737,0
19341,742,0
19342,733,0
19343,739,0
19344,742,0
19345,735,0
19346,736,0
19347,738,0
19348,736,0
19349,748,0
19350,739,0
19351,731,0
19352,743,0
19353,744,0
19354,748,0
19355,733,0
19356,751,0
19357,737,0
19358,739,0
19359,739,0
19360,748,0
19361,740,0
19362,738,0
19363,743,0
19364,747,0
19365,745,0
19366,735,0
19367,746,0
19368,748,0
19369,727,0
19370,739,0
19371,740,0
19372,740,0
19373,738,0
19374,740,0
19375,731,0
19376,739,0
19377,739,0
19378,746,0
19379,743,0
19380,739,0
19381,742,0
19382,737,0
19383,732,0
19384,738,0
19385,737,0
19386,733,0
19387,737,0
19388,733,0
19389,743,0
19390,735,0
19391,734,0
19392,742,0
19393,738,0
19394,739,0
19395,747,0
19396,740,0
19397,730,0
19398,738,0
19399,736,0
19400,735,0
19401,744,0
19402,740,0
19403,732,0
19404,731,0
19405,734,0
19406,734,0
19407,747,0
19408,735,0
19409,740,0
19410,736,0
19411,735,0
19412,735,0
19413,750,0
19414,736,0
19415,728,0
19416,738,0
19417,734,0
19418,744,0
19419,748,0
19420,736,0
19421,745,0
19422,739,0
19423,738,0
19424,738,0
19425,736,0
19426,736,0
19427,734,0
19428,749,0
19429,736,0
19430,744,0
19431,746,0
19432,736,0
19433,741,0
19434,746,0
19435,734,0
19436,746,0
19437,734,0
19438,748,0
19439,745,0
19440,737,0
19441,729,0
19442,747,0
19443,739,0
19444,744,0
19445,744,0
19446,745,0
19447,742,0
19448,744,0
19449,727,0
19450,745,0
19451,729,0
19452,738,0
19453,740,0
19454,742,0
19455,739,0
19456,739,0
19457,742,0
19458,746,0
19459,737,0
19460,754,0
19461,744,0
19462,743,0
19463,748,0
19464,747,0
19465,740,0
19466,735,0
19467,740,0
19468,740,0
19469,741,0
19470,738,0
19471,740,0
19472,735,0
19473,733,0
19474,747,0
19475,741,0
19476,740,0
19477,749,0
19478,737,0
19479,732,0
19480,743,0
19481,744,0
19482,742,0
19483,745,0
19484,751,0
19485,734,0
19486,734,0
19487,739,0
19488,742,0
19489,743,0
19490,740,0
19491,740,0
19492,741,0
19493,745,0
19494,743,0
19495,739,0
19496,737,0
19497,744,0
19498,737,0
19499,738,0
19500,740,0
19501,736,0
19502,738,0
19503,741,0
19504,742,0
19505,740,0
19506,737,0
19507,739,0
19508,743,0
19509,753,0
19510,743,0
19511,737,0
19512,743,0
19513,743,0
19514,738,0
19515,741,0
19516,734,0
19517,739,0
19518,736,0
19519,738,0
19520,738,0
19521,744,0
19522,748,0
19523,744,0
19524,738,0
19525,741,0
19526,738,0
19527,741,0
19528,743,0
19529,740,0
19530,734,0
19531,738,0
19532,745,0
19533,736,0
19534,742,0
19535,743,0
19536,742,0
19537,741,0
19538,747,0
19539,736,0
19540,739,0
19541,731,0
19542,734,0
19543,749,0
19544,742,0
19545,741,0
19546,738,0
19547,745,0
19548,748,0
19549,740,0
19550,737,0
19551,740,0
19552,739,0
19553,725,0
19554,731,0
19555,744,0
19556,747,0
19557,738,0
19558,738,0
19559,740,0
19560,744,0
19561,737,0
19562,737,0
19563,735,0
19564,733,0
19565,740,0
19566,745,0
19567,741,0
19568,738,0
19569,743,0
19570,743,0
19571,739,0
19572,741,0
19573,741,0
19574,743,0
19575,743,0
19576,738,0
19577,738,0
19578,728,0
19579,740,0
19580,745,0
19581,743,0
19582,735,0
19583,740,0
19584,739,0
19585,744,0
19586,743,0
19587,742,0
19588,742,0
19589,746,0
19590,732,0
19591,739,0
19592,742,0
19593,734,0
19594,747,0
19595,742,0
19596,732,0
19597,734,0
19598,744,0
19599,740,0
19600,736,0
19601,738,0
19602,734,0
19603,731,0
19604,737,0
19605,748,0
19606,743,0
19607,735,0
19608,742,0
19609,747,0
19610,739,0
19611,739,0
19612,739,0
19613,739,0
19614,745,0
19615,740,0
19616,728,0
19617,739,0
19618,725,0
19619,742,0
19620,739,0
19621,735,0
19622,743,0
19623,741,0
19624,735,0
19625,740,0
19626,744,0
19627,729,0
19628,735,0
19629,732,0
19630,744,0
19631,742,0
19632,743,0
19633,736,0
19634,736,0
19635,735,0
19636,738,0
19637,736,0
19638,734,0
19639,729,0
19640,744,0
19641,732,0
19642,735,0
19643,750,0
19644,735,0
19645,738,0
19646,734,0
19647,737,0
19648,737,0
19649,740,0
19650,741,0
19651,731,0
19652,734,0
19653,745,0
19654,736,0
19655,744,0
19656,743,0
19657,733,0
19658,736,0
19659,738,0
19660,740,0
19661,746,0
19662,744,0
19663,739,0
19664,746,0
19665,746,0
19666,737,0
19667,737,0
19668,743,0
19669,734,0
19670,751,0
19671,736,0
19672,746,0
19673,743,0
19674,745,0
19675,740,0
19676,727,0
19677,743,0
19678,738,0
19679,740,0
19680,743,0
19681,742,0
19682,744,0
19683,740,0
19684,742,0
19685,735,0
19686,740,0
19687,749,0
19688,729,0
19689,746,0
19690,739,0
19691,733,0
19692,740,0
19693,740,0
19694,742,0
19695,737,0
19696,740,0
19697,731,0
19698,736,0
19699,743,0
19700,738,0
19701,741,0
19702,740,0
19703,742,0
19704,743,0
19705,744,0
19706,743,0
19707,736,0
19708,732,0
19709,734,0
19710,739,0
19711,734,0
19712,736,0
19713,733,0
19714,738,0
19715,742,0
19716,739,0
19717,739,0
19718,741,0
19719,740,0
19720,745,0
19721,739,0
19722,734,0
19723,734,0
19724,752,0
19725,735,0
19726,748,0
19727,744,0
19728,741,0
19729,745,0
19730,737,0
19731,741,0
19732,744,0
19733,739,0
19734,742,0
19735,742,0
19736,744,0
19737,748,0
19738,745,0
19739,745,0
19740,738,0
19741,738,0
19742,745,0
19743,734,0
19744,739,0
19745,742,0
19746,742,0
19747,739,0
19748,742,0
19749,740,0
19750,739,0
19751,733,0
19752,744,0
19753,747,0
19754,733,0
19755,738,0
19756,732,0
19757,729,0
19758,748,0
19759,741,0
19760,740,0
19761,744,0
19762,741,0
19763,743,0
19764,737,0
19765,740,0
19766,736,0
19767,730,0
19768,742,0
19769,742,0
19770,740,0
19771,750,0
19772,743,0
19773,747,0
19774,742,0
19775,739,0
19776,736,0
19777,741,0
19778,740,0
19779,738,0
19780,742,0
19781,738,0
19782,743,0
19783,748,0
19784,748,0
19785,742,0
19786,743,0
19787,745,0
19788,737,0
19789,740,0
19790,740,0
19791,739,0
19792,745,0
19793,747,0
19794,741,0
19795,741,0
19796,742,0
19797,736,0
19798,744,0
19799,742,0
19800,755,0
19801,738,0
19802,739,0
19803,737,0
19804,736,0
19805,750,0
19806,732,0
19807,744,0
19808,735,0
19809,734,0
19810,747,0
19811,748,0
19812,738,0
19813,730,0
19814,742,0
19815,743,0
19816,740,0
19817,739,0
19818,749,0
19819,742,0
19820,734,0
19821,737,0
19822,746,0
19823,736,0
19824,739,0
19825,745,0
19826,746,0
19827,740,0
19828,734,0
19829,744,0
19830,733,0
19831,740,0
19832,742,0
19833,740,0
19834,734,0
19835,744,0
19836,740,0
19837,732,0
19838,741,0
19839,745,0
19840,738,0
19841,743,0
19842,746,0
19843,743,0
19844,741,0
19845,741,0
19846,743,0
19847,742,0
19848,741,0
19849,742,0
19850,734,0
19851,740,0
19852,746,0
19853,736,0
19854,742,0
19855,750,0
19856,739,0
19857,735,0
19858,744,0
19859,741,0
19860,741,0
19861,747,0
19862,746,0
19863,729,0
19864,744,0
19865,737,0
19866,740,0
19867,735,0
19868,742,0
19869,739,0
19870,740,0
19871,731,0
19872,735,0
19873,736,0
19874,733,0
19875,743,0
19876,745,0
19877,734,0
19878,742,0
19879,743,0
19880,741,0
19881,742,0
19882,739,0
19883,744,0
19884,746,0
19885,740,0
19886,740,0
19887,741,0
19888,744,0
19889,734,0
19890,739,0
19891,750,0
19892,746,0
19893,742,0
19894,740,0
19895,739,0
19896,741,0
19897,742,0
19898,740,0
19899,738,0
19900,749,0
19901,735,0
19902,740,0
19903,738,0
19904,745,0
19905,746,0
19906,737,0
19907,739,0
19908,732,0
19909,735,0
19910,740,0
19911,740,0
19912,741,0
19913,745,0
19914,738,0
19915,745,0
19916,751,0
19917,741,0
19918,739,0
19919,740,0
19920,739,0
19921,739,0
19922,726,0
19923,740,0
19924,739,0
19925,745,0
19926,748,0
19927,739,0
19928,728,0
19929,736,0
19930,746,0
19931,743,0
19932,751,0
19933,742,0
19934,738,0
19935,748,0
19936,740,0
19937,744,0
19938,744,0
19939,741,0
19940,735,0
19941,734,0
19942,742,0
19943,734,0
19944,742,0
19945,742,0
19946,745,0
19947,748,0
19948,737,0
19949,736,0
19950,742,0
19951,738,0
19952,733,0
19953,741,0
19954,744,0
19955,743,0
19956,746,0
19957,747,0
19958,736,0
19959,737,0
19960,738,0
19961,741,0
19962,736,0
19963,740,0
19964,739,0
19965,745,0
19966,737,0
19967,738,0
19968,744,0
19969,739,0
19970,733,0
19971,738,0
19972,741,0
19973,729,0
19974,736,0
19975,744,0
19976,744,0
19977,738,0
19978,753,0
19979,742,0
19980,734,0
19981,736,0
19982,736,0
19983,741,0
19984,746,0
19985,746,0
19986,742,0
19987,742,0
19988,740,0
19989,742,0
19990,751,0
19991,739,0
19992,740,0
19993,733,0
19994,749,0
19995,740,0
19996,740,0
19997,747,0
19998,743,0
19999,735,0
20000,749,0
20001,734,0
20002,735,0
20003,740,0
20004,742,0
20005,742,0
20006,740,0
20007,737,0
20008,743,0
20009,737,0
20010,745,0
20011,741,0
20012,742,0
20013,742,0
20014,744,0
20015,738,0
20016,742,0
20017,744,0
20018,744,0
20019,737,0
20020,745,0
20021,737,0
20022,740,0
20023,750,0
20024,739,0
20025,736,0
20026,755,0
20027,732,0
20028,740,0
20029,741,0
20030,743,0
20031,745,0
20032,741,0
20033,740,0
20034,736,0
20035,736,0
20036,742,0
20037,729,0
20038,739,0
20039,746,0
20040,747,0
20041,740,0
20042,741,0
20043,741,0
20044,737,0
20045,741,0
20046,736,0
20047,752,0
20048,733,0
20049,737,0
20050,742,0
20051,740,0
20052,744,0
20053,744,0
20054,742,0
20055,738,0
20056,736,0
20057,734,0
20058,737,0
20059,736,0
20060,745,0
20061,749,0
20062,740,0
20063,748,0
20064,739,0
20065,745,0
20066,735,0
20067,749,0
20068,733,0
20069,748,0
20070,747,0
20071,747,0
20072,742,0
20073,741,0
20074,745,0
20075,737,0
20076,738,0
20077,746,0
20078,727,0
20079,746,0
20080,745,0
20081,741,0
20082,739,0
20083,744,0
20084,736,0
20085,741,0
20086,737,0
20087,743,0
20088,743,0
20089,743,0
20090,735,0
20091,747,0
20092,735,0
20093,745,0
20094,747,0
20095,748,0
20096,741,0
20097,735,0
20098,737,0
20099,739,0
20100,729,0
20101,732,0
20102,736,0
20103,742,0
20104,739,0
20105,725,0
20106,738,0
20107,750,0
20108,739,0
20109,737,0
20110,740,0
20111,744,0
20112,751,0
20113,739,0
20114,741,0
20115,734,0
20116,736,0
20117,742,0
20118,747,0
20119,734,0
20120,740,0
20121,736,0
20122,745,0
20123,749,0
20124,739,0
20125,747,0
20126,736,0
20127,746,0
20128,747,0
20129,737,0
20130,733,0
20131,734,0
20132,743,0
20133,743,0
20134,749,0
20135,743,0
20136,740,0
20137,745,0
20138,740,0
20139,745,0
20140,735,0
20141,734,0
20142,744,0
20143,750,0
20144,745,0
20145,745,0
20146,745,0
20147,748,0
20148,744,0
20149,739,0
20150,745,0
20151,743,0
20152,737,0
20153,738,0
20154,732,0
20155,740,0
20156,742,0
20157,736,0
20158,745,0
20159,732,0
20160,733,0
20161,748,0
20162,739,0
20163,738,0
20164,738,0
20165,739,0
20166,744,0
20167,744,0
20168,740,0
20169,738,0
20170,741,0
20171,741,0
20172,735,0
20173,739,0
20174,742,0
20175,743,0
20176,744,0
20177,741,0
20178,735,0
20179,751,0
20180,744,0
20181,752,0
20182,743,0
20183,744,0
20184,743,0
20185,744,0
20186,735,0
20187,739,0
20188,742,0
20189,735,0
20190,742,0
20191,740,0
20192,746,0
20193,733,0
20194,740,0
20195,734,0
20196,751,0
20197,748,0
20198,746,0
20199,741,0
20200,748,0
20201,729,0
20202,735,0
20203,747,0
20204,734,0
20205,736,0
20206,740,0
20207,742,0
20208,740,0
20209,741,0
20210,739,0
20211,744,0
20212,738,0
20213,745,0
20214,746,0
20215,742,0
20216,747,0
20217,749,0
20218,738,0
20219,738,0
20220,748,0
20221,745,0
20222,735,0
20223,744,0
20224,744,0
20225,740,0
20226,743,0
20227,742,0
20228,743,0
20229,739,0
20230,744,0
20231,738,0
20232,739,0
20233,739,0
20234,744,0
20235,737,0
20236,750,0
20237,745,0
20238,738,0
20239,728,0
20240,739,0
20241,746,0
20242,744,0
20243,749,0
20244,739,0
20245,739,0
20246,745,0
20247,747,0
20248,741,0
20249,742,0
20250,740,0
20251,748,0
20252,737,0
20253,753,0
20254,735,0
20255,743,0
20256,745,0
20257,743,0
20258,748,0
20259,747,0
20260,743,0
20261,742,0
20262,737,0
20263,743,0
20264,738,0
20265,744,0
20266,746,0
20267,738,0
20268,740,0
20269,743,0
20270,744,0
20271,744,0
20272,737,0
20273,747,0
20274,745,0
20275,735,0
20276,743,0
20277,742,0
20278,733,0
20279,738,0
20280,739,0
20281,740,0
20282,737,0
20283,738,0
20284,740,0
20285,742,0
20286,744,0
20287,739,0
20288,738,0
20289,741,0
20290,741,0
20291,743,0
20292,736,0
20293,742,0
20294,739,0
20295,738,0
20296,743,0
20297,746,0
20298,745,0
20299,748,0
20300,739,0
20301,737,0
20302,740,0
20303,737,0
20304,744,0
20305,744,0
20306,732,0
20307,743,0
20308,729,0
20309,741,0
20310,733,0
20311,738,0
20312,746,0
20313,738,0
20314,736,0
20315,745,0
20316,740,0
20317,739,0
20318,742,0
20319,732,0
20320,744,0
20321,736,0
20322,746,0
20323,745,0
20324,738,0
20325,745,0
20326,746,0
20327,737,0
20328,739,0
20329,748,0
20330,738,0
20331,735,0
20332,745,0
20333,741,0
20334,747,0
20335,737,0
20336,734,0
20337,744,0
20338,752,0
20339,736,0
20340,739,0
20341,737,0
20342,737,0
20343,744,0
20344,748,0
20345,745,0
20346,740,0
20347,739,0
20348,745,0
20349,751,0
20350,738,0
20351,743,0
20352,738,0
20353,741,0
20354,748,0
20355,743,0
20356,742,0
20357,743,0
20358,737,0
20359,738,0
20360,735,0
20361,737,0
20362,742,0
20363,741,0
20364,738,0
20365,741,0
20366,736,0
20367,738,0
20368,744,0
20369,748,0
20370,736,0
20371,742,0
20372,735,0
20373,751,0
20374,736,0
20375,735,0
20376,739,0
20377,732,0
20378,738,0
20379,747,0
20380,741,0
20381,742,0
20382,740,0
20383,739,0
20384,736,0
20385,740,0
20386,738,0
20387,738,0
20388,747,0
20389,739,0
20390,738,0
20391,737,0
20392,737,0
20393,743,0
20394,747,0
20395,742,0
20396,735,0
20397,741,0
20398,740,0
20399,744,0
20400,743,0
20401,744,0
20402,738,0
20403,750,0
20404,750,0
20405,739,0
20406,737,0
20407,741,0
20408,744,0
20409,756,0
20410,740,0
20411,742,0
20412,743,0
20413,751,0
20414,740,0
20415,742,0
20416,737,0
20417,753,0
20418,750,0
20419,738,0
20420,732,0
20421,733,0
20422,738,0
20423,751,0
20424,745,0
20425,749,0
20426,742,0
20427,744,0
20428,746,0
20429,732,0
20430,741,0
20431,743,0
20432,745,0
20433,736,0
20434,742,0
20435,743,0
20436,743,0
20437,738,0
20438,749,0
20439,747,0
20440,742,0
20441,745,0
20442,745,0
20443,752,0
20444,752,0
20445,744,0
20446,746,0
20447,743,0
20448,735,0
20449,749,0
20450,733,0
20451,747,0
20452,740,0
20453,737,0
20454,741,0
20455,737,0
20456,743,0
20457,738,0
20458,745,0
20459,738,0
20460,739,0
20461,737,0
20462,733,0
20463,741,0
20464,730,0
20465,736,0
20466,746,0
20467,738,0
20468,747,0
20469,744,0
20470,736,0
20471,744,0
20472,739,0
20473,738,0
20474,740,0
20475,746,0
20476,739,0
20477,750,0
20478,741,0
20479,756,0
20480,736,0
20481,749,0
20482,740,0
20483,745,0
20484,748,0
20485,741,0
20486,751,0
20487,739,0
20488,737,0
20489,734,0
20490,743,0
20491,747,0
20492,731,0
20493,742,0
20494,736,0
20495,746,0
20496,746,0
20497,744,0
20498,750,0
20499,738,0
20500,741,0
20501,740,0
20502,745,0
20503,741,0
20504,742,0
20505,742,0
20506,744,0
20507,743,0
20508,740,0
20509,743,0
20510,734,0
20511,739,0
20512,728,0
20513,740,0
20514,735,0
20515,734,0
20516,743,0
20517,739,0
20518,740,0
20519,744,0
20520,740,0
20521,750,0
20522,751,0
20523,733,0
20524,740,0
20525,735,0
20526,744,0
20527,746,0
20528,745,0
20529,734,0
20530,743,0
20531,749,0
20532,737,0
20533,745,0
20534,750,0
20535,741,0
20536,738,0
20537,738,0
20538,733,0
20539,738,0
20540,738,0
20541,744,0
20542,745,0
20543,749,0
20544,742,0
20545,745,0
20546,749,0
20547,751,0
20548,736,0
20549,736,0
20550,734,0
20551,737,0
20552,741,0
20553,738,0
20554,740,0
20555,747,0
20556,745,0
20557,746,0
20558,746,0
20559,738,0
20560,732,0
20561,739,0
20562,752,0
20563,736,0
20564,752,0
20565,742,0
20566,732,0
20567,743,0
20568,741,0
20569,740,0
20570,740,0
20571,743,0
20572,741,0
20573,744,0
20574,738,0
20575,748,0
20576,733,0
20577,742,0
20578,741,0
20579,739,0
20580,736,0
20581,750,0
20582,747,0
20583,735,0
20584,741,0
20585,743,0
20586,745,0
20587,746,0
20588,735,0
20589,747,0
20590,734,0
20591,741,0
20592,746,0
20593,751,0
20594,748,0
20595,737,0
20596,743,0
20597,735,0
20598,741,0
20599,734,0
20600,746,0
20601,745,0
20602,747,0
20603,750,0
20604,747,0
20605,742,0
20606,737,0
20607,740,0
20608,742,0
20609,749,0
20610,742,0
20611,742,0
20612,747,0
20613,740,0
20614,743,0
20615,744,0
20616,755,0
20617,745,0
20618,755,0
20619,738,0
20620,751,0
20621,749,0
20622,751,0
20623,738,0
20624,744,0
20625,737,0
20626,736,0
20627,746,0
20628,738,0
20629,741,0
20630,746,0
20631,740,0
20632,745,0
20633,733,0
20634,751,0
20635,735,0
20636,743,0
20637,742,0
20638,739,0
20639,748,0
20640,744,0
20641,738,0
20642,738,0
20643,746,0
20644,743,0
20645,751,0
20646,750,0
20647,748,0
20648,749,0
20649,733,0
20650,737,0
20651,738,0
20652,732,0
20653,741,0
20654,739,0
20655,738,0
20656,751,0
20657,733,0
20658,743,0
20659,743,0
20660,747,0
20661,735,0
20662,749,0
20663,746,0
20664,745,0
20665,739,0
20666,740,0
20667,750,0
20668,745,0
20669,739,0
20670,746,0
20671,744,0
20672,739,0
20673,746,0
20674,741,0
20675,737,0
20676,739,0
20677,742,0
20678,744,0
20679,750,0
20680,738,0
20681,739,0
20682,740,0
20683,741,0
20684,735,0
20685,741,0
20686,738,0
20687,751,0
20688,752,0
20689,750,0
20690,742,0
20691,746,0
20692,740,0
20693,738,0
20694,743,0
20695,744,0
20696,748,0
20697,757,0
20698,734,0
20699,744,0
20700,739,0
20701,746,0
20702,746,0
20703,746,0
20704,749,0
20705,738,0
20706,747,0
20707,735,0
20708,744,0
20709,738,0
20710,743,0
20711,746,0
20712,743,0
20713,745,0
20714,732,0
20715,744,0
20716,740,0
20717,745,0
20718,741,0
20719,752,0
20720,743,0
20721,749,0
20722,739,0
20723,743,0
20724,739,0
20725,748,0
20726,747,0
20727,729,0
20728,745,0
20729,742,0
20730,746,0
20731,747,0
20732,737,0
20733,746,0
20734,741,0
20735,743,0
20736,742,0
20737,732,0
20738,738,0
20739,744,0
20740,755,0
20741,750,0
20742,748,0
20743,747,0
20744,738,0
20745,744,0
20746,738,0
20747,747,0
20748,738,0
20749,733,0
20750,740,0
20751,744,0
20752,742,0
20753,732,0
20754,735,0
20755,742,0
20756,744,0
20757,741,0
20758,744,0
20759,743,0
20760,737,0
20761,748,0
20762,750,0
20763,743,0
20764,748,0
20765,741,0
20766,742,0
20767,744,0
20768,744,0
20769,744,0
20770,739,0
20771,740,0
20772,744,0
20773,741,0
20774,742,0
20775,747,0
20776,740,0
20777,743,0
20778,744,0
20779,737,0
20780,742,0
20781,746,0
20782,741,0
20783,748,0
20784,732,0
20785,741,0
20786,747,0
20787,744,0
20788,742,0
20789,741,0
20790,745,0
20791,748,0
20792,739,0
20793,746,0
20794,739,0
20795,752,0
20796,747,0
20797,736,0
20798,738,0
20799,740,0
20800,748,0
20801,750,0
20802,737,0
20803,746,0
20804,748,0
20805,739,0
20806,737,0
20807,748,0
20808,747,0
20809,747,0
20810,754,0
20811,751,0
20812,743,0
20813,739,0
20814,747,0
20815,735,0
20816,736,0
20817,751,0
20818,733,0
20819,743,0
20820,739,0
20821,751,0
20822,740,0
20823,756,0
20824,746,0
20825,739,0
20826,754,0
20827,748,0
20828,745,0
20829,742,0
20830,738,0
20831,748,0
20832,744,0
20833,735,0
20834,745,0
20835,750,0
20836,738,0
20837,746,0
20838,736,0
20839,739,0
20840,755,0
20841,746,0
20842,740,0
20843,740,0
20844,741,0
20845,738,0
20846,740,0
20847,742,0
20848,741,0
20849,743,0
20850,748,0
20851,738,0
20852,745,0
20853,747,0
20854,738,0
20855,738,0
20856,744,0
20857,744,0
20858,743,0
20859,748,0
20860,741,0
20861,743,0
20862,737,0
20863,745,0
20864,747,0
20865,741,0
20866,751,0
20867,742,0
20868,749,0
20869,739,0
20870,742,0
20871,744,0
20872,741,0
20873,757,0
20874,745,0
20875,740,0
20876,730,0
20877,748,0
20878,750,0
20879,741,0
20880,745,0
20881,742,0
20882,744,0
20883,743,0
20884,736,0
20885,745,0
20886,743,0
20887,741,0
20888,737,0
20889,741,0
20890,738,0
20891,744,0
20892,739,0
20893,749,0
20894,742,0
20895,746,0
20896,748,0
20897,741,0
20898,748,0
20899,738,0
20900,743,0
20901,738,0
20902,747,0
20903,749,0
20904,732,0
20905,745,0
20906,743,0
20907,743,0
20908,747,0
20909,751,0
20910,747,0
20911,739,0
20912,744,0
20913,746,0
20914,737,0
20915,736,0
20916,747,0
20917,743,0
20918,742,0
20919,748,0
20920,751,0
20921,736,0
20922,741,0
20923,743,0
20924,748,0
20925,748,0
20926,747,0
20927,735,0
20928,747,0
20929,746,0
20930,735,0
20931,741,0
20932,740,0
20933,741,0
20934,745,0
20935,745,0
20936,740,0
20937,744,0
20938,746,0
20939,732,0
20940,750,0
20941,750,0
20942,750,0
20943,737,0
20944,739,0
20945,749,0
20946,745,0
20947,744,0
20948,753,0
20949,739,0
20950,746,0
20951,742,0
20952,746,0
20953,740,0
20954,742,0
20955,752,0
20956,736,0
20957,747,0
20958,746,0
20959,736,0
20960,737,0
20961,743,0
20962,743,0
20963,744,0
20964,744,0
20965,741,0
20966,738,0
20967,737,0
20968,743,0
20969,742,0
20970,749,0
20971,746,0
20972,747,0
20973,750,0
20974,748,0
20975,736,0
20976,748,0
20977,741,0
20978,745,0
20979,744,0
20980,746,0
20981,745,0
20982,746,0
20983,748,0
20984,749,0
20985,743,0
20986,740,0
20987,741,0
20988,736,0
20989,733,0
20990,740,0
20991,748,0
20992,753,0
20993,745,0
20994,748,0
20995,752,0
20996,741,0
20997,749,0
20998,750,0
20999,756,0
21000,746,0
21001,746,0
21002,743,0
21003,745,0
21004,741,0
21005,735,0
21006,743,0
21007,751,0
21008,746,0
21009,746,0
21010,737,0
21011,743,0
21012,739,0
21013,744,0
21014,742,0
21015,732,0
21016,741,0
21017,755,0
21018,745,0
21019,746,0
21020,736,0
21021,737,0
21022,739,0
21023,743,0
21024,740,0
21025,740,0
21026,750,0
21027,744,0
21028,746,0
21029,741,0
21030,745,0
21031,736,0
21032,740,0
21033,746,0
21034,730,0
21035,744,0
21036,746,0
21037,736,0
21038,742,0
21039,732,0
21040,751,0
21041,746,0
21042,736,0
21043,739,0
21044,745,0
21045,747,0
21046,746,0
21047,745,0
21048,754,0
21049,739,0
21050,746,0
21051,740,0
21052,741,0
21053,743,0
21054,743,0
21055,745,0
21056,745,0
21057,736,0
21058,742,0
21059,743,0
21060,729,0
21061,744,0
21062,738,0
21063,731,0
21064,745,0
21065,741,0
21066,737,0
21067,746,0
21068,742,0
21069,752,0
21070,743,0
21071,751,0
21072,746,0
21073,750,0
21074,736,0
21075,758,0
21076,751,0
21077,737,0
21078,744,0
21079,738,0
21080,741,0
21081,743,0
21082,734,0
21083,738,0
21084,741,0
21085,744,0
21086,744,0
21087,750,0
21088,744,0
21089,747,0
21090,736,0
21091,751,0
21092,743,0
21093,747,0
21094,741,0
21095,738,0
21096,742,0
21097,750,0
21098,749,0
21099,751,0
21100,739,0
21101,754,0
21102,747,0
21103,745,0
21104,748,0
21105,745,0
21106,743,0
21107,740,0
21108,751,0
21109,747,0
21110,744,0
21111,742,0
21112,746,0
21113,736,0
21114,740,0
21115,750,0
21116,741,0
21117,736,0
21118,741,0
21119,745,0
21120,742,0
21121,744,0
21122,755,0
21123,746,0
21124,746,0
21125,744,0
21126,747,0
21127,744,0
21128,734,0
21129,739,0
21130,747,0
21131,738,0
21132,748,0
21133,734,0
21134,756,0
21135,747,0
21136,747,0
21137,746,0
21138,746,0
21139,740,0
21140,745,0
21141,745,0
21142,748,0
21143,750,0
21144,755,0
21145,740,0
21146,749,0
21147,742,0
21148,744,0
21149,738,0
21150,742,0
21151,750,0
21152,751,0
21153,754,0
21154,749,0
21155,740,0
21156,745,0
21157,736,0
21158,747,0
21159,737,0
21160,746,0
21161,740,0
21162,745,0
21163,742,0
21164,742,0
21165,745,0
21166,747,0
21167,738,0
21168,741,0
21169,745,0
21170,738,0
21171,742,0
21172,738,0
21173,747,0
21174,735,0
21175,742,0
21176,742,0
21177,744,0
21178,740,0
21179,746,0
21180,750,0
21181,735,0
21182,747,0
21183,744,0
21184,740,0
21185,752,0
21186,741,0
21187,746,0
21188,744,0
21189,741,0
21190,744,0
21191,744,0
21192,735,0
21193,735,0
21194,741,0
21195,747,0
21196,756,0
21197,751,0
21198,742,0
21199,744,0
21200,739,0
21201,745,0
21202,740,0
21203,749,0
21204,752,0
21205,743,0
21206,740,0
21207,747,0
21208,736,0
21209,737,0
21210,747,0
21211,746,0
21212,748,0
21213,745,0
21214,743,0
21215,731,0
21216,746,0
21217,754,0
21218,750,0
21219,742,0
21220,747,0
21221,738,0
21222,744,0
21223,751,0
21224,749,0
21225,739,0
21226,745,0
21227,751,0
21228,747,0
21229,742,0
21230,753,0
21231,743,0
21232,743,0
21233,745,0
21234,743,0
21235,740,0
21236,736,0
21237,746,0
21238,734,0
21239,745,0
21240,739,0
21241,737,0
21242,745,0
21243,739,0
21244,739,0
21245,742,0
21246,750,0
21247,740,0
21248,743,0
21249,748,0
21250,742,0
21251,732,0
21252,737,0
21253,739,0
21254,738,0
21255,749,0
21256,739,0
21257,737,0
21258,743,0
21259,737,0
21260,736,0
21261,738,0
21262,741,0
21263,741,0
21264,745,0
21265,750,0
21266,744,0
21267,744,0
21268,749,0
21269,753,0
21270,745,0
21271,739,0
21272,750,0
21273,741,0
21274,750,0
21275,747,0
21276,743,0
21277,745,0
21278,742,0
21279,748,0
21280,744,0
21281,758,0
21282,741,0
21283,737,0
21284,747,0
21285,746,0
21286,741,0
21287,743,0
21288,743,0
21289,744,0
21290,743,0
21291,740,0
21292,738,0
21293,746,0
21294,748,0
21295,743,0
21296,749,0
21297,744,0
21298,746,0
21299,744,0
21300,744,0
21301,743,0
21302,733,0
21303,742,0
21304,741,0
21305,740,0
21306,741,0
21307,745,0
21308,744,0
21309,745,0
21310,744,0
21311,749,0
21312,751,0
21313,742,0
21314,745,0
21315,739,0
21316,745,0
21317,742,0
21318,740,0
21319,733,0
21320,747,0
21321,749,0
21322,752,0
21323,748,0
21324,741,0
21325,743,0
21326,748,0
21327,748,0
21328,754,0
21329,743,0
21330,747,0
21331,735,0
21332,752,0
21333,747,0
21334,747,0
21335,743,0
21336,748,0
21337,753,0
21338,744,0
21339,740,0
21340,753,0
21341,753,0
21342,746,0
21343,733,0
21344,748,0
21345,743,0
21346,744,0
21347,752,0
21348,745,0
21349,748,0
21350,748,0
21351,745,0
21352,737,0
21353,749,0
21354,750,0
21355,750,0
21356,743,0
21357,751,0
21358,736,0
21359,744,0
21360,743,0
21361,738,0
21362,752,0
21363,758,0
21364,742,0
21365,745,0
21366,736,0
21367,734,0
21368,746,0
21369,745,0
21370,739,0
21371,735,0
21372,745,0
21373,737,0
21374,747,0
21375,745,0
21376,742,0
21377,737,0
21378,742,0
21379,737,0
21380,743,0
21381,743,0
21382,747,0
21383,744,0
21384,741,0
21385,742,0
21386,747,0
21387,739,0
21388,757,0
21389,743,0
21390,746,0
21391,735,0
21392,740,0
21393,737,0
21394,740,0
21395,750,0
21396,740,0
21397,745,0
21398,734,0
21399,742,0
21400,743,0
21401,743,0
21402,743,0
21403,744,0
21404,741,0
21405,743,0
21406,748,0
21407,751,0
21408,741,0
21409,743,0
21410,752,0
21411,739,0
21412,733,0
21413,744,0
21414,748,0
21415,748,0
21416,734,0
21417,748,0
21418,745,0
21419,737,0
21420,733,0
21421,753,0
21422,750,0
21423,750,0
21424,742,0
21425,736,0
21426,738,0
21427,738,0
21428,743,0
21429,740,0
21430,740,0
21431,739,0
21432,746,0
21433,748,0
21434,751,0
21435,740,0
21436,737,0
21437,746,0
21438,741,0
21439,746,0
21440,747,0
21441,740,0
21442,748,0
21443,744,0
21444,743,0
21445,746,0
21446,745,0
21447,738,0
21448,740,0
21449,738,0
21450,746,0
21451,740,0
21452,744,0
21453,748,0
21454,747,0
21455,735,0
21456,748,0
21457,738,0
21458,740,0
21459,742,0
21460,740,0
21461,737,0
21462,739,0
21463,747,0
21464,747,0
21465,752,0
21466,746,0
21467,745,0
21468,742,0
21469,745,0
21470,743,0
21471,739,0
21472,738,0
21473,741,0
21474,753,0
21475,738,0
21476,740,0
21477,744,0
21478,748,0
21479,735,0
21480,743,0
21481,733,0
21482,743,0
21483,737,0
21484,749,0
21485,744,0
21486,741,0
21487,741,0
21488,750,0
21489,756,0
21490,748,0
21491,743,0
21492,736,0
21493,745,0
21494,743,0
21495,745,0
21496,747,0
21497,756,0
21498,746,0
21499,743,0
21500,730,0
21501,749,0
21502,745,0
21503,743,0
21504,746,0
21505,757,0
21506,740,0
21507,744,0
21508,744,0
21509,742,0
21510,746,0
21511,745,0
21512,745,0
21513,733,0
21514,732,0
21515,744,0
21516,737,0
21517,749,0
21518,749,0
21519,743,0
21520,746,0
21521,750,0
21522,752,0
21523,736,0
21524,747,0
21525,751,0
21526,744,0
21527,752,0
21528,745,0
21529,741,0
21530,739,0
21531,746,0
21532,741,0
21533,748,0
21534,737,0
21535,744,0
21536,745,0
21537,740,0
21538,737,0
21539,748,0
21540,742,0
21541,753,0
21542,741,0
21543,749,0
21544,744,0
21545,742,0
21546,747,0
21547,741,0
21548,743,0
21549,741,0
21550,744,0
21551,750,0
21552,747,0
21553,747,0
21554,748,0
21555,735,0
21556,747,0
21557,746,0
21558,751,0
21559,751,0
21560,742,0
21561,746,0
21562,751,0
21563,736,0
21564,744,0
21565,740,0
21566,745,0
21567,750,0
21568,743,0
21569,743,0
21570,747,0
21571,740,0
21572,747,0
21573,746,0
21574,743,0
21575,754,0
21576,757,0
21577,751,0
21578,743,0
21579,747,0
21580,741,0
21581,750,0
21582,748,0
21583,742,0
21584,748,0
21585,738,0
21586,742,0
21587,759,0
21588,735,0
21589,750,0
21590,745,0
21591,745,0
21592,746,0
21593,740,0
21594,736,0
21595,748,0
21596,740,0
21597,741,0
21598,746,0
21599,752,0
21600,751,0
21601,749,0
21602,746,0
21603,751,0
21604,743,0
21605,749,0
21606,743,0
21607,747,0
21608,746,0
21609,747,0
21610,742,0
21611,750,0
21612,742,0
21613,745,0
21614,752,0
21615,744,0
21616,746,0
21617,749,0
21618,754,0
21619,740,0
21620,753,0
21621,748,0
21622,751,0
21623,745,0
21624,749,0
21625,739,0
21626,751,0
21627,745,0
21628,750,0
21629,739,0
21630,735,0
21631,755,0
21632,748,0
21633,749,0
21634,743,0
21635,730,0
21636,741,0
21637,745,0
21638,743,0
21639,743,0
21640,741,0
21641,744,0
21642,745,0
21643,751,0
21644,743,0
21645,740,0
21646,746,0
21647,748,0
21648,752,0
21649,738,0
21650,741,0
21651,739,0
21652,753,0
21653,743,0
21654,748,0
21655,743,0
21656,745,0
21657,740,0
21658,745,0
21659,741,0
21660,748,0
21661,751,0
21662,744,0
21663,747,0
21664,746,0
21665,750,0
21666,745,0
21667,741,0
21668,754,0
21669,745,0
21670,740,0
21671,747,0
21672,746,0
21673,744,0
21674,746,0
21675,741,0
21676,747,0
21677,747,0
21678,745,0
21679,752,0
21680,737,0
21681,737,0
21682,731,0
21683,744,0
21684,747,0
21685,743,0
21686,752,0
21687,737,0
21688,749,0
21689,739,0
21690,747,0
21691,735,0
21692,753,0
21693,736,0
21694,743,0
21695,744,0
21696,744,0
21697,746,0
21698,751,0
21699,752,0
21700,745,0
21701,749,0
21702,740,0
21703,744,0
21704,745,0
21705,735,0
21706,735,0
21707,747,0
21708,743,0
21709,745,0
21710,738,0
21711,747,0
21712,749,0
21713,746,0
21714,745,0
21715,744,0
21716,748,0
21717,734,0
21718,750,0
21719,748,0
21720,748,0
21721,748,0
21722,748,0
21723,746,0
21724,749,0
21725,745,0
21726,753,0
21727,754,0
21728,741,0
21729,744,0
21730,741,0
21731,744,0
21732,755,0
21733,741,0
21734,745,0
21735,748,0
21736,747,0
21737,739,0
21738,741,0
21739,748,0
21740,736,0
21741,743,0
21742,751,0
21743,740,0
21744,747,0
21745,748,0
21746,748,0
21747,736,0
21748,742,0
21749,749,0
21750,744,0
21751,741,0
21752,741,0
21753,744,0
21754,750,0
21755,749,0
21756,755,0
21757,747,0
21758,745,0
21759,741,0
21760,752,0
21761,739,0
21762,736,0
21763,746,0
21764,749,0
21765,750,0
21766,751,0
21767,749,0
21768,738,0
21769,741,0
21770,743,0
21771,747,0
21772,748,0
21773,748,0
21774,748,0
21775,742,0
21776,735,0
21777,752,0
21778,752,0
21779,743,0
21780,746,0
21781,740,0
21782,749,0
21783,746,0
21784,743,0
21785,751,0
21786,742,0
21787,743,0
21788,753,0
21789,753,0
21790,748,0
21791,755,0
21792,742,0
21793,756,0
21794,750,0
21795,737,0
21796,739,0
21797,751,0
21798,743,0
21799,742,0
21800,739,0
21801,744,0
21802,747,0
21803,747,0
21804,744,0
21805,743,0
21806,738,0
21807,746,0
21808,747,0
21809,744,0
21810,745,0
21811,745,0
21812,747,0
21813,743,0
21814,735,0
21815,747,0
21816,745,0
21817,750,0
21818,741,0
21819,744,0
21820,741,0
21821,750,0
21822,742,0
21823,748,0
21824,744,0
21825,732,0
21826,753,0
21827,746,0
21828,744,0
21829,741,0
21830,757,0
21831,751,0
21832,749,0
21833,749,0
21834,749,0
21835,742,0
21836,744,0
21837,746,0
21838,747,0
21839,735,0
21840,742,0
21841,754,0
21842,751,0
21843,740,0
21844,743,0
21845,738,0
21846,746,0
21847,748,0
21848,748,0
21849,742,0
21850,742,0
21851,744,0
21852,752,0
21853,748,0
21854,750,0
21855,752,0
21856,749,0
21857,749,0
21858,743,0
21859,743,0
21860,744,0
21861,741,0
21862,751,0
21863,748,0
21864,747,0
21865,746,0
21866,748,0
21867,741,0
21868,748,0
21869,753,0
21870,745,0
21871,747,0
21872,739,0
21873,748,0
21874,748,0
21875,749,0
21876,740,0
21877,736,0
21878,747,0
21879,740,0
21880,744,0
21881,750,0
21882,738,0
21883,740,0
21884,736,0
21885,751,0
21886,755,0
21887,737,0
21888,745,0
21889,752,0
21890,746,0
21891,748,0
21892,748,0
21893,749,0
21894,740,0
21895,741,0
21896,756,0
21897,746,0
21898,750,0
21899,746,0
21900,744,0
21901,746,0
21902,743,0
21903,750,0
21904,746,0
21905,743,0
21906,739,0
21907,745,0
21908,736,0
21909,746,0
21910,751,0
21911,738,0
21912,747,0
21913,746,0
21914,745,0
21915,741,0
21916,753,0
21917,733,0
21918,760,0
21919,751,0
21920,744,0
21921,745,0
21922,751,0
21923,741,0
21924,745,0
21925,749,0
21926,736,0
21927,748,0
21928,751,0
21929,743,0
21930,743,0
21931,744,0
21932,745,0
21933,750,0
21934,735,0
21935,752,0
21936,747,0
21937,737,0
21938,746,0
21939,736,0
21940,742,0
21941,752,0
21942,750,0
21943,746,0
21944,751,0
21945,753,0
21946,751,0
21947,744,0
21948,741,0
21949,736,0
21950,742,0
21951,740,0
21952,744,0
21953,741,0
21954,750,0
21955,748,0
21956,737,0
21957,746,0
21958,740,0
21959,739,0
21960,743,0
21961,745,0
21962,746,0
21963,740,0
21964,737,0
21965,751,0
21966,746,0
21967,743,0
21968,742,0
21969,745,0
21970,747,0
21971,743,0
21972,746,0
21973,737,0
21974,739,0
21975,748,0
21976,739,0
21977,747,0
21978,739,0
21979,747,0
21980,744,0
21981,746,0
21982,746,0
21983,743,0
21984,750,0
21985,737,0
21986,744,0
21987,753,0
21988,742,0
21989,744,0
21990,745,0
21991,756,0
21992,744,0
21993,753,0
21994,740,0
21995,747,0
21996,745,0
21997,752,0
21998,744,0
21999,735,0
22000,744,0
22001,748,0
22002,749,0
22003,742,0
22004,743,0
22005,744,0
22006,749,0
22007,740,0
22008,745,0
22009,745,0
22010,748,0
22011,745,0
22012,749,0
22013,747,0
22014,747,0
22015,744,0
22016,742,0
22017,741,0
22018,749,0
22019,745,0
22020,749,0
22021,746,0
22022,744,0
22023,743,0
22024,741,0
22025,748,0
22026,749,0
22027,734,0
22028,739,0
22029,750,0
22030,751,0
22031,747,0
22032,742,0
22033,751,0
22034,749,0
22035,752,0
22036,745,0
22037,741,0
22038,743,0
22039,743,0
22040,755,0
22041,745,0
22042,745,0
22043,741,0
22044,741,0
22045,731,0
22046,740,0
22047,735,0
22048,740,0
22049,745,0
22050,742,0
22051,748,0
22052,741,0
22053,736,0
22054,751,0
22055,742,0
22056,741,0
22057,750,0
22058,742,0
22059,742,0
22060,741,0
22061,748,0
22062,748,0
22063,739,0
22064,751,0
22065,746,0
22066,745,0
22067,757,0
22068,753,0
22069,742,0
22070,748,0
22071,747,0
22072,744,0
22073,737,0
22074,746,0
22075,736,0
22076,744,0
22077,743,0
22078,742,0
22079,743,0
22080,746,0
22081,753,0
22082,746,0
22083,748,0
22084,747,0
22085,743,0
22086,750,0
22087,744,0
22088,741,0
22089,749,0
22090,748,0
22091,741,0
22092,744,0
22093,746,0
22094,748,0
22095,748,0
22096,757,0
22097,743,0
22098,742,0
22099,748,0
22100,742,0
22101,735,0
22102,745,0
22103,745,0
22104,742,0
22105,745,0
22106,742,0
22107,743,0
22108,745,0
22109,740,0
22110,744,0
22111,750,0
22112,755,0
22113,743,0
22114,745,0
22115,742,0
22116,748,0
22117,736,0
22118,754,0
22119,745,0
22120,742,0
22121,740,0
22122,742,0
22123,741,0
22124,745,0
22125,749,0
22126,737,0
22127,745,0
22128,743,0
22129,739,0
22130,744,0
22131,746,0
22132,753,0
22133,749,0
22134,744,0
22135,745,0
22136,745,0
22137,739,0
22138,752,0
22139,744,0
22140,747,0
22141,745,0
22142,744,0
22143,744,0
22144,742,0
22145,749,0
22146,746,0
22147,744,0
22148,736,0
22149,750,0
22150,742,0
22151,748,0
22152,746,0
22153,743,0
22154,741,0
22155,750,0
22156,745,0
22157,747,0
22158,743,0
22159,746,0
22160,738,0
22161,744,0
22162,745,0
22163,748,0
22164,740,0
22165,747,0
22166,747,0
22167,749,0
22168,746,0
22169,741,0
22170,730,0
22171,753,0
22172,748,0
22173,749,0
22174,745,0
22175,739,0
22176,746,0
22177,742,0
22178,732,0
22179,750,0
22180,749,0
22181,746,0
22182,741,0
22183,744,0
22184,753,0
22185,741,0
22186,746,0
22187,742,0
22188,736,0
22189,740,0
22190,744,0
22191,742,0
22192,746,0
22193,743,0
22194,743,0
22195,745,0
22196,742,0
22197,748,0
22198,752,0
22199,744,0
22200,743,0
22201,743,0
22202,738,0
22203,740,0
22204,746,0
22205,738,0
22206,742,0
22207,747,0
22208,748,0
22209,739,0
22210,743,0
22211,741,0
22212,749,0
22213,752,0
22214,747,0
22215,741,0
22216,749,0
22217,743,0
22218,748,0
22219,742,0
22220,744,0
22221,747,0
22222,744,0
22223,747,0
22224,744,0
22225,743,0
22226,751,0
22227,753,0
22228,739,0
22229,744,0
22230,742,0
22231,740,0
22232,749,0
22233,752,0
22234,744,0
22235,739,0
22236,748,0
22237,752,0
22238,743,0
22239,739,0
22240,751,0
22241,739,0
22242,744,0
22243,751,0
22244,752,0
22245,757,0
22246,749,0
22247,738,0
22248,736,0
22249,751,0
22250,739,0
22251,749,0
22252,746,0
22253,745,0
22254,737,0
22255,745,0
22256,738,0
22257,749,0
22258,750,0
22259,747,0
22260,742,0
22261,740,0
22262,750,0
22263,746,0
22264,759,0
22265,749,0
22266,745,0
22267,747,0
22268,750,0
22269,743,0
22270,746,0
22271,750,0
22272,740,0
22273,746,0
22274,741,0
22275,743,0
22276,749,0
22277,740,0
22278,734,0
22279,732,0
22280,737,0
22281,747,0
22282,742,0
22283,744,0
22284,747,0
22285,745,0
22286,742,0
22287,748,0
22288,741,0
22289,748,0
22290,747,0
22291,747,0
22292,743,0
22293,743,0
22294,744,0
22295,747,0
22296,750,0
22297,750,0
22298,746,0
22299,736,0
22300,750,0
22301,741,0
22302,746,0
22303,746,0
22304,744,0
22305,743,0
22306,742,0
22307,743,0
22308,746,0
22309,747,0
22310,739,0
22311,744,0
22312,753,0
22313,743,0
22314,751,0
22315,743,0
22316,747,0
22317,751,0
22318,743,0
22319,749,0
22320,737,0
22321,743,0
22322,740,0
22323,739,0
22324,741,0
22325,743,0
22326,742,0
22327,746,0
22328,742,0
22329,750,0
22330,746,0
22331,749,0
22332,746,0
22333,746,0
22334,746,0
22335,738,0
22336,743,0
22337,754,0
22338,745,0
22339,744,0
22340,754,0
22341,749,0
22342,748,0
22343,747,0
22344,739,0
22345,749,0
22346,748,0
22347,746,0
22348,750,0
22349,744,0
22350,752,0
22351,745,0
22352,746,0
22353,754,0
22354,738,0
22355,741,0
22356,751,0
22357,747,0
22358,752,0
22359,742,0
22360,747,0
22361,744,0
22362,747,0
22363,750,0
22364,754,0
22365,747,0
22366,745,0
22367,744,0
22368,745,0
22369,742,0
22370,743,0
22371,755,0
22372,744,0
22373,745,0
22374,745,0
22375,747,0
22376,745,0
22377,744,0
22378,737,0
22379,744,0
22380,747,0
22381,747,0
22382,739,0
22383,747,0
22384,738,0
22385,740,0
22386,749,0
22387,740,0
22388,746,0
22389,744,0
22390,746,0
22391,740,0
22392,751,0
22393,751,0
22394,757,0
22395,738,0
22396,742,0
22397,739,0
22398,742,0
22399,754,0
22400,745,0
22401,743,0
22402,740,0
22403,746,0
22404,756,0
22405,746,0
22406,740,0
22407,745,0
22408,740,0
22409,752,0
22410,754,0
22411,750,0
22412,742,0
22413,737,0
22414,743,0
22415,743,0
22416,748,0
22417,744,0
22418,747,0
22419,743,0
22420,738,0
22421,747,0
22422,746,0
22423,752,0
22424,743,0
22425,742,0
22426,752,0
22427,742,0
22428,744,0
22429,737,0
22430,742,0
22431,738,0
22432,748,0
22433,748,0
22434,745,0
22435,741,0
22436,746,0
22437,737,0
22438,751,0
22439,743,0
22440,741,0
22441,748,0
22442,742,0
22443,752,0
22444,745,0
22445,737,0
22446,749,0
22447,749,0
22448,736,0
22449,742,0
22450,753,0
22451,749,0
22452,746,0
22453,748,0
22454,744,0
22455,750,0
22456,747,0
22457,747,0
22458,749,0
22459,746,0
22460,741,0
22461,743,0
22462,741,0
22463,740,0
22464,751,0
22465,749,0
22466,747,0
22467,744,0
22468,747,0
22469,750,0
22470,745,0
22471,742,0
22472,749,0
22473,746,0
22474,747,0
22475,741,0
22476,742,0
22477,746,0
22478,738,0
22479,743,0
22480,743,0
22481,745,0
22482,747,0
22483,747,0
22484,742,0
22485,752,0
22486,751,0
22487,746,0
22488,749,0
22489,751,0
22490,735,0
22491,746,0
22492,740,0
22493,742,0
22494,747,0
22495,743,0
22496,749,0
22497,738,0
22498,751,0
22499,744,0
22500,750,0
22501,741,0
22502,741,0
22503,744,0
22504,751,0
22505,748,0
22506,752,0
22507,756,0
22508,744,0
22509,740,0
22510,746,0
22511,751,0
22512,744,0
22513,753,0
22514,743,0
22515,747,0
22516,744,0
22517,748,0
22518,750,0
22519,752,0
22520,746,0
22521,742,0
22522,748,0
22523,748,0
22524,749,0
22525,738,0
22526,751,0
22527,743,0
22528,743,0
22529,751,0
22530,754,0
22531,746,0
22532,744,0
22533,742,0
22534,741,0
22535,739,0
22536,739,0
22537,750,0
22538,747,0
22539,750,0
22540,750,0
22541,744,0
22542,745,0
22543,739,0
22544,739,0
22545,735,0
22546,745,0
22547,750,0
22548,749,0
22549,752,0
22550,750,0
22551,751,0
22552,750,0
22553,742,0
22554,749,0
22555,739,0
22556,754,0
22557,735,0
22558,745,0
22559,756,0
22560,738,0
22561,736,0
22562,741,0
22563,745,0
22564,748,0
22565,740,0
22566,740,0
22567,748,0
22568,746,0
22569,744,0
22570,749,0
22571,747,0
22572,737,0
22573,744,0
22574,747,0
22575,750,0
22576,744,0
22577,748,0
22578,744,0
22579,738,0
22580,750,0
22581,742,0
22582,736,0
22583,743,0
22584,735,0
22585,750,0
22586,750,0
22587,745,0
22588,745,0
22589,735,0
22590,750,0
22591,748,0
22592,754,0
22593,747,0
22594,758,0
22595,743,0
22596,740,0
22597,742,0
22598,748,0
22599,756,0
22600,750,0
22601,746,0
22602,750,0
22603,746,0
22604,749,0
22605,744,0
22606,746,0
22607,755,0
22608,746,0
22609,752,0
22610,746,0
22611,745,0
22612,747,0
22613,752,0
22614,745,0
22615,751,0
22616,741,0
22617,747,0
22618,747,0
22619,741,0
22620,750,0
22621,754,0
22622,748,0
22623,744,0
22624,743,0
22625,737,0
22626,739,0
22627,751,0
22628,738,0
22629,745,0
22630,745,0
22631,747,0
22632,744,0
22633,744,0
22634,751,0
22635,738,0
22636,741,0
22637,748,0
22638,750,0
22639,748,0
22640,748,0
22641,750,0
22642,749,0
22643,745,0
22644,745,0
22645,746,0
22646,744,0
22647,738,0
22648,743,0
22649,752,0
22650,743,0
22651,746,0
22652,744,0
22653,747,0
22654,744,0
22655,743,0
22656,750,0
22657,746,0
22658,746,0
22659,739,0
22660,747,0
22661,745,0
22662,746,0
22663,747,0
22664,740,0
22665,734,0
22666,742,0
22667,751,0
22668,750,0
22669,740,0
22670,743,0
22671,738,0
22672,736,0
22673,748,0
22674,735,0
22675,739,0
22676,744,0
22677,739,0
22678,749,0
22679,742,0
22680,747,0
22681,748,0
22682,756,0
22683,746,0
22684,747,0
22685,742,0
22686,751,0
22687,743,0
22688,731,0
22689,746,0
22690,755,0
22691,750,0
22692,749,0
22693,745,0
22694,752,0
22695,750,0
22696,751,0
22697,750,0
22698,749,0
22699,750,0
22700,743,0
22701,738,0
22702,743,0
22703,742,0
22704,746,0
22705,753,0
22706,752,0
22707,739,0
22708,746,0
22709,745,0
22710,753,0
22711,738,0
22712,747,0
22713,738,0
22714,738,0
22715,742,0
22716,741,0
22717,745,0
22718,737,0
22719,747,0
22720,745,0
22721,753,0
22722,741,0
22723,739,0
22724,737,0
22725,745,0
22726,749,0
22727,745,0
22728,740,0
22729,749,0
22730,745,0
22731,741,0
22732,745,0
22733,746,0
22734,742,0
22735,748,0
22736,742,0
22737,743,0
22738,743,0
22739,740,0
22740,745,0
22741,738,0
22742,741,0
22743,741,0
22744,749,0
22745,751,0
22746,746,0
22747,745,0
22748,742,0
22749,741,0
22750,755,0
22751,753,0
22752,745,0
22753,745,0
22754,749,0
22755,741,0
22756,749,0
22757,747,0
22758,752,0
22759,744,0
22760,741,0
22761,749,0
22762,745,0
22763,748,0
22764,746,0
22765,744,0
22766,751,0
22767,741,0
22768,749,0
22769,751,0
22770,738,0
22771,748,0
22772,747,0
22773,748,0
22774,750,0
22775,753,0
22776,742,0
22777,745,0
22778,751,0
22779,748,0
22780,750,0
22781,747,0
22782,750,0
22783,749,0
22784,747,0
22785,747,0
22786,743,0
22787,745,0
22788,746,0
22789,746,0
22790,748,0
22791,736,0
22792,741,0
22793,750,0
22794,749,0
22795,736,0
22796,741,0
22797,749,0
22798,742,0
22799,748,0
22800,754,0
22801,749,0
22802,744,0
22803,735,0
22804,738,0
22805,746,0
22806,751,0
22807,748,0
22808,746,0
22809,747,0
22810,748,0
22811,753,0
22812,738,0
22813,750,0
22814,753,0
22815,743,0
22816,745,0
22817,750,0
22818,745,0
22819,745,0
22820,741,0
22821,743,0
22822,749,0
22823,754,0
22824,748,0
22825,745,0
22826,751,0
22827,747,0
22828,743,0
22829,746,0
22830,750,0
22831,749,0
22832,737,0
22833,753,0
22834,746,0
22835,750,0
22836,746,0
22837,749,0
22838,746,0
22839,749,0
22840,740,0
22841,744,0
22842,744,0
22843,746,0
22844,732,0
22845,750,0
22846,742,0
22847,743,0
22848,743,0
22849,747,0
22850,742,0
22851,745,0
22852,745,0
22853,745,0
22854,753,0
22855,746,0
22856,748,0
22857,741,0
22858,744,0
22859,750,0
22860,748,0
22861,750,0
22862,755,0
22863,744,0
22864,748,0
22865,750,0
22866,746,0
22867,745,0
22868,743,0
22869,743,0
22870,753,0
22871,750,0
22872,746,0
22873,749,0
22874,748,0
22875,747,0
22876,751,0
22877,744,0
22878,758,0
22879,754,0
22880,736,0
22881,750,0
22882,741,0
22883,750,0
22884,752,0
22885,743,0
22886,749,0
22887,748,0
22888,748,0
22889,751,0
22890,750,0
22891,753,0
22892,743,0
22893,744,0
22894,746,0
22895,744,0
22896,755,0
22897,748,0
22898,752,0
22899,743,0
22900,742,0
22901,741,0
22902,751,0
22903,747,0
22904,738,0
22905,753,0
22906,752,0
22907,746,0
22908,746,0
22909,752,0
22910,747,0
22911,746,0
22912,741,0
22913,741,0
22914,743,0
22915,740,0
22916,751,0
22917,753,0
22918,741,0
22919,739,0
22920,748,0
22921,742,0
22922,756,0
22923,746,0
22924,740,0
22925,742,0
22926,753,0
22927,741,0
22928,737,0
22929,747,0
22930,745,0
22931,746,0
22932,739,0
22933,750,0
22934,742,0
22935,741,0
22936,739,0
22937,747,0
22938,739,0
22939,745,0
22940,745,0
22941,754,0
22942,753,0
22943,753,0
22944,750,0
22945,749,0
22946,753,0
22947,748,0
22948,743,0
22949,748,0
22950,747,0
22951,745,0
22952,739,0
22953,750,0
22954,740,0
22955,745,0
22956,761,0
22957,755,0
22958,754,0
22959,747,0
22960,753,0
22961,747,0
22962,743,0
22963,745,0
22964,742,0
22965,742,0
22966,755,0
22967,740,0
22968,749,0
22969,741,0
22970,744,0
22971,750,0
22972,755,0
22973,744,0
22974,745,0
22975,744,0
22976,751,0
22977,737,0
22978,741,0
22979,746,0
22980,747,0
22981,751,0
22982,745,0
22983,747,0
22984,742,0
22985,753,0
22986,742,0
22987,750,0
22988,747,0
22989,739,0
22990,752,0
22991,745,0
22992,747,0
22993,743,0
22994,746,0
22995,746,0
22996,746,0
22997,749,0
22998,751,0
22999,742,0
23000,751,0
23001,743,0
23002,746,0
23003,748,0
23004,753,0
23005,760,0
23006,746,0
23007,748,0
23008,752,0
23009,742,0
23010,732,0
23011,747,0
23012,746,0
23013,735,0
23014,750,0
23015,739,0
23016,745,0
23017,746,0
23018,741,0
23019,749,0
23020,743,0
23021,750,0
23022,749,0
23023,744,0
23024,742,0
23025,755,0
23026,750,0
23027,747,0
23028,745,0
23029,741,0
23030,746,0
23031,748,0
23032,747,0
23033,747,0
23034,750,0
23035,745,0
23036,753,0
23037,746,0
23038,741,0
23039,741,0
23040,738,0
23041,752,0
23042,747,0
23043,748,0
23044,745,0
23045,748,0
23046,749,0
23047,749,0
23048,743,0
23049,752,0
23050,738,0
23051,749,0
23052,744,0
23053,748,0
23054,753,0
23055,746,0
23056,747,0
23057,749,0
23058,752,0
23059,746,0
23060,747,0
23061,748,0
23062,750,0
23063,744,0
23064,734,0
23065,754,0
23066,751,0
23067,741,0
23068,746,0
23069,750,0
23070,751,0
23071,746,0
23072,747,0
23073,749,0
23074,749,0
23075,756,0
23076,741,0
23077,746,0
23078,744,0
23079,748,0
23080,747,0
23081,754,0
23082,745,0
23083,746,0
23084,760,0
23085,742,0
23086,743,0
23087,742,0
23088,736,0
23089,745,0
23090,745,0
23091,743,0
23092,745,0
23093,747,0
23094,734,0
23095,751,0
23096,745,0
23097,752,0
23098,739,0
23099,752,0
23100,748,0
23101,743,0
23102,743,0
23103,744,0
23104,749,0
23105,746,0
23106,738,0
23107,750,0
23108,747,0
23109,762,0
23110,744,0
23111,755,0
23112,738,0
23113,744,0
23114,749,0
23115,750,0
23116,729,0
23117,747,0
23118,746,0
23119,745,0
23120,745,0
23121,750,0
23122,749,0
23123,749,0
23124,747,0
23125,742,0
23126,743,0
23127,755,0
23128,743,0
23129,751,0
23130,753,0
23131,742,0
23132,747,0
23133,743,0
23134,746,0
23135,750,0
23136,751,0
23137,743,0
23138,750,0
23139,745,0
23140,751,0
23141,743,0
23142,748,0
23143,746,0
23144,742,0
23145,744,0
23146,747,0
23147,737,0
23148,745,0
23149,740,0
23150,753,0
23151,749,0
23152,742,0
23153,737,0
23154,746,0
23155,748,0
23156,746,0
23157,751,0
23158,746,0
23159,749,0
23160,745,0
23161,747,0
23162,741,0
23163,759,0
23164,742,0
23165,749,0
23166,746,0
23167,752,0
23168,745,0
23169,753,0
23170,753,0
23171,749,0
23172,748,0
23173,740,0
23174,746,0
23175,749,0
23176,742,0
23177,740,0
23178,751,0
23179,752,0
23180,745,0
23181,748,0
23182,742,0
23183,750,0
23184,749,0
23185,741,0
23186,743,0
23187,748,0
23188,741,0
23189,746,0
23190,750,0
23191,735,0
23192,745,0
23193,750,0
23194,754,0
23195,738,0
23196,744,0
23197,741,0
23198,748,0
23199,747,0
23200,748,0
23201,751,0
23202,735,0
23203,740,0
23204,736,0
23205,758,0
23206,745,0
23207,745,0
23208,751,0
23209,750,0
23210,748,0
23211,755,0
23212,753,0
23213,758,0
23214,747,0
23215,749,0
23216,743,0
23217,756,0
23218,746,0
23219,743,0
23220,751,0
23221,739,0
23222,749,0
23223,755,0
23224,752,0
23225,744,0
23226,746,0
23227,741,0
23228,751,0
23229,741,0
23230,751,0
23231,750,0
23232,746,0
23233,752,0
23234,740,0
23235,748,0
23236,757,0
23237,747,0
23238,755,0
23239,744,0
23240,745,0
23241,753,0
23242,738,0
23243,746,0
23244,739,0
23245,749,0
23246,742,0
23247,746,0
23248,740,0
23249,738,0
23250,743,0
23251,751,0
23252,750,0
23253,740,0
23254,749,0
23255,739,0
23256,738,0
23257,744,0
23258,738,0
23259,751,0
23260,743,0
23261,737,0
23262,746,0
23263,740,0
23264,748,0
23265,749,0
23266,746,0
23267,747,0
23268,749,0
23269,746,0
23270,729,0
23271,735,0
23272,747,0
23273,748,0
23274,750,0
23275,748,0
23276,741,0
23277,752,0
23278,746,0
23279,752,0
23280,748,0
23281,742,0
23282,743,0
23283,745,0
23284,738,0
23285,751,0
23286,743,0
23287,753,0
23288,746,0
23289,747,0
23290,746,0
23291,740,0
23292,755,0
23293,746,0
23294,744,0
23295,750,0
23296,746,0
23297,744,0
23298,745,0
23299,741,0
23300,749,0
23301,755,0
23302,746,0
23303,747,0
23304,748,0
23305,743,0
23306,744,0
23307,745,0
23308,751,0
23309,747,0
23310,746,0
23311,742,0
23312,736,0
23313,743,0
23314,747,0
23315,746,0
23316,745,0
23317,753,0
23318,744,0
23319,747,0
23320,746,0
23321,745,0
23322,736,0
23323,757,0
23324,747,0
23325,737,0
23326,738,0
23327,745,0
23328,753,0
23329,759,0
23330,748,0
23331,748,0
23332,746,0
23333,755,0
23334,741,0
23335,739,0
23336,745,0
23337,751,0
23338,744,0
23339,746,0
23340,742,0
23341,748,0
23342,748,0
23343,734,0
23344,754,0
23345,740,0
23346,741,0
23347,755,0
23348,746,0
23349,745,0
23350,755,0
23351,740,0
23352,745,0
23353,747,0
23354,749,0
23355,747,0
23356,747,0
23357,739,0
23358,745,0
23359,741,0
23360,742,0
23361,747,0
23362,738,0
23363,746,0
23364,746,0
23365,739,0
23366,744,0
23367,749,0
23368,743,0
23369,755,0
23370,746,0
23371,739,0
23372,747,0
23373,761,0
23374,740,0
23375,743,0
23376,762,0
23377,752,0
23378,739,0
23379,743,0
23380,748,0
23381,757,0
23382,744,0
23383,749,0
23384,754,0
23385,744,0
23386,743,0
23387,743,0
23388,750,0
23389,747,0
23390,754,0
23391,749,0
23392,741,0
23393,751,0
23394,751,0
23395,746,0
23396,744,0
23397,752,0
23398,747,0
23399,743,0
23400,748,0
23401,747,0
23402,756,0
23403,739,0
23404,754,0
23405,746,0
23406,744,0
23407,744,0
23408,745,0
23409,743,0
23410,745,0
23411,747,0
23412,749,0
23413,745,0
23414,748,0
23415,751,0
23416,752,0
23417,744,0
23418,753,0
23419,750,0
23420,739,0
23421,740,0
23422,741,0
23423,742,0
23424,746,0
23425,742,0
23426,747,0
23427,749,0
23428,748,0
23429,738,0
23430,750,0
23431,743,0
23432,752,0
23433,750,0
23434,748,0
23435,739,0
23436,747,0
23437,748,0
23438,745,0
23439,741,0
23440,739,0
23441,750,0
23442,743,0
23443,752,0
23444,741,0
23445,751,0
23446,745,0
23447,743,0
23448,746,0
23449,743,0
23450,736,0
23451,745,0
23452,746,0
23453,752,0
23454,744,0
23455,742,0
23456,741,0
23457,744,0
23458,742,0
23459,749,0
23460,744,0
23461,747,0
23462,746,0
23463,752,0
23464,755,0
23465,745,0
23466,740,0
23467,740,0
23468,747,0
23469,748,0
23470,749,0
23471,743,0
23472,753,0
23473,744,0
23474,744,0
23475,745,0
23476,746,0
23477,742,0
23478,744,0
23479,751,0
23480,745,0
23481,737,0
23482,751,0
23483,739,0
23484,739,0
23485,734,0
23486,745,0
23487,746,0
23488,740,0
23489,744,0
23490,741,0
23491,741,0
23492,747,0
23493,749,0
23494,743,0
23495,743,0
23496,744,0
23497,745,0
23498,754,0
23499,745,0
23500,750,0
23501,745,0
23502,749,0
23503,745,0
23504,738,0
23505,744,0
23506,737,0
23507,743,0
23508,746,0
23509,750,0
23510,743,0
23511,747,0
23512,745,0
23513,737,0
23514,736,0
23515,746,0
23516,741,0
23517,747,0
23518,748,0
23519,739,0
23520,743,0
23521,747,0
23522,741,0
23523,746,0
23524,747,0
23525,740,0
23526,742,0
23527,743,0
23528,740,0
23529,749,0
23530,748,0
23531,753,0
23532,746,0
23533,738,0
23534,743,0
23535,751,0
23536,744,0
23537,746,0
23538,747,0
23539,751,0
23540,743,0
23541,743,0
23542,751,0
23543,743,0
23544,745,0
23545,740,0
23546,746,0
23547,740,0
23548,747,0
23549,748,0
23550,750,0
23551,750,0
23552,747,0
23553,750,0
23554,745,0
23555,745,0
23556,745,0
23557,745,0
23558,749,0
23559,743,0
23560,744,0
23561,750,0
23562,754,0
23563,740,0
23564,740,0
23565,749,0
23566,748,0
23567,750,0
23568,742,0
23569,742,0
23570,745,0
23571,748,0
23572,751,0
23573,745,0
23574,744,0
23575,756,0
23576,746,0
23577,744,0
23578,738,0
23579,748,0
23580,748,0
23581,740,0
23582,747,0
23583,746,0
23584,747,0
23585,738,0
23586,741,0
23587,747,0
23588,744,0
23589,753,0
23590,739,0
23591,735,0
23592,744,0
23593,743,0
23594,749,0
23595,746,0
23596,754,0
23597,751,0
23598,742,0
23599,741,0
23600,747,0
23601,747,0
23602,746,0
23603,746,0
23604,734,0
23605,739,0
23606,749,0
23607,743,0
23608,743,0
23609,745,0
23610,740,0
23611,748,0
23612,742,0
23613,748,0
23614,744,0
23615,744,0
23616,751,0
23617,754,0
23618,755,0
23619,742,0
23620,740,0
23621,740,0
23622,741,0
23623,745,0
23624,750,0
23625,743,0
23626,747,0
23627,746,0
23628,746,0
23629,743,0
23630,733,0
23631,740,0
23632,749,0
23633,749,0
23634,740,0
23635,749,0
23636,742,0
23637,744,0
23638,745,0
23639,745,0
23640,738,0
23641,744,0
23642,748,0
23643,746,0
23644,751,0
23645,748,0
23646,748,0
23647,742,0
23648,746,0
23649,743,0
23650,748,0
23651,741,0
23652,752,0
23653,745,0
23654,737,0
23655,745,0
23656,746,0
23657,742,0
23658,741,0
23659,742,0
23660,744,0
23661,746,0
23662,737,0
23663,741,0
23664,741,0
23665,748,0
23666,751,0
23667,746,0
23668,741,0
23669,738,0
23670,750,0
23671,744,0
23672,747,0
23673,747,0
23674,740,0
23675,751,0
23676,751,0
23677,742,0
23678,745,0
23679,755,0
23680,734,0
23681,755,0
23682,747,0
23683,749,0
23684,741,0
23685,749,0
23686,746,0
23687,751,0
23688,748,0
23689,737,0
23690,748,0
23691,738,0
23692,744,0
23693,744,0
23694,741,0
23695,752,0
23696,746,0
23697,743,0
23698,752,0
23699,745,0
23700,747,0
23701,741,0
23702,735,0
23703,744,0
23704,751,0
23705,746,0
23706,744,0
23707,742,0
23708,750,0
23709,740,0
23710,751,0
23711,754,0
23712,744,0
23713,744,0
23714,749,0
23715,743,0
23716,756,0
23717,743,0
23718,748,0
23719,739,0
23720,751,0
23721,750,0
23722,750,0
23723,744,0
23724,750,0
23725,746,0
23726,742,0
23727,744,0
23728,745,0
23729,744,0
23730,742,0
23731,746,0
23732,748,0
23733,744,0
23734,740,0
23735,739,0
23736,735,0
23737,744,0
23738,748,0
23739,742,0
23740,746,0
23741,741,0
23742,739,0
23743,744,0
23744,747,0
23745,743,0
23746,739,0
23747,744,0
23748,743,0
23749,750,0
23750,756,0
23751,744,0
23752,755,0
23753,740,0
23754,742,0
23755,744,0
23756,747,0
23757,741,0
23758,747,0
23759,747,0
23760,738,0
23761,747,0
23762,737,0
23763,747,0
23764,746,0
23765,743,0
23766,751,0
23767,744,0
23768,742,0
23769,736,0
23770,742,0
23771,746,0
23772,750,0
23773,753,0
23774,740,0
23775,746,0
23776,748,0
23777,745,0
23778,740,0
23779,737,0
23780,752,0
23781,745,0
23782,748,0
23783,744,0
23784,745,0
23785,753,0
23786,753,0
23787,748,0
23788,740,0
23789,742,0
23790,735,0
23791,733,0
23792,745,0
23793,744,0
23794,742,0
23795,748,0
23796,745,0
23797,751,0
23798,746,0
23799,755,0
23800,741,0
23801,748,0
23802,750,0
23803,740,0
23804,739,0
23805,737,0
23806,741,0
23807,750,0
23808,743,0
23809,746,0
23810,736,0
23811,757,0
23812,750,0
23813,747,0
23814,746,0
23815,746,0
23816,747,0
23817,745,0
23818,751,0
23819,755,0
23820,742,0
23821,738,0
23822,746,0
23823,746,0
23824,742,0
23825,740,0
23826,746,0
23827,746,0
23828,741,0
23829,738,0
23830,746,0
23831,742,0
23832,747,0
23833,735,0
23834,748,0
23835,738,0
23836,743,0
23837,740,0
23838,743,0
23839,741,0
23840,746,0
23841,744,0
23842,742,0
23843,752,0
23844,744,0
23845,743,0
23846,746,0
23847,742,0
23848,738,0
23849,742,0
23850,740,0
23851,752,0
23852,744,0
23853,744,0
23854,743,0
23855,742,0
23856,752,0
23857,739,0
23858,749,0
23859,750,0
23860,748,0
23861,745,0
23862,738,0
23863,751,0
23864,739,0
23865,738,0
23866,749,0
23867,748,0
23868,746,0
23869,746,0
23870,747,0
23871,744,0
23872,750,0
23873,746,0
23874,746,0
23875,760,0
23876,746,0
23877,746,0
23878,750,0
23879,739,0
23880,748,0
23881,746,0
23882,745,0
23883,734,0
23884,751,0
23885,749,0
23886,752,0
23887,747,0
23888,754,0
23889,743,0
23890,743,0
23891,741,0
23892,755,0
23893,748,0
23894,743,0
23895,744,0
23896,751,0
23897,743,0
23898,740,0
23899,734,0
23900,744,0
23901,733,0
23902,742,0
23903,759,0
23904,739,0
23905,749,0
23906,742,0
23907,746,0
23908,753,0
23909,743,0
23910,736,0
23911,743,0
23912,741,0
23913,749,0
23914,745,0
23915,742,0
23916,743,0
23917,736,0
23918,744,0
23919,744,0
23920,745,0
23921,746,0
23922,742,0
23923,746,0
23924,743,0
23925,744,0
23926,752,0
23927,750,0
23928,747,0
23929,751,0
23930,752,0
23931,745,0
23932,744,0
23933,748,0
23934,742,0
23935,746,0
23936,746,0
23937,756,0
23938,758,0
23939,744,0
23940,744,0
23941,749,0
23942,750,0
23943,753,0
23944,748,0
23945,743,0
23946,747,0
23947,750,0
23948,742,0
23949,740,0
23950,743,0
23951,750,0
23952,753,0
23953,748,0
23954,756,0
23955,755,0
23956,746,0
23957,737,0
23958,747,0
23959,739,0
23960,753,0
23961,750,0
23962,747,0
23963,755,0
23964,747,0
23965,751,0
23966,742,0
23967,749,0
23968,743,0
23969,742,0
23970,750,0
23971,746,0
23972,742,0
23973,738,0
23974,741,0
23975,743,0
23976,742,0
23977,749,0
23978,753,0
23979,742,0
23980,737,0
23981,746,0
23982,750,0
23983,740,0
23984,737,0
23985,746,0
23986,738,0
23987,750,0
23988,747,0
23989,737,0
23990,745,0
23991,741,0
23992,736,0
23993,747,0
23994,747,0
23995,743,0
23996,749,0
23997,741,0
23998,748,0
23999,739,0
