Index,TemperatureRaw16,VGNDRaw16
0,128,0
1,120,0
2,129,0
3,118,0
4,126,0
5,135,0
6,126,0
7,124,0
8,120,0
9,132,0
10,111,0
11,127,0
12,139,0
13,136,0
14,119,0
15,122,0
16,129,0
17,121,0
18,121,0
19,123,0
20,133,0
21,129,0
22,123,0
23,127,0
24,124,0
25,123,0
26,121,0
27,121,0
28,116,0
29,119,0
30,118,0
31,131,0
32,118,0
33,123,0
34,117,0
35,123,0
36,130,0
37,127,0
38,129,0
39,126,0
40,125,0
41,127,0
42,129,0
43,122,0
44,126,0
45,128,0
46,129,0
47,123,0
48,123,0
49,122,0
50,117,0
51,123,0
52,116,0
53,133,0
54,135,0
55,121,0
56,133,0
57,127,0
58,123,0
59,125,0
60,122,0
61,132,0
62,124,0
63,119,0
64,121,0
65,128,0
66,129,0
67,122,0
68,134,0
69,128,0
70,130,0
71,133,0
72,133,0
73,126,0
74,122,0
75,125,0
76,127,0
77,128,0
78,125,0
79,124,0
80,125,0
81,123,0
82,116,0
83,129,0
84,122,0
85,117,0
86,122,0
87,123,0
88,118,0
89,130,0
90,118,0
91,122,0
92,125,0
93,130,0
94,127,0
95,124,0
96,123,0
97,121,0
98,119,0
99,126,0
100,125,0
101,128,0
102,125,0
103,128,0
104,126,0
105,121,0
106,133,0
107,120,0
108,128,0
109,120,0
110,135,0
111,129,0
112,132,0
113,121,0
114,122,0
115,125,0
116,117,0
117,123,0
118,122,0
119,122,0
120,128,0
121,128,0
122,128,0
123,126,0
124,126,0
125,126,0
126,124,0
127,119,0
128,134,0
129,113,0
130,129,0
131,129,0
132,125,0
133,118,0
134,123,0
135,122,0
136,123,0
137,123,0
138,126,0
139,122,0
140,117,0
141,123,0
142,127,0
143,131,0
144,126,0
145,125,0
146,126,0
147,145,0
148,123,0
149,128,0
150,129,0
151,131,0
152,123,0
153,126,0
154,122,0
155,130,0
156,130,0
157,116,0
158,129,0
159,127,0
160,126,0
161,115,0
162,120,0
163,124,0
164,122,0
165,119,0
166,124,0
167,129,0
168,123,0
169,127,0
170,130,0
171,131,0
172,119,0
173,124,0
174,120,0
175,135,0
176,126,0
177,129,0
178,135,0
179,119,0
180,128,0
181,124,0
182,122,0
183,117,0
184,121,0
185,121,0
186,126,0
187,128,0
188,122,0
189,112,0
190,134,0
191,140,0
192,121,0
193,124,0
194,118,0
195,120,0
196,132,0
197,125,0
198,127,0
199,125,0
200,126,0
201,132,0
202,137,0
203,136,0
204,132,0
205,145,0
206,155,0
207,154,0
208,159,0
209,156,0
210,151,0
211,168,0
212,168,0
213,169,0
214,170,0
215,176,0
216,185,0
217,183,0
218,193,0
219,195,0
220,196,0
221,190,0
222,208,0
223,207,0
224,217,0
225,222,0
226,213,0
227,219,0
228,231,0
229,231,0
230,225,0
231,230,0
232,231,0
233,233,0
234,243,0
235,245,0
236,245,0
237,257,0
238,254,0
239,255,0
240,270,0
241,266,0
242,266,0
243,266,0
244,283,0
245,268,0
246,280,0
247,280,0
248,282,0
249,288,0
250,290,0
251,287,0
252,293,0
253,297,0
254,291,0
255,303,0
256,302,0
257,310,0
258,315,0
259,310,0
260,324,0
261,319,0
262,311,0
263,322,0
264,322,0
265,324,0
266,331,0
267,332,0
268,329,0
269,337,0
270,330,0
271,342,0
272,333,0
273,349,0
274,344,0
275,351,0
276,358,0
277,359,0
278,363,0
279,366,0
280,348,0
281,354,0
282,372,0
283,366,0
284,374,0
285,373,0
286,380,0
287,384,0
288,380,0
289,383,0
290,385,0
291,383,0
292,393,0
293,386,0
294,392,0
295,391,0
296,394,0
297,393,0
298,393,0
299,398,0
300,403,0
301,398,0
302,406,0
303,413,0
304,409,0
305,411,0
306,416,0
307,423,0
308,415,0
309,403,0
310,418,0
311,427,0
312,431,0
313,423,0
314,430,0
315,434,0
316,428,0
317,436,0
318,434,0
319,447,0
320,441,0
321,442,0
322,446,0
323,454,0
324,451,0
325,454,0
326,443,0
327,448,0
328,453,0
329,457,0
330,456,0
331,459,0
332,466,0
333,467,0
334,462,0
335,462,0
336,470,0
337,471,0
338,476,0
339,465,0
340,464,0
341,473,0
342,483,0
343,489,0
344,482,0
345,485,0
346,482,0
347,490,0
348,485,0
349,500,0
350,483,0
351,489,0
352,496,0
353,498,0
354,504,0
355,506,0
356,498,0
357,504,0
358,507,0
359,502,0
360,504,0
361,498,0
362,498,0
363,506,0
364,513,0
365,515,0
366,519,0
367,513,0
368,516,0
369,519,0
370,513,0
371,523,0
372,514,0
373,519,0
374,524,0
375,528,0
376,531,0
377,525,0
378,530,0
379,529,0
380,528,0
381,530,0
382,526,0
383,529,0
384,535,0
385,524,0
386,535,0
387,532,0
388,544,0
389,537,0
390,536,0
391,540,0
392,537,0
393,525,0
394,543,0
395,557,0
396,547,0
397,543,0
398,552,0
399,557,0
400,553,0
401,548,0
402,549,0
403,550,0
404,544,0
405,551,0
406,550,0
407,561,0
408,559,0
409,566,0
410,562,0
411,563,0
412,556,0
413,567,0
414,560,0
415,561,0
416,564,0
417,561,0
418,568,0
419,576,0
420,576,0
421,573,0
422,575,0
423,571,0
424,563,0
425,570,0
426,576,0
427,579,0
428,575,0
429,578,0
430,574,0
431,573,0
432,576,0
433,584,0
434,582,0
435,579,0
436,588,0
437,580,0
438,586,0
439,589,0
440,593,0
441,600,0
442,589,0
443,593,0
444,584,0
445,584,0
446,598,0
447,592,0
448,596,0
449,593,0
450,595,0
451,590,0
452,586,0
453,606,0
454,604,0
455,605,0
456,596,0
457,597,0
458,597,0
459,604,0
460,602,0
461,603,0
462,605,0
463,602,0
464,613,0
465,610,0
466,615,0
467,604,0
468,618,0
469,604,0
470,603,0
471,613,0
472,615,0
473,608,0
474,617,0
475,614,0
476,617,0
477,614,0
478,617,0
479,616,0
480,609,0
481,623,0
482,619,0
483,620,0
484,623,0
485,615,0
486,620,0
487,617,0
488,625,0
489,623,0
490,618,0
491,625,0
492,625,0
493,625,0
494,624,0
495,620,0
496,619,0
497,615,0
498,619,0
499,627,0
500,628,0
501,629,0
502,623,0
503,634,0
504,639,0
505,628,0
506,637,0
507,631,0
508,632,0
509,624,0
510,639,0
511,632,0
512,640,0
513,633,0
514,638,0
515,643,0
516,633,0
517,642,0
518,643,0
519,640,0
520,646,0
521,641,0
522,640,0
523,647,0
524,638,0
525,645,0
526,640,0
527,639,0
528,643,0
529,646,0
530,637,0
531,647,0
532,637,0
533,646,0
534,649,0
535,647,0
536,648,0
537,648,0
538,641,0
539,640,0
540,653,0
541,641,0
542,650,0
543,640,0
544,651,0
545,651,0
546,644,0
547,650,0
548,642,0
549,647,0
550,643,0
551,661,0
552,655,0
553,661,0
554,653,0
555,656,0
556,662,0
557,655,0
558,646,0
559,646,0
560,657,0
561,654,0
562,653,0
563,654,0
564,660,0
565,655,0
566,661,0
567,651,0
568,658,0
569,657,0
570,668,0
571,660,0
572,669,0
573,655,0
574,677,0
575,665,0
576,665,0
577,665,0
578,655,0
579,659,0
580,657,0
581,664,0
582,660,0
583,660,0
584,670,0
585,655,0
586,673,0
587,665,0
588,663,0
589,662,0
590,669,0
591,655,0
592,665,0
593,663,0
594,669,0
595,674,0
596,666,0
597,672,0
598,672,0
599,679,0
600,669,0
601,670,0
602,680,0
603,674,0
604,680,0
605,676,0
606,667,0
607,676,0
608,667,0
609,683,0
610,668,0
611,678,0
612,686,0
613,684,0
614,679,0
615,669,0
616,678,0
617,681,0
618,671,0
619,682,0
620,677,0
621,670,0
622,668,0
623,683,0
624,672,0
625,685,0
626,687,0
627,676,0
628,677,0
629,682,0
630,683,0
631,680,0
632,682,0
633,680,0
634,675,0
635,682,0
636,680,0
637,687,0
638,681,0
639,683,0
640,686,0
641,676,0
642,682,0
643,680,0
644,683,0
645,673,0
646,679,0
647,684,0
648,693,0
649,689,0
650,674,0
651,683,0
652,679,0
653,689,0
654,683,0
655,682,0
656,680,0
657,679,0
658,679,0
659,686,0
660,684,0
661,687,0
662,685,0
663,687,0
664,691,0
665,685,0
666,691,0
667,677,0
668,690,0
669,688,0
670,680,0
671,688,0
672,693,0
673,695,0
674,687,0
675,692,0
676,690,0
677,692,0
678,687,0
679,691,0
680,685,0
681,691,0
682,684,0
683,696,0
684,689,0
685,685,0
686,688,0
687,687,0
688,686,0
689,690,0
690,691,0
691,697,0
692,694,0
693,690,0
694,695,0
695,688,0
696,701,0
697,692,0
698,692,0
699,692,0
700,694,0
701,692,0
702,699,0
703,700,0
704,695,0
705,693,0
706,701,0
707,697,0
708,700,0
709,693,0
710,703,0
711,698,0
712,692,0
713,691,0
714,687,0
715,693,0
716,703,0
717,697,0
718,689,0
719,693,0
720,700,0
721,696,0
722,695,0
723,695,0
724,699,0
725,700,0
726,697,0
727,694,0
728,691,0
729,704,0
730,701,0
731,698,0
732,694,0
733,690,0
734,703,0
735,707,0
736,700,0
737,694,0
738,694,0
739,708,0
740,701,0
741,703,0
742,701,0
743,707,0
744,699,0
745,706,0
746,696,0
747,711,0
748,706,0
749,699,0
750,692,0
751,704,0
752,707,0
753,702,0
754,701,0
755,703,0
756,708,0
757,698,0
758,699,0
759,702,0
760,693,0
761,707,0
762,698,0
763,700,0
764,707,0
765,703,0
766,704,0
767,705,0
768,706,0
769,700,0
770,703,0
771,704,0
772,708,0
773,707,0
774,697,0
775,705,0
776,710,0
777,708,0
778,703,0
779,703,0
780,705,0
781,710,0
782,708,0
783,710,0
784,716,0
785,708,0
786,720,0
787,717,0
788,715,0
789,698,0
790,704,0
791,707,0
792,702,0
793,704,0
794,700,0
795,705,0
796,709,0
797,705,0
798,705,0
799,703,0
800,705,0
801,711,0
802,708,0
803,708,0
804,708,0
805,704,0
806,704,0
807,708,0
808,710,0
809,704,0
810,709,0
811,706,0
812,711,0
813,702,0
814,702,0
815,707,0
816,714,0
817,717,0
818,714,0
819,702,0
820,712,0
821,714,0
822,709,0
823,722,0
824,715,0
825,708,0
826,706,0
827,706,0
828,704,0
829,711,0
830,713,0
831,706,0
832,709,0
833,720,0
834,717,0
835,712,0
836,712,0
837,713,0
838,719,0
839,714,0
840,716,0
841,706,0
842,706,0
843,713,0
844,721,0
845,710,0
846,710,0
847,708,0
848,709,0
849,703,0
850,712,0
851,711,0
852,717,0
853,712,0
854,713,0
855,718,0
856,720,0
857,714,0
858,712,0
859,713,0
860,713,0
861,713,0
862,719,0
863,718,0
864,714,0
865,718,0
866,717,0
867,717,0
868,716,0
869,721,0
870,709,0
871,727,0
872,718,0
873,713,0
874,711,0
875,715,0
876,713,0
877,715,0
878,713,0
879,705,0
880,715,0
881,719,0
882,719,0
883,717,0
884,718,0
885,713,0
886,710,0
887,714,0
888,720,0
889,726,0
890,721,0
891,713,0
892,723,0
893,709,0
894,712,0
895,714,0
896,726,0
897,720,0
898,719,0
899,725,0
900,721,0
901,715,0
902,721,0
903,718,0
904,717,0
905,724,0
906,711,0
907,725,0
908,711,0
909,719,0
910,721,0
911,713,0
912,709,0
913,720,0
914,712,0
915,722,0
916,718,0
917,713,0
918,719,0
919,718,0
920,715,0
921,721,0
922,719,0
923,709,0
924,713,0
925,724,0
926,716,0
927,716,0
928,717,0
929,721,0
930,723,0
931,718,0
932,713,0
933,712,0
934,711,0
935,720,0
936,722,0
937,718,0
938,712,0
939,715,0
940,731,0
941,722,0
942,710,0
943,717,0
944,722,0
945,714,0
946,733,0
947,721,0
948,730,0
949,727,0
950,717,0
951,710,0
952,722,0
953,722,0
954,724,0
955,716,0
956,712,0
957,726,0
958,718,0
959,720,0
960,725,0
961,720,0
962,713,0
963,719,0
964,715,0
965,714,0
966,718,0
967,723,0
968,724,0
969,721,0
970,724,0
971,726,0
972,725,0
973,720,0
974,717,0
975,724,0
976,726,0
977,715,0
978,724,0
979,730,0
980,728,0
981,721,0
982,728,0
983,729,0
984,720,0
985,725,0
986,728,0
987,731,0
988,719,0
989,722,0
990,734,0
991,738,0
992,723,0
993,727,0
994,729,0
995,726,0
996,724,0
997,724,0
998,728,0
999,725,0
1000,720,0
1001,722,0
1002,722,0
1003,715,0
1004,730,0
1005,720,0
1006,714,0
1007,726,0
1008,726,0
1009,734,0
1010,733,0
1011,727,0
1012,723,0
1013,731,0
1014,725,0
1015,732,0
1016,728,0
1017,721,0
1018,727,0
1019,717,0
1020,720,0
1021,726,0
1022,727,0
1023,735,0
1024,725,0
1025,727,0
1026,726,0
1027,725,0
1028,728,0
1029,727,0
1030,730,0
1031,724,0
1032,720,0
1033,733,0
1034,728,0
1035,727,0
1036,716,0
1037,716,0
1038,725,0
1039,727,0
1040,733,0
1041,726,0
1042,727,0
1043,726,0
1044,727,0
1045,731,0
1046,731,0
1047,723,0
1048,728,0
1049,733,0
1050,731,0
1051,724,0
1052,722,0
1053,729,0
1054,727,0
1055,730,0
1056,732,0
1057,721,0
1058,728,0
1059,737,0
1060,727,0
1061,727,0
1062,734,0
1063,728,0
1064,723,0
1065,725,0
1066,724,0
1067,729,0
1068,725,0
1069,737,0
1070,728,0
1071,725,0
1072,731,0
1073,727,0
1074,734,0
1075,725,0
1076,742,0
1077,730,0
1078,724,0
1079,721,0
1080,725,0
1081,730,0
1082,730,0
1083,729,0
1084,735,0
1085,741,0
1086,729,0
1087,732,0
1088,726,0
1089,735,0
1090,740,0
1091,728,0
1092,729,0
1093,737,0
1094,726,0
1095,727,0
1096,735,0
1097,719,0
1098,738,0
1099,730,0
1100,734,0
1101,736,0
1102,734,0
1103,737,0
1104,741,0
1105,729,0
1106,738,0
1107,733,0
1108,736,0
1109,734,0
1110,736,0
1111,738,0
1112,728,0
1113,730,0
1114,724,0
1115,739,0
1116,729,0
1117,736,0
1118,738,0
1119,735,0
1120,728,0
1121,740,0
1122,717,0
1123,734,0
1124,742,0
1125,739,0
1126,735,0
1127,735,0
1128,732,0
1129,737,0
1130,728,0
1131,732,0
1132,730,0
1133,732,0
1134,738,0
1135,739,0
1136,733,0
1137,724,0
1138,723,0
1139,732,0
1140,740,0
1141,727,0
1142,730,0
1143,731,0
1144,738,0
1145,744,0
1146,736,0
1147,732,0
1148,734,0
1149,726,0
1150,742,0
1151,734,0
1152,739,0
1153,732,0
1154,730,0
1155,734,0
1156,744,0
1157,730,0
1158,727,0
1159,729,0
1160,739,0
1161,734,0
1162,743,0
1163,736,0
1164,741,0
1165,722,0
1166,728,0
1167,736,0
1168,741,0
1169,731,0
1170,734,0
1171,730,0
1172,722,0
1173,732,0
1174,736,0
1175,737,0
1176,731,0
1177,735,0
1178,735,0
1179,742,0
1180,740,0
1181,743,0
1182,734,0
1183,743,0
1184,729,0
1185,755,0
1186,731,0
1187,742,0
1188,741,0
1189,744,0
1190,726,0
1191,736,0
1192,733,0
1193,735,0
1194,735,0
1195,742,0
1196,729,0
1197,738,0
1198,736,0
1199,732,0
1200,733,0
1201,743,0
1202,742,0
1203,738,0
1204,738,0
1205,731,0
1206,740,0
1207,729,0
1208,732,0
1209,735,0
1210,732,0
1211,737,0
1212,741,0
1213,740,0
1214,732,0
1215,739,0
1216,734,0
1217,739,0
1218,736,0
1219,736,0
1220,739,0
1221,738,0
1222,738,0
1223,738,0
1224,738,0
1225,740,0
1226,732,0
1227,743,0
1228,740,0
1229,739,0
1230,739,0
1231,743,0
1232,741,0
1233,735,0
1234,736,0
1235,736,0
1236,739,0
1237,741,0
1238,745,0
1239,749,0
1240,748,0
1241,734,0
1242,736,0
1243,744,0
1244,747,0
1245,745,0
1246,744,0
1247,736,0
1248,740,0
1249,736,0
1250,744,0
1251,739,0
1252,738,0
1253,739,0
1254,749,0
1255,747,0
1256,739,0
1257,738,0
1258,734,0
1259,741,0
1260,742,0
1261,731,0
1262,738,0
1263,734,0
1264,739,0
1265,735,0
1266,741,0
1267,744,0
1268,745,0
1269,740,0
1270,746,0
1271,734,0
1272,729,0
1273,737,0
1274,734,0
1275,737,0
1276,735,0
1277,736,0
1278,751,0
1279,746,0
1280,739,0
1281,735,0
1282,737,0
1283,740,0
1284,743,0
1285,745,0
1286,742,0
1287,740,0
1288,741,0
1289,742,0
1290,740,0
1291,735,0
1292,737,0
1293,736,0
1294,739,0
1295,741,0
1296,743,0
1297,749,0
1298,740,0
1299,742,0
1300,753,0
1301,741,0
1302,739,0
1303,746,0
1304,742,0
1305,743,0
1306,730,0
1307,740,0
1308,731,0
1309,737,0
1310,736,0
1311,728,0
1312,738,0
1313,742,0
1314,747,0
1315,752,0
1316,742,0
1317,736,0
1318,745,0
1319,744,0
1320,735,0
1321,745,0
1322,738,0
1323,737,0
1324,739,0
1325,747,0
1326,727,0
1327,742,0
1328,754,0
1329,750,0
1330,744,0
1331,743,0
1332,745,0
1333,755,0
1334,739,0
1335,749,0
1336,736,0
1337,744,0
1338,741,0
1339,741,0
1340,745,0
1341,746,0
1342,740,0
1343,745,0
1344,742,0
1345,748,0
1346,747,0
1347,748,0
1348,747,0
1349,746,0
1350,742,0
1351,738,0
1352,751,0
1353,749,0
1354,740,0
1355,742,0
1356,750,0
1357,748,0
1358,747,0
1359,741,0
1360,748,0
1361,752,0
1362,740,0
1363,740,0
1364,740,0
1365,747,0
1366,739,0
1367,747,0
1368,742,0
1369,740,0
1370,745,0
1371,743,0
1372,747,0
1373,745,0
1374,742,0
1375,746,0
1376,757,0
1377,744,0
1378,746,0
1379,755,0
1380,743,0
1381,740,0
1382,749,0
1383,748,0
1384,741,0
1385,734,0
1386,748,0
1387,744,0
1388,737,0
1389,744,0
1390,739,0
1391,741,0
1392,746,0
1393,748,0
1394,741,0
1395,744,0
1396,749,0
1397,739,0
1398,748,0
1399,748,0
1400,744,0
1401,754,0
1402,736,0
1403,750,0
1404,744,0
1405,745,0
1406,742,0
1407,749,0
1408,744,0
1409,748,0
1410,746,0
1411,745,0
1412,741,0
1413,742,0
1414,754,0
1415,749,0
1416,743,0
1417,754,0
1418,736,0
1419,750,0
1420,754,0
1421,750,0
1422,751,0
1423,749,0
1424,748,0
1425,753,0
1426,745,0
1427,754,0
1428,750,0
1429,742,0
1430,739,0
1431,745,0
1432,746,0
1433,741,0
1434,743,0
1435,759,0
1436,738,0
1437,745,0
1438,751,0
1439,744,0
1440,742,0
1441,751,0
1442,747,0
1443,747,0
1444,737,0
1445,755,0
1446,745,0
1447,744,0
1448,757,0
1449,744,0
1450,752,0
1451,750,0
1452,750,0
1453,757,0
1454,747,0
1455,754,0
1456,746,0
1457,749,0
1458,749,0
1459,748,0
1460,744,0
1461,749,0
1462,739,0
1463,743,0
1464,744,0
1465,743,0
1466,753,0
1467,760,0
1468,746,0
1469,751,0
1470,753,0
1471,753,0
1472,746,0
1473,743,0
1474,745,0
1475,749,0
1476,742,0
1477,757,0
1478,746,0
1479,742,0
1480,754,0
1481,744,0
1482,751,0
1483,749,0
1484,765,0
1485,758,0
1486,749,0
1487,752,0
1488,739,0
1489,752,0
1490,751,0
1491,752,0
1492,741,0
1493,748,0
1494,753,0
1495,754,0
1496,749,0
1497,750,0
1498,750,0
1499,751,0
1500,750,0
1501,743,0
1502,752,0
1503,754,0
1504,745,0
1505,746,0
1506,754,0
1507,750,0
1508,749,0
1509,754,0
1510,742,0
1511,743,0
1512,753,0
1513,751,0
1514,756,0
1515,748,0
1516,757,0
1517,757,0
1518,748,0
1519,755,0
1520,752,0
1521,755,0
1522,751,0
1523,747,0
1524,757,0
1525,751,0
1526,755,0
1527,742,0
1528,753,0
1529,741,0
1530,755,0
1531,753,0
1532,752,0
1533,757,0
1534,760,0
1535,750,0
1536,757,0
1537,749,0
1538,758,0
1539,752,0
1540,759,0
1541,749,0
1542,751,0
1543,746,0
1544,746,0
1545,750,0
1546,763,0
1547,757,0
1548,747,0
1549,747,0
1550,756,0
1551,762,0
1552,759,0
1553,749,0
1554,751,0
1555,758,0
1556,748,0
1557,751,0
1558,751,0
1559,754,0
1560,752,0
1561,750,0
1562,744,0
1563,755,0
1564,754,0
1565,752,0
1566,758,0
1567,750,0
1568,744,0
1569,751,0
1570,747,0
1571,754,0
1572,755,0
1573,753,0
1574,746,0
1575,740,0
1576,755,0
1577,749,0
1578,754,0
1579,760,0
1580,761,0
1581,766,0
1582,755,0
1583,750,0
1584,754,0
1585,765,0
1586,756,0
1587,748,0
1588,758,0
1589,752,0
1590,754,0
1591,755,0
1592,756,0
1593,754,0
1594,753,0
1595,750,0
1596,748,0
1597,762,0
1598,761,0
1599,755,0
1600,761,0
1601,754,0
1602,747,0
1603,761,0
1604,758,0
1605,761,0
1606,752,0
1607,758,0
1608,766,0
1609,750,0
1610,761,0
1611,755,0
1612,755,0
1613,756,0
1614,757,0
1615,755,0
1616,754,0
1617,743,0
1618,751,0
1619,746,0
1620,759,0
1621,753,0
1622,745,0
1623,756,0
1624,762,0
1625,754,0
1626,759,0
1627,758,0
1628,752,0
1629,764,0
1630,756,0
1631,747,0
1632,757,0
1633,759,0
1634,745,0
1635,758,0
1636,758,0
1637,752,0
1638,755,0
1639,768,0
1640,757,0
1641,762,0
1642,753,0
1643,756,0
1644,750,0
1645,757,0
1646,755,0
1647,756,0
1648,758,0
1649,761,0
1650,757,0
1651,758,0
1652,753,0
1653,756,0
1654,759,0
1655,754,0
1656,755,0
1657,753,0
1658,752,0
1659,758,0
1660,765,0
1661,758,0
1662,766,0
1663,753,0
1664,764,0
1665,754,0
1666,761,0
1667,751,0
1668,756,0
1669,751,0
1670,757,0
1671,760,0
1672,753,0
1673,758,0
1674,761,0
1675,761,0
1676,756,0
1677,756,0
1678,756,0
1679,753,0
1680,757,0
1681,760,0
1682,759,0
1683,750,0
1684,754,0
1685,759,0
1686,760,0
1687,763,0
1688,756,0
1689,765,0
1690,752,0
1691,759,0
1692,747,0
1693,755,0
1694,765,0
1695,760,0
1696,762,0
1697,755,0
1698,768,0
1699,763,0
1700,750,0
1701,759,0
1702,762,0
1703,769,0
1704,762,0
1705,756,0
1706,770,0
1707,760,0
1708,750,0
1709,756,0
1710,762,0
1711,769,0
1712,764,0
1713,753,0
1714,767,0
1715,759,0
1716,769,0
1717,758,0
1718,760,0
1719,756,0
1720,762,0
1721,755,0
1722,754,0
1723,764,0
1724,766,0
1725,759,0
1726,752,0
1727,758,0
1728,757,0
1729,765,0
1730,765,0
1731,757,0
1732,766,0
1733,758,0
1734,759,0
1735,764,0
1736,749,0
1737,751,0
1738,770,0
1739,763,0
1740,760,0
1741,763,0
1742,760,0
1743,762,0
1744,757,0
1745,766,0
1746,756,0
1747,762,0
1748,762,0
1749,763,0
1750,761,0
1751,756,0
1752,759,0
1753,757,0
1754,769,0
1755,770,0
1756,759,0
1757,761,0
1758,752,0
1759,760,0
1760,768,0
1761,766,0
1762,767,0
1763,771,0
1764,764,0
1765,766,0
1766,762,0
1767,759,0
1768,763,0
1769,766,0
1770,761,0
1771,759,0
1772,766,0
1773,765,0
1774,767,0
1775,759,0
1776,765,0
1777,766,0
1778,764,0
1779,760,0
1780,765,0
1781,770,0
1782,756,0
1783,766,0
1784,758,0
1785,761,0
1786,768,0
1787,760,0
1788,767,0
1789,773,0
1790,774,0
1791,770,0
1792,763,0
1793,770,0
1794,763,0
1795,758,0
1796,765,0
1797,762,0
1798,760,0
1799,761,0
1800,764,0
1801,762,0
1802,772,0
1803,758,0
1804,768,0
1805,763,0
1806,761,0
1807,768,0
1808,757,0
1809,771,0
1810,762,0
1811,763,0
1812,764,0
1813,766,0
1814,762,0
1815,765,0
1816,758,0
1817,761,0
1818,770,0
1819,754,0
1820,767,0
1821,758,0
1822,763,0
1823,765,0
1824,768,0
1825,771,0
1826,772,0
1827,765,0
1828,760,0
1829,772,0
1830,763,0
1831,762,0
1832,758,0
1833,764,0
1834,765,0
1835,769,0
1836,768,0
1837,768,0
1838,763,0
1839,771,0
1840,769,0
1841,768,0
1842,767,0
1843,764,0
1844,761,0
1845,762,0
1846,761,0
1847,763,0
1848,767,0
1849,759,0
1850,758,0
1851,772,0
1852,777,0
1853,769,0
1854,767,0
1855,766,0
1856,762,0
1857,770,0
1858,777,0
1859,762,0
1860,756,0
1861,765,0
1862,760,0
1863,766,0
1864,758,0
1865,755,0
1866,760,0
1867,769,0
1868,771,0
1869,765,0
1870,762,0
1871,764,0
1872,771,0
1873,768,0
1874,762,0
1875,771,0
1876,768,0
1877,757,0
1878,765,0
1879,771,0
1880,765,0
1881,761,0
1882,759,0
1883,766,0
1884,764,0
1885,763,0
1886,776,0
1887,762,0
1888,771,0
1889,763,0
1890,763,0
1891,766,0
1892,771,0
1893,765,0
1894,766,0
1895,765,0
1896,774,0
1897,763,0
1898,775,0
1899,769,0
1900,764,0
1901,771,0
1902,761,0
1903,763,0
1904,773,0
1905,766,0
1906,761,0
1907,765,0
1908,773,0
1909,763,0
1910,771,0
1911,765,0
1912,769,0
1913,764,0
1914,770,0
1915,774,0
1916,771,0
1917,777,0
1918,771,0
1919,771,0
1920,772,0
1921,770,0
1922,767,0
1923,762,0
1924,770,0
1925,769,0
1926,773,0
1927,779,0
1928,783,0
1929,773,0
1930,762,0
1931,775,0
1932,772,0
1933,757,0
1934,763,0
1935,771,0
1936,763,0
1937,768,0
1938,772,0
1939,775,0
1940,765,0
1941,765,0
1942,766,0
1943,772,0
1944,764,0
1945,768,0
1946,767,0
1947,765,0
1948,773,0
1949,771,0
1950,768,0
1951,758,0
1952,771,0
1953,758,0
1954,773,0
1955,783,0
1956,767,0
1957,767,0
1958,769,0
1959,770,0
1960,771,0
1961,767,0
1962,774,0
1963,762,0
1964,768,0
1965,782,0
1966,765,0
1967,779,0
1968,778,0
1969,769,0
1970,771,0
1971,771,0
1972,761,0
1973,770,0
1974,777,0
1975,768,0
1976,770,0
1977,772,0
1978,772,0
1979,766,0
1980,772,0
1981,775,0
1982,780,0
1983,773,0
1984,766,0
1985,764,0
1986,762,0
1987,781,0
1988,774,0
1989,768,0
1990,770,0
1991,767,0
1992,772,0
1993,773,0
1994,766,0
1995,765,0
1996,772,0
1997,766,0
1998,772,0
1999,766,0
2000,771,0
2001,760,0
2002,774,0
2003,778,0
2004,771,0
2005,765,0
2006,773,0
2007,767,0
2008,770,0
2009,781,0
2010,772,0
2011,766,0
2012,771,0
2013,772,0
2014,783,0
2015,780,0
2016,775,0
2017,772,0
2018,765,0
2019,767,0
2020,776,0
2021,771,0
2022,768,0
2023,771,0
2024,774,0
2025,778,0
2026,774,0
2027,776,0
2028,767,0
2029,767,0
2030,771,0
2031,774,0
2032,763,0
2033,785,0
2034,774,0
2035,778,0
2036,771,0
2037,767,0
2038,782,0
2039,774,0
2040,767,0
2041,785,0
2042,781,0
2043,773,0
2044,771,0
2045,765,0
2046,764,0
2047,778,0
2048,773,0
2049,776,0
2050,777,0
2051,774,0
2052,770,0
2053,774,0
2054,771,0
2055,767,0
2056,771,0
2057,771,0
2058,771,0
2059,779,0
2060,775,0
2061,770,0
2062,773,0
2063,778,0
2064,767,0
2065,766,0
2066,771,0
2067,776,0
2068,784,0
2069,783,0
2070,775,0
2071,773,0
2072,763,0
2073,773,0
2074,771,0
2075,764,0
2076,783,0
2077,785,0
2078,768,0
2079,777,0
2080,775,0
2081,782,0
2082,768,0
2083,774,0
2084,774,0
2085,777,0
2086,775,0
2087,769,0
2088,778,0
2089,773,0
2090,773,0
2091,779,0
2092,773,0
2093,779,0
2094,775,0
2095,773,0
2096,774,0
2097,784,0
2098,772,0
2099,778,0
2100,782,0
2101,774,0
2102,776,0
2103,772,0
2104,769,0
2105,778,0
2106,774,0
2107,776,0
2108,773,0
2109,774,0
2110,773,0
2111,780,0
2112,766,0
2113,775,0
2114,769,0
2115,785,0
2116,773,0
2117,782,0
2118,776,0
2119,781,0
2120,772,0
2121,777,0
2122,774,0
2123,778,0
2124,782,0
2125,773,0
2126,775,0
2127,766,0
2128,770,0
2129,775,0
2130,769,0
2131,783,0
2132,779,0
2133,775,0
2134,781,0
2135,778,0
2136,779,0
2137,786,0
2138,774,0
2139,777,0
2140,777,0
2141,780,0
2142,768,0
2143,778,0
2144,781,0
2145,776,0
2146,780,0
2147,772,0
2148,780,0
2149,777,0
2150,778,0
2151,769,0
2152,780,0
2153,776,0
2154,776,0
2155,780,0
2156,779,0
2157,780,0
2158,772,0
2159,778,0
2160,783,0
2161,773,0
2162,783,0
2163,770,0
2164,776,0
2165,778,0
2166,781,0
2167,776,0
2168,775,0
2169,772,0
2170,779,0
2171,778,0
2172,795,0
2173,778,0
2174,781,0
2175,785,0
2176,782,0
2177,774,0
2178,779,0
2179,773,0
2180,778,0
2181,771,0
2182,771,0
2183,771,0
2184,783,0
2185,783,0
2186,782,0
2187,776,0
2188,786,0
2189,786,0
2190,779,0
2191,785,0
2192,779,0
2193,776,0
2194,788,0
2195,781,0
2196,775,0
2197,786,0
2198,784,0
2199,780,0
2200,779,0
2201,772,0
2202,778,0
2203,783,0
2204,783,0
2205,781,0
2206,775,0
2207,779,0
2208,778,0
2209,781,0
2210,772,0
2211,781,0
2212,770,0
2213,783,0
2214,787,0
2215,776,0
2216,786,0
2217,776,0
2218,777,0
2219,781,0
2220,784,0
2221,778,0
2222,770,0
2223,777,0
2224,781,0
2225,789,0
2226,789,0
2227,778,0
2228,789,0
2229,777,0
2230,777,0
2231,785,0
2232,772,0
2233,780,0
2234,785,0
2235,784,0
2236,782,0
2237,781,0
2238,778,0
2239,774,0
2240,782,0
2241,782,0
2242,781,0
2243,785,0
2244,779,0
2245,781,0
2246,781,0
2247,785,0
2248,793,0
2249,780,0
2250,780,0
2251,774,0
2252,779,0
2253,785,0
2254,789,0
2255,785,0
2256,774,0
2257,785,0
2258,791,0
2259,789,0
2260,786,0
2261,785,0
2262,783,0
2263,792,0
2264,780,0
2265,785,0
2266,782,0
2267,783,0
2268,784,0
2269,784,0
2270,790,0
2271,780,0
2272,781,0
2273,790,0
2274,786,0
2275,784,0
2276,783,0
2277,779,0
2278,781,0
2279,778,0
2280,790,0
2281,785,0
2282,784,0
2283,785,0
2284,782,0
2285,792,0
2286,776,0
2287,784,0
2288,782,0
2289,773,0
2290,784,0
2291,779,0
2292,785,0
2293,789,0
2294,783,0
2295,781,0
2296,781,0
2297,779,0
2298,794,0
2299,785,0
2300,786,0
2301,784,0
2302,774,0
2303,778,0
2304,790,0
2305,793,0
2306,777,0
2307,788,0
2308,779,0
2309,782,0
2310,784,0
2311,784,0
2312,778,0
2313,786,0
2314,782,0
2315,778,0
2316,779,0
2317,778,0
2318,789,0
2319,783,0
2320,780,0
2321,791,0
2322,788,0
2323,780,0
2324,792,0
2325,778,0
2326,779,0
2327,788,0
2328,789,0
2329,785,0
2330,781,0
2331,782,0
2332,786,0
2333,789,0
2334,781,0
2335,788,0
2336,788,0
2337,782,0
2338,783,0
2339,783,0
2340,782,0
2341,785,0
2342,782,0
2343,783,0
2344,787,0
2345,785,0
2346,799,0
2347,788,0
2348,782,0
2349,785,0
2350,785,0
2351,786,0
2352,775,0
2353,787,0
2354,787,0
2355,792,0
2356,786,0
2357,784,0
2358,784,0
2359,782,0
2360,793,0
2361,787,0
2362,786,0
2363,790,0
2364,777,0
2365,792,0
2366,788,0
2367,784,0
2368,777,0
2369,789,0
2370,785,0
2371,788,0
2372,789,0
2373,778,0
2374,791,0
2375,793,0
2376,786,0
2377,780,0
2378,787,0
2379,784,0
2380,785,0
2381,793,0
2382,779,0
2383,786,0
2384,788,0
2385,794,0
2386,791,0
2387,786,0
2388,781,0
2389,782,0
2390,788,0
2391,787,0
2392,794,0
2393,790,0
2394,778,0
2395,793,0
2396,789,0
2397,792,0
2398,782,0
2399,790,0
2400,775,0
2401,795,0
2402,786,0
2403,793,0
2404,785,0
2405,784,0
2406,787,0
2407,792,0
2408,787,0
2409,780,0
2410,799,0
2411,786,0
2412,778,0
2413,789,0
2414,795,0
2415,781,0
2416,788,0
2417,787,0
2418,783,0
2419,784,0
2420,795,0
2421,796,0
2422,786,0
2423,778,0
2424,783,0
2425,787,0
2426,787,0
2427,780,0
2428,781,0
2429,802,0
2430,797,0
2431,792,0
2432,789,0
2433,785,0
2434,786,0
2435,793,0
2436,785,0
2437,785,0
2438,786,0
2439,791,0
2440,788,0
2441,793,0
2442,790,0
2443,790,0
2444,796,0
2445,796,0
2446,791,0
2447,787,0
2448,787,0
2449,789,0
2450,791,0
2451,786,0
2452,793,0
2453,794,0
2454,796,0
2455,794,0
2456,787,0
2457,790,0
2458,784,0
2459,791,0
2460,789,0
2461,776,0
2462,791,0
2463,784,0
2464,791,0
2465,787,0
2466,793,0
2467,783,0
2468,792,0
2469,795,0
2470,790,0
2471,794,0
2472,790,0
2473,790,0
2474,781,0
2475,787,0
2476,787,0
2477,796,0
2478,788,0
2479,790,0
2480,786,0
2481,795,0
2482,793,0
2483,791,0
2484,787,0
2485,794,0
2486,787,0
2487,798,0
2488,790,0
2489,797,0
2490,791,0
2491,787,0
2492,793,0
2493,799,0
2494,800,0
2495,788,0
2496,792,0
2497,793,0
2498,797,0
2499,783,0
2500,793,0
2501,788,0
2502,791,0
2503,789,0
2504,788,0
2505,800,0
2506,793,0
2507,795,0
2508,783,0
2509,789,0
2510,787,0
2511,790,0
2512,797,0
2513,788,0
2514,793,0
2515,794,0
2516,800,0
2517,797,0
2518,791,0
2519,797,0
2520,794,0
2521,789,0
2522,793,0
2523,790,0
2524,788,0
2525,784,0
2526,791,0
2527,798,0
2528,789,0
2529,794,0
2530,791,0
2531,797,0
2532,798,0
2533,793,0
2534,795,0
2535,794,0
2536,789,0
2537,790,0
2538,803,0
2539,785,0
2540,793,0
2541,785,0
2542,797,0
2543,793,0
2544,795,0
2545,790,0
2546,798,0
2547,783,0
2548,794,0
2549,792,0
2550,795,0
2551,788,0
2552,787,0
2553,791,0
2554,791,0
2555,790,0
2556,789,0
2557,796,0
2558,796,0
2559,794,0
2560,793,0
2561,795,0
2562,801,0
2563,797,0
2564,797,0
2565,795,0
2566,789,0
2567,797,0
2568,791,0
2569,792,0
2570,801,0
2571,798,0
2572,797,0
2573,789,0
2574,796,0
2575,793,0
2576,799,0
2577,798,0
2578,788,0
2579,798,0
2580,793,0
2581,798,0
2582,791,0
2583,786,0
2584,793,0
2585,796,0
2586,794,0
2587,789,0
2588,789,0
2589,790,0
2590,804,0
2591,794,0
2592,788,0
2593,794,0
2594,791,0
2595,797,0
2596,791,0
2597,800,0
2598,797,0
2599,789,0
2600,797,0
2601,795,0
2602,791,0
2603,792,0
2604,794,0
2605,810,0
2606,794,0
2607,792,0
2608,800,0
2609,797,0
2610,794,0
2611,793,0
2612,794,0
2613,804,0
2614,800,0
2615,793,0
2616,799,0
2617,786,0
2618,783,0
2619,808,0
2620,797,0
2621,791,0
2622,793,0
2623,787,0
2624,803,0
2625,801,0
2626,797,0
2627,798,0
2628,798,0
2629,800,0
2630,791,0
2631,797,0
2632,791,0
2633,796,0
2634,788,0
2635,802,0
2636,791,0
2637,798,0
2638,796,0
2639,790,0
2640,802,0
2641,788,0
2642,792,0
2643,798,0
2644,803,0
2645,803,0
2646,794,0
2647,801,0
2648,794,0
2649,795,0
2650,799,0
2651,790,0
2652,802,0
2653,795,0
2654,798,0
2655,803,0
2656,807,0
2657,801,0
2658,796,0
2659,793,0
2660,800,0
2661,798,0
2662,794,0
2663,804,0
2664,801,0
2665,802,0
2666,799,0
2667,789,0
2668,795,0
2669,794,0
2670,785,0
2671,803,0
2672,798,0
2673,806,0
2674,797,0
2675,800,0
2676,806,0
2677,794,0
2678,794,0
2679,796,0
2680,793,0
2681,800,0
2682,805,0
2683,799,0
2684,806,0
2685,798,0
2686,799,0
2687,798,0
2688,800,0
2689,792,0
2690,782,0
2691,797,0
2692,802,0
2693,792,0
2694,794,0
2695,808,0
2696,802,0
2697,788,0
2698,793,0
2699,805,0
2700,799,0
2701,796,0
2702,796,0
2703,807,0
2704,796,0
2705,795,0
2706,792,0
2707,791,0
2708,793,0
2709,799,0
2710,797,0
2711,803,0
2712,794,0
2713,799,0
2714,786,0
2715,795,0
2716,796,0
2717,799,0
2718,796,0
2719,792,0
2720,795,0
2721,800,0
2722,800,0
2723,796,0
2724,797,0
2725,799,0
2726,806,0
2727,802,0
2728,803,0
2729,805,0
2730,799,0
2731,801,0
2732,791,0
2733,798,0
2734,803,0
2735,803,0
2736,796,0
2737,797,0
2738,797,0
2739,803,0
2740,805,0
2741,801,0
2742,809,0
2743,800,0
2744,800,0
2745,799,0
2746,798,0
2747,804,0
2748,806,0
2749,805,0
2750,792,0
2751,793,0
2752,805,0
2753,803,0
2754,792,0
2755,792,0
2756,799,0
2757,795,0
2758,807,0
2759,803,0
2760,799,0
2761,792,0
2762,804,0
2763,795,0
2764,801,0
2765,801,0
2766,803,0
2767,799,0
2768,798,0
2769,802,0
2770,802,0
2771,808,0
2772,799,0
2773,798,0
2774,802,0
2775,800,0
2776,799,0
2777,804,0
2778,801,0
2779,799,0
2780,802,0
2781,793,0
2782,799,0
2783,800,0
2784,803,0
2785,799,0
2786,806,0
2787,803,0
2788,803,0
2789,798,0
2790,801,0
2791,796,0
2792,804,0
2793,802,0
2794,807,0
2795,804,0
2796,799,0
2797,806,0
2798,805,0
2799,806,0
2800,794,0
2801,794,0
2802,802,0
2803,801,0
2804,803,0
2805,803,0
2806,803,0
2807,808,0
2808,802,0
2809,796,0
2810,803,0
2811,805,0
2812,809,0
2813,808,0
2814,801,0
2815,808,0
2816,809,0
2817,803,0
2818,807,0
2819,805,0
2820,812,0
2821,803,0
2822,800,0
2823,814,0
2824,802,0
2825,795,0
2826,803,0
2827,804,0
2828,803,0
2829,800,0
2830,806,0
2831,806,0
2832,803,0
2833,803,0
2834,810,0
2835,803,0
2836,812,0
2837,800,0
2838,801,0
2839,807,0
2840,795,0
2841,807,0
2842,806,0
2843,799,0
2844,795,0
2845,808,0
2846,800,0
2847,801,0
2848,806,0
2849,800,0
2850,805,0
2851,802,0
2852,802,0
2853,804,0
2854,800,0
2855,811,0
2856,807,0
2857,808,0
2858,803,0
2859,798,0
2860,808,0
2861,798,0
2862,807,0
2863,804,0
2864,800,0
2865,798,0
2866,802,0
2867,802,0
2868,804,0
2869,800,0
2870,814,0
2871,803,0
2872,809,0
2873,812,0
2874,815,0
2875,800,0
2876,805,0
2877,789,0
2878,797,0
2879,805,0
2880,815,0
2881,802,0
2882,814,0
2883,806,0
2884,799,0
2885,809,0
2886,800,0
2887,798,0
2888,814,0
2889,803,0
2890,808,0
2891,807,0
2892,817,0
2893,802,0
2894,801,0
2895,808,0
2896,798,0
2897,802,0
2898,802,0
2899,809,0
2900,805,0
2901,806,0
2902,804,0
2903,806,0
2904,798,0
2905,799,0
2906,802,0
2907,800,0
2908,805,0
2909,814,0
2910,801,0
2911,810,0
2912,804,0
2913,805,0
2914,798,0
2915,812,0
2916,808,0
2917,808,0
2918,809,0
2919,814,0
2920,811,0
2921,811,0
2922,799,0
2923,806,0
2924,814,0
2925,804,0
2926,815,0
2927,801,0
2928,811,0
2929,805,0
2930,799,0
2931,806,0
2932,801,0
2933,802,0
2934,809,0
2935,807,0
2936,792,0
2937,804,0
2938,815,0
2939,800,0
2940,810,0
2941,809,0
2942,812,0
2943,806,0
2944,812,0
2945,815,0
2946,810,0
2947,806,0
2948,811,0
2949,807,0
2950,806,0
2951,812,0
2952,810,0
2953,808,0
2954,804,0
2955,809,0
2956,807,0
2957,808,0
2958,808,0
2959,817,0
2960,797,0
2961,806,0
2962,814,0
2963,798,0
2964,801,0
2965,806,0
2966,812,0
2967,807,0
2968,818,0
2969,808,0
2970,815,0
2971,809,0
2972,802,0
2973,810,0
2974,804,0
2975,812,0
2976,811,0
2977,811,0
2978,800,0
2979,801,0
2980,811,0
2981,794,0
2982,803,0
2983,809,0
2984,806,0
2985,812,0
2986,807,0
2987,806,0
2988,816,0
2989,803,0
2990,817,0
2991,801,0
2992,809,0
2993,814,0
2994,821,0
2995,811,0
2996,808,0
2997,815,0
2998,810,0
2999,805,0
3000,810,0
3001,807,0
3002,808,0
3003,803,0
3004,803,0
3005,809,0
3006,806,0
3007,806,0
3008,809,0
3009,811,0
3010,804,0
3011,806,0
3012,808,0
3013,813,0
3014,809,0
3015,806,0
3016,806,0
3017,806,0
3018,814,0
3019,811,0
3020,811,0
3021,801,0
3022,814,0
3023,805,0
3024,816,0
3025,809,0
3026,807,0
3027,814,0
3028,816,0
3029,814,0
3030,807,0
3031,807,0
3032,806,0
3033,815,0
3034,812,0
3035,813,0
3036,808,0
3037,817,0
3038,809,0
3039,814,0
3040,804,0
3041,805,0
3042,813,0
3043,815,0
3044,809,0
3045,803,0
3046,810,0
3047,804,0
3048,824,0
3049,809,0
3050,809,0
3051,806,0
3052,814,0
3053,806,0
3054,809,0
3055,813,0
3056,813,0
3057,811,0
3058,819,0
3059,809,0
3060,799,0
3061,814,0
3062,813,0
3063,810,0
3064,809,0
3065,806,0
3066,816,0
3067,812,0
3068,809,0
3069,820,0
3070,818,0
3071,814,0
3072,818,0
3073,817,0
3074,814,0
3075,808,0
3076,808,0
3077,810,0
3078,814,0
3079,804,0
3080,815,0
3081,810,0
3082,814,0
3083,815,0
3084,811,0
3085,817,0
3086,809,0
3087,807,0
3088,807,0
3089,808,0
3090,812,0
3091,806,0
3092,803,0
3093,816,0
3094,802,0
3095,811,0
3096,807,0
3097,821,0
3098,805,0
3099,821,0
3100,813,0
3101,812,0
3102,811,0
3103,807,0
3104,821,0
3105,804,0
3106,818,0
3107,812,0
3108,812,0
3109,817,0
3110,809,0
3111,808,0
3112,801,0
3113,811,0
3114,807,0
3115,817,0
3116,814,0
3117,811,0
3118,811,0
3119,813,0
3120,821,0
3121,812,0
3122,807,0
3123,812,0
3124,811,0
3125,810,0
3126,813,0
3127,806,0
3128,813,0
3129,817,0
3130,816,0
3131,813,0
3132,809,0
3133,817,0
3134,817,0
3135,806,0
3136,826,0
3137,812,0
3138,817,0
3139,810,0
3140,824,0
3141,811,0
3142,809,0
3143,809,0
3144,817,0
3145,813,0
3146,818,0
3147,823,0
3148,816,0
3149,818,0
3150,816,0
3151,813,0
3152,809,0
3153,809,0
3154,816,0
3155,816,0
3156,810,0
3157,808,0
3158,819,0
3159,809,0
3160,806,0
3161,809,0
3162,812,0
3163,815,0
3164,816,0
3165,819,0
3166,804,0
3167,812,0
3168,822,0
3169,820,0
3170,816,0
3171,806,0
3172,814,0
3173,818,0
3174,811,0
3175,804,0
3176,815,0
3177,817,0
3178,826,0
3179,808,0
3180,815,0
3181,814,0
3182,812,0
3183,811,0
3184,825,0
3185,820,0
3186,818,0
3187,817,0
3188,830,0
3189,821,0
3190,808,0
3191,814,0
3192,816,0
3193,821,0
3194,812,0
3195,816,0
3196,814,0
3197,820,0
3198,816,0
3199,813,0
3200,816,0
3201,820,0
3202,813,0
3203,812,0
3204,816,0
3205,825,0
3206,808,0
3207,816,0
3208,809,0
3209,816,0
3210,818,0
3211,823,0
3212,808,0
3213,821,0
3214,817,0
3215,813,0
3216,804,0
3217,813,0
3218,818,0
3219,804,0
3220,823,0
3221,813,0
3222,818,0
3223,825,0
3224,814,0
3225,816,0
3226,813,0
3227,808,0
3228,807,0
3229,825,0
3230,823,0
3231,812,0
3232,820,0
3233,815,0
3234,806,0
3235,821,0
3236,816,0
3237,816,0
3238,824,0
3239,818,0
3240,823,0
3241,820,0
3242,814,0
3243,821,0
3244,822,0
3245,817,0
3246,817,0
3247,819,0
3248,805,0
3249,812,0
3250,815,0
3251,816,0
3252,819,0
3253,825,0
3254,806,0
3255,817,0
3256,813,0
3257,819,0
3258,818,0
3259,814,0
3260,813,0
3261,815,0
3262,816,0
3263,810,0
3264,813,0
3265,821,0
3266,819,0
3267,809,0
3268,811,0
3269,825,0
3270,831,0
3271,817,0
3272,810,0
3273,817,0
3274,818,0
3275,817,0
3276,828,0
3277,816,0
3278,825,0
3279,822,0
3280,816,0
3281,821,0
3282,822,0
3283,817,0
3284,831,0
3285,823,0
3286,828,0
3287,820,0
3288,814,0
3289,822,0
3290,817,0
3291,811,0
3292,814,0
3293,818,0
3294,815,0
3295,819,0
3296,821,0
3297,818,0
3298,807,0
3299,820,0
3300,822,0
3301,822,0
3302,815,0
3303,816,0
3304,813,0
3305,817,0
3306,815,0
3307,823,0
3308,821,0
3309,820,0
3310,829,0
3311,816,0
3312,817,0
3313,817,0
3314,815,0
3315,814,0
3316,814,0
3317,826,0
3318,818,0
3319,827,0
3320,817,0
3321,818,0
3322,821,0
3323,821,0
3324,824,0
3325,826,0
3326,824,0
3327,819,0
3328,823,0
3329,818,0
3330,820,0
3331,820,0
3332,828,0
3333,827,0
3334,819,0
3335,828,0
3336,812,0
3337,821,0
3338,820,0
3339,819,0
3340,829,0
3341,821,0
3342,813,0
3343,821,0
3344,833,0
3345,809,0
3346,824,0
3347,808,0
3348,821,0
3349,827,0
3350,827,0
3351,816,0
3352,824,0
3353,815,0
3354,821,0
3355,825,0
3356,828,0
3357,817,0
3358,827,0
3359,826,0
3360,825,0
3361,820,0
3362,816,0
3363,816,0
3364,820,0
3365,815,0
3366,818,0
3367,821,0
3368,823,0
3369,823,0
3370,821,0
3371,817,0
3372,818,0
3373,825,0
3374,821,0
3375,818,0
3376,821,0
3377,825,0
3378,832,0
3379,819,0
3380,813,0
3381,826,0
3382,827,0
3383,814,0
3384,820,0
3385,816,0
3386,830,0
3387,832,0
3388,821,0
3389,819,0
3390,816,0
3391,820,0
3392,818,0
3393,820,0
3394,819,0
3395,816,0
3396,817,0
3397,815,0
3398,823,0
3399,820,0
3400,830,0
3401,828,0
3402,823,0
3403,816,0
3404,806,0
3405,824,0
3406,822,0
3407,822,0
3408,819,0
3409,822,0
3410,821,0
3411,833,0
3412,820,0
3413,823,0
3414,824,0
3415,830,0
3416,830,0
3417,818,0
3418,824,0
3419,821,0
3420,828,0
3421,828,0
3422,825,0
3423,821,0
3424,819,0
3425,816,0
3426,827,0
3427,822,0
3428,822,0
3429,822,0
3430,826,0
3431,828,0
3432,825,0
3433,820,0
3434,824,0
3435,827,0
3436,819,0
3437,819,0
3438,822,0
3439,830,0
3440,822,0
3441,830,0
3442,825,0
3443,827,0
3444,826,0
3445,821,0
3446,817,0
3447,830,0
3448,827,0
3449,814,0
3450,830,0
3451,819,0
3452,824,0
3453,820,0
3454,818,0
3455,820,0
3456,826,0
3457,826,0
3458,822,0
3459,822,0
3460,823,0
3461,826,0
3462,819,0
3463,825,0
3464,819,0
3465,831,0
3466,828,0
3467,824,0
3468,828,0
3469,823,0
3470,827,0
3471,818,0
3472,821,0
3473,822,0
3474,829,0
3475,834,0
3476,815,0
3477,829,0
3478,822,0
3479,822,0
3480,822,0
3481,824,0
3482,825,0
3483,827,0
3484,830,0
3485,826,0
3486,828,0
3487,822,0
3488,822,0
3489,823,0
3490,825,0
3491,824,0
3492,829,0
3493,826,0
3494,823,0
3495,827,0
3496,828,0
3497,823,0
3498,829,0
3499,826,0
3500,823,0
3501,825,0
3502,818,0
3503,826,0
3504,832,0
3505,817,0
3506,830,0
3507,830,0
3508,815,0
3509,826,0
3510,819,0
3511,829,0
3512,832,0
3513,825,0
3514,819,0
3515,822,0
3516,821,0
3517,824,0
3518,830,0
3519,827,0
3520,823,0
3521,828,0
3522,829,0
3523,825,0
3524,825,0
3525,823,0
3526,822,0
3527,826,0
3528,820,0
3529,828,0
3530,821,0
3531,829,0
3532,822,0
3533,819,0
3534,826,0
3535,831,0
3536,825,0
3537,839,0
3538,831,0
3539,829,0
3540,825,0
3541,829,0
3542,823,0
3543,824,0
3544,830,0
3545,834,0
3546,823,0
3547,822,0
3548,824,0
3549,823,0
3550,825,0
3551,811,0
3552,821,0
3553,827,0
3554,830,0
3555,828,0
3556,823,0
3557,832,0
3558,835,0
3559,824,0
3560,821,0
3561,826,0
3562,825,0
3563,830,0
3564,831,0
3565,829,0
3566,832,0
3567,830,0
3568,829,0
3569,830,0
3570,837,0
3571,829,0
3572,827,0
3573,823,0
3574,834,0
3575,834,0
3576,830,0
3577,831,0
3578,820,0
3579,825,0
3580,827,0
3581,834,0
3582,820,0
3583,826,0
3584,824,0
3585,829,0
3586,823,0
3587,834,0
3588,821,0
3589,832,0
3590,830,0
3591,819,0
3592,837,0
3593,828,0
3594,833,0
3595,834,0
3596,834,0
3597,825,0
3598,833,0
3599,825,0
3600,829,0
3601,827,0
3602,817,0
3603,828,0
3604,826,0
3605,827,0
3606,832,0
3607,831,0
3608,833,0
3609,828,0
3610,832,0
3611,828,0
3612,833,0
3613,836,0
3614,836,0
3615,828,0
3616,822,0
3617,827,0
3618,830,0
3619,826,0
3620,825,0
3621,831,0
3622,830,0
3623,821,0
3624,827,0
3625,829,0
3626,830,0
3627,827,0
3628,825,0
3629,837,0
3630,835,0
3631,831,0
3632,823,0
3633,830,0
3634,827,0
3635,830,0
3636,822,0
3637,830,0
3638,825,0
3639,831,0
3640,824,0
3641,829,0
3642,828,0
3643,825,0
3644,832,0
3645,838,0
3646,837,0
3647,834,0
3648,835,0
3649,836,0
3650,834,0
3651,827,0
3652,833,0
3653,825,0
3654,828,0
3655,829,0
3656,824,0
3657,831,0
3658,814,0
3659,832,0
3660,831,0
3661,839,0
3662,835,0
3663,830,0
3664,832,0
3665,825,0
3666,841,0
3667,831,0
3668,827,0
3669,833,0
3670,832,0
3671,833,0
3672,828,0
3673,824,0
3674,832,0
3675,843,0
3676,832,0
3677,826,0
3678,847,0
3679,833,0
3680,834,0
3681,833,0
3682,830,0
3683,836,0
3684,837,0
3685,835,0
3686,838,0
3687,836,0
3688,833,0
3689,837,0
3690,836,0
3691,833,0
3692,837,0
3693,827,0
3694,830,0
3695,833,0
3696,836,0
3697,831,0
3698,830,0
3699,825,0
3700,823,0
3701,831,0
3702,835,0
3703,840,0
3704,833,0
3705,833,0
3706,834,0
3707,830,0
3708,826,0
3709,830,0
3710,833,0
3711,826,0
3712,841,0
3713,833,0
3714,832,0
3715,832,0
3716,827,0
3717,835,0
3718,846,0
3719,844,0
3720,839,0
3721,837,0
3722,838,0
3723,836,0
3724,828,0
3725,835,0
3726,829,0
3727,829,0
3728,827,0
3729,835,0
3730,831,0
3731,831,0
3732,834,0
3733,836,0
3734,830,0
3735,833,0
3736,829,0
3737,834,0
3738,836,0
3739,834,0
3740,834,0
3741,826,0
3742,834,0
3743,836,0
3744,828,0
3745,835,0
3746,828,0
3747,833,0
3748,831,0
3749,828,0
3750,839,0
3751,834,0
3752,832,0
3753,831,0
3754,829,0
3755,837,0
3756,829,0
3757,842,0
3758,832,0
3759,828,0
3760,828,0
3761,832,0
3762,827,0
3763,826,0
3764,840,0
3765,824,0
3766,834,0
3767,826,0
3768,827,0
3769,833,0
3770,829,0
3771,832,0
3772,832,0
3773,825,0
3774,837,0
3775,832,0
3776,834,0
3777,824,0
3778,831,0
3779,833,0
3780,831,0
3781,825,0
3782,833,0
3783,845,0
3784,825,0
3785,831,0
3786,843,0
3787,828,0
3788,840,0
3789,838,0
3790,835,0
3791,831,0
3792,834,0
3793,833,0
3794,841,0
3795,836,0
3796,824,0
3797,831,0
3798,846,0
3799,827,0
3800,835,0
3801,832,0
3802,839,0
3803,832,0
3804,832,0
3805,832,0
3806,833,0
3807,835,0
3808,829,0
3809,826,0
3810,827,0
3811,837,0
3812,832,0
3813,838,0
3814,830,0
3815,837,0
3816,837,0
3817,834,0
3818,833,0
3819,830,0
3820,838,0
3821,837,0
3822,834,0
3823,830,0
3824,843,0
3825,835,0
3826,833,0
3827,836,0
3828,833,0
3829,836,0
3830,834,0
3831,831,0
3832,835,0
3833,836,0
3834,832,0
3835,832,0
3836,847,0
3837,841,0
3838,840,0
3839,830,0
3840,829,0
3841,841,0
3842,844,0
3843,832,0
3844,827,0
3845,835,0
3846,834,0
3847,841,0
3848,837,0
3849,835,0
3850,839,0
3851,834,0
3852,833,0
3853,834,0
3854,841,0
3855,847,0
3856,831,0
3857,842,0
3858,830,0
3859,837,0
3860,836,0
3861,831,0
3862,842,0
3863,831,0
3864,839,0
3865,841,0
3866,837,0
3867,832,0
3868,834,0
3869,832,0
3870,841,0
3871,833,0
3872,834,0
3873,844,0
3874,836,0
3875,834,0
3876,842,0
3877,840,0
3878,842,0
3879,836,0
3880,826,0
3881,831,0
3882,847,0
3883,834,0
3884,830,0
3885,839,0
3886,843,0
3887,833,0
3888,835,0
3889,841,0
3890,836,0
3891,843,0
3892,838,0
3893,834,0
3894,843,0
3895,834,0
3896,848,0
3897,827,0
3898,838,0
3899,834,0
3900,851,0
3901,829,0
3902,840,0
3903,843,0
3904,837,0
3905,835,0
3906,840,0
3907,832,0
3908,835,0
3909,836,0
3910,831,0
3911,844,0
3912,840,0
3913,833,0
3914,836,0
3915,840,0
3916,840,0
3917,843,0
3918,842,0
3919,838,0
3920,845,0
3921,834,0
3922,844,0
3923,839,0
3924,847,0
3925,840,0
3926,836,0
3927,838,0
3928,839,0
3929,835,0
3930,842,0
3931,839,0
3932,826,0
3933,838,0
3934,837,0
3935,830,0
3936,835,0
3937,841,0
3938,843,0
3939,838,0
3940,831,0
3941,839,0
3942,836,0
3943,837,0
3944,832,0
3945,831,0
3946,836,0
3947,839,0
3948,844,0
3949,839,0
3950,834,0
3951,834,0
3952,839,0
3953,838,0
3954,840,0
3955,844,0
3956,838,0
3957,832,0
3958,842,0
3959,844,0
3960,847,0
3961,848,0
3962,845,0
3963,843,0
3964,835,0
3965,843,0
3966,840,0
3967,840,0
3968,840,0
3969,839,0
3970,840,0
3971,836,0
3972,840,0
3973,839,0
3974,836,0
3975,841,0
3976,842,0
3977,841,0
3978,839,0
3979,844,0
3980,843,0
3981,825,0
3982,845,0
3983,840,0
3984,849,0
3985,828,0
3986,837,0
3987,842,0
3988,841,0
3989,837,0
3990,844,0
3991,848,0
3992,842,0
3993,844,0
3994,838,0
3995,837,0
3996,843,0
3997,840,0
3998,837,0
3999,841,0
4000,838,0
4001,834,0
4002,838,0
4003,848,0
4004,845,0
4005,835,0
4006,846,0
4007,848,0
4008,835,0
4009,839,0
4010,835,0
4011,848,0
4012,834,0
4013,842,0
4014,841,0
4015,842,0
4016,844,0
4017,845,0
4018,838,0
4019,849,0
4020,844,0
4021,841,0
4022,837,0
4023,840,0
4024,848,0
4025,851,0
4026,837,0
4027,827,0
4028,838,0
4029,843,0
4030,837,0
4031,837,0
4032,842,0
4033,830,0
4034,840,0
4035,840,0
4036,848,0
4037,838,0
4038,835,0
4039,839,0
4040,836,0
4041,851,0
4042,837,0
4043,847,0
4044,842,0
4045,833,0
4046,851,0
4047,833,0
4048,839,0
4049,838,0
4050,843,0
4051,838,0
4052,845,0
4053,842,0
4054,848,0
4055,844,0
4056,844,0
4057,836,0
4058,836,0
4059,845,0
4060,840,0
4061,835,0
4062,847,0
4063,841,0
4064,844,0
4065,846,0
4066,845,0
4067,845,0
4068,846,0
4069,850,0
4070,844,0
4071,848,0
4072,849,0
4073,844,0
4074,835,0
4075,839,0
4076,834,0
4077,841,0
4078,839,0
4079,845,0
4080,841,0
4081,838,0
4082,843,0
4083,840,0
4084,848,0
4085,845,0
4086,845,0
4087,841,0
4088,839,0
4089,836,0
4090,849,0
4091,843,0
4092,844,0
4093,841,0
4094,843,0
4095,845,0
4096,850,0
4097,830,0
4098,840,0
4099,842,0
4100,836,0
4101,848,0
4102,843,0
4103,845,0
4104,843,0
4105,840,0
4106,837,0
4107,849,0
4108,834,0
4109,851,0
4110,843,0
4111,849,0
4112,842,0
4113,838,0
4114,842,0
4115,842,0
4116,845,0
4117,849,0
4118,853,0
4119,842,0
4120,836,0
4121,843,0
4122,842,0
4123,839,0
4124,845,0
4125,847,0
4126,848,0
4127,856,0
4128,847,0
4129,849,0
4130,837,0
4131,840,0
4132,840,0
4133,847,0
4134,832,0
4135,853,0
4136,851,0
4137,844,0
4138,851,0
4139,846,0
4140,837,0
4141,849,0
4142,842,0
4143,839,0
4144,842,0
4145,834,0
4146,846,0
4147,848,0
4148,834,0
4149,845,0
4150,839,0
4151,849,0
4152,838,0
4153,851,0
4154,849,0
4155,861,0
4156,845,0
4157,843,0
4158,846,0
4159,849,0
4160,843,0
4161,844,0
4162,845,0
4163,850,0
4164,848,0
4165,835,0
4166,845,0
4167,851,0
4168,839,0
4169,840,0
4170,839,0
4171,844,0
4172,847,0
4173,843,0
4174,850,0
4175,841,0
4176,851,0
4177,840,0
4178,846,0
4179,842,0
4180,853,0
4181,850,0
4182,849,0
4183,851,0
4184,848,0
4185,844,0
4186,847,0
4187,844,0
4188,837,0
4189,847,0
4190,834,0
4191,849,0
4192,837,0
4193,847,0
4194,845,0
4195,843,0
4196,851,0
4197,853,0
4198,847,0
4199,858,0
4200,851,0
4201,846,0
4202,845,0
4203,844,0
4204,856,0
4205,848,0
4206,846,0
4207,849,0
4208,841,0
4209,843,0
4210,847,0
4211,844,0
4212,841,0
4213,841,0
4214,844,0
4215,852,0
4216,848,0
4217,851,0
4218,848,0
4219,835,0
4220,853,0
4221,854,0
4222,839,0
4223,844,0
4224,841,0
4225,852,0
4226,851,0
4227,850,0
4228,841,0
4229,847,0
4230,840,0
4231,853,0
4232,850,0
4233,844,0
4234,847,0
4235,843,0
4236,847,0
4237,846,0
4238,850,0
4239,846,0
4240,855,0
4241,849,0
4242,846,0
4243,852,0
4244,847,0
4245,841,0
4246,852,0
4247,842,0
4248,849,0
4249,846,0
4250,849,0
4251,849,0
4252,851,0
4253,846,0
4254,851,0
4255,846,0
4256,849,0
4257,849,0
4258,857,0
4259,848,0
4260,848,0
4261,847,0
4262,853,0
4263,839,0
4264,852,0
4265,845,0
4266,844,0
4267,851,0
4268,859,0
4269,849,0
4270,851,0
4271,848,0
4272,850,0
4273,848,0
4274,847,0
4275,837,0
4276,844,0
4277,846,0
4278,841,0
4279,847,0
4280,849,0
4281,849,0
4282,843,0
4283,855,0
4284,844,0
4285,837,0
4286,851,0
4287,849,0
4288,848,0
4289,848,0
4290,845,0
4291,850,0
4292,842,0
4293,854,0
4294,836,0
4295,849,0
4296,850,0
4297,848,0
4298,842,0
4299,848,0
4300,846,0
4301,847,0
4302,845,0
4303,849,0
4304,850,0
4305,849,0
4306,858,0
4307,854,0
4308,854,0
4309,847,0
4310,850,0
4311,851,0
4312,838,0
4313,852,0
4314,848,0
4315,848,0
4316,849,0
4317,851,0
4318,857,0
4319,849,0
4320,841,0
4321,847,0
4322,851,0
4323,854,0
4324,847,0
4325,852,0
4326,845,0
4327,853,0
4328,845,0
4329,849,0
4330,851,0
4331,855,0
4332,852,0
4333,854,0
4334,842,0
4335,853,0
4336,855,0
4337,845,0
4338,848,0
4339,846,0
4340,850,0
4341,849,0
4342,854,0
4343,852,0
4344,853,0
4345,857,0
4346,845,0
4347,847,0
4348,848,0
4349,842,0
4350,849,0
4351,843,0
4352,854,0
4353,850,0
4354,842,0
4355,852,0
4356,850,0
4357,851,0
4358,853,0
4359,851,0
4360,845,0
4361,856,0
4362,861,0
4363,844,0
4364,851,0
4365,858,0
4366,854,0
4367,852,0
4368,852,0
4369,853,0
4370,850,0
4371,859,0
4372,858,0
4373,847,0
4374,858,0
4375,853,0
4376,853,0
4377,850,0
4378,850,0
4379,852,0
4380,855,0
4381,848,0
4382,843,0
4383,847,0
4384,853,0
4385,847,0
4386,852,0
4387,851,0
4388,857,0
4389,849,0
4390,857,0
4391,852,0
4392,845,0
4393,852,0
4394,848,0
4395,855,0
4396,854,0
4397,843,0
4398,846,0
4399,843,0
4400,844,0
4401,852,0
4402,855,0
4403,854,0
4404,852,0
4405,857,0
4406,852,0
4407,856,0
4408,846,0
4409,851,0
4410,855,0
4411,852,0
4412,850,0
4413,849,0
4414,851,0
4415,855,0
4416,850,0
4417,851,0
4418,853,0
4419,849,0
4420,857,0
4421,848,0
4422,849,0
4423,861,0
4424,851,0
4425,844,0
4426,848,0
4427,853,0
4428,856,0
4429,851,0
4430,858,0
4431,863,0
4432,851,0
4433,844,0
4434,843,0
4435,846,0
4436,858,0
4437,843,0
4438,861,0
4439,848,0
4440,850,0
4441,842,0
4442,856,0
4443,851,0
4444,856,0
4445,848,0
4446,851,0
4447,849,0
4448,843,0
4449,850,0
4450,856,0
4451,857,0
4452,854,0
4453,850,0
4454,853,0
4455,850,0
4456,857,0
4457,847,0
4458,856,0
4459,853,0
4460,846,0
4461,841,0
4462,854,0
4463,854,0
4464,854,0
4465,859,0
4466,856,0
4467,849,0
4468,862,0
4469,856,0
4470,860,0
4471,850,0
4472,855,0
4473,854,0
4474,855,0
4475,861,0
4476,858,0
4477,843,0
4478,860,0
4479,850,0
4480,857,0
4481,857,0
4482,864,0
4483,850,0
4484,853,0
4485,847,0
4486,854,0
4487,865,0
4488,853,0
4489,855,0
4490,859,0
4491,853,0
4492,856,0
4493,856,0
4494,857,0
4495,844,0
4496,855,0
4497,852,0
4498,854,0
4499,860,0
4500,850,0
4501,863,0
4502,856,0
4503,851,0
4504,852,0
4505,851,0
4506,856,0
4507,848,0
4508,847,0
4509,850,0
4510,856,0
4511,862,0
4512,855,0
4513,853,0
4514,852,0
4515,853,0
4516,862,0
4517,857,0
4518,854,0
4519,852,0
4520,857,0
4521,860,0
4522,855,0
4523,857,0
4524,849,0
4525,856,0
4526,858,0
4527,863,0
4528,852,0
4529,855,0
4530,854,0
4531,849,0
4532,857,0
4533,855,0
4534,861,0
4535,857,0
4536,854,0
4537,855,0
4538,858,0
4539,864,0
4540,853,0
4541,863,0
4542,853,0
4543,861,0
4544,854,0
4545,854,0
4546,854,0
4547,847,0
4548,853,0
4549,860,0
4550,849,0
4551,861,0
4552,852,0
4553,851,0
4554,855,0
4555,855,0
4556,851,0
4557,856,0
4558,846,0
4559,852,0
4560,865,0
4561,857,0
4562,863,0
4563,850,0
4564,855,0
4565,850,0
4566,855,0
4567,855,0
4568,846,0
4569,861,0
4570,856,0
4571,857,0
4572,855,0
4573,852,0
4574,852,0
4575,860,0
4576,848,0
4577,856,0
4578,859,0
4579,853,0
4580,856,0
4581,852,0
4582,856,0
4583,858,0
4584,856,0
4585,848,0
4586,851,0
4587,855,0
4588,857,0
4589,856,0
4590,857,0
4591,860,0
4592,849,0
4593,863,0
4594,862,0
4595,860,0
4596,854,0
4597,857,0
4598,862,0
4599,862,0
4600,861,0
4601,849,0
4602,861,0
4603,853,0
4604,863,0
4605,861,0
4606,850,0
4607,855,0
4608,852,0
4609,863,0
4610,855,0
4611,868,0
4612,857,0
4613,861,0
4614,863,0
4615,857,0
4616,855,0
4617,856,0
4618,860,0
4619,862,0
4620,862,0
4621,862,0
4622,849,0
4623,863,0
4624,850,0
4625,859,0
4626,858,0
4627,862,0
4628,856,0
4629,867,0
4630,855,0
4631,857,0
4632,856,0
4633,851,0
4634,859,0
4635,856,0
4636,848,0
4637,863,0
4638,860,0
4639,848,0
4640,848,0
4641,849,0
4642,849,0
4643,861,0
4644,856,0
4645,852,0
4646,861,0
4647,855,0
4648,861,0
4649,862,0
4650,849,0
4651,854,0
4652,852,0
4653,859,0
4654,850,0
4655,854,0
4656,848,0
4657,856,0
4658,851,0
4659,858,0
4660,857,0
4661,856,0
4662,860,0
4663,859,0
4664,854,0
4665,859,0
4666,866,0
4667,855,0
4668,857,0
4669,858,0
4670,864,0
4671,862,0
4672,858,0
4673,862,0
4674,855,0
4675,851,0
4676,864,0
4677,854,0
4678,860,0
4679,862,0
4680,866,0
4681,859,0
4682,859,0
4683,860,0
4684,856,0
4685,857,0
4686,861,0
4687,863,0
4688,856,0
4689,854,0
4690,852,0
4691,864,0
4692,854,0
4693,863,0
4694,861,0
4695,862,0
4696,862,0
4697,861,0
4698,858,0
4699,864,0
4700,861,0
4701,859,0
4702,866,0
4703,859,0
4704,862,0
4705,858,0
4706,868,0
4707,860,0
4708,861,0
4709,863,0
4710,858,0
4711,860,0
4712,869,0
4713,863,0
4714,864,0
4715,859,0
4716,857,0
4717,856,0
4718,860,0
4719,863,0
4720,855,0
4721,862,0
4722,859,0
4723,859,0
4724,855,0
4725,864,0
4726,856,0
4727,858,0
4728,857,0
4729,863,0
4730,863,0
4731,860,0
4732,855,0
4733,863,0
4734,864,0
4735,856,0
4736,864,0
4737,855,0
4738,864,0
4739,861,0
4740,860,0
4741,860,0
4742,863,0
4743,860,0
4744,863,0
4745,854,0
4746,861,0
4747,865,0
4748,850,0
4749,858,0
4750,859,0
4751,861,0
4752,867,0
4753,866,0
4754,867,0
4755,857,0
4756,862,0
4757,862,0
4758,861,0
4759,860,0
4760,860,0
4761,861,0
4762,857,0
4763,853,0
4764,862,0
4765,855,0
4766,864,0
4767,865,0
4768,861,0
4769,862,0
4770,858,0
4771,871,0
4772,852,0
4773,865,0
4774,866,0
4775,865,0
4776,851,0
4777,856,0
4778,867,0
4779,854,0
4780,861,0
4781,860,0
4782,862,0
4783,866,0
4784,862,0
4785,861,0
4786,861,0
4787,858,0
4788,866,0
4789,858,0
4790,866,0
4791,858,0
4792,865,0
4793,856,0
4794,858,0
4795,862,0
4796,856,0
4797,870,0
4798,867,0
4799,864,0
4800,873,0
4801,860,0
4802,862,0
4803,864,0
4804,861,0
4805,851,0
4806,864,0
4807,859,0
4808,854,0
4809,869,0
4810,860,0
4811,862,0
4812,863,0
4813,859,0
4814,848,0
4815,870,0
4816,865,0
4817,862,0
4818,859,0
4819,868,0
4820,856,0
4821,857,0
4822,860,0
4823,854,0
4824,866,0
4825,863,0
4826,860,0
4827,859,0
4828,868,0
4829,864,0
4830,871,0
4831,867,0
4832,868,0
4833,863,0
4834,866,0
4835,867,0
4836,874,0
4837,856,0
4838,857,0
4839,868,0
4840,858,0
4841,870,0
4842,860,0
4843,863,0
4844,862,0
4845,862,0
4846,858,0
4847,855,0
4848,861,0
4849,866,0
4850,865,0
4851,866,0
4852,862,0
4853,861,0
4854,871,0
4855,863,0
4856,864,0
4857,865,0
4858,865,0
4859,860,0
4860,863,0
4861,864,0
4862,862,0
4863,866,0
4864,871,0
4865,866,0
4866,865,0
4867,854,0
4868,875,0
4869,865,0
4870,865,0
4871,860,0
4872,861,0
4873,854,0
4874,862,0
4875,869,0
4876,863,0
4877,864,0
4878,855,0
4879,871,0
4880,861,0
4881,865,0
4882,864,0
4883,865,0
4884,863,0
4885,866,0
4886,867,0
4887,872,0
4888,865,0
4889,857,0
4890,860,0
4891,865,0
4892,860,0
4893,866,0
4894,867,0
4895,863,0
4896,861,0
4897,861,0
4898,863,0
4899,858,0
4900,870,0
4901,865,0
4902,866,0
4903,862,0
4904,875,0
4905,870,0
4906,867,0
4907,858,0
4908,867,0
4909,869,0
4910,873,0
4911,863,0
4912,868,0
4913,871,0
4914,867,0
4915,870,0
4916,865,0
4917,868,0
4918,866,0
4919,861,0
4920,864,0
4921,865,0
4922,865,0
4923,872,0
4924,866,0
4925,855,0
4926,871,0
4927,864,0
4928,864,0
4929,864,0
4930,862,0
4931,866,0
4932,864,0
4933,865,0
4934,866,0
4935,874,0
4936,865,0
4937,869,0
4938,865,0
4939,869,0
4940,866,0
4941,861,0
4942,872,0
4943,876,0
4944,864,0
4945,862,0
4946,864,0
4947,870,0
4948,861,0
4949,867,0
4950,860,0
4951,870,0
4952,865,0
4953,854,0
4954,857,0
4955,872,0
4956,868,0
4957,861,0
4958,874,0
4959,862,0
4960,861,0
4961,869,0
4962,870,0
4963,864,0
4964,867,0
4965,874,0
4966,861,0
4967,868,0
4968,875,0
4969,861,0
4970,866,0
4971,871,0
4972,865,0
4973,862,0
4974,869,0
4975,870,0
4976,870,0
4977,869,0
4978,873,0
4979,854,0
4980,863,0
4981,869,0
4982,865,0
4983,867,0
4984,865,0
4985,872,0
4986,863,0
4987,867,0
4988,865,0
4989,875,0
4990,869,0
4991,873,0
4992,879,0
4993,868,0
4994,869,0
4995,864,0
4996,864,0
4997,877,0
4998,867,0
4999,860,0
5000,866,0
5001,871,0
5002,870,0
5003,863,0
5004,879,0
5005,856,0
5006,868,0
5007,865,0
5008,860,0
5009,862,0
5010,868,0
5011,866,0
5012,869,0
5013,877,0
5014,864,0
5015,859,0
5016,869,0
5017,860,0
5018,868,0
5019,868,0
5020,872,0
5021,866,0
5022,870,0
5023,858,0
5024,864,0
5025,869,0
5026,872,0
5027,870,0
5028,865,0
5029,873,0
5030,874,0
5031,871,0
5032,869,0
5033,865,0
5034,865,0
5035,862,0
5036,875,0
5037,866,0
5038,875,0
5039,868,0
5040,866,0
5041,861,0
5042,865,0
5043,878,0
5044,871,0
5045,868,0
5046,869,0
5047,875,0
5048,868,0
5049,866,0
5050,868,0
5051,862,0
5052,868,0
5053,868,0
5054,869,0
5055,865,0
5056,870,0
5057,879,0
5058,868,0
5059,881,0
5060,867,0
5061,866,0
5062,879,0
5063,875,0
5064,865,0
5065,874,0
5066,862,0
5067,869,0
5068,869,0
5069,871,0
5070,868,0
5071,870,0
5072,871,0
5073,875,0
5074,870,0
5075,871,0
5076,877,0
5077,871,0
5078,865,0
5079,865,0
5080,869,0
5081,867,0
5082,871,0
5083,869,0
5084,868,0
5085,866,0
5086,875,0
5087,864,0
5088,872,0
5089,865,0
5090,858,0
5091,869,0
5092,874,0
5093,868,0
5094,865,0
5095,865,0
5096,873,0
5097,874,0
5098,870,0
5099,872,0
5100,869,0
5101,873,0
5102,863,0
5103,872,0
5104,866,0
5105,872,0
5106,872,0
5107,869,0
5108,871,0
5109,867,0
5110,871,0
5111,880,0
5112,874,0
5113,872,0
5114,865,0
5115,861,0
5116,864,0
5117,870,0
5118,868,0
5119,879,0
5120,878,0
5121,870,0
5122,868,0
5123,875,0
5124,875,0
5125,872,0
5126,863,0
5127,878,0
5128,868,0
5129,868,0
5130,872,0
5131,867,0
5132,872,0
5133,872,0
5134,879,0
5135,864,0
5136,870,0
5137,877,0
5138,869,0
5139,878,0
5140,865,0
5141,865,0
5142,874,0
5143,866,0
5144,867,0
5145,873,0
5146,876,0
5147,867,0
5148,871,0
5149,867,0
5150,875,0
5151,875,0
5152,867,0
5153,868,0
5154,876,0
5155,869,0
5156,867,0
5157,867,0
5158,871,0
5159,880,0
5160,873,0
5161,868,0
5162,877,0
5163,868,0
5164,875,0
5165,877,0
5166,874,0
5167,874,0
5168,874,0
5169,871,0
5170,866,0
5171,870,0
5172,867,0
5173,868,0
5174,875,0
5175,874,0
5176,873,0
5177,871,0
5178,874,0
5179,863,0
5180,869,0
5181,872,0
5182,882,0
5183,868,0
5184,873,0
5185,869,0
5186,865,0
5187,864,0
5188,875,0
5189,871,0
5190,877,0
5191,878,0
5192,872,0
5193,867,0
5194,877,0
5195,877,0
5196,876,0
5197,867,0
5198,874,0
5199,873,0
5200,877,0
5201,882,0
5202,882,0
5203,866,0
5204,875,0
5205,868,0
5206,873,0
5207,869,0
5208,873,0
5209,880,0
5210,871,0
5211,871,0
5212,866,0
5213,869,0
5214,877,0
5215,879,0
5216,869,0
5217,866,0
5218,881,0
5219,881,0
5220,878,0
5221,879,0
5222,866,0
5223,871,0
5224,871,0
5225,881,0
5226,868,0
5227,878,0
5228,882,0
5229,869,0
5230,877,0
5231,865,0
5232,872,0
5233,869,0
5234,878,0
5235,881,0
5236,873,0
5237,875,0
5238,873,0
5239,873,0
5240,871,0
5241,881,0
5242,875,0
5243,868,0
5244,874,0
5245,872,0
5246,883,0
5247,872,0
5248,882,0
5249,870,0
5250,873,0
5251,872,0
5252,871,0
5253,876,0
5254,875,0
5255,874,0
5256,856,0
5257,868,0
5258,876,0
5259,870,0
5260,868,0
5261,869,0
5262,876,0
5263,867,0
5264,878,0
5265,877,0
5266,877,0
5267,872,0
5268,867,0
5269,869,0
5270,875,0
5271,880,0
5272,880,0
5273,874,0
5274,874,0
5275,879,0
5276,871,0
5277,871,0
5278,875,0
5279,875,0
5280,873,0
5281,879,0
5282,877,0
5283,870,0
5284,880,0
5285,875,0
5286,878,0
5287,878,0
5288,876,0
5289,872,0
5290,879,0
5291,871,0
5292,873,0
5293,872,0
5294,867,0
5295,868,0
5296,877,0
5297,882,0
5298,882,0
5299,883,0
5300,875,0
5301,887,0
5302,876,0
5303,873,0
5304,875,0
5305,870,0
5306,875,0
5307,880,0
5308,879,0
5309,880,0
5310,874,0
5311,879,0
5312,873,0
5313,881,0
5314,877,0
5315,869,0
5316,874,0
5317,875,0
5318,876,0
5319,870,0
5320,869,0
5321,869,0
5322,877,0
5323,874,0
5324,877,0
5325,869,0
5326,877,0
5327,885,0
5328,873,0
5329,865,0
5330,877,0
5331,868,0
5332,885,0
5333,878,0
5334,865,0
5335,868,0
5336,885,0
5337,876,0
5338,875,0
5339,868,0
5340,876,0
5341,881,0
5342,883,0
5343,862,0
5344,871,0
5345,873,0
5346,876,0
5347,878,0
5348,875,0
5349,875,0
5350,878,0
5351,876,0
5352,875,0
5353,882,0
5354,875,0
5355,879,0
5356,874,0
5357,879,0
5358,877,0
5359,882,0
5360,874,0
5361,881,0
5362,878,0
5363,868,0
5364,894,0
5365,874,0
5366,881,0
5367,881,0
5368,881,0
5369,873,0
5370,873,0
5371,874,0
5372,875,0
5373,876,0
5374,871,0
5375,877,0
5376,871,0
5377,874,0
5378,881,0
5379,872,0
5380,880,0
5381,885,0
5382,875,0
5383,869,0
5384,870,0
5385,881,0
5386,865,0
5387,881,0
5388,875,0
5389,876,0
5390,877,0
5391,870,0
5392,885,0
5393,877,0
5394,880,0
5395,879,0
5396,879,0
5397,877,0
5398,876,0
5399,879,0
5400,882,0
5401,888,0
5402,873,0
5403,880,0
5404,880,0
5405,874,0
5406,875,0
5407,872,0
5408,877,0
5409,885,0
5410,878,0
5411,877,0
5412,877,0
5413,877,0
5414,880,0
5415,872,0
5416,878,0
5417,871,0
5418,874,0
5419,882,0
5420,875,0
5421,883,0
5422,873,0
5423,870,0
5424,871,0
5425,875,0
5426,872,0
5427,884,0
5428,870,0
5429,878,0
5430,874,0
5431,874,0
5432,875,0
5433,877,0
5434,874,0
5435,875,0
5436,871,0
5437,880,0
5438,880,0
5439,889,0
5440,875,0
5441,889,0
5442,887,0
5443,885,0
5444,887,0
5445,879,0
5446,884,0
5447,869,0
5448,881,0
5449,878,0
5450,883,0
5451,873,0
5452,886,0
5453,890,0
5454,876,0
5455,879,0
5456,881,0
5457,884,0
5458,883,0
5459,888,0
5460,879,0
5461,876,0
5462,877,0
5463,884,0
5464,881,0
5465,877,0
5466,888,0
5467,877,0
5468,878,0
5469,880,0
5470,874,0
5471,884,0
5472,878,0
5473,879,0
5474,881,0
5475,871,0
5476,877,0
5477,887,0
5478,869,0
5479,873,0
5480,872,0
5481,875,0
5482,875,0
5483,874,0
5484,867,0
5485,881,0
5486,876,0
5487,882,0
5488,878,0
5489,878,0
5490,885,0
5491,884,0
5492,875,0
5493,879,0
5494,879,0
5495,887,0
5496,880,0
5497,886,0
5498,877,0
5499,875,0
5500,887,0
5501,882,0
5502,875,0
5503,881,0
5504,884,0
5505,884,0
5506,873,0
5507,881,0
5508,875,0
5509,884,0
5510,880,0
5511,887,0
5512,874,0
5513,879,0
5514,885,0
5515,874,0
5516,881,0
5517,881,0
5518,882,0
5519,882,0
5520,882,0
5521,884,0
5522,880,0
5523,878,0
5524,876,0
5525,874,0
5526,876,0
5527,880,0
5528,887,0
5529,884,0
5530,879,0
5531,878,0
5532,880,0
5533,881,0
5534,885,0
5535,878,0
5536,884,0
5537,883,0
5538,886,0
5539,882,0
5540,878,0
5541,880,0
5542,876,0
5543,879,0
5544,878,0
5545,880,0
5546,879,0
5547,882,0
5548,878,0
5549,879,0
5550,874,0
5551,884,0
5552,877,0
5553,878,0
5554,874,0
5555,877,0
5556,881,0
5557,890,0
5558,886,0
5559,879,0
5560,879,0
5561,883,0
5562,881,0
5563,881,0
5564,878,0
5565,881,0
5566,891,0
5567,885,0
5568,881,0
5569,885,0
5570,884,0
5571,882,0
5572,871,0
5573,876,0
5574,880,0
5575,891,0
5576,881,0
5577,880,0
5578,886,0
5579,877,0
5580,883,0
5581,875,0
5582,879,0
5583,890,0
5584,883,0
5585,873,0
5586,883,0
5587,882,0
5588,882,0
5589,887,0
5590,888,0
5591,885,0
5592,881,0
5593,885,0
5594,877,0
5595,886,0
5596,879,0
5597,876,0
5598,886,0
5599,893,0
5600,880,0
5601,872,0
5602,892,0
5603,897,0
5604,877,0
5605,885,0
5606,879,0
5607,879,0
5608,884,0
5609,876,0
5610,889,0
5611,880,0
5612,876,0
5613,884,0
5614,878,0
5615,880,0
5616,881,0
5617,887,0
5618,880,0
5619,886,0
5620,884,0
5621,880,0
5622,877,0
5623,889,0
5624,876,0
5625,887,0
5626,881,0
5627,877,0
5628,878,0
5629,884,0
5630,877,0
5631,874,0
5632,895,0
5633,884,0
5634,875,0
5635,889,0
5636,885,0
5637,888,0
5638,880,0
5639,881,0
5640,889,0
5641,888,0
5642,885,0
5643,887,0
5644,883,0
5645,880,0
5646,887,0
5647,889,0
5648,887,0
5649,887,0
5650,879,0
5651,884,0
5652,880,0
5653,888,0
5654,886,0
5655,882,0
5656,886,0
5657,881,0
5658,876,0
5659,884,0
5660,890,0
5661,883,0
5662,884,0
5663,875,0
5664,879,0
5665,884,0
5666,879,0
5667,884,0
5668,887,0
5669,882,0
5670,885,0
5671,880,0
5672,882,0
5673,885,0
5674,888,0
5675,884,0
5676,879,0
5677,888,0
5678,885,0
5679,884,0
5680,882,0
5681,879,0
5682,879,0
5683,875,0
5684,888,0
5685,888,0
5686,880,0
5687,884,0
5688,892,0
5689,880,0
5690,886,0
5691,872,0
5692,888,0
5693,891,0
5694,882,0
5695,881,0
5696,884,0
5697,879,0
5698,882,0
5699,885,0
5700,884,0
5701,884,0
5702,886,0
5703,880,0
5704,882,0
5705,894,0
5706,883,0
5707,878,0
5708,882,0
5709,883,0
5710,884,0
5711,886,0
5712,887,0
5713,887,0
5714,888,0
5715,889,0
5716,885,0
5717,882,0
5718,887,0
5719,895,0
5720,893,0
5721,887,0
5722,876,0
5723,884,0
5724,881,0
5725,881,0
5726,890,0
5727,874,0
5728,887,0
5729,883,0
5730,885,0
5731,881,0
5732,885,0
5733,882,0
5734,885,0
5735,875,0
5736,888,0
5737,885,0
5738,888,0
5739,890,0
5740,886,0
5741,875,0
5742,886,0
5743,892,0
5744,887,0
5745,874,0
5746,881,0
5747,877,0
5748,886,0
5749,881,0
5750,882,0
5751,885,0
5752,880,0
5753,887,0
5754,883,0
5755,892,0
5756,880,0
5757,884,0
5758,889,0
5759,883,0
5760,885,0
5761,896,0
5762,879,0
5763,878,0
5764,893,0
5765,894,0
5766,887,0
5767,894,0
5768,880,0
5769,892,0
5770,888,0
5771,886,0
5772,888,0
5773,885,0
5774,893,0
5775,885,0
5776,886,0
5777,888,0
5778,874,0
5779,884,0
5780,883,0
5781,895,0
5782,885,0
5783,880,0
5784,887,0
5785,882,0
5786,888,0
5787,883,0
5788,883,0
5789,889,0
5790,886,0
5791,892,0
5792,884,0
5793,885,0
5794,893,0
5795,891,0
5796,889,0
5797,888,0
5798,885,0
5799,889,0
5800,895,0
5801,883,0
5802,884,0
5803,875,0
5804,885,0
5805,889,0
5806,876,0
5807,888,0
5808,876,0
5809,897,0
5810,892,0
5811,888,0
5812,880,0
5813,895,0
5814,893,0
5815,890,0
5816,879,0
5817,882,0
5818,880,0
5819,893,0
5820,888,0
5821,878,0
5822,884,0
5823,884,0
5824,884,0
5825,882,0
5826,893,0
5827,880,0
5828,890,0
5829,882,0
5830,883,0
5831,888,0
5832,885,0
5833,883,0
5834,886,0
5835,877,0
5836,883,0
5837,891,0
5838,894,0
5839,879,0
5840,882,0
5841,892,0
5842,890,0
5843,886,0
5844,883,0
5845,889,0
5846,896,0
5847,885,0
5848,887,0
5849,894,0
5850,892,0
5851,885,0
5852,884,0
5853,892,0
5854,883,0
5855,889,0
5856,895,0
5857,890,0
5858,892,0
5859,890,0
5860,893,0
5861,891,0
5862,887,0
5863,890,0
5864,890,0
5865,891,0
5866,889,0
5867,892,0
5868,881,0
5869,892,0
5870,889,0
5871,892,0
5872,891,0
5873,893,0
5874,897,0
5875,892,0
5876,889,0
5877,887,0
5878,891,0
5879,875,0
5880,891,0
5881,890,0
5882,891,0
5883,881,0
5884,891,0
5885,890,0
5886,892,0
5887,885,0
5888,890,0
5889,884,0
5890,884,0
5891,891,0
5892,884,0
5893,892,0
5894,891,0
5895,890,0
5896,891,0
5897,890,0
5898,891,0
5899,892,0
5900,890,0
5901,893,0
5902,891,0
5903,889,0
5904,884,0
5905,890,0
5906,891,0
5907,879,0
5908,893,0
5909,895,0
5910,898,0
5911,897,0
5912,881,0
5913,895,0
5914,890,0
5915,892,0
5916,896,0
5917,882,0
5918,888,0
5919,898,0
5920,889,0
5921,892,0
5922,888,0
5923,890,0
5924,893,0
5925,889,0
5926,886,0
5927,883,0
5928,880,0
5929,885,0
5930,884,0
5931,882,0
5932,890,0
5933,891,0
5934,884,0
5935,897,0
5936,886,0
5937,891,0
5938,893,0
5939,894,0
5940,888,0
5941,886,0
5942,884,0
5943,897,0
5944,891,0
5945,889,0
5946,892,0
5947,883,0
5948,893,0
5949,887,0
5950,895,0
5951,888,0
5952,895,0
5953,883,0
5954,895,0
5955,886,0
5956,887,0
5957,887,0
5958,892,0
5959,897,0
5960,887,0
5961,895,0
5962,891,0
5963,884,0
5964,887,0
5965,887,0
5966,897,0
5967,897,0
5968,892,0
5969,884,0
5970,886,0
5971,896,0
5972,888,0
5973,892,0
5974,892,0
5975,895,0
5976,889,0
5977,888,0
5978,896,0
5979,885,0
5980,887,0
5981,889,0
5982,887,0
5983,883,0
5984,893,0
5985,884,0
5986,892,0
5987,898,0
5988,890,0
5989,886,0
5990,891,0
5991,895,0
5992,894,0
5993,881,0
5994,898,0
5995,889,0
5996,881,0
5997,886,0
5998,892,0
5999,897,0
6000,885,0
6001,897,0
6002,894,0
6003,903,0
6004,890,0
6005,893,0
6006,893,0
6007,893,0
6008,895,0
6009,892,0
6010,897,0
6011,892,0
6012,897,0
6013,895,0
6014,890,0
6015,890,0
6016,887,0
6017,892,0
6018,886,0
6019,891,0
6020,900,0
6021,892,0
6022,894,0
6023,884,0
6024,891,0
6025,896,0
6026,901,0
6027,896,0
6028,887,0
6029,896,0
6030,888,0
6031,891,0
6032,886,0
6033,893,0
6034,892,0
6035,885,0
6036,891,0
6037,900,0
6038,890,0
6039,887,0
6040,890,0
6041,893,0
6042,889,0
6043,888,0
6044,892,0
6045,887,0
6046,891,0
6047,886,0
6048,895,0
6049,897,0
6050,888,0
6051,888,0
6052,897,0
6053,897,0
6054,881,0
6055,896,0
6056,891,0
6057,891,0
6058,887,0
6059,895,0
6060,889,0
6061,892,0
6062,893,0
6063,899,0
6064,890,0
6065,889,0
6066,908,0
6067,895,0
6068,891,0
6069,893,0
6070,894,0
6071,900,0
6072,895,0
6073,894,0
6074,891,0
6075,893,0
6076,889,0
6077,891,0
6078,902,0
6079,885,0
6080,889,0
6081,892,0
6082,884,0
6083,888,0
6084,895,0
6085,891,0
6086,895,0
6087,887,0
6088,899,0
6089,884,0
6090,898,0
6091,890,0
6092,894,0
6093,883,0
6094,889,0
6095,895,0
6096,891,0
6097,893,0
6098,891,0
6099,888,0
6100,892,0
6101,901,0
6102,893,0
6103,883,0
6104,898,0
6105,893,0
6106,890,0
6107,885,0
6108,892,0
6109,896,0
6110,888,0
6111,892,0
6112,894,0
6113,895,0
6114,897,0
6115,894,0
6116,891,0
6117,890,0
6118,896,0
6119,896,0
6120,891,0
6121,901,0
6122,891,0
6123,891,0
6124,894,0
6125,897,0
6126,891,0
6127,891,0
6128,892,0
6129,891,0
6130,892,0
6131,903,0
6132,897,0
6133,897,0
6134,903,0
6135,895,0
6136,897,0
6137,892,0
6138,896,0
6139,896,0
6140,895,0
6141,889,0
6142,893,0
6143,888,0
6144,904,0
6145,888,0
6146,897,0
6147,886,0
6148,888,0
6149,900,0
6150,891,0
6151,903,0
6152,888,0
6153,894,0
6154,889,0
6155,901,0
6156,902,0
6157,894,0
6158,899,0
6159,894,0
6160,900,0
6161,886,0
6162,897,0
6163,886,0
6164,901,0
6165,897,0
6166,898,0
6167,904,0
6168,900,0
6169,890,0
6170,893,0
6171,893,0
6172,887,0
6173,896,0
6174,885,0
6175,900,0
6176,891,0
6177,899,0
6178,890,0
6179,894,0
6180,891,0
6181,895,0
6182,892,0
6183,891,0
6184,893,0
6185,901,0
6186,899,0
6187,900,0
6188,895,0
6189,891,0
6190,895,0
6191,895,0
6192,900,0
6193,893,0
6194,886,0
6195,886,0
6196,896,0
6197,891,0
6198,900,0
6199,900,0
6200,894,0
6201,902,0
6202,901,0
6203,892,0
6204,894,0
6205,891,0
6206,898,0
6207,897,0
6208,883,0
6209,899,0
6210,902,0
6211,902,0
6212,894,0
6213,904,0
6214,902,0
6215,892,0
6216,897,0
6217,892,0
6218,897,0
6219,903,0
6220,895,0
6221,897,0
6222,889,0
6223,900,0
6224,897,0
6225,899,0
6226,889,0
6227,894,0
6228,897,0
6229,894,0
6230,890,0
6231,895,0
6232,892,0
6233,896,0
6234,890,0
6235,895,0
6236,900,0
6237,899,0
6238,889,0
6239,893,0
6240,897,0
6241,899,0
6242,892,0
6243,895,0
6244,893,0
6245,899,0
6246,897,0
6247,887,0
6248,901,0
6249,891,0
6250,903,0
6251,900,0
6252,901,0
6253,898,0
6254,891,0
6255,902,0
6256,899,0
6257,900,0
6258,890,0
6259,889,0
6260,901,0
6261,895,0
6262,890,0
6263,900,0
6264,894,0
6265,901,0
6266,897,0
6267,898,0
6268,907,0
6269,893,0
6270,895,0
6271,900,0
6272,894,0
6273,900,0
6274,893,0
6275,896,0
6276,895,0
6277,896,0
6278,893,0
6279,891,0
6280,901,0
6281,900,0
6282,892,0
6283,905,0
6284,899,0
6285,899,0
6286,901,0
6287,899,0
6288,896,0
6289,895,0
6290,898,0
6291,900,0
6292,892,0
6293,898,0
6294,897,0
6295,896,0
6296,901,0
6297,894,0
6298,897,0
6299,892,0
6300,897,0
6301,903,0
6302,899,0
6303,895,0
6304,893,0
6305,896,0
6306,890,0
6307,893,0
6308,898,0
6309,890,0
6310,907,0
6311,902,0
6312,897,0
6313,895,0
6314,895,0
6315,892,0
6316,906,0
6317,902,0
6318,893,0
6319,899,0
6320,896,0
6321,902,0
6322,903,0
6323,897,0
6324,908,0
6325,894,0
6326,900,0
6327,902,0
6328,906,0
6329,902,0
6330,900,0
6331,903,0
6332,904,0
6333,893,0
6334,894,0
6335,907,0
6336,907,0
6337,903,0
6338,897,0
6339,897,0
6340,903,0
6341,889,0
6342,901,0
6343,896,0
6344,901,0
6345,903,0
6346,901,0
6347,897,0
6348,899,0
6349,906,0
6350,893,0
6351,893,0
6352,895,0
6353,895,0
6354,896,0
6355,904,0
6356,906,0
6357,893,0
6358,901,0
6359,905,0
6360,901,0
6361,891,0
6362,896,0
6363,904,0
6364,906,0
6365,906,0
6366,896,0
6367,904,0
6368,903,0
6369,898,0
6370,888,0
6371,900,0
6372,904,0
6373,906,0
6374,900,0
6375,900,0
6376,905,0
6377,896,0
6378,894,0
6379,905,0
6380,897,0
6381,910,0
6382,905,0
6383,898,0
6384,899,0
6385,901,0
6386,900,0
6387,896,0
6388,892,0
6389,896,0
6390,901,0
6391,909,0
6392,902,0
6393,901,0
6394,889,0
6395,899,0
6396,895,0
6397,901,0
6398,894,0
6399,894,0
6400,911,0
6401,898,0
6402,904,0
6403,893,0
6404,898,0
6405,906,0
6406,896,0
6407,902,0
6408,898,0
6409,900,0
6410,896,0
6411,900,0
6412,901,0
6413,907,0
6414,908,0
6415,894,0
6416,906,0
6417,899,0
6418,898,0
6419,891,0
6420,903,0
6421,897,0
6422,907,0
6423,900,0
6424,896,0
6425,906,0
6426,902,0
6427,899,0
6428,898,0
6429,919,0
6430,901,0
6431,903,0
6432,906,0
6433,897,0
6434,905,0
6435,897,0
6436,897,0
6437,893,0
6438,890,0
6439,907,0
6440,894,0
6441,901,0
6442,899,0
6443,907,0
6444,901,0
6445,903,0
6446,902,0
6447,896,0
6448,895,0
6449,903,0
6450,899,0
6451,903,0
6452,897,0
6453,905,0
6454,898,0
6455,901,0
6456,902,0
6457,894,0
6458,911,0
6459,911,0
6460,908,0
6461,899,0
6462,900,0
6463,898,0
6464,895,0
6465,900,0
6466,899,0
6467,906,0
6468,903,0
6469,897,0
6470,900,0
6471,907,0
6472,893,0
6473,901,0
6474,898,0
6475,899,0
6476,901,0
6477,899,0
6478,901,0
6479,918,0
6480,913,0
6481,899,0
6482,893,0
6483,898,0
6484,908,0
6485,908,0
6486,903,0
6487,907,0
6488,903,0
6489,895,0
6490,902,0
6491,901,0
6492,910,0
6493,895,0
6494,903,0
6495,895,0
6496,902,0
6497,896,0
6498,908,0
6499,903,0
6500,901,0
6501,899,0
6502,908,0
6503,901,0
6504,895,0
6505,904,0
6506,903,0
6507,908,0
6508,902,0
6509,904,0
6510,907,0
6511,900,0
6512,892,0
6513,902,0
6514,903,0
6515,900,0
6516,912,0
6517,901,0
6518,898,0
6519,898,0
6520,901,0
6521,892,0
6522,902,0
6523,898,0
6524,895,0
6525,903,0
6526,894,0
6527,904,0
6528,911,0
6529,907,0
6530,899,0
6531,906,0
6532,902,0
6533,901,0
6534,894,0
6535,905,0
6536,892,0
6537,903,0
6538,900,0
6539,909,0
6540,899,0
6541,908,0
6542,900,0
6543,900,0
6544,899,0
6545,902,0
6546,907,0
6547,895,0
6548,906,0
6549,900,0
6550,899,0
6551,895,0
6552,908,0
6553,907,0
6554,902,0
6555,897,0
6556,898,0
6557,902,0
6558,902,0
6559,906,0
6560,904,0
6561,900,0
6562,900,0
6563,909,0
6564,907,0
6565,895,0
6566,906,0
6567,893,0
6568,911,0
6569,898,0
6570,907,0
6571,899,0
6572,899,0
6573,901,0
6574,909,0
6575,905,0
6576,905,0
6577,891,0
6578,900,0
6579,908,0
6580,904,0
6581,889,0
6582,903,0
6583,904,0
6584,894,0
6585,900,0
6586,895,0
6587,906,0
6588,898,0
6589,914,0
6590,909,0
6591,899,0
6592,910,0
6593,897,0
6594,912,0
6595,903,0
6596,900,0
6597,909,0
6598,901,0
6599,912,0
6600,896,0
6601,906,0
6602,908,0
6603,902,0
6604,902,0
6605,897,0
6606,906,0
6607,898,0
6608,903,0
6609,902,0
6610,900,0
6611,908,0
6612,900,0
6613,900,0
6614,910,0
6615,903,0
6616,910,0
6617,900,0
6618,906,0
6619,901,0
6620,898,0
6621,904,0
6622,896,0
6623,901,0
6624,907,0
6625,911,0
6626,898,0
6627,907,0
6628,908,0
6629,898,0
6630,903,0
6631,913,0
6632,902,0
6633,910,0
6634,901,0
6635,904,0
6636,902,0
6637,903,0
6638,910,0
6639,909,0
6640,897,0
6641,901,0
6642,903,0
6643,907,0
6644,905,0
6645,904,0
6646,906,0
6647,902,0
6648,904,0
6649,905,0
6650,904,0
6651,900,0
6652,912,0
6653,901,0
6654,903,0
6655,907,0
6656,898,0
6657,912,0
6658,904,0
6659,901,0
6660,910,0
6661,898,0
6662,911,0
6663,900,0
6664,901,0
6665,898,0
6666,911,0
6667,910,0
6668,905,0
6669,905,0
6670,904,0
6671,904,0
6672,911,0
6673,896,0
6674,906,0
6675,912,0
6676,910,0
6677,901,0
6678,916,0
6679,907,0
6680,906,0
6681,906,0
6682,901,0
6683,905,0
6684,909,0
6685,908,0
6686,902,0
6687,908,0
6688,905,0
6689,901,0
6690,908,0
6691,904,0
6692,905,0
6693,907,0
6694,896,0
6695,911,0
6696,905,0
6697,905,0
6698,898,0
6699,909,0
6700,905,0
6701,906,0
6702,918,0
6703,913,0
6704,904,0
6705,905,0
6706,900,0
6707,908,0
6708,908,0
6709,912,0
6710,911,0
6711,904,0
6712,908,0
6713,910,0
6714,907,0
6715,906,0
6716,908,0
6717,905,0
6718,905,0
6719,906,0
6720,896,0
6721,915,0
6722,912,0
6723,904,0
6724,909,0
6725,914,0
6726,907,0
6727,903,0
6728,906,0
6729,910,0
6730,908,0
6731,906,0
6732,911,0
6733,892,0
6734,905,0
6735,908,0
6736,913,0
6737,909,0
6738,905,0
6739,909,0
6740,913,0
6741,909,0
6742,914,0
6743,912,0
6744,904,0
6745,907,0
6746,915,0
6747,912,0
6748,905,0
6749,904,0
6750,909,0
6751,906,0
6752,912,0
6753,919,0
6754,903,0
6755,907,0
6756,905,0
6757,908,0
6758,921,0
6759,904,0
6760,901,0
6761,906,0
6762,913,0
6763,912,0
6764,907,0
6765,909,0
6766,905,0
6767,909,0
6768,905,0
6769,903,0
6770,910,0
6771,907,0
6772,899,0
6773,908,0
6774,921,0
6775,915,0
6776,904,0
6777,916,0
6778,903,0
6779,907,0
6780,915,0
6781,917,0
6782,905,0
6783,908,0
6784,912,0
6785,906,0
6786,909,0
6787,912,0
6788,898,0
6789,904,0
6790,906,0
6791,913,0
6792,914,0
6793,908,0
6794,905,0
6795,915,0
6796,908,0
6797,910,0
6798,906,0
6799,901,0
6800,908,0
6801,915,0
6802,908,0
6803,897,0
6804,908,0
6805,915,0
6806,905,0
6807,921,0
6808,911,0
6809,904,0
6810,915,0
6811,915,0
6812,907,0
6813,906,0
6814,916,0
6815,909,0
6816,908,0
6817,912,0
6818,913,0
6819,914,0
6820,901,0
6821,919,0
6822,910,0
6823,909,0
6824,903,0
6825,893,0
6826,910,0
6827,900,0
6828,909,0
6829,901,0
6830,907,0
6831,914,0
6832,903,0
6833,912,0
6834,905,0
6835,902,0
6836,902,0
6837,901,0
6838,906,0
6839,912,0
6840,907,0
6841,904,0
6842,917,0
6843,910,0
6844,912,0
6845,915,0
6846,908,0
6847,909,0
6848,918,0
6849,903,0
6850,910,0
6851,908,0
6852,906,0
6853,911,0
6854,911,0
6855,914,0
6856,912,0
6857,900,0
6858,908,0
6859,910,0
6860,906,0
6861,917,0
6862,906,0
6863,909,0
6864,899,0
6865,905,0
6866,906,0
6867,907,0
6868,912,0
6869,911,0
6870,914,0
6871,909,0
6872,913,0
6873,910,0
6874,906,0
6875,908,0
6876,902,0
6877,914,0
6878,902,0
6879,910,0
6880,910,0
6881,915,0
6882,913,0
6883,909,0
6884,915,0
6885,906,0
6886,909,0
6887,915,0
6888,910,0
6889,913,0
6890,916,0
6891,910,0
6892,911,0
6893,906,0
6894,911,0
6895,908,0
6896,915,0
6897,909,0
6898,899,0
6899,908,0
6900,912,0
6901,913,0
6902,918,0
6903,920,0
6904,907,0
6905,906,0
6906,906,0
6907,910,0
6908,910,0
6909,912,0
6910,910,0
6911,909,0
6912,913,0
6913,911,0
6914,912,0
6915,922,0
6916,905,0
6917,913,0
6918,908,0
6919,904,0
6920,904,0
6921,913,0
6922,907,0
6923,909,0
6924,899,0
6925,913,0
6926,913,0
6927,910,0
6928,909,0
6929,908,0
6930,913,0
6931,913,0
6932,916,0
6933,925,0
6934,909,0
6935,909,0
6936,915,0
6937,913,0
6938,907,0
6939,908,0
6940,911,0
6941,912,0
6942,907,0
6943,912,0
6944,913,0
6945,919,0
6946,905,0
6947,909,0
6948,905,0
6949,913,0
6950,907,0
6951,917,0
6952,913,0
6953,913,0
6954,908,0
6955,909,0
6956,910,0
6957,906,0
6958,911,0
6959,913,0
6960,911,0
6961,922,0
6962,920,0
6963,912,0
6964,904,0
6965,911,0
6966,917,0
6967,926,0
6968,911,0
6969,911,0
6970,915,0
6971,911,0
6972,909,0
6973,924,0
6974,910,0
6975,915,0
6976,914,0
6977,916,0
6978,913,0
6979,914,0
6980,921,0
6981,910,0
6982,909,0
6983,911,0
6984,902,0
6985,916,0
6986,908,0
6987,921,0
6988,915,0
6989,913,0
6990,912,0
6991,909,0
6992,903,0
6993,916,0
6994,923,0
6995,913,0
6996,910,0
6997,918,0
6998,914,0
6999,911,0
7000,904,0
7001,916,0
7002,920,0
7003,908,0
7004,924,0
7005,911,0
7006,908,0
7007,915,0
7008,912,0
7009,911,0
7010,913,0
7011,915,0
7012,928,0
7013,909,0
7014,917,0
7015,902,0
7016,902,0
7017,901,0
7018,906,0
7019,913,0
7020,914,0
7021,917,0
7022,911,0
7023,918,0
7024,913,0
7025,915,0
7026,912,0
7027,914,0
7028,909,0
7029,910,0
7030,919,0
7031,912,0
7032,913,0
7033,913,0
7034,917,0
7035,917,0
7036,919,0
7037,912,0
7038,919,0
7039,915,0
7040,912,0
7041,917,0
7042,909,0
7043,909,0
7044,913,0
7045,913,0
7046,909,0
7047,916,0
7048,914,0
7049,904,0
7050,913,0
7051,911,0
7052,912,0
7053,916,0
7054,908,0
7055,908,0
7056,908,0
7057,904,0
7058,915,0
7059,925,0
7060,914,0
7061,908,0
7062,922,0
7063,917,0
7064,913,0
7065,911,0
7066,916,0
7067,905,0
7068,912,0
7069,914,0
7070,928,0
7071,920,0
7072,915,0
7073,915,0
7074,906,0
7075,915,0
7076,917,0
7077,916,0
7078,920,0
7079,911,0
7080,924,0
7081,914,0
7082,919,0
7083,912,0
7084,906,0
7085,914,0
7086,911,0
7087,909,0
7088,916,0
7089,912,0
7090,918,0
7091,905,0
7092,908,0
7093,914,0
7094,918,0
7095,906,0
7096,914,0
7097,914,0
7098,909,0
7099,911,0
7100,912,0
7101,914,0
7102,918,0
7103,913,0
7104,913,0
7105,908,0
7106,910,0
7107,922,0
7108,922,0
7109,921,0
7110,912,0
7111,910,0
7112,915,0
7113,924,0
7114,912,0
7115,916,0
7116,906,0
7117,900,0
7118,916,0
7119,909,0
7120,915,0
7121,914,0
7122,910,0
7123,916,0
7124,916,0
7125,914,0
7126,915,0
7127,916,0
7128,920,0
7129,912,0
7130,910,0
7131,919,0
7132,912,0
7133,915,0
7134,906,0
7135,921,0
7136,920,0
7137,908,0
7138,913,0
7139,917,0
7140,906,0
7141,914,0
7142,910,0
7143,910,0
7144,918,0
7145,921,0
7146,913,0
7147,911,0
7148,913,0
7149,907,0
7150,916,0
7151,917,0
7152,921,0
7153,919,0
7154,916,0
7155,915,0
7156,924,0
7157,920,0
7158,910,0
7159,919,0
7160,913,0
7161,916,0
7162,916,0
7163,912,0
7164,916,0
7165,914,0
7166,916,0
7167,914,0
7168,922,0
7169,924,0
7170,916,0
7171,906,0
7172,923,0
7173,918,0
7174,917,0
7175,917,0
7176,909,0
7177,911,0
7178,917,0
7179,922,0
7180,919,0
7181,925,0
7182,914,0
7183,912,0
7184,923,0
7185,932,0
7186,913,0
7187,907,0
7188,925,0
7189,919,0
7190,906,0
7191,920,0
7192,921,0
7193,913,0
7194,916,0
7195,910,0
7196,926,0
7197,920,0
7198,921,0
7199,918,0
7200,916,0
7201,913,0
7202,918,0
7203,911,0
7204,921,0
7205,915,0
7206,923,0
7207,919,0
7208,916,0
7209,913,0
7210,911,0
7211,919,0
7212,915,0
7213,918,0
7214,920,0
7215,911,0
7216,920,0
7217,922,0
7218,913,0
7219,920,0
7220,910,0
7221,920,0
7222,917,0
7223,925,0
7224,922,0
7225,920,0
7226,915,0
7227,922,0
7228,920,0
7229,917,0
7230,912,0
7231,906,0
7232,917,0
7233,913,0
7234,907,0
7235,919,0
7236,922,0
7237,915,0
7238,914,0
7239,922,0
7240,920,0
7241,920,0
7242,912,0
7243,912,0
7244,921,0
7245,919,0
7246,926,0
7247,903,0
7248,923,0
7249,921,0
7250,915,0
7251,918,0
7252,919,0
7253,922,0
7254,916,0
7255,923,0
7256,920,0
7257,922,0
7258,919,0
7259,922,0
7260,908,0
7261,919,0
7262,915,0
7263,924,0
7264,931,0
7265,912,0
7266,914,0
7267,922,0
7268,909,0
7269,915,0
7270,909,0
7271,916,0
7272,928,0
7273,927,0
7274,915,0
7275,919,0
7276,918,0
7277,911,0
7278,924,0
7279,911,0
7280,915,0
7281,912,0
7282,921,0
7283,922,0
7284,916,0
7285,921,0
7286,917,0
7287,917,0
7288,915,0
7289,923,0
7290,911,0
7291,917,0
7292,924,0
7293,917,0
7294,917,0
7295,922,0
7296,916,0
7297,911,0
7298,923,0
7299,917,0
7300,912,0
7301,919,0
7302,915,0
7303,916,0
7304,921,0
7305,920,0
7306,924,0
7307,919,0
7308,929,0
7309,921,0
7310,918,0
7311,914,0
7312,915,0
7313,916,0
7314,913,0
7315,917,0
7316,922,0
7317,920,0
7318,915,0
7319,920,0
7320,912,0
7321,909,0
7322,917,0
7323,925,0
7324,920,0
7325,916,0
7326,926,0
7327,926,0
7328,921,0
7329,920,0
7330,924,0
7331,922,0
7332,910,0
7333,922,0
7334,922,0
7335,931,0
7336,920,0
7337,922,0
7338,919,0
7339,915,0
7340,918,0
7341,918,0
7342,923,0
7343,916,0
7344,919,0
7345,923,0
7346,929,0
7347,917,0
7348,910,0
7349,919,0
7350,922,0
7351,925,0
7352,908,0
7353,909,0
7354,923,0
7355,928,0
7356,917,0
7357,917,0
7358,923,0
7359,918,0
7360,915,0
7361,914,0
7362,908,0
7363,922,0
7364,917,0
7365,921,0
7366,917,0
7367,915,0
7368,922,0
7369,925,0
7370,916,0
7371,909,0
7372,918,0
7373,921,0
7374,922,0
7375,923,0
7376,914,0
7377,924,0
7378,916,0
7379,918,0
7380,926,0
7381,916,0
7382,920,0
7383,924,0
7384,921,0
7385,916,0
7386,919,0
7387,929,0
7388,914,0
7389,911,0
7390,923,0
7391,923,0
7392,918,0
7393,918,0
7394,916,0
7395,915,0
7396,915,0
7397,917,0
7398,922,0
7399,915,0
7400,915,0
7401,930,0
7402,919,0
7403,916,0
7404,915,0
7405,918,0
7406,923,0
7407,914,0
7408,923,0
7409,924,0
7410,927,0
7411,915,0
7412,916,0
7413,918,0
7414,921,0
7415,923,0
7416,920,0
7417,921,0
7418,919,0
7419,923,0
7420,921,0
7421,912,0
7422,925,0
7423,924,0
7424,910,0
7425,924,0
7426,920,0
7427,911,0
7428,925,0
7429,925,0
7430,919,0
7431,920,0
7432,925,0
7433,919,0
7434,932,0
7435,912,0
7436,916,0
7437,923,0
7438,931,0
7439,928,0
7440,925,0
7441,913,0
7442,915,0
7443,936,0
7444,921,0
7445,929,0
7446,918,0
7447,912,0
7448,922,0
7449,917,0
7450,918,0
7451,919,0
7452,922,0
7453,924,0
7454,924,0
7455,922,0
7456,921,0
7457,917,0
7458,924,0
7459,921,0
7460,923,0
7461,918,0
7462,926,0
7463,925,0
7464,918,0
7465,923,0
7466,922,0
7467,922,0
7468,921,0
7469,922,0
7470,922,0
7471,922,0
7472,924,0
7473,919,0
7474,927,0
7475,923,0
7476,923,0
7477,930,0
7478,916,0
7479,927,0
7480,918,0
7481,918,0
7482,918,0
7483,923,0
7484,915,0
7485,925,0
7486,914,0
7487,930,0
7488,917,0
7489,919,0
7490,921,0
7491,925,0
7492,919,0
7493,919,0
7494,922,0
7495,923,0
7496,920,0
7497,916,0
7498,918,0
7499,925,0
7500,917,0
7501,930,0
7502,925,0
7503,917,0
7504,921,0
7505,920,0
7506,924,0
7507,912,0
7508,926,0
7509,914,0
7510,925,0
7511,926,0
7512,923,0
7513,924,0
7514,923,0
7515,922,0
7516,926,0
7517,929,0
7518,924,0
7519,922,0
7520,918,0
7521,918,0
7522,924,0
7523,925,0
7524,916,0
7525,918,0
7526,927,0
7527,913,0
7528,925,0
7529,922,0
7530,925,0
7531,916,0
7532,936,0
7533,919,0
7534,918,0
7535,928,0
7536,921,0
7537,924,0
7538,924,0
7539,916,0
7540,917,0
7541,929,0
7542,916,0
7543,914,0
7544,925,0
7545,925,0
7546,929,0
7547,918,0
7548,915,0
7549,929,0
7550,915,0
7551,909,0
7552,933,0
7553,923,0
7554,923,0
7555,923,0
7556,918,0
7557,923,0
7558,921,0
7559,928,0
7560,922,0
7561,928,0
7562,925,0
7563,924,0
7564,921,0
7565,928,0
7566,930,0
7567,923,0
7568,922,0
7569,919,0
7570,930,0
7571,929,0
7572,922,0
7573,922,0
7574,923,0
7575,920,0
7576,921,0
7577,928,0
7578,920,0
7579,927,0
7580,924,0
7581,924,0
7582,923,0
7583,920,0
7584,928,0
7585,921,0
7586,925,0
7587,919,0
7588,925,0
7589,924,0
7590,927,0
7591,913,0
7592,922,0
7593,919,0
7594,923,0
7595,920,0
7596,920,0
7597,911,0
7598,926,0
7599,930,0
7600,922,0
7601,915,0
7602,918,0
7603,925,0
7604,924,0
7605,937,0
7606,926,0
7607,918,0
7608,928,0
7609,922,0
7610,924,0
7611,925,0
7612,927,0
7613,926,0
7614,920,0
7615,936,0
7616,913,0
7617,927,0
7618,920,0
7619,909,0
7620,923,0
7621,919,0
7622,921,0
7623,921,0
7624,919,0
7625,925,0
7626,927,0
7627,931,0
7628,921,0
7629,922,0
7630,934,0
7631,924,0
7632,932,0
7633,926,0
7634,922,0
7635,923,0
7636,929,0
7637,938,0
7638,920,0
7639,925,0
7640,921,0
7641,923,0
7642,917,0
7643,927,0
7644,921,0
7645,924,0
7646,918,0
7647,926,0
7648,930,0
7649,919,0
7650,929,0
7651,922,0
7652,916,0
7653,932,0
7654,925,0
7655,936,0
7656,923,0
7657,929,0
7658,923,0
7659,924,0
7660,928,0
7661,928,0
7662,928,0
7663,923,0
7664,922,0
7665,928,0
7666,926,0
7667,925,0
7668,923,0
7669,930,0
7670,929,0
7671,922,0
7672,930,0
7673,927,0
7674,933,0
7675,925,0
7676,920,0
7677,932,0
7678,929,0
7679,922,0
7680,933,0
7681,928,0
7682,926,0
7683,923,0
7684,935,0
7685,929,0
7686,924,0
7687,928,0
7688,918,0
7689,930,0
7690,921,0
7691,929,0
7692,927,0
7693,931,0
7694,922,0
7695,922,0
7696,927,0
7697,931,0
7698,928,0
7699,925,0
7700,927,0
7701,928,0
7702,922,0
7703,925,0
7704,922,0
7705,926,0
7706,923,0
7707,918,0
7708,922,0
7709,932,0
7710,926,0
7711,921,0
7712,926,0
7713,923,0
7714,926,0
7715,922,0
7716,923,0
7717,919,0
7718,930,0
7719,929,0
7720,928,0
7721,925,0
7722,930,0
7723,920,0
7724,930,0
7725,925,0
7726,934,0
7727,934,0
7728,923,0
7729,921,0
7730,925,0
7731,910,0
7732,931,0
7733,924,0
7734,920,0
7735,923,0
7736,928,0
7737,933,0
7738,922,0
7739,933,0
7740,919,0
7741,929,0
7742,920,0
7743,929,0
7744,920,0
7745,931,0
7746,923,0
7747,925,0
7748,931,0
7749,923,0
7750,928,0
7751,924,0
7752,926,0
7753,926,0
7754,933,0
7755,922,0
7756,920,0
7757,934,0
7758,934,0
7759,929,0
7760,924,0
7761,920,0
7762,925,0
7763,924,0
7764,927,0
7765,922,0
7766,927,0
7767,918,0
7768,925,0
7769,930,0
7770,928,0
7771,932,0
7772,929,0
7773,926,0
7774,922,0
7775,928,0
7776,921,0
7777,926,0
7778,925,0
7779,920,0
7780,932,0
7781,927,0
7782,936,0
7783,925,0
7784,928,0
7785,924,0
7786,928,0
7787,933,0
7788,925,0
7789,929,0
7790,933,0
7791,929,0
7792,920,0
7793,930,0
7794,934,0
7795,923,0
7796,928,0
7797,920,0
7798,927,0
7799,936,0
7800,929,0
7801,917,0
7802,921,0
7803,931,0
7804,925,0
7805,935,0
7806,917,0
7807,925,0
7808,925,0
7809,930,0
7810,926,0
7811,937,0
7812,932,0
7813,919,0
7814,935,0
7815,937,0
7816,924,0
7817,932,0
7818,930,0
7819,925,0
7820,930,0
7821,932,0
7822,930,0
7823,932,0
7824,935,0
7825,926,0
7826,927,0
7827,932,0
7828,932,0
7829,927,0
7830,938,0
7831,932,0
7832,920,0
7833,922,0
7834,929,0
7835,932,0
7836,922,0
7837,919,0
7838,931,0
7839,928,0
7840,922,0
7841,930,0
7842,929,0
7843,928,0
7844,925,0
7845,928,0
7846,918,0
7847,935,0
7848,920,0
7849,929,0
7850,928,0
7851,930,0
7852,930,0
7853,928,0
7854,931,0
7855,931,0
7856,933,0
7857,922,0
7858,930,0
7859,919,0
7860,926,0
7861,927,0
7862,930,0
7863,921,0
7864,930,0
7865,933,0
7866,926,0
7867,928,0
7868,935,0
7869,936,0
7870,925,0
7871,925,0
7872,931,0
7873,929,0
7874,928,0
7875,932,0
7876,925,0
7877,924,0
7878,929,0
7879,927,0
7880,932,0
7881,930,0
7882,937,0
7883,923,0
7884,938,0
7885,928,0
7886,930,0
7887,928,0
7888,926,0
7889,928,0
7890,932,0
7891,922,0
7892,931,0
7893,926,0
7894,930,0
7895,935,0
7896,926,0
7897,918,0
7898,925,0
7899,927,0
7900,917,0
7901,930,0
7902,932,0
7903,938,0
7904,933,0
7905,933,0
7906,921,0
7907,936,0
7908,927,0
7909,928,0
7910,927,0
7911,918,0
7912,927,0
7913,926,0
7914,938,0
7915,920,0
7916,930,0
7917,929,0
7918,927,0
7919,931,0
7920,939,0
7921,922,0
7922,936,0
7923,935,0
7924,919,0
7925,935,0
7926,934,0
7927,932,0
7928,914,0
7929,928,0
7930,930,0
7931,933,0
7932,937,0
7933,921,0
7934,921,0
7935,924,0
7936,934,0
7937,934,0
7938,925,0
7939,934,0
7940,926,0
7941,930,0
7942,929,0
7943,926,0
7944,924,0
7945,922,0
7946,930,0
7947,931,0
7948,929,0
7949,927,0
7950,926,0
7951,937,0
7952,933,0
7953,928,0
7954,937,0
7955,926,0
7956,928,0
7957,924,0
7958,925,0
7959,930,0
7960,933,0
7961,927,0
7962,927,0
7963,932,0
7964,928,0
7965,932,0
7966,929,0
7967,935,0
7968,927,0
7969,924,0
7970,930,0
7971,928,0
7972,926,0
7973,926,0
7974,927,0
7975,926,0
7976,936,0
7977,928,0
7978,930,0
7979,930,0
7980,929,0
7981,929,0
7982,931,0
7983,922,0
7984,924,0
7985,933,0
7986,926,0
7987,935,0
7988,924,0
7989,934,0
7990,925,0
7991,927,0
7992,933,0
7993,916,0
7994,929,0
7995,936,0
7996,933,0
7997,924,0
7998,930,0
7999,931,0
8000,937,0
8001,927,0
8002,934,0
8003,928,0
8004,929,0
8005,932,0
8006,931,0
8007,929,0
8008,929,0
8009,934,0
8010,927,0
8011,939,0
8012,925,0
8013,923,0
8014,926,0
8015,919,0
8016,932,0
8017,930,0
8018,919,0
8019,932,0
8020,932,0
8021,939,0
8022,935,0
8023,931,0
8024,928,0
8025,920,0
8026,930,0
8027,929,0
8028,934,0
8029,932,0
8030,928,0
8031,928,0
8032,924,0
8033,922,0
8034,934,0
8035,930,0
8036,927,0
8037,928,0
8038,927,0
8039,923,0
8040,940,0
8041,934,0
8042,934,0
8043,929,0
8044,936,0
8045,929,0
8046,928,0
8047,939,0
8048,933,0
8049,941,0
8050,940,0
8051,921,0
8052,929,0
8053,932,0
8054,926,0
8055,933,0
8056,938,0
8057,930,0
8058,934,0
8059,944,0
8060,933,0
8061,924,0
8062,929,0
8063,933,0
8064,933,0
8065,940,0
8066,932,0
8067,935,0
8068,931,0
8069,940,0
8070,932,0
8071,934,0
8072,929,0
8073,927,0
8074,929,0
8075,942,0
8076,923,0
8077,923,0
8078,930,0
8079,925,0
8080,935,0
8081,934,0
8082,942,0
8083,931,0
8084,925,0
8085,932,0
8086,934,0
8087,935,0
8088,927,0
8089,933,0
8090,921,0
8091,923,0
8092,929,0
8093,936,0
8094,927,0
8095,936,0
8096,932,0
8097,929,0
8098,927,0
8099,935,0
8100,937,0
8101,940,0
8102,930,0
8103,934,0
8104,933,0
8105,936,0
8106,925,0
8107,928,0
8108,930,0
8109,928,0
8110,933,0
8111,937,0
8112,933,0
8113,931,0
8114,920,0
8115,939,0
8116,929,0
8117,933,0
8118,938,0
8119,928,0
8120,928,0
8121,936,0
8122,935,0
8123,929,0
8124,926,0
8125,933,0
8126,932,0
8127,927,0
8128,939,0
8129,930,0
8130,929,0
8131,926,0
8132,940,0
8133,934,0
8134,941,0
8135,930,0
8136,934,0
8137,930,0
8138,929,0
8139,931,0
8140,931,0
8141,932,0
8142,931,0
8143,935,0
8144,945,0
8145,932,0
8146,929,0
8147,943,0
8148,933,0
8149,928,0
8150,922,0
8151,937,0
8152,929,0
8153,927,0
8154,932,0
8155,930,0
8156,936,0
8157,934,0
8158,928,0
8159,933,0
8160,928,0
8161,937,0
8162,936,0
8163,933,0
8164,936,0
8165,936,0
8166,939,0
8167,944,0
8168,940,0
8169,932,0
8170,928,0
8171,942,0
8172,929,0
8173,929,0
8174,919,0
8175,932,0
8176,921,0
8177,925,0
8178,933,0
8179,935,0
8180,932,0
8181,937,0
8182,929,0
8183,932,0
8184,933,0
8185,931,0
8186,933,0
8187,932,0
8188,932,0
8189,927,0
8190,934,0
8191,944,0
8192,932,0
8193,940,0
8194,935,0
8195,928,0
8196,932,0
8197,936,0
8198,930,0
8199,934,0
8200,928,0
8201,934,0
8202,930,0
8203,934,0
8204,928,0
8205,929,0
8206,928,0
8207,926,0
8208,932,0
8209,945,0
8210,929,0
8211,932,0
8212,936,0
8213,936,0
8214,930,0
8215,937,0
8216,931,0
8217,928,0
8218,940,0
8219,937,0
8220,933,0
8221,933,0
8222,930,0
8223,930,0
8224,928,0
8225,939,0
8226,944,0
8227,930,0
8228,941,0
8229,939,0
8230,928,0
8231,928,0
8232,930,0
8233,931,0
8234,935,0
8235,928,0
8236,937,0
8237,930,0
8238,933,0
8239,941,0
8240,932,0
8241,924,0
8242,929,0
8243,933,0
8244,935,0
8245,933,0
8246,935,0
8247,939,0
8248,939,0
8249,945,0
8250,937,0
8251,930,0
8252,933,0
8253,928,0
8254,938,0
8255,938,0
8256,937,0
8257,942,0
8258,934,0
8259,940,0
8260,928,0
8261,936,0
8262,937,0
8263,941,0
8264,931,0
8265,933,0
8266,944,0
8267,935,0
8268,927,0
8269,939,0
8270,928,0
8271,943,0
8272,943,0
8273,930,0
8274,925,0
8275,942,0
8276,935,0
8277,925,0
8278,933,0
8279,943,0
8280,934,0
8281,929,0
8282,934,0
8283,938,0
8284,940,0
8285,931,0
8286,931,0
8287,936,0
8288,941,0
8289,935,0
8290,940,0
8291,934,0
8292,937,0
8293,930,0
8294,934,0
8295,936,0
8296,932,0
8297,932,0
8298,935,0
8299,931,0
8300,942,0
8301,934,0
8302,939,0
8303,934,0
8304,938,0
8305,947,0
8306,939,0
8307,942,0
8308,935,0
8309,924,0
8310,925,0
8311,946,0
8312,932,0
8313,931,0
8314,935,0
8315,935,0
8316,926,0
8317,937,0
8318,935,0
8319,938,0
8320,943,0
8321,942,0
8322,934,0
8323,937,0
8324,932,0
8325,926,0
8326,930,0
8327,937,0
8328,929,0
8329,933,0
8330,937,0
8331,926,0
8332,933,0
8333,943,0
8334,934,0
8335,940,0
8336,939,0
8337,935,0
8338,934,0
8339,934,0
8340,942,0
8341,935,0
8342,941,0
8343,935,0
8344,939,0
8345,938,0
8346,940,0
8347,936,0
8348,938,0
8349,930,0
8350,935,0
8351,940,0
8352,940,0
8353,930,0
8354,937,0
8355,941,0
8356,936,0
8357,935,0
8358,938,0
8359,940,0
8360,933,0
8361,938,0
8362,940,0
8363,934,0
8364,937,0
8365,930,0
8366,940,0
8367,931,0
8368,937,0
8369,930,0
8370,938,0
8371,935,0
8372,936,0
8373,941,0
8374,925,0
8375,932,0
8376,931,0
8377,931,0
8378,946,0
8379,943,0
8380,929,0
8381,930,0
8382,928,0
8383,929,0
8384,939,0
8385,942,0
8386,938,0
8387,942,0
8388,931,0
8389,944,0
8390,939,0
8391,937,0
8392,941,0
8393,936,0
8394,929,0
8395,931,0
8396,937,0
8397,941,0
8398,933,0
8399,936,0
8400,932,0
8401,945,0
8402,937,0
8403,937,0
8404,936,0
8405,933,0
8406,935,0
8407,941,0
8408,940,0
8409,939,0
8410,937,0
8411,932,0
8412,951,0
8413,937,0
8414,936,0
8415,928,0
8416,933,0
8417,943,0
8418,946,0
8419,940,0
8420,932,0
8421,938,0
8422,937,0
8423,933,0
8424,939,0
8425,940,0
8426,943,0
8427,945,0
8428,940,0
8429,937,0
8430,942,0
8431,940,0
8432,937,0
8433,934,0
8434,935,0
8435,947,0
8436,929,0
8437,940,0
8438,944,0
8439,943,0
8440,940,0
8441,941,0
8442,931,0
8443,947,0
8444,923,0
8445,934,0
8446,942,0
8447,934,0
8448,939,0
8449,935,0
8450,940,0
8451,947,0
8452,936,0
8453,941,0
8454,938,0
8455,939,0
8456,937,0
8457,935,0
8458,938,0
8459,939,0
8460,936,0
8461,938,0
8462,943,0
8463,932,0
8464,938,0
8465,939,0
8466,935,0
8467,930,0
8468,938,0
8469,938,0
8470,940,0
8471,939,0
8472,937,0
8473,937,0
8474,932,0
8475,940,0
8476,946,0
8477,934,0
8478,935,0
8479,947,0
8480,938,0
8481,944,0
8482,948,0
8483,941,0
8484,938,0
8485,937,0
8486,934,0
8487,942,0
8488,940,0
8489,937,0
8490,939,0
8491,948,0
8492,942,0
8493,936,0
8494,944,0
8495,944,0
8496,942,0
8497,941,0
8498,941,0
8499,933,0
8500,941,0
8501,931,0
8502,939,0
8503,936,0
8504,944,0
8505,928,0
8506,930,0
8507,930,0
8508,935,0
8509,932,0
8510,933,0
8511,937,0
8512,938,0
8513,932,0
8514,938,0
8515,949,0
8516,945,0
8517,937,0
8518,949,0
8519,945,0
8520,940,0
8521,939,0
8522,941,0
8523,943,0
8524,938,0
8525,938,0
8526,935,0
8527,942,0
8528,936,0
8529,943,0
8530,937,0
8531,942,0
8532,936,0
8533,939,0
8534,933,0
8535,945,0
8536,942,0
8537,932,0
8538,936,0
8539,944,0
8540,945,0
8541,934,0
8542,943,0
8543,939,0
8544,933,0
8545,942,0
8546,933,0
8547,937,0
8548,931,0
8549,937,0
8550,945,0
8551,944,0
8552,941,0
8553,940,0
8554,935,0
8555,944,0
8556,933,0
8557,937,0
8558,945,0
8559,935,0
8560,938,0
8561,938,0
8562,948,0
8563,932,0
8564,946,0
8565,938,0
8566,948,0
8567,947,0
8568,939,0
8569,942,0
8570,943,0
8571,936,0
8572,933,0
8573,936,0
8574,939,0
8575,939,0
8576,937,0
8577,931,0
8578,942,0
8579,946,0
8580,942,0
8581,942,0
8582,931,0
8583,945,0
8584,944,0
8585,941,0
8586,943,0
8587,948,0
8588,939,0
8589,937,0
8590,943,0
8591,930,0
8592,946,0
8593,948,0
8594,951,0
8595,948,0
8596,941,0
8597,936,0
8598,935,0
8599,940,0
8600,942,0
8601,944,0
8602,945,0
8603,943,0
8604,938,0
8605,940,0
8606,940,0
8607,940,0
8608,938,0
8609,941,0
8610,939,0
8611,940,0
8612,943,0
8613,938,0
8614,949,0
8615,941,0
8616,941,0
8617,941,0
8618,938,0
8619,941,0
8620,944,0
8621,943,0
8622,939,0
8623,931,0
8624,944,0
8625,935,0
8626,940,0
8627,944,0
8628,946,0
8629,936,0
8630,941,0
8631,939,0
8632,940,0
8633,942,0
8634,933,0
8635,940,0
8636,943,0
8637,929,0
8638,936,0
8639,942,0
8640,946,0
8641,939,0
8642,942,0
8643,944,0
8644,938,0
8645,950,0
8646,944,0
8647,938,0
8648,928,0
8649,939,0
8650,943,0
8651,949,0
8652,938,0
8653,943,0
8654,938,0
8655,930,0
8656,949,0
8657,943,0
8658,938,0
8659,938,0
8660,937,0
8661,944,0
8662,935,0
8663,941,0
8664,937,0
8665,949,0
8666,942,0
8667,945,0
8668,942,0
8669,941,0
8670,947,0
8671,940,0
8672,939,0
8673,934,0
8674,946,0
8675,945,0
8676,950,0
8677,934,0
8678,947,0
8679,945,0
8680,933,0
8681,941,0
8682,941,0
8683,933,0
8684,942,0
8685,937,0
8686,942,0
8687,941,0
8688,944,0
8689,952,0
8690,940,0
8691,947,0
8692,939,0
8693,935,0
8694,945,0
8695,950,0
8696,950,0
8697,933,0
8698,942,0
8699,944,0
8700,941,0
8701,941,0
8702,942,0
8703,943,0
8704,933,0
8705,940,0
8706,943,0
8707,946,0
8708,936,0
8709,939,0
8710,943,0
8711,947,0
8712,944,0
8713,943,0
8714,948,0
8715,934,0
8716,938,0
8717,944,0
8718,944,0
8719,945,0
8720,941,0
8721,942,0
8722,933,0
8723,935,0
8724,939,0
8725,947,0
8726,948,0
8727,943,0
8728,942,0
8729,947,0
8730,940,0
8731,938,0
8732,940,0
8733,948,0
8734,946,0
8735,944,0
8736,944,0
8737,941,0
8738,938,0
8739,944,0
8740,951,0
8741,939,0
8742,942,0
8743,946,0
8744,941,0
8745,936,0
8746,942,0
8747,939,0
8748,944,0
8749,939,0
8750,943,0
8751,936,0
8752,948,0
8753,943,0
8754,945,0
8755,941,0
8756,948,0
8757,940,0
8758,939,0
8759,949,0
8760,944,0
8761,941,0
8762,945,0
8763,947,0
8764,945,0
8765,940,0
8766,934,0
8767,938,0
8768,939,0
8769,933,0
8770,947,0
8771,943,0
8772,945,0
8773,943,0
8774,944,0
8775,949,0
8776,939,0
8777,940,0
8778,951,0
8779,945,0
8780,936,0
8781,943,0
8782,939,0
8783,948,0
8784,940,0
8785,944,0
8786,944,0
8787,944,0
8788,947,0
8789,950,0
8790,945,0
8791,942,0
8792,941,0
8793,947,0
8794,953,0
8795,953,0
8796,946,0
8797,938,0
8798,940,0
8799,940,0
8800,944,0
8801,939,0
8802,934,0
8803,934,0
8804,938,0
8805,943,0
8806,941,0
8807,942,0
8808,936,0
8809,945,0
8810,933,0
8811,949,0
8812,936,0
8813,943,0
8814,947,0
8815,956,0
8816,942,0
8817,942,0
8818,943,0
8819,946,0
8820,943,0
8821,948,0
8822,943,0
8823,950,0
8824,936,0
8825,940,0
8826,944,0
8827,943,0
8828,947,0
8829,934,0
8830,936,0
8831,949,0
8832,948,0
8833,942,0
8834,953,0
8835,940,0
8836,943,0
8837,948,0
8838,949,0
8839,953,0
8840,944,0
8841,939,0
8842,940,0
8843,942,0
8844,943,0
8845,942,0
8846,948,0
8847,941,0
8848,948,0
8849,953,0
8850,947,0
8851,936,0
8852,953,0
8853,946,0
8854,948,0
8855,937,0
8856,950,0
8857,947,0
8858,944,0
8859,954,0
8860,942,0
8861,941,0
8862,955,0
8863,944,0
8864,949,0
8865,927,0
8866,949,0
8867,943,0
8868,946,0
8869,940,0
8870,945,0
8871,944,0
8872,941,0
8873,954,0
8874,945,0
8875,949,0
8876,953,0
8877,945,0
8878,944,0
8879,945,0
8880,936,0
8881,947,0
8882,944,0
8883,936,0
8884,945,0
8885,939,0
8886,948,0
8887,941,0
8888,948,0
8889,945,0
8890,950,0
8891,947,0
8892,943,0
8893,939,0
8894,949,0
8895,952,0
8896,941,0
8897,943,0
8898,946,0
8899,935,0
8900,948,0
8901,946,0
8902,948,0
8903,943,0
8904,944,0
8905,952,0
8906,942,0
8907,936,0
8908,953,0
8909,954,0
8910,941,0
8911,940,0
8912,946,0
8913,944,0
8914,941,0
8915,946,0
8916,942,0
8917,945,0
8918,946,0
8919,948,0
8920,945,0
8921,943,0
8922,939,0
8923,946,0
8924,951,0
8925,949,0
8926,952,0
8927,941,0
8928,946,0
8929,943,0
8930,951,0
8931,943,0
8932,942,0
8933,944,0
8934,949,0
8935,948,0
8936,951,0
8937,938,0
8938,945,0
8939,935,0
8940,956,0
8941,959,0
8942,944,0
8943,948,0
8944,944,0
8945,948,0
8946,941,0
8947,943,0
8948,942,0
8949,942,0
8950,934,0
8951,947,0
8952,952,0
8953,949,0
8954,939,0
8955,945,0
8956,946,0
8957,948,0
8958,944,0
8959,940,0
8960,950,0
8961,939,0
8962,944,0
8963,929,0
8964,950,0
8965,949,0
8966,949,0
8967,948,0
8968,940,0
8969,950,0
8970,943,0
8971,947,0
8972,944,0
8973,948,0
8974,947,0
8975,943,0
8976,950,0
8977,940,0
8978,949,0
8979,939,0
8980,937,0
8981,946,0
8982,940,0
8983,941,0
8984,949,0
8985,943,0
8986,937,0
8987,937,0
8988,950,0
8989,947,0
8990,945,0
8991,946,0
8992,961,0
8993,946,0
8994,942,0
8995,943,0
8996,947,0
8997,942,0
8998,948,0
8999,949,0
9000,942,0
9001,944,0
9002,941,0
9003,945,0
9004,941,0
9005,947,0
9006,937,0
9007,944,0
9008,945,0
9009,950,0
9010,936,0
9011,946,0
9012,935,0
9013,952,0
9014,948,0
9015,941,0
9016,948,0
9017,939,0
9018,949,0
9019,945,0
9020,941,0
9021,944,0
9022,941,0
9023,946,0
9024,944,0
9025,950,0
9026,946,0
9027,947,0
9028,948,0
9029,956,0
9030,945,0
9031,936,0
9032,958,0
9033,948,0
9034,952,0
9035,950,0
9036,951,0
9037,945,0
9038,947,0
9039,954,0
9040,950,0
9041,947,0
9042,943,0
9043,951,0
9044,945,0
9045,952,0
9046,947,0
9047,952,0
9048,946,0
9049,942,0
9050,948,0
9051,941,0
9052,946,0
9053,946,0
9054,943,0
9055,953,0
9056,946,0
9057,946,0
9058,949,0
9059,942,0
9060,947,0
9061,956,0
9062,946,0
9063,950,0
9064,956,0
9065,942,0
9066,946,0
9067,952,0
9068,955,0
9069,953,0
9070,943,0
9071,952,0
9072,951,0
9073,962,0
9074,945,0
9075,955,0
9076,947,0
9077,948,0
9078,951,0
9079,947,0
9080,946,0
9081,944,0
9082,956,0
9083,954,0
9084,951,0
9085,952,0
9086,947,0
9087,949,0
9088,955,0
9089,950,0
9090,949,0
9091,946,0
9092,953,0
9093,950,0
9094,958,0
9095,943,0
9096,954,0
9097,951,0
9098,950,0
9099,953,0
9100,947,0
9101,948,0
9102,945,0
9103,945,0
9104,952,0
9105,954,0
9106,941,0
9107,950,0
9108,945,0
9109,952,0
9110,952,0
9111,956,0
9112,955,0
9113,950,0
9114,954,0
9115,941,0
9116,949,0
9117,945,0
9118,942,0
9119,951,0
9120,941,0
9121,949,0
9122,944,0
9123,952,0
9124,956,0
9125,945,0
9126,958,0
9127,955,0
9128,948,0
9129,962,0
9130,954,0
9131,937,0
9132,946,0
9133,954,0
9134,948,0
9135,954,0
9136,948,0
9137,942,0
9138,948,0
9139,953,0
9140,949,0
9141,948,0
9142,952,0
9143,960,0
9144,952,0
9145,949,0
9146,943,0
9147,951,0
9148,956,0
9149,948,0
9150,961,0
9151,948,0
9152,948,0
9153,955,0
9154,948,0
9155,946,0
9156,947,0
9157,949,0
9158,950,0
9159,954,0
9160,952,0
9161,946,0
9162,952,0
9163,947,0
9164,943,0
9165,942,0
9166,941,0
9167,947,0
9168,946,0
9169,936,0
9170,941,0
9171,944,0
9172,948,0
9173,954,0
9174,946,0
9175,957,0
9176,944,0
9177,954,0
9178,939,0
9179,954,0
9180,950,0
9181,953,0
9182,951,0
9183,945,0
9184,949,0
9185,949,0
9186,950,0
9187,950,0
9188,951,0
9189,956,0
9190,952,0
9191,947,0
9192,952,0
9193,949,0
9194,947,0
9195,948,0
9196,946,0
9197,951,0
9198,948,0
9199,946,0
9200,948,0
9201,950,0
9202,948,0
9203,944,0
9204,947,0
9205,954,0
9206,947,0
9207,955,0
9208,955,0
9209,954,0
9210,950,0
9211,954,0
9212,967,0
9213,950,0
9214,940,0
9215,948,0
9216,942,0
9217,942,0
9218,953,0
9219,947,0
9220,945,0
9221,951,0
9222,949,0
9223,956,0
9224,952,0
9225,948,0
9226,954,0
9227,942,0
9228,945,0
9229,954,0
9230,949,0
9231,950,0
9232,952,0
9233,945,0
9234,954,0
9235,948,0
9236,956,0
9237,953,0
9238,959,0
9239,948,0
9240,942,0
9241,946,0
9242,948,0
9243,953,0
9244,952,0
9245,956,0
9246,945,0
9247,946,0
9248,947,0
9249,954,0
9250,946,0
9251,951,0
9252,949,0
9253,949,0
9254,947,0
9255,953,0
9256,951,0
9257,946,0
9258,947,0
9259,952,0
9260,954,0
9261,953,0
9262,950,0
9263,955,0
9264,957,0
9265,956,0
9266,935,0
9267,946,0
9268,948,0
9269,953,0
9270,957,0
9271,950,0
9272,957,0
9273,950,0
9274,957,0
9275,960,0
9276,951,0
9277,952,0
9278,951,0
9279,955,0
9280,960,0
9281,952,0
9282,951,0
9283,959,0
9284,953,0
9285,948,0
9286,947,0
9287,948,0
9288,959,0
9289,956,0
9290,953,0
9291,941,0
9292,950,0
9293,952,0
9294,947,0
9295,955,0
9296,952,0
9297,961,0
9298,952,0
9299,951,0
9300,957,0
9301,947,0
9302,954,0
9303,945,0
9304,946,0
9305,950,0
9306,940,0
9307,951,0
9308,959,0
9309,945,0
9310,946,0
9311,954,0
9312,959,0
9313,955,0
9314,945,0
9315,952,0
9316,946,0
9317,947,0
9318,949,0
9319,955,0
9320,945,0
9321,950,0
9322,953,0
9323,959,0
9324,946,0
9325,950,0
9326,945,0
9327,947,0
9328,954,0
9329,951,0
9330,939,0
9331,945,0
9332,953,0
9333,942,0
9334,949,0
9335,959,0
9336,957,0
9337,952,0
9338,949,0
9339,948,0
9340,952,0
9341,958,0
9342,947,0
9343,956,0
9344,952,0
9345,948,0
9346,956,0
9347,962,0
9348,958,0
9349,947,0
9350,943,0
9351,958,0
9352,954,0
9353,956,0
9354,947,0
9355,954,0
9356,952,0
9357,951,0
9358,951,0
9359,954,0
9360,949,0
9361,954,0
9362,949,0
9363,945,0
9364,944,0
9365,947,0
9366,944,0
9367,951,0
9368,960,0
9369,950,0
9370,948,0
9371,947,0
9372,955,0
9373,960,0
9374,960,0
9375,951,0
9376,954,0
9377,952,0
9378,947,0
9379,957,0
9380,954,0
9381,957,0
9382,944,0
9383,953,0
9384,951,0
9385,954,0
9386,957,0
9387,947,0
9388,949,0
9389,954,0
9390,950,0
9391,948,0
9392,959,0
9393,954,0
9394,948,0
9395,949,0
9396,944,0
9397,956,0
9398,963,0
9399,956,0
9400,952,0
9401,949,0
9402,951,0
9403,948,0
9404,955,0
9405,942,0
9406,945,0
9407,948,0
9408,944,0
9409,950,0
9410,952,0
9411,949,0
9412,948,0
9413,962,0
9414,941,0
9415,958,0
9416,956,0
9417,950,0
9418,958,0
9419,948,0
9420,954,0
9421,943,0
9422,960,0
9423,950,0
9424,947,0
9425,956,0
9426,943,0
9427,953,0
9428,946,0
9429,955,0
9430,956,0
9431,952,0
9432,950,0
9433,964,0
9434,958,0
9435,952,0
9436,948,0
9437,960,0
9438,955,0
9439,962,0
9440,953,0
9441,957,0
9442,950,0
9443,951,0
9444,941,0
9445,948,0
9446,958,0
9447,953,0
9448,947,0
9449,945,0
9450,948,0
9451,961,0
9452,958,0
9453,955,0
9454,957,0
9455,953,0
9456,954,0
9457,961,0
9458,945,0
9459,956,0
9460,955,0
9461,949,0
9462,954,0
9463,950,0
9464,950,0
9465,949,0
9466,956,0
9467,960,0
9468,954,0
9469,960,0
9470,951,0
9471,954,0
9472,955,0
9473,957,0
9474,950,0
9475,954,0
9476,958,0
9477,943,0
9478,975,0
9479,953,0
9480,951,0
9481,960,0
9482,951,0
9483,954,0
9484,959,0
9485,958,0
9486,953,0
9487,951,0
9488,961,0
9489,951,0
9490,960,0
9491,955,0
9492,958,0
9493,949,0
9494,953,0
9495,952,0
9496,963,0
9497,958,0
9498,952,0
9499,958,0
9500,951,0
9501,954,0
9502,958,0
9503,950,0
9504,963,0
9505,948,0
9506,939,0
9507,954,0
9508,951,0
9509,956,0
9510,953,0
9511,954,0
9512,958,0
9513,956,0
9514,953,0
9515,952,0
9516,961,0
9517,950,0
9518,951,0
9519,955,0
9520,960,0
9521,954,0
9522,953,0
9523,964,0
9524,956,0
9525,950,0
9526,959,0
9527,955,0
9528,961,0
9529,963,0
9530,951,0
9531,958,0
9532,962,0
9533,964,0
9534,955,0
9535,959,0
9536,960,0
9537,959,0
9538,952,0
9539,957,0
9540,965,0
9541,955,0
9542,956,0
9543,954,0
9544,956,0
9545,949,0
9546,946,0
9547,960,0
9548,955,0
9549,954,0
9550,951,0
9551,949,0
9552,953,0
9553,950,0
9554,958,0
9555,950,0
9556,960,0
9557,956,0
9558,956,0
9559,956,0
9560,947,0
9561,956,0
9562,952,0
9563,945,0
9564,949,0
9565,949,0
9566,947,0
9567,968,0
9568,953,0
9569,949,0
9570,955,0
9571,957,0
9572,957,0
9573,954,0
9574,954,0
9575,956,0
9576,953,0
9577,956,0
9578,949,0
9579,959,0
9580,959,0
9581,958,0
9582,961,0
9583,953,0
9584,953,0
9585,952,0
9586,951,0
9587,955,0
9588,958,0
9589,955,0
9590,955,0
9591,953,0
9592,959,0
9593,959,0
9594,942,0
9595,959,0
9596,945,0
9597,958,0
9598,953,0
9599,959,0
9600,953,0
9601,961,0
9602,951,0
9603,966,0
9604,950,0
9605,948,0
9606,944,0
9607,962,0
9608,963,0
9609,948,0
9610,956,0
9611,950,0
9612,944,0
9613,964,0
9614,953,0
9615,950,0
9616,958,0
9617,950,0
9618,954,0
9619,950,0
9620,949,0
9621,962,0
9622,960,0
9623,963,0
9624,951,0
9625,960,0
9626,959,0
9627,951,0
9628,955,0
9629,955,0
9630,960,0
9631,953,0
9632,962,0
9633,960,0
9634,966,0
9635,955,0
9636,962,0
9637,963,0
9638,961,0
9639,957,0
9640,950,0
9641,959,0
9642,960,0
9643,954,0
9644,952,0
9645,953,0
9646,962,0
9647,950,0
9648,959,0
9649,952,0
9650,956,0
9651,949,0
9652,952,0
9653,949,0
9654,955,0
9655,953,0
9656,949,0
9657,944,0
9658,959,0
9659,949,0
9660,961,0
9661,961,0
9662,963,0
9663,960,0
9664,962,0
9665,960,0
9666,963,0
9667,957,0
9668,961,0
9669,955,0
9670,951,0
9671,963,0
9672,957,0
9673,967,0
9674,946,0
9675,964,0
9676,958,0
9677,957,0
9678,952,0
9679,951,0
9680,951,0
9681,956,0
9682,953,0
9683,955,0
9684,959,0
9685,952,0
9686,960,0
9687,957,0
9688,954,0
9689,954,0
9690,953,0
9691,953,0
9692,963,0
9693,947,0
9694,959,0
9695,950,0
9696,954,0
9697,957,0
9698,954,0
9699,956,0
9700,952,0
9701,967,0
9702,955,0
9703,955,0
9704,960,0
9705,949,0
9706,951,0
9707,954,0
9708,954,0
9709,953,0
9710,959,0
9711,962,0
9712,960,0
9713,957,0
9714,959,0
9715,952,0
9716,951,0
9717,948,0
9718,954,0
9719,957,0
9720,963,0
9721,966,0
9722,951,0
9723,960,0
9724,957,0
9725,958,0
9726,957,0
9727,964,0
9728,965,0
9729,954,0
9730,956,0
9731,962,0
9732,959,0
9733,943,0
9734,953,0
9735,949,0
9736,952,0
9737,956,0
9738,952,0
9739,958,0
9740,967,0
9741,956,0
9742,956,0
9743,959,0
9744,959,0
9745,951,0
9746,949,0
9747,951,0
9748,961,0
9749,952,0
9750,965,0
9751,959,0
9752,958,0
9753,964,0
9754,959,0
9755,957,0
9756,954,0
9757,967,0
9758,956,0
9759,956,0
9760,962,0
9761,955,0
9762,955,0
9763,966,0
9764,963,0
9765,956,0
9766,957,0
9767,956,0
9768,953,0
9769,953,0
9770,962,0
9771,958,0
9772,959,0
9773,950,0
9774,953,0
9775,957,0
9776,961,0
9777,967,0
9778,957,0
9779,956,0
9780,955,0
9781,961,0
9782,953,0
9783,960,0
9784,958,0
9785,960,0
9786,946,0
9787,957,0
9788,960,0
9789,961,0
9790,959,0
9791,958,0
9792,951,0
9793,965,0
9794,957,0
9795,958,0
9796,970,0
9797,965,0
9798,951,0
9799,957,0
9800,954,0
9801,955,0
9802,955,0
9803,958,0
9804,959,0
9805,962,0
9806,958,0
9807,958,0
9808,967,0
9809,961,0
9810,952,0
9811,960,0
9812,954,0
9813,959,0
9814,961,0
9815,961,0
9816,966,0
9817,959,0
9818,969,0
9819,951,0
9820,956,0
9821,967,0
9822,954,0
9823,963,0
9824,961,0
9825,959,0
9826,958,0
9827,955,0
9828,954,0
9829,959,0
9830,961,0
9831,956,0
9832,961,0
9833,956,0
9834,963,0
9835,966,0
9836,958,0
9837,954,0
9838,970,0
9839,953,0
9840,966,0
9841,960,0
9842,954,0
9843,959,0
9844,959,0
9845,956,0
9846,958,0
9847,958,0
9848,957,0
9849,956,0
9850,970,0
9851,963,0
9852,964,0
9853,966,0
9854,959,0
9855,960,0
9856,955,0
9857,963,0
9858,961,0
9859,956,0
9860,959,0
9861,960,0
9862,963,0
9863,973,0
9864,956,0
9865,952,0
9866,965,0
9867,954,0
9868,951,0
9869,957,0
9870,954,0
9871,963,0
9872,967,0
9873,960,0
9874,953,0
9875,958,0
9876,953,0
9877,962,0
9878,963,0
9879,957,0
9880,963,0
9881,966,0
9882,958,0
9883,965,0
9884,955,0
9885,956,0
9886,956,0
9887,955,0
9888,962,0
9889,963,0
9890,955,0
9891,953,0
9892,963,0
9893,965,0
9894,954,0
9895,964,0
9896,959,0
9897,954,0
9898,960,0
9899,950,0
9900,966,0
9901,958,0
9902,971,0
9903,957,0
9904,955,0
9905,967,0
9906,961,0
9907,965,0
9908,954,0
9909,956,0
9910,970,0
9911,961,0
9912,958,0
9913,958,0
9914,965,0
9915,960,0
9916,949,0
9917,960,0
9918,962,0
9919,957,0
9920,967,0
9921,959,0
9922,959,0
9923,964,0
9924,961,0
9925,956,0
9926,960,0
9927,958,0
9928,960,0
9929,958,0
9930,961,0
9931,960,0
9932,963,0
9933,957,0
9934,963,0
9935,963,0
9936,960,0
9937,951,0
9938,954,0
9939,958,0
9940,959,0
9941,959,0
9942,959,0
9943,961,0
9944,960,0
9945,956,0
9946,972,0
9947,965,0
9948,958,0
9949,953,0
9950,962,0
9951,963,0
9952,969,0
9953,963,0
9954,964,0
9955,954,0
9956,958,0
9957,954,0
9958,964,0
9959,954,0
9960,963,0
9961,964,0
9962,965,0
9963,959,0
9964,959,0
9965,954,0
9966,963,0
9967,947,0
9968,971,0
9969,961,0
9970,958,0
9971,968,0
9972,950,0
9973,960,0
9974,965,0
9975,954,0
9976,958,0
9977,958,0
9978,957,0
9979,959,0
9980,955,0
9981,955,0
9982,962,0
9983,953,0
9984,955,0
9985,958,0
9986,961,0
9987,952,0
9988,960,0
9989,965,0
9990,956,0
9991,961,0
9992,963,0
9993,959,0
9994,960,0
9995,966,0
9996,962,0
9997,964,0
9998,965,0
9999,965,0
10000,964,0
10001,956,0
10002,965,0
10003,959,0
10004,965,0
10005,959,0
10006,969,0
10007,960,0
10008,960,0
10009,958,0
10010,957,0
10011,961,0
10012,963,0
10013,951,0
10014,965,0
10015,965,0
10016,959,0
10017,965,0
10018,963,0
10019,967,0
10020,963,0
10021,966,0
10022,970,0
10023,960,0
10024,957,0
10025,966,0
10026,954,0
10027,960,0
10028,964,0
10029,960,0
10030,957,0
10031,959,0
10032,961,0
10033,958,0
10034,958,0
10035,963,0
10036,973,0
10037,955,0
10038,964,0
10039,971,0
10040,965,0
10041,972,0
10042,963,0
10043,965,0
10044,956,0
10045,968,0
10046,961,0
10047,973,0
10048,957,0
10049,969,0
10050,961,0
10051,963,0
10052,965,0
10053,966,0
10054,957,0
10055,968,0
10056,955,0
10057,964,0
10058,952,0
10059,967,0
10060,960,0
10061,962,0
10062,963,0
10063,962,0
10064,959,0
10065,957,0
10066,962,0
10067,963,0
10068,954,0
10069,964,0
10070,962,0
10071,962,0
10072,963,0
10073,962,0
10074,971,0
10075,977,0
10076,959,0
10077,961,0
10078,965,0
10079,964,0
10080,966,0
10081,963,0
10082,963,0
10083,962,0
10084,959,0
10085,963,0
10086,966,0
10087,966,0
10088,952,0
10089,954,0
10090,964,0
10091,960,0
10092,961,0
10093,951,0
10094,966,0
10095,963,0
10096,953,0
10097,963,0
10098,967,0
10099,969,0
10100,965,0
10101,962,0
10102,970,0
10103,954,0
10104,963,0
10105,969,0
10106,956,0
10107,959,0
10108,955,0
10109,963,0
10110,959,0
10111,964,0
10112,952,0
10113,967,0
10114,960,0
10115,964,0
10116,964,0
10117,965,0
10118,966,0
10119,962,0
10120,956,0
10121,965,0
10122,961,0
10123,966,0
10124,955,0
10125,961,0
10126,955,0
10127,969,0
10128,958,0
10129,955,0
10130,965,0
10131,961,0
10132,962,0
10133,963,0
10134,959,0
10135,965,0
10136,962,0
10137,957,0
10138,964,0
10139,955,0
10140,964,0
10141,955,0
10142,964,0
10143,969,0
10144,960,0
10145,958,0
10146,959,0
10147,956,0
10148,957,0
10149,968,0
10150,971,0
10151,968,0
10152,973,0
10153,964,0
10154,963,0
10155,962,0
10156,963,0
10157,959,0
10158,957,0
10159,965,0
10160,965,0
10161,961,0
10162,973,0
10163,960,0
10164,964,0
10165,963,0
10166,956,0
10167,966,0
10168,967,0
10169,966,0
10170,972,0
10171,970,0
10172,966,0
10173,965,0
10174,969,0
10175,968,0
10176,963,0
10177,962,0
10178,962,0
10179,965,0
10180,963,0
10181,970,0
10182,958,0
10183,965,0
10184,965,0
10185,962,0
10186,957,0
10187,967,0
10188,966,0
10189,963,0
10190,963,0
10191,963,0
10192,963,0
10193,961,0
10194,962,0
10195,962,0
10196,961,0
10197,955,0
10198,954,0
10199,962,0
10200,966,0
10201,959,0
10202,962,0
10203,958,0
10204,960,0
10205,968,0
10206,961,0
10207,965,0
10208,963,0
10209,965,0
10210,966,0
10211,957,0
10212,966,0
10213,971,0
10214,958,0
10215,959,0
10216,971,0
10217,965,0
10218,959,0
10219,968,0
10220,971,0
10221,963,0
10222,966,0
10223,969,0
10224,963,0
10225,964,0
10226,962,0
10227,964,0
10228,963,0
10229,967,0
10230,963,0
10231,960,0
10232,967,0
10233,961,0
10234,962,0
10235,966,0
10236,962,0
10237,965,0
10238,963,0
10239,960,0
10240,960,0
10241,966,0
10242,969,0
10243,966,0
10244,970,0
10245,957,0
10246,960,0
10247,972,0
10248,959,0
10249,965,0
10250,967,0
10251,961,0
10252,964,0
10253,961,0
10254,962,0
10255,962,0
10256,959,0
10257,966,0
10258,966,0
10259,972,0
10260,964,0
10261,970,0
10262,949,0
10263,966,0
10264,969,0
10265,961,0
10266,968,0
10267,964,0
10268,959,0
10269,970,0
10270,962,0
10271,963,0
10272,960,0
10273,960,0
10274,975,0
10275,967,0
10276,967,0
10277,960,0
10278,963,0
10279,961,0
10280,962,0
10281,965,0
10282,960,0
10283,967,0
10284,963,0
10285,962,0
10286,962,0
10287,969,0
10288,967,0
10289,969,0
10290,966,0
10291,966,0
10292,961,0
10293,972,0
10294,970,0
10295,973,0
10296,967,0
10297,970,0
10298,958,0
10299,959,0
10300,964,0
10301,966,0
10302,963,0
10303,962,0
10304,962,0
10305,966,0
10306,969,0
10307,962,0
10308,959,0
10309,965,0
10310,958,0
10311,966,0
10312,956,0
10313,971,0
10314,955,0
10315,969,0
10316,973,0
10317,962,0
10318,961,0
10319,955,0
10320,962,0
10321,966,0
10322,961,0
10323,972,0
10324,963,0
10325,965,0
10326,963,0
10327,964,0
10328,973,0
10329,958,0
10330,962,0
10331,965,0
10332,978,0
10333,958,0
10334,967,0
10335,966,0
10336,976,0
10337,968,0
10338,966,0
10339,970,0
10340,957,0
10341,967,0
10342,966,0
10343,972,0
10344,959,0
10345,963,0
10346,970,0
10347,971,0
10348,966,0
10349,973,0
10350,968,0
10351,964,0
10352,968,0
10353,973,0
10354,959,0
10355,960,0
10356,954,0
10357,961,0
10358,962,0
10359,964,0
10360,968,0
10361,969,0
10362,963,0
10363,969,0
10364,967,0
10365,970,0
10366,965,0
10367,959,0
10368,966,0
10369,973,0
10370,963,0
10371,969,0
10372,964,0
10373,970,0
10374,974,0
10375,963,0
10376,972,0
10377,970,0
10378,963,0
10379,964,0
10380,965,0
10381,962,0
10382,955,0
10383,965,0
10384,964,0
10385,967,0
10386,953,0
10387,970,0
10388,961,0
10389,966,0
10390,963,0
10391,969,0
10392,969,0
10393,964,0
10394,968,0
10395,958,0
10396,954,0
10397,960,0
10398,976,0
10399,962,0
10400,969,0
10401,971,0
10402,974,0
10403,971,0
10404,964,0
10405,969,0
10406,958,0
10407,965,0
10408,961,0
10409,977,0
10410,964,0
10411,967,0
10412,959,0
10413,970,0
10414,965,0
10415,976,0
10416,971,0
10417,968,0
10418,966,0
10419,968,0
10420,978,0
10421,972,0
10422,965,0
10423,968,0
10424,957,0
10425,970,0
10426,962,0
10427,966,0
10428,958,0
10429,966,0
10430,969,0
10431,967,0
10432,967,0
10433,964,0
10434,971,0
10435,959,0
10436,959,0
10437,966,0
10438,964,0
10439,967,0
10440,968,0
10441,966,0
10442,968,0
10443,972,0
10444,961,0
10445,967,0
10446,968,0
10447,963,0
10448,969,0
10449,960,0
10450,963,0
10451,966,0
10452,960,0
10453,969,0
10454,960,0
10455,967,0
10456,969,0
10457,967,0
10458,972,0
10459,971,0
10460,963,0
10461,972,0
10462,966,0
10463,969,0
10464,961,0
10465,968,0
10466,969,0
10467,971,0
10468,966,0
10469,968,0
10470,975,0
10471,964,0
10472,970,0
10473,958,0
10474,964,0
10475,964,0
10476,970,0
10477,970,0
10478,974,0
10479,964,0
10480,967,0
10481,975,0
10482,966,0
10483,960,0
10484,963,0
10485,966,0
10486,967,0
10487,966,0
10488,966,0
10489,964,0
10490,960,0
10491,969,0
10492,967,0
10493,969,0
10494,959,0
10495,974,0
10496,961,0
10497,958,0
10498,973,0
10499,964,0
10500,963,0
10501,965,0
10502,968,0
10503,973,0
10504,969,0
10505,969,0
10506,962,0
10507,967,0
10508,965,0
10509,972,0
10510,966,0
10511,972,0
10512,972,0
10513,972,0
10514,970,0
10515,968,0
10516,967,0
10517,971,0
10518,966,0
10519,961,0
10520,961,0
10521,976,0
10522,959,0
10523,968,0
10524,969,0
10525,965,0
10526,966,0
10527,968,0
10528,965,0
10529,955,0
10530,974,0
10531,967,0
10532,967,0
10533,962,0
10534,971,0
10535,964,0
10536,966,0
10537,968,0
10538,961,0
10539,970,0
10540,965,0
10541,958,0
10542,969,0
10543,966,0
10544,972,0
10545,970,0
10546,974,0
10547,972,0
10548,974,0
10549,957,0
10550,968,0
10551,970,0
10552,971,0
10553,969,0
10554,974,0
10555,963,0
10556,967,0
10557,970,0
10558,958,0
10559,969,0
10560,966,0
10561,964,0
10562,964,0
10563,974,0
10564,969,0
10565,964,0
10566,967,0
10567,968,0
10568,965,0
10569,962,0
10570,977,0
10571,967,0
10572,973,0
10573,972,0
10574,971,0
10575,964,0
10576,969,0
10577,965,0
10578,974,0
10579,971,0
10580,972,0
10581,968,0
10582,963,0
10583,967,0
10584,976,0
10585,964,0
10586,969,0
10587,967,0
10588,973,0
10589,970,0
10590,974,0
10591,971,0
10592,970,0
10593,978,0
10594,965,0
10595,971,0
10596,973,0
10597,969,0
10598,967,0
10599,972,0
10600,967,0
10601,966,0
10602,965,0
10603,973,0
10604,968,0
10605,964,0
10606,969,0
10607,964,0
10608,967,0
10609,968,0
10610,963,0
10611,974,0
10612,961,0
10613,964,0
10614,968,0
10615,974,0
10616,965,0
10617,967,0
10618,968,0
10619,969,0
10620,968,0
10621,979,0
10622,964,0
10623,959,0
10624,966,0
10625,966,0
10626,964,0
10627,965,0
10628,976,0
10629,969,0
10630,969,0
10631,971,0
10632,961,0
10633,975,0
10634,979,0
10635,972,0
10636,975,0
10637,967,0
10638,968,0
10639,969,0
10640,963,0
10641,970,0
10642,967,0
10643,975,0
10644,964,0
10645,963,0
10646,966,0
10647,975,0
10648,968,0
10649,957,0
10650,965,0
10651,966,0
10652,968,0
10653,961,0
10654,965,0
10655,975,0
10656,969,0
10657,978,0
10658,973,0
10659,957,0
10660,969,0
10661,961,0
10662,963,0
10663,968,0
10664,966,0
10665,967,0
10666,973,0
10667,971,0
10668,978,0
10669,967,0
10670,969,0
10671,974,0
10672,976,0
10673,971,0
10674,976,0
10675,969,0
10676,970,0
10677,975,0
10678,966,0
10679,975,0
10680,974,0
10681,967,0
10682,970,0
10683,970,0
10684,967,0
10685,970,0
10686,974,0
10687,968,0
10688,969,0
10689,966,0
10690,973,0
10691,970,0
10692,977,0
10693,960,0
10694,974,0
10695,966,0
10696,967,0
10697,959,0
10698,964,0
10699,974,0
10700,973,0
10701,976,0
10702,978,0
10703,968,0
10704,961,0
10705,973,0
10706,974,0
10707,970,0
10708,958,0
10709,975,0
10710,973,0
10711,967,0
10712,963,0
10713,974,0
10714,969,0
10715,980,0
10716,969,0
10717,968,0
10718,967,0
10719,976,0
10720,961,0
10721,973,0
10722,974,0
10723,978,0
10724,970,0
10725,964,0
10726,974,0
10727,969,0
10728,972,0
10729,967,0
10730,959,0
10731,977,0
10732,968,0
10733,960,0
10734,967,0
10735,969,0
10736,964,0
10737,968,0
10738,976,0
10739,970,0
10740,968,0
10741,970,0
10742,970,0
10743,968,0
10744,970,0
10745,977,0
10746,966,0
10747,967,0
10748,973,0
10749,971,0
10750,965,0
10751,959,0
10752,974,0
10753,967,0
10754,971,0
10755,976,0
10756,969,0
10757,959,0
10758,978,0
10759,968,0
10760,967,0
10761,973,0
10762,966,0
10763,963,0
10764,974,0
10765,974,0
10766,971,0
10767,971,0
10768,961,0
10769,971,0
10770,965,0
10771,984,0
10772,971,0
10773,966,0
10774,975,0
10775,970,0
10776,969,0
10777,965,0
10778,974,0
10779,971,0
10780,973,0
10781,967,0
10782,969,0
10783,973,0
10784,964,0
10785,974,0
10786,965,0
10787,976,0
10788,978,0
10789,978,0
10790,978,0
10791,971,0
10792,972,0
10793,974,0
10794,967,0
10795,970,0
10796,987,0
10797,972,0
10798,962,0
10799,978,0
10800,970,0
10801,967,0
10802,969,0
10803,970,0
10804,963,0
10805,968,0
10806,958,0
10807,967,0
10808,973,0
10809,980,0
10810,971,0
10811,975,0
10812,974,0
10813,963,0
10814,970,0
10815,973,0
10816,968,0
10817,971,0
10818,967,0
10819,978,0
10820,978,0
10821,973,0
10822,978,0
10823,971,0
10824,969,0
10825,972,0
10826,976,0
10827,966,0
10828,980,0
10829,972,0
10830,962,0
10831,972,0
10832,968,0
10833,964,0
10834,974,0
10835,978,0
10836,970,0
10837,969,0
10838,965,0
10839,967,0
10840,975,0
10841,967,0
10842,972,0
10843,973,0
10844,973,0
10845,968,0
10846,983,0
10847,966,0
10848,956,0
10849,983,0
10850,979,0
10851,980,0
10852,972,0
10853,972,0
10854,968,0
10855,976,0
10856,977,0
10857,972,0
10858,971,0
10859,974,0
10860,973,0
10861,976,0
10862,974,0
10863,974,0
10864,969,0
10865,972,0
10866,968,0
10867,971,0
10868,977,0
10869,974,0
10870,975,0
10871,972,0
10872,973,0
10873,972,0
10874,967,0
10875,971,0
10876,977,0
10877,972,0
10878,965,0
10879,985,0
10880,969,0
10881,974,0
10882,973,0
10883,982,0
10884,972,0
10885,968,0
10886,975,0
10887,980,0
10888,978,0
10889,972,0
10890,969,0
10891,967,0
10892,973,0
10893,971,0
10894,974,0
10895,980,0
10896,968,0
10897,977,0
10898,971,0
10899,979,0
10900,981,0
10901,969,0
10902,972,0
10903,964,0
10904,970,0
10905,973,0
10906,968,0
10907,974,0
10908,973,0
10909,975,0
10910,978,0
10911,969,0
10912,973,0
10913,970,0
10914,976,0
10915,962,0
10916,972,0
10917,973,0
10918,964,0
10919,972,0
10920,978,0
10921,972,0
10922,969,0
10923,973,0
10924,970,0
10925,980,0
10926,966,0
10927,971,0
10928,974,0
10929,971,0
10930,979,0
10931,966,0
10932,970,0
10933,972,0
10934,973,0
10935,966,0
10936,972,0
10937,970,0
10938,975,0
10939,970,0
10940,967,0
10941,967,0
10942,972,0
10943,973,0
10944,978,0
10945,967,0
10946,964,0
10947,967,0
10948,976,0
10949,973,0
10950,978,0
10951,976,0
10952,967,0
10953,966,0
10954,970,0
10955,968,0
10956,972,0
10957,969,0
10958,976,0
10959,976,0
10960,963,0
10961,972,0
10962,975,0
10963,966,0
10964,973,0
10965,969,0
10966,973,0
10967,978,0
10968,975,0
10969,973,0
10970,982,0
10971,977,0
10972,977,0
10973,976,0
10974,979,0
10975,973,0
10976,974,0
10977,973,0
10978,978,0
10979,968,0
10980,973,0
10981,981,0
10982,979,0
10983,972,0
10984,975,0
10985,971,0
10986,962,0
10987,979,0
10988,966,0
10989,981,0
10990,972,0
10991,967,0
10992,975,0
10993,973,0
10994,965,0
10995,983,0
10996,966,0
10997,961,0
10998,976,0
10999,973,0
11000,971,0
11001,968,0
11002,976,0
11003,958,0
11004,972,0
11005,977,0
11006,978,0
11007,976,0
11008,975,0
11009,973,0
11010,974,0
11011,971,0
11012,972,0
11013,976,0
11014,970,0
11015,969,0
11016,972,0
11017,971,0
11018,970,0
11019,982,0
11020,964,0
11021,974,0
11022,978,0
11023,973,0
11024,974,0
11025,977,0
11026,980,0
11027,974,0
11028,974,0
11029,976,0
11030,982,0
11031,969,0
11032,970,0
11033,969,0
11034,975,0
11035,970,0
11036,969,0
11037,971,0
11038,968,0
11039,976,0
11040,972,0
11041,972,0
11042,968,0
11043,970,0
11044,975,0
11045,972,0
11046,968,0
11047,970,0
11048,978,0
11049,970,0
11050,976,0
11051,967,0
11052,976,0
11053,978,0
11054,968,0
11055,969,0
11056,976,0
11057,970,0
11058,980,0
11059,969,0
11060,973,0
11061,971,0
11062,973,0
11063,972,0
11064,971,0
11065,967,0
11066,968,0
11067,981,0
11068,975,0
11069,970,0
11070,975,0
11071,976,0
11072,966,0
11073,971,0
11074,978,0
11075,972,0
11076,975,0
11077,977,0
11078,972,0
11079,968,0
11080,969,0
11081,975,0
11082,978,0
11083,970,0
11084,978,0
11085,970,0
11086,971,0
11087,970,0
11088,972,0
11089,969,0
11090,972,0
11091,975,0
11092,966,0
11093,980,0
11094,974,0
11095,977,0
11096,969,0
11097,978,0
11098,968,0
11099,978,0
11100,981,0
11101,966,0
11102,975,0
11103,969,0
11104,967,0
11105,971,0
11106,973,0
11107,979,0
11108,976,0
11109,978,0
11110,979,0
11111,981,0
11112,978,0
11113,967,0
11114,974,0
11115,977,0
11116,975,0
11117,973,0
11118,976,0
11119,972,0
11120,975,0
11121,980,0
11122,974,0
11123,967,0
11124,976,0
11125,974,0
11126,968,0
11127,974,0
11128,975,0
11129,975,0
11130,974,0
11131,970,0
11132,968,0
11133,971,0
11134,980,0
11135,976,0
11136,971,0
11137,976,0
11138,980,0
11139,981,0
11140,971,0
11141,975,0
11142,970,0
11143,967,0
11144,973,0
11145,975,0
11146,984,0
11147,970,0
11148,977,0
11149,972,0
11150,981,0
11151,975,0
11152,970,0
11153,975,0
11154,968,0
11155,971,0
11156,976,0
11157,974,0
11158,969,0
11159,975,0
11160,978,0
11161,976,0
11162,973,0
11163,970,0
11164,981,0
11165,970,0
11166,973,0
11167,971,0
11168,972,0
11169,981,0
11170,974,0
11171,978,0
11172,969,0
11173,983,0
11174,980,0
11175,979,0
11176,970,0
11177,977,0
11178,968,0
11179,981,0
11180,973,0
11181,974,0
11182,971,0
11183,984,0
11184,969,0
11185,977,0
11186,982,0
11187,984,0
11188,979,0
11189,977,0
11190,978,0
11191,972,0
11192,968,0
11193,979,0
11194,984,0
11195,981,0
11196,973,0
11197,971,0
11198,971,0
11199,981,0
11200,973,0
11201,972,0
11202,981,0
11203,985,0
11204,984,0
11205,983,0
11206,981,0
11207,978,0
11208,971,0
11209,979,0
11210,971,0
11211,963,0
11212,980,0
11213,988,0
11214,979,0
11215,979,0
11216,973,0
11217,977,0
11218,979,0
11219,977,0
11220,987,0
11221,980,0
11222,978,0
11223,984,0
11224,972,0
11225,984,0
11226,985,0
11227,977,0
11228,974,0
11229,981,0
11230,980,0
11231,973,0
11232,978,0
11233,976,0
11234,973,0
11235,978,0
11236,983,0
11237,974,0
11238,989,0
11239,982,0
11240,975,0
11241,978,0
11242,984,0
11243,979,0
11244,988,0
11245,975,0
11246,980,0
11247,976,0
11248,968,0
11249,982,0
11250,980,0
11251,984,0
11252,972,0
11253,976,0
11254,968,0
11255,978,0
11256,980,0
11257,980,0
11258,976,0
11259,970,0
11260,985,0
11261,978,0
11262,983,0
11263,981,0
11264,977,0
11265,984,0
11266,977,0
11267,982,0
11268,977,0
11269,969,0
11270,979,0
11271,971,0
11272,978,0
11273,970,0
11274,967,0
11275,968,0
11276,986,0
11277,977,0
11278,973,0
11279,969,0
11280,974,0
11281,974,0
11282,977,0
11283,976,0
11284,978,0
11285,982,0
11286,979,0
11287,972,0
11288,980,0
11289,970,0
11290,972,0
11291,973,0
11292,967,0
11293,986,0
11294,976,0
11295,977,0
11296,979,0
11297,979,0
11298,970,0
11299,978,0
11300,966,0
11301,985,0
11302,978,0
11303,978,0
11304,966,0
11305,964,0
11306,984,0
11307,974,0
11308,980,0
11309,979,0
11310,986,0
11311,976,0
11312,976,0
11313,976,0
11314,980,0
11315,979,0
11316,994,0
11317,974,0
11318,990,0
11319,980,0
11320,984,0
11321,973,0
11322,981,0
11323,975,0
11324,981,0
11325,973,0
11326,981,0
11327,976,0
11328,975,0
11329,976,0
11330,973,0
11331,982,0
11332,983,0
11333,975,0
11334,979,0
11335,984,0
11336,982,0
11337,978,0
11338,982,0
11339,969,0
11340,970,0
11341,969,0
11342,986,0
11343,980,0
11344,978,0
11345,975,0
11346,972,0
11347,978,0
11348,979,0
11349,978,0
11350,979,0
11351,994,0
11352,979,0
11353,977,0
11354,972,0
11355,979,0
11356,984,0
11357,972,0
11358,976,0
11359,981,0
11360,976,0
11361,973,0
11362,986,0
11363,972,0
11364,974,0
11365,974,0
11366,984,0
11367,984,0
11368,980,0
11369,988,0
11370,973,0
11371,985,0
11372,980,0
11373,982,0
11374,983,0
11375,980,0
11376,970,0
11377,981,0
11378,975,0
11379,980,0
11380,982,0
11381,985,0
11382,983,0
11383,975,0
11384,979,0
11385,976,0
11386,979,0
11387,983,0
11388,975,0
11389,982,0
11390,982,0
11391,983,0
11392,983,0
11393,972,0
11394,971,0
11395,981,0
11396,980,0
11397,971,0
11398,977,0
11399,977,0
11400,980,0
11401,980,0
11402,977,0
11403,979,0
11404,986,0
11405,985,0
11406,985,0
11407,986,0
11408,968,0
11409,982,0
11410,971,0
11411,978,0
11412,986,0
11413,975,0
11414,984,0
11415,967,0
11416,975,0
11417,982,0
11418,967,0
11419,980,0
11420,976,0
11421,981,0
11422,975,0
11423,982,0
11424,973,0
11425,993,0
11426,983,0
11427,972,0
11428,987,0
11429,980,0
11430,982,0
11431,973,0
11432,988,0
11433,996,0
11434,979,0
11435,984,0
11436,980,0
11437,978,0
11438,985,0
11439,985,0
11440,976,0
11441,981,0
11442,979,0
11443,981,0
11444,972,0
11445,972,0
11446,983,0
11447,977,0
11448,980,0
11449,975,0
11450,970,0
11451,979,0
11452,980,0
11453,985,0
11454,983,0
11455,975,0
11456,972,0
11457,975,0
11458,978,0
11459,981,0
11460,974,0
11461,978,0
11462,984,0
11463,974,0
11464,982,0
11465,975,0
11466,983,0
11467,984,0
11468,982,0
11469,976,0
11470,974,0
11471,981,0
11472,985,0
11473,980,0
11474,969,0
11475,968,0
11476,981,0
11477,987,0
11478,977,0
11479,978,0
11480,973,0
11481,975,0
11482,980,0
11483,977,0
11484,978,0
11485,972,0
11486,983,0
11487,975,0
11488,973,0
11489,983,0
11490,969,0
11491,981,0
11492,985,0
11493,978,0
11494,975,0
11495,981,0
11496,987,0
11497,981,0
11498,981,0
11499,983,0
11500,976,0
11501,976,0
11502,984,0
11503,985,0
11504,986,0
11505,978,0
11506,991,0
11507,973,0
11508,982,0
11509,992,0
11510,981,0
11511,983,0
11512,981,0
11513,965,0
11514,981,0
11515,975,0
11516,976,0
11517,971,0
11518,974,0
11519,973,0
11520,980,0
11521,977,0
11522,980,0
11523,985,0
11524,987,0
11525,976,0
11526,982,0
11527,975,0
11528,979,0
11529,986,0
11530,980,0
11531,977,0
11532,982,0
11533,971,0
11534,970,0
11535,977,0
11536,984,0
11537,975,0
11538,981,0
11539,976,0
11540,977,0
11541,976,0
11542,975,0
11543,983,0
11544,978,0
11545,988,0
11546,985,0
11547,986,0
11548,976,0
11549,976,0
11550,981,0
11551,982,0
11552,980,0
11553,973,0
11554,970,0
11555,979,0
11556,982,0
11557,978,0
11558,978,0
11559,981,0
11560,984,0
11561,982,0
11562,984,0
11563,982,0
11564,981,0
11565,980,0
11566,994,0
11567,981,0
11568,973,0
11569,978,0
11570,979,0
11571,978,0
11572,975,0
11573,981,0
11574,987,0
11575,981,0
11576,981,0
11577,971,0
11578,970,0
11579,985,0
11580,978,0
11581,974,0
11582,981,0
11583,975,0
11584,974,0
11585,982,0
11586,979,0
11587,973,0
11588,973,0
11589,977,0
11590,981,0
11591,984,0
11592,983,0
11593,975,0
11594,980,0
11595,986,0
11596,979,0
11597,982,0
11598,980,0
11599,976,0
11600,977,0
11601,979,0
11602,981,0
11603,987,0
11604,980,0
11605,981,0
11606,983,0
11607,983,0
11608,975,0
11609,975,0
11610,979,0
11611,994,0
11612,984,0
11613,972,0
11614,981,0
11615,981,0
11616,985,0
11617,976,0
11618,981,0
11619,979,0
11620,978,0
11621,983,0
11622,975,0
11623,976,0
11624,972,0
11625,984,0
11626,987,0
11627,987,0
11628,979,0
11629,992,0
11630,988,0
11631,978,0
11632,986,0
11633,988,0
11634,981,0
11635,985,0
11636,991,0
11637,977,0
11638,979,0
11639,979,0
11640,977,0
11641,991,0
11642,974,0
11643,989,0
11644,982,0
11645,977,0
11646,983,0
11647,985,0
11648,979,0
11649,978,0
11650,975,0
11651,980,0
11652,974,0
11653,988,0
11654,987,0
11655,990,0
11656,976,0
11657,988,0
11658,976,0
11659,982,0
11660,981,0
11661,978,0
11662,982,0
11663,983,0
11664,970,0
11665,979,0
11666,979,0
11667,982,0
11668,978,0
11669,987,0
11670,981,0
11671,986,0
11672,978,0
11673,970,0
11674,980,0
11675,985,0
11676,982,0
11677,974,0
11678,985,0
11679,985,0
11680,985,0
11681,979,0
11682,980,0
11683,987,0
11684,972,0
11685,977,0
11686,987,0
11687,972,0
11688,979,0
11689,986,0
11690,981,0
11691,982,0
11692,981,0
11693,979,0
11694,977,0
11695,977,0
11696,989,0
11697,978,0
11698,987,0
11699,979,0
11700,987,0
11701,983,0
11702,975,0
11703,980,0
11704,983,0
11705,989,0
11706,982,0
11707,982,0
11708,975,0
11709,977,0
11710,982,0
11711,989,0
11712,985,0
11713,980,0
11714,984,0
11715,982,0
11716,976,0
11717,987,0
11718,987,0
11719,984,0
11720,988,0
11721,975,0
11722,981,0
11723,977,0
11724,980,0
11725,987,0
11726,987,0
11727,985,0
11728,988,0
11729,981,0
11730,980,0
11731,982,0
11732,981,0
11733,973,0
11734,984,0
11735,975,0
11736,972,0
11737,980,0
11738,982,0
11739,978,0
11740,989,0
11741,986,0
11742,978,0
11743,976,0
11744,985,0
11745,982,0
11746,983,0
11747,977,0
11748,977,0
11749,981,0
11750,972,0
11751,980,0
11752,987,0
11753,979,0
11754,983,0
11755,974,0
11756,988,0
11757,980,0
11758,978,0
11759,975,0
11760,985,0
11761,996,0
11762,989,0
11763,976,0
11764,977,0
11765,982,0
11766,980,0
11767,980,0
11768,986,0
11769,981,0
11770,982,0
11771,985,0
11772,985,0
11773,975,0
11774,974,0
11775,981,0
11776,989,0
11777,976,0
11778,992,0
11779,982,0
11780,994,0
11781,982,0
11782,991,0
11783,987,0
11784,981,0
11785,979,0
11786,977,0
11787,983,0
11788,980,0
11789,971,0
11790,986,0
11791,980,0
11792,992,0
11793,979,0
11794,982,0
11795,993,0
11796,973,0
11797,984,0
11798,989,0
11799,981,0
11800,984,0
11801,983,0
11802,973,0
11803,981,0
11804,985,0
11805,981,0
11806,987,0
11807,986,0
11808,987,0
11809,980,0
11810,987,0
11811,993,0
11812,985,0
11813,980,0
11814,983,0
11815,982,0
11816,981,0
11817,982,0
11818,990,0
11819,986,0
11820,987,0
11821,985,0
11822,975,0
11823,977,0
11824,980,0
11825,987,0
11826,992,0
11827,988,0
11828,973,0
11829,980,0
11830,989,0
11831,980,0
11832,981,0
11833,985,0
11834,973,0
11835,982,0
11836,984,0
11837,985,0
11838,985,0
11839,990,0
11840,977,0
11841,982,0
11842,984,0
11843,985,0
11844,984,0
11845,986,0
11846,979,0
11847,985,0
11848,972,0
11849,986,0
11850,980,0
11851,985,0
11852,970,0
11853,982,0
11854,985,0
11855,979,0
11856,991,0
11857,986,0
11858,980,0
11859,995,0
11860,992,0
11861,985,0
11862,976,0
11863,979,0
11864,979,0
11865,982,0
11866,977,0
11867,984,0
11868,980,0
11869,995,0
11870,984,0
11871,977,0
11872,975,0
11873,980,0
11874,983,0
11875,990,0
11876,983,0
11877,988,0
11878,981,0
11879,980,0
11880,977,0
11881,988,0
11882,975,0
11883,977,0
11884,969,0
11885,1003,0
11886,985,0
11887,976,0
11888,990,0
11889,996,0
11890,982,0
11891,979,0
11892,984,0
11893,987,0
11894,983,0
11895,984,0
11896,978,0
11897,986,0
11898,986,0
11899,984,0
11900,990,0
11901,986,0
11902,996,0
11903,989,0
11904,983,0
11905,978,0
11906,991,0
11907,987,0
11908,984,0
11909,987,0
11910,986,0
11911,984,0
11912,990,0
11913,985,0
11914,977,0
11915,985,0
11916,983,0
11917,981,0
11918,983,0
11919,985,0
11920,978,0
11921,969,0
11922,983,0
11923,975,0
11924,990,0
11925,977,0
11926,981,0
11927,992,0
11928,978,0
11929,990,0
11930,996,0
11931,990,0
11932,977,0
11933,983,0
11934,987,0
11935,984,0
11936,979,0
11937,979,0
11938,987,0
11939,985,0
11940,980,0
11941,990,0
11942,979,0
11943,997,0
11944,986,0
11945,985,0
11946,980,0
11947,985,0
11948,986,0
11949,979,0
11950,982,0
11951,981,0
11952,982,0
11953,991,0
11954,980,0
11955,987,0
11956,982,0
11957,982,0
11958,978,0
11959,980,0
11960,985,0
11961,992,0
11962,980,0
11963,986,0
11964,982,0
11965,984,0
11966,982,0
11967,977,0
11968,986,0
11969,981,0
11970,981,0
11971,985,0
11972,986,0
11973,989,0
11974,979,0
11975,989,0
11976,977,0
11977,990,0
11978,978,0
11979,990,0
11980,982,0
11981,985,0
11982,991,0
11983,994,0
11984,983,0
11985,976,0
11986,986,0
11987,984,0
11988,989,0
11989,983,0
11990,989,0
11991,995,0
11992,987,0
11993,990,0
11994,985,0
11995,987,0
11996,984,0
11997,983,0
11998,987,0
11999,991,0
12000,977,0
12001,985,0
12002,990,0
12003,988,0
12004,994,0
12005,981,0
12006,985,0
12007,986,0
12008,986,0
12009,976,0
12010,987,0
12011,990,0
12012,989,0
12013,987,0
12014,998,0
12015,994,0
12016,985,0
12017,978,0
12018,986,0
12019,990,0
12020,980,0
12021,986,0
12022,978,0
12023,986,0
12024,984,0
12025,983,0
12026,979,0
12027,980,0
12028,979,0
12029,991,0
12030,990,0
12031,989,0
12032,993,0
12033,992,0
12034,985,0
12035,985,0
12036,985,0
12037,989,0
12038,988,0
12039,979,0
12040,990,0
12041,988,0
12042,986,0
12043,979,0
12044,990,0
12045,976,0
12046,993,0
12047,984,0
12048,981,0
12049,977,0
12050,983,0
12051,977,0
12052,987,0
12053,985,0
12054,979,0
12055,981,0
12056,985,0
12057,978,0
12058,989,0
12059,986,0
12060,977,0
12061,988,0
12062,997,0
12063,983,0
12064,986,0
12065,975,0
12066,982,0
12067,980,0
12068,993,0
12069,989,0
12070,980,0
12071,983,0
12072,996,0
12073,990,0
12074,991,0
12075,984,0
12076,986,0
12077,991,0
12078,983,0
12079,983,0
12080,980,0
12081,993,0
12082,984,0
12083,988,0
12084,988,0
12085,992,0
12086,991,0
12087,988,0
12088,987,0
12089,980,0
12090,985,0
12091,988,0
12092,989,0
12093,982,0
12094,986,0
12095,992,0
12096,994,0
12097,986,0
12098,991,0
12099,996,0
12100,994,0
12101,991,0
12102,989,0
12103,989,0
12104,979,0
12105,989,0
12106,988,0
12107,980,0
12108,991,0
12109,990,0
12110,972,0
12111,990,0
12112,988,0
12113,983,0
12114,986,0
12115,989,0
12116,986,0
12117,980,0
12118,980,0
12119,993,0
12120,993,0
12121,986,0
12122,994,0
12123,993,0
12124,983,0
12125,992,0
12126,990,0
12127,983,0
12128,993,0
12129,982,0
12130,992,0
12131,986,0
12132,988,0
12133,987,0
12134,983,0
12135,984,0
12136,981,0
12137,982,0
12138,987,0
12139,983,0
12140,988,0
12141,988,0
12142,984,0
12143,983,0
12144,986,0
12145,987,0
12146,994,0
12147,978,0
12148,980,0
12149,990,0
12150,980,0
12151,985,0
12152,987,0
12153,986,0
12154,983,0
12155,978,0
12156,987,0
12157,986,0
12158,986,0
12159,988,0
12160,996,0
12161,982,0
12162,987,0
12163,987,0
12164,987,0
12165,987,0
12166,991,0
12167,980,0
12168,993,0
12169,987,0
12170,989,0
12171,994,0
12172,982,0
12173,975,0
12174,982,0
12175,988,0
12176,984,0
12177,991,0
12178,992,0
12179,985,0
12180,996,0
12181,1001,0
12182,996,0
12183,983,0
12184,984,0
12185,990,0
12186,976,0
12187,978,0
12188,992,0
12189,985,0
12190,988,0
12191,987,0
12192,982,0
12193,986,0
12194,987,0
12195,986,0
12196,981,0
12197,978,0
12198,989,0
12199,991,0
12200,985,0
12201,986,0
12202,997,0
12203,987,0
12204,983,0
12205,990,0
12206,996,0
12207,980,0
12208,984,0
12209,984,0
12210,982,0
12211,987,0
12212,988,0
12213,986,0
12214,980,0
12215,990,0
12216,991,0
12217,981,0
12218,992,0
12219,985,0
12220,987,0
12221,998,0
12222,982,0
12223,987,0
12224,987,0
12225,989,0
12226,991,0
12227,983,0
12228,974,0
12229,991,0
12230,981,0
12231,993,0
12232,979,0
12233,988,0
12234,984,0
12235,985,0
12236,988,0
12237,986,0
12238,994,0
12239,978,0
12240,988,0
12241,994,0
12242,987,0
12243,990,0
12244,990,0
12245,987,0
12246,988,0
12247,985,0
12248,990,0
12249,981,0
12250,995,0
12251,986,0
12252,981,0
12253,984,0
12254,985,0
12255,985,0
12256,985,0
12257,990,0
12258,985,0
12259,992,0
12260,985,0
12261,984,0
12262,986,0
12263,985,0
12264,990,0
12265,988,0
12266,984,0
12267,989,0
12268,982,0
12269,990,0
12270,986,0
12271,983,0
12272,986,0
12273,989,0
12274,986,0
12275,982,0
12276,989,0
12277,994,0
12278,985,0
12279,985,0
12280,998,0
12281,982,0
12282,991,0
12283,983,0
12284,985,0
12285,989,0
12286,998,0
12287,991,0
12288,986,0
12289,987,0
12290,992,0
12291,988,0
12292,991,0
12293,983,0
12294,987,0
12295,982,0
12296,981,0
12297,988,0
12298,986,0
12299,983,0
12300,995,0
12301,984,0
12302,992,0
12303,986,0
12304,984,0
12305,982,0
12306,993,0
12307,997,0
12308,988,0
12309,988,0
12310,991,0
12311,985,0
12312,989,0
12313,994,0
12314,986,0
12315,990,0
12316,997,0
12317,987,0
12318,982,0
12319,989,0
12320,989,0
12321,984,0
12322,986,0
12323,987,0
12324,986,0
12325,989,0
12326,986,0
12327,999,0
12328,987,0
12329,988,0
12330,977,0
12331,987,0
12332,985,0
12333,984,0
12334,995,0
12335,988,0
12336,977,0
12337,988,0
12338,987,0
12339,978,0
12340,986,0
12341,992,0
12342,993,0
12343,995,0
12344,979,0
12345,980,0
12346,988,0
12347,985,0
12348,984,0
12349,986,0
12350,985,0
12351,991,0
12352,991,0
12353,981,0
12354,998,0
12355,987,0
12356,994,0
12357,995,0
12358,979,0
12359,984,0
12360,982,0
12361,993,0
12362,989,0
12363,991,0
12364,988,0
12365,993,0
12366,980,0
12367,997,0
12368,986,0
12369,983,0
12370,995,0
12371,985,0
12372,986,0
12373,987,0
12374,992,0
12375,993,0
12376,995,0
12377,991,0
12378,994,0
12379,988,0
12380,982,0
12381,995,0
12382,992,0
12383,983,0
12384,997,0
12385,993,0
12386,994,0
12387,979,0
12388,989,0
12389,993,0
12390,995,0
12391,988,0
12392,990,0
12393,991,0
12394,987,0
12395,989,0
12396,987,0
12397,991,0
12398,989,0
12399,989,0
12400,988,0
12401,992,0
12402,992,0
12403,996,0
12404,992,0
12405,987,0
12406,987,0
12407,992,0
12408,998,0
12409,989,0
12410,992,0
12411,990,0
12412,990,0
12413,990,0
12414,985,0
12415,986,0
12416,991,0
12417,991,0
12418,991,0
12419,990,0
12420,987,0
12421,980,0
12422,983,0
12423,990,0
12424,989,0
12425,988,0
12426,990,0
12427,984,0
12428,998,0
12429,985,0
12430,989,0
12431,994,0
12432,986,0
12433,989,0
12434,987,0
12435,994,0
12436,982,0
12437,986,0
12438,989,0
12439,992,0
12440,994,0
12441,993,0
12442,988,0
12443,988,0
12444,987,0
12445,990,0
12446,982,0
12447,992,0
12448,993,0
12449,989,0
12450,996,0
12451,991,0
12452,986,0
12453,991,0
12454,985,0
12455,989,0
12456,991,0
12457,994,0
12458,984,0
12459,983,0
12460,991,0
12461,1006,0
12462,995,0
12463,986,0
12464,993,0
12465,994,0
12466,994,0
12467,987,0
12468,996,0
12469,987,0
12470,992,0
12471,993,0
12472,994,0
12473,978,0
12474,989,0
12475,988,0
12476,985,0
12477,986,0
12478,996,0
12479,985,0
12480,996,0
12481,992,0
12482,993,0
12483,990,0
12484,997,0
12485,986,0
12486,994,0
12487,985,0
12488,986,0
12489,1001,0
12490,990,0
12491,988,0
12492,988,0
12493,989,0
12494,980,0
12495,995,0
12496,988,0
12497,989,0
12498,987,0
12499,983,0
12500,995,0
12501,991,0
12502,987,0
12503,986,0
12504,996,0
12505,993,0
12506,986,0
12507,987,0
12508,996,0
12509,993,0
12510,986,0
12511,989,0
12512,993,0
12513,1002,0
12514,988,0
12515,989,0
12516,994,0
12517,994,0
12518,995,0
12519,987,0
12520,990,0
12521,995,0
12522,999,0
12523,978,0
12524,993,0
12525,995,0
12526,988,0
12527,986,0
12528,993,0
12529,995,0
12530,990,0
12531,993,0
12532,997,0
12533,990,0
12534,991,0
12535,987,0
12536,986,0
12537,989,0
12538,989,0
12539,994,0
12540,984,0
12541,993,0
12542,997,0
12543,993,0
12544,989,0
12545,992,0
12546,992,0
12547,991,0
12548,994,0
12549,991,0
12550,990,0
12551,996,0
12552,998,0
12553,994,0
12554,987,0
12555,989,0
12556,993,0
12557,987,0
12558,988,0
12559,996,0
12560,999,0
12561,991,0
12562,991,0
12563,988,0
12564,985,0
12565,987,0
12566,990,0
12567,991,0
12568,992,0
12569,995,0
12570,999,0
12571,986,0
12572,992,0
12573,990,0
12574,987,0
12575,986,0
12576,997,0
12577,992,0
12578,1003,0
12579,984,0
12580,987,0
12581,992,0
12582,990,0
12583,999,0
12584,995,0
12585,981,0
12586,985,0
12587,997,0
12588,991,0
12589,990,0
12590,980,0
12591,988,0
12592,992,0
12593,992,0
12594,984,0
12595,993,0
12596,990,0
12597,990,0
12598,996,0
12599,991,0
12600,990,0
12601,989,0
12602,991,0
12603,979,0
12604,996,0
12605,991,0
12606,1002,0
12607,991,0
12608,1002,0
12609,997,0
12610,989,0
12611,1000,0
12612,993,0
12613,980,0
12614,1000,0
12615,991,0
12616,999,0
12617,995,0
12618,991,0
12619,984,0
12620,1001,0
12621,994,0
12622,992,0
12623,997,0
12624,994,0
12625,991,0
12626,990,0
12627,997,0
12628,993,0
12629,993,0
12630,990,0
12631,991,0
12632,995,0
12633,997,0
12634,994,0
12635,985,0
12636,998,0
12637,994,0
12638,993,0
12639,995,0
12640,993,0
12641,987,0
12642,992,0
12643,997,0
12644,1000,0
12645,990,0
12646,983,0
12647,987,0
12648,992,0
12649,986,0
12650,989,0
12651,988,0
12652,992,0
12653,994,0
12654,998,0
12655,991,0
12656,997,0
12657,991,0
12658,988,0
12659,997,0
12660,995,0
12661,993,0
12662,996,0
12663,989,0
12664,991,0
12665,990,0
12666,986,0
12667,989,0
12668,988,0
12669,998,0
12670,1002,0
12671,993,0
12672,998,0
12673,991,0
12674,981,0
12675,985,0
12676,985,0
12677,990,0
12678,994,0
12679,994,0
12680,992,0
12681,1002,0
12682,983,0
12683,990,0
12684,992,0
12685,993,0
12686,985,0
12687,992,0
12688,987,0
12689,988,0
12690,996,0
12691,994,0
12692,991,0
12693,983,0
12694,984,0
12695,985,0
12696,994,0
12697,994,0
12698,990,0
12699,993,0
12700,996,0
12701,988,0
12702,994,0
12703,990,0
12704,984,0
12705,992,0
12706,999,0
12707,986,0
12708,992,0
12709,987,0
12710,991,0
12711,992,0
12712,985,0
12713,983,0
12714,989,0
12715,988,0
12716,993,0
12717,992,0
12718,998,0
12719,990,0
12720,990,0
12721,984,0
12722,987,0
12723,994,0
12724,997,0
12725,997,0
12726,995,0
12727,988,0
12728,987,0
12729,990,0
12730,992,0
12731,988,0
12732,993,0
12733,984,0
12734,991,0
12735,996,0
12736,995,0
12737,994,0
12738,996,0
12739,995,0
12740,985,0
12741,989,0
12742,990,0
12743,998,0
12744,993,0
12745,997,0
12746,987,0
12747,991,0
12748,993,0
12749,983,0
12750,995,0
12751,997,0
12752,994,0
12753,994,0
12754,997,0
12755,994,0
12756,989,0
12757,995,0
12758,999,0
12759,995,0
12760,987,0
12761,995,0
12762,991,0
12763,998,0
12764,991,0
12765,999,0
12766,988,0
12767,988,0
12768,982,0
12769,1004,0
12770,1005,0
12771,1002,0
12772,994,0
12773,1003,0
12774,990,0
12775,996,0
12776,988,0
12777,1002,0
12778,999,0
12779,987,0
12780,989,0
12781,990,0
12782,996,0
12783,993,0
12784,991,0
12785,997,0
12786,991,0
12787,1001,0
12788,996,0
12789,990,0
12790,1005,0
12791,993,0
12792,992,0
12793,990,0
12794,990,0
12795,993,0
12796,991,0
12797,992,0
12798,999,0
12799,1000,0
12800,992,0
12801,999,0
12802,982,0
12803,1004,0
12804,1001,0
12805,993,0
12806,1001,0
12807,997,0
12808,995,0
12809,995,0
12810,1006,0
12811,993,0
12812,983,0
12813,996,0
12814,995,0
12815,1000,0
12816,995,0
12817,989,0
12818,1001,0
12819,986,0
12820,986,0
12821,994,0
12822,990,0
12823,989,0
12824,995,0
12825,996,0
12826,993,0
12827,1002,0
12828,999,0
12829,993,0
12830,996,0
12831,992,0
12832,994,0
12833,992,0
12834,991,0
12835,990,0
12836,998,0
12837,994,0
12838,993,0
12839,996,0
12840,990,0
12841,988,0
12842,999,0
12843,996,0
12844,992,0
12845,993,0
12846,1003,0
12847,991,0
12848,990,0
12849,1000,0
12850,992,0
12851,993,0
12852,996,0
12853,996,0
12854,994,0
12855,1001,0
12856,992,0
12857,997,0
12858,991,0
12859,994,0
12860,995,0
12861,990,0
12862,993,0
12863,991,0
12864,989,0
12865,1001,0
12866,991,0
12867,1003,0
12868,994,0
12869,992,0
12870,994,0
12871,995,0
12872,992,0
12873,992,0
12874,989,0
12875,996,0
12876,990,0
12877,1001,0
12878,1000,0
12879,980,0
12880,997,0
12881,997,0
12882,1005,0
12883,998,0
12884,995,0
12885,1003,0
12886,996,0
12887,990,0
12888,993,0
12889,992,0
12890,997,0
12891,1005,0
12892,990,0
12893,987,0
12894,998,0
12895,986,0
12896,992,0
12897,1002,0
12898,995,0
12899,1002,0
12900,996,0
12901,1000,0
12902,994,0
12903,995,0
12904,994,0
12905,988,0
12906,1006,0
12907,999,0
12908,1001,0
12909,993,0
12910,994,0
12911,992,0
12912,993,0
12913,988,0
12914,990,0
12915,991,0
12916,985,0
12917,990,0
12918,996,0
12919,988,0
12920,1002,0
12921,992,0
12922,994,0
12923,992,0
12924,995,0
12925,990,0
12926,996,0
12927,994,0
12928,997,0
12929,992,0
12930,993,0
12931,994,0
12932,997,0
12933,984,0
12934,1003,0
12935,995,0
12936,994,0
12937,993,0
12938,992,0
12939,989,0
12940,998,0
12941,1002,0
12942,991,0
12943,998,0
12944,991,0
12945,987,0
12946,999,0
12947,998,0
12948,987,0
12949,992,0
12950,997,0
12951,999,0
12952,994,0
12953,994,0
12954,996,0
12955,992,0
12956,992,0
12957,999,0
12958,990,0
12959,995,0
12960,993,0
12961,996,0
12962,994,0
12963,996,0
12964,987,0
12965,994,0
12966,996,0
12967,1000,0
12968,998,0
12969,987,0
12970,996,0
12971,998,0
12972,995,0
12973,996,0
12974,1000,0
12975,1006,0
12976,999,0
12977,984,0
12978,983,0
12979,1000,0
12980,996,0
12981,997,0
12982,992,0
12983,994,0
12984,997,0
12985,992,0
12986,993,0
12987,994,0
12988,1002,0
12989,992,0
12990,987,0
12991,994,0
12992,1002,0
12993,993,0
12994,995,0
12995,991,0
12996,993,0
12997,985,0
12998,990,0
12999,991,0
13000,990,0
13001,996,0
13002,999,0
13003,994,0
13004,988,0
13005,992,0
13006,995,0
13007,1001,0
13008,988,0
13009,994,0
13010,993,0
13011,999,0
13012,989,0
13013,990,0
13014,1008,0
13015,997,0
13016,1002,0
13017,991,0
13018,998,0
13019,995,0
13020,1003,0
13021,989,0
13022,1003,0
13023,991,0
13024,986,0
13025,1002,0
13026,995,0
13027,999,0
13028,994,0
13029,1001,0
13030,1001,0
13031,989,0
13032,1001,0
13033,1000,0
13034,1005,0
13035,1000,0
13036,1000,0
13037,1002,0
13038,992,0
13039,995,0
13040,991,0
13041,1000,0
13042,998,0
13043,995,0
13044,988,0
13045,994,0
13046,1002,0
13047,989,0
13048,1001,0
13049,997,0
13050,992,0
13051,994,0
13052,986,0
13053,987,0
13054,999,0
13055,998,0
13056,999,0
13057,997,0
13058,997,0
13059,994,0
13060,996,0
13061,997,0
13062,992,0
13063,1002,0
13064,993,0
13065,1002,0
13066,997,0
13067,1002,0
13068,1001,0
13069,1000,0
13070,996,0
13071,993,0
13072,993,0
13073,994,0
13074,1001,0
13075,1002,0
13076,998,0
13077,1013,0
13078,994,0
13079,990,0
13080,1003,0
13081,1004,0
13082,995,0
13083,993,0
13084,997,0
13085,996,0
13086,990,0
13087,994,0
13088,1004,0
13089,997,0
13090,995,0
13091,1001,0
13092,993,0
13093,998,0
13094,986,0
13095,995,0
13096,994,0
13097,996,0
13098,994,0
13099,997,0
13100,996,0
13101,995,0
13102,995,0
13103,992,0
13104,993,0
13105,993,0
13106,998,0
13107,998,0
13108,996,0
13109,999,0
13110,1001,0
13111,996,0
13112,992,0
13113,997,0
13114,992,0
13115,989,0
13116,997,0
13117,996,0
13118,995,0
13119,992,0
13120,999,0
13121,1005,0
13122,996,0
13123,989,0
13124,1002,0
13125,995,0
13126,994,0
13127,998,0
13128,1008,0
13129,987,0
13130,1007,0
13131,998,0
13132,997,0
13133,1000,0
13134,1002,0
13135,1007,0
13136,998,0
13137,1006,0
13138,993,0
13139,994,0
13140,990,0
13141,996,0
13142,989,0
13143,995,0
13144,993,0
13145,1001,0
13146,994,0
13147,991,0
13148,997,0
13149,1006,0
13150,988,0
13151,1003,0
13152,995,0
13153,994,0
13154,1001,0
13155,1001,0
13156,994,0
13157,1002,0
13158,997,0
13159,991,0
13160,997,0
13161,996,0
13162,993,0
13163,992,0
13164,994,0
13165,1000,0
13166,994,0
13167,1004,0
13168,998,0
13169,991,0
13170,988,0
13171,1003,0
13172,999,0
13173,998,0
13174,995,0
13175,1004,0
13176,996,0
13177,1004,0
13178,1001,0
13179,990,0
13180,999,0
13181,993,0
13182,999,0
13183,1002,0
13184,1001,0
13185,1007,0
13186,1000,0
13187,994,0
13188,999,0
13189,997,0
13190,998,0
13191,1003,0
13192,1004,0
13193,993,0
13194,1008,0
13195,1005,0
13196,998,0
13197,1001,0
13198,995,0
13199,997,0
13200,997,0
13201,991,0
13202,994,0
13203,1001,0
13204,987,0
13205,990,0
13206,1000,0
13207,993,0
13208,999,0
13209,992,0
13210,994,0
13211,1003,0
13212,988,0
13213,992,0
13214,997,0
13215,999,0
13216,997,0
13217,997,0
13218,999,0
13219,998,0
13220,996,0
13221,995,0
13222,995,0
13223,1002,0
13224,996,0
13225,1005,0
13226,996,0
13227,998,0
13228,995,0
13229,1001,0
13230,995,0
13231,997,0
13232,995,0
13233,991,0
13234,1004,0
13235,1002,0
13236,999,0
13237,997,0
13238,1004,0
13239,1002,0
13240,995,0
13241,994,0
13242,1001,0
13243,1003,0
13244,994,0
13245,991,0
13246,993,0
13247,996,0
13248,997,0
13249,1000,0
13250,993,0
13251,1002,0
13252,999,0
13253,1004,0
13254,996,0
13255,1001,0
13256,997,0
13257,989,0
13258,1001,0
13259,1001,0
13260,1012,0
13261,992,0
13262,989,0
13263,998,0
13264,1001,0
13265,1000,0
13266,998,0
13267,1009,0
13268,1003,0
13269,999,0
13270,1000,0
13271,994,0
13272,997,0
13273,998,0
13274,992,0
13275,994,0
13276,994,0
13277,997,0
13278,1000,0
13279,1001,0
13280,1001,0
13281,1002,0
13282,1003,0
13283,1007,0
13284,1005,0
13285,990,0
13286,1004,0
13287,1011,0
13288,1000,0
13289,1001,0
13290,1012,0
13291,997,0
13292,991,0
13293,995,0
13294,991,0
13295,1007,0
13296,997,0
13297,1002,0
13298,1005,0
13299,1004,0
13300,992,0
13301,994,0
13302,990,0
13303,995,0
13304,1002,0
13305,1005,0
13306,1007,0
13307,999,0
13308,1002,0
13309,997,0
13310,992,0
13311,1007,0
13312,998,0
13313,995,0
13314,1005,0
13315,999,0
13316,995,0
13317,995,0
13318,1004,0
13319,1012,0
13320,1006,0
13321,996,0
13322,997,0
13323,1007,0
13324,986,0
13325,999,0
13326,995,0
13327,999,0
13328,994,0
13329,998,0
13330,1006,0
13331,995,0
13332,1001,0
13333,991,0
13334,996,0
13335,992,0
13336,997,0
13337,1000,0
13338,993,0
13339,1003,0
13340,1005,0
13341,999,0
13342,989,0
13343,987,0
13344,1006,0
13345,999,0
13346,1006,0
13347,993,0
13348,1001,0
13349,999,0
13350,999,0
13351,1000,0
13352,1005,0
13353,1001,0
13354,1006,0
13355,998,0
13356,995,0
13357,1001,0
13358,998,0
13359,994,0
13360,992,0
13361,992,0
13362,1003,0
13363,999,0
13364,1004,0
13365,998,0
13366,1005,0
13367,995,0
13368,999,0
13369,1001,0
13370,1001,0
13371,991,0
13372,994,0
13373,999,0
13374,998,0
13375,1001,0
13376,1002,0
13377,1000,0
13378,1004,0
13379,995,0
13380,1001,0
13381,993,0
13382,990,0
13383,1003,0
13384,993,0
13385,1004,0
13386,1002,0
13387,1002,0
13388,1000,0
13389,1006,0
13390,997,0
13391,1005,0
13392,995,0
13393,998,0
13394,995,0
13395,998,0
13396,996,0
13397,1000,0
13398,1003,0
13399,998,0
13400,1003,0
13401,1004,0
13402,1007,0
13403,998,0
13404,994,0
13405,1005,0
13406,1005,0
13407,1009,0
13408,993,0
13409,1001,0
13410,997,0
13411,995,0
13412,989,0
13413,1001,0
13414,998,0
13415,995,0
13416,1005,0
13417,1000,0
13418,999,0
13419,995,0
13420,997,0
13421,1004,0
13422,1003,0
13423,998,0
13424,997,0
13425,997,0
13426,1000,0
13427,999,0
13428,1004,0
13429,996,0
13430,1000,0
13431,995,0
13432,1006,0
13433,1004,0
13434,999,0
13435,1007,0
13436,992,0
13437,1000,0
13438,995,0
13439,1009,0
13440,1002,0
13441,1006,0
13442,1007,0
13443,1004,0
13444,1006,0
13445,1004,0
13446,1005,0
13447,1000,0
13448,1002,0
13449,1012,0
13450,1000,0
13451,998,0
13452,998,0
13453,1000,0
13454,998,0
13455,994,0
13456,1008,0
13457,1006,0
13458,1006,0
13459,997,0
13460,996,0
13461,1001,0
13462,1006,0
13463,992,0
13464,994,0
13465,999,0
13466,1000,0
13467,1005,0
13468,1002,0
13469,1001,0
13470,998,0
13471,1002,0
13472,999,0
13473,1002,0
13474,1006,0
13475,995,0
13476,997,0
13477,1002,0
13478,998,0
13479,994,0
13480,992,0
13481,992,0
13482,1002,0
13483,996,0
13484,1004,0
13485,995,0
13486,1002,0
13487,1003,0
13488,1004,0
13489,996,0
13490,1001,0
13491,997,0
13492,996,0
13493,996,0
13494,996,0
13495,993,0
13496,1003,0
13497,996,0
13498,994,0
13499,1005,0
13500,997,0
13501,1000,0
13502,998,0
13503,994,0
13504,1003,0
13505,998,0
13506,996,0
13507,1001,0
13508,1003,0
13509,1003,0
13510,1003,0
13511,999,0
13512,992,0
13513,1006,0
13514,1001,0
13515,1001,0
13516,996,0
13517,1004,0
13518,1002,0
13519,1003,0
13520,990,0
13521,992,0
13522,1005,0
13523,1010,0
13524,1009,0
13525,1010,0
13526,992,0
13527,996,0
13528,999,0
13529,997,0
13530,999,0
13531,998,0
13532,1001,0
13533,999,0
13534,991,0
13535,1003,0
13536,1003,0
13537,1000,0
13538,1002,0
13539,1003,0
13540,994,0
13541,1002,0
13542,1000,0
13543,996,0
13544,1003,0
13545,995,0
13546,995,0
13547,1001,0
13548,1008,0
13549,1005,0
13550,1007,0
13551,1003,0
13552,997,0
13553,999,0
13554,1002,0
13555,996,0
13556,1002,0
13557,1010,0
13558,998,0
13559,997,0
13560,997,0
13561,1001,0
13562,998,0
13563,996,0
13564,999,0
13565,998,0
13566,1004,0
13567,999,0
13568,1005,0
13569,994,0
13570,1001,0
13571,1003,0
13572,998,0
13573,997,0
13574,1003,0
13575,994,0
13576,1005,0
13577,1002,0
13578,1004,0
13579,1000,0
13580,1002,0
13581,997,0
13582,1003,0
13583,1000,0
13584,1002,0
13585,998,0
13586,999,0
13587,997,0
13588,996,0
13589,995,0
13590,1001,0
13591,1009,0
13592,1002,0
13593,1005,0
13594,1001,0
13595,1005,0
13596,999,0
13597,1000,0
13598,998,0
13599,997,0
13600,996,0
13601,1003,0
13602,996,0
13603,995,0
13604,1011,0
13605,1006,0
13606,1012,0
13607,996,0
13608,1006,0
13609,1001,0
13610,1006,0
13611,991,0
13612,1002,0
13613,1008,0
13614,996,0
13615,1000,0
13616,999,0
13617,1005,0
13618,1001,0
13619,1002,0
13620,1003,0
13621,1002,0
13622,1008,0
13623,1000,0
13624,998,0
13625,992,0
13626,1000,0
13627,1002,0
13628,993,0
13629,1004,0
13630,999,0
13631,1005,0
13632,1002,0
13633,1015,0
13634,1006,0
13635,1004,0
13636,999,0
13637,999,0
13638,1010,0
13639,995,0
13640,1001,0
13641,1004,0
13642,1008,0
13643,1002,0
13644,1009,0
13645,1005,0
13646,1003,0
13647,1000,0
13648,1009,0
13649,1004,0
13650,1007,0
13651,1004,0
13652,998,0
13653,998,0
13654,999,0
13655,998,0
13656,999,0
13657,1012,0
13658,994,0
13659,1000,0
13660,1008,0
13661,1011,0
13662,995,0
13663,1005,0
13664,1005,0
13665,1003,0
13666,1011,0
13667,998,0
13668,998,0
13669,1007,0
13670,1003,0
13671,1003,0
13672,994,0
13673,992,0
13674,1002,0
13675,993,0
13676,1001,0
13677,999,0
13678,995,0
13679,1002,0
13680,996,0
13681,1004,0
13682,998,0
13683,1001,0
13684,993,0
13685,1012,0
13686,1002,0
13687,1001,0
13688,1003,0
13689,1003,0
13690,1008,0
13691,994,0
13692,1001,0
13693,1001,0
13694,1001,0
13695,1009,0
13696,1002,0
13697,1006,0
13698,1002,0
13699,994,0
13700,995,0
13701,997,0
13702,1000,0
13703,1010,0
13704,1005,0
13705,1001,0
13706,995,0
13707,1003,0
13708,998,0
13709,1008,0
13710,997,0
13711,1007,0
13712,999,0
13713,1006,0
13714,1003,0
13715,1000,0
13716,1004,0
13717,1004,0
13718,996,0
13719,1009,0
13720,999,0
13721,999,0
13722,1008,0
13723,998,0
13724,1006,0
13725,1002,0
13726,1003,0
13727,1015,0
13728,1005,0
13729,1006,0
13730,1009,0
13731,999,0
13732,1003,0
13733,989,0
13734,1000,0
13735,995,0
13736,994,0
13737,1003,0
13738,1002,0
13739,1005,0
13740,1012,0
13741,999,0
13742,1004,0
13743,1010,0
13744,1005,0
13745,1011,0
13746,1005,0
13747,1012,0
13748,999,0
13749,997,0
13750,1007,0
13751,1007,0
13752,1008,0
13753,1007,0
13754,1006,0
13755,1008,0
13756,1008,0
13757,1001,0
13758,1002,0
13759,1006,0
13760,1008,0
13761,1006,0
13762,1004,0
13763,1003,0
13764,1001,0
13765,1001,0
13766,997,0
13767,1003,0
13768,1005,0
13769,1003,0
13770,992,0
13771,1002,0
13772,996,0
13773,1004,0
13774,996,0
13775,1008,0
13776,1012,0
13777,1003,0
13778,1004,0
13779,1007,0
13780,1008,0
13781,1008,0
13782,1005,0
13783,1000,0
13784,1000,0
13785,1008,0
13786,1007,0
13787,999,0
13788,1011,0
13789,1000,0
13790,1004,0
13791,1008,0
13792,1000,0
13793,1007,0
13794,1003,0
13795,1009,0
13796,1009,0
13797,1007,0
13798,995,0
13799,1008,0
13800,1013,0
13801,1003,0
13802,1003,0
13803,1005,0
13804,1005,0
13805,997,0
13806,1009,0
13807,1004,0
13808,996,0
13809,992,0
13810,1003,0
13811,1002,0
13812,1018,0
13813,1008,0
13814,1006,0
13815,1009,0
13816,1001,0
13817,1006,0
13818,1007,0
13819,1005,0
13820,1001,0
13821,1006,0
13822,999,0
13823,995,0
13824,994,0
13825,1002,0
13826,997,0
13827,1010,0
13828,1001,0
13829,999,0
13830,1007,0
13831,1011,0
13832,1008,0
13833,1009,0
13834,1002,0
13835,998,0
13836,1002,0
13837,1008,0
13838,1013,0
13839,1002,0
13840,1001,0
13841,1003,0
13842,998,0
13843,999,0
13844,998,0
13845,1003,0
13846,995,0
13847,1007,0
13848,1002,0
13849,1006,0
13850,1005,0
13851,1005,0
13852,1005,0
13853,1016,0
13854,1005,0
13855,1013,0
13856,1004,0
13857,999,0
13858,1002,0
13859,1000,0
13860,1003,0
13861,1009,0
13862,1002,0
13863,1001,0
13864,1003,0
13865,1007,0
13866,1002,0
13867,1002,0
13868,1003,0
13869,1003,0
13870,1007,0
13871,1008,0
13872,999,0
13873,1006,0
13874,1004,0
13875,1005,0
13876,1006,0
13877,1006,0
13878,1005,0
13879,1006,0
13880,1004,0
13881,1002,0
13882,999,0
13883,997,0
13884,1005,0
13885,1006,0
13886,1006,0
13887,1010,0
13888,1009,0
13889,1004,0
13890,1001,0
13891,1011,0
13892,1013,0
13893,1004,0
13894,1000,0
13895,1003,0
13896,1008,0
13897,1003,0
13898,1005,0
13899,1008,0
13900,1004,0
13901,1008,0
13902,1014,0
13903,1011,0
13904,999,0
13905,1009,0
13906,1002,0
13907,1005,0
13908,995,0
13909,1003,0
13910,1011,0
13911,1007,0
13912,1008,0
13913,1009,0
13914,1005,0
13915,1010,0
13916,1002,0
13917,1006,0
13918,997,0
13919,1000,0
13920,1005,0
13921,992,0
13922,1005,0
13923,1008,0
13924,1010,0
13925,1003,0
13926,1001,0
13927,999,0
13928,1007,0
13929,1002,0
13930,999,0
13931,1002,0
13932,997,0
13933,1009,0
13934,998,0
13935,1007,0
13936,1001,0
13937,1001,0
13938,1012,0
13939,1008,0
13940,1010,0
13941,1003,0
13942,997,0
13943,1006,0
13944,1006,0
13945,1016,0
13946,1003,0
13947,1002,0
13948,1010,0
13949,1008,0
13950,1001,0
13951,1003,0
13952,1001,0
13953,1011,0
13954,1006,0
13955,1002,0
13956,996,0
13957,1001,0
13958,994,0
13959,1002,0
13960,1007,0
13961,1009,0
13962,1011,0
13963,1011,0
13964,997,0
13965,1011,0
13966,1006,0
13967,1006,0
13968,996,0
13969,1003,0
13970,1012,0
13971,1003,0
13972,1007,0
13973,1004,0
13974,1011,0
13975,1000,0
13976,1001,0
13977,1001,0
13978,1005,0
13979,1002,0
13980,1001,0
13981,998,0
13982,1005,0
13983,1005,0
13984,1011,0
13985,1009,0
13986,1002,0
13987,1011,0
13988,1007,0
13989,1008,0
13990,1002,0
13991,1009,0
13992,997,0
13993,1001,0
13994,998,0
13995,1001,0
13996,1005,0
13997,998,0
13998,1007,0
13999,1003,0
14000,1014,0
14001,1001,0
14002,1005,0
14003,1000,0
14004,1003,0
14005,1008,0
14006,1014,0
14007,993,0
14008,1000,0
14009,1011,0
14010,1009,0
14011,995,0
14012,1005,0
14013,1001,0
14014,1009,0
14015,1000,0
14016,1004,0
14017,1004,0
14018,1002,0
14019,1012,0
14020,1004,0
14021,1007,0
14022,1007,0
14023,1006,0
14024,1003,0
14025,1007,0
14026,1012,0
14027,1004,0
14028,1002,0
14029,1009,0
14030,1009,0
14031,1008,0
14032,1009,0
14033,1003,0
14034,1000,0
14035,1004,0
14036,996,0
14037,1004,0
14038,1009,0
14039,1009,0
14040,1007,0
14041,1012,0
14042,1004,0
14043,1004,0
14044,999,0
14045,1009,0
14046,1001,0
14047,1001,0
14048,1006,0
14049,1006,0
14050,1002,0
14051,999,0
14052,999,0
14053,1019,0
14054,1006,0
14055,1006,0
14056,1010,0
14057,1008,0
14058,1001,0
14059,1005,0
14060,1012,0
14061,1009,0
14062,1009,0
14063,1002,0
14064,1004,0
14065,1014,0
14066,1009,0
14067,1009,0
14068,1009,0
14069,1000,0
14070,1007,0
14071,1011,0
14072,1003,0
14073,1010,0
14074,1001,0
14075,1009,0
14076,1001,0
14077,1009,0
14078,1004,0
14079,1005,0
14080,999,0
14081,1004,0
14082,1007,0
14083,1004,0
14084,1013,0
14085,1006,0
14086,1007,0
14087,1008,0
14088,1009,0
14089,1006,0
14090,1016,0
14091,1002,0
14092,1003,0
14093,1003,0
14094,1002,0
14095,1009,0
14096,1007,0
14097,1007,0
14098,1011,0
14099,1012,0
14100,1004,0
14101,1015,0
14102,1001,0
14103,1009,0
14104,1015,0
14105,1001,0
14106,1008,0
14107,1005,0
14108,1005,0
14109,1005,0
14110,1003,0
14111,1006,0
14112,1007,0
14113,1003,0
14114,1013,0
14115,1001,0
14116,1005,0
14117,1005,0
14118,1005,0
14119,1005,0
14120,1007,0
14121,1001,0
14122,1013,0
14123,1010,0
14124,1011,0
14125,1003,0
14126,1012,0
14127,1015,0
14128,1011,0
14129,1002,0
14130,1007,0
14131,1006,0
14132,1007,0
14133,1007,0
14134,1000,0
14135,1012,0
14136,1013,0
14137,1001,0
14138,1008,0
14139,1012,0
14140,1006,0
14141,1011,0
14142,1012,0
14143,1007,0
14144,1009,0
14145,1009,0
14146,1011,0
14147,999,0
14148,1003,0
14149,1004,0
14150,1008,0
14151,1003,0
14152,1000,0
14153,1002,0
14154,1003,0
14155,1010,0
14156,1003,0
14157,1007,0
14158,1006,0
14159,1001,0
14160,1003,0
14161,1011,0
14162,1004,0
14163,1002,0
14164,1008,0
14165,1008,0
14166,1007,0
14167,1007,0
14168,999,0
14169,1009,0
14170,1006,0
14171,1001,0
14172,1009,0
14173,1015,0
14174,1003,0
14175,1011,0
14176,1010,0
14177,1011,0
14178,1009,0
14179,1004,0
14180,1009,0
14181,1010,0
14182,1002,0
14183,1002,0
14184,997,0
14185,1007,0
14186,1003,0
14187,1003,0
14188,1005,0
14189,1009,0
14190,1004,0
14191,1011,0
14192,1004,0
14193,1007,0
14194,1002,0
14195,1008,0
14196,1008,0
14197,1002,0
14198,1002,0
14199,1011,0
14200,996,0
14201,1013,0
14202,1011,0
14203,1011,0
14204,1013,0
14205,1007,0
14206,1004,0
14207,1005,0
14208,1002,0
14209,1016,0
14210,1005,0
14211,1007,0
14212,999,0
14213,1005,0
14214,1006,0
14215,1001,0
14216,1000,0
14217,1009,0
14218,1005,0
14219,997,0
14220,1009,0
14221,1004,0
14222,1010,0
14223,1009,0
14224,1017,0
14225,1007,0
14226,1006,0
14227,1007,0
14228,1008,0
14229,1007,0
14230,1011,0
14231,1008,0
14232,1009,0
14233,1011,0
14234,1001,0
14235,1008,0
14236,1004,0
14237,1012,0
14238,1014,0
14239,1010,0
14240,998,0
14241,1001,0
14242,1005,0
14243,1009,0
14244,1000,0
14245,1009,0
14246,1012,0
14247,999,0
14248,1005,0
14249,1009,0
14250,1012,0
14251,1011,0
14252,1004,0
14253,1010,0
14254,1003,0
14255,1009,0
14256,1016,0
14257,1007,0
14258,1012,0
14259,1010,0
14260,1004,0
14261,1005,0
14262,1003,0
14263,1006,0
14264,1009,0
14265,1011,0
14266,1000,0
14267,1009,0
14268,1008,0
14269,1004,0
14270,1015,0
14271,1012,0
14272,1008,0
14273,1004,0
14274,1017,0
14275,996,0
14276,1011,0
14277,1021,0
14278,1004,0
14279,1018,0
14280,1009,0
14281,1003,0
14282,1012,0
14283,1004,0
14284,1003,0
14285,1009,0
14286,1013,0
14287,995,0
14288,1010,0
14289,1002,0
14290,1004,0
14291,1011,0
14292,1010,0
14293,1007,0
14294,1001,0
14295,1013,0
14296,1010,0
14297,1010,0
14298,1002,0
14299,1010,0
14300,1003,0
14301,1002,0
14302,1010,0
14303,1009,0
14304,1011,0
14305,1007,0
14306,1006,0
14307,1004,0
14308,995,0
14309,1006,0
14310,1015,0
14311,1008,0
14312,1015,0
14313,1009,0
14314,1010,0
14315,1010,0
14316,1010,0
14317,1010,0
14318,1004,0
14319,1010,0
14320,1004,0
14321,1016,0
14322,1001,0
14323,1012,0
14324,1010,0
14325,1010,0
14326,1004,0
14327,1015,0
14328,1005,0
14329,1012,0
14330,1011,0
14331,1005,0
14332,1008,0
14333,1007,0
14334,1009,0
14335,1010,0
14336,1006,0
14337,1006,0
14338,1008,0
14339,1011,0
14340,1005,0
14341,1005,0
14342,1010,0
14343,1010,0
14344,1010,0
14345,1007,0
14346,1008,0
14347,1001,0
14348,1010,0
14349,1013,0
14350,1007,0
14351,1003,0
14352,1011,0
14353,1007,0
14354,998,0
14355,1007,0
14356,1007,0
14357,1006,0
14358,1014,0
14359,1010,0
14360,1016,0
14361,1006,0
14362,1019,0
14363,1010,0
14364,1003,0
14365,1010,0
14366,1005,0
14367,1008,0
14368,1007,0
14369,1009,0
14370,1004,0
14371,1007,0
14372,1015,0
14373,1012,0
14374,1009,0
14375,1010,0
14376,1005,0
14377,1008,0
14378,1008,0
14379,1005,0
14380,1009,0
14381,1004,0
14382,1012,0
14383,1004,0
14384,1005,0
14385,1006,0
14386,1008,0
14387,1009,0
14388,1019,0
14389,1021,0
14390,1007,0
14391,1000,0
14392,1002,0
14393,1008,0
14394,1017,0
14395,1016,0
14396,1008,0
14397,1017,0
14398,1007,0
14399,1013,0
14400,1006,0
14401,1000,0
14402,1004,0
14403,1013,0
14404,1003,0
14405,1018,0
14406,1004,0
14407,1011,0
14408,1014,0
14409,1011,0
14410,1018,0
14411,1007,0
14412,1003,0
14413,1012,0
14414,1016,0
14415,998,0
14416,1003,0
14417,1006,0
14418,1003,0
14419,1017,0
14420,1002,0
14421,1013,0
14422,1004,0
14423,1011,0
14424,1004,0
14425,1007,0
14426,1005,0
14427,1011,0
14428,1011,0
14429,1015,0
14430,999,0
14431,1007,0
14432,1019,0
14433,1019,0
14434,1021,0
14435,1002,0
14436,1013,0
14437,1007,0
14438,1006,0
14439,1010,0
14440,1010,0
14441,1012,0
14442,1013,0
14443,1006,0
14444,1014,0
14445,1006,0
14446,1009,0
14447,1016,0
14448,1004,0
14449,1006,0
14450,1012,0
14451,1014,0
14452,1008,0
14453,1000,0
14454,1011,0
14455,1008,0
14456,1000,0
14457,1001,0
14458,1005,0
14459,1010,0
14460,1004,0
14461,1014,0
14462,1012,0
14463,1012,0
14464,1011,0
14465,1014,0
14466,1005,0
14467,1013,0
14468,1024,0
14469,1014,0
14470,1015,0
14471,1012,0
14472,1013,0
14473,1007,0
14474,1017,0
14475,1014,0
14476,1010,0
14477,1016,0
14478,1012,0
14479,1013,0
14480,1016,0
14481,1017,0
14482,1016,0
14483,1015,0
14484,1004,0
14485,1019,0
14486,1005,0
14487,1011,0
14488,1007,0
14489,1016,0
14490,1007,0
14491,1015,0
14492,1009,0
14493,1014,0
14494,1015,0
14495,1016,0
14496,1003,0
14497,1009,0
14498,1014,0
14499,1016,0
14500,1007,0
14501,1015,0
14502,1007,0
14503,1003,0
14504,1010,0
14505,1013,0
14506,1006,0
14507,1014,0
14508,1006,0
14509,1010,0
14510,996,0
14511,1007,0
14512,1003,0
14513,1008,0
14514,1008,0
14515,1013,0
14516,1005,0
14517,1015,0
14518,1013,0
14519,1007,0
14520,1009,0
14521,1014,0
14522,1011,0
14523,1005,0
14524,1014,0
14525,1010,0
14526,1018,0
14527,1015,0
14528,1008,0
14529,1009,0
14530,1017,0
14531,1009,0
14532,1006,0
14533,1014,0
14534,1007,0
14535,1012,0
14536,1009,0
14537,1008,0
14538,1009,0
14539,1008,0
14540,1015,0
14541,1010,0
14542,1006,0
14543,1003,0
14544,1013,0
14545,1020,0
14546,1011,0
14547,1013,0
14548,1015,0
14549,1014,0
14550,1011,0
14551,1013,0
14552,1012,0
14553,1014,0
14554,1016,0
14555,1011,0
14556,1017,0
14557,1010,0
14558,1017,0
14559,1013,0
14560,1020,0
14561,1015,0
14562,1010,0
14563,1002,0
14564,1003,0
14565,1012,0
14566,1016,0
14567,1006,0
14568,1012,0
14569,1009,0
14570,1015,0
14571,1008,0
14572,1003,0
14573,1023,0
14574,1010,0
14575,1013,0
14576,1006,0
14577,1019,0
14578,1008,0
14579,1014,0
14580,1003,0
14581,1008,0
14582,1022,0
14583,1013,0
14584,1015,0
14585,1011,0
14586,1008,0
14587,1011,0
14588,1016,0
14589,1013,0
14590,1016,0
14591,1006,0
14592,1019,0
14593,1017,0
14594,1015,0
14595,1004,0
14596,1014,0
14597,1009,0
14598,1010,0
14599,1013,0
14600,1008,0
14601,1012,0
14602,1015,0
14603,1016,0
14604,1020,0
14605,1012,0
14606,1007,0
14607,1017,0
14608,1019,0
14609,1005,0
14610,1013,0
14611,1008,0
14612,1024,0
14613,1016,0
14614,1019,0
14615,1018,0
14616,1014,0
14617,1015,0
14618,1015,0
14619,1013,0
14620,1006,0
14621,1010,0
14622,1007,0
14623,1007,0
14624,1005,0
14625,1009,0
14626,1009,0
14627,1012,0
14628,1017,0
14629,1013,0
14630,1007,0
14631,1008,0
14632,1005,0
14633,1007,0
14634,1014,0
14635,1013,0
14636,1010,0
14637,1013,0
14638,1006,0
14639,1009,0
14640,1019,0
14641,1013,0
14642,1008,0
14643,1002,0
14644,1010,0
14645,1010,0
14646,1009,0
14647,1015,0
14648,1017,0
14649,1017,0
14650,1017,0
14651,1014,0
14652,1013,0
14653,1014,0
14654,1017,0
14655,1017,0
14656,1010,0
14657,1009,0
14658,1012,0
14659,1019,0
14660,1014,0
14661,1004,0
14662,1005,0
14663,1019,0
14664,1005,0
14665,1005,0
14666,1014,0
14667,1000,0
14668,1009,0
14669,1014,0
14670,1010,0
14671,1017,0
14672,1017,0
14673,1015,0
14674,1015,0
14675,1003,0
14676,1015,0
14677,1010,0
14678,1007,0
14679,998,0
14680,1013,0
14681,1019,0
14682,1016,0
14683,1012,0
14684,1014,0
14685,1016,0
14686,1012,0
14687,1009,0
14688,1022,0
14689,999,0
14690,1008,0
14691,1018,0
14692,1018,0
14693,1010,0
14694,1016,0
14695,1017,0
14696,1015,0
14697,1015,0
14698,1006,0
14699,1020,0
14700,1016,0
14701,1009,0
14702,1016,0
14703,1010,0
14704,1011,0
14705,1013,0
14706,1015,0
14707,1014,0
14708,1008,0
14709,1005,0
14710,1011,0
14711,1012,0
14712,1007,0
14713,1007,0
14714,1008,0
14715,1006,0
14716,1017,0
14717,1009,0
14718,1012,0
14719,1016,0
14720,1004,0
14721,1015,0
14722,1004,0
14723,1007,0
14724,1010,0
14725,1020,0
14726,1009,0
14727,1023,0
14728,1006,0
14729,1015,0
14730,1001,0
14731,1007,0
14732,1010,0
14733,1002,0
14734,1010,0
14735,1014,0
14736,1009,0
14737,1018,0
14738,1011,0
14739,1011,0
14740,1012,0
14741,1013,0
14742,1003,0
14743,1017,0
14744,1007,0
14745,1014,0
14746,1019,0
14747,1006,0
14748,1016,0
14749,1013,0
14750,1015,0
14751,1011,0
14752,1019,0
14753,1013,0
14754,1016,0
14755,1016,0
14756,1008,0
14757,1017,0
14758,1008,0
14759,1011,0
14760,1010,0
14761,1014,0
14762,1016,0
14763,1002,0
14764,1007,0
14765,1020,0
14766,1024,0
14767,1013,0
14768,1006,0
14769,1009,0
14770,1016,0
14771,1008,0
14772,1016,0
14773,1019,0
14774,1014,0
14775,1016,0
14776,1010,0
14777,1005,0
14778,1020,0
14779,1014,0
14780,1014,0
14781,1021,0
14782,1007,0
14783,1014,0
14784,1016,0
14785,1016,0
14786,1015,0
14787,1017,0
14788,1016,0
14789,1005,0
14790,1018,0
14791,1011,0
14792,1016,0
14793,1016,0
14794,1012,0
14795,1015,0
14796,1017,0
14797,1009,0
14798,1011,0
14799,1004,0
14800,1014,0
14801,1013,0
14802,1021,0
14803,1006,0
14804,1016,0
14805,1028,0
14806,1014,0
14807,1020,0
14808,1008,0
14809,1017,0
14810,1017,0
14811,1017,0
14812,1025,0
14813,1011,0
14814,1008,0
14815,1018,0
14816,1017,0
14817,1020,0
14818,1012,0
14819,1019,0
14820,1017,0
14821,1018,0
14822,1027,0
14823,1017,0
14824,1019,0
14825,1013,0
14826,1012,0
14827,1017,0
14828,1013,0
14829,1021,0
14830,1023,0
14831,1012,0
14832,1016,0
14833,1025,0
14834,1006,0
14835,1011,0
14836,1020,0
14837,1013,0
14838,1014,0
14839,1014,0
14840,1008,0
14841,1011,0
14842,1016,0
14843,1025,0
14844,1003,0
14845,1014,0
14846,1014,0
14847,1014,0
14848,1011,0
14849,1014,0
14850,1006,0
14851,1017,0
14852,1024,0
14853,1010,0
14854,1014,0
14855,1023,0
14856,1012,0
14857,1009,0
14858,1016,0
14859,1006,0
14860,1016,0
14861,1016,0
14862,1011,0
14863,1014,0
14864,1022,0
14865,1011,0
14866,1014,0
14867,1017,0
14868,1007,0
14869,1019,0
14870,1009,0
14871,1013,0
14872,1009,0
14873,1009,0
14874,1011,0
14875,1010,0
14876,1010,0
14877,1010,0
14878,1018,0
14879,1005,0
14880,1014,0
14881,1020,0
14882,1012,0
14883,1010,0
14884,1020,0
14885,1010,0
14886,1012,0
14887,1009,0
14888,1010,0
14889,1007,0
14890,1009,0
14891,1004,0
14892,1016,0
14893,1013,0
14894,1009,0
14895,1020,0
14896,1011,0
14897,1014,0
14898,1013,0
14899,1011,0
14900,1016,0
14901,1030,0
14902,1016,0
14903,1008,0
14904,1011,0
14905,1016,0
14906,1013,0
14907,1017,0
14908,1015,0
14909,1017,0
14910,1010,0
14911,1015,0
14912,1017,0
14913,1007,0
14914,1011,0
14915,1023,0
14916,1012,0
14917,1024,0
14918,1010,0
14919,1011,0
14920,1018,0
14921,1010,0
14922,1015,0
14923,1013,0
14924,1017,0
14925,1011,0
14926,1014,0
14927,1008,0
14928,1018,0
14929,1013,0
14930,1016,0
14931,1009,0
14932,1012,0
14933,1010,0
14934,1006,0
14935,1021,0
14936,1016,0
14937,1014,0
14938,1000,0
14939,1014,0
14940,1010,0
14941,1009,0
14942,1012,0
14943,1015,0
14944,1010,0
14945,1015,0
14946,1021,0
14947,1013,0
14948,1011,0
14949,1013,0
14950,1020,0
14951,1012,0
14952,1009,0
14953,1011,0
14954,1017,0
14955,1008,0
14956,1009,0
14957,1014,0
14958,1011,0
14959,1021,0
14960,1005,0
14961,1005,0
14962,1004,0
14963,1020,0
14964,1006,0
14965,1008,0
14966,1020,0
14967,1010,0
14968,1016,0
14969,1016,0
14970,1018,0
14971,1015,0
14972,1012,0
14973,1016,0
14974,1012,0
14975,1021,0
14976,1011,0
14977,1009,0
14978,1008,0
14979,1012,0
14980,1010,0
14981,1014,0
14982,1014,0
14983,1013,0
14984,1011,0
14985,1010,0
14986,1015,0
14987,1015,0
14988,1019,0
14989,1010,0
14990,1012,0
14991,1010,0
14992,1011,0
14993,1016,0
14994,1015,0
14995,1012,0
14996,1021,0
14997,1015,0
14998,1013,0
14999,1012,0
15000,1019,0
15001,1015,0
15002,1012,0
15003,1017,0
15004,1021,0
15005,1019,0
15006,1014,0
15007,1008,0
15008,1011,0
15009,1013,0
15010,1020,0
15011,1012,0
15012,1020,0
15013,1014,0
15014,1016,0
15015,1010,0
15016,1012,0
15017,1017,0
15018,1014,0
15019,1007,0
15020,1017,0
15021,1016,0
15022,1025,0
15023,1005,0
15024,1015,0
15025,1011,0
15026,1012,0
15027,1018,0
15028,1009,0
15029,1014,0
15030,1020,0
15031,1008,0
15032,1007,0
15033,1020,0
15034,1014,0
15035,1024,0
15036,1010,0
15037,1009,0
15038,1015,0
15039,1010,0
15040,1016,0
15041,1022,0
15042,1015,0
15043,1017,0
15044,1014,0
15045,1014,0
15046,1009,0
15047,1015,0
15048,1013,0
15049,1012,0
15050,1013,0
15051,1014,0
15052,1018,0
15053,1019,0
15054,1014,0
15055,1017,0
15056,1024,0
15057,1018,0
15058,1016,0
15059,1010,0
15060,1019,0
15061,1016,0
15062,1019,0
15063,1018,0
15064,1013,0
15065,1017,0
15066,1014,0
15067,1017,0
15068,1013,0
15069,1019,0
15070,1017,0
15071,1013,0
15072,1010,0
15073,1018,0
15074,1017,0
15075,1017,0
15076,1023,0
15077,1011,0
15078,1015,0
15079,1020,0
15080,1008,0
15081,1012,0
15082,1019,0
15083,1017,0
15084,1016,0
15085,1013,0
15086,1014,0
15087,1010,0
15088,1014,0
15089,1011,0
15090,1014,0
15091,1012,0
15092,1018,0
15093,1018,0
15094,1018,0
15095,1012,0
15096,1021,0
15097,1018,0
15098,1014,0
15099,1008,0
15100,1017,0
15101,1016,0
15102,1012,0
15103,1014,0
15104,1026,0
15105,1016,0
15106,1015,0
15107,1011,0
15108,1011,0
15109,1021,0
15110,1007,0
15111,1018,0
15112,1026,0
15113,1015,0
15114,1020,0
15115,1009,0
15116,1014,0
15117,1027,0
15118,1009,0
15119,1017,0
15120,1020,0
15121,1017,0
15122,1018,0
15123,1012,0
15124,1017,0
15125,1023,0
15126,1008,0
15127,1018,0
15128,1013,0
15129,1009,0
15130,1021,0
15131,1020,0
15132,1017,0
15133,1007,0
15134,1016,0
15135,1005,0
15136,1014,0
15137,1021,0
15138,1021,0
15139,1007,0
15140,1017,0
15141,1020,0
15142,1015,0
15143,1016,0
15144,1016,0
15145,1016,0
15146,1016,0
15147,1022,0
15148,1014,0
15149,1022,0
15150,1025,0
15151,1018,0
15152,1016,0
15153,1012,0
15154,1023,0
15155,1013,0
15156,1017,0
15157,1008,0
15158,1010,0
15159,1011,0
15160,1013,0
15161,1015,0
15162,1011,0
15163,1014,0
15164,1010,0
15165,1013,0
15166,1015,0
15167,1008,0
15168,1015,0
15169,1017,0
15170,1015,0
15171,1009,0
15172,1021,0
15173,1014,0
15174,1015,0
15175,1013,0
15176,1019,0
15177,1010,0
15178,1018,0
15179,1010,0
15180,1014,0
15181,1012,0
15182,1015,0
15183,1014,0
15184,1028,0
15185,1015,0
15186,1019,0
15187,1013,0
15188,1016,0
15189,1019,0
15190,1018,0
15191,1016,0
15192,1008,0
15193,1024,0
15194,1018,0
15195,1023,0
15196,1018,0
15197,1017,0
15198,1024,0
15199,1022,0
15200,1016,0
15201,1030,0
15202,1024,0
15203,1015,0
15204,1015,0
15205,1009,0
15206,1013,0
15207,1012,0
15208,1010,0
15209,1016,0
15210,1027,0
15211,1020,0
15212,1016,0
15213,1011,0
15214,1012,0
15215,1017,0
15216,1015,0
15217,1020,0
15218,1014,0
15219,1010,0
15220,1023,0
15221,1024,0
15222,1012,0
15223,1010,0
15224,1014,0
15225,1016,0
15226,1021,0
15227,1025,0
15228,1009,0
15229,1018,0
15230,1018,0
15231,1013,0
15232,1016,0
15233,1012,0
15234,1012,0
15235,1019,0
15236,1023,0
15237,1026,0
15238,1024,0
15239,1019,0
15240,1020,0
15241,1011,0
15242,1024,0
15243,1016,0
15244,1021,0
15245,1019,0
15246,1013,0
15247,1017,0
15248,1013,0
15249,1025,0
15250,1017,0
15251,1016,0
15252,1016,0
15253,1008,0
15254,1013,0
15255,1013,0
15256,1014,0
15257,1011,0
15258,1026,0
15259,1011,0
15260,1018,0
15261,1005,0
15262,1018,0
15263,1025,0
15264,1014,0
15265,1013,0
15266,1023,0
15267,1025,0
15268,1013,0
15269,1017,0
15270,1014,0
15271,1012,0
15272,1009,0
15273,1011,0
15274,1016,0
15275,1028,0
15276,1021,0
15277,1009,0
15278,1014,0
15279,1014,0
15280,1024,0
15281,1019,0
15282,1014,0
15283,1017,0
15284,1017,0
15285,1021,0
15286,1020,0
15287,1021,0
15288,1020,0
15289,1021,0
15290,1021,0
15291,1028,0
15292,1014,0
15293,1014,0
15294,1019,0
15295,1022,0
15296,1023,0
15297,1016,0
15298,1019,0
15299,1010,0
15300,1018,0
15301,1018,0
15302,1027,0
15303,1016,0
15304,1008,0
15305,1014,0
15306,1019,0
15307,1021,0
15308,1019,0
15309,1015,0
15310,1020,0
15311,1028,0
15312,1016,0
15313,1021,0
15314,1014,0
15315,1019,0
15316,1029,0
15317,1012,0
15318,1012,0
15319,1018,0
15320,1011,0
15321,1021,0
15322,1018,0
15323,1011,0
15324,1014,0
15325,1015,0
15326,1019,0
15327,1028,0
15328,1021,0
15329,1021,0
15330,1013,0
15331,1020,0
15332,1006,0
15333,1029,0
15334,1020,0
15335,1012,0
15336,1020,0
15337,1018,0
15338,1015,0
15339,1036,0
15340,1018,0
15341,1011,0
15342,1017,0
15343,1017,0
15344,1016,0
15345,1011,0
15346,1013,0
15347,1007,0
15348,1011,0
15349,1024,0
15350,1020,0
15351,1009,0
15352,1010,0
15353,1022,0
15354,1020,0
15355,1020,0
15356,1011,0
15357,1018,0
15358,1017,0
15359,1022,0
15360,1028,0
15361,1013,0
15362,1020,0
15363,1023,0
15364,1007,0
15365,1032,0
15366,1018,0
15367,1015,0
15368,1018,0
15369,1021,0
15370,1016,0
15371,1008,0
15372,1023,0
15373,1009,0
15374,1018,0
15375,1018,0
15376,1012,0
15377,1011,0
15378,1016,0
15379,1029,0
15380,1018,0
15381,1015,0
15382,1021,0
15383,1022,0
15384,1019,0
15385,1021,0
15386,1022,0
15387,1014,0
15388,1014,0
15389,1015,0
15390,1012,0
15391,1019,0
15392,1017,0
15393,1012,0
15394,1012,0
15395,1021,0
15396,1024,0
15397,1010,0
15398,1017,0
15399,1021,0
15400,1015,0
15401,1021,0
15402,1013,0
15403,1019,0
15404,1021,0
15405,1014,0
15406,1018,0
15407,1017,0
15408,1017,0
15409,1016,0
15410,1016,0
15411,1019,0
15412,1017,0
15413,1023,0
15414,1011,0
15415,1004,0
15416,1015,0
15417,1016,0
15418,1023,0
15419,1023,0
15420,1017,0
15421,1027,0
15422,1021,0
15423,1019,0
15424,1018,0
15425,1014,0
15426,1023,0
15427,1016,0
15428,1021,0
15429,1013,0
15430,1022,0
15431,1022,0
15432,1031,0
15433,1021,0
15434,1017,0
15435,1013,0
15436,1012,0
15437,1021,0
15438,1026,0
15439,1015,0
15440,1026,0
15441,1019,0
15442,1024,0
15443,1024,0
15444,1015,0
15445,1017,0
15446,1027,0
15447,1018,0
15448,1019,0
15449,1027,0
15450,1019,0
15451,1024,0
15452,1016,0
15453,1024,0
15454,1031,0
15455,1022,0
15456,1017,0
15457,1024,0
15458,1023,0
15459,1020,0
15460,1014,0
15461,1016,0
15462,1021,0
15463,1013,0
15464,1015,0
15465,1014,0
15466,1018,0
15467,1018,0
15468,1026,0
15469,1028,0
15470,1018,0
15471,1024,0
15472,1019,0
15473,1015,0
15474,1014,0
15475,1025,0
15476,1018,0
15477,1012,0
15478,1023,0
15479,1017,0
15480,1023,0
15481,1017,0
15482,1021,0
15483,1025,0
15484,1015,0
15485,1021,0
15486,1032,0
15487,1019,0
15488,1014,0
15489,1020,0
15490,1014,0
15491,1016,0
15492,1014,0
15493,1019,0
15494,1020,0
15495,1017,0
15496,1026,0
15497,1026,0
15498,1025,0
15499,1016,0
15500,1016,0
15501,1022,0
15502,1009,0
15503,1016,0
15504,1013,0
15505,1017,0
15506,1022,0
15507,1014,0
15508,1025,0
15509,1016,0
15510,1013,0
15511,1011,0
15512,1013,0
15513,1016,0
15514,1026,0
15515,1023,0
15516,1026,0
15517,1016,0
15518,1018,0
15519,1021,0
15520,1014,0
15521,1009,0
15522,1008,0
15523,1022,0
15524,1014,0
15525,1019,0
15526,1023,0
15527,1022,0
15528,1013,0
15529,1015,0
15530,1024,0
15531,1010,0
15532,1016,0
15533,1018,0
15534,1015,0
15535,1008,0
15536,1027,0
15537,1026,0
15538,1005,0
15539,1014,0
15540,1023,0
15541,1021,0
15542,1015,0
15543,1023,0
15544,1013,0
15545,1016,0
15546,1010,0
15547,1019,0
15548,1027,0
15549,1020,0
15550,1007,0
15551,1018,0
15552,1023,0
15553,1020,0
15554,1017,0
15555,1015,0
15556,1019,0
15557,1008,0
15558,1029,0
15559,1026,0
15560,1018,0
15561,1025,0
15562,1013,0
15563,1015,0
15564,1019,0
15565,1013,0
15566,1016,0
15567,1027,0
15568,1019,0
15569,1019,0
15570,1015,0
15571,1019,0
15572,1017,0
15573,1024,0
15574,1022,0
15575,1020,0
15576,1018,0
15577,1023,0
15578,1022,0
15579,1025,0
15580,1021,0
15581,1009,0
15582,1024,0
15583,1022,0
15584,1026,0
15585,1009,0
15586,1025,0
15587,1019,0
15588,1026,0
15589,1017,0
15590,1032,0
15591,1020,0
15592,1019,0
15593,1022,0
15594,1024,0
15595,1014,0
15596,1023,0
15597,1019,0
15598,1016,0
15599,1022,0
15600,1025,0
15601,1018,0
15602,1023,0
15603,1021,0
15604,1011,0
15605,1018,0
15606,1020,0
15607,1018,0
15608,1023,0
15609,1020,0
15610,1019,0
15611,1013,0
15612,1024,0
15613,1027,0
15614,1004,0
15615,1018,0
15616,1022,0
15617,1016,0
15618,1026,0
15619,1024,0
15620,1019,0
15621,1025,0
15622,1022,0
15623,1024,0
15624,1024,0
15625,1021,0
15626,1015,0
15627,1020,0
15628,1024,0
15629,1026,0
15630,1020,0
15631,1022,0
15632,1011,0
15633,1028,0
15634,1016,0
15635,1020,0
15636,1028,0
15637,1021,0
15638,1022,0
15639,1012,0
15640,1019,0
15641,1020,0
15642,1013,0
15643,1023,0
15644,1020,0
15645,1017,0
15646,1023,0
15647,1015,0
15648,1014,0
15649,1008,0
15650,1023,0
15651,1016,0
15652,1024,0
15653,1020,0
15654,1016,0
15655,1019,0
15656,1028,0
15657,1013,0
15658,1017,0
15659,1022,0
15660,1015,0
15661,1023,0
15662,1026,0
15663,1022,0
15664,1024,0
15665,1021,0
15666,1024,0
15667,1020,0
15668,1021,0
15669,1026,0
15670,1025,0
15671,1020,0
15672,1025,0
15673,1017,0
15674,1026,0
15675,1005,0
15676,1023,0
15677,1020,0
15678,1015,0
15679,1019,0
15680,1021,0
15681,1018,0
15682,1027,0
15683,1021,0
15684,1022,0
15685,1027,0
15686,1018,0
15687,1021,0
15688,1018,0
15689,1014,0
15690,1023,0
15691,1009,0
15692,1020,0
15693,1017,0
15694,1020,0
15695,1014,0
15696,1023,0
15697,1015,0
15698,1023,0
15699,1012,0
15700,1014,0
15701,1015,0
15702,1022,0
15703,1014,0
15704,1021,0
15705,1037,0
15706,1031,0
15707,1011,0
15708,1019,0
15709,1019,0
15710,1021,0
15711,1017,0
15712,1023,0
15713,1031,0
15714,1020,0
15715,1016,0
15716,1022,0
15717,1023,0
15718,1012,0
15719,1013,0
15720,1027,0
15721,1028,0
15722,1024,0
15723,1020,0
15724,1017,0
15725,1023,0
15726,1023,0
15727,1025,0
15728,1015,0
15729,1023,0
15730,1017,0
15731,1024,0
15732,1011,0
15733,1024,0
15734,1015,0
15735,1012,0
15736,1024,0
15737,1020,0
15738,1025,0
15739,1025,0
15740,1013,0
15741,1014,0
15742,1028,0
15743,1010,0
15744,1020,0
15745,1025,0
15746,1025,0
15747,1019,0
15748,1010,0
15749,1023,0
15750,1018,0
15751,1016,0
15752,1027,0
15753,1022,0
15754,1020,0
15755,1026,0
15756,1019,0
15757,1011,0
15758,1013,0
15759,1021,0
15760,1037,0
15761,1027,0
15762,1028,0
15763,1020,0
15764,1015,0
15765,1010,0
15766,1016,0
15767,1027,0
15768,1024,0
15769,1015,0
15770,1020,0
15771,1019,0
15772,1016,0
15773,1022,0
15774,1018,0
15775,1017,0
15776,1021,0
15777,1018,0
15778,1021,0
15779,1026,0
15780,1028,0
15781,1022,0
15782,1023,0
15783,1019,0
15784,1019,0
15785,1031,0
15786,1020,0
15787,1021,0
15788,1019,0
15789,1027,0
15790,1015,0
15791,1025,0
15792,1020,0
15793,1014,0
15794,1017,0
15795,1009,0
15796,1025,0
15797,1010,0
15798,1031,0
15799,1014,0
15800,1023,0
15801,1034,0
15802,1020,0
15803,1016,0
15804,1017,0
15805,1014,0
15806,1033,0
15807,1011,0
15808,1012,0
15809,1026,0
15810,1019,0
15811,1017,0
15812,1024,0
15813,1024,0
15814,1023,0
15815,1030,0
15816,1022,0
15817,1025,0
15818,1020,0
15819,1027,0
15820,1021,0
15821,1034,0
15822,1025,0
15823,1021,0
15824,1026,0
15825,1023,0
15826,1021,0
15827,1029,0
15828,1023,0
15829,1022,0
15830,1026,0
15831,1026,0
15832,1023,0
15833,1025,0
15834,1029,0
15835,1019,0
15836,1018,0
15837,1030,0
15838,1025,0
15839,1024,0
15840,1023,0
15841,1014,0
15842,1024,0
15843,1030,0
15844,1017,0
15845,1010,0
15846,1026,0
15847,1015,0
15848,1027,0
15849,1025,0
15850,1026,0
15851,1021,0
15852,1020,0
15853,1024,0
15854,1016,0
15855,1030,0
15856,1024,0
15857,1019,0
15858,1017,0
15859,1017,0
15860,1013,0
15861,1010,0
15862,1023,0
15863,1018,0
15864,1030,0
15865,1028,0
15866,1025,0
15867,1023,0
15868,1015,0
15869,1014,0
15870,1019,0
15871,1026,0
15872,1018,0
15873,1025,0
15874,1011,0
15875,1020,0
15876,1024,0
15877,1020,0
15878,1018,0
15879,1018,0
15880,1024,0
15881,1024,0
15882,1019,0
15883,1028,0
15884,1016,0
15885,1025,0
15886,1024,0
15887,1025,0
15888,1026,0
15889,1021,0
15890,1026,0
15891,1017,0
15892,1024,0
15893,1018,0
15894,1030,0
15895,1031,0
15896,1013,0
15897,1023,0
15898,1020,0
15899,1021,0
15900,1025,0
15901,1018,0
15902,1020,0
15903,1024,0
15904,1021,0
15905,1024,0
15906,1029,0
15907,1025,0
15908,1014,0
15909,1026,0
15910,1012,0
15911,1024,0
15912,1028,0
15913,1021,0
15914,1023,0
15915,1019,0
15916,1024,0
15917,1017,0
15918,1024,0
15919,1021,0
15920,1026,0
15921,1024,0
15922,1023,0
15923,1016,0
15924,1015,0
15925,1021,0
15926,1020,0
15927,1022,0
15928,1025,0
15929,1014,0
15930,1019,0
15931,1019,0
15932,1022,0
15933,1024,0
15934,1018,0
15935,1028,0
15936,1013,0
15937,1015,0
15938,1016,0
15939,1028,0
15940,1029,0
15941,1028,0
15942,1031,0
15943,1022,0
15944,1026,0
15945,1022,0
15946,1018,0
15947,1017,0
15948,1024,0
15949,1027,0
15950,1032,0
15951,1015,0
15952,1024,0
15953,1026,0
15954,1018,0
15955,1023,0
15956,1020,0
15957,1023,0
15958,1015,0
15959,1023,0
15960,1020,0
15961,1032,0
15962,1027,0
15963,1032,0
15964,1020,0
15965,1019,0
15966,1032,0
15967,1025,0
15968,1017,0
15969,1018,0
15970,1022,0
15971,1016,0
15972,1021,0
15973,1023,0
15974,1024,0
15975,1016,0
15976,1015,0
15977,1023,0
15978,1026,0
15979,1022,0
15980,1007,0
15981,1031,0
15982,1019,0
15983,1026,0
15984,1027,0
15985,1024,0
15986,1021,0
15987,1030,0
15988,1025,0
15989,1027,0
15990,1015,0
15991,1021,0
15992,1028,0
15993,1026,0
15994,1026,0
15995,1018,0
15996,1026,0
15997,1027,0
15998,1023,0
15999,1021,0
16000,1017,0
16001,1019,0
16002,1017,0
16003,1022,0
16004,1017,0
16005,1032,0
16006,1018,0
16007,1029,0
16008,1019,0
16009,1020,0
16010,1025,0
16011,1024,0
16012,1023,0
16013,1018,0
16014,1017,0
16015,1020,0
16016,1023,0
16017,1021,0
16018,1017,0
16019,1012,0
16020,1030,0
16021,1017,0
16022,1031,0
16023,1025,0
16024,1028,0
16025,1019,0
16026,1026,0
16027,1023,0
16028,1022,0
16029,1027,0
16030,1030,0
16031,1023,0
16032,1025,0
16033,1017,0
16034,1031,0
16035,1025,0
16036,1030,0
16037,1019,0
16038,1016,0
16039,1028,0
16040,1021,0
16041,1019,0
16042,1019,0
16043,1022,0
16044,1024,0
16045,1024,0
16046,1035,0
16047,1023,0
16048,1018,0
16049,1029,0
16050,1019,0
16051,1021,0
16052,1033,0
16053,1022,0
16054,1024,0
16055,1021,0
16056,1023,0
16057,1025,0
16058,1018,0
16059,1035,0
16060,1031,0
16061,1028,0
16062,1021,0
16063,1021,0
16064,1019,0
16065,1025,0
16066,1014,0
16067,1020,0
16068,1030,0
16069,1021,0
16070,1023,0
16071,1027,0
16072,1026,0
16073,1028,0
16074,1026,0
16075,1024,0
16076,1024,0
16077,1026,0
16078,1028,0
16079,1021,0
16080,1024,0
16081,1021,0
16082,1028,0
16083,1024,0
16084,1021,0
16085,1031,0
16086,1022,0
16087,1022,0
16088,1016,0
16089,1021,0
16090,1024,0
16091,1022,0
16092,1022,0
16093,1029,0
16094,1023,0
16095,1027,0
16096,1031,0
16097,1019,0
16098,1022,0
16099,1027,0
16100,1023,0
16101,1025,0
16102,1026,0
16103,1029,0
16104,1022,0
16105,1026,0
16106,1023,0
16107,1023,0
16108,1025,0
16109,1016,0
16110,1028,0
16111,1025,0
16112,1022,0
16113,1027,0
16114,1031,0
16115,1023,0
16116,1028,0
16117,1029,0
16118,1026,0
16119,1016,0
16120,1028,0
16121,1028,0
16122,1030,0
16123,1030,0
16124,1029,0
16125,1029,0
16126,1022,0
16127,1031,0
16128,1017,0
16129,1035,0
16130,1026,0
16131,1021,0
16132,1026,0
16133,1023,0
16134,1020,0
16135,1028,0
16136,1023,0
16137,1018,0
16138,1021,0
16139,1028,0
16140,1029,0
16141,1027,0
16142,1032,0
16143,1028,0
16144,1026,0
16145,1011,0
16146,1027,0
16147,1029,0
16148,1020,0
16149,1020,0
16150,1023,0
16151,1022,0
16152,1022,0
16153,1028,0
16154,1027,0
16155,1017,0
16156,1030,0
16157,1034,0
16158,1023,0
16159,1023,0
16160,1024,0
16161,1025,0
16162,1016,0
16163,1026,0
16164,1027,0
16165,1026,0
16166,1020,0
16167,1025,0
16168,1025,0
16169,1023,0
16170,1025,0
16171,1023,0
16172,1027,0
16173,1029,0
16174,1022,0
16175,1032,0
16176,1013,0
16177,1015,0
16178,1026,0
16179,1022,0
16180,1019,0
16181,1028,0
16182,1025,0
16183,1025,0
16184,1022,0
16185,1033,0
16186,1020,0
16187,1029,0
16188,1017,0
16189,1032,0
16190,1014,0
16191,1024,0
16192,1036,0
16193,1038,0
16194,1032,0
16195,1023,0
16196,1031,0
16197,1022,0
16198,1024,0
16199,1034,0
16200,1033,0
16201,1026,0
16202,1025,0
16203,1022,0
16204,1031,0
16205,1008,0
16206,1026,0
16207,1031,0
16208,1021,0
16209,1026,0
16210,1022,0
16211,1035,0
16212,1026,0
16213,1032,0
16214,1025,0
16215,1030,0
16216,1026,0
16217,1024,0
16218,1025,0
16219,1016,0
16220,1026,0
16221,1026,0
16222,1028,0
16223,1025,0
16224,1021,0
16225,1019,0
16226,1010,0
16227,1020,0
16228,1031,0
16229,1026,0
16230,1029,0
16231,1025,0
16232,1031,0
16233,1021,0
16234,1022,0
16235,1028,0
16236,1032,0
16237,1023,0
16238,1022,0
16239,1029,0
16240,1030,0
16241,1026,0
16242,1021,0
16243,1020,0
16244,1031,0
16245,1031,0
16246,1020,0
16247,1025,0
16248,1024,0
16249,1037,0
16250,1022,0
16251,1023,0
16252,1023,0
16253,1014,0
16254,1022,0
16255,1032,0
16256,1027,0
16257,1032,0
16258,1018,0
16259,1031,0
16260,1027,0
16261,1021,0
16262,1031,0
16263,1025,0
16264,1021,0
16265,1030,0
16266,1029,0
16267,1016,0
16268,1027,0
16269,1026,0
16270,1025,0
16271,1028,0
16272,1023,0
16273,1019,0
16274,1029,0
16275,1021,0
16276,1024,0
16277,1016,0
16278,1033,0
16279,1030,0
16280,1029,0
16281,1023,0
16282,1026,0
16283,1020,0
16284,1019,0
16285,1031,0
16286,1027,0
16287,1028,0
16288,1021,0
16289,1028,0
16290,1038,0
16291,1027,0
16292,1024,0
16293,1031,0
16294,1026,0
16295,1020,0
16296,1026,0
16297,1023,0
16298,1024,0
16299,1020,0
16300,1023,0
16301,1028,0
16302,1021,0
16303,1020,0
16304,1021,0
16305,1025,0
16306,1023,0
16307,1024,0
16308,1030,0
16309,1024,0
16310,1031,0
16311,1025,0
16312,1029,0
16313,1024,0
16314,1015,0
16315,1020,0
16316,1021,0
16317,1033,0
16318,1022,0
16319,1038,0
16320,1017,0
16321,1023,0
16322,1022,0
16323,1028,0
16324,1022,0
16325,1025,0
16326,1030,0
16327,1023,0
16328,1027,0
16329,1022,0
16330,1027,0
16331,1021,0
16332,1032,0
16333,1044,0
16334,1026,0
16335,1032,0
16336,1026,0
16337,1028,0
16338,1022,0
16339,1026,0
16340,1031,0
16341,1026,0
16342,1024,0
16343,1024,0
16344,1029,0
16345,1016,0
16346,1022,0
16347,1020,0
16348,1021,0
16349,1034,0
16350,1017,0
16351,1028,0
16352,1029,0
16353,1026,0
16354,1030,0
16355,1028,0
16356,1029,0
16357,1026,0
16358,1026,0
16359,1030,0
16360,1016,0
16361,1029,0
16362,1024,0
16363,1035,0
16364,1030,0
16365,1032,0
16366,1027,0
16367,1030,0
16368,1026,0
16369,1026,0
16370,1021,0
16371,1030,0
16372,1022,0
16373,1026,0
16374,1026,0
16375,1036,0
16376,1024,0
16377,1041,0
16378,1020,0
16379,1028,0
16380,1028,0
16381,1022,0
16382,1025,0
16383,1024,0
16384,1024,0
16385,1031,0
16386,1021,0
16387,1031,0
16388,1023,0
16389,1028,0
16390,1025,0
16391,1026,0
16392,1027,0
16393,1032,0
16394,1031,0
16395,1040,0
16396,1026,0
16397,1026,0
16398,1027,0
16399,1022,0
16400,1027,0
16401,1030,0
16402,1020,0
16403,1026,0
16404,1036,0
16405,1012,0
16406,1025,0
16407,1030,0
16408,1030,0
16409,1019,0
16410,1023,0
16411,1026,0
16412,1025,0
16413,1030,0
16414,1025,0
16415,1019,0
16416,1026,0
16417,1027,0
16418,1022,0
16419,1024,0
16420,1030,0
16421,1021,0
16422,1022,0
16423,1034,0
16424,1025,0
16425,1023,0
16426,1022,0
16427,1025,0
16428,1016,0
16429,1019,0
16430,1031,0
16431,1023,0
16432,1027,0
16433,1030,0
16434,1030,0
16435,1022,0
16436,1028,0
16437,1022,0
16438,1023,0
16439,1026,0
16440,1035,0
16441,1023,0
16442,1029,0
16443,1034,0
16444,1026,0
16445,1023,0
16446,1021,0
16447,1025,0
16448,1023,0
16449,1031,0
16450,1030,0
16451,1026,0
16452,1032,0
16453,1027,0
16454,1020,0
16455,1015,0
16456,1026,0
16457,1016,0
16458,1021,0
16459,1025,0
16460,1027,0
16461,1020,0
16462,1026,0
16463,1024,0
16464,1024,0
16465,1027,0
16466,1028,0
16467,1029,0
16468,1022,0
16469,1024,0
16470,1031,0
16471,1033,0
16472,1029,0
16473,1030,0
16474,1036,0
16475,1028,0
16476,1023,0
16477,1021,0
16478,1033,0
16479,1034,0
16480,1026,0
16481,1022,0
16482,1025,0
16483,1021,0
16484,1028,0
16485,1024,0
16486,1037,0
16487,1030,0
16488,1025,0
16489,1029,0
16490,1021,0
16491,1029,0
16492,1026,0
16493,1019,0
16494,1015,0
16495,1026,0
16496,1028,0
16497,1031,0
16498,1025,0
16499,1019,0
16500,1030,0
16501,1019,0
16502,1029,0
16503,1025,0
16504,1031,0
16505,1030,0
16506,1032,0
16507,1031,0
16508,1023,0
16509,1031,0
16510,1023,0
16511,1027,0
16512,1020,0
16513,1031,0
16514,1021,0
16515,1031,0
16516,1033,0
16517,1040,0
16518,1014,0
16519,1027,0
16520,1026,0
16521,1025,0
16522,1021,0
16523,1031,0
16524,1025,0
16525,1027,0
16526,1019,0
16527,1023,0
16528,1035,0
16529,1034,0
16530,1015,0
16531,1038,0
16532,1022,0
16533,1027,0
16534,1035,0
16535,1025,0
16536,1026,0
16537,1031,0
16538,1027,0
16539,1024,0
16540,1031,0
16541,1021,0
16542,1027,0
16543,1021,0
16544,1026,0
16545,1021,0
16546,1028,0
16547,1031,0
16548,1038,0
16549,1023,0
16550,1016,0
16551,1035,0
16552,1034,0
16553,1025,0
16554,1039,0
16555,1024,0
16556,1016,0
16557,1026,0
16558,1030,0
16559,1030,0
16560,1030,0
16561,1020,0
16562,1033,0
16563,1026,0
16564,1018,0
16565,1030,0
16566,1028,0
16567,1029,0
16568,1029,0
16569,1031,0
16570,1032,0
16571,1027,0
16572,1034,0
16573,1026,0
16574,1027,0
16575,1028,0
16576,1024,0
16577,1022,0
16578,1029,0
16579,1025,0
16580,1021,0
16581,1033,0
16582,1026,0
16583,1035,0
16584,1028,0
16585,1024,0
16586,1027,0
16587,1031,0
16588,1035,0
16589,1030,0
16590,1028,0
16591,1026,0
16592,1024,0
16593,1027,0
16594,1025,0
16595,1024,0
16596,1028,0
16597,1027,0
16598,1028,0
16599,1031,0
16600,1031,0
16601,1028,0
16602,1029,0
16603,1039,0
16604,1026,0
16605,1028,0
16606,1025,0
16607,1024,0
16608,1028,0
16609,1039,0
16610,1025,0
16611,1025,0
16612,1029,0
16613,1026,0
16614,1029,0
16615,1015,0
16616,1035,0
16617,1011,0
16618,1029,0
16619,1025,0
16620,1024,0
16621,1030,0
16622,1030,0
16623,1035,0
16624,1027,0
16625,1027,0
16626,1022,0
16627,1028,0
16628,1026,0
16629,1027,0
16630,1032,0
16631,1028,0
16632,1029,0
16633,1031,0
16634,1031,0
16635,1036,0
16636,1022,0
16637,1039,0
16638,1035,0
16639,1027,0
16640,1024,0
16641,1037,0
16642,1036,0
16643,1032,0
16644,1026,0
16645,1025,0
16646,1022,0
16647,1033,0
16648,1033,0
16649,1028,0
16650,1018,0
16651,1029,0
16652,1037,0
16653,1033,0
16654,1029,0
16655,1026,0
16656,1024,0
16657,1019,0
16658,1033,0
16659,1031,0
16660,1038,0
16661,1027,0
16662,1037,0
16663,1021,0
16664,1023,0
16665,1035,0
16666,1032,0
16667,1028,0
16668,1023,0
16669,1038,0
16670,1029,0
16671,1035,0
16672,1026,0
16673,1033,0
16674,1024,0
16675,1031,0
16676,1033,0
16677,1030,0
16678,1024,0
16679,1032,0
16680,1034,0
16681,1032,0
16682,1031,0
16683,1029,0
16684,1029,0
16685,1026,0
16686,1026,0
16687,1030,0
16688,1027,0
16689,1030,0
16690,1034,0
16691,1024,0
16692,1022,0
16693,1028,0
16694,1028,0
16695,1028,0
16696,1025,0
16697,1026,0
16698,1035,0
16699,1033,0
16700,1031,0
16701,1029,0
16702,1032,0
16703,1032,0
16704,1025,0
16705,1027,0
16706,1035,0
16707,1028,0
16708,1026,0
16709,1023,0
16710,1028,0
16711,1021,0
16712,1031,0
16713,1028,0
16714,1031,0
16715,1029,0
16716,1031,0
16717,1029,0
16718,1029,0
16719,1026,0
16720,1035,0
16721,1025,0
16722,1023,0
16723,1023,0
16724,1022,0
16725,1025,0
16726,1025,0
16727,1033,0
16728,1027,0
16729,1037,0
16730,1035,0
16731,1021,0
16732,1037,0
16733,1026,0
16734,1018,0
16735,1023,0
16736,1027,0
16737,1026,0
16738,1033,0
16739,1032,0
16740,1034,0
16741,1035,0
16742,1026,0
16743,1023,0
16744,1026,0
16745,1032,0
16746,1027,0
16747,1027,0
16748,1032,0
16749,1017,0
16750,1031,0
16751,1028,0
16752,1027,0
16753,1028,0
16754,1030,0
16755,1030,0
16756,1027,0
16757,1032,0
16758,1032,0
16759,1032,0
16760,1023,0
16761,1032,0
16762,1038,0
16763,1030,0
16764,1032,0
16765,1032,0
16766,1025,0
16767,1026,0
16768,1031,0
16769,1029,0
16770,1034,0
16771,1027,0
16772,1032,0
16773,1029,0
16774,1023,0
16775,1027,0
16776,1022,0
16777,1033,0
16778,1026,0
16779,1031,0
16780,1027,0
16781,1024,0
16782,1028,0
16783,1027,0
16784,1024,0
16785,1037,0
16786,1025,0
16787,1038,0
16788,1020,0
16789,1019,0
16790,1021,0
16791,1029,0
16792,1028,0
16793,1019,0
16794,1035,0
16795,1033,0
16796,1028,0
16797,1024,0
16798,1024,0
16799,1038,0
16800,1038,0
16801,1026,0
16802,1037,0
16803,1025,0
16804,1029,0
16805,1024,0
16806,1031,0
16807,1027,0
16808,1028,0
16809,1032,0
16810,1025,0
16811,1026,0
16812,1027,0
16813,1039,0
16814,1017,0
16815,1025,0
16816,1027,0
16817,1025,0
16818,1031,0
16819,1027,0
16820,1025,0
16821,1034,0
16822,1030,0
16823,1027,0
16824,1027,0
16825,1036,0
16826,1036,0
16827,1026,0
16828,1035,0
16829,1031,0
16830,1034,0
16831,1030,0
16832,1030,0
16833,1033,0
16834,1027,0
16835,1020,0
16836,1030,0
16837,1025,0
16838,1027,0
16839,1032,0
16840,1031,0
16841,1035,0
16842,1024,0
16843,1032,0
16844,1028,0
16845,1035,0
16846,1023,0
16847,1037,0
16848,1038,0
16849,1024,0
16850,1036,0
16851,1039,0
16852,1020,0
16853,1032,0
16854,1032,0
16855,1028,0
16856,1033,0
16857,1033,0
16858,1036,0
16859,1028,0
16860,1032,0
16861,1028,0
16862,1031,0
16863,1023,0
16864,1036,0
16865,1023,0
16866,1027,0
16867,1027,0
16868,1032,0
16869,1024,0
16870,1029,0
16871,1029,0
16872,1033,0
16873,1039,0
16874,1031,0
16875,1036,0
16876,1025,0
16877,1028,0
16878,1029,0
16879,1036,0
16880,1036,0
16881,1031,0
16882,1030,0
16883,1030,0
16884,1025,0
16885,1031,0
16886,1034,0
16887,1039,0
16888,1018,0
16889,1029,0
16890,1030,0
16891,1036,0
16892,1036,0
16893,1047,0
16894,1032,0
16895,1028,0
16896,1031,0
16897,1029,0
16898,1033,0
16899,1031,0
16900,1031,0
16901,1033,0
16902,1033,0
16903,1035,0
16904,1026,0
16905,1026,0
16906,1028,0
16907,1027,0
16908,1025,0
16909,1031,0
16910,1033,0
16911,1030,0
16912,1029,0
16913,1030,0
16914,1037,0
16915,1031,0
16916,1034,0
16917,1026,0
16918,1029,0
16919,1034,0
16920,1031,0
16921,1032,0
16922,1029,0
16923,1027,0
16924,1027,0
16925,1031,0
16926,1027,0
16927,1032,0
16928,1030,0
16929,1034,0
16930,1027,0
16931,1032,0
16932,1032,0
16933,1041,0
16934,1021,0
16935,1031,0
16936,1034,0
16937,1031,0
16938,1028,0
16939,1031,0
16940,1026,0
16941,1030,0
16942,1034,0
16943,1037,0
16944,1027,0
16945,1028,0
16946,1030,0
16947,1026,0
16948,1029,0
16949,1036,0
16950,1020,0
16951,1028,0
16952,1033,0
16953,1043,0
16954,1023,0
16955,1038,0
16956,1023,0
16957,1017,0
16958,1033,0
16959,1035,0
16960,1031,0
16961,1039,0
16962,1030,0
16963,1030,0
16964,1023,0
16965,1029,0
16966,1030,0
16967,1028,0
16968,1029,0
16969,1028,0
16970,1040,0
16971,1024,0
16972,1028,0
16973,1025,0
16974,1037,0
16975,1024,0
16976,1032,0
16977,1037,0
16978,1038,0
16979,1031,0
16980,1033,0
16981,1030,0
16982,1032,0
16983,1027,0
16984,1023,0
16985,1037,0
16986,1029,0
16987,1031,0
16988,1022,0
16989,1033,0
16990,1032,0
16991,1038,0
16992,1034,0
16993,1031,0
16994,1033,0
16995,1041,0
16996,1027,0
16997,1028,0
16998,1024,0
16999,1039,0
17000,1020,0
17001,1028,0
17002,1035,0
17003,1027,0
17004,1033,0
17005,1027,0
17006,1040,0
17007,1029,0
17008,1036,0
17009,1024,0
17010,1034,0
17011,1045,0
17012,1027,0
17013,1033,0
17014,1031,0
17015,1024,0
17016,1024,0
17017,1029,0
17018,1037,0
17019,1034,0
17020,1022,0
17021,1029,0
17022,1033,0
17023,1032,0
17024,1027,0
17025,1025,0
17026,1035,0
17027,1026,0
17028,1022,0
17029,1031,0
17030,1026,0
17031,1036,0
17032,1019,0
17033,1028,0
17034,1028,0
17035,1030,0
17036,1033,0
17037,1036,0
17038,1037,0
17039,1030,0
17040,1029,0
17041,1035,0
17042,1027,0
17043,1033,0
17044,1034,0
17045,1025,0
17046,1026,0
17047,1025,0
17048,1033,0
17049,1032,0
17050,1037,0
17051,1035,0
17052,1031,0
17053,1037,0
17054,1034,0
17055,1026,0
17056,1038,0
17057,1030,0
17058,1037,0
17059,1030,0
17060,1034,0
17061,1031,0
17062,1028,0
17063,1028,0
17064,1033,0
17065,1028,0
17066,1030,0
17067,1037,0
17068,1032,0
17069,1034,0
17070,1033,0
17071,1030,0
17072,1032,0
17073,1029,0
17074,1027,0
17075,1033,0
17076,1026,0
17077,1031,0
17078,1029,0
17079,1033,0
17080,1033,0
17081,1029,0
17082,1033,0
17083,1028,0
17084,1024,0
17085,1030,0
17086,1033,0
17087,1032,0
17088,1033,0
17089,1036,0
17090,1028,0
17091,1041,0
17092,1032,0
17093,1034,0
17094,1029,0
17095,1031,0
17096,1028,0
17097,1027,0
17098,1030,0
17099,1041,0
17100,1031,0
17101,1031,0
17102,1039,0
17103,1032,0
17104,1029,0
17105,1028,0
17106,1027,0
17107,1025,0
17108,1037,0
17109,1028,0
17110,1027,0
17111,1028,0
17112,1037,0
17113,1026,0
17114,1034,0
17115,1026,0
17116,1039,0
17117,1025,0
17118,1029,0
17119,1024,0
17120,1036,0
17121,1025,0
17122,1029,0
17123,1034,0
17124,1029,0
17125,1031,0
17126,1031,0
17127,1032,0
17128,1033,0
17129,1029,0
17130,1029,0
17131,1029,0
17132,1036,0
17133,1034,0
17134,1021,0
17135,1039,0
17136,1026,0
17137,1030,0
17138,1031,0
17139,1033,0
17140,1036,0
17141,1026,0
17142,1032,0
17143,1030,0
17144,1040,0
17145,1037,0
17146,1035,0
17147,1021,0
17148,1029,0
17149,1031,0
17150,1038,0
17151,1038,0
17152,1033,0
17153,1034,0
17154,1035,0
17155,1027,0
17156,1032,0
17157,1030,0
17158,1030,0
17159,1028,0
17160,1028,0
17161,1034,0
17162,1029,0
17163,1037,0
17164,1034,0
17165,1031,0
17166,1035,0
17167,1033,0
17168,1029,0
17169,1031,0
17170,1035,0
17171,1033,0
17172,1036,0
17173,1030,0
17174,1034,0
17175,1023,0
17176,1027,0
17177,1031,0
17178,1030,0
17179,1032,0
17180,1027,0
17181,1037,0
17182,1037,0
17183,1029,0
17184,1034,0
17185,1024,0
17186,1027,0
17187,1026,0
17188,1039,0
17189,1038,0
17190,1027,0
17191,1036,0
17192,1024,0
17193,1032,0
17194,1032,0
17195,1032,0
17196,1040,0
17197,1037,0
17198,1027,0
17199,1032,0
17200,1026,0
17201,1022,0
17202,1034,0
17203,1035,0
17204,1035,0
17205,1036,0
17206,1031,0
17207,1037,0
17208,1030,0
17209,1027,0
17210,1038,0
17211,1042,0
17212,1027,0
17213,1031,0
17214,1038,0
17215,1026,0
17216,1028,0
17217,1033,0
17218,1032,0
17219,1037,0
17220,1041,0
17221,1029,0
17222,1023,0
17223,1033,0
17224,1036,0
17225,1041,0
17226,1028,0
17227,1033,0
17228,1031,0
17229,1033,0
17230,1033,0
17231,1025,0
17232,1029,0
17233,1034,0
17234,1030,0
17235,1030,0
17236,1039,0
17237,1034,0
17238,1032,0
17239,1032,0
17240,1028,0
17241,1030,0
17242,1029,0
17243,1030,0
17244,1031,0
17245,1034,0
17246,1038,0
17247,1028,0
17248,1031,0
17249,1032,0
17250,1030,0
17251,1038,0
17252,1032,0
17253,1035,0
17254,1032,0
17255,1037,0
17256,1030,0
17257,1026,0
17258,1040,0
17259,1031,0
17260,1035,0
17261,1029,0
17262,1029,0
17263,1033,0
17264,1028,0
17265,1034,0
17266,1041,0
17267,1036,0
17268,1030,0
17269,1031,0
17270,1031,0
17271,1023,0
17272,1024,0
17273,1032,0
17274,1038,0
17275,1038,0
17276,1034,0
17277,1028,0
17278,1028,0
17279,1042,0
17280,1029,0
17281,1034,0
17282,1029,0
17283,1030,0
17284,1029,0
17285,1033,0
17286,1031,0
17287,1031,0
17288,1047,0
17289,1034,0
17290,1029,0
17291,1041,0
17292,1037,0
17293,1039,0
17294,1033,0
17295,1037,0
17296,1029,0
17297,1033,0
17298,1027,0
17299,1029,0
17300,1021,0
17301,1031,0
17302,1041,0
17303,1040,0
17304,1026,0
17305,1025,0
17306,1032,0
17307,1035,0
17308,1034,0
17309,1034,0
17310,1035,0
17311,1023,0
17312,1029,0
17313,1031,0
17314,1038,0
17315,1030,0
17316,1035,0
17317,1036,0
17318,1033,0
17319,1033,0
17320,1035,0
17321,1038,0
17322,1038,0
17323,1033,0
17324,1045,0
17325,1040,0
17326,1034,0
17327,1035,0
17328,1034,0
17329,1027,0
17330,1039,0
17331,1044,0
17332,1036,0
17333,1039,0
17334,1040,0
17335,1025,0
17336,1039,0
17337,1035,0
17338,1032,0
17339,1032,0
17340,1033,0
17341,1035,0
17342,1032,0
17343,1031,0
17344,1036,0
17345,1030,0
17346,1032,0
17347,1032,0
17348,1029,0
17349,1040,0
17350,1027,0
17351,1028,0
17352,1035,0
17353,1036,0
17354,1033,0
17355,1038,0
17356,1040,0
17357,1031,0
17358,1029,0
17359,1031,0
17360,1040,0
17361,1035,0
17362,1030,0
17363,1036,0
17364,1041,0
17365,1034,0
17366,1039,0
17367,1032,0
17368,1035,0
17369,1037,0
17370,1027,0
17371,1033,0
17372,1039,0
17373,1032,0
17374,1030,0
17375,1026,0
17376,1035,0
17377,1031,0
17378,1029,0
17379,1042,0
17380,1026,0
17381,1043,0
17382,1032,0
17383,1035,0
17384,1030,0
17385,1031,0
17386,1036,0
17387,1035,0
17388,1031,0
17389,1034,0
17390,1031,0
17391,1027,0
17392,1034,0
17393,1039,0
17394,1025,0
17395,1040,0
17396,1035,0
17397,1039,0
17398,1025,0
17399,1042,0
17400,1034,0
17401,1031,0
17402,1035,0
17403,1033,0
17404,1038,0
17405,1033,0
17406,1035,0
17407,1035,0
17408,1031,0
17409,1041,0
17410,1039,0
17411,1035,0
17412,1038,0
17413,1028,0
17414,1039,0
17415,1036,0
17416,1032,0
17417,1028,0
17418,1037,0
17419,1028,0
17420,1044,0
17421,1028,0
17422,1045,0
17423,1035,0
17424,1035,0
17425,1035,0
17426,1030,0
17427,1032,0
17428,1046,0
17429,1029,0
17430,1033,0
17431,1039,0
17432,1030,0
17433,1035,0
17434,1030,0
17435,1038,0
17436,1031,0
17437,1033,0
17438,1033,0
17439,1038,0
17440,1032,0
17441,1041,0
17442,1049,0
17443,1027,0
17444,1042,0
17445,1032,0
17446,1038,0
17447,1034,0
17448,1029,0
17449,1030,0
17450,1038,0
17451,1030,0
17452,1034,0
17453,1029,0
17454,1032,0
17455,1038,0
17456,1040,0
17457,1029,0
17458,1036,0
17459,1031,0
17460,1037,0
17461,1030,0
17462,1034,0
17463,1047,0
17464,1036,0
17465,1029,0
17466,1033,0
17467,1038,0
17468,1039,0
17469,1032,0
17470,1042,0
17471,1029,0
17472,1031,0
17473,1037,0
17474,1028,0
17475,1037,0
17476,1034,0
17477,1035,0
17478,1040,0
17479,1032,0
17480,1034,0
17481,1034,0
17482,1031,0
17483,1029,0
17484,1027,0
17485,1041,0
17486,1035,0
17487,1031,0
17488,1034,0
17489,1041,0
17490,1037,0
17491,1042,0
17492,1030,0
17493,1027,0
17494,1035,0
17495,1029,0
17496,1028,0
17497,1039,0
17498,1038,0
17499,1040,0
17500,1032,0
17501,1023,0
17502,1025,0
17503,1038,0
17504,1039,0
17505,1033,0
17506,1028,0
17507,1022,0
17508,1033,0
17509,1035,0
17510,1037,0
17511,1033,0
17512,1030,0
17513,1036,0
17514,1032,0
17515,1038,0
17516,1039,0
17517,1025,0
17518,1030,0
17519,1044,0
17520,1036,0
17521,1035,0
17522,1036,0
17523,1032,0
17524,1031,0
17525,1039,0
17526,1031,0
17527,1039,0
17528,1036,0
17529,1035,0
17530,1032,0
17531,1036,0
17532,1029,0
17533,1045,0
17534,1033,0
17535,1033,0
17536,1034,0
17537,1037,0
17538,1029,0
17539,1036,0
17540,1049,0
17541,1041,0
17542,1034,0
17543,1037,0
17544,1032,0
17545,1043,0
17546,1030,0
17547,1030,0
17548,1039,0
17549,1043,0
17550,1044,0
17551,1038,0
17552,1044,0
17553,1034,0
17554,1027,0
17555,1037,0
17556,1029,0
17557,1038,0
17558,1029,0
17559,1037,0
17560,1036,0
17561,1037,0
17562,1031,0
17563,1034,0
17564,1033,0
17565,1037,0
17566,1035,0
17567,1026,0
17568,1034,0
17569,1028,0
17570,1043,0
17571,1039,0
17572,1031,0
17573,1038,0
17574,1030,0
17575,1037,0
17576,1034,0
17577,1037,0
17578,1035,0
17579,1027,0
17580,1029,0
17581,1038,0
17582,1032,0
17583,1042,0
17584,1035,0
17585,1031,0
17586,1035,0
17587,1043,0
17588,1031,0
17589,1025,0
17590,1034,0
17591,1036,0
17592,1038,0
17593,1038,0
17594,1029,0
17595,1029,0
17596,1040,0
17597,1029,0
17598,1038,0
17599,1033,0
17600,1038,0
17601,1032,0
17602,1034,0
17603,1039,0
17604,1031,0
17605,1027,0
17606,1035,0
17607,1031,0
17608,1033,0
17609,1038,0
17610,1038,0
17611,1038,0
17612,1033,0
17613,1032,0
17614,1029,0
17615,1038,0
17616,1036,0
17617,1027,0
17618,1033,0
17619,1026,0
17620,1033,0
17621,1036,0
17622,1033,0
17623,1039,0
17624,1027,0
17625,1033,0
17626,1036,0
17627,1044,0
17628,1039,0
17629,1040,0
17630,1031,0
17631,1036,0
17632,1032,0
17633,1037,0
17634,1040,0
17635,1041,0
17636,1035,0
17637,1034,0
17638,1041,0
17639,1027,0
17640,1039,0
17641,1038,0
17642,1038,0
17643,1031,0
17644,1041,0
17645,1033,0
17646,1046,0
17647,1038,0
17648,1034,0
17649,1029,0
17650,1035,0
17651,1029,0
17652,1035,0
17653,1032,0
17654,1033,0
17655,1037,0
17656,1031,0
17657,1028,0
17658,1037,0
17659,1036,0
17660,1036,0
17661,1034,0
17662,1037,0
17663,1035,0
17664,1029,0
17665,1030,0
17666,1045,0
17667,1040,0
17668,1035,0
17669,1040,0
17670,1037,0
17671,1038,0
17672,1036,0
17673,1045,0
17674,1041,0
17675,1038,0
17676,1036,0
17677,1039,0
17678,1040,0
17679,1032,0
17680,1034,0
17681,1035,0
17682,1043,0
17683,1032,0
17684,1040,0
17685,1036,0
17686,1044,0
17687,1034,0
17688,1048,0
17689,1036,0
17690,1039,0
17691,1035,0
17692,1031,0
17693,1041,0
17694,1040,0
17695,1035,0
17696,1042,0
17697,1041,0
17698,1027,0
17699,1038,0
17700,1032,0
17701,1032,0
17702,1034,0
17703,1032,0
17704,1041,0
17705,1034,0
17706,1037,0
17707,1038,0
17708,1029,0
17709,1040,0
17710,1030,0
17711,1028,0
17712,1040,0
17713,1031,0
17714,1033,0
17715,1033,0
17716,1033,0
17717,1039,0
17718,1035,0
17719,1047,0
17720,1035,0
17721,1036,0
17722,1028,0
17723,1039,0
17724,1040,0
17725,1032,0
17726,1032,0
17727,1039,0
17728,1034,0
17729,1038,0
17730,1034,0
17731,1031,0
17732,1035,0
17733,1036,0
17734,1029,0
17735,1035,0
17736,1050,0
17737,1038,0
17738,1049,0
17739,1036,0
17740,1042,0
17741,1040,0
17742,1026,0
17743,1034,0
17744,1046,0
17745,1039,0
17746,1035,0
17747,1027,0
17748,1039,0
17749,1033,0
17750,1039,0
17751,1037,0
17752,1037,0
17753,1028,0
17754,1026,0
17755,1035,0
17756,1039,0
17757,1035,0
17758,1033,0
17759,1035,0
17760,1033,0
17761,1021,0
17762,1042,0
17763,1036,0
17764,1038,0
17765,1040,0
17766,1031,0
17767,1042,0
17768,1042,0
17769,1040,0
17770,1034,0
17771,1040,0
17772,1043,0
17773,1037,0
17774,1042,0
17775,1028,0
17776,1043,0
17777,1035,0
17778,1029,0
17779,1040,0
17780,1038,0
17781,1035,0
17782,1042,0
17783,1031,0
17784,1044,0
17785,1030,0
17786,1037,0
17787,1040,0
17788,1037,0
17789,1043,0
17790,1031,0
17791,1045,0
17792,1036,0
17793,1035,0
17794,1036,0
17795,1046,0
17796,1028,0
17797,1039,0
17798,1029,0
17799,1035,0
17800,1043,0
17801,1032,0
17802,1036,0
17803,1034,0
17804,1035,0
17805,1042,0
17806,1036,0
17807,1036,0
17808,1034,0
17809,1036,0
17810,1035,0
17811,1043,0
17812,1036,0
17813,1037,0
17814,1030,0
17815,1037,0
17816,1039,0
17817,1034,0
17818,1035,0
17819,1034,0
17820,1038,0
17821,1035,0
17822,1034,0
17823,1029,0
17824,1042,0
17825,1029,0
17826,1040,0
17827,1033,0
17828,1044,0
17829,1040,0
17830,1032,0
17831,1026,0
17832,1035,0
17833,1042,0
17834,1037,0
17835,1042,0
17836,1039,0
17837,1038,0
17838,1042,0
17839,1041,0
17840,1036,0
17841,1036,0
17842,1045,0
17843,1039,0
17844,1034,0
17845,1037,0
17846,1040,0
17847,1041,0
17848,1044,0
17849,1046,0
17850,1047,0
17851,1031,0
17852,1032,0
17853,1041,0
17854,1035,0
17855,1040,0
17856,1036,0
17857,1027,0
17858,1036,0
17859,1040,0
17860,1039,0
17861,1041,0
17862,1035,0
17863,1045,0
17864,1038,0
17865,1047,0
17866,1039,0
17867,1033,0
17868,1039,0
17869,1038,0
17870,1033,0
17871,1033,0
17872,1037,0
17873,1043,0
17874,1028,0
17875,1041,0
17876,1033,0
17877,1039,0
17878,1037,0
17879,1034,0
17880,1042,0
17881,1040,0
17882,1037,0
17883,1020,0
17884,1043,0
17885,1039,0
17886,1038,0
17887,1039,0
17888,1037,0
17889,1043,0
17890,1038,0
17891,1048,0
17892,1033,0
17893,1036,0
17894,1037,0
17895,1037,0
17896,1037,0
17897,1040,0
17898,1048,0
17899,1033,0
17900,1044,0
17901,1031,0
17902,1039,0
17903,1042,0
17904,1037,0
17905,1043,0
17906,1040,0
17907,1042,0
17908,1033,0
17909,1037,0
17910,1037,0
17911,1034,0
17912,1027,0
17913,1040,0
17914,1037,0
17915,1034,0
17916,1038,0
17917,1036,0
17918,1037,0
17919,1031,0
17920,1035,0
17921,1035,0
17922,1037,0
17923,1036,0
17924,1028,0
17925,1044,0
17926,1033,0
17927,1037,0
17928,1035,0
17929,1035,0
17930,1033,0
17931,1046,0
17932,1032,0
17933,1034,0
17934,1037,0
17935,1034,0
17936,1040,0
17937,1034,0
17938,1029,0
17939,1038,0
17940,1043,0
17941,1033,0
17942,1041,0
17943,1033,0
17944,1044,0
17945,1032,0
17946,1051,0
17947,1033,0
17948,1042,0
17949,1036,0
17950,1033,0
17951,1047,0
17952,1030,0
17953,1044,0
17954,1044,0
17955,1036,0
17956,1033,0
17957,1035,0
17958,1036,0
17959,1038,0
17960,1035,0
17961,1034,0
17962,1035,0
17963,1040,0
17964,1028,0
17965,1034,0
17966,1036,0
17967,1036,0
17968,1037,0
17969,1038,0
17970,1033,0
17971,1038,0
17972,1030,0
17973,1040,0
17974,1043,0
17975,1034,0
17976,1042,0
17977,1036,0
17978,1033,0
17979,1035,0
17980,1035,0
17981,1035,0
17982,1040,0
17983,1034,0
17984,1042,0
17985,1032,0
17986,1039,0
17987,1034,0
17988,1036,0
17989,1040,0
17990,1040,0
17991,1041,0
17992,1042,0
17993,1032,0
17994,1045,0
17995,1043,0
17996,1034,0
17997,1034,0
17998,1036,0
17999,1045,0
18000,1040,0
18001,1038,0
18002,1038,0
18003,1027,0
18004,1038,0
18005,1035,0
18006,1038,0
18007,1031,0
18008,1043,0
18009,1045,0
18010,1036,0
18011,1034,0
18012,1041,0
18013,1033,0
18014,1033,0
18015,1033,0
18016,1040,0
18017,1035,0
18018,1035,0
18019,1041,0
18020,1036,0
18021,1037,0
18022,1032,0
18023,1040,0
18024,1033,0
18025,1044,0
18026,1039,0
18027,1046,0
18028,1040,0
18029,1038,0
18030,1037,0
18031,1041,0
18032,1041,0
18033,1048,0
18034,1031,0
18035,1038,0
18036,1030,0
18037,1031,0
18038,1036,0
18039,1033,0
18040,1041,0
18041,1039,0
18042,1036,0
18043,1036,0
18044,1037,0
18045,1043,0
18046,1031,0
18047,1049,0
18048,1041,0
18049,1040,0
18050,1043,0
18051,1036,0
18052,1046,0
18053,1033,0
18054,1039,0
18055,1043,0
18056,1037,0
18057,1032,0
18058,1043,0
18059,1043,0
18060,1052,0
18061,1030,0
18062,1037,0
18063,1041,0
18064,1037,0
18065,1041,0
18066,1033,0
18067,1044,0
18068,1033,0
18069,1034,0
18070,1028,0
18071,1036,0
18072,1047,0
18073,1037,0
18074,1033,0
18075,1035,0
18076,1041,0
18077,1043,0
18078,1031,0
18079,1040,0
18080,1037,0
18081,1039,0
18082,1041,0
18083,1027,0
18084,1039,0
18085,1037,0
18086,1036,0
18087,1039,0
18088,1040,0
18089,1034,0
18090,1039,0
18091,1050,0
18092,1045,0
18093,1043,0
18094,1032,0
18095,1042,0
18096,1039,0
18097,1036,0
18098,1034,0
18099,1038,0
18100,1042,0
18101,1039,0
18102,1044,0
18103,1037,0
18104,1041,0
18105,1038,0
18106,1043,0
18107,1038,0
18108,1042,0
18109,1034,0
18110,1045,0
18111,1044,0
18112,1043,0
18113,1044,0
18114,1030,0
18115,1033,0
18116,1047,0
18117,1033,0
18118,1038,0
18119,1041,0
18120,1040,0
18121,1039,0
18122,1043,0
18123,1035,0
18124,1035,0
18125,1041,0
18126,1036,0
18127,1037,0
18128,1044,0
18129,1036,0
18130,1033,0
18131,1045,0
18132,1035,0
18133,1041,0
18134,1043,0
18135,1044,0
18136,1043,0
18137,1038,0
18138,1040,0
18139,1044,0
18140,1034,0
18141,1037,0
18142,1042,0
18143,1029,0
18144,1037,0
18145,1041,0
18146,1044,0
18147,1039,0
18148,1033,0
18149,1032,0
18150,1038,0
18151,1036,0
18152,1031,0
18153,1039,0
18154,1044,0
18155,1036,0
18156,1043,0
18157,1038,0
18158,1043,0
18159,1039,0
18160,1033,0
18161,1044,0
18162,1042,0
18163,1040,0
18164,1037,0
18165,1028,0
18166,1038,0
18167,1034,0
18168,1038,0
18169,1032,0
18170,1039,0
18171,1042,0
18172,1034,0
18173,1033,0
18174,1044,0
18175,1038,0
18176,1046,0
18177,1045,0
18178,1041,0
18179,1041,0
18180,1043,0
18181,1049,0
18182,1046,0
18183,1034,0
18184,1037,0
18185,1044,0
18186,1042,0
18187,1042,0
18188,1038,0
18189,1029,0
18190,1045,0
18191,1031,0
18192,1032,0
18193,1043,0
18194,1046,0
18195,1046,0
18196,1042,0
18197,1034,0
18198,1037,0
18199,1043,0
18200,1032,0
18201,1042,0
18202,1033,0
18203,1041,0
18204,1036,0
18205,1042,0
18206,1032,0
18207,1036,0
18208,1033,0
18209,1041,0
18210,1040,0
18211,1037,0
18212,1033,0
18213,1039,0
18214,1043,0
18215,1032,0
18216,1045,0
18217,1032,0
18218,1044,0
18219,1043,0
18220,1033,0
18221,1043,0
18222,1038,0
18223,1039,0
18224,1032,0
18225,1035,0
18226,1042,0
18227,1036,0
18228,1044,0
18229,1040,0
18230,1037,0
18231,1038,0
18232,1039,0
18233,1038,0
18234,1043,0
18235,1039,0
18236,1038,0
18237,1040,0
18238,1032,0
18239,1042,0
18240,1041,0
18241,1043,0
18242,1045,0
18243,1035,0
18244,1043,0
18245,1041,0
18246,1039,0
18247,1038,0
18248,1036,0
18249,1036,0
18250,1029,0
18251,1033,0
18252,1031,0
18253,1038,0
18254,1035,0
18255,1037,0
18256,1052,0
18257,1045,0
18258,1038,0
18259,1045,0
18260,1042,0
18261,1038,0
18262,1036,0
18263,1040,0
18264,1038,0
18265,1043,0
18266,1038,0
18267,1038,0
18268,1037,0
18269,1041,0
18270,1038,0
18271,1048,0
18272,1034,0
18273,1038,0
18274,1040,0
18275,1045,0
18276,1030,0
18277,1042,0
18278,1045,0
18279,1043,0
18280,1043,0
18281,1044,0
18282,1038,0
18283,1041,0
18284,1038,0
18285,1044,0
18286,1031,0
18287,1038,0
18288,1034,0
18289,1043,0
18290,1043,0
18291,1039,0
18292,1047,0
18293,1041,0
18294,1044,0
18295,1037,0
18296,1035,0
18297,1041,0
18298,1040,0
18299,1046,0
18300,1042,0
18301,1037,0
18302,1047,0
18303,1040,0
18304,1042,0
18305,1041,0
18306,1040,0
18307,1031,0
18308,1046,0
18309,1038,0
18310,1046,0
18311,1033,0
18312,1034,0
18313,1040,0
18314,1035,0
18315,1036,0
18316,1052,0
18317,1038,0
18318,1033,0
18319,1043,0
18320,1046,0
18321,1040,0
18322,1035,0
18323,1029,0
18324,1043,0
18325,1037,0
18326,1047,0
18327,1042,0
18328,1042,0
18329,1042,0
18330,1039,0
18331,1041,0
18332,1042,0
18333,1045,0
18334,1034,0
18335,1047,0
18336,1030,0
18337,1035,0
18338,1038,0
18339,1041,0
18340,1043,0
18341,1043,0
18342,1036,0
18343,1043,0
18344,1040,0
18345,1048,0
18346,1038,0
18347,1045,0
18348,1044,0
18349,1042,0
18350,1036,0
18351,1040,0
18352,1049,0
18353,1041,0
18354,1039,0
18355,1040,0
18356,1039,0
18357,1042,0
18358,1044,0
18359,1040,0
18360,1035,0
18361,1033,0
18362,1048,0
18363,1042,0
18364,1039,0
18365,1042,0
18366,1034,0
18367,1036,0
18368,1045,0
18369,1052,0
18370,1033,0
18371,1047,0
18372,1040,0
18373,1036,0
18374,1041,0
18375,1044,0
18376,1048,0
18377,1041,0
18378,1037,0
18379,1046,0
18380,1046,0
18381,1042,0
18382,1045,0
18383,1039,0
18384,1035,0
18385,1043,0
18386,1039,0
18387,1036,0
18388,1031,0
18389,1045,0
18390,1044,0
18391,1025,0
18392,1049,0
18393,1043,0
18394,1033,0
18395,1029,0
18396,1038,0
18397,1037,0
18398,1033,0
18399,1042,0
18400,1040,0
18401,1050,0
18402,1041,0
18403,1046,0
18404,1042,0
18405,1045,0
18406,1050,0
18407,1049,0
18408,1040,0
18409,1043,0
18410,1037,0
18411,1038,0
18412,1035,0
18413,1043,0
18414,1041,0
18415,1036,0
18416,1044,0
18417,1037,0
18418,1040,0
18419,1044,0
18420,1040,0
18421,1045,0
18422,1040,0
18423,1036,0
18424,1042,0
18425,1046,0
18426,1051,0
18427,1045,0
18428,1035,0
18429,1045,0
18430,1043,0
18431,1038,0
18432,1030,0
18433,1042,0
18434,1054,0
18435,1032,0
18436,1035,0
18437,1040,0
18438,1041,0
18439,1049,0
18440,1046,0
18441,1034,0
18442,1039,0
18443,1050,0
18444,1033,0
18445,1044,0
18446,1045,0
18447,1049,0
18448,1040,0
18449,1047,0
18450,1038,0
18451,1036,0
18452,1041,0
18453,1038,0
18454,1035,0
18455,1034,0
18456,1046,0
18457,1038,0
18458,1035,0
18459,1043,0
18460,1037,0
18461,1038,0
18462,1042,0
18463,1043,0
18464,1048,0
18465,1040,0
18466,1040,0
18467,1037,0
18468,1050,0
18469,1039,0
18470,1043,0
18471,1046,0
18472,1040,0
18473,1034,0
18474,1040,0
18475,1046,0
18476,1046,0
18477,1032,0
18478,1040,0
18479,1048,0
18480,1040,0
18481,1038,0
18482,1043,0
18483,1046,0
18484,1040,0
18485,1042,0
18486,1041,0
18487,1047,0
18488,1053,0
18489,1032,0
18490,1042,0
18491,1040,0
18492,1048,0
18493,1049,0
18494,1031,0
18495,1043,0
18496,1038,0
18497,1039,0
18498,1047,0
18499,1033,0
18500,1035,0
18501,1039,0
18502,1038,0
18503,1042,0
18504,1035,0
18505,1051,0
18506,1041,0
18507,1038,0
18508,1040,0
18509,1039,0
18510,1051,0
18511,1030,0
18512,1052,0
18513,1040,0
18514,1044,0
18515,1045,0
18516,1039,0
18517,1040,0
18518,1040,0
18519,1046,0
18520,1049,0
18521,1030,0
18522,1044,0
18523,1030,0
18524,1039,0
18525,1030,0
18526,1040,0
18527,1043,0
18528,1039,0
18529,1042,0
18530,1045,0
18531,1044,0
18532,1047,0
18533,1036,0
18534,1038,0
18535,1031,0
18536,1040,0
18537,1035,0
18538,1040,0
18539,1042,0
18540,1046,0
18541,1043,0
18542,1036,0
18543,1043,0
18544,1045,0
18545,1047,0
18546,1035,0
18547,1036,0
18548,1037,0
18549,1036,0
18550,1045,0
18551,1040,0
18552,1049,0
18553,1049,0
18554,1032,0
18555,1028,0
18556,1039,0
18557,1042,0
18558,1038,0
18559,1033,0
18560,1043,0
18561,1040,0
18562,1042,0
18563,1048,0
18564,1038,0
18565,1044,0
18566,1045,0
18567,1033,0
18568,1043,0
18569,1045,0
18570,1040,0
18571,1052,0
18572,1039,0
18573,1046,0
18574,1046,0
18575,1037,0
18576,1043,0
18577,1040,0
18578,1032,0
18579,1045,0
18580,1040,0
18581,1051,0
18582,1040,0
18583,1047,0
18584,1052,0
18585,1047,0
18586,1040,0
18587,1041,0
18588,1040,0
18589,1046,0
18590,1041,0
18591,1039,0
18592,1032,0
18593,1032,0
18594,1040,0
18595,1043,0
18596,1045,0
18597,1038,0
18598,1040,0
18599,1041,0
18600,1039,0
18601,1041,0
18602,1047,0
18603,1049,0
18604,1037,0
18605,1037,0
18606,1046,0
18607,1051,0
18608,1038,0
18609,1042,0
18610,1037,0
18611,1038,0
18612,1046,0
18613,1040,0
18614,1033,0
18615,1037,0
18616,1042,0
18617,1044,0
18618,1032,0
18619,1047,0
18620,1036,0
18621,1041,0
18622,1051,0
18623,1042,0
18624,1036,0
18625,1042,0
18626,1042,0
18627,1044,0
18628,1040,0
18629,1037,0
18630,1046,0
18631,1031,0
18632,1043,0
18633,1031,0
18634,1037,0
18635,1037,0
18636,1039,0
18637,1054,0
18638,1047,0
18639,1037,0
18640,1042,0
18641,1042,0
18642,1038,0
18643,1041,0
18644,1042,0
18645,1049,0
18646,1045,0
18647,1048,0
18648,1044,0
18649,1045,0
18650,1047,0
18651,1043,0
18652,1046,0
18653,1039,0
18654,1039,0
18655,1038,0
18656,1045,0
18657,1043,0
18658,1036,0
18659,1042,0
18660,1042,0
18661,1040,0
18662,1046,0
18663,1036,0
18664,1043,0
18665,1051,0
18666,1052,0
18667,1046,0
18668,1036,0
18669,1047,0
18670,1052,0
18671,1034,0
18672,1045,0
18673,1049,0
18674,1042,0
18675,1039,0
18676,1041,0
18677,1040,0
18678,1047,0
18679,1036,0
18680,1041,0
18681,1042,0
18682,1046,0
18683,1049,0
18684,1048,0
18685,1049,0
18686,1044,0
18687,1045,0
18688,1039,0
18689,1052,0
18690,1038,0
18691,1041,0
18692,1041,0
18693,1048,0
18694,1038,0
18695,1047,0
18696,1039,0
18697,1052,0
18698,1041,0
18699,1036,0
18700,1049,0
18701,1046,0
18702,1044,0
18703,1038,0
18704,1045,0
18705,1046,0
18706,1040,0
18707,1045,0
18708,1049,0
18709,1042,0
18710,1039,0
18711,1038,0
18712,1045,0
18713,1042,0
18714,1047,0
18715,1037,0
18716,1038,0
18717,1041,0
18718,1039,0
18719,1045,0
18720,1042,0
18721,1045,0
18722,1039,0
18723,1044,0
18724,1039,0
18725,1041,0
18726,1038,0
18727,1039,0
18728,1041,0
18729,1041,0
18730,1045,0
18731,1044,0
18732,1042,0
18733,1045,0
18734,1051,0
18735,1048,0
18736,1035,0
18737,1058,0
18738,1044,0
18739,1052,0
18740,1041,0
18741,1039,0
18742,1035,0
18743,1039,0
18744,1039,0
18745,1034,0
18746,1052,0
18747,1039,0
18748,1034,0
18749,1047,0
18750,1044,0
18751,1051,0
18752,1046,0
18753,1047,0
18754,1037,0
18755,1043,0
18756,1038,0
18757,1039,0
18758,1048,0
18759,1038,0
18760,1049,0
18761,1028,0
18762,1048,0
18763,1049,0
18764,1033,0
18765,1044,0
18766,1050,0
18767,1047,0
18768,1051,0
18769,1038,0
18770,1045,0
18771,1048,0
18772,1037,0
18773,1051,0
18774,1043,0
18775,1041,0
18776,1035,0
18777,1044,0
18778,1054,0
18779,1048,0
18780,1031,0
18781,1037,0
18782,1035,0
18783,1033,0
18784,1048,0
18785,1044,0
18786,1048,0
18787,1045,0
18788,1046,0
18789,1038,0
18790,1043,0
18791,1047,0
18792,1037,0
18793,1045,0
18794,1035,0
18795,1033,0
18796,1040,0
18797,1049,0
18798,1034,0
18799,1040,0
18800,1057,0
18801,1047,0
18802,1041,0
18803,1048,0
18804,1048,0
18805,1038,0
18806,1045,0
18807,1048,0
18808,1046,0
18809,1041,0
18810,1047,0
18811,1043,0
18812,1043,0
18813,1039,0
18814,1042,0
18815,1039,0
18816,1043,0
18817,1039,0
18818,1039,0
18819,1038,0
18820,1048,0
18821,1043,0
18822,1042,0
18823,1045,0
18824,1040,0
18825,1036,0
18826,1047,0
18827,1042,0
18828,1037,0
18829,1042,0
18830,1043,0
18831,1039,0
18832,1043,0
18833,1036,0
18834,1047,0
18835,1052,0
18836,1046,0
18837,1038,0
18838,1047,0
18839,1046,0
18840,1038,0
18841,1040,0
18842,1034,0
18843,1043,0
18844,1050,0
18845,1037,0
18846,1045,0
18847,1044,0
18848,1049,0
18849,1042,0
18850,1049,0
18851,1041,0
18852,1046,0
18853,1053,0
18854,1043,0
18855,1042,0
18856,1040,0
18857,1047,0
18858,1042,0
18859,1044,0
18860,1041,0
18861,1040,0
18862,1044,0
18863,1038,0
18864,1049,0
18865,1049,0
18866,1037,0
18867,1048,0
18868,1044,0
18869,1040,0
18870,1048,0
18871,1040,0
18872,1045,0
18873,1039,0
18874,1045,0
18875,1053,0
18876,1046,0
18877,1047,0
18878,1043,0
18879,1045,0
18880,1048,0
18881,1047,0
18882,1043,0
18883,1034,0
18884,1040,0
18885,1042,0
18886,1041,0
18887,1042,0
18888,1036,0
18889,1050,0
18890,1046,0
18891,1046,0
18892,1040,0
18893,1044,0
18894,1044,0
18895,1046,0
18896,1033,0
18897,1054,0
18898,1044,0
18899,1041,0
18900,1046,0
18901,1045,0
18902,1050,0
18903,1038,0
18904,1037,0
18905,1048,0
18906,1037,0
18907,1049,0
18908,1040,0
18909,1040,0
18910,1049,0
18911,1043,0
18912,1037,0
18913,1035,0
18914,1052,0
18915,1046,0
18916,1053,0
18917,1044,0
18918,1039,0
18919,1040,0
18920,1043,0
18921,1044,0
18922,1042,0
18923,1041,0
18924,1035,0
18925,1055,0
18926,1045,0
18927,1044,0
18928,1049,0
18929,1046,0
18930,1035,0
18931,1042,0
18932,1051,0
18933,1043,0
18934,1039,0
18935,1053,0
18936,1044,0
18937,1042,0
18938,1036,0
18939,1045,0
18940,1046,0
18941,1045,0
18942,1045,0
18943,1045,0
18944,1038,0
18945,1043,0
18946,1044,0
18947,1045,0
18948,1044,0
18949,1058,0
18950,1049,0
18951,1046,0
18952,1044,0
18953,1049,0
18954,1050,0
18955,1043,0
18956,1045,0
18957,1040,0
18958,1047,0
18959,1047,0
18960,1045,0
18961,1053,0
18962,1055,0
18963,1044,0
18964,1052,0
18965,1036,0
18966,1048,0
18967,1042,0
18968,1043,0
18969,1037,0
18970,1043,0
18971,1043,0
18972,1042,0
18973,1048,0
18974,1048,0
18975,1044,0
18976,1040,0
18977,1043,0
18978,1042,0
18979,1050,0
18980,1042,0
18981,1043,0
18982,1047,0
18983,1052,0
18984,1041,0
18985,1038,0
18986,1044,0
18987,1045,0
18988,1053,0
18989,1046,0
18990,1049,0
18991,1045,0
18992,1046,0
18993,1046,0
18994,1048,0
18995,1046,0
18996,1044,0
18997,1053,0
18998,1042,0
18999,1038,0
19000,1054,0
19001,1042,0
19002,1039,0
19003,1044,0
19004,1045,0
19005,1042,0
19006,1045,0
19007,1047,0
19008,1046,0
19009,1048,0
19010,1051,0
19011,1039,0
19012,1038,0
19013,1043,0
19014,1048,0
19015,1043,0
19016,1046,0
19017,1046,0
19018,1042,0
19019,1039,0
19020,1041,0
19021,1046,0
19022,1049,0
19023,1045,0
19024,1038,0
19025,1044,0
19026,1052,0
19027,1048,0
19028,1040,0
19029,1035,0
19030,1041,0
19031,1038,0
19032,1042,0
19033,1050,0
19034,1053,0
19035,1045,0
19036,1048,0
19037,1042,0
19038,1038,0
19039,1039,0
19040,1043,0
19041,1036,0
19042,1034,0
19043,1035,0
19044,1039,0
19045,1036,0
19046,1042,0
19047,1052,0
19048,1032,0
19049,1044,0
19050,1039,0
19051,1050,0
19052,1047,0
19053,1046,0
19054,1043,0
19055,1048,0
19056,1037,0
19057,1038,0
19058,1049,0
19059,1052,0
19060,1041,0
19061,1056,0
19062,1037,0
19063,1046,0
19064,1036,0
19065,1049,0
19066,1049,0
19067,1039,0
19068,1043,0
19069,1043,0
19070,1036,0
19071,1038,0
19072,1044,0
19073,1045,0
19074,1050,0
19075,1044,0
19076,1045,0
19077,1045,0
19078,1050,0
19079,1043,0
19080,1054,0
19081,1049,0
19082,1050,0
19083,1045,0
19084,1044,0
19085,1047,0
19086,1042,0
19087,1042,0
19088,1036,0
19089,1047,0
19090,1038,0
19091,1046,0
19092,1043,0
19093,1041,0
19094,1051,0
19095,1040,0
19096,1039,0
19097,1046,0
19098,1040,0
19099,1038,0
19100,1040,0
19101,1047,0
19102,1042,0
19103,1056,0
19104,1048,0
19105,1046,0
19106,1045,0
19107,1038,0
19108,1051,0
19109,1048,0
19110,1035,0
19111,1041,0
19112,1048,0
19113,1040,0
19114,1039,0
19115,1047,0
19116,1051,0
19117,1046,0
19118,1044,0
19119,1051,0
19120,1043,0
19121,1045,0
19122,1051,0
19123,1044,0
19124,1044,0
19125,1038,0
19126,1042,0
19127,1038,0
19128,1041,0
19129,1047,0
19130,1047,0
19131,1044,0
19132,1037,0
19133,1045,0
19134,1047,0
19135,1046,0
19136,1051,0
19137,1043,0
19138,1033,0
19139,1050,0
19140,1050,0
19141,1037,0
19142,1037,0
19143,1044,0
19144,1049,0
19145,1051,0
19146,1047,0
19147,1043,0
19148,1045,0
19149,1046,0
19150,1050,0
19151,1044,0
19152,1043,0
19153,1051,0
19154,1048,0
19155,1045,0
19156,1045,0
19157,1044,0
19158,1049,0
19159,1044,0
19160,1038,0
19161,1041,0
19162,1044,0
19163,1037,0
19164,1048,0
19165,1039,0
19166,1043,0
19167,1050,0
19168,1048,0
19169,1044,0
19170,1045,0
19171,1043,0
19172,1049,0
19173,1045,0
19174,1039,0
19175,1045,0
19176,1059,0
19177,1042,0
19178,1039,0
19179,1048,0
19180,1052,0
19181,1048,0
19182,1049,0
19183,1049,0
19184,1042,0
19185,1047,0
19186,1049,0
19187,1047,0
19188,1042,0
19189,1054,0
19190,1044,0
19191,1042,0
19192,1049,0
19193,1045,0
19194,1049,0
19195,1043,0
19196,1045,0
19197,1047,0
19198,1042,0
19199,1044,0
19200,1058,0
19201,1048,0
19202,1058,0
19203,1047,0
19204,1042,0
19205,1039,0
19206,1045,0
19207,1049,0
19208,1042,0
19209,1050,0
19210,1041,0
19211,1043,0
19212,1053,0
19213,1045,0
19214,1041,0
19215,1045,0
19216,1049,0
19217,1043,0
19218,1045,0
19219,1042,0
19220,1043,0
19221,1041,0
19222,1044,0
19223,1038,0
19224,1052,0
19225,1043,0
19226,1046,0
19227,1046,0
19228,1039,0
19229,1053,0
19230,1045,0
19231,1047,0
19232,1032,0
19233,1056,0
19234,1041,0
19235,1048,0
19236,1046,0
19237,1040,0
19238,1047,0
19239,1037,0
19240,1039,0
19241,1053,0
19242,1049,0
19243,1043,0
19244,1040,0
19245,1046,0
19246,1037,0
19247,1045,0
19248,1037,0
19249,1046,0
19250,1039,0
19251,1042,0
19252,1048,0
19253,1050,0
19254,1045,0
19255,1046,0
19256,1047,0
19257,1044,0
19258,1046,0
19259,1038,0
19260,1047,0
19261,1053,0
19262,1054,0
19263,1042,0
19264,1053,0
19265,1047,0
19266,1046,0
19267,1041,0
19268,1045,0
19269,1042,0
19270,1044,0
19271,1036,0
19272,1047,0
19273,1045,0
19274,1039,0
19275,1052,0
19276,1052,0
19277,1036,0
19278,1046,0
19279,1054,0
19280,1033,0
19281,1046,0
19282,1049,0
19283,1048,0
19284,1046,0
19285,1046,0
19286,1048,0
19287,1045,0
19288,1051,0
19289,1032,0
19290,1044,0
19291,1042,0
19292,1049,0
19293,1033,0
19294,1048,0
19295,1042,0
19296,1043,0
19297,1048,0
19298,1046,0
19299,1046,0
19300,1045,0
19301,1044,0
19302,1042,0
19303,1044,0
19304,1042,0
19305,1045,0
19306,1040,0
19307,1039,0
19308,1040,0
19309,1045,0
19310,1043,0
19311,1050,0
19312,1051,0
19313,1047,0
19314,1043,0
19315,1042,0
19316,1040,0
19317,1050,0
19318,1042,0
19319,1042,0
19320,1038,0
19321,1036,0
19322,1052,0
19323,1045,0
19324,1053,0
19325,1051,0
19326,1050,0
19327,1042,0
19328,1048,0
19329,1044,0
19330,1050,0
19331,1039,0
19332,1047,0
19333,1050,0
19334,1043,0
19335,1055,0
19336,1038,0
19337,1049,0
19338,1039,0
19339,1046,0
19340,1053,0
19341,1045,0
19342,1041,0
19343,1049,0
19344,1047,0
19345,1037,0
19346,1042,0
19347,1042,0
19348,1053,0
19349,1047,0
19350,1037,0
19351,1053,0
19352,1043,0
19353,1044,0
19354,1046,0
19355,1039,0
19356,1052,0
19357,1048,0
19358,1046,0
19359,1047,0
19360,1043,0
19361,1034,0
19362,1034,0
19363,1052,0
19364,1045,0
19365,1052,0
19366,1045,0
19367,1039,0
19368,1041,0
19369,1041,0
19370,1042,0
19371,1051,0
19372,1047,0
19373,1044,0
19374,1048,0
19375,1048,0
19376,1047,0
19377,1045,0
19378,1046,0
19379,1048,0
19380,1045,0
19381,1039,0
19382,1053,0
19383,1052,0
19384,1041,0
19385,1039,0
19386,1046,0
19387,1055,0
19388,1050,0
19389,1045,0
19390,1044,0
19391,1046,0
19392,1045,0
19393,1049,0
19394,1051,0
19395,1049,0
19396,1044,0
19397,1043,0
19398,1050,0
19399,1034,0
19400,1057,0
19401,1050,0
19402,1042,0
19403,1046,0
19404,1050,0
19405,1043,0
19406,1059,0
19407,1049,0
19408,1050,0
19409,1041,0
19410,1051,0
19411,1047,0
19412,1049,0
19413,1047,0
19414,1046,0
19415,1048,0
19416,1044,0
19417,1041,0
19418,1044,0
19419,1044,0
19420,1045,0
19421,1045,0
19422,1043,0
19423,1049,0
19424,1048,0
19425,1039,0
19426,1053,0
19427,1043,0
19428,1053,0
19429,1045,0
19430,1040,0
19431,1053,0
19432,1047,0
19433,1049,0
19434,1036,0
19435,1047,0
19436,1043,0
19437,1041,0
19438,1047,0
19439,1043,0
19440,1051,0
19441,1045,0
19442,1041,0
19443,1052,0
19444,1045,0
19445,1040,0
19446,1043,0
19447,1045,0
19448,1039,0
19449,1052,0
19450,1054,0
19451,1047,0
19452,1047,0
19453,1048,0
19454,1044,0
19455,1041,0
19456,1043,0
19457,1040,0
19458,1050,0
19459,1052,0
19460,1041,0
19461,1054,0
19462,1043,0
19463,1039,0
19464,1047,0
19465,1044,0
19466,1043,0
19467,1047,0
19468,1041,0
19469,1044,0
19470,1054,0
19471,1041,0
19472,1052,0
19473,1045,0
19474,1032,0
19475,1055,0
19476,1042,0
19477,1046,0
19478,1046,0
19479,1052,0
19480,1045,0
19481,1039,0
19482,1042,0
19483,1047,0
19484,1050,0
19485,1045,0
19486,1053,0
19487,1043,0
19488,1042,0
19489,1050,0
19490,1037,0
19491,1053,0
19492,1048,0
19493,1048,0
19494,1046,0
19495,1044,0
19496,1043,0
19497,1063,0
19498,1053,0
19499,1040,0
19500,1049,0
19501,1046,0
19502,1040,0
19503,1046,0
19504,1047,0
19505,1054,0
19506,1050,0
19507,1055,0
19508,1039,0
19509,1050,0
19510,1062,0
19511,1045,0
19512,1044,0
19513,1050,0
19514,1046,0
19515,1043,0
19516,1044,0
19517,1048,0
19518,1047,0
19519,1045,0
19520,1043,0
19521,1045,0
19522,1042,0
19523,1049,0
19524,1057,0
19525,1045,0
19526,1048,0
19527,1057,0
19528,1051,0
19529,1043,0
19530,1050,0
19531,1043,0
19532,1045,0
19533,1040,0
19534,1049,0
19535,1039,0
19536,1047,0
19537,1048,0
19538,1049,0
19539,1049,0
19540,1042,0
19541,1043,0
19542,1046,0
19543,1047,0
19544,1053,0
19545,1054,0
19546,1037,0
19547,1051,0
19548,1047,0
19549,1044,0
19550,1044,0
19551,1049,0
19552,1048,0
19553,1055,0
19554,1046,0
19555,1049,0
19556,1043,0
19557,1042,0
19558,1046,0
19559,1052,0
19560,1045,0
19561,1047,0
19562,1048,0
19563,1053,0
19564,1046,0
19565,1046,0
19566,1047,0
19567,1048,0
19568,1050,0
19569,1048,0
19570,1054,0
19571,1044,0
19572,1042,0
19573,1049,0
19574,1039,0
19575,1048,0
19576,1052,0
19577,1046,0
19578,1041,0
19579,1048,0
19580,1039,0
19581,1055,0
19582,1045,0
19583,1042,0
19584,1047,0
19585,1057,0
19586,1053,0
19587,1044,0
19588,1048,0
19589,1044,0
19590,1049,0
19591,1046,0
19592,1044,0
19593,1046,0
19594,1046,0
19595,1048,0
19596,1044,0
19597,1052,0
19598,1043,0
19599,1039,0
19600,1052,0
19601,1047,0
19602,1050,0
19603,1050,0
19604,1044,0
19605,1044,0
19606,1049,0
19607,1045,0
19608,1048,0
19609,1045,0
19610,1049,0
19611,1049,0
19612,1046,0
19613,1055,0
19614,1051,0
19615,1046,0
19616,1047,0
19617,1044,0
19618,1048,0
19619,1039,0
19620,1059,0
19621,1051,0
19622,1051,0
19623,1051,0
19624,1052,0
19625,1047,0
19626,1042,0
19627,1051,0
19628,1043,0
19629,1043,0
19630,1046,0
19631,1046,0
19632,1043,0
19633,1054,0
19634,1046,0
19635,1047,0
19636,1048,0
19637,1056,0
19638,1042,0
19639,1043,0
19640,1039,0
19641,1050,0
19642,1060,0
19643,1041,0
19644,1056,0
19645,1053,0
19646,1041,0
19647,1055,0
19648,1054,0
19649,1041,0
19650,1037,0
19651,1050,0
19652,1053,0
19653,1041,0
19654,1037,0
19655,1041,0
19656,1052,0
19657,1054,0
19658,1044,0
19659,1057,0
19660,1055,0
19661,1047,0
19662,1053,0
19663,1052,0
19664,1049,0
19665,1051,0
19666,1048,0
19667,1040,0
19668,1042,0
19669,1046,0
19670,1041,0
19671,1055,0
19672,1039,0
19673,1049,0
19674,1043,0
19675,1042,0
19676,1059,0
19677,1051,0
19678,1039,0
19679,1043,0
19680,1046,0
19681,1042,0
19682,1049,0
19683,1048,0
19684,1052,0
19685,1046,0
19686,1048,0
19687,1045,0
19688,1044,0
19689,1053,0
19690,1057,0
19691,1049,0
19692,1040,0
19693,1053,0
19694,1050,0
19695,1049,0
19696,1043,0
19697,1044,0
19698,1048,0
19699,1047,0
19700,1042,0
19701,1042,0
19702,1046,0
19703,1047,0
19704,1036,0
19705,1046,0
19706,1045,0
19707,1048,0
19708,1047,0
19709,1054,0
19710,1049,0
19711,1052,0
19712,1039,0
19713,1050,0
19714,1043,0
19715,1051,0
19716,1059,0
19717,1038,0
19718,1048,0
19719,1039,0
19720,1048,0
19721,1050,0
19722,1048,0
19723,1041,0
19724,1048,0
19725,1046,0
19726,1044,0
19727,1044,0
19728,1047,0
19729,1055,0
19730,1043,0
19731,1048,0
19732,1044,0
19733,1054,0
19734,1053,0
19735,1045,0
19736,1039,0
19737,1048,0
19738,1049,0
19739,1051,0
19740,1045,0
19741,1052,0
19742,1052,0
19743,1054,0
19744,1054,0
19745,1044,0
19746,1041,0
19747,1044,0
19748,1057,0
19749,1038,0
19750,1052,0
19751,1047,0
19752,1043,0
19753,1045,0
19754,1043,0
19755,1043,0
19756,1056,0
19757,1045,0
19758,1052,0
19759,1050,0
19760,1052,0
19761,1045,0
19762,1041,0
19763,1046,0
19764,1047,0
19765,1057,0
19766,1042,0
19767,1052,0
19768,1040,0
19769,1046,0
19770,1058,0
19771,1041,0
19772,1052,0
19773,1046,0
19774,1034,0
19775,1039,0
19776,1046,0
19777,1049,0
19778,1047,0
19779,1043,0
19780,1050,0
19781,1051,0
19782,1040,0
19783,1045,0
19784,1049,0
19785,1047,0
19786,1046,0
19787,1047,0
19788,1048,0
19789,1050,0
19790,1050,0
19791,1051,0
19792,1051,0
19793,1045,0
19794,1049,0
19795,1040,0
19796,1051,0
19797,1052,0
19798,1039,0
19799,1044,0
19800,1055,0
19801,1060,0
19802,1049,0
19803,1047,0
19804,1053,0
19805,1044,0
19806,1048,0
19807,1042,0
19808,1061,0
19809,1042,0
19810,1055,0
19811,1053,0
19812,1050,0
19813,1045,0
19814,1056,0
19815,1042,0
19816,1051,0
19817,1050,0
19818,1053,0
19819,1051,0
19820,1044,0
19821,1048,0
19822,1048,0
19823,1046,0
19824,1045,0
19825,1042,0
19826,1056,0
19827,1048,0
19828,1053,0
19829,1043,0
19830,1046,0
19831,1053,0
19832,1053,0
19833,1050,0
19834,1054,0
19835,1047,0
19836,1048,0
19837,1048,0
19838,1047,0
19839,1046,0
19840,1052,0
19841,1048,0
19842,1053,0
19843,1052,0
19844,1041,0
19845,1054,0
19846,1050,0
19847,1050,0
19848,1049,0
19849,1050,0
19850,1055,0
19851,1048,0
19852,1051,0
19853,1048,0
19854,1054,0
19855,1053,0
19856,1044,0
19857,1034,0
19858,1043,0
19859,1062,0
19860,1044,0
19861,1048,0
19862,1050,0
19863,1039,0
19864,1055,0
19865,1039,0
19866,1050,0
19867,1051,0
19868,1054,0
19869,1049,0
19870,1057,0
19871,1037,0
19872,1043,0
19873,1047,0
19874,1060,0
19875,1052,0
19876,1045,0
19877,1044,0
19878,1048,0
19879,1040,0
19880,1057,0
19881,1047,0
19882,1051,0
19883,1040,0
19884,1043,0
19885,1044,0
19886,1049,0
19887,1044,0
19888,1042,0
19889,1049,0
19890,1046,0
19891,1044,0
19892,1052,0
19893,1057,0
19894,1053,0
19895,1047,0
19896,1051,0
19897,1048,0
19898,1052,0
19899,1042,0
19900,1054,0
19901,1049,0
19902,1042,0
19903,1041,0
19904,1047,0
19905,1044,0
19906,1052,0
19907,1053,0
19908,1047,0
19909,1053,0
19910,1045,0
19911,1044,0
19912,1055,0
19913,1038,0
19914,1043,0
19915,1050,0
19916,1052,0
19917,1053,0
19918,1052,0
19919,1049,0
19920,1055,0
19921,1043,0
19922,1052,0
19923,1047,0
19924,1037,0
19925,1058,0
19926,1051,0
19927,1045,0
19928,1055,0
19929,1044,0
19930,1052,0
19931,1044,0
19932,1047,0
19933,1050,0
19934,1048,0
19935,1045,0
19936,1049,0
19937,1047,0
19938,1056,0
19939,1050,0
19940,1054,0
19941,1040,0
19942,1051,0
19943,1050,0
19944,1046,0
19945,1038,0
19946,1053,0
19947,1050,0
19948,1051,0
19949,1047,0
19950,1051,0
19951,1050,0
19952,1049,0
19953,1048,0
19954,1050,0
19955,1059,0
19956,1043,0
19957,1046,0
19958,1051,0
19959,1046,0
19960,1047,0
19961,1046,0
19962,1049,0
19963,1045,0
19964,1051,0
19965,1054,0
19966,1054,0
19967,1045,0
19968,1055,0
19969,1048,0
19970,1051,0
19971,1052,0
19972,1046,0
19973,1047,0
19974,1045,0
19975,1046,0
19976,1043,0
19977,1047,0
19978,1042,0
19979,1052,0
19980,1052,0
19981,1051,0
19982,1053,0
19983,1050,0
19984,1043,0
19985,1046,0
19986,1046,0
19987,1051,0
19988,1049,0
19989,1041,0
19990,1048,0
19991,1058,0
19992,1050,0
19993,1038,0
19994,1050,0
19995,1052,0
19996,1047,0
19997,1049,0
19998,1053,0
19999,1057,0
20000,1052,0
20001,1053,0
20002,1060,0
20003,1048,0
20004,1044,0
20005,1056,0
20006,1051,0
20007,1051,0
20008,1050,0
20009,1050,0
20010,1046,0
20011,1051,0
20012,1051,0
20013,1052,0
20014,1048,0
20015,1051,0
20016,1046,0
20017,1049,0
20018,1050,0
20019,1046,0
20020,1048,0
20021,1042,0
20022,1045,0
20023,1048,0
20024,1046,0
20025,1053,0
20026,1060,0
20027,1052,0
20028,1056,0
20029,1054,0
20030,1059,0
20031,1042,0
20032,1047,0
20033,1046,0
20034,1052,0
20035,1052,0
20036,1048,0
20037,1049,0
20038,1056,0
20039,1042,0
20040,1042,0
20041,1055,0
20042,1052,0
20043,1050,0
20044,1052,0
20045,1059,0
20046,1042,0
20047,1060,0
20048,1041,0
20049,1056,0
20050,1039,0
20051,1042,0
20052,1048,0
20053,1043,0
20054,1055,0
20055,1059,0
20056,1042,0
20057,1047,0
20058,1051,0
20059,1052,0
20060,1054,0
20061,1054,0
20062,1049,0
20063,1047,0
20064,1051,0
20065,1059,0
20066,1050,0
20067,1056,0
20068,1062,0
20069,1040,0
20070,1055,0
20071,1042,0
20072,1049,0
20073,1052,0
20074,1050,0
20075,1054,0
20076,1046,0
20077,1059,0
20078,1055,0
20079,1047,0
20080,1062,0
20081,1047,0
20082,1051,0
20083,1040,0
20084,1040,0
20085,1055,0
20086,1052,0
20087,1049,0
20088,1051,0
20089,1057,0
20090,1047,0
20091,1041,0
20092,1045,0
20093,1051,0
20094,1047,0
20095,1053,0
20096,1051,0
20097,1050,0
20098,1061,0
20099,1055,0
20100,1048,0
20101,1050,0
20102,1052,0
20103,1053,0
20104,1051,0
20105,1042,0
20106,1046,0
20107,1053,0
20108,1041,0
20109,1045,0
20110,1046,0
20111,1053,0
20112,1054,0
20113,1045,0
20114,1045,0
20115,1056,0
20116,1053,0
20117,1043,0
20118,1048,0
20119,1044,0
20120,1054,0
20121,1045,0
20122,1047,0
20123,1046,0
20124,1054,0
20125,1053,0
20126,1047,0
20127,1047,0
20128,1048,0
20129,1053,0
20130,1048,0
20131,1050,0
20132,1057,0
20133,1047,0
20134,1056,0
20135,1048,0
20136,1045,0
20137,1049,0
20138,1047,0
20139,1053,0
20140,1047,0
20141,1042,0
20142,1048,0
20143,1040,0
20144,1061,0
20145,1062,0
20146,1045,0
20147,1050,0
20148,1053,0
20149,1041,0
20150,1048,0
20151,1049,0
20152,1046,0
20153,1041,0
20154,1045,0
20155,1045,0
20156,1037,0
20157,1038,0
20158,1056,0
20159,1046,0
20160,1047,0
20161,1045,0
20162,1052,0
20163,1051,0
20164,1045,0
20165,1044,0
20166,1053,0
20167,1042,0
20168,1046,0
20169,1059,0
20170,1045,0
20171,1038,0
20172,1042,0
20173,1055,0
20174,1062,0
20175,1048,0
20176,1048,0
20177,1041,0
20178,1045,0
20179,1047,0
20180,1051,0
20181,1055,0
20182,1051,0
20183,1052,0
20184,1051,0
20185,1049,0
20186,1056,0
20187,1050,0
20188,1040,0
20189,1047,0
20190,1042,0
20191,1039,0
20192,1050,0
20193,1060,0
20194,1046,0
20195,1045,0
20196,1049,0
20197,1049,0
20198,1055,0
20199,1053,0
20200,1044,0
20201,1044,0
20202,1048,0
20203,1050,0
20204,1054,0
20205,1049,0
20206,1048,0
20207,1054,0
20208,1048,0
20209,1046,0
20210,1052,0
20211,1046,0
20212,1057,0
20213,1048,0
20214,1050,0
20215,1052,0
20216,1041,0
20217,1048,0
20218,1047,0
20219,1059,0
20220,1051,0
20221,1045,0
20222,1045,0
20223,1048,0
20224,1045,0
20225,1052,0
20226,1036,0
20227,1042,0
20228,1057,0
20229,1053,0
20230,1049,0
20231,1053,0
20232,1053,0
20233,1041,0
20234,1051,0
20235,1053,0
20236,1057,0
20237,1046,0
20238,1057,0
20239,1048,0
20240,1047,0
20241,1050,0
20242,1053,0
20243,1045,0
20244,1045,0
20245,1044,0
20246,1052,0
20247,1051,0
20248,1050,0
20249,1050,0
20250,1051,0
20251,1043,0
20252,1057,0
20253,1058,0
20254,1047,0
20255,1047,0
20256,1052,0
20257,1053,0
20258,1042,0
20259,1048,0
20260,1046,0
20261,1054,0
20262,1052,0
20263,1051,0
20264,1050,0
20265,1045,0
20266,1048,0
20267,1050,0
20268,1043,0
20269,1055,0
20270,1059,0
20271,1048,0
20272,1056,0
20273,1048,0
20274,1052,0
20275,1064,0
20276,1052,0
20277,1049,0
20278,1052,0
20279,1053,0
20280,1048,0
20281,1049,0
20282,1053,0
20283,1054,0
20284,1055,0
20285,1050,0
20286,1037,0
20287,1052,0
20288,1052,0
20289,1051,0
20290,1046,0
20291,1049,0
20292,1057,0
20293,1059,0
20294,1054,0
20295,1050,0
20296,1049,0
20297,1056,0
20298,1053,0
20299,1051,0
20300,1051,0
20301,1046,0
20302,1060,0
20303,1049,0
20304,1048,0
20305,1057,0
20306,1054,0
20307,1041,0
20308,1057,0
20309,1049,0
20310,1050,0
20311,1047,0
20312,1050,0
20313,1059,0
20314,1056,0
20315,1055,0
20316,1047,0
20317,1045,0
20318,1044,0
20319,1054,0
20320,1062,0
20321,1046,0
20322,1055,0
20323,1048,0
20324,1044,0
20325,1052,0
20326,1048,0
20327,1046,0
20328,1052,0
20329,1050,0
20330,1053,0
20331,1054,0
20332,1046,0
20333,1054,0
20334,1050,0
20335,1057,0
20336,1055,0
20337,1048,0
20338,1053,0
20339,1049,0
20340,1054,0
20341,1056,0
20342,1052,0
20343,1046,0
20344,1054,0
20345,1047,0
20346,1045,0
20347,1043,0
20348,1060,0
20349,1060,0
20350,1045,0
20351,1048,0
20352,1042,0
20353,1052,0
20354,1055,0
20355,1047,0
20356,1048,0
20357,1049,0
20358,1047,0
20359,1053,0
20360,1044,0
20361,1054,0
20362,1040,0
20363,1046,0
20364,1054,0
20365,1053,0
20366,1050,0
20367,1052,0
20368,1053,0
20369,1053,0
20370,1046,0
20371,1058,0
20372,1054,0
20373,1053,0
20374,1045,0
20375,1045,0
20376,1047,0
20377,1049,0
20378,1049,0
20379,1050,0
20380,1052,0
20381,1051,0
20382,1050,0
20383,1053,0
20384,1049,0
20385,1058,0
20386,1062,0
20387,1041,0
20388,1048,0
20389,1052,0
20390,1053,0
20391,1048,0
20392,1041,0
20393,1059,0
20394,1048,0
20395,1055,0
20396,1051,0
20397,1048,0
20398,1053,0
20399,1055,0
20400,1051,0
20401,1042,0
20402,1055,0
20403,1051,0
20404,1043,0
20405,1050,0
20406,1052,0
20407,1053,0
20408,1043,0
20409,1050,0
20410,1041,0
20411,1049,0
20412,1051,0
20413,1058,0
20414,1045,0
20415,1057,0
20416,1044,0
20417,1047,0
20418,1046,0
20419,1046,0
20420,1048,0
20421,1045,0
20422,1048,0
20423,1036,0
20424,1051,0
20425,1054,0
20426,1051,0
20427,1048,0
20428,1053,0
20429,1048,0
20430,1046,0
20431,1044,0
20432,1043,0
20433,1051,0
20434,1048,0
20435,1048,0
20436,1048,0
20437,1053,0
20438,1054,0
20439,1055,0
20440,1050,0
20441,1050,0
20442,1051,0
20443,1050,0
20444,1052,0
20445,1059,0
20446,1058,0
20447,1047,0
20448,1050,0
20449,1057,0
20450,1054,0
20451,1052,0
20452,1054,0
20453,1052,0
20454,1041,0
20455,1047,0
20456,1054,0
20457,1044,0
20458,1048,0
20459,1052,0
20460,1045,0
20461,1050,0
20462,1047,0
20463,1047,0
20464,1053,0
20465,1058,0
20466,1058,0
20467,1048,0
20468,1047,0
20469,1055,0
20470,1040,0
20471,1049,0
20472,1047,0
20473,1052,0
20474,1045,0
20475,1054,0
20476,1055,0
20477,1048,0
20478,1048,0
20479,1052,0
20480,1042,0
20481,1051,0
20482,1047,0
20483,1050,0
20484,1050,0
20485,1048,0
20486,1060,0
20487,1049,0
20488,1049,0
20489,1055,0
20490,1049,0
20491,1047,0
20492,1050,0
20493,1056,0
20494,1059,0
20495,1047,0
20496,1050,0
20497,1051,0
20498,1045,0
20499,1040,0
20500,1059,0
20501,1052,0
20502,1050,0
20503,1057,0
20504,1051,0
20505,1047,0
20506,1053,0
20507,1051,0
20508,1052,0
20509,1047,0
20510,1052,0
20511,1048,0
20512,1056,0
20513,1054,0
20514,1056,0
20515,1047,0
20516,1041,0
20517,1052,0
20518,1044,0
20519,1046,0
20520,1055,0
20521,1048,0
20522,1052,0
20523,1047,0
20524,1051,0
20525,1052,0
20526,1048,0
20527,1047,0
20528,1054,0
20529,1045,0
20530,1058,0
20531,1044,0
20532,1053,0
20533,1054,0
20534,1043,0
20535,1047,0
20536,1044,0
20537,1061,0
20538,1041,0
20539,1051,0
20540,1045,0
20541,1053,0
20542,1050,0
20543,1051,0
20544,1053,0
20545,1045,0
20546,1054,0
20547,1041,0
20548,1055,0
20549,1055,0
20550,1049,0
20551,1053,0
20552,1045,0
20553,1049,0
20554,1053,0
20555,1048,0
20556,1056,0
20557,1050,0
20558,1046,0
20559,1061,0
20560,1055,0
20561,1040,0
20562,1061,0
20563,1060,0
20564,1055,0
20565,1038,0
20566,1048,0
20567,1057,0
20568,1043,0
20569,1050,0
20570,1058,0
20571,1056,0
20572,1052,0
20573,1050,0
20574,1049,0
20575,1050,0
20576,1055,0
20577,1051,0
20578,1053,0
20579,1050,0
20580,1055,0
20581,1053,0
20582,1057,0
20583,1056,0
20584,1053,0
20585,1050,0
20586,1057,0
20587,1049,0
20588,1051,0
20589,1053,0
20590,1045,0
20591,1047,0
20592,1051,0
20593,1050,0
20594,1053,0
20595,1045,0
20596,1044,0
20597,1039,0
20598,1053,0
20599,1059,0
20600,1048,0
20601,1054,0
20602,1045,0
20603,1056,0
20604,1053,0
20605,1046,0
20606,1046,0
20607,1043,0
20608,1051,0
20609,1045,0
20610,1047,0
20611,1050,0
20612,1048,0
20613,1045,0
20614,1045,0
20615,1049,0
20616,1052,0
20617,1052,0
20618,1053,0
20619,1052,0
20620,1054,0
20621,1051,0
20622,1056,0
20623,1053,0
20624,1054,0
20625,1062,0
20626,1043,0
20627,1053,0
20628,1051,0
20629,1057,0
20630,1049,0
20631,1057,0
20632,1050,0
20633,1038,0
20634,1050,0
20635,1047,0
20636,1052,0
20637,1055,0
20638,1054,0
20639,1049,0
20640,1056,0
20641,1060,0
20642,1052,0
20643,1049,0
20644,1045,0
20645,1050,0
20646,1044,0
20647,1047,0
20648,1051,0
20649,1049,0
20650,1043,0
20651,1050,0
20652,1045,0
20653,1063,0
20654,1054,0
20655,1052,0
20656,1053,0
20657,1054,0
20658,1062,0
20659,1050,0
20660,1054,0
20661,1057,0
20662,1054,0
20663,1057,0
20664,1047,0
20665,1052,0
20666,1052,0
20667,1049,0
20668,1047,0
20669,1051,0
20670,1054,0
20671,1054,0
20672,1050,0
20673,1058,0
20674,1053,0
20675,1058,0
20676,1043,0
20677,1052,0
20678,1045,0
20679,1051,0
20680,1047,0
20681,1050,0
20682,1052,0
20683,1052,0
20684,1057,0
20685,1060,0
20686,1053,0
20687,1049,0
20688,1044,0
20689,1053,0
20690,1056,0
20691,1054,0
20692,1047,0
20693,1055,0
20694,1050,0
20695,1050,0
20696,1042,0
20697,1054,0
20698,1049,0
20699,1053,0
20700,1048,0
20701,1061,0
20702,1051,0
20703,1050,0
20704,1050,0
20705,1062,0
20706,1052,0
20707,1045,0
20708,1049,0
20709,1052,0
20710,1060,0
20711,1043,0
20712,1045,0
20713,1045,0
20714,1057,0
20715,1047,0
20716,1050,0
20717,1052,0
20718,1048,0
20719,1062,0
20720,1054,0
20721,1045,0
20722,1051,0
20723,1055,0
20724,1054,0
20725,1048,0
20726,1054,0
20727,1052,0
20728,1064,0
20729,1048,0
20730,1048,0
20731,1050,0
20732,1058,0
20733,1045,0
20734,1049,0
20735,1058,0
20736,1053,0
20737,1056,0
20738,1048,0
20739,1051,0
20740,1049,0
20741,1048,0
20742,1056,0
20743,1058,0
20744,1052,0
20745,1059,0
20746,1047,0
20747,1052,0
20748,1053,0
20749,1044,0
20750,1058,0
20751,1045,0
20752,1051,0
20753,1051,0
20754,1058,0
20755,1047,0
20756,1062,0
20757,1053,0
20758,1054,0
20759,1057,0
20760,1048,0
20761,1044,0
20762,1053,0
20763,1055,0
20764,1058,0
20765,1046,0
20766,1049,0
20767,1046,0
20768,1048,0
20769,1047,0
20770,1057,0
20771,1050,0
20772,1048,0
20773,1050,0
20774,1053,0
20775,1053,0
20776,1050,0
20777,1048,0
20778,1045,0
20779,1050,0
20780,1046,0
20781,1042,0
20782,1052,0
20783,1052,0
20784,1052,0
20785,1052,0
20786,1050,0
20787,1052,0
20788,1053,0
20789,1053,0
20790,1058,0
20791,1050,0
20792,1043,0
20793,1054,0
20794,1054,0
20795,1052,0
20796,1054,0
20797,1047,0
20798,1056,0
20799,1056,0
20800,1054,0
20801,1055,0
20802,1049,0
20803,1049,0
20804,1055,0
20805,1057,0
20806,1049,0
20807,1050,0
20808,1043,0
20809,1054,0
20810,1052,0
20811,1054,0
20812,1055,0
20813,1060,0
20814,1052,0
20815,1055,0
20816,1053,0
20817,1047,0
20818,1042,0
20819,1051,0
20820,1058,0
20821,1041,0
20822,1050,0
20823,1068,0
20824,1049,0
20825,1059,0
20826,1046,0
20827,1056,0
20828,1056,0
20829,1056,0
20830,1045,0
20831,1045,0
20832,1047,0
20833,1054,0
20834,1049,0
20835,1044,0
20836,1059,0
20837,1050,0
20838,1057,0
20839,1047,0
20840,1047,0
20841,1054,0
20842,1050,0
20843,1044,0
20844,1056,0
20845,1053,0
20846,1048,0
20847,1053,0
20848,1055,0
20849,1058,0
20850,1056,0
20851,1058,0
20852,1060,0
20853,1055,0
20854,1046,0
20855,1053,0
20856,1047,0
20857,1057,0
20858,1048,0
20859,1045,0
20860,1056,0
20861,1060,0
20862,1057,0
20863,1051,0
20864,1051,0
20865,1049,0
20866,1051,0
20867,1052,0
20868,1055,0
20869,1053,0
20870,1054,0
20871,1048,0
20872,1053,0
20873,1047,0
20874,1044,0
20875,1049,0
20876,1068,0
20877,1054,0
20878,1051,0
20879,1050,0
20880,1053,0
20881,1063,0
20882,1050,0
20883,1053,0
20884,1056,0
20885,1060,0
20886,1046,0
20887,1052,0
20888,1046,0
20889,1049,0
20890,1047,0
20891,1051,0
20892,1056,0
20893,1051,0
20894,1046,0
20895,1050,0
20896,1040,0
20897,1050,0
20898,1050,0
20899,1059,0
20900,1060,0
20901,1057,0
20902,1043,0
20903,1058,0
20904,1042,0
20905,1054,0
20906,1052,0
20907,1050,0
20908,1054,0
20909,1051,0
20910,1054,0
20911,1058,0
20912,1042,0
20913,1048,0
20914,1050,0
20915,1057,0
20916,1054,0
20917,1059,0
20918,1048,0
20919,1058,0
20920,1054,0
20921,1048,0
20922,1045,0
20923,1055,0
20924,1047,0
20925,1041,0
20926,1055,0
20927,1052,0
20928,1049,0
20929,1051,0
20930,1051,0
20931,1043,0
20932,1047,0
20933,1045,0
20934,1054,0
20935,1040,0
20936,1046,0
20937,1047,0
20938,1045,0
20939,1050,0
20940,1063,0
20941,1059,0
20942,1066,0
20943,1055,0
20944,1049,0
20945,1048,0
20946,1057,0
20947,1056,0
20948,1060,0
20949,1049,0
20950,1054,0
20951,1048,0
20952,1055,0
20953,1054,0
20954,1041,0
20955,1054,0
20956,1045,0
20957,1050,0
20958,1049,0
20959,1051,0
20960,1061,0
20961,1046,0
20962,1059,0
20963,1055,0
20964,1053,0
20965,1056,0
20966,1047,0
20967,1048,0
20968,1058,0
20969,1049,0
20970,1046,0
20971,1051,0
20972,1052,0
20973,1054,0
20974,1053,0
20975,1048,0
20976,1054,0
20977,1052,0
20978,1059,0
20979,1057,0
20980,1056,0
20981,1051,0
20982,1058,0
20983,1064,0
20984,1059,0
20985,1046,0
20986,1053,0
20987,1053,0
20988,1052,0
20989,1056,0
20990,1051,0
20991,1044,0
20992,1052,0
20993,1053,0
20994,1048,0
20995,1048,0
20996,1048,0
20997,1055,0
20998,1058,0
20999,1061,0
21000,1049,0
21001,1054,0
21002,1054,0
21003,1064,0
21004,1048,0
21005,1052,0
21006,1054,0
21007,1055,0
21008,1045,0
21009,1060,0
21010,1062,0
21011,1052,0
21012,1048,0
21013,1050,0
21014,1051,0
21015,1052,0
21016,1049,0
21017,1046,0
21018,1054,0
21019,1043,0
21020,1040,0
21021,1051,0
21022,1055,0
21023,1061,0
21024,1056,0
21025,1052,0
21026,1057,0
21027,1045,0
21028,1049,0
21029,1045,0
21030,1060,0
21031,1051,0
21032,1050,0
21033,1060,0
21034,1048,0
21035,1051,0
21036,1047,0
21037,1052,0
21038,1052,0
21039,1049,0
21040,1049,0
21041,1055,0
21042,1053,0
21043,1052,0
21044,1050,0
21045,1052,0
21046,1056,0
21047,1048,0
21048,1050,0
21049,1055,0
21050,1063,0
21051,1066,0
21052,1054,0
21053,1054,0
21054,1053,0
21055,1052,0
21056,1048,0
21057,1053,0
21058,1056,0
21059,1054,0
21060,1051,0
21061,1062,0
21062,1053,0
21063,1054,0
21064,1058,0
21065,1058,0
21066,1057,0
21067,1050,0
21068,1052,0
21069,1062,0
21070,1049,0
21071,1052,0
21072,1052,0
21073,1050,0
21074,1050,0
21075,1055,0
21076,1045,0
21077,1057,0
21078,1047,0
21079,1048,0
21080,1051,0
21081,1052,0
21082,1058,0
21083,1051,0
21084,1054,0
21085,1050,0
21086,1045,0
21087,1050,0
21088,1042,0
21089,1060,0
21090,1051,0
21091,1053,0
21092,1054,0
21093,1055,0
21094,1048,0
21095,1046,0
21096,1054,0
21097,1053,0
21098,1048,0
21099,1055,0
21100,1048,0
21101,1047,0
21102,1052,0
21103,1047,0
21104,1048,0
21105,1058,0
21106,1055,0
21107,1040,0
21108,1047,0
21109,1055,0
21110,1055,0
21111,1055,0
21112,1054,0
21113,1058,0
21114,1053,0
21115,1060,0
21116,1046,0
21117,1049,0
21118,1058,0
21119,1059,0
21120,1058,0
21121,1054,0
21122,1046,0
21123,1053,0
21124,1050,0
21125,1046,0
21126,1051,0
21127,1047,0
21128,1054,0
21129,1051,0
21130,1051,0
21131,1051,0
21132,1046,0
21133,1052,0
21134,1055,0
21135,1058,0
21136,1054,0
21137,1055,0
21138,1052,0
21139,1052,0
21140,1041,0
21141,1058,0
21142,1046,0
21143,1050,0
21144,1061,0
21145,1058,0
21146,1058,0
21147,1040,0
21148,1047,0
21149,1059,0
21150,1058,0
21151,1053,0
21152,1050,0
21153,1057,0
21154,1047,0
21155,1051,0
21156,1049,0
21157,1052,0
21158,1053,0
21159,1058,0
21160,1050,0
21161,1064,0
21162,1047,0
21163,1051,0
21164,1059,0
21165,1047,0
21166,1056,0
21167,1058,0
21168,1059,0
21169,1051,0
21170,1053,0
21171,1055,0
21172,1050,0
21173,1057,0
21174,1060,0
21175,1049,0
21176,1055,0
21177,1051,0
21178,1047,0
21179,1055,0
21180,1047,0
21181,1057,0
21182,1042,0
21183,1054,0
21184,1057,0
21185,1051,0
21186,1045,0
21187,1060,0
21188,1061,0
21189,1045,0
21190,1052,0
21191,1055,0
21192,1055,0
21193,1052,0
21194,1051,0
21195,1047,0
21196,1048,0
21197,1059,0
21198,1048,0
21199,1053,0
21200,1054,0
21201,1055,0
21202,1053,0
21203,1055,0
21204,1055,0
21205,1064,0
21206,1051,0
21207,1052,0
21208,1061,0
21209,1054,0
21210,1055,0
21211,1049,0
21212,1066,0
21213,1056,0
21214,1054,0
21215,1058,0
21216,1046,0
21217,1055,0
21218,1054,0
21219,1055,0
21220,1049,0
21221,1051,0
21222,1061,0
21223,1053,0
21224,1053,0
21225,1050,0
21226,1055,0
21227,1047,0
21228,1048,0
21229,1048,0
21230,1055,0
21231,1049,0
21232,1057,0
21233,1049,0
21234,1052,0
21235,1054,0
21236,1056,0
21237,1052,0
21238,1049,0
21239,1053,0
21240,1056,0
21241,1057,0
21242,1048,0
21243,1045,0
21244,1057,0
21245,1053,0
21246,1045,0
21247,1050,0
21248,1051,0
21249,1059,0
21250,1045,0
21251,1052,0
21252,1052,0
21253,1060,0
21254,1047,0
21255,1059,0
21256,1058,0
21257,1058,0
21258,1048,0
21259,1055,0
21260,1054,0
21261,1053,0
21262,1055,0
21263,1047,0
21264,1056,0
21265,1051,0
21266,1058,0
21267,1052,0
21268,1054,0
21269,1061,0
21270,1061,0
21271,1052,0
21272,1049,0
21273,1056,0
21274,1047,0
21275,1065,0
21276,1064,0
21277,1059,0
21278,1051,0
21279,1058,0
21280,1046,0
21281,1050,0
21282,1048,0
21283,1059,0
21284,1053,0
21285,1048,0
21286,1054,0
21287,1052,0
21288,1054,0
21289,1050,0
21290,1056,0
21291,1052,0
21292,1060,0
21293,1060,0
21294,1051,0
21295,1052,0
21296,1044,0
21297,1047,0
21298,1065,0
21299,1059,0
21300,1052,0
21301,1064,0
21302,1056,0
21303,1049,0
21304,1055,0
21305,1053,0
21306,1055,0
21307,1052,0
21308,1052,0
21309,1054,0
21310,1041,0
21311,1059,0
21312,1055,0
21313,1052,0
21314,1052,0
21315,1051,0
21316,1054,0
21317,1057,0
21318,1050,0
21319,1058,0
21320,1044,0
21321,1056,0
21322,1041,0
21323,1052,0
21324,1053,0
21325,1059,0
21326,1049,0
21327,1061,0
21328,1049,0
21329,1060,0
21330,1059,0
21331,1058,0
21332,1048,0
21333,1050,0
21334,1060,0
21335,1056,0
21336,1059,0
21337,1053,0
21338,1049,0
21339,1052,0
21340,1053,0
21341,1053,0
21342,1050,0
21343,1050,0
21344,1051,0
21345,1049,0
21346,1052,0
21347,1057,0
21348,1056,0
21349,1048,0
21350,1049,0
21351,1055,0
21352,1053,0
21353,1056,0
21354,1056,0
21355,1050,0
21356,1057,0
21357,1055,0
21358,1048,0
21359,1052,0
21360,1050,0
21361,1063,0
21362,1051,0
21363,1057,0
21364,1048,0
21365,1047,0
21366,1056,0
21367,1053,0
21368,1055,0
21369,1058,0
21370,1052,0
21371,1051,0
21372,1063,0
21373,1052,0
21374,1055,0
21375,1067,0
21376,1049,0
21377,1047,0
21378,1058,0
21379,1057,0
21380,1048,0
21381,1054,0
21382,1057,0
21383,1045,0
21384,1063,0
21385,1051,0
21386,1065,0
21387,1056,0
21388,1061,0
21389,1057,0
21390,1051,0
21391,1053,0
21392,1050,0
21393,1054,0
21394,1067,0
21395,1051,0
21396,1052,0
21397,1055,0
21398,1065,0
21399,1054,0
21400,1054,0
21401,1060,0
21402,1055,0
21403,1046,0
21404,1054,0
21405,1051,0
21406,1058,0
21407,1053,0
21408,1061,0
21409,1059,0
21410,1050,0
21411,1058,0
21412,1047,0
21413,1058,0
21414,1051,0
21415,1058,0
21416,1046,0
21417,1055,0
21418,1055,0
21419,1056,0
21420,1057,0
21421,1047,0
21422,1056,0
21423,1049,0
21424,1060,0
21425,1047,0
21426,1058,0
21427,1051,0
21428,1050,0
21429,1054,0
21430,1045,0
21431,1055,0
21432,1050,0
21433,1053,0
21434,1058,0
21435,1050,0
21436,1046,0
21437,1053,0
21438,1056,0
21439,1053,0
21440,1052,0
21441,1055,0
21442,1045,0
21443,1045,0
21444,1047,0
21445,1052,0
21446,1047,0
21447,1054,0
21448,1060,0
21449,1055,0
21450,1054,0
21451,1060,0
21452,1048,0
21453,1054,0
21454,1056,0
21455,1048,0
21456,1049,0
21457,1050,0
21458,1050,0
21459,1059,0
21460,1051,0
21461,1050,0
21462,1045,0
21463,1059,0
21464,1049,0
21465,1054,0
21466,1051,0
21467,1059,0
21468,1052,0
21469,1057,0
21470,1055,0
21471,1051,0
21472,1052,0
21473,1065,0
21474,1044,0
21475,1055,0
21476,1048,0
21477,1052,0
21478,1055,0
21479,1058,0
21480,1049,0
21481,1046,0
21482,1056,0
21483,1067,0
21484,1044,0
21485,1051,0
21486,1047,0
21487,1056,0
21488,1056,0
21489,1051,0
21490,1057,0
21491,1055,0
21492,1054,0
21493,1050,0
21494,1046,0
21495,1052,0
21496,1051,0
21497,1054,0
21498,1055,0
21499,1053,0
21500,1054,0
21501,1049,0
21502,1055,0
21503,1056,0
21504,1061,0
21505,1052,0
21506,1056,0
21507,1047,0
21508,1044,0
21509,1057,0
21510,1051,0
21511,1054,0
21512,1055,0
21513,1048,0
21514,1056,0
21515,1055,0
21516,1053,0
21517,1062,0
21518,1048,0
21519,1051,0
21520,1057,0
21521,1050,0
21522,1052,0
21523,1049,0
21524,1056,0
21525,1054,0
21526,1048,0
21527,1054,0
21528,1052,0
21529,1052,0
21530,1047,0
21531,1060,0
21532,1053,0
21533,1063,0
21534,1046,0
21535,1058,0
21536,1050,0
21537,1058,0
21538,1061,0
21539,1058,0
21540,1043,0
21541,1058,0
21542,1055,0
21543,1057,0
21544,1053,0
21545,1050,0
21546,1057,0
21547,1054,0
21548,1052,0
21549,1055,0
21550,1044,0
21551,1054,0
21552,1056,0
21553,1057,0
21554,1052,0
21555,1051,0
21556,1046,0
21557,1055,0
21558,1058,0
21559,1062,0
21560,1058,0
21561,1055,0
21562,1052,0
21563,1054,0
21564,1058,0
21565,1048,0
21566,1056,0
21567,1058,0
21568,1058,0
21569,1049,0
21570,1046,0
21571,1059,0
21572,1050,0
21573,1057,0
21574,1051,0
21575,1056,0
21576,1049,0
21577,1053,0
21578,1048,0
21579,1046,0
21580,1050,0
21581,1052,0
21582,1050,0
21583,1053,0
21584,1057,0
21585,1050,0
21586,1053,0
21587,1050,0
21588,1050,0
21589,1053,0
21590,1056,0
21591,1061,0
21592,1055,0
21593,1055,0
21594,1056,0
21595,1051,0
21596,1051,0
21597,1051,0
21598,1057,0
21599,1054,0
21600,1052,0
21601,1051,0
21602,1054,0
21603,1057,0
21604,1040,0
21605,1054,0
21606,1053,0
21607,1052,0
21608,1055,0
21609,1049,0
21610,1047,0
21611,1056,0
21612,1067,0
21613,1056,0
21614,1056,0
21615,1049,0
21616,1058,0
21617,1055,0
21618,1052,0
21619,1059,0
21620,1065,0
21621,1057,0
21622,1058,0
21623,1055,0
21624,1057,0
21625,1050,0
21626,1057,0
21627,1057,0
21628,1055,0
21629,1046,0
21630,1062,0
21631,1053,0
21632,1060,0
21633,1045,0
21634,1054,0
21635,1053,0
21636,1058,0
21637,1048,0
21638,1051,0
21639,1063,0
21640,1048,0
21641,1046,0
21642,1049,0
21643,1059,0
21644,1040,0
21645,1055,0
21646,1054,0
21647,1055,0
21648,1054,0
21649,1049,0
21650,1057,0
21651,1052,0
21652,1051,0
21653,1052,0
21654,1041,0
21655,1045,0
21656,1057,0
21657,1056,0
21658,1055,0
21659,1055,0
21660,1049,0
21661,1048,0
21662,1058,0
21663,1055,0
21664,1056,0
21665,1057,0
21666,1054,0
21667,1053,0
21668,1063,0
21669,1056,0
21670,1051,0
21671,1051,0
21672,1055,0
21673,1052,0
21674,1048,0
21675,1048,0
21676,1046,0
21677,1058,0
21678,1054,0
21679,1051,0
21680,1052,0
21681,1059,0
21682,1045,0
21683,1051,0
21684,1058,0
21685,1058,0
21686,1048,0
21687,1057,0
21688,1053,0
21689,1054,0
21690,1055,0
21691,1057,0
21692,1053,0
21693,1053,0
21694,1051,0
21695,1050,0
21696,1056,0
21697,1055,0
21698,1049,0
21699,1054,0
21700,1051,0
21701,1045,0
21702,1050,0
21703,1055,0
21704,1059,0
21705,1053,0
21706,1050,0
21707,1057,0
21708,1054,0
21709,1061,0
21710,1052,0
21711,1063,0
21712,1054,0
21713,1050,0
21714,1053,0
21715,1060,0
21716,1061,0
21717,1057,0
21718,1038,0
21719,1054,0
21720,1064,0
21721,1055,0
21722,1059,0
21723,1057,0
21724,1063,0
21725,1057,0
21726,1056,0
21727,1052,0
21728,1065,0
21729,1046,0
21730,1048,0
21731,1050,0
21732,1057,0
21733,1046,0
21734,1056,0
21735,1053,0
21736,1049,0
21737,1061,0
21738,1049,0
21739,1051,0
21740,1049,0
21741,1057,0
21742,1059,0
21743,1057,0
21744,1054,0
21745,1061,0
21746,1059,0
21747,1062,0
21748,1054,0
21749,1049,0
21750,1059,0
21751,1046,0
21752,1054,0
21753,1058,0
21754,1058,0
21755,1053,0
21756,1058,0
21757,1048,0
21758,1048,0
21759,1049,0
21760,1063,0
21761,1056,0
21762,1052,0
21763,1061,0
21764,1060,0
21765,1058,0
21766,1058,0
21767,1048,0
21768,1053,0
21769,1049,0
21770,1052,0
21771,1049,0
21772,1050,0
21773,1063,0
21774,1062,0
21775,1044,0
21776,1048,0
21777,1056,0
21778,1051,0
21779,1057,0
21780,1052,0
21781,1061,0
21782,1051,0
21783,1044,0
21784,1063,0
21785,1056,0
21786,1047,0
21787,1055,0
21788,1062,0
21789,1054,0
21790,1053,0
21791,1053,0
21792,1066,0
21793,1045,0
21794,1063,0
21795,1049,0
21796,1054,0
21797,1055,0
21798,1057,0
21799,1050,0
21800,1052,0
21801,1055,0
21802,1059,0
21803,1055,0
21804,1051,0
21805,1061,0
21806,1061,0
21807,1058,0
21808,1061,0
21809,1063,0
21810,1059,0
21811,1064,0
21812,1051,0
21813,1049,0
21814,1053,0
21815,1056,0
21816,1058,0
21817,1056,0
21818,1051,0
21819,1056,0
21820,1058,0
21821,1047,0
21822,1053,0
21823,1053,0
21824,1054,0
21825,1050,0
21826,1055,0
21827,1049,0
21828,1059,0
21829,1061,0
21830,1058,0
21831,1055,0
21832,1056,0
21833,1048,0
21834,1059,0
21835,1055,0
21836,1053,0
21837,1051,0
21838,1049,0
21839,1056,0
21840,1050,0
21841,1052,0
21842,1049,0
21843,1056,0
21844,1058,0
21845,1048,0
21846,1050,0
21847,1056,0
21848,1052,0
21849,1045,0
21850,1056,0
21851,1046,0
21852,1051,0
21853,1048,0
21854,1051,0
21855,1059,0
21856,1054,0
21857,1049,0
21858,1044,0
21859,1054,0
21860,1058,0
21861,1059,0
21862,1051,0
21863,1052,0
21864,1057,0
21865,1053,0
21866,1055,0
21867,1056,0
21868,1053,0
21869,1049,0
21870,1057,0
21871,1054,0
21872,1056,0
21873,1061,0
21874,1055,0
21875,1045,0
21876,1051,0
21877,1060,0
21878,1048,0
21879,1059,0
21880,1054,0
21881,1060,0
21882,1055,0
21883,1057,0
21884,1056,0
21885,1048,0
21886,1057,0
21887,1067,0
21888,1052,0
21889,1057,0
21890,1047,0
21891,1058,0
21892,1053,0
21893,1047,0
21894,1047,0
21895,1045,0
21896,1062,0
21897,1054,0
21898,1057,0
21899,1060,0
21900,1054,0
21901,1062,0
21902,1053,0
21903,1051,0
21904,1060,0
21905,1058,0
21906,1053,0
21907,1052,0
21908,1044,0
21909,1061,0
21910,1062,0
21911,1053,0
21912,1054,0
21913,1056,0
21914,1053,0
21915,1048,0
21916,1048,0
21917,1058,0
21918,1055,0
21919,1057,0
21920,1048,0
21921,1050,0
21922,1054,0
21923,1060,0
21924,1046,0
21925,1052,0
21926,1049,0
21927,1047,0
21928,1059,0
21929,1055,0
21930,1057,0
21931,1054,0
21932,1060,0
21933,1056,0
21934,1044,0
21935,1059,0
21936,1053,0
21937,1064,0
21938,1057,0
21939,1056,0
21940,1049,0
21941,1045,0
21942,1054,0
21943,1041,0
21944,1060,0
21945,1041,0
21946,1051,0
21947,1049,0
21948,1045,0
21949,1057,0
21950,1051,0
21951,1057,0
21952,1065,0
21953,1037,0
21954,1051,0
21955,1058,0
21956,1058,0
21957,1049,0
21958,1068,0
21959,1053,0
21960,1059,0
21961,1060,0
21962,1056,0
21963,1049,0
21964,1066,0
21965,1068,0
21966,1053,0
21967,1058,0
21968,1055,0
21969,1059,0
21970,1058,0
21971,1055,0
21972,1051,0
21973,1057,0
21974,1066,0
21975,1063,0
21976,1066,0
21977,1067,0
21978,1048,0
21979,1052,0
21980,1059,0
21981,1048,0
21982,1058,0
21983,1048,0
21984,1048,0
21985,1053,0
21986,1053,0
21987,1059,0
21988,1059,0
21989,1054,0
21990,1053,0
21991,1050,0
21992,1043,0
21993,1050,0
21994,1051,0
21995,1052,0
21996,1051,0
21997,1055,0
21998,1054,0
21999,1049,0
22000,1060,0
22001,1056,0
22002,1057,0
22003,1057,0
22004,1052,0
22005,1044,0
22006,1057,0
22007,1056,0
22008,1054,0
22009,1055,0
22010,1057,0
22011,1059,0
22012,1057,0
22013,1050,0
22014,1055,0
22015,1059,0
22016,1056,0
22017,1055,0
22018,1052,0
22019,1056,0
22020,1051,0
22021,1060,0
22022,1057,0
22023,1054,0
22024,1053,0
22025,1062,0
22026,1058,0
22027,1055,0
22028,1049,0
22029,1056,0
22030,1052,0
22031,1057,0
22032,1057,0
22033,1057,0
22034,1052,0
22035,1047,0
22036,1052,0
22037,1068,0
22038,1052,0
22039,1052,0
22040,1062,0
22041,1061,0
22042,1054,0
22043,1059,0
22044,1056,0
22045,1057,0
22046,1056,0
22047,1058,0
22048,1064,0
22049,1052,0
22050,1055,0
22051,1058,0
22052,1049,0
22053,1060,0
22054,1049,0
22055,1062,0
22056,1051,0
22057,1057,0
22058,1056,0
22059,1050,0
22060,1064,0
22061,1040,0
22062,1059,0
22063,1059,0
22064,1053,0
22065,1054,0
22066,1051,0
22067,1056,0
22068,1062,0
22069,1055,0
22070,1053,0
22071,1056,0
22072,1054,0
22073,1052,0
22074,1054,0
22075,1047,0
22076,1053,0
22077,1052,0
22078,1051,0
22079,1057,0
22080,1047,0
22081,1062,0
22082,1058,0
22083,1060,0
22084,1054,0
22085,1056,0
22086,1057,0
22087,1052,0
22088,1061,0
22089,1054,0
22090,1045,0
22091,1052,0
22092,1049,0
22093,1046,0
22094,1051,0
22095,1054,0
22096,1053,0
22097,1059,0
22098,1060,0
22099,1055,0
22100,1059,0
22101,1062,0
22102,1053,0
22103,1051,0
22104,1061,0
22105,1057,0
22106,1050,0
22107,1058,0
22108,1051,0
22109,1054,0
22110,1052,0
22111,1056,0
22112,1057,0
22113,1052,0
22114,1056,0
22115,1054,0
22116,1057,0
22117,1057,0
22118,1058,0
22119,1054,0
22120,1058,0
22121,1060,0
22122,1056,0
22123,1046,0
22124,1047,0
22125,1054,0
22126,1055,0
22127,1059,0
22128,1061,0
22129,1053,0
22130,1053,0
22131,1059,0
22132,1047,0
22133,1046,0
22134,1048,0
22135,1049,0
22136,1054,0
22137,1054,0
22138,1058,0
22139,1056,0
22140,1051,0
22141,1052,0
22142,1047,0
22143,1059,0
22144,1055,0
22145,1055,0
22146,1058,0
22147,1059,0
22148,1047,0
22149,1048,0
22150,1052,0
22151,1061,0
22152,1063,0
22153,1054,0
22154,1058,0
22155,1058,0
22156,1063,0
22157,1047,0
22158,1052,0
22159,1060,0
22160,1058,0
22161,1052,0
22162,1058,0
22163,1048,0
22164,1051,0
22165,1055,0
22166,1050,0
22167,1053,0
22168,1055,0
22169,1064,0
22170,1054,0
22171,1059,0
22172,1054,0
22173,1055,0
22174,1063,0
22175,1054,0
22176,1048,0
22177,1043,0
22178,1055,0
22179,1057,0
22180,1041,0
22181,1058,0
22182,1058,0
22183,1049,0
22184,1056,0
22185,1053,0
22186,1054,0
22187,1056,0
22188,1049,0
22189,1057,0
22190,1052,0
22191,1055,0
22192,1058,0
22193,1050,0
22194,1056,0
22195,1053,0
22196,1060,0
22197,1055,0
22198,1047,0
22199,1064,0
22200,1051,0
22201,1048,0
22202,1055,0
22203,1055,0
22204,1050,0
22205,1059,0
22206,1060,0
22207,1059,0
22208,1047,0
22209,1049,0
22210,1063,0
22211,1057,0
22212,1047,0
22213,1055,0
22214,1051,0
22215,1048,0
22216,1047,0
22217,1057,0
22218,1053,0
22219,1053,0
22220,1046,0
22221,1062,0
22222,1047,0
22223,1060,0
22224,1057,0
22225,1054,0
22226,1056,0
22227,1054,0
22228,1052,0
22229,1056,0
22230,1058,0
22231,1053,0
22232,1059,0
22233,1053,0
22234,1054,0
22235,1051,0
22236,1052,0
22237,1054,0
22238,1061,0
22239,1047,0
22240,1046,0
22241,1061,0
22242,1055,0
22243,1050,0
22244,1060,0
22245,1049,0
22246,1058,0
22247,1047,0
22248,1064,0
22249,1047,0
22250,1051,0
22251,1050,0
22252,1057,0
22253,1057,0
22254,1047,0
22255,1055,0
22256,1046,0
22257,1048,0
22258,1053,0
22259,1054,0
22260,1057,0
22261,1052,0
22262,1062,0
22263,1061,0
22264,1051,0
22265,1058,0
22266,1053,0
22267,1052,0
22268,1059,0
22269,1056,0
22270,1060,0
22271,1049,0
22272,1045,0
22273,1053,0
22274,1052,0
22275,1056,0
22276,1056,0
22277,1047,0
22278,1053,0
22279,1058,0
22280,1048,0
22281,1056,0
22282,1062,0
22283,1051,0
22284,1048,0
22285,1056,0
22286,1061,0
22287,1054,0
22288,1061,0
22289,1050,0
22290,1047,0
22291,1057,0
22292,1049,0
22293,1053,0
22294,1062,0
22295,1051,0
22296,1051,0
22297,1054,0
22298,1056,0
22299,1056,0
22300,1057,0
22301,1045,0
22302,1053,0
22303,1051,0
22304,1055,0
22305,1056,0
22306,1053,0
22307,1059,0
22308,1052,0
22309,1058,0
22310,1058,0
22311,1050,0
22312,1057,0
22313,1054,0
22314,1056,0
22315,1048,0
22316,1052,0
22317,1056,0
22318,1058,0
22319,1048,0
22320,1056,0
22321,1053,0
22322,1046,0
22323,1058,0
22324,1053,0
22325,1056,0
22326,1054,0
22327,1055,0
22328,1054,0
22329,1054,0
22330,1053,0
22331,1049,0
22332,1055,0
22333,1054,0
22334,1059,0
22335,1050,0
22336,1055,0
22337,1055,0
22338,1054,0
22339,1063,0
22340,1056,0
22341,1052,0
22342,1052,0
22343,1061,0
22344,1060,0
22345,1051,0
22346,1055,0
22347,1055,0
22348,1050,0
22349,1054,0
22350,1052,0
22351,1057,0
22352,1054,0
22353,1058,0
22354,1055,0
22355,1050,0
22356,1052,0
22357,1050,0
22358,1063,0
22359,1058,0
22360,1056,0
22361,1051,0
22362,1048,0
22363,1055,0
22364,1057,0
22365,1054,0
22366,1047,0
22367,1050,0
22368,1058,0
22369,1052,0
22370,1062,0
22371,1053,0
22372,1054,0
22373,1050,0
22374,1045,0
22375,1051,0
22376,1052,0
22377,1048,0
22378,1055,0
22379,1049,0
22380,1061,0
22381,1058,0
22382,1059,0
22383,1047,0
22384,1047,0
22385,1045,0
22386,1048,0
22387,1055,0
22388,1060,0
22389,1054,0
22390,1045,0
22391,1064,0
22392,1059,0
22393,1051,0
22394,1054,0
22395,1061,0
22396,1053,0
22397,1059,0
22398,1053,0
22399,1043,0
22400,1053,0
22401,1052,0
22402,1051,0
22403,1059,0
22404,1053,0
22405,1059,0
22406,1051,0
22407,1053,0
22408,1055,0
22409,1052,0
22410,1051,0
22411,1050,0
22412,1047,0
22413,1060,0
22414,1046,0
22415,1051,0
22416,1050,0
22417,1048,0
22418,1054,0
22419,1056,0
22420,1059,0
22421,1053,0
22422,1056,0
22423,1054,0
22424,1051,0
22425,1055,0
22426,1061,0
22427,1052,0
22428,1058,0
22429,1051,0
22430,1050,0
22431,1059,0
22432,1054,0
22433,1046,0
22434,1056,0
22435,1049,0
22436,1053,0
22437,1051,0
22438,1054,0
22439,1058,0
22440,1053,0
22441,1053,0
22442,1056,0
22443,1054,0
22444,1056,0
22445,1063,0
22446,1060,0
22447,1054,0
22448,1059,0
22449,1057,0
22450,1063,0
22451,1058,0
22452,1042,0
22453,1064,0
22454,1062,0
22455,1059,0
22456,1045,0
22457,1063,0
22458,1050,0
22459,1049,0
22460,1052,0
22461,1052,0
22462,1053,0
22463,1050,0
22464,1062,0
22465,1050,0
22466,1058,0
22467,1062,0
22468,1057,0
22469,1044,0
22470,1055,0
22471,1055,0
22472,1056,0
22473,1050,0
22474,1055,0
22475,1055,0
22476,1059,0
22477,1058,0
22478,1057,0
22479,1058,0
22480,1057,0
22481,1056,0
22482,1050,0
22483,1054,0
22484,1050,0
22485,1048,0
22486,1053,0
22487,1055,0
22488,1048,0
22489,1052,0
22490,1058,0
22491,1052,0
22492,1048,0
22493,1061,0
22494,1051,0
22495,1046,0
22496,1058,0
22497,1056,0
22498,1053,0
22499,1037,0
22500,1056,0
22501,1049,0
22502,1052,0
22503,1054,0
22504,1053,0
22505,1053,0
22506,1060,0
22507,1051,0
22508,1048,0
22509,1067,0
22510,1056,0
22511,1045,0
22512,1055,0
22513,1058,0
22514,1044,0
22515,1053,0
22516,1057,0
22517,1047,0
22518,1053,0
22519,1059,0
22520,1050,0
22521,1050,0
22522,1058,0
22523,1057,0
22524,1052,0
22525,1056,0
22526,1055,0
22527,1050,0
22528,1050,0
22529,1054,0
22530,1048,0
22531,1052,0
22532,1056,0
22533,1053,0
22534,1056,0
22535,1053,0
22536,1051,0
22537,1051,0
22538,1050,0
22539,1053,0
22540,1053,0
22541,1046,0
22542,1055,0
22543,1055,0
22544,1055,0
22545,1051,0
22546,1046,0
22547,1044,0
22548,1060,0
22549,1055,0
22550,1056,0
22551,1052,0
22552,1059,0
22553,1050,0
22554,1053,0
22555,1060,0
22556,1057,0
22557,1053,0
22558,1052,0
22559,1060,0
22560,1045,0
22561,1053,0
22562,1054,0
22563,1050,0
22564,1059,0
22565,1055,0
22566,1053,0
22567,1045,0
22568,1049,0
22569,1061,0
22570,1059,0
22571,1050,0
22572,1054,0
22573,1058,0
22574,1053,0
22575,1047,0
22576,1051,0
22577,1051,0
22578,1059,0
22579,1061,0
22580,1047,0
22581,1053,0
22582,1051,0
22583,1057,0
22584,1057,0
22585,1052,0
22586,1058,0
22587,1050,0
22588,1052,0
22589,1045,0
22590,1060,0
22591,1055,0
22592,1050,0
22593,1056,0
22594,1058,0
22595,1055,0
22596,1051,0
22597,1048,0
22598,1052,0
22599,1050,0
22600,1062,0
22601,1056,0
22602,1056,0
22603,1047,0
22604,1058,0
22605,1058,0
22606,1057,0
22607,1043,0
22608,1056,0
22609,1054,0
22610,1060,0
22611,1051,0
22612,1051,0
22613,1061,0
22614,1051,0
22615,1051,0
22616,1059,0
22617,1048,0
22618,1054,0
22619,1055,0
22620,1050,0
22621,1063,0
22622,1064,0
22623,1053,0
22624,1058,0
22625,1055,0
22626,1057,0
22627,1055,0
22628,1059,0
22629,1041,0
22630,1062,0
22631,1051,0
22632,1059,0
22633,1058,0
22634,1064,0
22635,1057,0
22636,1049,0
22637,1055,0
22638,1056,0
22639,1054,0
22640,1058,0
22641,1057,0
22642,1054,0
22643,1059,0
22644,1050,0
22645,1050,0
22646,1056,0
22647,1048,0
22648,1056,0
22649,1055,0
22650,1046,0
22651,1050,0
22652,1058,0
22653,1050,0
22654,1062,0
22655,1066,0
22656,1053,0
22657,1046,0
22658,1055,0
22659,1060,0
22660,1051,0
22661,1066,0
22662,1055,0
22663,1060,0
22664,1055,0
22665,1063,0
22666,1056,0
22667,1054,0
22668,1058,0
22669,1056,0
22670,1051,0
22671,1057,0
22672,1053,0
22673,1052,0
22674,1054,0
22675,1051,0
22676,1054,0
22677,1058,0
22678,1050,0
22679,1052,0
22680,1053,0
22681,1063,0
22682,1056,0
22683,1052,0
22684,1055,0
22685,1051,0
22686,1055,0
22687,1069,0
22688,1053,0
22689,1056,0
22690,1052,0
22691,1058,0
22692,1056,0
22693,1056,0
22694,1051,0
22695,1055,0
22696,1058,0
22697,1053,0
22698,1055,0
22699,1050,0
22700,1056,0
22701,1051,0
22702,1059,0
22703,1051,0
22704,1058,0
22705,1061,0
22706,1055,0
22707,1047,0
22708,1057,0
22709,1052,0
22710,1056,0
22711,1055,0
22712,1050,0
22713,1052,0
22714,1058,0
22715,1053,0
22716,1052,0
22717,1057,0
22718,1055,0
22719,1059,0
22720,1059,0
22721,1048,0
22722,1048,0
22723,1061,0
22724,1062,0
22725,1061,0
22726,1055,0
22727,1060,0
22728,1057,0
22729,1050,0
22730,1057,0
22731,1048,0
22732,1058,0
22733,1049,0
22734,1062,0
22735,1051,0
22736,1057,0
22737,1065,0
22738,1050,0
22739,1061,0
22740,1059,0
22741,1054,0
22742,1047,0
22743,1058,0
22744,1058,0
22745,1047,0
22746,1059,0
22747,1058,0
22748,1052,0
22749,1051,0
22750,1054,0
22751,1053,0
22752,1052,0
22753,1056,0
22754,1055,0
22755,1064,0
22756,1053,0
22757,1062,0
22758,1059,0
22759,1057,0
22760,1055,0
22761,1059,0
22762,1052,0
22763,1060,0
22764,1066,0
22765,1056,0
22766,1057,0
22767,1047,0
22768,1061,0
22769,1062,0
22770,1058,0
22771,1049,0
22772,1055,0
22773,1060,0
22774,1060,0
22775,1047,0
22776,1060,0
22777,1062,0
22778,1060,0
22779,1055,0
22780,1052,0
22781,1061,0
22782,1057,0
22783,1049,0
22784,1042,0
22785,1057,0
22786,1054,0
22787,1045,0
22788,1056,0
22789,1053,0
22790,1051,0
22791,1054,0
22792,1053,0
22793,1050,0
22794,1050,0
22795,1044,0
22796,1054,0
22797,1050,0
22798,1056,0
22799,1054,0
22800,1046,0
22801,1057,0
22802,1056,0
22803,1058,0
22804,1049,0
22805,1064,0
22806,1060,0
22807,1035,0
22808,1066,0
22809,1048,0
22810,1054,0
22811,1053,0
22812,1060,0
22813,1055,0
22814,1051,0
22815,1048,0
22816,1049,0
22817,1046,0
22818,1062,0
22819,1056,0
22820,1064,0
22821,1060,0
22822,1052,0
22823,1053,0
22824,1061,0
22825,1045,0
22826,1054,0
22827,1049,0
22828,1055,0
22829,1050,0
22830,1050,0
22831,1046,0
22832,1059,0
22833,1052,0
22834,1054,0
22835,1048,0
22836,1050,0
22837,1060,0
22838,1055,0
22839,1052,0
22840,1050,0
22841,1051,0
22842,1055,0
22843,1055,0
22844,1063,0
22845,1054,0
22846,1054,0
22847,1057,0
22848,1056,0
22849,1057,0
22850,1045,0
22851,1062,0
22852,1054,0
22853,1044,0
22854,1056,0
22855,1055,0
22856,1040,0
22857,1053,0
22858,1049,0
22859,1049,0
22860,1051,0
22861,1062,0
22862,1051,0
22863,1054,0
22864,1062,0
22865,1048,0
22866,1043,0
22867,1064,0
22868,1050,0
22869,1050,0
22870,1055,0
22871,1057,0
22872,1051,0
22873,1051,0
22874,1056,0
22875,1048,0
22876,1059,0
22877,1058,0
22878,1058,0
22879,1062,0
22880,1051,0
22881,1056,0
22882,1044,0
22883,1051,0
22884,1052,0
22885,1062,0
22886,1056,0
22887,1052,0
22888,1054,0
22889,1054,0
22890,1055,0
22891,1051,0
22892,1061,0
22893,1055,0
22894,1053,0
22895,1058,0
22896,1046,0
22897,1051,0
22898,1056,0
22899,1057,0
22900,1057,0
22901,1051,0
22902,1052,0
22903,1057,0
22904,1051,0
22905,1054,0
22906,1044,0
22907,1060,0
22908,1056,0
22909,1043,0
22910,1054,0
22911,1053,0
22912,1058,0
22913,1056,0
22914,1069,0
22915,1045,0
22916,1055,0
22917,1057,0
22918,1053,0
22919,1057,0
22920,1051,0
22921,1053,0
22922,1071,0
22923,1053,0
22924,1055,0
22925,1052,0
22926,1062,0
22927,1054,0
22928,1046,0
22929,1054,0
22930,1046,0
22931,1054,0
22932,1055,0
22933,1052,0
22934,1062,0
22935,1055,0
22936,1048,0
22937,1049,0
22938,1053,0
22939,1049,0
22940,1048,0
22941,1055,0
22942,1052,0
22943,1048,0
22944,1050,0
22945,1060,0
22946,1055,0
22947,1042,0
22948,1061,0
22949,1054,0
22950,1050,0
22951,1053,0
22952,1049,0
22953,1057,0
22954,1044,0
22955,1053,0
22956,1054,0
22957,1055,0
22958,1053,0
22959,1051,0
22960,1055,0
22961,1051,0
22962,1056,0
22963,1053,0
22964,1053,0
22965,1051,0
22966,1054,0
22967,1056,0
22968,1062,0
22969,1059,0
22970,1048,0
22971,1052,0
22972,1048,0
22973,1053,0
22974,1049,0
22975,1052,0
22976,1055,0
22977,1051,0
22978,1061,0
22979,1053,0
22980,1051,0
22981,1067,0
22982,1046,0
22983,1050,0
22984,1052,0
22985,1044,0
22986,1051,0
22987,1057,0
22988,1061,0
22989,1056,0
22990,1062,0
22991,1049,0
22992,1065,0
22993,1056,0
22994,1048,0
22995,1052,0
22996,1057,0
22997,1064,0
22998,1053,0
22999,1049,0
23000,1053,0
23001,1057,0
23002,1040,0
23003,1062,0
23004,1053,0
23005,1054,0
23006,1051,0
23007,1057,0
23008,1051,0
23009,1049,0
23010,1054,0
23011,1051,0
23012,1050,0
23013,1054,0
23014,1053,0
23015,1051,0
23016,1040,0
23017,1048,0
23018,1049,0
23019,1058,0
23020,1051,0
23021,1056,0
23022,1049,0
23023,1046,0
23024,1050,0
23025,1050,0
23026,1061,0
23027,1049,0
23028,1047,0
23029,1051,0
23030,1054,0
23031,1058,0
23032,1055,0
23033,1057,0
23034,1050,0
23035,1054,0
23036,1042,0
23037,1055,0
23038,1050,0
23039,1046,0
23040,1060,0
23041,1045,0
23042,1050,0
23043,1050,0
23044,1054,0
23045,1058,0
23046,1055,0
23047,1049,0
23048,1054,0
23049,1052,0
23050,1048,0
23051,1051,0
23052,1068,0
23053,1056,0
23054,1062,0
23055,1054,0
23056,1046,0
23057,1056,0
23058,1053,0
23059,1052,0
23060,1050,0
23061,1050,0
23062,1048,0
23063,1048,0
23064,1045,0
23065,1048,0
23066,1053,0
23067,1055,0
23068,1051,0
23069,1056,0
23070,1062,0
23071,1046,0
23072,1053,0
23073,1053,0
23074,1057,0
23075,1059,0
23076,1065,0
23077,1047,0
23078,1051,0
23079,1055,0
23080,1051,0
23081,1049,0
23082,1049,0
23083,1052,0
23084,1039,0
23085,1054,0
23086,1060,0
23087,1055,0
23088,1048,0
23089,1050,0
23090,1057,0
23091,1054,0
23092,1045,0
23093,1055,0
23094,1058,0
23095,1050,0
23096,1053,0
23097,1067,0
23098,1055,0
23099,1054,0
23100,1063,0
23101,1052,0
23102,1050,0
23103,1048,0
23104,1056,0
23105,1043,0
23106,1049,0
23107,1054,0
23108,1054,0
23109,1055,0
23110,1044,0
23111,1056,0
23112,1052,0
23113,1055,0
23114,1054,0
23115,1057,0
23116,1051,0
23117,1060,0
23118,1054,0
23119,1057,0
23120,1052,0
23121,1053,0
23122,1052,0
23123,1054,0
23124,1051,0
23125,1052,0
23126,1050,0
23127,1047,0
23128,1056,0
23129,1048,0
23130,1056,0
23131,1048,0
23132,1059,0
23133,1048,0
23134,1053,0
23135,1052,0
23136,1045,0
23137,1043,0
23138,1061,0
23139,1051,0
23140,1042,0
23141,1053,0
23142,1056,0
23143,1050,0
23144,1050,0
23145,1053,0
23146,1055,0
23147,1055,0
23148,1061,0
23149,1053,0
23150,1054,0
23151,1055,0
23152,1054,0
23153,1055,0
23154,1057,0
23155,1049,0
23156,1050,0
23157,1046,0
23158,1058,0
23159,1049,0
23160,1051,0
23161,1061,0
23162,1047,0
23163,1049,0
23164,1052,0
23165,1053,0
23166,1048,0
23167,1059,0
23168,1044,0
23169,1051,0
23170,1052,0
23171,1059,0
23172,1062,0
23173,1054,0
23174,1048,0
23175,1046,0
23176,1056,0
23177,1051,0
23178,1051,0
23179,1058,0
23180,1043,0
23181,1052,0
23182,1054,0
23183,1045,0
23184,1057,0
23185,1051,0
23186,1047,0
23187,1052,0
23188,1060,0
23189,1050,0
23190,1048,0
23191,1055,0
23192,1045,0
23193,1050,0
23194,1063,0
23195,1050,0
23196,1049,0
23197,1063,0
23198,1058,0
23199,1055,0
23200,1047,0
23201,1049,0
23202,1063,0
23203,1051,0
23204,1057,0
23205,1053,0
23206,1054,0
23207,1063,0
23208,1052,0
23209,1053,0
23210,1052,0
23211,1059,0
23212,1051,0
23213,1060,0
23214,1054,0
23215,1055,0
23216,1054,0
23217,1050,0
23218,1054,0
23219,1051,0
23220,1053,0
23221,1061,0
23222,1056,0
23223,1058,0
23224,1049,0
23225,1050,0
23226,1047,0
23227,1054,0
23228,1059,0
23229,1055,0
23230,1052,0
23231,1060,0
23232,1056,0
23233,1051,0
23234,1052,0
23235,1049,0
23236,1049,0
23237,1046,0
23238,1058,0
23239,1057,0
23240,1053,0
23241,1043,0
23242,1054,0
23243,1051,0
23244,1056,0
23245,1047,0
23246,1048,0
23247,1048,0
23248,1054,0
23249,1055,0
23250,1056,0
23251,1052,0
23252,1043,0
23253,1053,0
23254,1055,0
23255,1050,0
23256,1057,0
23257,1048,0
23258,1055,0
23259,1051,0
23260,1061,0
23261,1055,0
23262,1056,0
23263,1056,0
23264,1052,0
23265,1060,0
23266,1052,0
23267,1056,0
23268,1054,0
23269,1058,0
23270,1053,0
23271,1049,0
23272,1051,0
23273,1055,0
23274,1061,0
23275,1064,0
23276,1058,0
23277,1051,0
23278,1057,0
23279,1048,0
23280,1051,0
23281,1061,0
23282,1058,0
23283,1052,0
23284,1056,0
23285,1046,0
23286,1057,0
23287,1037,0
23288,1049,0
23289,1059,0
23290,1048,0
23291,1054,0
23292,1047,0
23293,1059,0
23294,1055,0
23295,1041,0
23296,1054,0
23297,1053,0
23298,1059,0
23299,1055,0
23300,1057,0
23301,1056,0
23302,1053,0
23303,1051,0
23304,1050,0
23305,1051,0
23306,1060,0
23307,1062,0
23308,1045,0
23309,1060,0
23310,1056,0
23311,1053,0
23312,1065,0
23313,1055,0
23314,1048,0
23315,1051,0
23316,1051,0
23317,1052,0
23318,1058,0
23319,1048,0
23320,1052,0
23321,1047,0
23322,1056,0
23323,1049,0
23324,1057,0
23325,1048,0
23326,1058,0
23327,1049,0
23328,1059,0
23329,1053,0
23330,1048,0
23331,1060,0
23332,1056,0
23333,1054,0
23334,1060,0
23335,1060,0
23336,1052,0
23337,1049,0
23338,1047,0
23339,1051,0
23340,1050,0
23341,1058,0
23342,1057,0
23343,1060,0
23344,1055,0
23345,1056,0
23346,1053,0
23347,1051,0
23348,1057,0
23349,1047,0
23350,1052,0
23351,1059,0
23352,1048,0
23353,1060,0
23354,1052,0
23355,1057,0
23356,1054,0
23357,1059,0
23358,1053,0
23359,1056,0
23360,1055,0
23361,1065,0
23362,1049,0
23363,1046,0
23364,1048,0
23365,1059,0
23366,1054,0
23367,1050,0
23368,1053,0
23369,1050,0
23370,1057,0
23371,1056,0
23372,1056,0
23373,1063,0
23374,1051,0
23375,1053,0
23376,1047,0
23377,1050,0
23378,1040,0
23379,1052,0
23380,1053,0
23381,1051,0
23382,1050,0
23383,1052,0
23384,1051,0
23385,1055,0
23386,1057,0
23387,1054,0
23388,1059,0
23389,1057,0
23390,1056,0
23391,1044,0
23392,1053,0
23393,1053,0
23394,1059,0
23395,1051,0
23396,1048,0
23397,1042,0
23398,1047,0
23399,1054,0
23400,1048,0
23401,1055,0
23402,1061,0
23403,1047,0
23404,1057,0
23405,1045,0
23406,1048,0
23407,1062,0
23408,1048,0
23409,1060,0
23410,1052,0
23411,1044,0
23412,1050,0
23413,1048,0
23414,1059,0
23415,1046,0
23416,1043,0
23417,1060,0
23418,1052,0
23419,1045,0
23420,1052,0
23421,1056,0
23422,1059,0
23423,1047,0
23424,1058,0
23425,1050,0
23426,1037,0
23427,1055,0
23428,1051,0
23429,1047,0
23430,1057,0
23431,1052,0
23432,1057,0
23433,1049,0
23434,1033,0
23435,1052,0
23436,1058,0
23437,1054,0
23438,1051,0
23439,1048,0
23440,1055,0
23441,1054,0
23442,1052,0
23443,1054,0
23444,1054,0
23445,1049,0
23446,1051,0
23447,1064,0
23448,1062,0
23449,1057,0
23450,1057,0
23451,1054,0
23452,1043,0
23453,1043,0
23454,1048,0
23455,1052,0
23456,1064,0
23457,1047,0
23458,1056,0
23459,1051,0
23460,1051,0
23461,1060,0
23462,1050,0
23463,1054,0
23464,1051,0
23465,1062,0
23466,1052,0
23467,1051,0
23468,1038,0
23469,1051,0
23470,1051,0
23471,1052,0
23472,1049,0
23473,1057,0
23474,1048,0
23475,1060,0
23476,1044,0
23477,1050,0
23478,1053,0
23479,1064,0
23480,1064,0
23481,1048,0
23482,1064,0
23483,1057,0
23484,1056,0
23485,1058,0
23486,1054,0
23487,1050,0
23488,1058,0
23489,1053,0
23490,1057,0
23491,1060,0
23492,1052,0
23493,1060,0
23494,1046,0
23495,1052,0
23496,1049,0
23497,1050,0
23498,1055,0
23499,1049,0
23500,1045,0
23501,1046,0
23502,1044,0
23503,1058,0
23504,1054,0
23505,1053,0
23506,1056,0
23507,1056,0
23508,1045,0
23509,1056,0
23510,1052,0
23511,1048,0
23512,1051,0
23513,1056,0
23514,1050,0
23515,1052,0
23516,1058,0
23517,1048,0
23518,1053,0
23519,1054,0
23520,1056,0
23521,1056,0
23522,1056,0
23523,1043,0
23524,1052,0
23525,1058,0
23526,1051,0
23527,1059,0
23528,1057,0
23529,1057,0
23530,1059,0
23531,1058,0
23532,1053,0
23533,1048,0
23534,1052,0
23535,1050,0
23536,1050,0
23537,1055,0
23538,1055,0
23539,1043,0
23540,1054,0
23541,1053,0
23542,1059,0
23543,1045,0
23544,1059,0
23545,1056,0
23546,1041,0
23547,1055,0
23548,1047,0
23549,1044,0
23550,1056,0
23551,1060,0
23552,1048,0
23553,1041,0
23554,1049,0
23555,1054,0
23556,1049,0
23557,1051,0
23558,1053,0
23559,1060,0
23560,1054,0
23561,1052,0
23562,1052,0
23563,1056,0
23564,1054,0
23565,1062,0
23566,1053,0
23567,1053,0
23568,1053,0
23569,1055,0
23570,1058,0
23571,1051,0
23572,1060,0
23573,1057,0
23574,1044,0
23575,1057,0
23576,1059,0
23577,1052,0
23578,1053,0
23579,1049,0
23580,1051,0
23581,1050,0
23582,1054,0
23583,1051,0
23584,1057,0
23585,1049,0
23586,1048,0
23587,1061,0
23588,1058,0
23589,1051,0
23590,1056,0
23591,1054,0
23592,1056,0
23593,1047,0
23594,1059,0
23595,1055,0
23596,1048,0
23597,1049,0
23598,1050,0
23599,1048,0
23600,1057,0
23601,1054,0
23602,1049,0
23603,1054,0
23604,1044,0
23605,1049,0
23606,1057,0
23607,1050,0
23608,1049,0
23609,1051,0
23610,1052,0
23611,1051,0
23612,1047,0
23613,1050,0
23614,1047,0
23615,1050,0
23616,1057,0
23617,1061,0
23618,1053,0
23619,1058,0
23620,1051,0
23621,1044,0
23622,1050,0
23623,1041,0
23624,1061,0
23625,1050,0
23626,1054,0
23627,1050,0
23628,1058,0
23629,1057,0
23630,1057,0
23631,1047,0
23632,1057,0
23633,1038,0
23634,1045,0
23635,1054,0
23636,1053,0
23637,1055,0
23638,1058,0
23639,1048,0
23640,1052,0
23641,1058,0
23642,1050,0
23643,1055,0
23644,1054,0
23645,1057,0
23646,1056,0
23647,1050,0
23648,1047,0
23649,1055,0
23650,1055,0
23651,1054,0
23652,1056,0
23653,1053,0
23654,1059,0
23655,1051,0
23656,1055,0
23657,1063,0
23658,1049,0
23659,1057,0
23660,1052,0
23661,1047,0
23662,1058,0
23663,1058,0
23664,1050,0
23665,1046,0
23666,1056,0
23667,1047,0
23668,1047,0
23669,1054,0
23670,1049,0
23671,1045,0
23672,1047,0
23673,1066,0
23674,1045,0
23675,1050,0
23676,1052,0
23677,1050,0
23678,1051,0
23679,1060,0
23680,1054,0
23681,1046,0
23682,1044,0
23683,1053,0
23684,1047,0
23685,1055,0
23686,1048,0
23687,1053,0
23688,1053,0
23689,1053,0
23690,1050,0
23691,1047,0
23692,1049,0
23693,1057,0
23694,1054,0
23695,1051,0
23696,1058,0
23697,1047,0
23698,1056,0
23699,1054,0
23700,1063,0
23701,1053,0
23702,1059,0
23703,1048,0
23704,1044,0
23705,1059,0
23706,1050,0
23707,1052,0
23708,1055,0
23709,1052,0
23710,1051,0
23711,1053,0
23712,1058,0
23713,1049,0
23714,1060,0
23715,1050,0
23716,1047,0
23717,1052,0
23718,1050,0
23719,1055,0
23720,1055,0
23721,1060,0
23722,1053,0
23723,1056,0
23724,1052,0
23725,1060,0
23726,1054,0
23727,1053,0
23728,1046,0
23729,1049,0
23730,1048,0
23731,1054,0
23732,1054,0
23733,1052,0
23734,1053,0
23735,1048,0
23736,1053,0
23737,1053,0
23738,1053,0
23739,1052,0
23740,1038,0
23741,1048,0
23742,1056,0
23743,1048,0
23744,1045,0
23745,1043,0
23746,1058,0
23747,1059,0
23748,1049,0
23749,1053,0
23750,1047,0
23751,1056,0
23752,1049,0
23753,1050,0
23754,1055,0
23755,1055,0
23756,1049,0
23757,1054,0
23758,1051,0
23759,1041,0
23760,1048,0
23761,1054,0
23762,1054,0
23763,1052,0
23764,1060,0
23765,1047,0
23766,1049,0
23767,1064,0
23768,1045,0
23769,1055,0
23770,1052,0
23771,1053,0
23772,1060,0
23773,1054,0
23774,1054,0
23775,1060,0
23776,1049,0
23777,1055,0
23778,1052,0
23779,1062,0
23780,1046,0
23781,1046,0
23782,1052,0
23783,1054,0
23784,1056,0
23785,1046,0
23786,1046,0
23787,1060,0
23788,1055,0
23789,1063,0
23790,1049,0
23791,1060,0
23792,1049,0
23793,1045,0
23794,1058,0
23795,1044,0
23796,1049,0
23797,1048,0
23798,1050,0
23799,1056,0
23800,1049,0
23801,1053,0
23802,1052,0
23803,1049,0
23804,1054,0
23805,1047,0
23806,1049,0
23807,1051,0
23808,1048,0
23809,1053,0
23810,1044,0
23811,1055,0
23812,1049,0
23813,1049,0
23814,1053,0
23815,1058,0
23816,1053,0
23817,1052,0
23818,1055,0
23819,1059,0
23820,1050,0
23821,1051,0
23822,1055,0
23823,1046,0
23824,1048,0
23825,1043,0
23826,1048,0
23827,1048,0
23828,1056,0
23829,1051,0
23830,1050,0
23831,1054,0
23832,1054,0
23833,1049,0
23834,1056,0
23835,1054,0
23836,1055,0
23837,1046,0
23838,1047,0
23839,1048,0
23840,1053,0
23841,1052,0
23842,1054,0
23843,1060,0
23844,1051,0
23845,1048,0
23846,1056,0
23847,1049,0
23848,1052,0
23849,1050,0
23850,1055,0
23851,1058,0
23852,1052,0
23853,1044,0
23854,1048,0
23855,1055,0
23856,1049,0
23857,1051,0
23858,1052,0
23859,1060,0
23860,1053,0
23861,1046,0
23862,1053,0
23863,1046,0
23864,1049,0
23865,1056,0
23866,1047,0
23867,1050,0
23868,1046,0
23869,1038,0
23870,1048,0
23871,1056,0
23872,1048,0
23873,1058,0
23874,1048,0
23875,1049,0
23876,1057,0
23877,1052,0
23878,1054,0
23879,1054,0
23880,1051,0
23881,1048,0
23882,1056,0
23883,1050,0
23884,1048,0
23885,1049,0
23886,1048,0
23887,1050,0
23888,1049,0
23889,1048,0
23890,1052,0
23891,1051,0
23892,1047,0
23893,1050,0
23894,1042,0
23895,1055,0
23896,1050,0
23897,1058,0
23898,1058,0
23899,1053,0
23900,1053,0
23901,1048,0
23902,1048,0
23903,1052,0
23904,1046,0
23905,1052,0
23906,1059,0
23907,1058,0
23908,1051,0
23909,1056,0
23910,1053,0
23911,1056,0
23912,1046,0
23913,1053,0
23914,1043,0
23915,1065,0
23916,1054,0
23917,1055,0
23918,1050,0
23919,1048,0
23920,1049,0
23921,1049,0
23922,1055,0
23923,1054,0
23924,1051,0
23925,1048,0
23926,1052,0
23927,1055,0
23928,1053,0
23929,1057,0
23930,1052,0
23931,1049,0
23932,1053,0
23933,1046,0
23934,1044,0
23935,1059,0
23936,1040,0
23937,1055,0
23938,1046,0
23939,1057,0
23940,1052,0
23941,1054,0
23942,1045,0
23943,1046,0
23944,1050,0
23945,1048,0
23946,1052,0
23947,1049,0
23948,1051,0
23949,1058,0
23950,1049,0
23951,1055,0
23952,1058,0
23953,1066,0
23954,1042,0
23955,1054,0
23956,1054,0
23957,1048,0
23958,1056,0
23959,1056,0
23960,1059,0
23961,1059,0
23962,1048,0
23963,1052,0
23964,1048,0
23965,1056,0
23966,1056,0
23967,1054,0
23968,1051,0
23969,1051,0
23970,1048,0
23971,1050,0
23972,1055,0
23973,1059,0
23974,1048,0
23975,1056,0
23976,1044,0
23977,1045,0
23978,1048,0
23979,1047,0
23980,1054,0
23981,1045,0
23982,1047,0
23983,1062,0
23984,1054,0
23985,1061,0
23986,1050,0
23987,1053,0
23988,1054,0
23989,1053,0
23990,1052,0
23991,1048,0
23992,1046,0
23993,1061,0
23994,1055,0
23995,1055,0
23996,1048,0
23997,1043,0
23998,1057,0
23999,1048,0
