Index,AD1_TactileRaw(16bit),AD1_VGNDRaw(16bit),AD2_TactileRaw(16bit),AD2_VGNDRaw(16bit),AD3_TactileRaw(16bit),AD3_VGNDRaw(16bit),AD4_TactileRaw(16bit),AD4_VGNDRaw(16bit),AD5_TactileRaw(16bit),AD5_VGNDRaw(16bit),AD6_TactileRaw(16bit),AD6_VGNDRaw(16bit),AD7_TactileRaw(16bit),AD7_VGNDRaw(16bit),AD8_TactileRaw(16bit),AD8_VGNDRaw(16bit)
0,20691,12026,20711,12029,20955,12024,20788,12011,20699,12009,20710,12017,20715,11928,20725,12031
1,28734,12025,28761,12030,29023,12026,28841,12016,28745,12009,28753,12016,28764,11926,28775,12030
2,32767,12026,32767,12032,32767,12029,32767,12017,32767,12008,32767,12015,32767,11928,32767,12032
3,32767,12026,32767,12034,32767,12031,32767,12017,32767,12011,32767,12017,32767,11931,32767,12034
4,32767,12031,32767,12037,32767,12034,32767,12022,32767,12014,32767,12021,32767,11934,32767,12037
5,32767,12029,32767,12035,32767,12033,32767,12020,32767,12012,32767,12020,32767,11934,32767,12036
6,24883,12029,24882,12036,24652,12034,24815,12022,24903,12012,24864,12021,24873,11934,24891,12039
7,17467,12031,17468,12039,17330,12034,17429,12023,17483,12016,17453,12024,17462,11937,17475,12039
8,14779,12031,14795,12034,14897,12034,14826,12020,14789,12015,14788,12022,14794,11934,14804,12038
9,19660,12026,19682,12031,19914,12025,19751,12014,19667,12010,19676,12018,19686,11928,19693,12032
10,27768,12027,27793,12031,28059,12025,27875,12014,27779,12008,27788,12017,27797,11926,27808,12030
11,32767,12024,32767,12029,32767,12022,32767,12012,32767,12005,32767,12011,32767,11924,32767,12030
12,32767,12025,32767,12031,32767,12027,32767,12017,32767,12012,32767,12016,32767,11926,32767,12033
13,32767,12025,32767,12032,32767,12028,32767,12017,32767,12009,32767,12018,32767,11929,32767,12036
14,32767,12025,32767,12034,32767,12032,32767,12020,32767,12010,32767,12020,32767,11933,32767,12039
15,25729,12027,25728,12032,25493,12032,25666,12019,25751,12011,25710,12019,25719,11931,25736,12036
16,18003,12030,18004,12034,17849,12034,17963,12021,18022,12011,17991,12023,17997,11933,18011,12039
17,14672,12027,14684,12031,14766,12027,14710,12015,14684,12009,14679,12020,14684,11929,14692,12032
18,19226,12024,19245,12029,19473,12023,19313,12012,19235,12006,19243,12016,19251,11926,19259,12030
19,27130,12022,27154,12025,27419,12019,27233,12009,27138,12006,27149,12013,27158,11920,27167,12027
20,32767,12021,32767,12027,32767,12020,32767,12011,32767,12004,32767,12010,32767,11923,32767,12027
21,32767,12023,32767,12028,32767,12023,32767,12012,32767,12006,32767,12009,32767,11925,32767,12029
22,32767,12027,32767,12033,32767,12031,32767,12020,32767,12009,32767,12019,32767,11933,32767,12036
23,26320,12027,26317,12036,26084,12034,26253,12022,26340,12011,26303,12022,26309,11933,26328,12038
24,18363,12030,18366,12040,18204,12035,18319,12023,18384,12015,18352,12025,18359,11940,18373,12041
25,14607,12026,14619,12031,14680,12025,14637,12016,14616,12009,14611,12019,14616,11927,14625,12033
26,18611,12023,18631,12028,18852,12022,18698,12013,18621,12005,18628,12013,18636,11926,18646,12029
27,26454,12025,26481,12030,26744,12026,26559,12013,26464,12010,26476,12015,26484,11929,26495,12030
28,32767,12024,32767,12028,32767,12024,32767,12014,32767,12006,32767,12013,32767,11926,32767,12027
29,32767,12022,32767,12026,32767,12021,32767,12010,32767,12003,32767,12010,32767,11925,32767,12026
30,32767,12031,32767,12035,32767,12034,32767,12023,32767,12012,32767,12023,32767,11933,32767,12039
31,26572,12032,26571,12040,26335,12035,26507,12025,26596,12014,26556,12024,26565,11935,26582,12041
32,18560,12031,18564,12037,18394,12035,18516,12023,18581,12015,18549,12022,18557,11935,18570,12038
33,14605,12026,14619,12034,14677,12029,14637,12018,14617,12009,14613,12019,14618,11929,14628,12036
34,26137,12023,26160,12029,26423,12022,26239,12012,26147,12006,26155,12013,26165,11924,26173,12027
35,32767,12023,32767,12031,32767,12024,32767,12014,32767,12010,32767,12014,32767,11925,32767,12026
36,32767,12023,32767,12028,32767,12025,32767,12011,32767,12007,32767,12011,32767,11925,32767,12030
37,32767,12024,32767,12032,32767,12029,32767,12018,32767,12009,32767,12017,32767,11931,32767,12034
38,32767,12029,32767,12034,32767,12033,32767,12019,32767,12011,32767,12020,32767,11931,32767,12036
39,19091,12025,19095,12031,18915,12028,19045,12017,19112,12009,19081,12018,19087,11929,19102,12034
40,14666,12024,14677,12031,14714,12025,14690,12014,14678,12007,14669,12014,14676,11927,14686,12030
41,17883,12022,17903,12029,18115,12022,17967,12011,17890,12007,17897,12013,17905,11926,17913,12027
42,25490,12021,25518,12025,25779,12021,25595,12011,25503,12008,25511,12013,25518,11923,25529,12029
43,32767,12023,32767,12028,32767,12021,32767,12011,32767,12005,32767,12011,32767,11924,32767,12026
44,32767,12020,32767,12025,32767,12022,32767,12010,32767,12003,32767,12010,32767,11920,32767,12027
45,32767,12020,32767,12026,32767,12022,32767,12010,32767,12001,32767,12010,32767,11921,32767,12027
46,32767,12029,32767,12034,32767,12032,32767,12021,32767,12011,32767,12019,32767,11932,32767,12036
47,28247,12023,28246,12033,28007,12029,28183,12018,28271,12007,28228,12016,28240,11932,28257,12035
48,20031,12024,20031,12034,19837,12031,19976,12018,20049,12007,20013,12018,20023,11929,20038,12035
49,14865,12025,14871,12031,14876,12026,14873,12014,14878,12007,14864,12017,14872,11928,14883,12031
50,17084,12025,17105,12029,17300,12025,17165,12014,17092,12006,17099,12015,17106,11923,17112,12030
51,24522,12022,24548,12026,24807,12021,24624,12011,24531,12005,24542,12009,24551,11921,24561,12026
52,32767,12024,32767,12029,32767,12024,32767,12012,32767,12005,32767,12011,32767,11924,32767,12027
53,32767,12026,32767,12028,32767,12025,32767,12014,32767,12004,32767,12011,32767,11925,32767,12030
54,32767,12027,32767,12038,32767,12031,32767,12019,32767,12011,32767,12019,32767,11932,32767,12038
55,32767,12033,32767,12038,32767,12035,32767,12021,32767,12015,32767,12023,32767,11936,32767,12040
56,28952,12026,28950,12035,28716,12034,28887,12021,28975,12008,28933,12020,28943,11935,28965,12036
57,20729,12031,20729,12037,20527,12035,20673,12023,20750,12014,20713,12025,20720,11937,20737,12039
58,15042,12026,15050,12031,15030,12026,15045,12018,15057,12012,15041,12018,15046,11929,15058,12035
59,16648,12027,16667,12029,16857,12028,16725,12015,16658,12007,16665,12017,16670,11927,16678,12031
60,23546,12023,23570,12027,23825,12022,23649,12011,23557,12003,23567,12011,23575,11923,23585,12025
61,31853,12025,31875,12026,32135,12021,31956,12013,31866,12007,31872,12013,31880,11925,31893,12027
62,32767,12028,32767,12034,32767,12029,32767,12018,32767,12010,32767,12016,32767,11929,32767,12034
63,32767,12027,32767,12032,32767,12031,32767,12020,32767,12008,32767,12018,32767,11929,32767,12032
64,30366,12027,30363,12033,30127,12031,30298,12019,30388,12010,30343,12019,30356,11932,30374,12036
65,21864,12026,21864,12034,21649,12031,21803,12020,21883,12010,21847,12019,21853,11932,21872,12035
66,15535,12028,15541,12034,15485,12029,15525,12020,15549,12012,15531,12019,15537,11930,15550,12036
67,15886,12027,15905,12030,16073,12025,15955,12014,15895,12011,15900,12017,15905,11929,15913,12031
68,30751,12025,30776,12029,31040,12023,30859,12014,30764,12008,30772,12014,30780,11926,30792,12030
69,32767,12026,32767,12033,32767,12028,32767,12017,32767,12013,32767,12016,32767,11927,32767,12033
70,32767,12029,32767,12033,32767,12029,32767,12019,32767,12009,32767,12017,32767,11931,32767,12033
71,32767,12029,32767,12035,32767,12033,32767,12020,32767,12013,32767,12022,32767,11934,32767,12035
72,31165,12032,31164,12040,30929,12034,31101,12025,31189,12012,31146,12022,31156,11935,31179,12039
73,22746,12030,22744,12037,22521,12034,22683,12022,22767,12013,22727,12023,22735,11934,22754,12039
74,16005,12031,16011,12037,15923,12034,15987,12020,16020,12014,15998,12023,16005,11934,16017,12039
75,15413,12026,15428,12029,15577,12027,15473,12014,15421,12009,15426,12017,15430,11926,15438,12030
76,21601,12025,21625,12028,21870,12024,21697,12014,21609,12006,21619,12014,21627,11924,21637,12028
77,29863,12027,29885,12031,30148,12025,29968,12017,29873,12009,29883,12015,29893,11927,29903,12031
78,32767,12025,32767,12028,32767,12025,32767,12013,32767,12006,32767,12015,32767,11926,32767,12029
79,32767,12028,32767,12035,32767,12031,32767,12021,32767,12010,32767,12019,32767,11931,32767,12034
80,32767,12026,32767,12037,32767,12034,32767,12020,32767,12012,32767,12019,32767,11933,32767,12036
81,32177,12029,32176,12034,31944,12035,32113,12020,32201,12012,32157,12019,32167,11934,32187,12036
82,23583,12028,23583,12036,23356,12033,23518,12021,23604,12012,23566,12023,23573,11935,23594,12036
83,16447,12026,16453,12035,16348,12031,16422,12019,16465,12010,16441,12018,16447,11932,16461,12036
84,15145,12026,15158,12032,15292,12028,15198,12017,15153,12009,15153,12016,15160,11928,15166,12033
85,20965,12023,20991,12029,21232,12023,21064,12014,20978,12007,20986,12012,20993,11925,21002,12029
86,29188,12025,29216,12028,29479,12025,29296,12014,29197,12009,29209,12015,29218,11925,29230,12028
87,32767,12024,32767,12032,32767,12028,32767,12014,32767,12008,32767,12015,32767,11929,32767,12032
88,32767,12028,32767,12033,32767,12028,32767,12017,32767,12009,32767,12017,32767,11932,32767,12035
89,32647,12032,32648,12039,32419,12039,32585,12025,32673,12015,32627,12024,32640,11938,32660,12043
90,24120,12001,24121,12010,23894,12007,24058,11993,24146,11985,24104,11993,24113,11909,24131,12009
91,16758,11742,16763,11750,16646,11746,16731,11735,16776,11726,16751,11738,16757,11665,16771,11751
92,15026,11810,15044,11815,15168,11812,15082,11798,15035,11794,15038,11799,15044,11725,15050,11815
93,20510,11816,20532,11819,20771,11812,20604,11803,20517,11798,20527,11804,20536,11726,20542,11820
94,28827,11821,28855,11821,29116,11819,28933,11808,28839,11800,28847,11809,28855,11731,28868,11823
95,32767,11818,32767,11822,32767,11819,32767,11808,32767,11802,32767,11808,32767,11729,32767,11821
96,32767,11824,32767,11827,32767,11822,32767,11813,32767,11806,32767,11812,32767,11734,32767,11828
97,32767,11824,32767,11828,32717,11827,32767,11815,32767,11805,32767,11813,32767,11737,32767,11831
98,24549,11825,24548,11831,24319,11829,24485,11817,24570,11808,24532,11816,24540,11739,24557,11833
99,17160,11825,17162,11830,17032,11828,17126,11815,17177,11809,17151,11817,17158,11737,17170,11833
100,14796,11820,14810,11827,14920,11821,14843,11812,14804,11804,14805,11810,14812,11733,14820,11827
101,19931,11823,19954,11827,20188,11821,20024,11812,19941,11805,19950,11814,19957,11732,19965,11828
102,28056,11823,28081,11827,28346,11822,28161,11812,28066,11806,28076,11812,28085,11731,28094,11827
103,32767,11822,32767,11824,32767,11821,32767,11811,32767,11807,32767,11811,32767,11729,32767,11824
104,32767,11826,32767,11829,32767,11827,32767,11812,32767,11808,32767,11814,32767,11733,32767,11830
105,32767,11829,32767,11834,32767,11832,32767,11821,32767,11812,32767,11819,32767,11739,32767,11835
106,32767,11820,32767,11829,32767,11828,32767,11816,32767,11806,32767,11815,32767,11735,32767,11831
107,25408,11816,25405,11824,25171,11822,25341,11809,25430,11798,25387,11810,25397,11730,25416,11827
108,17703,11823,17703,11830,17556,11827,17662,11815,17720,11807,17691,11816,17698,11733,17713,11831
109,14692,11828,14709,11834,14792,11829,14733,11821,14701,11813,14701,11820,14706,11737,14713,11836
110,19275,11829,19298,11835,19524,11829,19366,11817,19281,11812,19291,11819,19300,11735,19305,11835
111,27276,11833,27301,11836,27562,11832,27380,11823,27286,11816,27295,11822,27304,11740,27315,11839
112,32767,11832,32767,11833,32767,11830,32767,11821,32767,11813,32767,11820,32767,11739,32767,11838
113,32767,11837,32767,11841,32767,11839,32767,11827,32767,11821,32767,11828,32767,11744,32767,11841
114,32767,11838,32767,11846,32767,11841,32767,11830,32767,11819,32767,11829,32767,11746,32767,11847
115,32767,11841,32767,11848,32767,11846,32767,11834,32767,11824,32767,11836,32767,11751,32767,11848
116,26513,11846,26512,11854,26275,11847,26447,11837,26533,11828,26494,11836,26502,11754,26522,11854
117,18656,11844,18656,11850,18485,11847,18609,11837,18674,11827,18641,11834,18648,11752,18662,11851
118,14619,11843,14632,11850,14686,11846,14648,11835,14632,11828,14623,11835,14628,11751,14639,11851
119,18396,11840,18419,11845,18637,11840,18485,11831,18406,11824,18415,11830,18422,11747,18430,11846
120,26210,11839,26236,11844,26498,11835,26313,11825,26221,11822,26229,11828,26236,11743,26248,11844
121,32767,11839,32767,11845,32767,11840,32767,11830,32767,11824,32767,11831,32767,11745,32767,11848
122,32767,11842,32767,11849,32767,11843,32767,11833,32767,11828,32767,11832,32767,11749,32767,11847
123,32767,11846,32767,11853,32767,11850,32767,11836,32767,11828,32767,11835,32767,11755,32767,11854
124,32767,11846,32767,11854,32767,11851,32767,11838,32767,11830,32767,11838,32767,11756,32767,11856
125,27672,11850,27666,11857,27433,11853,27602,11844,27693,11833,27650,11842,27661,11758,27679,11857
126,19588,11845,19589,11852,19404,11853,19538,11840,19608,11831,19576,11839,19581,11755,19597,11854
127,14740,11844,14749,11850,14770,11847,14757,11835,14752,11828,14741,11837,14747,11751,14757,11851
128,17508,11843,17527,11848,17732,11844,17588,11834,17517,11827,17525,11834,17531,11749,17537,11849
129,25029,11844,25053,11848,25313,11842,25132,11832,25037,11827,25048,11834,25056,11749,25066,11848
130,32767,11844,32767,11849,32767,11846,32767,11835,32767,11828,32767,11834,32767,11749,32767,11848
131,32767,11847,32767,11854,32767,11847,32767,11837,32767,11831,32767,11836,32767,11752,32767,11851
132,32767,11850,32767,11854,32767,11850,32767,11841,32767,11830,32767,11839,32767,11756,32767,11856
133,32767,11848,32767,11854,32767,11851,32767,11840,32767,11832,32767,11839,32767,11756,32767,11859
134,28624,11851,28624,11859,28385,11856,28559,11847,28651,11836,28604,11845,28616,11759,28635,11862
135,20433,11850,20430,11856,20233,11852,20376,11842,20451,11830,20413,11843,20423,11758,20438,11858
136,14967,11851,14978,11855,14968,11850,14974,11842,14983,11833,14969,11843,14974,11756,14987,11856
137,16973,11849,16995,11854,17191,11847,17053,11836,16982,11830,16990,11838,16999,11752,17003,11853
138,24100,11849,24122,11851,24381,11845,24201,11837,24110,11832,24120,11837,24127,11752,24136,11851
139,32544,11850,32570,11855,32767,11848,32648,11839,32556,11835,32564,11840,32572,11753,32587,11855
140,32767,11847,32767,11854,32767,11847,32767,11836,32767,11830,32767,11837,32767,11750,32767,11853
141,32767,11850,32767,11855,32767,11852,32767,11840,32767,11833,32767,11840,32767,11756,32767,11856
142,32767,11848,32767,11857,32767,11854,32767,11842,32767,11833,32767,11843,32767,11758,32767,11858
143,29711,11849,29708,11857,29473,11853,29645,11842,29734,11832,29692,11842,29702,11758,29720,11858
144,21468,11852,21469,11860,21259,11856,21412,11844,21488,11837,21453,11846,21461,11760,21476,11858
145,15275,11847,15279,11855,15239,11850,15270,11841,15286,11833,15270,11840,15278,11755,15288,11856
146,16205,11846,16222,11852,16401,11844,16275,11833,16213,11829,16219,11837,16226,11752,16233,11851
147,22980,11846,23004,11850,23258,11842,23082,11833,22991,11828,23001,11836,23008,11749,23018,11852
148,31547,11843,31572,11846,31828,11842,31652,11832,31556,11824,31566,11831,31573,11748,31588,11848
149,32767,11847,32767,11852,32767,11847,32767,11834,32767,11831,32767,11837,32767,11752,32767,11853
150,32767,11851,32767,11857,32767,11853,32767,11839,32767,11833,32767,11840,32767,11757,32767,11856
151,32767,11847,32767,11855,32767,11852,32767,11841,32767,11833,32767,11839,32767,11758,32767,11854
152,30417,11853,30417,11861,30182,11858,30354,11847,30443,11835,30399,11847,30408,11761,30428,11860
153,22040,11850,22042,11855,21826,11855,21981,11841,22063,11832,22024,11844,22033,11758,22048,11860
154,15632,11853,15636,11856,15571,11856,15617,11844,15648,11833,15628,11843,15633,11758,15644,11861
155,15727,11845,15742,11848,15905,11843,15792,11835,15733,11825,15738,11834,15745,11748,15751,11848
156,22365,11846,22389,11851,22643,11846,22466,11837,22378,11831,22388,11837,22392,11750,22401,11854
157,32767,11847,32767,11853,32767,11849,32767,11839,32767,11830,32767,11836,32767,11752,32767,11854
158,32767,11853,32767,11857,32767,11853,32767,11841,32767,11834,32767,11841,32767,11758,32767,11859
159,32767,11855,32767,11862,32767,11858,32767,11847,32767,11837,32767,11846,32767,11764,32767,11864
160,23190,11858,23189,11863,22965,11862,23126,11847,23210,11842,23172,11848,23179,11765,23198,11866
161,16271,11852,16274,11859,16174,11854,16246,11842,16284,11835,16263,11845,16268,11758,16282,11859
162,15306,11849,15322,11854,15463,11850,15366,11839,15315,11833,15319,11841,15325,11755,15332,11856
163,21410,11849,21433,11854,21677,11844,21507,11836,21417,11832,21428,11840,21436,11752,21442,11853
164,29694,11849,29719,11854,29980,11849,29800,11840,29704,11833,29713,11837,29722,11753,29732,11854
165,32767,11845,32767,11850,32767,11844,32767,11836,32767,11829,32767,11834,32767,11750,32767,11852
166,32767,11847,32767,11853,32767,11851,32767,11841,32767,11831,32767,11838,32767,11754,32767,11856
167,32767,11850,32767,11858,32767,11855,32767,11842,32767,11836,32767,11842,32767,11760,32767,11856
168,32292,11855,32289,11861,32060,11856,32231,11846,32318,11834,32272,11844,32285,11761,32304,11861
169,23877,11853,23872,11860,23646,11858,23810,11845,23898,11836,23856,11846,23866,11762,23883,11860
170,16627,11849,16632,11855,16520,11852,16601,11840,16644,11833,16621,11842,16626,11755,16637,11856
171,15030,11851,15047,11855,15172,11848,15082,11839,15039,11833,15042,11840,15048,11755,15054,11856
172,20616,11847,20637,11851,20876,11847,20708,11837,20623,11830,20634,11836,20641,11752,20648,11851
173,28956,11849,28982,11852,29245,11847,29062,11837,28964,11830,28977,11834,28985,11752,28997,11854
174,32767,11848,32767,11852,32767,11848,32767,11836,32767,11830,32767,11838,32767,11752,32767,11853
175,32767,11847,32767,11851,32767,11850,32767,11839,32767,11828,32767,11836,32767,11751,32767,11854
176,32767,11850,32767,11857,32767,11853,32767,11843,32767,11833,32767,11841,32767,11758,32767,11858
177,32767,11856,32767,11860,32767,11858,32767,11847,32767,11838,32767,11848,32767,11764,32767,11862
178,14877,11850,14893,11854,15011,11847,14930,11838,14887,11833,14888,11843,14894,11755,14901,11853
179,28474,11847,28497,11853,28762,11847,28578,11839,28482,11831,28493,11836,28501,11753,28511,11853
180,32767,11845,32767,11851,32767,11845,32767,11836,32767,11830,32767,11837,32767,11750,32767,11850
181,32767,11850,32767,11855,32767,11852,32767,11839,32767,11833,32767,11840,32767,11754,32767,11854
182,32767,11855,32767,11860,32767,11856,32767,11844,32767,11835,32767,11845,32767,11761,32767,11860
183,32767,11856,32767,11863,32767,11862,32767,11850,32767,11839,32767,11847,32767,11764,32767,11866
184,24845,11853,24845,11860,24611,11859,24781,11846,24867,11836,24825,11848,24835,11761,24852,11862
185,17253,11853,17256,11862,17121,11856,17218,11845,17271,11836,17245,11846,17251,11760,17264,11861
186,14824,11851,14838,11856,14947,11851,14870,11842,14834,11835,14833,11843,14838,11758,14847,11858
187,20040,11850,20065,11854,20301,11850,20135,11838,20052,11834,20061,11840,20067,11752,20073,11856
188,28226,11848,28253,11852,28514,11848,28333,11838,28238,11832,28247,11839,28256,11755,28266,11853
189,32767,11848,32767,11854,32767,11847,32767,11837,32767,11833,32767,11837,32767,11754,32767,11853
190,32767,11854,32767,11861,32767,11856,32767,11844,32767,11838,32767,11843,32767,11759,32767,11860
191,32767,11856,32767,11863,32767,11859,32767,11845,32767,11839,32767,11847,32767,11762,32767,11862
192,32767,11855,32767,11863,32767,11862,32767,11849,32767,11840,32767,11851,32767,11763,32767,11864
193,24962,11855,24963,11863,24730,11860,24897,11847,24984,11839,24946,11848,24952,11763,24970,11865
194,17393,11851,17396,11862,17258,11856,17356,11846,17412,11836,17382,11845,17389,11760,17403,11860
195,14748,11854,14762,11858,14862,11853,14793,11843,14758,11835,14756,11843,14762,11755,14770,11858
196,19865,11852,19887,11857,20123,11850,19959,11841,19871,11834,19885,11841,19889,11755,19899,11859
197,28102,11852,28128,11854,28392,11848,28207,11839,28114,11832,28123,11838,28130,11753,28141,11854
198,32767,11850,32767,11857,32767,11847,32767,11841,32767,11834,32767,11840,32767,11755,32767,11855
199,32767,11853,32767,11860,32767,11854,32767,11842,32767,11835,32767,11842,32767,11758,32767,11857
200,32767,11855,32767,11863,32767,11859,32767,11847,32767,11839,32767,11848,32767,11761,32767,11862
201,32767,11857,32767,11866,32767,11861,32767,11849,32767,11841,32767,11846,32767,11765,32767,11868
202,25660,11856,25657,11863,25423,11861,25594,11847,25681,11839,25640,11847,25649,11764,25667,11863
203,17924,11855,17924,11858,17771,11859,17883,11844,17943,11835,17912,11846,17919,11761,17933,11862
204,14639,11856,14654,11860,14739,11857,14681,11845,14651,11838,14647,11848,14654,11759,14665,11861
205,19219,11850,19239,11854,19468,11851,19309,11839,19225,11835,19234,11840,19240,11755,19250,11855
206,27158,11849,27185,11853,27446,11850,27263,11837,27170,11836,27177,11840,27186,11752,27197,11855
207,32767,11852,32767,11854,32767,11852,32767,11839,32767,11835,32767,11841,32767,11756,32767,11856
208,32767,11851,32767,11858,32767,11852,32767,11841,32767,11835,32767,11841,32767,11758,32767,11858
209,32767,11854,32767,11863,32767,11860,32767,11844,32767,11836,32767,11846,32767,11761,32767,11863
210,32767,11857,32767,11862,32767,11860,32767,11848,32767,11841,32767,11847,32767,11764,32767,11865
211,26069,11854,26069,11861,25831,11858,26000,11848,26088,11839,26049,11847,26058,11764,26078,11860
212,18118,11853,18120,11862,17965,11857,18076,11844,18137,11836,18109,11846,18116,11761,18130,11862
213,14624,11852,14641,11859,14715,11854,14662,11842,14635,11835,14633,11844,14638,11759,14648,11859
214,19088,11853,19111,11856,19339,11852,19178,11842,19097,11836,19108,11841,19117,11755,19119,11856
215,27109,11852,27135,11856,27394,11849,27213,11839,27118,11834,27129,11842,27137,11755,27148,11856
216,32767,11850,32767,11853,32767,11850,32767,11840,32767,11834,32767,11839,32767,11752,32767,11854
217,32767,11855,32767,11856,32767,11856,32767,11844,32767,11837,32767,11842,32767,11757,32767,11859
218,32767,11855,32767,11861,32767,11856,32767,11846,32767,11840,32767,11844,32767,11758,32767,11863
219,32767,11856,32767,11863,32767,11862,32767,11847,32767,11839,32767,11850,32767,11764,32767,11866
220,26472,11854,26468,11865,26231,11858,26404,11846,26494,11839,26450,11846,26460,11763,26480,11865
221,14636,11857,14651,11865,14703,11858,14665,11847,14649,11842,14643,11849,14648,11763,14657,11864
222,18402,11851,18424,11857,18642,11852,18491,11842,18411,11836,18421,11842,18426,11758,18434,11858
223,26209,11852,26233,11855,26497,11850,26315,11840,26220,11836,26230,11840,26239,11754,26250,11856
224,32767,11851,32767,11854,32767,11849,32767,11840,32767,11836,32767,11838,32767,11755,32767,11856
225,32767,11849,32767,11855,32767,11851,32767,11840,32767,11835,32767,11839,32767,11753,32767,11858
226,32767,11854,32767,11860,32767,11857,32767,11845,32767,11835,32767,11843,32767,11761,32767,11860
227,32767,11856,32767,11865,32767,11861,32767,11848,32767,11839,32767,11849,32767,11763,32767,11865
228,26923,11855,26921,11863,26682,11862,26857,11848,26943,11840,26904,11847,26911,11764,26931,11867
229,18906,11857,18905,11862,18733,11860,18859,11847,18925,11839,18895,11852,18902,11764,18913,11863
230,14621,11851,14633,11856,14679,11852,14646,11843,14632,11837,14627,11843,14630,11755,14638,11859
231,18192,11851,18215,11858,18426,11852,18274,11840,18200,11836,18209,11842,18216,11755,18223,11858
232,25982,11850,26006,11854,26267,11849,26085,11839,25991,11834,26002,11840,26009,11754,26021,11855
233,32767,11854,32767,11857,32767,11854,32767,11842,32767,11836,32767,11842,32767,11756,32767,11857
234,32767,11853,32767,11858,32767,11855,32767,11842,32767,11835,32767,11844,32767,11758,32767,11859
235,32767,11853,32767,11861,32767,11858,32767,11846,32767,11838,32767,11846,32767,11762,32767,11862
236,32767,11858,32767,11866,32767,11862,32767,11851,32767,11840,32767,11849,32767,11767,32767,11866
237,18974,11855,18972,11861,18796,11858,18922,11846,18990,11839,18960,11848,18968,11764,18979,11862
238,14633,11853,14646,11860,14693,11856,14659,11843,14646,11838,14638,11846,14645,11759,14653,11861
239,18123,11855,18146,11859,18359,11854,18210,11843,18131,11840,18141,11845,18144,11759,18155,11860
240,25932,11851,25955,11856,26216,11848,26035,11838,25939,11835,25951,11841,25959,11755,25967,11856
241,32767,11851,32767,11857,32767,11853,32767,11839,32767,11834,32767,11842,32767,11752,32767,11855
242,32767,11850,32767,11856,32767,11853,32767,11839,32767,11836,32767,11841,32767,11755,32767,11859
243,32767,11849,32767,11857,32767,11853,32767,11842,32767,11834,32767,11840,32767,11756,32767,11859
244,32767,11853,32767,11861,32767,11859,32767,11847,32767,11837,32767,11845,32767,11763,32767,11863
245,27153,11854,27151,11863,26913,11859,27083,11848,27174,11838,27133,11846,27140,11762,27162,11863
246,19023,11856,19024,11863,18845,11859,18973,11848,19042,11840,19009,11849,19015,11764,19031,11863
247,14646,11853,14659,11859,14708,11856,14674,11845,14659,11836,14651,11844,14657,11759,14668,11861
248,18456,11853,18478,11857,18695,11853,18542,11841,18464,11836,18474,11841,18480,11758,18488,11856
249,26346,11849,26374,11854,26635,11849,26453,11839,26359,11834,26370,11839,26377,11752,26390,11856
250,32767,11852,32767,11854,32767,11852,32767,11839,32767,11835,32767,11840,32767,11755,32767,11855
251,32767,11857,32767,11862,32767,11857,32767,11846,32767,11839,32767,11847,32767,11759,32767,11861
252,32767,11857,32767,11863,32767,11862,32767,11850,32767,11839,32767,11849,32767,11764,32767,11866
253,32767,11858,32767,11864,32767,11862,32767,11848,32767,11840,32767,11849,32767,11764,32767,11867
254,26755,11855,26754,11864,26521,11862,26691,11849,26781,11840,26737,11849,26746,11765,26764,11865
255,18760,11858,18763,11866,18593,11861,18716,11849,18783,11841,18750,11852,18758,11766,18770,11868
256,14619,11853,14635,11860,14689,11855,14650,11846,14630,11837,14625,11846,14630,11760,14642,11862
257,18394,11856,18416,11857,18631,11853,18479,11841,18400,11836,18409,11844,18415,11756,18422,11859
258,26368,11851,26390,11858,26652,11852,26471,11841,26376,11835,26385,11840,26393,11755,26404,11857
259,32767,11851,32767,11854,32767,11852,32767,11841,32767,11836,32767,11841,32767,11754,32767,11856
260,32767,11856,32767,11860,32767,11855,32767,11844,32767,11839,32767,11846,32767,11759,32767,11862
261,32767,11854,32767,11860,32767,11859,32767,11844,32767,11837,32767,11846,32767,11760,32767,11859
262,32767,11861,32767,11868,32767,11862,32767,11850,32767,11844,32767,11851,32767,11766,32767,11869
263,26081,11858,26077,11866,25842,11865,26013,11850,26103,11842,26061,11852,26071,11766,26087,11865
264,18177,11858,18180,11863,18019,11862,18133,11849,18195,11838,18166,11849,18174,11765,18184,11867
265,14613,11853,14625,11857,14702,11850,14649,11841,14623,11836,14618,11842,14628,11758,14636,11858
266,19005,11856,19028,11858,19252,11853,19094,11843,19014,11838,19022,11846,19028,11758,19036,11859
267,27016,11854,27038,11859,27302,11850,27117,11842,27025,11837,27033,11845,27043,11758,27053,11856
268,32767,11858,32767,11859,32767,11856,32767,11844,32767,11840,32767,11846,32767,11758,32767,11862
269,32767,11854,32767,11860,32767,11854,32767,11844,32767,11838,32767,11843,32767,11759,32767,11859
270,32767,11856,32767,11862,32767,11860,32767,11847,32767,11840,32767,11849,32767,11761,32767,11864
271,32767,11860,32767,11868,32767,11862,32767,11851,32767,11842,32767,11852,32767,11768,32767,11866
272,25707,11862,25703,11867,25469,11865,25639,11853,25728,11846,25685,11855,25695,11767,25713,11870
273,17805,11856,17804,11866,17655,11863,17762,11849,17821,11840,17792,11852,17798,11766,17813,11865
274,14663,11853,14675,11859,14760,11854,14703,11844,14670,11837,14669,11845,14676,11758,14683,11859
275,19341,11854,19363,11857,19596,11853,19432,11844,19349,11838,19359,11844,19364,11756,19374,11859
276,27594,11850,27616,11853,27879,11850,27697,11842,27602,11835,27611,11841,27620,11755,27631,11856
277,32767,11849,32767,11853,32767,11848,32767,11836,32767,11834,32767,11837,32767,11751,32767,11855
278,32767,11858,32767,11862,32767,11858,32767,11846,32767,11841,32767,11846,32767,11759,32767,11862
279,32767,11855,32767,11864,32767,11859,32767,11847,32767,11842,32767,11846,32767,11761,32767,11862
280,32767,11859,32767,11866,32767,11864,32767,11849,32767,11841,32767,11852,32767,11766,32767,11868
281,25126,11860,25123,11868,24887,11865,25057,11850,25146,11841,25104,11852,25116,11767,25132,11868
282,17355,11857,17358,11864,17221,11860,17322,11849,17373,11840,17345,11851,17354,11764,17366,11864
283,14813,11853,14828,11859,14933,11854,14859,11843,14824,11837,14823,11845,14828,11758,14835,11858
284,28616,11851,28642,11860,28906,11850,28719,11842,28626,11836,28635,11844,28645,11758,28656,11857
285,32767,11855,32767,11859,32767,11852,32767,11840,32767,11836,32767,11840,32767,11758,32767,11859
286,32767,11857,32767,11861,32767,11857,32767,11847,32767,11837,32767,11849,32767,11760,32767,11859
287,32767,11855,32767,11864,32767,11859,32767,11847,32767,11839,32767,11846,32767,11763,32767,11864
288,32737,11858,32737,11864,32506,11864,32676,11850,32763,11840,32718,11849,32728,11764,32749,11866
289,24124,11858,24120,11866,23891,11861,24058,11850,24145,11840,24105,11849,24113,11766,24130,11866
290,16702,11856,16705,11863,16590,11856,16673,11847,16718,11839,16693,11847,16699,11763,16715,11863
291,20715,11856,20740,11858,20981,11853,20812,11842,20722,11837,20730,11844,20740,11757,20747,11857
292,32767,11850,32767,11855,32767,11852,32767,11839,32767,11836,32767,11840,32767,11755,32767,11857
293,32767,11857,32767,11863,32767,11856,32767,11847,32767,11841,32767,11846,32767,11761,32767,11864
294,32767,11859,32767,11866,32767,11862,32767,11851,32767,11840,32767,11850,32767,11767,32767,11867
295,32242,11856,32242,11863,32007,11859,32181,11848,32269,11839,32223,11849,32236,11764,32254,11863
296,23571,11857,23570,11866,23343,11864,23505,11851,23592,11842,23552,11852,23560,11765,23577,11869
297,16283,11856,16286,11866,16190,11859,16258,11850,16298,11840,16274,11849,16282,11764,16293,11867
298,15352,11856,15369,11859,15516,11853,15412,11841,15360,11837,15364,11846,15373,11759,15379,11859
299,21662,11858,21684,11861,21932,11853,21758,11843,21671,11841,21682,11846,21689,11758,21696,11861
300,30198,11851,30223,11855,30483,11850,30303,11836,30210,11836,30219,11840,30227,11755,30238,11857
301,32767,11852,32767,11855,32767,11851,32767,11841,32767,11836,32767,11842,32767,11752,32767,11855
302,32767,11857,32767,11863,32767,11857,32767,11847,32767,11842,32767,11847,32767,11762,32767,11863
303,32767,11853,32767,11862,32767,11859,32767,11846,32767,11839,32767,11846,32767,11763,32767,11864
304,31066,11853,31066,11860,30831,11857,31002,11842,31090,11836,31047,11845,31056,11761,31077,11859
305,22562,11857,22560,11861,22342,11861,22501,11850,22583,11840,22545,11850,22554,11766,22570,11865
306,15819,11851,15835,11858,15996,11853,15883,11840,15825,11834,15828,11844,15837,11755,15843,11856
307,22392,11853,22416,11856,22662,11850,22491,11842,22400,11836,22412,11843,22418,11755,22427,11857
308,30863,11855,30889,11857,31150,11850,30968,11843,30873,11836,30881,11842,30892,11755,30905,11860
309,32767,11853,32767,11859,32767,11852,32767,11842,32767,11835,32767,11841,32767,11755,32767,11856
310,32767,11855,32767,11863,32767,11858,32767,11844,32767,11840,32767,11846,32767,11760,32767,11864
311,32767,11858,32767,11864,32767,11863,32767,11850,32767,11842,32767,11851,32767,11765,32767,11866
312,30250,11857,30250,11866,30013,11863,30185,11849,30274,11840,30230,11851,30242,11766,30258,11868
313,21667,11859,21665,11864,21454,11861,21608,11848,21686,11840,21649,11852,21658,11763,21674,11867
314,15331,11859,15337,11863,15292,11859,15324,11847,15347,11841,15327,11849,15334,11761,15344,11863
315,16274,11854,16291,11857,16468,11851,16343,11841,16282,11836,16287,11845,16295,11758,16302,11859
316,23225,11856,23248,11859,23503,11853,23324,11844,23227,11839,23243,11843,23249,11759,23261,11859
317,31695,11851,31719,11855,31978,11851,31800,11840,31707,11835,31716,11841,31723,11755,31736,11857
318,32767,11852,32767,11856,32767,11851,32767,11842,32767,11834,32767,11840,32767,11754,32767,11858
319,32767,11859,32767,11863,32767,11858,32767,11847,32767,11842,32767,11848,32767,11760,32767,11864
320,32767,11857,32767,11864,32767,11860,32767,11849,32767,11842,32767,11849,32767,11764,32767,11863
321,29737,11853,29734,11861,29497,11858,29667,11847,29758,11836,29715,11846,29725,11762,29744,11863
322,21240,11860,21240,11866,21034,11865,21181,11851,21261,11842,21222,11852,21232,11767,21247,11868
323,15232,11856,15240,11861,15202,11856,15228,11846,15245,11838,15230,11846,15236,11762,15248,11862
324,16419,11855,16436,11859,16620,11853,16491,11844,16427,11838,16434,11845,16438,11758,16446,11859
325,23514,11852,23538,11860,23794,11851,23614,11841,23521,11837,23535,11844,23542,11758,23549,11857
326,32104,11852,32129,11857,32386,11853,32208,11841,32117,11838,32122,11841,32130,11755,32143,11857
327,32767,11853,32767,11860,32767,11856,32767,11847,32767,11838,32767,11844,32767,11761,32767,11862
328,32767,11857,32767,11862,32767,11861,32767,11848,32767,11839,32767,11848,32767,11764,32767,11863
329,29804,11860,29803,11868,29568,11865,29739,11851,29825,11845,29784,11851,29793,11767,29814,11871
330,21394,11858,21393,11867,21184,11865,21335,11852,21414,11842,21378,11852,21386,11769,21402,11868
331,15229,11856,15236,11866,15202,11862,15228,11850,15243,11840,15229,11852,15234,11764,15243,11866
332,16441,11856,16459,11860,16641,11857,16513,11844,16450,11839,16456,11846,16462,11761,16469,11862
333,23622,11856,23646,11859,23905,11854,23723,11846,23630,11839,23640,11846,23652,11759,23661,11859
334,32211,11853,32237,11860,32493,11853,32315,11842,32223,11836,32228,11843,32240,11755,32250,11860
335,32767,11854,32767,11859,32767,11856,32767,11846,32767,11837,32767,11844,32767,11759,32767,11859
336,32767,11852,32767,11857,32767,11853,32767,11842,32767,11835,32767,11842,32767,11755,32767,11859
337,32767,11863,32767,11867,32767,11865,32767,11850,32767,11842,32767,11852,32767,11766,32767,11867
338,29260,11857,29258,11866,29018,11862,29192,11849,29282,11842,29239,11852,29250,11766,29270,11867
339,15066,11862,15076,11869,15052,11863,15070,11851,15082,11844,15067,11851,15073,11767,15084,11868
340,16605,11859,16624,11861,16809,11857,16680,11845,16614,11841,16619,11848,16628,11761,16634,11861
341,23757,11856,23782,11860,24037,11856,23858,11844,23767,11839,23777,11846,23784,11758,23793,11859
342,32256,11853,32284,11857,32536,11850,32362,11840,32267,11835,32276,11841,32286,11754,32297,11855
343,32767,11854,32767,11862,32767,11856,32767,11844,32767,11840,32767,11846,32767,11761,32767,11861
344,32767,11853,32767,11860,32767,11857,32767,11844,32767,11837,32767,11845,32767,11759,32767,11861
345,32767,11858,32767,11865,32767,11862,32767,11849,32767,11842,32767,11851,32767,11767,32767,11867
346,29635,11853,29631,11862,29395,11859,29568,11846,29657,11835,29613,11846,29624,11763,29644,11862
347,21095,11856,21092,11866,20885,11862,21034,11849,21116,11841,21079,11847,21083,11765,21101,11867
348,15171,11850,15177,11860,15144,11853,15170,11843,15182,11834,15170,11843,15176,11756,15186,11859
349,16420,11852,16442,11857,16625,11850,16493,11842,16432,11836,16439,11844,16443,11756,16451,11857
350,23497,11854,23523,11860,23777,11853,23597,11843,23507,11838,23516,11844,23525,11761,23534,11859
351,31813,11856,31836,11859,32094,11853,31915,11843,31825,11836,31829,11846,31838,11758,31854,11859
352,32767,11856,32767,11864,32767,11859,32767,11850,32767,11843,32767,11851,32767,11766,32767,11866
353,32767,11857,32767,11867,32767,11862,32767,11848,32767,11841,32767,11852,32767,11765,32767,11867
354,30109,11862,30108,11868,29867,11867,30044,11853,30134,11845,30086,11854,30098,11769,30118,11870
355,21568,11857,21566,11866,21358,11862,21509,11852,21587,11840,21549,11852,21559,11766,21576,11868
356,16217,11858,16236,11863,16413,11858,16287,11845,16224,11841,16230,11849,16236,11761,16244,11862
357,23212,11858,23235,11862,23486,11855,23310,11846,23218,11841,23229,11843,23237,11760,23244,11861
358,31678,11854,31703,11859,31959,11854,31782,11844,31689,11837,31698,11843,31706,11758,31719,11859
359,32767,11858,32767,11861,32767,11857,32767,11847,32767,11841,32767,11846,32767,11761,32767,11862
360,32767,11860,32767,11868,32767,11863,32767,11851,32767,11845,32767,11852,32767,11765,32767,11868
361,32767,11857,32767,11865,32767,11861,32767,11850,32767,11841,32767,11851,32767,11767,32767,11864
362,30193,11861,30192,11865,29953,11864,30128,11853,30215,11843,30175,11852,30183,11767,30202,11868
363,21756,11854,21758,11863,21545,11858,21699,11847,21776,11838,21738,11844,21747,11764,21765,11862
364,15494,11858,15501,11865,15446,11858,15485,11847,15509,11842,15491,11849,15497,11764,15509,11866
365,16092,11853,16111,11859,16280,11855,16161,11842,16100,11839,16107,11846,16109,11759,16121,11859
366,31319,11853,31343,11857,31601,11851,31421,11843,31326,11835,31337,11843,31346,11755,31356,11857
367,32767,11857,32767,11861,32767,11857,32767,11846,32767,11838,32767,11844,32767,11759,32767,11858
368,32767,11856,32767,11860,32767,11859,32767,11847,32767,11839,32767,11846,32767,11760,32767,11863
369,32767,11858,32767,11866,32767,11862,32767,11850,32767,11841,32767,11849,32767,11765,32767,11868
370,21695,11859,21695,11863,21482,11863,21637,11850,21717,11843,21680,11852,21691,11768,21706,11868
371,15419,11859,15424,11863,15375,11861,15412,11848,15433,11840,15415,11852,15422,11763,15434,11864
372,16171,11854,16188,11860,16364,11853,16242,11844,16181,11840,16184,11845,16191,11760,16198,11858
373,22783,11854,22808,11859,23061,11854,22883,11842,22792,11837,22803,11843,22812,11758,22820,11858
374,31439,11853,31461,11857,31721,11853,31539,11842,31448,11836,31458,11841,31465,11755,31478,11856
375,32767,11855,32767,11857,32767,11853,32767,11844,32767,11838,32767,11844,32767,11758,32767,11858
376,32767,11858,32767,11862,32767,11859,32767,11847,32767,11839,32767,11848,32767,11764,32767,11866
377,32767,11856,32767,11863,32767,11864,32767,11851,32767,11842,32767,11851,32767,11766,32767,11865
378,29840,11858,29840,11866,29605,11864,29773,11850,29862,11840,29820,11850,29830,11767,29850,11865
379,21278,11856,21278,11864,21069,11862,21221,11850,21298,11839,21264,11851,21270,11766,21286,11866
380,15233,11856,15240,11862,15203,11860,15229,11845,15246,11839,15229,11852,15237,11763,15247,11865
381,16391,11856,16410,11859,16590,11855,16463,11843,16400,11837,16407,11845,16411,11757,16419,11861
382,23472,11854,23498,11860,23753,11852,23575,11843,23482,11837,23492,11843,23500,11758,23509,11859
383,32111,11856,32137,11858,32392,11854,32213,11842,32125,11839,32128,11843,32140,11758,32151,11859
384,32767,11858,32767,11864,32767,11860,32767,11850,32767,11840,32767,11849,32767,11761,32767,11865
385,32767,11858,32767,11865,32767,11865,32767,11850,32767,11842,32767,11851,32767,11764,32767,11868
386,29191,11859,29191,11866,28953,11862,29126,11853,29218,11840,29175,11850,29185,11765,29203,11867
387,15010,11857,15017,11863,15002,11859,15014,11847,15025,11842,15010,11850,15015,11764,15025,11865
388,16947,11856,16966,11860,17161,11857,17026,11846,16956,11840,16963,11844,16967,11757,16975,11862
389,24458,11856,24483,11857,24744,11853,24561,11842,24467,11838,24477,11844,24487,11757,24494,11859
390,32767,11854,32767,11860,32767,11854,32767,11844,32767,11838,32767,11844,32767,11758,32767,11861
391,32767,11854,32767,11858,32767,11855,32767,11843,32767,11837,32767,11841,32767,11759,32767,11858
392,32767,11858,32767,11864,32767,11861,32767,11850,32767,11840,32767,11847,32767,11764,32767,11865
393,32767,11856,32767,11863,32767,11860,32767,11850,32767,11839,32767,11846,32767,11764,32767,11862
394,28282,11860,28281,11867,28045,11867,28216,11853,28306,11842,28264,11854,28274,11767,28290,11869
395,19864,11859,19864,11868,19673,11863,19813,11852,19882,11841,19852,11851,19860,11766,19871,11868
396,14723,11862,14734,11866,14750,11862,14739,11850,14732,11845,14725,11852,14731,11765,14740,11867
397,25591,11856,25614,11858,25876,11853,25693,11843,25601,11838,25609,11844,25616,11758,25627,11859
398,32767,11855,32767,11860,32767,11856,32767,11845,32767,11839,32767,11846,32767,11758,32767,11859
399,32767,11853,32767,11859,32767,11854,32767,11843,32767,11836,32767,11843,32767,11758,32767,11856
400,32767,11857,32767,11866,32767,11862,32767,11850,32767,11842,32767,11852,32767,11764,32767,11866
401,32767,11857,32767,11864,32767,11862,32767,11848,32767,11841,32767,11851,32767,11765,32767,11866
402,27163,11858,27162,11864,26922,11862,27097,11850,27185,11839,27141,11852,27151,11765,27171,11867
403,19130,11854,19130,11863,18954,11859,19081,11847,19149,11839,19115,11849,19123,11763,19138,11865
404,14639,11857,14651,11863,14695,11858,14665,11846,14649,11840,14645,11849,14648,11765,14657,11865
405,26018,11856,26043,11861,26304,11856,26122,11847,26028,11839,26039,11845,26048,11758,26056,11862
406,32767,11856,32767,11861,32767,11856,32767,11845,32767,11839,32767,11846,32767,11760,32767,11862
407,32767,11853,32767,11858,32767,11855,32767,11843,32767,11836,32767,11844,32767,11758,32767,11861
408,32767,11857,32767,11866,32767,11860,32767,11848,32767,11841,32767,11850,32767,11766,32767,11865
409,27204,11859,27203,11868,26967,11863,27138,11851,27226,11841,27184,11851,27194,11769,27213,11868
410,18984,11856,18986,11862,18810,11860,18936,11849,19005,11840,18974,11849,18982,11764,18992,11865
411,14639,11853,14650,11861,14697,11853,14666,11843,14650,11836,14643,11847,14650,11761,14657,11858
412,18357,11855,18379,11863,18594,11857,18444,11844,18365,11840,18375,11847,18382,11761,18388,11861
413,26403,11857,26429,11862,26690,11857,26507,11845,26414,11842,26423,11850,26433,11761,26441,11863
414,32767,11854,32767,11858,32767,11852,32767,11842,32767,11836,32767,11843,32767,11757,32767,11859
415,32767,11858,32767,11862,32767,11859,32767,11849,32767,11840,32767,11846,32767,11764,32767,11862
416,32767,11856,32767,11863,32767,11861,32767,11850,32767,11842,32767,11849,32767,11761,32767,11865
417,32767,11859,32767,11868,32767,11863,32767,11853,32767,11841,32767,11851,32767,11767,32767,11866
418,25875,11859,25873,11864,25638,11863,25806,11853,25898,11841,25856,11850,25866,11767,25883,11868
419,17993,11859,17994,11868,17836,11864,17949,11850,18013,11843,17980,11854,17987,11766,18002,11867
420,14653,11851,14667,11856,14747,11854,14691,11842,14665,11833,14661,11842,14669,11758,14675,11856
421,19250,11852,19272,11857,19499,11852,19337,11842,19257,11836,19267,11843,19275,11755,19283,11857
422,27266,11854,27290,11858,27551,11855,27366,11844,27274,11840,27287,11846,27292,11758,27305,11860
423,32767,11856,32767,11858,32767,11852,32767,11843,32767,11838,32767,11841,32767,11756,32767,11860
424,32767,11856,32767,11865,32767,11861,32767,11849,32767,11844,32767,11849,32767,11764,32767,11865
425,32767,11857,32767,11864,32767,11861,32767,11851,32767,11840,32767,11849,32767,11763,32767,11865
426,32767,11856,32767,11862,32767,11862,32767,11848,32767,11839,32767,11848,32767,11765,32767,11865
427,25517,11855,25515,11863,25282,11861,25449,11849,25539,11838,25499,11848,25506,11764,25526,11865
428,14725,11856,14742,11860,14838,11853,14769,11845,14740,11837,14737,11846,14742,11757,14751,11861
429,19627,11853,19648,11858,19881,11852,19719,11842,19637,11837,19647,11842,19652,11758,19660,11855
430,27935,11853,27961,11855,28225,11853,28040,11841,27944,11837,27955,11843,27965,11756,27975,11859
431,32767,11852,32767,11857,32767,11851,32767,11839,32767,11837,32767,11840,32767,11754,32767,11856
432,32767,11852,32767,11858,32767,11853,32767,11842,32767,11836,32767,11840,32767,11758,32767,11859
433,32767,11857,32767,11864,32767,11862,32767,11848,32767,11841,32767,11846,32767,11764,32767,11866
434,32767,11858,32767,11866,32767,11864,32767,11849,32767,11840,32767,11852,32767,11764,32767,11867
435,24648,11854,24646,11863,24415,11860,24582,11849,24669,11839,24629,11849,24638,11764,24657,11863
436,17093,11857,17095,11866,16966,11860,17060,11848,17111,11841,17083,11852,17089,11764,17103,11865
437,14901,11856,14915,11860,15031,11856,14951,11845,14908,11838,14909,11845,14917,11758,14924,11861
438,20344,11852,20366,11858,20604,11852,20437,11842,20352,11836,20362,11840,20367,11755,20376,11857
439,28674,11856,28702,11861,28964,11856,28780,11844,28687,11840,28697,11847,28704,11760,28714,11861
440,32767,11854,32767,11859,32767,11855,32767,11843,32767,11839,32767,11844,32767,11758,32767,11861
441,32767,11856,32767,11863,32767,11860,32767,11845,32767,11840,32767,11847,32767,11761,32767,11863
442,32767,11862,32767,11866,32767,11862,32767,11851,32767,11845,32767,11853,32767,11767,32767,11866
443,32453,11859,32451,11865,32220,11863,32389,11850,32477,11842,32429,11850,32444,11767,32464,11868
444,23786,11858,23784,11865,23557,11862,23721,11851,23807,11844,23769,11851,23778,11764,23796,11867
445,16505,11856,16508,11863,16402,11861,16478,11850,16522,11842,16498,11850,16503,11765,16514,11866
446,15220,11853,15237,11859,15375,11856,15279,11842,15230,11838,15232,11843,15238,11759,15244,11860
447,21186,11856,21210,11860,21452,11853,21283,11843,21194,11837,21203,11846,21212,11759,21220,11859
448,29641,11856,29665,11858,29927,11855,29744,11842,29651,11838,29660,11842,29669,11756,29682,11858
449,32767,11857,32767,11863,32767,11858,32767,11848,32767,11840,32767,11847,32767,11763,32767,11864
450,32767,11859,32767,11867,32767,11865,32767,11851,32767,11844,32767,11849,32767,11765,32767,11870
451,31751,11862,31752,11866,31517,11865,31687,11853,31777,11843,31734,11851,31745,11767,31764,11869
452,23177,11862,23176,11868,22954,11866,23115,11854,23198,11844,23160,11855,23170,11770,23186,11871
453,16100,11860,16104,11863,16014,11861,16080,11848,16114,11839,16093,11850,16100,11765,16113,11865
454,15482,11856,15497,11862,15649,11856,15543,11844,15491,11840,15493,11848,15500,11764,15506,11861
455,21944,11853,21967,11857,22216,11853,22042,11842,21950,11838,21962,11842,21971,11758,21980,11859
456,30632,11852,30659,11854,30919,11850,30738,11841,30645,11836,30652,11841,30663,11755,30674,11856
457,32767,11853,32767,11857,32767,11851,32767,11843,32767,11834,32767,11840,32767,11755,32767,11856
458,32767,11858,32767,11863,32767,11862,32767,11849,32767,11843,32767,11849,32767,11764,32767,11866
459,32767,11858,32767,11865,32767,11861,32767,11851,32767,11839,32767,11851,32767,11767,32767,11866
460,30471,11859,30470,11865,30231,11864,30406,11850,30493,11840,30452,11854,30462,11767,30482,11868
461,21930,11861,21926,11868,21712,11865,21867,11853,21947,11843,21910,11854,21919,11769,21936,11870
462,15465,11854,15471,11863,15419,11862,15455,11849,15477,11841,15459,11850,15467,11762,15477,11863
463,16129,11859,16148,11860,16325,11855,16200,11844,16138,11842,16144,11845,16149,11761,16156,11862
464,23158,11856,23183,11862,23438,11856,23258,11843,23169,11838,23181,11846,23186,11755,23196,11860
465,31747,11854,31772,11859,32028,11856,31850,11844,31759,11838,31768,11844,31775,11758,31787,11859
466,32767,11856,32767,11858,32767,11856,32767,11846,32767,11840,32767,11846,32767,11760,32767,11861
467,32767,11859,32767,11865,32767,11859,32767,11850,32767,11841,32767,11849,32767,11763,32767,11865
468,32767,11860,32767,11866,32767,11864,32767,11852,32767,11841,32767,11850,32767,11764,32767,11869
469,29677,11856,29676,11863,29438,11864,29612,11850,29702,11841,29660,11848,29669,11764,29689,11865
470,21062,11858,21063,11868,20858,11863,21006,11850,21084,11842,21050,11854,21055,11765,21069,11867
471,15107,11859,15114,11866,15092,11862,15108,11850,15121,11842,15106,11849,15111,11764,15123,11868
472,16811,11853,16833,11858,17023,11853,16891,11842,16820,11838,16828,11844,16835,11757,16842,11859
473,24076,11855,24103,11857,24356,11853,24180,11842,24087,11838,24096,11843,24106,11756,24113,11860
474,32686,11853,32710,11860,32767,11853,32767,11843,32698,11838,32703,11844,32715,11758,32727,11859
475,32767,11853,32767,11860,32767,11853,32767,11842,32767,11835,32767,11841,32767,11757,32767,11857
476,32767,11857,32767,11863,32767,11860,32767,11849,32767,11840,32767,11847,32767,11762,32767,11863
477,32767,11859,32767,11865,32767,11862,32767,11850,32767,11840,32767,11851,32767,11765,32767,11868
478,28801,11857,28800,11863,28560,11860,28735,11847,28823,11839,28781,11849,28789,11765,28809,11863
479,20215,11862,20215,11869,20018,11865,20159,11853,20234,11845,20199,11853,20209,11770,20221,11870
480,14835,11856,14847,11863,14850,11858,14845,11847,14847,11839,14837,11848,14841,11763,14853,11863
481,17298,11856,17317,11860,17523,11855,17382,11844,17307,11840,17316,11846,17322,11758,17328,11862
482,24879,11853,24903,11857,25165,11853,24982,11844,24890,11837,24901,11845,24909,11757,24918,11859
483,32767,11858,32767,11861,32767,11856,32767,11847,32767,11841,32767,11847,32767,11759,32767,11862
484,32767,11856,32767,11861,32767,11857,32767,11845,32767,11840,32767,11844,32767,11761,32767,11861
485,32767,11859,32767,11866,32767,11862,32767,11850,32767,11842,32767,11849,32767,11765,32767,11868
486,32767,11856,32767,11865,32767,11862,32767,11851,32767,11842,32767,11848,32767,11767,32767,11865
487,27519,11860,27520,11866,27276,11866,27451,11853,27539,11843,27501,11853,27509,11770,27530,11868
488,19228,11862,19226,11873,19049,11868,19177,11856,19248,11846,19215,11853,19220,11771,19235,11872
489,14686,11856,14695,11863,14731,11857,14705,11845,14697,11840,14691,11849,14693,11762,14704,11864
490,17927,11857,17948,11860,18160,11855,18010,11845,17936,11839,17944,11848,17950,11758,17956,11862
491,25851,11851,25876,11856,26138,11853,25957,11842,25858,11836,25870,11843,25878,11757,25888,11856
492,32767,11854,32767,11860,32767,11856,32767,11843,32767,11838,32767,11845,32767,11758,32767,11859
493,32767,11852,32767,11859,32767,11854,32767,11845,32767,11833,32767,11843,32767,11755,32767,11859
494,32767,11854,32767,11861,32767,11860,32767,11847,32767,11838,32767,11845,32767,11761,32767,11865
495,32767,11858,32767,11866,32767,11864,32767,11848,32767,11842,32767,11851,32767,11766,32767,11867
496,26721,11857,26718,11863,26480,11860,26653,11851,26743,11840,26697,11849,26709,11764,26726,11865
497,18690,11859,18692,11866,18521,11862,18645,11851,18710,11842,18675,11850,18684,11765,18698,11866
498,14637,11856,14649,11863,14706,11859,14665,11845,14648,11839,14640,11849,14647,11762,14657,11864
499,18614,11856,18635,11859,18857,11854,18698,11844,18622,11836,18628,11844,18636,11758,18646,11859
500,26604,11855,26629,11860,26889,11855,26708,11844,26615,11837,26625,11843,26632,11759,26641,11861
501,32767,11856,32767,11860,32767,11856,32767,11844,32767,11841,32767,11846,32767,11760,32767,11862
502,32767,11857,32767,11860,32767,11859,32767,11845,32767,11842,32767,11846,32767,11760,32767,11864
503,32767,11862,32767,11869,32767,11866,32767,11855,32767,11845,32767,11852,32767,11769,32767,11873
504,32767,11862,32767,11868,32767,11865,32767,11854,32767,11844,32767,11853,32767,11767,32767,11868
505,25766,11860,25763,11870,25530,11869,25701,11855,25786,11845,25745,11854,25755,11770,25773,11871
506,17948,11861,17950,11866,17796,11862,17904,11850,17964,11843,17933,11852,17943,11766,17956,11868
507,14700,11856,14716,11860,14800,11856,14743,11845,14711,11838,14709,11848,14714,11761,14722,11862
508,19536,11853,19557,11854,19787,11849,19626,11839,19543,11835,19553,11841,19560,11752,19568,11856
509,27782,11854,27810,11860,28072,11853,27889,11844,27791,11837,27805,11844,27811,11756,27823,11860
510,32767,11856,32767,11858,32767,11856,32767,11843,32767,11839,32767,11843,32767,11758,32767,11860
511,32767,11857,32767,11863,32767,11859,32767,11847,32767,11839,32767,11847,32767,11761,32767,11863
512,32767,11856,32767,11864,32767,11861,32767,11847,32767,11842,32767,11849,32767,11764,32767,11866
513,32767,11857,32767,11865,32767,11862,32767,11850,32767,11842,32767,11851,32767,11765,32767,11866
514,25000,11858,24997,11864,24766,11864,24929,11848,25021,11844,24980,11849,24989,11767,25006,11866
515,17322,11859,17326,11866,17188,11864,17287,11850,17338,11843,17313,11853,17320,11767,17331,11870
516,14803,11855,14818,11860,14924,11853,14852,11844,14815,11839,14814,11847,14820,11761,14829,11861
517,20237,11852,20258,11858,20497,11854,20329,11842,20244,11839,20257,11844,20262,11755,20269,11857
518,28502,11859,28529,11866,28793,11856,28610,11845,28515,11842,28523,11849,28533,11759,28544,11862
519,32767,11854,32767,11862,32767,11857,32767,11845,32767,11840,32767,11846,32767,11758,32767,11860
520,32767,11859,32767,11862,32767,11860,32767,11847,32767,11841,32767,11846,32767,11761,32767,11863
521,32767,11859,32767,11863,32767,11862,32767,11850,32767,11839,32767,11849,32767,11764,32767,11866
522,32718,11859,32718,11864,32490,11862,32655,11849,32743,11840,32699,11849,32710,11764,32729,11868
523,23971,11858,23967,11867,23739,11861,23903,11852,23992,11843,23950,11852,23960,11767,23977,11868
524,16672,11859,16677,11865,16563,11863,16642,11849,16690,11842,16663,11852,16669,11767,16684,11867
525,15158,11859,15175,11863,15309,11858,15215,11847,15168,11842,15170,11848,15175,11763,15185,11863
526,20930,11856,20955,11860,21197,11854,21026,11843,20942,11839,20949,11847,20956,11760,20964,11858
527,32767,11855,32767,11860,32767,11856,32767,11843,32767,11839,32767,11845,32767,11757,32767,11860
528,32767,11853,32767,11858,32767,11856,32767,11844,32767,11839,32767,11843,32767,11759,32767,11860
529,32767,11856,32767,11863,32767,11862,32767,11847,32767,11839,32767,11848,32767,11763,32767,11865
530,32047,11857,32049,11866,31813,11862,31984,11850,32072,11842,32028,11851,32040,11765,32059,11866
531,23364,11858,23362,11863,23139,11862,23300,11848,23385,11840,23347,11849,23355,11765,23373,11864
532,16228,11859,16231,11865,16138,11862,16206,11848,16241,11842,16221,11852,16226,11767,16240,11868
533,15366,11857,15383,11860,15527,11858,15423,11845,15374,11841,15378,11848,15383,11761,15390,11862
534,21686,11852,21708,11857,21954,11852,21782,11839,21694,11838,21705,11843,21710,11755,21721,11857
535,30010,11857,30036,11860,30293,11854,30113,11844,30022,11841,30028,11844,30038,11758,30050,11859
536,32767,11856,32767,11861,32767,11856,32767,11844,32767,11841,32767,11846,32767,11760,32767,11863
537,32767,11853,32767,11858,32767,11855,32767,11845,32767,11836,32767,11843,32767,11758,32767,11859
538,32767,11857,32767,11866,32767,11860,32767,11850,32767,11840,32767,11848,32767,11763,32767,11866
539,31417,11859,31419,11866,31182,11864,31351,11850,31443,11844,31398,11851,31410,11766,31425,11869
540,22694,11860,22690,11868,22471,11865,22632,11853,22716,11839,22677,11853,22682,11768,22702,11869
541,15823,11859,15829,11864,15748,11861,15806,11850,15836,11842,15817,11852,15822,11764,15834,11865
542,15730,11857,15745,11864,15909,11860,15794,11849,15738,11842,15741,11850,15748,11763,15757,11865
543,22520,11855,22543,11858,22794,11851,22619,11841,22527,11839,22537,11843,22547,11757,22556,11859
544,31152,11853,31179,11857,31437,11850,31256,11841,31164,11836,31169,11842,31180,11757,31192,11857
545,32767,11856,32767,11861,32767,11858,32767,11847,32767,11840,32767,11848,32767,11762,32767,11862
546,32767,11859,32767,11864,32767,11861,32767,11850,32767,11842,32767,11850,32767,11764,32767,11866
547,30110,11859,30108,11864,29872,11862,30045,11850,30133,11842,30087,11853,30102,11765,30120,11865
548,21487,11862,21486,11866,21275,11865,21425,11851,21506,11845,21471,11855,21477,11766,21494,11870
549,15271,11855,15278,11867,15238,11861,15266,11849,15284,11842,15267,11849,15274,11763,15286,11867
550,16322,11855,16343,11860,16523,11857,16395,11845,16332,11840,16339,11846,16345,11759,16351,11861
551,23508,11855,23531,11860,23786,11852,23607,11844,23517,11837,23527,11846,23534,11760,23543,11859
552,32321,11853,32343,11858,32597,11853,32422,11842,32332,11839,32338,11842,32348,11758,32361,11860
553,32767,11861,32767,11870,32767,11864,32767,11854,32767,11843,32767,11851,32767,11767,32767,11870
554,28845,11861,28841,11869,28603,11866,28777,11853,28864,11847,28823,11855,28833,11772,28851,11873
555,20205,11861,20206,11868,20013,11865,20150,11853,20225,11844,20192,11852,20196,11767,20213,11868
556,14822,11859,14830,11867,14838,11859,14833,11849,14834,11841,14823,11852,14828,11766,14839,11865
557,17508,11856,17528,11860,17733,11856,17588,11845,17517,11841,17526,11847,17532,11758,17540,11861
558,25350,11850,25375,11855,25631,11850,25453,11839,25361,11836,25368,11842,25377,11752,25389,11854
559,32767,11858,32767,11863,32767,11860,32767,11849,32767,11842,32767,11849,32767,11764,32767,11863
560,32767,11856,32767,11862,32767,11862,32767,11849,32767,11839,32767,11848,32767,11764,32767,11865
561,32767,11859,32767,11868,32767,11862,32767,11851,32767,11844,32767,11851,32767,11765,32767,11866
562,26979,11864,26977,11870,26737,11868,26912,11854,27003,11847,26959,11853,26968,11772,26986,11873
563,18662,11863,18662,11871,18494,11868,18612,11856,18679,11847,18647,11856,18654,11770,18670,11871
564,14640,11857,14651,11864,14715,11859,14674,11847,14650,11840,14645,11849,14653,11763,14660,11863
565,18875,11856,18897,11862,19118,11855,18962,11846,18882,11841,18891,11846,18899,11761,18905,11861
566,27071,11856,27098,11859,27359,11853,27176,11844,27081,11839,27091,11842,27099,11758,27109,11859
567,32767,11853,32767,11859,32767,11851,32767,11842,32767,11837,32767,11843,32767,11756,32767,11856
568,32767,11856,32767,11863,32767,11857,32767,11847,32767,11841,32767,11846,32767,11759,32767,11862
569,32767,11860,32767,11868,32767,11865,32767,11851,32767,11842,32767,11851,32767,11766,32767,11868
570,32767,11862,32767,11868,32767,11865,32767,11851,32767,11845,32767,11853,32767,11767,32767,11869
571,25262,11864,25258,11868,25027,11868,25196,11856,25283,11847,25241,11855,25250,11770,25267,11874
572,17487,11857,17486,11866,17348,11861,17450,11848,17501,11842,17479,11853,17481,11764,17493,11866
573,19966,11857,19990,11864,20224,11857,20061,11848,19972,11842,19985,11848,19993,11761,20000,11865
574,28400,11856,28425,11862,28689,11856,28504,11844,28411,11841,28420,11847,28426,11760,28439,11862
575,32767,11856,32767,11860,32767,11853,32767,11844,32767,11838,32767,11844,32767,11757,32767,11859
576,32767,11855,32767,11862,32767,11858,32767,11847,32767,11838,32767,11845,32767,11761,32767,11864
577,32767,11854,32767,11861,32767,11859,32767,11845,32767,11837,32767,11847,32767,11760,32767,11862
578,32341,11856,32338,11863,32105,11861,32275,11850,32364,11838,32319,11849,32330,11764,32347,11865
579,23553,11859,23553,11868,23324,11864,23490,11849,23575,11843,23531,11854,23542,11769,23561,11870
580,16309,11857,16312,11863,16212,11862,16284,11848,16323,11839,16298,11850,16306,11765,16320,11865
581,21773,11857,21796,11861,22044,11855,21871,11845,21782,11839,21794,11846,21800,11757,21808,11860
582,30429,11854,30454,11857,30717,11853,30534,11842,30440,11838,30446,11843,30456,11755,30468,11859
583,32767,11856,32767,11863,32767,11855,32767,11847,32767,11839,32767,11843,32767,11760,32767,11861
584,32767,11859,32767,11867,32767,11863,32767,11849,32767,11842,32767,11852,32767,11765,32767,11865
585,32767,11861,32767,11865,32767,11864,32767,11851,32767,11843,32767,11851,32767,11768,32767,11867
586,30456,11862,30455,11869,30219,11868,30391,11853,30479,11844,30435,11853,30444,11770,30467,11871
587,21891,11862,21886,11870,21673,11870,21829,11855,21908,11847,21873,11858,21883,11771,21896,11871
588,15343,11860,15348,11865,15302,11862,15336,11847,15355,11845,15336,11852,15345,11766,15354,11865
589,16414,11854,16435,11857,16617,11854,16490,11843,16427,11837,16430,11844,16437,11758,16444,11856
590,23722,11860,23746,11864,24001,11859,23823,11850,23732,11845,23743,11852,23750,11764,23760,11865
591,32767,11856,32767,11859,32767,11855,32767,11844,32767,11839,32767,11844,32767,11759,32767,11859
592,32767,11853,32767,11860,32767,11856,32767,11844,32767,11836,32767,11843,32767,11758,32767,11861
593,32767,11857,32767,11866,32767,11862,32767,11851,32767,11840,32767,11849,32767,11766,32767,11867
594,28004,11856,28004,11865,27766,11862,27940,11850,28029,11839,27987,11851,27996,11767,28014,11867
595,19650,11858,19650,11865,19464,11862,19598,11850,19670,11843,19636,11851,19643,11766,19658,11865
596,14691,11857,14702,11864,14728,11858,14712,11847,14705,11841,14696,11849,14702,11762,14710,11862
597,17838,11855,17859,11859,18069,11856,17922,11844,17848,11838,17855,11846,17864,11759,17870,11860
598,25796,11853,25820,11858,26081,11850,25900,11839,25805,11839,25816,11843,25821,11756,25835,11857
599,32767,11853,32767,11857,32767,11850,32767,11843,32767,11837,32767,11844,32767,11755,32767,11860
600,32767,11855,32767,11859,32767,11856,32767,11844,32767,11838,32767,11844,32767,11758,32767,11861
601,32767,11857,32767,11863,32767,11860,32767,11849,32767,11842,32767,11850,32767,11764,32767,11865
602,32767,11851,32767,11858,32767,11857,32767,11843,32767,11834,32767,11841,32767,11759,32767,11860
603,26572,11857,26572,11865,26336,11863,26506,11849,26595,11841,26553,11850,26562,11764,26582,11867
604,18520,11863,18522,11868,18356,11868,18475,11854,18539,11845,18509,11854,18517,11768,18529,11872
605,14634,11859,14649,11866,14713,11861,14668,11848,14646,11845,14639,11851,14648,11765,14657,11865
606,18935,11855,18955,11859,19183,11855,19023,11843,18944,11836,18952,11847,18958,11757,18965,11861
607,27152,11856,27179,11858,27442,11853,27258,11843,27165,11839,27175,11844,27181,11758,27192,11859
608,32767,11853,32767,11860,32767,11853,32767,11843,32767,11837,32767,11846,32767,11759,32767,11859
609,32767,11862,32767,11866,32767,11865,32767,11851,32767,11845,32767,11852,32767,11766,32767,11865
610,32767,11859,32767,11868,32767,11866,32767,11853,32767,11842,32767,11852,32767,11766,32767,11868
611,32767,11863,32767,11871,32767,11868,32767,11856,32767,11846,32767,11855,32767,11770,32767,11871
612,24524,11862,24525,11869,24294,11865,24459,11855,24548,11846,24508,11855,24515,11770,24533,11871
613,16907,11862,16911,11869,16786,11865,16876,11853,16925,11845,16897,11856,16904,11767,16917,11871
614,14979,11858,14997,11863,15115,11859,15030,11847,14989,11842,14989,11847,14998,11761,15004,11865
615,20573,11859,20599,11864,20835,11859,20667,11847,20581,11842,20595,11849,20601,11763,20610,11865
616,28900,11857,28929,11860,29192,11854,29005,11842,28912,11838,28923,11846,28930,11758,28942,11860
617,32767,11856,32767,11860,32767,11856,32767,11846,32767,11840,32767,11845,32767,11761,32767,11863
618,32767,11857,32767,11863,32767,11859,32767,11847,32767,11839,32767,11846,32767,11761,32767,11863
619,32767,11864,32767,11867,32767,11868,32767,11856,32767,11843,32767,11853,32767,11767,32767,11871
620,31897,11860,31895,11866,31662,11866,31831,11853,31921,11845,31878,11849,31885,11768,31907,11870
621,23070,11857,23069,11864,22845,11863,23006,11849,23091,11839,23051,11849,23061,11765,23077,11866
622,15695,11862,15716,11868,15873,11862,15762,11850,15707,11847,15710,11852,15716,11766,15722,11868
623,22291,11859,22315,11864,22565,11858,22391,11847,22299,11843,22309,11850,22316,11761,22327,11864
624,30862,11861,30888,11866,31146,11859,30967,11847,30872,11844,30881,11850,30890,11761,30901,11863
625,32767,11855,32767,11860,32767,11855,32767,11844,32767,11839,32767,11844,32767,11758,32767,11861
626,32767,11859,32767,11866,32767,11863,32767,11852,32767,11843,32767,11851,32767,11767,32767,11867
627,29795,11861,29795,11868,29559,11865,29729,11853,29820,11844,29775,11852,29787,11768,29806,11868
628,20939,11860,20939,11868,20734,11868,20882,11853,20957,11845,20925,11855,20931,11769,20949,11871
629,15074,11859,15083,11865,15061,11861,15077,11850,15088,11842,15073,11852,15080,11766,15092,11865
630,24414,11856,24437,11860,24697,11855,24514,11846,24419,11839,24432,11844,24441,11759,24449,11860
631,32767,11855,32767,11860,32767,11856,32767,11845,32767,11840,32767,11846,32767,11760,32767,11859
632,32767,11857,32767,11863,32767,11859,32767,11847,32767,11842,32767,11846,32767,11760,32767,11865
633,32767,11859,32767,11867,32767,11863,32767,11853,32767,11843,32767,11852,32767,11764,32767,11868
634,32767,11864,32767,11873,32767,11870,32767,11856,32767,11850,32767,11855,32767,11772,32767,11872
635,27488,11858,27487,11865,27252,11863,27422,11848,27511,11842,27470,11849,27481,11767,27497,11868
636,19183,11862,19181,11866,19004,11864,19131,11851,19201,11844,19167,11852,19176,11767,19192,11869
637,14610,11856,14623,11862,14673,11859,14640,11848,14623,11842,14617,11849,14623,11763,14634,11864
638,18516,11856,18536,11863,18754,11858,18602,11845,18522,11841,18532,11846,18536,11760,18547,11862
639,26667,11858,26692,11862,26954,11857,26771,11847,26676,11841,26687,11845,26693,11759,26704,11862
640,32767,11856,32767,11863,32767,11857,32767,11847,32767,11841,32767,11845,32767,11761,32767,11862
641,32767,11861,32767,11866,32767,11862,32767,11850,32767,11843,32767,11849,32767,11763,32767,11864
642,32767,11860,32767,11866,32767,11863,32767,11852,32767,11843,32767,11852,32767,11769,32767,11865
643,32767,11862,32767,11870,32767,11867,32767,11854,32767,11847,32767,11854,32767,11770,32767,11872
644,25548,11860,25546,11868,25312,11866,25479,11852,25570,11845,25528,11852,25536,11770,25556,11868
645,17590,11858,17593,11866,17450,11864,17552,11852,17607,11845,17579,11854,17587,11767,17600,11867
646,14732,11858,14748,11865,14848,11859,14777,11849,14742,11843,14740,11849,14748,11764,14755,11864
647,19990,11857,20012,11859,20246,11856,20083,11845,19997,11839,20009,11845,20016,11758,20023,11861
648,28447,11855,28475,11862,28737,11857,28552,11845,28460,11839,28470,11848,28477,11760,28490,11861
649,32767,11857,32767,11863,32767,11858,32767,11849,32767,11842,32767,11846,32767,11761,32767,11862
650,32767,11859,32767,11865,32767,11862,32767,11850,32767,11844,32767,11847,32767,11765,32767,11864
651,32767,11862,32767,11867,32767,11863,32767,11854,32767,11844,32767,11854,32767,11765,32767,11869
652,32069,11859,32069,11869,31836,11866,32005,11853,32096,11843,32048,11853,32060,11770,32080,11869
653,23286,11857,23285,11863,23061,11864,23222,11850,23305,11842,23268,11849,23275,11764,23292,11865
654,16136,11858,16142,11866,16051,11861,16112,11848,16151,11841,16129,11852,16138,11767,16150,11867
655,15584,11856,15601,11861,15751,11856,15647,11847,15593,11840,15596,11849,15601,11761,15608,11860
656,22240,11856,22266,11860,22517,11855,22340,11844,22251,11841,22262,11845,22266,11758,22276,11858
657,31119,11854,31144,11857,31401,11853,31221,11840,31126,11836,31135,11842,31146,11757,31159,11860
658,32767,11857,32767,11862,32767,11857,32767,11846,32767,11842,32767,11846,32767,11761,32767,11861
659,32767,11860,32767,11866,32767,11864,32767,11850,32767,11843,32767,11850,32767,11764,32767,11867
660,32767,11860,32767,11867,32767,11866,32767,11852,32767,11844,32767,11852,32767,11770,32767,11868
661,29590,11861,29589,11869,29353,11866,29526,11853,29613,11843,29571,11852,29581,11769,29602,11868
662,21018,11861,21018,11869,20810,11865,20959,11851,21038,11844,21001,11855,21011,11768,21024,11871
663,14991,11858,15001,11863,14984,11860,14997,11849,15005,11841,14990,11849,14997,11765,15008,11865
664,17107,11859,17127,11862,17322,11856,17185,11846,17116,11839,17123,11847,17128,11762,17138,11862
665,24792,11856,24816,11860,25075,11855,24893,11844,24802,11839,24811,11846,24818,11758,24830,11860
666,32767,11857,32767,11860,32767,11856,32767,11844,32767,11841,32767,11849,32767,11762,32767,11862
667,32767,11858,32767,11862,32767,11857,32767,11845,32767,11842,32767,11846,32767,11761,32767,11862
668,32767,11859,32767,11863,32767,11861,32767,11850,32767,11841,32767,11849,32767,11764,32767,11865
669,32767,11860,32767,11868,32767,11867,32767,11856,32767,11845,32767,11854,32767,11770,32767,11868
670,26935,11858,26935,11865,26694,11863,26868,11852,26957,11841,26914,11851,26926,11766,26943,11865
671,18605,11860,18606,11866,18440,11862,18556,11852,18624,11844,18592,11853,18599,11767,18614,11868
672,14613,11859,14626,11862,14696,11861,14646,11847,14624,11843,14618,11850,14626,11765,14634,11864
673,19139,11857,19158,11862,19385,11855,19228,11844,19146,11838,19155,11846,19162,11761,19168,11861
674,27636,11858,27660,11862,27923,11856,27741,11847,27646,11841,27656,11848,27662,11761,27674,11865
675,32767,11859,32767,11862,32767,11858,32767,11846,32767,11843,32767,11845,32767,11761,32767,11863
676,32767,11861,32767,11867,32767,11864,32767,11850,32767,11845,32767,11848,32767,11765,32767,11864
677,32767,11864,32767,11868,32767,11867,32767,11854,32767,11846,32767,11855,32767,11770,32767,11870
678,32767,11861,32767,11868,32767,11864,32767,11851,32767,11843,32767,11852,32767,11769,32767,11868
679,24301,11860,24299,11868,24072,11864,24236,11850,24322,11843,24284,11852,24291,11766,24310,11868
680,15221,11858,15237,11863,15375,11858,15278,11846,15228,11841,15232,11850,15237,11763,15245,11862
681,21487,11856,21508,11860,21757,11856,21582,11845,21494,11841,21505,11846,21510,11758,21521,11861
682,30216,11860,30244,11866,30507,11859,30322,11846,30227,11844,30237,11848,30246,11763,30257,11868
683,32767,11853,32767,11860,32767,11854,32767,11842,32767,11838,32767,11843,32767,11758,32767,11859
684,32767,11860,32767,11863,32767,11864,32767,11850,32767,11843,32767,11851,32767,11766,32767,11867
685,30445,11858,30447,11867,30210,11863,30379,11849,30470,11841,30426,11850,30436,11767,30457,11865
686,21639,11857,21639,11864,21427,11862,21580,11850,21661,11839,21628,11851,21632,11765,21647,11866
687,15257,11856,15265,11863,15225,11858,15252,11845,15271,11840,15253,11848,15261,11759,15272,11861
688,16502,11854,16523,11860,16707,11855,16577,11844,16510,11837,16520,11844,16523,11757,16532,11860
689,23950,11854,23973,11862,24227,11856,24049,11845,23959,11840,23970,11846,23978,11761,23986,11861
690,32767,11854,32767,11859,32767,11853,32767,11844,32767,11839,32767,11844,32767,11760,32767,11859
691,32767,11859,32767,11866,32767,11861,32767,11850,32767,11842,32767,11847,32767,11764,32767,11862
692,32767,11860,32767,11864,32767,11862,32767,11850,32767,11845,32767,11850,32767,11765,32767,11868
693,32767,11864,32767,11868,32767,11866,32767,11855,32767,11845,32767,11854,32767,11769,32767,11870
694,27478,11859,27474,11867,27235,11864,27408,11853,27498,11842,27456,11852,27466,11766,27484,11868
695,18939,11860,18941,11866,18766,11862,18891,11849,18958,11841,18926,11851,18935,11764,18946,11868
696,14625,11858,14636,11866,14691,11861,14653,11847,14635,11843,14628,11852,14636,11767,14642,11866
697,18755,11859,18777,11862,18999,11859,18844,11845,18764,11842,18775,11849,18779,11761,18787,11863
698,27136,11861,27159,11863,27422,11858,27238,11847,27144,11844,27154,11849,27159,11762,27172,11862
699,32767,11858,32767,11863,32767,11858,32767,11847,32767,11842,32767,11846,32767,11761,32767,11862
700,32767,11856,32767,11863,32767,11856,32767,11844,32767,11841,32767,11846,32767,11761,32767,11862
701,32767,11862,32767,11868,32767,11865,32767,11854,32767,11845,32767,11853,32767,11767,32767,11871
702,32767,11862,32767,11870,32721,11868,32767,11855,32767,11847,32767,11855,32767,11770,32767,11869
703,24087,11862,24086,11871,23856,11868,24022,11855,24108,11847,24067,11856,24078,11772,24095,11872
704,16468,11859,16471,11866,16363,11865,16442,11850,16484,11844,16460,11852,16467,11767,16478,11868
705,15331,11853,15348,11859,15492,11854,15386,11842,15341,11836,15342,11843,15347,11758,15356,11861
706,21782,11856,21806,11863,22052,11856,21878,11846,21791,11841,21799,11849,21809,11760,21817,11864
707,30558,11857,30584,11862,30843,11856,30661,11846,30568,11840,30576,11846,30585,11760,30594,11862
708,32767,11856,32767,11860,32767,11856,32767,11844,32767,11838,32767,11845,32767,11760,32767,11862
709,32767,11859,32767,11866,32767,11862,32767,11850,32767,11844,32767,11849,32767,11764,32767,11865
710,32767,11864,32767,11871,32767,11870,32767,11855,32767,11848,32767,11857,32767,11770,32767,11871
711,29601,11862,29599,11868,29362,11866,29534,11855,29624,11845,29580,11855,29589,11770,29611,11869
712,20721,11863,20722,11868,20520,11867,20666,11853,20742,11845,20706,11854,20715,11767,20731,11870
713,14942,11853,14950,11859,14942,11854,14947,11844,14955,11839,14940,11847,14947,11760,14957,11862
714,17256,11860,17277,11863,17476,11859,17334,11847,17264,11844,17270,11850,17278,11764,17286,11863
715,24894,11856,24919,11862,25176,11856,24996,11844,24905,11839,24913,11845,24920,11760,24930,11863
716,32767,11856,32767,11859,32767,11853,32767,11843,32767,11836,32767,11843,32767,11758,32767,11859
717,32767,11859,32767,11864,32767,11859,32767,11847,32767,11843,32767,11848,32767,11760,32767,11863
718,32767,11856,32767,11864,32767,11863,32767,11850,32767,11843,32767,11850,32767,11766,32767,11867
719,32767,11862,32767,11868,32767,11868,32767,11854,32767,11847,32767,11853,32767,11770,32767,11871
720,26250,11859,26249,11866,26013,11864,26182,11852,26274,11843,26232,11853,26242,11767,26259,11869
721,14659,11859,14673,11864,14764,11859,14698,11848,14668,11842,14669,11851,14672,11764,14682,11865
722,19734,11857,19758,11862,19993,11859,19827,11846,19744,11842,19751,11848,19760,11763,19769,11863
723,28375,11859,28396,11861,28661,11857,28476,11846,28384,11840,28391,11849,28400,11759,28410,11862
724,32767,11856,32767,11863,32767,11856,32767,11846,32767,11839,32767,11845,32767,11760,32767,11861
725,32767,11856,32767,11863,32767,11859,32767,11847,32767,11839,32767,11845,32767,11763,32767,11862
726,32767,11860,32767,11866,32767,11864,32767,11851,32767,11843,32767,11852,32767,11767,32767,11867
727,31575,11859,31575,11866,31341,11865,31510,11850,31597,11844,31556,11852,31568,11767,31585,11868
728,22535,11860,22536,11868,22320,11863,22475,11850,22557,11843,22517,11854,22528,11767,22546,11868
729,15666,11859,15671,11866,15604,11863,15653,11850,15682,11843,15659,11851,15668,11766,15679,11867
730,16097,11856,16115,11860,16287,11856,16165,11844,16104,11839,16110,11848,16117,11760,16123,11862
731,23314,11849,23339,11854,23593,11848,23417,11840,23323,11833,23333,11840,23342,11754,23349,11856
732,32767,11856,32767,11861,32767,11856,32767,11845,32767,11839,32767,11844,32767,11761,32767,11863
733,32767,11858,32767,11866,32767,11862,32767,11850,32767,11842,32767,11848,32767,11765,32767,11864
734,32767,11859,32767,11868,32767,11868,32767,11850,32767,11842,32767,11852,32767,11767,32767,11868
735,28008,11859,28005,11870,27770,11866,27940,11852,28028,11845,27987,11853,27995,11769,28014,11872
736,19536,11859,19536,11867,19349,11863,19485,11851,19554,11843,19523,11855,19532,11766,19545,11868
737,14680,11859,14692,11866,14724,11861,14702,11849,14692,11843,14683,11850,14690,11766,14698,11867
738,18178,11859,18199,11861,18413,11857,18265,11847,18185,11842,18195,11848,18201,11762,18210,11863
739,26422,11859,26447,11861,26709,11859,26527,11847,26432,11842,26442,11848,26451,11761,26461,11864
740,32767,11853,32767,11857,32767,11852,32767,11840,32767,11838,32767,11841,32767,11756,32767,11858
741,32767,11857,32767,11864,32767,11857,32767,11848,32767,11842,32767,11847,32767,11763,32767,11864
742,32767,11857,32767,11865,32767,11862,32767,11850,32767,11840,32767,11848,32767,11766,32767,11867
743,32767,11860,32767,11866,32767,11864,32767,11850,32767,11842,32767,11849,32767,11766,32767,11869
744,24824,11861,24821,11867,24592,11865,24758,11850,24846,11845,24806,11853,24814,11767,24832,11867
745,17081,11857,17083,11867,16954,11865,17048,11852,17099,11843,17069,11852,17077,11767,17092,11867
746,14988,11856,15003,11863,15127,11859,15039,11847,14995,11842,14998,11850,15005,11763,15011,11864
747,20986,11856,21010,11860,21251,11855,21082,11844,20998,11841,21007,11846,21013,11758,21020,11862
748,29700,11856,29725,11860,29988,11855,29803,11843,29709,11839,29720,11845,29725,11759,29737,11861
749,32767,11856,32767,11858,32767,11856,32767,11844,32767,11836,32767,11845,32767,11759,32767,11859
750,32767,11857,32767,11861,32767,11859,32767,11847,32767,11839,32767,11845,32767,11761,32767,11862
751,32767,11858,32767,11866,32767,11864,32767,11850,32767,11844,32767,11852,32767,11767,32767,11867
752,30484,11859,30482,11868,30245,11866,30418,11853,30508,11846,30464,11852,30472,11768,30494,11871
753,21707,11866,21704,11871,21491,11869,21644,11856,21723,11846,21686,11857,21696,11771,21711,11875
754,15239,11862,15246,11867,15208,11864,15234,11853,15255,11844,15235,11855,15243,11767,15253,11868
755,16638,11857,16658,11865,16846,11856,16717,11847,16646,11843,16653,11848,16662,11760,16666,11862
756,24227,11858,24250,11862,24507,11855,24326,11846,24234,11843,24246,11847,24252,11759,24262,11863
757,32767,11856,32767,11859,32767,11853,32767,11843,32767,11838,32767,11843,32767,11755,32767,11862
758,32767,11855,32767,11861,32767,11859,32767,11846,32767,11838,32767,11846,32767,11761,32767,11862
759,32767,11860,32767,11867,32767,11862,32767,11851,32767,11846,32767,11852,32767,11767,32767,11868
760,32767,11863,32767,11870,32767,11869,32767,11855,32767,11846,32767,11856,32767,11770,32767,11871
761,27044,11859,27043,11868,26802,11867,26976,11853,27069,11844,27024,11854,27034,11770,27051,11871
762,18676,11862,18677,11868,18507,11867,18631,11853,18697,11847,18663,11855,18672,11769,18687,11869
763,14602,11862,14613,11867,14679,11862,14631,11853,14611,11848,14605,11853,14611,11767,14620,11870
764,19115,11859,19137,11864,19360,11861,19203,11848,19123,11845,19134,11850,19138,11766,19147,11865
765,27482,11858,27507,11861,27768,11855,27586,11846,27491,11842,27501,11848,27509,11760,27521,11859
766,32767,11862,32767,11866,32767,11862,32767,11850,32767,11843,32767,11849,32767,11766,32767,11865
767,32767,11862,32767,11868,32767,11865,32767,11852,32767,11845,32767,11853,32767,11769,32767,11870
768,32767,11862,32767,11868,32767,11867,32767,11854,32767,11846,32767,11855,32767,11768,32767,11870
769,24247,11862,24247,11868,24013,11865,24182,11853,24269,11848,24229,11853,24237,11767,24257,11869
770,16586,11859,16588,11866,16480,11860,16557,11850,16602,11840,16578,11851,16584,11765,16597,11868
771,21559,11856,21583,11860,21827,11855,21657,11842,21569,11839,21579,11846,21586,11760,21596,11860
772,30279,11853,30303,11860,30565,11853,30381,11844,30289,11839,30296,11846,30304,11759,30318,11862
773,32767,11859,32767,11863,32767,11859,32767,11846,32767,11842,32767,11846,32767,11761,32767,11862
774,32767,11854,32767,11857,32767,11856,32767,11844,32767,11838,32767,11844,32767,11760,32767,11861
775,32767,11860,32767,11868,32767,11862,32767,11852,32767,11843,32767,11853,32767,11769,32767,11867
776,29967,11859,29966,11868,29730,11865,29900,11851,29992,11843,29949,11852,29955,11767,29979,11868
777,21204,11865,21203,11871,20997,11868,21144,11857,21224,11847,21186,11856,21197,11775,21212,11873
778,16883,11858,16902,11863,17097,11853,16960,11845,16892,11841,16899,11849,16906,11761,16911,11862
779,24463,11858,24487,11862,24745,11855,24562,11846,24471,11839,24479,11846,24489,11760,24500,11861
780,32767,11860,32767,11862,32767,11858,32767,11846,32767,11841,32767,11846,32767,11761,32767,11864
781,32767,11859,32767,11866,32767,11859,32767,11849,32767,11840,32767,11850,32767,11764,32767,11865
782,32767,11863,32767,11871,32767,11870,32767,11857,32767,11847,32767,11857,32767,11770,32767,11874
783,26963,11862,26961,11869,26726,11867,26895,11853,26984,11844,26942,11855,26950,11770,26971,11871
784,18647,11861,18647,11867,18477,11864,18598,11854,18666,11845,18633,11852,18639,11770,18653,11868
785,14597,11859,14610,11864,14676,11860,14629,11849,14608,11844,14602,11852,14609,11765,14618,11866
786,19200,11858,19219,11859,19446,11856,19289,11846,19207,11841,19217,11846,19223,11763,19231,11862
787,27472,11858,27496,11860,27761,11856,27575,11845,27482,11841,27490,11848,27501,11762,27509,11861
788,32767,11856,32767,11862,32767,11856,32767,11845,32767,11841,32767,11846,32767,11760,32767,11862
789,32767,11857,32767,11862,32767,11858,32767,11847,32767,11842,32767,11849,32767,11762,32767,11865
790,32767,11853,32767,11864,32767,11859,32767,11844,32767,11839,32767,11846,32767,11761,32767,11862
791,32767,11859,32767,11868,32767,11865,32767,11853,32767,11845,32767,11853,32767,11768,32767,11869
792,24364,11857,24361,11863,24133,11865,24302,11851,24384,11843,24344,11851,24353,11770,24372,11868
793,16663,11860,16667,11868,16554,11865,16632,11853,16677,11844,16653,11853,16659,11768,16675,11871
794,15247,11859,15264,11865,15405,11858,15304,11849,15258,11842,15260,11849,15266,11763,15274,11864
795,21560,11862,21583,11866,21828,11859,21658,11850,21570,11843,21579,11850,21585,11764,21593,11862
796,30447,11854,30470,11860,30732,11853,30549,11844,30456,11839,30466,11846,30473,11759,30487,11860
797,32767,11855,32767,11860,32767,11857,32767,11845,32767,11839,32767,11844,32767,11761,32767,11861
798,32767,11859,32767,11863,32767,11862,32767,11849,32767,11842,32767,11849,32767,11765,32767,11866
799,32767,11856,32767,11866,32767,11863,32767,11850,32767,11843,32767,11850,32767,11766,32767,11867
800,21106,11859,21108,11868,20901,11866,21050,11852,21129,11843,21093,11853,21099,11768,21114,11871
801,15000,11857,15012,11865,14993,11861,15005,11851,15015,11842,15002,11851,15007,11764,15015,11865
802,17027,11859,17047,11863,17241,11856,17103,11846,17035,11840,17043,11846,17050,11761,17055,11861
803,24955,11859,24979,11862,25238,11856,25056,11848,24965,11841,24977,11848,24982,11761,24989,11862
804,32767,11854,32767,11861,32767,11856,32767,11842,32767,11839,32767,11845,32767,11758,32767,11860
805,32767,11857,32767,11862,32767,11856,32767,11847,32767,11839,32767,11846,32767,11761,32767,11861
806,32767,11860,32767,11867,32767,11865,32767,11854,32767,11846,32767,11850,32767,11767,32767,11868
807,32767,11864,32767,11870,32767,11865,32767,11853,32767,11845,32767,11852,32767,11770,32767,11871
808,26073,11859,26070,11868,25837,11862,26006,11850,26095,11845,26054,11854,26061,11770,26080,11867
809,17820,11860,17821,11868,17671,11865,17779,11853,17836,11845,17806,11852,17813,11769,17828,11868
810,14726,11859,14741,11865,14835,11859,14769,11848,14736,11842,14733,11849,14740,11762,14749,11865
811,19715,11858,19738,11862,19966,11857,19809,11845,19726,11842,19733,11849,19741,11761,19749,11861
812,28431,11860,28459,11863,28723,11859,28537,11848,28443,11842,28452,11849,28463,11762,28473,11865
813,32767,11857,32767,11860,32767,11854,32767,11843,32767,11840,32767,11843,32767,11758,32767,11860
814,32767,11860,32767,11866,32767,11860,32767,11852,32767,11843,32767,11852,32767,11765,32767,11863
815,32767,11862,32767,11866,32767,11866,32767,11853,32767,11843,32767,11852,32767,11769,32767,11870
816,31724,11859,31721,11868,31487,11866,31657,11853,31748,11844,31704,11855,31715,11771,31737,11869
817,22882,11864,22880,11869,22658,11868,22817,11855,22902,11847,22864,11858,22872,11770,22890,11871
818,15863,11856,15869,11862,15789,11858,15846,11845,15878,11841,15857,11849,15863,11761,15874,11865
819,15772,11859,15789,11863,15951,11859,15836,11849,15780,11842,15783,11849,15789,11763,15796,11865
820,22540,11858,22565,11860,22819,11855,22641,11847,22549,11839,22561,11845,22567,11760,22574,11862
821,31590,11858,31615,11863,31869,11855,31691,11847,31599,11843,31607,11846,31617,11761,31629,11862
822,32767,11859,32767,11861,32767,11859,32767,11846,32767,11842,32767,11846,32767,11762,32767,11862
823,32767,11863,32767,11869,32767,11865,32767,11853,32767,11845,32767,11852,32767,11771,32767,11870
824,32767,11864,32767,11869,32767,11868,32767,11855,32767,11845,32767,11854,32767,11769,32767,11870
825,28954,11859,28955,11866,28715,11863,28886,11850,28980,11844,28934,11855,28944,11767,28964,11868
826,20231,11863,20227,11869,20031,11871,20174,11858,20248,11848,20214,11858,20221,11774,20239,11872
827,14773,11860,14783,11868,14798,11865,14790,11853,14786,11845,14775,11855,14781,11767,14794,11868
828,17615,11856,17635,11861,17843,11854,17698,11844,17622,11842,17632,11846,17636,11760,17644,11860
829,25509,11861,25533,11865,25797,11860,25615,11849,25520,11845,25531,11851,25537,11765,25545,11865
830,32767,11855,32767,11858,32767,11853,32767,11843,32767,11837,32767,11843,32767,11757,32767,11859
831,32767,11859,32767,11864,32767,11858,32767,11847,32767,11841,32767,11846,32767,11764,32767,11865
832,32767,11858,32767,11866,32767,11864,32767,11850,32767,11842,32767,11849,32767,11765,32767,11866
833,32767,11859,32767,11865,32767,11862,32767,11850,32767,11843,32767,11849,32767,11764,32767,11867
834,25624,11859,25624,11866,25388,11862,25558,11850,25647,11842,25606,11852,25615,11767,25633,11870
835,17650,11862,17652,11868,17507,11866,17613,11853,17670,11846,17640,11856,17646,11768,17661,11869
836,14806,11858,14823,11862,14932,11859,14857,11846,14819,11842,14817,11847,14822,11762,14832,11863
837,20501,11861,20525,11863,20763,11858,20595,11848,20509,11842,20521,11849,20529,11763,20534,11863
838,29109,11858,29132,11861,29397,11856,29213,11845,29119,11843,29128,11849,29137,11761,29149,11864
839,32767,11855,32767,11861,32767,11855,32767,11843,32767,11840,32767,11843,32767,11758,32767,11859
840,32767,11859,32767,11864,32767,11861,32767,11851,32767,11843,32767,11849,32767,11767,32767,11866
841,32767,11860,32767,11867,32767,11864,32767,11850,32767,11845,32767,11852,32767,11767,32767,11868
842,31041,11859,31035,11866,30801,11864,30974,11854,31062,11845,31018,11852,31027,11767,31048,11870
843,22088,11861,22089,11867,21874,11867,22028,11853,22109,11844,22073,11852,22081,11770,22097,11870
844,15397,11862,15404,11867,15355,11862,15389,11850,15411,11845,15393,11854,15401,11767,15410,11867
845,24198,11855,24223,11860,24482,11856,24299,11845,24208,11840,24217,11849,24227,11758,24236,11863
846,32767,11856,32767,11861,32767,11856,32767,11845,32767,11841,32767,11844,32767,11759,32767,11861
847,32767,11860,32767,11863,32767,11860,32767,11847,32767,11843,32767,11846,32767,11761,32767,11865
848,32767,11859,32767,11866,32767,11865,32767,11851,32767,11845,32767,11851,32767,11767,32767,11868
849,32767,11862,32767,11870,32767,11867,32767,11855,32767,11846,32767,11852,32767,11772,32767,11868
850,26477,11860,26474,11869,26238,11866,26409,11853,26497,11845,26456,11855,26463,11768,26484,11871
851,18157,11861,18159,11871,18000,11865,18114,11853,18176,11845,18145,11854,18151,11770,18166,11869
852,14652,11861,14667,11864,14751,11861,14691,11850,14661,11842,14658,11852,14663,11764,14674,11865
853,19631,11855,19654,11863,19885,11855,19721,11845,19640,11839,19649,11845,19658,11760,19666,11860
854,28182,11857,28205,11862,28465,11856,28282,11844,28189,11840,28199,11846,28205,11761,28216,11860
855,32767,11856,32767,11860,32767,11856,32767,11845,32767,11841,32767,11843,32767,11758,32767,11862
856,32767,11859,32767,11861,32767,11859,32767,11850,32767,11840,32767,11848,32767,11762,32767,11862
857,32767,11857,32767,11865,32767,11862,32767,11850,32767,11841,32767,11851,32767,11766,32767,11867
858,31667,11856,31667,11865,31432,11863,31603,11850,31691,11842,31650,11851,31659,11766,31678,11866
859,22709,11857,22708,11864,22485,11862,22647,11850,22728,11842,22691,11850,22699,11764,22717,11865
860,15669,11856,15677,11863,15607,11859,15657,11847,15685,11839,15664,11849,15672,11764,15684,11865
861,23556,11856,23579,11861,23834,11854,23655,11846,23562,11839,23575,11846,23582,11758,23591,11862
862,32439,11854,32463,11860,32717,11854,32542,11842,32449,11839,32458,11846,32468,11756,32477,11859
863,32767,11859,32767,11865,32767,11863,32767,11849,32767,11842,32767,11848,32767,11767,32767,11865
864,32767,11860,32767,11866,32767,11865,32767,11853,32767,11845,32767,11854,32767,11767,32767,11870
865,27577,11862,27574,11867,27339,11867,27509,11854,27601,11842,27559,11853,27568,11768,27586,11870
866,18934,11860,18934,11866,18760,11866,18885,11855,18952,11845,18920,11855,18929,11770,18942,11871
867,14631,11858,14641,11864,14707,11859,14664,11848,14642,11843,14637,11852,14642,11764,14651,11865
868,19116,11856,19137,11861,19365,11856,19205,11845,19126,11841,19135,11847,19142,11758,19149,11860
869,27578,11857,27599,11860,27867,11858,27682,11846,27588,11839,27596,11846,27607,11760,27616,11863
870,32767,11861,32767,11863,32767,11858,32767,11846,32767,11842,32767,11848,32767,11763,32767,11863
871,32767,11856,32767,11863,32767,11856,32767,11847,32767,11837,32767,11844,32767,11761,32767,11859
872,32767,11859,32767,11868,32767,11865,32767,11852,32767,11845,32767,11852,32767,11768,32767,11869
873,31886,11860,31885,11868,31653,11865,31821,11852,31910,11842,31864,11852,31876,11766,31897,11868
874,22793,11861,22794,11868,22572,11866,22731,11853,22816,11844,22778,11853,22785,11767,22803,11871
875,15749,11860,15755,11867,15684,11862,15735,11848,15765,11842,15743,11852,15749,11767,15762,11866
876,15964,11861,15982,11866,16151,11859,16032,11850,15971,11845,15978,11852,15983,11766,15991,11866
877,23320,11859,23342,11864,23596,11859,23417,11850,23325,11845,23340,11849,23345,11762,23354,11865
878,32367,11856,32393,11860,32649,11856,32470,11845,32380,11843,32387,11845,32396,11759,32409,11861
879,32767,11856,32767,11861,32767,11856,32767,11847,32767,11840,32767,11844,32767,11758,32767,11860
880,32767,11862,32767,11868,32767,11865,32767,11853,32767,11845,32767,11851,32767,11767,32767,11868
881,32767,11861,32767,11871,32767,11868,32767,11856,32767,11845,32767,11855,32767,11770,32767,11872
882,27576,11862,27576,11869,27340,11867,27509,11856,27599,11844,27558,11854,27565,11770,27586,11868
883,14597,11859,14607,11866,14664,11859,14624,11852,14608,11844,14602,11851,14606,11764,14618,11865
884,18964,11859,18985,11861,19208,11856,19051,11846,18971,11842,18981,11849,18986,11761,18996,11861
885,27479,11856,27505,11863,27767,11857,27584,11847,27491,11842,27499,11846,27506,11759,27518,11861
886,32767,11854,32767,11858,32767,11853,32767,11844,32767,11838,32767,11846,32767,11757,32767,11861
887,32767,11855,32767,11860,32767,11856,32767,11847,32767,11842,32767,11846,32767,11762,32767,11864
888,31841,11854,31839,11863,31606,11861,31775,11848,31861,11841,31820,11849,31829,11764,31852,11864
889,22763,11861,22764,11868,22545,11867,22701,11854,22782,11842,22745,11854,22756,11768,22770,11869
890,15651,11856,15654,11864,15589,11861,15637,11847,15665,11840,15644,11852,15652,11764,15664,11865
891,16167,11855,16185,11858,16357,11855,16237,11844,16176,11839,16180,11845,16187,11761,16195,11860
892,23487,11859,23511,11865,23765,11856,23588,11848,23495,11844,23506,11850,23514,11761,23523,11864
893,32497,11859,32520,11861,32767,11856,32601,11849,32508,11842,32514,11846,32524,11761,32540,11865
894,32767,11856,32767,11860,32767,11856,32767,11847,32767,11841,32767,11844,32767,11759,32767,11860
895,32767,11861,32767,11867,32767,11864,32767,11852,32767,11844,32767,11852,32767,11767,32767,11868
896,32767,11862,32767,11870,32767,11865,32767,11853,32767,11845,32767,11854,32767,11770,32767,11870
897,18676,11860,18679,11866,18506,11864,18630,11853,18694,11845,18663,11852,18672,11771,18683,11867
898,14636,11859,14647,11863,14722,11858,14672,11847,14646,11841,14643,11853,14648,11763,14656,11863
899,19235,11857,19256,11861,19486,11854,19326,11845,19240,11836,19251,11844,19259,11758,19268,11860
900,27729,11855,27754,11857,28015,11853,27833,11842,27739,11837,27749,11846,27757,11758,27770,11859
901,32767,11855,32767,11861,32767,11859,32767,11847,32767,11842,32767,11849,32767,11761,32767,11865
902,32767,11856,32767,11863,32767,11862,32767,11847,32767,11841,32767,11849,32767,11764,32767,11865
903,32767,11865,32767,11874,32767,11870,32767,11854,32767,11848,32767,11855,32767,11771,32767,11873
904,31813,11862,31811,11871,31577,11869,31747,11855,31836,11847,31793,11855,31803,11770,31824,11874
905,22764,11865,22765,11871,22542,11867,22701,11855,22785,11849,22747,11858,22755,11771,22771,11872
906,15740,11862,15745,11866,15674,11863,15726,11853,15755,11845,15735,11855,15739,11769,15754,11869
907,16064,11860,16082,11865,16254,11860,16133,11849,16075,11843,16077,11851,16086,11763,16093,11865
908,23240,11858,23265,11861,23518,11856,23340,11844,23251,11841,23259,11847,23267,11761,23277,11862
909,32196,11860,32221,11862,32478,11859,32297,11845,32206,11842,32214,11846,32222,11761,32235,11862
910,32767,11861,32767,11863,32767,11859,32767,11848,32767,11842,32767,11846,32767,11762,32767,11865
911,32767,11857,32767,11865,32767,11862,32767,11850,32767,11842,32767,11851,32767,11767,32767,11869
912,32767,11861,32767,11868,32767,11866,32767,11853,32767,11844,32767,11854,32767,11770,32767,11871
913,27363,11861,27361,11870,27125,11867,27298,11854,27388,11845,27345,11852,27354,11769,27372,11870
914,18739,11865,18739,11869,18571,11866,18692,11855,18754,11847,18725,11855,18732,11770,18748,11872
915,14633,11857,14645,11861,14712,11856,14665,11846,14643,11839,14640,11846,14645,11761,14654,11862
916,19224,11858,19245,11862,19476,11859,19315,11846,19232,11842,19243,11849,19246,11762,19258,11864
917,27922,11854,27946,11860,28209,11855,28026,11844,27933,11838,27942,11844,27949,11757,27961,11859
918,32767,11859,32767,11864,32767,11859,32767,11847,32767,11844,32767,11847,32767,11761,32767,11863
919,32767,11860,32767,11868,32767,11865,32767,11853,32767,11845,32767,11852,32767,11768,32767,11872
920,32077,11857,32079,11868,31842,11863,32013,11849,32102,11842,32057,11853,32070,11765,32089,11866
921,22893,11858,22892,11868,22673,11864,22830,11850,22913,11842,22874,11852,22882,11769,22900,11868
922,15701,11859,15707,11864,15640,11859,15691,11848,15717,11842,15698,11850,15705,11765,15715,11865
923,16033,11856,16049,11864,16223,11859,16103,11847,16043,11841,16048,11849,16052,11764,16061,11864
924,23309,11856,23335,11861,23588,11856,23410,11847,23316,11839,23330,11846,23337,11761,23344,11862
925,32221,11856,32246,11862,32500,11853,32326,11844,32233,11837,32240,11845,32250,11759,32262,11861
926,32767,11855,32767,11861,32767,11856,32767,11844,32767,11837,32767,11844,32767,11758,32767,11859
927,32767,11861,32767,11866,32767,11862,32767,11853,32767,11842,32767,11852,32767,11767,32767,11868
928,32767,11861,32767,11867,32767,11865,32767,11851,32767,11844,32767,11852,32767,11770,32767,11871
929,27416,11865,27414,11873,27173,11870,27347,11856,27437,11848,27395,11856,27404,11771,27424,11874
930,18931,11863,18933,11868,18760,11865,18884,11853,18949,11845,18918,11857,18925,11767,18942,11871
931,14630,11855,14642,11863,14703,11858,14659,11844,14641,11838,14636,11848,14639,11761,14647,11862
932,18972,11861,18993,11866,19214,11856,19059,11848,18978,11842,18987,11850,18993,11761,19001,11863
933,27401,11859,27423,11860,27691,11855,27506,11845,27410,11840,27420,11847,27428,11758,27439,11859
934,32767,11855,32767,11861,32767,11856,32767,11846,32767,11837,32767,11844,32767,11760,32767,11862
935,32767,11862,32767,11872,32767,11866,32767,11856,32767,11846,32767,11855,32767,11769,32767,11871
936,32214,11861,32213,11869,31979,11868,32148,11854,32238,11846,32194,11855,32204,11770,32225,11872
937,23213,11862,23210,11866,22986,11863,23146,11852,23231,11845,23193,11853,23203,11768,23220,11869
938,15937,11860,15943,11866,15861,11865,15921,11853,15954,11845,15931,11852,15942,11769,15953,11868
939,15832,11858,15849,11864,16014,11859,15900,11846,15841,11841,15844,11847,15852,11761,15861,11865
940,22947,11852,22969,11857,23222,11850,23045,11842,22953,11836,22965,11842,22971,11755,22982,11855
941,31887,11857,31913,11861,32168,11857,31993,11844,31897,11843,31904,11849,31915,11764,31931,11862
942,32767,11856,32767,11860,32767,11856,32767,11844,32767,11839,32767,11846,32767,11760,32767,11862
943,32767,11862,32767,11867,32767,11863,32767,11850,32767,11843,32767,11852,32767,11769,32767,11868
944,32767,11860,32767,11866,32767,11866,32767,11854,32767,11843,32767,11852,32767,11769,32767,11868
945,27859,11862,27856,11868,27616,11865,27790,11855,27880,11845,27836,11855,27847,11770,27867,11871
946,19140,11862,19142,11868,18963,11866,19091,11855,19159,11845,19127,11855,19134,11770,19148,11871
947,14595,11859,14609,11866,14667,11860,14625,11850,14606,11842,14600,11850,14605,11764,14616,11868
948,18990,11856,19014,11860,19234,11855,19079,11844,18999,11839,19008,11845,19014,11760,19021,11861
949,27404,11859,27429,11864,27691,11859,27507,11850,27411,11843,27424,11847,27431,11763,27443,11864
950,32767,11856,32767,11862,32767,11853,32767,11844,32767,11840,32767,11844,32767,11758,32767,11859
951,32767,11865,32767,11871,32767,11869,32767,11859,32767,11848,32767,11856,32767,11773,32767,11871
952,32223,11861,32221,11869,31989,11866,32158,11854,32245,11845,32201,11855,32212,11771,32232,11869
953,23153,11859,23152,11870,22929,11865,23089,11852,23175,11842,23133,11855,23143,11769,23162,11869
954,15847,11860,15851,11866,15774,11862,15831,11850,15861,11842,15839,11855,15846,11767,15858,11868
955,15903,11858,15921,11863,16084,11857,15968,11848,15912,11841,15915,11849,15923,11762,15928,11862
956,23006,11857,23031,11862,23285,11856,23106,11845,23014,11839,23025,11846,23034,11761,23042,11860
957,32202,11858,32227,11860,32480,11856,32307,11844,32214,11840,32222,11846,32230,11760,32242,11860
958,32767,11862,32767,11864,32767,11859,32767,11844,32767,11843,32767,11849,32767,11764,32767,11864
959,32767,11853,32767,11860,32767,11858,32767,11845,32767,11836,32767,11847,32767,11762,32767,11861
960,27439,11861,27439,11870,27202,11867,27374,11855,27461,11845,27421,11855,27428,11770,27447,11871
961,18826,11860,18829,11868,18657,11865,18781,11853,18847,11845,18816,11855,18822,11768,18837,11868
962,14596,11858,14607,11864,14678,11861,14626,11851,14605,11842,14601,11850,14605,11764,14618,11865
963,19208,11856,19228,11861,19455,11856,19296,11848,19215,11839,19223,11849,19231,11761,19237,11864
964,27875,11859,27899,11861,28162,11854,27978,11845,27883,11839,27893,11846,27900,11758,27913,11862
965,32767,11860,32767,11866,32767,11859,32767,11849,32767,11842,32767,11849,32767,11764,32767,11863
966,32767,11857,32767,11863,32767,11860,32767,11848,32767,11842,32767,11849,32767,11762,32767,11864
967,32767,11858,32767,11868,32767,11863,32767,11851,32767,11844,32767,11853,32767,11769,32767,11869
968,31721,11859,31720,11867,31485,11865,31657,11851,31746,11842,31703,11855,31712,11769,31732,11871
969,22735,11864,22729,11868,22515,11866,22674,11854,22754,11848,22717,11855,22725,11770,22743,11872
970,15752,11860,15758,11867,15688,11861,15738,11852,15768,11844,15747,11855,15754,11768,15766,11867
971,16111,11858,16131,11860,16303,11855,16184,11845,16121,11842,16127,11847,16130,11763,16139,11862
972,23409,11863,23432,11864,23688,11860,23509,11849,23416,11845,23426,11848,23434,11764,23445,11865
973,32482,11857,32506,11861,32760,11856,32581,11846,32493,11841,32499,11847,32507,11761,32521,11861
974,32767,11860,32767,11866,32767,11861,32767,11849,32767,11845,32767,11850,32767,11763,32767,11865
975,32767,11861,32767,11866,32767,11865,32767,11853,32767,11842,32767,11854,32767,11766,32767,11870
976,32767,11861,32767,11867,32767,11865,32767,11853,32767,11842,32767,11851,32767,11767,32767,11868
977,27387,11861,27386,11866,27150,11864,27318,11849,27410,11845,27367,11854,27376,11767,27396,11867
978,18764,11858,18765,11866,18593,11865,18716,11851,18785,11844,18752,11855,18758,11769,18774,11868
979,14625,11862,14636,11867,14707,11863,14658,11851,14635,11843,14628,11851,14635,11765,14644,11868
980,19163,11857,19186,11863,19414,11856,19255,11847,19173,11842,19184,11847,19189,11762,19197,11862
981,27812,11858,27838,11862,28100,11856,27918,11847,27821,11841,27832,11847,27839,11761,27852,11861
982,32767,11858,32767,11863,32767,11859,32767,11844,32767,11840,32767,11846,32767,11761,32767,11863
983,32767,11859,32767,11866,32767,11860,32767,11850,32767,11842,32767,11849,32767,11764,32767,11864
984,32767,11862,32767,11868,32767,11867,32767,11855,32767,11845,32767,11855,32767,11769,32767,11871
985,31556,11859,31554,11867,31317,11864,31492,11850,31578,11842,31534,11851,31544,11764,31566,11868
986,22539,11862,22537,11872,22317,11865,22474,11856,22558,11845,22521,11853,22529,11770,22547,11871
987,15594,11859,15597,11866,15539,11860,15582,11850,15608,11843,15587,11852,15596,11767,15606,11868
988,16300,11858,16317,11863,16496,11858,16371,11845,16308,11842,16313,11846,16318,11761,16327,11862
989,32755,11859,32767,11861,32767,11858,32767,11845,32766,11839,32767,11847,32767,11761,32767,11862
990,32767,11861,32767,11866,32767,11859,32767,11849,32767,11845,32767,11849,32767,11765,32767,11866
991,32767,11861,32767,11867,32767,11865,32767,11852,32767,11845,32767,11852,32767,11768,32767,11871
992,32767,11858,32767,11866,32767,11863,32767,11851,32767,11841,32767,11850,32767,11766,32767,11865
993,26779,11862,26780,11868,26541,11866,26713,11855,26803,11847,26758,11856,26769,11770,26788,11871
994,18292,11863,18293,11868,18130,11865,18247,11854,18311,11843,18280,11855,18286,11770,18300,11871
995,14676,11858,14690,11861,14778,11856,14715,11845,14685,11839,14684,11847,14690,11761,14698,11862
996,19876,11854,19898,11855,20131,11853,19968,11842,19884,11838,19894,11846,19898,11759,19908,11859
997,28568,11856,28597,11860,28858,11856,28676,11847,28580,11841,28591,11846,28600,11761,28609,11863
998,32767,11856,32767,11857,32767,11856,32767,11843,32767,11837,32767,11843,32767,11761,32767,11859
999,32767,11856,32767,11865,32767,11856,32767,11850,32767,11839,32767,11847,32767,11761,32767,11865
1000,32767,11857,32767,11866,32767,11863,32767,11849,32767,11841,32767,11847,32767,11764,32767,11865
1001,30999,11858,30997,11868,30762,11864,30931,11853,31022,11842,30978,11850,30987,11769,31010,11868
1002,21967,11862,21966,11868,21754,11866,21907,11854,21988,11845,21951,11854,21959,11767,21976,11870
1003,15225,11857,15231,11862,15196,11859,15219,11847,15236,11842,15221,11851,15227,11763,15238,11865
1004,16775,11858,16795,11861,16987,11856,16855,11847,16785,11842,16793,11849,16799,11764,16805,11864
1005,24526,11857,24548,11863,24809,11856,24628,11847,24532,11839,24545,11848,24551,11762,24560,11862
1006,32767,11859,32767,11864,32767,11859,32767,11848,32767,11842,32767,11848,32767,11762,32767,11863
1007,32767,11863,32767,11868,32767,11865,32767,11854,32767,11845,32767,11854,32767,11768,32767,11868
1008,32767,11865,32767,11874,32767,11869,32767,11857,32767,11849,32767,11856,32767,11773,32767,11873
1009,25594,11862,25592,11871,25355,11867,25525,11853,25616,11848,25573,11856,25584,11773,25599,11873
1010,17562,11864,17566,11871,17422,11868,17525,11853,17581,11848,17551,11856,17557,11772,17575,11871
1011,14867,11861,14883,11864,14999,11859,14918,11851,14878,11844,14877,11849,14884,11763,14890,11868
1012,20686,11857,20709,11860,20947,11857,20781,11847,20695,11842,20704,11849,20711,11761,20721,11862
1013,29511,11858,29534,11863,29798,11858,29615,11846,29522,11844,29529,11848,29537,11761,29549,11862
1014,32767,11860,32767,11865,32767,11860,32767,11850,32767,11844,32767,11848,32767,11764,32767,11865
1015,32767,11859,32767,11868,32767,11865,32767,11852,32767,11845,32767,11851,32767,11767,32767,11868
1016,32767,11859,32767,11869,32767,11864,32767,11851,32767,11843,32767,11854,32767,11768,32767,11869
1017,29885,11866,29884,11871,29644,11868,29817,11858,29909,11851,29865,11857,29874,11773,29895,11873
1018,20876,11861,20874,11868,20670,11865,20819,11851,20895,11843,20862,11854,20870,11769,20884,11870
1019,14882,11856,14889,11864,14885,11859,14891,11847,14893,11841,14881,11849,14887,11764,14895,11864
1020,17472,11860,17490,11866,17691,11859,17549,11850,17475,11845,17485,11853,17493,11764,17498,11867
1021,25775,11850,25797,11853,26057,11850,25876,11837,25782,11835,25792,11840,25800,11752,25809,11855
1022,32767,11856,32767,11858,32767,11853,32767,11846,32767,11840,32767,11843,32767,11759,32767,11859
1023,32767,11857,32767,11866,32767,11860,32767,11849,32767,11842,32767,11849,32767,11761,32767,11863
1024,32767,11857,32767,11866,32767,11863,32767,11850,32767,11842,32767,11849,32767,11765,32767,11866
1025,32767,11862,32767,11866,32767,11865,32767,11852,32767,11845,32767,11852,32767,11770,32767,11870
1026,24332,11861,24329,11869,24100,11866,24266,11853,24353,11846,24315,11854,24321,11770,24339,11873
1027,16468,11862,16473,11866,16365,11865,16442,11852,16484,11845,16462,11856,16468,11770,16480,11869
1028,15396,11858,15410,11862,15559,11859,15456,11847,15403,11841,15405,11848,15411,11762,15418,11863
1029,22318,11855,22344,11861,22589,11855,22417,11846,22328,11840,22337,11846,22344,11760,22353,11861
1030,31375,11856,31397,11862,31655,11856,31474,11845,31381,11841,31389,11846,31399,11760,31412,11860
1031,32767,11857,32767,11863,32767,11859,32767,11848,32767,11839,32767,11846,32767,11761,32767,11865
1032,32767,11858,32767,11866,32767,11863,32767,11849,32767,11843,32767,11849,32767,11767,32767,11866
1033,27851,11861,27848,11868,27610,11865,27782,11856,27873,11845,27831,11853,27840,11770,27861,11872
1034,19011,11864,19011,11871,18831,11867,18960,11856,19029,11848,18997,11857,19002,11771,19017,11873
1035,14630,11862,14642,11867,14702,11861,14660,11853,14641,11843,14637,11855,14641,11767,14651,11868
1036,19048,11859,19069,11861,19297,11856,19138,11847,19056,11840,19066,11848,19071,11761,19081,11862
1037,27612,11859,27634,11863,27899,11856,27714,11848,27620,11844,27631,11848,27637,11761,27648,11862
1038,32767,11859,32767,11864,32767,11861,32767,11849,32767,11842,32767,11849,32767,11763,32767,11865
1039,32767,11856,32767,11864,32767,11858,32767,11846,32767,11839,32767,11846,32767,11762,32767,11862
1040,32767,11861,32767,11868,32767,11865,32767,11855,32767,11845,32767,11855,32767,11770,32767,11868
1041,31615,11861,31612,11869,31383,11866,31550,11853,31640,11844,31594,11854,31608,11770,31627,11871
1042,22435,11861,22433,11871,22213,11868,22372,11855,22454,11846,22417,11855,22424,11772,22442,11871
1043,15382,11861,15389,11870,15340,11865,15373,11853,15397,11846,15379,11855,15386,11770,15396,11871
1044,16524,11862,16544,11866,16730,11861,16601,11850,16533,11844,16540,11851,16546,11765,16556,11866
1045,24236,11856,24261,11860,24515,11855,24339,11846,24244,11838,24254,11846,24264,11758,24273,11859
1046,32767,11857,32767,11863,32767,11859,32767,11847,32767,11841,32767,11847,32767,11762,32767,11863
1047,32767,11862,32767,11868,32767,11866,32767,11853,32767,11845,32767,11852,32767,11768,32767,11868
1048,32767,11865,32767,11871,32767,11871,32767,11858,32767,11849,32767,11858,32767,11772,32767,11874
1049,25747,11863,25746,11871,25512,11871,25683,11854,25768,11848,25729,11857,25737,11770,25757,11873
1050,17471,11862,17476,11871,17334,11864,17435,11853,17488,11844,17460,11855,17468,11772,17483,11872
1051,14902,11862,14916,11868,15035,11863,14952,11851,14911,11844,14909,11852,14917,11767,14925,11868
1052,20932,11863,20956,11864,21198,11860,21027,11850,20940,11845,20949,11850,20958,11764,20966,11865
1053,29984,11859,30008,11863,30270,11856,30090,11850,29996,11841,30005,11849,30013,11761,30025,11863
1054,32767,11863,32767,11868,32767,11866,32767,11852,32767,11847,32767,11854,32767,11770,32767,11871
1055,32767,11865,32767,11871,32767,11867,32767,11856,32767,11849,32767,11855,32767,11772,32767,11873
1056,29423,11853,29419,11860,29182,11858,29356,11847,29447,11836,29401,11846,29412,11765,29432,11863
1057,20202,11865,20204,11873,20010,11868,20149,11856,20222,11847,20185,11858,20196,11771,20212,11872
1058,14742,11863,14754,11868,14771,11865,14757,11853,14754,11844,14744,11855,14750,11769,14761,11868
1059,17991,11864,18009,11869,18225,11864,18074,11852,17998,11846,18006,11854,18012,11767,18020,11868
1060,26454,11865,26479,11867,26737,11861,26555,11852,26463,11845,26473,11852,26481,11766,26489,11868
1061,32767,11856,32767,11860,32767,11855,32767,11843,32767,11838,32767,11843,32767,11760,32767,11859
1062,32767,11861,32767,11864,32767,11861,32767,11849,32767,11842,32767,11849,32767,11764,32767,11865
1063,32767,11860,32767,11866,32767,11865,32767,11851,32767,11843,32767,11852,32767,11767,32767,11868
1064,32503,11862,32500,11871,32269,11868,32438,11853,32526,11845,32481,11854,32491,11771,32514,11872
1065,23197,11864,23197,11870,22971,11866,23133,11854,23217,11846,23181,11855,23188,11770,23206,11871
1066,15823,11865,15829,11872,15751,11868,15808,11856,15839,11847,15819,11858,15825,11773,15837,11874
1067,15974,11860,15992,11866,16160,11858,16043,11849,15982,11842,15987,11848,15993,11764,15998,11865
1068,23332,11863,23356,11865,23609,11858,23434,11849,23340,11845,23352,11852,23357,11765,23367,11866
1069,32536,11859,32559,11866,32767,11859,32637,11848,32545,11844,32551,11849,32560,11761,32577,11863
1070,32767,11859,32767,11864,32767,11859,32767,11847,32767,11841,32767,11846,32767,11764,32767,11865
1071,32767,11861,32767,11868,32767,11862,32767,11850,32767,11843,32767,11849,32767,11764,32767,11868
1072,32767,11865,32767,11874,32767,11869,32767,11857,32767,11846,32767,11858,32767,11773,32767,11875
1073,26262,11862,26260,11868,26024,11867,26194,11855,26283,11845,26241,11855,26251,11769,26270,11873
1074,17859,11859,17861,11867,17709,11865,17820,11851,17877,11841,17848,11852,17858,11768,17869,11865
1075,14821,11859,14833,11865,14941,11861,14868,11848,14832,11842,14831,11849,14836,11761,14844,11865
1076,20584,11860,20606,11863,20846,11857,20680,11848,20592,11844,20602,11849,20609,11764,20618,11864
1077,29577,11859,29602,11862,29865,11854,29680,11844,29586,11841,29594,11846,29604,11762,29614,11862
1078,32767,11858,32767,11864,32767,11859,32767,11849,32767,11841,32767,11846,32767,11761,32767,11862
1079,32767,11860,32767,11865,32767,11862,32767,11851,32767,11842,32767,11849,32767,11767,32767,11866
1080,32767,11862,32767,11870,32767,11866,32767,11853,32767,11846,32767,11853,32767,11770,32767,11871
1081,29352,11864,29352,11870,29111,11869,29285,11856,29379,11847,29333,11854,29342,11772,29363,11872
1082,20284,11862,20285,11868,20089,11867,20232,11853,20303,11845,20270,11854,20279,11770,20294,11868
1083,14722,11863,14733,11867,14751,11865,14736,11854,14734,11846,14726,11853,14731,11767,14740,11868
1084,18164,11861,18187,11864,18402,11859,18250,11849,18174,11844,18183,11851,18188,11764,18196,11866
1085,32767,11857,32767,11860,32767,11856,32767,11844,32767,11837,32767,11845,32767,11758,32767,11859
1086,32767,11860,32767,11867,32767,11860,32767,11851,32767,11842,32767,11849,32767,11767,32767,11867
1087,32767,11864,32767,11871,32767,11869,32767,11856,32767,11849,32767,11855,32767,11772,32767,11873
1088,32193,11860,32192,11869,31959,11866,32128,11853,32217,11847,32174,11855,32184,11771,32206,11871
1089,22941,11866,22940,11871,22720,11869,22878,11857,22964,11847,22923,11858,22931,11771,22949,11874
1090,15680,11859,15685,11867,15616,11864,15667,11852,15697,11844,15676,11852,15681,11767,15691,11867
1091,16235,11859,16253,11863,16431,11857,16308,11847,16241,11841,16250,11849,16255,11762,16264,11864
1092,23744,11860,23768,11865,24023,11857,23847,11846,23752,11840,23764,11849,23772,11761,23782,11862
1093,32767,11859,32767,11861,32767,11855,32767,11845,32767,11839,32767,11847,32767,11761,32767,11861
1094,32767,11857,32767,11865,32767,11860,32767,11849,32767,11842,32767,11848,32767,11765,32767,11864
1095,32767,11865,32767,11871,32767,11868,32767,11856,32767,11849,32767,11856,32767,11773,32767,11872
1096,32767,11862,32767,11869,32767,11866,32767,11856,32767,11846,32767,11854,32767,11770,32767,11870
1097,26241,11862,26238,11866,26001,11863,26172,11853,26263,11843,26221,11852,26230,11768,26248,11871
1098,17823,11865,17826,11871,17674,11869,17782,11857,17841,11848,17811,11858,17818,11772,17830,11874
1099,14797,11858,14812,11866,14917,11860,14844,11850,14807,11842,14807,11853,14811,11764,14820,11865
1100,20579,11853,20602,11856,20840,11853,20672,11840,20587,11837,20598,11843,20605,11755,20613,11858
1101,32767,11856,32767,11862,32767,11854,32767,11844,32767,11837,32767,11845,32767,11759,32767,11862
1102,32767,11865,32767,11871,32767,11865,32767,11853,32767,11845,32767,11855,32767,11767,32767,11871
1103,29703,11863,29703,11871,29465,11869,29638,11854,29728,11848,29685,11856,29694,11773,29714,11874
1104,20629,11863,20629,11871,20429,11868,20574,11858,20650,11848,20613,11858,20623,11772,20639,11873
1105,14793,11861,14802,11867,14809,11863,14804,11850,14804,11843,14795,11855,14800,11769,14810,11867
1106,17825,11857,17847,11862,18057,11857,17908,11848,17835,11842,17842,11848,17851,11761,17857,11862
1107,26336,11858,26362,11860,26622,11856,26439,11846,26346,11841,26356,11848,26365,11760,26375,11862
1108,32767,11854,32767,11860,32767,11855,32767,11842,32767,11841,32767,11845,32767,11759,32767,11859
1109,32767,11859,32767,11863,32767,11859,32767,11847,32767,11841,32767,11847,32767,11764,32767,11864
1110,32767,11862,32767,11867,32767,11864,32767,11852,32767,11844,32767,11850,32767,11770,32767,11868
1111,32634,11862,32635,11869,32401,11865,32571,11853,32658,11845,32614,11854,32624,11770,32647,11870
1112,23347,11862,23342,11870,23119,11869,23279,11854,23366,11847,23328,11855,23336,11770,23352,11869
1113,15863,11862,15866,11866,15787,11861,15843,11851,15875,11845,15856,11852,15862,11769,15872,11869
1114,15887,11862,15905,11866,16070,11860,15953,11850,15896,11848,15900,11852,15905,11765,15914,11867
1115,23098,11858,23123,11862,23377,11857,23198,11847,23109,11839,23120,11849,23126,11761,23136,11862
1116,32374,11859,32397,11863,32652,11856,32477,11847,32385,11842,32390,11847,32401,11762,32415,11862
1117,32767,11862,32767,11865,32767,11863,32767,11849,32767,11845,32767,11850,32767,11767,32767,11866
1118,32767,11863,32767,11869,32767,11865,32767,11852,32767,11845,32767,11853,32767,11771,32767,11868
1119,32767,11864,32767,11873,32767,11868,32767,11855,32767,11847,32767,11855,32767,11772,32767,11870
1120,26773,11862,26770,11871,26535,11866,26707,11856,26797,11845,26753,11855,26761,11770,26781,11871
1121,18102,11859,18104,11867,17946,11862,18059,11852,18120,11845,18089,11853,18095,11769,18111,11868
1122,14716,11859,14730,11866,14827,11862,14757,11847,14727,11842,14724,11850,14729,11765,14735,11865
1123,20407,11856,20428,11862,20666,11857,20499,11845,20414,11841,20423,11847,20433,11759,20440,11860
1124,29534,11857,29559,11864,29822,11859,29639,11846,29546,11840,29554,11846,29560,11761,29575,11863
1125,32767,11859,32767,11863,32767,11856,32767,11846,32767,11839,32767,11846,32767,11761,32767,11862
1126,32767,11859,32767,11866,32767,11862,32767,11850,32767,11842,32767,11851,32767,11765,32767,11868
1127,32767,11867,32767,11875,32767,11873,32767,11859,32767,11848,32767,11858,32767,11774,32767,11875
1128,29286,11859,29284,11867,29047,11867,29218,11853,29310,11845,29265,11854,29276,11767,29295,11868
1129,20186,11862,20184,11869,19990,11868,20130,11855,20204,11847,20171,11855,20179,11770,20195,11872
1130,14712,11859,14722,11866,14749,11862,14730,11853,14725,11843,14718,11852,14722,11767,14732,11868
1131,18330,11856,18350,11864,18566,11857,18417,11845,18338,11840,18347,11848,18355,11764,18363,11863
1132,26898,11859,26923,11863,27186,11860,27002,11850,26907,11842,26918,11849,26926,11765,26935,11863
1133,32767,11856,32767,11861,32767,11856,32767,11844,32767,11841,32767,11846,32767,11761,32767,11859
1134,32767,11858,32767,11862,32767,11859,32767,11848,32767,11840,32767,11849,32767,11763,32767,11860
1135,32767,11860,32767,11866,32767,11862,32767,11852,32767,11843,32767,11850,32767,11767,32767,11868
1136,32257,11861,32255,11868,32026,11865,32191,11854,32280,11842,32236,11852,32244,11769,32268,11871
1137,15830,11862,15836,11870,15760,11865,15812,11854,15844,11847,15825,11855,15830,11769,15845,11869
1138,16034,11859,16052,11863,16223,11859,16103,11849,16043,11842,16050,11849,16055,11763,16061,11864
1139,23400,11856,23423,11862,23674,11856,23498,11847,23406,11842,23416,11846,23424,11761,23433,11861
1140,32599,11856,32624,11858,32767,11853,32700,11844,32611,11839,32617,11843,32626,11758,32640,11861
1141,32767,11862,32767,11867,32767,11862,32767,11852,32767,11848,32767,11852,32767,11767,32767,11868
1142,32767,11860,32767,11866,32767,11863,32767,11850,32767,11843,32767,11849,32767,11767,32767,11866
1143,32767,11862,32767,11868,32767,11865,32767,11853,32767,11845,32767,11854,32767,11770,32767,11870
1144,26485,11861,26482,11868,26245,11866,26418,11853,26508,11843,26465,11855,26475,11767,26495,11869
1145,18035,11857,18039,11867,17882,11864,17994,11853,18054,11842,18027,11853,18032,11768,18044,11869
1146,14794,11857,14809,11862,14912,11857,14840,11844,14804,11839,14803,11846,14810,11763,14815,11862
1147,20615,11858,20634,11863,20876,11856,20711,11846,20624,11840,20634,11849,20640,11764,20650,11862
1148,29394,11856,29422,11862,29683,11857,29497,11849,29407,11842,29415,11847,29424,11762,29434,11862
1149,32767,11858,32767,11860,32767,11859,32767,11847,32767,11841,32767,11846,32767,11761,32767,11862
1150,32767,11862,32767,11869,32767,11862,32767,11852,32767,11846,32767,11851,32767,11768,32767,11869
1151,32767,11862,32767,11870,32767,11868,32767,11856,32767,11845,32767,11855,32767,11770,32767,11871
1152,29796,11862,29794,11866,29558,11866,29732,11855,29820,11845,29775,11852,29785,11772,29807,11870
1153,20612,11860,20611,11867,20413,11864,20556,11853,20634,11842,20598,11853,20605,11767,20621,11870
1154,14813,11859,14823,11867,14828,11862,14823,11850,14825,11845,14814,11854,14821,11766,14829,11868
1155,17764,11862,17783,11866,17993,11861,17844,11850,17771,11846,17779,11852,17785,11764,17794,11865
1156,26086,11857,26111,11863,26368,11856,26191,11847,26095,11842,26105,11846,26113,11761,26122,11862
1157,32767,11856,32767,11861,32767,11856,32767,11846,32767,11841,32767,11846,32767,11761,32767,11861
1158,32767,11859,32767,11867,32767,11859,32767,11847,32767,11842,32767,11848,32767,11764,32767,11865
1159,32767,11861,32767,11868,32767,11868,32767,11853,32767,11844,32767,11852,32767,11768,32767,11871
1160,32767,11859,32767,11869,32640,11865,32767,11853,32767,11844,32767,11854,32767,11772,32767,11870
1161,23520,11862,23518,11868,23294,11868,23456,11853,23542,11845,23503,11855,23511,11770,23529,11871
1162,16045,11860,16052,11868,15965,11862,16028,11853,16065,11843,16040,11853,16048,11767,16059,11868
1163,15858,11858,15873,11863,16038,11859,15924,11847,15865,11842,15871,11849,15876,11763,15885,11862
1164,23080,11860,23102,11863,23357,11859,23181,11847,23091,11844,23101,11849,23108,11764,23114,11863
1165,32266,11858,32290,11859,32545,11854,32371,11844,32277,11840,32285,11846,32295,11759,32306,11859
1166,32767,11862,32767,11866,32767,11862,32767,11852,32767,11842,32767,11851,32767,11766,32767,11867
1167,32767,11860,32767,11868,32767,11866,32767,11854,32767,11847,32767,11854,32767,11767,32767,11871
1168,26435,11862,26436,11868,26201,11867,26371,11853,26459,11845,26417,11854,26427,11768,26447,11871
1169,18026,11859,18026,11866,17870,11865,17982,11853,18041,11843,18012,11852,18020,11768,18033,11867
1170,14734,11856,14750,11861,14849,11859,14780,11848,14743,11841,14743,11849,14748,11763,14758,11862
1171,20366,11858,20387,11863,20627,11854,20461,11847,20374,11841,20383,11848,20390,11761,20400,11865
1172,29462,11857,29488,11863,29751,11857,29568,11847,29474,11842,29481,11846,29489,11763,29504,11864
1173,32767,11856,32767,11860,32767,11855,32767,11844,32767,11839,32767,11846,32767,11759,32767,11862
1174,32767,11859,32767,11862,32767,11860,32767,11849,32767,11840,32767,11847,32767,11765,32767,11863
1175,32767,11860,32767,11867,32767,11865,32767,11855,32767,11845,32767,11853,32767,11770,32767,11869
1176,29895,11863,29896,11871,29658,11868,29829,11853,29918,11849,29875,11855,29883,11770,29904,11871
1177,20808,11859,20807,11868,20602,11866,20750,11853,20827,11844,20790,11853,20801,11770,20818,11869
1178,14853,11859,14863,11865,14865,11862,14866,11850,14867,11845,14853,11852,14863,11764,14871,11867
1179,17753,11855,17773,11863,17978,11856,17834,11843,17759,11840,17766,11847,17774,11761,17782,11862
1180,26251,11856,26275,11861,26536,11856,26355,11845,26260,11841,26270,11846,26279,11760,26287,11862
1181,32767,11856,32767,11860,32767,11853,32767,11842,32767,11839,32767,11843,32767,11758,32767,11860
1182,32767,11855,32767,11863,32767,11859,32767,11846,32767,11840,32767,11847,32767,11760,32767,11862
1183,32767,11856,32767,11864,32767,11862,32767,11847,32767,11839,32767,11846,32767,11764,32767,11865
1184,32607,11860,32609,11868,32379,11865,32547,11854,32633,11845,32589,11853,32602,11768,32623,11869
1185,15952,11858,15955,11865,15873,11861,15933,11847,15966,11841,15945,11851,15951,11766,15963,11864
1186,15922,11859,15941,11862,16106,11859,15989,11850,15931,11845,15937,11849,15943,11764,15949,11863
1187,23240,11858,23262,11863,23518,11859,23338,11850,23248,11843,23258,11849,23267,11763,23276,11864
1188,32488,11860,32511,11864,32765,11858,32591,11847,32499,11841,32505,11847,32515,11761,32530,11865
1189,32767,11858,32767,11863,32767,11861,32767,11847,32767,11841,32767,11846,32767,11763,32767,11863
1190,32767,11859,32767,11866,32767,11862,32767,11851,32767,11843,32767,11849,32767,11766,32767,11868
1191,32767,11858,32767,11864,32767,11863,32767,11850,32767,11842,32767,11851,32767,11764,32767,11865
1192,26663,11861,26663,11867,26425,11867,26596,11853,26687,11845,26644,11853,26655,11770,26673,11871
1193,18185,11858,18187,11865,18025,11863,18143,11850,18202,11842,18173,11852,18181,11766,18193,11867
1194,14678,11858,14694,11864,14787,11861,14720,11850,14691,11843,14688,11852,14695,11764,14701,11865
1195,19978,11857,20004,11861,20235,11857,20070,11847,19990,11839,20000,11848,20002,11760,20011,11862
1196,28838,11858,28864,11863,29127,11856,28944,11845,28850,11842,28859,11846,28868,11761,28881,11863
1197,32767,11855,32767,11860,32767,11856,32767,11846,32767,11840,32767,11845,32767,11761,32767,11860
1198,32767,11859,32767,11862,32767,11859,32767,11849,32767,11841,32767,11850,32767,11766,32767,11866
1199,32767,11859,32767,11868,32767,11865,32767,11853,32767,11844,32767,11852,32767,11767,32767,11868
1200,30116,11865,30118,11870,29881,11868,30051,11856,30140,11845,30096,11856,30108,11770,30128,11872
1201,21096,11856,21097,11864,20892,11860,21040,11848,21119,11842,21081,11849,21088,11765,21104,11868
1202,14910,11859,14918,11863,14915,11860,14918,11849,14923,11841,14911,11850,14914,11764,14925,11865
1203,17516,11859,17540,11864,17744,11857,17598,11847,17527,11842,17536,11851,17540,11759,17549,11863
1204,25720,11856,25746,11860,26007,11856,25825,11845,25730,11839,25740,11849,25747,11760,25758,11862
1205,32767,11856,32767,11862,32767,11856,32767,11847,32767,11839,32767,11845,32767,11761,32767,11862
1206,32767,11859,32767,11866,32767,11859,32767,11852,32767,11843,32767,11851,32767,11766,32767,11868
1207,32767,11861,32767,11868,32767,11868,32767,11853,32767,11845,32767,11853,32767,11768,32767,11868
1208,32767,11862,32767,11871,32767,11868,32767,11853,32767,11847,32767,11855,32767,11771,32767,11871
1209,23851,11861,23851,11871,23623,11867,23785,11853,23871,11847,23832,11855,23839,11771,23859,11871
1210,16154,11866,16160,11869,16066,11868,16133,11856,16168,11846,16149,11858,16154,11772,16168,11874
1211,15630,11856,15648,11862,15806,11856,15696,11847,15642,11840,15643,11848,15647,11761,15655,11862
1212,22583,11856,22609,11860,22858,11854,22683,11844,22594,11840,22606,11846,22611,11758,22619,11859
1213,31762,11859,31789,11862,32043,11858,31866,11846,31775,11840,31782,11848,31792,11762,31804,11863
1214,32767,11856,32767,11860,32767,11857,32767,11845,32767,11838,32767,11846,32767,11760,32767,11862
1215,32767,11865,32767,11869,32767,11867,32767,11853,32767,11846,32767,11855,32767,11770,32767,11871
1216,32767,11862,32767,11868,32767,11866,32767,11853,32767,11846,32767,11854,32767,11768,32767,11871
1217,26961,11862,26957,11869,26721,11868,26894,11855,26982,11844,26941,11855,26949,11773,26966,11872
1218,18339,11860,18340,11867,18178,11865,18295,11854,18358,11845,18325,11855,18335,11768,18351,11869
1219,14659,11858,14673,11866,14753,11860,14697,11848,14670,11842,14669,11852,14672,11766,14683,11867
1220,19790,11855,19813,11860,20044,11855,19882,11844,19797,11838,19807,11843,19815,11759,19824,11859
1221,28552,11856,28577,11862,28840,11857,28655,11845,28560,11842,28570,11848,28580,11764,28590,11862
1222,32767,11855,32767,11861,32767,11854,32767,11847,32767,11841,32767,11846,32767,11761,32767,11862
1223,32767,11858,32767,11863,32767,11860,32767,11848,32767,11842,32767,11849,32767,11763,32767,11866
1224,32767,11859,32767,11867,32767,11862,32767,11850,32767,11844,32767,11852,32767,11767,32767,11868
1225,30689,11862,30688,11868,30452,11867,30624,11853,30713,11844,30671,11853,30678,11768,30699,11870
1226,21663,11863,21663,11868,21452,11865,21605,11855,21686,11845,21648,11855,21656,11769,21671,11871
1227,15110,11855,15117,11863,15088,11858,15109,11847,15122,11840,15108,11851,15115,11762,15125,11862
1228,16974,11858,16993,11861,17190,11856,17052,11844,16982,11839,16989,11846,16997,11761,17003,11862
1229,24973,11857,24996,11860,25257,11855,25072,11846,24979,11842,24991,11843,24997,11759,25009,11861
1230,32767,11855,32767,11861,32767,11856,32767,11844,32767,11839,32767,11845,32767,11760,32767,11861
1231,32767,11858,32767,11862,32767,11859,32767,11850,32767,11842,32767,11848,32767,11765,32767,11863
1232,32767,11862,32767,11868,32767,11865,32767,11853,32767,11846,32767,11852,32767,11766,32767,11868
1233,32767,11862,32767,11870,32767,11865,32767,11853,32767,11843,32767,11852,32767,11769,32767,11871
1234,24565,11863,24566,11868,24336,11867,24501,11853,24590,11844,24549,11854,24559,11770,24575,11871
1235,16619,11863,16623,11869,16510,11867,16590,11855,16636,11845,16613,11856,16616,11773,16630,11871
1236,15332,11856,15351,11861,15493,11858,15390,11844,15341,11842,15342,11847,15348,11761,15357,11862
1237,22024,11856,22048,11861,22296,11855,22122,11845,22034,11841,22045,11846,22051,11761,22060,11862
1238,31175,11854,31202,11860,31459,11854,31280,11844,31188,11838,31194,11844,31204,11759,31215,11859
1239,32767,11858,32767,11863,32767,11856,32767,11848,32767,11839,32767,11846,32767,11762,32767,11863
1240,32767,11862,32767,11868,32767,11864,32767,11851,32767,11847,32767,11852,32767,11770,32767,11869
1241,27851,11859,27849,11870,27610,11868,27783,11853,27874,11845,27830,11854,27838,11770,27859,11868
1242,19020,11864,19021,11873,18843,11867,18972,11856,19039,11848,19008,11857,19013,11771,19028,11872
1243,14639,11860,14654,11866,14717,11859,14672,11847,14651,11843,14649,11852,14653,11764,14661,11865
1244,19217,11862,19242,11866,19465,11861,19307,11850,19228,11845,19236,11852,19243,11767,19252,11865
1245,27686,11862,27712,11866,27971,11862,27790,11849,27695,11845,27706,11851,27714,11764,27723,11865
1246,32767,11859,32767,11862,32767,11858,32767,11847,32767,11842,32767,11849,32767,11762,32767,11865
1247,32767,11858,32767,11866,32767,11862,32767,11850,32767,11842,32767,11848,32767,11764,32767,11865
1248,32767,11861,32767,11869,32767,11868,32767,11855,32767,11845,32767,11855,32767,11770,32767,11871
1249,31244,11858,31243,11866,31009,11861,31181,11850,31268,11843,31228,11852,31235,11766,31254,11867
1250,22123,11860,22123,11868,21905,11865,22063,11852,22144,11845,22106,11854,22114,11770,22132,11870
1251,15265,11857,15272,11866,15235,11860,15263,11847,15281,11845,15264,11852,15271,11765,15281,11865
1252,24590,11855,24616,11860,24874,11856,24694,11844,24601,11836,24611,11846,24617,11761,24625,11862
1253,32767,11860,32767,11863,32767,11857,32767,11847,32767,11842,32767,11849,32767,11762,32767,11863
1254,32767,11858,32767,11863,32767,11859,32767,11849,32767,11843,32767,11847,32767,11765,32767,11863
1255,32767,11861,32767,11865,32767,11862,32767,11850,32767,11843,32767,11852,32767,11766,32767,11868
1256,32767,11859,32767,11869,32767,11867,32767,11855,32767,11845,32767,11855,32767,11770,32767,11871
1257,24792,11860,24791,11870,24559,11865,24726,11854,24813,11842,24773,11854,24782,11770,24800,11871
1258,16813,11862,16814,11871,16694,11868,16781,11855,16827,11848,16803,11855,16809,11770,16822,11870
1259,15213,11862,15230,11868,15365,11862,15271,11850,15225,11847,15224,11851,15230,11767,15238,11868
1260,21873,11856,21898,11857,22145,11852,21970,11841,21883,11836,21892,11843,21899,11758,21908,11859
1261,30925,11855,30952,11861,31210,11853,31029,11844,30937,11838,30947,11844,30955,11758,30967,11859
1262,32767,11858,32767,11862,32767,11859,32767,11847,32767,11838,32767,11848,32767,11761,32767,11862
1263,32767,11862,32767,11868,32767,11864,32767,11852,32767,11842,32767,11852,32767,11767,32767,11867
1264,32767,11861,32767,11868,32767,11863,32767,11852,32767,11845,32767,11852,32767,11768,32767,11871
1265,27806,11859,27803,11866,27565,11863,27736,11850,27827,11842,27782,11852,27795,11769,27813,11867
1266,14614,11856,14626,11865,14693,11859,14647,11847,14625,11842,14619,11848,14626,11763,14635,11865
1267,19226,11858,19245,11864,19476,11857,19314,11848,19235,11843,19244,11850,19252,11763,19259,11865
1268,27974,11858,28000,11862,28264,11857,28079,11847,27986,11840,27993,11848,28004,11761,28015,11863
1269,32767,11857,32767,11860,32767,11856,32767,11847,32767,11841,32767,11846,32767,11763,32767,11862
1270,32767,11862,32767,11867,32767,11865,32767,11852,32767,11845,32767,11850,32767,11767,32767,11867
1271,32767,11863,32767,11872,32767,11865,32767,11856,32767,11848,32767,11858,32767,11772,32767,11872
1272,31013,11862,31010,11871,30773,11868,30946,11856,31034,11847,30991,11857,31001,11770,31023,11872
1273,21798,11861,21797,11870,21583,11868,21737,11853,21816,11848,21779,11856,21788,11773,21804,11871
1274,15122,11860,15129,11866,15103,11864,15124,11851,15137,11844,15120,11852,15126,11767,15137,11866
1275,17025,11859,17048,11866,17243,11859,17102,11850,17035,11843,17042,11853,17050,11761,17057,11865
1276,24977,11855,25000,11862,25262,11856,25081,11844,24986,11840,24998,11849,25005,11758,25016,11862
1277,32767,11856,32767,11860,32767,11857,32767,11847,32767,11842,32767,11846,32767,11759,32767,11861
1278,32767,11859,32767,11863,32767,11859,32767,11849,32767,11840,32767,11846,32767,11762,32767,11864
1279,32767,11859,32767,11867,32767,11863,32767,11852,32767,11843,32767,11849,32767,11766,32767,11867
1280,32767,11862,32767,11868,32767,11866,32767,11854,32767,11842,32767,11855,32767,11770,32767,11871
1281,24763,11859,24763,11869,24531,11865,24697,11851,24786,11841,24746,11854,24752,11770,24772,11871
1282,16748,11865,16749,11869,16634,11868,16717,11856,16765,11845,16737,11856,16744,11772,16758,11870
1283,15247,11861,15263,11866,15405,11861,15304,11850,15253,11845,15257,11850,15261,11763,15272,11866
1284,21939,11856,21965,11860,22214,11855,22038,11844,21947,11840,21961,11846,21968,11760,21975,11861
1285,31139,11859,31164,11865,31422,11859,31241,11848,31149,11843,31156,11850,31168,11764,31180,11865
1286,32767,11862,32767,11867,32767,11862,32767,11850,32767,11843,32767,11850,32767,11767,32767,11868
1287,32767,11860,32767,11866,32767,11864,32767,11849,32767,11844,32767,11848,32767,11767,32767,11867
1288,32767,11864,32767,11869,32767,11868,32767,11857,32767,11845,32767,11856,32767,11773,32767,11871
1289,18883,11862,18883,11869,18709,11864,18835,11853,18903,11846,18869,11853,18877,11770,18890,11870
1290,14640,11859,14653,11866,14722,11863,14675,11850,14652,11845,14648,11853,14654,11767,14662,11868
1291,19339,11858,19361,11863,19589,11859,19429,11846,19347,11842,19355,11848,19364,11764,19374,11864
1292,28214,11859,28240,11863,28502,11859,28320,11848,28223,11842,28235,11849,28245,11764,28254,11866
1293,32767,11860,32767,11866,32767,11860,32767,11850,32767,11844,32767,11849,32767,11764,32767,11865
1294,32767,11860,32767,11865,32767,11859,32767,11850,32767,11842,32767,11850,32767,11766,32767,11865
1295,32767,11859,32767,11866,32767,11862,32767,11853,32767,11842,32767,11851,32767,11767,32767,11868
1296,30569,11865,30567,11875,30331,11870,30504,11859,30592,11849,30549,11860,30559,11774,30580,11874
1297,21415,11862,21416,11868,21209,11867,21358,11853,21437,11844,21401,11852,21408,11770,21424,11870
1298,15059,11861,15068,11867,15047,11865,15061,11850,15073,11845,15060,11855,15066,11770,15077,11869
1299,17301,11862,17324,11864,17525,11860,17385,11849,17313,11842,17320,11850,17325,11765,17333,11863
1300,32767,11860,32767,11864,32767,11859,32767,11849,32767,11841,32767,11850,32767,11763,32767,11864
1301,32767,11860,32767,11868,32767,11862,32767,11850,32767,11843,32767,11851,32767,11767,32767,11867
1302,32767,11859,32767,11868,32767,11862,32767,11851,32767,11842,32767,11850,32767,11766,32767,11868
1303,32767,11862,32767,11869,32767,11865,32767,11856,32767,11847,32767,11855,32767,11770,32767,11868
1304,24129,11865,24128,11872,23900,11868,24064,11856,24150,11845,24110,11856,24120,11771,24136,11872
1305,16256,11863,16257,11869,16162,11865,16231,11855,16271,11845,16248,11855,16253,11769,16266,11869
1306,15627,11858,15644,11863,15801,11858,15693,11847,15637,11841,15642,11849,15645,11765,15654,11864
1307,22665,11859,22689,11863,22939,11859,22765,11847,22674,11843,22685,11849,22693,11762,22700,11865
1308,31951,11857,31977,11863,32231,11858,32057,11845,31962,11842,31969,11849,31981,11760,31993,11863
1309,32767,11857,32767,11863,32767,11859,32767,11849,32767,11841,32767,11847,32767,11764,32767,11863
1310,32767,11860,32767,11867,32767,11865,32767,11853,32767,11842,32767,11850,32767,11765,32767,11869
1311,32767,11863,32767,11871,32767,11868,32767,11854,32767,11846,32767,11855,32767,11770,32767,11870
1312,26520,11859,26517,11869,26282,11867,26451,11854,26541,11846,26500,11854,26509,11770,26525,11871
1313,14737,11861,14751,11868,14856,11864,14783,11852,14747,11845,14747,11852,14754,11766,14761,11868
1314,20243,11858,20265,11860,20503,11856,20336,11847,20250,11842,20262,11847,20267,11761,20276,11865
1315,28973,11860,28999,11863,29261,11859,29078,11847,28986,11843,28993,11846,29003,11764,29014,11864
1316,32767,11857,32767,11861,32767,11859,32767,11847,32767,11838,32767,11847,32767,11761,32767,11863
1317,32767,11865,32767,11871,32767,11870,32767,11855,32767,11848,32767,11856,32767,11770,32767,11872
1318,29927,11861,29925,11872,29691,11868,29863,11855,29953,11845,29908,11856,29920,11770,29940,11871
1319,20745,11861,20745,11868,20546,11865,20690,11854,20767,11845,20731,11855,20740,11769,20757,11870
1320,14862,11862,14873,11866,14873,11862,14870,11852,14875,11846,14861,11855,14868,11769,14876,11869
1321,17689,11859,17707,11863,17915,11859,17767,11847,17694,11840,17703,11847,17709,11764,17718,11863
1322,26084,11856,26108,11864,26370,11856,26187,11847,26093,11842,26104,11848,26111,11761,26120,11862
1323,32767,11857,32767,11863,32767,11859,32767,11847,32767,11842,32767,11846,32767,11763,32767,11864
1324,32767,11861,32767,11866,32767,11861,32767,11850,32767,11844,32767,11850,32767,11767,32767,11868
1325,32767,11861,32767,11867,32767,11865,32767,11853,32767,11847,32767,11855,32767,11769,32767,11871
1326,23528,11859,23526,11868,23303,11865,23463,11852,23549,11845,23511,11855,23518,11769,23536,11871
1327,15856,11857,15872,11864,16037,11857,15921,11847,15863,11839,15868,11849,15874,11763,15881,11865
1328,23027,11856,23051,11861,23305,11855,23127,11846,23036,11842,23047,11846,23052,11759,23063,11861
1329,32192,11859,32219,11863,32471,11857,32294,11846,32203,11844,32209,11847,32219,11761,32233,11862
1330,32767,11855,32767,11862,32767,11858,32767,11847,32767,11840,32767,11846,32767,11761,32767,11861
1331,32767,11862,32767,11868,32767,11865,32767,11851,32767,11845,32767,11852,32767,11767,32767,11869
1332,32767,11862,32767,11868,32767,11865,32767,11853,32767,11842,32767,11854,32767,11769,32767,11869
1333,26752,11863,26752,11871,26514,11869,26685,11853,26773,11845,26731,11854,26741,11769,26759,11871
1334,18274,11866,18275,11871,18113,11869,18230,11856,18290,11848,18262,11859,18269,11774,18283,11872
1335,14712,11861,14724,11866,14816,11862,14754,11852,14721,11846,14719,11852,14726,11766,14734,11870
1336,19975,11856,20000,11861,20236,11856,20068,11847,19984,11841,19995,11847,20002,11760,20011,11862
1337,28886,11853,28911,11859,29173,11854,28991,11844,28896,11839,28906,11843,28915,11758,28924,11859
1338,32767,11855,32767,11863,32767,11855,32767,11846,32767,11840,32767,11845,32767,11758,32767,11862
1339,32767,11852,32767,11860,32767,11855,32767,11845,32767,11838,32767,11843,32767,11758,32767,11859
1340,32767,11860,32767,11867,32767,11868,32767,11853,32767,11842,32767,11852,32767,11769,32767,11868
1341,30318,11868,30318,11874,30081,11874,30252,11860,30343,11849,30298,11859,30308,11774,30328,11875
1342,21210,11866,21211,11871,21004,11868,21152,11856,21230,11848,21195,11858,21203,11773,21219,11870
1343,15005,11856,15014,11862,14998,11858,15008,11847,15020,11839,15005,11849,15010,11764,15022,11865
1344,17278,11856,17300,11859,17499,11856,17361,11844,17288,11839,17296,11846,17302,11760,17310,11861
1345,32767,11853,32767,11857,32767,11854,32767,11842,32767,11833,32767,11843,32767,11759,32767,11859
1346,32767,11858,32767,11864,32767,11861,32767,11849,32767,11843,32767,11849,32767,11765,32767,11867
1347,32767,11861,32767,11868,32767,11865,32767,11853,32767,11845,32767,11852,32767,11767,32767,11868
1348,32767,11858,32767,11869,32767,11865,32767,11855,32767,11842,32767,11855,32767,11768,32767,11868
1349,24552,11863,24550,11871,24320,11868,24488,11857,24575,11846,24534,11859,24542,11771,24560,11872
1350,16747,11862,16749,11871,16633,11867,16718,11853,16762,11846,16738,11855,16745,11768,16759,11871
1351,15294,11861,15312,11865,15452,11861,15354,11849,15303,11842,15308,11850,15314,11764,15321,11863
1352,21990,11855,22009,11860,22260,11853,22084,11843,21994,11840,22006,11846,22015,11758,22021,11861
1353,30841,11859,30864,11865,31121,11859,30943,11848,30850,11842,30858,11848,30867,11763,30879,11864
1354,32767,11861,32767,11864,32767,11861,32767,11851,32767,11841,32767,11847,32767,11764,32767,11865
1355,32767,11862,32767,11871,32767,11869,32767,11857,32767,11846,32767,11855,32767,11771,32767,11873
1356,28412,11861,28411,11867,28173,11867,28346,11853,28434,11845,28394,11854,28405,11767,28424,11871
1357,19499,11863,19499,11871,19314,11866,19447,11854,19517,11846,19483,11855,19492,11771,19508,11871
1358,14633,11858,14641,11864,14688,11860,14657,11849,14646,11845,14636,11849,14644,11765,14653,11865
1359,18704,11857,18726,11863,18945,11858,18793,11846,18713,11841,18719,11848,18729,11762,18736,11863
1360,27241,11858,27269,11865,27529,11858,27343,11848,27252,11841,27262,11848,27270,11761,27281,11864
1361,32767,11862,32767,11863,32767,11860,32767,11849,32767,11842,32767,11849,32767,11761,32767,11864
1362,32767,11859,32767,11866,32767,11862,32767,11849,32767,11842,32767,11849,32767,11765,32767,11866
1363,32767,11856,32767,11866,32767,11862,32767,11849,32767,11840,32767,11851,32767,11765,32767,11865
1364,32197,11864,32197,11871,31967,11868,32133,11856,32221,11847,32179,11855,32188,11771,32208,11872
1365,23156,11860,23153,11866,22930,11866,23092,11853,23175,11842,23137,11853,23146,11767,23161,11868
1366,15904,11859,15910,11865,15829,11859,15888,11850,15918,11841,15897,11851,15903,11764,15915,11865
1367,15834,11858,15852,11864,16017,11858,15900,11846,15843,11842,15849,11849,15853,11764,15859,11864
1368,32198,11858,32224,11862,32479,11857,32300,11844,32206,11842,32216,11847,32223,11761,32238,11861
1369,32767,11854,32767,11862,32767,11853,32767,11845,32767,11839,32767,11844,32767,11758,32767,11860
1370,32767,11859,32767,11863,32767,11862,32767,11850,32767,11842,32767,11849,32767,11764,32767,11868
1371,32767,11865,32767,11873,32767,11870,32767,11856,32767,11850,32767,11856,32767,11772,32767,11874
1372,26985,11864,26986,11871,26745,11867,26919,11856,27008,11847,26966,11858,26976,11773,26995,11871
1373,18396,11861,18396,11868,18232,11865,18352,11852,18413,11844,18383,11854,18389,11767,18402,11869
1374,14650,11859,14664,11863,14739,11859,14688,11847,14661,11842,14658,11849,14663,11764,14672,11864
1375,19548,11856,19570,11863,19798,11856,19634,11843,19553,11842,19564,11847,19570,11760,19579,11862
1376,28155,11856,28179,11859,28440,11854,28260,11844,28164,11839,28175,11846,28181,11758,28192,11860
1377,32767,11857,32767,11863,32767,11856,32767,11844,32767,11839,32767,11845,32767,11761,32767,11861
1378,32767,11859,32767,11864,32767,11860,32767,11848,32767,11841,32767,11849,32767,11763,32767,11864
1379,32767,11862,32767,11871,32767,11867,32767,11855,32767,11848,32767,11855,32767,11772,32767,11873
1380,21735,11862,21735,11871,21522,11870,21675,11856,21756,11848,21718,11857,21726,11772,21745,11872
1381,15182,11865,15190,11871,15155,11865,15179,11853,15198,11848,15182,11858,15188,11770,15199,11871
1382,16863,11856,16884,11864,17076,11859,16942,11847,16872,11843,16878,11849,16888,11762,16895,11862
1383,24822,11858,24843,11863,25104,11857,24924,11847,24832,11841,24841,11849,24849,11762,24858,11863
1384,32767,11853,32767,11855,32767,11853,32767,11843,32767,11837,32767,11843,32767,11758,32767,11857
1385,32767,11858,32767,11866,32767,11859,32767,11848,32767,11842,32767,11849,32767,11761,32767,11865
1386,32767,11864,32767,11868,32767,11866,32767,11853,32767,11845,32767,11853,32767,11770,32767,11870
1387,32767,11862,32767,11869,32767,11868,32767,11854,32767,11843,32767,11855,32767,11770,32767,11872
1388,25244,11862,25243,11868,25009,11865,25178,11850,25267,11843,25227,11852,25233,11769,25252,11868
1389,17148,11863,17151,11871,17017,11869,17111,11854,17165,11848,17137,11857,17143,11772,17154,11874
1390,15014,11859,15028,11865,15157,11860,15067,11850,15023,11843,15023,11852,15031,11763,15035,11866
1391,30352,11859,30379,11863,30639,11856,30457,11845,30363,11842,30372,11848,30383,11761,30393,11862
1392,32767,11859,32767,11867,32767,11862,32767,11850,32767,11845,32767,11849,32767,11764,32767,11866
1393,32767,11857,32767,11866,32767,11862,32767,11850,32767,11842,32767,11849,32767,11764,32767,11865
1394,32767,11862,32767,11868,32767,11868,32767,11854,32767,11846,32767,11853,32767,11770,32767,11871
1395,28590,11859,28586,11868,28350,11867,28522,11855,28612,11846,28569,11852,28576,11769,28599,11870
1396,19679,11860,19681,11869,19494,11865,19628,11854,19700,11845,19664,11852,19673,11770,19688,11870
1397,14665,11863,14677,11866,14714,11864,14689,11855,14678,11844,14671,11855,14675,11767,14683,11870
1398,18533,11856,18553,11860,18773,11853,18621,11843,18542,11839,18554,11846,18557,11758,18563,11859
1399,27051,11857,27075,11863,27338,11855,27153,11845,27061,11842,27071,11846,27082,11760,27088,11862
1400,32767,11854,32767,11861,32767,11856,32767,11844,32767,11837,32767,11845,32767,11760,32767,11861
1401,32767,11862,32767,11866,32767,11862,32767,11850,32767,11842,32767,11850,32767,11765,32767,11868
1402,32767,11861,32767,11870,32767,11867,32767,11855,32767,11847,32767,11852,32767,11770,32767,11871
1403,31918,11861,31917,11871,31686,11869,31855,11856,31943,11847,31898,11855,31909,11773,31930,11874
1404,22789,11856,22792,11866,22568,11862,22731,11849,22812,11840,22774,11851,22782,11764,22798,11867
1405,15668,11855,15676,11860,15610,11856,15658,11844,15683,11839,15665,11847,15672,11763,15685,11862
1406,16220,11859,16239,11864,16416,11858,16293,11849,16228,11844,16236,11850,16241,11763,16247,11865
1407,32767,11857,32767,11859,32767,11854,32767,11847,32767,11840,32767,11844,32767,11758,32767,11861
1408,32767,11857,32767,11863,32767,11857,32767,11847,32767,11842,32767,11846,32767,11764,32767,11863
1409,32767,11857,32767,11866,32767,11862,32767,11849,32767,11840,32767,11852,32767,11764,32767,11865
1410,32767,11861,32767,11871,32767,11868,32767,11853,32767,11846,32767,11855,32767,11769,32767,11871
1411,26054,11859,26052,11868,25815,11862,25988,11851,26074,11842,26032,11852,26044,11768,26061,11869
1412,17628,11863,17630,11868,17485,11865,17589,11851,17645,11843,17618,11852,17623,11767,17637,11868
1413,14861,11858,14875,11864,14989,11859,14910,11850,14872,11845,14870,11851,14878,11764,14885,11865
1414,20758,11856,20780,11863,21019,11858,20852,11846,20765,11842,20777,11851,20784,11762,20789,11864
1415,29696,11857,29720,11861,29983,11856,29800,11846,29706,11840,29715,11846,29724,11760,29737,11862
1416,32767,11856,32767,11860,32767,11855,32767,11843,32767,11842,32767,11846,32767,11760,32767,11861
1417,32767,11856,32767,11867,32767,11863,32767,11850,32767,11842,32767,11850,32767,11767,32767,11865
1418,28986,11857,28984,11866,28747,11865,28920,11850,29007,11841,28964,11852,28973,11769,28994,11870
1419,20099,11861,20097,11870,19901,11866,20044,11854,20117,11847,20083,11852,20088,11769,20105,11872
1420,14699,11860,14711,11863,14731,11859,14718,11850,14714,11843,14702,11849,14708,11765,14718,11867
1421,18095,11859,18115,11865,18328,11856,18179,11848,18103,11843,18113,11849,18120,11762,18127,11864
1422,26343,11858,26368,11860,26631,11857,26447,11846,26352,11840,26361,11846,26369,11760,26380,11864
1423,32767,11858,32767,11863,32767,11854,32767,11847,32767,11839,32767,11846,32767,11761,32767,11862
1424,32767,11859,32767,11864,32767,11860,32767,11852,32767,11843,32767,11849,32767,11764,32767,11865
1425,32767,11862,32767,11867,32767,11866,32767,11855,32767,11844,32767,11855,32767,11768,32767,11868
1426,32767,11861,32767,11866,32652,11865,32767,11854,32767,11845,32767,11851,32767,11768,32767,11868
1427,23649,11859,23651,11867,23422,11865,23585,11855,23672,11845,23633,11852,23641,11769,23662,11871
1428,16092,11862,16096,11869,16005,11864,16073,11853,16108,11845,16086,11855,16091,11767,16104,11870
1429,15777,11860,15794,11865,15955,11859,15843,11850,15785,11844,15789,11851,15795,11764,15803,11867
1430,23049,11859,23072,11863,23327,11860,23148,11849,23060,11842,23069,11851,23078,11764,23086,11865
1431,32767,11859,32767,11862,32767,11859,32767,11846,32767,11843,32767,11848,32767,11762,32767,11862
1432,32767,11862,32767,11866,32767,11864,32767,11851,32767,11843,32767,11852,32767,11767,32767,11867
1433,32767,11865,32767,11872,32767,11871,32767,11856,32767,11846,32767,11856,32767,11774,32767,11874
1434,26477,11863,26476,11868,26241,11866,26412,11854,26500,11844,26460,11855,26468,11770,26485,11872
1435,14772,11857,14787,11863,14890,11859,14820,11848,14783,11840,14781,11849,14788,11764,14796,11865
1436,20258,11855,20280,11860,20520,11856,20351,11843,20266,11839,20278,11847,20284,11760,20292,11860
1437,29155,11856,29178,11861,29438,11855,29257,11844,29163,11839,29171,11847,29179,11759,29192,11861
1438,32767,11856,32767,11861,32767,11859,32767,11847,32767,11840,32767,11846,32767,11761,32767,11862
1439,32767,11860,32767,11867,32767,11863,32767,11853,32767,11841,32767,11852,32767,11769,32767,11870
1440,29589,11859,29590,11868,29353,11866,29525,11854,29612,11843,29571,11854,29581,11769,29599,11870
1441,20641,11862,20640,11871,20439,11868,20584,11856,20660,11845,20627,11856,20634,11770,20650,11870
1442,14796,11859,14804,11863,14811,11861,14809,11851,14807,11842,14799,11851,14801,11766,14812,11868
1443,17851,11859,17872,11863,18082,11860,17937,11850,17859,11844,17869,11851,17876,11762,17881,11866
1444,26144,11858,26170,11865,26431,11859,26246,11848,26152,11842,26165,11849,26172,11763,26182,11865
1445,32767,11854,32767,11859,32767,11853,32767,11840,32767,11836,32767,11845,32767,11758,32767,11859
1446,32767,11860,32767,11864,32767,11862,32767,11850,32767,11845,32767,11853,32767,11767,32767,11865
1447,32767,11861,32767,11868,32767,11865,32767,11853,32767,11845,32767,11852,32767,11767,32767,11869
1448,32767,11861,32767,11868,32669,11865,32767,11853,32767,11846,32767,11853,32767,11770,32767,11871
1449,23699,11863,23696,11871,23470,11868,23634,11857,23717,11845,23679,11858,23688,11771,23703,11869
1450,16094,11857,16099,11864,16009,11859,16077,11847,16109,11840,16089,11850,16095,11764,16107,11864
1451,15771,11857,15789,11864,15952,11858,15838,11847,15780,11839,15786,11849,15790,11764,15799,11864
1452,23068,11859,23092,11863,23346,11858,23166,11847,23077,11842,23087,11850,23095,11764,23106,11864
1453,32159,11856,32185,11862,32440,11853,32263,11844,32171,11841,32177,11846,32187,11760,32199,11860
1454,32767,11852,32767,11860,32767,11853,32767,11843,32767,11837,32767,11843,32767,11758,32767,11860
1455,32767,11859,32767,11865,32767,11861,32767,11850,32767,11844,32767,11848,32767,11765,32767,11865
1456,32767,11861,32767,11867,32767,11864,32767,11853,32767,11842,32767,11852,32767,11768,32767,11869
1457,26978,11861,26977,11866,26740,11865,26912,11850,27001,11843,26956,11852,26967,11769,26986,11868
1458,14690,11857,14703,11863,14786,11859,14728,11847,14698,11842,14695,11851,14701,11764,14709,11862
1459,28764,11857,28788,11861,29051,11856,28867,11847,28773,11840,28780,11847,28793,11761,28803,11859
1460,32767,11860,32767,11865,32767,11860,32767,11847,32767,11842,32767,11848,32767,11763,32767,11865
1461,32767,11857,32767,11864,32767,11859,32767,11848,32767,11840,32767,11846,32767,11764,32767,11865
1462,32767,11856,32767,11862,32767,11858,32767,11847,32767,11839,32767,11846,32767,11764,32767,11865
1463,30429,11862,30427,11869,30192,11866,30361,11854,30452,11845,30408,11854,30421,11769,30438,11870
1464,21294,11861,21292,11869,21083,11865,21233,11853,21313,11844,21278,11855,21286,11771,21300,11868
1465,15015,11856,15023,11864,15002,11861,15017,11848,15026,11839,15011,11849,15020,11763,15027,11865
1466,17172,11862,17193,11866,17393,11862,17253,11851,17181,11844,17187,11850,17197,11764,17201,11865
1467,25441,11861,25466,11866,25727,11860,25544,11849,25451,11845,25460,11852,25469,11764,25481,11865
1468,32767,11859,32767,11864,32767,11857,32767,11848,32767,11842,32767,11850,32767,11763,32767,11862
1469,32767,11854,32767,11860,32767,11856,32767,11846,32767,11838,32767,11843,32767,11761,32767,11861
1470,32767,11859,32767,11866,32767,11862,32767,11850,32767,11840,32767,11848,32767,11765,32767,11865
1471,32767,11862,32767,11866,32767,11865,32767,11853,32767,11844,32767,11852,32767,11768,32767,11868
1472,24317,11862,24316,11869,24088,11864,24252,11853,24340,11842,24299,11853,24308,11767,24325,11868
1473,15435,11859,15451,11863,15602,11858,15497,11847,15442,11840,15446,11849,15453,11764,15462,11865
1474,22264,11856,22290,11860,22537,11855,22362,11847,22274,11839,22285,11849,22291,11759,22301,11861
1475,31259,11859,31285,11863,31544,11855,31363,11846,31270,11842,31277,11846,31288,11760,31299,11862
1476,32767,11856,32767,11860,32767,11856,32767,11843,32767,11838,32767,11848,32767,11759,32767,11860
1477,32767,11859,32767,11863,32767,11863,32767,11850,32767,11839,32767,11849,32767,11766,32767,11866
1478,32767,11859,32767,11866,32767,11865,32767,11855,32767,11845,32767,11855,32767,11769,32767,11868
1479,27525,11862,27522,11871,27286,11868,27457,11856,27547,11845,27506,11855,27514,11773,27532,11871
1480,18871,11862,18873,11868,18702,11866,18826,11853,18891,11846,18859,11856,18866,11770,18883,11869
1481,14603,11861,14616,11864,14686,11862,14639,11850,14615,11845,14611,11852,14615,11765,14624,11866
1482,19337,11858,19357,11861,19587,11856,19425,11845,19343,11841,19354,11850,19359,11761,19369,11861
1483,28244,11858,28268,11862,28532,11858,28348,11847,28251,11842,28263,11848,28273,11762,28281,11862
1484,32767,11859,32767,11863,32767,11858,32767,11848,32767,11842,32767,11846,32767,11761,32767,11865
1485,32767,11861,32767,11864,32767,11862,32767,11852,32767,11845,32767,11852,32767,11766,32767,11868
1486,32767,11860,32767,11868,32767,11864,32767,11853,32767,11842,32767,11852,32767,11768,32767,11868
1487,30594,11860,30593,11870,30357,11868,30529,11853,30618,11844,30574,11855,30585,11771,30604,11873
1488,21549,11864,21547,11869,21337,11865,21489,11856,21566,11846,21531,11854,21538,11772,21554,11872
1489,15075,11862,15083,11869,15058,11865,15077,11852,15090,11846,15076,11855,15081,11770,15091,11870
1490,17091,11857,17113,11863,17308,11859,17170,11850,17100,11842,17105,11851,17117,11763,17124,11867
1491,25100,11858,25123,11864,25387,11859,25202,11846,25108,11842,25118,11846,25126,11761,25138,11865
1492,32767,11858,32767,11863,32767,11857,32767,11850,32767,11841,32767,11846,32767,11761,32767,11863
1493,32767,11856,32767,11862,32767,11856,32767,11847,32767,11836,32767,11846,32767,11761,32767,11863
1494,32767,11862,32767,11867,32767,11865,32767,11853,32767,11842,32767,11852,32767,11768,32767,11870
1495,32767,11862,32767,11871,32767,11868,32767,11856,32767,11845,32767,11855,32767,11770,32767,11870
1496,24208,11863,24209,11870,23980,11868,24142,11856,24230,11845,24191,11855,24197,11771,24217,11872
1497,16405,11862,16412,11868,16309,11865,16383,11852,16423,11843,16399,11855,16406,11766,16417,11867
1498,15519,11862,15535,11865,15692,11859,15582,11849,15527,11842,15533,11850,15536,11763,15545,11867
1499,31692,11861,31715,11864,31975,11860,31795,11849,31702,11845,31710,11849,31718,11763,31732,11864
1500,32767,11860,32767,11866,32767,11860,32767,11847,32767,11841,32767,11849,32767,11766,32767,11865
1501,32767,11862,32767,11868,32767,11865,32767,11854,32767,11847,32767,11854,32767,11767,32767,11868
1502,32767,11859,32767,11868,32767,11865,32767,11852,32767,11843,32767,11854,32767,11767,32767,11871
1503,26945,11865,26944,11870,26706,11865,26878,11854,26969,11845,26927,11856,26935,11772,26954,11872
1504,18297,11865,18296,11871,18137,11868,18253,11855,18316,11847,18285,11857,18293,11770,18307,11871
1505,14693,11859,14708,11865,14799,11859,14736,11850,14703,11842,14699,11851,14708,11766,14716,11866
1506,20094,11862,20117,11866,20351,11861,20183,11849,20101,11843,20111,11851,20116,11767,20126,11865
1507,29017,11861,29042,11865,29303,11859,29120,11847,29025,11845,29035,11850,29043,11765,29055,11863
1508,32767,11859,32767,11865,32767,11859,32767,11849,32767,11844,32767,11849,32767,11764,32767,11865
1509,32767,11859,32767,11864,32767,11861,32767,11850,32767,11844,32767,11848,32767,11765,32767,11868
1510,32767,11862,32767,11869,32767,11867,32767,11855,32767,11846,32767,11856,32767,11772,32767,11871
1511,20627,11868,20628,11874,20425,11871,20571,11861,20649,11849,20614,11863,20620,11774,20635,11874
1512,14813,11862,14822,11868,14832,11863,14826,11853,14827,11845,14814,11854,14822,11766,14829,11871
1513,17745,11859,17766,11865,17972,11859,17829,11847,17754,11842,17762,11848,17767,11762,17777,11863
1514,26089,11856,26113,11862,26374,11856,26193,11846,26096,11841,26109,11848,26117,11762,26125,11861
1515,32767,11860,32767,11865,32767,11859,32767,11848,32767,11844,32767,11851,32767,11764,32767,11863
1516,32767,11862,32767,11867,32767,11862,32767,11850,32767,11842,32767,11850,32767,11763,32767,11867
1517,32767,11862,32767,11872,32767,11868,32767,11855,32767,11848,32767,11856,32767,11771,32767,11872
1518,32767,11865,32767,11871,32704,11869,32767,11859,32767,11848,32767,11858,32767,11774,32767,11872
1519,23759,11861,23759,11870,23533,11865,23697,11853,23784,11845,23740,11853,23750,11768,23767,11871
1520,16123,11861,16126,11865,16036,11864,16102,11853,16139,11845,16117,11854,16124,11767,16136,11869
1521,15766,11862,15785,11867,15948,11862,15833,11850,15776,11845,15782,11850,15786,11764,15793,11868
1522,31953,11859,31977,11863,32236,11857,32058,11847,31965,11842,31972,11849,31982,11761,31992,11862
1523,32767,11860,32767,11866,32767,11861,32767,11848,32767,11843,32767,11849,32767,11765,32767,11865
1524,32767,11860,32767,11864,32767,11863,32767,11851,32767,11841,32767,11850,32767,11767,32767,11866
1525,32767,11865,32767,11871,32767,11872,32767,11858,32767,11848,32767,11858,32767,11771,32767,11873
1526,26923,11864,26925,11871,26687,11868,26859,11854,26949,11845,26903,11855,26913,11770,26932,11871
1527,18345,11865,18346,11872,18184,11868,18301,11854,18363,11848,18330,11858,18340,11772,18352,11872
1528,14668,11857,14682,11866,14766,11857,14705,11848,14678,11844,14675,11850,14681,11766,14687,11866
1529,19811,11862,19831,11868,20063,11860,19901,11851,19818,11845,19828,11852,19834,11762,19841,11865
1530,28541,11861,28567,11866,28830,11860,28645,11846,28552,11843,28559,11851,28569,11761,28582,11866
1531,32767,11863,32767,11865,32767,11859,32767,11850,32767,11844,32767,11848,32767,11764,32767,11867
1532,32767,11856,32767,11866,32767,11859,32767,11848,32767,11838,32767,11848,32767,11762,32767,11865
1533,30267,11862,30266,11870,30031,11868,30203,11855,30291,11840,30248,11856,30257,11770,30278,11871
1534,21076,11862,21074,11871,20868,11868,21017,11858,21096,11846,21057,11857,21065,11770,21082,11873
1535,14943,11862,14955,11868,14945,11862,14952,11852,14957,11844,14946,11855,14951,11767,14961,11868
1536,17477,11858,17496,11865,17698,11857,17556,11848,17483,11842,17491,11852,17496,11762,17507,11862
1537,25661,11857,25687,11857,25948,11856,25763,11844,25672,11839,25681,11844,25688,11758,25698,11860
1538,32767,11858,32767,11863,32767,11857,32767,11846,32767,11843,32767,11846,32767,11761,32767,11862
1539,32767,11856,32767,11863,32767,11858,32767,11847,32767,11840,32767,11848,32767,11763,32767,11861
1540,32767,11859,32767,11869,32767,11865,32767,11853,32767,11844,32767,11852,32767,11767,32767,11869
1541,32767,11861,32767,11870,32767,11866,32767,11856,32767,11846,32767,11853,32767,11770,32767,11869
1542,23959,11866,23959,11874,23730,11869,23894,11860,23979,11848,23941,11859,23948,11772,23966,11874
1543,16196,11860,16201,11868,16108,11865,16175,11853,16213,11845,16189,11854,16196,11768,16208,11868
1544,15697,11860,15714,11866,15870,11861,15759,11849,15704,11842,15709,11852,15715,11766,15722,11864
1545,22849,11856,22873,11863,23125,11853,22948,11846,22861,11841,22869,11846,22876,11761,22886,11860
1546,31928,11854,31952,11858,32206,11854,32032,11845,31940,11840,31947,11843,31957,11761,31968,11860
1547,32767,11859,32767,11863,32767,11859,32767,11846,32767,11839,32767,11845,32767,11762,32767,11863
1548,32767,11858,32767,11866,32767,11863,32767,11851,32767,11842,32767,11848,32767,11766,32767,11867
1549,32767,11862,32767,11867,32767,11866,32767,11853,32767,11841,32767,11852,32767,11770,32767,11868
1550,27253,11860,27249,11868,27010,11865,27184,11852,27274,11843,27231,11852,27242,11769,27261,11869
1551,18586,11859,18586,11866,18418,11864,18538,11853,18604,11844,18572,11852,18579,11768,18593,11868
1552,14665,11857,14679,11863,14759,11859,14703,11847,14675,11842,14671,11852,14676,11764,14686,11865
1553,28585,11856,28611,11861,28875,11853,28691,11844,28595,11839,28606,11846,28615,11761,28624,11860
1554,32767,11857,32767,11863,32767,11859,32767,11847,32767,11840,32767,11846,32767,11763,32767,11862
1555,32767,11857,32767,11865,32767,11861,32767,11850,32767,11842,32767,11849,32767,11764,32767,11864
1556,32767,11858,32767,11865,32767,11864,32767,11849,32767,11842,32767,11851,32767,11767,32767,11868
1557,30159,11857,30159,11866,29921,11863,30092,11849,30181,11840,30140,11849,30150,11764,30166,11866
1558,14950,11859,14959,11866,14947,11861,14957,11848,14965,11842,14950,11852,14956,11765,14967,11868
1559,17247,11856,17265,11861,17466,11853,17325,11844,17254,11839,17262,11848,17266,11761,17275,11860
1560,25224,11859,25250,11863,25511,11857,25329,11846,25235,11842,25247,11849,25254,11762,25264,11864
1561,32767,11859,32767,11865,32767,11861,32767,11851,32767,11843,32767,11849,32767,11764,32767,11865
1562,32767,11862,32767,11870,32767,11866,32767,11854,32767,11845,32767,11855,32767,11771,32767,11870
1563,32767,11862,32767,11871,32767,11868,32767,11857,32767,11845,32767,11856,32767,11772,32767,11874
1564,24351,11862,24347,11871,24117,11869,24284,11856,24370,11849,24329,11856,24339,11772,24356,11872
1565,16524,11863,16529,11868,16421,11867,16496,11853,16540,11845,16516,11854,16524,11767,16537,11868
1566,15423,11862,15440,11868,15587,11862,15482,11852,15430,11846,15435,11852,15440,11767,15448,11865
1567,22261,11859,22284,11864,22533,11859,22360,11847,22272,11845,22279,11851,22287,11763,22296,11864
1568,31386,11860,31409,11865,31667,11860,31486,11850,31393,11845,31401,11849,31412,11763,31423,11865
1569,32767,11862,32767,11868,32767,11863,32767,11851,32767,11845,32767,11852,32767,11765,32767,11867
1570,32767,11861,32767,11868,32767,11866,32767,11853,32767,11845,32767,11852,32767,11766,32767,11868
1571,32767,11862,32767,11873,32767,11870,32767,11857,32767,11847,32767,11858,32767,11774,32767,11874
1572,27918,11862,27920,11867,27682,11863,27852,11850,27942,11843,27899,11852,27909,11768,27927,11868
1573,19122,11865,19121,11871,18942,11866,19072,11856,19140,11845,19106,11856,19115,11770,19131,11871
1574,14627,11860,14638,11866,14695,11862,14654,11850,14640,11845,14633,11854,14637,11765,14648,11866
1575,19013,11862,19034,11866,19258,11859,19100,11849,19020,11843,19031,11851,19037,11764,19043,11865
1576,27762,11856,27787,11862,28052,11856,27866,11845,27770,11839,27783,11847,27790,11762,27800,11860
1577,32767,11862,32767,11866,32767,11860,32767,11850,32767,11843,32767,11849,32767,11762,32767,11866
1578,32767,11860,32767,11863,32767,11858,32767,11848,32767,11842,32767,11847,32767,11764,32767,11866
1579,32767,11859,32767,11866,32767,11863,32767,11851,32767,11841,32767,11849,32767,11766,32767,11867
1580,31172,11856,31172,11866,30934,11863,31104,11849,31194,11841,31150,11850,31162,11765,31183,11865
1581,21997,11863,21999,11869,21783,11865,21938,11853,22017,11844,21982,11853,21991,11769,22004,11872
1582,15271,11860,15280,11865,15243,11862,15269,11850,15289,11841,15273,11852,15277,11765,15289,11866
1583,16901,11858,16919,11863,17114,11858,16979,11849,16909,11842,16915,11851,16922,11763,16932,11863
1584,24865,11858,24891,11863,25152,11859,24968,11848,24874,11842,24885,11850,24891,11761,24903,11863
1585,32767,11857,32767,11861,32767,11856,32767,11846,32767,11841,32767,11846,32767,11759,32767,11862
1586,32767,11856,32767,11864,32767,11859,32767,11847,32767,11840,32767,11846,32767,11764,32767,11865
1587,32767,11859,32767,11864,32767,11863,32767,11850,32767,11841,32767,11849,32767,11764,32767,11867
1588,32767,11859,32767,11868,32767,11867,32767,11853,32767,11843,32767,11855,32767,11770,32767,11868
1589,24372,11863,24370,11871,24141,11868,24305,11855,24392,11847,24354,11857,24362,11771,24378,11873
1590,16554,11857,16558,11863,16447,11858,16523,11848,16569,11840,16542,11849,16549,11765,16562,11864
1591,15363,11856,15380,11864,15528,11856,15425,11847,15370,11842,15373,11846,15381,11761,15387,11863
1592,22034,11864,22057,11868,22303,11861,22130,11852,22043,11845,22054,11850,22060,11764,22069,11867
1593,30977,11857,31000,11861,31259,11857,31080,11846,30987,11840,30996,11846,31004,11761,31017,11862
1594,32767,11850,32767,11854,32767,11851,32767,11842,32767,11833,32767,11841,32767,11757,32767,11857
1595,32767,11859,32767,11863,32767,11859,32767,11850,32767,11842,32767,11849,32767,11764,32767,11864
1596,32767,11859,32767,11866,32767,11865,32767,11853,32767,11844,32767,11852,32767,11768,32767,11869
1597,27866,11864,27865,11872,27627,11869,27799,11856,27889,11846,27846,11855,27856,11772,27876,11873
1598,18934,11862,18935,11870,18760,11866,18884,11855,18953,11845,18920,11856,18927,11771,18943,11872
1599,14636,11859,14647,11863,14712,11861,14668,11849,14646,11842,14641,11851,14648,11764,14656,11863
1600,28027,11860,28052,11866,28314,11859,28132,11850,28033,11844,28045,11849,28056,11764,28066,11865
1601,32767,11856,32767,11860,32767,11853,32767,11845,32767,11836,32767,11843,32767,11758,32767,11861
1602,32767,11859,32767,11863,32767,11859,32767,11847,32767,11839,32767,11846,32767,11763,32767,11862
1603,32767,11860,32767,11869,32767,11866,32767,11853,32767,11845,32767,11853,32767,11769,32767,11868
1604,30901,11862,30900,11868,30665,11865,30835,11853,30922,11841,30880,11852,30890,11769,30910,11868
1605,21758,11866,21758,11873,21543,11871,21698,11857,21780,11851,21741,11861,21750,11773,21767,11875
1606,15152,11865,15162,11870,15130,11866,15151,11853,15166,11846,15149,11856,15159,11768,15167,11872
1607,16974,11860,16993,11866,17187,11859,17051,11849,16983,11843,16990,11852,16996,11763,17004,11866
1608,25071,11859,25096,11863,25356,11860,25172,11848,25080,11845,25089,11851,25098,11760,25106,11865
1609,32767,11856,32767,11860,32767,11857,32767,11844,32767,11839,32767,11846,32767,11759,32767,11862
1610,32767,11860,32767,11864,32767,11861,32767,11849,32767,11843,32767,11847,32767,11764,32767,11864
1611,32767,11860,32767,11868,32767,11865,32767,11852,32767,11844,32767,11852,32767,11766,32767,11871
1612,32767,11865,32767,11873,32767,11870,32767,11856,32767,11848,32767,11858,32767,11774,32767,11873
1613,24655,11865,24654,11869,24424,11869,24591,11854,24676,11845,24640,11855,24646,11772,24663,11871
1614,16649,11862,16652,11866,16541,11867,16620,11854,16666,11845,16642,11855,16647,11769,16658,11870
1615,15303,11861,15322,11863,15464,11860,15363,11848,15311,11840,15315,11851,15321,11763,15330,11865
1616,22082,11859,22105,11863,22355,11858,22178,11845,22088,11842,22100,11849,22107,11760,22118,11863
1617,32767,11863,32767,11866,32767,11862,32767,11853,32767,11845,32767,11849,32767,11767,32767,11869
1618,32767,11864,32767,11870,32767,11867,32767,11856,32767,11847,32767,11855,32767,11770,32767,11872
1619,32767,11865,32767,11872,32767,11868,32767,11858,32767,11848,32767,11855,32767,11771,32767,11874
1620,18915,11868,18914,11873,18742,11871,18867,11860,18932,11851,18900,11861,18908,11774,18923,11875
1621,14632,11853,14643,11860,14708,11856,14662,11846,14643,11839,14635,11846,14640,11761,14651,11858
1622,19186,11858,19209,11865,19432,11861,19275,11850,19194,11843,19203,11850,19214,11766,19219,11864
1623,27863,11856,27886,11862,28147,11853,27966,11846,27871,11837,27879,11846,27888,11757,27900,11859
1624,32767,11856,32767,11862,32767,11854,32767,11844,32767,11839,32767,11847,32767,11760,32767,11862
1625,32767,11859,32767,11865,32767,11861,32767,11847,32767,11844,32767,11848,32767,11764,32767,11866
1626,32767,11860,32767,11867,32767,11865,32767,11853,32767,11846,32767,11853,32767,11767,32767,11868
1627,31145,11862,31144,11871,30911,11867,31082,11856,31170,11846,31126,11856,31137,11770,31157,11873
1628,21834,11865,21834,11872,21619,11871,21771,11858,21853,11848,21816,11858,21824,11775,21841,11877
1629,15166,11859,15175,11866,15142,11860,15162,11848,15178,11842,15163,11852,15170,11766,15180,11865
1630,16931,11859,16951,11864,17144,11858,17009,11850,16941,11845,16948,11850,16954,11764,16962,11865
1631,25054,11859,25080,11864,25336,11859,25158,11847,25065,11843,25074,11852,25083,11762,25094,11862
1632,32767,11860,32767,11863,32767,11855,32767,11846,32767,11845,32767,11847,32767,11762,32767,11863
1633,32767,11862,32767,11866,32767,11864,32767,11850,32767,11843,32767,11851,32767,11765,32767,11865
1634,32767,11863,32767,11868,32767,11865,32767,11853,32767,11845,32767,11853,32767,11770,32767,11868
1635,32767,11859,32767,11868,32767,11863,32767,11853,32767,11842,32767,11852,32767,11770,32767,11868
1636,24840,11861,24840,11868,24605,11866,24771,11852,24862,11845,24821,11852,24830,11770,24848,11870
1637,16681,11860,16685,11866,16572,11863,16652,11852,16697,11844,16673,11854,16680,11767,16692,11870
1638,15325,11857,15340,11862,15484,11856,15383,11847,15335,11839,15338,11848,15342,11763,15351,11862
1639,21990,11859,22013,11861,22265,11859,22087,11847,21998,11840,22010,11849,22016,11762,22028,11862
1640,31070,11857,31094,11862,31353,11856,31170,11846,31079,11842,31085,11848,31096,11761,31109,11864
1641,32767,11859,32767,11862,32767,11857,32767,11847,32767,11840,32767,11848,32767,11763,32767,11863
1642,32767,11861,32767,11866,32767,11861,32767,11850,32767,11845,32767,11849,32767,11767,32767,11869
1643,32767,11864,32767,11871,32767,11866,32767,11857,32767,11846,32767,11855,32767,11770,32767,11872
1644,28021,11860,28018,11869,27781,11864,27956,11853,28044,11845,28000,11855,28008,11769,28030,11871
1645,19227,11862,19229,11869,19047,11867,19180,11854,19248,11845,19214,11855,19223,11772,19237,11873
1646,14603,11859,14616,11868,14672,11859,14632,11851,14616,11846,14609,11852,14616,11770,14624,11868
1647,18805,11855,18823,11860,19048,11853,18890,11843,18811,11837,18820,11846,18828,11758,18836,11860
1648,27476,11859,27505,11861,27763,11855,27582,11842,27485,11839,27498,11847,27504,11761,27517,11862
1649,32767,11858,32767,11862,32767,11858,32767,11847,32767,11843,32767,11848,32767,11764,32767,11865
1650,32767,11862,32767,11866,32767,11864,32767,11851,32767,11843,32767,11850,32767,11765,32767,11870
1651,32767,11862,32767,11868,32767,11866,32767,11853,32767,11845,32767,11856,32767,11770,32767,11871
1652,31739,11871,31739,11878,31503,11875,31674,11862,31761,11854,31718,11861,31727,11777,31750,11880
1653,22600,11861,22598,11870,22381,11868,22537,11856,22621,11846,22583,11855,22591,11770,22608,11874
1654,15546,11862,15554,11869,15491,11865,15536,11854,15561,11847,15541,11854,15547,11770,15559,11870
1655,16382,11863,16401,11866,16582,11861,16455,11850,16391,11848,16395,11852,16405,11764,16413,11866
1656,24019,11861,24046,11863,24297,11856,24120,11845,24029,11842,24039,11846,24047,11761,24056,11862
1657,32767,11862,32767,11863,32767,11858,32767,11849,32767,11844,32767,11847,32767,11763,32767,11862
1658,32767,11860,32767,11866,32767,11860,32767,11848,32767,11844,32767,11849,32767,11762,32767,11866
1659,32767,11865,32767,11870,32767,11867,32767,11851,32767,11846,32767,11854,32767,11770,32767,11871
1660,32767,11863,32767,11870,32767,11868,32767,11856,32767,11846,32767,11854,32767,11771,32767,11872
1661,25960,11868,25958,11874,25721,11871,25892,11858,25980,11850,25939,11860,25948,11775,25967,11876
1662,17622,11864,17624,11871,17482,11867,17583,11856,17639,11848,17612,11857,17618,11770,17632,11871
1663,14870,11860,14886,11866,15003,11859,14922,11848,14882,11845,14882,11852,14886,11764,14895,11866
1664,20859,11861,20882,11865,21123,11859,20953,11846,20867,11842,20878,11852,20884,11764,20892,11865
1665,29818,11859,29844,11865,30105,11861,29924,11847,29830,11844,29837,11848,29848,11761,29859,11862
1666,32767,11861,32767,11866,32767,11862,32767,11851,32767,11844,32767,11850,32767,11765,32767,11865
1667,32767,11862,32767,11867,32767,11865,32767,11851,32767,11844,32767,11852,32767,11767,32767,11868
1668,32767,11864,32767,11866,32767,11865,32767,11852,32767,11845,32767,11855,32767,11771,32767,11868
1669,29185,11863,29186,11869,28944,11868,29119,11853,29206,11844,29165,11854,29176,11769,29195,11872
1670,20252,11865,20251,11872,20053,11868,20191,11859,20269,11848,20237,11857,20244,11773,20260,11874
1671,14731,11860,14739,11868,14754,11862,14745,11852,14741,11843,14731,11852,14738,11767,14746,11868
1672,17946,11863,17968,11865,18178,11861,18029,11849,17954,11845,17962,11849,17970,11766,17978,11866
1673,26268,11858,26292,11862,26556,11856,26371,11844,26277,11840,26286,11845,26297,11761,26305,11862
1674,32767,11859,32767,11863,32767,11859,32767,11847,32767,11842,32767,11848,32767,11763,32767,11865
1675,32767,11859,32767,11866,32767,11858,32767,11847,32767,11841,32767,11848,32767,11761,32767,11865
1676,32767,11861,32767,11868,32767,11864,32767,11853,32767,11844,32767,11854,32767,11766,32767,11868
1677,32767,11863,32767,11869,32640,11867,32767,11853,32767,11847,32767,11854,32767,11769,32767,11871
1678,23684,11863,23681,11871,23455,11869,23617,11856,23702,11846,23666,11857,23673,11772,23689,11872
1679,16204,11859,16210,11871,16116,11866,16182,11853,16220,11848,16198,11855,16204,11771,16217,11868
1680,15660,11862,15676,11867,15832,11862,15724,11852,15667,11846,15673,11854,15676,11767,15684,11868
1681,22717,11859,22742,11864,22994,11858,22817,11847,22728,11842,22736,11849,22744,11762,22753,11861
1682,31892,11858,31917,11861,32175,11856,31993,11846,31901,11842,31907,11846,31919,11762,31934,11863
1683,32767,11859,32767,11864,32767,11859,32767,11847,32767,11841,32767,11846,32767,11762,32767,11865
1684,32767,11863,32767,11868,32767,11866,32767,11851,32767,11845,32767,11850,32767,11767,32767,11869
1685,32767,11860,32767,11868,32767,11868,32767,11851,32767,11847,32767,11855,32767,11770,32767,11871
1686,27559,11864,27560,11873,27317,11871,27492,11858,27582,11848,27541,11856,27552,11773,27571,11872
1687,19031,11862,19031,11869,18856,11868,18981,11853,19049,11846,19017,11857,19022,11772,19040,11872
1688,14633,11864,14645,11871,14707,11865,14663,11854,14645,11848,14639,11858,14644,11771,14652,11871
1689,19089,11864,19111,11867,19336,11863,19178,11850,19097,11845,19107,11854,19114,11766,19120,11868
1690,32767,11859,32767,11864,32767,11856,32767,11847,32767,11842,32767,11849,32767,11761,32767,11863
1691,32767,11859,32767,11867,32767,11865,32767,11851,32767,11844,32767,11851,32767,11766,32767,11868
1692,32767,11866,32767,11872,32767,11870,32767,11854,32767,11848,32767,11857,32767,11774,32767,11874
1693,31996,11863,31996,11871,31762,11868,31932,11856,32022,11847,31976,11856,31989,11771,32009,11873
1694,15761,11862,15765,11870,15696,11864,15746,11853,15776,11846,15754,11855,15763,11770,15772,11869
1695,16038,11863,16058,11866,16231,11862,16111,11852,16048,11846,16054,11855,16059,11766,16068,11868
1696,23453,11861,23476,11863,23730,11860,23553,11848,23461,11844,23471,11852,23478,11762,23487,11865
1697,32548,11860,32571,11864,32767,11857,32649,11850,32560,11844,32565,11850,32574,11763,32588,11865
1698,32767,11862,32767,11867,32767,11862,32767,11851,32767,11846,32767,11851,32767,11765,32767,11868
1699,32767,11862,32767,11868,32767,11866,32767,11853,32767,11845,32767,11855,32767,11769,32767,11869
1700,32767,11861,32767,11870,32767,11868,32767,11856,32767,11847,32767,11857,32767,11772,32767,11872
1701,27475,11865,27473,11872,27232,11871,27408,11857,27497,11849,27456,11858,27464,11773,27484,11874
1702,18751,11866,18752,11872,18578,11871,18704,11856,18770,11848,18737,11859,18747,11773,18760,11875
1703,14597,11861,14608,11866,14675,11863,14628,11853,14608,11845,14602,11854,14608,11768,14618,11867
1704,19061,11860,19083,11865,19309,11859,19153,11848,19069,11845,19078,11853,19086,11765,19094,11865
1705,27603,11858,27628,11866,27891,11860,27708,11847,27616,11842,27625,11849,27633,11763,27643,11865
1706,32767,11858,32767,11860,32767,11856,32767,11845,32767,11842,32767,11846,32767,11759,32767,11865
1707,32767,11864,32767,11871,32767,11867,32767,11855,32767,11845,32767,11855,32767,11771,32767,11872
1708,32130,11862,32131,11870,31896,11868,32064,11855,32156,11844,32111,11855,32121,11773,32142,11872
1709,23004,11862,23002,11870,22780,11869,22943,11856,23025,11845,22986,11855,22996,11771,23015,11871
1710,15796,11867,15802,11872,15727,11870,15783,11858,15813,11848,15794,11859,15798,11773,15811,11874
1711,15954,11861,15973,11864,16139,11859,16022,11851,15963,11842,15970,11849,15973,11764,15980,11865
1712,23206,11858,23231,11863,23483,11859,23306,11849,23214,11842,23228,11851,23232,11762,23242,11866
1713,32180,11858,32207,11863,32461,11855,32283,11847,32192,11842,32199,11846,32209,11763,32222,11861
1714,32767,11856,32767,11863,32767,11858,32767,11844,32767,11840,32767,11847,32767,11761,32767,11864
1715,32767,11860,32767,11866,32767,11864,32767,11853,32767,11843,32767,11852,32767,11768,32767,11869
1716,32767,11865,32767,11872,32767,11871,32767,11857,32767,11850,32767,11859,32767,11773,32767,11875
1717,27801,11866,27798,11873,27559,11868,27734,11856,27822,11849,27782,11858,27789,11772,27808,11874
1718,19165,11862,19166,11869,18987,11866,19116,11853,19186,11846,19154,11856,19161,11769,19175,11868
1719,14633,11858,14645,11864,14698,11862,14662,11850,14645,11844,14637,11853,14646,11764,14653,11866
1720,18889,11859,18911,11862,19139,11859,18978,11847,18899,11843,18907,11849,18913,11761,18922,11862
1721,27241,11861,27265,11865,27529,11859,27345,11850,27250,11845,27260,11851,27270,11764,27279,11865
1722,32767,11858,32767,11861,32767,11857,32767,11845,32767,11841,32767,11848,32767,11761,32767,11861
1723,32767,11861,32767,11866,32767,11862,32767,11850,32767,11842,32767,11849,32767,11766,32767,11867
1724,32767,11863,32767,11868,32767,11868,32767,11853,32767,11845,32767,11853,32767,11767,32767,11869
1725,32423,11862,32423,11870,32193,11867,32362,11853,32449,11845,32407,11854,32419,11768,32438,11870
1726,23323,11859,23323,11867,23097,11865,23256,11851,23344,11843,23304,11852,23312,11770,23330,11867
1727,16055,11862,16060,11868,15974,11865,16037,11853,16071,11844,16050,11855,16055,11769,16067,11868
1728,15692,11859,15709,11865,15870,11859,15757,11848,15701,11842,15706,11849,15712,11764,15719,11861
1729,22577,11856,22600,11860,22853,11856,22678,11844,22586,11839,22596,11847,22604,11759,22612,11862
1730,31633,11861,31658,11865,31916,11859,31738,11849,31645,11845,31651,11849,31661,11764,31672,11864
1731,32767,11859,32767,11861,32767,11859,32767,11847,32767,11842,32767,11847,32767,11761,32767,11862
1732,32767,11862,32767,11868,32767,11866,32767,11853,32767,11845,32767,11851,32767,11766,32767,11869
1733,32767,11863,32767,11868,32767,11865,32767,11855,32767,11848,32767,11852,32767,11770,32767,11871
1734,27961,11862,27960,11869,27725,11866,27895,11853,27984,11846,27942,11855,27954,11770,27971,11871
1735,19309,11861,19310,11867,19125,11863,19259,11852,19328,11845,19293,11853,19303,11769,19315,11870
1736,14615,11864,14627,11868,14675,11865,14641,11854,14626,11846,14622,11855,14625,11768,14637,11871
1737,18678,11859,18700,11862,18923,11859,18767,11847,18686,11844,18697,11850,18702,11764,18712,11868
1738,27096,11859,27120,11863,27383,11857,27200,11845,27105,11844,27113,11846,27123,11763,27131,11861
1739,32767,11858,32767,11862,32767,11857,32767,11845,32767,11842,32767,11849,32767,11762,32767,11860
1740,32767,11859,32767,11865,32767,11861,32767,11851,32767,11843,32767,11850,32767,11764,32767,11864
1741,32767,11862,32767,11869,32767,11868,32767,11853,32767,11846,32767,11854,32767,11769,32767,11873
1742,32404,11863,32404,11874,32168,11870,32339,11856,32428,11848,32383,11858,32394,11771,32416,11873
1743,23221,11864,23220,11872,22998,11869,23156,11855,23240,11846,23204,11857,23210,11772,23230,11872
1744,15983,11865,15992,11871,15909,11868,15968,11857,16004,11848,15980,11857,15987,11771,16000,11869
1745,15770,11863,15788,11867,15951,11862,15835,11851,15779,11845,15784,11855,15789,11767,15796,11868
1746,31857,11861,31883,11863,32142,11858,31960,11847,31871,11842,31876,11846,31885,11763,31898,11864
1747,32767,11867,32767,11869,32767,11865,32767,11856,32767,11848,32767,11853,32767,11767,32767,11870
1748,32767,11866,32767,11871,32767,11867,32767,11853,32767,11847,32767,11855,32767,11770,32767,11872
1749,32767,11865,32767,11874,32767,11870,32767,11859,32767,11849,32767,11858,32767,11773,32767,11873
1750,27901,11865,27898,11871,27660,11869,27833,11857,27925,11848,27880,11859,27891,11771,27910,11874
1751,19360,11867,19357,11874,19175,11871,19309,11859,19376,11851,19343,11860,19349,11775,19365,11875
1752,14602,11861,14613,11866,14661,11862,14628,11850,14614,11845,14605,11852,14613,11767,14621,11865
1753,18721,11864,18742,11866,18963,11862,18808,11850,18727,11845,18738,11853,18743,11766,18750,11867
1754,27136,11862,27159,11865,27425,11859,27243,11851,27146,11843,27157,11852,27165,11765,27175,11865
1755,32767,11859,32767,11860,32767,11859,32767,11848,32767,11840,32767,11849,32767,11761,32767,11865
1756,32767,11859,32767,11866,32767,11861,32767,11848,32767,11842,32767,11849,32767,11765,32767,11867
1757,32767,11867,32767,11873,32767,11871,32767,11859,32767,11849,32767,11858,32767,11773,32767,11872
1758,32321,11865,32321,11871,32090,11869,32258,11857,32346,11845,32300,11858,32312,11771,32334,11872
1759,15814,11862,15818,11870,15745,11864,15799,11853,15829,11845,15809,11856,15816,11770,15826,11871
1760,15890,11863,15908,11866,16076,11863,15959,11850,15896,11846,15904,11851,15910,11764,15919,11868
1761,23090,11859,23114,11865,23369,11859,23191,11846,23098,11843,23110,11850,23117,11764,23127,11864
1762,32174,11859,32201,11866,32455,11861,32279,11850,32185,11843,32192,11852,32202,11764,32217,11865
1763,32767,11859,32767,11866,32767,11861,32767,11850,32767,11841,32767,11849,32767,11764,32767,11865
1764,32767,11861,32767,11866,32767,11867,32767,11853,32767,11848,32767,11852,32767,11769,32767,11868
1765,32767,11857,32767,11866,32767,11863,32767,11851,32767,11842,32767,11849,32767,11766,32767,11868
1766,27445,11865,27443,11875,27209,11871,27381,11858,27466,11845,27427,11859,27435,11773,27454,11874
1767,18802,11862,18804,11869,18632,11867,18755,11854,18821,11844,18790,11855,18799,11772,18811,11871
1768,14606,11859,14619,11868,14685,11862,14637,11850,14616,11845,14611,11853,14616,11766,14626,11868
1769,19220,11862,19241,11866,19467,11861,19308,11850,19227,11844,19239,11852,19243,11765,19251,11865
1770,28008,11860,28032,11863,28298,11859,28114,11847,28018,11842,28026,11852,28037,11761,28047,11863
1771,32767,11858,32767,11863,32767,11857,32767,11847,32767,11842,32767,11846,32767,11761,32767,11864
1772,32767,11858,32767,11867,32767,11861,32767,11850,32767,11842,32767,11851,32767,11764,32767,11866
1773,32767,11865,32767,11872,32767,11868,32767,11857,32767,11848,32767,11856,32767,11772,32767,11874
1774,31431,11863,31429,11873,31195,11869,31365,11857,31456,11848,31408,11858,31422,11771,31442,11871
1775,22246,11867,22246,11870,22028,11870,22183,11857,22269,11848,22229,11857,22236,11772,22254,11874
1776,15410,11865,15416,11871,15367,11868,15405,11856,15424,11848,15409,11858,15412,11771,15425,11874
1777,16480,11862,16500,11864,16681,11860,16552,11850,16488,11844,16493,11852,16499,11766,16508,11865
1778,24032,11860,24056,11866,24310,11862,24132,11850,24040,11847,24050,11852,24060,11767,24068,11865
1779,32767,11860,32767,11867,32767,11859,32767,11850,32767,11844,32767,11849,32767,11767,32767,11865
1780,32767,11859,32767,11864,32767,11858,32767,11848,32767,11840,32767,11847,32767,11761,32767,11865
1781,32767,11862,32767,11868,32767,11866,32767,11855,32767,11848,32767,11855,32767,11768,32767,11871
1782,32767,11863,32767,11869,32767,11867,32767,11855,32767,11846,32767,11855,32767,11770,32767,11873
1783,26346,11864,26345,11872,26109,11869,26284,11856,26369,11848,26329,11858,26336,11773,26358,11874
1784,17964,11863,17966,11873,17814,11867,17922,11853,17981,11845,17952,11857,17958,11773,17974,11874
1785,14736,11864,14749,11868,14852,11863,14780,11851,14747,11846,14746,11851,14751,11767,14759,11868
1786,20448,11858,20469,11862,20709,11857,20541,11844,20453,11840,20465,11847,20474,11764,20483,11862
1787,29276,11864,29302,11866,29563,11860,29380,11850,29286,11846,29295,11852,29304,11766,29317,11866
1788,32767,11862,32767,11869,32767,11865,32767,11852,32767,11845,32767,11854,32767,11769,32767,11869
1789,32767,11863,32767,11872,32767,11868,32767,11855,32767,11845,32767,11854,32767,11770,32767,11872
1790,29697,11865,29697,11871,29461,11869,29631,11856,29722,11847,29676,11858,29689,11773,29708,11874
1791,20566,11868,20565,11874,20368,11871,20511,11856,20587,11848,20552,11860,20557,11773,20575,11876
1792,14849,11863,14859,11869,14859,11863,14860,11853,14863,11844,14852,11854,14857,11767,14867,11868
1793,17736,11860,17757,11865,17967,11859,17818,11847,17743,11844,17750,11850,17757,11762,17767,11863
1794,26106,11856,26132,11860,26392,11854,26209,11844,26116,11838,26123,11846,26137,11759,26145,11860
1795,32767,11859,32767,11863,32767,11859,32767,11847,32767,11842,32767,11847,32767,11764,32767,11865
1796,32767,11862,32767,11866,32767,11864,32767,11851,32767,11843,32767,11853,32767,11767,32767,11867
1797,32767,11862,32767,11868,32767,11863,32767,11850,32767,11843,32767,11850,32767,11768,32767,11867
1798,32767,11865,32767,11871,32765,11870,32767,11859,32767,11845,32767,11858,32767,11772,32767,11874
1799,23931,11859,23929,11869,23702,11864,23867,11855,23952,11843,23912,11853,23922,11769,23940,11870
1800,16301,11857,16307,11865,16206,11862,16278,11851,16318,11841,16295,11852,16300,11765,16313,11865
1801,15603,11858,15621,11863,15779,11859,15667,11846,15613,11840,15617,11850,15622,11761,15631,11862
1802,22625,11860,22650,11862,22897,11857,22722,11850,22635,11842,22643,11850,22651,11764,22659,11863
1803,31682,11859,31707,11863,31962,11859,31787,11848,31693,11842,31701,11849,31710,11765,31721,11864
1804,32767,11862,32767,11865,32767,11859,32767,11849,32767,11845,32767,11851,32767,11764,32767,11866
1805,32767,11864,32767,11871,32767,11868,32767,11855,32767,11848,32767,11855,32767,11773,32767,11871
1806,32767,11864,32767,11871,32767,11868,32767,11855,32767,11847,32767,11855,32767,11772,32767,11872
1807,27381,11861,27379,11869,27141,11866,27314,11857,27403,11847,27362,11855,27369,11770,27391,11869
1808,18716,11865,18716,11872,18545,11868,18668,11855,18733,11848,18703,11858,18710,11772,18724,11873
1809,14653,11862,14666,11866,14745,11862,14690,11851,14664,11847,14659,11852,14667,11766,14675,11870
1810,28233,11860,28255,11865,28517,11860,28336,11849,28239,11843,28248,11849,28259,11764,28269,11862
1811,32767,11861,32767,11865,32767,11863,32767,11852,32767,11844,32767,11848,32767,11766,32767,11864
1812,32767,11863,32767,11868,32767,11864,32767,11851,32767,11845,32767,11851,32767,11769,32767,11867
1813,32767,11865,32767,11871,32767,11868,32767,11856,32767,11845,32767,11855,32767,11770,32767,11873
1814,30957,11861,30956,11868,30720,11866,30891,11853,30980,11845,30937,11854,30946,11770,30966,11870
1815,21832,11864,21830,11870,21621,11868,21770,11856,21853,11848,21817,11858,21824,11773,21842,11872
1816,15261,11862,15270,11870,15232,11865,15258,11853,15278,11847,15260,11857,15269,11772,15277,11868
1817,16753,11862,16773,11865,16963,11861,16825,11848,16761,11843,16766,11851,16774,11767,16781,11865
1818,24613,11859,24635,11863,24898,11859,24715,11849,24622,11842,24633,11850,24640,11764,24649,11865
1819,32767,11863,32767,11866,32767,11860,32767,11849,32767,11844,32767,11851,32767,11764,32767,11866
1820,32767,11863,32767,11866,32767,11862,32767,11853,32767,11846,32767,11849,32767,11765,32767,11868
1821,32767,11864,32767,11869,32767,11863,32767,11854,32767,11848,32767,11855,32767,11769,32767,11870
1822,32767,11862,32767,11868,32767,11868,32767,11854,32767,11845,32767,11852,32767,11767,32767,11872
1823,17121,11866,17126,11871,16998,11868,17089,11857,17138,11848,17114,11858,17121,11771,17131,11874
1824,15073,11861,15088,11865,15222,11862,15129,11850,15083,11846,15085,11853,15090,11764,15097,11867
1825,21583,11861,21607,11866,21854,11859,21681,11847,21592,11844,21602,11852,21608,11764,21619,11865
1826,30632,11859,30655,11865,30916,11859,30736,11847,30643,11842,30649,11849,30658,11763,30672,11863
1827,32767,11859,32767,11863,32767,11860,32767,11848,32767,11845,32767,11850,32767,11762,32767,11865
1828,32767,11864,32767,11869,32767,11867,32767,11854,32767,11846,32767,11856,32767,11771,32767,11871
1829,32767,11864,32767,11873,32767,11869,32767,11855,32767,11848,32767,11858,32767,11772,32767,11876
1830,28234,11865,28234,11873,27995,11870,28169,11858,28259,11847,28217,11858,28225,11773,28244,11871
1831,19237,11862,19239,11871,19056,11868,19186,11856,19257,11848,19225,11857,19231,11770,19246,11871
1832,14605,11865,14617,11870,14672,11864,14633,11854,14615,11846,14610,11858,14615,11771,14625,11871
1833,18981,11862,19003,11866,19228,11860,19070,11850,18990,11844,18998,11850,19006,11764,19013,11865
1834,27750,11861,27776,11865,28040,11859,27856,11849,27762,11844,27770,11851,27780,11764,27790,11868
1835,32767,11861,32767,11866,32767,11861,32767,11850,32767,11846,32767,11851,32767,11765,32767,11866
1836,32767,11860,32767,11868,32767,11864,32767,11849,32767,11845,32767,11852,32767,11766,32767,11869
1837,32767,11862,32767,11871,32767,11866,32767,11856,32767,11845,32767,11855,32767,11772,32767,11870
1838,21475,11867,21472,11876,21262,11871,21415,11859,21495,11849,21458,11860,21466,11773,21481,11874
1839,15022,11863,15031,11870,15014,11865,15028,11853,15036,11845,15022,11856,15028,11769,15038,11870
1840,17247,11863,17267,11866,17468,11862,17327,11851,17256,11846,17264,11855,17268,11767,17276,11868
1841,25463,11862,25489,11866,25749,11859,25566,11848,25473,11842,25484,11853,25491,11764,25500,11867
1842,32767,11859,32767,11866,32767,11861,32767,11850,32767,11845,32767,11849,32767,11765,32767,11865
1843,32767,11859,32767,11864,32767,11861,32767,11849,32767,11844,32767,11847,32767,11765,32767,11865
1844,32767,11865,32767,11872,32767,11873,32767,11859,32767,11848,32767,11858,32767,11772,32767,11877
1845,32767,11862,32767,11869,32767,11868,32767,11855,32767,11845,32767,11855,32767,11770,32767,11870
1846,23822,11865,23822,11871,23594,11870,23760,11854,23844,11848,23803,11855,23813,11773,23832,11872
1847,16201,11861,16207,11869,16115,11864,16180,11854,16219,11845,16195,11855,16204,11770,16213,11870
1848,15656,11862,15675,11863,15833,11860,15723,11850,15667,11844,15672,11850,15677,11766,15685,11867
1849,22776,11861,22799,11865,23052,11859,22877,11849,22784,11843,22795,11848,22801,11764,22809,11864
1850,31926,11861,31949,11865,32205,11860,32030,11849,31938,11844,31942,11849,31954,11763,31964,11864
1851,32767,11860,32767,11866,32767,11859,32767,11849,32767,11842,32767,11849,32767,11762,32767,11864
1852,32767,11865,32767,11872,32767,11868,32767,11855,32767,11848,32767,11855,32767,11771,32767,11872
1853,32767,11866,32767,11873,32767,11872,32767,11857,32767,11849,32767,11858,32767,11773,32767,11875
1854,27099,11865,27099,11871,26861,11871,27033,11856,27125,11849,27080,11857,27091,11774,27111,11875
1855,18302,11864,18303,11872,18139,11869,18255,11856,18320,11849,18289,11860,18297,11773,18310,11874
1856,14706,11861,14720,11867,14809,11862,14747,11852,14716,11846,14711,11852,14720,11768,14726,11868
1857,28999,11862,29025,11866,29290,11860,29105,11847,29011,11843,29019,11850,29028,11764,29039,11865
1858,32767,11865,32767,11868,32767,11865,32767,11854,32767,11848,32767,11855,32767,11768,32767,11870
1859,32767,11858,32767,11864,32767,11863,32767,11850,32767,11843,32767,11849,32767,11766,32767,11866
1860,32767,11865,32767,11872,32767,11870,32767,11859,32767,11850,32767,11856,32767,11773,32767,11873
1861,29781,11865,29779,11870,29541,11869,29715,11856,29806,11848,29760,11857,29770,11772,29790,11872
1862,20625,11861,20624,11871,20424,11865,20568,11853,20646,11845,20609,11855,20618,11772,20632,11871
1863,14820,11862,14828,11869,14835,11868,14829,11854,14831,11848,14820,11858,14825,11772,14835,11871
1864,17749,11859,17770,11865,17979,11860,17831,11849,17760,11844,17765,11852,17773,11764,17782,11865
1865,26218,11863,26243,11866,26505,11859,26323,11850,26230,11847,26238,11852,26247,11764,26258,11866
1866,32767,11862,32767,11862,32767,11859,32767,11847,32767,11843,32767,11849,32767,11764,32767,11865
1867,32767,11865,32767,11868,32767,11864,32767,11853,32767,11847,32767,11852,32767,11768,32767,11871
1868,32767,11865,32767,11871,32767,11867,32767,11856,32767,11846,32767,11855,32767,11772,32767,11870
1869,32552,11861,32553,11868,32320,11864,32490,11852,32577,11842,32532,11849,32542,11769,32564,11869
1870,23433,11862,23433,11870,23207,11868,23369,11853,23455,11845,23414,11858,23424,11773,23441,11871
1871,15922,11861,15926,11867,15848,11863,15904,11850,15936,11845,15915,11854,15922,11768,15934,11868
1872,15952,11860,15971,11863,16138,11858,16021,11847,15960,11841,15965,11849,15970,11764,15980,11865
1873,23407,11862,23433,11864,23689,11861,23509,11850,23417,11845,23427,11852,23436,11767,23443,11867
1874,32647,11859,32674,11865,32767,11859,32749,11848,32659,11845,32664,11849,32675,11764,32689,11862
1875,32767,11859,32767,11864,32767,11860,32767,11847,32767,11842,32767,11847,32767,11762,32767,11864
1876,32767,11864,32767,11871,32767,11868,32767,11856,32767,11847,32767,11855,32767,11770,32767,11873
1877,32767,11865,32767,11872,32767,11869,32767,11857,32767,11847,32767,11858,32767,11773,32767,11874
1878,25642,11861,25639,11870,25405,11867,25575,11854,25661,11844,25624,11856,25632,11771,25651,11872
1879,17330,11868,17333,11875,17198,11872,17296,11859,17349,11852,17322,11858,17326,11775,17340,11874
1880,15032,11863,15047,11867,15172,11862,15084,11851,15041,11845,15043,11849,15047,11765,15056,11867
1881,21285,11862,21309,11867,21552,11862,21383,11852,21294,11845,21302,11852,21310,11766,21320,11865
1882,30426,11861,30449,11866,30708,11860,30528,11849,30437,11846,30443,11852,30452,11766,30464,11865
1883,32767,11859,32767,11865,32767,11862,32767,11850,32767,11843,32767,11848,32767,11765,32767,11868
1884,32767,11862,32767,11869,32767,11866,32767,11856,32767,11847,32767,11855,32767,11770,32767,11869
1885,32767,11861,32767,11868,32767,11867,32767,11855,32767,11843,32767,11854,32767,11768,32767,11868
1886,27995,11867,27992,11874,27757,11870,27927,11859,28018,11848,27975,11859,27984,11773,28004,11877
1887,18944,11863,18945,11867,18769,11865,18896,11854,18961,11843,18932,11856,18939,11770,18949,11868
1888,14607,11865,14620,11871,14688,11866,14642,11856,14618,11849,14613,11858,14618,11770,14628,11870
1889,19425,11858,19446,11863,19676,11857,19512,11847,19429,11842,19442,11849,19449,11761,19455,11864
1890,28550,11862,28576,11867,28839,11862,28655,11852,28562,11846,28572,11852,28579,11764,28591,11865
1891,32767,11859,32767,11861,32767,11858,32767,11848,32767,11841,32767,11849,32767,11761,32767,11862
1892,32767,11859,32767,11865,32767,11863,32767,11848,32767,11840,32767,11851,32767,11764,32767,11868
1893,32767,11862,32767,11872,32767,11870,32767,11856,32767,11846,32767,11855,32767,11770,32767,11871
1894,29977,11866,29976,11874,29739,11868,29912,11858,30001,11847,29960,11858,29968,11775,29991,11876
1895,20946,11865,20948,11871,20741,11868,20889,11856,20966,11846,20931,11857,20939,11773,20955,11874
1896,14860,11860,14870,11868,14866,11863,14869,11849,14875,11845,14862,11853,14867,11767,14876,11868
1897,17673,11862,17692,11866,17903,11860,17754,11849,17682,11845,17688,11850,17695,11765,17704,11865
1898,25986,11859,26009,11863,26269,11862,26086,11850,25993,11844,26005,11851,26010,11767,26022,11865
1899,32767,11861,32767,11866,32767,11862,32767,11853,32767,11845,32767,11852,32767,11765,32767,11866
1900,32767,11863,32767,11868,32767,11866,32767,11853,32767,11845,32767,11853,32767,11769,32767,11870
1901,32767,11858,32767,11866,32767,11862,32767,11851,32767,11843,32767,11849,32767,11766,32767,11869
1902,32650,11860,32650,11868,32419,11867,32589,11854,32675,11843,32633,11853,32643,11770,32662,11871
1903,23340,11861,23338,11868,23116,11864,23276,11854,23364,11842,23323,11855,23332,11767,23347,11867
1904,15769,11862,15773,11867,15700,11865,15754,11853,15783,11845,15765,11855,15766,11770,15779,11869
1905,16135,11859,16156,11863,16328,11857,16207,11847,16147,11840,16151,11849,16154,11762,16164,11862
1906,23743,11859,23770,11866,24026,11860,23847,11849,23754,11845,23762,11849,23772,11764,23781,11865
1907,32767,11857,32767,11862,32767,11857,32767,11847,32767,11841,32767,11849,32767,11763,32767,11865
1908,32767,11859,32767,11866,32767,11861,32767,11852,32767,11843,32767,11850,32767,11766,32767,11867
1909,32767,11864,32767,11870,32767,11869,32767,11853,32767,11848,32767,11856,32767,11771,32767,11871
1910,32767,11861,32767,11868,32767,11867,32767,11854,32767,11845,32767,11855,32767,11771,32767,11872
1911,25642,11860,25638,11868,25406,11865,25570,11853,25663,11845,25620,11852,25629,11770,25648,11868
1912,17279,11865,17280,11870,17145,11866,17243,11859,17297,11845,17270,11857,17274,11771,17289,11874
1913,15094,11860,15113,11863,15241,11862,15151,11848,15102,11844,15105,11851,15112,11766,15119,11866
1914,30731,11861,30754,11864,31014,11857,30834,11847,30742,11844,30748,11849,30758,11761,30771,11865
1915,32767,11859,32767,11863,32767,11858,32767,11847,32767,11839,32767,11847,32767,11761,32767,11865
1916,32767,11866,32767,11870,32767,11868,32767,11857,32767,11848,32767,11855,32767,11773,32767,11873
1917,32767,11868,32767,11877,32767,11875,32767,11863,32767,11851,32767,11861,32767,11778,32767,11876
1918,27594,11865,27591,11869,27355,11870,27525,11858,27616,11846,27573,11855,27583,11773,27603,11873
1919,18794,11864,18794,11872,18622,11865,18745,11854,18811,11848,18780,11856,18788,11771,18802,11870
1920,14613,11862,14628,11867,14697,11863,14648,11851,14624,11844,14621,11854,14627,11767,14636,11868
1921,19647,11859,19670,11863,19900,11857,19739,11847,19655,11843,19667,11849,19671,11763,19681,11864
1922,28585,11859,28610,11865,28874,11859,28691,11849,28597,11843,28604,11849,28616,11764,28626,11864
1923,32767,11859,32767,11862,32767,11857,32767,11847,32767,11840,32767,11848,32767,11761,32767,11862
1924,32767,11861,32767,11867,32767,11862,32767,11853,32767,11845,32767,11852,32767,11766,32767,11867
1925,32767,11862,32767,11870,32767,11869,32767,11857,32767,11845,32767,11856,32767,11771,32767,11873
1926,29961,11865,29957,11874,29717,11871,29892,11859,29983,11847,29940,11861,29946,11774,29969,11874
1927,20643,11866,20643,11871,20441,11870,20588,11859,20664,11850,20627,11861,20635,11771,20650,11872
1928,14797,11862,14808,11868,14819,11862,14811,11851,14809,11844,14801,11855,14805,11770,14816,11868
1929,26445,11859,26470,11863,26731,11861,26548,11849,26454,11841,26462,11850,26470,11761,26482,11865
1930,32767,11856,32767,11857,32767,11856,32767,11846,32767,11839,32767,11846,32767,11758,32767,11861
1931,32767,11860,32767,11866,32767,11864,32767,11851,32767,11845,32767,11852,32767,11766,32767,11867
1932,32767,11859,32767,11867,32767,11865,32767,11850,32767,11842,32767,11851,32767,11770,32767,11869
1933,32052,11860,32049,11867,31817,11865,31987,11853,32074,11842,32030,11854,32038,11768,32061,11870
1934,22798,11865,22796,11871,22574,11868,22734,11856,22820,11848,22780,11858,22788,11772,22805,11871
1935,16428,11861,16450,11866,16631,11862,16503,11851,16438,11844,16443,11854,16450,11766,16458,11865
1936,24197,11857,24220,11863,24479,11857,24299,11847,24206,11841,24217,11850,24225,11762,24234,11865
1937,32767,11862,32767,11866,32767,11860,32767,11850,32767,11844,32767,11849,32767,11765,32767,11865
1938,32767,11861,32767,11866,32767,11862,32767,11850,32767,11845,32767,11849,32767,11766,32767,11868
1939,32767,11864,32767,11871,32767,11868,32767,11856,32767,11849,32767,11854,32767,11771,32767,11872
1940,32767,11865,32767,11871,32767,11868,32767,11856,32767,11848,32767,11857,32767,11771,32767,11872
1941,24855,11867,24854,11875,24622,11872,24788,11858,24880,11851,24836,11858,24844,11775,24865,11875
1942,16802,11863,16802,11872,16687,11869,16771,11854,16816,11847,16793,11858,16798,11772,16812,11872
1943,15288,11862,15307,11866,15449,11862,15348,11851,15299,11845,15300,11852,15306,11764,15314,11867
1944,22016,11860,22039,11863,22287,11857,22114,11848,22024,11843,22035,11846,22042,11764,22051,11864
1945,31240,11861,31264,11863,31519,11859,31340,11850,31247,11844,31255,11848,31264,11764,31277,11865
1946,32767,11861,32767,11866,32767,11861,32767,11850,32767,11843,32767,11849,32767,11767,32767,11865
1947,32767,11860,32767,11865,32767,11864,32767,11850,32767,11845,32767,11849,32767,11767,32767,11867
1948,27133,11863,27131,11871,26894,11870,27066,11856,27158,11848,27113,11856,27122,11773,27142,11874
1949,18366,11862,18366,11871,18204,11868,18321,11853,18385,11846,18351,11855,18359,11770,18373,11871
1950,14701,11859,14716,11865,14814,11860,14745,11849,14710,11844,14709,11854,14717,11766,14723,11868
1951,20420,11858,20443,11865,20682,11859,20514,11848,20426,11842,20437,11849,20447,11761,20454,11863
1952,29538,11859,29563,11860,29825,11856,29642,11845,29550,11841,29557,11846,29567,11761,29579,11860
1953,32767,11857,32767,11863,32767,11859,32767,11848,32767,11839,32767,11848,32767,11764,32767,11863
1954,32767,11859,32767,11865,32767,11862,32767,11852,32767,11844,32767,11849,32767,11767,32767,11868
1955,32767,11860,32767,11866,32767,11866,32767,11853,32767,11843,32767,11852,32767,11770,32767,11868
1956,29301,11865,29299,11874,29064,11868,29236,11857,29324,11848,29282,11858,29291,11774,29310,11874
1957,20237,11865,20239,11871,20042,11867,20182,11855,20259,11845,20223,11858,20232,11772,20247,11871
1958,14707,11860,14718,11864,14744,11862,14724,11850,14721,11845,14710,11850,14715,11767,14726,11866
1959,18385,11860,18404,11866,18625,11860,18471,11851,18391,11844,18401,11850,18407,11767,18415,11867
1960,27161,11859,27185,11861,27447,11856,27266,11846,27170,11839,27179,11847,27188,11760,27199,11863
1961,32767,11863,32767,11867,32767,11862,32767,11850,32767,11845,32767,11851,32767,11767,32767,11865
1962,32767,11865,32767,11869,32767,11865,32767,11854,32767,11849,32767,11855,32767,11772,32767,11870
1963,32767,11859,32767,11866,32767,11864,32767,11853,32767,11845,32767,11852,32767,11767,32767,11871
1964,22060,11865,22060,11874,21844,11872,22000,11858,22080,11847,22041,11859,22051,11773,22068,11875
1965,15209,11862,15217,11868,15183,11865,15210,11853,15225,11848,15209,11855,15216,11770,15224,11871
1966,16960,11856,16980,11860,17175,11857,17037,11846,16967,11841,16976,11846,16984,11761,16989,11860
1967,24989,11859,25011,11861,25273,11856,25092,11845,24996,11841,25007,11846,25014,11764,25025,11862
1968,32767,11858,32767,11861,32767,11856,32767,11846,32767,11841,32767,11845,32767,11760,32767,11861
1969,32767,11860,32767,11865,32767,11862,32767,11850,32767,11844,32767,11850,32767,11767,32767,11865
1970,32767,11864,32767,11868,32767,11868,32767,11855,32767,11848,32767,11855,32767,11770,32767,11871
1971,32767,11865,32767,11873,32767,11872,32767,11855,32767,11846,32767,11858,32767,11769,32767,11872
1972,16285,11864,16287,11871,16192,11867,16262,11854,16300,11848,16276,11856,16283,11770,16297,11871
1973,15741,11862,15759,11866,15919,11861,15807,11850,15753,11845,15754,11853,15760,11766,15770,11862
1974,22941,11859,22966,11863,23216,11858,23038,11845,22949,11840,22958,11848,22965,11763,22975,11863
1975,32348,11861,32371,11865,32625,11860,32449,11849,32359,11842,32364,11850,32376,11764,32388,11865
1976,32767,11859,32767,11865,32767,11861,32767,11850,32767,11845,32767,11849,32767,11765,32767,11866
1977,32767,11864,32767,11871,32767,11865,32767,11855,32767,11849,32767,11855,32767,11772,32767,11873
1978,32767,11861,32767,11870,32767,11865,32767,11855,32767,11847,32767,11854,32767,11771,32767,11872
1979,25889,11865,25887,11872,25652,11869,25821,11856,25909,11849,25870,11858,25878,11772,25896,11874
1980,17408,11867,17411,11871,17273,11866,17372,11854,17424,11848,17397,11858,17405,11773,17417,11873
1981,14951,11862,14968,11867,15088,11862,15005,11851,14961,11843,14961,11852,14968,11767,14976,11867
1982,21431,11861,21455,11865,21700,11859,21529,11850,21441,11844,21450,11851,21459,11765,21466,11867
1983,30779,11858,30804,11862,31064,11857,30884,11845,30791,11839,30798,11845,30805,11761,30820,11862
1984,32767,11857,32767,11863,32767,11857,32767,11846,32767,11840,32767,11847,32767,11762,32767,11864
1985,32767,11859,32767,11868,32767,11863,32767,11853,32767,11845,32767,11849,32767,11768,32767,11868
1986,32767,11860,32767,11868,32767,11868,32767,11853,32767,11845,32767,11853,32767,11770,32767,11872
1987,27867,11859,27865,11869,27627,11866,27799,11855,27889,11845,27845,11855,27855,11767,27876,11871
1988,19002,11860,19001,11867,18825,11865,18950,11853,19019,11843,18986,11852,18995,11770,19007,11871
1989,14612,11859,14622,11864,14695,11860,14644,11850,14620,11842,14616,11849,14623,11764,14632,11865
1990,19432,11860,19451,11863,19679,11861,19520,11849,19438,11844,19449,11851,19455,11767,19463,11865
1991,28444,11860,28468,11866,28729,11859,28548,11849,28453,11844,28462,11850,28471,11764,28481,11863
1992,32767,11861,32767,11866,32767,11861,32767,11852,32767,11844,32767,11853,32767,11765,32767,11868
1993,32767,11860,32767,11865,32767,11862,32767,11851,32767,11844,32767,11852,32767,11767,32767,11868
1994,32767,11865,32767,11868,32767,11867,32767,11853,32767,11848,32767,11855,32767,11771,32767,11872
1995,29699,11865,29698,11872,29456,11868,29632,11857,29721,11845,29680,11858,29691,11773,29708,11874
1996,20458,11868,20456,11870,20257,11868,20401,11855,20475,11845,20442,11858,20448,11772,20464,11873
1997,14731,11859,14741,11863,14759,11860,14747,11850,14741,11844,14733,11851,14741,11766,14749,11865
1998,18135,11861,18158,11867,18369,11858,18220,11849,18145,11844,18151,11853,18161,11766,18169,11864
1999,26637,11861,26661,11866,26924,11861,26740,11853,26645,11847,26656,11855,26666,11767,26677,11869
2000,32767,11859,32767,11860,32767,11856,32767,11844,32767,11839,32767,11846,32767,11761,32767,11862
2001,32767,11862,32767,11869,32767,11863,32767,11854,32767,11848,32767,11852,32767,11769,32767,11871
2002,32767,11861,32767,11869,32767,11867,32767,11854,32767,11846,32767,11855,32767,11771,32767,11871
2003,22005,11863,22005,11873,21789,11868,21944,11857,22027,11850,21988,11859,21995,11774,22013,11871
2004,15279,11862,15287,11868,15243,11865,15276,11853,15295,11845,15277,11857,15285,11771,15295,11868
2005,16948,11856,16969,11863,17160,11858,17024,11847,16956,11841,16964,11846,16969,11763,16976,11863
2006,25125,11863,25149,11866,25410,11861,25225,11853,25133,11845,25145,11852,25152,11765,25159,11867
2007,32767,11860,32767,11866,32767,11862,32767,11849,32767,11846,32767,11851,32767,11765,32767,11866
2008,32767,11857,32767,11864,32767,11859,32767,11847,32767,11842,32767,11849,32767,11763,32767,11866
2009,32767,11862,32767,11871,32767,11868,32767,11856,32767,11846,32767,11854,32767,11771,32767,11871
2010,32767,11863,32767,11871,32767,11869,32767,11856,32767,11848,32767,11856,32767,11772,32767,11874
2011,23806,11865,23804,11872,23576,11867,23742,11858,23827,11848,23789,11858,23796,11772,23812,11875
2012,16147,11862,16156,11870,16061,11868,16125,11855,16163,11847,16142,11855,16148,11770,16162,11871
2013,15763,11859,15781,11864,15945,11859,15830,11847,15771,11842,15777,11849,15782,11764,15790,11867
2014,32513,11854,32538,11858,32767,11854,32615,11842,32526,11836,32531,11845,32540,11760,32553,11859
2015,32767,11860,32767,11865,32767,11862,32767,11851,32767,11844,32767,11849,32767,11767,32767,11865
2016,32767,11865,32767,11871,32767,11868,32767,11854,32767,11848,32767,11855,32767,11772,32767,11872
2017,32767,11865,32767,11871,32767,11868,32767,11856,32767,11848,32767,11856,32767,11771,32767,11874
2018,25784,11865,25782,11875,25549,11872,25721,11859,25805,11849,25764,11858,25774,11775,25792,11874
2019,17336,11862,17339,11871,17205,11868,17301,11855,17355,11847,17327,11858,17334,11773,17347,11870
2020,15032,11861,15050,11867,15175,11861,15086,11849,15043,11842,15045,11851,15050,11766,15056,11865
2021,21287,11863,21310,11868,21553,11861,21381,11850,21295,11845,21304,11853,21311,11765,21321,11866
2022,30505,11858,30531,11864,30792,11856,30611,11845,30516,11841,30523,11846,30535,11761,30545,11864
2023,32767,11862,32767,11864,32767,11860,32767,11849,32767,11844,32767,11850,32767,11765,32767,11865
2024,32767,11862,32767,11867,32767,11865,32767,11852,32767,11843,32767,11853,32767,11767,32767,11870
2025,32767,11863,32767,11870,32767,11867,32767,11855,32767,11846,32767,11852,32767,11772,32767,11871
2026,28182,11865,28183,11872,27946,11870,28116,11857,28205,11849,28164,11857,28173,11773,28192,11874
2027,19196,11866,19195,11873,19013,11868,19145,11854,19213,11848,19181,11858,19189,11774,19204,11873
2028,14607,11863,14621,11870,14680,11863,14638,11851,14618,11845,14613,11854,14618,11769,14627,11867
2029,19413,11862,19436,11866,19668,11859,19504,11850,19420,11845,19432,11852,19438,11766,19447,11865
2030,28312,11862,28338,11864,28604,11859,28416,11850,28323,11845,28332,11852,28342,11764,28351,11865
2031,32767,11864,32767,11868,32767,11862,32767,11851,32767,11847,32767,11852,32767,11768,32767,11868
2032,32767,11859,32767,11866,32767,11860,32767,11850,32767,11839,32767,11848,32767,11766,32767,11865
2033,32767,11864,32767,11872,32767,11871,32767,11859,32767,11848,32767,11857,32767,11773,32767,11872
2034,29890,11863,29891,11875,29655,11871,29825,11859,29915,11850,29869,11860,29882,11775,29902,11877
2035,20754,11865,20752,11872,20549,11871,20696,11856,20773,11849,20736,11859,20745,11774,20759,11872
2036,14831,11863,14841,11869,14848,11867,14844,11855,14844,11848,14834,11855,14838,11772,14850,11872
2037,17928,11863,17948,11868,18163,11862,18011,11852,17940,11847,17947,11853,17952,11768,17961,11869
2038,26549,11863,26574,11868,26834,11860,26653,11851,26559,11846,26570,11852,26577,11765,26589,11865
2039,32767,11861,32767,11864,32767,11858,32767,11849,32767,11843,32767,11849,32767,11764,32767,11864
2040,32767,11860,32767,11864,32767,11859,32767,11848,32767,11841,32767,11847,32767,11765,32767,11865
2041,32767,11863,32767,11871,32767,11868,32767,11856,32767,11846,32767,11853,32767,11771,32767,11872
2042,31495,11868,31493,11875,31261,11873,31430,11860,31518,11850,31476,11858,31487,11777,31504,11877
2043,15279,11864,15284,11869,15243,11867,15273,11854,15292,11848,15275,11855,15282,11771,15293,11871
2044,16844,11858,16861,11861,17053,11857,16917,11845,16851,11841,16855,11850,16862,11764,16871,11863
2045,32767,11857,32767,11863,32767,11858,32767,11845,32767,11840,32767,11847,32767,11760,32767,11862
2046,32767,11861,32767,11865,32767,11862,32767,11850,32767,11843,32767,11851,32767,11766,32767,11867
2047,32767,11864,32767,11868,32767,11864,32767,11854,32767,11845,32767,11854,32767,11772,32767,11870
2048,32767,11863,32767,11871,32767,11868,32767,11854,32767,11848,32767,11856,32767,11773,32767,11873
2049,23660,11863,23659,11871,23432,11868,23596,11856,23681,11845,23643,11855,23650,11773,23668,11872
2050,15970,11862,15975,11868,15891,11864,15953,11854,15985,11847,15961,11857,15970,11770,15981,11870
2051,15891,11863,15913,11867,16079,11864,15960,11852,15902,11846,15906,11855,15912,11769,15918,11869
2052,23315,11859,23338,11864,23596,11858,23417,11849,23324,11843,23335,11848,23342,11764,23351,11865
2053,32767,11860,32767,11863,32767,11858,32767,11849,32767,11842,32767,11848,32767,11762,32767,11865
2054,32767,11859,32767,11866,32767,11861,32767,11850,32767,11845,32767,11850,32767,11767,32767,11866
2055,32767,11862,32767,11868,32767,11865,32767,11853,32767,11843,32767,11850,32767,11766,32767,11869
2056,32767,11861,32767,11870,32767,11865,32767,11853,32767,11845,32767,11853,32767,11770,32767,11867
2057,17233,11858,17236,11866,17101,11862,17198,11849,17250,11843,17223,11851,17230,11769,17243,11865
2058,15031,11856,15044,11860,15170,11858,15085,11847,15041,11840,15041,11848,15047,11762,15055,11863
2059,21553,11855,21578,11860,21823,11857,21653,11846,21561,11840,21573,11847,21582,11761,21590,11860
2060,30951,11858,30979,11862,31237,11859,31056,11850,30963,11843,30973,11847,30978,11764,30995,11864
2061,32767,11859,32767,11863,32767,11861,32767,11848,32767,11841,32767,11850,32767,11764,32767,11865
2062,32767,11860,32767,11866,32767,11862,32767,11851,32767,11841,32767,11849,32767,11767,32767,11866
2063,32767,11857,32767,11865,32767,11865,32767,11849,32767,11841,32767,11849,32767,11767,32767,11866
2064,27186,11861,27185,11866,26947,11865,27119,11851,27208,11841,27166,11854,27175,11767,27193,11869
2065,18358,11861,18361,11871,18199,11868,18316,11855,18377,11845,18349,11854,18355,11770,18369,11870
2066,14680,11857,14693,11866,14787,11860,14721,11848,14690,11843,14688,11850,14695,11763,14703,11866
2067,29280,11859,29304,11864,29565,11859,29384,11849,29289,11844,29298,11851,29309,11763,29317,11865
2068,32767,11857,32767,11862,32767,11859,32767,11848,32767,11842,32767,11848,32767,11763,32767,11866
2069,32767,11856,32767,11863,32767,11860,32767,11848,32767,11840,32767,11849,32767,11763,32767,11865
2070,32767,11862,32767,11869,32767,11866,32767,11853,32767,11843,32767,11853,32767,11770,32767,11871
2071,28680,11865,28678,11871,28439,11869,28612,11856,28704,11848,28659,11858,28668,11775,28688,11872
2072,19485,11864,19487,11871,19301,11868,19434,11855,19505,11850,19472,11855,19479,11773,19493,11873
2073,14614,11858,14625,11867,14679,11861,14642,11852,14625,11845,14619,11854,14624,11766,14633,11868
2074,19165,11862,19187,11866,19412,11860,19254,11850,19172,11844,19182,11850,19191,11765,19195,11865
2075,28133,11856,28158,11860,28420,11855,28235,11847,28142,11842,28156,11846,28162,11760,28174,11862
2076,32767,11861,32767,11866,32767,11860,32767,11847,32767,11844,32767,11850,32767,11764,32767,11865
2077,32767,11858,32767,11865,32767,11861,32767,11850,32767,11842,32767,11847,32767,11766,32767,11866
2078,32767,11862,32767,11869,32767,11868,32767,11854,32767,11846,32767,11857,32767,11771,32767,11873
2079,29830,11867,29829,11874,29591,11872,29763,11861,29856,11851,29812,11860,29822,11775,29841,11876
2080,20608,11865,20608,11870,20407,11868,20551,11854,20630,11846,20593,11857,20602,11773,20618,11872
2081,14743,11858,14755,11864,14770,11859,14757,11848,14756,11842,14747,11850,14753,11764,14762,11865
2082,18100,11858,18123,11864,18335,11859,18186,11847,18109,11843,18119,11851,18126,11763,18133,11863
2083,26730,11859,26758,11862,27018,11856,26835,11845,26740,11840,26752,11849,26760,11761,26771,11864
2084,32767,11858,32767,11863,32767,11858,32767,11846,32767,11843,32767,11849,32767,11763,32767,11864
2085,32767,11859,32767,11862,32767,11861,32767,11847,32767,11842,32767,11849,32767,11764,32767,11862
2086,32767,11865,32767,11873,32767,11868,32767,11856,32767,11845,32767,11855,32767,11772,32767,11873
2087,31473,11864,31472,11871,31235,11867,31408,11854,31496,11846,31455,11856,31464,11771,31484,11871
2088,22194,11862,22192,11868,21977,11866,22133,11856,22213,11847,22176,11857,22186,11770,22200,11873
2089,15242,11862,15251,11871,15211,11867,15237,11856,15258,11848,15241,11858,15245,11773,15259,11874
2090,16884,11859,16901,11862,17093,11858,16959,11847,16891,11842,16897,11850,16904,11765,16911,11864
2091,25027,11860,25053,11865,25315,11857,25131,11847,25037,11844,25048,11848,25056,11764,25067,11863
2092,32767,11859,32767,11866,32767,11861,32767,11849,32767,11842,32767,11849,32767,11763,32767,11864
2093,32767,11863,32767,11866,32767,11862,32767,11852,32767,11844,32767,11850,32767,11767,32767,11866
2094,32767,11866,32767,11871,32767,11868,32767,11857,32767,11849,32767,11858,32767,11772,32767,11872
2095,32767,11860,32767,11868,32730,11866,32767,11854,32767,11845,32767,11854,32767,11770,32767,11871
2096,23652,11862,23647,11870,23421,11870,23587,11857,23671,11847,23631,11856,23642,11773,23657,11872
2097,16034,11865,16040,11871,15956,11867,16018,11857,16051,11845,16028,11856,16037,11770,16047,11870
2098,15912,11859,15929,11866,16096,11860,15978,11849,15921,11844,15927,11850,15931,11767,15937,11865
2099,23378,11863,23401,11868,23658,11860,23481,11850,23385,11844,23397,11853,23406,11766,23416,11868
2100,32767,11865,32767,11867,32767,11863,32767,11850,32767,11845,32767,11852,32767,11766,32767,11869
2101,32767,11860,32767,11863,32767,11862,32767,11849,32767,11843,32767,11849,32767,11765,32767,11865
2102,32767,11860,32767,11869,32767,11864,32767,11850,32767,11845,32767,11851,32767,11770,32767,11868
2103,32767,11862,32767,11869,32767,11865,32767,11853,32767,11846,32767,11855,32767,11770,32767,11871
2104,25383,11865,25382,11871,25144,11868,25314,11856,25405,11845,25365,11858,25374,11775,25391,11874
2105,15222,11862,15236,11867,15375,11863,15276,11851,15229,11845,15230,11853,15237,11765,15244,11866
2106,22037,11864,22061,11867,22311,11863,22135,11850,22045,11845,22057,11852,22064,11767,22073,11868
2107,31181,11857,31205,11862,31464,11856,31286,11845,31194,11838,31201,11846,31206,11760,31222,11860
2108,32767,11862,32767,11868,32767,11861,32767,11852,32767,11845,32767,11849,32767,11765,32767,11865
2109,32767,11862,32767,11868,32767,11865,32767,11855,32767,11846,32767,11852,32767,11769,32767,11869
2110,32767,11863,32767,11870,32767,11868,32767,11856,32767,11847,32767,11855,32767,11770,32767,11873
2111,26719,11861,26717,11867,26483,11866,26650,11854,26739,11845,26697,11852,26709,11771,26727,11868
2112,18085,11862,18088,11869,17927,11865,18041,11853,18103,11845,18074,11853,18079,11770,18092,11872
2113,14794,11854,14808,11860,14911,11856,14839,11845,14803,11837,14805,11847,14808,11761,14817,11861
2114,20703,11857,20726,11862,20966,11856,20797,11845,20711,11839,20722,11848,20731,11761,20737,11859
2115,29965,11863,29990,11866,30252,11861,30069,11850,29975,11843,29984,11849,29992,11766,30002,11866
2116,32767,11858,32767,11863,32767,11856,32767,11846,32767,11843,32767,11849,32767,11764,32767,11865
2117,32767,11861,32767,11869,32767,11867,32767,11851,32767,11845,32767,11852,32767,11768,32767,11869
2118,32767,11862,32767,11869,32767,11868,32767,11854,32767,11847,32767,11857,32767,11770,32767,11873
2119,28055,11861,28052,11871,27818,11866,27987,11856,28075,11846,28034,11855,28044,11772,28064,11873
2120,19053,11861,19056,11868,18879,11863,19003,11853,19074,11842,19040,11852,19050,11770,19063,11868
2121,14630,11864,14641,11869,14711,11865,14662,11853,14641,11848,14637,11855,14642,11770,14652,11870
2122,19575,11861,19600,11863,19831,11858,19668,11849,19585,11843,19596,11849,19601,11760,19610,11864
2123,28679,11859,28705,11865,28969,11859,28785,11847,28690,11843,28700,11848,28708,11763,28717,11865
2124,32767,11864,32767,11870,32767,11864,32767,11853,32767,11846,32767,11852,32767,11770,32767,11871
2125,32767,11866,32767,11874,32767,11870,32767,11856,32767,11848,32767,11856,32767,11774,32767,11871
2126,29322,11863,29321,11873,29086,11870,29256,11858,29346,11848,29304,11856,29314,11773,29332,11873
2127,20106,11862,20104,11871,19909,11868,20051,11856,20124,11847,20089,11855,20099,11770,20112,11871
2128,18513,11862,18536,11867,18756,11862,18599,11853,18524,11845,18530,11853,18539,11764,18545,11867
2129,27228,11862,27255,11864,27520,11860,27334,11849,27240,11845,27249,11850,27260,11764,27270,11867
2130,32767,11862,32767,11868,32767,11864,32767,11853,32767,11846,32767,11852,32767,11767,32767,11866
2131,32767,11859,32767,11866,32767,11865,32767,11850,32767,11845,32767,11849,32767,11767,32767,11865
2132,32767,11862,32767,11867,32767,11865,32767,11855,32767,11842,32767,11853,32767,11770,32767,11869
2133,30710,11865,30712,11873,30476,11870,30645,11858,30736,11847,30690,11859,30701,11772,30722,11874
2134,21416,11862,21417,11869,21205,11869,21356,11856,21435,11845,21400,11855,21407,11773,21425,11873
2135,14907,11861,14918,11868,14911,11865,14918,11853,14924,11848,14910,11855,14916,11770,14926,11868
2136,17617,11861,17642,11863,17845,11859,17700,11847,17626,11843,17635,11849,17642,11766,17649,11865
2137,26020,11861,26046,11866,26304,11858,26125,11849,26032,11845,26040,11849,26049,11765,26060,11866
2138,32767,11859,32767,11863,32767,11860,32767,11847,32767,11843,32767,11849,32767,11764,32767,11865
2139,32767,11857,32767,11865,32767,11861,32767,11847,32767,11842,32767,11847,32767,11764,32767,11862
2140,32767,11862,32767,11868,32767,11866,32767,11855,32767,11847,32767,11855,32767,11771,32767,11871
2141,31792,11859,31790,11869,31557,11864,31727,11853,31814,11843,31772,11850,31782,11770,31803,11868
2142,22374,11861,22374,11868,22155,11864,22313,11853,22395,11843,22356,11854,22366,11769,22382,11868
2143,15291,11861,15299,11866,15255,11862,15286,11852,15306,11843,15289,11854,15296,11767,15305,11867
2144,16916,11857,16935,11865,17129,11857,16993,11847,16924,11842,16932,11849,16937,11761,16946,11863
2145,25085,11861,25107,11863,25367,11858,25186,11848,25093,11843,25103,11850,25111,11764,25123,11861
2146,32767,11860,32767,11863,32767,11858,32767,11847,32767,11840,32767,11846,32767,11762,32767,11863
2147,32767,11859,32767,11867,32767,11864,32767,11851,32767,11845,32767,11851,32767,11768,32767,11868
2148,32767,11862,32767,11871,32767,11867,32767,11853,32767,11845,32767,11854,32767,11772,32767,11868
2149,23678,11864,23676,11871,23448,11868,23612,11853,23697,11847,23661,11857,23667,11773,23684,11873
2150,15865,11862,15870,11866,15793,11862,15849,11850,15880,11842,15858,11853,15865,11767,15876,11867
2151,16195,11859,16215,11863,16387,11857,16265,11848,16204,11842,16210,11849,16216,11764,16223,11863
2152,32767,11858,32767,11863,32767,11856,32767,11847,32767,11841,32767,11848,32767,11762,32767,11862
2153,32767,11859,32767,11864,32767,11860,32767,11849,32767,11842,32767,11849,32767,11763,32767,11865
2154,32767,11862,32767,11866,32767,11866,32767,11855,32767,11843,32767,11853,32767,11769,32767,11870
2155,32767,11861,32767,11867,32767,11868,32767,11855,32767,11843,32767,11854,32767,11771,32767,11868
2156,24721,11863,24718,11871,24486,11869,24655,11855,24742,11847,24703,11852,24710,11773,24725,11873
2157,16589,11862,16592,11869,16485,11866,16564,11855,16604,11845,16581,11854,16588,11771,16600,11868
2158,22747,11857,22770,11860,23022,11855,22848,11846,22755,11839,22767,11846,22775,11761,22782,11862
2159,32116,11857,32143,11862,32397,11857,32222,11846,32128,11842,32135,11847,32145,11761,32157,11863
2160,32767,11861,32767,11863,32767,11859,32767,11849,32767,11844,32767,11849,32767,11764,32767,11863
2161,32767,11859,32767,11863,32767,11860,32767,11851,32767,11842,32767,11849,32767,11764,32767,11865
2162,32767,11861,32767,11868,32767,11865,32767,11851,32767,11845,32767,11852,32767,11770,32767,11868
2163,25720,11862,25718,11868,25488,11863,25655,11852,25743,11842,25702,11854,25713,11770,25729,11868
2164,17125,11861,17127,11866,16996,11865,17090,11852,17143,11845,17116,11854,17121,11770,17136,11868
2165,15113,11862,15134,11866,15267,11860,15173,11848,15124,11842,15124,11851,15131,11767,15140,11865
2166,21655,11859,21679,11861,21925,11856,21750,11847,21664,11843,21673,11850,21681,11764,21691,11863
2167,30970,11859,30994,11861,31254,11856,31074,11847,30979,11842,30987,11849,30997,11764,31010,11862
2168,32767,11858,32767,11863,32767,11858,32767,11849,32767,11843,32767,11848,32767,11763,32767,11864
2169,32767,11863,32767,11871,32767,11867,32767,11853,32767,11848,32767,11854,32767,11770,32767,11871
2170,32767,11859,32767,11868,32767,11866,32767,11852,32767,11844,32767,11853,32767,11767,32767,11868
2171,27199,11864,27198,11872,26961,11870,27133,11856,27223,11850,27180,11858,27189,11775,27208,11873
2172,18392,11865,18394,11872,18228,11870,18349,11857,18411,11848,18380,11859,18386,11772,18399,11873
2173,14711,11863,14726,11870,14820,11866,14755,11853,14724,11847,14722,11855,14725,11770,14735,11871
2174,20363,11865,20384,11868,20620,11860,20457,11852,20371,11843,20380,11853,20390,11768,20398,11869
2175,29546,11859,29571,11863,29836,11859,29650,11847,29556,11841,29566,11848,29573,11763,29585,11863
2176,32767,11865,32767,11870,32767,11865,32767,11853,32767,11848,32767,11852,32767,11769,32767,11871
2177,32767,11865,32767,11871,32767,11868,32767,11858,32767,11851,32767,11856,32767,11773,32767,11874
2178,32767,11865,32767,11870,32767,11868,32767,11856,32767,11845,32767,11855,32767,11770,32767,11873
2179,28319,11866,28317,11871,28080,11868,28252,11857,28341,11847,28297,11856,28312,11771,28329,11872
2180,19216,11863,19215,11871,19035,11865,19163,11856,19235,11845,19200,11856,19210,11772,19222,11870
2181,14618,11864,14632,11868,14697,11865,14653,11854,14629,11848,14624,11855,14631,11770,14637,11871
2182,19553,11861,19573,11866,19805,11859,19643,11849,19559,11845,19571,11850,19577,11767,19587,11868
2183,28711,11860,28735,11863,28998,11860,28816,11847,28722,11844,28731,11849,28738,11767,28751,11865
2184,32767,11859,32767,11863,32767,11860,32767,11850,32767,11842,32767,11849,32767,11766,32767,11865
2185,32767,11865,32767,11874,32767,11870,32767,11860,32767,11850,32767,11858,32767,11773,32767,11874
2186,29341,11867,29339,11874,29103,11873,29275,11859,29363,11846,29321,11860,29329,11775,29349,11874
2187,19940,11863,19939,11870,19748,11868,19888,11854,19959,11846,19926,11856,19933,11773,19948,11871
2188,14647,11866,14657,11871,14689,11867,14668,11853,14658,11849,14651,11857,14655,11772,14665,11871
2189,18650,11859,18669,11864,18894,11858,18736,11850,18658,11841,18666,11850,18672,11764,18679,11863
2190,27525,11862,27548,11866,27813,11864,27631,11853,27533,11845,27545,11852,27553,11767,27563,11865
2191,32767,11858,32767,11862,32767,11855,32767,11846,32767,11841,32767,11846,32767,11763,32767,11863
2192,32767,11857,32767,11865,32767,11862,32767,11849,32767,11842,32767,11849,32767,11764,32767,11866
2193,32767,11865,32767,11871,32767,11869,32767,11856,32767,11848,32767,11857,32767,11773,32767,11874
2194,30244,11865,30241,11871,30008,11870,30175,11856,30266,11846,30225,11855,30233,11770,30255,11871
2195,20988,11864,20988,11871,20780,11868,20929,11853,21009,11845,20970,11857,20981,11773,20995,11873
2196,14889,11865,14897,11869,14894,11866,14898,11853,14899,11849,14887,11857,14894,11773,14904,11874
2197,17872,11859,17894,11864,18105,11859,17958,11849,17881,11843,17888,11850,17896,11764,17903,11865
2198,26761,11856,26786,11864,27047,11857,26865,11848,26772,11845,26782,11847,26788,11764,26799,11865
2199,32767,11862,32767,11864,32767,11860,32767,11853,32767,11845,32767,11850,32767,11766,32767,11867
2200,32767,11864,32767,11870,32767,11863,32767,11851,32767,11845,32767,11850,32767,11768,32767,11868
2201,32767,11859,32767,11868,32767,11865,32767,11850,32767,11843,32767,11851,32767,11767,32767,11868
2202,31052,11861,31050,11871,30816,11868,30986,11856,31075,11846,31032,11855,31040,11772,31061,11870
2203,15005,11861,15013,11866,14996,11864,15008,11851,15017,11847,15006,11852,15011,11770,15021,11868
2204,17360,11862,17381,11866,17581,11860,17439,11850,17368,11845,17378,11850,17379,11767,17389,11865
2205,25961,11858,25984,11863,26245,11856,26063,11848,25968,11842,25979,11847,25987,11764,25997,11863
2206,32767,11859,32767,11863,32767,11858,32767,11846,32767,11840,32767,11848,32767,11763,32767,11862
2207,32767,11860,32767,11868,32767,11862,32767,11849,32767,11845,32767,11852,32767,11767,32767,11867
2208,32767,11862,32767,11871,32767,11867,32767,11855,32767,11845,32767,11855,32767,11771,32767,11871
2209,31743,11860,31745,11869,31511,11866,31680,11856,31769,11846,31723,11854,31736,11772,31755,11870
2210,22282,11862,22282,11871,22064,11866,22221,11854,22303,11845,22266,11854,22273,11771,22291,11869
2211,15253,11866,15261,11870,15221,11867,15250,11853,15265,11848,15250,11858,15260,11772,15268,11872
2212,17050,11863,17072,11866,17267,11860,17131,11850,17060,11844,17068,11851,17074,11767,17080,11867
2213,25329,11863,25355,11866,25616,11860,25432,11851,25340,11844,25352,11851,25357,11766,25368,11866
2214,32767,11863,32767,11866,32767,11861,32767,11848,32767,11845,32767,11849,32767,11764,32767,11864
2215,32767,11862,32767,11868,32767,11862,32767,11852,32767,11846,32767,11852,32767,11768,32767,11868
2216,32767,11864,32767,11872,32767,11866,32767,11854,32767,11848,32767,11855,32767,11773,32767,11872
2217,32292,11862,32293,11870,32061,11868,32233,11856,32318,11845,32275,11855,32283,11773,32305,11871
2218,23053,11865,23051,11874,22828,11870,22990,11856,23076,11848,23035,11858,23043,11775,23060,11874
2219,15648,11862,15653,11868,15588,11865,15634,11853,15661,11846,15643,11854,15649,11770,15660,11869
2220,16375,11862,16395,11866,16575,11863,16448,11852,16381,11845,16389,11852,16395,11766,16403,11868
2221,24502,11859,24528,11864,24784,11859,24607,11847,24512,11844,24523,11848,24529,11766,24538,11864
2222,32767,11864,32767,11867,32767,11862,32767,11851,32767,11845,32767,11851,32767,11765,32767,11867
2223,32767,11865,32767,11866,32767,11863,32767,11852,32767,11844,32767,11852,32767,11768,32767,11868
2224,32767,11862,32767,11866,32767,11865,32767,11855,32767,11844,32767,11853,32767,11771,32767,11869
2225,32767,11867,32767,11874,32767,11870,32767,11859,32767,11848,32767,11858,32767,11774,32767,11874
2226,23878,11864,23875,11871,23646,11871,23816,11856,23900,11846,23859,11857,23866,11773,23886,11873
2227,16054,11862,16058,11869,15972,11862,16033,11852,16073,11845,16049,11854,16054,11769,16065,11868
2228,23816,11856,23839,11863,24096,11856,23918,11844,23824,11839,23833,11847,23842,11762,23853,11860
2229,32767,11859,32767,11863,32767,11856,32767,11847,32767,11839,32767,11847,32767,11764,32767,11861
2230,32767,11859,32767,11864,32767,11861,32767,11847,32767,11842,32767,11847,32767,11763,32767,11863
2231,32767,11859,32767,11865,32767,11864,32767,11853,32767,11844,32767,11852,32767,11770,32767,11867
2232,32767,11862,32767,11873,32767,11870,32767,11856,32767,11848,32767,11858,32767,11772,32767,11872
2233,24203,11865,24203,11872,23976,11871,24141,11857,24225,11848,24186,11856,24196,11774,24211,11874
2234,16219,11862,16226,11871,16128,11868,16197,11856,16237,11846,16212,11857,16220,11773,16233,11874
2235,15868,11857,15888,11865,16050,11859,15935,11849,15877,11842,15881,11850,15886,11763,15894,11863
2236,23447,11859,23471,11864,23730,11858,23550,11848,23459,11844,23470,11851,23478,11765,23486,11865
2237,32767,11862,32767,11866,32767,11859,32767,11850,32767,11845,32767,11849,32767,11766,32767,11865
2238,32767,11861,32767,11866,32767,11862,32767,11852,32767,11843,32767,11848,32767,11766,32767,11866
2239,32767,11862,32767,11871,32767,11868,32767,11854,32767,11847,32767,11856,32767,11772,32767,11869
2240,32767,11859,32767,11870,32767,11868,32767,11856,32767,11845,32767,11855,32767,11772,32767,11871
2241,24430,11865,24429,11873,24196,11868,24365,11856,24450,11848,24413,11855,24422,11775,24437,11874
2242,16399,11863,16400,11869,16298,11867,16374,11855,16416,11845,16391,11857,16396,11773,16409,11871
2243,15633,11858,15651,11863,15807,11857,15698,11845,15643,11839,15646,11849,15653,11763,15661,11864
2244,22914,11859,22940,11860,23192,11858,23017,11847,22925,11840,22936,11848,22943,11761,22953,11862
2245,32475,11862,32500,11866,32750,11861,32576,11852,32488,11845,32490,11850,32499,11767,32515,11866
2246,32767,11858,32767,11864,32767,11859,32767,11848,32767,11842,32767,11849,32767,11764,32767,11863
2247,32767,11865,32767,11871,32767,11871,32767,11856,32767,11845,32767,11856,32767,11773,32767,11874
2248,25198,11862,25196,11869,24961,11867,25132,11854,25221,11844,25178,11855,25188,11773,25204,11871
2249,16738,11864,16740,11870,16620,11865,16706,11855,16753,11848,16727,11859,16736,11771,16749,11871
2250,15327,11860,15344,11864,15493,11860,15388,11850,15337,11845,15341,11852,15347,11767,15354,11866
2251,22175,11857,22198,11863,22449,11859,22274,11847,22185,11842,22195,11849,22202,11762,22212,11862
2252,31676,11859,31701,11861,31958,11857,31781,11847,31687,11840,31694,11847,31705,11763,31714,11863
2253,32767,11859,32767,11863,32767,11859,32767,11848,32767,11843,32767,11849,32767,11764,32767,11863
2254,32767,11849,32767,11857,32767,11854,32767,11842,32767,11833,32767,11840,32767,11760,32767,11858
2255,32767,11864,32767,11871,32767,11869,32767,11856,32767,11846,32767,11856,32767,11772,32767,11874
2256,26150,11864,26145,11870,25914,11867,26082,11856,26170,11846,26129,11856,26140,11770,26156,11871
2257,17458,11859,17459,11868,17318,11865,17421,11852,17476,11843,17448,11856,17453,11770,17466,11868
2258,15015,11861,15031,11863,15159,11861,15069,11850,15024,11844,15026,11852,15031,11765,15038,11867
2259,21685,11861,21707,11867,21953,11864,21783,11852,21692,11845,21704,11852,21708,11767,21716,11868
2260,31179,11862,31207,11866,31465,11859,31284,11850,31191,11847,31199,11850,31208,11767,31222,11868
2261,32767,11859,32767,11864,32767,11861,32767,11850,32767,11841,32767,11848,32767,11764,32767,11865
2262,32767,11861,32767,11868,32767,11865,32767,11856,32767,11846,32767,11853,32767,11770,32767,11868
2263,32767,11865,32767,11873,32767,11871,32767,11856,32767,11848,32767,11858,32767,11773,32767,11874
2264,26331,11863,26330,11871,26096,11868,26265,11856,26355,11847,26312,11856,26322,11773,26340,11872
2265,17637,11863,17637,11869,17494,11867,17597,11853,17654,11845,17626,11855,17633,11772,17646,11871
2266,14920,11861,14935,11866,15055,11859,14968,11851,14931,11842,14930,11851,14938,11766,14944,11867
2267,21259,11862,21279,11866,21524,11859,21353,11850,21266,11845,21277,11852,21283,11766,21290,11865
2268,30620,11858,30646,11861,30903,11856,30725,11847,30631,11842,30638,11849,30649,11764,30658,11863
2269,32767,11861,32767,11866,32767,11861,32767,11850,32767,11843,32767,11850,32767,11766,32767,11867
2270,32767,11863,32767,11866,32767,11863,32767,11852,32767,11845,32767,11852,32767,11768,32767,11868
2271,27266,11865,27267,11873,27029,11868,27199,11858,27290,11846,27248,11856,27258,11774,27276,11873
2272,18296,11864,18298,11871,18136,11868,18255,11854,18315,11848,18283,11858,18291,11771,18303,11871
2273,14694,11861,14705,11866,14802,11860,14736,11848,14705,11841,14700,11852,14707,11767,14716,11865
2274,20481,11856,20505,11860,20745,11856,20577,11844,20489,11841,20502,11847,20508,11761,20515,11859
2275,29704,11858,29732,11861,29995,11857,29811,11847,29716,11842,29725,11848,29733,11764,29745,11862
2276,32767,11861,32767,11865,32767,11862,32767,11852,32767,11842,32767,11849,32767,11765,32767,11865
2277,32767,11862,32767,11868,32767,11867,32767,11854,32767,11845,32767,11852,32767,11767,32767,11870
2278,32767,11860,32767,11869,32767,11864,32767,11853,32767,11845,32767,11855,32767,11769,32767,11871
2279,27946,11862,27944,11869,27705,11868,27877,11856,27971,11843,27925,11856,27935,11771,27952,11871
2280,18877,11860,18880,11868,18706,11868,18831,11853,18898,11846,18863,11858,18872,11770,18887,11871
2281,14634,11862,14647,11867,14735,11863,14672,11850,14643,11847,14642,11855,14648,11769,14656,11868
2282,20077,11862,20101,11864,20338,11861,20173,11851,20088,11845,20098,11853,20102,11765,20112,11868
2283,29461,11861,29488,11865,29749,11860,29569,11849,29473,11843,29480,11848,29491,11765,29501,11865
2284,32767,11861,32767,11865,32767,11863,32767,11852,32767,11844,32767,11852,32767,11767,32767,11865
2285,32767,11864,32767,11867,32767,11865,32767,11852,32767,11845,32767,11851,32767,11769,32767,11870
2286,32767,11867,32767,11872,32767,11869,32767,11857,32767,11848,32767,11858,32767,11773,32767,11873
2287,18888,11863,18888,11871,18714,11867,18838,11855,18907,11847,18875,11856,18880,11770,18897,11871
2288,14655,11859,14666,11866,14748,11862,14691,11847,14664,11845,14661,11849,14665,11766,14674,11865
2289,19980,11856,20002,11864,20236,11858,20073,11847,19987,11841,19998,11849,20007,11763,20012,11862
2290,29094,11859,29120,11862,29383,11857,29199,11846,29105,11842,29114,11847,29123,11761,29133,11860
2291,32767,11859,32767,11866,32767,11860,32767,11847,32767,11843,32767,11849,32767,11765,32767,11865
2292,32767,11859,32767,11866,32767,11862,32767,11847,32767,11842,32767,11849,32767,11767,32767,11865
