dataset,class,group,trial_id,selected_frame_index,stability_score,pc1,pc2
tactile,15ml,tactile_15ml,C:\Users\FangYuxuan\Saved Games\Upper_VET6USB\Workspace\C_model_training\tactile\idw4\15ml\VET6_8chips_raw_stream_20260525_231826.csv,12,22.957520,-2.806602,-0.266872
tactile,15ml,tactile_15ml,C:\Users\FangYuxuan\Saved Games\Upper_VET6USB\Workspace\C_model_training\tactile\idw4\15ml\VET6_8chips_raw_stream_20260525_231828.csv,12,22.721842,-2.807787,-0.261054
tactile,15ml,tactile_15ml,C:\Users\FangYuxuan\Saved Games\Upper_VET6USB\Workspace\C_model_training\tactile\idw4\15ml\VET6_8chips_raw_stream_20260525_231829.csv,12,23.650194,-2.762676,-0.334702
tactile,15ml,tactile_15ml,C:\Users\FangYuxuan\Saved Games\Upper_VET6USB\Workspace\C_model_training\tactile\idw4\15ml\VET6_8chips_raw_stream_20260525_231831.csv,12,23.788124,-2.761416,-0.332450
tactile,15ml,tactile_15ml,C:\Users\FangYuxuan\Saved Games\Upper_VET6USB\Workspace\C_model_training\tactile\idw4\15ml\VET6_8chips_raw_stream_20260525_231832.csv,18,19.912132,-2.595001,-0.570598
tactile,15ml,tactile_15ml,C:\Users\FangYuxuan\Saved Games\Upper_VET6USB\Workspace\C_model_training\tactile\idw4\15ml\VET6_8chips_raw_stream_20260525_231833.csv,10,23.462006,-2.598993,-0.581214
tactile,15ml,tactile_15ml,C:\Users\FangYuxuan\Saved Games\Upper_VET6USB\Workspace\C_model_training\tactile\idw4\15ml\VET6_8chips_raw_stream_20260525_231834.csv,1,24.316360,-2.599535,-0.580177
tactile,15ml,tactile_15ml,C:\Users\FangYuxuan\Saved Games\Upper_VET6USB\Workspace\C_model_training\tactile\idw4\15ml\VET6_8chips_raw_stream_20260525_231836.csv,19,23.250292,-2.604049,-0.591204
tactile,15ml,tactile_15ml,C:\Users\FangYuxuan\Saved Games\Upper_VET6USB\Workspace\C_model_training\tactile\idw4\15ml\VET6_8chips_raw_stream_20260525_231837.csv,12,23.873430,-2.611149,-0.609051
tactile,15ml,tactile_15ml,C:\Users\FangYuxuan\Saved Games\Upper_VET6USB\Workspace\C_model_training\tactile\idw4\15ml\VET6_8chips_raw_stream_20260525_231838.csv,18,24.439125,-2.637090,-0.675066
tactile,15ml,tactile_15ml,C:\Users\FangYuxuan\Saved Games\Upper_VET6USB\Workspace\C_model_training\tactile\idw4\15ml\VET6_8chips_raw_stream_20260525_231839.csv,4,24.042707,-2.638718,-0.677391
tactile,15ml,tactile_15ml,C:\Users\FangYuxuan\Saved Games\Upper_VET6USB\Workspace\C_model_training\tactile\idw4\15ml\VET6_8chips_raw_stream_20260525_231841.csv,1,23.153891,-2.643521,-0.687852
tactile,15ml,tactile_15ml,C:\Users\FangYuxuan\Saved Games\Upper_VET6USB\Workspace\C_model_training\tactile\idw4\15ml\VET6_8chips_raw_stream_20260525_231842.csv,0,23.255709,-2.645441,-0.690926
tactile,15ml,tactile_15ml,C:\Users\FangYuxuan\Saved Games\Upper_VET6USB\Workspace\C_model_training\tactile\idw4\15ml\VET6_8chips_raw_stream_20260525_231843.csv,19,22.120289,-2.645934,-0.692614
tactile,15ml,tactile_15ml,C:\Users\FangYuxuan\Saved Games\Upper_VET6USB\Workspace\C_model_training\tactile\idw4\15ml\VET6_8chips_raw_stream_20260525_231845.csv,19,23.728132,-2.649558,-0.699954
tactile,15ml,tactile_15ml,C:\Users\FangYuxuan\Saved Games\Upper_VET6USB\Workspace\C_model_training\tactile\idw4\15ml\VET6_8chips_raw_stream_20260525_231851.csv,4,23.739916,-1.839481,0.248025
tactile,15ml,tactile_15ml,C:\Users\FangYuxuan\Saved Games\Upper_VET6USB\Workspace\C_model_training\tactile\idw4\15ml\VET6_8chips_raw_stream_20260525_231852.csv,2,23.802780,-1.910416,-0.414536
tactile,15ml,tactile_15ml,C:\Users\FangYuxuan\Saved Games\Upper_VET6USB\Workspace\C_model_training\tactile\idw4\15ml\VET6_8chips_raw_stream_20260525_231854.csv,9,23.508778,-1.893057,-0.115444
tactile,15ml,tactile_15ml,C:\Users\FangYuxuan\Saved Games\Upper_VET6USB\Workspace\C_model_training\tactile\idw4\15ml\VET6_8chips_raw_stream_20260525_231855.csv,15,23.387049,-1.772149,0.306686
tactile,15ml,tactile_15ml,C:\Users\FangYuxuan\Saved Games\Upper_VET6USB\Workspace\C_model_training\tactile\idw4\15ml\VET6_8chips_raw_stream_20260525_231856.csv,7,23.991674,-1.771496,0.312725
tactile,15ml,tactile_15ml,C:\Users\FangYuxuan\Saved Games\Upper_VET6USB\Workspace\C_model_training\tactile\idw4\15ml\VET6_8chips_raw_stream_20260525_231858.csv,12,23.307930,-1.813113,0.251080
tactile,15ml,tactile_15ml,C:\Users\FangYuxuan\Saved Games\Upper_VET6USB\Workspace\C_model_training\tactile\idw4\15ml\VET6_8chips_raw_stream_20260525_231900.csv,12,22.301422,-1.813509,0.257432
tactile,15ml,tactile_15ml,C:\Users\FangYuxuan\Saved Games\Upper_VET6USB\Workspace\C_model_training\tactile\idw4\15ml\VET6_8chips_raw_stream_20260525_231901.csv,17,23.865021,-1.815238,0.252490
tactile,15ml,tactile_15ml,C:\Users\FangYuxuan\Saved Games\Upper_VET6USB\Workspace\C_model_training\tactile\idw4\15ml\VET6_8chips_raw_stream_20260525_231902.csv,9,23.796188,-1.787380,0.276201
tactile,15ml,tactile_15ml,C:\Users\FangYuxuan\Saved Games\Upper_VET6USB\Workspace\C_model_training\tactile\idw4\15ml\VET6_8chips_raw_stream_20260525_231904.csv,8,22.721191,-1.821162,0.234929
tactile,15ml,tactile_15ml,C:\Users\FangYuxuan\Saved Games\Upper_VET6USB\Workspace\C_model_training\tactile\idw4\15ml\VET6_8chips_raw_stream_20260525_231905.csv,18,23.805288,-1.824646,0.232313
tactile,15ml,tactile_15ml,C:\Users\FangYuxuan\Saved Games\Upper_VET6USB\Workspace\C_model_training\tactile\idw4\15ml\VET6_8chips_raw_stream_20260525_231906.csv,5,23.986105,-1.828062,0.222992
tactile,15ml,tactile_15ml,C:\Users\FangYuxuan\Saved Games\Upper_VET6USB\Workspace\C_model_training\tactile\idw4\15ml\VET6_8chips_raw_stream_20260525_231908.csv,10,22.880526,-1.801314,0.242878
tactile,15ml,tactile_15ml,C:\Users\FangYuxuan\Saved Games\Upper_VET6USB\Workspace\C_model_training\tactile\idw4\15ml\VET6_8chips_raw_stream_20260525_231909.csv,16,23.175922,-1.838678,0.198440
tactile,15ml,tactile_15ml,C:\Users\FangYuxuan\Saved Games\Upper_VET6USB\Workspace\C_model_training\tactile\idw4\15ml\VET6_8chips_raw_stream_20260525_231910.csv,14,22.939054,-1.839887,0.194551
tactile,15ml,tactile_15ml,C:\Users\FangYuxuan\Saved Games\Upper_VET6USB\Workspace\C_model_training\tactile\idw4\15ml\VET6_8chips_raw_stream_20260525_231912.csv,3,24.505907,-1.840916,0.196178
tactile,15ml,tactile_15ml,C:\Users\FangYuxuan\Saved Games\Upper_VET6USB\Workspace\C_model_training\tactile\idw4\15ml\VET6_8chips_raw_stream_20260525_231913.csv,7,23.139414,-1.847728,0.177038
tactile,15ml,tactile_15ml,C:\Users\FangYuxuan\Saved Games\Upper_VET6USB\Workspace\C_model_training\tactile\idw4\15ml\VET6_8chips_raw_stream_20260525_231915.csv,8,22.780533,-1.823206,0.187911
tactile,15ml,tactile_15ml,C:\Users\FangYuxuan\Saved Games\Upper_VET6USB\Workspace\C_model_training\tactile\idw4\15ml\VET6_8chips_raw_stream_20260525_231923.csv,2,22.998487,-2.252689,0.374112
tactile,15ml,tactile_15ml,C:\Users\FangYuxuan\Saved Games\Upper_VET6USB\Workspace\C_model_training\tactile\idw4\15ml\VET6_8chips_raw_stream_20260525_231925.csv,20,23.383482,-2.518696,0.104702
tactile,15ml,tactile_15ml,C:\Users\FangYuxuan\Saved Games\Upper_VET6USB\Workspace\C_model_training\tactile\idw4\15ml\VET6_8chips_raw_stream_20260525_231926.csv,19,23.372089,-2.535169,0.072890
tactile,15ml,tactile_15ml,C:\Users\FangYuxuan\Saved Games\Upper_VET6USB\Workspace\C_model_training\tactile\idw4\15ml\VET6_8chips_raw_stream_20260525_231927.csv,5,23.723389,-2.547516,0.047726
tactile,15ml,tactile_15ml,C:\Users\FangYuxuan\Saved Games\Upper_VET6USB\Workspace\C_model_training\tactile\idw4\15ml\VET6_8chips_raw_stream_20260525_231929.csv,2,24.048595,-2.559546,0.016200
tactile,15ml,tactile_15ml,C:\Users\FangYuxuan\Saved Games\Upper_VET6USB\Workspace\C_model_training\tactile\idw4\15ml\VET6_8chips_raw_stream_20260525_231931.csv,18,23.023396,-2.579335,-0.030480
tactile,15ml,tactile_15ml,C:\Users\FangYuxuan\Saved Games\Upper_VET6USB\Workspace\C_model_training\tactile\idw4\15ml\VET6_8chips_raw_stream_20260525_231932.csv,18,24.214176,-2.394950,0.603625
tactile,15ml,tactile_15ml,C:\Users\FangYuxuan\Saved Games\Upper_VET6USB\Workspace\C_model_training\tactile\idw4\15ml\VET6_8chips_raw_stream_20260525_231934.csv,1,23.335999,-2.604990,-0.077104
tactile,15ml,tactile_15ml,C:\Users\FangYuxuan\Saved Games\Upper_VET6USB\Workspace\C_model_training\tactile\idw4\15ml\VET6_8chips_raw_stream_20260525_231935.csv,19,23.296885,-2.622921,-0.119198
tactile,15ml,tactile_15ml,C:\Users\FangYuxuan\Saved Games\Upper_VET6USB\Workspace\C_model_training\tactile\idw4\15ml\VET6_8chips_raw_stream_20260525_231936.csv,4,23.172058,-2.410887,0.568717
tactile,15ml,tactile_15ml,C:\Users\FangYuxuan\Saved Games\Upper_VET6USB\Workspace\C_model_training\tactile\idw4\15ml\VET6_8chips_raw_stream_20260525_231937.csv,19,22.877346,-2.631277,-0.134551
tactile,15ml,tactile_15ml,C:\Users\FangYuxuan\Saved Games\Upper_VET6USB\Workspace\C_model_training\tactile\idw4\15ml\VET6_8chips_raw_stream_20260525_231938.csv,22,23.392662,-2.637450,-0.146103
tactile,15ml,tactile_15ml,C:\Users\FangYuxuan\Saved Games\Upper_VET6USB\Workspace\C_model_training\tactile\idw4\15ml\VET6_8chips_raw_stream_20260525_231939.csv,6,22.291862,-2.637834,-0.143676
tactile,15ml,tactile_15ml,C:\Users\FangYuxuan\Saved Games\Upper_VET6USB\Workspace\C_model_training\tactile\idw4\15ml\VET6_8chips_raw_stream_20260525_231941.csv,10,23.218206,-2.649215,-0.167306
tactile,15ml,tactile_15ml,C:\Users\FangYuxuan\Saved Games\Upper_VET6USB\Workspace\C_model_training\tactile\idw4\15ml\VET6_8chips_raw_stream_20260525_231942.csv,5,23.928244,-2.656980,-0.187438
tactile,15ml,tactile_15ml,C:\Users\FangYuxuan\Saved Games\Upper_VET6USB\Workspace\C_model_training\tactile\idw4\15ml\VET6_8chips_raw_stream_20260525_231943.csv,11,23.836678,-2.658061,-0.189685
tactile,15ml,tactile_15ml,C:\Users\FangYuxuan\Saved Games\Upper_VET6USB\Workspace\C_model_training\tactile\idw4\15ml\VET6_8chips_raw_stream_20260525_231944.csv,7,23.666105,-2.661551,-0.199165
tactile,15ml,tactile_15ml,C:\Users\FangYuxuan\Saved Games\Upper_VET6USB\Workspace\C_model_training\tactile\idw4\15ml\VET6_8chips_raw_stream_20260525_231945.csv,1,23.707033,-2.716505,-0.644901
tactile,15ml,tactile_15ml,C:\Users\FangYuxuan\Saved Games\Upper_VET6USB\Workspace\C_model_training\tactile\idw4\15ml\VET6_8chips_raw_stream_20260525_231947.csv,9,24.064732,-2.670491,-0.218470
tactile,15ml,tactile_15ml,C:\Users\FangYuxuan\Saved Games\Upper_VET6USB\Workspace\C_model_training\tactile\idw4\15ml\VET6_8chips_raw_stream_20260525_231948.csv,22,23.627956,-2.843519,-0.934829
tactile,15ml,tactile_15ml,C:\Users\FangYuxuan\Saved Games\Upper_VET6USB\Workspace\C_model_training\tactile\idw4\15ml\VET6_8chips_raw_stream_20260525_232003.csv,14,23.255583,-0.993898,0.023668
tactile,15ml,tactile_15ml,C:\Users\FangYuxuan\Saved Games\Upper_VET6USB\Workspace\C_model_training\tactile\idw4\15ml\VET6_8chips_raw_stream_20260525_232005.csv,5,23.612549,-1.246963,-0.071254
tactile,15ml,tactile_15ml,C:\Users\FangYuxuan\Saved Games\Upper_VET6USB\Workspace\C_model_training\tactile\idw4\15ml\VET6_8chips_raw_stream_20260525_232006.csv,0,22.590158,-1.314703,-0.343726
tactile,15ml,tactile_15ml,C:\Users\FangYuxuan\Saved Games\Upper_VET6USB\Workspace\C_model_training\tactile\idw4\15ml\VET6_8chips_raw_stream_20260525_232008.csv,8,21.684212,-1.586361,-0.887073
tactile,15ml,tactile_15ml,C:\Users\FangYuxuan\Saved Games\Upper_VET6USB\Workspace\C_model_training\tactile\idw4\15ml\VET6_8chips_raw_stream_20260525_232010.csv,18,24.209238,-1.130574,-0.143026
tactile,15ml,tactile_15ml,C:\Users\FangYuxuan\Saved Games\Upper_VET6USB\Workspace\C_model_training\tactile\idw4\15ml\VET6_8chips_raw_stream_20260525_232011.csv,19,22.990175,-1.087030,-0.074731
tactile,15ml,tactile_15ml,C:\Users\FangYuxuan\Saved Games\Upper_VET6USB\Workspace\C_model_training\tactile\idw4\15ml\VET6_8chips_raw_stream_20260525_232012.csv,7,23.792509,-1.132101,-0.141666
tactile,15ml,tactile_15ml,C:\Users\FangYuxuan\Saved Games\Upper_VET6USB\Workspace\C_model_training\tactile\idw4\15ml\VET6_8chips_raw_stream_20260525_232014.csv,19,23.667034,-1.043286,-0.106415
tactile,15ml,tactile_15ml,C:\Users\FangYuxuan\Saved Games\Upper_VET6USB\Workspace\C_model_training\tactile\idw4\15ml\VET6_8chips_raw_stream_20260525_232015.csv,15,23.191887,-0.893200,0.240493
tactile,15ml,tactile_15ml,C:\Users\FangYuxuan\Saved Games\Upper_VET6USB\Workspace\C_model_training\tactile\idw4\15ml\VET6_8chips_raw_stream_20260525_232017.csv,19,24.160894,-1.096983,0.058410
tactile,15ml,tactile_15ml,C:\Users\FangYuxuan\Saved Games\Upper_VET6USB\Workspace\C_model_training\tactile\idw4\15ml\VET6_8chips_raw_stream_20260525_232018.csv,11,23.822800,-1.152374,0.069481
tactile,15ml,tactile_15ml,C:\Users\FangYuxuan\Saved Games\Upper_VET6USB\Workspace\C_model_training\tactile\idw4\15ml\VET6_8chips_raw_stream_20260525_232020.csv,16,24.390671,-1.455669,-0.437650
tactile,15ml,tactile_15ml,C:\Users\FangYuxuan\Saved Games\Upper_VET6USB\Workspace\C_model_training\tactile\idw4\15ml\VET6_8chips_raw_stream_20260525_232021.csv,15,23.533552,-1.417342,-0.471196
tactile,15ml,tactile_15ml,C:\Users\FangYuxuan\Saved Games\Upper_VET6USB\Workspace\C_model_training\tactile\idw4\15ml\VET6_8chips_raw_stream_20260525_232022.csv,3,23.693727,-0.970846,0.326947
tactile,15ml,tactile_15ml,C:\Users\FangYuxuan\Saved Games\Upper_VET6USB\Workspace\C_model_training\tactile\idw4\15ml\VET6_8chips_raw_stream_20260525_232033.csv,13,23.158865,-1.157098,-0.779153
tactile,15ml,tactile_15ml,C:\Users\FangYuxuan\Saved Games\Upper_VET6USB\Workspace\C_model_training\tactile\idw4\15ml\VET6_8chips_raw_stream_20260525_232035.csv,14,22.948950,-1.148514,-0.832560
tactile,15ml,tactile_15ml,C:\Users\FangYuxuan\Saved Games\Upper_VET6USB\Workspace\C_model_training\tactile\idw4\15ml\VET6_8chips_raw_stream_20260525_232037.csv,3,22.480200,-1.088004,-0.634170
tactile,15ml,tactile_15ml,C:\Users\FangYuxuan\Saved Games\Upper_VET6USB\Workspace\C_model_training\tactile\idw4\15ml\VET6_8chips_raw_stream_20260525_232038.csv,20,23.369562,-1.308127,-1.162310
tactile,15ml,tactile_15ml,C:\Users\FangYuxuan\Saved Games\Upper_VET6USB\Workspace\C_model_training\tactile\idw4\15ml\VET6_8chips_raw_stream_20260525_232039.csv,21,23.212650,-1.065025,-0.660478
tactile,15ml,tactile_15ml,C:\Users\FangYuxuan\Saved Games\Upper_VET6USB\Workspace\C_model_training\tactile\idw4\15ml\VET6_8chips_raw_stream_20260525_232041.csv,2,24.192421,-1.315733,-1.183874
tactile,15ml,tactile_15ml,C:\Users\FangYuxuan\Saved Games\Upper_VET6USB\Workspace\C_model_training\tactile\idw4\15ml\VET6_8chips_raw_stream_20260525_232042.csv,11,22.901207,-1.377755,-1.144972
tactile,15ml,tactile_15ml,C:\Users\FangYuxuan\Saved Games\Upper_VET6USB\Workspace\C_model_training\tactile\idw4\15ml\VET6_8chips_raw_stream_20260525_232044.csv,15,22.150427,-1.396281,-1.189461
tactile,15ml,tactile_15ml,C:\Users\FangYuxuan\Saved Games\Upper_VET6USB\Workspace\C_model_training\tactile\idw4\15ml\VET6_8chips_raw_stream_20260525_232046.csv,7,23.917095,-1.380083,-1.146292
tactile,15ml,tactile_15ml,C:\Users\FangYuxuan\Saved Games\Upper_VET6USB\Workspace\C_model_training\tactile\idw4\15ml\VET6_8chips_raw_stream_20260525_232048.csv,18,23.562477,-1.286769,-0.846319
tactile,15ml,tactile_15ml,C:\Users\FangYuxuan\Saved Games\Upper_VET6USB\Workspace\C_model_training\tactile\idw4\15ml\VET6_8chips_raw_stream_20260525_232050.csv,14,20.903862,-1.297469,-0.873181
tactile,15ml,tactile_15ml,C:\Users\FangYuxuan\Saved Games\Upper_VET6USB\Workspace\C_model_training\tactile\idw4\15ml\VET6_8chips_raw_stream_20260525_232052.csv,10,23.268015,-1.299988,-0.877672
tactile,15ml,tactile_15ml,C:\Users\FangYuxuan\Saved Games\Upper_VET6USB\Workspace\C_model_training\tactile\idw4\15ml\VET6_8chips_raw_stream_20260525_232053.csv,17,22.590321,-1.294792,-0.860093
tactile,15ml,tactile_15ml,C:\Users\FangYuxuan\Saved Games\Upper_VET6USB\Workspace\C_model_training\tactile\idw4\15ml\VET6_8chips_raw_stream_20260525_232055.csv,0,23.997820,-1.297608,-0.865345
tactile,15ml,tactile_15ml,C:\Users\FangYuxuan\Saved Games\Upper_VET6USB\Workspace\C_model_training\tactile\idw4\15ml\VET6_8chips_raw_stream_20260525_232057.csv,22,23.553259,-1.407131,-1.200863
tactile,15ml,tactile_15ml,C:\Users\FangYuxuan\Saved Games\Upper_VET6USB\Workspace\C_model_training\tactile\idw4\15ml\VET6_8chips_raw_stream_20260525_232102.csv,10,22.626175,-0.190213,-0.968665
tactile,15ml,tactile_15ml,C:\Users\FangYuxuan\Saved Games\Upper_VET6USB\Workspace\C_model_training\tactile\idw4\15ml\VET6_8chips_raw_stream_20260525_232104.csv,0,22.704348,-0.592521,-1.569427
tactile,15ml,tactile_15ml,C:\Users\FangYuxuan\Saved Games\Upper_VET6USB\Workspace\C_model_training\tactile\idw4\15ml\VET6_8chips_raw_stream_20260525_232105.csv,21,23.116426,-0.475223,-1.249554
tactile,15ml,tactile_15ml,C:\Users\FangYuxuan\Saved Games\Upper_VET6USB\Workspace\C_model_training\tactile\idw4\15ml\VET6_8chips_raw_stream_20260525_232107.csv,1,23.068138,-0.478700,-1.258096
tactile,15ml,tactile_15ml,C:\Users\FangYuxuan\Saved Games\Upper_VET6USB\Workspace\C_model_training\tactile\idw4\15ml\VET6_8chips_raw_stream_20260525_232108.csv,3,22.513794,-0.481925,-1.262127
tactile,15ml,tactile_15ml,C:\Users\FangYuxuan\Saved Games\Upper_VET6USB\Workspace\C_model_training\tactile\idw4\15ml\VET6_8chips_raw_stream_20260525_232110.csv,0,23.295862,-0.486049,-1.275861
tactile,15ml,tactile_15ml,C:\Users\FangYuxuan\Saved Games\Upper_VET6USB\Workspace\C_model_training\tactile\idw4\15ml\VET6_8chips_raw_stream_20260525_232111.csv,0,21.746078,-0.755410,-1.772181
tactile,15ml,tactile_15ml,C:\Users\FangYuxuan\Saved Games\Upper_VET6USB\Workspace\C_model_training\tactile\idw4\15ml\VET6_8chips_raw_stream_20260525_232112.csv,11,23.647018,-0.764108,-1.788311
tactile,15ml,tactile_15ml,C:\Users\FangYuxuan\Saved Games\Upper_VET6USB\Workspace\C_model_training\tactile\idw4\15ml\VET6_8chips_raw_stream_20260525_232124.csv,11,23.200773,4.606796,-2.602698
tactile,15ml,tactile_15ml,C:\Users\FangYuxuan\Saved Games\Upper_VET6USB\Workspace\C_model_training\tactile\idw4\15ml\VET6_8chips_raw_stream_20260525_232125.csv,4,22.520643,4.600179,-2.617582
tactile,15ml,tactile_15ml,C:\Users\FangYuxuan\Saved Games\Upper_VET6USB\Workspace\C_model_training\tactile\idw4\15ml\VET6_8chips_raw_stream_20260525_232130.csv,2,19.747755,4.199201,-2.454583
tactile,15ml,tactile_15ml,C:\Users\FangYuxuan\Saved Games\Upper_VET6USB\Workspace\C_model_training\tactile\idw4\15ml\VET6_8chips_raw_stream_20260525_232131.csv,14,22.579313,4.211910,-2.716843
tactile,15ml,tactile_15ml,C:\Users\FangYuxuan\Saved Games\Upper_VET6USB\Workspace\C_model_training\tactile\idw4\15ml\VET6_8chips_raw_stream_20260525_232133.csv,15,21.777092,4.274544,-2.867277
tactile,15ml,tactile_15ml,C:\Users\FangYuxuan\Saved Games\Upper_VET6USB\Workspace\C_model_training\tactile\idw4\15ml\VET6_8chips_raw_stream_20260525_232134.csv,18,22.060579,4.334719,-2.778504
tactile,15ml,tactile_15ml,C:\Users\FangYuxuan\Saved Games\Upper_VET6USB\Workspace\C_model_training\tactile\idw4\15ml\VET6_8chips_raw_stream_20260525_232136.csv,15,23.174816,4.381520,-2.893966
tactile,15ml,tactile_15ml,C:\Users\FangYuxuan\Saved Games\Upper_VET6USB\Workspace\C_model_training\tactile\idw4\15ml\VET6_8chips_raw_stream_20260525_232138.csv,18,21.017132,4.372549,-2.924209
tactile,15ml,tactile_15ml,C:\Users\FangYuxuan\Saved Games\Upper_VET6USB\Workspace\C_model_training\tactile\idw4\15ml\VET6_8chips_raw_stream_20260525_232139.csv,5,22.760099,4.370280,-2.931021
tactile,15ml,tactile_15ml,C:\Users\FangYuxuan\Saved Games\Upper_VET6USB\Workspace\C_model_training\tactile\idw4\15ml\VET6_8chips_raw_stream_20260525_232140.csv,8,23.272821,4.367599,-2.930397
tactile,15ml,tactile_15ml,C:\Users\FangYuxuan\Saved Games\Upper_VET6USB\Workspace\C_model_training\tactile\idw4\15ml\VET6_8chips_raw_stream_20260525_232142.csv,5,20.017450,4.366013,-2.936817
tactile,15ml,tactile_15ml,C:\Users\FangYuxuan\Saved Games\Upper_VET6USB\Workspace\C_model_training\tactile\idw4\15ml\VET6_8chips_raw_stream_20260525_232143.csv,7,22.659555,4.361117,-2.952906
tactile,15ml,tactile_15ml,C:\Users\FangYuxuan\Saved Games\Upper_VET6USB\Workspace\C_model_training\tactile\idw4\15ml\VET6_8chips_raw_stream_20260525_232144.csv,15,23.097385,4.361733,-2.950129
tactile,15ml,tactile_15ml,C:\Users\FangYuxuan\Saved Games\Upper_VET6USB\Workspace\C_model_training\tactile\idw4\15ml\VET6_8chips_raw_stream_20260525_232146.csv,4,22.778528,4.357120,-2.962294
tactile,15ml,tactile_15ml,C:\Users\FangYuxuan\Saved Games\Upper_VET6USB\Workspace\C_model_training\tactile\idw4\15ml\VET6_8chips_raw_stream_20260525_232147.csv,14,23.769278,4.354546,-2.972800
tactile,15ml,tactile_15ml,C:\Users\FangYuxuan\Saved Games\Upper_VET6USB\Workspace\C_model_training\tactile\idw4\15ml\VET6_8chips_raw_stream_20260525_232148.csv,1,23.512178,4.351523,-2.987310
tactile,15ml,tactile_15ml,C:\Users\FangYuxuan\Saved Games\Upper_VET6USB\Workspace\C_model_training\tactile\idw4\15ml\VET6_8chips_raw_stream_20260525_232149.csv,15,22.230364,4.346880,-3.003474
tactile,15ml,tactile_15ml,C:\Users\FangYuxuan\Saved Games\Upper_VET6USB\Workspace\C_model_training\tactile\idw4\15ml\VET6_8chips_raw_stream_20260525_232150.csv,20,22.378761,4.347890,-3.001234
tactile,15ml,tactile_15ml,C:\Users\FangYuxuan\Saved Games\Upper_VET6USB\Workspace\C_model_training\tactile\idw4\15ml\VET6_8chips_raw_stream_20260525_232153.csv,0,23.566563,4.346396,-3.006146
tactile,15ml,tactile_15ml,C:\Users\FangYuxuan\Saved Games\Upper_VET6USB\Workspace\C_model_training\tactile\idw4\15ml\VET6_8chips_raw_stream_20260525_232154.csv,10,24.369574,4.349548,-2.990225
tactile,15ml,tactile_15ml,C:\Users\FangYuxuan\Saved Games\Upper_VET6USB\Workspace\C_model_training\tactile\idw4\15ml\VET6_8chips_raw_stream_20260525_232155.csv,6,22.594860,4.345350,-3.006706
tactile,15ml,tactile_15ml,C:\Users\FangYuxuan\Saved Games\Upper_VET6USB\Workspace\C_model_training\tactile\idw4\15ml\VET6_8chips_raw_stream_20260525_232200.csv,12,21.199936,2.419768,-2.303221
tactile,15ml,tactile_15ml,C:\Users\FangYuxuan\Saved Games\Upper_VET6USB\Workspace\C_model_training\tactile\idw4\15ml\VET6_8chips_raw_stream_20260525_232201.csv,4,22.939894,2.244222,-2.468613
tactile,15ml,tactile_15ml,C:\Users\FangYuxuan\Saved Games\Upper_VET6USB\Workspace\C_model_training\tactile\idw4\15ml\VET6_8chips_raw_stream_20260525_232202.csv,2,23.392155,2.409736,-2.725976
tactile,15ml,tactile_15ml,C:\Users\FangYuxuan\Saved Games\Upper_VET6USB\Workspace\C_model_training\tactile\idw4\15ml\VET6_8chips_raw_stream_20260525_232204.csv,7,22.729206,2.537207,-2.683938
tactile,15ml,tactile_15ml,C:\Users\FangYuxuan\Saved Games\Upper_VET6USB\Workspace\C_model_training\tactile\idw4\15ml\VET6_8chips_raw_stream_20260525_232205.csv,0,23.954489,2.708981,-2.633722
tactile,15ml,tactile_15ml,C:\Users\FangYuxuan\Saved Games\Upper_VET6USB\Workspace\C_model_training\tactile\idw4\15ml\VET6_8chips_raw_stream_20260525_232207.csv,4,21.830040,2.398269,-2.757830
tactile,15ml,tactile_15ml,C:\Users\FangYuxuan\Saved Games\Upper_VET6USB\Workspace\C_model_training\tactile\idw4\15ml\VET6_8chips_raw_stream_20260525_232208.csv,4,22.694382,2.393125,-2.774313
tactile,15ml,tactile_15ml,C:\Users\FangYuxuan\Saved Games\Upper_VET6USB\Workspace\C_model_training\tactile\idw4\15ml\VET6_8chips_raw_stream_20260525_232209.csv,21,21.863998,2.564655,-2.723604
tactile,15ml,tactile_15ml,C:\Users\FangYuxuan\Saved Games\Upper_VET6USB\Workspace\C_model_training\tactile\idw4\15ml\VET6_8chips_raw_stream_20260525_232211.csv,15,23.391844,2.508569,-2.595111
tactile,15ml,tactile_15ml,C:\Users\FangYuxuan\Saved Games\Upper_VET6USB\Workspace\C_model_training\tactile\idw4\15ml\VET6_8chips_raw_stream_20260525_232212.csv,11,22.606113,2.391166,-2.762611
tactile,15ml,tactile_15ml,C:\Users\FangYuxuan\Saved Games\Upper_VET6USB\Workspace\C_model_training\tactile\idw4\15ml\VET6_8chips_raw_stream_20260525_232218.csv,13,22.225542,5.061840,-1.319611
tactile,15ml,tactile_15ml,C:\Users\FangYuxuan\Saved Games\Upper_VET6USB\Workspace\C_model_training\tactile\idw4\15ml\VET6_8chips_raw_stream_20260525_232219.csv,16,22.122509,5.062186,-1.320801
tactile,15ml,tactile_15ml,C:\Users\FangYuxuan\Saved Games\Upper_VET6USB\Workspace\C_model_training\tactile\idw4\15ml\VET6_8chips_raw_stream_20260525_232222.csv,0,22.346777,4.981022,-1.326308
tactile,15ml,tactile_15ml,C:\Users\FangYuxuan\Saved Games\Upper_VET6USB\Workspace\C_model_training\tactile\idw4\15ml\VET6_8chips_raw_stream_20260525_232226.csv,9,23.299965,5.142039,-1.369144
tactile,15ml,tactile_15ml,C:\Users\FangYuxuan\Saved Games\Upper_VET6USB\Workspace\C_model_training\tactile\idw4\15ml\VET6_8chips_raw_stream_20260525_232228.csv,20,21.498117,5.214746,-1.374782
tactile,15ml,tactile_15ml,C:\Users\FangYuxuan\Saved Games\Upper_VET6USB\Workspace\C_model_training\tactile\idw4\15ml\VET6_8chips_raw_stream_20260525_232229.csv,21,22.853138,5.143855,-1.368241
tactile,15ml,tactile_15ml,C:\Users\FangYuxuan\Saved Games\Upper_VET6USB\Workspace\C_model_training\tactile\idw4\15ml\VET6_8chips_raw_stream_20260525_232231.csv,8,22.735182,5.145104,-1.365491
tactile,15ml,tactile_15ml,C:\Users\FangYuxuan\Saved Games\Upper_VET6USB\Workspace\C_model_training\tactile\idw4\15ml\VET6_8chips_raw_stream_20260525_232232.csv,10,22.519987,5.201129,-1.492719
tactile,15ml,tactile_15ml,C:\Users\FangYuxuan\Saved Games\Upper_VET6USB\Workspace\C_model_training\tactile\idw4\15ml\VET6_8chips_raw_stream_20260525_232233.csv,5,23.638945,5.201260,-1.487985
tactile,15ml,tactile_15ml,C:\Users\FangYuxuan\Saved Games\Upper_VET6USB\Workspace\C_model_training\tactile\idw4\15ml\VET6_8chips_raw_stream_20260525_232236.csv,1,23.485893,5.264798,-1.514930
tactile,15ml,tactile_15ml,C:\Users\FangYuxuan\Saved Games\Upper_VET6USB\Workspace\C_model_training\tactile\idw4\15ml\VET6_8chips_raw_stream_20260525_232238.csv,5,22.515137,5.262542,-1.525330
tactile,15ml,tactile_15ml,C:\Users\FangYuxuan\Saved Games\Upper_VET6USB\Workspace\C_model_training\tactile\idw4\15ml\VET6_8chips_raw_stream_20260525_232239.csv,19,23.192987,5.192559,-1.506407
tactile,15ml,tactile_15ml,C:\Users\FangYuxuan\Saved Games\Upper_VET6USB\Workspace\C_model_training\tactile\idw4\15ml\VET6_8chips_raw_stream_20260525_232240.csv,21,23.588932,5.192696,-1.507124
tactile,15ml,tactile_15ml,C:\Users\FangYuxuan\Saved Games\Upper_VET6USB\Workspace\C_model_training\tactile\idw4\15ml\VET6_8chips_raw_stream_20260525_232241.csv,8,23.579100,5.193068,-1.503922
tactile,15ml,tactile_15ml,C:\Users\FangYuxuan\Saved Games\Upper_VET6USB\Workspace\C_model_training\tactile\idw4\15ml\VET6_8chips_raw_stream_20260525_232243.csv,2,22.037436,5.259915,-1.525638
tactile,15ml,tactile_15ml,C:\Users\FangYuxuan\Saved Games\Upper_VET6USB\Workspace\C_model_training\tactile\idw4\15ml\VET6_8chips_raw_stream_20260525_232315.csv,16,24.030434,-1.600346,1.294497
tactile,15ml,tactile_15ml,C:\Users\FangYuxuan\Saved Games\Upper_VET6USB\Workspace\C_model_training\tactile\idw4\15ml\VET6_8chips_raw_stream_20260525_232316.csv,8,21.458755,-1.598210,1.303152
tactile,15ml,tactile_15ml,C:\Users\FangYuxuan\Saved Games\Upper_VET6USB\Workspace\C_model_training\tactile\idw4\15ml\VET6_8chips_raw_stream_20260525_232317.csv,7,21.866264,-1.729174,1.364453
tactile,15ml,tactile_15ml,C:\Users\FangYuxuan\Saved Games\Upper_VET6USB\Workspace\C_model_training\tactile\idw4\15ml\VET6_8chips_raw_stream_20260525_232318.csv,10,23.220776,-1.832792,1.310841
tactile,15ml,tactile_15ml,C:\Users\FangYuxuan\Saved Games\Upper_VET6USB\Workspace\C_model_training\tactile\idw4\15ml\VET6_8chips_raw_stream_20260525_232319.csv,18,22.584612,-1.841237,1.294500
tactile,15ml,tactile_15ml,C:\Users\FangYuxuan\Saved Games\Upper_VET6USB\Workspace\C_model_training\tactile\idw4\15ml\VET6_8chips_raw_stream_20260525_232320.csv,10,22.936037,-1.853057,1.267710
tactile,15ml,tactile_15ml,C:\Users\FangYuxuan\Saved Games\Upper_VET6USB\Workspace\C_model_training\tactile\idw4\15ml\VET6_8chips_raw_stream_20260525_232322.csv,6,22.974833,-1.849382,1.280734
tactile,15ml,tactile_15ml,C:\Users\FangYuxuan\Saved Games\Upper_VET6USB\Workspace\C_model_training\tactile\idw4\15ml\VET6_8chips_raw_stream_20260525_232323.csv,17,23.846004,-1.844620,1.284587
tactile,15ml,tactile_15ml,C:\Users\FangYuxuan\Saved Games\Upper_VET6USB\Workspace\C_model_training\tactile\idw4\15ml\VET6_8chips_raw_stream_20260525_232325.csv,11,23.115379,-1.846181,1.284026
tactile,15ml,tactile_15ml,C:\Users\FangYuxuan\Saved Games\Upper_VET6USB\Workspace\C_model_training\tactile\idw4\15ml\VET6_8chips_raw_stream_20260525_232326.csv,1,23.962572,-1.847362,1.280831
tactile,15ml,tactile_15ml,C:\Users\FangYuxuan\Saved Games\Upper_VET6USB\Workspace\C_model_training\tactile\idw4\15ml\VET6_8chips_raw_stream_20260525_232332.csv,1,23.309826,-2.907609,-1.691674
tactile,15ml,tactile_15ml,C:\Users\FangYuxuan\Saved Games\Upper_VET6USB\Workspace\C_model_training\tactile\idw4\15ml\VET6_8chips_raw_stream_20260525_232336.csv,22,24.107044,-2.870847,-1.865162
tactile,15ml,tactile_15ml,C:\Users\FangYuxuan\Saved Games\Upper_VET6USB\Workspace\C_model_training\tactile\idw4\15ml\VET6_8chips_raw_stream_20260525_232337.csv,11,23.948746,-2.874288,-1.879394
tactile,15ml,tactile_15ml,C:\Users\FangYuxuan\Saved Games\Upper_VET6USB\Workspace\C_model_training\tactile\idw4\15ml\VET6_8chips_raw_stream_20260525_232339.csv,21,23.079838,-2.901941,-1.938164
tactile,15ml,tactile_15ml,C:\Users\FangYuxuan\Saved Games\Upper_VET6USB\Workspace\C_model_training\tactile\idw4\15ml\VET6_8chips_raw_stream_20260525_232340.csv,20,22.868704,-2.906686,-1.943018
tactile,15ml,tactile_15ml,C:\Users\FangYuxuan\Saved Games\Upper_VET6USB\Workspace\C_model_training\tactile\idw4\15ml\VET6_8chips_raw_stream_20260525_232341.csv,8,23.637007,-2.911534,-1.955058
tactile,15ml,tactile_15ml,C:\Users\FangYuxuan\Saved Games\Upper_VET6USB\Workspace\C_model_training\tactile\idw4\15ml\VET6_8chips_raw_stream_20260525_232342.csv,16,23.447737,-2.917703,-1.966800
tactile,15ml,tactile_15ml,C:\Users\FangYuxuan\Saved Games\Upper_VET6USB\Workspace\C_model_training\tactile\idw4\15ml\VET6_8chips_raw_stream_20260525_232343.csv,22,23.597179,-2.920895,-1.975336
tactile,15ml,tactile_15ml,C:\Users\FangYuxuan\Saved Games\Upper_VET6USB\Workspace\C_model_training\tactile\idw4\15ml\VET6_8chips_raw_stream_20260525_232344.csv,0,23.240820,-2.920823,-1.973935
tactile,15ml,tactile_15ml,C:\Users\FangYuxuan\Saved Games\Upper_VET6USB\Workspace\C_model_training\tactile\idw4\15ml\VET6_8chips_raw_stream_20260525_232346.csv,22,23.232521,-2.908585,-1.947375
tactile,15ml,tactile_15ml,C:\Users\FangYuxuan\Saved Games\Upper_VET6USB\Workspace\C_model_training\tactile\idw4\15ml\VET6_8chips_raw_stream_20260525_232401.csv,18,23.477417,-2.009653,-0.676225
tactile,15ml,tactile_15ml,C:\Users\FangYuxuan\Saved Games\Upper_VET6USB\Workspace\C_model_training\tactile\idw4\15ml\VET6_8chips_raw_stream_20260525_232403.csv,16,23.800316,-2.025434,-0.715914
tactile,15ml,tactile_15ml,C:\Users\FangYuxuan\Saved Games\Upper_VET6USB\Workspace\C_model_training\tactile\idw4\15ml\VET6_8chips_raw_stream_20260525_232404.csv,8,24.472383,-2.030704,-0.722800
tactile,15ml,tactile_15ml,C:\Users\FangYuxuan\Saved Games\Upper_VET6USB\Workspace\C_model_training\tactile\idw4\15ml\VET6_8chips_raw_stream_20260525_232405.csv,14,23.262014,-2.035446,-0.732016
tactile,15ml,tactile_15ml,C:\Users\FangYuxuan\Saved Games\Upper_VET6USB\Workspace\C_model_training\tactile\idw4\15ml\VET6_8chips_raw_stream_20260525_232406.csv,12,23.547483,-2.036330,-0.721437
tactile,15ml,tactile_15ml,C:\Users\FangYuxuan\Saved Games\Upper_VET6USB\Workspace\C_model_training\tactile\idw4\15ml\VET6_8chips_raw_stream_20260525_232407.csv,6,22.595781,-2.001711,-0.759197
tactile,15ml,tactile_15ml,C:\Users\FangYuxuan\Saved Games\Upper_VET6USB\Workspace\C_model_training\tactile\idw4\15ml\VET6_8chips_raw_stream_20260525_232409.csv,7,24.163363,-1.590425,0.215480
tactile,15ml,tactile_15ml,C:\Users\FangYuxuan\Saved Games\Upper_VET6USB\Workspace\C_model_training\tactile\idw4\15ml\VET6_8chips_raw_stream_20260525_232411.csv,0,24.013468,-1.595949,0.210491
tactile,15ml,tactile_15ml,C:\Users\FangYuxuan\Saved Games\Upper_VET6USB\Workspace\C_model_training\tactile\idw4\15ml\VET6_8chips_raw_stream_20260525_232412.csv,17,23.417830,-1.594252,0.215536
tactile,15ml,tactile_15ml,C:\Users\FangYuxuan\Saved Games\Upper_VET6USB\Workspace\C_model_training\tactile\idw4\15ml\VET6_8chips_raw_stream_20260525_232414.csv,21,23.983721,-1.774656,-0.324356
tactile,15ml,tactile_15ml,C:\Users\FangYuxuan\Saved Games\Upper_VET6USB\Workspace\C_model_training\tactile\idw4\15ml\VET6_8chips_raw_stream_20260525_232415.csv,22,23.735008,-1.604688,0.184301
tactile,15ml,tactile_15ml,C:\Users\FangYuxuan\Saved Games\Upper_VET6USB\Workspace\C_model_training\tactile\idw4\15ml\VET6_8chips_raw_stream_20260525_232417.csv,21,24.318960,-1.611076,0.158132
tactile,15ml,tactile_15ml,C:\Users\FangYuxuan\Saved Games\Upper_VET6USB\Workspace\C_model_training\tactile\idw4\15ml\VET6_8chips_raw_stream_20260525_232422.csv,6,23.435843,-2.013947,-0.369071
tactile,15ml,tactile_15ml,C:\Users\FangYuxuan\Saved Games\Upper_VET6USB\Workspace\C_model_training\tactile\idw4\15ml\VET6_8chips_raw_stream_20260525_232424.csv,9,23.955896,-2.015574,-0.389619
tactile,15ml,tactile_15ml,C:\Users\FangYuxuan\Saved Games\Upper_VET6USB\Workspace\C_model_training\tactile\idw4\15ml\VET6_8chips_raw_stream_20260525_232425.csv,0,23.607662,-2.393784,-0.986381
tactile,15ml,tactile_15ml,C:\Users\FangYuxuan\Saved Games\Upper_VET6USB\Workspace\C_model_training\tactile\idw4\15ml\VET6_8chips_raw_stream_20260525_232426.csv,12,24.703743,-2.444158,-1.131432
tactile,15ml,tactile_15ml,C:\Users\FangYuxuan\Saved Games\Upper_VET6USB\Workspace\C_model_training\tactile\idw4\15ml\VET6_8chips_raw_stream_20260525_232428.csv,13,23.466114,-2.086183,-0.505438
tactile,15ml,tactile_15ml,C:\Users\FangYuxuan\Saved Games\Upper_VET6USB\Workspace\C_model_training\tactile\idw4\15ml\VET6_8chips_raw_stream_20260525_232429.csv,2,23.527761,-1.789777,0.168932
tactile,15ml,tactile_15ml,C:\Users\FangYuxuan\Saved Games\Upper_VET6USB\Workspace\C_model_training\tactile\idw4\15ml\VET6_8chips_raw_stream_20260525_232430.csv,4,23.097652,-1.495984,0.461375
tactile,15ml,tactile_15ml,C:\Users\FangYuxuan\Saved Games\Upper_VET6USB\Workspace\C_model_training\tactile\idw4\15ml\VET6_8chips_raw_stream_20260525_232431.csv,3,23.306431,-1.533034,0.496922
tactile,15ml,tactile_15ml,C:\Users\FangYuxuan\Saved Games\Upper_VET6USB\Workspace\C_model_training\tactile\idw4\15ml\VET6_8chips_raw_stream_20260525_232432.csv,18,23.639309,-1.541636,0.482579
tactile,15ml,tactile_15ml,C:\Users\FangYuxuan\Saved Games\Upper_VET6USB\Workspace\C_model_training\tactile\idw4\15ml\VET6_8chips_raw_stream_20260525_232434.csv,7,24.515347,-1.550112,0.463064
tactile,15ml,tactile_15ml,C:\Users\FangYuxuan\Saved Games\Upper_VET6USB\Workspace\C_model_training\tactile\idw4\15ml\VET6_8chips_raw_stream_20260525_232435.csv,4,24.541796,-1.867441,0.090106
tactile,15ml,tactile_15ml,C:\Users\FangYuxuan\Saved Games\Upper_VET6USB\Workspace\C_model_training\tactile\idw4\15ml\VET6_8chips_raw_stream_20260525_232440.csv,16,21.580286,-0.557475,-0.972708
tactile,15ml,tactile_15ml,C:\Users\FangYuxuan\Saved Games\Upper_VET6USB\Workspace\C_model_training\tactile\idw4\15ml\VET6_8chips_raw_stream_20260525_232442.csv,5,23.511631,-0.316034,-0.981834
tactile,15ml,tactile_15ml,C:\Users\FangYuxuan\Saved Games\Upper_VET6USB\Workspace\C_model_training\tactile\idw4\15ml\VET6_8chips_raw_stream_20260525_232444.csv,10,23.890757,-0.830599,-1.598834
tactile,15ml,tactile_15ml,C:\Users\FangYuxuan\Saved Games\Upper_VET6USB\Workspace\C_model_training\tactile\idw4\15ml\VET6_8chips_raw_stream_20260525_232445.csv,8,23.727600,-0.837939,-1.616489
tactile,15ml,tactile_15ml,C:\Users\FangYuxuan\Saved Games\Upper_VET6USB\Workspace\C_model_training\tactile\idw4\15ml\VET6_8chips_raw_stream_20260525_232446.csv,1,23.296978,-0.841941,-1.624841
tactile,15ml,tactile_15ml,C:\Users\FangYuxuan\Saved Games\Upper_VET6USB\Workspace\C_model_training\tactile\idw4\15ml\VET6_8chips_raw_stream_20260525_232449.csv,17,21.603745,0.369448,-1.128072
tactile,15ml,tactile_15ml,C:\Users\FangYuxuan\Saved Games\Upper_VET6USB\Workspace\C_model_training\tactile\idw4\15ml\VET6_8chips_raw_stream_20260525_232450.csv,19,22.351593,0.379410,-1.140653
tactile,15ml,tactile_15ml,C:\Users\FangYuxuan\Saved Games\Upper_VET6USB\Workspace\C_model_training\tactile\idw4\15ml\VET6_8chips_raw_stream_20260525_232451.csv,12,22.433262,0.830442,-0.845926
tactile,15ml,tactile_15ml,C:\Users\FangYuxuan\Saved Games\Upper_VET6USB\Workspace\C_model_training\tactile\idw4\15ml\VET6_8chips_raw_stream_20260525_232452.csv,18,23.786230,0.494268,-1.183093
tactile,15ml,tactile_15ml,C:\Users\FangYuxuan\Saved Games\Upper_VET6USB\Workspace\C_model_training\tactile\idw4\15ml\VET6_8chips_raw_stream_20260525_232454.csv,7,22.680407,0.456858,-1.181952
tactile,15ml,tactile_15ml,C:\Users\FangYuxuan\Saved Games\Upper_VET6USB\Workspace\C_model_training\tactile\idw4\15ml\VET6_8chips_raw_stream_20260525_232455.csv,7,20.979246,0.448475,-1.202263
tactile,15ml,tactile_15ml,C:\Users\FangYuxuan\Saved Games\Upper_VET6USB\Workspace\C_model_training\tactile\idw4\15ml\VET6_8chips_raw_stream_20260525_232456.csv,18,21.976812,1.048398,-0.571177
tactile,15ml,tactile_15ml,C:\Users\FangYuxuan\Saved Games\Upper_VET6USB\Workspace\C_model_training\tactile\idw4\15ml\VET6_8chips_raw_stream_20260525_232457.csv,16,22.816629,1.047352,-0.630508
tactile,15ml,tactile_15ml,C:\Users\FangYuxuan\Saved Games\Upper_VET6USB\Workspace\C_model_training\tactile\idw4\15ml\VET6_8chips_raw_stream_20260525_232458.csv,11,21.504581,0.727845,-0.519365
tactile,15ml,tactile_15ml,C:\Users\FangYuxuan\Saved Games\Upper_VET6USB\Workspace\C_model_training\tactile\idw4\15ml\VET6_8chips_raw_stream_20260525_232459.csv,7,22.729412,0.815060,-0.744859
tactile,15ml,tactile_15ml,C:\Users\FangYuxuan\Saved Games\Upper_VET6USB\Workspace\C_model_training\tactile\idw4\15ml\VET6_8chips_raw_stream_20260525_232501.csv,16,22.567112,1.194092,-1.743104
tactile,15ml,tactile_15ml,C:\Users\FangYuxuan\Saved Games\Upper_VET6USB\Workspace\C_model_training\tactile\idw4\15ml\VET6_8chips_raw_stream_20260525_232503.csv,10,23.074305,1.149430,-1.768994
tactile,15ml,tactile_15ml,C:\Users\FangYuxuan\Saved Games\Upper_VET6USB\Workspace\C_model_training\tactile\idw4\15ml\VET6_8chips_raw_stream_20260525_232504.csv,15,22.105965,1.166875,-1.770911
tactile,15ml,tactile_15ml,C:\Users\FangYuxuan\Saved Games\Upper_VET6USB\Workspace\C_model_training\tactile\idw4\15ml\VET6_8chips_raw_stream_20260525_232506.csv,1,22.806639,0.743599,-2.321085
tactile,15ml,tactile_15ml,C:\Users\FangYuxuan\Saved Games\Upper_VET6USB\Workspace\C_model_training\tactile\idw4\15ml\VET6_8chips_raw_stream_20260525_232507.csv,15,22.522120,0.949568,-2.079140
tactile,15ml,tactile_15ml,C:\Users\FangYuxuan\Saved Games\Upper_VET6USB\Workspace\C_model_training\tactile\idw4\15ml\VET6_8chips_raw_stream_20260525_232508.csv,22,23.441933,0.954500,-2.031227
tactile,15ml,tactile_15ml,C:\Users\FangYuxuan\Saved Games\Upper_VET6USB\Workspace\C_model_training\tactile\idw4\15ml\VET6_8chips_raw_stream_20260525_232509.csv,5,23.103376,0.745442,-2.283157
tactile,15ml,tactile_15ml,C:\Users\FangYuxuan\Saved Games\Upper_VET6USB\Workspace\C_model_training\tactile\idw4\15ml\VET6_8chips_raw_stream_20260525_232510.csv,2,23.400467,0.760587,-2.341393
tactile,15ml,tactile_15ml,C:\Users\FangYuxuan\Saved Games\Upper_VET6USB\Workspace\C_model_training\tactile\idw4\15ml\VET6_8chips_raw_stream_20260525_232512.csv,12,23.203381,0.759078,-2.345574
tactile,15ml,tactile_15ml,C:\Users\FangYuxuan\Saved Games\Upper_VET6USB\Workspace\C_model_training\tactile\idw4\15ml\VET6_8chips_raw_stream_20260525_232513.csv,16,21.590504,0.733265,-2.310784
tactile,50ml,tactile_50ml,C:\Users\FangYuxuan\Saved Games\Upper_VET6USB\Workspace\C_model_training\tactile\idw4\50ml\VET6_8chips_raw_stream_20260525_234333.csv,20,22.948061,-1.021120,4.579017
tactile,50ml,tactile_50ml,C:\Users\FangYuxuan\Saved Games\Upper_VET6USB\Workspace\C_model_training\tactile\idw4\50ml\VET6_8chips_raw_stream_20260525_234334.csv,20,22.844841,-0.983215,4.418996
tactile,50ml,tactile_50ml,C:\Users\FangYuxuan\Saved Games\Upper_VET6USB\Workspace\C_model_training\tactile\idw4\50ml\VET6_8chips_raw_stream_20260525_234335.csv,13,23.080200,-0.983658,4.420329
tactile,50ml,tactile_50ml,C:\Users\FangYuxuan\Saved Games\Upper_VET6USB\Workspace\C_model_training\tactile\idw4\50ml\VET6_8chips_raw_stream_20260525_234337.csv,16,22.536858,-0.978237,4.513626
tactile,50ml,tactile_50ml,C:\Users\FangYuxuan\Saved Games\Upper_VET6USB\Workspace\C_model_training\tactile\idw4\50ml\VET6_8chips_raw_stream_20260525_234338.csv,6,23.384951,-0.863421,4.292490
tactile,50ml,tactile_50ml,C:\Users\FangYuxuan\Saved Games\Upper_VET6USB\Workspace\C_model_training\tactile\idw4\50ml\VET6_8chips_raw_stream_20260525_234339.csv,14,22.459524,-0.963753,4.331571
tactile,50ml,tactile_50ml,C:\Users\FangYuxuan\Saved Games\Upper_VET6USB\Workspace\C_model_training\tactile\idw4\50ml\VET6_8chips_raw_stream_20260525_234340.csv,1,23.366833,-0.979042,4.366045
tactile,50ml,tactile_50ml,C:\Users\FangYuxuan\Saved Games\Upper_VET6USB\Workspace\C_model_training\tactile\idw4\50ml\VET6_8chips_raw_stream_20260525_234342.csv,15,23.003149,-0.996776,4.335015
tactile,50ml,tactile_50ml,C:\Users\FangYuxuan\Saved Games\Upper_VET6USB\Workspace\C_model_training\tactile\idw4\50ml\VET6_8chips_raw_stream_20260525_234343.csv,7,23.996922,-0.996105,4.337562
tactile,50ml,tactile_50ml,C:\Users\FangYuxuan\Saved Games\Upper_VET6USB\Workspace\C_model_training\tactile\idw4\50ml\VET6_8chips_raw_stream_20260525_234344.csv,9,22.514299,-0.987313,4.352781
tactile,50ml,tactile_50ml,C:\Users\FangYuxuan\Saved Games\Upper_VET6USB\Workspace\C_model_training\tactile\idw4\50ml\VET6_8chips_raw_stream_20260525_234345.csv,6,24.527935,-1.217810,3.241796
tactile,50ml,tactile_50ml,C:\Users\FangYuxuan\Saved Games\Upper_VET6USB\Workspace\C_model_training\tactile\idw4\50ml\VET6_8chips_raw_stream_20260525_234347.csv,0,23.485710,-1.215260,3.249988
tactile,50ml,tactile_50ml,C:\Users\FangYuxuan\Saved Games\Upper_VET6USB\Workspace\C_model_training\tactile\idw4\50ml\VET6_8chips_raw_stream_20260525_234348.csv,16,23.184700,-0.693498,4.911003
tactile,50ml,tactile_50ml,C:\Users\FangYuxuan\Saved Games\Upper_VET6USB\Workspace\C_model_training\tactile\idw4\50ml\VET6_8chips_raw_stream_20260525_234349.csv,17,23.549036,-0.687848,4.920877
tactile,50ml,tactile_50ml,C:\Users\FangYuxuan\Saved Games\Upper_VET6USB\Workspace\C_model_training\tactile\idw4\50ml\VET6_8chips_raw_stream_20260525_234350.csv,17,23.048618,-0.684789,4.927242
tactile,50ml,tactile_50ml,C:\Users\FangYuxuan\Saved Games\Upper_VET6USB\Workspace\C_model_training\tactile\idw4\50ml\VET6_8chips_raw_stream_20260525_234352.csv,22,23.673544,-1.631759,2.231594
tactile,50ml,tactile_50ml,C:\Users\FangYuxuan\Saved Games\Upper_VET6USB\Workspace\C_model_training\tactile\idw4\50ml\VET6_8chips_raw_stream_20260525_234353.csv,14,23.281340,-1.633285,2.231102
tactile,50ml,tactile_50ml,C:\Users\FangYuxuan\Saved Games\Upper_VET6USB\Workspace\C_model_training\tactile\idw4\50ml\VET6_8chips_raw_stream_20260525_234354.csv,13,22.960699,-1.614368,2.143512
tactile,50ml,tactile_50ml,C:\Users\FangYuxuan\Saved Games\Upper_VET6USB\Workspace\C_model_training\tactile\idw4\50ml\VET6_8chips_raw_stream_20260525_234356.csv,15,23.620546,-0.674463,4.823292
tactile,50ml,tactile_50ml,C:\Users\FangYuxuan\Saved Games\Upper_VET6USB\Workspace\C_model_training\tactile\idw4\50ml\VET6_8chips_raw_stream_20260525_234357.csv,13,24.156639,-0.674118,4.827340
tactile,50ml,tactile_50ml,C:\Users\FangYuxuan\Saved Games\Upper_VET6USB\Workspace\C_model_training\tactile\idw4\50ml\VET6_8chips_raw_stream_20260525_234358.csv,1,23.912634,-0.673786,4.826611
tactile,50ml,tactile_50ml,C:\Users\FangYuxuan\Saved Games\Upper_VET6USB\Workspace\C_model_training\tactile\idw4\50ml\VET6_8chips_raw_stream_20260525_234400.csv,17,23.585779,-0.675238,4.821698
tactile,50ml,tactile_50ml,C:\Users\FangYuxuan\Saved Games\Upper_VET6USB\Workspace\C_model_training\tactile\idw4\50ml\VET6_8chips_raw_stream_20260525_234401.csv,11,23.127457,-0.678119,4.813755
tactile,50ml,tactile_50ml,C:\Users\FangYuxuan\Saved Games\Upper_VET6USB\Workspace\C_model_training\tactile\idw4\50ml\VET6_8chips_raw_stream_20260525_234402.csv,20,22.299301,-0.677740,4.810615
tactile,50ml,tactile_50ml,C:\Users\FangYuxuan\Saved Games\Upper_VET6USB\Workspace\C_model_training\tactile\idw4\50ml\VET6_8chips_raw_stream_20260525_234404.csv,17,24.386517,-0.678613,4.805345
tactile,50ml,tactile_50ml,C:\Users\FangYuxuan\Saved Games\Upper_VET6USB\Workspace\C_model_training\tactile\idw4\50ml\VET6_8chips_raw_stream_20260525_234405.csv,14,23.509050,-0.675966,4.814565
tactile,50ml,tactile_50ml,C:\Users\FangYuxuan\Saved Games\Upper_VET6USB\Workspace\C_model_training\tactile\idw4\50ml\VET6_8chips_raw_stream_20260525_234406.csv,18,24.131536,-0.677775,4.810790
tactile,50ml,tactile_50ml,C:\Users\FangYuxuan\Saved Games\Upper_VET6USB\Workspace\C_model_training\tactile\idw4\50ml\VET6_8chips_raw_stream_20260525_234407.csv,2,24.356678,-1.003022,4.324786
tactile,50ml,tactile_50ml,C:\Users\FangYuxuan\Saved Games\Upper_VET6USB\Workspace\C_model_training\tactile\idw4\50ml\VET6_8chips_raw_stream_20260525_234409.csv,15,23.888264,-0.675554,4.817811
tactile,50ml,tactile_50ml,C:\Users\FangYuxuan\Saved Games\Upper_VET6USB\Workspace\C_model_training\tactile\idw4\50ml\VET6_8chips_raw_stream_20260525_234414.csv,0,23.592140,-0.975785,4.240164
tactile,50ml,tactile_50ml,C:\Users\FangYuxuan\Saved Games\Upper_VET6USB\Workspace\C_model_training\tactile\idw4\50ml\VET6_8chips_raw_stream_20260525_234415.csv,21,23.534033,-0.675076,4.813691
tactile,50ml,tactile_50ml,C:\Users\FangYuxuan\Saved Games\Upper_VET6USB\Workspace\C_model_training\tactile\idw4\50ml\VET6_8chips_raw_stream_20260525_234416.csv,23,23.340614,-0.677147,4.810299
tactile,50ml,tactile_50ml,C:\Users\FangYuxuan\Saved Games\Upper_VET6USB\Workspace\C_model_training\tactile\idw4\50ml\VET6_8chips_raw_stream_20260525_234418.csv,15,23.841570,-0.677319,4.809332
tactile,50ml,tactile_50ml,C:\Users\FangYuxuan\Saved Games\Upper_VET6USB\Workspace\C_model_training\tactile\idw4\50ml\VET6_8chips_raw_stream_20260525_234419.csv,4,24.823879,-0.678391,4.808391
tactile,50ml,tactile_50ml,C:\Users\FangYuxuan\Saved Games\Upper_VET6USB\Workspace\C_model_training\tactile\idw4\50ml\VET6_8chips_raw_stream_20260525_234420.csv,19,24.082760,-0.674397,4.817798
tactile,50ml,tactile_50ml,C:\Users\FangYuxuan\Saved Games\Upper_VET6USB\Workspace\C_model_training\tactile\idw4\50ml\VET6_8chips_raw_stream_20260525_234422.csv,7,24.042030,-0.674783,4.817016
tactile,50ml,tactile_50ml,C:\Users\FangYuxuan\Saved Games\Upper_VET6USB\Workspace\C_model_training\tactile\idw4\50ml\VET6_8chips_raw_stream_20260525_234436.csv,1,23.167351,-2.506385,-1.278242
tactile,50ml,tactile_50ml,C:\Users\FangYuxuan\Saved Games\Upper_VET6USB\Workspace\C_model_training\tactile\idw4\50ml\VET6_8chips_raw_stream_20260525_234438.csv,18,23.389078,-2.454575,-1.302140
tactile,50ml,tactile_50ml,C:\Users\FangYuxuan\Saved Games\Upper_VET6USB\Workspace\C_model_training\tactile\idw4\50ml\VET6_8chips_raw_stream_20260525_234439.csv,20,23.281862,-2.462785,-1.318168
tactile,50ml,tactile_50ml,C:\Users\FangYuxuan\Saved Games\Upper_VET6USB\Workspace\C_model_training\tactile\idw4\50ml\VET6_8chips_raw_stream_20260525_234441.csv,6,23.689428,-2.463421,-1.316242
tactile,50ml,tactile_50ml,C:\Users\FangYuxuan\Saved Games\Upper_VET6USB\Workspace\C_model_training\tactile\idw4\50ml\VET6_8chips_raw_stream_20260525_234442.csv,0,24.009247,-2.468915,-1.332034
tactile,50ml,tactile_50ml,C:\Users\FangYuxuan\Saved Games\Upper_VET6USB\Workspace\C_model_training\tactile\idw4\50ml\VET6_8chips_raw_stream_20260525_234446.csv,5,23.374496,-2.423218,-1.353918
tactile,50ml,tactile_50ml,C:\Users\FangYuxuan\Saved Games\Upper_VET6USB\Workspace\C_model_training\tactile\idw4\50ml\VET6_8chips_raw_stream_20260525_234448.csv,15,23.682716,-2.430155,-1.369965
tactile,50ml,tactile_50ml,C:\Users\FangYuxuan\Saved Games\Upper_VET6USB\Workspace\C_model_training\tactile\idw4\50ml\VET6_8chips_raw_stream_20260525_234449.csv,14,23.935606,-2.430811,-1.373605
tactile,50ml,tactile_50ml,C:\Users\FangYuxuan\Saved Games\Upper_VET6USB\Workspace\C_model_training\tactile\idw4\50ml\VET6_8chips_raw_stream_20260525_234450.csv,13,23.723179,-2.397140,-1.390851
tactile,50ml,tactile_50ml,C:\Users\FangYuxuan\Saved Games\Upper_VET6USB\Workspace\C_model_training\tactile\idw4\50ml\VET6_8chips_raw_stream_20260525_234453.csv,18,23.499437,-2.436376,-1.384668
tactile,50ml,tactile_50ml,C:\Users\FangYuxuan\Saved Games\Upper_VET6USB\Workspace\C_model_training\tactile\idw4\50ml\VET6_8chips_raw_stream_20260525_234454.csv,10,22.348246,-2.404119,-1.405900
tactile,50ml,tactile_50ml,C:\Users\FangYuxuan\Saved Games\Upper_VET6USB\Workspace\C_model_training\tactile\idw4\50ml\VET6_8chips_raw_stream_20260525_234457.csv,19,24.427891,-2.431532,-1.631193
tactile,50ml,tactile_50ml,C:\Users\FangYuxuan\Saved Games\Upper_VET6USB\Workspace\C_model_training\tactile\idw4\50ml\VET6_8chips_raw_stream_20260525_234458.csv,3,23.612083,-2.397573,-1.648383
tactile,50ml,tactile_50ml,C:\Users\FangYuxuan\Saved Games\Upper_VET6USB\Workspace\C_model_training\tactile\idw4\50ml\VET6_8chips_raw_stream_20260525_234459.csv,9,22.903811,-2.432714,-1.633891
tactile,50ml,tactile_50ml,C:\Users\FangYuxuan\Saved Games\Upper_VET6USB\Workspace\C_model_training\tactile\idw4\50ml\VET6_8chips_raw_stream_20260525_234501.csv,11,23.968273,-2.401094,-1.659345
tactile,50ml,tactile_50ml,C:\Users\FangYuxuan\Saved Games\Upper_VET6USB\Workspace\C_model_training\tactile\idw4\50ml\VET6_8chips_raw_stream_20260525_234502.csv,18,23.293987,-2.402878,-1.662246
tactile,50ml,tactile_50ml,C:\Users\FangYuxuan\Saved Games\Upper_VET6USB\Workspace\C_model_training\tactile\idw4\50ml\VET6_8chips_raw_stream_20260525_234503.csv,3,23.985620,-2.400928,-1.656401
tactile,50ml,tactile_50ml,C:\Users\FangYuxuan\Saved Games\Upper_VET6USB\Workspace\C_model_training\tactile\idw4\50ml\VET6_8chips_raw_stream_20260525_234505.csv,11,23.983322,-2.403238,-1.664604
tactile,50ml,tactile_50ml,C:\Users\FangYuxuan\Saved Games\Upper_VET6USB\Workspace\C_model_training\tactile\idw4\50ml\VET6_8chips_raw_stream_20260525_234507.csv,10,22.996845,-2.403628,-1.664869
tactile,50ml,tactile_50ml,C:\Users\FangYuxuan\Saved Games\Upper_VET6USB\Workspace\C_model_training\tactile\idw4\50ml\VET6_8chips_raw_stream_20260525_234508.csv,18,23.879936,-2.418241,-1.440758
tactile,50ml,tactile_50ml,C:\Users\FangYuxuan\Saved Games\Upper_VET6USB\Workspace\C_model_training\tactile\idw4\50ml\VET6_8chips_raw_stream_20260525_234511.csv,17,23.831949,-2.408667,-1.676672
tactile,50ml,tactile_50ml,C:\Users\FangYuxuan\Saved Games\Upper_VET6USB\Workspace\C_model_training\tactile\idw4\50ml\VET6_8chips_raw_stream_20260525_234512.csv,8,23.454573,-2.408200,-1.676280
tactile,50ml,tactile_50ml,C:\Users\FangYuxuan\Saved Games\Upper_VET6USB\Workspace\C_model_training\tactile\idw4\50ml\VET6_8chips_raw_stream_20260525_234513.csv,7,23.723648,-2.412611,-1.687196
tactile,50ml,tactile_50ml,C:\Users\FangYuxuan\Saved Games\Upper_VET6USB\Workspace\C_model_training\tactile\idw4\50ml\VET6_8chips_raw_stream_20260525_234515.csv,23,23.314110,-2.411582,-1.686807
tactile,50ml,tactile_50ml,C:\Users\FangYuxuan\Saved Games\Upper_VET6USB\Workspace\C_model_training\tactile\idw4\50ml\VET6_8chips_raw_stream_20260525_234516.csv,19,24.117159,-2.407521,-1.674325
tactile,50ml,tactile_50ml,C:\Users\FangYuxuan\Saved Games\Upper_VET6USB\Workspace\C_model_training\tactile\idw4\50ml\VET6_8chips_raw_stream_20260525_234518.csv,13,23.571451,-2.324271,-1.790816
tactile,50ml,tactile_50ml,C:\Users\FangYuxuan\Saved Games\Upper_VET6USB\Workspace\C_model_training\tactile\idw4\50ml\VET6_8chips_raw_stream_20260525_234533.csv,2,23.210974,-2.234086,-2.142860
tactile,50ml,tactile_50ml,C:\Users\FangYuxuan\Saved Games\Upper_VET6USB\Workspace\C_model_training\tactile\idw4\50ml\VET6_8chips_raw_stream_20260525_234535.csv,5,23.035744,-2.247116,-2.176901
tactile,50ml,tactile_50ml,C:\Users\FangYuxuan\Saved Games\Upper_VET6USB\Workspace\C_model_training\tactile\idw4\50ml\VET6_8chips_raw_stream_20260525_234545.csv,16,24.108820,-2.305408,-2.308343
tactile,50ml,tactile_50ml,C:\Users\FangYuxuan\Saved Games\Upper_VET6USB\Workspace\C_model_training\tactile\idw4\50ml\VET6_8chips_raw_stream_20260525_234547.csv,8,23.938257,-2.308428,-2.320475
tactile,50ml,tactile_50ml,C:\Users\FangYuxuan\Saved Games\Upper_VET6USB\Workspace\C_model_training\tactile\idw4\50ml\VET6_8chips_raw_stream_20260525_234548.csv,9,24.535492,-2.309554,-2.320223
tactile,50ml,tactile_50ml,C:\Users\FangYuxuan\Saved Games\Upper_VET6USB\Workspace\C_model_training\tactile\idw4\50ml\VET6_8chips_raw_stream_20260525_234549.csv,18,23.078197,-2.315196,-2.333863
tactile,50ml,tactile_50ml,C:\Users\FangYuxuan\Saved Games\Upper_VET6USB\Workspace\C_model_training\tactile\idw4\50ml\VET6_8chips_raw_stream_20260525_234551.csv,2,24.405958,-2.314890,-2.332432
tactile,50ml,tactile_50ml,C:\Users\FangYuxuan\Saved Games\Upper_VET6USB\Workspace\C_model_training\tactile\idw4\50ml\VET6_8chips_raw_stream_20260525_234553.csv,20,22.125601,-2.315493,-2.334895
tactile,50ml,tactile_50ml,C:\Users\FangYuxuan\Saved Games\Upper_VET6USB\Workspace\C_model_training\tactile\idw4\50ml\VET6_8chips_raw_stream_20260525_234554.csv,16,21.517838,-2.318315,-2.341579
tactile,50ml,tactile_50ml,C:\Users\FangYuxuan\Saved Games\Upper_VET6USB\Workspace\C_model_training\tactile\idw4\50ml\VET6_8chips_raw_stream_20260525_234555.csv,10,22.967031,-2.321165,-2.345954
tactile,50ml,tactile_50ml,C:\Users\FangYuxuan\Saved Games\Upper_VET6USB\Workspace\C_model_training\tactile\idw4\50ml\VET6_8chips_raw_stream_20260525_234557.csv,8,23.223259,-2.322166,-2.352142
tactile,50ml,tactile_50ml,C:\Users\FangYuxuan\Saved Games\Upper_VET6USB\Workspace\C_model_training\tactile\idw4\50ml\VET6_8chips_raw_stream_20260525_234558.csv,6,23.853220,-2.322577,-2.355353
tactile,50ml,tactile_50ml,C:\Users\FangYuxuan\Saved Games\Upper_VET6USB\Workspace\C_model_training\tactile\idw4\50ml\VET6_8chips_raw_stream_20260525_234600.csv,11,23.404881,-2.212574,-2.333908
tactile,50ml,tactile_50ml,C:\Users\FangYuxuan\Saved Games\Upper_VET6USB\Workspace\C_model_training\tactile\idw4\50ml\VET6_8chips_raw_stream_20260525_234601.csv,11,24.037561,-2.319858,-2.339615
tactile,50ml,tactile_50ml,C:\Users\FangYuxuan\Saved Games\Upper_VET6USB\Workspace\C_model_training\tactile\idw4\50ml\VET6_8chips_raw_stream_20260525_234615.csv,7,22.798355,-0.894810,1.214198
tactile,50ml,tactile_50ml,C:\Users\FangYuxuan\Saved Games\Upper_VET6USB\Workspace\C_model_training\tactile\idw4\50ml\VET6_8chips_raw_stream_20260525_234616.csv,17,22.907732,-1.135321,0.391233
tactile,50ml,tactile_50ml,C:\Users\FangYuxuan\Saved Games\Upper_VET6USB\Workspace\C_model_training\tactile\idw4\50ml\VET6_8chips_raw_stream_20260525_234617.csv,3,21.427681,-0.773630,0.833706
tactile,50ml,tactile_50ml,C:\Users\FangYuxuan\Saved Games\Upper_VET6USB\Workspace\C_model_training\tactile\idw4\50ml\VET6_8chips_raw_stream_20260525_234619.csv,14,22.841599,-0.864384,1.036850
tactile,50ml,tactile_50ml,C:\Users\FangYuxuan\Saved Games\Upper_VET6USB\Workspace\C_model_training\tactile\idw4\50ml\VET6_8chips_raw_stream_20260525_234620.csv,14,24.418592,-0.873910,1.015033
tactile,50ml,tactile_50ml,C:\Users\FangYuxuan\Saved Games\Upper_VET6USB\Workspace\C_model_training\tactile\idw4\50ml\VET6_8chips_raw_stream_20260525_234622.csv,19,23.425053,-0.837598,0.923308
tactile,50ml,tactile_50ml,C:\Users\FangYuxuan\Saved Games\Upper_VET6USB\Workspace\C_model_training\tactile\idw4\50ml\VET6_8chips_raw_stream_20260525_234623.csv,22,22.490992,-0.786469,0.872339
tactile,50ml,tactile_50ml,C:\Users\FangYuxuan\Saved Games\Upper_VET6USB\Workspace\C_model_training\tactile\idw4\50ml\VET6_8chips_raw_stream_20260525_234624.csv,16,23.869087,-0.792920,0.858863
tactile,50ml,tactile_50ml,C:\Users\FangYuxuan\Saved Games\Upper_VET6USB\Workspace\C_model_training\tactile\idw4\50ml\VET6_8chips_raw_stream_20260525_234626.csv,13,22.668625,-0.861869,0.871512
tactile,50ml,tactile_50ml,C:\Users\FangYuxuan\Saved Games\Upper_VET6USB\Workspace\C_model_training\tactile\idw4\50ml\VET6_8chips_raw_stream_20260525_234627.csv,6,22.495951,-0.535191,1.225776
tactile,50ml,tactile_50ml,C:\Users\FangYuxuan\Saved Games\Upper_VET6USB\Workspace\C_model_training\tactile\idw4\50ml\VET6_8chips_raw_stream_20260525_234628.csv,11,23.821886,-0.266070,1.504542
tactile,50ml,tactile_50ml,C:\Users\FangYuxuan\Saved Games\Upper_VET6USB\Workspace\C_model_training\tactile\idw4\50ml\VET6_8chips_raw_stream_20260525_234629.csv,0,22.706926,-0.771682,0.773894
tactile,50ml,tactile_50ml,C:\Users\FangYuxuan\Saved Games\Upper_VET6USB\Workspace\C_model_training\tactile\idw4\50ml\VET6_8chips_raw_stream_20260525_234631.csv,21,22.891823,-0.531768,1.154409
tactile,50ml,tactile_50ml,C:\Users\FangYuxuan\Saved Games\Upper_VET6USB\Workspace\C_model_training\tactile\idw4\50ml\VET6_8chips_raw_stream_20260525_234632.csv,1,23.474573,-0.840056,0.789192
tactile,50ml,tactile_50ml,C:\Users\FangYuxuan\Saved Games\Upper_VET6USB\Workspace\C_model_training\tactile\idw4\50ml\VET6_8chips_raw_stream_20260525_234634.csv,12,22.309404,-0.850087,0.763962
tactile,50ml,tactile_50ml,C:\Users\FangYuxuan\Saved Games\Upper_VET6USB\Workspace\C_model_training\tactile\idw4\50ml\VET6_8chips_raw_stream_20260525_234635.csv,10,22.731142,-0.792247,0.732235
tactile,50ml,tactile_50ml,C:\Users\FangYuxuan\Saved Games\Upper_VET6USB\Workspace\C_model_training\tactile\idw4\50ml\VET6_8chips_raw_stream_20260525_234637.csv,2,22.880787,-0.794561,0.728559
tactile,50ml,tactile_50ml,C:\Users\FangYuxuan\Saved Games\Upper_VET6USB\Workspace\C_model_training\tactile\idw4\50ml\VET6_8chips_raw_stream_20260525_234638.csv,7,22.251469,-1.046370,0.074722
tactile,50ml,tactile_50ml,C:\Users\FangYuxuan\Saved Games\Upper_VET6USB\Workspace\C_model_training\tactile\idw4\50ml\VET6_8chips_raw_stream_20260525_234639.csv,13,23.387148,-1.050794,0.067628
tactile,50ml,tactile_50ml,C:\Users\FangYuxuan\Saved Games\Upper_VET6USB\Workspace\C_model_training\tactile\idw4\50ml\VET6_8chips_raw_stream_20260525_234641.csv,9,23.228655,-1.050729,0.071877
tactile,50ml,tactile_50ml,C:\Users\FangYuxuan\Saved Games\Upper_VET6USB\Workspace\C_model_training\tactile\idw4\50ml\VET6_8chips_raw_stream_20260525_234642.csv,9,23.922226,-0.808390,0.699318
tactile,50ml,tactile_50ml,C:\Users\FangYuxuan\Saved Games\Upper_VET6USB\Workspace\C_model_training\tactile\idw4\50ml\VET6_8chips_raw_stream_20260525_234644.csv,21,23.171988,-0.816104,0.684348
tactile,50ml,tactile_50ml,C:\Users\FangYuxuan\Saved Games\Upper_VET6USB\Workspace\C_model_training\tactile\idw4\50ml\VET6_8chips_raw_stream_20260525_234652.csv,10,23.339018,0.625042,-0.070706
tactile,50ml,tactile_50ml,C:\Users\FangYuxuan\Saved Games\Upper_VET6USB\Workspace\C_model_training\tactile\idw4\50ml\VET6_8chips_raw_stream_20260525_234654.csv,6,23.282911,0.613780,-0.102432
tactile,50ml,tactile_50ml,C:\Users\FangYuxuan\Saved Games\Upper_VET6USB\Workspace\C_model_training\tactile\idw4\50ml\VET6_8chips_raw_stream_20260525_234655.csv,10,23.201046,0.608535,-0.120073
tactile,50ml,tactile_50ml,C:\Users\FangYuxuan\Saved Games\Upper_VET6USB\Workspace\C_model_training\tactile\idw4\50ml\VET6_8chips_raw_stream_20260525_234657.csv,15,23.120350,0.385811,-0.368137
tactile,50ml,tactile_50ml,C:\Users\FangYuxuan\Saved Games\Upper_VET6USB\Workspace\C_model_training\tactile\idw4\50ml\VET6_8chips_raw_stream_20260525_234659.csv,6,23.781319,0.384085,-0.368164
tactile,50ml,tactile_50ml,C:\Users\FangYuxuan\Saved Games\Upper_VET6USB\Workspace\C_model_training\tactile\idw4\50ml\VET6_8chips_raw_stream_20260525_234700.csv,20,23.908510,0.375743,-0.388831
tactile,50ml,tactile_50ml,C:\Users\FangYuxuan\Saved Games\Upper_VET6USB\Workspace\C_model_training\tactile\idw4\50ml\VET6_8chips_raw_stream_20260525_234702.csv,18,22.584639,0.371831,-0.396479
tactile,50ml,tactile_50ml,C:\Users\FangYuxuan\Saved Games\Upper_VET6USB\Workspace\C_model_training\tactile\idw4\50ml\VET6_8chips_raw_stream_20260525_234703.csv,15,22.709818,0.589476,-0.158368
tactile,50ml,tactile_50ml,C:\Users\FangYuxuan\Saved Games\Upper_VET6USB\Workspace\C_model_training\tactile\idw4\50ml\VET6_8chips_raw_stream_20260525_234704.csv,10,23.131374,0.374355,-0.386625
tactile,50ml,tactile_50ml,C:\Users\FangYuxuan\Saved Games\Upper_VET6USB\Workspace\C_model_training\tactile\idw4\50ml\VET6_8chips_raw_stream_20260525_234706.csv,18,22.074390,0.374103,-0.382154
tactile,50ml,tactile_50ml,C:\Users\FangYuxuan\Saved Games\Upper_VET6USB\Workspace\C_model_training\tactile\idw4\50ml\VET6_8chips_raw_stream_20260525_234707.csv,0,23.505877,0.370299,-0.390604
tactile,50ml,tactile_50ml,C:\Users\FangYuxuan\Saved Games\Upper_VET6USB\Workspace\C_model_training\tactile\idw4\50ml\VET6_8chips_raw_stream_20260525_234708.csv,11,23.584929,0.360344,-0.415927
tactile,50ml,tactile_50ml,C:\Users\FangYuxuan\Saved Games\Upper_VET6USB\Workspace\C_model_training\tactile\idw4\50ml\VET6_8chips_raw_stream_20260525_234710.csv,1,21.551634,0.362766,-0.407489
tactile,50ml,tactile_50ml,C:\Users\FangYuxuan\Saved Games\Upper_VET6USB\Workspace\C_model_training\tactile\idw4\50ml\VET6_8chips_raw_stream_20260525_234717.csv,15,22.474249,0.994723,-0.844516
tactile,50ml,tactile_50ml,C:\Users\FangYuxuan\Saved Games\Upper_VET6USB\Workspace\C_model_training\tactile\idw4\50ml\VET6_8chips_raw_stream_20260525_234719.csv,5,22.381607,1.205945,-0.690656
tactile,50ml,tactile_50ml,C:\Users\FangYuxuan\Saved Games\Upper_VET6USB\Workspace\C_model_training\tactile\idw4\50ml\VET6_8chips_raw_stream_20260525_234720.csv,15,22.712383,1.197951,-0.707344
tactile,50ml,tactile_50ml,C:\Users\FangYuxuan\Saved Games\Upper_VET6USB\Workspace\C_model_training\tactile\idw4\50ml\VET6_8chips_raw_stream_20260525_234722.csv,6,23.559689,1.191018,-0.726434
tactile,50ml,tactile_50ml,C:\Users\FangYuxuan\Saved Games\Upper_VET6USB\Workspace\C_model_training\tactile\idw4\50ml\VET6_8chips_raw_stream_20260525_234723.csv,14,22.004568,1.186553,-0.734629
tactile,50ml,tactile_50ml,C:\Users\FangYuxuan\Saved Games\Upper_VET6USB\Workspace\C_model_training\tactile\idw4\50ml\VET6_8chips_raw_stream_20260525_234725.csv,18,23.261423,1.182955,-0.739336
tactile,50ml,tactile_50ml,C:\Users\FangYuxuan\Saved Games\Upper_VET6USB\Workspace\C_model_training\tactile\idw4\50ml\VET6_8chips_raw_stream_20260525_234726.csv,19,23.448866,1.180482,-0.745731
tactile,50ml,tactile_50ml,C:\Users\FangYuxuan\Saved Games\Upper_VET6USB\Workspace\C_model_training\tactile\idw4\50ml\VET6_8chips_raw_stream_20260525_234728.csv,1,23.010252,1.179943,-0.746597
tactile,50ml,tactile_50ml,C:\Users\FangYuxuan\Saved Games\Upper_VET6USB\Workspace\C_model_training\tactile\idw4\50ml\VET6_8chips_raw_stream_20260525_234729.csv,3,23.308456,1.379071,-0.455981
tactile,50ml,tactile_50ml,C:\Users\FangYuxuan\Saved Games\Upper_VET6USB\Workspace\C_model_training\tactile\idw4\50ml\VET6_8chips_raw_stream_20260525_234731.csv,8,23.776617,1.378124,-0.460914
tactile,50ml,tactile_50ml,C:\Users\FangYuxuan\Saved Games\Upper_VET6USB\Workspace\C_model_training\tactile\idw4\50ml\VET6_8chips_raw_stream_20260525_234734.csv,18,22.874611,1.347212,-0.406674
tactile,50ml,tactile_50ml,C:\Users\FangYuxuan\Saved Games\Upper_VET6USB\Workspace\C_model_training\tactile\idw4\50ml\VET6_8chips_raw_stream_20260525_234735.csv,17,24.005444,1.372816,-0.477343
tactile,50ml,tactile_50ml,C:\Users\FangYuxuan\Saved Games\Upper_VET6USB\Workspace\C_model_training\tactile\idw4\50ml\VET6_8chips_raw_stream_20260525_234737.csv,17,22.874731,1.171075,-0.603994
tactile,50ml,tactile_50ml,C:\Users\FangYuxuan\Saved Games\Upper_VET6USB\Workspace\C_model_training\tactile\idw4\50ml\VET6_8chips_raw_stream_20260525_234738.csv,2,21.110876,1.168822,-0.612399
tactile,50ml,tactile_50ml,C:\Users\FangYuxuan\Saved Games\Upper_VET6USB\Workspace\C_model_training\tactile\idw4\50ml\VET6_8chips_raw_stream_20260525_234739.csv,5,22.792818,1.167467,-0.620308
tactile,50ml,tactile_50ml,C:\Users\FangYuxuan\Saved Games\Upper_VET6USB\Workspace\C_model_training\tactile\idw4\50ml\VET6_8chips_raw_stream_20260525_234754.csv,7,23.320795,-0.174635,1.329250
tactile,50ml,tactile_50ml,C:\Users\FangYuxuan\Saved Games\Upper_VET6USB\Workspace\C_model_training\tactile\idw4\50ml\VET6_8chips_raw_stream_20260525_234755.csv,3,24.353439,-0.146602,1.265622
tactile,50ml,tactile_50ml,C:\Users\FangYuxuan\Saved Games\Upper_VET6USB\Workspace\C_model_training\tactile\idw4\50ml\VET6_8chips_raw_stream_20260525_234757.csv,17,23.791136,-0.148564,1.246009
tactile,50ml,tactile_50ml,C:\Users\FangYuxuan\Saved Games\Upper_VET6USB\Workspace\C_model_training\tactile\idw4\50ml\VET6_8chips_raw_stream_20260525_234759.csv,6,23.754385,-0.163508,1.216279
tactile,50ml,tactile_50ml,C:\Users\FangYuxuan\Saved Games\Upper_VET6USB\Workspace\C_model_training\tactile\idw4\50ml\VET6_8chips_raw_stream_20260525_234800.csv,4,23.782181,0.117028,1.583794
tactile,50ml,tactile_50ml,C:\Users\FangYuxuan\Saved Games\Upper_VET6USB\Workspace\C_model_training\tactile\idw4\50ml\VET6_8chips_raw_stream_20260525_234802.csv,9,23.743134,0.072394,1.631409
tactile,50ml,tactile_50ml,C:\Users\FangYuxuan\Saved Games\Upper_VET6USB\Workspace\C_model_training\tactile\idw4\50ml\VET6_8chips_raw_stream_20260525_234804.csv,13,22.826935,0.094617,1.535224
tactile,50ml,tactile_50ml,C:\Users\FangYuxuan\Saved Games\Upper_VET6USB\Workspace\C_model_training\tactile\idw4\50ml\VET6_8chips_raw_stream_20260525_234805.csv,5,22.811415,0.100891,1.554148
tactile,50ml,tactile_50ml,C:\Users\FangYuxuan\Saved Games\Upper_VET6USB\Workspace\C_model_training\tactile\idw4\50ml\VET6_8chips_raw_stream_20260525_234807.csv,1,23.796499,0.098004,1.558953
tactile,50ml,tactile_50ml,C:\Users\FangYuxuan\Saved Games\Upper_VET6USB\Workspace\C_model_training\tactile\idw4\50ml\VET6_8chips_raw_stream_20260525_234808.csv,9,23.911646,-0.219427,1.241626
tactile,50ml,tactile_50ml,C:\Users\FangYuxuan\Saved Games\Upper_VET6USB\Workspace\C_model_training\tactile\idw4\50ml\VET6_8chips_raw_stream_20260525_234810.csv,1,22.936390,-0.219577,1.241809
tactile,50ml,tactile_50ml,C:\Users\FangYuxuan\Saved Games\Upper_VET6USB\Workspace\C_model_training\tactile\idw4\50ml\VET6_8chips_raw_stream_20260525_234811.csv,14,23.343840,-0.216558,1.441018
tactile,50ml,tactile_50ml,C:\Users\FangYuxuan\Saved Games\Upper_VET6USB\Workspace\C_model_training\tactile\idw4\50ml\VET6_8chips_raw_stream_20260525_234813.csv,21,23.959841,-0.234217,1.213209
tactile,50ml,tactile_50ml,C:\Users\FangYuxuan\Saved Games\Upper_VET6USB\Workspace\C_model_training\tactile\idw4\50ml\VET6_8chips_raw_stream_20260525_234814.csv,0,23.169827,-0.230973,1.218982
tactile,50ml,tactile_50ml,C:\Users\FangYuxuan\Saved Games\Upper_VET6USB\Workspace\C_model_training\tactile\idw4\50ml\VET6_8chips_raw_stream_20260525_234816.csv,12,23.919271,0.086531,1.530762
tactile,50ml,tactile_50ml,C:\Users\FangYuxuan\Saved Games\Upper_VET6USB\Workspace\C_model_training\tactile\idw4\50ml\VET6_8chips_raw_stream_20260525_234817.csv,15,23.333323,-0.186405,1.200688
tactile,50ml,tactile_50ml,C:\Users\FangYuxuan\Saved Games\Upper_VET6USB\Workspace\C_model_training\tactile\idw4\50ml\VET6_8chips_raw_stream_20260525_234819.csv,15,23.885643,0.057897,1.623960
tactile,50ml,tactile_50ml,C:\Users\FangYuxuan\Saved Games\Upper_VET6USB\Workspace\C_model_training\tactile\idw4\50ml\VET6_8chips_raw_stream_20260525_234820.csv,19,23.619209,-0.231121,1.227620
tactile,50ml,tactile_50ml,C:\Users\FangYuxuan\Saved Games\Upper_VET6USB\Workspace\C_model_training\tactile\idw4\50ml\VET6_8chips_raw_stream_20260525_234822.csv,3,23.024828,-0.232054,1.232482
tactile,50ml,tactile_50ml,C:\Users\FangYuxuan\Saved Games\Upper_VET6USB\Workspace\C_model_training\tactile\idw4\50ml\VET6_8chips_raw_stream_20260525_234823.csv,5,23.331837,-0.230395,1.239761
tactile,50ml,tactile_50ml,C:\Users\FangYuxuan\Saved Games\Upper_VET6USB\Workspace\C_model_training\tactile\idw4\50ml\VET6_8chips_raw_stream_20260525_234825.csv,12,23.952908,-0.236733,1.220705
tactile,50ml,tactile_50ml,C:\Users\FangYuxuan\Saved Games\Upper_VET6USB\Workspace\C_model_training\tactile\idw4\50ml\VET6_8chips_raw_stream_20260525_234826.csv,15,23.287775,-0.234608,1.235474
tactile,50ml,tactile_50ml,C:\Users\FangYuxuan\Saved Games\Upper_VET6USB\Workspace\C_model_training\tactile\idw4\50ml\VET6_8chips_raw_stream_20260525_234828.csv,12,23.736843,-0.236434,1.250925
tactile,50ml,tactile_50ml,C:\Users\FangYuxuan\Saved Games\Upper_VET6USB\Workspace\C_model_training\tactile\idw4\50ml\VET6_8chips_raw_stream_20260525_234842.csv,20,22.073790,2.482460,3.724885
tactile,50ml,tactile_50ml,C:\Users\FangYuxuan\Saved Games\Upper_VET6USB\Workspace\C_model_training\tactile\idw4\50ml\VET6_8chips_raw_stream_20260525_234843.csv,2,23.435080,2.478399,3.716827
tactile,50ml,tactile_50ml,C:\Users\FangYuxuan\Saved Games\Upper_VET6USB\Workspace\C_model_training\tactile\idw4\50ml\VET6_8chips_raw_stream_20260525_234845.csv,14,23.434458,2.469674,3.701239
tactile,50ml,tactile_50ml,C:\Users\FangYuxuan\Saved Games\Upper_VET6USB\Workspace\C_model_training\tactile\idw4\50ml\VET6_8chips_raw_stream_20260525_234846.csv,0,24.530182,2.844296,3.552448
tactile,50ml,tactile_50ml,C:\Users\FangYuxuan\Saved Games\Upper_VET6USB\Workspace\C_model_training\tactile\idw4\50ml\VET6_8chips_raw_stream_20260525_234847.csv,5,21.557661,2.597209,3.642947
tactile,50ml,tactile_50ml,C:\Users\FangYuxuan\Saved Games\Upper_VET6USB\Workspace\C_model_training\tactile\idw4\50ml\VET6_8chips_raw_stream_20260525_234849.csv,21,23.681824,2.607938,3.669241
tactile,50ml,tactile_50ml,C:\Users\FangYuxuan\Saved Games\Upper_VET6USB\Workspace\C_model_training\tactile\idw4\50ml\VET6_8chips_raw_stream_20260525_234850.csv,11,23.491270,2.605010,3.664566
tactile,50ml,tactile_50ml,C:\Users\FangYuxuan\Saved Games\Upper_VET6USB\Workspace\C_model_training\tactile\idw4\50ml\VET6_8chips_raw_stream_20260525_234852.csv,23,23.518154,2.863376,3.535885
tactile,50ml,tactile_50ml,C:\Users\FangYuxuan\Saved Games\Upper_VET6USB\Workspace\C_model_training\tactile\idw4\50ml\VET6_8chips_raw_stream_20260525_234853.csv,0,23.313875,3.095721,3.581720
tactile,50ml,tactile_50ml,C:\Users\FangYuxuan\Saved Games\Upper_VET6USB\Workspace\C_model_training\tactile\idw4\50ml\VET6_8chips_raw_stream_20260525_234854.csv,4,23.379150,2.849884,3.502962
tactile,50ml,tactile_50ml,C:\Users\FangYuxuan\Saved Games\Upper_VET6USB\Workspace\C_model_training\tactile\idw4\50ml\VET6_8chips_raw_stream_20260525_234856.csv,16,23.600019,3.049774,3.571374
tactile,50ml,tactile_50ml,C:\Users\FangYuxuan\Saved Games\Upper_VET6USB\Workspace\C_model_training\tactile\idw4\50ml\VET6_8chips_raw_stream_20260525_234857.csv,23,23.646763,3.047378,3.561792
tactile,50ml,tactile_50ml,C:\Users\FangYuxuan\Saved Games\Upper_VET6USB\Workspace\C_model_training\tactile\idw4\50ml\VET6_8chips_raw_stream_20260525_234858.csv,18,23.524593,3.332443,3.628079
tactile,50ml,tactile_50ml,C:\Users\FangYuxuan\Saved Games\Upper_VET6USB\Workspace\C_model_training\tactile\idw4\50ml\VET6_8chips_raw_stream_20260525_234900.csv,14,23.005398,3.328181,3.613321
tactile,50ml,tactile_50ml,C:\Users\FangYuxuan\Saved Games\Upper_VET6USB\Workspace\C_model_training\tactile\idw4\50ml\VET6_8chips_raw_stream_20260525_234901.csv,5,24.446856,3.326997,3.606936
tactile,50ml,tactile_50ml,C:\Users\FangYuxuan\Saved Games\Upper_VET6USB\Workspace\C_model_training\tactile\idw4\50ml\VET6_8chips_raw_stream_20260525_234902.csv,16,23.244722,3.325518,3.597049
tactile,50ml,tactile_50ml,C:\Users\FangYuxuan\Saved Games\Upper_VET6USB\Workspace\C_model_training\tactile\idw4\50ml\VET6_8chips_raw_stream_20260525_234903.csv,19,23.727322,3.320841,3.589323
tactile,50ml,tactile_50ml,C:\Users\FangYuxuan\Saved Games\Upper_VET6USB\Workspace\C_model_training\tactile\idw4\50ml\VET6_8chips_raw_stream_20260525_234905.csv,2,23.170160,3.352728,3.560146
tactile,50ml,tactile_50ml,C:\Users\FangYuxuan\Saved Games\Upper_VET6USB\Workspace\C_model_training\tactile\idw4\50ml\VET6_8chips_raw_stream_20260525_234907.csv,20,23.145262,3.314539,3.567077
tactile,50ml,tactile_50ml,C:\Users\FangYuxuan\Saved Games\Upper_VET6USB\Workspace\C_model_training\tactile\idw4\50ml\VET6_8chips_raw_stream_20260525_234918.csv,18,21.525095,3.147361,2.233149
tactile,50ml,tactile_50ml,C:\Users\FangYuxuan\Saved Games\Upper_VET6USB\Workspace\C_model_training\tactile\idw4\50ml\VET6_8chips_raw_stream_20260525_234919.csv,19,23.629204,3.019652,2.456894
tactile,50ml,tactile_50ml,C:\Users\FangYuxuan\Saved Games\Upper_VET6USB\Workspace\C_model_training\tactile\idw4\50ml\VET6_8chips_raw_stream_20260525_234921.csv,23,22.986723,3.135808,2.217013
tactile,50ml,tactile_50ml,C:\Users\FangYuxuan\Saved Games\Upper_VET6USB\Workspace\C_model_training\tactile\idw4\50ml\VET6_8chips_raw_stream_20260525_234922.csv,15,23.515419,2.843362,2.302262
tactile,50ml,tactile_50ml,C:\Users\FangYuxuan\Saved Games\Upper_VET6USB\Workspace\C_model_training\tactile\idw4\50ml\VET6_8chips_raw_stream_20260525_234924.csv,21,23.197634,3.012149,2.452862
tactile,50ml,tactile_50ml,C:\Users\FangYuxuan\Saved Games\Upper_VET6USB\Workspace\C_model_training\tactile\idw4\50ml\VET6_8chips_raw_stream_20260525_234925.csv,15,22.696194,3.006804,2.439082
tactile,50ml,tactile_50ml,C:\Users\FangYuxuan\Saved Games\Upper_VET6USB\Workspace\C_model_training\tactile\idw4\50ml\VET6_8chips_raw_stream_20260525_234927.csv,15,21.728827,3.126010,2.201100
tactile,50ml,tactile_50ml,C:\Users\FangYuxuan\Saved Games\Upper_VET6USB\Workspace\C_model_training\tactile\idw4\50ml\VET6_8chips_raw_stream_20260525_234928.csv,2,23.386452,3.006833,2.443131
tactile,50ml,tactile_50ml,C:\Users\FangYuxuan\Saved Games\Upper_VET6USB\Workspace\C_model_training\tactile\idw4\50ml\VET6_8chips_raw_stream_20260525_234930.csv,9,23.247667,3.123680,2.190597
tactile,50ml,tactile_50ml,C:\Users\FangYuxuan\Saved Games\Upper_VET6USB\Workspace\C_model_training\tactile\idw4\50ml\VET6_8chips_raw_stream_20260525_234931.csv,11,23.752239,3.120210,2.186218
tactile,50ml,tactile_50ml,C:\Users\FangYuxuan\Saved Games\Upper_VET6USB\Workspace\C_model_training\tactile\idw4\50ml\VET6_8chips_raw_stream_20260525_234933.csv,9,23.620363,2.862144,2.142291
tactile,50ml,tactile_50ml,C:\Users\FangYuxuan\Saved Games\Upper_VET6USB\Workspace\C_model_training\tactile\idw4\50ml\VET6_8chips_raw_stream_20260525_234934.csv,13,23.973980,3.000896,2.433320
tactile,50ml,tactile_50ml,C:\Users\FangYuxuan\Saved Games\Upper_VET6USB\Workspace\C_model_training\tactile\idw4\50ml\VET6_8chips_raw_stream_20260525_234940.csv,6,23.644129,3.009852,2.363419
tactile,50ml,tactile_50ml,C:\Users\FangYuxuan\Saved Games\Upper_VET6USB\Workspace\C_model_training\tactile\idw4\50ml\VET6_8chips_raw_stream_20260525_234943.csv,0,23.775499,2.538378,2.193548
tactile,50ml,tactile_50ml,C:\Users\FangYuxuan\Saved Games\Upper_VET6USB\Workspace\C_model_training\tactile\idw4\50ml\VET6_8chips_raw_stream_20260525_234952.csv,15,22.416918,5.204297,-0.232008
tactile,50ml,tactile_50ml,C:\Users\FangYuxuan\Saved Games\Upper_VET6USB\Workspace\C_model_training\tactile\idw4\50ml\VET6_8chips_raw_stream_20260525_234953.csv,19,22.306816,5.195118,-0.250909
tactile,50ml,tactile_50ml,C:\Users\FangYuxuan\Saved Games\Upper_VET6USB\Workspace\C_model_training\tactile\idw4\50ml\VET6_8chips_raw_stream_20260525_234955.csv,10,23.551895,5.182397,-0.278319
tactile,50ml,tactile_50ml,C:\Users\FangYuxuan\Saved Games\Upper_VET6USB\Workspace\C_model_training\tactile\idw4\50ml\VET6_8chips_raw_stream_20260525_234957.csv,0,22.715799,5.173127,-0.294466
tactile,50ml,tactile_50ml,C:\Users\FangYuxuan\Saved Games\Upper_VET6USB\Workspace\C_model_training\tactile\idw4\50ml\VET6_8chips_raw_stream_20260525_234959.csv,0,23.243038,5.162776,-0.315211
tactile,50ml,tactile_50ml,C:\Users\FangYuxuan\Saved Games\Upper_VET6USB\Workspace\C_model_training\tactile\idw4\50ml\VET6_8chips_raw_stream_20260525_235000.csv,0,21.708511,5.161555,-0.316155
tactile,50ml,tactile_50ml,C:\Users\FangYuxuan\Saved Games\Upper_VET6USB\Workspace\C_model_training\tactile\idw4\50ml\VET6_8chips_raw_stream_20260525_235002.csv,1,23.649900,5.113076,-0.292072
tactile,50ml,tactile_50ml,C:\Users\FangYuxuan\Saved Games\Upper_VET6USB\Workspace\C_model_training\tactile\idw4\50ml\VET6_8chips_raw_stream_20260525_235007.csv,23,23.214092,5.289959,-0.301317
tactile,50ml,tactile_50ml,C:\Users\FangYuxuan\Saved Games\Upper_VET6USB\Workspace\C_model_training\tactile\idw4\50ml\VET6_8chips_raw_stream_20260525_235008.csv,15,21.816914,5.291516,-0.298813
tactile,50ml,tactile_50ml,C:\Users\FangYuxuan\Saved Games\Upper_VET6USB\Workspace\C_model_training\tactile\idw4\50ml\VET6_8chips_raw_stream_20260525_235010.csv,6,22.332741,5.280133,-0.322223
tactile,50ml,tactile_50ml,C:\Users\FangYuxuan\Saved Games\Upper_VET6USB\Workspace\C_model_training\tactile\idw4\50ml\VET6_8chips_raw_stream_20260525_235012.csv,21,23.472229,5.281105,-0.315033
tactile,50ml,tactile_50ml,C:\Users\FangYuxuan\Saved Games\Upper_VET6USB\Workspace\C_model_training\tactile\idw4\50ml\VET6_8chips_raw_stream_20260525_235014.csv,5,22.711235,5.277456,-0.326540
tactile,50ml,tactile_50ml,C:\Users\FangYuxuan\Saved Games\Upper_VET6USB\Workspace\C_model_training\tactile\idw4\50ml\VET6_8chips_raw_stream_20260525_235016.csv,5,23.727619,5.269884,-0.348235
tactile,50ml,tactile_50ml,C:\Users\FangYuxuan\Saved Games\Upper_VET6USB\Workspace\C_model_training\tactile\idw4\50ml\VET6_8chips_raw_stream_20260525_235019.csv,6,23.783302,5.269496,-0.338988
tactile,50ml,tactile_50ml,C:\Users\FangYuxuan\Saved Games\Upper_VET6USB\Workspace\C_model_training\tactile\idw4\50ml\VET6_8chips_raw_stream_20260525_235029.csv,10,20.935556,5.132421,0.159136
tactile,50ml,tactile_50ml,C:\Users\FangYuxuan\Saved Games\Upper_VET6USB\Workspace\C_model_training\tactile\idw4\50ml\VET6_8chips_raw_stream_20260525_235031.csv,18,22.370899,5.202802,-0.020668
tactile,50ml,tactile_50ml,C:\Users\FangYuxuan\Saved Games\Upper_VET6USB\Workspace\C_model_training\tactile\idw4\50ml\VET6_8chips_raw_stream_20260525_235032.csv,15,23.206646,5.289544,-0.128194
tactile,50ml,tactile_50ml,C:\Users\FangYuxuan\Saved Games\Upper_VET6USB\Workspace\C_model_training\tactile\idw4\50ml\VET6_8chips_raw_stream_20260525_235034.csv,13,23.219603,5.280866,-0.147222
tactile,50ml,tactile_50ml,C:\Users\FangYuxuan\Saved Games\Upper_VET6USB\Workspace\C_model_training\tactile\idw4\50ml\VET6_8chips_raw_stream_20260525_235035.csv,21,23.367588,5.273242,-0.159110
tactile,50ml,tactile_50ml,C:\Users\FangYuxuan\Saved Games\Upper_VET6USB\Workspace\C_model_training\tactile\idw4\50ml\VET6_8chips_raw_stream_20260525_235036.csv,17,23.187574,5.266329,-0.171925
tactile,50ml,tactile_50ml,C:\Users\FangYuxuan\Saved Games\Upper_VET6USB\Workspace\C_model_training\tactile\idw4\50ml\VET6_8chips_raw_stream_20260525_235038.csv,2,22.837921,5.262321,-0.180879
tactile,50ml,tactile_50ml,C:\Users\FangYuxuan\Saved Games\Upper_VET6USB\Workspace\C_model_training\tactile\idw4\50ml\VET6_8chips_raw_stream_20260525_235039.csv,22,21.955473,5.319394,-0.209462
tactile,50ml,tactile_50ml,C:\Users\FangYuxuan\Saved Games\Upper_VET6USB\Workspace\C_model_training\tactile\idw4\50ml\VET6_8chips_raw_stream_20260525_235041.csv,20,22.953110,5.310029,-0.230885
tactile,50ml,tactile_50ml,C:\Users\FangYuxuan\Saved Games\Upper_VET6USB\Workspace\C_model_training\tactile\idw4\50ml\VET6_8chips_raw_stream_20260525_235042.csv,6,23.255312,5.307138,-0.227466
tactile,50ml,tactile_50ml,C:\Users\FangYuxuan\Saved Games\Upper_VET6USB\Workspace\C_model_training\tactile\idw4\50ml\VET6_8chips_raw_stream_20260525_235043.csv,18,23.862726,5.384348,-0.259597
tactile,50ml,tactile_50ml,C:\Users\FangYuxuan\Saved Games\Upper_VET6USB\Workspace\C_model_training\tactile\idw4\50ml\VET6_8chips_raw_stream_20260525_235057.csv,9,23.657555,1.619311,1.892102
tactile,50ml,tactile_50ml,C:\Users\FangYuxuan\Saved Games\Upper_VET6USB\Workspace\C_model_training\tactile\idw4\50ml\VET6_8chips_raw_stream_20260525_235058.csv,12,22.509548,1.301370,2.197180
tactile,50ml,tactile_50ml,C:\Users\FangYuxuan\Saved Games\Upper_VET6USB\Workspace\C_model_training\tactile\idw4\50ml\VET6_8chips_raw_stream_20260525_235100.csv,5,23.821945,1.520178,2.268517
tactile,50ml,tactile_50ml,C:\Users\FangYuxuan\Saved Games\Upper_VET6USB\Workspace\C_model_training\tactile\idw4\50ml\VET6_8chips_raw_stream_20260525_235101.csv,20,22.878283,1.975714,2.445299
tactile,50ml,tactile_50ml,C:\Users\FangYuxuan\Saved Games\Upper_VET6USB\Workspace\C_model_training\tactile\idw4\50ml\VET6_8chips_raw_stream_20260525_235102.csv,6,22.684406,2.121917,2.413361
tactile,50ml,tactile_50ml,C:\Users\FangYuxuan\Saved Games\Upper_VET6USB\Workspace\C_model_training\tactile\idw4\50ml\VET6_8chips_raw_stream_20260525_235104.csv,12,22.076237,1.629548,1.432775
tactile,50ml,tactile_50ml,C:\Users\FangYuxuan\Saved Games\Upper_VET6USB\Workspace\C_model_training\tactile\idw4\50ml\VET6_8chips_raw_stream_20260525_235106.csv,16,21.940397,1.351260,1.156261
tactile,50ml,tactile_50ml,C:\Users\FangYuxuan\Saved Games\Upper_VET6USB\Workspace\C_model_training\tactile\idw4\50ml\VET6_8chips_raw_stream_20260525_235108.csv,14,23.763874,1.344204,1.122359
tactile,50ml,tactile_50ml,C:\Users\FangYuxuan\Saved Games\Upper_VET6USB\Workspace\C_model_training\tactile\idw4\50ml\VET6_8chips_raw_stream_20260525_235109.csv,0,22.134233,2.091390,1.192338
tactile,50ml,tactile_50ml,C:\Users\FangYuxuan\Saved Games\Upper_VET6USB\Workspace\C_model_training\tactile\idw4\50ml\VET6_8chips_raw_stream_20260525_235111.csv,12,21.815058,1.804002,0.883334
tactile,50ml,tactile_50ml,C:\Users\FangYuxuan\Saved Games\Upper_VET6USB\Workspace\C_model_training\tactile\idw4\50ml\VET6_8chips_raw_stream_20260525_235112.csv,5,22.773375,1.799829,0.869514
tactile,50ml,tactile_50ml,C:\Users\FangYuxuan\Saved Games\Upper_VET6USB\Workspace\C_model_training\tactile\idw4\50ml\VET6_8chips_raw_stream_20260525_235113.csv,6,23.408695,1.836016,0.804895
tactile,50ml,tactile_50ml,C:\Users\FangYuxuan\Saved Games\Upper_VET6USB\Workspace\C_model_training\tactile\idw4\50ml\VET6_8chips_raw_stream_20260525_235115.csv,14,22.786272,1.837897,0.835788
tactile,50ml,tactile_50ml,C:\Users\FangYuxuan\Saved Games\Upper_VET6USB\Workspace\C_model_training\tactile\idw4\50ml\VET6_8chips_raw_stream_20260525_235116.csv,9,23.642096,1.834422,0.814086
tactile,50ml,tactile_50ml,C:\Users\FangYuxuan\Saved Games\Upper_VET6USB\Workspace\C_model_training\tactile\idw4\50ml\VET6_8chips_raw_stream_20260525_235122.csv,3,21.589209,-1.047791,0.709174
tactile,50ml,tactile_50ml,C:\Users\FangYuxuan\Saved Games\Upper_VET6USB\Workspace\C_model_training\tactile\idw4\50ml\VET6_8chips_raw_stream_20260525_235124.csv,13,23.197035,-1.088183,0.617740
tactile,50ml,tactile_50ml,C:\Users\FangYuxuan\Saved Games\Upper_VET6USB\Workspace\C_model_training\tactile\idw4\50ml\VET6_8chips_raw_stream_20260525_235125.csv,12,23.349352,-1.110953,0.574653
tactile,50ml,tactile_50ml,C:\Users\FangYuxuan\Saved Games\Upper_VET6USB\Workspace\C_model_training\tactile\idw4\50ml\VET6_8chips_raw_stream_20260525_235127.csv,22,22.677912,-1.124514,0.542685
tactile,50ml,tactile_50ml,C:\Users\FangYuxuan\Saved Games\Upper_VET6USB\Workspace\C_model_training\tactile\idw4\50ml\VET6_8chips_raw_stream_20260525_235128.csv,13,23.226763,-1.128076,0.529842
tactile,50ml,tactile_50ml,C:\Users\FangYuxuan\Saved Games\Upper_VET6USB\Workspace\C_model_training\tactile\idw4\50ml\VET6_8chips_raw_stream_20260525_235129.csv,6,20.891691,-1.649835,-0.496185
tactile,50ml,tactile_50ml,C:\Users\FangYuxuan\Saved Games\Upper_VET6USB\Workspace\C_model_training\tactile\idw4\50ml\VET6_8chips_raw_stream_20260525_235130.csv,12,23.954512,-1.657485,-0.521682
tactile,50ml,tactile_50ml,C:\Users\FangYuxuan\Saved Games\Upper_VET6USB\Workspace\C_model_training\tactile\idw4\50ml\VET6_8chips_raw_stream_20260525_235131.csv,10,22.960159,-1.646975,-0.496926
tactile,50ml,tactile_50ml,C:\Users\FangYuxuan\Saved Games\Upper_VET6USB\Workspace\C_model_training\tactile\idw4\50ml\VET6_8chips_raw_stream_20260525_235133.csv,16,23.676886,-1.660978,-0.526585
tactile,100ml,tactile_100ml,C:\Users\FangYuxuan\Saved Games\Upper_VET6USB\Workspace\C_model_training\tactile\idw4\100ml\VET6_8chips_raw_stream_20260525_230519.csv,8,23.732317,-0.781937,1.148293
tactile,100ml,tactile_100ml,C:\Users\FangYuxuan\Saved Games\Upper_VET6USB\Workspace\C_model_training\tactile\idw4\100ml\VET6_8chips_raw_stream_20260525_230521.csv,13,23.024937,-0.774425,1.168184
tactile,100ml,tactile_100ml,C:\Users\FangYuxuan\Saved Games\Upper_VET6USB\Workspace\C_model_training\tactile\idw4\100ml\VET6_8chips_raw_stream_20260525_230522.csv,19,22.950403,-0.930242,0.851474
tactile,100ml,tactile_100ml,C:\Users\FangYuxuan\Saved Games\Upper_VET6USB\Workspace\C_model_training\tactile\idw4\100ml\VET6_8chips_raw_stream_20260525_230523.csv,8,23.195738,-0.936828,0.673982
tactile,100ml,tactile_100ml,C:\Users\FangYuxuan\Saved Games\Upper_VET6USB\Workspace\C_model_training\tactile\idw4\100ml\VET6_8chips_raw_stream_20260525_230536.csv,21,22.835560,-1.329621,3.366774
tactile,100ml,tactile_100ml,C:\Users\FangYuxuan\Saved Games\Upper_VET6USB\Workspace\C_model_training\tactile\idw4\100ml\VET6_8chips_raw_stream_20260525_230537.csv,5,23.770500,-1.351987,3.331257
tactile,100ml,tactile_100ml,C:\Users\FangYuxuan\Saved Games\Upper_VET6USB\Workspace\C_model_training\tactile\idw4\100ml\VET6_8chips_raw_stream_20260525_230539.csv,12,21.797497,-1.277318,3.281007
tactile,100ml,tactile_100ml,C:\Users\FangYuxuan\Saved Games\Upper_VET6USB\Workspace\C_model_training\tactile\idw4\100ml\VET6_8chips_raw_stream_20260525_230540.csv,11,22.252802,-1.290808,3.262247
tactile,100ml,tactile_100ml,C:\Users\FangYuxuan\Saved Games\Upper_VET6USB\Workspace\C_model_training\tactile\idw4\100ml\VET6_8chips_raw_stream_20260525_230541.csv,18,23.574268,-1.299518,3.251582
tactile,100ml,tactile_100ml,C:\Users\FangYuxuan\Saved Games\Upper_VET6USB\Workspace\C_model_training\tactile\idw4\100ml\VET6_8chips_raw_stream_20260525_230542.csv,1,23.253777,-1.301883,3.248873
tactile,100ml,tactile_100ml,C:\Users\FangYuxuan\Saved Games\Upper_VET6USB\Workspace\C_model_training\tactile\idw4\100ml\VET6_8chips_raw_stream_20260525_230543.csv,12,23.448879,-1.320715,3.212862
tactile,100ml,tactile_100ml,C:\Users\FangYuxuan\Saved Games\Upper_VET6USB\Workspace\C_model_training\tactile\idw4\100ml\VET6_8chips_raw_stream_20260525_230545.csv,7,23.169617,-1.332291,3.194683
tactile,100ml,tactile_100ml,C:\Users\FangYuxuan\Saved Games\Upper_VET6USB\Workspace\C_model_training\tactile\idw4\100ml\VET6_8chips_raw_stream_20260525_230546.csv,1,22.504219,-1.329219,3.203865
tactile,100ml,tactile_100ml,C:\Users\FangYuxuan\Saved Games\Upper_VET6USB\Workspace\C_model_training\tactile\idw4\100ml\VET6_8chips_raw_stream_20260525_230547.csv,21,23.530952,-1.435284,3.200821
tactile,100ml,tactile_100ml,C:\Users\FangYuxuan\Saved Games\Upper_VET6USB\Workspace\C_model_training\tactile\idw4\100ml\VET6_8chips_raw_stream_20260525_230556.csv,8,21.919989,0.632805,0.118641
tactile,100ml,tactile_100ml,C:\Users\FangYuxuan\Saved Games\Upper_VET6USB\Workspace\C_model_training\tactile\idw4\100ml\VET6_8chips_raw_stream_20260525_230557.csv,14,22.384150,0.701520,0.305648
tactile,100ml,tactile_100ml,C:\Users\FangYuxuan\Saved Games\Upper_VET6USB\Workspace\C_model_training\tactile\idw4\100ml\VET6_8chips_raw_stream_20260525_230558.csv,18,22.489191,0.779006,0.258383
tactile,100ml,tactile_100ml,C:\Users\FangYuxuan\Saved Games\Upper_VET6USB\Workspace\C_model_training\tactile\idw4\100ml\VET6_8chips_raw_stream_20260525_230559.csv,1,23.136562,0.782454,0.266358
tactile,100ml,tactile_100ml,C:\Users\FangYuxuan\Saved Games\Upper_VET6USB\Workspace\C_model_training\tactile\idw4\100ml\VET6_8chips_raw_stream_20260525_230601.csv,18,22.782555,0.768475,0.230080
tactile,100ml,tactile_100ml,C:\Users\FangYuxuan\Saved Games\Upper_VET6USB\Workspace\C_model_training\tactile\idw4\100ml\VET6_8chips_raw_stream_20260525_230602.csv,2,23.072140,0.583447,0.021540
tactile,100ml,tactile_100ml,C:\Users\FangYuxuan\Saved Games\Upper_VET6USB\Workspace\C_model_training\tactile\idw4\100ml\VET6_8chips_raw_stream_20260525_230603.csv,21,22.524084,0.574713,0.008806
tactile,100ml,tactile_100ml,C:\Users\FangYuxuan\Saved Games\Upper_VET6USB\Workspace\C_model_training\tactile\idw4\100ml\VET6_8chips_raw_stream_20260525_230605.csv,5,23.527788,0.752114,0.195751
tactile,100ml,tactile_100ml,C:\Users\FangYuxuan\Saved Games\Upper_VET6USB\Workspace\C_model_training\tactile\idw4\100ml\VET6_8chips_raw_stream_20260525_230606.csv,20,21.907370,0.424244,-0.121363
tactile,100ml,tactile_100ml,C:\Users\FangYuxuan\Saved Games\Upper_VET6USB\Workspace\C_model_training\tactile\idw4\100ml\VET6_8chips_raw_stream_20260525_230613.csv,17,22.227295,-2.122422,1.449802
tactile,100ml,tactile_100ml,C:\Users\FangYuxuan\Saved Games\Upper_VET6USB\Workspace\C_model_training\tactile\idw4\100ml\VET6_8chips_raw_stream_20260525_230614.csv,18,21.372986,-1.978326,1.862153
tactile,100ml,tactile_100ml,C:\Users\FangYuxuan\Saved Games\Upper_VET6USB\Workspace\C_model_training\tactile\idw4\100ml\VET6_8chips_raw_stream_20260525_230615.csv,3,22.590618,-1.986652,1.848270
tactile,100ml,tactile_100ml,C:\Users\FangYuxuan\Saved Games\Upper_VET6USB\Workspace\C_model_training\tactile\idw4\100ml\VET6_8chips_raw_stream_20260525_230616.csv,21,22.189230,-2.021089,1.774769
tactile,100ml,tactile_100ml,C:\Users\FangYuxuan\Saved Games\Upper_VET6USB\Workspace\C_model_training\tactile\idw4\100ml\VET6_8chips_raw_stream_20260525_230618.csv,18,19.805248,-1.813470,1.992142
tactile,100ml,tactile_100ml,C:\Users\FangYuxuan\Saved Games\Upper_VET6USB\Workspace\C_model_training\tactile\idw4\100ml\VET6_8chips_raw_stream_20260525_230624.csv,17,23.667917,-2.829344,2.050312
tactile,100ml,tactile_100ml,C:\Users\FangYuxuan\Saved Games\Upper_VET6USB\Workspace\C_model_training\tactile\idw4\100ml\VET6_8chips_raw_stream_20260525_230625.csv,20,21.190290,-2.477109,1.281932
tactile,100ml,tactile_100ml,C:\Users\FangYuxuan\Saved Games\Upper_VET6USB\Workspace\C_model_training\tactile\idw4\100ml\VET6_8chips_raw_stream_20260525_230626.csv,5,21.232143,-2.496741,1.231219
tactile,100ml,tactile_100ml,C:\Users\FangYuxuan\Saved Games\Upper_VET6USB\Workspace\C_model_training\tactile\idw4\100ml\VET6_8chips_raw_stream_20260525_230628.csv,9,23.244490,-2.403874,0.930026
tactile,100ml,tactile_100ml,C:\Users\FangYuxuan\Saved Games\Upper_VET6USB\Workspace\C_model_training\tactile\idw4\100ml\VET6_8chips_raw_stream_20260525_230629.csv,14,23.146631,-2.431443,0.872826
tactile,100ml,tactile_100ml,C:\Users\FangYuxuan\Saved Games\Upper_VET6USB\Workspace\C_model_training\tactile\idw4\100ml\VET6_8chips_raw_stream_20260525_230630.csv,12,23.337770,-2.409340,0.792385
tactile,100ml,tactile_100ml,C:\Users\FangYuxuan\Saved Games\Upper_VET6USB\Workspace\C_model_training\tactile\idw4\100ml\VET6_8chips_raw_stream_20260525_230631.csv,7,23.384277,-2.424928,0.758101
tactile,100ml,tactile_100ml,C:\Users\FangYuxuan\Saved Games\Upper_VET6USB\Workspace\C_model_training\tactile\idw4\100ml\VET6_8chips_raw_stream_20260525_230632.csv,3,23.852516,-2.445540,0.719666
tactile,100ml,tactile_100ml,C:\Users\FangYuxuan\Saved Games\Upper_VET6USB\Workspace\C_model_training\tactile\idw4\100ml\VET6_8chips_raw_stream_20260525_230634.csv,20,22.674812,-2.459367,0.701002
tactile,100ml,tactile_100ml,C:\Users\FangYuxuan\Saved Games\Upper_VET6USB\Workspace\C_model_training\tactile\idw4\100ml\VET6_8chips_raw_stream_20260525_230643.csv,8,22.215801,0.870637,0.771277
tactile,100ml,tactile_100ml,C:\Users\FangYuxuan\Saved Games\Upper_VET6USB\Workspace\C_model_training\tactile\idw4\100ml\VET6_8chips_raw_stream_20260525_230644.csv,18,22.838715,0.979109,0.828574
tactile,100ml,tactile_100ml,C:\Users\FangYuxuan\Saved Games\Upper_VET6USB\Workspace\C_model_training\tactile\idw4\100ml\VET6_8chips_raw_stream_20260525_230645.csv,1,19.848436,0.968952,0.807417
tactile,100ml,tactile_100ml,C:\Users\FangYuxuan\Saved Games\Upper_VET6USB\Workspace\C_model_training\tactile\idw4\100ml\VET6_8chips_raw_stream_20260525_230647.csv,14,23.592049,0.975545,0.740563
tactile,100ml,tactile_100ml,C:\Users\FangYuxuan\Saved Games\Upper_VET6USB\Workspace\C_model_training\tactile\idw4\100ml\VET6_8chips_raw_stream_20260525_230648.csv,7,21.793575,0.972596,0.735629
tactile,100ml,tactile_100ml,C:\Users\FangYuxuan\Saved Games\Upper_VET6USB\Workspace\C_model_training\tactile\idw4\100ml\VET6_8chips_raw_stream_20260525_230651.csv,0,22.783434,1.103846,0.603591
tactile,100ml,tactile_100ml,C:\Users\FangYuxuan\Saved Games\Upper_VET6USB\Workspace\C_model_training\tactile\idw4\100ml\VET6_8chips_raw_stream_20260525_230652.csv,18,23.153109,1.110711,0.621114
tactile,100ml,tactile_100ml,C:\Users\FangYuxuan\Saved Games\Upper_VET6USB\Workspace\C_model_training\tactile\idw4\100ml\VET6_8chips_raw_stream_20260525_230653.csv,20,23.512333,1.108564,0.621956
tactile,100ml,tactile_100ml,C:\Users\FangYuxuan\Saved Games\Upper_VET6USB\Workspace\C_model_training\tactile\idw4\100ml\VET6_8chips_raw_stream_20260525_230655.csv,3,22.664948,1.108786,0.619718
tactile,100ml,tactile_100ml,C:\Users\FangYuxuan\Saved Games\Upper_VET6USB\Workspace\C_model_training\tactile\idw4\100ml\VET6_8chips_raw_stream_20260525_230656.csv,0,23.586313,1.104106,0.608609
tactile,100ml,tactile_100ml,C:\Users\FangYuxuan\Saved Games\Upper_VET6USB\Workspace\C_model_training\tactile\idw4\100ml\VET6_8chips_raw_stream_20260525_230715.csv,21,22.546171,2.937630,0.767797
tactile,100ml,tactile_100ml,C:\Users\FangYuxuan\Saved Games\Upper_VET6USB\Workspace\C_model_training\tactile\idw4\100ml\VET6_8chips_raw_stream_20260525_230716.csv,1,24.035667,3.166022,0.954591
tactile,100ml,tactile_100ml,C:\Users\FangYuxuan\Saved Games\Upper_VET6USB\Workspace\C_model_training\tactile\idw4\100ml\VET6_8chips_raw_stream_20260525_230717.csv,20,22.618706,3.161448,0.992146
tactile,100ml,tactile_100ml,C:\Users\FangYuxuan\Saved Games\Upper_VET6USB\Workspace\C_model_training\tactile\idw4\100ml\VET6_8chips_raw_stream_20260525_230718.csv,15,23.628353,3.159445,0.988291
tactile,100ml,tactile_100ml,C:\Users\FangYuxuan\Saved Games\Upper_VET6USB\Workspace\C_model_training\tactile\idw4\100ml\VET6_8chips_raw_stream_20260525_230719.csv,18,23.313587,2.888383,0.822439
tactile,100ml,tactile_100ml,C:\Users\FangYuxuan\Saved Games\Upper_VET6USB\Workspace\C_model_training\tactile\idw4\100ml\VET6_8chips_raw_stream_20260525_230721.csv,12,22.671400,2.889218,0.871534
tactile,100ml,tactile_100ml,C:\Users\FangYuxuan\Saved Games\Upper_VET6USB\Workspace\C_model_training\tactile\idw4\100ml\VET6_8chips_raw_stream_20260525_230722.csv,6,23.657965,2.630990,0.575962
tactile,100ml,tactile_100ml,C:\Users\FangYuxuan\Saved Games\Upper_VET6USB\Workspace\C_model_training\tactile\idw4\100ml\VET6_8chips_raw_stream_20260525_230723.csv,16,23.447392,2.629939,0.575688
tactile,100ml,tactile_100ml,C:\Users\FangYuxuan\Saved Games\Upper_VET6USB\Workspace\C_model_training\tactile\idw4\100ml\VET6_8chips_raw_stream_20260525_230724.csv,0,22.762022,2.634594,0.539691
tactile,100ml,tactile_100ml,C:\Users\FangYuxuan\Saved Games\Upper_VET6USB\Workspace\C_model_training\tactile\idw4\100ml\VET6_8chips_raw_stream_20260525_230725.csv,1,24.168072,2.632642,0.580713
tactile,100ml,tactile_100ml,C:\Users\FangYuxuan\Saved Games\Upper_VET6USB\Workspace\C_model_training\tactile\idw4\100ml\VET6_8chips_raw_stream_20260525_230727.csv,20,24.037411,2.638902,0.553898
tactile,100ml,tactile_100ml,C:\Users\FangYuxuan\Saved Games\Upper_VET6USB\Workspace\C_model_training\tactile\idw4\100ml\VET6_8chips_raw_stream_20260525_230728.csv,8,23.211899,2.639069,0.556389
tactile,100ml,tactile_100ml,C:\Users\FangYuxuan\Saved Games\Upper_VET6USB\Workspace\C_model_training\tactile\idw4\100ml\VET6_8chips_raw_stream_20260525_230802.csv,12,23.705652,-2.220897,1.805750
tactile,100ml,tactile_100ml,C:\Users\FangYuxuan\Saved Games\Upper_VET6USB\Workspace\C_model_training\tactile\idw4\100ml\VET6_8chips_raw_stream_20260525_230803.csv,13,22.167768,-2.424517,1.668685
tactile,100ml,tactile_100ml,C:\Users\FangYuxuan\Saved Games\Upper_VET6USB\Workspace\C_model_training\tactile\idw4\100ml\VET6_8chips_raw_stream_20260525_230804.csv,8,23.229397,-2.547336,0.576107
tactile,100ml,tactile_100ml,C:\Users\FangYuxuan\Saved Games\Upper_VET6USB\Workspace\C_model_training\tactile\idw4\100ml\VET6_8chips_raw_stream_20260525_230805.csv,6,22.851593,-2.521151,1.055134
tactile,100ml,tactile_100ml,C:\Users\FangYuxuan\Saved Games\Upper_VET6USB\Workspace\C_model_training\tactile\idw4\100ml\VET6_8chips_raw_stream_20260525_230806.csv,6,23.698488,-2.448313,1.861194
tactile,100ml,tactile_100ml,C:\Users\FangYuxuan\Saved Games\Upper_VET6USB\Workspace\C_model_training\tactile\idw4\100ml\VET6_8chips_raw_stream_20260525_230808.csv,19,23.222427,-2.432178,1.656126
tactile,100ml,tactile_100ml,C:\Users\FangYuxuan\Saved Games\Upper_VET6USB\Workspace\C_model_training\tactile\idw4\100ml\VET6_8chips_raw_stream_20260525_230809.csv,9,21.975506,-2.438697,1.643117
tactile,100ml,tactile_100ml,C:\Users\FangYuxuan\Saved Games\Upper_VET6USB\Workspace\C_model_training\tactile\idw4\100ml\VET6_8chips_raw_stream_20260525_230810.csv,3,22.986515,-2.437812,1.641729
tactile,100ml,tactile_100ml,C:\Users\FangYuxuan\Saved Games\Upper_VET6USB\Workspace\C_model_training\tactile\idw4\100ml\VET6_8chips_raw_stream_20260525_230811.csv,1,22.598038,-2.445190,1.319310
tactile,100ml,tactile_100ml,C:\Users\FangYuxuan\Saved Games\Upper_VET6USB\Workspace\C_model_training\tactile\idw4\100ml\VET6_8chips_raw_stream_20260525_230812.csv,8,23.004103,-2.445359,1.319128
tactile,100ml,tactile_100ml,C:\Users\FangYuxuan\Saved Games\Upper_VET6USB\Workspace\C_model_training\tactile\idw4\100ml\VET6_8chips_raw_stream_20260525_230813.csv,6,24.162462,-2.529826,1.711586
tactile,100ml,tactile_100ml,C:\Users\FangYuxuan\Saved Games\Upper_VET6USB\Workspace\C_model_training\tactile\idw4\100ml\VET6_8chips_raw_stream_20260525_230814.csv,3,23.452038,-2.452140,1.607252
tactile,100ml,tactile_100ml,C:\Users\FangYuxuan\Saved Games\Upper_VET6USB\Workspace\C_model_training\tactile\idw4\100ml\VET6_8chips_raw_stream_20260525_230816.csv,0,23.344463,-2.446824,1.617578
tactile,100ml,tactile_100ml,C:\Users\FangYuxuan\Saved Games\Upper_VET6USB\Workspace\C_model_training\tactile\idw4\100ml\VET6_8chips_raw_stream_20260525_230817.csv,2,22.997910,-2.443245,1.628965
tactile,100ml,tactile_100ml,C:\Users\FangYuxuan\Saved Games\Upper_VET6USB\Workspace\C_model_training\tactile\idw4\100ml\VET6_8chips_raw_stream_20260525_230818.csv,16,23.692459,-2.520903,1.430290
tactile,100ml,tactile_100ml,C:\Users\FangYuxuan\Saved Games\Upper_VET6USB\Workspace\C_model_training\tactile\idw4\100ml\VET6_8chips_raw_stream_20260525_230819.csv,10,24.106520,-2.520491,1.434181
tactile,100ml,tactile_100ml,C:\Users\FangYuxuan\Saved Games\Upper_VET6USB\Workspace\C_model_training\tactile\idw4\100ml\VET6_8chips_raw_stream_20260525_230820.csv,14,22.933563,-2.416676,1.631124
tactile,100ml,tactile_100ml,C:\Users\FangYuxuan\Saved Games\Upper_VET6USB\Workspace\C_model_training\tactile\idw4\100ml\VET6_8chips_raw_stream_20260525_230821.csv,13,23.445637,-2.521315,1.429632
tactile,100ml,tactile_100ml,C:\Users\FangYuxuan\Saved Games\Upper_VET6USB\Workspace\C_model_training\tactile\idw4\100ml\VET6_8chips_raw_stream_20260525_230822.csv,11,24.417864,-2.417488,1.631954
tactile,100ml,tactile_100ml,C:\Users\FangYuxuan\Saved Games\Upper_VET6USB\Workspace\C_model_training\tactile\idw4\100ml\VET6_8chips_raw_stream_20260525_230841.csv,8,23.528223,-1.220834,0.344737
tactile,100ml,tactile_100ml,C:\Users\FangYuxuan\Saved Games\Upper_VET6USB\Workspace\C_model_training\tactile\idw4\100ml\VET6_8chips_raw_stream_20260525_230843.csv,16,22.368649,-0.906092,0.688582
tactile,100ml,tactile_100ml,C:\Users\FangYuxuan\Saved Games\Upper_VET6USB\Workspace\C_model_training\tactile\idw4\100ml\VET6_8chips_raw_stream_20260525_230844.csv,19,22.564898,-0.791685,0.960160
tactile,100ml,tactile_100ml,C:\Users\FangYuxuan\Saved Games\Upper_VET6USB\Workspace\C_model_training\tactile\idw4\100ml\VET6_8chips_raw_stream_20260525_230845.csv,21,24.043152,-0.963522,0.737707
tactile,100ml,tactile_100ml,C:\Users\FangYuxuan\Saved Games\Upper_VET6USB\Workspace\C_model_training\tactile\idw4\100ml\VET6_8chips_raw_stream_20260525_230847.csv,10,23.279448,-0.966694,0.736115
tactile,100ml,tactile_100ml,C:\Users\FangYuxuan\Saved Games\Upper_VET6USB\Workspace\C_model_training\tactile\idw4\100ml\VET6_8chips_raw_stream_20260525_230848.csv,3,23.098618,-0.930083,0.695426
tactile,100ml,tactile_100ml,C:\Users\FangYuxuan\Saved Games\Upper_VET6USB\Workspace\C_model_training\tactile\idw4\100ml\VET6_8chips_raw_stream_20260525_230849.csv,9,23.394966,-1.122264,0.226394
tactile,100ml,tactile_100ml,C:\Users\FangYuxuan\Saved Games\Upper_VET6USB\Workspace\C_model_training\tactile\idw4\100ml\VET6_8chips_raw_stream_20260525_230850.csv,22,22.589886,-0.934668,0.694313
tactile,100ml,tactile_100ml,C:\Users\FangYuxuan\Saved Games\Upper_VET6USB\Workspace\C_model_training\tactile\idw4\100ml\VET6_8chips_raw_stream_20260525_230851.csv,13,23.178576,-1.222728,0.123950
tactile,100ml,tactile_100ml,C:\Users\FangYuxuan\Saved Games\Upper_VET6USB\Workspace\C_model_training\tactile\idw4\100ml\VET6_8chips_raw_stream_20260525_230853.csv,19,22.997185,-1.083186,0.214813
tactile,100ml,tactile_100ml,C:\Users\FangYuxuan\Saved Games\Upper_VET6USB\Workspace\C_model_training\tactile\idw4\100ml\VET6_8chips_raw_stream_20260525_230900.csv,12,22.680992,-0.917933,1.647850
tactile,100ml,tactile_100ml,C:\Users\FangYuxuan\Saved Games\Upper_VET6USB\Workspace\C_model_training\tactile\idw4\100ml\VET6_8chips_raw_stream_20260525_230901.csv,16,22.904169,-1.067029,1.255180
tactile,100ml,tactile_100ml,C:\Users\FangYuxuan\Saved Games\Upper_VET6USB\Workspace\C_model_training\tactile\idw4\100ml\VET6_8chips_raw_stream_20260525_230902.csv,19,21.880657,-0.673737,1.852872
tactile,100ml,tactile_100ml,C:\Users\FangYuxuan\Saved Games\Upper_VET6USB\Workspace\C_model_training\tactile\idw4\100ml\VET6_8chips_raw_stream_20260525_230903.csv,21,22.780546,-0.787011,1.967734
tactile,100ml,tactile_100ml,C:\Users\FangYuxuan\Saved Games\Upper_VET6USB\Workspace\C_model_training\tactile\idw4\100ml\VET6_8chips_raw_stream_20260525_230905.csv,4,23.428799,-1.029401,1.670740
tactile,100ml,tactile_100ml,C:\Users\FangYuxuan\Saved Games\Upper_VET6USB\Workspace\C_model_training\tactile\idw4\100ml\VET6_8chips_raw_stream_20260525_230906.csv,22,23.655960,-0.691757,1.893063
tactile,100ml,tactile_100ml,C:\Users\FangYuxuan\Saved Games\Upper_VET6USB\Workspace\C_model_training\tactile\idw4\100ml\VET6_8chips_raw_stream_20260525_230907.csv,15,22.443367,-0.770767,1.873387
tactile,100ml,tactile_100ml,C:\Users\FangYuxuan\Saved Games\Upper_VET6USB\Workspace\C_model_training\tactile\idw4\100ml\VET6_8chips_raw_stream_20260525_230908.csv,19,22.797508,-0.779955,1.854828
tactile,100ml,tactile_100ml,C:\Users\FangYuxuan\Saved Games\Upper_VET6USB\Workspace\C_model_training\tactile\idw4\100ml\VET6_8chips_raw_stream_20260525_230909.csv,6,22.148352,-0.816998,1.899345
tactile,100ml,tactile_100ml,C:\Users\FangYuxuan\Saved Games\Upper_VET6USB\Workspace\C_model_training\tactile\idw4\100ml\VET6_8chips_raw_stream_20260525_230910.csv,10,23.594133,-0.817791,1.897610
tactile,100ml,tactile_100ml,C:\Users\FangYuxuan\Saved Games\Upper_VET6USB\Workspace\C_model_training\tactile\idw4\100ml\VET6_8chips_raw_stream_20260525_230912.csv,18,21.865723,-0.773881,1.861088
tactile,100ml,tactile_100ml,C:\Users\FangYuxuan\Saved Games\Upper_VET6USB\Workspace\C_model_training\tactile\idw4\100ml\VET6_8chips_raw_stream_20260525_230913.csv,5,23.813688,-0.811131,1.917020
tactile,100ml,tactile_100ml,C:\Users\FangYuxuan\Saved Games\Upper_VET6USB\Workspace\C_model_training\tactile\idw4\100ml\VET6_8chips_raw_stream_20260525_230915.csv,12,21.186996,-1.193939,1.459557
tactile,100ml,tactile_100ml,C:\Users\FangYuxuan\Saved Games\Upper_VET6USB\Workspace\C_model_training\tactile\idw4\100ml\VET6_8chips_raw_stream_20260525_230927.csv,12,22.248859,-0.835155,-0.853508
tactile,100ml,tactile_100ml,C:\Users\FangYuxuan\Saved Games\Upper_VET6USB\Workspace\C_model_training\tactile\idw4\100ml\VET6_8chips_raw_stream_20260525_230928.csv,10,22.086121,-0.845413,-0.873085
tactile,100ml,tactile_100ml,C:\Users\FangYuxuan\Saved Games\Upper_VET6USB\Workspace\C_model_training\tactile\idw4\100ml\VET6_8chips_raw_stream_20260525_230929.csv,14,22.866951,-0.797424,-0.984544
tactile,100ml,tactile_100ml,C:\Users\FangYuxuan\Saved Games\Upper_VET6USB\Workspace\C_model_training\tactile\idw4\100ml\VET6_8chips_raw_stream_20260525_230930.csv,6,22.047346,-0.743607,-0.764624
tactile,100ml,tactile_100ml,C:\Users\FangYuxuan\Saved Games\Upper_VET6USB\Workspace\C_model_training\tactile\idw4\100ml\VET6_8chips_raw_stream_20260525_230931.csv,15,22.639730,-0.848320,-0.927642
tactile,100ml,tactile_100ml,C:\Users\FangYuxuan\Saved Games\Upper_VET6USB\Workspace\C_model_training\tactile\idw4\100ml\VET6_8chips_raw_stream_20260525_230933.csv,18,22.966909,-0.737422,-0.815615
tactile,100ml,tactile_100ml,C:\Users\FangYuxuan\Saved Games\Upper_VET6USB\Workspace\C_model_training\tactile\idw4\100ml\VET6_8chips_raw_stream_20260525_230934.csv,8,21.806593,-0.860323,-0.955359
tactile,100ml,tactile_100ml,C:\Users\FangYuxuan\Saved Games\Upper_VET6USB\Workspace\C_model_training\tactile\idw4\100ml\VET6_8chips_raw_stream_20260525_230935.csv,11,23.245953,-0.866509,-0.970690
tactile,100ml,tactile_100ml,C:\Users\FangYuxuan\Saved Games\Upper_VET6USB\Workspace\C_model_training\tactile\idw4\100ml\VET6_8chips_raw_stream_20260525_230937.csv,11,22.948343,-0.867014,-0.967238
tactile,100ml,tactile_100ml,C:\Users\FangYuxuan\Saved Games\Upper_VET6USB\Workspace\C_model_training\tactile\idw4\100ml\VET6_8chips_raw_stream_20260525_230938.csv,7,22.987478,-0.877711,-0.993946
tactile,100ml,tactile_100ml,C:\Users\FangYuxuan\Saved Games\Upper_VET6USB\Workspace\C_model_training\tactile\idw4\100ml\VET6_8chips_raw_stream_20260525_230939.csv,11,22.811010,-0.868016,-0.971785
tactile,100ml,tactile_100ml,C:\Users\FangYuxuan\Saved Games\Upper_VET6USB\Workspace\C_model_training\tactile\idw4\100ml\VET6_8chips_raw_stream_20260525_231006.csv,17,23.584297,2.966386,-1.517117
tactile,100ml,tactile_100ml,C:\Users\FangYuxuan\Saved Games\Upper_VET6USB\Workspace\C_model_training\tactile\idw4\100ml\VET6_8chips_raw_stream_20260525_231007.csv,16,22.899630,2.966952,-1.516224
tactile,100ml,tactile_100ml,C:\Users\FangYuxuan\Saved Games\Upper_VET6USB\Workspace\C_model_training\tactile\idw4\100ml\VET6_8chips_raw_stream_20260525_231008.csv,13,21.458633,2.496395,-1.721173
tactile,100ml,tactile_100ml,C:\Users\FangYuxuan\Saved Games\Upper_VET6USB\Workspace\C_model_training\tactile\idw4\100ml\VET6_8chips_raw_stream_20260525_231010.csv,4,23.003248,2.497296,-1.724500
tactile,100ml,tactile_100ml,C:\Users\FangYuxuan\Saved Games\Upper_VET6USB\Workspace\C_model_training\tactile\idw4\100ml\VET6_8chips_raw_stream_20260525_231011.csv,8,22.921978,2.490327,-1.749023
tactile,100ml,tactile_100ml,C:\Users\FangYuxuan\Saved Games\Upper_VET6USB\Workspace\C_model_training\tactile\idw4\100ml\VET6_8chips_raw_stream_20260525_231012.csv,5,21.932980,2.490201,-1.747667
tactile,100ml,tactile_100ml,C:\Users\FangYuxuan\Saved Games\Upper_VET6USB\Workspace\C_model_training\tactile\idw4\100ml\VET6_8chips_raw_stream_20260525_231013.csv,20,21.400454,2.483749,-1.768682
tactile,100ml,tactile_100ml,C:\Users\FangYuxuan\Saved Games\Upper_VET6USB\Workspace\C_model_training\tactile\idw4\100ml\VET6_8chips_raw_stream_20260525_231014.csv,8,23.308231,2.481647,-1.772151
tactile,100ml,tactile_100ml,C:\Users\FangYuxuan\Saved Games\Upper_VET6USB\Workspace\C_model_training\tactile\idw4\100ml\VET6_8chips_raw_stream_20260525_231015.csv,12,22.963160,2.486581,-1.758300
tactile,100ml,tactile_100ml,C:\Users\FangYuxuan\Saved Games\Upper_VET6USB\Workspace\C_model_training\tactile\idw4\100ml\VET6_8chips_raw_stream_20260525_231016.csv,3,23.548090,2.694470,-1.738761
tactile,200ml,tactile_200ml,C:\Users\FangYuxuan\Saved Games\Upper_VET6USB\Workspace\C_model_training\tactile\idw4\200ml\VET6_8chips_raw_stream_20260525_235247.csv,11,23.081823,-0.891845,-0.850075
tactile,200ml,tactile_200ml,C:\Users\FangYuxuan\Saved Games\Upper_VET6USB\Workspace\C_model_training\tactile\idw4\200ml\VET6_8chips_raw_stream_20260525_235249.csv,5,23.414751,-0.902516,-0.877792
tactile,200ml,tactile_200ml,C:\Users\FangYuxuan\Saved Games\Upper_VET6USB\Workspace\C_model_training\tactile\idw4\200ml\VET6_8chips_raw_stream_20260525_235251.csv,20,23.469490,-0.869156,-0.903078
tactile,200ml,tactile_200ml,C:\Users\FangYuxuan\Saved Games\Upper_VET6USB\Workspace\C_model_training\tactile\idw4\200ml\VET6_8chips_raw_stream_20260525_235252.csv,0,23.705513,-0.871589,-0.908236
tactile,200ml,tactile_200ml,C:\Users\FangYuxuan\Saved Games\Upper_VET6USB\Workspace\C_model_training\tactile\idw4\200ml\VET6_8chips_raw_stream_20260525_235253.csv,11,20.993151,-0.910246,-0.889259
tactile,200ml,tactile_200ml,C:\Users\FangYuxuan\Saved Games\Upper_VET6USB\Workspace\C_model_training\tactile\idw4\200ml\VET6_8chips_raw_stream_20260525_235255.csv,5,22.574259,-0.518770,-0.391082
tactile,200ml,tactile_200ml,C:\Users\FangYuxuan\Saved Games\Upper_VET6USB\Workspace\C_model_training\tactile\idw4\200ml\VET6_8chips_raw_stream_20260525_235256.csv,13,22.578152,-0.795487,-0.794687
tactile,200ml,tactile_200ml,C:\Users\FangYuxuan\Saved Games\Upper_VET6USB\Workspace\C_model_training\tactile\idw4\200ml\VET6_8chips_raw_stream_20260525_235257.csv,13,23.259235,-0.482020,-0.433521
tactile,200ml,tactile_200ml,C:\Users\FangYuxuan\Saved Games\Upper_VET6USB\Workspace\C_model_training\tactile\idw4\200ml\VET6_8chips_raw_stream_20260525_235259.csv,9,22.614058,-0.491133,-0.461735
tactile,200ml,tactile_200ml,C:\Users\FangYuxuan\Saved Games\Upper_VET6USB\Workspace\C_model_training\tactile\idw4\200ml\VET6_8chips_raw_stream_20260525_235300.csv,2,23.800407,-0.445304,-0.472796
tactile,200ml,tactile_200ml,C:\Users\FangYuxuan\Saved Games\Upper_VET6USB\Workspace\C_model_training\tactile\idw4\200ml\VET6_8chips_raw_stream_20260525_235302.csv,9,23.598684,-0.444740,-0.470737
tactile,200ml,tactile_200ml,C:\Users\FangYuxuan\Saved Games\Upper_VET6USB\Workspace\C_model_training\tactile\idw4\200ml\VET6_8chips_raw_stream_20260525_235303.csv,13,23.798548,-0.450292,-0.495633
tactile,200ml,tactile_200ml,C:\Users\FangYuxuan\Saved Games\Upper_VET6USB\Workspace\C_model_training\tactile\idw4\200ml\VET6_8chips_raw_stream_20260525_235305.csv,3,23.231279,-0.451539,-0.486903
tactile,200ml,tactile_200ml,C:\Users\FangYuxuan\Saved Games\Upper_VET6USB\Workspace\C_model_training\tactile\idw4\200ml\VET6_8chips_raw_stream_20260525_235308.csv,5,22.955486,-0.492089,-0.459252
tactile,200ml,tactile_200ml,C:\Users\FangYuxuan\Saved Games\Upper_VET6USB\Workspace\C_model_training\tactile\idw4\200ml\VET6_8chips_raw_stream_20260525_235330.csv,9,22.407772,-1.521174,-2.068856
tactile,200ml,tactile_200ml,C:\Users\FangYuxuan\Saved Games\Upper_VET6USB\Workspace\C_model_training\tactile\idw4\200ml\VET6_8chips_raw_stream_20260525_235331.csv,9,23.389231,-1.529021,-2.090103
tactile,200ml,tactile_200ml,C:\Users\FangYuxuan\Saved Games\Upper_VET6USB\Workspace\C_model_training\tactile\idw4\200ml\VET6_8chips_raw_stream_20260525_235333.csv,17,23.230967,-1.510004,-2.195300
tactile,200ml,tactile_200ml,C:\Users\FangYuxuan\Saved Games\Upper_VET6USB\Workspace\C_model_training\tactile\idw4\200ml\VET6_8chips_raw_stream_20260525_235335.csv,14,23.696222,-1.515392,-2.206966
tactile,200ml,tactile_200ml,C:\Users\FangYuxuan\Saved Games\Upper_VET6USB\Workspace\C_model_training\tactile\idw4\200ml\VET6_8chips_raw_stream_20260525_235336.csv,16,24.319090,-1.488410,-2.143574
tactile,200ml,tactile_200ml,C:\Users\FangYuxuan\Saved Games\Upper_VET6USB\Workspace\C_model_training\tactile\idw4\200ml\VET6_8chips_raw_stream_20260525_235338.csv,22,23.774136,-1.332120,-1.647415
tactile,200ml,tactile_200ml,C:\Users\FangYuxuan\Saved Games\Upper_VET6USB\Workspace\C_model_training\tactile\idw4\200ml\VET6_8chips_raw_stream_20260525_235340.csv,13,23.703619,-1.244663,-1.620751
tactile,200ml,tactile_200ml,C:\Users\FangYuxuan\Saved Games\Upper_VET6USB\Workspace\C_model_training\tactile\idw4\200ml\VET6_8chips_raw_stream_20260525_235341.csv,11,23.683868,-1.214032,-1.644274
tactile,200ml,tactile_200ml,C:\Users\FangYuxuan\Saved Games\Upper_VET6USB\Workspace\C_model_training\tactile\idw4\200ml\VET6_8chips_raw_stream_20260525_235343.csv,18,23.372225,-1.399858,-2.143021
tactile,200ml,tactile_200ml,C:\Users\FangYuxuan\Saved Games\Upper_VET6USB\Workspace\C_model_training\tactile\idw4\200ml\VET6_8chips_raw_stream_20260525_235344.csv,23,22.215706,-1.212187,-1.632280
tactile,200ml,tactile_200ml,C:\Users\FangYuxuan\Saved Games\Upper_VET6USB\Workspace\C_model_training\tactile\idw4\200ml\VET6_8chips_raw_stream_20260525_235346.csv,22,23.327045,-1.399449,-2.138242
tactile,200ml,tactile_200ml,C:\Users\FangYuxuan\Saved Games\Upper_VET6USB\Workspace\C_model_training\tactile\idw4\200ml\VET6_8chips_raw_stream_20260525_235347.csv,5,23.812170,-1.399393,-2.136792
tactile,200ml,tactile_200ml,C:\Users\FangYuxuan\Saved Games\Upper_VET6USB\Workspace\C_model_training\tactile\idw4\200ml\VET6_8chips_raw_stream_20260525_235348.csv,19,22.872303,-1.429445,-2.115449
tactile,200ml,tactile_200ml,C:\Users\FangYuxuan\Saved Games\Upper_VET6USB\Workspace\C_model_training\tactile\idw4\200ml\VET6_8chips_raw_stream_20260525_235349.csv,8,22.593079,-1.393089,-2.126136
tactile,200ml,tactile_200ml,C:\Users\FangYuxuan\Saved Games\Upper_VET6USB\Workspace\C_model_training\tactile\idw4\200ml\VET6_8chips_raw_stream_20260525_235351.csv,12,24.033247,-1.201436,-1.609585
tactile,200ml,tactile_200ml,C:\Users\FangYuxuan\Saved Games\Upper_VET6USB\Workspace\C_model_training\tactile\idw4\200ml\VET6_8chips_raw_stream_20260525_235352.csv,10,22.902885,-1.252407,-1.590141
tactile,200ml,tactile_200ml,C:\Users\FangYuxuan\Saved Games\Upper_VET6USB\Workspace\C_model_training\tactile\idw4\200ml\VET6_8chips_raw_stream_20260525_235354.csv,0,24.356024,-1.252915,-1.594391
tactile,200ml,tactile_200ml,C:\Users\FangYuxuan\Saved Games\Upper_VET6USB\Workspace\C_model_training\tactile\idw4\200ml\VET6_8chips_raw_stream_20260525_235417.csv,22,22.491102,-1.966305,-0.188367
tactile,200ml,tactile_200ml,C:\Users\FangYuxuan\Saved Games\Upper_VET6USB\Workspace\C_model_training\tactile\idw4\200ml\VET6_8chips_raw_stream_20260525_235418.csv,14,24.286274,-1.975407,-0.206682
tactile,200ml,tactile_200ml,C:\Users\FangYuxuan\Saved Games\Upper_VET6USB\Workspace\C_model_training\tactile\idw4\200ml\VET6_8chips_raw_stream_20260525_235420.csv,4,22.864697,-1.976472,-0.206196
tactile,200ml,tactile_200ml,C:\Users\FangYuxuan\Saved Games\Upper_VET6USB\Workspace\C_model_training\tactile\idw4\200ml\VET6_8chips_raw_stream_20260525_235421.csv,10,23.657595,-1.785908,0.832455
tactile,200ml,tactile_200ml,C:\Users\FangYuxuan\Saved Games\Upper_VET6USB\Workspace\C_model_training\tactile\idw4\200ml\VET6_8chips_raw_stream_20260525_235423.csv,15,22.998850,-1.977648,-0.211618
tactile,200ml,tactile_200ml,C:\Users\FangYuxuan\Saved Games\Upper_VET6USB\Workspace\C_model_training\tactile\idw4\200ml\VET6_8chips_raw_stream_20260525_235425.csv,15,23.233164,-1.788099,0.823651
tactile,200ml,tactile_200ml,C:\Users\FangYuxuan\Saved Games\Upper_VET6USB\Workspace\C_model_training\tactile\idw4\200ml\VET6_8chips_raw_stream_20260525_235427.csv,19,23.477705,-2.048866,-0.255547
tactile,200ml,tactile_200ml,C:\Users\FangYuxuan\Saved Games\Upper_VET6USB\Workspace\C_model_training\tactile\idw4\200ml\VET6_8chips_raw_stream_20260525_235429.csv,10,23.740437,-2.042397,-0.237054
tactile,200ml,tactile_200ml,C:\Users\FangYuxuan\Saved Games\Upper_VET6USB\Workspace\C_model_training\tactile\idw4\200ml\VET6_8chips_raw_stream_20260525_235430.csv,14,23.880409,-1.841560,0.876278
tactile,200ml,tactile_200ml,C:\Users\FangYuxuan\Saved Games\Upper_VET6USB\Workspace\C_model_training\tactile\idw4\200ml\VET6_8chips_raw_stream_20260525_235432.csv,14,22.820436,-1.852671,0.841846
tactile,200ml,tactile_200ml,C:\Users\FangYuxuan\Saved Games\Upper_VET6USB\Workspace\C_model_training\tactile\idw4\200ml\VET6_8chips_raw_stream_20260525_235433.csv,14,23.672428,-1.857170,0.830727
tactile,200ml,tactile_200ml,C:\Users\FangYuxuan\Saved Games\Upper_VET6USB\Workspace\C_model_training\tactile\idw4\200ml\VET6_8chips_raw_stream_20260525_235435.csv,15,24.138062,-1.861132,0.814302
tactile,200ml,tactile_200ml,C:\Users\FangYuxuan\Saved Games\Upper_VET6USB\Workspace\C_model_training\tactile\idw4\200ml\VET6_8chips_raw_stream_20260525_235436.csv,20,24.247364,-1.800107,0.782761
tactile,200ml,tactile_200ml,C:\Users\FangYuxuan\Saved Games\Upper_VET6USB\Workspace\C_model_training\tactile\idw4\200ml\VET6_8chips_raw_stream_20260525_235438.csv,1,23.028254,-1.801136,0.784471
tactile,200ml,tactile_200ml,C:\Users\FangYuxuan\Saved Games\Upper_VET6USB\Workspace\C_model_training\tactile\idw4\200ml\VET6_8chips_raw_stream_20260525_235439.csv,10,21.637348,-1.856912,0.831880
tactile,200ml,tactile_200ml,C:\Users\FangYuxuan\Saved Games\Upper_VET6USB\Workspace\C_model_training\tactile\idw4\200ml\VET6_8chips_raw_stream_20260525_235450.csv,17,22.588795,-2.150277,-2.190145
tactile,200ml,tactile_200ml,C:\Users\FangYuxuan\Saved Games\Upper_VET6USB\Workspace\C_model_training\tactile\idw4\200ml\VET6_8chips_raw_stream_20260525_235452.csv,1,21.729881,-2.001785,-1.545017
tactile,200ml,tactile_200ml,C:\Users\FangYuxuan\Saved Games\Upper_VET6USB\Workspace\C_model_training\tactile\idw4\200ml\VET6_8chips_raw_stream_20260525_235453.csv,8,23.415606,-2.135517,-2.251977
tactile,200ml,tactile_200ml,C:\Users\FangYuxuan\Saved Games\Upper_VET6USB\Workspace\C_model_training\tactile\idw4\200ml\VET6_8chips_raw_stream_20260525_235456.csv,18,23.181589,-2.154664,-2.289264
tactile,200ml,tactile_200ml,C:\Users\FangYuxuan\Saved Games\Upper_VET6USB\Workspace\C_model_training\tactile\idw4\200ml\VET6_8chips_raw_stream_20260525_235458.csv,11,23.189425,-2.159418,-2.293911
tactile,200ml,tactile_200ml,C:\Users\FangYuxuan\Saved Games\Upper_VET6USB\Workspace\C_model_training\tactile\idw4\200ml\VET6_8chips_raw_stream_20260525_235459.csv,15,23.906391,-2.164455,-2.304780
tactile,200ml,tactile_200ml,C:\Users\FangYuxuan\Saved Games\Upper_VET6USB\Workspace\C_model_training\tactile\idw4\200ml\VET6_8chips_raw_stream_20260525_235500.csv,19,22.733662,-2.170137,-2.314002
tactile,200ml,tactile_200ml,C:\Users\FangYuxuan\Saved Games\Upper_VET6USB\Workspace\C_model_training\tactile\idw4\200ml\VET6_8chips_raw_stream_20260525_235502.csv,16,22.484053,-2.171180,-2.316645
tactile,200ml,tactile_200ml,C:\Users\FangYuxuan\Saved Games\Upper_VET6USB\Workspace\C_model_training\tactile\idw4\200ml\VET6_8chips_raw_stream_20260525_235503.csv,21,22.929514,-2.050032,-2.349730
tactile,200ml,tactile_200ml,C:\Users\FangYuxuan\Saved Games\Upper_VET6USB\Workspace\C_model_training\tactile\idw4\200ml\VET6_8chips_raw_stream_20260525_235504.csv,4,22.737364,-2.050632,-2.345495
tactile,200ml,tactile_200ml,C:\Users\FangYuxuan\Saved Games\Upper_VET6USB\Workspace\C_model_training\tactile\idw4\200ml\VET6_8chips_raw_stream_20260525_235506.csv,22,23.424820,-1.983565,-2.422062
tactile,200ml,tactile_200ml,C:\Users\FangYuxuan\Saved Games\Upper_VET6USB\Workspace\C_model_training\tactile\idw4\200ml\VET6_8chips_raw_stream_20260525_235507.csv,13,23.298830,-2.005410,-2.433175
tactile,200ml,tactile_200ml,C:\Users\FangYuxuan\Saved Games\Upper_VET6USB\Workspace\C_model_training\tactile\idw4\200ml\VET6_8chips_raw_stream_20260525_235514.csv,1,22.402536,-1.826519,-1.463811
tactile,200ml,tactile_200ml,C:\Users\FangYuxuan\Saved Games\Upper_VET6USB\Workspace\C_model_training\tactile\idw4\200ml\VET6_8chips_raw_stream_20260525_235516.csv,22,20.788754,-1.849127,-1.523640
tactile,200ml,tactile_200ml,C:\Users\FangYuxuan\Saved Games\Upper_VET6USB\Workspace\C_model_training\tactile\idw4\200ml\VET6_8chips_raw_stream_20260525_235517.csv,2,23.746616,-1.851482,-1.525802
tactile,200ml,tactile_200ml,C:\Users\FangYuxuan\Saved Games\Upper_VET6USB\Workspace\C_model_training\tactile\idw4\200ml\VET6_8chips_raw_stream_20260525_235519.csv,12,22.492107,-1.861096,-1.547548
tactile,200ml,tactile_200ml,C:\Users\FangYuxuan\Saved Games\Upper_VET6USB\Workspace\C_model_training\tactile\idw4\200ml\VET6_8chips_raw_stream_20260525_235521.csv,7,23.182796,-1.964184,-2.100849
tactile,200ml,tactile_200ml,C:\Users\FangYuxuan\Saved Games\Upper_VET6USB\Workspace\C_model_training\tactile\idw4\200ml\VET6_8chips_raw_stream_20260525_235523.csv,6,22.456295,-1.872357,-1.559110
tactile,200ml,tactile_200ml,C:\Users\FangYuxuan\Saved Games\Upper_VET6USB\Workspace\C_model_training\tactile\idw4\200ml\VET6_8chips_raw_stream_20260525_235525.csv,4,23.466570,-1.971566,-2.105430
tactile,200ml,tactile_200ml,C:\Users\FangYuxuan\Saved Games\Upper_VET6USB\Workspace\C_model_training\tactile\idw4\200ml\VET6_8chips_raw_stream_20260525_235526.csv,16,22.875780,-1.876953,-1.559794
tactile,200ml,tactile_200ml,C:\Users\FangYuxuan\Saved Games\Upper_VET6USB\Workspace\C_model_training\tactile\idw4\200ml\VET6_8chips_raw_stream_20260525_235528.csv,20,20.936872,-1.979043,-2.117852
tactile,200ml,tactile_200ml,C:\Users\FangYuxuan\Saved Games\Upper_VET6USB\Workspace\C_model_training\tactile\idw4\200ml\VET6_8chips_raw_stream_20260525_235531.csv,17,23.142689,-1.988084,-2.137630
tactile,200ml,tactile_200ml,C:\Users\FangYuxuan\Saved Games\Upper_VET6USB\Workspace\C_model_training\tactile\idw4\200ml\VET6_8chips_raw_stream_20260525_235532.csv,9,23.939156,-1.986223,-2.129684
tactile,200ml,tactile_200ml,C:\Users\FangYuxuan\Saved Games\Upper_VET6USB\Workspace\C_model_training\tactile\idw4\200ml\VET6_8chips_raw_stream_20260525_235533.csv,14,23.836428,-1.990019,-2.135577
tactile,200ml,tactile_200ml,C:\Users\FangYuxuan\Saved Games\Upper_VET6USB\Workspace\C_model_training\tactile\idw4\200ml\VET6_8chips_raw_stream_20260525_235535.csv,22,23.702782,-2.028660,-2.219015
tactile,200ml,tactile_200ml,C:\Users\FangYuxuan\Saved Games\Upper_VET6USB\Workspace\C_model_training\tactile\idw4\200ml\VET6_8chips_raw_stream_20260525_235536.csv,5,23.041670,-2.030249,-2.220493
tactile,200ml,tactile_200ml,C:\Users\FangYuxuan\Saved Games\Upper_VET6USB\Workspace\C_model_training\tactile\idw4\200ml\VET6_8chips_raw_stream_20260525_235538.csv,17,22.201534,-1.994965,-2.147503
tactile,200ml,tactile_200ml,C:\Users\FangYuxuan\Saved Games\Upper_VET6USB\Workspace\C_model_training\tactile\idw4\200ml\VET6_8chips_raw_stream_20260525_235539.csv,13,22.575705,-2.000179,-2.165257
tactile,200ml,tactile_200ml,C:\Users\FangYuxuan\Saved Games\Upper_VET6USB\Workspace\C_model_training\tactile\idw4\200ml\VET6_8chips_raw_stream_20260525_235540.csv,8,23.923557,-2.002397,-2.173284
tactile,200ml,tactile_200ml,C:\Users\FangYuxuan\Saved Games\Upper_VET6USB\Workspace\C_model_training\tactile\idw4\200ml\VET6_8chips_raw_stream_20260525_235618.csv,2,22.621412,-0.371582,-0.362240
tactile,200ml,tactile_200ml,C:\Users\FangYuxuan\Saved Games\Upper_VET6USB\Workspace\C_model_training\tactile\idw4\200ml\VET6_8chips_raw_stream_20260525_235619.csv,4,22.668877,-0.484149,-0.298206
tactile,200ml,tactile_200ml,C:\Users\FangYuxuan\Saved Games\Upper_VET6USB\Workspace\C_model_training\tactile\idw4\200ml\VET6_8chips_raw_stream_20260525_235621.csv,7,22.896746,-0.383214,-0.367617
tactile,200ml,tactile_200ml,C:\Users\FangYuxuan\Saved Games\Upper_VET6USB\Workspace\C_model_training\tactile\idw4\200ml\VET6_8chips_raw_stream_20260525_235622.csv,5,23.015736,-0.428056,-0.335424
tactile,200ml,tactile_200ml,C:\Users\FangYuxuan\Saved Games\Upper_VET6USB\Workspace\C_model_training\tactile\idw4\200ml\VET6_8chips_raw_stream_20260525_235624.csv,7,21.799351,-0.219098,0.039633
tactile,200ml,tactile_200ml,C:\Users\FangYuxuan\Saved Games\Upper_VET6USB\Workspace\C_model_training\tactile\idw4\200ml\VET6_8chips_raw_stream_20260525_235625.csv,5,22.199583,-0.218923,0.040670
tactile,200ml,tactile_200ml,C:\Users\FangYuxuan\Saved Games\Upper_VET6USB\Workspace\C_model_training\tactile\idw4\200ml\VET6_8chips_raw_stream_20260525_235626.csv,19,22.621906,-0.247887,0.059451
tactile,200ml,tactile_200ml,C:\Users\FangYuxuan\Saved Games\Upper_VET6USB\Workspace\C_model_training\tactile\idw4\200ml\VET6_8chips_raw_stream_20260525_235628.csv,10,21.956921,-0.241003,0.065601
tactile,200ml,tactile_200ml,C:\Users\FangYuxuan\Saved Games\Upper_VET6USB\Workspace\C_model_training\tactile\idw4\200ml\VET6_8chips_raw_stream_20260525_235629.csv,7,23.490120,-0.240061,0.073200
tactile,200ml,tactile_200ml,C:\Users\FangYuxuan\Saved Games\Upper_VET6USB\Workspace\C_model_training\tactile\idw4\200ml\VET6_8chips_raw_stream_20260525_235630.csv,17,20.952372,-0.246467,0.057059
tactile,200ml,tactile_200ml,C:\Users\FangYuxuan\Saved Games\Upper_VET6USB\Workspace\C_model_training\tactile\idw4\200ml\VET6_8chips_raw_stream_20260525_235632.csv,11,23.641529,-0.245120,0.063681
tactile,200ml,tactile_200ml,C:\Users\FangYuxuan\Saved Games\Upper_VET6USB\Workspace\C_model_training\tactile\idw4\200ml\VET6_8chips_raw_stream_20260525_235635.csv,20,21.247131,-0.634292,0.210276
tactile,200ml,tactile_200ml,C:\Users\FangYuxuan\Saved Games\Upper_VET6USB\Workspace\C_model_training\tactile\idw4\200ml\VET6_8chips_raw_stream_20260525_235637.csv,3,22.599310,-0.480414,0.256996
tactile,200ml,tactile_200ml,C:\Users\FangYuxuan\Saved Games\Upper_VET6USB\Workspace\C_model_training\tactile\idw4\200ml\VET6_8chips_raw_stream_20260525_235638.csv,15,22.259935,-0.194023,0.093203
tactile,200ml,tactile_200ml,C:\Users\FangYuxuan\Saved Games\Upper_VET6USB\Workspace\C_model_training\tactile\idw4\200ml\VET6_8chips_raw_stream_20260525_235640.csv,18,23.271517,-0.196530,0.089235
tactile,200ml,tactile_200ml,C:\Users\FangYuxuan\Saved Games\Upper_VET6USB\Workspace\C_model_training\tactile\idw4\200ml\VET6_8chips_raw_stream_20260525_235641.csv,18,22.344820,-0.203482,0.118619
tactile,200ml,tactile_200ml,C:\Users\FangYuxuan\Saved Games\Upper_VET6USB\Workspace\C_model_training\tactile\idw4\200ml\VET6_8chips_raw_stream_20260525_235642.csv,14,23.114727,-0.195426,0.097085
tactile,200ml,tactile_200ml,C:\Users\FangYuxuan\Saved Games\Upper_VET6USB\Workspace\C_model_training\tactile\idw4\200ml\VET6_8chips_raw_stream_20260525_235643.csv,7,22.459511,-0.180925,0.061139
tactile,200ml,tactile_200ml,C:\Users\FangYuxuan\Saved Games\Upper_VET6USB\Workspace\C_model_training\tactile\idw4\200ml\VET6_8chips_raw_stream_20260525_235645.csv,3,20.970673,-0.180399,0.066099
tactile,200ml,tactile_200ml,C:\Users\FangYuxuan\Saved Games\Upper_VET6USB\Workspace\C_model_training\tactile\idw4\200ml\VET6_8chips_raw_stream_20260525_235646.csv,20,23.522961,-0.004639,0.375000
tactile,200ml,tactile_200ml,C:\Users\FangYuxuan\Saved Games\Upper_VET6USB\Workspace\C_model_training\tactile\idw4\200ml\VET6_8chips_raw_stream_20260525_235647.csv,11,22.980858,-0.012870,0.350700
tactile,200ml,tactile_200ml,C:\Users\FangYuxuan\Saved Games\Upper_VET6USB\Workspace\C_model_training\tactile\idw4\200ml\VET6_8chips_raw_stream_20260525_235649.csv,5,23.177179,-0.010579,0.365700
tactile,200ml,tactile_200ml,C:\Users\FangYuxuan\Saved Games\Upper_VET6USB\Workspace\C_model_training\tactile\idw4\200ml\VET6_8chips_raw_stream_20260525_235656.csv,7,22.140108,0.414833,2.430787
tactile,200ml,tactile_200ml,C:\Users\FangYuxuan\Saved Games\Upper_VET6USB\Workspace\C_model_training\tactile\idw4\200ml\VET6_8chips_raw_stream_20260525_235657.csv,13,22.511398,0.529027,2.291209
tactile,200ml,tactile_200ml,C:\Users\FangYuxuan\Saved Games\Upper_VET6USB\Workspace\C_model_training\tactile\idw4\200ml\VET6_8chips_raw_stream_20260525_235659.csv,6,23.863279,0.203982,2.061823
tactile,200ml,tactile_200ml,C:\Users\FangYuxuan\Saved Games\Upper_VET6USB\Workspace\C_model_training\tactile\idw4\200ml\VET6_8chips_raw_stream_20260525_235700.csv,1,23.572620,0.194820,1.996720
tactile,200ml,tactile_200ml,C:\Users\FangYuxuan\Saved Games\Upper_VET6USB\Workspace\C_model_training\tactile\idw4\200ml\VET6_8chips_raw_stream_20260525_235702.csv,20,23.623861,0.215295,1.942526
tactile,200ml,tactile_200ml,C:\Users\FangYuxuan\Saved Games\Upper_VET6USB\Workspace\C_model_training\tactile\idw4\200ml\VET6_8chips_raw_stream_20260525_235703.csv,14,23.340965,0.192919,1.939606
tactile,200ml,tactile_200ml,C:\Users\FangYuxuan\Saved Games\Upper_VET6USB\Workspace\C_model_training\tactile\idw4\200ml\VET6_8chips_raw_stream_20260525_235705.csv,15,23.282133,0.192292,1.944978
tactile,200ml,tactile_200ml,C:\Users\FangYuxuan\Saved Games\Upper_VET6USB\Workspace\C_model_training\tactile\idw4\200ml\VET6_8chips_raw_stream_20260525_235707.csv,6,22.919811,0.184596,1.919565
tactile,200ml,tactile_200ml,C:\Users\FangYuxuan\Saved Games\Upper_VET6USB\Workspace\C_model_training\tactile\idw4\200ml\VET6_8chips_raw_stream_20260525_235709.csv,4,23.715368,0.210950,1.856287
tactile,200ml,tactile_200ml,C:\Users\FangYuxuan\Saved Games\Upper_VET6USB\Workspace\C_model_training\tactile\idw4\200ml\VET6_8chips_raw_stream_20260525_235710.csv,13,23.505030,0.213963,1.870583
tactile,200ml,tactile_200ml,C:\Users\FangYuxuan\Saved Games\Upper_VET6USB\Workspace\C_model_training\tactile\idw4\200ml\VET6_8chips_raw_stream_20260525_235711.csv,6,23.091314,0.215881,1.877090
tactile,200ml,tactile_200ml,C:\Users\FangYuxuan\Saved Games\Upper_VET6USB\Workspace\C_model_training\tactile\idw4\200ml\VET6_8chips_raw_stream_20260525_235713.csv,10,23.373098,0.272949,1.824309
tactile,200ml,tactile_200ml,C:\Users\FangYuxuan\Saved Games\Upper_VET6USB\Workspace\C_model_training\tactile\idw4\200ml\VET6_8chips_raw_stream_20260525_235714.csv,1,22.170109,0.317819,1.759610
tactile,200ml,tactile_200ml,C:\Users\FangYuxuan\Saved Games\Upper_VET6USB\Workspace\C_model_training\tactile\idw4\200ml\VET6_8chips_raw_stream_20260525_235715.csv,13,22.971546,0.282415,1.801390
tactile,200ml,tactile_200ml,C:\Users\FangYuxuan\Saved Games\Upper_VET6USB\Workspace\C_model_training\tactile\idw4\200ml\VET6_8chips_raw_stream_20260525_235717.csv,21,23.036400,0.404131,1.583187
tactile,200ml,tactile_200ml,C:\Users\FangYuxuan\Saved Games\Upper_VET6USB\Workspace\C_model_training\tactile\idw4\200ml\VET6_8chips_raw_stream_20260525_235722.csv,21,22.205582,4.321272,1.920218
tactile,200ml,tactile_200ml,C:\Users\FangYuxuan\Saved Games\Upper_VET6USB\Workspace\C_model_training\tactile\idw4\200ml\VET6_8chips_raw_stream_20260525_235724.csv,22,23.412249,4.328432,1.791106
tactile,200ml,tactile_200ml,C:\Users\FangYuxuan\Saved Games\Upper_VET6USB\Workspace\C_model_training\tactile\idw4\200ml\VET6_8chips_raw_stream_20260525_235725.csv,20,22.599829,4.328330,1.791502
tactile,200ml,tactile_200ml,C:\Users\FangYuxuan\Saved Games\Upper_VET6USB\Workspace\C_model_training\tactile\idw4\200ml\VET6_8chips_raw_stream_20260525_235726.csv,14,22.783409,4.329206,1.794823
tactile,200ml,tactile_200ml,C:\Users\FangYuxuan\Saved Games\Upper_VET6USB\Workspace\C_model_training\tactile\idw4\200ml\VET6_8chips_raw_stream_20260525_235728.csv,13,24.274298,4.306593,1.843484
tactile,200ml,tactile_200ml,C:\Users\FangYuxuan\Saved Games\Upper_VET6USB\Workspace\C_model_training\tactile\idw4\200ml\VET6_8chips_raw_stream_20260525_235729.csv,17,23.335842,4.320952,1.777866
tactile,200ml,tactile_200ml,C:\Users\FangYuxuan\Saved Games\Upper_VET6USB\Workspace\C_model_training\tactile\idw4\200ml\VET6_8chips_raw_stream_20260525_235730.csv,21,23.264082,4.228686,1.860939
tactile,200ml,tactile_200ml,C:\Users\FangYuxuan\Saved Games\Upper_VET6USB\Workspace\C_model_training\tactile\idw4\200ml\VET6_8chips_raw_stream_20260525_235731.csv,2,23.359297,4.221912,1.745553
tactile,200ml,tactile_200ml,C:\Users\FangYuxuan\Saved Games\Upper_VET6USB\Workspace\C_model_training\tactile\idw4\200ml\VET6_8chips_raw_stream_20260525_235732.csv,18,22.999249,4.220052,1.736410
tactile,200ml,tactile_200ml,C:\Users\FangYuxuan\Saved Games\Upper_VET6USB\Workspace\C_model_training\tactile\idw4\200ml\VET6_8chips_raw_stream_20260525_235733.csv,12,22.511827,4.261863,1.676344
tactile,200ml,tactile_200ml,C:\Users\FangYuxuan\Saved Games\Upper_VET6USB\Workspace\C_model_training\tactile\idw4\200ml\VET6_8chips_raw_stream_20260525_235734.csv,2,22.579260,4.262801,1.681456
tactile,200ml,tactile_200ml,C:\Users\FangYuxuan\Saved Games\Upper_VET6USB\Workspace\C_model_training\tactile\idw4\200ml\VET6_8chips_raw_stream_20260525_235739.csv,21,19.741404,6.140785,-0.267725
tactile,200ml,tactile_200ml,C:\Users\FangYuxuan\Saved Games\Upper_VET6USB\Workspace\C_model_training\tactile\idw4\200ml\VET6_8chips_raw_stream_20260525_235740.csv,4,22.127666,6.482609,-0.168161
tactile,200ml,tactile_200ml,C:\Users\FangYuxuan\Saved Games\Upper_VET6USB\Workspace\C_model_training\tactile\idw4\200ml\VET6_8chips_raw_stream_20260525_235742.csv,1,21.569395,6.479579,-0.182628
tactile,200ml,tactile_200ml,C:\Users\FangYuxuan\Saved Games\Upper_VET6USB\Workspace\C_model_training\tactile\idw4\200ml\VET6_8chips_raw_stream_20260525_235743.csv,17,22.997953,6.423995,-0.229417
tactile,200ml,tactile_200ml,C:\Users\FangYuxuan\Saved Games\Upper_VET6USB\Workspace\C_model_training\tactile\idw4\200ml\VET6_8chips_raw_stream_20260525_235748.csv,6,21.728968,6.396828,-0.269147
tactile,200ml,tactile_200ml,C:\Users\FangYuxuan\Saved Games\Upper_VET6USB\Workspace\C_model_training\tactile\idw4\200ml\VET6_8chips_raw_stream_20260525_235749.csv,21,22.627174,6.392418,-0.279554
tactile,200ml,tactile_200ml,C:\Users\FangYuxuan\Saved Games\Upper_VET6USB\Workspace\C_model_training\tactile\idw4\200ml\VET6_8chips_raw_stream_20260525_235751.csv,17,23.350580,6.390226,-0.283838
tactile,200ml,tactile_200ml,C:\Users\FangYuxuan\Saved Games\Upper_VET6USB\Workspace\C_model_training\tactile\idw4\200ml\VET6_8chips_raw_stream_20260525_235752.csv,16,23.477379,6.512671,-0.639605
tactile,200ml,tactile_200ml,C:\Users\FangYuxuan\Saved Games\Upper_VET6USB\Workspace\C_model_training\tactile\idw4\200ml\VET6_8chips_raw_stream_20260525_235753.csv,14,22.866003,6.548310,-0.652195
tactile,200ml,tactile_200ml,C:\Users\FangYuxuan\Saved Games\Upper_VET6USB\Workspace\C_model_training\tactile\idw4\200ml\VET6_8chips_raw_stream_20260525_235754.csv,17,22.751118,6.503889,-0.613192
tactile,200ml,tactile_200ml,C:\Users\FangYuxuan\Saved Games\Upper_VET6USB\Workspace\C_model_training\tactile\idw4\200ml\VET6_8chips_raw_stream_20260525_235755.csv,19,23.204245,6.510095,-0.633286
tactile,200ml,tactile_200ml,C:\Users\FangYuxuan\Saved Games\Upper_VET6USB\Workspace\C_model_training\tactile\idw4\200ml\VET6_8chips_raw_stream_20260525_235757.csv,12,22.757759,6.381838,-0.291625
tactile,200ml,tactile_200ml,C:\Users\FangYuxuan\Saved Games\Upper_VET6USB\Workspace\C_model_training\tactile\idw4\200ml\VET6_8chips_raw_stream_20260525_235758.csv,7,21.918060,6.376288,-0.305077
tactile,200ml,tactile_200ml,C:\Users\FangYuxuan\Saved Games\Upper_VET6USB\Workspace\C_model_training\tactile\idw4\200ml\VET6_8chips_raw_stream_20260525_235759.csv,18,23.280853,6.385279,-0.343676
tactile,200ml,tactile_200ml,C:\Users\FangYuxuan\Saved Games\Upper_VET6USB\Workspace\C_model_training\tactile\idw4\200ml\VET6_8chips_raw_stream_20260525_235800.csv,15,23.540274,6.384828,-0.343240
tactile,200ml,tactile_200ml,C:\Users\FangYuxuan\Saved Games\Upper_VET6USB\Workspace\C_model_training\tactile\idw4\200ml\VET6_8chips_raw_stream_20260525_235801.csv,12,21.267578,6.388117,-0.352565
tactile,200ml,tactile_200ml,C:\Users\FangYuxuan\Saved Games\Upper_VET6USB\Workspace\C_model_training\tactile\idw4\200ml\VET6_8chips_raw_stream_20260525_235803.csv,6,20.890940,6.121794,0.423977
tactile,200ml,tactile_200ml,C:\Users\FangYuxuan\Saved Games\Upper_VET6USB\Workspace\C_model_training\tactile\idw4\200ml\VET6_8chips_raw_stream_20260525_235805.csv,9,18.833881,6.249634,0.555777
tactile,200ml,tactile_200ml,C:\Users\FangYuxuan\Saved Games\Upper_VET6USB\Workspace\C_model_training\tactile\idw4\200ml\VET6_8chips_raw_stream_20260525_235806.csv,8,20.679508,6.228595,0.183663
tactile,200ml,tactile_200ml,C:\Users\FangYuxuan\Saved Games\Upper_VET6USB\Workspace\C_model_training\tactile\idw4\200ml\VET6_8chips_raw_stream_20260525_235807.csv,7,19.875202,6.107349,0.328634
tactile,200ml,tactile_200ml,C:\Users\FangYuxuan\Saved Games\Upper_VET6USB\Workspace\C_model_training\tactile\idw4\200ml\VET6_8chips_raw_stream_20260525_235809.csv,11,20.640717,6.311872,-0.027883
tactile,200ml,tactile_200ml,C:\Users\FangYuxuan\Saved Games\Upper_VET6USB\Workspace\C_model_training\tactile\idw4\200ml\VET6_8chips_raw_stream_20260525_235810.csv,2,20.561283,6.409668,-0.475091
tactile,200ml,tactile_200ml,C:\Users\FangYuxuan\Saved Games\Upper_VET6USB\Workspace\C_model_training\tactile\idw4\200ml\VET6_8chips_raw_stream_20260525_235812.csv,3,21.388750,6.419635,-0.276076
tactile,200ml,tactile_200ml,C:\Users\FangYuxuan\Saved Games\Upper_VET6USB\Workspace\C_model_training\tactile\idw4\200ml\VET6_8chips_raw_stream_20260525_235813.csv,12,22.570560,6.573262,-0.608718
tactile_test,15ml,tactile_test_15ml,C:\Users\FangYuxuan\Saved Games\Upper_VET6USB\Workspace\C_model_training\tactile_test\idw4\15ml\VET6_8chips_raw_stream_20260527_220358.csv,20,23.265051,-0.250584,-1.111927
tactile_test,15ml,tactile_test_15ml,C:\Users\FangYuxuan\Saved Games\Upper_VET6USB\Workspace\C_model_training\tactile_test\idw4\15ml\VET6_8chips_raw_stream_20260527_220359.csv,1,21.062822,-0.247804,-1.107923
tactile_test,15ml,tactile_test_15ml,C:\Users\FangYuxuan\Saved Games\Upper_VET6USB\Workspace\C_model_training\tactile_test\idw4\15ml\VET6_8chips_raw_stream_20260527_220400.csv,17,23.298332,-0.267303,-1.152244
tactile_test,15ml,tactile_test_15ml,C:\Users\FangYuxuan\Saved Games\Upper_VET6USB\Workspace\C_model_training\tactile_test\idw4\15ml\VET6_8chips_raw_stream_20260527_220401.csv,22,23.112896,-0.271088,-1.168171
tactile_test,15ml,tactile_test_15ml,C:\Users\FangYuxuan\Saved Games\Upper_VET6USB\Workspace\C_model_training\tactile_test\idw4\15ml\VET6_8chips_raw_stream_20260527_220402.csv,12,22.782921,-0.269158,-1.163214
tactile_test,15ml,tactile_test_15ml,C:\Users\FangYuxuan\Saved Games\Upper_VET6USB\Workspace\C_model_training\tactile_test\idw4\15ml\VET6_8chips_raw_stream_20260527_220404.csv,1,23.305721,-0.274796,-1.175371
tactile_test,15ml,tactile_test_15ml,C:\Users\FangYuxuan\Saved Games\Upper_VET6USB\Workspace\C_model_training\tactile_test\idw4\15ml\VET6_8chips_raw_stream_20260527_220405.csv,2,22.379580,-0.281763,-1.187223
tactile_test,15ml,tactile_test_15ml,C:\Users\FangYuxuan\Saved Games\Upper_VET6USB\Workspace\C_model_training\tactile_test\idw4\15ml\VET6_8chips_raw_stream_20260527_220406.csv,2,23.734478,-0.279204,-1.178499
tactile_test,15ml,tactile_test_15ml,C:\Users\FangYuxuan\Saved Games\Upper_VET6USB\Workspace\C_model_training\tactile_test\idw4\15ml\VET6_8chips_raw_stream_20260527_220407.csv,5,23.612989,-0.276770,-1.170331
tactile_test,15ml,tactile_test_15ml,C:\Users\FangYuxuan\Saved Games\Upper_VET6USB\Workspace\C_model_training\tactile_test\idw4\15ml\VET6_8chips_raw_stream_20260527_220408.csv,6,22.526197,-0.283945,-1.184641
tactile_test,15ml,tactile_test_15ml,C:\Users\FangYuxuan\Saved Games\Upper_VET6USB\Workspace\C_model_training\tactile_test\idw4\15ml\VET6_8chips_raw_stream_20260527_220410.csv,14,23.667774,-0.283844,-1.182498
tactile_test,15ml,tactile_test_15ml,C:\Users\FangYuxuan\Saved Games\Upper_VET6USB\Workspace\C_model_training\tactile_test\idw4\15ml\VET6_8chips_raw_stream_20260527_220411.csv,3,23.609365,-0.281393,-1.178279
tactile_test,15ml,tactile_test_15ml,C:\Users\FangYuxuan\Saved Games\Upper_VET6USB\Workspace\C_model_training\tactile_test\idw4\15ml\VET6_8chips_raw_stream_20260527_220412.csv,8,24.260992,-0.291743,-1.211638
tactile_test,15ml,tactile_test_15ml,C:\Users\FangYuxuan\Saved Games\Upper_VET6USB\Workspace\C_model_training\tactile_test\idw4\15ml\VET6_8chips_raw_stream_20260527_220417.csv,10,22.929470,2.130341,-4.230856
tactile_test,15ml,tactile_test_15ml,C:\Users\FangYuxuan\Saved Games\Upper_VET6USB\Workspace\C_model_training\tactile_test\idw4\15ml\VET6_8chips_raw_stream_20260527_220419.csv,19,22.435032,1.888341,-4.623033
tactile_test,15ml,tactile_test_15ml,C:\Users\FangYuxuan\Saved Games\Upper_VET6USB\Workspace\C_model_training\tactile_test\idw4\15ml\VET6_8chips_raw_stream_20260527_220420.csv,4,23.294847,1.887767,-4.617161
tactile_test,15ml,tactile_test_15ml,C:\Users\FangYuxuan\Saved Games\Upper_VET6USB\Workspace\C_model_training\tactile_test\idw4\15ml\VET6_8chips_raw_stream_20260527_220424.csv,5,23.234474,2.095710,-4.299191
tactile_test,15ml,tactile_test_15ml,C:\Users\FangYuxuan\Saved Games\Upper_VET6USB\Workspace\C_model_training\tactile_test\idw4\15ml\VET6_8chips_raw_stream_20260527_220425.csv,13,23.342361,2.007293,-4.277098
tactile_test,15ml,tactile_test_15ml,C:\Users\FangYuxuan\Saved Games\Upper_VET6USB\Workspace\C_model_training\tactile_test\idw4\15ml\VET6_8chips_raw_stream_20260527_220426.csv,21,22.472958,1.767135,-4.806390
tactile_test,15ml,tactile_test_15ml,C:\Users\FangYuxuan\Saved Games\Upper_VET6USB\Workspace\C_model_training\tactile_test\idw4\15ml\VET6_8chips_raw_stream_20260527_220427.csv,7,23.995636,1.867825,-4.802645
tactile_test,15ml,tactile_test_15ml,C:\Users\FangYuxuan\Saved Games\Upper_VET6USB\Workspace\C_model_training\tactile_test\idw4\15ml\VET6_8chips_raw_stream_20260527_220429.csv,14,23.292757,1.865540,-4.808706
tactile_test,15ml,tactile_test_15ml,C:\Users\FangYuxuan\Saved Games\Upper_VET6USB\Workspace\C_model_training\tactile_test\idw4\15ml\VET6_8chips_raw_stream_20260527_220430.csv,17,22.916111,1.766563,-4.810511
tactile_test,15ml,tactile_test_15ml,C:\Users\FangYuxuan\Saved Games\Upper_VET6USB\Workspace\C_model_training\tactile_test\idw4\15ml\VET6_8chips_raw_stream_20260527_220431.csv,12,23.071920,2.007336,-4.435093
tactile_test,15ml,tactile_test_15ml,C:\Users\FangYuxuan\Saved Games\Upper_VET6USB\Workspace\C_model_training\tactile_test\idw4\15ml\VET6_8chips_raw_stream_20260527_220432.csv,2,23.719450,1.762289,-4.820408
tactile_test,15ml,tactile_test_15ml,C:\Users\FangYuxuan\Saved Games\Upper_VET6USB\Workspace\C_model_training\tactile_test\idw4\15ml\VET6_8chips_raw_stream_20260527_220436.csv,11,20.893400,0.095008,-0.820726
tactile_test,15ml,tactile_test_15ml,C:\Users\FangYuxuan\Saved Games\Upper_VET6USB\Workspace\C_model_training\tactile_test\idw4\15ml\VET6_8chips_raw_stream_20260527_220437.csv,8,21.727839,-0.535846,-1.281601
tactile_test,15ml,tactile_test_15ml,C:\Users\FangYuxuan\Saved Games\Upper_VET6USB\Workspace\C_model_training\tactile_test\idw4\15ml\VET6_8chips_raw_stream_20260527_220439.csv,5,21.535803,-0.211025,-1.027573
tactile_test,15ml,tactile_test_15ml,C:\Users\FangYuxuan\Saved Games\Upper_VET6USB\Workspace\C_model_training\tactile_test\idw4\15ml\VET6_8chips_raw_stream_20260527_220440.csv,22,23.214197,-0.455266,-1.347069
tactile_test,15ml,tactile_test_15ml,C:\Users\FangYuxuan\Saved Games\Upper_VET6USB\Workspace\C_model_training\tactile_test\idw4\15ml\VET6_8chips_raw_stream_20260527_220441.csv,11,21.359043,-0.214283,-1.019818
tactile_test,15ml,tactile_test_15ml,C:\Users\FangYuxuan\Saved Games\Upper_VET6USB\Workspace\C_model_training\tactile_test\idw4\15ml\VET6_8chips_raw_stream_20260527_220442.csv,21,23.676477,-0.228932,-1.046120
tactile_test,15ml,tactile_test_15ml,C:\Users\FangYuxuan\Saved Games\Upper_VET6USB\Workspace\C_model_training\tactile_test\idw4\15ml\VET6_8chips_raw_stream_20260527_220446.csv,11,19.568399,3.318683,0.481527
tactile_test,15ml,tactile_test_15ml,C:\Users\FangYuxuan\Saved Games\Upper_VET6USB\Workspace\C_model_training\tactile_test\idw4\15ml\VET6_8chips_raw_stream_20260527_220448.csv,8,21.306473,3.512548,0.396515
tactile_test,15ml,tactile_test_15ml,C:\Users\FangYuxuan\Saved Games\Upper_VET6USB\Workspace\C_model_training\tactile_test\idw4\15ml\VET6_8chips_raw_stream_20260527_220449.csv,16,21.588169,3.927333,0.268250
tactile_test,15ml,tactile_test_15ml,C:\Users\FangYuxuan\Saved Games\Upper_VET6USB\Workspace\C_model_training\tactile_test\idw4\15ml\VET6_8chips_raw_stream_20260527_220450.csv,3,20.992384,4.229115,0.204476
tactile_test,15ml,tactile_test_15ml,C:\Users\FangYuxuan\Saved Games\Upper_VET6USB\Workspace\C_model_training\tactile_test\idw4\15ml\VET6_8chips_raw_stream_20260527_220451.csv,9,22.076822,3.907621,0.160735
tactile_test,15ml,tactile_test_15ml,C:\Users\FangYuxuan\Saved Games\Upper_VET6USB\Workspace\C_model_training\tactile_test\idw4\15ml\VET6_8chips_raw_stream_20260527_220452.csv,3,21.799433,3.721404,0.309915
tactile_test,15ml,tactile_test_15ml,C:\Users\FangYuxuan\Saved Games\Upper_VET6USB\Workspace\C_model_training\tactile_test\idw4\15ml\VET6_8chips_raw_stream_20260527_220453.csv,16,20.592606,3.864187,0.182337
tactile_test,15ml,tactile_test_15ml,C:\Users\FangYuxuan\Saved Games\Upper_VET6USB\Workspace\C_model_training\tactile_test\idw4\15ml\VET6_8chips_raw_stream_20260527_220454.csv,19,21.818863,4.055610,0.015843
tactile_test,15ml,tactile_test_15ml,C:\Users\FangYuxuan\Saved Games\Upper_VET6USB\Workspace\C_model_training\tactile_test\idw4\15ml\VET6_8chips_raw_stream_20260527_220456.csv,4,22.933701,4.056898,0.018167
tactile_test,15ml,tactile_test_15ml,C:\Users\FangYuxuan\Saved Games\Upper_VET6USB\Workspace\C_model_training\tactile_test\idw4\15ml\VET6_8chips_raw_stream_20260527_220457.csv,3,20.630749,3.999518,0.047187
tactile_test,15ml,tactile_test_15ml,C:\Users\FangYuxuan\Saved Games\Upper_VET6USB\Workspace\C_model_training\tactile_test\idw4\15ml\VET6_8chips_raw_stream_20260527_220458.csv,11,20.986555,4.413960,-0.216484
tactile_test,15ml,tactile_test_15ml,C:\Users\FangYuxuan\Saved Games\Upper_VET6USB\Workspace\C_model_training\tactile_test\idw4\15ml\VET6_8chips_raw_stream_20260527_220459.csv,6,21.753349,4.419690,-0.190540
tactile_test,15ml,tactile_test_15ml,C:\Users\FangYuxuan\Saved Games\Upper_VET6USB\Workspace\C_model_training\tactile_test\idw4\15ml\VET6_8chips_raw_stream_20260527_220500.csv,17,21.459949,4.421741,-0.198341
tactile_test,15ml,tactile_test_15ml,C:\Users\FangYuxuan\Saved Games\Upper_VET6USB\Workspace\C_model_training\tactile_test\idw4\15ml\VET6_8chips_raw_stream_20260527_220501.csv,21,19.372118,4.513461,-0.561816
tactile_test,15ml,tactile_test_15ml,C:\Users\FangYuxuan\Saved Games\Upper_VET6USB\Workspace\C_model_training\tactile_test\idw4\15ml\VET6_8chips_raw_stream_20260527_220504.csv,21,21.087341,4.050401,-1.232920
tactile_test,15ml,tactile_test_15ml,C:\Users\FangYuxuan\Saved Games\Upper_VET6USB\Workspace\C_model_training\tactile_test\idw4\15ml\VET6_8chips_raw_stream_20260527_220505.csv,11,22.004051,4.370338,-1.269985
tactile_test,15ml,tactile_test_15ml,C:\Users\FangYuxuan\Saved Games\Upper_VET6USB\Workspace\C_model_training\tactile_test\idw4\15ml\VET6_8chips_raw_stream_20260527_220507.csv,9,22.208141,4.443131,-1.311465
tactile_test,15ml,tactile_test_15ml,C:\Users\FangYuxuan\Saved Games\Upper_VET6USB\Workspace\C_model_training\tactile_test\idw4\15ml\VET6_8chips_raw_stream_20260527_220508.csv,12,22.688667,4.427365,-1.360865
tactile_test,15ml,tactile_test_15ml,C:\Users\FangYuxuan\Saved Games\Upper_VET6USB\Workspace\C_model_training\tactile_test\idw4\15ml\VET6_8chips_raw_stream_20260527_220510.csv,18,19.376591,3.236166,-0.800898
tactile_test,15ml,tactile_test_15ml,C:\Users\FangYuxuan\Saved Games\Upper_VET6USB\Workspace\C_model_training\tactile_test\idw4\15ml\VET6_8chips_raw_stream_20260527_220512.csv,15,21.279243,3.138122,-0.816044
tactile_test,15ml,tactile_test_15ml,C:\Users\FangYuxuan\Saved Games\Upper_VET6USB\Workspace\C_model_training\tactile_test\idw4\15ml\VET6_8chips_raw_stream_20260527_220515.csv,4,22.124344,3.147701,-0.798822
tactile_test,15ml,tactile_test_15ml,C:\Users\FangYuxuan\Saved Games\Upper_VET6USB\Workspace\C_model_training\tactile_test\idw4\15ml\VET6_8chips_raw_stream_20260527_220516.csv,8,22.645962,3.426722,-0.899947
tactile_test,15ml,tactile_test_15ml,C:\Users\FangYuxuan\Saved Games\Upper_VET6USB\Workspace\C_model_training\tactile_test\idw4\15ml\VET6_8chips_raw_stream_20260527_220518.csv,20,21.747370,3.372551,-0.815195
tactile_test,15ml,tactile_test_15ml,C:\Users\FangYuxuan\Saved Games\Upper_VET6USB\Workspace\C_model_training\tactile_test\idw4\15ml\VET6_8chips_raw_stream_20260527_220522.csv,3,21.914515,3.208095,-0.690048
tactile_test,15ml,tactile_test_15ml,C:\Users\FangYuxuan\Saved Games\Upper_VET6USB\Workspace\C_model_training\tactile_test\idw4\15ml\VET6_8chips_raw_stream_20260527_220524.csv,15,22.762571,3.161339,-0.873472
tactile_test,15ml,tactile_test_15ml,C:\Users\FangYuxuan\Saved Games\Upper_VET6USB\Workspace\C_model_training\tactile_test\idw4\15ml\VET6_8chips_raw_stream_20260527_220525.csv,3,23.497694,3.156283,-0.888698
tactile_test,15ml,tactile_test_15ml,C:\Users\FangYuxuan\Saved Games\Upper_VET6USB\Workspace\C_model_training\tactile_test\idw4\15ml\VET6_8chips_raw_stream_20260527_220526.csv,13,22.526182,3.144903,-0.917864
tactile_test,15ml,tactile_test_15ml,C:\Users\FangYuxuan\Saved Games\Upper_VET6USB\Workspace\C_model_training\tactile_test\idw4\15ml\VET6_8chips_raw_stream_20260527_220528.csv,1,22.902653,3.147955,-0.909472
tactile_test,15ml,tactile_test_15ml,C:\Users\FangYuxuan\Saved Games\Upper_VET6USB\Workspace\C_model_training\tactile_test\idw4\15ml\VET6_8chips_raw_stream_20260527_220538.csv,22,22.541441,-2.187038,-0.464246
tactile_test,15ml,tactile_test_15ml,C:\Users\FangYuxuan\Saved Games\Upper_VET6USB\Workspace\C_model_training\tactile_test\idw4\15ml\VET6_8chips_raw_stream_20260527_220539.csv,20,23.187723,-2.068555,0.059088
tactile_test,15ml,tactile_test_15ml,C:\Users\FangYuxuan\Saved Games\Upper_VET6USB\Workspace\C_model_training\tactile_test\idw4\15ml\VET6_8chips_raw_stream_20260527_220540.csv,0,23.161652,-2.178695,-0.448017
tactile_test,15ml,tactile_test_15ml,C:\Users\FangYuxuan\Saved Games\Upper_VET6USB\Workspace\C_model_training\tactile_test\idw4\15ml\VET6_8chips_raw_stream_20260527_220542.csv,15,22.607817,-2.056731,-0.119013
tactile_test,15ml,tactile_test_15ml,C:\Users\FangYuxuan\Saved Games\Upper_VET6USB\Workspace\C_model_training\tactile_test\idw4\15ml\VET6_8chips_raw_stream_20260527_220543.csv,0,21.824841,-2.128570,0.054706
tactile_test,15ml,tactile_test_15ml,C:\Users\FangYuxuan\Saved Games\Upper_VET6USB\Workspace\C_model_training\tactile_test\idw4\15ml\VET6_8chips_raw_stream_20260527_220549.csv,4,20.554129,-1.699702,-0.653709
tactile_test,15ml,tactile_test_15ml,C:\Users\FangYuxuan\Saved Games\Upper_VET6USB\Workspace\C_model_training\tactile_test\idw4\15ml\VET6_8chips_raw_stream_20260527_220550.csv,9,21.078465,-1.935905,-1.102901
tactile_test,15ml,tactile_test_15ml,C:\Users\FangYuxuan\Saved Games\Upper_VET6USB\Workspace\C_model_training\tactile_test\idw4\15ml\VET6_8chips_raw_stream_20260527_220551.csv,18,22.150782,-2.124063,-1.206047
tactile_test,15ml,tactile_test_15ml,C:\Users\FangYuxuan\Saved Games\Upper_VET6USB\Workspace\C_model_training\tactile_test\idw4\15ml\VET6_8chips_raw_stream_20260527_220552.csv,18,23.745644,-2.118600,-1.192840
tactile_test,15ml,tactile_test_15ml,C:\Users\FangYuxuan\Saved Games\Upper_VET6USB\Workspace\C_model_training\tactile_test\idw4\15ml\VET6_8chips_raw_stream_20260527_220556.csv,22,22.316797,-1.466322,-0.323806
tactile_test,15ml,tactile_test_15ml,C:\Users\FangYuxuan\Saved Games\Upper_VET6USB\Workspace\C_model_training\tactile_test\idw4\15ml\VET6_8chips_raw_stream_20260527_220557.csv,3,23.428383,-1.481459,-0.344168
tactile_test,15ml,tactile_test_15ml,C:\Users\FangYuxuan\Saved Games\Upper_VET6USB\Workspace\C_model_training\tactile_test\idw4\15ml\VET6_8chips_raw_stream_20260527_220600.csv,1,23.406553,-1.519875,-0.431912
tactile_test,15ml,tactile_test_15ml,C:\Users\FangYuxuan\Saved Games\Upper_VET6USB\Workspace\C_model_training\tactile_test\idw4\15ml\VET6_8chips_raw_stream_20260527_223830.csv,8,23.925535,-2.150812,-2.264002
tactile_test,15ml,tactile_test_15ml,C:\Users\FangYuxuan\Saved Games\Upper_VET6USB\Workspace\C_model_training\tactile_test\idw4\15ml\VET6_8chips_raw_stream_20260527_223831.csv,14,22.844128,-2.153435,-2.277451
tactile_test,15ml,tactile_test_15ml,C:\Users\FangYuxuan\Saved Games\Upper_VET6USB\Workspace\C_model_training\tactile_test\idw4\15ml\VET6_8chips_raw_stream_20260527_223832.csv,14,23.445995,-2.150558,-2.271257
tactile_test,15ml,tactile_test_15ml,C:\Users\FangYuxuan\Saved Games\Upper_VET6USB\Workspace\C_model_training\tactile_test\idw4\15ml\VET6_8chips_raw_stream_20260527_223838.csv,14,23.474691,-2.144444,-2.251616
tactile_test,15ml,tactile_test_15ml,C:\Users\FangYuxuan\Saved Games\Upper_VET6USB\Workspace\C_model_training\tactile_test\idw4\15ml\VET6_8chips_raw_stream_20260527_223839.csv,10,23.335873,-2.140006,-2.245912
tactile_test,15ml,tactile_test_15ml,C:\Users\FangYuxuan\Saved Games\Upper_VET6USB\Workspace\C_model_training\tactile_test\idw4\15ml\VET6_8chips_raw_stream_20260527_223841.csv,20,23.486252,-2.139249,-2.255624
tactile_test,15ml,tactile_test_15ml,C:\Users\FangYuxuan\Saved Games\Upper_VET6USB\Workspace\C_model_training\tactile_test\idw4\15ml\VET6_8chips_raw_stream_20260527_223842.csv,21,21.904263,-2.138320,-2.249393
tactile_test,15ml,tactile_test_15ml,C:\Users\FangYuxuan\Saved Games\Upper_VET6USB\Workspace\C_model_training\tactile_test\idw4\15ml\VET6_8chips_raw_stream_20260527_223843.csv,5,23.743494,-2.141062,-2.255115
tactile_test,15ml,tactile_test_15ml,C:\Users\FangYuxuan\Saved Games\Upper_VET6USB\Workspace\C_model_training\tactile_test\idw4\15ml\VET6_8chips_raw_stream_20260527_223844.csv,14,23.445045,-2.140231,-2.244574
tactile_test,15ml,tactile_test_15ml,C:\Users\FangYuxuan\Saved Games\Upper_VET6USB\Workspace\C_model_training\tactile_test\idw4\15ml\VET6_8chips_raw_stream_20260527_223846.csv,10,20.997492,-2.144394,-2.260738
tactile_test,15ml,tactile_test_15ml,C:\Users\FangYuxuan\Saved Games\Upper_VET6USB\Workspace\C_model_training\tactile_test\idw4\15ml\VET6_8chips_raw_stream_20260527_223847.csv,2,23.997517,-2.141256,-2.247571
tactile_test,15ml,tactile_test_15ml,C:\Users\FangYuxuan\Saved Games\Upper_VET6USB\Workspace\C_model_training\tactile_test\idw4\15ml\VET6_8chips_raw_stream_20260527_223848.csv,20,23.697123,-2.145468,-2.260860
tactile_test,15ml,tactile_test_15ml,C:\Users\FangYuxuan\Saved Games\Upper_VET6USB\Workspace\C_model_training\tactile_test\idw4\15ml\VET6_8chips_raw_stream_20260527_223849.csv,20,23.179117,-2.141602,-2.250244
tactile_test,15ml,tactile_test_15ml,C:\Users\FangYuxuan\Saved Games\Upper_VET6USB\Workspace\C_model_training\tactile_test\idw4\15ml\VET6_8chips_raw_stream_20260527_223850.csv,4,23.277369,-2.141852,-2.250213
tactile_test,15ml,tactile_test_15ml,C:\Users\FangYuxuan\Saved Games\Upper_VET6USB\Workspace\C_model_training\tactile_test\idw4\15ml\VET6_8chips_raw_stream_20260527_223902.csv,11,23.460016,-0.819504,-0.216841
tactile_test,15ml,tactile_test_15ml,C:\Users\FangYuxuan\Saved Games\Upper_VET6USB\Workspace\C_model_training\tactile_test\idw4\15ml\VET6_8chips_raw_stream_20260527_223903.csv,22,22.195166,-0.847024,-0.297926
tactile_test,15ml,tactile_test_15ml,C:\Users\FangYuxuan\Saved Games\Upper_VET6USB\Workspace\C_model_training\tactile_test\idw4\15ml\VET6_8chips_raw_stream_20260527_223904.csv,22,23.903034,-0.874719,-0.355495
tactile_test,15ml,tactile_test_15ml,C:\Users\FangYuxuan\Saved Games\Upper_VET6USB\Workspace\C_model_training\tactile_test\idw4\15ml\VET6_8chips_raw_stream_20260527_223905.csv,4,23.298998,-0.884896,-0.368975
tactile_test,15ml,tactile_test_15ml,C:\Users\FangYuxuan\Saved Games\Upper_VET6USB\Workspace\C_model_training\tactile_test\idw4\15ml\VET6_8chips_raw_stream_20260527_223906.csv,10,21.139385,-0.889180,-0.369428
tactile_test,15ml,tactile_test_15ml,C:\Users\FangYuxuan\Saved Games\Upper_VET6USB\Workspace\C_model_training\tactile_test\idw4\15ml\VET6_8chips_raw_stream_20260527_223907.csv,5,23.467602,-0.903203,-0.407829
tactile_test,15ml,tactile_test_15ml,C:\Users\FangYuxuan\Saved Games\Upper_VET6USB\Workspace\C_model_training\tactile_test\idw4\15ml\VET6_8chips_raw_stream_20260527_223908.csv,13,23.638149,-0.907999,-0.416531
tactile_test,15ml,tactile_test_15ml,C:\Users\FangYuxuan\Saved Games\Upper_VET6USB\Workspace\C_model_training\tactile_test\idw4\15ml\VET6_8chips_raw_stream_20260527_223910.csv,13,23.657759,-0.913008,-0.420870
tactile_test,15ml,tactile_test_15ml,C:\Users\FangYuxuan\Saved Games\Upper_VET6USB\Workspace\C_model_training\tactile_test\idw4\15ml\VET6_8chips_raw_stream_20260527_223920.csv,16,22.084616,5.565336,-1.384989
tactile_test,15ml,tactile_test_15ml,C:\Users\FangYuxuan\Saved Games\Upper_VET6USB\Workspace\C_model_training\tactile_test\idw4\15ml\VET6_8chips_raw_stream_20260527_223921.csv,11,22.327950,5.557677,-1.423573
tactile_test,15ml,tactile_test_15ml,C:\Users\FangYuxuan\Saved Games\Upper_VET6USB\Workspace\C_model_training\tactile_test\idw4\15ml\VET6_8chips_raw_stream_20260527_223922.csv,6,22.784708,5.559319,-1.424342
tactile_test,15ml,tactile_test_15ml,C:\Users\FangYuxuan\Saved Games\Upper_VET6USB\Workspace\C_model_training\tactile_test\idw4\15ml\VET6_8chips_raw_stream_20260527_223923.csv,4,23.350031,5.585725,-1.461584
tactile_test,15ml,tactile_test_15ml,C:\Users\FangYuxuan\Saved Games\Upper_VET6USB\Workspace\C_model_training\tactile_test\idw4\15ml\VET6_8chips_raw_stream_20260527_223925.csv,18,22.783241,5.900353,-1.531237
tactile_test,15ml,tactile_test_15ml,C:\Users\FangYuxuan\Saved Games\Upper_VET6USB\Workspace\C_model_training\tactile_test\idw4\15ml\VET6_8chips_raw_stream_20260527_223926.csv,17,23.235662,5.895973,-1.542958
tactile_test,15ml,tactile_test_15ml,C:\Users\FangYuxuan\Saved Games\Upper_VET6USB\Workspace\C_model_training\tactile_test\idw4\15ml\VET6_8chips_raw_stream_20260527_223927.csv,12,22.174189,6.087112,-1.606554
tactile_test,15ml,tactile_test_15ml,C:\Users\FangYuxuan\Saved Games\Upper_VET6USB\Workspace\C_model_training\tactile_test\idw4\15ml\VET6_8chips_raw_stream_20260527_223929.csv,0,22.577024,6.085773,-1.609603
tactile_test,15ml,tactile_test_15ml,C:\Users\FangYuxuan\Saved Games\Upper_VET6USB\Workspace\C_model_training\tactile_test\idw4\15ml\VET6_8chips_raw_stream_20260527_223930.csv,3,23.144093,6.081169,-1.616902
tactile_test,15ml,tactile_test_15ml,C:\Users\FangYuxuan\Saved Games\Upper_VET6USB\Workspace\C_model_training\tactile_test\idw4\15ml\VET6_8chips_raw_stream_20260527_223931.csv,11,22.830946,6.080215,-1.621344
tactile_test,15ml,tactile_test_15ml,C:\Users\FangYuxuan\Saved Games\Upper_VET6USB\Workspace\C_model_training\tactile_test\idw4\15ml\VET6_8chips_raw_stream_20260527_223943.csv,5,22.709301,-2.845755,-3.047149
tactile_test,15ml,tactile_test_15ml,C:\Users\FangYuxuan\Saved Games\Upper_VET6USB\Workspace\C_model_training\tactile_test\idw4\15ml\VET6_8chips_raw_stream_20260527_223944.csv,14,23.058594,-2.861739,-3.099900
tactile_test,15ml,tactile_test_15ml,C:\Users\FangYuxuan\Saved Games\Upper_VET6USB\Workspace\C_model_training\tactile_test\idw4\15ml\VET6_8chips_raw_stream_20260527_223945.csv,13,23.738270,-2.879563,-3.142748
tactile_test,15ml,tactile_test_15ml,C:\Users\FangYuxuan\Saved Games\Upper_VET6USB\Workspace\C_model_training\tactile_test\idw4\15ml\VET6_8chips_raw_stream_20260527_223947.csv,19,22.569260,-2.863595,-3.016131
tactile_test,15ml,tactile_test_15ml,C:\Users\FangYuxuan\Saved Games\Upper_VET6USB\Workspace\C_model_training\tactile_test\idw4\15ml\VET6_8chips_raw_stream_20260527_223948.csv,7,23.043139,-2.867642,-3.030776
tactile_test,15ml,tactile_test_15ml,C:\Users\FangYuxuan\Saved Games\Upper_VET6USB\Workspace\C_model_training\tactile_test\idw4\15ml\VET6_8chips_raw_stream_20260527_223949.csv,11,23.604544,-2.920582,-0.625232
tactile_test,15ml,tactile_test_15ml,C:\Users\FangYuxuan\Saved Games\Upper_VET6USB\Workspace\C_model_training\tactile_test\idw4\15ml\VET6_8chips_raw_stream_20260527_223950.csv,11,23.940763,-2.940900,-0.768372
tactile_test,15ml,tactile_test_15ml,C:\Users\FangYuxuan\Saved Games\Upper_VET6USB\Workspace\C_model_training\tactile_test\idw4\15ml\VET6_8chips_raw_stream_20260527_223952.csv,5,23.069029,-3.132367,-1.607999
tactile_test,15ml,tactile_test_15ml,C:\Users\FangYuxuan\Saved Games\Upper_VET6USB\Workspace\C_model_training\tactile_test\idw4\15ml\VET6_8chips_raw_stream_20260527_223953.csv,8,23.716852,-2.982129,-0.770252
tactile_test,15ml,tactile_test_15ml,C:\Users\FangYuxuan\Saved Games\Upper_VET6USB\Workspace\C_model_training\tactile_test\idw4\15ml\VET6_8chips_raw_stream_20260527_223954.csv,6,23.029060,-3.143689,-1.644174
tactile_test,15ml,tactile_test_15ml,C:\Users\FangYuxuan\Saved Games\Upper_VET6USB\Workspace\C_model_training\tactile_test\idw4\15ml\VET6_8chips_raw_stream_20260527_223956.csv,10,24.131756,-2.987167,-0.785702
tactile_test,15ml,tactile_test_15ml,C:\Users\FangYuxuan\Saved Games\Upper_VET6USB\Workspace\C_model_training\tactile_test\idw4\15ml\VET6_8chips_raw_stream_20260527_223957.csv,17,23.678156,-3.246472,-1.393679
tactile_test,15ml,tactile_test_15ml,C:\Users\FangYuxuan\Saved Games\Upper_VET6USB\Workspace\C_model_training\tactile_test\idw4\15ml\VET6_8chips_raw_stream_20260527_223958.csv,5,23.747162,-3.154746,-1.673422
tactile_test,15ml,tactile_test_15ml,C:\Users\FangYuxuan\Saved Games\Upper_VET6USB\Workspace\C_model_training\tactile_test\idw4\15ml\VET6_8chips_raw_stream_20260527_223959.csv,16,23.571609,-3.252329,-1.412634
tactile_test,15ml,tactile_test_15ml,C:\Users\FangYuxuan\Saved Games\Upper_VET6USB\Workspace\C_model_training\tactile_test\idw4\15ml\VET6_8chips_raw_stream_20260527_224001.csv,9,23.289375,-3.252930,-1.420233
tactile_test,15ml,tactile_test_15ml,C:\Users\FangYuxuan\Saved Games\Upper_VET6USB\Workspace\C_model_training\tactile_test\idw4\15ml\VET6_8chips_raw_stream_20260527_224002.csv,16,22.343706,-3.258605,-1.432584
tactile_test,15ml,tactile_test_15ml,C:\Users\FangYuxuan\Saved Games\Upper_VET6USB\Workspace\C_model_training\tactile_test\idw4\15ml\VET6_8chips_raw_stream_20260527_224003.csv,6,23.046406,-3.262834,-1.442416
tactile_test,15ml,tactile_test_15ml,C:\Users\FangYuxuan\Saved Games\Upper_VET6USB\Workspace\C_model_training\tactile_test\idw4\15ml\VET6_8chips_raw_stream_20260527_224005.csv,5,24.533939,-3.169072,-1.931325
tactile_test,15ml,tactile_test_15ml,C:\Users\FangYuxuan\Saved Games\Upper_VET6USB\Workspace\C_model_training\tactile_test\idw4\15ml\VET6_8chips_raw_stream_20260527_224006.csv,19,22.949856,-3.276917,-1.651645
tactile_test,15ml,tactile_test_15ml,C:\Users\FangYuxuan\Saved Games\Upper_VET6USB\Workspace\C_model_training\tactile_test\idw4\15ml\VET6_8chips_raw_stream_20260527_224007.csv,21,23.444786,-3.459294,-2.714206
tactile_test,15ml,tactile_test_15ml,C:\Users\FangYuxuan\Saved Games\Upper_VET6USB\Workspace\C_model_training\tactile_test\idw4\15ml\VET6_8chips_raw_stream_20260527_224009.csv,5,23.429590,-3.279687,-1.658684
tactile_test,15ml,tactile_test_15ml,C:\Users\FangYuxuan\Saved Games\Upper_VET6USB\Workspace\C_model_training\tactile_test\idw4\15ml\VET6_8chips_raw_stream_20260527_224010.csv,18,22.650532,-3.176932,-1.741551
tactile_test,15ml,tactile_test_15ml,C:\Users\FangYuxuan\Saved Games\Upper_VET6USB\Workspace\C_model_training\tactile_test\idw4\15ml\VET6_8chips_raw_stream_20260527_224012.csv,10,23.863691,-3.174029,-1.941179
tactile_test,15ml,tactile_test_15ml,C:\Users\FangYuxuan\Saved Games\Upper_VET6USB\Workspace\C_model_training\tactile_test\idw4\15ml\VET6_8chips_raw_stream_20260527_224013.csv,7,22.099369,-3.177834,-1.950392
tactile_test,15ml,tactile_test_15ml,C:\Users\FangYuxuan\Saved Games\Upper_VET6USB\Workspace\C_model_training\tactile_test\idw4\15ml\VET6_8chips_raw_stream_20260527_224014.csv,16,24.050158,-3.178858,-1.745789
tactile_test,15ml,tactile_test_15ml,C:\Users\FangYuxuan\Saved Games\Upper_VET6USB\Workspace\C_model_training\tactile_test\idw4\15ml\VET6_8chips_raw_stream_20260527_224028.csv,3,22.920547,-1.767571,-1.756834
tactile_test,15ml,tactile_test_15ml,C:\Users\FangYuxuan\Saved Games\Upper_VET6USB\Workspace\C_model_training\tactile_test\idw4\15ml\VET6_8chips_raw_stream_20260527_224030.csv,21,22.957319,-1.913167,-1.618493
tactile_test,15ml,tactile_test_15ml,C:\Users\FangYuxuan\Saved Games\Upper_VET6USB\Workspace\C_model_training\tactile_test\idw4\15ml\VET6_8chips_raw_stream_20260527_224031.csv,11,22.891792,-2.148082,-1.623082
tactile_test,15ml,tactile_test_15ml,C:\Users\FangYuxuan\Saved Games\Upper_VET6USB\Workspace\C_model_training\tactile_test\idw4\15ml\VET6_8chips_raw_stream_20260527_224034.csv,16,23.216387,-0.929206,-2.270348
tactile_test,15ml,tactile_test_15ml,C:\Users\FangYuxuan\Saved Games\Upper_VET6USB\Workspace\C_model_training\tactile_test\idw4\15ml\VET6_8chips_raw_stream_20260527_224035.csv,15,22.506702,-0.947774,-2.326323
tactile_test,15ml,tactile_test_15ml,C:\Users\FangYuxuan\Saved Games\Upper_VET6USB\Workspace\C_model_training\tactile_test\idw4\15ml\VET6_8chips_raw_stream_20260527_224037.csv,19,20.820507,-1.191706,-2.886770
tactile_test,15ml,tactile_test_15ml,C:\Users\FangYuxuan\Saved Games\Upper_VET6USB\Workspace\C_model_training\tactile_test\idw4\15ml\VET6_8chips_raw_stream_20260527_224038.csv,14,23.035181,-0.985465,-2.358065
tactile_test,15ml,tactile_test_15ml,C:\Users\FangYuxuan\Saved Games\Upper_VET6USB\Workspace\C_model_training\tactile_test\idw4\15ml\VET6_8chips_raw_stream_20260527_224049.csv,2,22.717220,-1.509184,0.731022
tactile_test,15ml,tactile_test_15ml,C:\Users\FangYuxuan\Saved Games\Upper_VET6USB\Workspace\C_model_training\tactile_test\idw4\15ml\VET6_8chips_raw_stream_20260527_224050.csv,1,22.039970,-1.313684,1.424566
tactile_test,15ml,tactile_test_15ml,C:\Users\FangYuxuan\Saved Games\Upper_VET6USB\Workspace\C_model_training\tactile_test\idw4\15ml\VET6_8chips_raw_stream_20260527_224052.csv,18,23.043602,-1.331626,1.380841
tactile_test,15ml,tactile_test_15ml,C:\Users\FangYuxuan\Saved Games\Upper_VET6USB\Workspace\C_model_training\tactile_test\idw4\15ml\VET6_8chips_raw_stream_20260527_224053.csv,3,22.900852,-1.335609,1.377745
tactile_test,15ml,tactile_test_15ml,C:\Users\FangYuxuan\Saved Games\Upper_VET6USB\Workspace\C_model_training\tactile_test\idw4\15ml\VET6_8chips_raw_stream_20260527_224054.csv,2,21.131441,-1.333213,1.386944
tactile_test,15ml,tactile_test_15ml,C:\Users\FangYuxuan\Saved Games\Upper_VET6USB\Workspace\C_model_training\tactile_test\idw4\15ml\VET6_8chips_raw_stream_20260527_224055.csv,2,22.442228,-1.327981,1.406599
tactile_test,15ml,tactile_test_15ml,C:\Users\FangYuxuan\Saved Games\Upper_VET6USB\Workspace\C_model_training\tactile_test\idw4\15ml\VET6_8chips_raw_stream_20260527_224057.csv,12,23.786528,-1.336240,1.389580
tactile_test,15ml,tactile_test_15ml,C:\Users\FangYuxuan\Saved Games\Upper_VET6USB\Workspace\C_model_training\tactile_test\idw4\15ml\VET6_8chips_raw_stream_20260527_224058.csv,0,22.363960,-1.544111,0.658724
tactile_test,15ml,tactile_test_15ml,C:\Users\FangYuxuan\Saved Games\Upper_VET6USB\Workspace\C_model_training\tactile_test\idw4\15ml\VET6_8chips_raw_stream_20260527_224059.csv,17,23.579597,-1.638059,0.927464
tactile_test,15ml,tactile_test_15ml,C:\Users\FangYuxuan\Saved Games\Upper_VET6USB\Workspace\C_model_training\tactile_test\idw4\15ml\VET6_8chips_raw_stream_20260527_224100.csv,13,23.912312,-1.334083,1.397662
tactile_test,15ml,tactile_test_15ml,C:\Users\FangYuxuan\Saved Games\Upper_VET6USB\Workspace\C_model_training\tactile_test\idw4\15ml\VET6_8chips_raw_stream_20260527_224102.csv,8,23.666592,-1.638646,0.921833
tactile_test,15ml,tactile_test_15ml,C:\Users\FangYuxuan\Saved Games\Upper_VET6USB\Workspace\C_model_training\tactile_test\idw4\15ml\VET6_8chips_raw_stream_20260527_224110.csv,16,21.392624,-2.235824,0.125919
tactile_test,15ml,tactile_test_15ml,C:\Users\FangYuxuan\Saved Games\Upper_VET6USB\Workspace\C_model_training\tactile_test\idw4\15ml\VET6_8chips_raw_stream_20260527_224112.csv,9,23.243214,-2.244855,0.102433
tactile_test,15ml,tactile_test_15ml,C:\Users\FangYuxuan\Saved Games\Upper_VET6USB\Workspace\C_model_training\tactile_test\idw4\15ml\VET6_8chips_raw_stream_20260527_224113.csv,1,23.260263,-2.255503,0.075531
tactile_test,50ml,tactile_test_50ml,C:\Users\FangYuxuan\Saved Games\Upper_VET6USB\Workspace\C_model_training\tactile_test\idw4\50ml\VET6_8chips_raw_stream_20260527_214531.csv,8,23.510441,0.474336,-0.260217
tactile_test,50ml,tactile_test_50ml,C:\Users\FangYuxuan\Saved Games\Upper_VET6USB\Workspace\C_model_training\tactile_test\idw4\50ml\VET6_8chips_raw_stream_20260527_214536.csv,8,22.728003,0.399365,0.040156
tactile_test,50ml,tactile_test_50ml,C:\Users\FangYuxuan\Saved Games\Upper_VET6USB\Workspace\C_model_training\tactile_test\idw4\50ml\VET6_8chips_raw_stream_20260527_214538.csv,14,22.356981,0.404775,-0.047659
tactile_test,50ml,tactile_test_50ml,C:\Users\FangYuxuan\Saved Games\Upper_VET6USB\Workspace\C_model_training\tactile_test\idw4\50ml\VET6_8chips_raw_stream_20260527_214539.csv,8,23.231672,0.397542,-0.059785
tactile_test,50ml,tactile_test_50ml,C:\Users\FangYuxuan\Saved Games\Upper_VET6USB\Workspace\C_model_training\tactile_test\idw4\50ml\VET6_8chips_raw_stream_20260527_214540.csv,18,22.856529,0.411963,-0.098840
tactile_test,50ml,tactile_test_50ml,C:\Users\FangYuxuan\Saved Games\Upper_VET6USB\Workspace\C_model_training\tactile_test\idw4\50ml\VET6_8chips_raw_stream_20260527_214541.csv,9,23.238476,0.407889,-0.111593
tactile_test,50ml,tactile_test_50ml,C:\Users\FangYuxuan\Saved Games\Upper_VET6USB\Workspace\C_model_training\tactile_test\idw4\50ml\VET6_8chips_raw_stream_20260527_214543.csv,22,22.978989,0.400689,-0.134833
tactile_test,50ml,tactile_test_50ml,C:\Users\FangYuxuan\Saved Games\Upper_VET6USB\Workspace\C_model_training\tactile_test\idw4\50ml\VET6_8chips_raw_stream_20260527_214544.csv,11,23.431509,0.399139,-0.136656
tactile_test,50ml,tactile_test_50ml,C:\Users\FangYuxuan\Saved Games\Upper_VET6USB\Workspace\C_model_training\tactile_test\idw4\50ml\VET6_8chips_raw_stream_20260527_214545.csv,20,23.833715,0.397966,-0.139776
tactile_test,50ml,tactile_test_50ml,C:\Users\FangYuxuan\Saved Games\Upper_VET6USB\Workspace\C_model_training\tactile_test\idw4\50ml\VET6_8chips_raw_stream_20260527_214546.csv,14,23.698751,0.393807,-0.151025
tactile_test,50ml,tactile_test_50ml,C:\Users\FangYuxuan\Saved Games\Upper_VET6USB\Workspace\C_model_training\tactile_test\idw4\50ml\VET6_8chips_raw_stream_20260527_214547.csv,13,22.638124,0.389471,-0.162205
tactile_test,50ml,tactile_test_50ml,C:\Users\FangYuxuan\Saved Games\Upper_VET6USB\Workspace\C_model_training\tactile_test\idw4\50ml\VET6_8chips_raw_stream_20260527_214548.csv,8,23.812115,0.389865,-0.159202
tactile_test,50ml,tactile_test_50ml,C:\Users\FangYuxuan\Saved Games\Upper_VET6USB\Workspace\C_model_training\tactile_test\idw4\50ml\VET6_8chips_raw_stream_20260527_214549.csv,16,22.614307,0.386990,-0.166156
tactile_test,50ml,tactile_test_50ml,C:\Users\FangYuxuan\Saved Games\Upper_VET6USB\Workspace\C_model_training\tactile_test\idw4\50ml\VET6_8chips_raw_stream_20260527_214550.csv,16,23.811197,0.538493,-0.391759
tactile_test,50ml,tactile_test_50ml,C:\Users\FangYuxuan\Saved Games\Upper_VET6USB\Workspace\C_model_training\tactile_test\idw4\50ml\VET6_8chips_raw_stream_20260527_214551.csv,17,23.100019,0.384479,-0.171638
tactile_test,50ml,tactile_test_50ml,C:\Users\FangYuxuan\Saved Games\Upper_VET6USB\Workspace\C_model_training\tactile_test\idw4\50ml\VET6_8chips_raw_stream_20260527_214552.csv,0,23.354158,0.384101,-0.169112
tactile_test,50ml,tactile_test_50ml,C:\Users\FangYuxuan\Saved Games\Upper_VET6USB\Workspace\C_model_training\tactile_test\idw4\50ml\VET6_8chips_raw_stream_20260527_214554.csv,8,23.891047,0.381892,-0.177595
tactile_test,50ml,tactile_test_50ml,C:\Users\FangYuxuan\Saved Games\Upper_VET6USB\Workspace\C_model_training\tactile_test\idw4\50ml\VET6_8chips_raw_stream_20260527_214555.csv,8,23.800550,0.533528,-0.405671
tactile_test,50ml,tactile_test_50ml,C:\Users\FangYuxuan\Saved Games\Upper_VET6USB\Workspace\C_model_training\tactile_test\idw4\50ml\VET6_8chips_raw_stream_20260527_214556.csv,18,23.438848,0.376393,-0.187369
tactile_test,50ml,tactile_test_50ml,C:\Users\FangYuxuan\Saved Games\Upper_VET6USB\Workspace\C_model_training\tactile_test\idw4\50ml\VET6_8chips_raw_stream_20260527_214616.csv,18,23.465366,-0.303598,0.408284
tactile_test,50ml,tactile_test_50ml,C:\Users\FangYuxuan\Saved Games\Upper_VET6USB\Workspace\C_model_training\tactile_test\idw4\50ml\VET6_8chips_raw_stream_20260527_214617.csv,10,23.226007,-0.305301,0.401552
tactile_test,50ml,tactile_test_50ml,C:\Users\FangYuxuan\Saved Games\Upper_VET6USB\Workspace\C_model_training\tactile_test\idw4\50ml\VET6_8chips_raw_stream_20260527_214619.csv,4,22.749605,-0.304512,0.402556
tactile_test,50ml,tactile_test_50ml,C:\Users\FangYuxuan\Saved Games\Upper_VET6USB\Workspace\C_model_training\tactile_test\idw4\50ml\VET6_8chips_raw_stream_20260527_214620.csv,11,24.080219,-0.084306,0.727760
tactile_test,50ml,tactile_test_50ml,C:\Users\FangYuxuan\Saved Games\Upper_VET6USB\Workspace\C_model_training\tactile_test\idw4\50ml\VET6_8chips_raw_stream_20260527_214621.csv,10,23.359219,-0.086571,0.720514
tactile_test,50ml,tactile_test_50ml,C:\Users\FangYuxuan\Saved Games\Upper_VET6USB\Workspace\C_model_training\tactile_test\idw4\50ml\VET6_8chips_raw_stream_20260527_214622.csv,0,23.693493,-0.316847,0.382276
tactile_test,50ml,tactile_test_50ml,C:\Users\FangYuxuan\Saved Games\Upper_VET6USB\Workspace\C_model_training\tactile_test\idw4\50ml\VET6_8chips_raw_stream_20260527_214623.csv,19,22.691303,-0.324755,0.365355
tactile_test,50ml,tactile_test_50ml,C:\Users\FangYuxuan\Saved Games\Upper_VET6USB\Workspace\C_model_training\tactile_test\idw4\50ml\VET6_8chips_raw_stream_20260527_214624.csv,13,23.584517,-0.097085,0.702641
tactile_test,50ml,tactile_test_50ml,C:\Users\FangYuxuan\Saved Games\Upper_VET6USB\Workspace\C_model_training\tactile_test\idw4\50ml\VET6_8chips_raw_stream_20260527_214626.csv,6,22.937145,-0.100759,0.694281
tactile_test,50ml,tactile_test_50ml,C:\Users\FangYuxuan\Saved Games\Upper_VET6USB\Workspace\C_model_training\tactile_test\idw4\50ml\VET6_8chips_raw_stream_20260527_214627.csv,5,22.683475,-0.103178,0.688119
tactile_test,50ml,tactile_test_50ml,C:\Users\FangYuxuan\Saved Games\Upper_VET6USB\Workspace\C_model_training\tactile_test\idw4\50ml\VET6_8chips_raw_stream_20260527_214628.csv,8,23.802338,-0.104436,0.686456
tactile_test,50ml,tactile_test_50ml,C:\Users\FangYuxuan\Saved Games\Upper_VET6USB\Workspace\C_model_training\tactile_test\idw4\50ml\VET6_8chips_raw_stream_20260527_214629.csv,2,23.547417,-0.337876,0.335160
tactile_test,50ml,tactile_test_50ml,C:\Users\FangYuxuan\Saved Games\Upper_VET6USB\Workspace\C_model_training\tactile_test\idw4\50ml\VET6_8chips_raw_stream_20260527_214630.csv,6,23.552202,-0.338980,0.335894
tactile_test,50ml,tactile_test_50ml,C:\Users\FangYuxuan\Saved Games\Upper_VET6USB\Workspace\C_model_training\tactile_test\idw4\50ml\VET6_8chips_raw_stream_20260527_214631.csv,0,24.203718,-0.335286,0.348895
tactile_test,50ml,tactile_test_50ml,C:\Users\FangYuxuan\Saved Games\Upper_VET6USB\Workspace\C_model_training\tactile_test\idw4\50ml\VET6_8chips_raw_stream_20260527_214632.csv,22,23.150150,-0.106470,0.682542
tactile_test,50ml,tactile_test_50ml,C:\Users\FangYuxuan\Saved Games\Upper_VET6USB\Workspace\C_model_training\tactile_test\idw4\50ml\VET6_8chips_raw_stream_20260527_214633.csv,18,24.064001,-0.107495,0.683549
tactile_test,50ml,tactile_test_50ml,C:\Users\FangYuxuan\Saved Games\Upper_VET6USB\Workspace\C_model_training\tactile_test\idw4\50ml\VET6_8chips_raw_stream_20260527_214635.csv,4,22.832664,-0.114551,0.670855
tactile_test,50ml,tactile_test_50ml,C:\Users\FangYuxuan\Saved Games\Upper_VET6USB\Workspace\C_model_training\tactile_test\idw4\50ml\VET6_8chips_raw_stream_20260527_214636.csv,16,21.668505,-0.115709,0.668949
tactile_test,50ml,tactile_test_50ml,C:\Users\FangYuxuan\Saved Games\Upper_VET6USB\Workspace\C_model_training\tactile_test\idw4\50ml\VET6_8chips_raw_stream_20260527_214637.csv,6,24.066282,-0.638671,0.114050
tactile_test,50ml,tactile_test_50ml,C:\Users\FangYuxuan\Saved Games\Upper_VET6USB\Workspace\C_model_training\tactile_test\idw4\50ml\VET6_8chips_raw_stream_20260527_214638.csv,8,23.118973,-0.118944,0.662437
tactile_test,50ml,tactile_test_50ml,C:\Users\FangYuxuan\Saved Games\Upper_VET6USB\Workspace\C_model_training\tactile_test\idw4\50ml\VET6_8chips_raw_stream_20260527_214639.csv,2,24.238909,-0.393471,0.477866
tactile_test,50ml,tactile_test_50ml,C:\Users\FangYuxuan\Saved Games\Upper_VET6USB\Workspace\C_model_training\tactile_test\idw4\50ml\VET6_8chips_raw_stream_20260527_214641.csv,1,23.131937,-0.395215,0.473274
tactile_test,50ml,tactile_test_50ml,C:\Users\FangYuxuan\Saved Games\Upper_VET6USB\Workspace\C_model_training\tactile_test\idw4\50ml\VET6_8chips_raw_stream_20260527_214646.csv,11,22.883272,-1.076500,0.690900
tactile_test,50ml,tactile_test_50ml,C:\Users\FangYuxuan\Saved Games\Upper_VET6USB\Workspace\C_model_training\tactile_test\idw4\50ml\VET6_8chips_raw_stream_20260527_214647.csv,0,22.403065,-1.072275,0.692419
tactile_test,50ml,tactile_test_50ml,C:\Users\FangYuxuan\Saved Games\Upper_VET6USB\Workspace\C_model_training\tactile_test\idw4\50ml\VET6_8chips_raw_stream_20260527_214649.csv,0,22.020885,-1.038029,0.627944
tactile_test,50ml,tactile_test_50ml,C:\Users\FangYuxuan\Saved Games\Upper_VET6USB\Workspace\C_model_training\tactile_test\idw4\50ml\VET6_8chips_raw_stream_20260527_214650.csv,10,22.081306,-1.162866,0.613483
tactile_test,50ml,tactile_test_50ml,C:\Users\FangYuxuan\Saved Games\Upper_VET6USB\Workspace\C_model_training\tactile_test\idw4\50ml\VET6_8chips_raw_stream_20260527_214651.csv,21,23.393852,-1.170692,0.606618
tactile_test,50ml,tactile_test_50ml,C:\Users\FangYuxuan\Saved Games\Upper_VET6USB\Workspace\C_model_training\tactile_test\idw4\50ml\VET6_8chips_raw_stream_20260527_214652.csv,13,22.851416,-1.368706,-0.050006
tactile_test,50ml,tactile_test_50ml,C:\Users\FangYuxuan\Saved Games\Upper_VET6USB\Workspace\C_model_training\tactile_test\idw4\50ml\VET6_8chips_raw_stream_20260527_214654.csv,1,22.302513,-1.045204,0.615861
tactile_test,50ml,tactile_test_50ml,C:\Users\FangYuxuan\Saved Games\Upper_VET6USB\Workspace\C_model_training\tactile_test\idw4\50ml\VET6_8chips_raw_stream_20260527_214655.csv,1,23.339445,-1.049291,0.609597
tactile_test,50ml,tactile_test_50ml,C:\Users\FangYuxuan\Saved Games\Upper_VET6USB\Workspace\C_model_training\tactile_test\idw4\50ml\VET6_8chips_raw_stream_20260527_214656.csv,9,23.799631,-0.820677,0.405351
tactile_test,50ml,tactile_test_50ml,C:\Users\FangYuxuan\Saved Games\Upper_VET6USB\Workspace\C_model_training\tactile_test\idw4\50ml\VET6_8chips_raw_stream_20260527_214657.csv,2,23.710222,-0.818449,0.414295
tactile_test,50ml,tactile_test_50ml,C:\Users\FangYuxuan\Saved Games\Upper_VET6USB\Workspace\C_model_training\tactile_test\idw4\50ml\VET6_8chips_raw_stream_20260527_214658.csv,4,22.560411,-0.823427,0.399611
tactile_test,50ml,tactile_test_50ml,C:\Users\FangYuxuan\Saved Games\Upper_VET6USB\Workspace\C_model_training\tactile_test\idw4\50ml\VET6_8chips_raw_stream_20260527_214659.csv,8,23.902523,-0.816037,0.415310
tactile_test,50ml,tactile_test_50ml,C:\Users\FangYuxuan\Saved Games\Upper_VET6USB\Workspace\C_model_training\tactile_test\idw4\50ml\VET6_8chips_raw_stream_20260527_214700.csv,13,23.959543,-0.818485,0.402453
tactile_test,50ml,tactile_test_50ml,C:\Users\FangYuxuan\Saved Games\Upper_VET6USB\Workspace\C_model_training\tactile_test\idw4\50ml\VET6_8chips_raw_stream_20260527_214701.csv,0,24.089743,-0.822245,0.387603
tactile_test,50ml,tactile_test_50ml,C:\Users\FangYuxuan\Saved Games\Upper_VET6USB\Workspace\C_model_training\tactile_test\idw4\50ml\VET6_8chips_raw_stream_20260527_214703.csv,12,23.970066,-1.012417,-0.225682
tactile_test,50ml,tactile_test_50ml,C:\Users\FangYuxuan\Saved Games\Upper_VET6USB\Workspace\C_model_training\tactile_test\idw4\50ml\VET6_8chips_raw_stream_20260527_214704.csv,14,23.055986,-0.934574,0.363353
tactile_test,50ml,tactile_test_50ml,C:\Users\FangYuxuan\Saved Games\Upper_VET6USB\Workspace\C_model_training\tactile_test\idw4\50ml\VET6_8chips_raw_stream_20260527_214705.csv,15,23.617590,-0.829207,0.366000
tactile_test,50ml,tactile_test_50ml,C:\Users\FangYuxuan\Saved Games\Upper_VET6USB\Workspace\C_model_training\tactile_test\idw4\50ml\VET6_8chips_raw_stream_20260527_214706.csv,10,23.504126,-1.022542,-0.257093
tactile_test,50ml,tactile_test_50ml,C:\Users\FangYuxuan\Saved Games\Upper_VET6USB\Workspace\C_model_training\tactile_test\idw4\50ml\VET6_8chips_raw_stream_20260527_214707.csv,11,23.599737,-1.021356,-0.258555
tactile_test,50ml,tactile_test_50ml,C:\Users\FangYuxuan\Saved Games\Upper_VET6USB\Workspace\C_model_training\tactile_test\idw4\50ml\VET6_8chips_raw_stream_20260527_214708.csv,8,23.005175,-1.023028,-0.263523
tactile_test,50ml,tactile_test_50ml,C:\Users\FangYuxuan\Saved Games\Upper_VET6USB\Workspace\C_model_training\tactile_test\idw4\50ml\VET6_8chips_raw_stream_20260527_214711.csv,16,20.800198,-0.560605,0.341541
tactile_test,50ml,tactile_test_50ml,C:\Users\FangYuxuan\Saved Games\Upper_VET6USB\Workspace\C_model_training\tactile_test\idw4\50ml\VET6_8chips_raw_stream_20260527_214713.csv,22,23.379105,-0.577176,0.319186
tactile_test,50ml,tactile_test_50ml,C:\Users\FangYuxuan\Saved Games\Upper_VET6USB\Workspace\C_model_training\tactile_test\idw4\50ml\VET6_8chips_raw_stream_20260527_214714.csv,2,22.869526,-0.403166,0.792935
tactile_test,50ml,tactile_test_50ml,C:\Users\FangYuxuan\Saved Games\Upper_VET6USB\Workspace\C_model_training\tactile_test\idw4\50ml\VET6_8chips_raw_stream_20260527_214715.csv,15,23.633150,-0.588753,0.291158
tactile_test,50ml,tactile_test_50ml,C:\Users\FangYuxuan\Saved Games\Upper_VET6USB\Workspace\C_model_training\tactile_test\idw4\50ml\VET6_8chips_raw_stream_20260527_214716.csv,11,23.855330,-0.591731,0.288311
tactile_test,50ml,tactile_test_50ml,C:\Users\FangYuxuan\Saved Games\Upper_VET6USB\Workspace\C_model_training\tactile_test\idw4\50ml\VET6_8chips_raw_stream_20260527_214718.csv,5,23.197727,-0.418135,0.760055
tactile_test,50ml,tactile_test_50ml,C:\Users\FangYuxuan\Saved Games\Upper_VET6USB\Workspace\C_model_training\tactile_test\idw4\50ml\VET6_8chips_raw_stream_20260527_214719.csv,23,23.389130,-0.607952,0.240577
tactile_test,50ml,tactile_test_50ml,C:\Users\FangYuxuan\Saved Games\Upper_VET6USB\Workspace\C_model_training\tactile_test\idw4\50ml\VET6_8chips_raw_stream_20260527_214722.csv,13,21.140406,-1.579794,0.302816
tactile_test,50ml,tactile_test_50ml,C:\Users\FangYuxuan\Saved Games\Upper_VET6USB\Workspace\C_model_training\tactile_test\idw4\50ml\VET6_8chips_raw_stream_20260527_214723.csv,10,23.036016,-1.598954,0.246846
tactile_test,50ml,tactile_test_50ml,C:\Users\FangYuxuan\Saved Games\Upper_VET6USB\Workspace\C_model_training\tactile_test\idw4\50ml\VET6_8chips_raw_stream_20260527_214725.csv,6,22.184456,-1.837042,-0.407917
tactile_test,50ml,tactile_test_50ml,C:\Users\FangYuxuan\Saved Games\Upper_VET6USB\Workspace\C_model_training\tactile_test\idw4\50ml\VET6_8chips_raw_stream_20260527_214726.csv,13,21.763044,-1.844624,-0.427543
tactile_test,50ml,tactile_test_50ml,C:\Users\FangYuxuan\Saved Games\Upper_VET6USB\Workspace\C_model_training\tactile_test\idw4\50ml\VET6_8chips_raw_stream_20260527_214727.csv,19,22.866257,-1.480452,0.158556
tactile_test,50ml,tactile_test_50ml,C:\Users\FangYuxuan\Saved Games\Upper_VET6USB\Workspace\C_model_training\tactile_test\idw4\50ml\VET6_8chips_raw_stream_20260527_214728.csv,16,22.770811,-1.480259,0.159593
tactile_test,50ml,tactile_test_50ml,C:\Users\FangYuxuan\Saved Games\Upper_VET6USB\Workspace\C_model_training\tactile_test\idw4\50ml\VET6_8chips_raw_stream_20260527_214730.csv,3,23.366447,-1.420562,0.026974
tactile_test,50ml,tactile_test_50ml,C:\Users\FangYuxuan\Saved Games\Upper_VET6USB\Workspace\C_model_training\tactile_test\idw4\50ml\VET6_8chips_raw_stream_20260527_214731.csv,13,23.972736,-1.493983,0.123297
tactile_test,50ml,tactile_test_50ml,C:\Users\FangYuxuan\Saved Games\Upper_VET6USB\Workspace\C_model_training\tactile_test\idw4\50ml\VET6_8chips_raw_stream_20260527_214732.csv,12,23.206923,-1.725508,-0.520258
tactile_test,50ml,tactile_test_50ml,C:\Users\FangYuxuan\Saved Games\Upper_VET6USB\Workspace\C_model_training\tactile_test\idw4\50ml\VET6_8chips_raw_stream_20260527_214733.csv,0,24.233564,-1.491687,0.123684
tactile_test,50ml,tactile_test_50ml,C:\Users\FangYuxuan\Saved Games\Upper_VET6USB\Workspace\C_model_training\tactile_test\idw4\50ml\VET6_8chips_raw_stream_20260527_214745.csv,4,23.047947,2.720213,0.746311
tactile_test,50ml,tactile_test_50ml,C:\Users\FangYuxuan\Saved Games\Upper_VET6USB\Workspace\C_model_training\tactile_test\idw4\50ml\VET6_8chips_raw_stream_20260527_214746.csv,17,23.291698,2.721928,0.660720
tactile_test,50ml,tactile_test_50ml,C:\Users\FangYuxuan\Saved Games\Upper_VET6USB\Workspace\C_model_training\tactile_test\idw4\50ml\VET6_8chips_raw_stream_20260527_214747.csv,19,22.732109,2.719386,0.670210
tactile_test,50ml,tactile_test_50ml,C:\Users\FangYuxuan\Saved Games\Upper_VET6USB\Workspace\C_model_training\tactile_test\idw4\50ml\VET6_8chips_raw_stream_20260527_214748.csv,15,22.905506,2.885612,0.580000
tactile_test,50ml,tactile_test_50ml,C:\Users\FangYuxuan\Saved Games\Upper_VET6USB\Workspace\C_model_training\tactile_test\idw4\50ml\VET6_8chips_raw_stream_20260527_214749.csv,3,23.698460,2.704130,0.595274
tactile_test,50ml,tactile_test_50ml,C:\Users\FangYuxuan\Saved Games\Upper_VET6USB\Workspace\C_model_training\tactile_test\idw4\50ml\VET6_8chips_raw_stream_20260527_214750.csv,4,22.749632,2.817963,0.656737
tactile_test,50ml,tactile_test_50ml,C:\Users\FangYuxuan\Saved Games\Upper_VET6USB\Workspace\C_model_training\tactile_test\idw4\50ml\VET6_8chips_raw_stream_20260527_214751.csv,1,23.584728,2.807789,0.638538
tactile_test,50ml,tactile_test_50ml,C:\Users\FangYuxuan\Saved Games\Upper_VET6USB\Workspace\C_model_training\tactile_test\idw4\50ml\VET6_8chips_raw_stream_20260527_214753.csv,7,22.957153,2.848093,0.642598
tactile_test,50ml,tactile_test_50ml,C:\Users\FangYuxuan\Saved Games\Upper_VET6USB\Workspace\C_model_training\tactile_test\idw4\50ml\VET6_8chips_raw_stream_20260527_214754.csv,9,23.221998,2.842463,0.630120
tactile_test,50ml,tactile_test_50ml,C:\Users\FangYuxuan\Saved Games\Upper_VET6USB\Workspace\C_model_training\tactile_test\idw4\50ml\VET6_8chips_raw_stream_20260527_214755.csv,0,21.725229,2.867445,0.597558
tactile_test,50ml,tactile_test_50ml,C:\Users\FangYuxuan\Saved Games\Upper_VET6USB\Workspace\C_model_training\tactile_test\idw4\50ml\VET6_8chips_raw_stream_20260527_214756.csv,9,23.442707,2.844428,0.632172
tactile_test,100ml,tactile_test_100ml,C:\Users\FangYuxuan\Saved Games\Upper_VET6USB\Workspace\C_model_training\tactile_test\idw4\100ml\VET6_8chips_raw_stream_20260527_215954.csv,2,23.375929,-1.053854,0.200345
tactile_test,100ml,tactile_test_100ml,C:\Users\FangYuxuan\Saved Games\Upper_VET6USB\Workspace\C_model_training\tactile_test\idw4\100ml\VET6_8chips_raw_stream_20260527_215956.csv,15,24.151255,-1.057678,0.190633
tactile_test,100ml,tactile_test_100ml,C:\Users\FangYuxuan\Saved Games\Upper_VET6USB\Workspace\C_model_training\tactile_test\idw4\100ml\VET6_8chips_raw_stream_20260527_215957.csv,17,23.782475,-1.064381,0.176917
tactile_test,100ml,tactile_test_100ml,C:\Users\FangYuxuan\Saved Games\Upper_VET6USB\Workspace\C_model_training\tactile_test\idw4\100ml\VET6_8chips_raw_stream_20260527_215958.csv,5,23.257235,-1.065054,0.173024
tactile_test,100ml,tactile_test_100ml,C:\Users\FangYuxuan\Saved Games\Upper_VET6USB\Workspace\C_model_training\tactile_test\idw4\100ml\VET6_8chips_raw_stream_20260527_220000.csv,21,23.894207,-1.071369,0.160200
tactile_test,100ml,tactile_test_100ml,C:\Users\FangYuxuan\Saved Games\Upper_VET6USB\Workspace\C_model_training\tactile_test\idw4\100ml\VET6_8chips_raw_stream_20260527_220002.csv,10,23.529436,-1.024164,0.100197
tactile_test,100ml,tactile_test_100ml,C:\Users\FangYuxuan\Saved Games\Upper_VET6USB\Workspace\C_model_training\tactile_test\idw4\100ml\VET6_8chips_raw_stream_20260527_220004.csv,9,24.181541,-1.027754,0.094172
tactile_test,100ml,tactile_test_100ml,C:\Users\FangYuxuan\Saved Games\Upper_VET6USB\Workspace\C_model_training\tactile_test\idw4\100ml\VET6_8chips_raw_stream_20260527_220005.csv,8,23.272058,-1.029312,0.091327
tactile_test,100ml,tactile_test_100ml,C:\Users\FangYuxuan\Saved Games\Upper_VET6USB\Workspace\C_model_training\tactile_test\idw4\100ml\VET6_8chips_raw_stream_20260527_220008.csv,12,23.430716,-1.078772,0.151250
tactile_test,100ml,tactile_test_100ml,C:\Users\FangYuxuan\Saved Games\Upper_VET6USB\Workspace\C_model_training\tactile_test\idw4\100ml\VET6_8chips_raw_stream_20260527_220010.csv,19,23.856886,-1.030691,0.101756
tactile_test,100ml,tactile_test_100ml,C:\Users\FangYuxuan\Saved Games\Upper_VET6USB\Workspace\C_model_training\tactile_test\idw4\100ml\VET6_8chips_raw_stream_20260527_220013.csv,17,23.788912,-1.030288,0.114887
tactile_test,100ml,tactile_test_100ml,C:\Users\FangYuxuan\Saved Games\Upper_VET6USB\Workspace\C_model_training\tactile_test\idw4\100ml\VET6_8chips_raw_stream_20260527_220014.csv,10,24.463514,-1.031702,0.114579
tactile_test,100ml,tactile_test_100ml,C:\Users\FangYuxuan\Saved Games\Upper_VET6USB\Workspace\C_model_training\tactile_test\idw4\100ml\VET6_8chips_raw_stream_20260527_220015.csv,1,23.279737,-1.031542,0.114178
tactile_test,100ml,tactile_test_100ml,C:\Users\FangYuxuan\Saved Games\Upper_VET6USB\Workspace\C_model_training\tactile_test\idw4\100ml\VET6_8chips_raw_stream_20260527_220016.csv,10,23.133631,-1.035936,0.106668
tactile_test,100ml,tactile_test_100ml,C:\Users\FangYuxuan\Saved Games\Upper_VET6USB\Workspace\C_model_training\tactile_test\idw4\100ml\VET6_8chips_raw_stream_20260527_220018.csv,1,22.896666,-1.033861,0.112382
tactile_test,100ml,tactile_test_100ml,C:\Users\FangYuxuan\Saved Games\Upper_VET6USB\Workspace\C_model_training\tactile_test\idw4\100ml\VET6_8chips_raw_stream_20260527_220020.csv,7,23.761190,-1.036742,0.106314
tactile_test,100ml,tactile_test_100ml,C:\Users\FangYuxuan\Saved Games\Upper_VET6USB\Workspace\C_model_training\tactile_test\idw4\100ml\VET6_8chips_raw_stream_20260527_220022.csv,21,23.699116,-1.041641,0.091902
tactile_test,100ml,tactile_test_100ml,C:\Users\FangYuxuan\Saved Games\Upper_VET6USB\Workspace\C_model_training\tactile_test\idw4\100ml\VET6_8chips_raw_stream_20260527_220023.csv,13,23.787462,-1.042878,0.089722
tactile_test,100ml,tactile_test_100ml,C:\Users\FangYuxuan\Saved Games\Upper_VET6USB\Workspace\C_model_training\tactile_test\idw4\100ml\VET6_8chips_raw_stream_20260527_220024.csv,11,22.978178,-1.049840,0.071843
tactile_test,100ml,tactile_test_100ml,C:\Users\FangYuxuan\Saved Games\Upper_VET6USB\Workspace\C_model_training\tactile_test\idw4\100ml\VET6_8chips_raw_stream_20260527_220025.csv,20,23.923086,-1.051176,0.068495
tactile_test,100ml,tactile_test_100ml,C:\Users\FangYuxuan\Saved Games\Upper_VET6USB\Workspace\C_model_training\tactile_test\idw4\100ml\VET6_8chips_raw_stream_20260527_220026.csv,17,22.473824,-1.054770,0.057758
tactile_test,100ml,tactile_test_100ml,C:\Users\FangYuxuan\Saved Games\Upper_VET6USB\Workspace\C_model_training\tactile_test\idw4\100ml\VET6_8chips_raw_stream_20260527_220028.csv,6,22.873781,-1.055999,0.055869
tactile_test,100ml,tactile_test_100ml,C:\Users\FangYuxuan\Saved Games\Upper_VET6USB\Workspace\C_model_training\tactile_test\idw4\100ml\VET6_8chips_raw_stream_20260527_220029.csv,17,23.298014,-1.055063,0.061744
tactile_test,100ml,tactile_test_100ml,C:\Users\FangYuxuan\Saved Games\Upper_VET6USB\Workspace\C_model_training\tactile_test\idw4\100ml\VET6_8chips_raw_stream_20260527_220030.csv,15,23.770962,-1.052479,0.074468
tactile_test,100ml,tactile_test_100ml,C:\Users\FangYuxuan\Saved Games\Upper_VET6USB\Workspace\C_model_training\tactile_test\idw4\100ml\VET6_8chips_raw_stream_20260527_220031.csv,2,23.661451,-1.103678,0.129321
tactile_test,100ml,tactile_test_100ml,C:\Users\FangYuxuan\Saved Games\Upper_VET6USB\Workspace\C_model_training\tactile_test\idw4\100ml\VET6_8chips_raw_stream_20260527_220033.csv,7,23.767019,-1.106009,0.121546
tactile_test,100ml,tactile_test_100ml,C:\Users\FangYuxuan\Saved Games\Upper_VET6USB\Workspace\C_model_training\tactile_test\idw4\100ml\VET6_8chips_raw_stream_20260527_220034.csv,12,22.943205,-1.109913,0.112410
tactile_test,100ml,tactile_test_100ml,C:\Users\FangYuxuan\Saved Games\Upper_VET6USB\Workspace\C_model_training\tactile_test\idw4\100ml\VET6_8chips_raw_stream_20260527_220035.csv,8,24.735332,-1.109570,0.116962
tactile_test,100ml,tactile_test_100ml,C:\Users\FangYuxuan\Saved Games\Upper_VET6USB\Workspace\C_model_training\tactile_test\idw4\100ml\VET6_8chips_raw_stream_20260527_220036.csv,10,24.103474,-1.107820,0.123763
tactile_test,100ml,tactile_test_100ml,C:\Users\FangYuxuan\Saved Games\Upper_VET6USB\Workspace\C_model_training\tactile_test\idw4\100ml\VET6_8chips_raw_stream_20260527_220037.csv,8,24.541164,-1.109325,0.116627
tactile_test,100ml,tactile_test_100ml,C:\Users\FangYuxuan\Saved Games\Upper_VET6USB\Workspace\C_model_training\tactile_test\idw4\100ml\VET6_8chips_raw_stream_20260527_220038.csv,3,24.700743,-1.107916,0.125679
tactile_test,100ml,tactile_test_100ml,C:\Users\FangYuxuan\Saved Games\Upper_VET6USB\Workspace\C_model_training\tactile_test\idw4\100ml\VET6_8chips_raw_stream_20260527_220040.csv,19,23.171787,-1.110666,0.113981
tactile_test,100ml,tactile_test_100ml,C:\Users\FangYuxuan\Saved Games\Upper_VET6USB\Workspace\C_model_training\tactile_test\idw4\100ml\VET6_8chips_raw_stream_20260527_220041.csv,15,23.399347,-1.111066,0.114029
tactile_test,100ml,tactile_test_100ml,C:\Users\FangYuxuan\Saved Games\Upper_VET6USB\Workspace\C_model_training\tactile_test\idw4\100ml\VET6_8chips_raw_stream_20260527_220046.csv,18,21.220268,-0.156680,1.956387
tactile_test,100ml,tactile_test_100ml,C:\Users\FangYuxuan\Saved Games\Upper_VET6USB\Workspace\C_model_training\tactile_test\idw4\100ml\VET6_8chips_raw_stream_20260527_220047.csv,13,23.939192,-0.201872,1.858361
tactile_test,100ml,tactile_test_100ml,C:\Users\FangYuxuan\Saved Games\Upper_VET6USB\Workspace\C_model_training\tactile_test\idw4\100ml\VET6_8chips_raw_stream_20260527_220049.csv,0,22.655806,-0.481456,1.277769
tactile_test,100ml,tactile_test_100ml,C:\Users\FangYuxuan\Saved Games\Upper_VET6USB\Workspace\C_model_training\tactile_test\idw4\100ml\VET6_8chips_raw_stream_20260527_220050.csv,23,23.423233,-0.501986,1.238150
tactile_test,100ml,tactile_test_100ml,C:\Users\FangYuxuan\Saved Games\Upper_VET6USB\Workspace\C_model_training\tactile_test\idw4\100ml\VET6_8chips_raw_stream_20260527_220051.csv,12,21.928499,-0.503543,1.236153
tactile_test,100ml,tactile_test_100ml,C:\Users\FangYuxuan\Saved Games\Upper_VET6USB\Workspace\C_model_training\tactile_test\idw4\100ml\VET6_8chips_raw_stream_20260527_220053.csv,21,21.286598,-0.226564,1.824020
tactile_test,100ml,tactile_test_100ml,C:\Users\FangYuxuan\Saved Games\Upper_VET6USB\Workspace\C_model_training\tactile_test\idw4\100ml\VET6_8chips_raw_stream_20260527_220054.csv,10,23.528973,-0.230518,1.812783
tactile_test,100ml,tactile_test_100ml,C:\Users\FangYuxuan\Saved Games\Upper_VET6USB\Workspace\C_model_training\tactile_test\idw4\100ml\VET6_8chips_raw_stream_20260527_220055.csv,1,23.984066,-0.511958,1.224475
tactile_test,100ml,tactile_test_100ml,C:\Users\FangYuxuan\Saved Games\Upper_VET6USB\Workspace\C_model_training\tactile_test\idw4\100ml\VET6_8chips_raw_stream_20260527_220056.csv,11,23.599321,-0.482478,1.142751
tactile_test,100ml,tactile_test_100ml,C:\Users\FangYuxuan\Saved Games\Upper_VET6USB\Workspace\C_model_training\tactile_test\idw4\100ml\VET6_8chips_raw_stream_20260527_220057.csv,10,22.503170,-0.203583,1.728978
tactile_test,100ml,tactile_test_100ml,C:\Users\FangYuxuan\Saved Games\Upper_VET6USB\Workspace\C_model_training\tactile_test\idw4\100ml\VET6_8chips_raw_stream_20260527_220100.csv,11,22.480505,-0.121661,1.912686
tactile_test,100ml,tactile_test_100ml,C:\Users\FangYuxuan\Saved Games\Upper_VET6USB\Workspace\C_model_training\tactile_test\idw4\100ml\VET6_8chips_raw_stream_20260527_220101.csv,3,23.087938,0.064369,1.905607
tactile_test,100ml,tactile_test_100ml,C:\Users\FangYuxuan\Saved Games\Upper_VET6USB\Workspace\C_model_training\tactile_test\idw4\100ml\VET6_8chips_raw_stream_20260527_220103.csv,13,21.523132,0.058728,1.740277
tactile_test,100ml,tactile_test_100ml,C:\Users\FangYuxuan\Saved Games\Upper_VET6USB\Workspace\C_model_training\tactile_test\idw4\100ml\VET6_8chips_raw_stream_20260527_220104.csv,9,22.921211,-0.510443,1.007727
tactile_test,100ml,tactile_test_100ml,C:\Users\FangYuxuan\Saved Games\Upper_VET6USB\Workspace\C_model_training\tactile_test\idw4\100ml\VET6_8chips_raw_stream_20260527_220106.csv,10,22.779030,-0.031275,0.632639
tactile_test,100ml,tactile_test_100ml,C:\Users\FangYuxuan\Saved Games\Upper_VET6USB\Workspace\C_model_training\tactile_test\idw4\100ml\VET6_8chips_raw_stream_20260527_220107.csv,3,23.047512,-0.056079,0.577619
tactile_test,100ml,tactile_test_100ml,C:\Users\FangYuxuan\Saved Games\Upper_VET6USB\Workspace\C_model_training\tactile_test\idw4\100ml\VET6_8chips_raw_stream_20260527_220108.csv,14,23.641466,0.391956,0.707799
tactile_test,100ml,tactile_test_100ml,C:\Users\FangYuxuan\Saved Games\Upper_VET6USB\Workspace\C_model_training\tactile_test\idw4\100ml\VET6_8chips_raw_stream_20260527_220109.csv,11,23.569113,0.385621,0.695470
tactile_test,100ml,tactile_test_100ml,C:\Users\FangYuxuan\Saved Games\Upper_VET6USB\Workspace\C_model_training\tactile_test\idw4\100ml\VET6_8chips_raw_stream_20260527_220111.csv,3,21.710785,0.380199,0.686310
tactile_test,100ml,tactile_test_100ml,C:\Users\FangYuxuan\Saved Games\Upper_VET6USB\Workspace\C_model_training\tactile_test\idw4\100ml\VET6_8chips_raw_stream_20260527_220112.csv,7,23.588442,0.393493,0.395537
tactile_test,100ml,tactile_test_100ml,C:\Users\FangYuxuan\Saved Games\Upper_VET6USB\Workspace\C_model_training\tactile_test\idw4\100ml\VET6_8chips_raw_stream_20260527_220113.csv,19,20.856457,0.131585,-0.036857
tactile_test,100ml,tactile_test_100ml,C:\Users\FangYuxuan\Saved Games\Upper_VET6USB\Workspace\C_model_training\tactile_test\idw4\100ml\VET6_8chips_raw_stream_20260527_220114.csv,11,22.816631,0.126153,-0.052739
tactile_test,100ml,tactile_test_100ml,C:\Users\FangYuxuan\Saved Games\Upper_VET6USB\Workspace\C_model_training\tactile_test\idw4\100ml\VET6_8chips_raw_stream_20260527_220115.csv,12,23.058676,0.111536,-0.092606
tactile_test,100ml,tactile_test_100ml,C:\Users\FangYuxuan\Saved Games\Upper_VET6USB\Workspace\C_model_training\tactile_test\idw4\100ml\VET6_8chips_raw_stream_20260527_220117.csv,11,23.295090,0.104299,-0.102341
tactile_test,100ml,tactile_test_100ml,C:\Users\FangYuxuan\Saved Games\Upper_VET6USB\Workspace\C_model_training\tactile_test\idw4\100ml\VET6_8chips_raw_stream_20260527_220120.csv,12,20.495678,3.192651,0.157711
tactile_test,100ml,tactile_test_100ml,C:\Users\FangYuxuan\Saved Games\Upper_VET6USB\Workspace\C_model_training\tactile_test\idw4\100ml\VET6_8chips_raw_stream_20260527_220122.csv,10,20.725523,2.957544,-0.052674
tactile_test,100ml,tactile_test_100ml,C:\Users\FangYuxuan\Saved Games\Upper_VET6USB\Workspace\C_model_training\tactile_test\idw4\100ml\VET6_8chips_raw_stream_20260527_220123.csv,0,22.185051,3.215355,-0.000878
tactile_test,100ml,tactile_test_100ml,C:\Users\FangYuxuan\Saved Games\Upper_VET6USB\Workspace\C_model_training\tactile_test\idw4\100ml\VET6_8chips_raw_stream_20260527_220124.csv,17,22.833204,3.205306,0.006527
tactile_test,100ml,tactile_test_100ml,C:\Users\FangYuxuan\Saved Games\Upper_VET6USB\Workspace\C_model_training\tactile_test\idw4\100ml\VET6_8chips_raw_stream_20260527_220126.csv,5,23.571665,3.196189,-0.024809
tactile_test,100ml,tactile_test_100ml,C:\Users\FangYuxuan\Saved Games\Upper_VET6USB\Workspace\C_model_training\tactile_test\idw4\100ml\VET6_8chips_raw_stream_20260527_220127.csv,7,22.462599,3.084355,-0.100964
tactile_test,100ml,tactile_test_100ml,C:\Users\FangYuxuan\Saved Games\Upper_VET6USB\Workspace\C_model_training\tactile_test\idw4\100ml\VET6_8chips_raw_stream_20260527_220129.csv,19,23.288086,3.171967,-0.074165
tactile_test,100ml,tactile_test_100ml,C:\Users\FangYuxuan\Saved Games\Upper_VET6USB\Workspace\C_model_training\tactile_test\idw4\100ml\VET6_8chips_raw_stream_20260527_220132.csv,20,21.609699,4.038434,-1.138427
tactile_test,100ml,tactile_test_100ml,C:\Users\FangYuxuan\Saved Games\Upper_VET6USB\Workspace\C_model_training\tactile_test\idw4\100ml\VET6_8chips_raw_stream_20260527_220134.csv,11,21.895540,4.129138,-1.219070
tactile_test,100ml,tactile_test_100ml,C:\Users\FangYuxuan\Saved Games\Upper_VET6USB\Workspace\C_model_training\tactile_test\idw4\100ml\VET6_8chips_raw_stream_20260527_220135.csv,1,20.199043,3.061567,-0.889592
tactile_test,100ml,tactile_test_100ml,C:\Users\FangYuxuan\Saved Games\Upper_VET6USB\Workspace\C_model_training\tactile_test\idw4\100ml\VET6_8chips_raw_stream_20260527_220137.csv,8,22.192944,3.291167,-0.968456
tactile_test,100ml,tactile_test_100ml,C:\Users\FangYuxuan\Saved Games\Upper_VET6USB\Workspace\C_model_training\tactile_test\idw4\100ml\VET6_8chips_raw_stream_20260527_220138.csv,0,20.810980,3.560577,-1.153224
tactile_test,100ml,tactile_test_100ml,C:\Users\FangYuxuan\Saved Games\Upper_VET6USB\Workspace\C_model_training\tactile_test\idw4\100ml\VET6_8chips_raw_stream_20260527_220139.csv,19,21.293829,2.694763,-0.631629
tactile_test,100ml,tactile_test_100ml,C:\Users\FangYuxuan\Saved Games\Upper_VET6USB\Workspace\C_model_training\tactile_test\idw4\100ml\VET6_8chips_raw_stream_20260527_220143.csv,18,22.019615,0.375219,-0.004305
tactile_test,100ml,tactile_test_100ml,C:\Users\FangYuxuan\Saved Games\Upper_VET6USB\Workspace\C_model_training\tactile_test\idw4\100ml\VET6_8chips_raw_stream_20260527_220144.csv,18,22.483761,0.288813,-0.139194
tactile_test,100ml,tactile_test_100ml,C:\Users\FangYuxuan\Saved Games\Upper_VET6USB\Workspace\C_model_training\tactile_test\idw4\100ml\VET6_8chips_raw_stream_20260527_220146.csv,14,23.463015,0.199593,-0.123752
tactile_test,100ml,tactile_test_100ml,C:\Users\FangYuxuan\Saved Games\Upper_VET6USB\Workspace\C_model_training\tactile_test\idw4\100ml\VET6_8chips_raw_stream_20260527_220147.csv,21,22.838289,0.184196,-0.164711
tactile_test,100ml,tactile_test_100ml,C:\Users\FangYuxuan\Saved Games\Upper_VET6USB\Workspace\C_model_training\tactile_test\idw4\100ml\VET6_8chips_raw_stream_20260527_220148.csv,19,22.424292,-0.083711,-0.350512
tactile_test,100ml,tactile_test_100ml,C:\Users\FangYuxuan\Saved Games\Upper_VET6USB\Workspace\C_model_training\tactile_test\idw4\100ml\VET6_8chips_raw_stream_20260527_220151.csv,22,22.176060,-1.027974,0.177452
tactile_test,100ml,tactile_test_100ml,C:\Users\FangYuxuan\Saved Games\Upper_VET6USB\Workspace\C_model_training\tactile_test\idw4\100ml\VET6_8chips_raw_stream_20260527_220152.csv,3,23.058907,-1.044548,0.134712
tactile_test,100ml,tactile_test_100ml,C:\Users\FangYuxuan\Saved Games\Upper_VET6USB\Workspace\C_model_training\tactile_test\idw4\100ml\VET6_8chips_raw_stream_20260527_220153.csv,21,22.177889,-1.049085,0.143156
tactile_test,200ml,tactile_test_200ml,C:\Users\FangYuxuan\Saved Games\Upper_VET6USB\Workspace\C_model_training\tactile_test\idw4\200ml\VET6_8chips_raw_stream_20260527_221348.csv,4,20.118368,-0.719912,0.537817
tactile_test,200ml,tactile_test_200ml,C:\Users\FangYuxuan\Saved Games\Upper_VET6USB\Workspace\C_model_training\tactile_test\idw4\200ml\VET6_8chips_raw_stream_20260527_221349.csv,12,24.166262,-0.740613,0.487442
tactile_test,200ml,tactile_test_200ml,C:\Users\FangYuxuan\Saved Games\Upper_VET6USB\Workspace\C_model_training\tactile_test\idw4\200ml\VET6_8chips_raw_stream_20260527_221351.csv,2,23.427433,-0.713024,0.413918
tactile_test,200ml,tactile_test_200ml,C:\Users\FangYuxuan\Saved Games\Upper_VET6USB\Workspace\C_model_training\tactile_test\idw4\200ml\VET6_8chips_raw_stream_20260527_221352.csv,13,21.837181,-0.833284,-0.195838
tactile_test,200ml,tactile_test_200ml,C:\Users\FangYuxuan\Saved Games\Upper_VET6USB\Workspace\C_model_training\tactile_test\idw4\200ml\VET6_8chips_raw_stream_20260527_221354.csv,17,22.124563,-0.029234,-0.387857
tactile_test,200ml,tactile_test_200ml,C:\Users\FangYuxuan\Saved Games\Upper_VET6USB\Workspace\C_model_training\tactile_test\idw4\200ml\VET6_8chips_raw_stream_20260527_221355.csv,0,22.625542,-0.045499,-0.420513
tactile_test,200ml,tactile_test_200ml,C:\Users\FangYuxuan\Saved Games\Upper_VET6USB\Workspace\C_model_training\tactile_test\idw4\200ml\VET6_8chips_raw_stream_20260527_221356.csv,22,23.260147,0.182860,-0.237288
tactile_test,200ml,tactile_test_200ml,C:\Users\FangYuxuan\Saved Games\Upper_VET6USB\Workspace\C_model_training\tactile_test\idw4\200ml\VET6_8chips_raw_stream_20260527_221357.csv,16,21.410070,0.142921,-0.220495
tactile_test,200ml,tactile_test_200ml,C:\Users\FangYuxuan\Saved Games\Upper_VET6USB\Workspace\C_model_training\tactile_test\idw4\200ml\VET6_8chips_raw_stream_20260527_221358.csv,16,23.063520,0.168529,-0.274843
tactile_test,200ml,tactile_test_200ml,C:\Users\FangYuxuan\Saved Games\Upper_VET6USB\Workspace\C_model_training\tactile_test\idw4\200ml\VET6_8chips_raw_stream_20260527_221359.csv,10,23.257814,0.166601,-0.276051
tactile_test,200ml,tactile_test_200ml,C:\Users\FangYuxuan\Saved Games\Upper_VET6USB\Workspace\C_model_training\tactile_test\idw4\200ml\VET6_8chips_raw_stream_20260527_221400.csv,4,23.760485,0.160995,-0.292789
tactile_test,200ml,tactile_test_200ml,C:\Users\FangYuxuan\Saved Games\Upper_VET6USB\Workspace\C_model_training\tactile_test\idw4\200ml\VET6_8chips_raw_stream_20260527_221402.csv,4,23.922449,0.155221,-0.307173
tactile_test,200ml,tactile_test_200ml,C:\Users\FangYuxuan\Saved Games\Upper_VET6USB\Workspace\C_model_training\tactile_test\idw4\200ml\VET6_8chips_raw_stream_20260527_221404.csv,15,22.006172,0.204531,0.392033
tactile_test,200ml,tactile_test_200ml,C:\Users\FangYuxuan\Saved Games\Upper_VET6USB\Workspace\C_model_training\tactile_test\idw4\200ml\VET6_8chips_raw_stream_20260527_221405.csv,5,22.876614,0.162637,0.337487
tactile_test,200ml,tactile_test_200ml,C:\Users\FangYuxuan\Saved Games\Upper_VET6USB\Workspace\C_model_training\tactile_test\idw4\200ml\VET6_8chips_raw_stream_20260527_221407.csv,11,23.443727,0.178074,0.343651
tactile_test,200ml,tactile_test_200ml,C:\Users\FangYuxuan\Saved Games\Upper_VET6USB\Workspace\C_model_training\tactile_test\idw4\200ml\VET6_8chips_raw_stream_20260527_221408.csv,12,23.173285,-0.059155,-0.077160
tactile_test,200ml,tactile_test_200ml,C:\Users\FangYuxuan\Saved Games\Upper_VET6USB\Workspace\C_model_training\tactile_test\idw4\200ml\VET6_8chips_raw_stream_20260527_221410.csv,9,23.188509,-0.036656,-0.139953
tactile_test,200ml,tactile_test_200ml,C:\Users\FangYuxuan\Saved Games\Upper_VET6USB\Workspace\C_model_training\tactile_test\idw4\200ml\VET6_8chips_raw_stream_20260527_221411.csv,13,22.474102,-0.043128,-0.162310
tactile_test,200ml,tactile_test_200ml,C:\Users\FangYuxuan\Saved Games\Upper_VET6USB\Workspace\C_model_training\tactile_test\idw4\200ml\VET6_8chips_raw_stream_20260527_221413.csv,19,23.264841,0.244466,0.095249
tactile_test,200ml,tactile_test_200ml,C:\Users\FangYuxuan\Saved Games\Upper_VET6USB\Workspace\C_model_training\tactile_test\idw4\200ml\VET6_8chips_raw_stream_20260527_221414.csv,6,23.857758,0.243567,0.095115
tactile_test,200ml,tactile_test_200ml,C:\Users\FangYuxuan\Saved Games\Upper_VET6USB\Workspace\C_model_training\tactile_test\idw4\200ml\VET6_8chips_raw_stream_20260527_221415.csv,14,23.492918,0.180455,0.109201
tactile_test,200ml,tactile_test_200ml,C:\Users\FangYuxuan\Saved Games\Upper_VET6USB\Workspace\C_model_training\tactile_test\idw4\200ml\VET6_8chips_raw_stream_20260527_221416.csv,17,23.338726,0.168479,0.132025
tactile_test,200ml,tactile_test_200ml,C:\Users\FangYuxuan\Saved Games\Upper_VET6USB\Workspace\C_model_training\tactile_test\idw4\200ml\VET6_8chips_raw_stream_20260527_221421.csv,14,22.105396,-1.815910,-1.108382
tactile_test,200ml,tactile_test_200ml,C:\Users\FangYuxuan\Saved Games\Upper_VET6USB\Workspace\C_model_training\tactile_test\idw4\200ml\VET6_8chips_raw_stream_20260527_221422.csv,0,23.707306,-1.623178,-0.423878
tactile_test,200ml,tactile_test_200ml,C:\Users\FangYuxuan\Saved Games\Upper_VET6USB\Workspace\C_model_training\tactile_test\idw4\200ml\VET6_8chips_raw_stream_20260527_221424.csv,16,23.239223,-1.624799,-0.386943
tactile_test,200ml,tactile_test_200ml,C:\Users\FangYuxuan\Saved Games\Upper_VET6USB\Workspace\C_model_training\tactile_test\idw4\200ml\VET6_8chips_raw_stream_20260527_221425.csv,22,23.428749,-1.625311,-0.409631
tactile_test,200ml,tactile_test_200ml,C:\Users\FangYuxuan\Saved Games\Upper_VET6USB\Workspace\C_model_training\tactile_test\idw4\200ml\VET6_8chips_raw_stream_20260527_221426.csv,4,22.733242,-1.632403,-0.396672
tactile_test,200ml,tactile_test_200ml,C:\Users\FangYuxuan\Saved Games\Upper_VET6USB\Workspace\C_model_training\tactile_test\idw4\200ml\VET6_8chips_raw_stream_20260527_221427.csv,19,23.292194,-1.986199,-1.081786
tactile_test,200ml,tactile_test_200ml,C:\Users\FangYuxuan\Saved Games\Upper_VET6USB\Workspace\C_model_training\tactile_test\idw4\200ml\VET6_8chips_raw_stream_20260527_221429.csv,9,23.234858,-1.690846,-0.578151
tactile_test,200ml,tactile_test_200ml,C:\Users\FangYuxuan\Saved Games\Upper_VET6USB\Workspace\C_model_training\tactile_test\idw4\200ml\VET6_8chips_raw_stream_20260527_221430.csv,4,21.333265,-1.765720,-0.332267
tactile_test,200ml,tactile_test_200ml,C:\Users\FangYuxuan\Saved Games\Upper_VET6USB\Workspace\C_model_training\tactile_test\idw4\200ml\VET6_8chips_raw_stream_20260527_221431.csv,1,22.740551,-1.639939,-0.397770
tactile_test,200ml,tactile_test_200ml,C:\Users\FangYuxuan\Saved Games\Upper_VET6USB\Workspace\C_model_training\tactile_test\idw4\200ml\VET6_8chips_raw_stream_20260527_221435.csv,17,21.701902,2.313266,2.793010
tactile_test,200ml,tactile_test_200ml,C:\Users\FangYuxuan\Saved Games\Upper_VET6USB\Workspace\C_model_training\tactile_test\idw4\200ml\VET6_8chips_raw_stream_20260527_221437.csv,17,23.137438,2.717960,2.702088
tactile_test,200ml,tactile_test_200ml,C:\Users\FangYuxuan\Saved Games\Upper_VET6USB\Workspace\C_model_training\tactile_test\idw4\200ml\VET6_8chips_raw_stream_20260527_221439.csv,13,22.022745,1.494423,2.296787
tactile_test,200ml,tactile_test_200ml,C:\Users\FangYuxuan\Saved Games\Upper_VET6USB\Workspace\C_model_training\tactile_test\idw4\200ml\VET6_8chips_raw_stream_20260527_221441.csv,8,22.436211,2.037636,2.575586
tactile_test,200ml,tactile_test_200ml,C:\Users\FangYuxuan\Saved Games\Upper_VET6USB\Workspace\C_model_training\tactile_test\idw4\200ml\VET6_8chips_raw_stream_20260527_221444.csv,3,22.749056,1.646910,2.483520
tactile_test,200ml,tactile_test_200ml,C:\Users\FangYuxuan\Saved Games\Upper_VET6USB\Workspace\C_model_training\tactile_test\idw4\200ml\VET6_8chips_raw_stream_20260527_221446.csv,8,20.915096,2.014079,2.294143
tactile_test,200ml,tactile_test_200ml,C:\Users\FangYuxuan\Saved Games\Upper_VET6USB\Workspace\C_model_training\tactile_test\idw4\200ml\VET6_8chips_raw_stream_20260527_221447.csv,20,20.242765,4.024005,1.980058
tactile_test,200ml,tactile_test_200ml,C:\Users\FangYuxuan\Saved Games\Upper_VET6USB\Workspace\C_model_training\tactile_test\idw4\200ml\VET6_8chips_raw_stream_20260527_221449.csv,14,22.832603,4.242780,1.854303
tactile_test,200ml,tactile_test_200ml,C:\Users\FangYuxuan\Saved Games\Upper_VET6USB\Workspace\C_model_training\tactile_test\idw4\200ml\VET6_8chips_raw_stream_20260527_221450.csv,11,22.615799,4.213547,2.095886
tactile_test,200ml,tactile_test_200ml,C:\Users\FangYuxuan\Saved Games\Upper_VET6USB\Workspace\C_model_training\tactile_test\idw4\200ml\VET6_8chips_raw_stream_20260527_221451.csv,15,22.450159,4.341186,2.073879
tactile_test,200ml,tactile_test_200ml,C:\Users\FangYuxuan\Saved Games\Upper_VET6USB\Workspace\C_model_training\tactile_test\idw4\200ml\VET6_8chips_raw_stream_20260527_221454.csv,21,21.702335,0.022600,-0.372883
tactile_test,200ml,tactile_test_200ml,C:\Users\FangYuxuan\Saved Games\Upper_VET6USB\Workspace\C_model_training\tactile_test\idw4\200ml\VET6_8chips_raw_stream_20260527_221455.csv,21,22.770756,0.118270,-1.391928
tactile_test,200ml,tactile_test_200ml,C:\Users\FangYuxuan\Saved Games\Upper_VET6USB\Workspace\C_model_training\tactile_test\idw4\200ml\VET6_8chips_raw_stream_20260527_221457.csv,17,21.996122,0.137382,-1.369734
tactile_test,200ml,tactile_test_200ml,C:\Users\FangYuxuan\Saved Games\Upper_VET6USB\Workspace\C_model_training\tactile_test\idw4\200ml\VET6_8chips_raw_stream_20260527_221458.csv,1,21.565895,0.133637,-1.377632
tactile_test,200ml,tactile_test_200ml,C:\Users\FangYuxuan\Saved Games\Upper_VET6USB\Workspace\C_model_training\tactile_test\idw4\200ml\VET6_8chips_raw_stream_20260527_221459.csv,11,22.510983,0.036959,-1.355257
tactile_test,200ml,tactile_test_200ml,C:\Users\FangYuxuan\Saved Games\Upper_VET6USB\Workspace\C_model_training\tactile_test\idw4\200ml\VET6_8chips_raw_stream_20260527_221500.csv,6,22.957411,0.081428,-1.433844
tactile_test,200ml,tactile_test_200ml,C:\Users\FangYuxuan\Saved Games\Upper_VET6USB\Workspace\C_model_training\tactile_test\idw4\200ml\VET6_8chips_raw_stream_20260527_221501.csv,16,22.059395,0.103253,-1.485223
tactile_test,200ml,tactile_test_200ml,C:\Users\FangYuxuan\Saved Games\Upper_VET6USB\Workspace\C_model_training\tactile_test\idw4\200ml\VET6_8chips_raw_stream_20260527_221503.csv,20,23.789431,0.100039,-1.489935
tactile_test,200ml,tactile_test_200ml,C:\Users\FangYuxuan\Saved Games\Upper_VET6USB\Workspace\C_model_training\tactile_test\idw4\200ml\VET6_8chips_raw_stream_20260527_221504.csv,7,23.374088,0.113867,-1.537583
tactile_test,200ml,tactile_test_200ml,C:\Users\FangYuxuan\Saved Games\Upper_VET6USB\Workspace\C_model_training\tactile_test\idw4\200ml\VET6_8chips_raw_stream_20260527_221508.csv,7,22.338110,-1.547420,0.364036
tactile_test,200ml,tactile_test_200ml,C:\Users\FangYuxuan\Saved Games\Upper_VET6USB\Workspace\C_model_training\tactile_test\idw4\200ml\VET6_8chips_raw_stream_20260527_221509.csv,5,23.212086,-1.825128,-0.076048
tactile_test,200ml,tactile_test_200ml,C:\Users\FangYuxuan\Saved Games\Upper_VET6USB\Workspace\C_model_training\tactile_test\idw4\200ml\VET6_8chips_raw_stream_20260527_221511.csv,0,23.193426,-1.833050,-0.066948
tactile_test,200ml,tactile_test_200ml,C:\Users\FangYuxuan\Saved Games\Upper_VET6USB\Workspace\C_model_training\tactile_test\idw4\200ml\VET6_8chips_raw_stream_20260527_221512.csv,21,22.257835,-1.652514,-0.232217
tactile_test,200ml,tactile_test_200ml,C:\Users\FangYuxuan\Saved Games\Upper_VET6USB\Workspace\C_model_training\tactile_test\idw4\200ml\VET6_8chips_raw_stream_20260527_221513.csv,17,23.034832,-1.626165,-0.293276
tactile_test,200ml,tactile_test_200ml,C:\Users\FangYuxuan\Saved Games\Upper_VET6USB\Workspace\C_model_training\tactile_test\idw4\200ml\VET6_8chips_raw_stream_20260527_221515.csv,18,22.951483,-1.639009,-0.324822
tactile_test,200ml,tactile_test_200ml,C:\Users\FangYuxuan\Saved Games\Upper_VET6USB\Workspace\C_model_training\tactile_test\idw4\200ml\VET6_8chips_raw_stream_20260527_221516.csv,0,23.660423,-1.640662,-0.326213
tactile_test,200ml,tactile_test_200ml,C:\Users\FangYuxuan\Saved Games\Upper_VET6USB\Workspace\C_model_training\tactile_test\idw4\200ml\VET6_8chips_raw_stream_20260527_221517.csv,6,23.468052,-1.642699,-0.336751
tactile_test,200ml,tactile_test_200ml,C:\Users\FangYuxuan\Saved Games\Upper_VET6USB\Workspace\C_model_training\tactile_test\idw4\200ml\VET6_8chips_raw_stream_20260527_221518.csv,8,23.285877,-1.642790,-0.320696
tactile_test,200ml,tactile_test_200ml,C:\Users\FangYuxuan\Saved Games\Upper_VET6USB\Workspace\C_model_training\tactile_test\idw4\200ml\VET6_8chips_raw_stream_20260527_221520.csv,23,23.874434,-1.638879,-0.303360
tactile_test,200ml,tactile_test_200ml,C:\Users\FangYuxuan\Saved Games\Upper_VET6USB\Workspace\C_model_training\tactile_test\idw4\200ml\VET6_8chips_raw_stream_20260527_221521.csv,19,23.071566,-1.644699,-0.321658
tactile_test,200ml,tactile_test_200ml,C:\Users\FangYuxuan\Saved Games\Upper_VET6USB\Workspace\C_model_training\tactile_test\idw4\200ml\VET6_8chips_raw_stream_20260527_221525.csv,12,21.568619,-1.055512,0.421104
tactile_test,200ml,tactile_test_200ml,C:\Users\FangYuxuan\Saved Games\Upper_VET6USB\Workspace\C_model_training\tactile_test\idw4\200ml\VET6_8chips_raw_stream_20260527_221526.csv,17,22.405928,-1.099625,0.320826
tactile_test,200ml,tactile_test_200ml,C:\Users\FangYuxuan\Saved Games\Upper_VET6USB\Workspace\C_model_training\tactile_test\idw4\200ml\VET6_8chips_raw_stream_20260527_221528.csv,10,23.566563,-1.102658,0.266183
tactile_test,200ml,tactile_test_200ml,C:\Users\FangYuxuan\Saved Games\Upper_VET6USB\Workspace\C_model_training\tactile_test\idw4\200ml\VET6_8chips_raw_stream_20260527_221532.csv,16,21.742628,-1.730704,-1.669432
tactile_test,200ml,tactile_test_200ml,C:\Users\FangYuxuan\Saved Games\Upper_VET6USB\Workspace\C_model_training\tactile_test\idw4\200ml\VET6_8chips_raw_stream_20260527_221535.csv,10,21.300028,-1.718743,-1.653563
tactile_test,200ml,tactile_test_200ml,C:\Users\FangYuxuan\Saved Games\Upper_VET6USB\Workspace\C_model_training\tactile_test\idw4\200ml\VET6_8chips_raw_stream_20260527_221536.csv,13,22.237471,-1.863582,-1.946394
tactile_test,200ml,tactile_test_200ml,C:\Users\FangYuxuan\Saved Games\Upper_VET6USB\Workspace\C_model_training\tactile_test\idw4\200ml\VET6_8chips_raw_stream_20260527_221537.csv,5,22.132822,-1.861046,-1.942666
tactile_test,200ml,tactile_test_200ml,C:\Users\FangYuxuan\Saved Games\Upper_VET6USB\Workspace\C_model_training\tactile_test\idw4\200ml\VET6_8chips_raw_stream_20260527_221542.csv,21,22.785822,-0.846009,0.130603
tactile_test,200ml,tactile_test_200ml,C:\Users\FangYuxuan\Saved Games\Upper_VET6USB\Workspace\C_model_training\tactile_test\idw4\200ml\VET6_8chips_raw_stream_20260527_221543.csv,1,21.919321,-0.848918,0.120914
tactile_test,200ml,tactile_test_200ml,C:\Users\FangYuxuan\Saved Games\Upper_VET6USB\Workspace\C_model_training\tactile_test\idw4\200ml\VET6_8chips_raw_stream_20260527_221544.csv,3,22.583229,-0.958951,0.226889
tactile_test,200ml,tactile_test_200ml,C:\Users\FangYuxuan\Saved Games\Upper_VET6USB\Workspace\C_model_training\tactile_test\idw4\200ml\VET6_8chips_raw_stream_20260527_221548.csv,16,21.882011,-1.825605,-1.509313
tactile_test,200ml,tactile_test_200ml,C:\Users\FangYuxuan\Saved Games\Upper_VET6USB\Workspace\C_model_training\tactile_test\idw4\200ml\VET6_8chips_raw_stream_20260527_221550.csv,22,20.405939,-1.645957,-0.809609
tactile_test,200ml,tactile_test_200ml,C:\Users\FangYuxuan\Saved Games\Upper_VET6USB\Workspace\C_model_training\tactile_test\idw4\200ml\VET6_8chips_raw_stream_20260527_221551.csv,12,23.058041,-1.628266,-0.819497
tactile_test,200ml,tactile_test_200ml,C:\Users\FangYuxuan\Saved Games\Upper_VET6USB\Workspace\C_model_training\tactile_test\idw4\200ml\VET6_8chips_raw_stream_20260527_221552.csv,11,23.279877,-1.636538,-0.831589
tactile_test,200ml,tactile_test_200ml,C:\Users\FangYuxuan\Saved Games\Upper_VET6USB\Workspace\C_model_training\tactile_test\idw4\200ml\VET6_8chips_raw_stream_20260527_221553.csv,4,21.293575,-1.660395,-0.829471
tactile_test,200ml,tactile_test_200ml,C:\Users\FangYuxuan\Saved Games\Upper_VET6USB\Workspace\C_model_training\tactile_test\idw4\200ml\VET6_8chips_raw_stream_20260527_221556.csv,17,22.973207,-1.638298,-0.824533
tactile_test,200ml,tactile_test_200ml,C:\Users\FangYuxuan\Saved Games\Upper_VET6USB\Workspace\C_model_training\tactile_test\idw4\200ml\VET6_8chips_raw_stream_20260527_221558.csv,5,24.149006,-1.640581,-0.832307
tactile_test,200ml,tactile_test_200ml,C:\Users\FangYuxuan\Saved Games\Upper_VET6USB\Workspace\C_model_training\tactile_test\idw4\200ml\VET6_8chips_raw_stream_20260527_221559.csv,9,23.259806,-1.618310,-0.853630
tactile_test,200ml,tactile_test_200ml,C:\Users\FangYuxuan\Saved Games\Upper_VET6USB\Workspace\C_model_training\tactile_test\idw4\200ml\VET6_8chips_raw_stream_20260527_221602.csv,20,22.136721,-1.237534,-1.205910
tactile_test,200ml,tactile_test_200ml,C:\Users\FangYuxuan\Saved Games\Upper_VET6USB\Workspace\C_model_training\tactile_test\idw4\200ml\VET6_8chips_raw_stream_20260527_221603.csv,13,22.901541,-1.263896,-1.244129
tactile_test,200ml,tactile_test_200ml,C:\Users\FangYuxuan\Saved Games\Upper_VET6USB\Workspace\C_model_training\tactile_test\idw4\200ml\VET6_8chips_raw_stream_20260527_221604.csv,20,21.392897,-1.264196,-1.200891
tactile_test,200ml,tactile_test_200ml,C:\Users\FangYuxuan\Saved Games\Upper_VET6USB\Workspace\C_model_training\tactile_test\idw4\200ml\VET6_8chips_raw_stream_20260527_221607.csv,19,21.421877,-1.592872,-1.304595
tactile_test,200ml,tactile_test_200ml,C:\Users\FangYuxuan\Saved Games\Upper_VET6USB\Workspace\C_model_training\tactile_test\idw4\200ml\VET6_8chips_raw_stream_20260527_221608.csv,4,23.639591,-1.623324,-1.392120
tactile_test,200ml,tactile_test_200ml,C:\Users\FangYuxuan\Saved Games\Upper_VET6USB\Workspace\C_model_training\tactile_test\idw4\200ml\VET6_8chips_raw_stream_20260527_225039.csv,21,22.253168,-1.480946,2.419129
tactile_test,200ml,tactile_test_200ml,C:\Users\FangYuxuan\Saved Games\Upper_VET6USB\Workspace\C_model_training\tactile_test\idw4\200ml\VET6_8chips_raw_stream_20260527_225040.csv,13,22.733963,-1.488282,2.406233
tactile_test,200ml,tactile_test_200ml,C:\Users\FangYuxuan\Saved Games\Upper_VET6USB\Workspace\C_model_training\tactile_test\idw4\200ml\VET6_8chips_raw_stream_20260527_225041.csv,15,23.416885,-1.425092,2.361819
tactile_test,200ml,tactile_test_200ml,C:\Users\FangYuxuan\Saved Games\Upper_VET6USB\Workspace\C_model_training\tactile_test\idw4\200ml\VET6_8chips_raw_stream_20260527_225042.csv,2,22.505489,-1.456835,2.363366
tactile_test,200ml,tactile_test_200ml,C:\Users\FangYuxuan\Saved Games\Upper_VET6USB\Workspace\C_model_training\tactile_test\idw4\200ml\VET6_8chips_raw_stream_20260527_225044.csv,0,23.082071,-1.427493,2.372102
tactile_test,200ml,tactile_test_200ml,C:\Users\FangYuxuan\Saved Games\Upper_VET6USB\Workspace\C_model_training\tactile_test\idw4\200ml\VET6_8chips_raw_stream_20260527_225045.csv,6,23.581629,-1.284162,3.318262
tactile_test,200ml,tactile_test_200ml,C:\Users\FangYuxuan\Saved Games\Upper_VET6USB\Workspace\C_model_training\tactile_test\idw4\200ml\VET6_8chips_raw_stream_20260527_225046.csv,9,23.541468,-1.286138,3.314992
tactile_test,200ml,tactile_test_200ml,C:\Users\FangYuxuan\Saved Games\Upper_VET6USB\Workspace\C_model_training\tactile_test\idw4\200ml\VET6_8chips_raw_stream_20260527_225047.csv,20,23.070812,-1.515790,2.407442
tactile_test,200ml,tactile_test_200ml,C:\Users\FangYuxuan\Saved Games\Upper_VET6USB\Workspace\C_model_training\tactile_test\idw4\200ml\VET6_8chips_raw_stream_20260527_225048.csv,2,23.716446,-1.501267,2.430534
tactile_test,200ml,tactile_test_200ml,C:\Users\FangYuxuan\Saved Games\Upper_VET6USB\Workspace\C_model_training\tactile_test\idw4\200ml\VET6_8chips_raw_stream_20260527_225050.csv,10,23.169537,-1.038633,4.009322
tactile_test,200ml,tactile_test_200ml,C:\Users\FangYuxuan\Saved Games\Upper_VET6USB\Workspace\C_model_training\tactile_test\idw4\200ml\VET6_8chips_raw_stream_20260527_225051.csv,7,23.275616,-1.513970,2.420822
tactile_test,200ml,tactile_test_200ml,C:\Users\FangYuxuan\Saved Games\Upper_VET6USB\Workspace\C_model_training\tactile_test\idw4\200ml\VET6_8chips_raw_stream_20260527_225052.csv,12,23.861965,-1.326873,3.506480
tactile_test,200ml,tactile_test_200ml,C:\Users\FangYuxuan\Saved Games\Upper_VET6USB\Workspace\C_model_training\tactile_test\idw4\200ml\VET6_8chips_raw_stream_20260527_225053.csv,16,23.066196,-1.329136,3.502839
tactile_test,200ml,tactile_test_200ml,C:\Users\FangYuxuan\Saved Games\Upper_VET6USB\Workspace\C_model_training\tactile_test\idw4\200ml\VET6_8chips_raw_stream_20260527_225054.csv,19,23.699997,-1.042992,4.015417
tactile_test,200ml,tactile_test_200ml,C:\Users\FangYuxuan\Saved Games\Upper_VET6USB\Workspace\C_model_training\tactile_test\idw4\200ml\VET6_8chips_raw_stream_20260527_225055.csv,11,24.306957,-1.040694,4.018055
tactile_test,200ml,tactile_test_200ml,C:\Users\FangYuxuan\Saved Games\Upper_VET6USB\Workspace\C_model_training\tactile_test\idw4\200ml\VET6_8chips_raw_stream_20260527_225057.csv,1,23.644251,-1.328591,3.502804
tactile_test,200ml,tactile_test_200ml,C:\Users\FangYuxuan\Saved Games\Upper_VET6USB\Workspace\C_model_training\tactile_test\idw4\200ml\VET6_8chips_raw_stream_20260527_225058.csv,17,23.727921,-1.326784,3.507023
tactile_test,200ml,tactile_test_200ml,C:\Users\FangYuxuan\Saved Games\Upper_VET6USB\Workspace\C_model_training\tactile_test\idw4\200ml\VET6_8chips_raw_stream_20260527_225059.csv,8,23.379557,-1.326773,3.506203
tactile_test,200ml,tactile_test_200ml,C:\Users\FangYuxuan\Saved Games\Upper_VET6USB\Workspace\C_model_training\tactile_test\idw4\200ml\VET6_8chips_raw_stream_20260527_225100.csv,9,23.853622,-1.328987,3.498899
tactile_test,200ml,tactile_test_200ml,C:\Users\FangYuxuan\Saved Games\Upper_VET6USB\Workspace\C_model_training\tactile_test\idw4\200ml\VET6_8chips_raw_stream_20260527_225101.csv,18,24.204733,-1.335483,3.484433
tactile_test,200ml,tactile_test_200ml,C:\Users\FangYuxuan\Saved Games\Upper_VET6USB\Workspace\C_model_training\tactile_test\idw4\200ml\VET6_8chips_raw_stream_20260527_225103.csv,20,23.538298,-1.337570,3.481691
tactile_test,200ml,tactile_test_200ml,C:\Users\FangYuxuan\Saved Games\Upper_VET6USB\Workspace\C_model_training\tactile_test\idw4\200ml\VET6_8chips_raw_stream_20260527_225111.csv,4,22.513744,-1.171305,0.220574
tactile_test,200ml,tactile_test_200ml,C:\Users\FangYuxuan\Saved Games\Upper_VET6USB\Workspace\C_model_training\tactile_test\idw4\200ml\VET6_8chips_raw_stream_20260527_225112.csv,3,23.153374,-1.174659,0.231634
tactile_test,200ml,tactile_test_200ml,C:\Users\FangYuxuan\Saved Games\Upper_VET6USB\Workspace\C_model_training\tactile_test\idw4\200ml\VET6_8chips_raw_stream_20260527_225114.csv,10,22.606203,-1.444327,-0.612822
tactile_test,200ml,tactile_test_200ml,C:\Users\FangYuxuan\Saved Games\Upper_VET6USB\Workspace\C_model_training\tactile_test\idw4\200ml\VET6_8chips_raw_stream_20260527_225115.csv,23,22.845491,-1.215620,0.152414
tactile_test,200ml,tactile_test_200ml,C:\Users\FangYuxuan\Saved Games\Upper_VET6USB\Workspace\C_model_training\tactile_test\idw4\200ml\VET6_8chips_raw_stream_20260527_225116.csv,10,22.755276,-1.467681,-0.660025
tactile_test,200ml,tactile_test_200ml,C:\Users\FangYuxuan\Saved Games\Upper_VET6USB\Workspace\C_model_training\tactile_test\idw4\200ml\VET6_8chips_raw_stream_20260527_225117.csv,20,23.014784,-1.178992,0.079385
tactile_test,200ml,tactile_test_200ml,C:\Users\FangYuxuan\Saved Games\Upper_VET6USB\Workspace\C_model_training\tactile_test\idw4\200ml\VET6_8chips_raw_stream_20260527_225119.csv,0,21.738859,-1.125118,0.124004
tactile_test,200ml,tactile_test_200ml,C:\Users\FangYuxuan\Saved Games\Upper_VET6USB\Workspace\C_model_training\tactile_test\idw4\200ml\VET6_8chips_raw_stream_20260527_225120.csv,18,22.423584,-1.140456,0.092319
tactile_test,200ml,tactile_test_200ml,C:\Users\FangYuxuan\Saved Games\Upper_VET6USB\Workspace\C_model_training\tactile_test\idw4\200ml\VET6_8chips_raw_stream_20260527_225121.csv,20,23.614882,-1.138735,0.110895
tactile_test,200ml,tactile_test_200ml,C:\Users\FangYuxuan\Saved Games\Upper_VET6USB\Workspace\C_model_training\tactile_test\idw4\200ml\VET6_8chips_raw_stream_20260527_225123.csv,11,22.820366,-1.141114,0.106055
tactile_test,200ml,tactile_test_200ml,C:\Users\FangYuxuan\Saved Games\Upper_VET6USB\Workspace\C_model_training\tactile_test\idw4\200ml\VET6_8chips_raw_stream_20260527_225124.csv,12,23.004133,-1.386862,-0.691363
tactile_test,200ml,tactile_test_200ml,C:\Users\FangYuxuan\Saved Games\Upper_VET6USB\Workspace\C_model_training\tactile_test\idw4\200ml\VET6_8chips_raw_stream_20260527_225125.csv,5,22.056829,-1.151431,0.083260
tactile_test,200ml,tactile_test_200ml,C:\Users\FangYuxuan\Saved Games\Upper_VET6USB\Workspace\C_model_training\tactile_test\idw4\200ml\VET6_8chips_raw_stream_20260527_225126.csv,5,23.335108,-1.152228,0.084981
tactile_test,200ml,tactile_test_200ml,C:\Users\FangYuxuan\Saved Games\Upper_VET6USB\Workspace\C_model_training\tactile_test\idw4\200ml\VET6_8chips_raw_stream_20260527_225127.csv,4,23.364386,-1.153420,0.081742
tactile_test,200ml,tactile_test_200ml,C:\Users\FangYuxuan\Saved Games\Upper_VET6USB\Workspace\C_model_training\tactile_test\idw4\200ml\VET6_8chips_raw_stream_20260527_225129.csv,13,23.568899,-1.151529,0.079953
tactile_test,200ml,tactile_test_200ml,C:\Users\FangYuxuan\Saved Games\Upper_VET6USB\Workspace\C_model_training\tactile_test\idw4\200ml\VET6_8chips_raw_stream_20260527_225130.csv,7,22.458876,-1.153141,0.087598
tactile_test,200ml,tactile_test_200ml,C:\Users\FangYuxuan\Saved Games\Upper_VET6USB\Workspace\C_model_training\tactile_test\idw4\200ml\VET6_8chips_raw_stream_20260527_225131.csv,20,24.046532,-1.160044,0.064976
tactile_test,200ml,tactile_test_200ml,C:\Users\FangYuxuan\Saved Games\Upper_VET6USB\Workspace\C_model_training\tactile_test\idw4\200ml\VET6_8chips_raw_stream_20260527_225132.csv,12,21.182093,-1.167822,0.046564
tactile_test,200ml,tactile_test_200ml,C:\Users\FangYuxuan\Saved Games\Upper_VET6USB\Workspace\C_model_training\tactile_test\idw4\200ml\VET6_8chips_raw_stream_20260527_225133.csv,16,23.509460,-1.161850,0.068170
tactile_test,200ml,tactile_test_200ml,C:\Users\FangYuxuan\Saved Games\Upper_VET6USB\Workspace\C_model_training\tactile_test\idw4\200ml\VET6_8chips_raw_stream_20260527_225135.csv,14,22.773436,-1.167089,0.059827
tactile_test,200ml,tactile_test_200ml,C:\Users\FangYuxuan\Saved Games\Upper_VET6USB\Workspace\C_model_training\tactile_test\idw4\200ml\VET6_8chips_raw_stream_20260527_225136.csv,19,23.799461,-1.171278,0.046408
tactile_test,200ml,tactile_test_200ml,C:\Users\FangYuxuan\Saved Games\Upper_VET6USB\Workspace\C_model_training\tactile_test\idw4\200ml\VET6_8chips_raw_stream_20260527_225137.csv,9,23.127405,-1.174291,0.035508
tactile_test,200ml,tactile_test_200ml,C:\Users\FangYuxuan\Saved Games\Upper_VET6USB\Workspace\C_model_training\tactile_test\idw4\200ml\VET6_8chips_raw_stream_20260527_225138.csv,8,23.343082,-1.176487,0.036716
tactile_test,200ml,tactile_test_200ml,C:\Users\FangYuxuan\Saved Games\Upper_VET6USB\Workspace\C_model_training\tactile_test\idw4\200ml\VET6_8chips_raw_stream_20260527_225159.csv,4,22.681211,-1.610661,1.406612
tactile_test,200ml,tactile_test_200ml,C:\Users\FangYuxuan\Saved Games\Upper_VET6USB\Workspace\C_model_training\tactile_test\idw4\200ml\VET6_8chips_raw_stream_20260527_225200.csv,12,22.971746,-2.140556,-0.393408
tactile_test,200ml,tactile_test_200ml,C:\Users\FangYuxuan\Saved Games\Upper_VET6USB\Workspace\C_model_training\tactile_test\idw4\200ml\VET6_8chips_raw_stream_20260527_225202.csv,1,23.539108,-2.148067,-0.409345
tactile_test,200ml,tactile_test_200ml,C:\Users\FangYuxuan\Saved Games\Upper_VET6USB\Workspace\C_model_training\tactile_test\idw4\200ml\VET6_8chips_raw_stream_20260527_225205.csv,23,22.124619,-2.427373,-1.654242
tactile_test,200ml,tactile_test_200ml,C:\Users\FangYuxuan\Saved Games\Upper_VET6USB\Workspace\C_model_training\tactile_test\idw4\200ml\VET6_8chips_raw_stream_20260527_225207.csv,3,23.140957,-2.449334,-1.706382
tactile_test,200ml,tactile_test_200ml,C:\Users\FangYuxuan\Saved Games\Upper_VET6USB\Workspace\C_model_training\tactile_test\idw4\200ml\VET6_8chips_raw_stream_20260527_225208.csv,5,22.490362,-2.585677,-2.417647
tactile_test,200ml,tactile_test_200ml,C:\Users\FangYuxuan\Saved Games\Upper_VET6USB\Workspace\C_model_training\tactile_test\idw4\200ml\VET6_8chips_raw_stream_20260527_225209.csv,21,21.306393,-2.599868,-2.441421
tactile_test,200ml,tactile_test_200ml,C:\Users\FangYuxuan\Saved Games\Upper_VET6USB\Workspace\C_model_training\tactile_test\idw4\200ml\VET6_8chips_raw_stream_20260527_225220.csv,14,22.247963,-1.803281,-0.957206
tactile_test,200ml,tactile_test_200ml,C:\Users\FangYuxuan\Saved Games\Upper_VET6USB\Workspace\C_model_training\tactile_test\idw4\200ml\VET6_8chips_raw_stream_20260527_225221.csv,17,20.907511,-1.728967,-0.343985
tactile_test,200ml,tactile_test_200ml,C:\Users\FangYuxuan\Saved Games\Upper_VET6USB\Workspace\C_model_training\tactile_test\idw4\200ml\VET6_8chips_raw_stream_20260527_225230.csv,19,22.118523,0.371242,-0.055192
tactile_test,200ml,tactile_test_200ml,C:\Users\FangYuxuan\Saved Games\Upper_VET6USB\Workspace\C_model_training\tactile_test\idw4\200ml\VET6_8chips_raw_stream_20260527_225231.csv,19,22.311855,0.502918,0.334807
tactile_test,200ml,tactile_test_200ml,C:\Users\FangYuxuan\Saved Games\Upper_VET6USB\Workspace\C_model_training\tactile_test\idw4\200ml\VET6_8chips_raw_stream_20260527_225232.csv,8,23.440468,0.503708,0.336090
tactile_test,200ml,tactile_test_200ml,C:\Users\FangYuxuan\Saved Games\Upper_VET6USB\Workspace\C_model_training\tactile_test\idw4\200ml\VET6_8chips_raw_stream_20260527_225233.csv,5,22.178526,0.565106,0.190236
tactile_test,200ml,tactile_test_200ml,C:\Users\FangYuxuan\Saved Games\Upper_VET6USB\Workspace\C_model_training\tactile_test\idw4\200ml\VET6_8chips_raw_stream_20260527_225234.csv,12,22.947479,0.561127,0.175876
tactile_test,200ml,tactile_test_200ml,C:\Users\FangYuxuan\Saved Games\Upper_VET6USB\Workspace\C_model_training\tactile_test\idw4\200ml\VET6_8chips_raw_stream_20260527_225236.csv,15,22.873629,0.376155,-0.121340
tactile_test,200ml,tactile_test_200ml,C:\Users\FangYuxuan\Saved Games\Upper_VET6USB\Workspace\C_model_training\tactile_test\idw4\200ml\VET6_8chips_raw_stream_20260527_225237.csv,17,21.206816,0.562206,0.196080
tactile_test,200ml,tactile_test_200ml,C:\Users\FangYuxuan\Saved Games\Upper_VET6USB\Workspace\C_model_training\tactile_test\idw4\200ml\VET6_8chips_raw_stream_20260527_225238.csv,0,22.637953,0.384269,-0.095653
tactile_test,200ml,tactile_test_200ml,C:\Users\FangYuxuan\Saved Games\Upper_VET6USB\Workspace\C_model_training\tactile_test\idw4\200ml\VET6_8chips_raw_stream_20260527_225240.csv,17,22.908298,0.499991,0.319644
tactile_test,200ml,tactile_test_200ml,C:\Users\FangYuxuan\Saved Games\Upper_VET6USB\Workspace\C_model_training\tactile_test\idw4\200ml\VET6_8chips_raw_stream_20260527_225241.csv,10,23.706806,0.494901,0.306000
tactile_test,200ml,tactile_test_200ml,C:\Users\FangYuxuan\Saved Games\Upper_VET6USB\Workspace\C_model_training\tactile_test\idw4\200ml\VET6_8chips_raw_stream_20260527_225242.csv,1,23.066572,0.514371,0.267840
tactile_test,200ml,tactile_test_200ml,C:\Users\FangYuxuan\Saved Games\Upper_VET6USB\Workspace\C_model_training\tactile_test\idw4\200ml\VET6_8chips_raw_stream_20260527_225244.csv,13,22.934996,0.493854,0.312970
