Index,TemperatureRaw16,VGNDRaw16
0,130,0
1,127,0
2,129,0
3,128,0
4,127,0
5,131,0
6,122,0
7,121,0
8,131,0
9,125,0
10,127,0
11,129,0
12,128,0
13,124,0
14,119,0
15,129,0
16,122,0
17,130,0
18,123,0
19,120,0
20,125,0
21,122,0
22,123,0
23,124,0
24,119,0
25,126,0
26,114,0
27,127,0
28,121,0
29,120,0
30,125,0
31,124,0
32,132,0
33,126,0
34,139,0
35,124,0
36,138,0
37,120,0
38,118,0
39,127,0
40,135,0
41,130,0
42,121,0
43,122,0
44,129,0
45,123,0
46,128,0
47,120,0
48,132,0
49,127,0
50,124,0
51,124,0
52,126,0
53,126,0
54,126,0
55,120,0
56,119,0
57,131,0
58,128,0
59,124,0
60,117,0
61,122,0
62,123,0
63,122,0
64,129,0
65,131,0
66,119,0
67,130,0
68,128,0
69,123,0
70,127,0
71,128,0
72,118,0
73,129,0
74,126,0
75,124,0
76,127,0
77,128,0
78,121,0
79,126,0
80,130,0
81,116,0
82,123,0
83,127,0
84,124,0
85,123,0
86,123,0
87,128,0
88,123,0
89,129,0
90,137,0
91,129,0
92,119,0
93,116,0
94,135,0
95,121,0
96,121,0
97,127,0
98,127,0
99,124,0
100,132,0
101,122,0
102,121,0
103,125,0
104,126,0
105,121,0
106,126,0
107,121,0
108,127,0
109,127,0
110,119,0
111,120,0
112,129,0
113,116,0
114,126,0
115,129,0
116,123,0
117,131,0
118,127,0
119,132,0
120,131,0
121,128,0
122,120,0
123,124,0
124,125,0
125,123,0
126,129,0
127,130,0
128,120,0
129,124,0
130,115,0
131,130,0
132,128,0
133,122,0
134,127,0
135,130,0
136,121,0
137,123,0
138,130,0
139,125,0
140,126,0
141,121,0
142,118,0
143,121,0
144,122,0
145,119,0
146,122,0
147,126,0
148,122,0
149,120,0
150,125,0
151,122,0
152,122,0
153,121,0
154,131,0
155,131,0
156,128,0
157,123,0
158,125,0
159,122,0
160,123,0
161,125,0
162,114,0
163,129,0
164,124,0
165,120,0
166,133,0
167,130,0
168,123,0
169,124,0
170,127,0
171,121,0
172,123,0
173,125,0
174,128,0
175,128,0
176,128,0
177,122,0
178,116,0
179,128,0
180,127,0
181,122,0
182,119,0
183,129,0
184,130,0
185,124,0
186,124,0
187,129,0
188,129,0
189,124,0
190,124,0
191,131,0
192,127,0
193,129,0
194,122,0
195,126,0
196,126,0
197,126,0
198,124,0
199,122,0
200,124,0
201,130,0
202,128,0
203,124,0
204,131,0
205,120,0
206,118,0
207,127,0
208,121,0
209,124,0
210,124,0
211,125,0
212,124,0
213,119,0
214,125,0
215,110,0
216,124,0
217,128,0
218,119,0
219,126,0
220,107,0
221,126,0
222,111,0
223,112,0
224,118,0
225,112,0
226,107,0
227,122,0
228,104,0
229,122,0
230,113,0
231,114,0
232,118,0
233,111,0
234,106,0
235,126,0
236,105,0
237,116,0
238,104,0
239,108,0
240,103,0
241,107,0
242,111,0
243,110,0
244,114,0
245,109,0
246,117,0
247,108,0
248,111,0
249,119,0
250,111,0
251,112,0
252,109,0
253,108,0
254,100,0
255,99,0
256,105,0
257,102,0
258,109,0
259,100,0
260,101,0
261,105,0
262,101,0
263,98,0
264,104,0
265,98,0
266,113,0
267,99,0
268,98,0
269,106,0
270,99,0
271,97,0
272,100,0
273,111,0
274,99,0
275,106,0
276,95,0
277,95,0
278,103,0
279,96,0
280,92,0
281,101,0
282,95,0
283,97,0
284,109,0
285,97,0
286,87,0
287,100,0
288,92,0
289,90,0
290,88,0
291,102,0
292,93,0
293,92,0
294,99,0
295,89,0
296,92,0
297,89,0
298,99,0
299,98,0
300,83,0
301,89,0
302,87,0
303,90,0
304,88,0
305,76,0
306,85,0
307,90,0
308,89,0
309,94,0
310,92,0
311,90,0
312,92,0
313,88,0
314,85,0
315,88,0
316,91,0
317,85,0
318,85,0
319,84,0
320,90,0
321,90,0
322,82,0
323,84,0
324,72,0
325,80,0
326,90,0
327,82,0
328,82,0
329,80,0
330,92,0
331,88,0
332,85,0
333,78,0
334,85,0
335,78,0
336,84,0
337,75,0
338,65,0
339,72,0
340,82,0
341,77,0
342,78,0
343,81,0
344,68,0
345,82,0
346,74,0
347,80,0
348,78,0
349,80,0
350,75,0
351,77,0
352,73,0
353,82,0
354,79,0
355,76,0
356,77,0
357,82,0
358,76,0
359,85,0
360,63,0
361,77,0
362,72,0
363,68,0
364,66,0
365,75,0
366,76,0
367,73,0
368,71,0
369,72,0
370,66,0
371,74,0
372,75,0
373,79,0
374,73,0
375,71,0
376,72,0
377,69,0
378,63,0
379,63,0
380,66,0
381,67,0
382,64,0
383,65,0
384,70,0
385,71,0
386,57,0
387,60,0
388,67,0
389,57,0
390,75,0
391,65,0
392,64,0
393,62,0
394,58,0
395,64,0
396,64,0
397,65,0
398,61,0
399,56,0
400,75,0
401,62,0
402,57,0
403,61,0
404,65,0
405,63,0
406,62,0
407,52,0
408,64,0
409,60,0
410,63,0
411,57,0
412,58,0
413,64,0
414,68,0
415,61,0
416,50,0
417,58,0
418,65,0
419,52,0
420,61,0
421,50,0
422,57,0
423,49,0
424,56,0
425,55,0
426,49,0
427,53,0
428,57,0
429,56,0
430,51,0
431,57,0
432,58,0
433,59,0
434,57,0
435,55,0
436,53,0
437,56,0
438,48,0
439,50,0
440,51,0
441,60,0
442,58,0
443,48,0
444,57,0
445,45,0
446,48,0
447,51,0
448,50,0
449,57,0
450,45,0
451,54,0
452,44,0
453,45,0
454,48,0
455,50,0
456,53,0
457,51,0
458,40,0
459,48,0
460,46,0
461,46,0
462,56,0
463,46,0
464,45,0
465,48,0
466,46,0
467,32,0
468,47,0
469,41,0
470,47,0
471,45,0
472,43,0
473,45,0
474,46,0
475,43,0
476,44,0
477,39,0
478,42,0
479,47,0
480,38,0
481,38,0
482,42,0
483,51,0
484,38,0
485,33,0
486,42,0
487,36,0
488,22,0
489,39,0
490,44,0
491,39,0
492,36,0
493,33,0
494,46,0
495,42,0
496,33,0
497,33,0
498,42,0
499,38,0
500,36,0
501,41,0
502,45,0
503,41,0
504,32,0
505,27,0
506,42,0
507,34,0
508,34,0
509,40,0
510,34,0
511,39,0
512,35,0
513,33,0
514,28,0
515,42,0
516,30,0
517,38,0
518,28,0
519,36,0
520,38,0
521,35,0
522,39,0
523,33,0
524,32,0
525,46,0
526,26,0
527,32,0
528,39,0
529,21,0
530,31,0
531,29,0
532,30,0
533,37,0
534,30,0
535,40,0
536,34,0
537,25,0
538,29,0
539,29,0
540,26,0
541,26,0
542,23,0
543,30,0
544,29,0
545,29,0
546,17,0
547,19,0
548,29,0
549,27,0
550,21,0
551,29,0
552,24,0
553,27,0
554,28,0
555,27,0
556,19,0
557,28,0
558,19,0
559,28,0
560,25,0
561,28,0
562,22,0
563,17,0
564,25,0
565,19,0
566,24,0
567,20,0
568,16,0
569,30,0
570,20,0
571,27,0
572,25,0
573,17,0
574,20,0
575,19,0
576,18,0
577,18,0
578,18,0
579,17,0
580,20,0
581,34,0
582,24,0
583,18,0
584,13,0
585,15,0
586,9,0
587,18,0
588,22,0
589,19,0
590,20,0
591,19,0
592,14,0
593,11,0
594,18,0
595,12,0
596,12,0
597,14,0
598,13,0
599,22,0
600,19,0
601,14,0
602,11,0
603,15,0
604,9,0
605,14,0
606,14,0
607,13,0
608,17,0
609,18,0
610,12,0
611,18,0
612,8,0
613,17,0
614,12,0
615,11,0
616,11,0
617,1,0
618,16,0
619,14,0
620,14,0
621,20,0
622,15,0
623,10,0
624,13,0
625,15,0
626,4,0
627,15,0
628,4,0
629,5,0
630,9,0
631,4,0
632,1,0
633,6,0
634,14,0
635,12,0
636,13,0
637,18,0
638,14,0
639,17,0
640,6,0
641,8,0
642,-1,0
643,6,0
644,13,0
645,10,0
646,4,0
647,5,0
648,6,0
649,5,0
650,7,0
651,5,0
652,12,0
653,9,0
654,-1,0
655,5,0
656,0,0
657,2,0
658,8,0
659,-3,0
660,6,0
661,6,0
662,2,0
663,7,0
664,-2,0
665,3,0
666,7,0
667,6,0
668,-5,0
669,2,0
670,4,0
671,10,0
672,-3,0
673,2,0
674,3,0
675,-1,0
676,-1,0
677,-2,0
678,-2,0
679,7,0
680,5,0
681,11,0
682,-8,0
683,3,0
684,3,0
685,7,0
686,-3,0
687,3,0
688,-12,0
689,0,0
690,-9,0
691,-13,0
692,-5,0
693,7,0
694,2,0
695,-9,0
696,-8,0
697,-5,0
698,4,0
699,3,0
700,-4,0
701,-8,0
702,-1,0
703,-13,0
704,-2,0
705,-6,0
706,-9,0
707,-8,0
708,-9,0
709,-2,0
710,-6,0
711,-10,0
712,-3,0
713,0,0
714,-12,0
715,-12,0
716,-17,0
717,-1,0
718,-8,0
719,-13,0
720,-8,0
721,-14,0
722,3,0
723,-4,0
724,-14,0
725,-8,0
726,-16,0
727,-16,0
728,-5,0
729,-15,0
730,2,0
731,-13,0
732,-4,0
733,-11,0
734,-2,0
735,3,0
736,-6,0
737,-11,0
738,-8,0
739,-4,0
740,-9,0
741,2,0
742,-14,0
743,-12,0
744,-18,0
745,-7,0
746,-8,0
747,-13,0
748,-8,0
749,-2,0
750,-13,0
751,-16,0
752,-11,0
753,-6,0
754,-11,0
755,-8,0
756,-14,0
757,-15,0
758,-13,0
759,-18,0
760,-10,0
761,-18,0
762,-11,0
763,-16,0
764,-14,0
765,-15,0
766,-7,0
767,-12,0
768,-19,0
769,-15,0
770,-11,0
771,-12,0
772,-16,0
773,-19,0
774,-17,0
775,-11,0
776,-12,0
777,-18,0
778,-21,0
779,-18,0
780,-17,0
781,-14,0
782,-18,0
783,-23,0
784,-20,0
785,-23,0
786,-21,0
787,-13,0
788,-12,0
789,-15,0
790,-28,0
791,-17,0
792,-18,0
793,-14,0
794,-14,0
795,-13,0
796,-15,0
797,-24,0
798,-20,0
799,-25,0
800,-30,0
801,-15,0
802,-21,0
803,-16,0
804,-17,0
805,-20,0
806,-11,0
807,-18,0
808,-18,0
809,-17,0
810,-19,0
811,-20,0
812,-17,0
813,-16,0
814,-18,0
815,-19,0
816,-16,0
817,-26,0
818,-25,0
819,-19,0
820,-23,0
821,-20,0
822,-11,0
823,-27,0
824,-17,0
825,-23,0
826,-24,0
827,-20,0
828,-22,0
829,-22,0
830,-20,0
831,-31,0
832,-30,0
833,-22,0
834,-14,0
835,-27,0
836,-25,0
837,-30,0
838,-18,0
839,-23,0
840,-31,0
841,-35,0
842,-21,0
843,-20,0
844,-27,0
845,-34,0
846,-30,0
847,-24,0
848,-30,0
849,-32,0
850,-22,0
851,-25,0
852,-30,0
853,-33,0
854,-24,0
855,-24,0
856,-38,0
857,-20,0
858,-29,0
859,-38,0
860,-27,0
861,-29,0
862,-22,0
863,-32,0
864,-29,0
865,-22,0
866,-16,0
867,-25,0
868,-28,0
869,-30,0
870,-27,0
871,-30,0
872,-24,0
873,-34,0
874,-38,0
875,-25,0
876,-24,0
877,-25,0
878,-25,0
879,-21,0
880,-21,0
881,-34,0
882,-27,0
883,-34,0
884,-36,0
885,-26,0
886,-38,0
887,-25,0
888,-36,0
889,-36,0
890,-35,0
891,-32,0
892,-33,0
893,-24,0
894,-35,0
895,-39,0
896,-40,0
897,-34,0
898,-38,0
899,-31,0
900,-33,0
901,-38,0
902,-36,0
903,-30,0
904,-30,0
905,-38,0
906,-43,0
907,-27,0
908,-32,0
909,-33,0
910,-39,0
911,-43,0
912,-31,0
913,-34,0
914,-44,0
915,-24,0
916,-33,0
917,-38,0
918,-39,0
919,-38,0
920,-35,0
921,-34,0
922,-43,0
923,-43,0
924,-36,0
925,-38,0
926,-32,0
927,-43,0
928,-39,0
929,-34,0
930,-37,0
931,-39,0
932,-38,0
933,-36,0
934,-33,0
935,-39,0
936,-37,0
937,-36,0
938,-33,0
939,-41,0
940,-44,0
941,-40,0
942,-30,0
943,-39,0
944,-43,0
945,-29,0
946,-33,0
947,-40,0
948,-44,0
949,-42,0
950,-46,0
951,-27,0
952,-39,0
953,-41,0
954,-45,0
955,-49,0
956,-45,0
957,-36,0
958,-35,0
959,-42,0
960,-32,0
961,-38,0
962,-46,0
963,-34,0
964,-49,0
965,-42,0
966,-35,0
967,-46,0
968,-45,0
969,-43,0
970,-49,0
971,-39,0
972,-47,0
973,-43,0
974,-43,0
975,-47,0
976,-42,0
977,-46,0
978,-29,0
979,-37,0
980,-44,0
981,-35,0
982,-37,0
983,-35,0
984,-42,0
985,-51,0
986,-46,0
987,-42,0
988,-45,0
989,-40,0
990,-54,0
991,-36,0
992,-45,0
993,-39,0
994,-46,0
995,-53,0
996,-51,0
997,-37,0
998,-46,0
999,-46,0
1000,-47,0
1001,-33,0
1002,-45,0
1003,-55,0
1004,-34,0
1005,-56,0
1006,-39,0
1007,-34,0
1008,-42,0
1009,-48,0
1010,-44,0
1011,-59,0
1012,-51,0
1013,-37,0
1014,-51,0
1015,-49,0
1016,-60,0
1017,-51,0
1018,-44,0
1019,-44,0
1020,-56,0
1021,-59,0
1022,-50,0
1023,-48,0
1024,-46,0
1025,-47,0
1026,-43,0
1027,-50,0
1028,-53,0
1029,-48,0
1030,-57,0
1031,-41,0
1032,-43,0
1033,-49,0
1034,-54,0
1035,-52,0
1036,-48,0
1037,-50,0
1038,-45,0
1039,-43,0
1040,-50,0
1041,-52,0
1042,-47,0
1043,-54,0
1044,-55,0
1045,-48,0
1046,-57,0
1047,-55,0
1048,-56,0
1049,-56,0
1050,-56,0
1051,-50,0
1052,-50,0
1053,-51,0
1054,-55,0
1055,-51,0
1056,-52,0
1057,-55,0
1058,-44,0
1059,-56,0
1060,-50,0
1061,-56,0
1062,-55,0
1063,-49,0
1064,-48,0
1065,-47,0
1066,-53,0
1067,-47,0
1068,-50,0
1069,-60,0
1070,-55,0
1071,-55,0
1072,-50,0
1073,-63,0
1074,-55,0
1075,-60,0
1076,-60,0
1077,-55,0
1078,-55,0
1079,-45,0
1080,-59,0
1081,-55,0
1082,-53,0
1083,-50,0
1084,-39,0
1085,-54,0
1086,-65,0
1087,-52,0
1088,-58,0
1089,-52,0
1090,-52,0
1091,-58,0
1092,-66,0
1093,-62,0
1094,-57,0
1095,-58,0
1096,-53,0
1097,-54,0
1098,-57,0
1099,-55,0
1100,-57,0
1101,-49,0
1102,-56,0
1103,-57,0
1104,-51,0
1105,-51,0
1106,-60,0
1107,-61,0
1108,-52,0
1109,-45,0
1110,-48,0
1111,-56,0
1112,-56,0
1113,-55,0
1114,-53,0
1115,-56,0
1116,-54,0
1117,-59,0
1118,-59,0
1119,-52,0
1120,-57,0
1121,-66,0
1122,-54,0
1123,-62,0
1124,-57,0
1125,-61,0
1126,-47,0
1127,-61,0
1128,-64,0
1129,-52,0
1130,-64,0
1131,-51,0
1132,-61,0
1133,-67,0
1134,-58,0
1135,-53,0
1136,-60,0
1137,-50,0
1138,-62,0
1139,-61,0
1140,-65,0
1141,-58,0
1142,-61,0
1143,-63,0
1144,-60,0
1145,-59,0
1146,-63,0
1147,-61,0
1148,-60,0
1149,-61,0
1150,-62,0
1151,-63,0
1152,-60,0
1153,-57,0
1154,-69,0
1155,-66,0
1156,-67,0
1157,-62,0
1158,-68,0
1159,-64,0
1160,-64,0
1161,-68,0
1162,-60,0
1163,-58,0
1164,-63,0
1165,-59,0
1166,-61,0
1167,-70,0
1168,-56,0
1169,-63,0
1170,-63,0
1171,-70,0
1172,-61,0
1173,-60,0
1174,-58,0
1175,-68,0
1176,-60,0
1177,-64,0
1178,-64,0
1179,-59,0
1180,-63,0
1181,-65,0
1182,-64,0
1183,-66,0
1184,-72,0
1185,-60,0
1186,-64,0
1187,-61,0
1188,-77,0
1189,-63,0
1190,-70,0
1191,-67,0
1192,-68,0
1193,-75,0
1194,-62,0
1195,-65,0
1196,-71,0
1197,-69,0
1198,-66,0
1199,-67,0
1200,-73,0
1201,-68,0
1202,-63,0
1203,-76,0
1204,-62,0
1205,-55,0
1206,-68,0
1207,-67,0
1208,-62,0
1209,-66,0
1210,-64,0
1211,-59,0
1212,-65,0
1213,-69,0
1214,-77,0
1215,-71,0
1216,-77,0
1217,-72,0
1218,-71,0
1219,-62,0
1220,-68,0
1221,-69,0
1222,-68,0
1223,-70,0
1224,-67,0
1225,-56,0
1226,-61,0
1227,-67,0
1228,-75,0
1229,-74,0
1230,-65,0
1231,-66,0
1232,-69,0
1233,-73,0
1234,-64,0
1235,-63,0
1236,-70,0
1237,-70,0
1238,-68,0
1239,-68,0
1240,-73,0
1241,-73,0
1242,-68,0
1243,-80,0
1244,-74,0
1245,-62,0
1246,-68,0
1247,-71,0
1248,-64,0
1249,-72,0
1250,-71,0
1251,-70,0
1252,-63,0
1253,-69,0
1254,-69,0
1255,-82,0
1256,-65,0
1257,-78,0
1258,-82,0
1259,-76,0
1260,-69,0
1261,-74,0
1262,-69,0
1263,-77,0
1264,-78,0
1265,-71,0
1266,-69,0
1267,-74,0
1268,-81,0
1269,-68,0
1270,-69,0
1271,-67,0
1272,-68,0
1273,-72,0
1274,-61,0
1275,-77,0
1276,-77,0
1277,-68,0
1278,-81,0
1279,-65,0
1280,-66,0
1281,-66,0
1282,-67,0
1283,-72,0
1284,-70,0
1285,-72,0
1286,-66,0
1287,-75,0
1288,-65,0
1289,-76,0
1290,-80,0
1291,-74,0
1292,-78,0
1293,-77,0
1294,-73,0
1295,-76,0
1296,-74,0
1297,-75,0
1298,-69,0
1299,-73,0
1300,-73,0
1301,-80,0
1302,-81,0
1303,-67,0
1304,-88,0
1305,-78,0
1306,-75,0
1307,-80,0
1308,-77,0
1309,-68,0
1310,-74,0
1311,-75,0
1312,-69,0
1313,-77,0
1314,-77,0
1315,-71,0
1316,-83,0
1317,-75,0
1318,-70,0
1319,-73,0
1320,-69,0
1321,-74,0
1322,-78,0
1323,-82,0
1324,-72,0
1325,-77,0
1326,-75,0
1327,-78,0
1328,-68,0
1329,-74,0
1330,-76,0
1331,-73,0
1332,-83,0
1333,-72,0
1334,-74,0
1335,-82,0
1336,-81,0
1337,-74,0
1338,-80,0
1339,-72,0
1340,-79,0
1341,-78,0
1342,-78,0
1343,-77,0
1344,-75,0
1345,-73,0
1346,-82,0
1347,-74,0
1348,-79,0
1349,-80,0
1350,-79,0
1351,-84,0
1352,-76,0
1353,-75,0
1354,-81,0
1355,-79,0
1356,-88,0
1357,-71,0
1358,-84,0
1359,-78,0
1360,-82,0
1361,-78,0
1362,-75,0
1363,-75,0
1364,-75,0
1365,-75,0
1366,-81,0
1367,-81,0
1368,-79,0
1369,-82,0
1370,-80,0
1371,-77,0
1372,-83,0
1373,-78,0
1374,-78,0
1375,-79,0
1376,-85,0
1377,-73,0
1378,-76,0
1379,-84,0
1380,-77,0
1381,-72,0
1382,-77,0
1383,-84,0
1384,-78,0
1385,-80,0
1386,-79,0
1387,-88,0
1388,-79,0
1389,-81,0
1390,-80,0
1391,-78,0
1392,-74,0
1393,-76,0
1394,-73,0
1395,-88,0
1396,-81,0
1397,-81,0
1398,-82,0
1399,-85,0
1400,-72,0
1401,-80,0
1402,-88,0
1403,-75,0
1404,-81,0
1405,-80,0
1406,-85,0
1407,-88,0
1408,-72,0
1409,-76,0
1410,-79,0
1411,-87,0
1412,-88,0
1413,-78,0
1414,-85,0
1415,-90,0
1416,-86,0
1417,-78,0
1418,-78,0
1419,-87,0
1420,-86,0
1421,-89,0
1422,-84,0
1423,-91,0
1424,-80,0
1425,-85,0
1426,-85,0
1427,-81,0
1428,-86,0
1429,-73,0
1430,-85,0
1431,-80,0
1432,-80,0
1433,-87,0
1434,-82,0
1435,-95,0
1436,-84,0
1437,-84,0
1438,-85,0
1439,-83,0
1440,-89,0
1441,-84,0
1442,-91,0
1443,-80,0
1444,-89,0
1445,-77,0
1446,-79,0
1447,-88,0
1448,-87,0
1449,-87,0
1450,-77,0
1451,-94,0
1452,-87,0
1453,-86,0
1454,-84,0
1455,-83,0
1456,-88,0
1457,-89,0
1458,-90,0
1459,-79,0
1460,-86,0
1461,-81,0
1462,-83,0
1463,-87,0
1464,-76,0
1465,-77,0
1466,-80,0
1467,-89,0
1468,-87,0
1469,-74,0
1470,-88,0
1471,-87,0
1472,-88,0
1473,-82,0
1474,-86,0
1475,-83,0
1476,-79,0
1477,-73,0
1478,-87,0
1479,-87,0
1480,-80,0
1481,-92,0
1482,-94,0
1483,-80,0
1484,-89,0
1485,-78,0
1486,-90,0
1487,-90,0
1488,-87,0
1489,-83,0
1490,-80,0
1491,-86,0
1492,-77,0
1493,-85,0
1494,-97,0
1495,-84,0
1496,-93,0
1497,-76,0
1498,-83,0
1499,-77,0
1500,-91,0
1501,-81,0
1502,-94,0
1503,-86,0
1504,-89,0
1505,-82,0
1506,-95,0
1507,-78,0
1508,-86,0
1509,-84,0
1510,-85,0
1511,-89,0
1512,-84,0
1513,-83,0
1514,-96,0
1515,-85,0
1516,-85,0
1517,-87,0
1518,-89,0
1519,-86,0
1520,-96,0
1521,-90,0
1522,-92,0
1523,-88,0
1524,-88,0
1525,-89,0
1526,-87,0
1527,-87,0
1528,-85,0
1529,-88,0
1530,-80,0
1531,-89,0
1532,-101,0
1533,-93,0
1534,-90,0
1535,-86,0
1536,-86,0
1537,-98,0
1538,-88,0
1539,-94,0
1540,-84,0
1541,-92,0
1542,-99,0
1543,-86,0
1544,-84,0
1545,-91,0
1546,-95,0
1547,-91,0
1548,-83,0
1549,-93,0
1550,-84,0
1551,-93,0
1552,-102,0
1553,-98,0
1554,-88,0
1555,-87,0
1556,-98,0
1557,-95,0
1558,-93,0
1559,-93,0
1560,-90,0
1561,-98,0
1562,-93,0
1563,-81,0
1564,-96,0
1565,-98,0
1566,-97,0
1567,-89,0
1568,-78,0
1569,-104,0
1570,-92,0
1571,-92,0
1572,-92,0
1573,-98,0
1574,-91,0
1575,-89,0
1576,-82,0
1577,-96,0
1578,-94,0
1579,-99,0
1580,-93,0
1581,-89,0
1582,-89,0
1583,-92,0
1584,-97,0
1585,-89,0
1586,-99,0
1587,-86,0
1588,-89,0
1589,-90,0
1590,-90,0
1591,-93,0
1592,-94,0
1593,-93,0
1594,-88,0
1595,-91,0
1596,-97,0
1597,-99,0
1598,-84,0
1599,-90,0
1600,-91,0
1601,-91,0
1602,-90,0
1603,-102,0
1604,-95,0
1605,-96,0
1606,-96,0
1607,-96,0
1608,-92,0
1609,-93,0
1610,-94,0
1611,-104,0
1612,-99,0
1613,-97,0
1614,-99,0
1615,-96,0
1616,-93,0
1617,-105,0
1618,-98,0
1619,-95,0
1620,-88,0
1621,-99,0
1622,-95,0
1623,-97,0
1624,-102,0
1625,-97,0
1626,-94,0
1627,-95,0
1628,-102,0
1629,-103,0
1630,-96,0
1631,-91,0
1632,-98,0
1633,-94,0
1634,-93,0
1635,-100,0
1636,-97,0
1637,-93,0
1638,-99,0
1639,-92,0
1640,-103,0
1641,-101,0
1642,-95,0
1643,-105,0
1644,-94,0
1645,-102,0
1646,-99,0
1647,-103,0
1648,-89,0
1649,-95,0
1650,-98,0
1651,-93,0
1652,-104,0
1653,-97,0
1654,-88,0
1655,-92,0
1656,-97,0
1657,-103,0
1658,-98,0
1659,-101,0
1660,-91,0
1661,-100,0
1662,-91,0
1663,-99,0
1664,-95,0
1665,-94,0
1666,-105,0
1667,-99,0
1668,-89,0
1669,-102,0
1670,-87,0
1671,-88,0
1672,-84,0
1673,-97,0
1674,-93,0
1675,-92,0
1676,-97,0
1677,-95,0
1678,-107,0
1679,-96,0
1680,-102,0
1681,-105,0
1682,-99,0
1683,-95,0
1684,-93,0
1685,-98,0
1686,-105,0
1687,-108,0
1688,-104,0
1689,-95,0
1690,-94,0
1691,-102,0
1692,-100,0
1693,-98,0
1694,-104,0
1695,-99,0
1696,-95,0
1697,-97,0
1698,-94,0
1699,-109,0
1700,-98,0
1701,-106,0
1702,-99,0
1703,-100,0
1704,-102,0
1705,-97,0
1706,-95,0
1707,-100,0
1708,-92,0
1709,-105,0
1710,-103,0
1711,-103,0
1712,-98,0
1713,-95,0
1714,-101,0
1715,-99,0
1716,-101,0
1717,-88,0
1718,-103,0
1719,-98,0
1720,-105,0
1721,-105,0
1722,-104,0
1723,-99,0
1724,-102,0
1725,-100,0
1726,-104,0
1727,-84,0
1728,-106,0
1729,-101,0
1730,-97,0
1731,-99,0
1732,-102,0
1733,-108,0
1734,-109,0
1735,-99,0
1736,-92,0
1737,-90,0
1738,-92,0
1739,-105,0
1740,-102,0
1741,-93,0
1742,-92,0
1743,-95,0
1744,-106,0
1745,-101,0
1746,-104,0
1747,-93,0
1748,-98,0
1749,-96,0
1750,-101,0
1751,-103,0
1752,-102,0
1753,-107,0
1754,-104,0
1755,-98,0
1756,-105,0
1757,-101,0
1758,-97,0
1759,-96,0
1760,-99,0
1761,-101,0
1762,-109,0
1763,-97,0
1764,-107,0
1765,-102,0
1766,-97,0
1767,-107,0
1768,-91,0
1769,-106,0
1770,-95,0
1771,-93,0
1772,-96,0
1773,-98,0
1774,-92,0
1775,-99,0
1776,-107,0
1777,-98,0
1778,-107,0
1779,-100,0
1780,-101,0
1781,-99,0
1782,-109,0
1783,-105,0
1784,-102,0
1785,-95,0
1786,-107,0
1787,-97,0
1788,-103,0
1789,-104,0
1790,-103,0
1791,-88,0
1792,-97,0
1793,-100,0
1794,-95,0
1795,-99,0
1796,-102,0
1797,-92,0
1798,-113,0
1799,-107,0
1800,-102,0
1801,-92,0
1802,-107,0
1803,-99,0
1804,-97,0
1805,-100,0
1806,-106,0
1807,-100,0
1808,-100,0
1809,-104,0
1810,-99,0
1811,-111,0
1812,-101,0
1813,-106,0
1814,-111,0
1815,-110,0
1816,-98,0
1817,-95,0
1818,-105,0
1819,-110,0
1820,-101,0
1821,-102,0
1822,-105,0
1823,-107,0
1824,-109,0
1825,-105,0
1826,-113,0
1827,-106,0
1828,-108,0
1829,-105,0
1830,-97,0
1831,-103,0
1832,-104,0
1833,-114,0
1834,-96,0
1835,-97,0
1836,-99,0
1837,-106,0
1838,-104,0
1839,-104,0
1840,-105,0
1841,-110,0
1842,-110,0
1843,-105,0
1844,-100,0
1845,-107,0
1846,-104,0
1847,-101,0
1848,-100,0
1849,-104,0
1850,-112,0
1851,-107,0
1852,-104,0
1853,-111,0
1854,-103,0
1855,-110,0
1856,-97,0
1857,-108,0
1858,-101,0
1859,-107,0
1860,-105,0
1861,-109,0
1862,-106,0
1863,-108,0
1864,-98,0
1865,-100,0
1866,-106,0
1867,-112,0
1868,-115,0
1869,-108,0
1870,-110,0
1871,-101,0
1872,-103,0
1873,-105,0
1874,-107,0
1875,-107,0
1876,-93,0
1877,-102,0
1878,-103,0
1879,-106,0
1880,-107,0
1881,-111,0
1882,-100,0
1883,-101,0
1884,-112,0
1885,-110,0
1886,-119,0
1887,-107,0
1888,-114,0
1889,-109,0
1890,-111,0
1891,-101,0
1892,-106,0
1893,-108,0
1894,-111,0
1895,-111,0
1896,-107,0
1897,-106,0
1898,-111,0
1899,-105,0
1900,-108,0
1901,-108,0
1902,-101,0
1903,-108,0
1904,-107,0
1905,-112,0
1906,-106,0
1907,-113,0
1908,-104,0
1909,-112,0
1910,-105,0
1911,-106,0
1912,-107,0
1913,-104,0
1914,-108,0
1915,-111,0
1916,-115,0
1917,-109,0
1918,-106,0
1919,-115,0
1920,-103,0
1921,-113,0
1922,-113,0
1923,-94,0
1924,-101,0
1925,-104,0
1926,-105,0
1927,-107,0
1928,-106,0
1929,-116,0
1930,-111,0
1931,-115,0
1932,-113,0
1933,-106,0
1934,-112,0
1935,-111,0
1936,-115,0
1937,-112,0
1938,-107,0
1939,-107,0
1940,-112,0
1941,-105,0
1942,-113,0
1943,-120,0
1944,-103,0
1945,-111,0
1946,-102,0
1947,-119,0
1948,-110,0
1949,-108,0
1950,-116,0
1951,-115,0
1952,-111,0
1953,-114,0
1954,-107,0
1955,-115,0
1956,-114,0
1957,-116,0
1958,-111,0
1959,-108,0
1960,-102,0
1961,-107,0
1962,-108,0
1963,-112,0
1964,-109,0
1965,-118,0
1966,-108,0
1967,-116,0
1968,-110,0
1969,-107,0
1970,-106,0
1971,-107,0
1972,-105,0
1973,-104,0
1974,-106,0
1975,-105,0
1976,-108,0
1977,-111,0
1978,-103,0
1979,-108,0
1980,-111,0
1981,-108,0
1982,-105,0
1983,-109,0
1984,-103,0
1985,-114,0
1986,-113,0
1987,-104,0
1988,-113,0
1989,-115,0
1990,-115,0
1991,-102,0
1992,-110,0
1993,-116,0
1994,-113,0
1995,-113,0
1996,-111,0
1997,-121,0
1998,-104,0
1999,-118,0
2000,-108,0
2001,-117,0
2002,-118,0
2003,-116,0
2004,-115,0
2005,-108,0
2006,-119,0
2007,-113,0
2008,-111,0
2009,-106,0
2010,-102,0
2011,-110,0
2012,-112,0
2013,-110,0
2014,-116,0
2015,-112,0
2016,-109,0
2017,-119,0
2018,-114,0
2019,-115,0
2020,-120,0
2021,-107,0
2022,-110,0
2023,-118,0
2024,-118,0
2025,-120,0
2026,-109,0
2027,-114,0
2028,-117,0
2029,-112,0
2030,-121,0
2031,-110,0
2032,-112,0
2033,-110,0
2034,-117,0
2035,-113,0
2036,-107,0
2037,-114,0
2038,-118,0
2039,-106,0
2040,-107,0
2041,-105,0
2042,-110,0
2043,-108,0
2044,-115,0
2045,-106,0
2046,-107,0
2047,-107,0
2048,-114,0
2049,-114,0
2050,-123,0
2051,-111,0
2052,-116,0
2053,-110,0
2054,-113,0
2055,-106,0
2056,-107,0
2057,-117,0
2058,-108,0
2059,-114,0
2060,-108,0
2061,-111,0
2062,-121,0
2063,-111,0
2064,-118,0
2065,-121,0
2066,-108,0
2067,-108,0
2068,-104,0
2069,-116,0
2070,-108,0
2071,-117,0
2072,-114,0
2073,-120,0
2074,-109,0
2075,-111,0
2076,-114,0
2077,-120,0
2078,-108,0
2079,-113,0
2080,-107,0
2081,-119,0
2082,-118,0
2083,-119,0
2084,-113,0
2085,-112,0
2086,-123,0
2087,-113,0
2088,-110,0
2089,-113,0
2090,-116,0
2091,-116,0
2092,-118,0
2093,-106,0
2094,-111,0
2095,-113,0
2096,-110,0
2097,-108,0
2098,-110,0
2099,-113,0
2100,-116,0
2101,-118,0
2102,-125,0
2103,-112,0
2104,-109,0
2105,-108,0
2106,-117,0
2107,-118,0
2108,-109,0
2109,-105,0
2110,-112,0
2111,-116,0
2112,-111,0
2113,-116,0
2114,-120,0
2115,-112,0
2116,-110,0
2117,-117,0
2118,-114,0
2119,-119,0
2120,-114,0
2121,-126,0
2122,-114,0
2123,-109,0
2124,-116,0
2125,-113,0
2126,-115,0
2127,-119,0
2128,-117,0
2129,-120,0
2130,-113,0
2131,-115,0
2132,-117,0
2133,-115,0
2134,-112,0
2135,-115,0
2136,-123,0
2137,-108,0
2138,-117,0
2139,-118,0
2140,-115,0
2141,-118,0
2142,-106,0
2143,-121,0
2144,-114,0
2145,-116,0
2146,-115,0
2147,-134,0
2148,-110,0
2149,-104,0
2150,-116,0
2151,-117,0
2152,-117,0
2153,-113,0
2154,-106,0
2155,-114,0
2156,-123,0
2157,-114,0
2158,-110,0
2159,-117,0
2160,-111,0
2161,-118,0
2162,-115,0
2163,-114,0
2164,-110,0
2165,-125,0
2166,-115,0
2167,-114,0
2168,-103,0
2169,-117,0
2170,-122,0
2171,-127,0
2172,-113,0
2173,-110,0
2174,-117,0
2175,-115,0
2176,-120,0
2177,-128,0
2178,-121,0
2179,-115,0
2180,-124,0
2181,-118,0
2182,-114,0
2183,-122,0
2184,-107,0
2185,-119,0
2186,-121,0
2187,-121,0
2188,-113,0
2189,-115,0
2190,-116,0
2191,-117,0
2192,-110,0
2193,-120,0
2194,-118,0
2195,-126,0
2196,-115,0
2197,-118,0
2198,-115,0
2199,-120,0
2200,-108,0
2201,-119,0
2202,-122,0
2203,-115,0
2204,-120,0
2205,-112,0
2206,-126,0
2207,-121,0
2208,-115,0
2209,-129,0
2210,-111,0
2211,-119,0
2212,-129,0
2213,-121,0
2214,-118,0
2215,-114,0
2216,-110,0
2217,-120,0
2218,-114,0
2219,-124,0
2220,-117,0
2221,-124,0
2222,-117,0
2223,-125,0
2224,-128,0
2225,-118,0
2226,-113,0
2227,-126,0
2228,-114,0
2229,-123,0
2230,-120,0
2231,-116,0
2232,-125,0
2233,-118,0
2234,-115,0
2235,-113,0
2236,-114,0
2237,-112,0
2238,-114,0
2239,-119,0
2240,-115,0
2241,-117,0
2242,-115,0
2243,-110,0
2244,-110,0
2245,-121,0
2246,-124,0
2247,-122,0
2248,-123,0
2249,-111,0
2250,-125,0
2251,-120,0
2252,-119,0
2253,-118,0
2254,-118,0
2255,-121,0
2256,-113,0
2257,-113,0
2258,-123,0
2259,-111,0
2260,-123,0
2261,-123,0
2262,-112,0
2263,-116,0
2264,-117,0
2265,-122,0
2266,-129,0
2267,-117,0
2268,-120,0
2269,-114,0
2270,-129,0
2271,-116,0
2272,-116,0
2273,-119,0
2274,-118,0
2275,-125,0
2276,-122,0
2277,-126,0
2278,-115,0
2279,-115,0
2280,-124,0
2281,-127,0
2282,-120,0
2283,-114,0
2284,-125,0
2285,-122,0
2286,-119,0
2287,-111,0
2288,-122,0
2289,-113,0
2290,-114,0
2291,-115,0
2292,-113,0
2293,-122,0
2294,-127,0
2295,-122,0
2296,-124,0
2297,-119,0
2298,-117,0
2299,-125,0
2300,-115,0
2301,-115,0
2302,-124,0
2303,-122,0
2304,-119,0
2305,-109,0
2306,-116,0
2307,-121,0
2308,-112,0
2309,-116,0
2310,-124,0
2311,-123,0
2312,-126,0
2313,-109,0
2314,-119,0
2315,-120,0
2316,-114,0
2317,-111,0
2318,-117,0
2319,-129,0
2320,-119,0
2321,-121,0
2322,-117,0
2323,-121,0
2324,-120,0
2325,-114,0
2326,-124,0
2327,-115,0
2328,-119,0
2329,-119,0
2330,-124,0
2331,-125,0
2332,-117,0
2333,-122,0
2334,-120,0
2335,-123,0
2336,-119,0
2337,-107,0
2338,-115,0
2339,-127,0
2340,-127,0
2341,-118,0
2342,-112,0
2343,-124,0
2344,-124,0
2345,-121,0
2346,-131,0
2347,-127,0
2348,-123,0
2349,-112,0
2350,-118,0
2351,-123,0
2352,-119,0
2353,-119,0
2354,-114,0
2355,-123,0
2356,-119,0
2357,-128,0
2358,-126,0
2359,-116,0
2360,-130,0
2361,-124,0
2362,-122,0
2363,-119,0
2364,-128,0
2365,-123,0
2366,-122,0
2367,-108,0
2368,-125,0
2369,-116,0
2370,-113,0
2371,-122,0
2372,-116,0
2373,-126,0
2374,-111,0
2375,-122,0
2376,-124,0
2377,-118,0
2378,-126,0
2379,-125,0
2380,-120,0
2381,-123,0
2382,-121,0
2383,-131,0
2384,-112,0
2385,-128,0
2386,-121,0
2387,-122,0
2388,-116,0
2389,-116,0
2390,-120,0
2391,-126,0
2392,-130,0
2393,-120,0
2394,-123,0
2395,-120,0
2396,-118,0
2397,-116,0
2398,-131,0
2399,-115,0
2400,-128,0
2401,-128,0
2402,-116,0
2403,-132,0
2404,-131,0
2405,-123,0
2406,-122,0
2407,-128,0
2408,-125,0
2409,-112,0
2410,-121,0
2411,-125,0
2412,-127,0
2413,-131,0
2414,-125,0
2415,-122,0
2416,-126,0
2417,-119,0
2418,-123,0
2419,-120,0
2420,-130,0
2421,-122,0
2422,-127,0
2423,-128,0
2424,-129,0
2425,-110,0
2426,-120,0
2427,-121,0
2428,-118,0
2429,-125,0
2430,-115,0
2431,-125,0
2432,-126,0
2433,-127,0
2434,-122,0
2435,-131,0
2436,-120,0
2437,-139,0
2438,-107,0
2439,-117,0
2440,-123,0
2441,-130,0
2442,-131,0
2443,-125,0
2444,-135,0
2445,-118,0
2446,-126,0
2447,-127,0
2448,-123,0
2449,-122,0
2450,-127,0
2451,-120,0
2452,-119,0
2453,-125,0
2454,-121,0
2455,-115,0
2456,-122,0
2457,-122,0
2458,-117,0
2459,-124,0
2460,-130,0
2461,-118,0
2462,-133,0
2463,-120,0
2464,-132,0
2465,-126,0
2466,-120,0
2467,-125,0
2468,-136,0
2469,-126,0
2470,-121,0
2471,-135,0
2472,-125,0
2473,-128,0
2474,-119,0
2475,-121,0
2476,-123,0
2477,-119,0
2478,-131,0
2479,-121,0
2480,-124,0
2481,-124,0
2482,-121,0
2483,-122,0
2484,-122,0
2485,-125,0
2486,-124,0
2487,-116,0
2488,-128,0
2489,-123,0
2490,-129,0
2491,-118,0
2492,-128,0
2493,-130,0
2494,-119,0
2495,-121,0
2496,-126,0
2497,-125,0
2498,-129,0
2499,-123,0
2500,-128,0
2501,-129,0
2502,-123,0
2503,-120,0
2504,-130,0
2505,-126,0
2506,-120,0
2507,-125,0
2508,-125,0
2509,-125,0
2510,-129,0
2511,-130,0
2512,-121,0
2513,-122,0
2514,-125,0
2515,-122,0
2516,-126,0
2517,-126,0
2518,-123,0
2519,-128,0
2520,-129,0
2521,-125,0
2522,-129,0
2523,-133,0
2524,-120,0
2525,-128,0
2526,-124,0
2527,-131,0
2528,-122,0
2529,-133,0
2530,-121,0
2531,-122,0
2532,-126,0
2533,-122,0
2534,-131,0
2535,-120,0
2536,-119,0
2537,-129,0
2538,-127,0
2539,-123,0
2540,-131,0
2541,-126,0
2542,-125,0
2543,-125,0
2544,-129,0
2545,-127,0
2546,-119,0
2547,-130,0
2548,-127,0
2549,-126,0
2550,-115,0
2551,-126,0
2552,-119,0
2553,-125,0
2554,-122,0
2555,-126,0
2556,-129,0
2557,-122,0
2558,-126,0
2559,-125,0
2560,-123,0
2561,-122,0
2562,-122,0
2563,-130,0
2564,-124,0
2565,-125,0
2566,-129,0
2567,-123,0
2568,-129,0
2569,-131,0
2570,-129,0
2571,-119,0
2572,-123,0
2573,-121,0
2574,-127,0
2575,-125,0
2576,-123,0
2577,-122,0
2578,-129,0
2579,-123,0
2580,-132,0
2581,-108,0
2582,-120,0
2583,-124,0
2584,-131,0
2585,-128,0
2586,-127,0
2587,-133,0
2588,-133,0
2589,-122,0
2590,-133,0
2591,-123,0
2592,-132,0
2593,-129,0
2594,-129,0
2595,-130,0
2596,-136,0
2597,-120,0
2598,-122,0
2599,-123,0
2600,-130,0
2601,-126,0
2602,-125,0
2603,-126,0
2604,-129,0
2605,-125,0
2606,-129,0
2607,-130,0
2608,-132,0
2609,-125,0
2610,-118,0
2611,-121,0
2612,-130,0
2613,-127,0
2614,-135,0
2615,-125,0
2616,-129,0
2617,-137,0
2618,-129,0
2619,-131,0
2620,-134,0
2621,-133,0
2622,-121,0
2623,-130,0
2624,-124,0
2625,-123,0
2626,-133,0
2627,-124,0
2628,-120,0
2629,-126,0
2630,-116,0
2631,-125,0
2632,-124,0
2633,-116,0
2634,-132,0
2635,-126,0
2636,-132,0
2637,-125,0
2638,-123,0
2639,-128,0
2640,-133,0
2641,-129,0
2642,-125,0
2643,-126,0
2644,-124,0
2645,-125,0
2646,-132,0
2647,-130,0
2648,-137,0
2649,-125,0
2650,-128,0
2651,-125,0
2652,-141,0
2653,-133,0
2654,-123,0
2655,-130,0
2656,-120,0
2657,-136,0
2658,-124,0
2659,-127,0
2660,-121,0
2661,-124,0
2662,-121,0
2663,-129,0
2664,-138,0
2665,-126,0
2666,-132,0
2667,-129,0
2668,-129,0
2669,-127,0
2670,-130,0
2671,-125,0
2672,-124,0
2673,-119,0
2674,-124,0
2675,-127,0
2676,-133,0
2677,-125,0
2678,-133,0
2679,-137,0
2680,-126,0
2681,-131,0
2682,-135,0
2683,-124,0
2684,-136,0
2685,-128,0
2686,-127,0
2687,-125,0
2688,-135,0
2689,-125,0
2690,-123,0
2691,-128,0
2692,-137,0
2693,-129,0
2694,-135,0
2695,-136,0
2696,-127,0
2697,-121,0
2698,-129,0
2699,-125,0
2700,-125,0
2701,-125,0
2702,-129,0
2703,-126,0
2704,-129,0
2705,-134,0
2706,-126,0
2707,-127,0
2708,-134,0
2709,-134,0
2710,-125,0
2711,-131,0
2712,-129,0
2713,-125,0
2714,-136,0
2715,-129,0
2716,-132,0
2717,-132,0
2718,-126,0
2719,-134,0
2720,-134,0
2721,-138,0
2722,-133,0
2723,-128,0
2724,-123,0
2725,-129,0
2726,-128,0
2727,-136,0
2728,-129,0
2729,-133,0
2730,-125,0
2731,-134,0
2732,-136,0
2733,-127,0
2734,-133,0
2735,-131,0
2736,-131,0
2737,-124,0
2738,-128,0
2739,-126,0
2740,-127,0
2741,-137,0
2742,-128,0
2743,-141,0
2744,-136,0
2745,-135,0
2746,-132,0
2747,-127,0
2748,-126,0
2749,-128,0
2750,-125,0
2751,-141,0
2752,-130,0
2753,-126,0
2754,-135,0
2755,-131,0
2756,-129,0
2757,-125,0
2758,-130,0
2759,-128,0
2760,-139,0
2761,-132,0
2762,-128,0
2763,-133,0
2764,-132,0
2765,-128,0
2766,-120,0
2767,-126,0
2768,-131,0
2769,-136,0
2770,-134,0
2771,-135,0
2772,-133,0
2773,-133,0
2774,-122,0
2775,-124,0
2776,-117,0
2777,-130,0
2778,-128,0
2779,-127,0
2780,-141,0
2781,-133,0
2782,-133,0
2783,-130,0
2784,-133,0
2785,-132,0
2786,-123,0
2787,-133,0
2788,-129,0
2789,-121,0
2790,-122,0
2791,-126,0
2792,-131,0
2793,-122,0
2794,-131,0
2795,-128,0
2796,-130,0
2797,-131,0
2798,-129,0
2799,-132,0
2800,-122,0
2801,-129,0
2802,-133,0
2803,-128,0
2804,-121,0
2805,-135,0
2806,-139,0
2807,-132,0
2808,-132,0
2809,-135,0
2810,-130,0
2811,-144,0
2812,-126,0
2813,-126,0
2814,-121,0
2815,-124,0
2816,-134,0
2817,-130,0
2818,-126,0
2819,-123,0
2820,-129,0
2821,-131,0
2822,-125,0
2823,-128,0
2824,-133,0
2825,-131,0
2826,-131,0
2827,-131,0
2828,-125,0
2829,-133,0
2830,-132,0
2831,-129,0
2832,-131,0
2833,-128,0
2834,-123,0
2835,-130,0
2836,-133,0
2837,-124,0
2838,-132,0
2839,-132,0
2840,-137,0
2841,-128,0
2842,-125,0
2843,-126,0
2844,-127,0
2845,-128,0
2846,-127,0
2847,-132,0
2848,-134,0
2849,-132,0
2850,-125,0
2851,-136,0
2852,-133,0
2853,-123,0
2854,-133,0
2855,-132,0
2856,-131,0
2857,-128,0
2858,-133,0
2859,-135,0
2860,-139,0
2861,-132,0
2862,-132,0
2863,-128,0
2864,-132,0
2865,-134,0
2866,-134,0
2867,-136,0
2868,-134,0
2869,-136,0
2870,-133,0
2871,-135,0
2872,-140,0
2873,-143,0
2874,-137,0
2875,-137,0
2876,-134,0
2877,-128,0
2878,-126,0
2879,-140,0
2880,-136,0
2881,-132,0
2882,-132,0
2883,-126,0
2884,-135,0
2885,-138,0
2886,-131,0
2887,-136,0
2888,-133,0
2889,-135,0
2890,-129,0
2891,-133,0
2892,-135,0
2893,-132,0
2894,-131,0
2895,-141,0
2896,-123,0
2897,-130,0
2898,-128,0
2899,-131,0
2900,-135,0
2901,-132,0
2902,-132,0
2903,-130,0
2904,-143,0
2905,-129,0
2906,-133,0
2907,-136,0
2908,-137,0
2909,-138,0
2910,-137,0
2911,-137,0
2912,-132,0
2913,-145,0
2914,-134,0
2915,-141,0
2916,-127,0
2917,-131,0
2918,-142,0
2919,-133,0
2920,-132,0
2921,-139,0
2922,-141,0
2923,-134,0
2924,-136,0
2925,-138,0
2926,-140,0
2927,-130,0
2928,-133,0
2929,-134,0
2930,-132,0
2931,-143,0
2932,-124,0
2933,-135,0
2934,-131,0
2935,-132,0
2936,-136,0
2937,-132,0
2938,-131,0
2939,-125,0
2940,-125,0
2941,-136,0
2942,-128,0
2943,-134,0
2944,-139,0
2945,-133,0
2946,-137,0
2947,-133,0
2948,-128,0
2949,-136,0
2950,-131,0
2951,-131,0
2952,-139,0
2953,-136,0
2954,-139,0
2955,-135,0
2956,-136,0
2957,-131,0
2958,-140,0
2959,-128,0
2960,-131,0
2961,-140,0
2962,-139,0
2963,-123,0
2964,-132,0
2965,-135,0
2966,-134,0
2967,-130,0
2968,-138,0
2969,-132,0
2970,-124,0
2971,-134,0
2972,-130,0
2973,-137,0
2974,-130,0
2975,-132,0
2976,-130,0
2977,-131,0
2978,-136,0
2979,-133,0
2980,-132,0
2981,-128,0
2982,-128,0
2983,-131,0
2984,-133,0
2985,-135,0
2986,-138,0
2987,-142,0
2988,-128,0
2989,-135,0
2990,-132,0
2991,-128,0
2992,-132,0
2993,-135,0
2994,-131,0
2995,-133,0
2996,-131,0
2997,-129,0
2998,-135,0
2999,-127,0
3000,-140,0
3001,-132,0
3002,-130,0
3003,-132,0
3004,-135,0
3005,-133,0
3006,-127,0
3007,-124,0
3008,-129,0
3009,-131,0
3010,-133,0
3011,-132,0
3012,-142,0
3013,-139,0
3014,-143,0
3015,-136,0
3016,-133,0
3017,-137,0
3018,-138,0
3019,-124,0
3020,-141,0
3021,-134,0
3022,-139,0
3023,-135,0
3024,-141,0
3025,-134,0
3026,-144,0
3027,-130,0
3028,-130,0
3029,-135,0
3030,-134,0
3031,-133,0
3032,-140,0
3033,-143,0
3034,-134,0
3035,-140,0
3036,-123,0
3037,-129,0
3038,-132,0
3039,-133,0
3040,-136,0
3041,-139,0
3042,-131,0
3043,-141,0
3044,-135,0
3045,-132,0
3046,-136,0
3047,-128,0
3048,-138,0
3049,-136,0
3050,-131,0
3051,-139,0
3052,-142,0
3053,-130,0
3054,-140,0
3055,-135,0
3056,-135,0
3057,-133,0
3058,-142,0
3059,-142,0
3060,-132,0
3061,-137,0
3062,-124,0
3063,-141,0
3064,-131,0
3065,-131,0
3066,-145,0
3067,-140,0
3068,-136,0
3069,-143,0
3070,-135,0
3071,-134,0
3072,-147,0
3073,-137,0
3074,-135,0
3075,-131,0
3076,-135,0
3077,-140,0
3078,-132,0
3079,-134,0
3080,-137,0
3081,-139,0
3082,-127,0
3083,-131,0
3084,-142,0
3085,-138,0
3086,-130,0
3087,-141,0
3088,-140,0
3089,-139,0
3090,-132,0
3091,-128,0
3092,-131,0
3093,-139,0
3094,-137,0
3095,-142,0
3096,-133,0
3097,-137,0
3098,-133,0
3099,-134,0
3100,-133,0
3101,-138,0
3102,-128,0
3103,-137,0
3104,-129,0
3105,-134,0
3106,-136,0
3107,-143,0
3108,-136,0
3109,-131,0
3110,-139,0
3111,-130,0
3112,-135,0
3113,-140,0
3114,-135,0
3115,-132,0
3116,-130,0
3117,-139,0
3118,-134,0
3119,-134,0
3120,-147,0
3121,-131,0
3122,-143,0
3123,-132,0
3124,-137,0
3125,-144,0
3126,-143,0
3127,-132,0
3128,-132,0
3129,-137,0
3130,-129,0
3131,-142,0
3132,-134,0
3133,-138,0
3134,-139,0
3135,-136,0
3136,-135,0
3137,-139,0
3138,-136,0
3139,-141,0
3140,-130,0
3141,-137,0
3142,-130,0
3143,-133,0
3144,-138,0
3145,-135,0
3146,-137,0
3147,-136,0
3148,-144,0
3149,-142,0
3150,-136,0
3151,-138,0
3152,-139,0
3153,-136,0
3154,-147,0
3155,-143,0
3156,-144,0
3157,-137,0
3158,-143,0
3159,-130,0
3160,-134,0
3161,-132,0
3162,-137,0
3163,-135,0
3164,-146,0
3165,-147,0
3166,-141,0
3167,-133,0
3168,-150,0
3169,-142,0
3170,-137,0
3171,-136,0
3172,-136,0
3173,-137,0
3174,-138,0
3175,-138,0
3176,-147,0
3177,-128,0
3178,-140,0
3179,-137,0
3180,-142,0
3181,-134,0
3182,-141,0
3183,-141,0
3184,-136,0
3185,-144,0
3186,-141,0
3187,-137,0
3188,-139,0
3189,-131,0
3190,-143,0
3191,-140,0
3192,-139,0
3193,-133,0
3194,-141,0
3195,-146,0
3196,-132,0
3197,-133,0
3198,-138,0
3199,-137,0
3200,-137,0
3201,-145,0
3202,-139,0
3203,-141,0
3204,-145,0
3205,-137,0
3206,-139,0
3207,-142,0
3208,-147,0
3209,-141,0
3210,-135,0
3211,-133,0
3212,-139,0
3213,-131,0
3214,-153,0
3215,-135,0
3216,-148,0
3217,-134,0
3218,-135,0
3219,-143,0
3220,-135,0
3221,-137,0
3222,-141,0
3223,-142,0
3224,-137,0
3225,-133,0
3226,-136,0
3227,-136,0
3228,-133,0
3229,-138,0
3230,-137,0
3231,-133,0
3232,-140,0
3233,-134,0
3234,-140,0
3235,-144,0
3236,-138,0
3237,-137,0
3238,-137,0
3239,-144,0
3240,-136,0
3241,-143,0
3242,-140,0
3243,-147,0
3244,-135,0
3245,-139,0
3246,-128,0
3247,-140,0
3248,-137,0
3249,-130,0
3250,-142,0
3251,-140,0
3252,-136,0
3253,-143,0
3254,-142,0
3255,-146,0
3256,-145,0
3257,-139,0
3258,-133,0
3259,-138,0
3260,-133,0
3261,-136,0
3262,-142,0
3263,-141,0
3264,-135,0
3265,-134,0
3266,-134,0
3267,-137,0
3268,-136,0
3269,-146,0
3270,-141,0
3271,-135,0
3272,-134,0
3273,-146,0
3274,-132,0
3275,-150,0
3276,-145,0
3277,-141,0
3278,-143,0
3279,-130,0
3280,-134,0
3281,-140,0
3282,-140,0
3283,-141,0
3284,-143,0
3285,-139,0
3286,-131,0
3287,-134,0
3288,-137,0
3289,-138,0
3290,-136,0
3291,-128,0
3292,-140,0
3293,-131,0
3294,-143,0
3295,-141,0
3296,-142,0
3297,-136,0
3298,-140,0
3299,-139,0
3300,-140,0
3301,-140,0
3302,-131,0
3303,-141,0
3304,-145,0
3305,-139,0
3306,-137,0
3307,-145,0
3308,-132,0
3309,-152,0
3310,-135,0
3311,-138,0
3312,-139,0
3313,-142,0
3314,-151,0
3315,-135,0
3316,-144,0
3317,-135,0
3318,-134,0
3319,-142,0
3320,-134,0
3321,-141,0
3322,-129,0
3323,-137,0
3324,-141,0
3325,-135,0
3326,-136,0
3327,-139,0
3328,-140,0
3329,-148,0
3330,-143,0
3331,-139,0
3332,-134,0
3333,-143,0
3334,-141,0
3335,-138,0
3336,-144,0
3337,-141,0
3338,-132,0
3339,-138,0
3340,-135,0
3341,-144,0
3342,-145,0
3343,-136,0
3344,-135,0
3345,-136,0
3346,-131,0
3347,-140,0
3348,-147,0
3349,-144,0
3350,-145,0
3351,-140,0
3352,-139,0
3353,-137,0
3354,-130,0
3355,-144,0
3356,-136,0
3357,-149,0
3358,-144,0
3359,-136,0
3360,-139,0
3361,-139,0
3362,-136,0
3363,-144,0
3364,-143,0
3365,-146,0
3366,-133,0
3367,-145,0
3368,-140,0
3369,-141,0
3370,-140,0
3371,-141,0
3372,-148,0
3373,-147,0
3374,-142,0
3375,-126,0
3376,-141,0
3377,-136,0
3378,-141,0
3379,-133,0
3380,-138,0
3381,-136,0
3382,-139,0
3383,-142,0
3384,-131,0
3385,-136,0
3386,-138,0
3387,-152,0
3388,-135,0
3389,-134,0
3390,-141,0
3391,-143,0
3392,-144,0
3393,-140,0
3394,-141,0
3395,-145,0
3396,-140,0
3397,-134,0
3398,-140,0
3399,-141,0
3400,-141,0
3401,-129,0
3402,-139,0
3403,-147,0
3404,-134,0
3405,-147,0
3406,-138,0
3407,-145,0
3408,-129,0
3409,-131,0
3410,-152,0
3411,-141,0
3412,-144,0
3413,-136,0
3414,-137,0
3415,-143,0
3416,-142,0
3417,-142,0
3418,-137,0
3419,-133,0
3420,-145,0
3421,-145,0
3422,-138,0
3423,-144,0
3424,-137,0
3425,-151,0
3426,-142,0
3427,-143,0
3428,-139,0
3429,-148,0
3430,-135,0
3431,-139,0
3432,-133,0
3433,-145,0
3434,-134,0
3435,-148,0
3436,-130,0
3437,-143,0
3438,-141,0
3439,-144,0
3440,-142,0
3441,-142,0
3442,-141,0
3443,-145,0
3444,-139,0
3445,-135,0
3446,-143,0
3447,-134,0
3448,-143,0
3449,-143,0
3450,-144,0
3451,-139,0
3452,-141,0
3453,-142,0
3454,-141,0
3455,-140,0
3456,-144,0
3457,-135,0
3458,-150,0
3459,-138,0
3460,-140,0
3461,-145,0
3462,-151,0
3463,-139,0
3464,-133,0
3465,-135,0
3466,-147,0
3467,-136,0
3468,-140,0
3469,-139,0
3470,-139,0
3471,-138,0
3472,-145,0
3473,-138,0
3474,-145,0
3475,-139,0
3476,-144,0
3477,-135,0
3478,-138,0
3479,-145,0
3480,-141,0
3481,-139,0
3482,-142,0
3483,-143,0
3484,-153,0
3485,-146,0
3486,-140,0
3487,-143,0
3488,-137,0
3489,-145,0
3490,-143,0
3491,-145,0
3492,-136,0
3493,-144,0
3494,-142,0
3495,-135,0
3496,-146,0
3497,-145,0
3498,-143,0
3499,-145,0
3500,-146,0
3501,-141,0
3502,-145,0
3503,-138,0
3504,-141,0
3505,-143,0
3506,-145,0
3507,-136,0
3508,-133,0
3509,-142,0
3510,-144,0
3511,-137,0
3512,-146,0
3513,-143,0
3514,-141,0
3515,-144,0
3516,-147,0
3517,-142,0
3518,-137,0
3519,-134,0
3520,-144,0
3521,-137,0
3522,-133,0
3523,-138,0
3524,-136,0
3525,-142,0
3526,-129,0
3527,-141,0
3528,-142,0
3529,-136,0
3530,-140,0
3531,-148,0
3532,-136,0
3533,-140,0
3534,-137,0
3535,-140,0
3536,-148,0
3537,-136,0
3538,-146,0
3539,-141,0
3540,-136,0
3541,-150,0
3542,-147,0
3543,-145,0
3544,-138,0
3545,-137,0
3546,-149,0
3547,-140,0
3548,-140,0
3549,-141,0
3550,-141,0
3551,-145,0
3552,-151,0
3553,-135,0
3554,-144,0
3555,-143,0
3556,-143,0
3557,-138,0
3558,-137,0
3559,-151,0
3560,-143,0
3561,-149,0
3562,-145,0
3563,-144,0
3564,-144,0
3565,-139,0
3566,-135,0
3567,-144,0
3568,-143,0
3569,-144,0
3570,-142,0
3571,-145,0
3572,-144,0
3573,-144,0
3574,-146,0
3575,-142,0
3576,-138,0
3577,-144,0
3578,-136,0
3579,-135,0
3580,-154,0
3581,-141,0
3582,-135,0
3583,-141,0
3584,-148,0
3585,-152,0
3586,-136,0
3587,-146,0
3588,-130,0
3589,-146,0
3590,-142,0
3591,-148,0
3592,-155,0
3593,-146,0
3594,-144,0
3595,-145,0
3596,-143,0
3597,-144,0
3598,-140,0
3599,-138,0
3600,-148,0
3601,-134,0
3602,-150,0
3603,-140,0
3604,-142,0
3605,-142,0
3606,-140,0
3607,-143,0
3608,-146,0
3609,-146,0
3610,-153,0
3611,-153,0
3612,-146,0
3613,-146,0
3614,-143,0
3615,-134,0
3616,-141,0
3617,-152,0
3618,-139,0
3619,-146,0
3620,-141,0
3621,-142,0
3622,-137,0
3623,-149,0
3624,-151,0
3625,-156,0
3626,-137,0
3627,-146,0
3628,-142,0
3629,-154,0
3630,-155,0
3631,-147,0
3632,-142,0
3633,-136,0
3634,-142,0
3635,-144,0
3636,-144,0
3637,-146,0
3638,-154,0
3639,-140,0
3640,-138,0
3641,-150,0
3642,-141,0
3643,-142,0
3644,-143,0
3645,-148,0
3646,-139,0
3647,-149,0
3648,-147,0
3649,-142,0
3650,-137,0
3651,-142,0
3652,-139,0
3653,-145,0
3654,-143,0
3655,-141,0
3656,-141,0
3657,-144,0
3658,-142,0
3659,-139,0
3660,-150,0
3661,-136,0
3662,-152,0
3663,-146,0
3664,-146,0
3665,-135,0
3666,-138,0
3667,-138,0
3668,-141,0
3669,-142,0
3670,-139,0
3671,-139,0
3672,-150,0
3673,-145,0
3674,-144,0
3675,-143,0
3676,-144,0
3677,-145,0
3678,-151,0
3679,-143,0
3680,-146,0
3681,-140,0
3682,-131,0
3683,-142,0
3684,-140,0
3685,-152,0
3686,-148,0
3687,-150,0
3688,-131,0
3689,-146,0
3690,-149,0
3691,-150,0
3692,-139,0
3693,-137,0
3694,-135,0
3695,-133,0
3696,-142,0
3697,-143,0
3698,-147,0
3699,-139,0
3700,-147,0
3701,-141,0
3702,-144,0
3703,-144,0
3704,-140,0
3705,-144,0
3706,-153,0
3707,-144,0
3708,-145,0
3709,-147,0
3710,-147,0
3711,-147,0
3712,-139,0
3713,-147,0
3714,-138,0
3715,-147,0
3716,-138,0
3717,-154,0
3718,-153,0
3719,-140,0
3720,-143,0
3721,-148,0
3722,-140,0
3723,-148,0
3724,-152,0
3725,-139,0
3726,-139,0
3727,-148,0
3728,-141,0
3729,-143,0
3730,-144,0
3731,-147,0
3732,-144,0
3733,-140,0
3734,-147,0
3735,-150,0
3736,-142,0
3737,-155,0
3738,-142,0
3739,-144,0
3740,-149,0
3741,-140,0
3742,-147,0
3743,-152,0
3744,-143,0
3745,-136,0
3746,-146,0
3747,-137,0
3748,-136,0
3749,-150,0
3750,-144,0
3751,-152,0
3752,-141,0
3753,-143,0
3754,-146,0
3755,-147,0
3756,-153,0
3757,-134,0
3758,-147,0
3759,-148,0
3760,-144,0
3761,-140,0
3762,-139,0
3763,-141,0
3764,-144,0
3765,-143,0
3766,-145,0
3767,-143,0
3768,-148,0
3769,-140,0
3770,-140,0
3771,-145,0
3772,-152,0
3773,-141,0
3774,-143,0
3775,-144,0
3776,-148,0
3777,-143,0
3778,-159,0
3779,-141,0
3780,-142,0
3781,-154,0
3782,-150,0
3783,-145,0
3784,-137,0
3785,-148,0
3786,-143,0
3787,-140,0
3788,-138,0
3789,-149,0
3790,-137,0
3791,-147,0
3792,-158,0
3793,-150,0
3794,-148,0
3795,-141,0
3796,-146,0
3797,-145,0
3798,-144,0
3799,-147,0
3800,-145,0
3801,-147,0
3802,-150,0
3803,-145,0
3804,-155,0
3805,-145,0
3806,-142,0
3807,-140,0
3808,-147,0
3809,-140,0
3810,-145,0
3811,-140,0
3812,-148,0
3813,-145,0
3814,-152,0
3815,-150,0
3816,-147,0
3817,-147,0
3818,-139,0
3819,-141,0
3820,-149,0
3821,-151,0
3822,-145,0
3823,-137,0
3824,-147,0
3825,-147,0
3826,-149,0
3827,-146,0
3828,-146,0
3829,-144,0
3830,-148,0
3831,-136,0
3832,-141,0
3833,-144,0
3834,-148,0
3835,-141,0
3836,-147,0
3837,-143,0
3838,-159,0
3839,-152,0
3840,-144,0
3841,-148,0
3842,-139,0
3843,-143,0
3844,-145,0
3845,-149,0
3846,-145,0
3847,-139,0
3848,-144,0
3849,-148,0
3850,-145,0
3851,-152,0
3852,-146,0
3853,-143,0
3854,-150,0
3855,-146,0
3856,-137,0
3857,-149,0
3858,-153,0
3859,-149,0
3860,-144,0
3861,-137,0
3862,-148,0
3863,-149,0
3864,-146,0
3865,-143,0
3866,-139,0
3867,-153,0
3868,-153,0
3869,-140,0
3870,-152,0
3871,-139,0
3872,-145,0
3873,-144,0
3874,-150,0
3875,-150,0
3876,-146,0
3877,-148,0
3878,-147,0
3879,-145,0
3880,-143,0
3881,-146,0
3882,-151,0
3883,-154,0
3884,-147,0
3885,-151,0
3886,-149,0
3887,-148,0
3888,-153,0
3889,-149,0
3890,-144,0
3891,-155,0
3892,-141,0
3893,-156,0
3894,-146,0
3895,-150,0
3896,-149,0
3897,-141,0
3898,-143,0
3899,-141,0
3900,-146,0
3901,-146,0
3902,-146,0
3903,-142,0
3904,-145,0
3905,-147,0
3906,-147,0
3907,-146,0
3908,-151,0
3909,-143,0
3910,-143,0
3911,-156,0
3912,-150,0
3913,-142,0
3914,-152,0
3915,-142,0
3916,-153,0
3917,-152,0
3918,-146,0
3919,-147,0
3920,-147,0
3921,-142,0
3922,-143,0
3923,-140,0
3924,-145,0
3925,-146,0
3926,-145,0
3927,-145,0
3928,-146,0
3929,-151,0
3930,-145,0
3931,-151,0
3932,-154,0
3933,-146,0
3934,-151,0
3935,-150,0
3936,-152,0
3937,-144,0
3938,-153,0
3939,-154,0
3940,-139,0
3941,-157,0
3942,-152,0
3943,-146,0
3944,-151,0
3945,-150,0
3946,-148,0
3947,-150,0
3948,-145,0
3949,-151,0
3950,-139,0
3951,-155,0
3952,-150,0
3953,-147,0
3954,-147,0
3955,-146,0
3956,-155,0
3957,-153,0
3958,-139,0
3959,-153,0
3960,-142,0
3961,-149,0
3962,-145,0
3963,-149,0
3964,-150,0
3965,-143,0
3966,-144,0
3967,-157,0
3968,-144,0
3969,-148,0
3970,-155,0
3971,-144,0
3972,-149,0
3973,-150,0
3974,-151,0
3975,-146,0
3976,-148,0
3977,-147,0
3978,-146,0
3979,-150,0
3980,-150,0
3981,-153,0
3982,-154,0
3983,-149,0
3984,-156,0
3985,-145,0
3986,-149,0
3987,-149,0
3988,-147,0
3989,-158,0
3990,-144,0
3991,-145,0
3992,-143,0
3993,-150,0
3994,-144,0
3995,-151,0
3996,-148,0
3997,-150,0
3998,-144,0
3999,-147,0
4000,-135,0
4001,-142,0
4002,-149,0
4003,-146,0
4004,-148,0
4005,-151,0
4006,-137,0
4007,-141,0
4008,-149,0
4009,-150,0
4010,-156,0
4011,-157,0
4012,-146,0
4013,-161,0
4014,-145,0
4015,-144,0
4016,-152,0
4017,-146,0
4018,-140,0
4019,-139,0
4020,-147,0
4021,-147,0
4022,-150,0
4023,-146,0
4024,-143,0
4025,-143,0
4026,-152,0
4027,-143,0
4028,-153,0
4029,-160,0
4030,-152,0
4031,-149,0
4032,-153,0
4033,-153,0
4034,-137,0
4035,-158,0
4036,-150,0
4037,-146,0
4038,-150,0
4039,-139,0
4040,-143,0
4041,-149,0
4042,-148,0
4043,-151,0
4044,-157,0
4045,-152,0
4046,-147,0
4047,-149,0
4048,-150,0
4049,-139,0
4050,-161,0
4051,-148,0
4052,-145,0
4053,-139,0
4054,-148,0
4055,-148,0
4056,-155,0
4057,-145,0
4058,-147,0
4059,-146,0
4060,-162,0
4061,-157,0
4062,-154,0
4063,-146,0
4064,-151,0
4065,-160,0
4066,-147,0
4067,-147,0
4068,-146,0
4069,-148,0
4070,-160,0
4071,-147,0
4072,-151,0
4073,-143,0
4074,-155,0
4075,-158,0
4076,-143,0
4077,-155,0
4078,-149,0
4079,-146,0
4080,-150,0
4081,-141,0
4082,-154,0
4083,-151,0
4084,-145,0
4085,-140,0
4086,-146,0
4087,-150,0
4088,-148,0
4089,-156,0
4090,-150,0
4091,-150,0
4092,-147,0
4093,-147,0
4094,-149,0
4095,-151,0
4096,-155,0
4097,-150,0
4098,-151,0
4099,-152,0
4100,-146,0
4101,-155,0
4102,-150,0
4103,-145,0
4104,-149,0
4105,-151,0
4106,-147,0
4107,-148,0
4108,-147,0
4109,-151,0
4110,-151,0
4111,-152,0
4112,-146,0
4113,-150,0
4114,-145,0
4115,-151,0
4116,-154,0
4117,-150,0
4118,-145,0
4119,-151,0
4120,-138,0
4121,-145,0
4122,-153,0
4123,-141,0
4124,-155,0
4125,-147,0
4126,-144,0
4127,-150,0
4128,-145,0
4129,-152,0
4130,-149,0
4131,-150,0
4132,-152,0
4133,-154,0
4134,-155,0
4135,-153,0
4136,-144,0
4137,-145,0
4138,-156,0
4139,-149,0
4140,-148,0
4141,-165,0
4142,-146,0
4143,-157,0
4144,-153,0
4145,-150,0
4146,-153,0
4147,-137,0
4148,-141,0
4149,-157,0
4150,-147,0
4151,-145,0
4152,-147,0
4153,-145,0
4154,-153,0
4155,-149,0
4156,-149,0
4157,-150,0
4158,-149,0
4159,-157,0
4160,-155,0
4161,-148,0
4162,-149,0
4163,-154,0
4164,-148,0
4165,-139,0
4166,-163,0
4167,-150,0
4168,-144,0
4169,-149,0
4170,-161,0
4171,-142,0
4172,-143,0
4173,-148,0
4174,-153,0
4175,-156,0
4176,-153,0
4177,-156,0
4178,-161,0
4179,-158,0
4180,-152,0
4181,-149,0
4182,-155,0
4183,-155,0
4184,-151,0
4185,-148,0
4186,-150,0
4187,-153,0
4188,-156,0
4189,-157,0
4190,-149,0
4191,-153,0
4192,-147,0
4193,-146,0
4194,-155,0
4195,-147,0
4196,-145,0
4197,-151,0
4198,-148,0
4199,-153,0
4200,-153,0
4201,-157,0
4202,-145,0
4203,-138,0
4204,-147,0
4205,-152,0
4206,-155,0
4207,-146,0
4208,-146,0
4209,-145,0
4210,-148,0
4211,-149,0
4212,-154,0
4213,-143,0
4214,-150,0
4215,-159,0
4216,-146,0
4217,-154,0
4218,-159,0
4219,-151,0
4220,-149,0
4221,-156,0
4222,-154,0
4223,-155,0
4224,-154,0
4225,-150,0
4226,-154,0
4227,-148,0
4228,-155,0
4229,-147,0
4230,-151,0
4231,-147,0
4232,-158,0
4233,-144,0
4234,-141,0
4235,-150,0
4236,-147,0
4237,-153,0
4238,-143,0
4239,-156,0
4240,-153,0
4241,-152,0
4242,-158,0
4243,-158,0
4244,-152,0
4245,-159,0
4246,-144,0
4247,-149,0
4248,-154,0
4249,-155,0
4250,-149,0
4251,-152,0
4252,-154,0
4253,-156,0
4254,-148,0
4255,-151,0
4256,-147,0
4257,-148,0
4258,-148,0
4259,-147,0
4260,-153,0
4261,-149,0
4262,-156,0
4263,-148,0
4264,-147,0
4265,-143,0
4266,-148,0
4267,-152,0
4268,-148,0
4269,-154,0
4270,-151,0
4271,-150,0
4272,-149,0
4273,-156,0
4274,-146,0
4275,-146,0
4276,-148,0
4277,-153,0
4278,-157,0
4279,-153,0
4280,-140,0
4281,-147,0
4282,-153,0
4283,-149,0
4284,-148,0
4285,-151,0
4286,-148,0
4287,-157,0
4288,-151,0
4289,-151,0
4290,-150,0
4291,-152,0
4292,-151,0
4293,-160,0
4294,-154,0
4295,-155,0
4296,-142,0
4297,-158,0
4298,-144,0
4299,-160,0
4300,-148,0
4301,-153,0
4302,-156,0
4303,-159,0
4304,-150,0
4305,-145,0
4306,-152,0
4307,-152,0
4308,-159,0
4309,-143,0
4310,-160,0
4311,-159,0
4312,-150,0
4313,-146,0
4314,-146,0
4315,-156,0
4316,-150,0
4317,-145,0
4318,-152,0
4319,-160,0
4320,-147,0
4321,-154,0
4322,-143,0
4323,-154,0
4324,-142,0
4325,-160,0
4326,-153,0
4327,-154,0
4328,-149,0
4329,-160,0
4330,-146,0
4331,-154,0
4332,-157,0
4333,-161,0
4334,-149,0
4335,-152,0
4336,-158,0
4337,-145,0
4338,-151,0
4339,-157,0
4340,-156,0
4341,-150,0
4342,-151,0
4343,-154,0
4344,-153,0
4345,-156,0
4346,-153,0
4347,-158,0
4348,-149,0
4349,-151,0
4350,-145,0
4351,-151,0
4352,-145,0
4353,-157,0
4354,-148,0
4355,-154,0
4356,-145,0
4357,-142,0
4358,-154,0
4359,-158,0
4360,-147,0
4361,-149,0
4362,-149,0
4363,-160,0
4364,-148,0
4365,-150,0
4366,-147,0
4367,-156,0
4368,-153,0
4369,-145,0
4370,-152,0
4371,-146,0
4372,-150,0
4373,-149,0
4374,-154,0
4375,-153,0
4376,-154,0
4377,-149,0
4378,-149,0
4379,-157,0
4380,-150,0
4381,-152,0
4382,-155,0
4383,-159,0
4384,-151,0
4385,-143,0
4386,-152,0
4387,-161,0
4388,-147,0
4389,-148,0
4390,-143,0
4391,-151,0
4392,-144,0
4393,-140,0
4394,-147,0
4395,-147,0
4396,-156,0
4397,-160,0
4398,-156,0
4399,-154,0
4400,-152,0
4401,-160,0
4402,-155,0
4403,-161,0
4404,-153,0
4405,-153,0
4406,-162,0
4407,-156,0
4408,-159,0
4409,-155,0
4410,-153,0
4411,-146,0
4412,-153,0
4413,-149,0
4414,-148,0
4415,-167,0
4416,-153,0
4417,-154,0
4418,-151,0
4419,-160,0
4420,-157,0
4421,-151,0
4422,-152,0
4423,-155,0
4424,-141,0
4425,-150,0
4426,-158,0
4427,-141,0
4428,-152,0
4429,-155,0
4430,-157,0
4431,-150,0
4432,-158,0
4433,-154,0
4434,-141,0
4435,-149,0
4436,-157,0
4437,-157,0
4438,-155,0
4439,-150,0
4440,-145,0
4441,-157,0
4442,-147,0
4443,-150,0
4444,-148,0
4445,-154,0
4446,-148,0
4447,-151,0
4448,-159,0
4449,-152,0
4450,-153,0
4451,-149,0
4452,-153,0
4453,-157,0
4454,-148,0
4455,-151,0
4456,-158,0
4457,-150,0
4458,-151,0
4459,-154,0
4460,-147,0
4461,-148,0
4462,-151,0
4463,-146,0
4464,-155,0
4465,-148,0
4466,-141,0
4467,-161,0
4468,-145,0
4469,-144,0
4470,-159,0
4471,-147,0
4472,-152,0
4473,-157,0
4474,-153,0
4475,-149,0
4476,-149,0
4477,-153,0
4478,-150,0
4479,-155,0
4480,-154,0
4481,-153,0
4482,-149,0
4483,-144,0
4484,-149,0
4485,-160,0
4486,-153,0
4487,-149,0
4488,-152,0
4489,-150,0
4490,-146,0
4491,-154,0
4492,-138,0
4493,-151,0
4494,-156,0
4495,-152,0
4496,-147,0
4497,-156,0
4498,-154,0
4499,-151,0
4500,-156,0
4501,-152,0
4502,-154,0
4503,-158,0
4504,-157,0
4505,-165,0
4506,-157,0
4507,-154,0
4508,-153,0
4509,-162,0
4510,-159,0
4511,-147,0
4512,-152,0
4513,-147,0
4514,-162,0
4515,-157,0
4516,-155,0
4517,-156,0
4518,-151,0
4519,-144,0
4520,-161,0
4521,-159,0
4522,-148,0
4523,-145,0
4524,-150,0
4525,-150,0
4526,-144,0
4527,-148,0
4528,-158,0
4529,-151,0
4530,-157,0
4531,-159,0
4532,-158,0
4533,-158,0
4534,-156,0
4535,-148,0
4536,-159,0
4537,-157,0
4538,-155,0
4539,-154,0
4540,-142,0
4541,-150,0
4542,-154,0
4543,-153,0
4544,-148,0
4545,-151,0
4546,-148,0
4547,-150,0
4548,-140,0
4549,-160,0
4550,-153,0
4551,-157,0
4552,-148,0
4553,-153,0
4554,-158,0
4555,-154,0
4556,-155,0
4557,-148,0
4558,-149,0
4559,-158,0
4560,-152,0
4561,-157,0
4562,-154,0
4563,-153,0
4564,-158,0
4565,-153,0
4566,-150,0
4567,-159,0
4568,-152,0
4569,-166,0
4570,-148,0
4571,-165,0
4572,-146,0
4573,-148,0
4574,-160,0
4575,-157,0
4576,-149,0
4577,-150,0
4578,-157,0
4579,-155,0
4580,-165,0
4581,-150,0
4582,-151,0
4583,-146,0
4584,-159,0
4585,-162,0
4586,-159,0
4587,-148,0
4588,-162,0
4589,-169,0
4590,-157,0
4591,-149,0
4592,-156,0
4593,-157,0
4594,-153,0
4595,-153,0
4596,-156,0
4597,-155,0
4598,-151,0
4599,-168,0
4600,-167,0
4601,-153,0
4602,-149,0
4603,-156,0
4604,-156,0
4605,-153,0
4606,-157,0
4607,-162,0
4608,-162,0
4609,-158,0
4610,-152,0
4611,-154,0
4612,-160,0
4613,-156,0
4614,-145,0
4615,-158,0
4616,-152,0
4617,-150,0
4618,-151,0
4619,-155,0
4620,-138,0
4621,-153,0
4622,-153,0
4623,-143,0
4624,-150,0
4625,-145,0
4626,-154,0
4627,-154,0
4628,-162,0
4629,-151,0
4630,-153,0
4631,-156,0
4632,-161,0
4633,-165,0
4634,-159,0
4635,-142,0
4636,-153,0
4637,-150,0
4638,-160,0
4639,-151,0
4640,-157,0
4641,-157,0
4642,-147,0
4643,-161,0
4644,-154,0
4645,-154,0
4646,-150,0
4647,-157,0
4648,-147,0
4649,-162,0
4650,-147,0
4651,-151,0
4652,-154,0
4653,-153,0
4654,-152,0
4655,-150,0
4656,-146,0
4657,-165,0
4658,-161,0
4659,-151,0
4660,-160,0
4661,-160,0
4662,-148,0
4663,-155,0
4664,-158,0
4665,-156,0
4666,-152,0
4667,-161,0
4668,-155,0
4669,-147,0
4670,-156,0
4671,-151,0
4672,-150,0
4673,-150,0
4674,-148,0
4675,-156,0
4676,-162,0
4677,-148,0
4678,-157,0
4679,-155,0
4680,-155,0
4681,-153,0
4682,-156,0
4683,-152,0
4684,-149,0
4685,-166,0
4686,-147,0
4687,-148,0
4688,-156,0
4689,-159,0
4690,-158,0
4691,-149,0
4692,-150,0
4693,-152,0
4694,-158,0
4695,-156,0
4696,-161,0
4697,-159,0
4698,-162,0
4699,-157,0
4700,-150,0
4701,-157,0
4702,-147,0
4703,-151,0
4704,-154,0
4705,-153,0
4706,-154,0
4707,-164,0
4708,-155,0
4709,-150,0
4710,-147,0
4711,-155,0
4712,-149,0
4713,-161,0
4714,-161,0
4715,-159,0
4716,-146,0
4717,-152,0
4718,-150,0
4719,-155,0
4720,-159,0
4721,-155,0
4722,-155,0
4723,-149,0
4724,-153,0
4725,-156,0
4726,-149,0
4727,-159,0
4728,-155,0
4729,-155,0
4730,-155,0
4731,-159,0
4732,-154,0
4733,-154,0
4734,-158,0
4735,-156,0
4736,-164,0
4737,-165,0
4738,-159,0
4739,-149,0
4740,-151,0
4741,-160,0
4742,-154,0
4743,-161,0
4744,-156,0
4745,-156,0
4746,-158,0
4747,-157,0
4748,-162,0
4749,-160,0
4750,-156,0
4751,-160,0
4752,-150,0
4753,-164,0
4754,-175,0
4755,-159,0
4756,-158,0
4757,-148,0
4758,-157,0
4759,-155,0
4760,-160,0
4761,-155,0
4762,-157,0
4763,-161,0
4764,-155,0
4765,-157,0
4766,-148,0
4767,-159,0
4768,-155,0
4769,-157,0
4770,-158,0
4771,-161,0
4772,-161,0
4773,-150,0
4774,-156,0
4775,-154,0
4776,-149,0
4777,-160,0
4778,-156,0
4779,-155,0
4780,-156,0
4781,-148,0
4782,-155,0
4783,-159,0
4784,-161,0
4785,-157,0
4786,-159,0
4787,-162,0
4788,-145,0
4789,-157,0
4790,-162,0
4791,-155,0
4792,-151,0
4793,-162,0
4794,-153,0
4795,-157,0
4796,-158,0
4797,-152,0
4798,-153,0
4799,-148,0
4800,-158,0
4801,-155,0
4802,-153,0
4803,-148,0
4804,-157,0
4805,-151,0
4806,-165,0
4807,-161,0
4808,-155,0
4809,-152,0
4810,-162,0
4811,-154,0
4812,-150,0
4813,-153,0
4814,-150,0
4815,-151,0
4816,-156,0
4817,-157,0
4818,-155,0
4819,-158,0
4820,-158,0
4821,-165,0
4822,-157,0
4823,-154,0
4824,-150,0
4825,-156,0
4826,-144,0
4827,-155,0
4828,-151,0
4829,-156,0
4830,-151,0
4831,-161,0
4832,-163,0
4833,-158,0
4834,-162,0
4835,-159,0
4836,-157,0
4837,-156,0
4838,-151,0
4839,-172,0
4840,-162,0
4841,-160,0
4842,-155,0
4843,-152,0
4844,-156,0
4845,-157,0
4846,-162,0
4847,-155,0
4848,-161,0
4849,-155,0
4850,-156,0
4851,-158,0
4852,-154,0
4853,-160,0
4854,-165,0
4855,-157,0
4856,-156,0
4857,-148,0
4858,-158,0
4859,-153,0
4860,-161,0
4861,-159,0
4862,-159,0
4863,-156,0
4864,-146,0
4865,-149,0
4866,-157,0
4867,-147,0
4868,-155,0
4869,-156,0
4870,-148,0
4871,-152,0
4872,-153,0
4873,-155,0
4874,-159,0
4875,-158,0
4876,-155,0
4877,-158,0
4878,-149,0
4879,-155,0
4880,-159,0
4881,-153,0
4882,-160,0
4883,-154,0
4884,-165,0
4885,-157,0
4886,-165,0
4887,-151,0
4888,-153,0
4889,-163,0
4890,-154,0
4891,-158,0
4892,-167,0
4893,-163,0
4894,-160,0
4895,-154,0
4896,-160,0
4897,-160,0
4898,-156,0
4899,-160,0
4900,-158,0
4901,-158,0
4902,-158,0
4903,-165,0
4904,-160,0
4905,-166,0
4906,-159,0
4907,-154,0
4908,-161,0
4909,-154,0
4910,-153,0
4911,-157,0
4912,-149,0
4913,-158,0
4914,-158,0
4915,-153,0
4916,-157,0
4917,-147,0
4918,-149,0
4919,-151,0
4920,-164,0
4921,-149,0
4922,-150,0
4923,-160,0
4924,-163,0
4925,-158,0
4926,-156,0
4927,-164,0
4928,-155,0
4929,-159,0
4930,-169,0
4931,-165,0
4932,-163,0
4933,-161,0
4934,-156,0
4935,-153,0
4936,-162,0
4937,-158,0
4938,-153,0
4939,-156,0
4940,-153,0
4941,-151,0
4942,-158,0
4943,-155,0
4944,-153,0
4945,-159,0
4946,-163,0
4947,-167,0
4948,-155,0
4949,-155,0
4950,-155,0
4951,-155,0
4952,-162,0
4953,-153,0
4954,-164,0
4955,-153,0
4956,-150,0
4957,-170,0
4958,-165,0
4959,-151,0
4960,-153,0
4961,-167,0
4962,-156,0
4963,-155,0
4964,-152,0
4965,-167,0
4966,-160,0
4967,-159,0
4968,-159,0
4969,-161,0
4970,-156,0
4971,-160,0
4972,-160,0
4973,-166,0
4974,-152,0
4975,-153,0
4976,-157,0
4977,-146,0
4978,-165,0
4979,-151,0
4980,-159,0
4981,-165,0
4982,-162,0
4983,-157,0
4984,-156,0
4985,-162,0
4986,-158,0
4987,-157,0
4988,-152,0
4989,-161,0
4990,-166,0
4991,-166,0
4992,-158,0
4993,-152,0
4994,-148,0
4995,-153,0
4996,-165,0
4997,-159,0
4998,-155,0
4999,-167,0
5000,-162,0
5001,-161,0
5002,-159,0
5003,-165,0
5004,-160,0
5005,-156,0
5006,-165,0
5007,-160,0
5008,-163,0
5009,-160,0
5010,-154,0
5011,-154,0
5012,-165,0
5013,-148,0
5014,-159,0
5015,-156,0
5016,-160,0
5017,-155,0
5018,-159,0
5019,-159,0
5020,-153,0
5021,-162,0
5022,-156,0
5023,-161,0
5024,-154,0
5025,-157,0
5026,-162,0
5027,-157,0
5028,-159,0
5029,-164,0
5030,-168,0
5031,-157,0
5032,-159,0
5033,-152,0
5034,-152,0
5035,-141,0
5036,-161,0
5037,-158,0
5038,-155,0
5039,-145,0
5040,-160,0
5041,-157,0
5042,-169,0
5043,-161,0
5044,-158,0
5045,-150,0
5046,-162,0
5047,-165,0
5048,-159,0
5049,-162,0
5050,-155,0
5051,-158,0
5052,-162,0
5053,-167,0
5054,-156,0
5055,-161,0
5056,-153,0
5057,-158,0
5058,-157,0
5059,-154,0
5060,-154,0
5061,-175,0
5062,-162,0
5063,-161,0
5064,-152,0
5065,-153,0
5066,-159,0
5067,-164,0
5068,-161,0
5069,-154,0
5070,-168,0
5071,-159,0
5072,-152,0
5073,-156,0
5074,-154,0
5075,-158,0
5076,-160,0
5077,-160,0
5078,-165,0
5079,-157,0
5080,-157,0
5081,-156,0
5082,-153,0
5083,-153,0
5084,-152,0
5085,-157,0
5086,-161,0
5087,-164,0
5088,-159,0
5089,-161,0
5090,-162,0
5091,-157,0
5092,-161,0
5093,-163,0
5094,-154,0
5095,-156,0
5096,-160,0
5097,-159,0
5098,-160,0
5099,-163,0
5100,-162,0
5101,-153,0
5102,-171,0
5103,-157,0
5104,-158,0
5105,-156,0
5106,-158,0
5107,-164,0
5108,-157,0
5109,-158,0
5110,-165,0
5111,-153,0
5112,-163,0
5113,-157,0
5114,-159,0
5115,-159,0
5116,-163,0
5117,-163,0
5118,-163,0
5119,-159,0
5120,-159,0
5121,-158,0
5122,-162,0
5123,-159,0
5124,-156,0
5125,-165,0
5126,-162,0
5127,-162,0
5128,-166,0
5129,-160,0
5130,-161,0
5131,-155,0
5132,-155,0
5133,-160,0
5134,-155,0
5135,-159,0
5136,-166,0
5137,-158,0
5138,-155,0
5139,-159,0
5140,-163,0
5141,-169,0
5142,-154,0
5143,-173,0
5144,-164,0
5145,-153,0
5146,-160,0
5147,-158,0
5148,-159,0
5149,-155,0
5150,-154,0
5151,-160,0
5152,-159,0
5153,-158,0
5154,-148,0
5155,-153,0
5156,-157,0
5157,-171,0
5158,-152,0
5159,-158,0
5160,-158,0
5161,-159,0
5162,-164,0
5163,-160,0
5164,-161,0
5165,-163,0
5166,-156,0
5167,-167,0
5168,-160,0
5169,-162,0
5170,-154,0
5171,-159,0
5172,-163,0
5173,-153,0
5174,-156,0
5175,-159,0
5176,-155,0
5177,-156,0
5178,-158,0
5179,-156,0
5180,-159,0
5181,-159,0
5182,-161,0
5183,-159,0
5184,-151,0
5185,-150,0
5186,-157,0
5187,-151,0
5188,-153,0
5189,-157,0
5190,-161,0
5191,-164,0
5192,-162,0
5193,-154,0
5194,-166,0
5195,-163,0
5196,-161,0
5197,-152,0
5198,-169,0
5199,-158,0
5200,-158,0
5201,-161,0
5202,-162,0
5203,-166,0
5204,-161,0
5205,-162,0
5206,-159,0
5207,-158,0
5208,-153,0
5209,-154,0
5210,-162,0
5211,-173,0
5212,-165,0
5213,-170,0
5214,-159,0
5215,-164,0
5216,-157,0
5217,-170,0
5218,-151,0
5219,-155,0
5220,-164,0
5221,-159,0
5222,-166,0
5223,-158,0
5224,-161,0
5225,-159,0
5226,-171,0
5227,-149,0
5228,-163,0
5229,-167,0
5230,-160,0
5231,-163,0
5232,-156,0
5233,-154,0
5234,-160,0
5235,-167,0
5236,-159,0
5237,-165,0
5238,-147,0
5239,-153,0
5240,-163,0
5241,-158,0
5242,-166,0
5243,-168,0
5244,-154,0
5245,-159,0
5246,-162,0
5247,-166,0
5248,-167,0
5249,-156,0
5250,-157,0
5251,-162,0
5252,-159,0
5253,-165,0
5254,-159,0
5255,-164,0
5256,-158,0
5257,-156,0
5258,-160,0
5259,-148,0
5260,-155,0
5261,-172,0
5262,-156,0
5263,-161,0
5264,-163,0
5265,-159,0
5266,-158,0
5267,-158,0
5268,-164,0
5269,-153,0
5270,-161,0
5271,-156,0
5272,-165,0
5273,-159,0
5274,-158,0
5275,-157,0
5276,-163,0
5277,-163,0
5278,-162,0
5279,-167,0
5280,-161,0
5281,-160,0
5282,-164,0
5283,-162,0
5284,-164,0
5285,-157,0
5286,-166,0
5287,-166,0
5288,-162,0
5289,-164,0
5290,-160,0
5291,-157,0
5292,-160,0
5293,-168,0
5294,-157,0
5295,-155,0
5296,-165,0
5297,-168,0
5298,-161,0
5299,-164,0
5300,-160,0
5301,-160,0
5302,-162,0
5303,-160,0
5304,-147,0
5305,-163,0
5306,-162,0
5307,-163,0
5308,-166,0
5309,-156,0
5310,-158,0
5311,-163,0
5312,-160,0
5313,-160,0
5314,-163,0
5315,-155,0
5316,-157,0
5317,-158,0
5318,-169,0
5319,-162,0
5320,-151,0
5321,-162,0
5322,-161,0
5323,-170,0
5324,-165,0
5325,-161,0
5326,-169,0
5327,-170,0
5328,-160,0
5329,-171,0
5330,-169,0
5331,-164,0
5332,-166,0
5333,-162,0
5334,-162,0
5335,-158,0
5336,-157,0
5337,-164,0
5338,-153,0
5339,-157,0
5340,-173,0
5341,-159,0
5342,-157,0
5343,-158,0
5344,-162,0
5345,-162,0
5346,-162,0
5347,-160,0
5348,-164,0
5349,-161,0
5350,-159,0
5351,-160,0
5352,-158,0
5353,-164,0
5354,-160,0
5355,-167,0
5356,-161,0
5357,-167,0
5358,-170,0
5359,-158,0
5360,-166,0
5361,-153,0
5362,-160,0
5363,-166,0
5364,-153,0
5365,-162,0
5366,-164,0
5367,-158,0
5368,-163,0
5369,-158,0
5370,-164,0
5371,-158,0
5372,-156,0
5373,-166,0
5374,-161,0
5375,-158,0
5376,-162,0
5377,-169,0
5378,-164,0
5379,-166,0
5380,-163,0
5381,-164,0
5382,-162,0
5383,-161,0
5384,-157,0
5385,-163,0
5386,-157,0
5387,-158,0
5388,-168,0
5389,-164,0
5390,-153,0
5391,-156,0
5392,-156,0
5393,-156,0
5394,-160,0
5395,-160,0
5396,-161,0
5397,-159,0
5398,-167,0
5399,-162,0
5400,-157,0
5401,-158,0
5402,-170,0
5403,-151,0
5404,-166,0
5405,-167,0
5406,-158,0
5407,-159,0
5408,-164,0
5409,-160,0
5410,-164,0
5411,-170,0
5412,-155,0
5413,-160,0
5414,-166,0
5415,-158,0
5416,-169,0
5417,-161,0
5418,-156,0
5419,-164,0
5420,-164,0
5421,-158,0
5422,-155,0
5423,-163,0
5424,-159,0
5425,-164,0
5426,-160,0
5427,-165,0
5428,-164,0
5429,-164,0
5430,-158,0
5431,-162,0
5432,-165,0
5433,-163,0
5434,-167,0
5435,-163,0
5436,-161,0
5437,-164,0
5438,-161,0
5439,-162,0
5440,-165,0
5441,-166,0
5442,-164,0
5443,-161,0
5444,-166,0
5445,-170,0
5446,-161,0
5447,-167,0
5448,-160,0
5449,-158,0
5450,-168,0
5451,-156,0
5452,-163,0
5453,-158,0
5454,-166,0
5455,-156,0
5456,-155,0
5457,-162,0
5458,-165,0
5459,-161,0
5460,-160,0
5461,-169,0
5462,-165,0
5463,-162,0
5464,-163,0
5465,-160,0
5466,-164,0
5467,-158,0
5468,-171,0
5469,-166,0
5470,-173,0
5471,-158,0
5472,-161,0
5473,-162,0
5474,-158,0
5475,-160,0
5476,-160,0
5477,-163,0
5478,-173,0
5479,-162,0
5480,-155,0
5481,-155,0
5482,-164,0
5483,-150,0
5484,-160,0
5485,-164,0
5486,-159,0
5487,-173,0
5488,-170,0
5489,-165,0
5490,-168,0
5491,-171,0
5492,-154,0
5493,-165,0
5494,-167,0
5495,-171,0
5496,-163,0
5497,-163,0
5498,-166,0
5499,-160,0
5500,-165,0
5501,-164,0
5502,-160,0
5503,-171,0
5504,-164,0
5505,-172,0
5506,-159,0
5507,-159,0
5508,-169,0
5509,-167,0
5510,-157,0
5511,-158,0
5512,-159,0
5513,-163,0
5514,-160,0
5515,-170,0
5516,-162,0
5517,-162,0
5518,-155,0
5519,-156,0
5520,-172,0
5521,-156,0
5522,-161,0
5523,-162,0
5524,-153,0
5525,-156,0
5526,-170,0
5527,-167,0
5528,-161,0
5529,-159,0
5530,-161,0
5531,-161,0
5532,-163,0
5533,-165,0
5534,-169,0
5535,-161,0
5536,-158,0
5537,-170,0
5538,-163,0
5539,-167,0
5540,-164,0
5541,-169,0
5542,-163,0
5543,-159,0
5544,-160,0
5545,-170,0
5546,-175,0
5547,-159,0
5548,-160,0
5549,-158,0
5550,-167,0
5551,-160,0
5552,-175,0
5553,-162,0
5554,-166,0
5555,-163,0
5556,-164,0
5557,-162,0
5558,-161,0
5559,-166,0
5560,-153,0
5561,-163,0
5562,-166,0
5563,-163,0
5564,-150,0
5565,-161,0
5566,-160,0
5567,-165,0
5568,-159,0
5569,-159,0
5570,-155,0
5571,-159,0
5572,-160,0
5573,-154,0
5574,-164,0
5575,-155,0
5576,-159,0
5577,-162,0
5578,-166,0
5579,-164,0
5580,-164,0
5581,-163,0
5582,-173,0
5583,-168,0
5584,-167,0
5585,-164,0
5586,-167,0
5587,-161,0
5588,-166,0
5589,-162,0
5590,-166,0
5591,-160,0
5592,-171,0
5593,-164,0
5594,-166,0
5595,-170,0
5596,-163,0
5597,-167,0
5598,-161,0
5599,-168,0
5600,-169,0
5601,-171,0
5602,-155,0
5603,-166,0
5604,-158,0
5605,-157,0
5606,-159,0
5607,-169,0
5608,-160,0
5609,-169,0
5610,-168,0
5611,-163,0
5612,-160,0
5613,-156,0
5614,-164,0
5615,-161,0
5616,-160,0
5617,-161,0
5618,-168,0
5619,-159,0
5620,-162,0
5621,-160,0
5622,-164,0
5623,-163,0
5624,-162,0
5625,-162,0
5626,-167,0
5627,-153,0
5628,-169,0
5629,-167,0
5630,-165,0
5631,-161,0
5632,-169,0
5633,-144,0
5634,-159,0
5635,-177,0
5636,-163,0
5637,-168,0
5638,-171,0
5639,-167,0
5640,-162,0
5641,-168,0
5642,-166,0
5643,-163,0
5644,-169,0
5645,-164,0
5646,-174,0
5647,-166,0
5648,-167,0
5649,-164,0
5650,-168,0
5651,-161,0
5652,-162,0
5653,-169,0
5654,-165,0
5655,-164,0
5656,-166,0
5657,-166,0
5658,-163,0
5659,-166,0
5660,-157,0
5661,-162,0
5662,-161,0
5663,-161,0
5664,-169,0
5665,-162,0
5666,-158,0
5667,-157,0
5668,-163,0
5669,-166,0
5670,-161,0
5671,-153,0
5672,-164,0
5673,-173,0
5674,-164,0
5675,-157,0
5676,-167,0
5677,-166,0
5678,-157,0
5679,-157,0
5680,-162,0
5681,-169,0
5682,-156,0
5683,-169,0
5684,-159,0
5685,-159,0
5686,-156,0
5687,-166,0
5688,-163,0
5689,-169,0
5690,-169,0
5691,-167,0
5692,-170,0
5693,-161,0
5694,-167,0
5695,-166,0
5696,-176,0
5697,-163,0
5698,-166,0
5699,-167,0
5700,-167,0
5701,-168,0
5702,-161,0
5703,-167,0
5704,-170,0
5705,-149,0
5706,-162,0
5707,-158,0
5708,-157,0
5709,-159,0
5710,-173,0
5711,-161,0
5712,-161,0
5713,-155,0
5714,-166,0
5715,-168,0
5716,-152,0
5717,-165,0
5718,-169,0
5719,-171,0
5720,-165,0
5721,-161,0
5722,-168,0
5723,-158,0
5724,-170,0
5725,-171,0
5726,-166,0
5727,-165,0
5728,-172,0
5729,-149,0
5730,-162,0
5731,-162,0
5732,-162,0
5733,-162,0
5734,-166,0
5735,-161,0
5736,-162,0
5737,-162,0
5738,-169,0
5739,-169,0
5740,-164,0
5741,-170,0
5742,-171,0
5743,-165,0
5744,-163,0
5745,-161,0
5746,-168,0
5747,-158,0
5748,-166,0
5749,-165,0
5750,-169,0
5751,-160,0
5752,-177,0
5753,-168,0
5754,-161,0
5755,-165,0
5756,-161,0
5757,-164,0
5758,-163,0
5759,-163,0
5760,-157,0
5761,-166,0
5762,-172,0
5763,-163,0
5764,-160,0
5765,-166,0
5766,-168,0
5767,-171,0
5768,-172,0
5769,-169,0
5770,-167,0
5771,-158,0
5772,-160,0
5773,-164,0
5774,-161,0
5775,-161,0
5776,-166,0
5777,-173,0
5778,-171,0
5779,-164,0
5780,-172,0
5781,-155,0
5782,-161,0
5783,-169,0
5784,-160,0
5785,-159,0
5786,-165,0
5787,-161,0
5788,-155,0
5789,-167,0
5790,-154,0
5791,-175,0
5792,-166,0
5793,-163,0
5794,-164,0
5795,-175,0
5796,-163,0
5797,-169,0
5798,-164,0
5799,-160,0
5800,-163,0
5801,-167,0
5802,-163,0
5803,-163,0
5804,-172,0
5805,-172,0
5806,-163,0
5807,-158,0
5808,-165,0
5809,-164,0
5810,-163,0
5811,-162,0
5812,-168,0
5813,-167,0
5814,-158,0
5815,-166,0
5816,-165,0
5817,-160,0
5818,-165,0
5819,-162,0
5820,-168,0
5821,-170,0
5822,-176,0
5823,-159,0
5824,-170,0
5825,-161,0
5826,-167,0
5827,-160,0
5828,-165,0
5829,-168,0
5830,-171,0
5831,-168,0
5832,-169,0
5833,-162,0
5834,-161,0
5835,-165,0
5836,-171,0
5837,-166,0
5838,-164,0
5839,-163,0
5840,-163,0
5841,-171,0
5842,-164,0
5843,-175,0
5844,-161,0
5845,-154,0
5846,-169,0
5847,-162,0
5848,-163,0
5849,-159,0
5850,-173,0
5851,-169,0
5852,-163,0
5853,-169,0
5854,-170,0
5855,-163,0
5856,-164,0
5857,-162,0
5858,-177,0
5859,-161,0
5860,-167,0
5861,-167,0
5862,-158,0
5863,-163,0
5864,-171,0
5865,-164,0
5866,-161,0
5867,-169,0
5868,-160,0
5869,-168,0
5870,-176,0
5871,-168,0
5872,-162,0
5873,-172,0
5874,-165,0
5875,-164,0
5876,-165,0
5877,-168,0
5878,-168,0
5879,-158,0
5880,-168,0
5881,-171,0
5882,-166,0
5883,-171,0
5884,-173,0
5885,-162,0
5886,-165,0
5887,-164,0
5888,-162,0
5889,-166,0
5890,-167,0
5891,-159,0
5892,-157,0
5893,-166,0
5894,-167,0
5895,-165,0
5896,-162,0
5897,-170,0
5898,-173,0
5899,-165,0
5900,-159,0
5901,-161,0
5902,-164,0
5903,-162,0
5904,-163,0
5905,-162,0
5906,-172,0
5907,-171,0
5908,-175,0
5909,-167,0
5910,-163,0
5911,-159,0
5912,-158,0
5913,-151,0
5914,-162,0
5915,-164,0
5916,-174,0
5917,-166,0
5918,-163,0
5919,-164,0
5920,-163,0
5921,-168,0
5922,-173,0
5923,-169,0
5924,-166,0
5925,-164,0
5926,-167,0
5927,-166,0
5928,-173,0
5929,-166,0
5930,-155,0
5931,-166,0
5932,-165,0
5933,-177,0
5934,-170,0
5935,-168,0
5936,-155,0
5937,-170,0
5938,-169,0
5939,-169,0
5940,-165,0
5941,-170,0
5942,-164,0
5943,-162,0
5944,-168,0
5945,-168,0
5946,-163,0
5947,-166,0
5948,-164,0
5949,-160,0
5950,-165,0
5951,-169,0
5952,-168,0
5953,-158,0
5954,-172,0
5955,-171,0
5956,-160,0
5957,-162,0
5958,-171,0
5959,-164,0
5960,-158,0
5961,-169,0
5962,-173,0
5963,-167,0
5964,-159,0
5965,-159,0
5966,-171,0
5967,-165,0
5968,-168,0
5969,-168,0
5970,-161,0
5971,-174,0
5972,-176,0
5973,-174,0
5974,-165,0
5975,-173,0
5976,-164,0
5977,-169,0
5978,-166,0
5979,-171,0
5980,-163,0
5981,-164,0
5982,-169,0
5983,-169,0
5984,-169,0
5985,-169,0
5986,-175,0
5987,-171,0
5988,-161,0
5989,-167,0
5990,-164,0
5991,-172,0
5992,-164,0
5993,-167,0
5994,-161,0
5995,-176,0
5996,-165,0
5997,-173,0
5998,-170,0
5999,-172,0
6000,-161,0
6001,-168,0
6002,-163,0
6003,-164,0
6004,-164,0
6005,-164,0
6006,-171,0
6007,-177,0
6008,-164,0
6009,-164,0
6010,-164,0
6011,-156,0
6012,-171,0
6013,-169,0
6014,-165,0
6015,-170,0
6016,-159,0
6017,-163,0
6018,-178,0
6019,-159,0
6020,-167,0
6021,-174,0
6022,-162,0
6023,-170,0
6024,-161,0
6025,-169,0
6026,-177,0
6027,-165,0
6028,-170,0
6029,-172,0
6030,-167,0
6031,-159,0
6032,-160,0
6033,-172,0
6034,-166,0
6035,-169,0
6036,-159,0
6037,-163,0
6038,-167,0
6039,-169,0
6040,-167,0
6041,-163,0
6042,-160,0
6043,-171,0
6044,-173,0
6045,-160,0
6046,-183,0
6047,-167,0
6048,-166,0
6049,-174,0
6050,-159,0
6051,-168,0
6052,-166,0
6053,-168,0
6054,-168,0
6055,-169,0
6056,-170,0
6057,-171,0
6058,-174,0
6059,-168,0
6060,-159,0
6061,-172,0
6062,-162,0
6063,-167,0
6064,-168,0
6065,-161,0
6066,-163,0
6067,-170,0
6068,-171,0
6069,-168,0
6070,-156,0
6071,-161,0
6072,-171,0
6073,-163,0
6074,-164,0
6075,-170,0
6076,-171,0
6077,-175,0
6078,-169,0
6079,-161,0
6080,-170,0
6081,-169,0
6082,-170,0
6083,-160,0
6084,-179,0
6085,-164,0
6086,-171,0
6087,-170,0
6088,-167,0
6089,-163,0
6090,-171,0
6091,-166,0
6092,-167,0
6093,-164,0
6094,-166,0
6095,-167,0
6096,-168,0
6097,-167,0
6098,-172,0
6099,-164,0
6100,-163,0
6101,-169,0
6102,-169,0
6103,-160,0
6104,-171,0
6105,-175,0
6106,-172,0
6107,-164,0
6108,-173,0
6109,-175,0
6110,-167,0
6111,-168,0
6112,-168,0
6113,-159,0
6114,-166,0
6115,-158,0
6116,-162,0
6117,-165,0
6118,-167,0
6119,-171,0
6120,-174,0
6121,-166,0
6122,-167,0
6123,-165,0
6124,-162,0
6125,-162,0
6126,-169,0
6127,-170,0
6128,-170,0
6129,-170,0
6130,-170,0
6131,-166,0
6132,-180,0
6133,-177,0
6134,-172,0
6135,-170,0
6136,-163,0
6137,-175,0
6138,-171,0
6139,-171,0
6140,-163,0
6141,-160,0
6142,-167,0
6143,-159,0
6144,-164,0
6145,-163,0
6146,-161,0
6147,-160,0
6148,-169,0
6149,-168,0
6150,-162,0
6151,-161,0
6152,-160,0
6153,-162,0
6154,-176,0
6155,-170,0
6156,-168,0
6157,-165,0
6158,-169,0
6159,-159,0
6160,-168,0
6161,-173,0
6162,-176,0
6163,-167,0
6164,-168,0
6165,-166,0
6166,-164,0
6167,-172,0
6168,-173,0
6169,-161,0
6170,-165,0
6171,-163,0
6172,-169,0
6173,-166,0
6174,-165,0
6175,-166,0
6176,-164,0
6177,-173,0
6178,-159,0
6179,-170,0
6180,-170,0
6181,-166,0
6182,-171,0
6183,-165,0
6184,-166,0
6185,-173,0
6186,-155,0
6187,-163,0
6188,-167,0
6189,-165,0
6190,-171,0
6191,-165,0
6192,-159,0
6193,-164,0
6194,-164,0
6195,-168,0
6196,-179,0
6197,-179,0
6198,-169,0
6199,-169,0
6200,-170,0
6201,-158,0
6202,-158,0
6203,-168,0
6204,-176,0
6205,-168,0
6206,-169,0
6207,-153,0
6208,-165,0
6209,-166,0
6210,-179,0
6211,-172,0
6212,-165,0
6213,-170,0
6214,-168,0
6215,-171,0
6216,-182,0
6217,-164,0
6218,-163,0
6219,-167,0
6220,-172,0
6221,-175,0
6222,-167,0
6223,-164,0
6224,-170,0
6225,-163,0
6226,-168,0
6227,-172,0
6228,-170,0
6229,-160,0
6230,-167,0
6231,-173,0
6232,-171,0
6233,-172,0
6234,-178,0
6235,-169,0
6236,-168,0
6237,-175,0
6238,-163,0
6239,-176,0
6240,-170,0
6241,-165,0
6242,-165,0
6243,-163,0
6244,-161,0
6245,-164,0
6246,-162,0
6247,-164,0
6248,-177,0
6249,-166,0
6250,-176,0
6251,-164,0
6252,-164,0
6253,-168,0
6254,-164,0
6255,-161,0
6256,-168,0
6257,-171,0
6258,-166,0
6259,-162,0
6260,-160,0
6261,-174,0
6262,-172,0
6263,-164,0
6264,-166,0
6265,-159,0
6266,-162,0
6267,-172,0
6268,-169,0
6269,-164,0
6270,-171,0
6271,-166,0
6272,-173,0
6273,-173,0
6274,-168,0
6275,-175,0
6276,-166,0
6277,-170,0
6278,-174,0
6279,-166,0
6280,-163,0
6281,-173,0
6282,-166,0
6283,-158,0
6284,-167,0
6285,-163,0
6286,-172,0
6287,-164,0
6288,-171,0
6289,-164,0
6290,-168,0
6291,-171,0
6292,-168,0
6293,-165,0
6294,-180,0
6295,-166,0
6296,-171,0
6297,-163,0
6298,-168,0
6299,-174,0
6300,-173,0
6301,-162,0
6302,-170,0
6303,-174,0
6304,-158,0
6305,-171,0
6306,-162,0
6307,-167,0
6308,-175,0
6309,-166,0
6310,-156,0
6311,-167,0
6312,-167,0
6313,-168,0
6314,-160,0
6315,-161,0
6316,-166,0
6317,-174,0
6318,-160,0
6319,-170,0
6320,-162,0
6321,-170,0
6322,-165,0
6323,-166,0
6324,-158,0
6325,-172,0
6326,-170,0
6327,-164,0
6328,-165,0
6329,-166,0
6330,-164,0
6331,-172,0
6332,-171,0
6333,-180,0
6334,-164,0
6335,-169,0
6336,-162,0
6337,-173,0
6338,-173,0
6339,-168,0
6340,-176,0
6341,-160,0
6342,-172,0
6343,-163,0
6344,-164,0
6345,-163,0
6346,-175,0
6347,-178,0
6348,-166,0
6349,-169,0
6350,-172,0
6351,-169,0
6352,-171,0
6353,-170,0
6354,-164,0
6355,-164,0
6356,-163,0
6357,-174,0
6358,-174,0
6359,-168,0
6360,-171,0
6361,-171,0
6362,-172,0
6363,-172,0
6364,-167,0
6365,-166,0
6366,-166,0
6367,-171,0
6368,-169,0
6369,-167,0
6370,-171,0
6371,-172,0
6372,-172,0
6373,-173,0
6374,-173,0
6375,-170,0
6376,-159,0
6377,-168,0
6378,-171,0
6379,-177,0
6380,-167,0
6381,-170,0
6382,-161,0
6383,-169,0
6384,-168,0
6385,-165,0
6386,-176,0
6387,-169,0
6388,-172,0
6389,-168,0
6390,-167,0
6391,-171,0
6392,-172,0
6393,-171,0
6394,-169,0
6395,-178,0
6396,-164,0
6397,-168,0
6398,-174,0
6399,-171,0
6400,-174,0
6401,-164,0
6402,-168,0
6403,-165,0
6404,-176,0
6405,-169,0
6406,-178,0
6407,-169,0
6408,-169,0
6409,-163,0
6410,-171,0
6411,-170,0
6412,-161,0
6413,-167,0
6414,-173,0
6415,-165,0
6416,-179,0
6417,-165,0
6418,-166,0
6419,-178,0
6420,-168,0
6421,-170,0
6422,-171,0
6423,-173,0
6424,-168,0
6425,-166,0
6426,-176,0
6427,-169,0
6428,-172,0
6429,-174,0
6430,-168,0
6431,-166,0
6432,-176,0
6433,-169,0
6434,-168,0
6435,-175,0
6436,-173,0
6437,-167,0
6438,-168,0
6439,-157,0
6440,-173,0
6441,-173,0
6442,-174,0
6443,-168,0
6444,-172,0
6445,-175,0
6446,-169,0
6447,-163,0
6448,-167,0
6449,-169,0
6450,-163,0
6451,-169,0
6452,-166,0
6453,-166,0
6454,-172,0
6455,-172,0
6456,-180,0
6457,-166,0
6458,-175,0
6459,-173,0
6460,-167,0
6461,-165,0
6462,-166,0
6463,-170,0
6464,-173,0
6465,-173,0
6466,-174,0
6467,-175,0
6468,-169,0
6469,-169,0
6470,-172,0
6471,-162,0
6472,-172,0
6473,-166,0
6474,-166,0
6475,-179,0
6476,-175,0
6477,-174,0
6478,-163,0
6479,-167,0
6480,-156,0
6481,-168,0
6482,-156,0
6483,-179,0
6484,-169,0
6485,-164,0
6486,-174,0
6487,-174,0
6488,-170,0
6489,-169,0
6490,-169,0
6491,-176,0
6492,-183,0
6493,-170,0
6494,-177,0
6495,-171,0
6496,-171,0
6497,-174,0
6498,-171,0
6499,-173,0
6500,-166,0
6501,-174,0
6502,-158,0
6503,-162,0
6504,-171,0
6505,-170,0
6506,-171,0
6507,-176,0
6508,-162,0
6509,-173,0
6510,-174,0
6511,-169,0
6512,-169,0
6513,-169,0
6514,-175,0
6515,-167,0
6516,-167,0
6517,-174,0
6518,-173,0
6519,-169,0
6520,-165,0
6521,-163,0
6522,-166,0
6523,-167,0
6524,-170,0
6525,-177,0
6526,-166,0
6527,-169,0
6528,-171,0
6529,-172,0
6530,-168,0
6531,-158,0
6532,-173,0
6533,-166,0
6534,-176,0
6535,-174,0
6536,-174,0
6537,-161,0
6538,-162,0
6539,-171,0
6540,-172,0
6541,-176,0
6542,-169,0
6543,-171,0
6544,-173,0
6545,-151,0
6546,-174,0
6547,-170,0
6548,-172,0
6549,-171,0
6550,-170,0
6551,-169,0
6552,-170,0
6553,-171,0
6554,-169,0
6555,-170,0
6556,-174,0
6557,-163,0
6558,-176,0
6559,-178,0
6560,-169,0
6561,-173,0
6562,-173,0
6563,-164,0
6564,-164,0
6565,-181,0
6566,-162,0
6567,-169,0
6568,-171,0
6569,-171,0
6570,-174,0
6571,-167,0
6572,-167,0
6573,-173,0
6574,-178,0
6575,-166,0
6576,-174,0
6577,-167,0
6578,-167,0
6579,-166,0
6580,-181,0
6581,-178,0
6582,-167,0
6583,-171,0
6584,-169,0
6585,-176,0
6586,-165,0
6587,-176,0
6588,-173,0
6589,-167,0
6590,-175,0
6591,-171,0
6592,-171,0
6593,-170,0
6594,-176,0
6595,-169,0
6596,-163,0
6597,-165,0
6598,-169,0
6599,-164,0
6600,-176,0
6601,-170,0
6602,-173,0
6603,-166,0
6604,-183,0
6605,-167,0
6606,-182,0
6607,-175,0
6608,-173,0
6609,-173,0
6610,-168,0
6611,-169,0
6612,-168,0
6613,-165,0
6614,-169,0
6615,-178,0
6616,-165,0
6617,-173,0
6618,-175,0
6619,-179,0
6620,-167,0
6621,-170,0
6622,-169,0
6623,-169,0
6624,-172,0
6625,-176,0
6626,-165,0
6627,-175,0
6628,-178,0
6629,-170,0
6630,-169,0
6631,-168,0
6632,-169,0
6633,-170,0
6634,-173,0
6635,-170,0
6636,-164,0
6637,-167,0
6638,-173,0
6639,-177,0
6640,-175,0
6641,-165,0
6642,-171,0
6643,-185,0
6644,-175,0
6645,-166,0
6646,-169,0
6647,-165,0
6648,-165,0
6649,-175,0
6650,-166,0
6651,-169,0
6652,-176,0
6653,-167,0
6654,-174,0
6655,-170,0
6656,-169,0
6657,-171,0
6658,-183,0
6659,-173,0
6660,-177,0
6661,-169,0
6662,-174,0
6663,-163,0
6664,-173,0
6665,-178,0
6666,-164,0
6667,-178,0
6668,-180,0
6669,-170,0
6670,-173,0
6671,-166,0
6672,-170,0
6673,-171,0
6674,-172,0
6675,-173,0
6676,-168,0
6677,-175,0
6678,-175,0
6679,-170,0
6680,-178,0
6681,-178,0
6682,-167,0
6683,-172,0
6684,-170,0
6685,-171,0
6686,-175,0
6687,-176,0
6688,-174,0
6689,-176,0
6690,-171,0
6691,-182,0
6692,-172,0
6693,-169,0
6694,-174,0
6695,-165,0
6696,-170,0
6697,-167,0
6698,-167,0
6699,-165,0
6700,-182,0
6701,-165,0
6702,-164,0
6703,-183,0
6704,-173,0
6705,-170,0
6706,-167,0
6707,-173,0
6708,-167,0
6709,-179,0
6710,-170,0
6711,-172,0
6712,-172,0
6713,-174,0
6714,-172,0
6715,-181,0
6716,-167,0
6717,-166,0
6718,-163,0
6719,-177,0
6720,-170,0
6721,-170,0
6722,-169,0
6723,-171,0
6724,-167,0
6725,-173,0
6726,-171,0
6727,-174,0
6728,-169,0
6729,-173,0
6730,-173,0
6731,-174,0
6732,-167,0
6733,-172,0
6734,-179,0
6735,-174,0
6736,-166,0
6737,-171,0
6738,-182,0
6739,-181,0
6740,-160,0
6741,-177,0
6742,-178,0
6743,-183,0
6744,-167,0
6745,-176,0
6746,-180,0
6747,-162,0
6748,-175,0
6749,-169,0
6750,-172,0
6751,-180,0
6752,-166,0
6753,-164,0
6754,-168,0
6755,-170,0
6756,-179,0
6757,-169,0
6758,-172,0
6759,-175,0
6760,-168,0
6761,-171,0
6762,-178,0
6763,-169,0
6764,-185,0
6765,-167,0
6766,-168,0
6767,-182,0
6768,-174,0
6769,-173,0
6770,-173,0
6771,-173,0
6772,-172,0
6773,-168,0
6774,-169,0
6775,-165,0
6776,-169,0
6777,-175,0
6778,-168,0
6779,-178,0
6780,-166,0
6781,-162,0
6782,-172,0
6783,-170,0
6784,-174,0
6785,-178,0
6786,-167,0
6787,-172,0
6788,-169,0
6789,-178,0
6790,-164,0
6791,-175,0
6792,-166,0
6793,-174,0
6794,-174,0
6795,-167,0
6796,-166,0
6797,-173,0
6798,-167,0
6799,-173,0
6800,-172,0
6801,-171,0
6802,-166,0
6803,-173,0
6804,-172,0
6805,-169,0
6806,-182,0
6807,-172,0
6808,-163,0
6809,-169,0
6810,-174,0
6811,-177,0
6812,-177,0
6813,-173,0
6814,-171,0
6815,-175,0
6816,-171,0
6817,-165,0
6818,-176,0
6819,-173,0
6820,-175,0
6821,-166,0
6822,-174,0
6823,-176,0
6824,-178,0
6825,-172,0
6826,-175,0
6827,-175,0
6828,-166,0
6829,-171,0
6830,-181,0
6831,-172,0
6832,-164,0
6833,-169,0
6834,-175,0
6835,-180,0
6836,-173,0
6837,-179,0
6838,-174,0
6839,-167,0
6840,-176,0
6841,-175,0
6842,-177,0
6843,-173,0
6844,-174,0
6845,-177,0
6846,-166,0
6847,-181,0
6848,-168,0
6849,-175,0
6850,-176,0
6851,-178,0
6852,-166,0
6853,-175,0
6854,-172,0
6855,-176,0
6856,-174,0
6857,-173,0
6858,-174,0
6859,-174,0
6860,-159,0
6861,-172,0
6862,-177,0
6863,-174,0
6864,-176,0
6865,-166,0
6866,-175,0
6867,-173,0
6868,-171,0
6869,-168,0
6870,-172,0
6871,-166,0
6872,-174,0
6873,-165,0
6874,-176,0
6875,-181,0
6876,-172,0
6877,-178,0
6878,-170,0
6879,-164,0
6880,-169,0
6881,-168,0
6882,-173,0
6883,-169,0
6884,-170,0
6885,-174,0
6886,-173,0
6887,-171,0
6888,-171,0
6889,-166,0
6890,-170,0
6891,-167,0
6892,-173,0
6893,-179,0
6894,-164,0
6895,-185,0
6896,-164,0
6897,-176,0
6898,-175,0
6899,-169,0
6900,-170,0
6901,-168,0
6902,-171,0
6903,-174,0
6904,-175,0
6905,-169,0
6906,-177,0
6907,-174,0
6908,-184,0
6909,-167,0
6910,-180,0
6911,-169,0
6912,-173,0
6913,-168,0
6914,-171,0
6915,-174,0
6916,-173,0
6917,-169,0
6918,-183,0
6919,-174,0
6920,-165,0
6921,-167,0
6922,-183,0
6923,-174,0
6924,-182,0
6925,-173,0
6926,-177,0
6927,-173,0
6928,-169,0
6929,-172,0
6930,-176,0
6931,-176,0
6932,-167,0
6933,-174,0
6934,-169,0
6935,-174,0
6936,-173,0
6937,-176,0
6938,-167,0
6939,-176,0
6940,-168,0
6941,-178,0
6942,-172,0
6943,-172,0
6944,-173,0
6945,-175,0
6946,-168,0
6947,-166,0
6948,-167,0
6949,-172,0
6950,-167,0
6951,-175,0
6952,-167,0
6953,-179,0
6954,-166,0
6955,-184,0
6956,-186,0
6957,-172,0
6958,-168,0
6959,-178,0
6960,-174,0
6961,-182,0
6962,-172,0
6963,-161,0
6964,-165,0
6965,-170,0
6966,-174,0
6967,-173,0
6968,-176,0
6969,-171,0
6970,-170,0
6971,-176,0
6972,-167,0
6973,-177,0
6974,-177,0
6975,-175,0
6976,-176,0
6977,-176,0
6978,-173,0
6979,-174,0
6980,-170,0
6981,-166,0
6982,-178,0
6983,-182,0
6984,-174,0
6985,-170,0
6986,-178,0
6987,-172,0
6988,-169,0
6989,-177,0
6990,-175,0
6991,-166,0
6992,-183,0
6993,-176,0
6994,-170,0
6995,-177,0
6996,-175,0
6997,-169,0
6998,-178,0
6999,-173,0
7000,-169,0
7001,-172,0
7002,-168,0
7003,-178,0
7004,-176,0
7005,-174,0
7006,-164,0
7007,-172,0
7008,-177,0
7009,-171,0
7010,-171,0
7011,-167,0
7012,-173,0
7013,-182,0
7014,-167,0
7015,-171,0
7016,-170,0
7017,-181,0
7018,-169,0
7019,-172,0
7020,-171,0
7021,-170,0
7022,-182,0
7023,-177,0
7024,-177,0
7025,-168,0
7026,-171,0
7027,-172,0
7028,-184,0
7029,-181,0
7030,-182,0
7031,-179,0
7032,-188,0
7033,-179,0
7034,-170,0
7035,-176,0
7036,-173,0
7037,-181,0
7038,-168,0
7039,-166,0
7040,-179,0
7041,-171,0
7042,-168,0
7043,-172,0
7044,-177,0
7045,-184,0
7046,-171,0
7047,-169,0
7048,-176,0
7049,-176,0
7050,-178,0
7051,-175,0
7052,-177,0
7053,-171,0
7054,-171,0
7055,-171,0
7056,-175,0
7057,-176,0
7058,-167,0
7059,-174,0
7060,-166,0
7061,-170,0
7062,-174,0
7063,-188,0
7064,-182,0
7065,-178,0
7066,-169,0
7067,-171,0
7068,-188,0
7069,-175,0
7070,-184,0
7071,-168,0
7072,-181,0
7073,-165,0
7074,-173,0
7075,-178,0
7076,-175,0
7077,-171,0
7078,-168,0
7079,-170,0
7080,-168,0
7081,-165,0
7082,-173,0
7083,-174,0
7084,-170,0
7085,-176,0
7086,-175,0
7087,-170,0
7088,-177,0
7089,-172,0
7090,-177,0
7091,-177,0
7092,-180,0
7093,-173,0
7094,-169,0
7095,-182,0
7096,-179,0
7097,-162,0
7098,-176,0
7099,-178,0
7100,-169,0
7101,-171,0
7102,-178,0
7103,-190,0
7104,-178,0
7105,-167,0
7106,-175,0
7107,-177,0
7108,-169,0
7109,-171,0
7110,-177,0
7111,-179,0
7112,-174,0
7113,-175,0
7114,-175,0
7115,-175,0
7116,-175,0
7117,-183,0
7118,-178,0
7119,-173,0
7120,-174,0
7121,-191,0
7122,-184,0
7123,-170,0
7124,-173,0
7125,-175,0
7126,-178,0
7127,-176,0
7128,-182,0
7129,-171,0
7130,-177,0
7131,-171,0
7132,-175,0
7133,-167,0
7134,-172,0
7135,-188,0
7136,-174,0
7137,-161,0
7138,-170,0
7139,-168,0
7140,-173,0
7141,-181,0
7142,-178,0
7143,-172,0
7144,-177,0
7145,-179,0
7146,-165,0
7147,-172,0
7148,-176,0
7149,-168,0
7150,-173,0
7151,-172,0
7152,-172,0
7153,-169,0
7154,-172,0
7155,-172,0
7156,-167,0
7157,-169,0
7158,-174,0
7159,-175,0
7160,-174,0
7161,-179,0
7162,-178,0
7163,-172,0
7164,-174,0
7165,-174,0
7166,-173,0
7167,-172,0
7168,-171,0
7169,-167,0
7170,-168,0
7171,-176,0
7172,-180,0
7173,-177,0
7174,-174,0
7175,-178,0
7176,-171,0
7177,-174,0
7178,-174,0
7179,-173,0
7180,-169,0
7181,-164,0
7182,-172,0
7183,-175,0
7184,-172,0
7185,-178,0
7186,-168,0
7187,-172,0
7188,-180,0
7189,-177,0
7190,-174,0
7191,-181,0
7192,-178,0
7193,-178,0
7194,-167,0
7195,-174,0
7196,-171,0
7197,-180,0
7198,-182,0
7199,-172,0
7200,-178,0
7201,-175,0
7202,-173,0
7203,-177,0
7204,-176,0
7205,-182,0
7206,-181,0
7207,-184,0
7208,-175,0
7209,-170,0
7210,-184,0
7211,-171,0
7212,-172,0
7213,-172,0
7214,-174,0
7215,-178,0
7216,-173,0
7217,-171,0
7218,-174,0
7219,-178,0
7220,-164,0
7221,-170,0
7222,-177,0
7223,-173,0
7224,-173,0
7225,-174,0
7226,-171,0
7227,-175,0
7228,-172,0
7229,-189,0
7230,-167,0
7231,-167,0
7232,-178,0
7233,-173,0
7234,-170,0
7235,-182,0
7236,-177,0
7237,-175,0
7238,-176,0
7239,-177,0
7240,-172,0
7241,-173,0
7242,-184,0
7243,-173,0
7244,-176,0
7245,-168,0
7246,-176,0
7247,-168,0
7248,-177,0
7249,-176,0
7250,-173,0
7251,-175,0
7252,-175,0
7253,-184,0
7254,-170,0
7255,-179,0
7256,-173,0
7257,-183,0
7258,-183,0
7259,-174,0
7260,-173,0
7261,-184,0
7262,-173,0
7263,-170,0
7264,-173,0
7265,-172,0
7266,-171,0
7267,-181,0
7268,-177,0
7269,-174,0
7270,-176,0
7271,-179,0
7272,-181,0
7273,-169,0
7274,-179,0
7275,-173,0
7276,-166,0
7277,-175,0
7278,-182,0
7279,-176,0
7280,-179,0
7281,-174,0
7282,-169,0
7283,-174,0
7284,-180,0
7285,-173,0
7286,-168,0
7287,-168,0
7288,-180,0
7289,-170,0
7290,-171,0
7291,-173,0
7292,-171,0
7293,-173,0
7294,-172,0
7295,-172,0
7296,-172,0
7297,-183,0
7298,-175,0
7299,-179,0
7300,-168,0
7301,-173,0
7302,-164,0
7303,-180,0
7304,-174,0
7305,-172,0
7306,-173,0
7307,-181,0
7308,-179,0
7309,-175,0
7310,-166,0
7311,-169,0
7312,-172,0
7313,-171,0
7314,-180,0
7315,-177,0
7316,-173,0
7317,-177,0
7318,-183,0
7319,-175,0
7320,-170,0
7321,-179,0
7322,-172,0
7323,-169,0
7324,-170,0
7325,-182,0
7326,-173,0
7327,-173,0
7328,-168,0
7329,-174,0
7330,-171,0
7331,-181,0
7332,-184,0
7333,-185,0
7334,-174,0
7335,-177,0
7336,-177,0
7337,-181,0
7338,-182,0
7339,-176,0
7340,-177,0
7341,-176,0
7342,-184,0
7343,-172,0
7344,-177,0
7345,-180,0
7346,-171,0
7347,-178,0
7348,-188,0
7349,-167,0
7350,-171,0
7351,-179,0
7352,-176,0
7353,-177,0
7354,-182,0
7355,-176,0
7356,-179,0
7357,-173,0
7358,-172,0
7359,-167,0
7360,-173,0
7361,-183,0
7362,-177,0
7363,-177,0
7364,-171,0
7365,-173,0
7366,-166,0
7367,-171,0
7368,-177,0
7369,-177,0
7370,-184,0
7371,-178,0
7372,-177,0
7373,-170,0
7374,-172,0
7375,-176,0
7376,-177,0
7377,-178,0
7378,-173,0
7379,-173,0
7380,-176,0
7381,-176,0
7382,-179,0
7383,-179,0
7384,-175,0
7385,-180,0
7386,-176,0
7387,-175,0
7388,-174,0
7389,-177,0
7390,-168,0
7391,-181,0
7392,-171,0
7393,-183,0
7394,-173,0
7395,-174,0
7396,-172,0
7397,-179,0
7398,-172,0
7399,-172,0
7400,-170,0
7401,-180,0
7402,-179,0
7403,-172,0
7404,-178,0
7405,-179,0
7406,-168,0
7407,-172,0
7408,-169,0
7409,-173,0
7410,-171,0
7411,-184,0
7412,-181,0
7413,-182,0
7414,-181,0
7415,-177,0
7416,-171,0
7417,-173,0
7418,-184,0
7419,-178,0
7420,-171,0
7421,-171,0
7422,-173,0
7423,-191,0
7424,-179,0
7425,-177,0
7426,-184,0
7427,-175,0
7428,-166,0
7429,-170,0
7430,-179,0
7431,-177,0
7432,-177,0
7433,-183,0
7434,-171,0
7435,-176,0
7436,-184,0
7437,-179,0
7438,-179,0
7439,-172,0
7440,-176,0
7441,-171,0
7442,-176,0
7443,-176,0
7444,-177,0
7445,-165,0
7446,-178,0
7447,-178,0
7448,-176,0
7449,-181,0
7450,-178,0
7451,-181,0
7452,-176,0
7453,-178,0
7454,-179,0
7455,-177,0
7456,-173,0
7457,-184,0
7458,-177,0
7459,-177,0
7460,-171,0
7461,-186,0
7462,-182,0
7463,-168,0
7464,-172,0
7465,-183,0
7466,-173,0
7467,-170,0
7468,-182,0
7469,-176,0
7470,-179,0
7471,-164,0
7472,-171,0
7473,-173,0
7474,-174,0
7475,-181,0
7476,-175,0
7477,-172,0
7478,-176,0
7479,-176,0
7480,-170,0
7481,-173,0
7482,-172,0
7483,-183,0
7484,-178,0
7485,-175,0
7486,-182,0
7487,-181,0
7488,-173,0
7489,-178,0
7490,-183,0
7491,-172,0
7492,-168,0
7493,-172,0
7494,-176,0
7495,-174,0
7496,-175,0
7497,-173,0
7498,-182,0
7499,-183,0
7500,-172,0
7501,-176,0
7502,-181,0
7503,-187,0
7504,-175,0
7505,-179,0
7506,-183,0
7507,-172,0
7508,-171,0
7509,-177,0
7510,-169,0
7511,-174,0
7512,-181,0
7513,-174,0
7514,-177,0
7515,-178,0
7516,-171,0
7517,-175,0
7518,-178,0
7519,-177,0
7520,-166,0
7521,-180,0
7522,-180,0
7523,-179,0
7524,-175,0
7525,-185,0
7526,-181,0
7527,-171,0
7528,-176,0
7529,-177,0
7530,-186,0
7531,-181,0
7532,-179,0
7533,-182,0
7534,-178,0
7535,-177,0
7536,-176,0
7537,-174,0
7538,-176,0
7539,-171,0
7540,-169,0
7541,-176,0
7542,-184,0
7543,-176,0
7544,-173,0
7545,-177,0
7546,-182,0
7547,-183,0
7548,-172,0
7549,-171,0
7550,-169,0
7551,-177,0
7552,-180,0
7553,-181,0
7554,-184,0
7555,-175,0
7556,-175,0
7557,-175,0
7558,-187,0
7559,-175,0
7560,-177,0
7561,-174,0
7562,-180,0
7563,-178,0
7564,-175,0
7565,-175,0
7566,-181,0
7567,-175,0
7568,-177,0
7569,-189,0
7570,-181,0
7571,-180,0
7572,-185,0
7573,-179,0
7574,-174,0
7575,-177,0
7576,-179,0
7577,-177,0
7578,-174,0
7579,-176,0
7580,-184,0
7581,-171,0
7582,-174,0
7583,-175,0
7584,-181,0
7585,-178,0
7586,-177,0
7587,-174,0
7588,-176,0
7589,-185,0
7590,-169,0
7591,-180,0
7592,-174,0
7593,-178,0
7594,-180,0
7595,-176,0
7596,-184,0
7597,-181,0
7598,-166,0
7599,-176,0
7600,-173,0
7601,-181,0
7602,-183,0
7603,-179,0
7604,-174,0
7605,-172,0
7606,-180,0
7607,-169,0
7608,-180,0
7609,-176,0
7610,-173,0
7611,-182,0
7612,-175,0
7613,-179,0
7614,-182,0
7615,-182,0
7616,-183,0
7617,-176,0
7618,-176,0
7619,-179,0
7620,-181,0
7621,-187,0
7622,-179,0
7623,-169,0
7624,-174,0
7625,-169,0
7626,-184,0
7627,-181,0
7628,-172,0
7629,-182,0
7630,-177,0
7631,-185,0
7632,-174,0
7633,-179,0
7634,-181,0
7635,-190,0
7636,-178,0
7637,-182,0
7638,-181,0
7639,-176,0
7640,-182,0
7641,-177,0
7642,-169,0
7643,-182,0
7644,-179,0
7645,-174,0
7646,-184,0
7647,-185,0
7648,-175,0
7649,-171,0
7650,-182,0
7651,-178,0
7652,-173,0
7653,-181,0
7654,-184,0
7655,-172,0
7656,-179,0
7657,-174,0
7658,-172,0
7659,-176,0
7660,-177,0
7661,-175,0
7662,-187,0
7663,-176,0
7664,-175,0
7665,-181,0
7666,-168,0
7667,-178,0
7668,-181,0
7669,-184,0
7670,-178,0
7671,-184,0
7672,-179,0
7673,-166,0
7674,-178,0
7675,-173,0
7676,-186,0
7677,-177,0
7678,-179,0
7679,-168,0
7680,-168,0
7681,-177,0
7682,-178,0
7683,-176,0
7684,-172,0
7685,-180,0
7686,-164,0
7687,-175,0
7688,-180,0
7689,-177,0
7690,-170,0
7691,-177,0
7692,-177,0
7693,-192,0
7694,-183,0
7695,-174,0
7696,-174,0
7697,-180,0
7698,-182,0
7699,-176,0
7700,-181,0
7701,-170,0
7702,-179,0
7703,-184,0
7704,-170,0
7705,-182,0
7706,-171,0
7707,-179,0
7708,-188,0
7709,-170,0
7710,-177,0
7711,-181,0
7712,-174,0
7713,-182,0
7714,-177,0
7715,-172,0
7716,-171,0
7717,-175,0
7718,-173,0
7719,-167,0
7720,-184,0
7721,-185,0
7722,-180,0
7723,-172,0
7724,-173,0
7725,-179,0
7726,-180,0
7727,-181,0
7728,-180,0
7729,-176,0
7730,-174,0
7731,-176,0
7732,-177,0
7733,-174,0
7734,-175,0
7735,-179,0
7736,-178,0
7737,-168,0
7738,-186,0
7739,-179,0
7740,-174,0
7741,-179,0
7742,-173,0
7743,-172,0
7744,-179,0
7745,-177,0
7746,-178,0
7747,-181,0
7748,-178,0
7749,-174,0
7750,-187,0
7751,-176,0
7752,-177,0
7753,-174,0
7754,-172,0
7755,-176,0
7756,-171,0
7757,-179,0
7758,-166,0
7759,-181,0
7760,-185,0
7761,-168,0
7762,-173,0
7763,-185,0
7764,-174,0
7765,-172,0
7766,-169,0
7767,-183,0
7768,-178,0
7769,-185,0
7770,-175,0
7771,-173,0
7772,-174,0
7773,-179,0
7774,-178,0
7775,-171,0
7776,-169,0
7777,-179,0
7778,-189,0
7779,-178,0
7780,-172,0
7781,-181,0
7782,-169,0
7783,-191,0
7784,-175,0
7785,-177,0
7786,-180,0
7787,-175,0
7788,-184,0
7789,-177,0
7790,-177,0
7791,-181,0
7792,-176,0
7793,-171,0
7794,-188,0
7795,-178,0
7796,-197,0
7797,-176,0
7798,-185,0
7799,-176,0
7800,-180,0
7801,-179,0
7802,-179,0
7803,-183,0
7804,-177,0
7805,-184,0
7806,-177,0
7807,-175,0
7808,-177,0
7809,-174,0
7810,-182,0
7811,-177,0
7812,-181,0
7813,-183,0
7814,-187,0
7815,-174,0
7816,-174,0
7817,-175,0
7818,-177,0
7819,-173,0
7820,-183,0
7821,-179,0
7822,-174,0
7823,-180,0
7824,-178,0
7825,-176,0
7826,-174,0
7827,-179,0
7828,-176,0
7829,-182,0
7830,-176,0
7831,-178,0
7832,-188,0
7833,-177,0
7834,-191,0
7835,-175,0
7836,-184,0
7837,-168,0
7838,-180,0
7839,-176,0
7840,-181,0
7841,-175,0
7842,-175,0
7843,-176,0
7844,-179,0
7845,-179,0
7846,-179,0
7847,-182,0
7848,-173,0
7849,-182,0
7850,-177,0
7851,-180,0
7852,-182,0
7853,-182,0
7854,-180,0
7855,-176,0
7856,-172,0
7857,-189,0
7858,-171,0
7859,-179,0
7860,-178,0
7861,-174,0
7862,-177,0
7863,-179,0
7864,-179,0
7865,-168,0
7866,-175,0
7867,-182,0
7868,-181,0
7869,-169,0
7870,-171,0
7871,-190,0
7872,-186,0
7873,-185,0
7874,-178,0
7875,-187,0
7876,-176,0
7877,-170,0
7878,-176,0
7879,-166,0
7880,-182,0
7881,-175,0
7882,-179,0
7883,-175,0
7884,-184,0
7885,-180,0
7886,-174,0
7887,-177,0
7888,-180,0
7889,-171,0
7890,-178,0
7891,-179,0
7892,-183,0
7893,-170,0
7894,-181,0
7895,-184,0
7896,-187,0
7897,-180,0
7898,-176,0
7899,-180,0
7900,-183,0
7901,-185,0
7902,-181,0
7903,-174,0
7904,-182,0
7905,-182,0
7906,-179,0
7907,-183,0
7908,-180,0
7909,-179,0
7910,-180,0
7911,-178,0
7912,-174,0
7913,-169,0
7914,-180,0
7915,-180,0
7916,-169,0
7917,-184,0
7918,-182,0
7919,-176,0
7920,-181,0
7921,-173,0
7922,-179,0
7923,-169,0
7924,-180,0
7925,-188,0
7926,-183,0
7927,-181,0
7928,-177,0
7929,-174,0
7930,-175,0
7931,-177,0
7932,-182,0
7933,-177,0
7934,-189,0
7935,-179,0
7936,-176,0
7937,-176,0
7938,-175,0
7939,-179,0
7940,-190,0
7941,-176,0
7942,-174,0
7943,-178,0
7944,-170,0
7945,-177,0
7946,-189,0
7947,-179,0
7948,-179,0
7949,-177,0
7950,-171,0
7951,-177,0
7952,-176,0
7953,-182,0
7954,-181,0
7955,-184,0
7956,-174,0
7957,-190,0
7958,-181,0
7959,-178,0
7960,-180,0
7961,-184,0
7962,-178,0
7963,-183,0
7964,-173,0
7965,-179,0
7966,-176,0
7967,-180,0
7968,-178,0
7969,-179,0
7970,-181,0
7971,-175,0
7972,-184,0
7973,-180,0
7974,-180,0
7975,-176,0
7976,-188,0
7977,-182,0
7978,-174,0
7979,-182,0
7980,-175,0
7981,-176,0
7982,-179,0
7983,-182,0
7984,-179,0
7985,-184,0
7986,-175,0
7987,-180,0
7988,-175,0
7989,-181,0
7990,-186,0
7991,-188,0
7992,-187,0
7993,-178,0
7994,-178,0
7995,-185,0
7996,-175,0
7997,-179,0
7998,-191,0
7999,-178,0
8000,-185,0
8001,-175,0
8002,-182,0
8003,-179,0
8004,-172,0
8005,-172,0
8006,-181,0
8007,-179,0
8008,-176,0
8009,-173,0
8010,-173,0
8011,-187,0
8012,-178,0
8013,-176,0
8014,-196,0
8015,-178,0
8016,-188,0
8017,-169,0
8018,-181,0
8019,-178,0
8020,-179,0
8021,-177,0
8022,-176,0
8023,-173,0
8024,-176,0
8025,-178,0
8026,-174,0
8027,-183,0
8028,-179,0
8029,-184,0
8030,-178,0
8031,-175,0
8032,-173,0
8033,-169,0
8034,-181,0
8035,-192,0
8036,-174,0
8037,-179,0
8038,-179,0
8039,-180,0
8040,-177,0
8041,-182,0
8042,-176,0
8043,-174,0
8044,-181,0
8045,-183,0
8046,-183,0
8047,-180,0
8048,-183,0
8049,-179,0
8050,-175,0
8051,-183,0
8052,-180,0
8053,-174,0
8054,-183,0
8055,-183,0
8056,-180,0
8057,-178,0
8058,-187,0
8059,-187,0
8060,-181,0
8061,-190,0
8062,-176,0
8063,-177,0
8064,-177,0
8065,-178,0
8066,-180,0
8067,-175,0
8068,-179,0
8069,-179,0
8070,-172,0
8071,-183,0
8072,-183,0
8073,-172,0
8074,-178,0
8075,-178,0
8076,-186,0
8077,-184,0
8078,-180,0
8079,-179,0
8080,-184,0
8081,-176,0
8082,-178,0
8083,-174,0
8084,-176,0
8085,-178,0
8086,-176,0
8087,-175,0
8088,-186,0
8089,-167,0
8090,-176,0
8091,-181,0
8092,-173,0
8093,-177,0
8094,-179,0
8095,-181,0
8096,-178,0
8097,-187,0
8098,-175,0
8099,-176,0
8100,-182,0
8101,-180,0
8102,-187,0
8103,-183,0
8104,-179,0
8105,-189,0
8106,-180,0
8107,-182,0
8108,-181,0
8109,-186,0
8110,-181,0
8111,-186,0
8112,-179,0
8113,-179,0
8114,-172,0
8115,-181,0
8116,-182,0
8117,-181,0
8118,-178,0
8119,-181,0
8120,-177,0
8121,-181,0
8122,-192,0
8123,-179,0
8124,-176,0
8125,-185,0
8126,-176,0
8127,-182,0
8128,-176,0
8129,-180,0
8130,-184,0
8131,-177,0
8132,-178,0
8133,-179,0
8134,-179,0
8135,-177,0
8136,-174,0
8137,-186,0
8138,-174,0
8139,-176,0
8140,-187,0
8141,-175,0
8142,-174,0
8143,-168,0
8144,-184,0
8145,-172,0
8146,-182,0
8147,-187,0
8148,-179,0
8149,-173,0
8150,-183,0
8151,-179,0
8152,-185,0
8153,-184,0
8154,-183,0
8155,-180,0
8156,-182,0
8157,-181,0
8158,-174,0
8159,-182,0
8160,-174,0
8161,-186,0
8162,-178,0
8163,-185,0
8164,-183,0
8165,-179,0
8166,-172,0
8167,-180,0
8168,-175,0
8169,-172,0
8170,-176,0
8171,-186,0
8172,-181,0
8173,-175,0
8174,-184,0
8175,-182,0
8176,-181,0
8177,-177,0
8178,-184,0
8179,-176,0
8180,-182,0
8181,-180,0
8182,-172,0
8183,-182,0
8184,-180,0
8185,-173,0
8186,-176,0
8187,-182,0
8188,-180,0
8189,-178,0
8190,-178,0
8191,-179,0
8192,-180,0
8193,-182,0
8194,-171,0
8195,-175,0
8196,-182,0
8197,-177,0
8198,-188,0
8199,-181,0
8200,-195,0
8201,-179,0
8202,-181,0
8203,-184,0
8204,-177,0
8205,-172,0
8206,-179,0
8207,-189,0
8208,-178,0
8209,-174,0
8210,-183,0
8211,-178,0
8212,-171,0
8213,-183,0
8214,-184,0
8215,-180,0
8216,-187,0
8217,-187,0
8218,-170,0
8219,-186,0
8220,-184,0
8221,-182,0
8222,-169,0
8223,-179,0
8224,-183,0
8225,-180,0
8226,-177,0
8227,-171,0
8228,-181,0
8229,-188,0
8230,-169,0
8231,-179,0
8232,-181,0
8233,-173,0
8234,-179,0
8235,-176,0
8236,-175,0
8237,-184,0
8238,-174,0
8239,-179,0
8240,-182,0
8241,-177,0
8242,-183,0
8243,-171,0
8244,-170,0
8245,-187,0
8246,-179,0
8247,-180,0
8248,-185,0
8249,-180,0
8250,-180,0
8251,-178,0
8252,-173,0
8253,-172,0
8254,-178,0
8255,-184,0
8256,-183,0
8257,-178,0
8258,-187,0
8259,-175,0
8260,-175,0
8261,-181,0
8262,-188,0
8263,-179,0
8264,-182,0
8265,-179,0
8266,-187,0
8267,-185,0
8268,-188,0
8269,-182,0
8270,-181,0
8271,-183,0
8272,-185,0
8273,-180,0
8274,-182,0
8275,-170,0
8276,-176,0
8277,-179,0
8278,-176,0
8279,-172,0
8280,-185,0
8281,-180,0
8282,-182,0
8283,-174,0
8284,-180,0
8285,-187,0
8286,-180,0
8287,-186,0
8288,-185,0
8289,-182,0
8290,-174,0
8291,-183,0
8292,-184,0
8293,-178,0
8294,-183,0
8295,-188,0
8296,-181,0
8297,-191,0
8298,-192,0
8299,-176,0
8300,-184,0
8301,-179,0
8302,-185,0
8303,-178,0
8304,-174,0
8305,-184,0
8306,-178,0
8307,-182,0
8308,-192,0
8309,-178,0
8310,-185,0
8311,-186,0
8312,-183,0
8313,-181,0
8314,-188,0
8315,-183,0
8316,-186,0
8317,-184,0
8318,-181,0
8319,-175,0
8320,-178,0
8321,-179,0
8322,-188,0
8323,-182,0
8324,-187,0
8325,-181,0
8326,-178,0
8327,-183,0
8328,-184,0
8329,-179,0
8330,-181,0
8331,-175,0
8332,-176,0
8333,-180,0
8334,-187,0
8335,-179,0
8336,-178,0
8337,-171,0
8338,-188,0
8339,-181,0
8340,-183,0
8341,-183,0
8342,-185,0
8343,-176,0
8344,-180,0
8345,-182,0
8346,-186,0
8347,-176,0
8348,-182,0
8349,-193,0
8350,-180,0
8351,-185,0
8352,-179,0
8353,-178,0
8354,-186,0
8355,-189,0
8356,-178,0
8357,-178,0
8358,-172,0
8359,-177,0
8360,-171,0
8361,-180,0
8362,-171,0
8363,-181,0
8364,-191,0
8365,-185,0
8366,-180,0
8367,-174,0
8368,-183,0
8369,-188,0
8370,-184,0
8371,-180,0
8372,-183,0
8373,-182,0
8374,-182,0
8375,-180,0
8376,-183,0
8377,-184,0
8378,-176,0
8379,-179,0
8380,-173,0
8381,-187,0
8382,-177,0
8383,-185,0
8384,-177,0
8385,-178,0
8386,-183,0
8387,-178,0
8388,-174,0
8389,-177,0
8390,-190,0
8391,-175,0
8392,-178,0
8393,-177,0
8394,-170,0
8395,-179,0
8396,-180,0
8397,-182,0
8398,-181,0
8399,-187,0
8400,-181,0
8401,-175,0
8402,-185,0
8403,-180,0
8404,-176,0
8405,-180,0
8406,-191,0
8407,-176,0
8408,-185,0
8409,-179,0
8410,-184,0
8411,-187,0
8412,-183,0
8413,-186,0
8414,-185,0
8415,-174,0
8416,-185,0
8417,-179,0
8418,-183,0
8419,-182,0
8420,-180,0
8421,-174,0
8422,-188,0
8423,-177,0
8424,-186,0
8425,-173,0
8426,-190,0
8427,-178,0
8428,-185,0
8429,-184,0
8430,-188,0
8431,-177,0
8432,-177,0
8433,-185,0
8434,-177,0
8435,-188,0
8436,-186,0
8437,-189,0
8438,-182,0
8439,-180,0
8440,-186,0
8441,-193,0
8442,-183,0
8443,-182,0
8444,-175,0
8445,-186,0
8446,-185,0
8447,-185,0
8448,-186,0
8449,-170,0
8450,-179,0
8451,-191,0
8452,-175,0
8453,-176,0
8454,-181,0
8455,-188,0
8456,-179,0
8457,-179,0
8458,-178,0
8459,-177,0
8460,-189,0
8461,-178,0
8462,-187,0
8463,-178,0
8464,-179,0
8465,-181,0
8466,-190,0
8467,-185,0
8468,-183,0
8469,-185,0
8470,-183,0
8471,-184,0
8472,-186,0
8473,-187,0
8474,-186,0
8475,-185,0
8476,-187,0
8477,-189,0
8478,-188,0
8479,-186,0
8480,-177,0
8481,-187,0
8482,-179,0
8483,-183,0
8484,-179,0
8485,-180,0
8486,-186,0
8487,-178,0
8488,-175,0
8489,-183,0
8490,-178,0
8491,-184,0
8492,-185,0
8493,-184,0
8494,-182,0
8495,-192,0
8496,-175,0
8497,-187,0
8498,-191,0
8499,-182,0
8500,-186,0
8501,-192,0
8502,-183,0
8503,-191,0
8504,-185,0
8505,-183,0
8506,-189,0
8507,-177,0
8508,-181,0
8509,-182,0
8510,-195,0
8511,-184,0
8512,-186,0
8513,-181,0
8514,-185,0
8515,-185,0
8516,-175,0
8517,-187,0
8518,-185,0
8519,-180,0
8520,-188,0
8521,-182,0
8522,-177,0
8523,-187,0
8524,-186,0
8525,-184,0
8526,-174,0
8527,-189,0
8528,-187,0
8529,-186,0
8530,-185,0
8531,-187,0
8532,-183,0
8533,-187,0
8534,-177,0
8535,-175,0
8536,-187,0
8537,-175,0
8538,-188,0
8539,-186,0
8540,-182,0
8541,-192,0
8542,-188,0
8543,-186,0
8544,-179,0
8545,-177,0
8546,-175,0
8547,-188,0
8548,-179,0
8549,-170,0
8550,-176,0
8551,-184,0
8552,-173,0
8553,-189,0
8554,-191,0
8555,-182,0
8556,-184,0
8557,-181,0
8558,-179,0
8559,-184,0
8560,-178,0
8561,-189,0
8562,-186,0
8563,-178,0
8564,-183,0
8565,-186,0
8566,-189,0
8567,-186,0
8568,-187,0
8569,-188,0
8570,-179,0
8571,-181,0
8572,-182,0
8573,-190,0
8574,-183,0
8575,-178,0
8576,-183,0
8577,-177,0
8578,-180,0
8579,-180,0
8580,-183,0
8581,-184,0
8582,-186,0
8583,-186,0
8584,-178,0
8585,-178,0
8586,-175,0
8587,-185,0
8588,-184,0
8589,-179,0
8590,-177,0
8591,-181,0
8592,-182,0
8593,-188,0
8594,-184,0
8595,-169,0
8596,-175,0
8597,-195,0
8598,-183,0
8599,-181,0
8600,-193,0
8601,-183,0
8602,-172,0
8603,-178,0
8604,-180,0
8605,-180,0
8606,-171,0
8607,-187,0
8608,-181,0
8609,-179,0
8610,-171,0
8611,-192,0
8612,-179,0
8613,-183,0
8614,-180,0
8615,-176,0
8616,-192,0
8617,-188,0
8618,-179,0
8619,-186,0
8620,-180,0
8621,-186,0
8622,-192,0
8623,-180,0
8624,-185,0
8625,-183,0
8626,-187,0
8627,-187,0
8628,-180,0
8629,-190,0
8630,-180,0
8631,-181,0
8632,-184,0
8633,-193,0
8634,-172,0
8635,-180,0
8636,-167,0
8637,-183,0
8638,-182,0
8639,-180,0
8640,-179,0
8641,-180,0
8642,-188,0
8643,-180,0
8644,-173,0
8645,-187,0
8646,-176,0
8647,-183,0
8648,-180,0
8649,-180,0
8650,-175,0
8651,-183,0
8652,-179,0
8653,-180,0
8654,-183,0
8655,-179,0
8656,-176,0
8657,-186,0
8658,-187,0
8659,-180,0
8660,-178,0
8661,-185,0
8662,-188,0
8663,-180,0
8664,-178,0
8665,-192,0
8666,-186,0
8667,-184,0
8668,-183,0
8669,-190,0
8670,-182,0
8671,-190,0
8672,-189,0
8673,-183,0
8674,-186,0
8675,-182,0
8676,-183,0
8677,-189,0
8678,-186,0
8679,-191,0
8680,-182,0
8681,-182,0
8682,-179,0
8683,-181,0
8684,-185,0
8685,-183,0
8686,-183,0
8687,-180,0
8688,-188,0
8689,-180,0
8690,-179,0
8691,-185,0
8692,-193,0
8693,-186,0
8694,-177,0
8695,-187,0
8696,-179,0
8697,-179,0
8698,-181,0
8699,-184,0
8700,-182,0
8701,-179,0
8702,-174,0
8703,-172,0
8704,-178,0
8705,-187,0
8706,-194,0
8707,-177,0
8708,-182,0
8709,-180,0
8710,-183,0
8711,-188,0
8712,-197,0
8713,-180,0
8714,-181,0
8715,-181,0
8716,-186,0
8717,-183,0
8718,-187,0
8719,-181,0
8720,-186,0
8721,-185,0
8722,-184,0
8723,-177,0
8724,-169,0
8725,-185,0
8726,-182,0
8727,-181,0
8728,-189,0
8729,-191,0
8730,-184,0
8731,-179,0
8732,-183,0
8733,-179,0
8734,-184,0
8735,-183,0
8736,-180,0
8737,-183,0
8738,-184,0
8739,-181,0
8740,-177,0
8741,-178,0
8742,-186,0
8743,-186,0
8744,-180,0
8745,-181,0
8746,-173,0
8747,-172,0
8748,-174,0
8749,-190,0
8750,-177,0
8751,-185,0
8752,-179,0
8753,-182,0
8754,-188,0
8755,-185,0
8756,-187,0
8757,-185,0
8758,-197,0
8759,-184,0
8760,-194,0
8761,-188,0
8762,-188,0
8763,-187,0
8764,-183,0
8765,-190,0
8766,-177,0
8767,-186,0
8768,-189,0
8769,-178,0
8770,-180,0
8771,-182,0
8772,-188,0
8773,-182,0
8774,-179,0
8775,-179,0
8776,-181,0
8777,-184,0
8778,-184,0
8779,-183,0
8780,-176,0
8781,-182,0
8782,-179,0
8783,-177,0
8784,-185,0
8785,-189,0
8786,-178,0
8787,-190,0
8788,-172,0
8789,-184,0
8790,-187,0
8791,-182,0
8792,-188,0
8793,-191,0
8794,-177,0
8795,-179,0
8796,-179,0
8797,-188,0
8798,-188,0
8799,-188,0
8800,-179,0
8801,-181,0
8802,-185,0
8803,-188,0
8804,-188,0
8805,-188,0
8806,-185,0
8807,-175,0
8808,-180,0
8809,-190,0
8810,-188,0
8811,-186,0
8812,-185,0
8813,-182,0
8814,-180,0
8815,-187,0
8816,-184,0
8817,-186,0
8818,-187,0
8819,-183,0
8820,-185,0
8821,-181,0
8822,-184,0
8823,-179,0
8824,-180,0
8825,-192,0
8826,-183,0
8827,-192,0
8828,-186,0
8829,-190,0
8830,-185,0
8831,-183,0
8832,-174,0
8833,-182,0
8834,-180,0
8835,-185,0
8836,-179,0
8837,-179,0
8838,-185,0
8839,-183,0
8840,-183,0
8841,-182,0
8842,-188,0
8843,-181,0
8844,-170,0
8845,-189,0
8846,-189,0
8847,-178,0
8848,-189,0
8849,-183,0
8850,-178,0
8851,-188,0
8852,-186,0
8853,-185,0
8854,-177,0
8855,-188,0
8856,-190,0
8857,-185,0
8858,-187,0
8859,-179,0
8860,-189,0
8861,-185,0
8862,-175,0
8863,-180,0
8864,-185,0
8865,-183,0
8866,-192,0
8867,-182,0
8868,-180,0
8869,-178,0
8870,-181,0
8871,-181,0
8872,-190,0
8873,-181,0
8874,-188,0
8875,-182,0
8876,-181,0
8877,-185,0
8878,-186,0
8879,-181,0
8880,-176,0
8881,-182,0
8882,-182,0
8883,-181,0
8884,-188,0
8885,-179,0
8886,-191,0
8887,-186,0
8888,-180,0
8889,-179,0
8890,-185,0
8891,-184,0
8892,-188,0
8893,-180,0
8894,-192,0
8895,-189,0
8896,-185,0
8897,-184,0
8898,-184,0
8899,-185,0
8900,-178,0
8901,-192,0
8902,-176,0
8903,-191,0
8904,-179,0
8905,-174,0
8906,-180,0
8907,-187,0
8908,-187,0
8909,-184,0
8910,-195,0
8911,-192,0
8912,-190,0
8913,-189,0
8914,-184,0
8915,-190,0
8916,-196,0
8917,-183,0
8918,-182,0
8919,-186,0
8920,-180,0
8921,-188,0
8922,-189,0
8923,-187,0
8924,-177,0
8925,-180,0
8926,-184,0
8927,-177,0
8928,-186,0
8929,-187,0
8930,-181,0
8931,-187,0
8932,-184,0
8933,-196,0
8934,-172,0
8935,-177,0
8936,-193,0
8937,-187,0
8938,-190,0
8939,-185,0
8940,-188,0
8941,-191,0
8942,-179,0
8943,-190,0
8944,-179,0
8945,-183,0
8946,-185,0
8947,-189,0
8948,-194,0
8949,-189,0
8950,-192,0
8951,-193,0
8952,-178,0
8953,-191,0
8954,-185,0
8955,-186,0
8956,-191,0
8957,-185,0
8958,-185,0
8959,-183,0
8960,-177,0
8961,-185,0
8962,-186,0
8963,-174,0
8964,-188,0
8965,-179,0
8966,-189,0
8967,-178,0
8968,-187,0
8969,-191,0
8970,-189,0
8971,-179,0
8972,-185,0
8973,-194,0
8974,-187,0
8975,-178,0
8976,-185,0
8977,-182,0
8978,-185,0
8979,-183,0
8980,-188,0
8981,-184,0
8982,-185,0
8983,-187,0
8984,-189,0
8985,-187,0
8986,-187,0
8987,-177,0
8988,-183,0
8989,-186,0
8990,-176,0
8991,-190,0
8992,-181,0
8993,-185,0
8994,-191,0
8995,-191,0
8996,-190,0
8997,-193,0
8998,-183,0
8999,-184,0
9000,-186,0
9001,-191,0
9002,-185,0
9003,-192,0
9004,-188,0
9005,-185,0
9006,-181,0
9007,-186,0
9008,-180,0
9009,-174,0
9010,-183,0
9011,-179,0
9012,-188,0
9013,-191,0
9014,-180,0
9015,-183,0
9016,-186,0
9017,-192,0
9018,-185,0
9019,-189,0
9020,-180,0
9021,-183,0
9022,-180,0
9023,-181,0
9024,-195,0
9025,-186,0
9026,-184,0
9027,-177,0
9028,-181,0
9029,-183,0
9030,-187,0
9031,-183,0
9032,-186,0
9033,-186,0
9034,-181,0
9035,-185,0
9036,-181,0
9037,-185,0
9038,-174,0
9039,-186,0
9040,-197,0
9041,-178,0
9042,-184,0
9043,-179,0
9044,-191,0
9045,-187,0
9046,-179,0
9047,-183,0
9048,-178,0
9049,-189,0
9050,-185,0
9051,-190,0
9052,-195,0
9053,-173,0
9054,-186,0
9055,-183,0
9056,-192,0
9057,-184,0
9058,-191,0
9059,-182,0
9060,-187,0
9061,-176,0
9062,-187,0
9063,-188,0
9064,-182,0
9065,-182,0
9066,-181,0
9067,-188,0
9068,-176,0
9069,-180,0
9070,-182,0
9071,-180,0
9072,-188,0
9073,-184,0
9074,-184,0
9075,-174,0
9076,-185,0
9077,-184,0
9078,-194,0
9079,-183,0
9080,-186,0
9081,-186,0
9082,-181,0
9083,-182,0
9084,-185,0
9085,-184,0
9086,-187,0
9087,-191,0
9088,-185,0
9089,-183,0
9090,-193,0
9091,-186,0
9092,-185,0
9093,-193,0
9094,-186,0
9095,-180,0
9096,-188,0
9097,-179,0
9098,-182,0
9099,-189,0
9100,-182,0
9101,-191,0
9102,-182,0
9103,-186,0
9104,-188,0
9105,-191,0
9106,-175,0
9107,-174,0
9108,-186,0
9109,-189,0
9110,-185,0
9111,-184,0
9112,-187,0
9113,-178,0
9114,-187,0
9115,-180,0
9116,-192,0
9117,-185,0
9118,-200,0
9119,-183,0
9120,-183,0
9121,-189,0
9122,-183,0
9123,-179,0
9124,-189,0
9125,-192,0
9126,-183,0
9127,-185,0
9128,-188,0
9129,-184,0
9130,-191,0
9131,-190,0
9132,-184,0
9133,-175,0
9134,-189,0
9135,-187,0
9136,-185,0
9137,-194,0
9138,-187,0
9139,-192,0
9140,-185,0
9141,-187,0
9142,-181,0
9143,-187,0
9144,-188,0
9145,-179,0
9146,-183,0
9147,-183,0
9148,-190,0
9149,-184,0
9150,-186,0
9151,-191,0
9152,-182,0
9153,-189,0
9154,-177,0
9155,-190,0
9156,-186,0
9157,-178,0
9158,-183,0
9159,-183,0
9160,-191,0
9161,-187,0
9162,-192,0
9163,-191,0
9164,-184,0
9165,-195,0
9166,-185,0
9167,-190,0
9168,-186,0
9169,-186,0
9170,-194,0
9171,-196,0
9172,-186,0
9173,-184,0
9174,-187,0
9175,-187,0
9176,-187,0
9177,-183,0
9178,-187,0
9179,-190,0
9180,-182,0
9181,-188,0
9182,-184,0
9183,-183,0
9184,-190,0
9185,-186,0
9186,-185,0
9187,-187,0
9188,-190,0
9189,-188,0
9190,-187,0
9191,-182,0
9192,-190,0
9193,-186,0
9194,-188,0
9195,-175,0
9196,-184,0
9197,-192,0
9198,-184,0
9199,-190,0
9200,-195,0
9201,-187,0
9202,-190,0
9203,-183,0
9204,-189,0
9205,-193,0
9206,-187,0
9207,-181,0
9208,-189,0
9209,-181,0
9210,-181,0
9211,-191,0
9212,-183,0
9213,-182,0
9214,-190,0
9215,-179,0
9216,-183,0
9217,-188,0
9218,-193,0
9219,-182,0
9220,-181,0
9221,-193,0
9222,-191,0
9223,-188,0
9224,-188,0
9225,-192,0
9226,-188,0
9227,-180,0
9228,-187,0
9229,-184,0
9230,-183,0
9231,-190,0
9232,-189,0
9233,-187,0
9234,-188,0
9235,-185,0
9236,-189,0
9237,-185,0
9238,-184,0
9239,-187,0
9240,-183,0
9241,-195,0
9242,-186,0
9243,-177,0
9244,-179,0
9245,-192,0
9246,-186,0
9247,-189,0
9248,-185,0
9249,-175,0
9250,-185,0
9251,-186,0
9252,-176,0
9253,-180,0
9254,-177,0
9255,-195,0
9256,-182,0
9257,-183,0
9258,-178,0
9259,-184,0
9260,-191,0
9261,-191,0
9262,-185,0
9263,-187,0
9264,-184,0
9265,-190,0
9266,-181,0
9267,-180,0
9268,-184,0
9269,-188,0
9270,-194,0
9271,-197,0
9272,-186,0
9273,-190,0
9274,-191,0
9275,-184,0
9276,-183,0
9277,-181,0
9278,-193,0
9279,-192,0
9280,-177,0
9281,-185,0
9282,-188,0
9283,-190,0
9284,-187,0
9285,-187,0
9286,-187,0
9287,-185,0
9288,-190,0
9289,-193,0
9290,-188,0
9291,-194,0
9292,-185,0
9293,-195,0
9294,-191,0
9295,-180,0
9296,-188,0
9297,-181,0
9298,-180,0
9299,-181,0
9300,-191,0
9301,-181,0
9302,-190,0
9303,-194,0
9304,-187,0
9305,-190,0
9306,-192,0
9307,-183,0
9308,-178,0
9309,-176,0
9310,-192,0
9311,-183,0
9312,-191,0
9313,-191,0
9314,-195,0
9315,-185,0
9316,-190,0
9317,-184,0
9318,-185,0
9319,-188,0
9320,-181,0
9321,-189,0
9322,-188,0
9323,-181,0
9324,-183,0
9325,-186,0
9326,-188,0
9327,-187,0
9328,-197,0
9329,-189,0
9330,-189,0
9331,-177,0
9332,-185,0
9333,-179,0
9334,-184,0
9335,-191,0
9336,-189,0
9337,-181,0
9338,-179,0
9339,-184,0
9340,-194,0
9341,-182,0
9342,-185,0
9343,-186,0
9344,-182,0
9345,-191,0
9346,-177,0
9347,-190,0
9348,-182,0
9349,-186,0
9350,-187,0
9351,-194,0
9352,-185,0
9353,-186,0
9354,-189,0
9355,-192,0
9356,-191,0
9357,-183,0
9358,-179,0
9359,-181,0
9360,-186,0
9361,-189,0
9362,-188,0
9363,-194,0
9364,-183,0
9365,-195,0
9366,-181,0
9367,-192,0
9368,-186,0
9369,-193,0
9370,-188,0
9371,-190,0
9372,-188,0
9373,-190,0
9374,-191,0
9375,-184,0
9376,-183,0
9377,-193,0
9378,-181,0
9379,-189,0
9380,-188,0
9381,-193,0
9382,-189,0
9383,-184,0
9384,-191,0
9385,-186,0
9386,-185,0
9387,-184,0
9388,-187,0
9389,-188,0
9390,-195,0
9391,-184,0
9392,-187,0
9393,-191,0
9394,-182,0
9395,-193,0
9396,-188,0
9397,-188,0
9398,-192,0
9399,-179,0
9400,-191,0
9401,-194,0
9402,-187,0
9403,-189,0
9404,-187,0
9405,-186,0
9406,-182,0
9407,-190,0
9408,-195,0
9409,-182,0
9410,-180,0
9411,-191,0
9412,-192,0
9413,-187,0
9414,-184,0
9415,-181,0
9416,-188,0
9417,-192,0
9418,-179,0
9419,-185,0
9420,-185,0
9421,-182,0
9422,-189,0
9423,-190,0
9424,-198,0
9425,-195,0
9426,-186,0
9427,-189,0
9428,-183,0
9429,-186,0
9430,-186,0
9431,-186,0
9432,-195,0
9433,-180,0
9434,-187,0
9435,-176,0
9436,-185,0
9437,-188,0
9438,-186,0
9439,-182,0
9440,-188,0
9441,-192,0
9442,-191,0
9443,-192,0
9444,-189,0
9445,-186,0
9446,-190,0
9447,-184,0
9448,-190,0
9449,-188,0
9450,-194,0
9451,-191,0
9452,-186,0
9453,-195,0
9454,-185,0
9455,-182,0
9456,-187,0
9457,-190,0
9458,-186,0
9459,-187,0
9460,-187,0
9461,-181,0
9462,-180,0
9463,-182,0
9464,-184,0
9465,-179,0
9466,-188,0
9467,-183,0
9468,-182,0
9469,-188,0
9470,-180,0
9471,-190,0
9472,-191,0
9473,-183,0
9474,-196,0
9475,-198,0
9476,-182,0
9477,-191,0
9478,-188,0
9479,-186,0
9480,-188,0
9481,-176,0
9482,-188,0
9483,-191,0
9484,-188,0
9485,-179,0
9486,-187,0
9487,-192,0
9488,-182,0
9489,-190,0
9490,-182,0
9491,-192,0
9492,-185,0
9493,-189,0
9494,-186,0
9495,-186,0
9496,-182,0
9497,-193,0
9498,-190,0
9499,-188,0
9500,-188,0
9501,-189,0
9502,-185,0
9503,-190,0
9504,-183,0
9505,-192,0
9506,-193,0
9507,-186,0
9508,-191,0
9509,-189,0
9510,-185,0
9511,-187,0
9512,-190,0
9513,-188,0
9514,-195,0
9515,-187,0
9516,-193,0
9517,-186,0
9518,-188,0
9519,-183,0
9520,-198,0
9521,-192,0
9522,-185,0
9523,-197,0
9524,-189,0
9525,-190,0
9526,-178,0
9527,-179,0
9528,-193,0
9529,-181,0
9530,-188,0
9531,-191,0
9532,-186,0
9533,-193,0
9534,-191,0
9535,-190,0
9536,-183,0
9537,-182,0
9538,-184,0
9539,-189,0
9540,-185,0
9541,-192,0
9542,-184,0
9543,-186,0
9544,-186,0
9545,-195,0
9546,-177,0
9547,-185,0
9548,-191,0
9549,-181,0
9550,-189,0
9551,-190,0
9552,-180,0
9553,-186,0
9554,-192,0
9555,-186,0
9556,-178,0
9557,-188,0
9558,-192,0
9559,-184,0
9560,-187,0
9561,-191,0
9562,-187,0
9563,-188,0
9564,-192,0
9565,-189,0
9566,-190,0
9567,-196,0
9568,-194,0
9569,-187,0
9570,-190,0
9571,-188,0
9572,-190,0
9573,-189,0
9574,-198,0
9575,-184,0
9576,-190,0
9577,-198,0
9578,-187,0
9579,-177,0
9580,-185,0
9581,-187,0
9582,-180,0
9583,-180,0
9584,-180,0
9585,-194,0
9586,-187,0
9587,-188,0
9588,-181,0
9589,-190,0
9590,-176,0
9591,-193,0
9592,-187,0
9593,-177,0
9594,-191,0
9595,-192,0
9596,-192,0
9597,-192,0
9598,-189,0
9599,-180,0
9600,-187,0
9601,-191,0
9602,-190,0
9603,-179,0
9604,-178,0
9605,-185,0
9606,-184,0
9607,-182,0
9608,-192,0
9609,-189,0
9610,-194,0
9611,-187,0
9612,-186,0
9613,-186,0
9614,-197,0
9615,-186,0
9616,-181,0
9617,-194,0
9618,-192,0
9619,-189,0
9620,-198,0
9621,-184,0
9622,-194,0
9623,-186,0
9624,-186,0
9625,-189,0
9626,-189,0
9627,-191,0
9628,-188,0
9629,-187,0
9630,-184,0
9631,-191,0
9632,-190,0
9633,-185,0
9634,-189,0
9635,-187,0
9636,-179,0
9637,-188,0
9638,-192,0
9639,-179,0
9640,-194,0
9641,-193,0
9642,-186,0
9643,-189,0
9644,-184,0
9645,-196,0
9646,-191,0
9647,-188,0
9648,-182,0
9649,-187,0
9650,-192,0
9651,-191,0
9652,-187,0
9653,-183,0
9654,-190,0
9655,-196,0
9656,-191,0
9657,-186,0
9658,-184,0
9659,-192,0
9660,-186,0
9661,-188,0
9662,-176,0
9663,-190,0
9664,-181,0
9665,-186,0
9666,-199,0
9667,-187,0
9668,-193,0
9669,-174,0
9670,-191,0
9671,-193,0
9672,-188,0
9673,-189,0
9674,-192,0
9675,-182,0
9676,-182,0
9677,-190,0
9678,-185,0
9679,-187,0
9680,-183,0
9681,-189,0
9682,-184,0
9683,-182,0
9684,-190,0
9685,-187,0
9686,-189,0
9687,-190,0
9688,-185,0
9689,-194,0
9690,-194,0
9691,-196,0
9692,-191,0
9693,-179,0
9694,-179,0
9695,-192,0
9696,-192,0
9697,-188,0
9698,-183,0
9699,-185,0
9700,-182,0
9701,-191,0
9702,-188,0
9703,-185,0
9704,-191,0
9705,-186,0
9706,-179,0
9707,-185,0
9708,-192,0
9709,-187,0
9710,-184,0
9711,-190,0
9712,-181,0
9713,-195,0
9714,-185,0
9715,-195,0
9716,-187,0
9717,-186,0
9718,-187,0
9719,-193,0
9720,-193,0
9721,-183,0
9722,-194,0
9723,-185,0
9724,-187,0
9725,-201,0
9726,-188,0
9727,-182,0
9728,-195,0
9729,-195,0
9730,-187,0
9731,-187,0
9732,-189,0
9733,-185,0
9734,-189,0
9735,-186,0
9736,-196,0
9737,-187,0
9738,-187,0
9739,-194,0
9740,-181,0
9741,-189,0
9742,-189,0
9743,-189,0
9744,-182,0
9745,-183,0
9746,-180,0
9747,-187,0
9748,-186,0
9749,-191,0
9750,-185,0
9751,-186,0
9752,-183,0
9753,-192,0
9754,-190,0
9755,-194,0
9756,-188,0
9757,-194,0
9758,-182,0
9759,-190,0
9760,-192,0
9761,-189,0
9762,-190,0
9763,-190,0
9764,-181,0
9765,-185,0
9766,-184,0
9767,-185,0
9768,-191,0
9769,-182,0
9770,-188,0
9771,-187,0
9772,-193,0
9773,-182,0
9774,-185,0
9775,-183,0
9776,-181,0
9777,-188,0
9778,-197,0
9779,-190,0
9780,-184,0
9781,-199,0
9782,-186,0
9783,-195,0
9784,-190,0
9785,-195,0
9786,-187,0
9787,-183,0
9788,-189,0
9789,-187,0
9790,-184,0
9791,-183,0
9792,-184,0
9793,-192,0
9794,-199,0
9795,-191,0
9796,-184,0
9797,-186,0
9798,-185,0
9799,-184,0
9800,-189,0
9801,-199,0
9802,-189,0
9803,-184,0
9804,-194,0
9805,-190,0
9806,-183,0
9807,-189,0
9808,-191,0
9809,-185,0
9810,-188,0
9811,-186,0
9812,-182,0
9813,-185,0
9814,-194,0
9815,-193,0
9816,-188,0
9817,-193,0
9818,-182,0
9819,-193,0
9820,-190,0
9821,-186,0
9822,-181,0
9823,-183,0
9824,-191,0
9825,-180,0
9826,-191,0
9827,-183,0
9828,-183,0
9829,-187,0
9830,-191,0
9831,-182,0
9832,-196,0
9833,-195,0
9834,-179,0
9835,-187,0
9836,-191,0
9837,-183,0
9838,-181,0
9839,-193,0
9840,-185,0
9841,-180,0
9842,-190,0
9843,-183,0
9844,-191,0
9845,-192,0
9846,-188,0
9847,-190,0
9848,-186,0
9849,-198,0
9850,-188,0
9851,-185,0
9852,-189,0
9853,-189,0
9854,-183,0
9855,-190,0
9856,-193,0
9857,-188,0
9858,-187,0
9859,-192,0
9860,-193,0
9861,-183,0
9862,-184,0
9863,-196,0
9864,-184,0
9865,-190,0
9866,-186,0
9867,-192,0
9868,-182,0
9869,-189,0
9870,-198,0
9871,-190,0
9872,-194,0
9873,-194,0
9874,-191,0
9875,-194,0
9876,-193,0
9877,-183,0
9878,-196,0
9879,-198,0
9880,-194,0
9881,-195,0
9882,-190,0
9883,-187,0
9884,-180,0
9885,-194,0
9886,-187,0
9887,-197,0
9888,-189,0
9889,-188,0
9890,-189,0
9891,-201,0
9892,-188,0
9893,-194,0
9894,-191,0
9895,-185,0
9896,-181,0
9897,-191,0
9898,-198,0
9899,-199,0
9900,-185,0
9901,-193,0
9902,-188,0
9903,-182,0
9904,-180,0
9905,-199,0
9906,-184,0
9907,-195,0
9908,-199,0
9909,-191,0
9910,-186,0
9911,-189,0
9912,-191,0
9913,-186,0
9914,-193,0
9915,-181,0
9916,-190,0
9917,-187,0
9918,-188,0
9919,-197,0
9920,-188,0
9921,-191,0
9922,-199,0
9923,-190,0
9924,-184,0
9925,-183,0
9926,-191,0
9927,-183,0
9928,-198,0
9929,-190,0
9930,-182,0
9931,-189,0
9932,-186,0
9933,-189,0
9934,-186,0
9935,-184,0
9936,-189,0
9937,-195,0
9938,-187,0
9939,-188,0
9940,-190,0
9941,-186,0
9942,-192,0
9943,-192,0
9944,-186,0
9945,-184,0
9946,-185,0
9947,-192,0
9948,-189,0
9949,-201,0
9950,-181,0
9951,-200,0
9952,-178,0
9953,-194,0
9954,-190,0
9955,-187,0
9956,-190,0
9957,-181,0
9958,-192,0
9959,-189,0
9960,-186,0
9961,-189,0
9962,-200,0
9963,-182,0
9964,-199,0
9965,-193,0
9966,-186,0
9967,-191,0
9968,-187,0
9969,-194,0
9970,-179,0
9971,-185,0
9972,-181,0
9973,-199,0
9974,-193,0
9975,-188,0
9976,-183,0
9977,-191,0
9978,-182,0
9979,-177,0
9980,-185,0
9981,-192,0
9982,-193,0
9983,-184,0
9984,-193,0
9985,-191,0
9986,-190,0
9987,-197,0
9988,-183,0
9989,-181,0
9990,-193,0
9991,-194,0
9992,-184,0
9993,-189,0
9994,-190,0
9995,-194,0
9996,-199,0
9997,-189,0
9998,-192,0
9999,-190,0
10000,-190,0
10001,-189,0
10002,-187,0
10003,-191,0
10004,-191,0
10005,-190,0
10006,-191,0
10007,-198,0
10008,-197,0
10009,-195,0
10010,-188,0
10011,-189,0
10012,-185,0
10013,-190,0
10014,-194,0
10015,-190,0
10016,-187,0
10017,-187,0
10018,-192,0
10019,-181,0
10020,-193,0
10021,-193,0
10022,-192,0
10023,-186,0
10024,-184,0
10025,-185,0
10026,-188,0
10027,-182,0
10028,-200,0
10029,-198,0
10030,-190,0
10031,-181,0
10032,-194,0
10033,-190,0
10034,-192,0
10035,-188,0
10036,-202,0
10037,-188,0
10038,-184,0
10039,-188,0
10040,-189,0
10041,-184,0
10042,-187,0
10043,-184,0
10044,-190,0
10045,-192,0
10046,-187,0
10047,-192,0
10048,-192,0
10049,-188,0
10050,-191,0
10051,-178,0
10052,-186,0
10053,-192,0
10054,-190,0
10055,-188,0
10056,-185,0
10057,-202,0
10058,-184,0
10059,-187,0
10060,-188,0
10061,-179,0
10062,-186,0
10063,-193,0
10064,-185,0
10065,-191,0
10066,-192,0
10067,-180,0
10068,-186,0
10069,-187,0
10070,-202,0
10071,-197,0
10072,-183,0
10073,-192,0
10074,-193,0
10075,-200,0
10076,-182,0
10077,-182,0
10078,-190,0
10079,-179,0
10080,-192,0
10081,-188,0
10082,-198,0
10083,-196,0
10084,-187,0
10085,-190,0
10086,-189,0
10087,-185,0
10088,-185,0
10089,-187,0
10090,-198,0
10091,-198,0
10092,-192,0
10093,-187,0
10094,-192,0
10095,-198,0
10096,-188,0
10097,-183,0
10098,-191,0
10099,-186,0
10100,-183,0
10101,-193,0
10102,-187,0
10103,-191,0
10104,-189,0
10105,-188,0
10106,-184,0
10107,-185,0
10108,-193,0
10109,-190,0
10110,-202,0
10111,-194,0
10112,-185,0
10113,-184,0
10114,-184,0
10115,-194,0
10116,-190,0
10117,-197,0
10118,-187,0
10119,-189,0
10120,-183,0
10121,-181,0
10122,-190,0
10123,-191,0
10124,-205,0
10125,-197,0
10126,-194,0
10127,-193,0
10128,-188,0
10129,-190,0
10130,-184,0
10131,-198,0
10132,-202,0
10133,-183,0
10134,-193,0
10135,-179,0
10136,-194,0
10137,-194,0
10138,-191,0
10139,-191,0
10140,-187,0
10141,-192,0
10142,-194,0
10143,-182,0
10144,-191,0
10145,-195,0
10146,-186,0
10147,-185,0
10148,-189,0
10149,-191,0
10150,-190,0
10151,-190,0
10152,-186,0
10153,-194,0
10154,-183,0
10155,-194,0
10156,-183,0
10157,-189,0
10158,-193,0
10159,-197,0
10160,-182,0
10161,-192,0
10162,-189,0
10163,-193,0
10164,-191,0
10165,-197,0
10166,-191,0
10167,-194,0
10168,-201,0
10169,-179,0
10170,-194,0
10171,-188,0
10172,-184,0
10173,-200,0
10174,-192,0
10175,-195,0
10176,-190,0
10177,-191,0
10178,-202,0
10179,-191,0
10180,-191,0
10181,-197,0
10182,-187,0
10183,-194,0
10184,-185,0
10185,-193,0
10186,-190,0
10187,-196,0
10188,-189,0
10189,-192,0
10190,-202,0
10191,-189,0
10192,-187,0
10193,-195,0
10194,-194,0
10195,-190,0
10196,-195,0
10197,-193,0
10198,-186,0
10199,-182,0
10200,-191,0
10201,-182,0
10202,-189,0
10203,-188,0
10204,-189,0
10205,-205,0
10206,-187,0
10207,-194,0
10208,-191,0
10209,-189,0
10210,-200,0
10211,-197,0
10212,-192,0
10213,-192,0
10214,-195,0
10215,-188,0
10216,-186,0
10217,-187,0
10218,-193,0
10219,-199,0
10220,-187,0
10221,-183,0
10222,-191,0
10223,-185,0
10224,-184,0
10225,-196,0
10226,-188,0
10227,-188,0
10228,-185,0
10229,-196,0
10230,-188,0
10231,-192,0
10232,-194,0
10233,-185,0
10234,-186,0
10235,-193,0
10236,-187,0
10237,-191,0
10238,-190,0
10239,-187,0
10240,-185,0
10241,-184,0
10242,-187,0
10243,-202,0
10244,-189,0
10245,-195,0
10246,-190,0
10247,-187,0
10248,-206,0
10249,-189,0
10250,-194,0
10251,-190,0
10252,-192,0
10253,-188,0
10254,-193,0
10255,-198,0
10256,-191,0
10257,-194,0
10258,-185,0
10259,-193,0
10260,-185,0
10261,-191,0
10262,-196,0
10263,-199,0
10264,-186,0
10265,-193,0
10266,-196,0
10267,-190,0
10268,-189,0
10269,-198,0
10270,-193,0
10271,-193,0
10272,-184,0
10273,-183,0
10274,-188,0
10275,-188,0
10276,-190,0
10277,-197,0
10278,-186,0
10279,-190,0
10280,-189,0
10281,-186,0
10282,-195,0
10283,-183,0
10284,-198,0
10285,-196,0
10286,-192,0
10287,-197,0
10288,-194,0
10289,-193,0
10290,-187,0
10291,-190,0
10292,-195,0
10293,-196,0
10294,-187,0
10295,-186,0
10296,-179,0
10297,-197,0
10298,-185,0
10299,-191,0
10300,-196,0
10301,-190,0
10302,-191,0
10303,-196,0
10304,-188,0
10305,-195,0
10306,-183,0
10307,-196,0
10308,-195,0
10309,-193,0
10310,-196,0
10311,-186,0
10312,-182,0
10313,-195,0
10314,-198,0
10315,-201,0
10316,-194,0
10317,-187,0
10318,-192,0
10319,-189,0
10320,-188,0
10321,-193,0
10322,-188,0
10323,-193,0
10324,-177,0
10325,-187,0
10326,-185,0
10327,-195,0
10328,-195,0
10329,-193,0
10330,-195,0
10331,-198,0
10332,-184,0
10333,-185,0
10334,-193,0
10335,-186,0
10336,-194,0
10337,-185,0
10338,-196,0
10339,-200,0
10340,-189,0
10341,-192,0
10342,-187,0
10343,-184,0
10344,-185,0
10345,-197,0
10346,-197,0
10347,-186,0
10348,-187,0
10349,-192,0
10350,-193,0
10351,-184,0
10352,-191,0
10353,-196,0
10354,-187,0
10355,-193,0
10356,-189,0
10357,-189,0
10358,-191,0
10359,-199,0
10360,-195,0
10361,-184,0
10362,-187,0
10363,-193,0
10364,-193,0
10365,-192,0
10366,-200,0
10367,-186,0
10368,-180,0
10369,-189,0
10370,-186,0
10371,-189,0
10372,-191,0
10373,-188,0
10374,-195,0
10375,-192,0
10376,-192,0
10377,-190,0
10378,-185,0
10379,-195,0
10380,-189,0
10381,-194,0
10382,-192,0
10383,-193,0
10384,-189,0
10385,-184,0
10386,-194,0
10387,-183,0
10388,-185,0
10389,-185,0
10390,-187,0
10391,-194,0
10392,-198,0
10393,-183,0
10394,-193,0
10395,-184,0
10396,-189,0
10397,-189,0
10398,-189,0
10399,-185,0
10400,-199,0
10401,-188,0
10402,-183,0
10403,-191,0
10404,-194,0
10405,-193,0
10406,-191,0
10407,-189,0
10408,-188,0
10409,-195,0
10410,-188,0
10411,-197,0
10412,-192,0
10413,-197,0
10414,-197,0
10415,-185,0
10416,-197,0
10417,-187,0
10418,-196,0
10419,-188,0
10420,-193,0
10421,-187,0
10422,-197,0
10423,-194,0
10424,-193,0
10425,-187,0
10426,-203,0
10427,-194,0
10428,-181,0
10429,-198,0
10430,-195,0
10431,-187,0
10432,-189,0
10433,-193,0
10434,-186,0
10435,-195,0
10436,-190,0
10437,-196,0
10438,-195,0
10439,-187,0
10440,-187,0
10441,-183,0
10442,-190,0
10443,-186,0
10444,-198,0
10445,-187,0
10446,-192,0
10447,-194,0
10448,-193,0
10449,-189,0
10450,-192,0
10451,-186,0
10452,-198,0
10453,-199,0
10454,-195,0
10455,-193,0
10456,-201,0
10457,-190,0
10458,-199,0
10459,-205,0
10460,-190,0
10461,-188,0
10462,-186,0
10463,-185,0
10464,-177,0
10465,-191,0
10466,-188,0
10467,-191,0
10468,-191,0
10469,-193,0
10470,-189,0
10471,-196,0
10472,-192,0
10473,-196,0
10474,-183,0
10475,-192,0
10476,-186,0
10477,-189,0
10478,-199,0
10479,-184,0
10480,-194,0
10481,-194,0
10482,-191,0
10483,-191,0
10484,-203,0
10485,-189,0
10486,-188,0
10487,-187,0
10488,-198,0
10489,-194,0
10490,-195,0
10491,-196,0
10492,-186,0
10493,-186,0
10494,-183,0
10495,-194,0
10496,-195,0
10497,-194,0
10498,-187,0
10499,-190,0
10500,-195,0
10501,-193,0
10502,-195,0
10503,-195,0
10504,-193,0
10505,-187,0
10506,-191,0
10507,-193,0
10508,-187,0
10509,-194,0
10510,-191,0
10511,-190,0
10512,-193,0
10513,-198,0
10514,-190,0
10515,-185,0
10516,-193,0
10517,-194,0
10518,-191,0
10519,-196,0
10520,-199,0
10521,-189,0
10522,-187,0
10523,-194,0
10524,-199,0
10525,-196,0
10526,-190,0
10527,-186,0
10528,-191,0
10529,-195,0
10530,-191,0
10531,-201,0
10532,-191,0
10533,-192,0
10534,-188,0
10535,-191,0
10536,-191,0
10537,-191,0
10538,-193,0
10539,-196,0
10540,-183,0
10541,-193,0
10542,-186,0
10543,-183,0
10544,-188,0
10545,-192,0
10546,-184,0
10547,-191,0
10548,-181,0
10549,-195,0
10550,-199,0
10551,-195,0
10552,-188,0
10553,-190,0
10554,-201,0
10555,-194,0
10556,-200,0
10557,-188,0
10558,-183,0
10559,-184,0
10560,-184,0
10561,-187,0
10562,-194,0
10563,-193,0
10564,-185,0
10565,-196,0
10566,-186,0
10567,-187,0
10568,-194,0
10569,-190,0
10570,-193,0
10571,-196,0
10572,-192,0
10573,-192,0
10574,-195,0
10575,-183,0
10576,-193,0
10577,-188,0
10578,-197,0
10579,-194,0
10580,-187,0
10581,-187,0
10582,-197,0
10583,-194,0
10584,-201,0
10585,-194,0
10586,-194,0
10587,-195,0
10588,-180,0
10589,-191,0
10590,-190,0
10591,-194,0
10592,-190,0
10593,-188,0
10594,-187,0
10595,-193,0
10596,-198,0
10597,-181,0
10598,-187,0
10599,-196,0
10600,-192,0
10601,-193,0
10602,-192,0
10603,-191,0
10604,-185,0
10605,-197,0
10606,-194,0
10607,-199,0
10608,-193,0
10609,-191,0
10610,-193,0
10611,-199,0
10612,-198,0
10613,-191,0
10614,-201,0
10615,-187,0
10616,-198,0
10617,-197,0
10618,-202,0
10619,-194,0
10620,-190,0
10621,-194,0
10622,-202,0
10623,-196,0
10624,-192,0
10625,-192,0
10626,-197,0
10627,-198,0
10628,-191,0
10629,-188,0
10630,-194,0
10631,-197,0
10632,-183,0
10633,-197,0
10634,-200,0
10635,-189,0
10636,-196,0
10637,-184,0
10638,-190,0
10639,-199,0
10640,-200,0
10641,-207,0
10642,-189,0
10643,-194,0
10644,-188,0
10645,-179,0
10646,-183,0
10647,-197,0
10648,-189,0
10649,-197,0
10650,-191,0
10651,-190,0
10652,-182,0
10653,-198,0
10654,-180,0
10655,-185,0
10656,-194,0
10657,-185,0
10658,-194,0
10659,-189,0
10660,-193,0
10661,-187,0
10662,-201,0
10663,-193,0
10664,-190,0
10665,-189,0
10666,-195,0
10667,-197,0
10668,-192,0
10669,-191,0
10670,-189,0
10671,-195,0
10672,-189,0
10673,-200,0
10674,-194,0
10675,-186,0
10676,-189,0
10677,-192,0
10678,-187,0
10679,-191,0
10680,-197,0
10681,-198,0
10682,-191,0
10683,-193,0
10684,-198,0
10685,-191,0
10686,-195,0
10687,-191,0
10688,-187,0
10689,-197,0
10690,-194,0
10691,-186,0
10692,-194,0
10693,-190,0
10694,-203,0
10695,-195,0
10696,-195,0
10697,-182,0
10698,-190,0
10699,-195,0
10700,-193,0
10701,-187,0
10702,-192,0
10703,-185,0
10704,-182,0
10705,-192,0
10706,-186,0
10707,-187,0
10708,-191,0
10709,-197,0
10710,-188,0
10711,-199,0
10712,-190,0
10713,-195,0
10714,-187,0
10715,-182,0
10716,-195,0
10717,-200,0
10718,-193,0
10719,-192,0
10720,-197,0
10721,-197,0
10722,-197,0
10723,-195,0
10724,-183,0
10725,-198,0
10726,-190,0
10727,-192,0
10728,-186,0
10729,-191,0
10730,-190,0
10731,-193,0
10732,-184,0
10733,-192,0
10734,-183,0
10735,-190,0
10736,-186,0
10737,-201,0
10738,-190,0
10739,-193,0
10740,-187,0
10741,-192,0
10742,-197,0
10743,-199,0
10744,-191,0
10745,-189,0
10746,-187,0
10747,-192,0
10748,-189,0
10749,-201,0
10750,-201,0
10751,-193,0
10752,-187,0
10753,-191,0
10754,-195,0
10755,-194,0
10756,-194,0
10757,-193,0
10758,-191,0
10759,-191,0
10760,-189,0
10761,-189,0
10762,-194,0
10763,-193,0
10764,-193,0
10765,-188,0
10766,-195,0
10767,-189,0
10768,-185,0
10769,-189,0
10770,-189,0
10771,-188,0
10772,-198,0
10773,-192,0
10774,-199,0
10775,-200,0
10776,-195,0
10777,-188,0
10778,-196,0
10779,-192,0
10780,-186,0
10781,-189,0
10782,-190,0
10783,-194,0
10784,-195,0
10785,-198,0
10786,-201,0
10787,-180,0
10788,-188,0
10789,-184,0
10790,-193,0
10791,-195,0
10792,-199,0
10793,-189,0
10794,-188,0
10795,-193,0
10796,-204,0
10797,-189,0
10798,-196,0
10799,-192,0
10800,-202,0
10801,-194,0
10802,-199,0
10803,-197,0
10804,-191,0
10805,-196,0
10806,-192,0
10807,-192,0
10808,-191,0
10809,-185,0
10810,-193,0
10811,-195,0
10812,-191,0
10813,-194,0
10814,-201,0
10815,-200,0
10816,-197,0
10817,-192,0
10818,-182,0
10819,-197,0
10820,-189,0
10821,-185,0
10822,-197,0
10823,-185,0
10824,-195,0
10825,-194,0
10826,-189,0
10827,-195,0
10828,-186,0
10829,-197,0
10830,-194,0
10831,-200,0
10832,-202,0
10833,-195,0
10834,-189,0
10835,-194,0
10836,-205,0
10837,-186,0
10838,-193,0
10839,-200,0
10840,-197,0
10841,-186,0
10842,-182,0
10843,-201,0
10844,-205,0
10845,-189,0
10846,-198,0
10847,-191,0
10848,-196,0
10849,-193,0
10850,-198,0
10851,-192,0
10852,-191,0
10853,-195,0
10854,-194,0
10855,-193,0
10856,-196,0
10857,-190,0
10858,-195,0
10859,-195,0
10860,-182,0
10861,-197,0
10862,-192,0
10863,-188,0
10864,-202,0
10865,-181,0
10866,-193,0
10867,-186,0
10868,-190,0
10869,-192,0
10870,-191,0
10871,-193,0
10872,-192,0
10873,-201,0
10874,-196,0
10875,-199,0
10876,-193,0
10877,-192,0
10878,-192,0
10879,-192,0
10880,-196,0
10881,-190,0
10882,-195,0
10883,-193,0
10884,-193,0
10885,-193,0
10886,-194,0
10887,-197,0
10888,-196,0
10889,-188,0
10890,-204,0
10891,-185,0
10892,-197,0
10893,-191,0
10894,-195,0
10895,-189,0
10896,-197,0
10897,-187,0
10898,-192,0
10899,-193,0
10900,-193,0
10901,-190,0
10902,-197,0
10903,-180,0
10904,-190,0
10905,-199,0
10906,-191,0
10907,-193,0
10908,-192,0
10909,-190,0
10910,-190,0
10911,-190,0
10912,-189,0
10913,-194,0
10914,-197,0
10915,-192,0
10916,-190,0
10917,-198,0
10918,-194,0
10919,-190,0
10920,-197,0
10921,-194,0
10922,-200,0
10923,-187,0
10924,-195,0
10925,-199,0
10926,-201,0
10927,-200,0
10928,-200,0
10929,-192,0
10930,-200,0
10931,-198,0
10932,-195,0
10933,-195,0
10934,-193,0
10935,-192,0
10936,-187,0
10937,-198,0
10938,-205,0
10939,-197,0
10940,-197,0
10941,-196,0
10942,-205,0
10943,-190,0
10944,-198,0
10945,-188,0
10946,-202,0
10947,-191,0
10948,-200,0
10949,-197,0
10950,-196,0
10951,-193,0
10952,-200,0
10953,-191,0
10954,-199,0
10955,-194,0
10956,-186,0
10957,-191,0
10958,-194,0
10959,-196,0
10960,-194,0
10961,-201,0
10962,-198,0
10963,-188,0
10964,-200,0
10965,-190,0
10966,-188,0
10967,-195,0
10968,-188,0
10969,-192,0
10970,-197,0
10971,-194,0
10972,-195,0
10973,-194,0
10974,-205,0
10975,-200,0
10976,-194,0
10977,-193,0
10978,-201,0
10979,-187,0
10980,-192,0
10981,-187,0
10982,-192,0
10983,-192,0
10984,-191,0
10985,-195,0
10986,-195,0
10987,-187,0
10988,-186,0
10989,-197,0
10990,-180,0
10991,-199,0
10992,-194,0
10993,-198,0
10994,-195,0
10995,-193,0
10996,-194,0
10997,-189,0
10998,-193,0
10999,-196,0
11000,-193,0
11001,-191,0
11002,-191,0
11003,-185,0
11004,-188,0
11005,-199,0
11006,-195,0
11007,-190,0
11008,-186,0
11009,-189,0
11010,-197,0
11011,-191,0
11012,-191,0
11013,-202,0
11014,-202,0
11015,-201,0
11016,-189,0
11017,-184,0
11018,-186,0
11019,-194,0
11020,-199,0
11021,-194,0
11022,-186,0
11023,-182,0
11024,-194,0
11025,-194,0
11026,-195,0
11027,-192,0
11028,-194,0
11029,-200,0
11030,-194,0
11031,-200,0
11032,-199,0
11033,-190,0
11034,-202,0
11035,-198,0
11036,-191,0
11037,-195,0
11038,-195,0
11039,-194,0
11040,-199,0
11041,-191,0
11042,-189,0
11043,-195,0
11044,-195,0
11045,-190,0
11046,-192,0
11047,-192,0
11048,-194,0
11049,-193,0
11050,-192,0
11051,-196,0
11052,-199,0
11053,-197,0
11054,-203,0
11055,-187,0
11056,-193,0
11057,-189,0
11058,-198,0
11059,-191,0
11060,-186,0
11061,-184,0
11062,-191,0
11063,-197,0
11064,-190,0
11065,-196,0
11066,-198,0
11067,-194,0
11068,-186,0
11069,-198,0
11070,-204,0
11071,-199,0
11072,-196,0
11073,-193,0
11074,-196,0
11075,-195,0
11076,-190,0
11077,-190,0
11078,-197,0
11079,-188,0
11080,-202,0
11081,-199,0
11082,-195,0
11083,-196,0
11084,-187,0
11085,-186,0
11086,-196,0
11087,-190,0
11088,-188,0
11089,-197,0
11090,-199,0
11091,-199,0
11092,-193,0
11093,-200,0
11094,-187,0
11095,-197,0
11096,-190,0
11097,-189,0
11098,-206,0
11099,-206,0
11100,-198,0
11101,-200,0
11102,-196,0
11103,-193,0
11104,-198,0
11105,-196,0
11106,-193,0
11107,-206,0
11108,-201,0
11109,-193,0
11110,-205,0
11111,-193,0
11112,-197,0
11113,-190,0
11114,-188,0
11115,-203,0
11116,-200,0
11117,-187,0
11118,-190,0
11119,-201,0
11120,-191,0
11121,-194,0
11122,-195,0
11123,-195,0
11124,-187,0
11125,-204,0
11126,-189,0
11127,-194,0
11128,-192,0
11129,-188,0
11130,-204,0
11131,-188,0
11132,-198,0
11133,-194,0
11134,-189,0
11135,-189,0
11136,-191,0
11137,-190,0
11138,-194,0
11139,-192,0
11140,-194,0
11141,-193,0
11142,-201,0
11143,-184,0
11144,-200,0
11145,-188,0
11146,-195,0
11147,-195,0
11148,-188,0
11149,-202,0
11150,-189,0
11151,-192,0
11152,-202,0
11153,-192,0
11154,-191,0
11155,-195,0
11156,-191,0
11157,-207,0
11158,-197,0
11159,-192,0
11160,-199,0
11161,-196,0
11162,-192,0
11163,-192,0
11164,-195,0
11165,-202,0
11166,-196,0
11167,-189,0
11168,-188,0
11169,-203,0
11170,-188,0
11171,-198,0
11172,-195,0
11173,-189,0
11174,-188,0
11175,-197,0
11176,-189,0
11177,-192,0
11178,-192,0
11179,-195,0
11180,-188,0
11181,-203,0
11182,-187,0
11183,-202,0
11184,-196,0
11185,-194,0
11186,-195,0
11187,-191,0
11188,-190,0
11189,-193,0
11190,-198,0
11191,-198,0
11192,-193,0
11193,-196,0
11194,-186,0
11195,-207,0
11196,-185,0
11197,-196,0
11198,-194,0
11199,-194,0
11200,-196,0
11201,-194,0
11202,-192,0
11203,-193,0
11204,-192,0
11205,-191,0
11206,-185,0
11207,-207,0
11208,-199,0
11209,-193,0
11210,-202,0
11211,-192,0
11212,-197,0
11213,-206,0
11214,-188,0
11215,-194,0
11216,-193,0
11217,-197,0
11218,-187,0
11219,-193,0
11220,-199,0
11221,-190,0
11222,-198,0
11223,-190,0
11224,-186,0
11225,-193,0
11226,-191,0
11227,-196,0
11228,-202,0
11229,-194,0
11230,-202,0
11231,-200,0
11232,-196,0
11233,-202,0
11234,-192,0
11235,-198,0
11236,-203,0
11237,-193,0
11238,-202,0
11239,-193,0
11240,-191,0
11241,-197,0
11242,-192,0
11243,-201,0
11244,-200,0
11245,-196,0
11246,-195,0
11247,-200,0
11248,-192,0
11249,-193,0
11250,-193,0
11251,-193,0
11252,-190,0
11253,-193,0
11254,-202,0
11255,-204,0
11256,-194,0
11257,-194,0
11258,-202,0
11259,-192,0
11260,-202,0
11261,-198,0
11262,-196,0
11263,-191,0
11264,-197,0
11265,-190,0
11266,-191,0
11267,-190,0
11268,-191,0
11269,-198,0
11270,-193,0
11271,-203,0
11272,-190,0
11273,-195,0
11274,-194,0
11275,-205,0
11276,-201,0
11277,-194,0
11278,-199,0
11279,-203,0
11280,-187,0
11281,-192,0
11282,-194,0
11283,-205,0
11284,-190,0
11285,-196,0
11286,-189,0
11287,-200,0
11288,-194,0
11289,-188,0
11290,-199,0
11291,-190,0
11292,-198,0
11293,-193,0
11294,-197,0
11295,-195,0
11296,-198,0
11297,-201,0
11298,-200,0
11299,-191,0
11300,-185,0
11301,-194,0
11302,-193,0
11303,-190,0
11304,-200,0
11305,-199,0
11306,-189,0
11307,-190,0
11308,-206,0
11309,-191,0
11310,-196,0
11311,-188,0
11312,-196,0
11313,-197,0
11314,-194,0
11315,-194,0
11316,-199,0
11317,-188,0
11318,-193,0
11319,-203,0
11320,-196,0
11321,-185,0
11322,-187,0
11323,-196,0
11324,-195,0
11325,-187,0
11326,-203,0
11327,-199,0
11328,-190,0
11329,-194,0
11330,-200,0
11331,-193,0
11332,-196,0
11333,-192,0
11334,-190,0
11335,-194,0
11336,-199,0
11337,-197,0
11338,-188,0
11339,-191,0
11340,-194,0
11341,-187,0
11342,-191,0
11343,-200,0
11344,-193,0
11345,-190,0
11346,-196,0
11347,-200,0
11348,-196,0
11349,-184,0
11350,-197,0
11351,-190,0
11352,-198,0
11353,-185,0
11354,-192,0
11355,-202,0
11356,-201,0
11357,-199,0
11358,-199,0
11359,-192,0
11360,-195,0
11361,-198,0
11362,-199,0
11363,-195,0
11364,-199,0
11365,-196,0
11366,-186,0
11367,-198,0
11368,-191,0
11369,-203,0
11370,-200,0
11371,-192,0
11372,-193,0
11373,-200,0
11374,-185,0
11375,-191,0
11376,-191,0
11377,-200,0
11378,-197,0
11379,-191,0
11380,-201,0
11381,-198,0
11382,-201,0
11383,-192,0
11384,-198,0
11385,-191,0
11386,-207,0
11387,-199,0
11388,-203,0
11389,-197,0
11390,-188,0
11391,-197,0
11392,-197,0
11393,-201,0
11394,-189,0
11395,-192,0
11396,-197,0
11397,-193,0
11398,-197,0
11399,-200,0
11400,-188,0
11401,-185,0
11402,-197,0
11403,-182,0
11404,-192,0
11405,-197,0
11406,-186,0
11407,-197,0
11408,-194,0
11409,-195,0
11410,-194,0
11411,-197,0
11412,-203,0
11413,-188,0
11414,-193,0
11415,-200,0
11416,-189,0
11417,-195,0
11418,-196,0
11419,-186,0
11420,-192,0
11421,-189,0
11422,-191,0
11423,-193,0
11424,-192,0
11425,-191,0
11426,-197,0
11427,-193,0
11428,-195,0
11429,-185,0
11430,-190,0
11431,-197,0
11432,-195,0
11433,-195,0
11434,-194,0
11435,-198,0
11436,-197,0
11437,-196,0
11438,-195,0
11439,-188,0
11440,-187,0
11441,-201,0
11442,-200,0
11443,-193,0
11444,-193,0
11445,-198,0
11446,-197,0
11447,-201,0
11448,-190,0
11449,-206,0
11450,-195,0
11451,-202,0
11452,-193,0
11453,-195,0
11454,-190,0
11455,-205,0
11456,-191,0
11457,-197,0
11458,-189,0
11459,-191,0
11460,-192,0
11461,-188,0
11462,-194,0
11463,-201,0
11464,-189,0
11465,-194,0
11466,-197,0
11467,-205,0
11468,-200,0
11469,-198,0
11470,-199,0
11471,-199,0
11472,-194,0
11473,-188,0
11474,-194,0
11475,-193,0
11476,-198,0
11477,-201,0
11478,-191,0
11479,-197,0
11480,-195,0
11481,-202,0
11482,-197,0
11483,-191,0
11484,-192,0
11485,-202,0
11486,-197,0
11487,-195,0
11488,-201,0
11489,-195,0
11490,-198,0
11491,-195,0
11492,-199,0
11493,-194,0
11494,-193,0
11495,-200,0
11496,-198,0
11497,-206,0
11498,-194,0
11499,-205,0
11500,-194,0
11501,-189,0
11502,-199,0
11503,-205,0
11504,-202,0
11505,-209,0
11506,-195,0
11507,-189,0
11508,-192,0
11509,-193,0
11510,-195,0
11511,-196,0
11512,-190,0
11513,-193,0
11514,-208,0
11515,-201,0
11516,-197,0
11517,-195,0
11518,-203,0
11519,-195,0
11520,-197,0
11521,-192,0
11522,-202,0
11523,-204,0
11524,-196,0
11525,-189,0
11526,-202,0
11527,-190,0
11528,-200,0
11529,-199,0
11530,-192,0
11531,-195,0
11532,-199,0
11533,-191,0
11534,-201,0
11535,-188,0
11536,-197,0
11537,-195,0
11538,-188,0
11539,-204,0
11540,-196,0
11541,-193,0
11542,-206,0
11543,-199,0
11544,-199,0
11545,-190,0
11546,-197,0
11547,-203,0
11548,-200,0
11549,-199,0
11550,-201,0
11551,-190,0
11552,-197,0
11553,-188,0
11554,-201,0
11555,-197,0
11556,-199,0
11557,-200,0
11558,-193,0
11559,-199,0
11560,-194,0
11561,-201,0
11562,-191,0
11563,-197,0
11564,-199,0
11565,-200,0
11566,-201,0
11567,-187,0
11568,-199,0
11569,-196,0
11570,-198,0
11571,-194,0
11572,-199,0
11573,-195,0
11574,-197,0
11575,-201,0
11576,-191,0
11577,-196,0
11578,-199,0
11579,-190,0
11580,-197,0
11581,-197,0
11582,-192,0
11583,-198,0
11584,-195,0
11585,-191,0
11586,-204,0
11587,-196,0
11588,-188,0
11589,-191,0
11590,-199,0
11591,-198,0
11592,-198,0
11593,-196,0
11594,-196,0
11595,-197,0
11596,-196,0
11597,-201,0
11598,-195,0
11599,-205,0
11600,-195,0
11601,-198,0
11602,-191,0
11603,-191,0
11604,-190,0
11605,-210,0
11606,-190,0
11607,-194,0
11608,-196,0
11609,-194,0
11610,-195,0
11611,-195,0
11612,-200,0
11613,-200,0
11614,-214,0
11615,-202,0
11616,-188,0
11617,-198,0
11618,-192,0
11619,-196,0
11620,-203,0
11621,-199,0
11622,-196,0
11623,-204,0
11624,-197,0
11625,-197,0
11626,-196,0
11627,-199,0
11628,-197,0
11629,-200,0
11630,-198,0
11631,-202,0
11632,-192,0
11633,-191,0
11634,-209,0
11635,-201,0
11636,-199,0
11637,-197,0
11638,-196,0
11639,-188,0
11640,-206,0
11641,-196,0
11642,-196,0
11643,-198,0
11644,-206,0
11645,-195,0
11646,-189,0
11647,-200,0
11648,-198,0
11649,-191,0
11650,-198,0
11651,-198,0
11652,-197,0
11653,-201,0
11654,-195,0
11655,-196,0
11656,-199,0
11657,-198,0
11658,-187,0
11659,-198,0
11660,-198,0
11661,-192,0
11662,-195,0
11663,-203,0
11664,-194,0
11665,-199,0
11666,-202,0
11667,-200,0
11668,-196,0
11669,-196,0
11670,-199,0
11671,-203,0
11672,-198,0
11673,-193,0
11674,-187,0
11675,-198,0
11676,-204,0
11677,-191,0
11678,-191,0
11679,-202,0
11680,-192,0
11681,-188,0
11682,-200,0
11683,-200,0
11684,-203,0
11685,-198,0
11686,-201,0
11687,-186,0
11688,-200,0
11689,-198,0
11690,-197,0
11691,-204,0
11692,-201,0
11693,-191,0
11694,-201,0
11695,-193,0
11696,-196,0
11697,-199,0
11698,-202,0
11699,-191,0
11700,-203,0
11701,-193,0
11702,-188,0
11703,-192,0
11704,-204,0
11705,-201,0
11706,-199,0
11707,-199,0
11708,-198,0
11709,-194,0
11710,-190,0
11711,-197,0
11712,-200,0
11713,-199,0
11714,-191,0
11715,-197,0
11716,-198,0
11717,-193,0
11718,-190,0
11719,-196,0
11720,-199,0
11721,-204,0
11722,-192,0
11723,-193,0
11724,-202,0
11725,-198,0
11726,-201,0
11727,-189,0
11728,-201,0
11729,-198,0
11730,-201,0
11731,-200,0
11732,-198,0
11733,-202,0
11734,-186,0
11735,-194,0
11736,-199,0
11737,-200,0
11738,-204,0
11739,-202,0
11740,-205,0
11741,-182,0
11742,-197,0
11743,-202,0
11744,-189,0
11745,-199,0
11746,-200,0
11747,-197,0
11748,-199,0
11749,-193,0
11750,-197,0
11751,-201,0
11752,-197,0
11753,-199,0
11754,-195,0
11755,-204,0
11756,-198,0
11757,-197,0
11758,-197,0
11759,-198,0
11760,-202,0
11761,-192,0
11762,-198,0
11763,-199,0
11764,-199,0
11765,-198,0
11766,-203,0
11767,-196,0
11768,-189,0
11769,-205,0
11770,-198,0
11771,-192,0
11772,-193,0
11773,-197,0
11774,-202,0
11775,-213,0
11776,-201,0
11777,-194,0
11778,-198,0
11779,-195,0
11780,-200,0
11781,-204,0
11782,-197,0
11783,-197,0
11784,-199,0
11785,-201,0
11786,-198,0
11787,-200,0
11788,-194,0
11789,-202,0
11790,-193,0
11791,-196,0
11792,-197,0
11793,-203,0
11794,-194,0
11795,-206,0
11796,-203,0
11797,-201,0
11798,-205,0
11799,-194,0
11800,-192,0
11801,-196,0
11802,-190,0
11803,-191,0
11804,-191,0
11805,-194,0
11806,-196,0
11807,-197,0
11808,-196,0
11809,-199,0
11810,-200,0
11811,-195,0
11812,-203,0
11813,-197,0
11814,-182,0
11815,-193,0
11816,-214,0
11817,-200,0
11818,-202,0
11819,-201,0
11820,-198,0
11821,-201,0
11822,-196,0
11823,-196,0
11824,-201,0
11825,-194,0
11826,-201,0
11827,-198,0
11828,-189,0
11829,-189,0
11830,-195,0
11831,-189,0
11832,-201,0
11833,-195,0
11834,-199,0
11835,-201,0
11836,-202,0
11837,-187,0
11838,-195,0
11839,-200,0
11840,-190,0
11841,-197,0
11842,-201,0
11843,-197,0
11844,-188,0
11845,-199,0
11846,-198,0
11847,-202,0
11848,-198,0
11849,-195,0
11850,-200,0
11851,-189,0
11852,-209,0
11853,-203,0
11854,-208,0
11855,-197,0
11856,-193,0
11857,-199,0
11858,-186,0
11859,-191,0
11860,-200,0
11861,-204,0
11862,-203,0
11863,-198,0
11864,-191,0
11865,-203,0
11866,-193,0
11867,-190,0
11868,-192,0
11869,-198,0
11870,-197,0
11871,-192,0
11872,-192,0
11873,-200,0
11874,-201,0
11875,-203,0
11876,-201,0
11877,-193,0
11878,-203,0
11879,-194,0
11880,-197,0
11881,-201,0
11882,-194,0
11883,-193,0
11884,-200,0
11885,-197,0
11886,-208,0
11887,-199,0
11888,-198,0
11889,-189,0
11890,-193,0
11891,-201,0
11892,-201,0
11893,-199,0
11894,-204,0
11895,-211,0
11896,-201,0
11897,-195,0
11898,-195,0
11899,-202,0
11900,-193,0
11901,-201,0
11902,-202,0
11903,-202,0
11904,-206,0
11905,-195,0
11906,-200,0
11907,-190,0
11908,-194,0
11909,-200,0
11910,-195,0
11911,-200,0
11912,-192,0
11913,-209,0
11914,-204,0
11915,-208,0
11916,-201,0
11917,-198,0
11918,-192,0
11919,-208,0
11920,-194,0
11921,-202,0
11922,-196,0
11923,-203,0
11924,-202,0
11925,-192,0
11926,-197,0
11927,-201,0
11928,-201,0
11929,-202,0
11930,-194,0
11931,-191,0
11932,-202,0
11933,-186,0
11934,-191,0
11935,-194,0
11936,-199,0
11937,-188,0
11938,-199,0
11939,-197,0
11940,-200,0
11941,-207,0
11942,-210,0
11943,-202,0
11944,-204,0
11945,-200,0
11946,-201,0
11947,-193,0
11948,-201,0
11949,-196,0
11950,-202,0
11951,-206,0
11952,-209,0
11953,-191,0
11954,-204,0
11955,-200,0
11956,-192,0
11957,-199,0
11958,-198,0
11959,-199,0
11960,-204,0
11961,-205,0
11962,-205,0
11963,-194,0
11964,-198,0
11965,-202,0
11966,-199,0
11967,-187,0
11968,-194,0
11969,-204,0
11970,-197,0
11971,-200,0
11972,-199,0
11973,-196,0
11974,-200,0
11975,-202,0
11976,-193,0
11977,-209,0
11978,-197,0
11979,-202,0
11980,-195,0
11981,-202,0
11982,-203,0
11983,-200,0
11984,-200,0
11985,-204,0
11986,-196,0
11987,-198,0
11988,-204,0
11989,-206,0
11990,-197,0
11991,-203,0
11992,-197,0
11993,-197,0
11994,-195,0
11995,-196,0
11996,-195,0
11997,-198,0
11998,-194,0
11999,-184,0
12000,-196,0
12001,-186,0
12002,-187,0
12003,-190,0
12004,-196,0
12005,-202,0
12006,-206,0
12007,-201,0
12008,-192,0
12009,-207,0
12010,-200,0
12011,-197,0
12012,-192,0
12013,-202,0
12014,-186,0
12015,-194,0
12016,-203,0
12017,-193,0
12018,-191,0
12019,-194,0
12020,-196,0
12021,-203,0
12022,-201,0
12023,-198,0
12024,-206,0
12025,-193,0
12026,-197,0
12027,-202,0
12028,-197,0
12029,-198,0
12030,-194,0
12031,-193,0
12032,-202,0
12033,-205,0
12034,-200,0
12035,-199,0
12036,-194,0
12037,-199,0
12038,-199,0
12039,-207,0
12040,-199,0
12041,-193,0
12042,-199,0
12043,-201,0
12044,-191,0
12045,-196,0
12046,-203,0
12047,-206,0
12048,-199,0
12049,-194,0
12050,-195,0
12051,-192,0
12052,-200,0
12053,-200,0
12054,-192,0
12055,-195,0
12056,-202,0
12057,-200,0
12058,-204,0
12059,-201,0
12060,-202,0
12061,-205,0
12062,-200,0
12063,-196,0
12064,-201,0
12065,-202,0
12066,-197,0
12067,-198,0
12068,-202,0
12069,-200,0
12070,-195,0
12071,-201,0
12072,-200,0
12073,-196,0
12074,-192,0
12075,-209,0
12076,-197,0
12077,-200,0
12078,-200,0
12079,-200,0
12080,-199,0
12081,-195,0
12082,-203,0
12083,-197,0
12084,-213,0
12085,-196,0
12086,-195,0
12087,-199,0
12088,-199,0
12089,-203,0
12090,-209,0
12091,-206,0
12092,-205,0
12093,-202,0
12094,-200,0
12095,-201,0
12096,-190,0
12097,-194,0
12098,-202,0
12099,-205,0
12100,-204,0
12101,-201,0
12102,-202,0
12103,-199,0
12104,-201,0
12105,-205,0
12106,-191,0
12107,-205,0
12108,-190,0
12109,-203,0
12110,-204,0
12111,-198,0
12112,-197,0
12113,-198,0
12114,-197,0
12115,-202,0
12116,-198,0
12117,-206,0
12118,-196,0
12119,-197,0
12120,-205,0
12121,-202,0
12122,-207,0
12123,-207,0
12124,-193,0
12125,-193,0
12126,-195,0
12127,-201,0
12128,-213,0
12129,-202,0
12130,-202,0
12131,-203,0
12132,-193,0
12133,-198,0
12134,-194,0
12135,-197,0
12136,-193,0
12137,-200,0
12138,-199,0
12139,-195,0
12140,-198,0
12141,-197,0
12142,-204,0
12143,-195,0
12144,-197,0
12145,-197,0
12146,-198,0
12147,-192,0
12148,-205,0
12149,-202,0
12150,-195,0
12151,-192,0
12152,-196,0
12153,-195,0
12154,-195,0
12155,-197,0
12156,-199,0
12157,-204,0
12158,-191,0
12159,-194,0
12160,-198,0
12161,-196,0
12162,-199,0
12163,-203,0
12164,-187,0
12165,-191,0
12166,-206,0
12167,-197,0
12168,-200,0
12169,-203,0
12170,-202,0
12171,-196,0
12172,-198,0
12173,-192,0
12174,-204,0
12175,-202,0
12176,-198,0
12177,-191,0
12178,-193,0
12179,-198,0
12180,-197,0
12181,-201,0
12182,-200,0
12183,-203,0
12184,-198,0
12185,-207,0
12186,-195,0
12187,-205,0
12188,-199,0
12189,-207,0
12190,-202,0
12191,-203,0
12192,-193,0
12193,-190,0
12194,-207,0
12195,-197,0
12196,-197,0
12197,-189,0
12198,-206,0
12199,-208,0
12200,-202,0
12201,-197,0
12202,-200,0
12203,-198,0
12204,-193,0
12205,-207,0
12206,-203,0
12207,-196,0
12208,-197,0
12209,-196,0
12210,-196,0
12211,-200,0
12212,-186,0
12213,-195,0
12214,-194,0
12215,-209,0
12216,-207,0
12217,-197,0
12218,-196,0
12219,-203,0
12220,-198,0
12221,-195,0
12222,-199,0
12223,-197,0
12224,-204,0
12225,-197,0
12226,-192,0
12227,-209,0
12228,-198,0
12229,-204,0
12230,-204,0
12231,-206,0
12232,-196,0
12233,-204,0
12234,-190,0
12235,-197,0
12236,-203,0
12237,-201,0
12238,-198,0
12239,-199,0
12240,-201,0
12241,-206,0
12242,-194,0
12243,-202,0
12244,-204,0
12245,-197,0
12246,-208,0
12247,-203,0
12248,-203,0
12249,-203,0
12250,-198,0
12251,-199,0
12252,-195,0
12253,-199,0
12254,-197,0
12255,-194,0
12256,-192,0
12257,-201,0
12258,-200,0
12259,-206,0
12260,-204,0
12261,-202,0
12262,-198,0
12263,-189,0
12264,-194,0
12265,-194,0
12266,-204,0
12267,-202,0
12268,-201,0
12269,-209,0
12270,-201,0
12271,-205,0
12272,-195,0
12273,-199,0
12274,-202,0
12275,-202,0
12276,-196,0
12277,-204,0
12278,-201,0
12279,-194,0
12280,-200,0
12281,-207,0
12282,-184,0
12283,-193,0
12284,-199,0
12285,-197,0
12286,-202,0
12287,-195,0
12288,-205,0
12289,-206,0
12290,-196,0
12291,-206,0
12292,-190,0
12293,-200,0
12294,-199,0
12295,-205,0
12296,-194,0
12297,-188,0
12298,-198,0
12299,-201,0
12300,-199,0
12301,-199,0
12302,-203,0
12303,-203,0
12304,-209,0
12305,-193,0
12306,-200,0
12307,-204,0
12308,-193,0
12309,-196,0
12310,-199,0
12311,-208,0
12312,-197,0
12313,-205,0
12314,-199,0
12315,-195,0
12316,-206,0
12317,-203,0
12318,-198,0
12319,-206,0
12320,-201,0
12321,-206,0
12322,-195,0
12323,-195,0
12324,-203,0
12325,-200,0
12326,-204,0
12327,-204,0
12328,-203,0
12329,-192,0
12330,-197,0
12331,-198,0
12332,-197,0
12333,-197,0
12334,-196,0
12335,-204,0
12336,-203,0
12337,-198,0
12338,-200,0
12339,-200,0
12340,-202,0
12341,-198,0
12342,-200,0
12343,-194,0
12344,-200,0
12345,-195,0
12346,-204,0
12347,-210,0
12348,-198,0
12349,-186,0
12350,-198,0
12351,-199,0
12352,-193,0
12353,-200,0
12354,-196,0
12355,-196,0
12356,-202,0
12357,-193,0
12358,-197,0
12359,-194,0
12360,-200,0
12361,-200,0
12362,-199,0
12363,-199,0
12364,-205,0
12365,-212,0
12366,-196,0
12367,-200,0
12368,-198,0
12369,-196,0
12370,-195,0
12371,-200,0
12372,-197,0
12373,-201,0
12374,-192,0
12375,-203,0
12376,-198,0
12377,-193,0
12378,-201,0
12379,-200,0
12380,-201,0
12381,-201,0
12382,-202,0
12383,-203,0
12384,-199,0
12385,-198,0
12386,-198,0
12387,-200,0
12388,-203,0
12389,-193,0
12390,-205,0
12391,-199,0
12392,-195,0
12393,-200,0
12394,-205,0
12395,-202,0
12396,-198,0
12397,-196,0
12398,-205,0
12399,-201,0
12400,-194,0
12401,-203,0
12402,-193,0
12403,-205,0
12404,-192,0
12405,-200,0
12406,-205,0
12407,-203,0
12408,-195,0
12409,-192,0
12410,-205,0
12411,-204,0
12412,-194,0
12413,-199,0
12414,-199,0
12415,-206,0
12416,-198,0
12417,-189,0
12418,-204,0
12419,-210,0
12420,-194,0
12421,-195,0
12422,-198,0
12423,-195,0
12424,-199,0
12425,-191,0
12426,-210,0
12427,-201,0
12428,-203,0
12429,-197,0
12430,-212,0
12431,-198,0
12432,-197,0
12433,-194,0
12434,-196,0
12435,-200,0
12436,-204,0
12437,-213,0
12438,-207,0
12439,-202,0
12440,-189,0
12441,-200,0
12442,-201,0
12443,-197,0
12444,-194,0
12445,-206,0
12446,-201,0
12447,-207,0
12448,-206,0
12449,-200,0
12450,-209,0
12451,-210,0
12452,-200,0
12453,-196,0
12454,-190,0
12455,-205,0
12456,-197,0
12457,-197,0
12458,-200,0
12459,-193,0
12460,-198,0
12461,-199,0
12462,-205,0
12463,-208,0
12464,-198,0
12465,-205,0
12466,-206,0
12467,-200,0
12468,-186,0
12469,-203,0
12470,-197,0
12471,-193,0
12472,-199,0
12473,-202,0
12474,-206,0
12475,-200,0
12476,-209,0
12477,-195,0
12478,-200,0
12479,-197,0
12480,-204,0
12481,-193,0
12482,-199,0
12483,-203,0
12484,-199,0
12485,-192,0
12486,-187,0
12487,-202,0
12488,-203,0
12489,-200,0
12490,-194,0
12491,-206,0
12492,-201,0
12493,-213,0
12494,-210,0
12495,-204,0
12496,-203,0
12497,-195,0
12498,-200,0
12499,-206,0
12500,-194,0
12501,-190,0
12502,-202,0
12503,-204,0
12504,-202,0
12505,-192,0
12506,-203,0
12507,-194,0
12508,-195,0
12509,-197,0
12510,-202,0
12511,-208,0
12512,-196,0
12513,-195,0
12514,-200,0
12515,-200,0
12516,-207,0
12517,-201,0
12518,-193,0
12519,-205,0
12520,-207,0
12521,-198,0
12522,-193,0
12523,-211,0
12524,-208,0
12525,-198,0
12526,-199,0
12527,-207,0
12528,-205,0
12529,-201,0
12530,-199,0
12531,-200,0
12532,-206,0
12533,-204,0
12534,-192,0
12535,-198,0
12536,-199,0
12537,-196,0
12538,-206,0
12539,-195,0
12540,-197,0
12541,-194,0
12542,-208,0
12543,-193,0
12544,-191,0
12545,-201,0
12546,-197,0
12547,-200,0
12548,-193,0
12549,-204,0
12550,-192,0
12551,-204,0
12552,-200,0
12553,-198,0
12554,-209,0
12555,-211,0
12556,-198,0
12557,-203,0
12558,-197,0
12559,-200,0
12560,-199,0
12561,-198,0
12562,-195,0
12563,-195,0
12564,-208,0
12565,-205,0
12566,-207,0
12567,-207,0
12568,-215,0
12569,-203,0
12570,-204,0
12571,-205,0
12572,-198,0
12573,-203,0
12574,-201,0
12575,-201,0
12576,-192,0
12577,-194,0
12578,-204,0
12579,-202,0
12580,-191,0
12581,-199,0
12582,-203,0
12583,-196,0
12584,-203,0
12585,-210,0
12586,-205,0
12587,-195,0
12588,-196,0
12589,-199,0
12590,-202,0
12591,-207,0
12592,-200,0
12593,-196,0
12594,-205,0
12595,-206,0
12596,-199,0
12597,-201,0
12598,-204,0
12599,-209,0
12600,-204,0
12601,-199,0
12602,-209,0
12603,-192,0
12604,-198,0
12605,-197,0
12606,-190,0
12607,-193,0
12608,-204,0
12609,-198,0
12610,-195,0
12611,-206,0
12612,-205,0
12613,-196,0
12614,-199,0
12615,-195,0
12616,-202,0
12617,-208,0
12618,-194,0
12619,-203,0
12620,-202,0
12621,-198,0
12622,-206,0
12623,-194,0
12624,-210,0
12625,-197,0
12626,-198,0
12627,-198,0
12628,-195,0
12629,-197,0
12630,-201,0
12631,-193,0
12632,-198,0
12633,-198,0
12634,-201,0
12635,-204,0
12636,-197,0
12637,-199,0
12638,-200,0
12639,-205,0
12640,-197,0
12641,-211,0
12642,-195,0
12643,-200,0
12644,-193,0
12645,-206,0
12646,-204,0
12647,-202,0
12648,-204,0
12649,-199,0
12650,-197,0
12651,-195,0
12652,-205,0
12653,-203,0
12654,-200,0
12655,-204,0
12656,-201,0
12657,-205,0
12658,-200,0
12659,-196,0
12660,-203,0
12661,-204,0
12662,-205,0
12663,-207,0
12664,-202,0
12665,-205,0
12666,-202,0
12667,-202,0
12668,-207,0
12669,-201,0
12670,-202,0
12671,-207,0
12672,-193,0
12673,-203,0
12674,-201,0
12675,-196,0
12676,-200,0
12677,-197,0
12678,-220,0
12679,-201,0
12680,-203,0
12681,-206,0
12682,-197,0
12683,-202,0
12684,-201,0
12685,-210,0
12686,-200,0
12687,-202,0
12688,-185,0
12689,-198,0
12690,-193,0
12691,-199,0
12692,-198,0
12693,-205,0
12694,-205,0
12695,-197,0
12696,-212,0
12697,-204,0
12698,-199,0
12699,-201,0
12700,-196,0
12701,-202,0
12702,-197,0
12703,-203,0
12704,-207,0
12705,-212,0
12706,-203,0
12707,-204,0
12708,-201,0
12709,-201,0
12710,-204,0
12711,-203,0
12712,-206,0
12713,-200,0
12714,-199,0
12715,-192,0
12716,-206,0
12717,-208,0
12718,-205,0
12719,-199,0
12720,-206,0
12721,-200,0
12722,-206,0
12723,-209,0
12724,-200,0
12725,-205,0
12726,-206,0
12727,-201,0
12728,-204,0
12729,-195,0
12730,-205,0
12731,-204,0
12732,-204,0
12733,-201,0
12734,-198,0
12735,-205,0
12736,-201,0
12737,-202,0
12738,-209,0
12739,-202,0
12740,-198,0
12741,-205,0
12742,-205,0
12743,-199,0
12744,-204,0
12745,-194,0
12746,-201,0
12747,-207,0
12748,-198,0
12749,-204,0
12750,-194,0
12751,-201,0
12752,-202,0
12753,-205,0
12754,-211,0
12755,-203,0
12756,-202,0
12757,-201,0
12758,-206,0
12759,-203,0
12760,-211,0
12761,-202,0
12762,-197,0
12763,-195,0
12764,-207,0
12765,-202,0
12766,-199,0
12767,-211,0
12768,-195,0
12769,-201,0
12770,-198,0
12771,-203,0
12772,-204,0
12773,-202,0
12774,-201,0
12775,-204,0
12776,-195,0
12777,-193,0
12778,-210,0
12779,-198,0
12780,-201,0
12781,-205,0
12782,-202,0
12783,-200,0
12784,-199,0
12785,-196,0
12786,-201,0
12787,-205,0
12788,-197,0
12789,-205,0
12790,-198,0
12791,-199,0
12792,-193,0
12793,-195,0
12794,-204,0
12795,-202,0
12796,-206,0
12797,-192,0
12798,-210,0
12799,-202,0
12800,-213,0
12801,-208,0
12802,-196,0
12803,-199,0
12804,-204,0
12805,-194,0
12806,-203,0
12807,-208,0
12808,-195,0
12809,-207,0
12810,-205,0
12811,-195,0
12812,-208,0
12813,-207,0
12814,-208,0
12815,-203,0
12816,-193,0
12817,-200,0
12818,-195,0
12819,-203,0
12820,-201,0
12821,-201,0
12822,-205,0
12823,-205,0
12824,-201,0
12825,-189,0
12826,-210,0
12827,-194,0
12828,-207,0
12829,-207,0
12830,-208,0
12831,-211,0
12832,-203,0
12833,-205,0
12834,-198,0
12835,-198,0
12836,-204,0
12837,-198,0
12838,-204,0
12839,-206,0
12840,-203,0
12841,-212,0
12842,-209,0
12843,-202,0
12844,-202,0
12845,-210,0
12846,-192,0
12847,-207,0
12848,-201,0
12849,-205,0
12850,-213,0
12851,-200,0
12852,-206,0
12853,-202,0
12854,-203,0
12855,-201,0
12856,-211,0
12857,-199,0
12858,-199,0
12859,-198,0
12860,-199,0
12861,-205,0
12862,-198,0
12863,-195,0
12864,-196,0
12865,-201,0
12866,-206,0
12867,-211,0
12868,-203,0
12869,-198,0
12870,-189,0
12871,-203,0
12872,-203,0
12873,-203,0
12874,-205,0
12875,-194,0
12876,-195,0
12877,-198,0
12878,-210,0
12879,-199,0
12880,-198,0
12881,-210,0
12882,-206,0
12883,-206,0
12884,-214,0
12885,-211,0
12886,-196,0
12887,-210,0
12888,-200,0
12889,-207,0
12890,-202,0
12891,-204,0
12892,-207,0
12893,-211,0
12894,-200,0
12895,-210,0
12896,-203,0
12897,-196,0
12898,-195,0
12899,-199,0
12900,-203,0
12901,-199,0
12902,-199,0
12903,-204,0
12904,-198,0
12905,-209,0
12906,-213,0
12907,-194,0
12908,-195,0
12909,-192,0
12910,-199,0
12911,-203,0
12912,-202,0
12913,-196,0
12914,-209,0
12915,-207,0
12916,-197,0
12917,-197,0
12918,-208,0
12919,-204,0
12920,-199,0
12921,-200,0
12922,-199,0
12923,-206,0
12924,-201,0
12925,-203,0
12926,-206,0
12927,-196,0
12928,-205,0
12929,-208,0
12930,-190,0
12931,-206,0
12932,-203,0
12933,-200,0
12934,-204,0
12935,-194,0
12936,-196,0
12937,-204,0
12938,-203,0
12939,-203,0
12940,-203,0
12941,-200,0
12942,-200,0
12943,-204,0
12944,-207,0
12945,-204,0
12946,-191,0
12947,-194,0
12948,-202,0
12949,-208,0
12950,-198,0
12951,-199,0
12952,-196,0
12953,-201,0
12954,-205,0
12955,-199,0
12956,-198,0
12957,-202,0
12958,-195,0
12959,-200,0
12960,-190,0
12961,-195,0
12962,-204,0
12963,-202,0
12964,-201,0
12965,-198,0
12966,-195,0
12967,-201,0
12968,-198,0
12969,-196,0
12970,-211,0
12971,-203,0
12972,-212,0
12973,-206,0
12974,-203,0
12975,-205,0
12976,-195,0
12977,-199,0
12978,-201,0
12979,-197,0
12980,-204,0
12981,-203,0
12982,-200,0
12983,-207,0
12984,-201,0
12985,-203,0
12986,-202,0
12987,-200,0
12988,-205,0
12989,-208,0
12990,-200,0
12991,-197,0
12992,-200,0
12993,-202,0
12994,-205,0
12995,-210,0
12996,-203,0
12997,-203,0
12998,-206,0
12999,-196,0
13000,-207,0
13001,-204,0
13002,-202,0
13003,-206,0
13004,-208,0
13005,-205,0
13006,-206,0
13007,-210,0
13008,-190,0
13009,-209,0
13010,-194,0
13011,-197,0
13012,-202,0
13013,-195,0
13014,-202,0
13015,-203,0
13016,-204,0
13017,-202,0
13018,-205,0
13019,-202,0
13020,-209,0
13021,-199,0
13022,-199,0
13023,-210,0
13024,-198,0
13025,-199,0
13026,-206,0
13027,-200,0
13028,-196,0
13029,-207,0
13030,-204,0
13031,-193,0
13032,-203,0
13033,-211,0
13034,-202,0
13035,-214,0
13036,-203,0
13037,-209,0
13038,-200,0
13039,-202,0
13040,-200,0
13041,-212,0
13042,-204,0
13043,-203,0
13044,-199,0
13045,-203,0
13046,-203,0
13047,-206,0
13048,-204,0
13049,-206,0
13050,-204,0
13051,-198,0
13052,-200,0
13053,-198,0
13054,-194,0
13055,-200,0
13056,-204,0
13057,-200,0
13058,-205,0
13059,-210,0
13060,-203,0
13061,-196,0
13062,-202,0
13063,-210,0
13064,-199,0
13065,-199,0
13066,-210,0
13067,-213,0
13068,-197,0
13069,-208,0
13070,-201,0
13071,-205,0
13072,-212,0
13073,-203,0
13074,-210,0
13075,-200,0
13076,-197,0
13077,-207,0
13078,-207,0
13079,-209,0
13080,-201,0
13081,-204,0
13082,-200,0
13083,-202,0
13084,-200,0
13085,-203,0
13086,-204,0
13087,-202,0
13088,-211,0
13089,-196,0
13090,-202,0
13091,-204,0
13092,-207,0
13093,-203,0
13094,-208,0
13095,-209,0
13096,-199,0
13097,-204,0
13098,-206,0
13099,-203,0
13100,-203,0
13101,-196,0
13102,-206,0
13103,-207,0
13104,-195,0
13105,-204,0
13106,-195,0
13107,-205,0
13108,-206,0
13109,-205,0
13110,-205,0
13111,-210,0
13112,-205,0
13113,-202,0
13114,-204,0
13115,-197,0
13116,-203,0
13117,-203,0
13118,-207,0
13119,-208,0
13120,-208,0
13121,-206,0
13122,-197,0
13123,-206,0
13124,-209,0
13125,-206,0
13126,-196,0
13127,-200,0
13128,-211,0
13129,-208,0
13130,-207,0
13131,-211,0
13132,-205,0
13133,-200,0
13134,-196,0
13135,-202,0
13136,-207,0
13137,-203,0
13138,-210,0
13139,-204,0
13140,-209,0
13141,-206,0
13142,-200,0
13143,-210,0
13144,-207,0
13145,-206,0
13146,-204,0
13147,-197,0
13148,-198,0
13149,-206,0
13150,-196,0
13151,-196,0
13152,-198,0
13153,-196,0
13154,-203,0
13155,-199,0
13156,-191,0
13157,-202,0
13158,-210,0
13159,-200,0
13160,-202,0
13161,-197,0
13162,-206,0
13163,-198,0
13164,-202,0
13165,-202,0
13166,-213,0
13167,-194,0
13168,-204,0
13169,-208,0
13170,-206,0
13171,-191,0
13172,-206,0
13173,-210,0
13174,-194,0
13175,-199,0
13176,-204,0
13177,-198,0
13178,-196,0
13179,-204,0
13180,-201,0
13181,-199,0
13182,-207,0
13183,-204,0
13184,-195,0
13185,-198,0
13186,-209,0
13187,-208,0
13188,-200,0
13189,-194,0
13190,-208,0
13191,-207,0
13192,-207,0
13193,-205,0
13194,-202,0
13195,-202,0
13196,-194,0
13197,-200,0
13198,-206,0
13199,-205,0
13200,-207,0
13201,-206,0
13202,-194,0
13203,-206,0
13204,-207,0
13205,-204,0
13206,-210,0
13207,-200,0
13208,-212,0
13209,-212,0
13210,-206,0
13211,-196,0
13212,-210,0
13213,-201,0
13214,-205,0
13215,-209,0
13216,-208,0
13217,-207,0
13218,-200,0
13219,-201,0
13220,-203,0
13221,-206,0
13222,-206,0
13223,-211,0
13224,-202,0
13225,-201,0
13226,-202,0
13227,-202,0
13228,-210,0
13229,-196,0
13230,-205,0
13231,-205,0
13232,-204,0
13233,-192,0
13234,-209,0
13235,-202,0
13236,-199,0
13237,-204,0
13238,-204,0
13239,-210,0
13240,-204,0
13241,-199,0
13242,-198,0
13243,-209,0
13244,-205,0
13245,-206,0
13246,-191,0
13247,-198,0
13248,-206,0
13249,-204,0
13250,-203,0
13251,-198,0
13252,-205,0
13253,-208,0
13254,-203,0
13255,-201,0
13256,-205,0
13257,-206,0
13258,-199,0
13259,-205,0
13260,-204,0
13261,-200,0
13262,-205,0
13263,-200,0
13264,-212,0
13265,-209,0
13266,-196,0
13267,-212,0
13268,-206,0
13269,-202,0
13270,-201,0
13271,-198,0
13272,-200,0
13273,-193,0
13274,-207,0
13275,-202,0
13276,-207,0
13277,-208,0
13278,-195,0
13279,-206,0
13280,-204,0
13281,-205,0
13282,-205,0
13283,-197,0
13284,-194,0
13285,-203,0
13286,-203,0
13287,-200,0
13288,-208,0
13289,-204,0
13290,-205,0
13291,-199,0
13292,-205,0
13293,-199,0
13294,-207,0
13295,-200,0
13296,-214,0
13297,-211,0
13298,-208,0
13299,-205,0
13300,-198,0
13301,-195,0
13302,-202,0
13303,-203,0
13304,-199,0
13305,-200,0
13306,-198,0
13307,-205,0
13308,-206,0
13309,-210,0
13310,-203,0
13311,-199,0
13312,-209,0
13313,-201,0
13314,-197,0
13315,-205,0
13316,-204,0
13317,-206,0
13318,-201,0
13319,-201,0
13320,-207,0
13321,-201,0
13322,-201,0
13323,-210,0
13324,-204,0
13325,-207,0
13326,-208,0
13327,-204,0
13328,-206,0
13329,-216,0
13330,-201,0
13331,-209,0
13332,-207,0
13333,-198,0
13334,-201,0
13335,-198,0
13336,-209,0
13337,-208,0
13338,-192,0
13339,-202,0
13340,-207,0
13341,-201,0
13342,-199,0
13343,-210,0
13344,-203,0
13345,-203,0
13346,-204,0
13347,-205,0
13348,-193,0
13349,-198,0
13350,-207,0
13351,-206,0
13352,-203,0
13353,-205,0
13354,-201,0
13355,-206,0
13356,-211,0
13357,-205,0
13358,-203,0
13359,-202,0
13360,-205,0
13361,-196,0
13362,-212,0
13363,-209,0
13364,-203,0
13365,-202,0
13366,-200,0
13367,-205,0
13368,-205,0
13369,-202,0
13370,-201,0
13371,-200,0
13372,-203,0
13373,-206,0
13374,-211,0
13375,-207,0
13376,-206,0
13377,-206,0
13378,-211,0
13379,-210,0
13380,-210,0
13381,-211,0
13382,-210,0
13383,-202,0
13384,-198,0
13385,-206,0
13386,-202,0
13387,-193,0
13388,-202,0
13389,-206,0
13390,-203,0
13391,-193,0
13392,-201,0
13393,-200,0
13394,-201,0
13395,-218,0
13396,-203,0
13397,-214,0
13398,-203,0
13399,-208,0
13400,-198,0
13401,-211,0
13402,-196,0
13403,-205,0
13404,-205,0
13405,-204,0
13406,-203,0
13407,-200,0
13408,-199,0
13409,-210,0
13410,-202,0
13411,-202,0
13412,-202,0
13413,-206,0
13414,-206,0
13415,-198,0
13416,-202,0
13417,-205,0
13418,-210,0
13419,-205,0
13420,-204,0
13421,-201,0
13422,-209,0
13423,-197,0
13424,-200,0
13425,-194,0
13426,-212,0
13427,-196,0
13428,-204,0
13429,-207,0
13430,-198,0
13431,-199,0
13432,-204,0
13433,-206,0
13434,-205,0
13435,-210,0
13436,-207,0
13437,-204,0
13438,-204,0
13439,-208,0
13440,-204,0
13441,-202,0
13442,-204,0
13443,-206,0
13444,-202,0
13445,-201,0
13446,-201,0
13447,-207,0
13448,-206,0
13449,-211,0
13450,-199,0
13451,-209,0
13452,-207,0
13453,-206,0
13454,-207,0
13455,-201,0
13456,-216,0
13457,-207,0
13458,-200,0
13459,-203,0
13460,-207,0
13461,-204,0
13462,-200,0
13463,-200,0
13464,-203,0
13465,-211,0
13466,-201,0
13467,-210,0
13468,-205,0
13469,-203,0
13470,-199,0
13471,-203,0
13472,-210,0
13473,-209,0
13474,-202,0
13475,-206,0
13476,-212,0
13477,-205,0
13478,-198,0
13479,-202,0
13480,-205,0
13481,-212,0
13482,-201,0
13483,-211,0
13484,-194,0
13485,-202,0
13486,-202,0
13487,-213,0
13488,-213,0
13489,-204,0
13490,-206,0
13491,-206,0
13492,-204,0
13493,-217,0
13494,-206,0
13495,-210,0
13496,-211,0
13497,-204,0
13498,-208,0
13499,-208,0
13500,-212,0
13501,-210,0
13502,-202,0
13503,-205,0
13504,-200,0
13505,-206,0
13506,-202,0
13507,-200,0
13508,-201,0
13509,-204,0
13510,-202,0
13511,-203,0
13512,-209,0
13513,-196,0
13514,-214,0
13515,-212,0
13516,-197,0
13517,-205,0
13518,-202,0
13519,-203,0
13520,-200,0
13521,-203,0
13522,-204,0
13523,-207,0
13524,-206,0
13525,-204,0
13526,-205,0
13527,-202,0
13528,-203,0
13529,-210,0
13530,-198,0
13531,-200,0
13532,-204,0
13533,-196,0
13534,-204,0
13535,-207,0
13536,-202,0
13537,-204,0
13538,-209,0
13539,-196,0
13540,-209,0
13541,-211,0
13542,-200,0
13543,-212,0
13544,-205,0
13545,-200,0
13546,-201,0
13547,-209,0
13548,-209,0
13549,-199,0
13550,-207,0
13551,-208,0
13552,-201,0
13553,-203,0
13554,-198,0
13555,-195,0
13556,-209,0
13557,-209,0
13558,-211,0
13559,-205,0
13560,-210,0
13561,-196,0
13562,-206,0
13563,-200,0
13564,-202,0
13565,-208,0
13566,-200,0
13567,-202,0
13568,-202,0
13569,-217,0
13570,-201,0
13571,-209,0
13572,-213,0
13573,-213,0
13574,-212,0
13575,-206,0
13576,-198,0
13577,-205,0
13578,-206,0
13579,-210,0
13580,-209,0
13581,-210,0
13582,-200,0
13583,-209,0
13584,-211,0
13585,-204,0
13586,-197,0
13587,-198,0
13588,-206,0
13589,-209,0
13590,-196,0
13591,-200,0
13592,-216,0
13593,-211,0
13594,-197,0
13595,-204,0
13596,-201,0
13597,-210,0
13598,-209,0
13599,-200,0
13600,-205,0
13601,-207,0
13602,-200,0
13603,-211,0
13604,-203,0
13605,-207,0
13606,-207,0
13607,-204,0
13608,-214,0
13609,-208,0
13610,-199,0
13611,-194,0
13612,-216,0
13613,-212,0
13614,-202,0
13615,-209,0
13616,-200,0
13617,-202,0
13618,-216,0
13619,-194,0
13620,-194,0
13621,-196,0
13622,-211,0
13623,-206,0
13624,-210,0
13625,-203,0
13626,-206,0
13627,-207,0
13628,-208,0
13629,-213,0
13630,-205,0
13631,-199,0
13632,-205,0
13633,-207,0
13634,-203,0
13635,-205,0
13636,-207,0
13637,-206,0
13638,-209,0
13639,-204,0
13640,-200,0
13641,-208,0
13642,-207,0
13643,-203,0
13644,-200,0
13645,-200,0
13646,-209,0
13647,-214,0
13648,-200,0
13649,-200,0
13650,-209,0
13651,-213,0
13652,-209,0
13653,-204,0
13654,-200,0
13655,-207,0
13656,-201,0
13657,-201,0
13658,-210,0
13659,-206,0
13660,-210,0
13661,-200,0
13662,-202,0
13663,-194,0
13664,-216,0
13665,-207,0
13666,-199,0
13667,-213,0
13668,-211,0
13669,-202,0
13670,-203,0
13671,-211,0
13672,-212,0
13673,-209,0
13674,-203,0
13675,-211,0
13676,-207,0
13677,-202,0
13678,-205,0
13679,-212,0
13680,-197,0
13681,-208,0
13682,-204,0
13683,-213,0
13684,-203,0
13685,-209,0
13686,-213,0
13687,-202,0
13688,-198,0
13689,-204,0
13690,-209,0
13691,-220,0
13692,-212,0
13693,-196,0
13694,-199,0
13695,-204,0
13696,-214,0
13697,-206,0
13698,-209,0
13699,-197,0
13700,-202,0
13701,-199,0
13702,-200,0
13703,-208,0
13704,-215,0
13705,-210,0
13706,-205,0
13707,-208,0
13708,-204,0
13709,-214,0
13710,-206,0
13711,-203,0
13712,-212,0
13713,-205,0
13714,-199,0
13715,-208,0
13716,-204,0
13717,-207,0
13718,-205,0
13719,-204,0
13720,-203,0
13721,-213,0
13722,-197,0
13723,-206,0
13724,-195,0
13725,-210,0
13726,-199,0
13727,-203,0
13728,-202,0
13729,-203,0
13730,-201,0
13731,-202,0
13732,-207,0
13733,-207,0
13734,-206,0
13735,-200,0
13736,-203,0
13737,-204,0
13738,-203,0
13739,-216,0
13740,-201,0
13741,-203,0
13742,-197,0
13743,-206,0
13744,-199,0
13745,-204,0
13746,-202,0
13747,-196,0
13748,-208,0
13749,-214,0
13750,-210,0
13751,-201,0
13752,-201,0
13753,-207,0
13754,-208,0
13755,-209,0
13756,-213,0
13757,-201,0
13758,-207,0
13759,-196,0
13760,-207,0
13761,-207,0
13762,-199,0
13763,-212,0
13764,-206,0
13765,-203,0
13766,-205,0
13767,-201,0
13768,-205,0
13769,-198,0
13770,-207,0
13771,-211,0
13772,-200,0
13773,-202,0
13774,-196,0
13775,-210,0
13776,-206,0
13777,-220,0
13778,-212,0
13779,-214,0
13780,-205,0
13781,-204,0
13782,-204,0
13783,-208,0
13784,-200,0
13785,-200,0
13786,-200,0
13787,-212,0
13788,-204,0
13789,-213,0
13790,-207,0
13791,-215,0
13792,-214,0
13793,-205,0
13794,-203,0
13795,-204,0
13796,-196,0
13797,-198,0
13798,-208,0
13799,-209,0
13800,-202,0
13801,-199,0
13802,-203,0
13803,-205,0
13804,-203,0
13805,-206,0
13806,-209,0
13807,-206,0
13808,-200,0
13809,-203,0
13810,-206,0
13811,-206,0
13812,-200,0
13813,-205,0
13814,-205,0
13815,-205,0
13816,-207,0
13817,-200,0
13818,-199,0
13819,-214,0
13820,-197,0
13821,-203,0
13822,-211,0
13823,-204,0
13824,-215,0
13825,-197,0
13826,-208,0
13827,-203,0
13828,-207,0
13829,-207,0
13830,-214,0
13831,-206,0
13832,-200,0
13833,-195,0
13834,-202,0
13835,-211,0
13836,-208,0
13837,-204,0
13838,-198,0
13839,-204,0
13840,-194,0
13841,-202,0
13842,-198,0
13843,-196,0
13844,-212,0
13845,-213,0
13846,-208,0
13847,-208,0
13848,-198,0
13849,-196,0
13850,-197,0
13851,-210,0
13852,-207,0
13853,-208,0
13854,-206,0
13855,-212,0
13856,-209,0
13857,-206,0
13858,-198,0
13859,-208,0
13860,-213,0
13861,-212,0
13862,-210,0
13863,-203,0
13864,-207,0
13865,-212,0
13866,-202,0
13867,-208,0
13868,-200,0
13869,-208,0
13870,-211,0
13871,-204,0
13872,-200,0
13873,-206,0
13874,-212,0
13875,-205,0
13876,-207,0
13877,-196,0
13878,-206,0
13879,-204,0
13880,-207,0
13881,-203,0
13882,-210,0
13883,-208,0
13884,-209,0
13885,-209,0
13886,-206,0
13887,-202,0
13888,-205,0
13889,-200,0
13890,-208,0
13891,-205,0
13892,-211,0
13893,-198,0
13894,-197,0
13895,-207,0
13896,-203,0
13897,-212,0
13898,-212,0
13899,-209,0
13900,-219,0
13901,-208,0
13902,-210,0
13903,-199,0
13904,-200,0
13905,-207,0
13906,-211,0
13907,-200,0
13908,-210,0
13909,-208,0
13910,-212,0
13911,-210,0
13912,-209,0
13913,-202,0
13914,-200,0
13915,-200,0
13916,-211,0
13917,-209,0
13918,-217,0
13919,-210,0
13920,-202,0
13921,-211,0
13922,-207,0
13923,-197,0
13924,-204,0
13925,-211,0
13926,-208,0
13927,-202,0
13928,-210,0
13929,-216,0
13930,-201,0
13931,-210,0
13932,-206,0
13933,-206,0
13934,-202,0
13935,-214,0
13936,-208,0
13937,-203,0
13938,-202,0
13939,-202,0
13940,-211,0
13941,-205,0
13942,-204,0
13943,-216,0
13944,-208,0
13945,-204,0
13946,-211,0
13947,-208,0
13948,-208,0
13949,-208,0
13950,-198,0
13951,-210,0
13952,-202,0
13953,-211,0
13954,-212,0
13955,-211,0
13956,-203,0
13957,-210,0
13958,-211,0
13959,-206,0
13960,-205,0
13961,-211,0
13962,-200,0
13963,-203,0
13964,-209,0
13965,-216,0
13966,-203,0
13967,-197,0
13968,-208,0
13969,-204,0
13970,-208,0
13971,-208,0
13972,-217,0
13973,-202,0
13974,-206,0
13975,-201,0
13976,-206,0
13977,-208,0
13978,-205,0
13979,-202,0
13980,-210,0
13981,-195,0
13982,-204,0
13983,-210,0
13984,-210,0
13985,-205,0
13986,-210,0
13987,-203,0
13988,-206,0
13989,-202,0
13990,-204,0
13991,-209,0
13992,-209,0
13993,-201,0
13994,-212,0
13995,-204,0
13996,-211,0
13997,-208,0
13998,-199,0
13999,-216,0
14000,-203,0
14001,-200,0
14002,-211,0
14003,-205,0
14004,-206,0
14005,-213,0
14006,-208,0
14007,-198,0
14008,-197,0
14009,-211,0
14010,-208,0
14011,-210,0
14012,-204,0
14013,-211,0
14014,-208,0
14015,-205,0
14016,-211,0
14017,-213,0
14018,-214,0
14019,-215,0
14020,-210,0
14021,-204,0
14022,-204,0
14023,-211,0
14024,-212,0
14025,-210,0
14026,-200,0
14027,-206,0
14028,-207,0
14029,-215,0
14030,-208,0
14031,-210,0
14032,-206,0
14033,-200,0
14034,-203,0
14035,-206,0
14036,-202,0
14037,-207,0
14038,-203,0
14039,-215,0
14040,-213,0
14041,-207,0
14042,-206,0
14043,-202,0
14044,-203,0
14045,-213,0
14046,-208,0
14047,-212,0
14048,-203,0
14049,-209,0
14050,-205,0
14051,-206,0
14052,-202,0
14053,-212,0
14054,-195,0
14055,-211,0
14056,-212,0
14057,-215,0
14058,-217,0
14059,-210,0
14060,-202,0
14061,-205,0
14062,-210,0
14063,-208,0
14064,-209,0
14065,-208,0
14066,-205,0
14067,-207,0
14068,-205,0
14069,-208,0
14070,-214,0
14071,-207,0
14072,-198,0
14073,-206,0
14074,-199,0
14075,-210,0
14076,-211,0
14077,-194,0
14078,-212,0
14079,-202,0
14080,-213,0
14081,-203,0
14082,-199,0
14083,-202,0
14084,-213,0
14085,-216,0
14086,-207,0
14087,-207,0
14088,-205,0
14089,-212,0
14090,-208,0
14091,-207,0
14092,-211,0
14093,-205,0
14094,-206,0
14095,-210,0
14096,-203,0
14097,-205,0
14098,-208,0
14099,-213,0
14100,-214,0
14101,-206,0
14102,-204,0
14103,-208,0
14104,-208,0
14105,-210,0
14106,-200,0
14107,-207,0
14108,-213,0
14109,-203,0
14110,-206,0
14111,-212,0
14112,-213,0
14113,-206,0
14114,-213,0
14115,-206,0
14116,-209,0
14117,-212,0
14118,-210,0
14119,-207,0
14120,-217,0
14121,-199,0
14122,-206,0
14123,-203,0
14124,-208,0
14125,-211,0
14126,-209,0
14127,-200,0
14128,-210,0
14129,-209,0
14130,-199,0
14131,-202,0
14132,-208,0
14133,-214,0
14134,-216,0
14135,-210,0
14136,-208,0
14137,-211,0
14138,-212,0
14139,-213,0
14140,-203,0
14141,-200,0
14142,-213,0
14143,-222,0
14144,-209,0
14145,-208,0
14146,-205,0
14147,-213,0
14148,-211,0
14149,-193,0
14150,-210,0
14151,-209,0
14152,-215,0
14153,-211,0
14154,-210,0
14155,-206,0
14156,-213,0
14157,-208,0
14158,-205,0
14159,-205,0
14160,-208,0
14161,-205,0
14162,-205,0
14163,-203,0
14164,-208,0
14165,-208,0
14166,-208,0
14167,-209,0
14168,-215,0
14169,-210,0
14170,-213,0
14171,-210,0
14172,-205,0
14173,-204,0
14174,-211,0
14175,-217,0
14176,-201,0
14177,-208,0
14178,-202,0
14179,-197,0
14180,-201,0
14181,-204,0
14182,-207,0
14183,-208,0
14184,-194,0
14185,-202,0
14186,-201,0
14187,-198,0
14188,-207,0
14189,-205,0
14190,-205,0
14191,-200,0
14192,-215,0
14193,-211,0
14194,-206,0
14195,-214,0
14196,-211,0
14197,-203,0
14198,-207,0
14199,-205,0
14200,-210,0
14201,-214,0
14202,-210,0
14203,-199,0
14204,-201,0
14205,-207,0
14206,-204,0
14207,-205,0
14208,-208,0
14209,-213,0
14210,-211,0
14211,-206,0
14212,-205,0
14213,-198,0
14214,-207,0
14215,-199,0
14216,-203,0
14217,-215,0
14218,-215,0
14219,-202,0
14220,-201,0
14221,-200,0
14222,-213,0
14223,-218,0
14224,-202,0
14225,-213,0
14226,-208,0
14227,-213,0
14228,-202,0
14229,-216,0
14230,-207,0
14231,-211,0
14232,-203,0
14233,-201,0
14234,-212,0
14235,-217,0
14236,-209,0
14237,-206,0
14238,-212,0
14239,-200,0
14240,-214,0
14241,-204,0
14242,-207,0
14243,-200,0
14244,-212,0
14245,-213,0
14246,-208,0
14247,-213,0
14248,-199,0
14249,-201,0
14250,-209,0
14251,-204,0
14252,-206,0
14253,-209,0
14254,-210,0
14255,-206,0
14256,-200,0
14257,-205,0
14258,-203,0
14259,-202,0
14260,-208,0
14261,-204,0
14262,-206,0
14263,-202,0
14264,-197,0
14265,-204,0
14266,-208,0
14267,-205,0
14268,-199,0
14269,-210,0
14270,-209,0
14271,-207,0
14272,-212,0
14273,-209,0
14274,-211,0
14275,-204,0
14276,-221,0
14277,-207,0
14278,-202,0
14279,-211,0
14280,-205,0
14281,-216,0
14282,-210,0
14283,-215,0
14284,-219,0
14285,-209,0
14286,-210,0
14287,-206,0
14288,-209,0
14289,-204,0
14290,-204,0
14291,-212,0
14292,-213,0
14293,-212,0
14294,-215,0
14295,-212,0
14296,-207,0
14297,-202,0
14298,-211,0
14299,-215,0
14300,-204,0
14301,-214,0
14302,-205,0
14303,-199,0
14304,-211,0
14305,-206,0
14306,-212,0
14307,-211,0
14308,-211,0
14309,-209,0
14310,-202,0
14311,-215,0
14312,-209,0
14313,-212,0
14314,-204,0
14315,-213,0
14316,-207,0
14317,-203,0
14318,-208,0
14319,-206,0
14320,-204,0
14321,-213,0
14322,-207,0
14323,-211,0
14324,-215,0
14325,-209,0
14326,-209,0
14327,-209,0
14328,-207,0
14329,-213,0
14330,-206,0
14331,-209,0
14332,-201,0
14333,-210,0
14334,-211,0
14335,-213,0
14336,-203,0
14337,-211,0
14338,-203,0
14339,-196,0
14340,-206,0
14341,-207,0
14342,-206,0
14343,-213,0
14344,-205,0
14345,-197,0
14346,-208,0
14347,-209,0
14348,-206,0
14349,-213,0
14350,-213,0
14351,-214,0
14352,-210,0
14353,-202,0
14354,-201,0
14355,-212,0
14356,-209,0
14357,-213,0
14358,-200,0
14359,-217,0
14360,-201,0
14361,-208,0
14362,-203,0
14363,-199,0
14364,-204,0
14365,-209,0
14366,-212,0
14367,-199,0
14368,-209,0
14369,-205,0
14370,-206,0
14371,-210,0
14372,-202,0
14373,-212,0
14374,-211,0
14375,-217,0
14376,-209,0
14377,-210,0
14378,-209,0
14379,-208,0
14380,-209,0
14381,-214,0
14382,-209,0
14383,-203,0
14384,-205,0
14385,-198,0
14386,-213,0
14387,-206,0
14388,-201,0
14389,-215,0
14390,-210,0
14391,-207,0
14392,-214,0
14393,-194,0
14394,-216,0
14395,-211,0
14396,-206,0
14397,-206,0
14398,-214,0
14399,-212,0
14400,-206,0
14401,-204,0
14402,-208,0
14403,-211,0
14404,-208,0
14405,-202,0
14406,-210,0
14407,-208,0
14408,-209,0
14409,-201,0
14410,-209,0
14411,-209,0
14412,-204,0
14413,-204,0
14414,-207,0
14415,-207,0
14416,-207,0
14417,-203,0
14418,-211,0
14419,-212,0
14420,-211,0
14421,-212,0
14422,-209,0
14423,-213,0
14424,-212,0
14425,-209,0
14426,-199,0
14427,-201,0
14428,-215,0
14429,-210,0
14430,-210,0
14431,-207,0
14432,-209,0
14433,-209,0
14434,-214,0
14435,-203,0
14436,-207,0
14437,-208,0
14438,-210,0
14439,-219,0
14440,-205,0
14441,-212,0
14442,-213,0
14443,-221,0
14444,-200,0
14445,-208,0
14446,-216,0
14447,-213,0
14448,-202,0
14449,-207,0
14450,-200,0
14451,-221,0
14452,-205,0
14453,-209,0
14454,-202,0
14455,-203,0
14456,-197,0
14457,-208,0
14458,-205,0
14459,-213,0
14460,-221,0
14461,-208,0
14462,-205,0
14463,-213,0
14464,-208,0
14465,-203,0
14466,-209,0
14467,-204,0
14468,-205,0
14469,-204,0
14470,-204,0
14471,-219,0
14472,-212,0
14473,-214,0
14474,-211,0
14475,-207,0
14476,-196,0
14477,-209,0
14478,-210,0
14479,-208,0
14480,-212,0
14481,-208,0
14482,-206,0
14483,-196,0
14484,-209,0
14485,-209,0
14486,-206,0
14487,-208,0
14488,-203,0
14489,-210,0
14490,-211,0
14491,-214,0
14492,-206,0
14493,-207,0
14494,-206,0
14495,-206,0
14496,-207,0
14497,-216,0
14498,-208,0
14499,-208,0
14500,-201,0
14501,-209,0
14502,-210,0
14503,-207,0
14504,-213,0
14505,-204,0
14506,-214,0
14507,-206,0
14508,-209,0
14509,-206,0
14510,-217,0
14511,-215,0
14512,-207,0
14513,-211,0
14514,-198,0
14515,-206,0
14516,-211,0
14517,-200,0
14518,-211,0
14519,-211,0
14520,-209,0
14521,-213,0
14522,-209,0
14523,-212,0
14524,-214,0
14525,-206,0
14526,-201,0
14527,-213,0
14528,-212,0
14529,-221,0
14530,-206,0
14531,-218,0
14532,-217,0
14533,-206,0
14534,-207,0
14535,-205,0
14536,-206,0
14537,-205,0
14538,-204,0
14539,-201,0
14540,-206,0
14541,-210,0
14542,-216,0
14543,-206,0
14544,-218,0
14545,-209,0
14546,-207,0
14547,-205,0
14548,-207,0
14549,-214,0
14550,-207,0
14551,-204,0
14552,-206,0
14553,-215,0
14554,-212,0
14555,-203,0
14556,-203,0
14557,-201,0
14558,-203,0
14559,-212,0
14560,-203,0
14561,-207,0
14562,-207,0
14563,-215,0
14564,-200,0
14565,-206,0
14566,-208,0
14567,-210,0
14568,-213,0
14569,-210,0
14570,-209,0
14571,-214,0
14572,-210,0
14573,-208,0
14574,-216,0
14575,-211,0
14576,-207,0
14577,-208,0
14578,-210,0
14579,-205,0
14580,-211,0
14581,-207,0
14582,-219,0
14583,-210,0
14584,-209,0
14585,-206,0
14586,-209,0
14587,-215,0
14588,-217,0
14589,-210,0
14590,-199,0
14591,-207,0
14592,-201,0
14593,-208,0
14594,-202,0
14595,-204,0
14596,-216,0
14597,-210,0
14598,-207,0
14599,-207,0
14600,-206,0
14601,-217,0
14602,-218,0
14603,-213,0
14604,-208,0
14605,-212,0
14606,-205,0
14607,-213,0
14608,-214,0
14609,-209,0
14610,-209,0
14611,-208,0
14612,-213,0
14613,-210,0
14614,-206,0
14615,-207,0
14616,-210,0
14617,-213,0
14618,-206,0
14619,-204,0
14620,-212,0
14621,-212,0
14622,-212,0
14623,-209,0
14624,-218,0
14625,-218,0
14626,-209,0
14627,-211,0
14628,-214,0
14629,-202,0
14630,-224,0
14631,-210,0
14632,-210,0
14633,-208,0
14634,-216,0
14635,-205,0
14636,-214,0
14637,-214,0
14638,-204,0
14639,-203,0
14640,-210,0
14641,-209,0
14642,-213,0
14643,-206,0
14644,-208,0
14645,-213,0
14646,-206,0
14647,-214,0
14648,-204,0
14649,-205,0
14650,-210,0
14651,-206,0
14652,-206,0
14653,-215,0
14654,-210,0
14655,-204,0
14656,-212,0
14657,-207,0
14658,-212,0
14659,-215,0
14660,-213,0
14661,-201,0
14662,-212,0
14663,-209,0
14664,-206,0
14665,-208,0
14666,-215,0
14667,-204,0
14668,-219,0
14669,-228,0
14670,-206,0
14671,-208,0
14672,-209,0
14673,-209,0
14674,-215,0
14675,-211,0
14676,-210,0
14677,-215,0
14678,-211,0
14679,-209,0
14680,-214,0
14681,-199,0
14682,-209,0
14683,-213,0
14684,-207,0
14685,-210,0
14686,-201,0
14687,-207,0
14688,-209,0
14689,-203,0
14690,-212,0
14691,-213,0
14692,-212,0
14693,-202,0
14694,-207,0
14695,-208,0
14696,-213,0
14697,-211,0
14698,-210,0
14699,-210,0
14700,-217,0
14701,-198,0
14702,-208,0
14703,-204,0
14704,-205,0
14705,-210,0
14706,-209,0
14707,-211,0
14708,-202,0
14709,-205,0
14710,-209,0
14711,-212,0
14712,-209,0
14713,-216,0
14714,-206,0
14715,-213,0
14716,-220,0
14717,-209,0
14718,-210,0
14719,-222,0
14720,-213,0
14721,-209,0
14722,-203,0
14723,-203,0
14724,-220,0
14725,-217,0
14726,-204,0
14727,-206,0
14728,-217,0
14729,-205,0
14730,-204,0
14731,-208,0
14732,-208,0
14733,-211,0
14734,-207,0
14735,-211,0
14736,-216,0
14737,-211,0
14738,-218,0
14739,-210,0
14740,-213,0
14741,-210,0
14742,-210,0
14743,-206,0
14744,-212,0
14745,-213,0
14746,-214,0
14747,-211,0
14748,-209,0
14749,-215,0
14750,-212,0
14751,-215,0
14752,-211,0
14753,-207,0
14754,-209,0
14755,-204,0
14756,-210,0
14757,-214,0
14758,-201,0
14759,-215,0
14760,-210,0
14761,-207,0
14762,-211,0
14763,-215,0
14764,-216,0
14765,-214,0
14766,-207,0
14767,-204,0
14768,-209,0
14769,-217,0
14770,-211,0
14771,-201,0
14772,-215,0
14773,-212,0
14774,-207,0
14775,-209,0
14776,-211,0
14777,-200,0
14778,-207,0
14779,-203,0
14780,-209,0
14781,-207,0
14782,-205,0
14783,-210,0
14784,-215,0
14785,-216,0
14786,-214,0
14787,-218,0
14788,-208,0
14789,-212,0
14790,-209,0
14791,-211,0
14792,-214,0
14793,-217,0
14794,-208,0
14795,-217,0
14796,-206,0
14797,-208,0
14798,-215,0
14799,-208,0
14800,-213,0
14801,-213,0
14802,-214,0
14803,-210,0
14804,-207,0
14805,-210,0
14806,-207,0
14807,-213,0
14808,-213,0
14809,-213,0
14810,-212,0
14811,-208,0
14812,-210,0
14813,-212,0
14814,-219,0
14815,-210,0
14816,-208,0
14817,-209,0
14818,-215,0
14819,-211,0
14820,-219,0
14821,-214,0
14822,-206,0
14823,-219,0
14824,-217,0
14825,-213,0
14826,-209,0
14827,-202,0
14828,-206,0
14829,-219,0
14830,-207,0
14831,-222,0
14832,-219,0
14833,-206,0
14834,-216,0
14835,-218,0
14836,-212,0
14837,-209,0
14838,-207,0
14839,-209,0
14840,-199,0
14841,-215,0
14842,-210,0
14843,-217,0
14844,-208,0
14845,-214,0
14846,-207,0
14847,-207,0
14848,-213,0
14849,-211,0
14850,-213,0
14851,-212,0
14852,-212,0
14853,-207,0
14854,-212,0
14855,-212,0
14856,-213,0
14857,-200,0
14858,-206,0
14859,-216,0
14860,-211,0
14861,-202,0
14862,-204,0
14863,-205,0
14864,-209,0
14865,-209,0
14866,-206,0
14867,-208,0
14868,-210,0
14869,-192,0
14870,-207,0
14871,-208,0
14872,-210,0
14873,-213,0
14874,-212,0
14875,-207,0
14876,-213,0
14877,-216,0
14878,-217,0
14879,-211,0
14880,-210,0
14881,-213,0
14882,-217,0
14883,-202,0
14884,-206,0
14885,-215,0
14886,-215,0
14887,-220,0
14888,-209,0
14889,-208,0
14890,-213,0
14891,-211,0
14892,-212,0
14893,-214,0
14894,-212,0
14895,-217,0
14896,-209,0
14897,-211,0
14898,-212,0
14899,-205,0
14900,-207,0
14901,-207,0
14902,-209,0
14903,-216,0
14904,-213,0
14905,-204,0
14906,-218,0
14907,-207,0
14908,-212,0
14909,-203,0
14910,-203,0
14911,-213,0
14912,-213,0
14913,-212,0
14914,-204,0
14915,-211,0
14916,-204,0
14917,-208,0
14918,-206,0
14919,-219,0
14920,-207,0
14921,-220,0
14922,-213,0
14923,-208,0
14924,-214,0
14925,-215,0
14926,-220,0
14927,-206,0
14928,-208,0
14929,-214,0
14930,-206,0
14931,-204,0
14932,-218,0
14933,-217,0
14934,-215,0
14935,-214,0
14936,-213,0
14937,-214,0
14938,-217,0
14939,-206,0
14940,-209,0
14941,-214,0
14942,-210,0
14943,-203,0
14944,-211,0
14945,-208,0
14946,-210,0
14947,-207,0
14948,-215,0
14949,-209,0
14950,-212,0
14951,-211,0
14952,-215,0
14953,-210,0
14954,-217,0
14955,-212,0
14956,-208,0
14957,-198,0
14958,-202,0
14959,-208,0
14960,-214,0
14961,-202,0
14962,-206,0
14963,-207,0
14964,-217,0
14965,-207,0
14966,-216,0
14967,-212,0
14968,-206,0
14969,-221,0
14970,-213,0
14971,-205,0
14972,-213,0
14973,-208,0
14974,-210,0
14975,-222,0
14976,-212,0
14977,-211,0
14978,-210,0
14979,-206,0
14980,-220,0
14981,-210,0
14982,-213,0
14983,-212,0
14984,-215,0
14985,-217,0
14986,-215,0
14987,-204,0
14988,-208,0
14989,-205,0
14990,-208,0
14991,-215,0
14992,-214,0
14993,-217,0
14994,-208,0
14995,-212,0
14996,-215,0
14997,-206,0
14998,-203,0
14999,-208,0
15000,-220,0
15001,-205,0
15002,-216,0
15003,-203,0
15004,-208,0
15005,-215,0
15006,-205,0
15007,-214,0
15008,-211,0
15009,-212,0
15010,-212,0
15011,-220,0
15012,-205,0
15013,-216,0
15014,-206,0
15015,-206,0
15016,-210,0
15017,-217,0
15018,-220,0
15019,-214,0
15020,-219,0
15021,-208,0
15022,-217,0
15023,-197,0
15024,-217,0
15025,-215,0
15026,-205,0
15027,-215,0
15028,-207,0
15029,-210,0
15030,-214,0
15031,-212,0
15032,-208,0
15033,-198,0
15034,-198,0
15035,-212,0
15036,-206,0
15037,-224,0
15038,-209,0
15039,-208,0
15040,-217,0
15041,-212,0
15042,-212,0
15043,-208,0
15044,-215,0
15045,-215,0
15046,-209,0
15047,-211,0
15048,-207,0
15049,-213,0
15050,-213,0
15051,-208,0
15052,-206,0
15053,-212,0
15054,-217,0
15055,-209,0
15056,-220,0
15057,-211,0
15058,-208,0
15059,-206,0
15060,-210,0
15061,-215,0
15062,-217,0
15063,-215,0
15064,-218,0
15065,-212,0
15066,-216,0
15067,-210,0
15068,-206,0
15069,-214,0
15070,-221,0
15071,-206,0
15072,-211,0
15073,-215,0
15074,-213,0
15075,-205,0
15076,-202,0
15077,-214,0
15078,-208,0
15079,-222,0
15080,-213,0
15081,-207,0
15082,-213,0
15083,-219,0
15084,-208,0
15085,-217,0
15086,-207,0
15087,-213,0
15088,-212,0
15089,-216,0
15090,-202,0
15091,-212,0
15092,-208,0
15093,-216,0
15094,-207,0
15095,-215,0
15096,-210,0
15097,-213,0
15098,-207,0
15099,-205,0
15100,-209,0
15101,-210,0
15102,-206,0
15103,-207,0
15104,-215,0
15105,-211,0
15106,-215,0
15107,-207,0
15108,-214,0
15109,-218,0
15110,-210,0
15111,-212,0
15112,-217,0
15113,-206,0
15114,-215,0
15115,-203,0
15116,-199,0
15117,-208,0
15118,-211,0
15119,-208,0
15120,-211,0
15121,-214,0
15122,-210,0
15123,-199,0
15124,-213,0
15125,-214,0
15126,-204,0
15127,-210,0
15128,-211,0
15129,-211,0
15130,-209,0
15131,-204,0
15132,-215,0
15133,-212,0
15134,-210,0
15135,-214,0
15136,-206,0
15137,-213,0
15138,-214,0
15139,-209,0
15140,-212,0
15141,-218,0
15142,-217,0
15143,-208,0
15144,-212,0
15145,-215,0
15146,-207,0
15147,-201,0
15148,-209,0
15149,-211,0
15150,-208,0
15151,-214,0
15152,-212,0
15153,-218,0
15154,-208,0
15155,-216,0
15156,-205,0
15157,-213,0
15158,-212,0
15159,-211,0
15160,-215,0
15161,-214,0
15162,-212,0
15163,-211,0
15164,-207,0
15165,-216,0
15166,-211,0
15167,-215,0
15168,-220,0
15169,-213,0
15170,-210,0
15171,-208,0
15172,-210,0
15173,-216,0
15174,-216,0
15175,-203,0
15176,-207,0
15177,-209,0
15178,-210,0
15179,-200,0
15180,-210,0
15181,-213,0
15182,-206,0
15183,-219,0
15184,-216,0
15185,-210,0
15186,-207,0
15187,-208,0
15188,-206,0
15189,-212,0
15190,-207,0
15191,-212,0
15192,-210,0
15193,-206,0
15194,-211,0
15195,-211,0
15196,-208,0
15197,-217,0
15198,-215,0
15199,-215,0
15200,-217,0
15201,-203,0
15202,-204,0
15203,-212,0
15204,-210,0
15205,-215,0
15206,-211,0
15207,-213,0
15208,-221,0
15209,-218,0
15210,-210,0
15211,-211,0
15212,-208,0
15213,-223,0
15214,-215,0
15215,-210,0
15216,-214,0
15217,-205,0
15218,-211,0
15219,-214,0
15220,-217,0
15221,-212,0
15222,-210,0
15223,-214,0
15224,-206,0
15225,-231,0
15226,-215,0
15227,-211,0
15228,-212,0
15229,-212,0
15230,-211,0
15231,-212,0
15232,-212,0
15233,-207,0
15234,-215,0
15235,-212,0
15236,-214,0
15237,-219,0
15238,-207,0
15239,-208,0
15240,-212,0
15241,-210,0
15242,-214,0
15243,-217,0
15244,-224,0
15245,-206,0
15246,-210,0
15247,-216,0
15248,-205,0
15249,-208,0
15250,-213,0
15251,-209,0
15252,-208,0
15253,-213,0
15254,-215,0
15255,-219,0
15256,-218,0
15257,-207,0
15258,-208,0
15259,-214,0
15260,-210,0
15261,-202,0
15262,-213,0
15263,-212,0
15264,-201,0
15265,-208,0
15266,-209,0
15267,-214,0
15268,-211,0
15269,-216,0
15270,-203,0
15271,-224,0
15272,-207,0
15273,-210,0
15274,-225,0
15275,-205,0
15276,-217,0
15277,-208,0
15278,-214,0
15279,-215,0
15280,-209,0
15281,-213,0
15282,-209,0
15283,-213,0
15284,-208,0
15285,-212,0
15286,-218,0
15287,-206,0
15288,-216,0
15289,-210,0
15290,-198,0
15291,-215,0
15292,-212,0
15293,-217,0
15294,-207,0
15295,-218,0
15296,-211,0
15297,-212,0
15298,-220,0
15299,-202,0
15300,-206,0
15301,-211,0
15302,-209,0
15303,-209,0
15304,-208,0
15305,-214,0
15306,-210,0
15307,-214,0
15308,-204,0
15309,-211,0
15310,-211,0
15311,-210,0
15312,-206,0
15313,-216,0
15314,-216,0
15315,-212,0
15316,-215,0
15317,-223,0
15318,-212,0
15319,-203,0
15320,-217,0
15321,-206,0
15322,-208,0
15323,-222,0
15324,-220,0
15325,-218,0
15326,-209,0
15327,-214,0
15328,-212,0
15329,-218,0
15330,-215,0
15331,-216,0
15332,-212,0
15333,-216,0
15334,-212,0
15335,-217,0
15336,-223,0
15337,-220,0
15338,-211,0
15339,-213,0
15340,-209,0
15341,-214,0
15342,-221,0
15343,-206,0
15344,-214,0
15345,-207,0
15346,-210,0
15347,-221,0
15348,-211,0
15349,-212,0
15350,-209,0
15351,-205,0
15352,-212,0
15353,-205,0
15354,-217,0
15355,-215,0
15356,-216,0
15357,-212,0
15358,-206,0
15359,-200,0
15360,-216,0
15361,-213,0
15362,-204,0
15363,-207,0
15364,-211,0
15365,-206,0
15366,-210,0
15367,-212,0
15368,-219,0
15369,-215,0
15370,-215,0
15371,-215,0
15372,-217,0
15373,-207,0
15374,-222,0
15375,-212,0
15376,-207,0
15377,-208,0
15378,-217,0
15379,-218,0
15380,-209,0
15381,-215,0
15382,-204,0
15383,-211,0
15384,-210,0
15385,-215,0
15386,-210,0
15387,-215,0
15388,-204,0
15389,-216,0
15390,-223,0
15391,-214,0
15392,-215,0
15393,-208,0
15394,-207,0
15395,-209,0
15396,-210,0
15397,-218,0
15398,-210,0
15399,-216,0
15400,-215,0
15401,-218,0
15402,-214,0
15403,-205,0
15404,-214,0
15405,-214,0
15406,-210,0
15407,-211,0
15408,-211,0
15409,-217,0
15410,-213,0
15411,-217,0
15412,-206,0
15413,-221,0
15414,-203,0
15415,-214,0
15416,-213,0
15417,-209,0
15418,-212,0
15419,-222,0
15420,-208,0
15421,-215,0
15422,-213,0
15423,-216,0
15424,-210,0
15425,-218,0
15426,-216,0
15427,-209,0
15428,-211,0
15429,-217,0
15430,-213,0
15431,-215,0
15432,-214,0
15433,-216,0
15434,-204,0
15435,-214,0
15436,-217,0
15437,-217,0
15438,-217,0
15439,-217,0
15440,-211,0
15441,-212,0
15442,-222,0
15443,-217,0
15444,-217,0
15445,-218,0
15446,-212,0
15447,-210,0
15448,-217,0
15449,-214,0
15450,-214,0
15451,-204,0
15452,-217,0
15453,-208,0
15454,-211,0
15455,-203,0
15456,-210,0
15457,-218,0
15458,-210,0
15459,-214,0
15460,-211,0
15461,-217,0
15462,-223,0
15463,-206,0
15464,-213,0
15465,-214,0
15466,-214,0
15467,-208,0
15468,-202,0
15469,-203,0
15470,-212,0
15471,-216,0
15472,-211,0
15473,-212,0
15474,-208,0
15475,-209,0
15476,-217,0
15477,-206,0
15478,-213,0
15479,-212,0
15480,-211,0
15481,-215,0
15482,-218,0
15483,-215,0
15484,-211,0
15485,-212,0
15486,-215,0
15487,-212,0
15488,-210,0
15489,-219,0
15490,-211,0
15491,-211,0
15492,-212,0
15493,-218,0
15494,-218,0
15495,-218,0
15496,-210,0
15497,-209,0
15498,-215,0
15499,-202,0
15500,-212,0
15501,-222,0
15502,-216,0
15503,-215,0
15504,-219,0
15505,-204,0
15506,-205,0
15507,-217,0
15508,-222,0
15509,-213,0
15510,-215,0
15511,-203,0
15512,-203,0
15513,-210,0
15514,-209,0
15515,-210,0
15516,-209,0
15517,-215,0
15518,-213,0
15519,-216,0
15520,-210,0
15521,-212,0
15522,-214,0
15523,-212,0
15524,-214,0
15525,-216,0
15526,-214,0
15527,-219,0
15528,-216,0
15529,-217,0
15530,-210,0
15531,-211,0
15532,-217,0
15533,-216,0
15534,-212,0
15535,-201,0
15536,-210,0
15537,-219,0
15538,-214,0
15539,-218,0
15540,-212,0
15541,-212,0
15542,-225,0
15543,-211,0
15544,-210,0
15545,-210,0
15546,-216,0
15547,-214,0
15548,-221,0
15549,-200,0
15550,-212,0
15551,-225,0
15552,-211,0
15553,-219,0
15554,-205,0
15555,-218,0
15556,-208,0
15557,-215,0
15558,-220,0
15559,-217,0
15560,-215,0
15561,-211,0
15562,-218,0
15563,-211,0
15564,-206,0
15565,-213,0
15566,-204,0
15567,-222,0
15568,-217,0
15569,-217,0
15570,-212,0
15571,-210,0
15572,-207,0
15573,-214,0
15574,-217,0
15575,-210,0
15576,-207,0
15577,-218,0
15578,-220,0
15579,-206,0
15580,-213,0
15581,-209,0
15582,-215,0
15583,-212,0
15584,-209,0
15585,-216,0
15586,-220,0
15587,-214,0
15588,-207,0
15589,-210,0
15590,-218,0
15591,-211,0
15592,-214,0
15593,-208,0
15594,-212,0
15595,-213,0
15596,-207,0
15597,-222,0
15598,-218,0
15599,-206,0
15600,-207,0
15601,-224,0
15602,-206,0
15603,-213,0
15604,-221,0
15605,-218,0
15606,-210,0
15607,-214,0
15608,-219,0
15609,-216,0
15610,-212,0
15611,-215,0
15612,-218,0
15613,-217,0
15614,-217,0
15615,-212,0
15616,-205,0
15617,-221,0
15618,-210,0
15619,-213,0
15620,-212,0
15621,-212,0
15622,-213,0
15623,-211,0
15624,-207,0
15625,-222,0
15626,-213,0
15627,-212,0
15628,-209,0
15629,-218,0
15630,-207,0
15631,-211,0
15632,-215,0
15633,-211,0
15634,-215,0
15635,-210,0
15636,-210,0
15637,-219,0
15638,-214,0
15639,-217,0
15640,-212,0
15641,-207,0
15642,-215,0
15643,-211,0
15644,-211,0
15645,-202,0
15646,-210,0
15647,-218,0
15648,-204,0
15649,-226,0
15650,-223,0
15651,-221,0
15652,-217,0
15653,-213,0
15654,-218,0
15655,-213,0
15656,-216,0
15657,-226,0
15658,-216,0
15659,-214,0
15660,-213,0
15661,-214,0
15662,-216,0
15663,-216,0
15664,-214,0
15665,-215,0
15666,-208,0
15667,-206,0
15668,-210,0
15669,-219,0
15670,-214,0
15671,-216,0
15672,-215,0
15673,-208,0
15674,-211,0
15675,-210,0
15676,-216,0
15677,-218,0
15678,-205,0
15679,-202,0
15680,-214,0
15681,-205,0
15682,-219,0
15683,-224,0
15684,-211,0
15685,-211,0
15686,-213,0
15687,-212,0
15688,-220,0
15689,-219,0
15690,-220,0
15691,-210,0
15692,-218,0
15693,-211,0
15694,-214,0
15695,-214,0
15696,-210,0
15697,-219,0
15698,-210,0
15699,-215,0
15700,-211,0
15701,-212,0
15702,-215,0
15703,-217,0
15704,-208,0
15705,-220,0
15706,-206,0
15707,-209,0
15708,-206,0
15709,-217,0
15710,-208,0
15711,-220,0
15712,-210,0
15713,-218,0
15714,-212,0
15715,-217,0
15716,-216,0
15717,-212,0
15718,-221,0
15719,-216,0
15720,-212,0
15721,-210,0
15722,-216,0
15723,-214,0
15724,-217,0
15725,-215,0
15726,-211,0
15727,-217,0
15728,-203,0
15729,-213,0
15730,-214,0
15731,-215,0
15732,-215,0
15733,-210,0
15734,-217,0
15735,-226,0
15736,-208,0
15737,-219,0
15738,-211,0
15739,-204,0
15740,-216,0
15741,-220,0
15742,-215,0
15743,-208,0
15744,-214,0
15745,-219,0
15746,-215,0
15747,-213,0
15748,-212,0
15749,-221,0
15750,-209,0
15751,-204,0
15752,-212,0
15753,-216,0
15754,-224,0
15755,-207,0
15756,-216,0
15757,-216,0
15758,-213,0
15759,-211,0
15760,-212,0
15761,-214,0
15762,-209,0
15763,-218,0
15764,-210,0
15765,-217,0
15766,-218,0
15767,-207,0
15768,-210,0
15769,-217,0
15770,-215,0
15771,-206,0
15772,-217,0
15773,-221,0
15774,-218,0
15775,-211,0
15776,-221,0
15777,-226,0
15778,-210,0
15779,-206,0
15780,-208,0
15781,-224,0
15782,-216,0
15783,-215,0
15784,-208,0
15785,-215,0
15786,-217,0
15787,-215,0
15788,-216,0
15789,-213,0
15790,-213,0
15791,-221,0
15792,-213,0
15793,-211,0
15794,-219,0
15795,-209,0
15796,-225,0
15797,-206,0
15798,-213,0
15799,-204,0
15800,-213,0
15801,-207,0
15802,-222,0
15803,-216,0
15804,-208,0
15805,-206,0
15806,-216,0
15807,-209,0
15808,-215,0
15809,-211,0
15810,-213,0
15811,-207,0
15812,-205,0
15813,-223,0
15814,-213,0
15815,-211,0
15816,-211,0
15817,-220,0
15818,-210,0
15819,-217,0
15820,-214,0
15821,-221,0
15822,-206,0
15823,-223,0
15824,-219,0
15825,-219,0
15826,-224,0
15827,-217,0
15828,-219,0
15829,-218,0
15830,-224,0
15831,-209,0
15832,-215,0
15833,-218,0
15834,-217,0
15835,-211,0
15836,-221,0
15837,-216,0
15838,-221,0
15839,-211,0
15840,-214,0
15841,-216,0
15842,-212,0
15843,-214,0
15844,-218,0
15845,-211,0
15846,-218,0
15847,-215,0
15848,-217,0
15849,-205,0
15850,-220,0
15851,-216,0
15852,-209,0
15853,-218,0
15854,-223,0
15855,-214,0
15856,-218,0
15857,-224,0
15858,-230,0
15859,-212,0
15860,-216,0
15861,-211,0
15862,-219,0
15863,-215,0
15864,-219,0
15865,-214,0
15866,-211,0
15867,-215,0
15868,-210,0
15869,-216,0
15870,-197,0
15871,-221,0
15872,-213,0
15873,-215,0
15874,-216,0
15875,-212,0
15876,-210,0
15877,-215,0
15878,-212,0
15879,-211,0
15880,-217,0
15881,-213,0
15882,-214,0
15883,-210,0
15884,-212,0
15885,-216,0
15886,-216,0
15887,-207,0
15888,-206,0
15889,-222,0
15890,-204,0
15891,-211,0
15892,-209,0
15893,-217,0
15894,-211,0
15895,-215,0
15896,-215,0
15897,-218,0
15898,-213,0
15899,-215,0
15900,-222,0
15901,-228,0
15902,-214,0
15903,-216,0
15904,-216,0
15905,-215,0
15906,-217,0
15907,-208,0
15908,-220,0
15909,-208,0
15910,-228,0
15911,-209,0
15912,-219,0
15913,-209,0
15914,-213,0
15915,-221,0
15916,-226,0
15917,-214,0
15918,-208,0
15919,-214,0
15920,-216,0
15921,-229,0
15922,-216,0
15923,-215,0
15924,-213,0
15925,-218,0
15926,-217,0
15927,-213,0
15928,-205,0
15929,-213,0
15930,-207,0
15931,-216,0
15932,-214,0
15933,-210,0
15934,-218,0
15935,-209,0
15936,-219,0
15937,-223,0
15938,-205,0
15939,-220,0
15940,-221,0
15941,-212,0
15942,-222,0
15943,-209,0
15944,-218,0
15945,-216,0
15946,-215,0
15947,-219,0
15948,-208,0
15949,-213,0
15950,-212,0
15951,-209,0
15952,-216,0
15953,-215,0
15954,-209,0
15955,-227,0
15956,-219,0
15957,-207,0
15958,-220,0
15959,-218,0
15960,-213,0
15961,-212,0
15962,-211,0
15963,-216,0
15964,-219,0
15965,-224,0
15966,-216,0
15967,-210,0
15968,-217,0
15969,-211,0
15970,-212,0
15971,-213,0
15972,-212,0
15973,-224,0
15974,-214,0
15975,-231,0
15976,-219,0
15977,-213,0
15978,-215,0
15979,-225,0
15980,-215,0
15981,-212,0
15982,-214,0
15983,-212,0
15984,-218,0
15985,-220,0
15986,-218,0
15987,-212,0
15988,-213,0
15989,-213,0
15990,-218,0
15991,-202,0
15992,-214,0
15993,-218,0
15994,-211,0
15995,-217,0
15996,-214,0
15997,-209,0
15998,-217,0
15999,-212,0
16000,-213,0
16001,-219,0
16002,-212,0
16003,-212,0
16004,-217,0
16005,-209,0
16006,-220,0
16007,-203,0
16008,-217,0
16009,-221,0
16010,-212,0
16011,-224,0
16012,-212,0
16013,-208,0
16014,-214,0
16015,-216,0
16016,-219,0
16017,-218,0
16018,-212,0
16019,-218,0
16020,-209,0
16021,-215,0
16022,-205,0
16023,-220,0
16024,-207,0
16025,-229,0
16026,-221,0
16027,-223,0
16028,-219,0
16029,-218,0
16030,-212,0
16031,-207,0
16032,-208,0
16033,-215,0
16034,-214,0
16035,-220,0
16036,-218,0
16037,-218,0
16038,-210,0
16039,-215,0
16040,-213,0
16041,-220,0
16042,-223,0
16043,-209,0
16044,-215,0
16045,-207,0
16046,-218,0
16047,-222,0
16048,-213,0
16049,-225,0
16050,-223,0
16051,-213,0
16052,-213,0
16053,-216,0
16054,-211,0
16055,-214,0
16056,-212,0
16057,-229,0
16058,-217,0
16059,-217,0
16060,-209,0
16061,-223,0
16062,-222,0
16063,-213,0
16064,-222,0
16065,-214,0
16066,-216,0
16067,-206,0
16068,-213,0
16069,-213,0
16070,-211,0
16071,-205,0
16072,-210,0
16073,-205,0
16074,-225,0
16075,-214,0
16076,-220,0
16077,-217,0
16078,-218,0
16079,-216,0
16080,-216,0
16081,-215,0
16082,-217,0
16083,-215,0
16084,-218,0
16085,-226,0
16086,-216,0
16087,-216,0
16088,-216,0
16089,-218,0
16090,-220,0
16091,-216,0
16092,-219,0
16093,-216,0
16094,-208,0
16095,-216,0
16096,-221,0
16097,-214,0
16098,-216,0
16099,-211,0
16100,-217,0
16101,-219,0
16102,-210,0
16103,-211,0
16104,-216,0
16105,-213,0
16106,-209,0
16107,-217,0
16108,-225,0
16109,-210,0
16110,-215,0
16111,-212,0
16112,-213,0
16113,-210,0
16114,-218,0
16115,-218,0
16116,-213,0
16117,-219,0
16118,-218,0
16119,-221,0
16120,-210,0
16121,-215,0
16122,-204,0
16123,-222,0
16124,-218,0
16125,-215,0
16126,-218,0
16127,-209,0
16128,-225,0
16129,-212,0
16130,-221,0
16131,-213,0
16132,-219,0
16133,-212,0
16134,-218,0
16135,-203,0
16136,-218,0
16137,-212,0
16138,-215,0
16139,-217,0
16140,-215,0
16141,-206,0
16142,-213,0
16143,-209,0
16144,-206,0
16145,-209,0
16146,-224,0
16147,-218,0
16148,-206,0
16149,-213,0
16150,-213,0
16151,-214,0
16152,-214,0
16153,-218,0
16154,-214,0
16155,-223,0
16156,-214,0
16157,-210,0
16158,-213,0
16159,-215,0
16160,-216,0
16161,-222,0
16162,-216,0
16163,-218,0
16164,-212,0
16165,-217,0
16166,-223,0
16167,-224,0
16168,-216,0
16169,-213,0
16170,-220,0
16171,-219,0
16172,-211,0
16173,-212,0
16174,-212,0
16175,-210,0
16176,-216,0
16177,-206,0
16178,-210,0
16179,-209,0
16180,-222,0
16181,-215,0
16182,-213,0
16183,-212,0
16184,-219,0
16185,-217,0
16186,-217,0
16187,-215,0
16188,-221,0
16189,-214,0
16190,-217,0
16191,-219,0
16192,-212,0
16193,-223,0
16194,-215,0
16195,-219,0
16196,-218,0
16197,-218,0
16198,-213,0
16199,-215,0
16200,-209,0
16201,-211,0
16202,-206,0
16203,-221,0
16204,-219,0
16205,-215,0
16206,-213,0
16207,-218,0
16208,-218,0
16209,-223,0
16210,-223,0
16211,-213,0
16212,-213,0
16213,-215,0
16214,-222,0
16215,-211,0
16216,-212,0
16217,-215,0
16218,-218,0
16219,-216,0
16220,-217,0
16221,-213,0
16222,-205,0
16223,-217,0
16224,-209,0
16225,-210,0
16226,-214,0
16227,-214,0
16228,-219,0
16229,-219,0
16230,-220,0
16231,-212,0
16232,-222,0
16233,-215,0
16234,-223,0
16235,-218,0
16236,-210,0
16237,-213,0
16238,-222,0
16239,-221,0
16240,-210,0
16241,-226,0
16242,-214,0
16243,-227,0
16244,-214,0
16245,-213,0
16246,-210,0
16247,-216,0
16248,-220,0
16249,-220,0
16250,-217,0
16251,-213,0
16252,-214,0
16253,-210,0
16254,-217,0
16255,-210,0
16256,-216,0
16257,-221,0
16258,-208,0
16259,-215,0
16260,-223,0
16261,-217,0
16262,-223,0
16263,-211,0
16264,-210,0
16265,-216,0
16266,-218,0
16267,-217,0
16268,-213,0
16269,-217,0
16270,-220,0
16271,-220,0
16272,-215,0
16273,-230,0
16274,-216,0
16275,-209,0
16276,-210,0
16277,-217,0
16278,-211,0
16279,-216,0
16280,-216,0
16281,-219,0
16282,-223,0
16283,-213,0
16284,-210,0
16285,-227,0
16286,-224,0
16287,-214,0
16288,-212,0
16289,-221,0
16290,-211,0
16291,-218,0
16292,-215,0
16293,-219,0
16294,-212,0
16295,-217,0
16296,-225,0
16297,-222,0
16298,-217,0
16299,-215,0
16300,-209,0
16301,-215,0
16302,-223,0
16303,-212,0
16304,-219,0
16305,-218,0
16306,-212,0
16307,-218,0
16308,-219,0
16309,-215,0
16310,-221,0
16311,-216,0
16312,-207,0
16313,-223,0
16314,-216,0
16315,-216,0
16316,-209,0
16317,-215,0
16318,-211,0
16319,-219,0
16320,-213,0
16321,-219,0
16322,-205,0
16323,-209,0
16324,-212,0
16325,-218,0
16326,-219,0
16327,-206,0
16328,-224,0
16329,-215,0
16330,-221,0
16331,-216,0
16332,-216,0
16333,-210,0
16334,-221,0
16335,-223,0
16336,-215,0
16337,-209,0
16338,-218,0
16339,-223,0
16340,-217,0
16341,-212,0
16342,-206,0
16343,-215,0
16344,-214,0
16345,-222,0
16346,-216,0
16347,-217,0
16348,-222,0
16349,-219,0
16350,-210,0
16351,-213,0
16352,-222,0
16353,-226,0
16354,-214,0
16355,-213,0
16356,-216,0
16357,-216,0
16358,-208,0
16359,-219,0
16360,-219,0
16361,-215,0
16362,-214,0
16363,-216,0
16364,-222,0
16365,-207,0
16366,-219,0
16367,-219,0
16368,-218,0
16369,-210,0
16370,-221,0
16371,-216,0
16372,-212,0
16373,-210,0
16374,-215,0
16375,-214,0
16376,-223,0
16377,-217,0
16378,-215,0
16379,-222,0
16380,-223,0
16381,-217,0
16382,-225,0
16383,-222,0
16384,-221,0
16385,-218,0
16386,-222,0
16387,-214,0
16388,-217,0
16389,-208,0
16390,-217,0
16391,-217,0
16392,-216,0
16393,-211,0
16394,-217,0
16395,-216,0
16396,-214,0
16397,-216,0
16398,-210,0
16399,-214,0
16400,-212,0
16401,-215,0
16402,-218,0
16403,-215,0
16404,-212,0
16405,-222,0
16406,-209,0
16407,-220,0
16408,-222,0
16409,-208,0
16410,-220,0
16411,-220,0
16412,-225,0
16413,-219,0
16414,-218,0
16415,-223,0
16416,-211,0
16417,-218,0
16418,-212,0
16419,-220,0
16420,-223,0
16421,-216,0
16422,-214,0
16423,-217,0
16424,-222,0
16425,-213,0
16426,-216,0
16427,-222,0
16428,-211,0
16429,-208,0
16430,-215,0
16431,-217,0
16432,-210,0
16433,-225,0
16434,-212,0
16435,-213,0
16436,-221,0
16437,-219,0
16438,-218,0
16439,-222,0
16440,-212,0
16441,-221,0
16442,-210,0
16443,-215,0
16444,-219,0
16445,-218,0
16446,-228,0
16447,-223,0
16448,-219,0
16449,-218,0
16450,-227,0
16451,-209,0
16452,-217,0
16453,-210,0
16454,-218,0
16455,-209,0
16456,-210,0
16457,-210,0
16458,-205,0
16459,-216,0
16460,-215,0
16461,-219,0
16462,-223,0
16463,-216,0
16464,-215,0
16465,-222,0
16466,-216,0
16467,-215,0
16468,-218,0
16469,-216,0
16470,-227,0
16471,-215,0
16472,-218,0
16473,-214,0
16474,-212,0
16475,-214,0
16476,-220,0
16477,-206,0
16478,-226,0
16479,-215,0
16480,-214,0
16481,-215,0
16482,-218,0
16483,-213,0
16484,-213,0
16485,-213,0
16486,-212,0
16487,-218,0
16488,-214,0
16489,-221,0
16490,-217,0
16491,-210,0
16492,-218,0
16493,-213,0
16494,-213,0
16495,-205,0
16496,-217,0
16497,-226,0
16498,-214,0
16499,-215,0
16500,-211,0
16501,-220,0
16502,-223,0
16503,-218,0
16504,-210,0
16505,-217,0
16506,-220,0
16507,-221,0
16508,-214,0
16509,-223,0
16510,-226,0
16511,-220,0
16512,-210,0
16513,-214,0
16514,-215,0
16515,-227,0
16516,-217,0
16517,-222,0
16518,-219,0
16519,-220,0
16520,-220,0
16521,-229,0
16522,-213,0
16523,-220,0
16524,-216,0
16525,-221,0
16526,-212,0
16527,-215,0
16528,-214,0
16529,-209,0
16530,-214,0
16531,-218,0
16532,-220,0
16533,-216,0
16534,-212,0
16535,-219,0
16536,-220,0
16537,-215,0
16538,-218,0
16539,-211,0
16540,-234,0
16541,-210,0
16542,-219,0
16543,-221,0
16544,-224,0
16545,-213,0
16546,-212,0
16547,-215,0
16548,-208,0
16549,-219,0
16550,-219,0
16551,-219,0
16552,-219,0
16553,-224,0
16554,-210,0
16555,-221,0
16556,-213,0
16557,-209,0
16558,-212,0
16559,-213,0
16560,-215,0
16561,-213,0
16562,-205,0
16563,-217,0
16564,-213,0
16565,-220,0
16566,-219,0
16567,-213,0
16568,-212,0
16569,-225,0
16570,-224,0
16571,-213,0
16572,-211,0
16573,-215,0
16574,-212,0
16575,-218,0
16576,-219,0
16577,-221,0
16578,-211,0
16579,-220,0
16580,-221,0
16581,-208,0
16582,-214,0
16583,-219,0
16584,-218,0
16585,-218,0
16586,-218,0
16587,-220,0
16588,-218,0
16589,-216,0
16590,-217,0
16591,-216,0
16592,-215,0
16593,-225,0
16594,-225,0
16595,-214,0
16596,-220,0
16597,-218,0
16598,-209,0
16599,-211,0
16600,-221,0
16601,-217,0
16602,-215,0
16603,-213,0
16604,-216,0
16605,-209,0
16606,-219,0
16607,-226,0
16608,-210,0
16609,-221,0
16610,-219,0
16611,-218,0
16612,-213,0
16613,-213,0
16614,-221,0
16615,-216,0
16616,-224,0
16617,-222,0
16618,-215,0
16619,-212,0
16620,-222,0
16621,-212,0
16622,-214,0
16623,-215,0
16624,-217,0
16625,-214,0
16626,-222,0
16627,-212,0
16628,-221,0
16629,-220,0
16630,-220,0
16631,-219,0
16632,-206,0
16633,-221,0
16634,-213,0
16635,-219,0
16636,-211,0
16637,-210,0
16638,-211,0
16639,-214,0
16640,-215,0
16641,-212,0
16642,-216,0
16643,-215,0
16644,-216,0
16645,-215,0
16646,-219,0
16647,-219,0
16648,-217,0
16649,-215,0
16650,-217,0
16651,-225,0
16652,-212,0
16653,-215,0
16654,-222,0
16655,-227,0
16656,-200,0
16657,-214,0
16658,-219,0
16659,-214,0
16660,-221,0
16661,-223,0
16662,-218,0
16663,-209,0
16664,-211,0
16665,-213,0
16666,-220,0
16667,-219,0
16668,-218,0
16669,-224,0
16670,-206,0
16671,-217,0
16672,-226,0
16673,-214,0
16674,-213,0
16675,-218,0
16676,-217,0
16677,-216,0
16678,-215,0
16679,-219,0
16680,-215,0
16681,-216,0
16682,-222,0
16683,-218,0
16684,-226,0
16685,-219,0
16686,-220,0
16687,-211,0
16688,-222,0
16689,-216,0
16690,-217,0
16691,-220,0
16692,-220,0
16693,-210,0
16694,-209,0
16695,-223,0
16696,-220,0
16697,-212,0
16698,-226,0
16699,-212,0
16700,-219,0
16701,-226,0
16702,-227,0
16703,-218,0
16704,-214,0
16705,-216,0
16706,-215,0
16707,-221,0
16708,-211,0
16709,-214,0
16710,-216,0
16711,-229,0
16712,-218,0
16713,-214,0
16714,-220,0
16715,-223,0
16716,-221,0
16717,-209,0
16718,-221,0
16719,-217,0
16720,-208,0
16721,-214,0
16722,-219,0
16723,-218,0
16724,-218,0
16725,-230,0
16726,-216,0
16727,-220,0
16728,-215,0
16729,-211,0
16730,-219,0
16731,-222,0
16732,-222,0
16733,-224,0
16734,-212,0
16735,-223,0
16736,-214,0
16737,-215,0
16738,-215,0
16739,-218,0
16740,-222,0
16741,-213,0
16742,-217,0
16743,-223,0
16744,-218,0
16745,-227,0
16746,-215,0
16747,-224,0
16748,-217,0
16749,-209,0
16750,-221,0
16751,-220,0
16752,-221,0
16753,-215,0
16754,-214,0
16755,-216,0
16756,-229,0
16757,-220,0
16758,-214,0
16759,-211,0
16760,-223,0
16761,-213,0
16762,-219,0
16763,-220,0
16764,-219,0
16765,-215,0
16766,-226,0
16767,-218,0
16768,-218,0
16769,-224,0
16770,-225,0
16771,-222,0
16772,-209,0
16773,-225,0
16774,-221,0
16775,-221,0
16776,-217,0
16777,-209,0
16778,-212,0
16779,-227,0
16780,-220,0
16781,-216,0
16782,-218,0
16783,-213,0
16784,-221,0
16785,-215,0
16786,-216,0
16787,-217,0
16788,-209,0
16789,-217,0
16790,-207,0
16791,-217,0
16792,-215,0
16793,-218,0
16794,-221,0
16795,-218,0
16796,-211,0
16797,-210,0
16798,-220,0
16799,-215,0
16800,-218,0
16801,-216,0
16802,-217,0
16803,-216,0
16804,-209,0
16805,-215,0
16806,-223,0
16807,-221,0
16808,-222,0
16809,-223,0
16810,-218,0
16811,-221,0
16812,-207,0
16813,-223,0
16814,-209,0
16815,-224,0
16816,-213,0
16817,-220,0
16818,-217,0
16819,-221,0
16820,-221,0
16821,-219,0
16822,-216,0
16823,-209,0
16824,-217,0
16825,-221,0
16826,-219,0
16827,-208,0
16828,-210,0
16829,-223,0
16830,-221,0
16831,-221,0
16832,-212,0
16833,-209,0
16834,-216,0
16835,-212,0
16836,-213,0
16837,-218,0
16838,-219,0
16839,-216,0
16840,-214,0
16841,-225,0
16842,-214,0
16843,-205,0
16844,-227,0
16845,-211,0
16846,-212,0
16847,-213,0
16848,-218,0
16849,-209,0
16850,-223,0
16851,-207,0
16852,-215,0
16853,-227,0
16854,-220,0
16855,-217,0
16856,-223,0
16857,-218,0
16858,-221,0
16859,-219,0
16860,-217,0
16861,-225,0
16862,-221,0
16863,-225,0
16864,-214,0
16865,-213,0
16866,-213,0
16867,-217,0
16868,-211,0
16869,-216,0
16870,-218,0
16871,-223,0
16872,-217,0
16873,-229,0
16874,-213,0
16875,-210,0
16876,-220,0
16877,-222,0
16878,-215,0
16879,-214,0
16880,-220,0
16881,-219,0
16882,-222,0
16883,-221,0
16884,-214,0
16885,-221,0
16886,-225,0
16887,-213,0
16888,-217,0
16889,-223,0
16890,-228,0
16891,-232,0
16892,-217,0
16893,-215,0
16894,-215,0
16895,-213,0
16896,-222,0
16897,-220,0
16898,-223,0
16899,-223,0
16900,-213,0
16901,-217,0
16902,-216,0
16903,-213,0
16904,-219,0
16905,-221,0
16906,-212,0
16907,-224,0
16908,-208,0
16909,-211,0
16910,-220,0
16911,-226,0
16912,-228,0
16913,-220,0
16914,-210,0
16915,-218,0
16916,-225,0
16917,-221,0
16918,-221,0
16919,-213,0
16920,-220,0
16921,-222,0
16922,-214,0
16923,-215,0
16924,-215,0
16925,-221,0
16926,-220,0
16927,-214,0
16928,-213,0
16929,-212,0
16930,-228,0
16931,-213,0
16932,-216,0
16933,-220,0
16934,-217,0
16935,-218,0
16936,-209,0
16937,-211,0
16938,-220,0
16939,-227,0
16940,-223,0
16941,-230,0
16942,-222,0
16943,-226,0
16944,-214,0
16945,-217,0
16946,-215,0
16947,-218,0
16948,-213,0
16949,-226,0
16950,-221,0
16951,-219,0
16952,-217,0
16953,-217,0
16954,-211,0
16955,-213,0
16956,-218,0
16957,-224,0
16958,-221,0
16959,-219,0
16960,-218,0
16961,-221,0
16962,-225,0
16963,-217,0
16964,-219,0
16965,-216,0
16966,-217,0
16967,-220,0
16968,-215,0
16969,-214,0
16970,-215,0
16971,-224,0
16972,-214,0
16973,-225,0
16974,-210,0
16975,-216,0
16976,-224,0
16977,-216,0
16978,-224,0
16979,-219,0
16980,-220,0
16981,-219,0
16982,-210,0
16983,-219,0
16984,-228,0
16985,-221,0
16986,-220,0
16987,-222,0
16988,-212,0
16989,-221,0
16990,-213,0
16991,-227,0
16992,-216,0
16993,-216,0
16994,-219,0
16995,-231,0
16996,-214,0
16997,-223,0
16998,-215,0
16999,-222,0
17000,-220,0
17001,-217,0
17002,-218,0
17003,-221,0
17004,-210,0
17005,-220,0
17006,-218,0
17007,-217,0
17008,-220,0
17009,-218,0
17010,-221,0
17011,-216,0
17012,-214,0
17013,-219,0
17014,-220,0
17015,-217,0
17016,-221,0
17017,-213,0
17018,-219,0
17019,-219,0
17020,-219,0
17021,-213,0
17022,-212,0
17023,-223,0
17024,-225,0
17025,-219,0
17026,-222,0
17027,-218,0
17028,-213,0
17029,-215,0
17030,-217,0
17031,-224,0
17032,-227,0
17033,-226,0
17034,-219,0
17035,-221,0
17036,-222,0
17037,-217,0
17038,-223,0
17039,-218,0
17040,-209,0
17041,-218,0
17042,-207,0
17043,-224,0
17044,-216,0
17045,-213,0
17046,-220,0
17047,-215,0
17048,-217,0
17049,-223,0
17050,-219,0
17051,-224,0
17052,-223,0
17053,-226,0
17054,-223,0
17055,-218,0
17056,-221,0
17057,-213,0
17058,-219,0
17059,-223,0
17060,-224,0
17061,-218,0
17062,-220,0
17063,-218,0
17064,-208,0
17065,-218,0
17066,-220,0
17067,-219,0
17068,-216,0
17069,-211,0
17070,-214,0
17071,-221,0
17072,-217,0
17073,-212,0
17074,-228,0
17075,-219,0
17076,-217,0
17077,-216,0
17078,-219,0
17079,-220,0
17080,-218,0
17081,-217,0
17082,-213,0
17083,-217,0
17084,-219,0
17085,-220,0
17086,-218,0
17087,-222,0
17088,-219,0
17089,-217,0
17090,-228,0
17091,-223,0
17092,-219,0
17093,-223,0
17094,-220,0
17095,-224,0
17096,-213,0
17097,-216,0
17098,-217,0
17099,-219,0
17100,-217,0
17101,-211,0
17102,-229,0
17103,-221,0
17104,-227,0
17105,-222,0
17106,-223,0
17107,-217,0
17108,-224,0
17109,-218,0
17110,-215,0
17111,-216,0
17112,-218,0
17113,-226,0
17114,-217,0
17115,-226,0
17116,-232,0
17117,-224,0
17118,-219,0
17119,-216,0
17120,-223,0
17121,-219,0
17122,-212,0
17123,-214,0
17124,-222,0
17125,-216,0
17126,-215,0
17127,-219,0
17128,-219,0
17129,-217,0
17130,-202,0
17131,-222,0
17132,-228,0
17133,-223,0
17134,-219,0
17135,-210,0
17136,-212,0
17137,-218,0
17138,-219,0
17139,-219,0
17140,-225,0
17141,-219,0
17142,-214,0
17143,-220,0
17144,-216,0
17145,-221,0
17146,-220,0
17147,-219,0
17148,-224,0
17149,-213,0
17150,-222,0
17151,-213,0
17152,-216,0
17153,-223,0
17154,-221,0
17155,-221,0
17156,-217,0
17157,-222,0
17158,-209,0
17159,-220,0
17160,-232,0
17161,-225,0
17162,-217,0
17163,-224,0
17164,-219,0
17165,-226,0
17166,-222,0
17167,-227,0
17168,-224,0
17169,-217,0
17170,-226,0
17171,-209,0
17172,-217,0
17173,-228,0
17174,-224,0
17175,-214,0
17176,-218,0
17177,-207,0
17178,-220,0
17179,-218,0
17180,-220,0
17181,-213,0
17182,-234,0
17183,-213,0
17184,-218,0
17185,-221,0
17186,-224,0
17187,-213,0
17188,-219,0
17189,-219,0
17190,-212,0
17191,-228,0
17192,-230,0
17193,-216,0
17194,-225,0
17195,-220,0
17196,-227,0
17197,-223,0
17198,-214,0
17199,-217,0
17200,-222,0
17201,-222,0
17202,-222,0
17203,-214,0
17204,-217,0
17205,-223,0
17206,-223,0
17207,-220,0
17208,-220,0
17209,-217,0
17210,-218,0
17211,-223,0
17212,-228,0
17213,-220,0
17214,-222,0
17215,-216,0
17216,-219,0
17217,-225,0
17218,-225,0
17219,-224,0
17220,-219,0
17221,-217,0
17222,-222,0
17223,-221,0
17224,-211,0
17225,-227,0
17226,-220,0
17227,-221,0
17228,-222,0
17229,-223,0
17230,-225,0
17231,-226,0
17232,-226,0
17233,-220,0
17234,-219,0
17235,-217,0
17236,-217,0
17237,-216,0
17238,-224,0
17239,-210,0
17240,-228,0
17241,-216,0
17242,-225,0
17243,-221,0
17244,-214,0
17245,-223,0
17246,-214,0
17247,-233,0
17248,-213,0
17249,-214,0
17250,-221,0
17251,-219,0
17252,-219,0
17253,-217,0
17254,-223,0
17255,-215,0
17256,-218,0
17257,-214,0
17258,-224,0
17259,-219,0
17260,-230,0
17261,-223,0
17262,-218,0
17263,-216,0
17264,-211,0
17265,-222,0
17266,-228,0
17267,-223,0
17268,-218,0
17269,-224,0
17270,-218,0
17271,-215,0
17272,-221,0
17273,-210,0
17274,-209,0
17275,-225,0
17276,-215,0
17277,-217,0
17278,-211,0
17279,-222,0
17280,-222,0
17281,-224,0
17282,-216,0
17283,-221,0
17284,-224,0
17285,-218,0
17286,-216,0
17287,-236,0
17288,-223,0
17289,-226,0
17290,-214,0
17291,-216,0
17292,-220,0
17293,-221,0
17294,-227,0
17295,-214,0
17296,-224,0
17297,-219,0
17298,-215,0
17299,-219,0
17300,-209,0
17301,-215,0
17302,-226,0
17303,-221,0
17304,-227,0
17305,-216,0
17306,-227,0
17307,-223,0
17308,-225,0
17309,-226,0
17310,-216,0
17311,-223,0
17312,-216,0
17313,-219,0
17314,-221,0
17315,-223,0
17316,-225,0
17317,-224,0
17318,-222,0
17319,-217,0
17320,-215,0
17321,-214,0
17322,-222,0
17323,-212,0
17324,-224,0
17325,-229,0
17326,-214,0
17327,-218,0
17328,-220,0
17329,-220,0
17330,-218,0
17331,-216,0
17332,-216,0
17333,-229,0
17334,-212,0
17335,-224,0
17336,-216,0
17337,-217,0
17338,-213,0
17339,-217,0
17340,-222,0
17341,-215,0
17342,-221,0
17343,-221,0
17344,-216,0
17345,-216,0
17346,-220,0
17347,-215,0
17348,-213,0
17349,-213,0
17350,-220,0
17351,-230,0
17352,-221,0
17353,-223,0
17354,-227,0
17355,-225,0
17356,-208,0
17357,-228,0
17358,-219,0
17359,-222,0
17360,-218,0
17361,-223,0
17362,-224,0
17363,-214,0
17364,-220,0
17365,-220,0
17366,-227,0
17367,-212,0
17368,-216,0
17369,-213,0
17370,-205,0
17371,-225,0
17372,-218,0
17373,-217,0
17374,-223,0
17375,-225,0
17376,-219,0
17377,-229,0
17378,-210,0
17379,-220,0
17380,-225,0
17381,-223,0
17382,-229,0
17383,-215,0
17384,-214,0
17385,-223,0
17386,-225,0
17387,-231,0
17388,-221,0
17389,-224,0
17390,-222,0
17391,-221,0
17392,-221,0
17393,-219,0
17394,-216,0
17395,-225,0
17396,-224,0
17397,-218,0
17398,-222,0
17399,-219,0
17400,-228,0
17401,-217,0
17402,-220,0
17403,-220,0
17404,-222,0
17405,-221,0
17406,-215,0
17407,-220,0
17408,-214,0
17409,-218,0
17410,-226,0
17411,-214,0
17412,-225,0
17413,-227,0
17414,-230,0
17415,-225,0
17416,-222,0
17417,-219,0
17418,-215,0
17419,-219,0
17420,-215,0
17421,-216,0
17422,-224,0
17423,-221,0
17424,-226,0
17425,-223,0
17426,-213,0
17427,-220,0
17428,-227,0
17429,-230,0
17430,-210,0
17431,-222,0
17432,-217,0
17433,-220,0
17434,-226,0
17435,-221,0
17436,-221,0
17437,-221,0
17438,-215,0
17439,-218,0
17440,-212,0
17441,-219,0
17442,-216,0
17443,-216,0
17444,-219,0
17445,-219,0
17446,-215,0
17447,-224,0
17448,-224,0
17449,-214,0
17450,-219,0
17451,-216,0
17452,-221,0
17453,-210,0
17454,-219,0
17455,-222,0
17456,-218,0
17457,-218,0
17458,-222,0
17459,-221,0
17460,-219,0
17461,-219,0
17462,-219,0
17463,-215,0
17464,-231,0
17465,-223,0
17466,-216,0
17467,-223,0
17468,-221,0
17469,-226,0
17470,-214,0
17471,-213,0
17472,-216,0
17473,-215,0
17474,-221,0
17475,-222,0
17476,-221,0
17477,-213,0
17478,-218,0
17479,-222,0
17480,-226,0
17481,-230,0
17482,-224,0
17483,-225,0
17484,-208,0
17485,-221,0
17486,-219,0
17487,-222,0
17488,-228,0
17489,-216,0
17490,-228,0
17491,-216,0
17492,-217,0
17493,-215,0
17494,-231,0
17495,-219,0
17496,-212,0
17497,-214,0
17498,-219,0
17499,-221,0
17500,-211,0
17501,-214,0
17502,-221,0
17503,-224,0
17504,-220,0
17505,-221,0
17506,-219,0
17507,-221,0
17508,-226,0
17509,-214,0
17510,-221,0
17511,-216,0
17512,-219,0
17513,-228,0
17514,-220,0
17515,-212,0
17516,-220,0
17517,-210,0
17518,-227,0
17519,-218,0
17520,-232,0
17521,-222,0
17522,-215,0
17523,-231,0
17524,-216,0
17525,-226,0
17526,-218,0
17527,-212,0
17528,-229,0
17529,-215,0
17530,-224,0
17531,-222,0
17532,-219,0
17533,-226,0
17534,-221,0
17535,-217,0
17536,-214,0
17537,-218,0
17538,-220,0
17539,-222,0
17540,-227,0
17541,-210,0
17542,-218,0
17543,-218,0
17544,-223,0
17545,-225,0
17546,-219,0
17547,-225,0
17548,-219,0
17549,-210,0
17550,-216,0
17551,-219,0
17552,-225,0
17553,-216,0
17554,-220,0
17555,-223,0
17556,-222,0
17557,-226,0
17558,-214,0
17559,-226,0
17560,-223,0
17561,-220,0
17562,-219,0
17563,-224,0
17564,-213,0
17565,-217,0
17566,-220,0
17567,-216,0
17568,-211,0
17569,-217,0
17570,-226,0
17571,-216,0
17572,-224,0
17573,-217,0
17574,-213,0
17575,-224,0
17576,-223,0
17577,-228,0
17578,-224,0
17579,-216,0
17580,-214,0
17581,-216,0
17582,-221,0
17583,-216,0
17584,-225,0
17585,-229,0
17586,-217,0
17587,-213,0
17588,-219,0
17589,-226,0
17590,-222,0
17591,-224,0
17592,-219,0
17593,-228,0
17594,-221,0
17595,-229,0
17596,-225,0
17597,-213,0
17598,-221,0
17599,-231,0
17600,-226,0
17601,-222,0
17602,-218,0
17603,-217,0
17604,-232,0
17605,-228,0
17606,-220,0
17607,-219,0
17608,-216,0
17609,-223,0
17610,-221,0
17611,-215,0
17612,-224,0
17613,-207,0
17614,-210,0
17615,-222,0
17616,-221,0
17617,-219,0
17618,-224,0
17619,-221,0
17620,-222,0
17621,-221,0
17622,-220,0
17623,-219,0
17624,-228,0
17625,-223,0
17626,-224,0
17627,-216,0
17628,-218,0
17629,-231,0
17630,-223,0
17631,-217,0
17632,-220,0
17633,-214,0
17634,-223,0
17635,-223,0
17636,-223,0
17637,-221,0
17638,-210,0
17639,-215,0
17640,-220,0
17641,-216,0
17642,-217,0
17643,-226,0
17644,-217,0
17645,-214,0
17646,-223,0
17647,-213,0
17648,-227,0
17649,-224,0
17650,-217,0
17651,-223,0
17652,-227,0
17653,-229,0
17654,-223,0
17655,-223,0
17656,-212,0
17657,-230,0
17658,-228,0
17659,-215,0
17660,-225,0
17661,-221,0
17662,-222,0
17663,-229,0
17664,-229,0
17665,-218,0
17666,-223,0
17667,-223,0
17668,-213,0
17669,-222,0
17670,-225,0
17671,-221,0
17672,-224,0
17673,-215,0
17674,-220,0
17675,-216,0
17676,-220,0
17677,-221,0
17678,-217,0
17679,-227,0
17680,-230,0
17681,-221,0
17682,-217,0
17683,-221,0
17684,-223,0
17685,-216,0
17686,-218,0
17687,-219,0
17688,-229,0
17689,-221,0
17690,-217,0
17691,-218,0
17692,-218,0
17693,-219,0
17694,-214,0
17695,-224,0
17696,-227,0
17697,-224,0
17698,-221,0
17699,-229,0
17700,-217,0
17701,-223,0
17702,-223,0
17703,-215,0
17704,-220,0
17705,-218,0
17706,-219,0
17707,-224,0
17708,-212,0
17709,-224,0
17710,-218,0
17711,-222,0
17712,-225,0
17713,-226,0
17714,-217,0
17715,-222,0
17716,-224,0
17717,-211,0
17718,-227,0
17719,-226,0
17720,-217,0
17721,-216,0
17722,-224,0
17723,-218,0
17724,-224,0
17725,-220,0
17726,-224,0
17727,-225,0
17728,-224,0
17729,-230,0
17730,-231,0
17731,-220,0
17732,-221,0
17733,-223,0
17734,-224,0
17735,-227,0
17736,-232,0
17737,-215,0
17738,-217,0
17739,-215,0
17740,-217,0
17741,-222,0
17742,-219,0
17743,-223,0
17744,-223,0
17745,-223,0
17746,-226,0
17747,-216,0
17748,-222,0
17749,-224,0
17750,-219,0
17751,-226,0
17752,-225,0
17753,-219,0
17754,-223,0
17755,-223,0
17756,-220,0
17757,-222,0
17758,-217,0
17759,-226,0
17760,-219,0
17761,-214,0
17762,-219,0
17763,-207,0
17764,-227,0
17765,-217,0
17766,-232,0
17767,-221,0
17768,-213,0
17769,-217,0
17770,-214,0
17771,-225,0
17772,-216,0
17773,-228,0
17774,-227,0
17775,-212,0
17776,-225,0
17777,-219,0
17778,-219,0
17779,-210,0
17780,-228,0
17781,-219,0
17782,-225,0
17783,-222,0
17784,-214,0
17785,-223,0
17786,-214,0
17787,-224,0
17788,-222,0
17789,-221,0
17790,-222,0
17791,-230,0
17792,-230,0
17793,-219,0
17794,-232,0
17795,-225,0
17796,-223,0
17797,-225,0
17798,-216,0
17799,-219,0
17800,-217,0
17801,-214,0
17802,-221,0
17803,-230,0
17804,-224,0
17805,-223,0
17806,-210,0
17807,-213,0
17808,-222,0
17809,-222,0
17810,-224,0
17811,-227,0
17812,-218,0
17813,-220,0
17814,-230,0
17815,-222,0
17816,-218,0
17817,-211,0
17818,-224,0
17819,-231,0
17820,-224,0
17821,-218,0
17822,-217,0
17823,-221,0
17824,-220,0
17825,-224,0
17826,-221,0
17827,-223,0
17828,-218,0
17829,-219,0
17830,-219,0
17831,-216,0
17832,-219,0
17833,-213,0
17834,-215,0
17835,-220,0
17836,-229,0
17837,-230,0
17838,-225,0
17839,-224,0
17840,-226,0
17841,-221,0
17842,-227,0
17843,-221,0
17844,-229,0
17845,-219,0
17846,-230,0
17847,-219,0
17848,-218,0
17849,-219,0
17850,-213,0
17851,-225,0
17852,-220,0
17853,-221,0
17854,-222,0
17855,-223,0
17856,-221,0
17857,-220,0
17858,-227,0
17859,-216,0
17860,-222,0
17861,-218,0
17862,-217,0
17863,-215,0
17864,-222,0
17865,-222,0
17866,-222,0
17867,-217,0
17868,-216,0
17869,-218,0
17870,-226,0
17871,-228,0
17872,-218,0
17873,-220,0
17874,-208,0
17875,-222,0
17876,-220,0
17877,-223,0
17878,-220,0
17879,-215,0
17880,-220,0
17881,-224,0
17882,-219,0
17883,-219,0
17884,-231,0
17885,-220,0
17886,-223,0
17887,-220,0
17888,-217,0
17889,-214,0
17890,-217,0
17891,-230,0
17892,-216,0
17893,-226,0
17894,-229,0
17895,-223,0
17896,-220,0
17897,-221,0
17898,-225,0
17899,-217,0
17900,-223,0
17901,-218,0
17902,-231,0
17903,-226,0
17904,-216,0
17905,-215,0
17906,-220,0
17907,-221,0
17908,-224,0
17909,-223,0
17910,-225,0
17911,-222,0
17912,-210,0
17913,-231,0
17914,-232,0
17915,-217,0
17916,-227,0
17917,-222,0
17918,-220,0
17919,-221,0
17920,-230,0
17921,-218,0
17922,-228,0
17923,-218,0
17924,-226,0
17925,-226,0
17926,-224,0
17927,-226,0
17928,-222,0
17929,-222,0
17930,-221,0
17931,-221,0
17932,-215,0
17933,-220,0
17934,-223,0
17935,-227,0
17936,-214,0
17937,-224,0
17938,-222,0
17939,-204,0
17940,-225,0
17941,-226,0
17942,-217,0
17943,-222,0
17944,-219,0
17945,-217,0
17946,-222,0
17947,-216,0
17948,-216,0
17949,-215,0
17950,-220,0
17951,-220,0
17952,-226,0
17953,-227,0
17954,-220,0
17955,-218,0
17956,-220,0
17957,-230,0
17958,-211,0
17959,-210,0
17960,-210,0
17961,-226,0
17962,-232,0
17963,-221,0
17964,-222,0
17965,-228,0
17966,-216,0
17967,-217,0
17968,-218,0
17969,-221,0
17970,-221,0
17971,-222,0
17972,-220,0
17973,-210,0
17974,-219,0
17975,-225,0
17976,-223,0
17977,-225,0
17978,-220,0
17979,-223,0
17980,-230,0
17981,-225,0
17982,-228,0
17983,-218,0
17984,-221,0
17985,-221,0
17986,-216,0
17987,-227,0
17988,-231,0
17989,-218,0
17990,-224,0
17991,-225,0
17992,-225,0
17993,-229,0
17994,-223,0
17995,-220,0
17996,-224,0
17997,-220,0
17998,-218,0
17999,-214,0
18000,-221,0
18001,-221,0
18002,-226,0
18003,-213,0
18004,-220,0
18005,-222,0
18006,-232,0
18007,-224,0
18008,-222,0
18009,-217,0
18010,-215,0
18011,-219,0
18012,-219,0
18013,-213,0
18014,-223,0
18015,-228,0
18016,-221,0
18017,-219,0
18018,-224,0
18019,-227,0
18020,-216,0
18021,-224,0
18022,-236,0
18023,-225,0
18024,-216,0
18025,-224,0
18026,-216,0
18027,-216,0
18028,-228,0
18029,-224,0
18030,-214,0
18031,-218,0
18032,-224,0
18033,-225,0
18034,-216,0
18035,-222,0
18036,-226,0
18037,-223,0
18038,-231,0
18039,-220,0
18040,-221,0
18041,-225,0
18042,-218,0
18043,-211,0
18044,-228,0
18045,-222,0
18046,-226,0
18047,-225,0
18048,-227,0
18049,-218,0
18050,-220,0
18051,-216,0
18052,-222,0
18053,-228,0
18054,-219,0
18055,-226,0
18056,-216,0
18057,-230,0
18058,-220,0
18059,-216,0
18060,-222,0
18061,-219,0
18062,-225,0
18063,-219,0
18064,-235,0
18065,-218,0
18066,-217,0
18067,-226,0
18068,-223,0
18069,-222,0
18070,-218,0
18071,-227,0
18072,-224,0
18073,-216,0
18074,-213,0
18075,-224,0
18076,-225,0
18077,-227,0
18078,-225,0
18079,-221,0
18080,-224,0
18081,-225,0
18082,-223,0
18083,-219,0
18084,-219,0
18085,-230,0
18086,-225,0
18087,-227,0
18088,-219,0
18089,-224,0
18090,-219,0
18091,-215,0
18092,-217,0
18093,-217,0
18094,-222,0
18095,-225,0
18096,-228,0
18097,-221,0
18098,-229,0
18099,-216,0
18100,-217,0
18101,-219,0
18102,-218,0
18103,-227,0
18104,-223,0
18105,-215,0
18106,-230,0
18107,-215,0
18108,-220,0
18109,-222,0
18110,-221,0
18111,-219,0
18112,-221,0
18113,-222,0
18114,-219,0
18115,-217,0
18116,-221,0
18117,-218,0
18118,-231,0
18119,-219,0
18120,-217,0
18121,-221,0
18122,-220,0
18123,-228,0
18124,-224,0
18125,-225,0
18126,-208,0
18127,-225,0
18128,-224,0
18129,-219,0
18130,-224,0
18131,-218,0
18132,-219,0
18133,-219,0
18134,-228,0
18135,-227,0
18136,-217,0
18137,-222,0
18138,-219,0
18139,-215,0
18140,-226,0
18141,-228,0
18142,-218,0
18143,-221,0
18144,-222,0
18145,-221,0
18146,-215,0
18147,-219,0
18148,-217,0
18149,-225,0
18150,-226,0
18151,-227,0
18152,-225,0
18153,-222,0
18154,-219,0
18155,-221,0
18156,-217,0
18157,-219,0
18158,-223,0
18159,-220,0
18160,-226,0
18161,-225,0
18162,-210,0
18163,-226,0
18164,-220,0
18165,-217,0
18166,-222,0
18167,-226,0
18168,-220,0
18169,-225,0
18170,-215,0
18171,-219,0
18172,-226,0
18173,-219,0
18174,-222,0
18175,-217,0
18176,-225,0
18177,-221,0
18178,-224,0
18179,-231,0
18180,-216,0
18181,-226,0
18182,-220,0
18183,-227,0
18184,-223,0
18185,-225,0
18186,-218,0
18187,-222,0
18188,-228,0
18189,-216,0
18190,-215,0
18191,-217,0
18192,-218,0
18193,-225,0
18194,-223,0
18195,-213,0
18196,-222,0
18197,-225,0
18198,-221,0
18199,-219,0
18200,-223,0
18201,-213,0
18202,-223,0
18203,-220,0
18204,-214,0
18205,-221,0
18206,-218,0
18207,-224,0
18208,-218,0
18209,-222,0
18210,-220,0
18211,-222,0
18212,-226,0
18213,-215,0
18214,-226,0
18215,-230,0
18216,-224,0
18217,-220,0
18218,-229,0
18219,-216,0
18220,-223,0
18221,-214,0
18222,-218,0
18223,-226,0
18224,-213,0
18225,-226,0
18226,-222,0
18227,-216,0
18228,-222,0
18229,-218,0
18230,-236,0
18231,-216,0
18232,-213,0
18233,-216,0
18234,-227,0
18235,-218,0
18236,-225,0
18237,-218,0
18238,-220,0
18239,-225,0
18240,-221,0
18241,-231,0
18242,-215,0
18243,-225,0
18244,-216,0
18245,-224,0
18246,-220,0
18247,-216,0
18248,-221,0
18249,-223,0
18250,-220,0
18251,-222,0
18252,-231,0
18253,-224,0
18254,-225,0
18255,-219,0
18256,-226,0
18257,-227,0
18258,-226,0
18259,-231,0
18260,-216,0
18261,-229,0
18262,-213,0
18263,-225,0
18264,-222,0
18265,-227,0
18266,-229,0
18267,-217,0
18268,-225,0
18269,-226,0
18270,-227,0
18271,-213,0
18272,-225,0
18273,-227,0
18274,-216,0
18275,-223,0
18276,-220,0
18277,-220,0
18278,-223,0
18279,-225,0
18280,-235,0
18281,-226,0
18282,-224,0
18283,-222,0
18284,-226,0
18285,-227,0
18286,-225,0
18287,-228,0
18288,-219,0
18289,-230,0
18290,-223,0
18291,-220,0
18292,-223,0
18293,-222,0
18294,-228,0
18295,-223,0
18296,-224,0
18297,-225,0
18298,-221,0
18299,-212,0
18300,-224,0
18301,-221,0
18302,-222,0
18303,-221,0
18304,-234,0
18305,-223,0
18306,-224,0
18307,-232,0
18308,-213,0
18309,-224,0
18310,-216,0
18311,-220,0
18312,-220,0
18313,-219,0
18314,-216,0
18315,-223,0
18316,-222,0
18317,-221,0
18318,-225,0
18319,-215,0
18320,-225,0
18321,-226,0
18322,-223,0
18323,-225,0
18324,-216,0
18325,-222,0
18326,-226,0
18327,-224,0
18328,-226,0
18329,-225,0
18330,-220,0
18331,-218,0
18332,-226,0
18333,-212,0
18334,-228,0
18335,-222,0
18336,-229,0
18337,-218,0
18338,-228,0
18339,-211,0
18340,-216,0
18341,-221,0
18342,-218,0
18343,-224,0
18344,-234,0
18345,-226,0
18346,-223,0
18347,-224,0
18348,-217,0
18349,-224,0
18350,-231,0
18351,-217,0
18352,-216,0
18353,-219,0
18354,-225,0
18355,-223,0
18356,-222,0
18357,-221,0
18358,-221,0
18359,-215,0
18360,-224,0
18361,-228,0
18362,-212,0
18363,-224,0
18364,-224,0
18365,-215,0
18366,-227,0
18367,-224,0
18368,-227,0
18369,-216,0
18370,-221,0
18371,-210,0
18372,-223,0
18373,-220,0
18374,-226,0
18375,-215,0
18376,-219,0
18377,-224,0
18378,-220,0
18379,-220,0
18380,-222,0
18381,-212,0
18382,-219,0
18383,-226,0
18384,-231,0
18385,-223,0
18386,-225,0
18387,-213,0
18388,-223,0
18389,-217,0
18390,-226,0
18391,-226,0
18392,-225,0
18393,-217,0
18394,-224,0
18395,-231,0
18396,-227,0
18397,-218,0
18398,-227,0
18399,-223,0
18400,-231,0
18401,-215,0
18402,-219,0
18403,-224,0
18404,-224,0
18405,-228,0
18406,-232,0
18407,-225,0
18408,-221,0
18409,-227,0
18410,-224,0
18411,-224,0
18412,-226,0
18413,-221,0
18414,-228,0
18415,-223,0
18416,-221,0
18417,-221,0
18418,-224,0
18419,-223,0
18420,-221,0
18421,-222,0
18422,-220,0
18423,-220,0
18424,-221,0
18425,-231,0
18426,-222,0
18427,-217,0
18428,-224,0
18429,-220,0
18430,-225,0
18431,-224,0
18432,-230,0
18433,-230,0
18434,-221,0
18435,-221,0
18436,-220,0
18437,-225,0
18438,-218,0
18439,-223,0
18440,-232,0
18441,-222,0
18442,-226,0
18443,-223,0
18444,-222,0
18445,-212,0
18446,-225,0
18447,-223,0
18448,-235,0
18449,-218,0
18450,-221,0
18451,-227,0
18452,-225,0
18453,-216,0
18454,-225,0
18455,-215,0
18456,-230,0
18457,-217,0
18458,-226,0
18459,-232,0
18460,-220,0
18461,-225,0
18462,-222,0
18463,-219,0
18464,-231,0
18465,-226,0
18466,-223,0
18467,-225,0
18468,-229,0
18469,-231,0
18470,-231,0
18471,-221,0
18472,-216,0
18473,-222,0
18474,-218,0
18475,-216,0
18476,-227,0
18477,-217,0
18478,-221,0
18479,-230,0
18480,-221,0
18481,-225,0
18482,-226,0
18483,-229,0
18484,-234,0
18485,-224,0
18486,-218,0
18487,-221,0
18488,-222,0
18489,-223,0
18490,-219,0
18491,-225,0
18492,-227,0
18493,-225,0
18494,-221,0
18495,-221,0
18496,-220,0
18497,-222,0
18498,-220,0
18499,-226,0
18500,-225,0
18501,-217,0
18502,-215,0
18503,-221,0
18504,-225,0
18505,-221,0
18506,-227,0
18507,-222,0
18508,-215,0
18509,-219,0
18510,-223,0
18511,-219,0
18512,-229,0
18513,-229,0
18514,-211,0
18515,-223,0
18516,-221,0
18517,-224,0
18518,-219,0
18519,-209,0
18520,-231,0
18521,-225,0
18522,-220,0
18523,-220,0
18524,-224,0
18525,-220,0
18526,-217,0
18527,-230,0
18528,-222,0
18529,-211,0
18530,-213,0
18531,-224,0
18532,-223,0
18533,-232,0
18534,-222,0
18535,-225,0
18536,-224,0
18537,-225,0
18538,-223,0
18539,-219,0
18540,-226,0
18541,-230,0
18542,-214,0
18543,-229,0
18544,-225,0
18545,-232,0
18546,-230,0
18547,-221,0
18548,-212,0
18549,-208,0
18550,-221,0
18551,-222,0
18552,-222,0
18553,-231,0
18554,-228,0
18555,-230,0
18556,-227,0
18557,-223,0
18558,-218,0
18559,-217,0
18560,-216,0
18561,-228,0
18562,-222,0
18563,-230,0
18564,-217,0
18565,-223,0
18566,-216,0
18567,-212,0
18568,-226,0
18569,-216,0
18570,-229,0
18571,-224,0
18572,-219,0
18573,-219,0
18574,-218,0
18575,-223,0
18576,-230,0
18577,-222,0
18578,-222,0
18579,-215,0
18580,-224,0
18581,-219,0
18582,-228,0
18583,-219,0
18584,-221,0
18585,-231,0
18586,-226,0
18587,-229,0
18588,-216,0
18589,-218,0
18590,-224,0
18591,-222,0
18592,-226,0
18593,-229,0
18594,-226,0
18595,-223,0
18596,-231,0
18597,-225,0
18598,-225,0
18599,-223,0
18600,-219,0
18601,-223,0
18602,-225,0
18603,-226,0
18604,-225,0
18605,-227,0
18606,-221,0
18607,-230,0
18608,-223,0
18609,-237,0
18610,-212,0
18611,-220,0
18612,-225,0
18613,-220,0
18614,-223,0
18615,-223,0
18616,-219,0
18617,-218,0
18618,-223,0
18619,-218,0
18620,-223,0
18621,-227,0
18622,-233,0
18623,-226,0
18624,-234,0
18625,-223,0
18626,-230,0
18627,-224,0
18628,-221,0
18629,-232,0
18630,-225,0
18631,-223,0
18632,-223,0
18633,-222,0
18634,-230,0
18635,-223,0
18636,-225,0
18637,-223,0
18638,-224,0
18639,-220,0
18640,-230,0
18641,-217,0
18642,-224,0
18643,-224,0
18644,-218,0
18645,-228,0
18646,-224,0
18647,-221,0
18648,-228,0
18649,-224,0
18650,-230,0
18651,-220,0
18652,-228,0
18653,-222,0
18654,-225,0
18655,-230,0
18656,-236,0
18657,-220,0
18658,-222,0
18659,-223,0
18660,-221,0
18661,-220,0
18662,-225,0
18663,-223,0
18664,-219,0
18665,-230,0
18666,-225,0
18667,-224,0
18668,-234,0
18669,-217,0
18670,-221,0
18671,-221,0
18672,-231,0
18673,-226,0
18674,-226,0
18675,-228,0
18676,-223,0
18677,-226,0
18678,-212,0
18679,-227,0
18680,-225,0
18681,-225,0
18682,-218,0
18683,-230,0
18684,-224,0
18685,-220,0
18686,-241,0
18687,-221,0
18688,-222,0
18689,-218,0
18690,-222,0
18691,-231,0
18692,-215,0
18693,-231,0
18694,-222,0
18695,-223,0
18696,-220,0
18697,-224,0
18698,-224,0
18699,-223,0
18700,-233,0
18701,-225,0
18702,-226,0
18703,-222,0
18704,-228,0
18705,-211,0
18706,-224,0
18707,-223,0
18708,-230,0
18709,-219,0
18710,-226,0
18711,-221,0
18712,-218,0
18713,-223,0
18714,-229,0
18715,-230,0
18716,-228,0
18717,-225,0
18718,-224,0
18719,-233,0
18720,-231,0
18721,-216,0
18722,-222,0
18723,-219,0
18724,-228,0
18725,-221,0
18726,-219,0
18727,-233,0
18728,-227,0
18729,-217,0
18730,-222,0
18731,-220,0
18732,-228,0
18733,-221,0
18734,-233,0
18735,-219,0
18736,-226,0
18737,-227,0
18738,-225,0
18739,-229,0
18740,-228,0
18741,-223,0
18742,-225,0
18743,-220,0
18744,-223,0
18745,-227,0
18746,-215,0
18747,-220,0
18748,-223,0
18749,-224,0
18750,-228,0
18751,-228,0
18752,-221,0
18753,-220,0
18754,-217,0
18755,-225,0
18756,-229,0
18757,-234,0
18758,-234,0
18759,-224,0
18760,-226,0
18761,-219,0
18762,-220,0
18763,-226,0
18764,-222,0
18765,-226,0
18766,-225,0
18767,-219,0
18768,-213,0
18769,-219,0
18770,-234,0
18771,-215,0
18772,-226,0
18773,-222,0
18774,-214,0
18775,-222,0
18776,-226,0
18777,-218,0
18778,-230,0
18779,-230,0
18780,-220,0
18781,-225,0
18782,-221,0
18783,-227,0
18784,-221,0
18785,-223,0
18786,-223,0
18787,-226,0
18788,-220,0
18789,-224,0
18790,-230,0
18791,-225,0
18792,-227,0
18793,-225,0
18794,-224,0
18795,-217,0
18796,-221,0
18797,-227,0
18798,-214,0
18799,-222,0
18800,-225,0
18801,-226,0
18802,-223,0
18803,-220,0
18804,-224,0
18805,-222,0
18806,-218,0
18807,-237,0
18808,-220,0
18809,-229,0
18810,-221,0
18811,-219,0
18812,-217,0
18813,-236,0
18814,-224,0
18815,-217,0
18816,-214,0
18817,-228,0
18818,-227,0
18819,-226,0
18820,-229,0
18821,-224,0
18822,-227,0
18823,-230,0
18824,-230,0
18825,-226,0
18826,-229,0
18827,-217,0
18828,-221,0
18829,-222,0
18830,-223,0
18831,-225,0
18832,-220,0
18833,-223,0
18834,-224,0
18835,-225,0
18836,-227,0
18837,-225,0
18838,-220,0
18839,-226,0
18840,-216,0
18841,-234,0
18842,-226,0
18843,-220,0
18844,-214,0
18845,-213,0
18846,-221,0
18847,-222,0
18848,-222,0
18849,-232,0
18850,-214,0
18851,-227,0
18852,-222,0
18853,-223,0
18854,-220,0
18855,-225,0
18856,-222,0
18857,-230,0
18858,-226,0
18859,-219,0
18860,-224,0
18861,-229,0
18862,-225,0
18863,-219,0
18864,-227,0
18865,-220,0
18866,-219,0
18867,-227,0
18868,-217,0
18869,-236,0
18870,-230,0
18871,-228,0
18872,-230,0
18873,-223,0
18874,-224,0
18875,-224,0
18876,-218,0
18877,-218,0
18878,-222,0
18879,-225,0
18880,-225,0
18881,-221,0
18882,-220,0
18883,-226,0
18884,-226,0
18885,-228,0
18886,-221,0
18887,-227,0
18888,-229,0
18889,-229,0
18890,-228,0
18891,-223,0
18892,-229,0
18893,-224,0
18894,-204,0
18895,-223,0
18896,-224,0
18897,-225,0
18898,-223,0
18899,-232,0
18900,-222,0
18901,-216,0
18902,-228,0
18903,-230,0
18904,-224,0
18905,-217,0
18906,-222,0
18907,-225,0
18908,-218,0
18909,-226,0
18910,-232,0
18911,-219,0
18912,-221,0
18913,-224,0
18914,-219,0
18915,-221,0
18916,-225,0
18917,-228,0
18918,-228,0
18919,-234,0
18920,-234,0
18921,-220,0
18922,-226,0
18923,-222,0
18924,-230,0
18925,-233,0
18926,-224,0
18927,-226,0
18928,-231,0
18929,-217,0
18930,-226,0
18931,-219,0
18932,-224,0
18933,-229,0
18934,-223,0
18935,-223,0
18936,-223,0
18937,-237,0
18938,-223,0
18939,-223,0
18940,-227,0
18941,-230,0
18942,-224,0
18943,-224,0
18944,-224,0
18945,-220,0
18946,-216,0
18947,-234,0
18948,-214,0
18949,-232,0
18950,-221,0
18951,-224,0
18952,-225,0
18953,-233,0
18954,-226,0
18955,-218,0
18956,-227,0
18957,-235,0
18958,-215,0
18959,-222,0
18960,-226,0
18961,-224,0
18962,-225,0
18963,-228,0
18964,-220,0
18965,-220,0
18966,-232,0
18967,-235,0
18968,-225,0
18969,-226,0
18970,-232,0
18971,-224,0
18972,-222,0
18973,-226,0
18974,-230,0
18975,-233,0
18976,-220,0
18977,-224,0
18978,-223,0
18979,-222,0
18980,-221,0
18981,-222,0
18982,-220,0
18983,-228,0
18984,-226,0
18985,-224,0
18986,-227,0
18987,-218,0
18988,-223,0
18989,-219,0
18990,-225,0
18991,-219,0
18992,-225,0
18993,-223,0
18994,-223,0
18995,-222,0
18996,-223,0
18997,-225,0
18998,-224,0
18999,-226,0
19000,-229,0
19001,-228,0
19002,-229,0
19003,-222,0
19004,-215,0
19005,-225,0
19006,-226,0
19007,-228,0
19008,-225,0
19009,-223,0
19010,-214,0
19011,-228,0
19012,-222,0
19013,-229,0
19014,-222,0
19015,-221,0
19016,-221,0
19017,-224,0
19018,-226,0
19019,-234,0
19020,-222,0
19021,-226,0
19022,-226,0
19023,-223,0
19024,-227,0
19025,-237,0
19026,-233,0
19027,-222,0
19028,-227,0
19029,-227,0
19030,-221,0
19031,-227,0
19032,-222,0
19033,-228,0
19034,-229,0
19035,-229,0
19036,-226,0
19037,-227,0
19038,-222,0
19039,-222,0
19040,-221,0
19041,-229,0
19042,-227,0
19043,-226,0
19044,-229,0
19045,-221,0
19046,-238,0
19047,-222,0
19048,-225,0
19049,-228,0
19050,-223,0
19051,-222,0
19052,-221,0
19053,-224,0
19054,-225,0
19055,-233,0
19056,-223,0
19057,-220,0
19058,-212,0
19059,-224,0
19060,-224,0
19061,-229,0
19062,-225,0
19063,-220,0
19064,-232,0
19065,-227,0
19066,-224,0
19067,-231,0
19068,-230,0
19069,-224,0
19070,-233,0
19071,-229,0
19072,-220,0
19073,-225,0
19074,-228,0
19075,-226,0
19076,-221,0
19077,-226,0
19078,-226,0
19079,-228,0
19080,-223,0
19081,-220,0
19082,-231,0
19083,-226,0
19084,-218,0
19085,-225,0
19086,-225,0
19087,-221,0
19088,-221,0
19089,-217,0
19090,-231,0
19091,-225,0
19092,-230,0
19093,-226,0
19094,-224,0
19095,-224,0
19096,-225,0
19097,-221,0
19098,-225,0
19099,-229,0
19100,-233,0
19101,-221,0
19102,-220,0
19103,-225,0
19104,-220,0
19105,-221,0
19106,-228,0
19107,-225,0
19108,-223,0
19109,-228,0
19110,-227,0
19111,-233,0
19112,-228,0
19113,-225,0
19114,-227,0
19115,-226,0
19116,-215,0
19117,-228,0
19118,-221,0
19119,-227,0
19120,-228,0
19121,-217,0
19122,-220,0
19123,-227,0
19124,-221,0
19125,-219,0
19126,-224,0
19127,-225,0
19128,-221,0
19129,-224,0
19130,-230,0
19131,-217,0
19132,-234,0
19133,-228,0
19134,-231,0
19135,-217,0
19136,-226,0
19137,-220,0
19138,-225,0
19139,-225,0
19140,-222,0
19141,-220,0
19142,-223,0
19143,-219,0
19144,-225,0
19145,-227,0
19146,-214,0
19147,-226,0
19148,-230,0
19149,-227,0
19150,-228,0
19151,-222,0
19152,-221,0
19153,-232,0
19154,-227,0
19155,-218,0
19156,-227,0
19157,-227,0
19158,-231,0
19159,-215,0
19160,-223,0
19161,-220,0
19162,-219,0
19163,-230,0
19164,-223,0
19165,-232,0
19166,-230,0
19167,-222,0
19168,-227,0
19169,-226,0
19170,-230,0
19171,-226,0
19172,-221,0
19173,-225,0
19174,-223,0
19175,-235,0
19176,-224,0
19177,-228,0
19178,-225,0
19179,-223,0
19180,-225,0
19181,-223,0
19182,-225,0
19183,-214,0
19184,-221,0
19185,-219,0
19186,-221,0
19187,-228,0
19188,-218,0
19189,-226,0
19190,-217,0
19191,-232,0
19192,-228,0
19193,-223,0
19194,-229,0
19195,-227,0
19196,-226,0
19197,-221,0
19198,-223,0
19199,-226,0
19200,-221,0
19201,-224,0
19202,-221,0
19203,-227,0
19204,-229,0
19205,-213,0
19206,-235,0
19207,-223,0
19208,-232,0
19209,-219,0
19210,-232,0
19211,-232,0
19212,-223,0
19213,-228,0
19214,-223,0
19215,-228,0
19216,-231,0
19217,-223,0
19218,-227,0
19219,-223,0
19220,-232,0
19221,-220,0
19222,-231,0
19223,-230,0
19224,-234,0
19225,-228,0
19226,-222,0
19227,-224,0
19228,-224,0
19229,-225,0
19230,-222,0
19231,-231,0
19232,-229,0
19233,-223,0
19234,-219,0
19235,-231,0
19236,-220,0
19237,-223,0
19238,-228,0
19239,-218,0
19240,-223,0
19241,-225,0
19242,-231,0
19243,-219,0
19244,-228,0
19245,-216,0
19246,-225,0
19247,-230,0
19248,-227,0
19249,-229,0
19250,-225,0
19251,-231,0
19252,-217,0
19253,-225,0
19254,-230,0
19255,-222,0
19256,-229,0
19257,-229,0
19258,-226,0
19259,-229,0
19260,-227,0
19261,-223,0
19262,-224,0
19263,-228,0
19264,-232,0
19265,-233,0
19266,-224,0
19267,-217,0
19268,-227,0
19269,-227,0
19270,-234,0
19271,-229,0
19272,-224,0
19273,-231,0
19274,-223,0
19275,-227,0
19276,-230,0
19277,-225,0
19278,-221,0
19279,-230,0
19280,-222,0
19281,-219,0
19282,-226,0
19283,-232,0
19284,-228,0
19285,-219,0
19286,-221,0
19287,-212,0
19288,-227,0
19289,-223,0
19290,-228,0
19291,-217,0
19292,-226,0
19293,-227,0
19294,-233,0
19295,-229,0
19296,-238,0
19297,-226,0
19298,-227,0
19299,-224,0
19300,-223,0
19301,-212,0
19302,-226,0
19303,-219,0
19304,-219,0
19305,-221,0
19306,-226,0
19307,-227,0
19308,-220,0
19309,-223,0
19310,-228,0
19311,-226,0
19312,-223,0
19313,-226,0
19314,-231,0
19315,-223,0
19316,-230,0
19317,-218,0
19318,-232,0
19319,-222,0
19320,-216,0
19321,-222,0
19322,-227,0
19323,-230,0
19324,-229,0
19325,-233,0
19326,-222,0
19327,-218,0
19328,-227,0
19329,-217,0
19330,-221,0
19331,-229,0
19332,-228,0
19333,-221,0
19334,-221,0
19335,-220,0
19336,-223,0
19337,-226,0
19338,-223,0
19339,-224,0
19340,-228,0
19341,-233,0
19342,-223,0
19343,-226,0
19344,-217,0
19345,-221,0
19346,-226,0
19347,-226,0
19348,-220,0
19349,-227,0
19350,-222,0
19351,-228,0
19352,-217,0
19353,-226,0
19354,-230,0
19355,-225,0
19356,-227,0
19357,-230,0
19358,-222,0
19359,-219,0
19360,-226,0
19361,-229,0
19362,-226,0
19363,-232,0
19364,-231,0
19365,-226,0
19366,-226,0
19367,-232,0
19368,-233,0
19369,-239,0
19370,-217,0
19371,-229,0
19372,-217,0
19373,-219,0
19374,-224,0
19375,-222,0
19376,-226,0
19377,-223,0
19378,-220,0
19379,-232,0
19380,-231,0
19381,-227,0
19382,-225,0
19383,-228,0
19384,-225,0
19385,-229,0
19386,-231,0
19387,-227,0
19388,-225,0
19389,-228,0
19390,-226,0
19391,-215,0
19392,-222,0
19393,-224,0
19394,-230,0
19395,-218,0
19396,-228,0
19397,-222,0
19398,-218,0
19399,-218,0
19400,-226,0
19401,-227,0
19402,-233,0
19403,-219,0
19404,-218,0
19405,-230,0
19406,-233,0
19407,-224,0
19408,-224,0
19409,-233,0
19410,-225,0
19411,-227,0
19412,-222,0
19413,-232,0
19414,-224,0
19415,-225,0
19416,-231,0
19417,-223,0
19418,-224,0
19419,-237,0
19420,-227,0
19421,-237,0
19422,-232,0
19423,-222,0
19424,-230,0
19425,-237,0
19426,-228,0
19427,-226,0
19428,-225,0
19429,-231,0
19430,-223,0
19431,-223,0
19432,-225,0
19433,-233,0
19434,-219,0
19435,-233,0
19436,-227,0
19437,-232,0
19438,-225,0
19439,-222,0
19440,-229,0
19441,-228,0
19442,-232,0
19443,-225,0
19444,-232,0
19445,-218,0
19446,-235,0
19447,-227,0
19448,-220,0
19449,-225,0
19450,-225,0
19451,-236,0
19452,-218,0
19453,-230,0
19454,-221,0
19455,-230,0
19456,-231,0
19457,-213,0
19458,-229,0
19459,-227,0
19460,-228,0
19461,-227,0
19462,-226,0
19463,-224,0
19464,-228,0
19465,-225,0
19466,-224,0
19467,-215,0
19468,-220,0
19469,-228,0
19470,-232,0
19471,-229,0
19472,-220,0
19473,-232,0
19474,-225,0
19475,-220,0
19476,-238,0
19477,-231,0
19478,-223,0
19479,-219,0
19480,-227,0
19481,-220,0
19482,-222,0
19483,-223,0
19484,-227,0
19485,-225,0
19486,-235,0
19487,-228,0
19488,-223,0
19489,-228,0
19490,-223,0
19491,-226,0
19492,-224,0
19493,-224,0
19494,-224,0
19495,-232,0
19496,-229,0
19497,-222,0
19498,-221,0
19499,-217,0
19500,-221,0
19501,-218,0
19502,-234,0
19503,-225,0
19504,-227,0
19505,-223,0
19506,-213,0
19507,-228,0
19508,-228,0
19509,-223,0
19510,-223,0
19511,-217,0
19512,-235,0
19513,-229,0
19514,-223,0
19515,-222,0
19516,-224,0
19517,-220,0
19518,-230,0
19519,-233,0
19520,-235,0
19521,-226,0
19522,-227,0
19523,-229,0
19524,-225,0
19525,-224,0
19526,-228,0
19527,-231,0
19528,-232,0
19529,-238,0
19530,-227,0
19531,-219,0
19532,-230,0
19533,-230,0
19534,-220,0
19535,-231,0
19536,-230,0
19537,-235,0
19538,-225,0
19539,-223,0
19540,-224,0
19541,-221,0
19542,-230,0
19543,-212,0
19544,-231,0
19545,-219,0
19546,-222,0
19547,-225,0
19548,-228,0
19549,-236,0
19550,-222,0
19551,-226,0
19552,-229,0
19553,-227,0
19554,-232,0
19555,-220,0
19556,-229,0
19557,-224,0
19558,-225,0
19559,-223,0
19560,-230,0
19561,-230,0
19562,-226,0
19563,-225,0
19564,-225,0
19565,-234,0
19566,-215,0
19567,-238,0
19568,-230,0
19569,-210,0
19570,-223,0
19571,-223,0
19572,-221,0
19573,-225,0
19574,-228,0
19575,-224,0
19576,-229,0
19577,-229,0
19578,-229,0
19579,-230,0
19580,-225,0
19581,-221,0
19582,-223,0
19583,-229,0
19584,-227,0
19585,-235,0
19586,-224,0
19587,-219,0
19588,-225,0
19589,-221,0
19590,-214,0
19591,-221,0
19592,-237,0
19593,-227,0
19594,-220,0
19595,-225,0
19596,-233,0
19597,-225,0
19598,-221,0
19599,-232,0
19600,-237,0
19601,-223,0
19602,-218,0
19603,-231,0
19604,-228,0
19605,-238,0
19606,-222,0
19607,-235,0
19608,-226,0
19609,-224,0
19610,-228,0
19611,-225,0
19612,-235,0
19613,-222,0
19614,-216,0
19615,-234,0
19616,-226,0
19617,-232,0
19618,-225,0
19619,-232,0
19620,-223,0
19621,-234,0
19622,-226,0
19623,-229,0
19624,-223,0
19625,-232,0
19626,-222,0
19627,-227,0
19628,-225,0
19629,-224,0
19630,-229,0
19631,-222,0
19632,-233,0
19633,-212,0
19634,-230,0
19635,-224,0
19636,-233,0
19637,-224,0
19638,-234,0
19639,-228,0
19640,-232,0
19641,-232,0
19642,-224,0
19643,-232,0
19644,-222,0
19645,-220,0
19646,-238,0
19647,-224,0
19648,-239,0
19649,-227,0
19650,-221,0
19651,-223,0
19652,-225,0
19653,-240,0
19654,-226,0
19655,-223,0
19656,-223,0
19657,-233,0
19658,-222,0
19659,-232,0
19660,-219,0
19661,-224,0
19662,-226,0
19663,-223,0
19664,-223,0
19665,-219,0
19666,-228,0
19667,-237,0
19668,-232,0
19669,-231,0
19670,-214,0
19671,-222,0
19672,-229,0
19673,-230,0
19674,-231,0
19675,-223,0
19676,-227,0
19677,-224,0
19678,-231,0
19679,-227,0
19680,-229,0
19681,-224,0
19682,-223,0
19683,-228,0
19684,-226,0
19685,-236,0
19686,-225,0
19687,-219,0
19688,-225,0
19689,-221,0
19690,-229,0
19691,-232,0
19692,-220,0
19693,-224,0
19694,-227,0
19695,-224,0
19696,-222,0
19697,-222,0
19698,-227,0
19699,-235,0
19700,-221,0
19701,-232,0
19702,-227,0
19703,-225,0
19704,-232,0
19705,-222,0
19706,-224,0
19707,-225,0
19708,-227,0
19709,-234,0
19710,-239,0
19711,-236,0
19712,-229,0
19713,-230,0
19714,-232,0
19715,-232,0
19716,-228,0
19717,-230,0
19718,-223,0
19719,-224,0
19720,-220,0
19721,-228,0
19722,-229,0
19723,-233,0
19724,-222,0
19725,-220,0
19726,-225,0
19727,-231,0
19728,-233,0
19729,-222,0
19730,-221,0
19731,-222,0
19732,-231,0
19733,-228,0
19734,-229,0
19735,-231,0
19736,-229,0
19737,-232,0
19738,-221,0
19739,-225,0
19740,-229,0
19741,-229,0
19742,-226,0
19743,-222,0
19744,-225,0
19745,-223,0
19746,-234,0
19747,-220,0
19748,-234,0
19749,-227,0
19750,-220,0
19751,-221,0
19752,-222,0
19753,-229,0
19754,-235,0
19755,-238,0
19756,-232,0
19757,-226,0
19758,-221,0
19759,-220,0
19760,-229,0
19761,-228,0
19762,-227,0
19763,-229,0
19764,-223,0
19765,-231,0
19766,-221,0
19767,-228,0
19768,-227,0
19769,-220,0
19770,-226,0
19771,-222,0
19772,-221,0
19773,-225,0
19774,-221,0
19775,-227,0
19776,-217,0
19777,-227,0
19778,-223,0
19779,-229,0
19780,-226,0
19781,-219,0
19782,-229,0
19783,-228,0
19784,-218,0
19785,-233,0
19786,-232,0
19787,-221,0
19788,-230,0
19789,-233,0
19790,-218,0
19791,-233,0
19792,-233,0
19793,-229,0
19794,-222,0
19795,-227,0
19796,-220,0
19797,-223,0
19798,-222,0
19799,-218,0
19800,-230,0
19801,-227,0
19802,-233,0
19803,-232,0
19804,-223,0
19805,-222,0
19806,-231,0
19807,-234,0
19808,-227,0
19809,-215,0
19810,-216,0
19811,-232,0
19812,-220,0
19813,-233,0
19814,-234,0
19815,-222,0
19816,-222,0
19817,-220,0
19818,-228,0
19819,-231,0
19820,-222,0
19821,-229,0
19822,-238,0
19823,-229,0
19824,-232,0
19825,-225,0
19826,-228,0
19827,-223,0
19828,-225,0
19829,-233,0
19830,-218,0
19831,-227,0
19832,-225,0
19833,-218,0
19834,-226,0
19835,-228,0
19836,-216,0
19837,-227,0
19838,-232,0
19839,-222,0
19840,-228,0
19841,-227,0
19842,-225,0
19843,-234,0
19844,-223,0
19845,-228,0
19846,-228,0
19847,-221,0
19848,-227,0
19849,-234,0
19850,-221,0
19851,-223,0
19852,-220,0
19853,-226,0
19854,-238,0
19855,-226,0
19856,-230,0
19857,-228,0
19858,-231,0
19859,-227,0
19860,-227,0
19861,-229,0
19862,-224,0
19863,-222,0
19864,-230,0
19865,-228,0
19866,-231,0
19867,-223,0
19868,-228,0
19869,-221,0
19870,-232,0
19871,-224,0
19872,-225,0
19873,-226,0
19874,-232,0
19875,-224,0
19876,-229,0
19877,-230,0
19878,-224,0
19879,-214,0
19880,-221,0
19881,-221,0
19882,-229,0
19883,-231,0
19884,-219,0
19885,-233,0
19886,-234,0
19887,-220,0
19888,-220,0
19889,-231,0
19890,-228,0
19891,-232,0
19892,-233,0
19893,-230,0
19894,-220,0
19895,-229,0
19896,-224,0
19897,-225,0
19898,-232,0
19899,-223,0
19900,-226,0
19901,-225,0
19902,-227,0
19903,-221,0
19904,-228,0
19905,-213,0
19906,-229,0
19907,-230,0
19908,-219,0
19909,-231,0
19910,-222,0
19911,-227,0
19912,-232,0
19913,-221,0
19914,-226,0
19915,-228,0
19916,-219,0
19917,-219,0
19918,-239,0
19919,-229,0
19920,-222,0
19921,-230,0
19922,-229,0
19923,-229,0
19924,-230,0
19925,-225,0
19926,-229,0
19927,-223,0
19928,-229,0
19929,-227,0
19930,-233,0
19931,-222,0
19932,-218,0
19933,-227,0
19934,-227,0
19935,-224,0
19936,-220,0
19937,-226,0
19938,-224,0
19939,-218,0
19940,-238,0
19941,-221,0
19942,-222,0
19943,-222,0
19944,-225,0
19945,-227,0
19946,-234,0
19947,-229,0
19948,-228,0
19949,-218,0
19950,-230,0
19951,-219,0
19952,-226,0
19953,-226,0
19954,-224,0
19955,-225,0
19956,-228,0
19957,-221,0
19958,-229,0
19959,-235,0
19960,-220,0
19961,-221,0
19962,-225,0
19963,-219,0
19964,-235,0
19965,-223,0
19966,-224,0
19967,-224,0
19968,-229,0
19969,-222,0
19970,-223,0
19971,-221,0
19972,-219,0
19973,-227,0
19974,-222,0
19975,-236,0
19976,-238,0
19977,-231,0
19978,-225,0
19979,-222,0
19980,-226,0
19981,-225,0
19982,-223,0
19983,-229,0
19984,-225,0
19985,-240,0
19986,-231,0
19987,-227,0
19988,-227,0
19989,-225,0
19990,-231,0
19991,-222,0
19992,-221,0
19993,-224,0
19994,-215,0
19995,-231,0
19996,-226,0
19997,-236,0
19998,-228,0
19999,-228,0
20000,-223,0
20001,-223,0
20002,-229,0
20003,-224,0
20004,-235,0
20005,-228,0
20006,-239,0
20007,-224,0
20008,-225,0
20009,-233,0
20010,-234,0
20011,-227,0
20012,-218,0
20013,-226,0
20014,-228,0
20015,-225,0
20016,-227,0
20017,-239,0
20018,-227,0
20019,-235,0
20020,-231,0
20021,-230,0
20022,-227,0
20023,-221,0
20024,-225,0
20025,-228,0
20026,-223,0
20027,-217,0
20028,-226,0
20029,-231,0
20030,-231,0
20031,-224,0
20032,-236,0
20033,-221,0
20034,-234,0
20035,-219,0
20036,-227,0
20037,-225,0
20038,-228,0
20039,-225,0
20040,-230,0
20041,-221,0
20042,-230,0
20043,-222,0
20044,-221,0
20045,-227,0
20046,-226,0
20047,-226,0
20048,-225,0
20049,-230,0
20050,-215,0
20051,-236,0
20052,-226,0
20053,-232,0
20054,-226,0
20055,-224,0
20056,-226,0
20057,-222,0
20058,-226,0
20059,-222,0
20060,-231,0
20061,-227,0
20062,-227,0
20063,-227,0
20064,-227,0
20065,-217,0
20066,-225,0
20067,-226,0
20068,-225,0
20069,-228,0
20070,-220,0
20071,-225,0
20072,-230,0
20073,-226,0
20074,-230,0
20075,-221,0
20076,-221,0
20077,-223,0
20078,-221,0
20079,-221,0
20080,-229,0
20081,-228,0
20082,-218,0
20083,-227,0
20084,-219,0
20085,-226,0
20086,-222,0
20087,-231,0
20088,-227,0
20089,-217,0
20090,-220,0
20091,-227,0
20092,-227,0
20093,-227,0
20094,-220,0
20095,-230,0
20096,-228,0
20097,-229,0
20098,-220,0
20099,-236,0
20100,-232,0
20101,-225,0
20102,-233,0
20103,-224,0
20104,-219,0
20105,-225,0
20106,-218,0
20107,-214,0
20108,-230,0
20109,-225,0
20110,-226,0
20111,-226,0
20112,-236,0
20113,-225,0
20114,-219,0
20115,-225,0
20116,-231,0
20117,-241,0
20118,-232,0
20119,-234,0
20120,-225,0
20121,-237,0
20122,-231,0
20123,-232,0
20124,-227,0
20125,-222,0
20126,-232,0
20127,-225,0
20128,-222,0
20129,-224,0
20130,-225,0
20131,-225,0
20132,-226,0
20133,-227,0
20134,-227,0
20135,-231,0
20136,-229,0
20137,-229,0
20138,-229,0
20139,-219,0
20140,-231,0
20141,-227,0
20142,-224,0
20143,-225,0
20144,-220,0
20145,-225,0
20146,-231,0
20147,-229,0
20148,-223,0
20149,-235,0
20150,-225,0
20151,-230,0
20152,-225,0
20153,-229,0
20154,-224,0
20155,-215,0
20156,-223,0
20157,-221,0
20158,-228,0
20159,-224,0
20160,-224,0
20161,-230,0
20162,-228,0
20163,-226,0
20164,-227,0
20165,-233,0
20166,-232,0
20167,-234,0
20168,-231,0
20169,-227,0
20170,-230,0
20171,-222,0
20172,-227,0
20173,-225,0
20174,-228,0
20175,-229,0
20176,-230,0
20177,-238,0
20178,-223,0
20179,-227,0
20180,-234,0
20181,-229,0
20182,-228,0
20183,-228,0
20184,-227,0
20185,-230,0
20186,-227,0
20187,-225,0
20188,-223,0
20189,-238,0
20190,-229,0
20191,-236,0
20192,-226,0
20193,-218,0
20194,-235,0
20195,-228,0
20196,-225,0
20197,-231,0
20198,-233,0
20199,-222,0
20200,-227,0
20201,-227,0
20202,-227,0
20203,-221,0
20204,-230,0
20205,-229,0
20206,-232,0
20207,-224,0
20208,-223,0
20209,-227,0
20210,-225,0
20211,-219,0
20212,-226,0
20213,-219,0
20214,-232,0
20215,-228,0
20216,-230,0
20217,-226,0
20218,-229,0
20219,-233,0
20220,-229,0
20221,-226,0
20222,-236,0
20223,-229,0
20224,-229,0
20225,-232,0
20226,-223,0
20227,-236,0
20228,-233,0
20229,-225,0
20230,-227,0
20231,-222,0
20232,-224,0
20233,-223,0
20234,-230,0
20235,-230,0
20236,-225,0
20237,-230,0
20238,-223,0
20239,-223,0
20240,-229,0
20241,-229,0
20242,-229,0
20243,-230,0
20244,-216,0
20245,-228,0
20246,-224,0
20247,-222,0
20248,-232,0
20249,-224,0
20250,-223,0
20251,-230,0
20252,-227,0
20253,-226,0
20254,-222,0
20255,-221,0
20256,-227,0
20257,-234,0
20258,-228,0
20259,-231,0
20260,-233,0
20261,-220,0
20262,-234,0
20263,-233,0
20264,-224,0
20265,-223,0
20266,-224,0
20267,-234,0
20268,-228,0
20269,-217,0
20270,-227,0
20271,-223,0
20272,-228,0
20273,-226,0
20274,-229,0
20275,-223,0
20276,-225,0
20277,-227,0
20278,-232,0
20279,-225,0
20280,-225,0
20281,-217,0
20282,-225,0
20283,-232,0
20284,-227,0
20285,-225,0
20286,-226,0
20287,-227,0
20288,-224,0
20289,-228,0
20290,-223,0
20291,-234,0
20292,-217,0
20293,-223,0
20294,-226,0
20295,-229,0
20296,-224,0
20297,-221,0
20298,-223,0
20299,-229,0
20300,-217,0
20301,-233,0
20302,-225,0
20303,-231,0
20304,-230,0
20305,-223,0
20306,-229,0
20307,-226,0
20308,-225,0
20309,-232,0
20310,-220,0
20311,-230,0
20312,-230,0
20313,-225,0
20314,-223,0
20315,-216,0
20316,-230,0
20317,-225,0
20318,-229,0
20319,-228,0
20320,-223,0
20321,-233,0
20322,-229,0
20323,-225,0
20324,-232,0
20325,-225,0
20326,-227,0
20327,-226,0
20328,-218,0
20329,-223,0
20330,-229,0
20331,-218,0
20332,-226,0
20333,-231,0
20334,-227,0
20335,-220,0
20336,-221,0
20337,-219,0
20338,-230,0
20339,-225,0
20340,-224,0
20341,-234,0
20342,-228,0
20343,-224,0
20344,-230,0
20345,-228,0
20346,-232,0
20347,-229,0
20348,-224,0
20349,-228,0
20350,-228,0
20351,-232,0
20352,-233,0
20353,-230,0
20354,-223,0
20355,-238,0
20356,-228,0
20357,-238,0
20358,-223,0
20359,-235,0
20360,-232,0
20361,-225,0
20362,-219,0
20363,-227,0
20364,-229,0
20365,-231,0
20366,-231,0
20367,-230,0
20368,-224,0
20369,-224,0
20370,-228,0
20371,-226,0
20372,-229,0
20373,-238,0
20374,-226,0
20375,-232,0
20376,-224,0
20377,-229,0
20378,-237,0
20379,-231,0
20380,-227,0
20381,-216,0
20382,-222,0
20383,-224,0
20384,-223,0
20385,-233,0
20386,-230,0
20387,-228,0
20388,-224,0
20389,-222,0
20390,-226,0
20391,-237,0
20392,-236,0
20393,-230,0
20394,-225,0
20395,-236,0
20396,-227,0
20397,-227,0
20398,-227,0
20399,-226,0
20400,-226,0
20401,-227,0
20402,-223,0
20403,-227,0
20404,-218,0
20405,-229,0
20406,-225,0
20407,-216,0
20408,-230,0
20409,-230,0
20410,-228,0
20411,-231,0
20412,-224,0
20413,-222,0
20414,-229,0
20415,-233,0
20416,-227,0
20417,-232,0
20418,-219,0
20419,-224,0
20420,-234,0
20421,-224,0
20422,-226,0
20423,-231,0
20424,-226,0
20425,-229,0
20426,-224,0
20427,-227,0
20428,-226,0
20429,-227,0
20430,-230,0
20431,-226,0
20432,-228,0
20433,-225,0
20434,-229,0
20435,-230,0
20436,-227,0
20437,-226,0
20438,-219,0
20439,-234,0
20440,-229,0
20441,-228,0
20442,-235,0
20443,-231,0
20444,-222,0
20445,-231,0
20446,-233,0
20447,-228,0
20448,-217,0
20449,-234,0
20450,-228,0
20451,-231,0
20452,-227,0
20453,-229,0
20454,-228,0
20455,-226,0
20456,-225,0
20457,-228,0
20458,-224,0
20459,-227,0
20460,-234,0
20461,-224,0
20462,-221,0
20463,-234,0
20464,-212,0
20465,-227,0
20466,-218,0
20467,-225,0
20468,-230,0
20469,-220,0
20470,-236,0
20471,-216,0
20472,-232,0
20473,-231,0
20474,-219,0
20475,-230,0
20476,-226,0
20477,-234,0
20478,-236,0
20479,-237,0
20480,-220,0
20481,-228,0
20482,-234,0
20483,-227,0
20484,-223,0
20485,-225,0
20486,-223,0
20487,-233,0
20488,-220,0
20489,-228,0
20490,-230,0
20491,-225,0
20492,-231,0
20493,-222,0
20494,-230,0
20495,-224,0
20496,-232,0
20497,-225,0
20498,-226,0
20499,-229,0
20500,-228,0
20501,-230,0
20502,-226,0
20503,-229,0
20504,-224,0
20505,-226,0
20506,-238,0
20507,-226,0
20508,-237,0
20509,-228,0
20510,-224,0
20511,-223,0
20512,-222,0
20513,-236,0
20514,-223,0
20515,-227,0
20516,-237,0
20517,-220,0
20518,-227,0
20519,-216,0
20520,-227,0
20521,-227,0
20522,-222,0
20523,-233,0
20524,-223,0
20525,-222,0
20526,-229,0
20527,-231,0
20528,-231,0
20529,-223,0
20530,-218,0
20531,-222,0
20532,-230,0
20533,-227,0
20534,-235,0
20535,-223,0
20536,-218,0
20537,-224,0
20538,-229,0
20539,-236,0
20540,-214,0
20541,-234,0
20542,-226,0
20543,-218,0
20544,-228,0
20545,-237,0
20546,-228,0
20547,-228,0
20548,-222,0
20549,-220,0
20550,-225,0
20551,-228,0
20552,-217,0
20553,-226,0
20554,-226,0
20555,-224,0
20556,-225,0
20557,-229,0
20558,-226,0
20559,-227,0
20560,-218,0
20561,-225,0
20562,-229,0
20563,-232,0
20564,-228,0
20565,-227,0
20566,-223,0
20567,-235,0
20568,-224,0
20569,-218,0
20570,-226,0
20571,-226,0
20572,-232,0
20573,-219,0
20574,-227,0
20575,-228,0
20576,-231,0
20577,-224,0
20578,-228,0
20579,-223,0
20580,-231,0
20581,-228,0
20582,-230,0
20583,-229,0
20584,-230,0
20585,-228,0
20586,-235,0
20587,-221,0
20588,-228,0
20589,-219,0
20590,-228,0
20591,-235,0
20592,-229,0
20593,-238,0
20594,-231,0
20595,-216,0
20596,-230,0
20597,-229,0
20598,-225,0
20599,-229,0
20600,-232,0
20601,-226,0
20602,-227,0
20603,-231,0
20604,-229,0
20605,-226,0
20606,-233,0
20607,-235,0
20608,-224,0
20609,-226,0
20610,-229,0
20611,-232,0
20612,-220,0
20613,-224,0
20614,-227,0
20615,-235,0
20616,-228,0
20617,-227,0
20618,-221,0
20619,-235,0
20620,-230,0
20621,-234,0
20622,-239,0
20623,-226,0
20624,-232,0
20625,-219,0
20626,-229,0
20627,-234,0
20628,-235,0
20629,-236,0
20630,-230,0
20631,-225,0
20632,-241,0
20633,-232,0
20634,-217,0
20635,-224,0
20636,-228,0
20637,-225,0
20638,-225,0
20639,-236,0
20640,-236,0
20641,-222,0
20642,-228,0
20643,-234,0
20644,-225,0
20645,-232,0
20646,-229,0
20647,-235,0
20648,-224,0
20649,-230,0
20650,-229,0
20651,-230,0
20652,-224,0
20653,-228,0
20654,-225,0
20655,-235,0
20656,-226,0
20657,-225,0
20658,-223,0
20659,-235,0
20660,-227,0
20661,-240,0
20662,-224,0
20663,-232,0
20664,-230,0
20665,-231,0
20666,-221,0
20667,-223,0
20668,-232,0
20669,-220,0
20670,-226,0
20671,-229,0
20672,-228,0
20673,-228,0
20674,-229,0
20675,-231,0
20676,-232,0
20677,-223,0
20678,-224,0
20679,-229,0
20680,-232,0
20681,-233,0
20682,-230,0
20683,-225,0
20684,-238,0
20685,-227,0
20686,-224,0
20687,-230,0
20688,-230,0
20689,-226,0
20690,-224,0
20691,-227,0
20692,-233,0
20693,-230,0
20694,-228,0
20695,-229,0
20696,-228,0
20697,-231,0
20698,-232,0
20699,-234,0
20700,-235,0
20701,-217,0
20702,-229,0
20703,-227,0
20704,-226,0
20705,-228,0
20706,-224,0
20707,-221,0
20708,-225,0
20709,-234,0
20710,-225,0
20711,-230,0
20712,-234,0
20713,-231,0
20714,-236,0
20715,-222,0
20716,-221,0
20717,-223,0
20718,-236,0
20719,-221,0
20720,-235,0
20721,-231,0
20722,-227,0
20723,-228,0
20724,-230,0
20725,-225,0
20726,-229,0
20727,-224,0
20728,-230,0
20729,-224,0
20730,-232,0
20731,-226,0
20732,-229,0
20733,-227,0
20734,-229,0
20735,-223,0
20736,-230,0
20737,-228,0
20738,-222,0
20739,-229,0
20740,-224,0
20741,-227,0
20742,-229,0
20743,-225,0
20744,-225,0
20745,-232,0
20746,-222,0
20747,-220,0
20748,-229,0
20749,-228,0
20750,-225,0
20751,-227,0
20752,-227,0
20753,-228,0
20754,-228,0
20755,-232,0
20756,-213,0
20757,-232,0
20758,-233,0
20759,-222,0
20760,-225,0
20761,-238,0
20762,-226,0
20763,-236,0
20764,-231,0
20765,-222,0
20766,-225,0
20767,-237,0
20768,-229,0
20769,-234,0
20770,-226,0
20771,-226,0
20772,-227,0
20773,-233,0
20774,-220,0
20775,-219,0
20776,-224,0
20777,-233,0
20778,-228,0
20779,-231,0
20780,-221,0
20781,-237,0
20782,-218,0
20783,-227,0
20784,-230,0
20785,-235,0
20786,-221,0
20787,-225,0
20788,-224,0
20789,-225,0
20790,-232,0
20791,-231,0
20792,-231,0
20793,-234,0
20794,-225,0
20795,-224,0
20796,-217,0
20797,-229,0
20798,-221,0
20799,-227,0
20800,-218,0
20801,-232,0
20802,-229,0
20803,-223,0
20804,-224,0
20805,-218,0
20806,-225,0
20807,-226,0
20808,-234,0
20809,-231,0
20810,-228,0
20811,-230,0
20812,-225,0
20813,-234,0
20814,-225,0
20815,-225,0
20816,-220,0
20817,-229,0
20818,-227,0
20819,-231,0
20820,-218,0
20821,-232,0
20822,-233,0
20823,-224,0
20824,-225,0
20825,-223,0
20826,-222,0
20827,-230,0
20828,-225,0
20829,-229,0
20830,-238,0
20831,-230,0
20832,-231,0
20833,-219,0
20834,-227,0
20835,-228,0
20836,-237,0
20837,-231,0
20838,-225,0
20839,-232,0
20840,-225,0
20841,-224,0
20842,-227,0
20843,-221,0
20844,-229,0
20845,-228,0
20846,-229,0
20847,-226,0
20848,-229,0
20849,-227,0
20850,-233,0
20851,-222,0
20852,-233,0
20853,-236,0
20854,-232,0
20855,-220,0
20856,-234,0
20857,-224,0
20858,-234,0
20859,-226,0
20860,-228,0
20861,-230,0
20862,-226,0
20863,-222,0
20864,-224,0
20865,-233,0
20866,-227,0
20867,-228,0
20868,-224,0
20869,-223,0
20870,-232,0
20871,-234,0
20872,-235,0
20873,-229,0
20874,-235,0
20875,-236,0
20876,-226,0
20877,-238,0
20878,-225,0
20879,-235,0
20880,-217,0
20881,-227,0
20882,-228,0
20883,-229,0
20884,-235,0
20885,-221,0
20886,-230,0
20887,-230,0
20888,-229,0
20889,-225,0
20890,-229,0
20891,-218,0
20892,-223,0
20893,-221,0
20894,-225,0
20895,-229,0
20896,-233,0
20897,-232,0
20898,-229,0
20899,-222,0
20900,-234,0
20901,-232,0
20902,-231,0
20903,-228,0
20904,-223,0
20905,-226,0
20906,-232,0
20907,-222,0
20908,-228,0
20909,-226,0
20910,-227,0
20911,-226,0
20912,-232,0
20913,-222,0
20914,-227,0
20915,-225,0
20916,-228,0
20917,-224,0
20918,-233,0
20919,-218,0
20920,-229,0
20921,-233,0
20922,-219,0
20923,-228,0
20924,-238,0
20925,-238,0
20926,-229,0
20927,-230,0
20928,-226,0
20929,-228,0
20930,-226,0
20931,-232,0
20932,-233,0
20933,-223,0
20934,-221,0
20935,-226,0
20936,-227,0
20937,-223,0
20938,-231,0
20939,-229,0
20940,-221,0
20941,-223,0
20942,-226,0
20943,-227,0
20944,-219,0
20945,-230,0
20946,-225,0
20947,-235,0
20948,-236,0
20949,-224,0
20950,-228,0
20951,-230,0
20952,-229,0
20953,-226,0
20954,-233,0
20955,-234,0
20956,-234,0
20957,-228,0
20958,-224,0
20959,-227,0
20960,-219,0
20961,-231,0
20962,-225,0
20963,-233,0
20964,-223,0
20965,-224,0
20966,-223,0
20967,-235,0
20968,-225,0
20969,-219,0
20970,-230,0
20971,-222,0
20972,-230,0
20973,-226,0
20974,-229,0
20975,-224,0
20976,-229,0
20977,-225,0
20978,-235,0
20979,-233,0
20980,-227,0
20981,-221,0
20982,-224,0
20983,-234,0
20984,-233,0
20985,-236,0
20986,-227,0
20987,-225,0
20988,-222,0
20989,-224,0
20990,-233,0
20991,-229,0
20992,-237,0
20993,-229,0
20994,-232,0
20995,-231,0
20996,-227,0
20997,-221,0
20998,-225,0
20999,-222,0
21000,-221,0
21001,-226,0
21002,-227,0
21003,-221,0
21004,-228,0
21005,-221,0
21006,-226,0
21007,-227,0
21008,-229,0
21009,-233,0
21010,-227,0
21011,-233,0
21012,-239,0
21013,-229,0
21014,-225,0
21015,-228,0
21016,-220,0
21017,-230,0
21018,-227,0
21019,-231,0
21020,-224,0
21021,-230,0
21022,-218,0
21023,-228,0
21024,-226,0
21025,-233,0
21026,-224,0
21027,-231,0
21028,-228,0
21029,-236,0
21030,-219,0
21031,-228,0
21032,-232,0
21033,-225,0
21034,-230,0
21035,-228,0
21036,-222,0
21037,-231,0
21038,-226,0
21039,-227,0
21040,-215,0
21041,-225,0
21042,-228,0
21043,-233,0
21044,-227,0
21045,-234,0
21046,-223,0
21047,-224,0
21048,-232,0
21049,-230,0
21050,-221,0
21051,-233,0
21052,-231,0
21053,-226,0
21054,-222,0
21055,-217,0
21056,-219,0
21057,-235,0
21058,-223,0
21059,-220,0
21060,-224,0
21061,-235,0
21062,-238,0
21063,-224,0
21064,-229,0
21065,-231,0
21066,-225,0
21067,-240,0
21068,-227,0
21069,-225,0
21070,-231,0
21071,-230,0
21072,-231,0
21073,-226,0
21074,-239,0
21075,-221,0
21076,-235,0
21077,-225,0
21078,-225,0
21079,-222,0
21080,-222,0
21081,-223,0
21082,-234,0
21083,-232,0
21084,-238,0
21085,-226,0
21086,-233,0
21087,-233,0
21088,-236,0
21089,-224,0
21090,-226,0
21091,-230,0
21092,-227,0
21093,-224,0
21094,-232,0
21095,-225,0
21096,-228,0
21097,-223,0
21098,-235,0
21099,-221,0
21100,-235,0
21101,-228,0
21102,-232,0
21103,-228,0
21104,-226,0
21105,-225,0
21106,-225,0
21107,-228,0
21108,-224,0
21109,-219,0
21110,-227,0
21111,-232,0
21112,-240,0
21113,-229,0
21114,-224,0
21115,-227,0
21116,-230,0
21117,-225,0
21118,-229,0
21119,-232,0
21120,-235,0
21121,-228,0
21122,-226,0
21123,-224,0
21124,-227,0
21125,-225,0
21126,-225,0
21127,-229,0
21128,-224,0
21129,-236,0
21130,-228,0
21131,-239,0
21132,-224,0
21133,-231,0
21134,-234,0
21135,-228,0
21136,-224,0
21137,-238,0
21138,-230,0
21139,-225,0
21140,-228,0
21141,-224,0
21142,-220,0
21143,-232,0
21144,-224,0
21145,-218,0
21146,-228,0
21147,-226,0
21148,-226,0
21149,-221,0
21150,-233,0
21151,-231,0
21152,-236,0
21153,-239,0
21154,-227,0
21155,-228,0
21156,-223,0
21157,-235,0
21158,-225,0
21159,-227,0
21160,-229,0
21161,-229,0
21162,-229,0
21163,-230,0
21164,-224,0
21165,-225,0
21166,-226,0
21167,-235,0
21168,-230,0
21169,-227,0
21170,-222,0
21171,-233,0
21172,-241,0
21173,-226,0
21174,-228,0
21175,-228,0
21176,-227,0
21177,-223,0
21178,-224,0
21179,-227,0
21180,-233,0
21181,-235,0
21182,-233,0
21183,-227,0
21184,-230,0
21185,-218,0
21186,-232,0
21187,-229,0
21188,-232,0
21189,-223,0
21190,-224,0
21191,-225,0
21192,-226,0
21193,-227,0
21194,-234,0
21195,-229,0
21196,-228,0
21197,-225,0
21198,-228,0
21199,-227,0
21200,-232,0
21201,-236,0
21202,-232,0
21203,-227,0
21204,-235,0
21205,-233,0
21206,-230,0
21207,-231,0
21208,-228,0
21209,-224,0
21210,-229,0
21211,-231,0
21212,-220,0
21213,-230,0
21214,-224,0
21215,-230,0
21216,-234,0
21217,-220,0
21218,-223,0
21219,-227,0
21220,-236,0
21221,-221,0
21222,-230,0
21223,-235,0
21224,-232,0
21225,-226,0
21226,-223,0
21227,-219,0
21228,-228,0
21229,-226,0
21230,-222,0
21231,-228,0
21232,-230,0
21233,-231,0
21234,-228,0
21235,-220,0
21236,-231,0
21237,-224,0
21238,-226,0
21239,-224,0
21240,-229,0
21241,-219,0
21242,-226,0
21243,-229,0
21244,-226,0
21245,-227,0
21246,-230,0
21247,-228,0
21248,-222,0
21249,-227,0
21250,-231,0
21251,-227,0
21252,-227,0
21253,-217,0
21254,-234,0
21255,-229,0
21256,-231,0
21257,-230,0
21258,-229,0
21259,-239,0
21260,-233,0
21261,-226,0
21262,-228,0
21263,-235,0
21264,-223,0
21265,-222,0
21266,-226,0
21267,-227,0
21268,-232,0
21269,-229,0
21270,-216,0
21271,-232,0
21272,-228,0
21273,-232,0
21274,-231,0
21275,-229,0
21276,-229,0
21277,-231,0
21278,-231,0
21279,-231,0
21280,-226,0
21281,-226,0
21282,-231,0
21283,-219,0
21284,-232,0
21285,-228,0
21286,-219,0
21287,-224,0
21288,-229,0
21289,-231,0
21290,-223,0
21291,-224,0
21292,-220,0
21293,-230,0
21294,-233,0
21295,-230,0
21296,-232,0
21297,-228,0
21298,-225,0
21299,-221,0
21300,-233,0
21301,-232,0
21302,-227,0
21303,-217,0
21304,-223,0
21305,-225,0
21306,-233,0
21307,-225,0
21308,-234,0
21309,-223,0
21310,-222,0
21311,-224,0
21312,-224,0
21313,-225,0
21314,-213,0
21315,-230,0
21316,-223,0
21317,-222,0
21318,-241,0
21319,-225,0
21320,-230,0
21321,-223,0
21322,-229,0
21323,-231,0
21324,-225,0
21325,-236,0
21326,-221,0
21327,-226,0
21328,-231,0
21329,-232,0
21330,-243,0
21331,-230,0
21332,-232,0
21333,-227,0
21334,-233,0
21335,-214,0
21336,-226,0
21337,-225,0
21338,-219,0
21339,-226,0
21340,-225,0
21341,-219,0
21342,-236,0
21343,-223,0
21344,-223,0
21345,-228,0
21346,-229,0
21347,-229,0
21348,-230,0
21349,-224,0
21350,-235,0
21351,-224,0
21352,-237,0
21353,-230,0
21354,-223,0
21355,-228,0
21356,-227,0
21357,-228,0
21358,-226,0
21359,-238,0
21360,-231,0
21361,-224,0
21362,-228,0
21363,-227,0
21364,-222,0
21365,-224,0
21366,-231,0
21367,-227,0
21368,-221,0
21369,-226,0
21370,-226,0
21371,-226,0
21372,-227,0
21373,-227,0
21374,-222,0
21375,-224,0
21376,-227,0
21377,-228,0
21378,-230,0
21379,-228,0
21380,-229,0
21381,-224,0
21382,-228,0
21383,-221,0
21384,-226,0
21385,-221,0
21386,-223,0
21387,-229,0
21388,-221,0
21389,-226,0
21390,-235,0
21391,-226,0
21392,-228,0
21393,-226,0
21394,-222,0
21395,-230,0
21396,-222,0
21397,-224,0
21398,-235,0
21399,-235,0
21400,-238,0
21401,-233,0
21402,-233,0
21403,-225,0
21404,-231,0
21405,-233,0
21406,-228,0
21407,-224,0
21408,-230,0
21409,-232,0
21410,-231,0
21411,-232,0
21412,-226,0
21413,-216,0
21414,-228,0
21415,-226,0
21416,-231,0
21417,-236,0
21418,-224,0
21419,-233,0
21420,-226,0
21421,-231,0
21422,-230,0
21423,-222,0
21424,-237,0
21425,-216,0
21426,-228,0
21427,-232,0
21428,-228,0
21429,-236,0
21430,-225,0
21431,-223,0
21432,-218,0
21433,-228,0
21434,-238,0
21435,-235,0
21436,-228,0
21437,-228,0
21438,-226,0
21439,-227,0
21440,-234,0
21441,-228,0
21442,-238,0
21443,-232,0
21444,-231,0
21445,-227,0
21446,-225,0
21447,-234,0
21448,-230,0
21449,-228,0
21450,-226,0
21451,-220,0
21452,-230,0
21453,-232,0
21454,-231,0
21455,-230,0
21456,-222,0
21457,-231,0
21458,-224,0
21459,-234,0
21460,-228,0
21461,-227,0
21462,-231,0
21463,-227,0
21464,-225,0
21465,-234,0
21466,-233,0
21467,-224,0
21468,-222,0
21469,-231,0
21470,-237,0
21471,-232,0
21472,-227,0
21473,-231,0
21474,-228,0
21475,-225,0
21476,-237,0
21477,-231,0
21478,-229,0
21479,-233,0
21480,-226,0
21481,-227,0
21482,-225,0
21483,-220,0
21484,-226,0
21485,-227,0
21486,-232,0
21487,-224,0
21488,-228,0
21489,-230,0
21490,-230,0
21491,-223,0
21492,-224,0
21493,-219,0
21494,-230,0
21495,-232,0
21496,-233,0
21497,-224,0
21498,-231,0
21499,-218,0
21500,-224,0
21501,-233,0
21502,-230,0
21503,-221,0
21504,-220,0
21505,-228,0
21506,-222,0
21507,-228,0
21508,-233,0
21509,-235,0
21510,-222,0
21511,-238,0
21512,-226,0
21513,-232,0
21514,-230,0
21515,-238,0
21516,-237,0
21517,-225,0
21518,-224,0
21519,-236,0
21520,-229,0
21521,-228,0
21522,-230,0
21523,-231,0
21524,-227,0
21525,-231,0
21526,-235,0
21527,-226,0
21528,-228,0
21529,-226,0
21530,-232,0
21531,-234,0
21532,-231,0
21533,-230,0
21534,-235,0
21535,-227,0
21536,-226,0
21537,-222,0
21538,-218,0
21539,-226,0
21540,-238,0
21541,-228,0
21542,-231,0
21543,-232,0
21544,-229,0
21545,-230,0
21546,-225,0
21547,-230,0
21548,-222,0
21549,-234,0
21550,-224,0
21551,-225,0
21552,-227,0
21553,-232,0
21554,-235,0
21555,-225,0
21556,-240,0
21557,-224,0
21558,-224,0
21559,-232,0
21560,-225,0
21561,-222,0
21562,-235,0
21563,-233,0
21564,-233,0
21565,-224,0
21566,-235,0
21567,-230,0
21568,-228,0
21569,-228,0
21570,-227,0
21571,-228,0
21572,-229,0
21573,-230,0
21574,-224,0
21575,-233,0
21576,-229,0
21577,-228,0
21578,-224,0
21579,-220,0
21580,-226,0
21581,-223,0
21582,-236,0
21583,-224,0
21584,-228,0
21585,-229,0
21586,-231,0
21587,-238,0
21588,-227,0
21589,-224,0
21590,-238,0
21591,-233,0
21592,-232,0
21593,-245,0
21594,-229,0
21595,-227,0
21596,-229,0
21597,-229,0
21598,-228,0
21599,-230,0
21600,-232,0
21601,-222,0
21602,-231,0
21603,-228,0
21604,-227,0
21605,-229,0
21606,-228,0
21607,-228,0
21608,-224,0
21609,-230,0
21610,-222,0
21611,-233,0
21612,-234,0
21613,-230,0
21614,-222,0
21615,-226,0
21616,-226,0
21617,-225,0
21618,-233,0
21619,-223,0
21620,-226,0
21621,-233,0
21622,-222,0
21623,-233,0
21624,-224,0
21625,-232,0
21626,-232,0
21627,-228,0
21628,-228,0
21629,-225,0
21630,-229,0
21631,-218,0
21632,-228,0
21633,-234,0
21634,-231,0
21635,-225,0
21636,-232,0
21637,-222,0
21638,-229,0
21639,-232,0
21640,-234,0
21641,-233,0
21642,-226,0
21643,-228,0
21644,-225,0
21645,-229,0
21646,-223,0
21647,-227,0
21648,-219,0
21649,-228,0
21650,-223,0
21651,-227,0
21652,-227,0
21653,-228,0
21654,-226,0
21655,-227,0
21656,-230,0
21657,-228,0
21658,-231,0
21659,-219,0
21660,-223,0
21661,-229,0
21662,-229,0
21663,-245,0
21664,-229,0
21665,-229,0
21666,-232,0
21667,-226,0
21668,-224,0
21669,-223,0
21670,-226,0
21671,-224,0
21672,-227,0
21673,-223,0
21674,-223,0
21675,-228,0
21676,-221,0
21677,-226,0
21678,-229,0
21679,-228,0
21680,-229,0
21681,-228,0
21682,-227,0
21683,-232,0
21684,-233,0
21685,-231,0
21686,-228,0
21687,-234,0
21688,-228,0
21689,-235,0
21690,-230,0
21691,-221,0
21692,-220,0
21693,-229,0
21694,-229,0
21695,-232,0
21696,-231,0
21697,-232,0
21698,-228,0
21699,-225,0
21700,-237,0
21701,-225,0
21702,-227,0
21703,-226,0
21704,-238,0
21705,-218,0
21706,-227,0
21707,-234,0
21708,-227,0
21709,-235,0
21710,-229,0
21711,-230,0
21712,-224,0
21713,-223,0
21714,-232,0
21715,-233,0
21716,-237,0
21717,-230,0
21718,-223,0
21719,-228,0
21720,-229,0
21721,-230,0
21722,-233,0
21723,-220,0
21724,-237,0
21725,-228,0
21726,-231,0
21727,-232,0
21728,-227,0
21729,-223,0
21730,-229,0
21731,-224,0
21732,-226,0
21733,-236,0
21734,-222,0
21735,-232,0
21736,-217,0
21737,-229,0
21738,-234,0
21739,-239,0
21740,-228,0
21741,-219,0
21742,-228,0
21743,-228,0
21744,-230,0
21745,-227,0
21746,-227,0
21747,-230,0
21748,-224,0
21749,-227,0
21750,-228,0
21751,-226,0
21752,-232,0
21753,-232,0
21754,-229,0
21755,-235,0
21756,-229,0
21757,-224,0
21758,-229,0
21759,-223,0
21760,-225,0
21761,-234,0
21762,-226,0
21763,-233,0
21764,-231,0
21765,-235,0
21766,-232,0
21767,-234,0
21768,-226,0
21769,-222,0
21770,-232,0
21771,-234,0
21772,-229,0
21773,-222,0
21774,-227,0
21775,-227,0
21776,-225,0
21777,-229,0
21778,-235,0
21779,-229,0
21780,-231,0
21781,-228,0
21782,-228,0
21783,-233,0
21784,-228,0
21785,-230,0
21786,-235,0
21787,-233,0
21788,-222,0
21789,-228,0
21790,-232,0
21791,-236,0
21792,-231,0
21793,-230,0
21794,-227,0
21795,-234,0
21796,-232,0
21797,-229,0
21798,-228,0
21799,-227,0
21800,-223,0
21801,-234,0
21802,-239,0
21803,-229,0
21804,-237,0
21805,-235,0
21806,-223,0
21807,-233,0
21808,-225,0
21809,-229,0
21810,-239,0
21811,-233,0
21812,-230,0
21813,-227,0
21814,-227,0
21815,-226,0
21816,-236,0
21817,-228,0
21818,-234,0
21819,-226,0
21820,-229,0
21821,-230,0
21822,-230,0
21823,-222,0
21824,-222,0
21825,-217,0
21826,-224,0
21827,-228,0
21828,-227,0
21829,-236,0
21830,-223,0
21831,-220,0
21832,-227,0
21833,-236,0
21834,-232,0
21835,-228,0
21836,-234,0
21837,-223,0
21838,-227,0
21839,-224,0
21840,-227,0
21841,-234,0
21842,-226,0
21843,-227,0
21844,-224,0
21845,-233,0
21846,-234,0
21847,-232,0
21848,-237,0
21849,-226,0
21850,-229,0
21851,-229,0
21852,-220,0
21853,-234,0
21854,-218,0
21855,-233,0
21856,-229,0
21857,-229,0
21858,-229,0
21859,-223,0
21860,-229,0
21861,-229,0
21862,-230,0
21863,-225,0
21864,-230,0
21865,-227,0
21866,-217,0
21867,-228,0
21868,-226,0
21869,-231,0
21870,-230,0
21871,-230,0
21872,-239,0
21873,-231,0
21874,-218,0
21875,-223,0
21876,-224,0
21877,-227,0
21878,-225,0
21879,-237,0
21880,-225,0
21881,-226,0
21882,-226,0
21883,-229,0
21884,-224,0
21885,-233,0
21886,-227,0
21887,-227,0
21888,-233,0
21889,-235,0
21890,-233,0
21891,-223,0
21892,-231,0
21893,-227,0
21894,-224,0
21895,-229,0
21896,-238,0
21897,-231,0
21898,-233,0
21899,-232,0
21900,-225,0
21901,-224,0
21902,-230,0
21903,-232,0
21904,-224,0
21905,-237,0
21906,-222,0
21907,-232,0
21908,-229,0
21909,-206,0
21910,-226,0
21911,-228,0
21912,-237,0
21913,-229,0
21914,-232,0
21915,-234,0
21916,-225,0
21917,-221,0
21918,-231,0
21919,-225,0
21920,-220,0
21921,-237,0
21922,-221,0
21923,-230,0
21924,-226,0
21925,-235,0
21926,-230,0
21927,-228,0
21928,-221,0
21929,-228,0
21930,-228,0
21931,-226,0
21932,-223,0
21933,-228,0
21934,-224,0
21935,-228,0
21936,-231,0
21937,-229,0
21938,-241,0
21939,-225,0
21940,-219,0
21941,-223,0
21942,-232,0
21943,-226,0
21944,-218,0
21945,-229,0
21946,-222,0
21947,-229,0
21948,-229,0
21949,-232,0
21950,-231,0
21951,-230,0
21952,-228,0
21953,-234,0
21954,-228,0
21955,-228,0
21956,-233,0
21957,-228,0
21958,-229,0
21959,-229,0
21960,-230,0
21961,-231,0
21962,-232,0
21963,-229,0
21964,-230,0
21965,-226,0
21966,-221,0
21967,-230,0
21968,-235,0
21969,-231,0
21970,-233,0
21971,-213,0
21972,-229,0
21973,-230,0
21974,-233,0
21975,-222,0
21976,-227,0
21977,-238,0
21978,-242,0
21979,-237,0
21980,-231,0
21981,-230,0
21982,-234,0
21983,-227,0
21984,-228,0
21985,-224,0
21986,-227,0
21987,-230,0
21988,-240,0
21989,-225,0
21990,-224,0
21991,-227,0
21992,-226,0
21993,-220,0
21994,-231,0
21995,-226,0
21996,-237,0
21997,-225,0
21998,-224,0
21999,-225,0
22000,-222,0
22001,-232,0
22002,-229,0
22003,-227,0
22004,-230,0
22005,-232,0
22006,-225,0
22007,-228,0
22008,-223,0
22009,-222,0
22010,-236,0
22011,-227,0
22012,-229,0
22013,-227,0
22014,-226,0
22015,-232,0
22016,-226,0
22017,-225,0
22018,-226,0
22019,-229,0
22020,-233,0
22021,-223,0
22022,-223,0
22023,-226,0
22024,-234,0
22025,-222,0
22026,-228,0
22027,-222,0
22028,-229,0
22029,-227,0
22030,-226,0
22031,-229,0
22032,-236,0
22033,-230,0
22034,-228,0
22035,-234,0
22036,-229,0
22037,-230,0
22038,-230,0
22039,-226,0
22040,-222,0
22041,-231,0
22042,-231,0
22043,-227,0
22044,-229,0
22045,-230,0
22046,-227,0
22047,-228,0
22048,-230,0
22049,-226,0
22050,-228,0
22051,-229,0
22052,-219,0
22053,-232,0
22054,-226,0
22055,-226,0
22056,-219,0
22057,-229,0
22058,-223,0
22059,-234,0
22060,-238,0
22061,-227,0
22062,-230,0
22063,-218,0
22064,-223,0
22065,-234,0
22066,-226,0
22067,-223,0
22068,-233,0
22069,-221,0
22070,-236,0
22071,-229,0
22072,-230,0
22073,-226,0
22074,-221,0
22075,-220,0
22076,-221,0
22077,-234,0
22078,-227,0
22079,-229,0
22080,-227,0
22081,-232,0
22082,-224,0
22083,-223,0
22084,-228,0
22085,-225,0
22086,-229,0
22087,-224,0
22088,-226,0
22089,-224,0
22090,-236,0
22091,-227,0
22092,-230,0
22093,-229,0
22094,-234,0
22095,-230,0
22096,-220,0
22097,-221,0
22098,-233,0
22099,-225,0
22100,-225,0
22101,-222,0
22102,-235,0
22103,-228,0
22104,-229,0
22105,-234,0
22106,-228,0
22107,-229,0
22108,-223,0
22109,-222,0
22110,-236,0
22111,-238,0
22112,-232,0
22113,-233,0
22114,-227,0
22115,-227,0
22116,-231,0
22117,-235,0
22118,-226,0
22119,-225,0
22120,-239,0
22121,-240,0
22122,-224,0
22123,-228,0
22124,-231,0
22125,-235,0
22126,-224,0
22127,-234,0
22128,-216,0
22129,-233,0
22130,-225,0
22131,-233,0
22132,-229,0
22133,-235,0
22134,-231,0
22135,-232,0
22136,-226,0
22137,-222,0
22138,-225,0
22139,-226,0
22140,-230,0
22141,-224,0
22142,-221,0
22143,-222,0
22144,-220,0
22145,-221,0
22146,-227,0
22147,-230,0
22148,-222,0
22149,-234,0
22150,-223,0
22151,-224,0
22152,-226,0
22153,-230,0
22154,-235,0
22155,-228,0
22156,-219,0
22157,-231,0
22158,-244,0
22159,-230,0
22160,-220,0
22161,-224,0
22162,-235,0
22163,-224,0
22164,-211,0
22165,-226,0
22166,-228,0
22167,-223,0
22168,-221,0
22169,-230,0
22170,-219,0
22171,-226,0
22172,-235,0
22173,-215,0
22174,-235,0
22175,-222,0
22176,-231,0
22177,-232,0
22178,-228,0
22179,-230,0
22180,-224,0
22181,-226,0
22182,-232,0
22183,-226,0
22184,-213,0
22185,-235,0
22186,-235,0
22187,-231,0
22188,-235,0
22189,-230,0
22190,-231,0
22191,-235,0
22192,-230,0
22193,-230,0
22194,-226,0
22195,-228,0
22196,-226,0
22197,-226,0
22198,-229,0
22199,-228,0
22200,-230,0
22201,-221,0
22202,-228,0
22203,-231,0
22204,-232,0
22205,-229,0
22206,-226,0
22207,-226,0
22208,-221,0
22209,-232,0
22210,-228,0
22211,-216,0
22212,-227,0
22213,-217,0
22214,-226,0
22215,-227,0
22216,-220,0
22217,-226,0
22218,-226,0
22219,-223,0
22220,-238,0
22221,-238,0
22222,-233,0
22223,-237,0
22224,-230,0
22225,-223,0
22226,-228,0
22227,-231,0
22228,-229,0
22229,-225,0
22230,-225,0
22231,-215,0
22232,-234,0
22233,-230,0
22234,-225,0
22235,-225,0
22236,-230,0
22237,-219,0
22238,-233,0
22239,-236,0
22240,-222,0
22241,-232,0
22242,-225,0
22243,-229,0
22244,-225,0
22245,-226,0
22246,-233,0
22247,-220,0
22248,-217,0
22249,-231,0
22250,-229,0
22251,-228,0
22252,-234,0
22253,-222,0
22254,-231,0
22255,-234,0
22256,-227,0
22257,-228,0
22258,-233,0
22259,-237,0
22260,-228,0
22261,-233,0
22262,-225,0
22263,-225,0
22264,-230,0
22265,-235,0
22266,-227,0
22267,-220,0
22268,-231,0
22269,-221,0
22270,-238,0
22271,-233,0
22272,-223,0
22273,-228,0
22274,-224,0
22275,-227,0
22276,-224,0
22277,-228,0
22278,-231,0
22279,-226,0
22280,-239,0
22281,-226,0
22282,-223,0
22283,-223,0
22284,-222,0
22285,-229,0
22286,-226,0
22287,-229,0
22288,-228,0
22289,-241,0
22290,-226,0
22291,-220,0
22292,-221,0
22293,-225,0
22294,-226,0
22295,-221,0
22296,-226,0
22297,-226,0
22298,-228,0
22299,-235,0
22300,-228,0
22301,-226,0
22302,-240,0
22303,-234,0
22304,-222,0
22305,-227,0
22306,-233,0
22307,-238,0
22308,-231,0
22309,-225,0
22310,-228,0
22311,-236,0
22312,-215,0
22313,-229,0
22314,-232,0
22315,-230,0
22316,-226,0
22317,-226,0
22318,-217,0
22319,-231,0
22320,-223,0
22321,-215,0
22322,-233,0
22323,-227,0
22324,-232,0
22325,-230,0
22326,-232,0
22327,-228,0
22328,-233,0
22329,-237,0
22330,-229,0
22331,-223,0
22332,-226,0
22333,-233,0
22334,-229,0
22335,-231,0
22336,-226,0
22337,-228,0
22338,-222,0
22339,-228,0
22340,-234,0
22341,-230,0
22342,-225,0
22343,-226,0
22344,-231,0
22345,-222,0
22346,-222,0
22347,-232,0
22348,-217,0
22349,-236,0
22350,-235,0
22351,-231,0
22352,-222,0
22353,-239,0
22354,-225,0
22355,-219,0
22356,-236,0
22357,-225,0
22358,-218,0
22359,-224,0
22360,-231,0
22361,-224,0
22362,-230,0
22363,-229,0
22364,-229,0
22365,-234,0
22366,-233,0
22367,-226,0
22368,-228,0
22369,-235,0
22370,-221,0
22371,-230,0
22372,-228,0
22373,-233,0
22374,-232,0
22375,-233,0
22376,-221,0
22377,-228,0
22378,-233,0
22379,-229,0
22380,-230,0
22381,-235,0
22382,-231,0
22383,-237,0
22384,-227,0
22385,-224,0
22386,-230,0
22387,-234,0
22388,-219,0
22389,-229,0
22390,-224,0
22391,-230,0
22392,-220,0
22393,-232,0
22394,-231,0
22395,-224,0
22396,-211,0
22397,-227,0
22398,-234,0
22399,-236,0
22400,-230,0
22401,-227,0
22402,-225,0
22403,-226,0
22404,-227,0
22405,-233,0
22406,-225,0
22407,-238,0
22408,-235,0
22409,-224,0
22410,-223,0
22411,-242,0
22412,-223,0
22413,-226,0
22414,-228,0
22415,-224,0
22416,-229,0
22417,-219,0
22418,-238,0
22419,-224,0
22420,-230,0
22421,-232,0
22422,-223,0
22423,-227,0
22424,-230,0
22425,-220,0
22426,-235,0
22427,-228,0
22428,-219,0
22429,-226,0
22430,-224,0
22431,-225,0
22432,-232,0
22433,-237,0
22434,-222,0
22435,-222,0
22436,-227,0
22437,-217,0
22438,-227,0
22439,-223,0
22440,-227,0
22441,-224,0
22442,-224,0
22443,-223,0
22444,-231,0
22445,-233,0
22446,-236,0
22447,-218,0
22448,-235,0
22449,-229,0
22450,-221,0
22451,-228,0
22452,-229,0
22453,-235,0
22454,-237,0
22455,-234,0
22456,-228,0
22457,-223,0
22458,-237,0
22459,-227,0
22460,-236,0
22461,-230,0
22462,-231,0
22463,-229,0
22464,-226,0
22465,-227,0
22466,-223,0
22467,-228,0
22468,-233,0
22469,-226,0
22470,-229,0
22471,-230,0
22472,-221,0
22473,-230,0
22474,-231,0
22475,-247,0
22476,-225,0
22477,-231,0
22478,-236,0
22479,-225,0
22480,-225,0
22481,-225,0
22482,-219,0
22483,-236,0
22484,-231,0
22485,-219,0
22486,-225,0
22487,-229,0
22488,-229,0
22489,-230,0
22490,-222,0
22491,-231,0
22492,-225,0
22493,-228,0
22494,-228,0
22495,-223,0
22496,-225,0
22497,-229,0
22498,-231,0
22499,-224,0
22500,-231,0
22501,-239,0
22502,-235,0
22503,-212,0
22504,-232,0
22505,-229,0
22506,-227,0
22507,-232,0
22508,-228,0
22509,-224,0
22510,-226,0
22511,-236,0
22512,-227,0
22513,-230,0
22514,-224,0
22515,-227,0
22516,-230,0
22517,-229,0
22518,-221,0
22519,-232,0
22520,-224,0
22521,-222,0
22522,-221,0
22523,-229,0
22524,-224,0
22525,-228,0
22526,-231,0
22527,-219,0
22528,-229,0
22529,-222,0
22530,-222,0
22531,-237,0
22532,-232,0
22533,-227,0
22534,-223,0
22535,-221,0
22536,-226,0
22537,-225,0
22538,-229,0
22539,-221,0
22540,-224,0
22541,-231,0
22542,-223,0
22543,-221,0
22544,-222,0
22545,-221,0
22546,-227,0
22547,-232,0
22548,-216,0
22549,-224,0
22550,-229,0
22551,-219,0
22552,-224,0
22553,-222,0
22554,-232,0
22555,-224,0
22556,-224,0
22557,-224,0
22558,-227,0
22559,-226,0
22560,-229,0
22561,-226,0
22562,-218,0
22563,-227,0
22564,-224,0
22565,-231,0
22566,-223,0
22567,-227,0
22568,-233,0
22569,-229,0
22570,-230,0
22571,-228,0
22572,-239,0
22573,-229,0
22574,-225,0
22575,-229,0
22576,-225,0
22577,-231,0
22578,-222,0
22579,-215,0
22580,-232,0
22581,-234,0
22582,-228,0
22583,-232,0
22584,-231,0
22585,-236,0
22586,-236,0
22587,-233,0
22588,-231,0
22589,-222,0
22590,-231,0
22591,-234,0
22592,-232,0
22593,-223,0
22594,-232,0
22595,-230,0
22596,-224,0
22597,-224,0
22598,-223,0
22599,-224,0
22600,-230,0
22601,-227,0
22602,-233,0
22603,-225,0
22604,-227,0
22605,-237,0
22606,-232,0
22607,-220,0
22608,-223,0
22609,-229,0
22610,-226,0
22611,-225,0
22612,-226,0
22613,-219,0
22614,-224,0
22615,-224,0
22616,-225,0
22617,-229,0
22618,-232,0
22619,-217,0
22620,-229,0
22621,-233,0
22622,-225,0
22623,-226,0
22624,-224,0
22625,-226,0
22626,-225,0
22627,-232,0
22628,-231,0
22629,-235,0
22630,-231,0
22631,-223,0
22632,-232,0
22633,-231,0
22634,-227,0
22635,-221,0
22636,-222,0
22637,-228,0
22638,-232,0
22639,-230,0
22640,-225,0
22641,-228,0
22642,-222,0
22643,-233,0
22644,-227,0
22645,-235,0
22646,-227,0
22647,-227,0
22648,-224,0
22649,-224,0
22650,-233,0
22651,-223,0
22652,-224,0
22653,-228,0
22654,-233,0
22655,-231,0
22656,-225,0
22657,-225,0
22658,-226,0
22659,-232,0
22660,-221,0
22661,-225,0
22662,-230,0
22663,-223,0
22664,-215,0
22665,-226,0
22666,-228,0
22667,-230,0
22668,-238,0
22669,-233,0
22670,-229,0
22671,-216,0
22672,-223,0
22673,-228,0
22674,-225,0
22675,-219,0
22676,-231,0
22677,-225,0
22678,-230,0
22679,-229,0
22680,-237,0
22681,-230,0
22682,-227,0
22683,-231,0
22684,-228,0
22685,-228,0
22686,-235,0
22687,-228,0
22688,-221,0
22689,-234,0
22690,-226,0
22691,-225,0
22692,-225,0
22693,-228,0
22694,-228,0
22695,-230,0
22696,-228,0
22697,-222,0
22698,-226,0
22699,-236,0
22700,-230,0
22701,-229,0
22702,-233,0
22703,-220,0
22704,-229,0
22705,-223,0
22706,-226,0
22707,-225,0
22708,-232,0
22709,-228,0
22710,-223,0
22711,-230,0
22712,-232,0
22713,-226,0
22714,-225,0
22715,-235,0
22716,-220,0
22717,-229,0
22718,-235,0
22719,-222,0
22720,-232,0
22721,-228,0
22722,-232,0
22723,-220,0
22724,-232,0
22725,-228,0
22726,-227,0
22727,-231,0
22728,-225,0
22729,-234,0
22730,-225,0
22731,-227,0
22732,-227,0
22733,-229,0
22734,-228,0
22735,-233,0
22736,-227,0
22737,-228,0
22738,-223,0
22739,-234,0
22740,-223,0
22741,-234,0
22742,-223,0
22743,-230,0
22744,-225,0
22745,-223,0
22746,-225,0
22747,-232,0
22748,-223,0
22749,-232,0
22750,-231,0
22751,-234,0
22752,-225,0
22753,-245,0
22754,-237,0
22755,-230,0
22756,-224,0
22757,-215,0
22758,-228,0
22759,-221,0
22760,-214,0
22761,-227,0
22762,-223,0
22763,-239,0
22764,-229,0
22765,-226,0
22766,-223,0
22767,-229,0
22768,-232,0
22769,-228,0
22770,-225,0
22771,-218,0
22772,-233,0
22773,-225,0
22774,-216,0
22775,-223,0
22776,-228,0
22777,-230,0
22778,-224,0
22779,-229,0
22780,-235,0
22781,-232,0
22782,-224,0
22783,-226,0
22784,-223,0
22785,-228,0
22786,-219,0
22787,-225,0
22788,-221,0
22789,-232,0
22790,-226,0
22791,-227,0
22792,-229,0
22793,-233,0
22794,-230,0
22795,-231,0
22796,-234,0
22797,-229,0
22798,-224,0
22799,-224,0
22800,-240,0
22801,-220,0
22802,-229,0
22803,-227,0
22804,-229,0
22805,-227,0
22806,-229,0
22807,-226,0
22808,-226,0
22809,-233,0
22810,-227,0
22811,-228,0
22812,-222,0
22813,-232,0
22814,-229,0
22815,-224,0
22816,-230,0
22817,-235,0
22818,-220,0
22819,-225,0
22820,-225,0
22821,-236,0
22822,-234,0
22823,-221,0
22824,-230,0
22825,-220,0
22826,-220,0
22827,-221,0
22828,-226,0
22829,-227,0
22830,-224,0
22831,-225,0
22832,-230,0
22833,-227,0
22834,-230,0
22835,-235,0
22836,-233,0
22837,-234,0
22838,-228,0
22839,-221,0
22840,-224,0
22841,-226,0
22842,-229,0
22843,-221,0
22844,-230,0
22845,-225,0
22846,-219,0
22847,-225,0
22848,-238,0
22849,-226,0
22850,-225,0
22851,-231,0
22852,-224,0
22853,-232,0
22854,-224,0
22855,-226,0
22856,-228,0
22857,-232,0
22858,-229,0
22859,-227,0
22860,-223,0
22861,-229,0
22862,-230,0
22863,-222,0
22864,-221,0
22865,-227,0
22866,-225,0
22867,-235,0
22868,-234,0
22869,-234,0
22870,-228,0
22871,-228,0
22872,-224,0
22873,-223,0
22874,-228,0
22875,-224,0
22876,-229,0
22877,-221,0
22878,-217,0
22879,-229,0
22880,-229,0
22881,-233,0
22882,-227,0
22883,-224,0
22884,-221,0
22885,-230,0
22886,-226,0
22887,-225,0
22888,-234,0
22889,-218,0
22890,-227,0
22891,-223,0
22892,-227,0
22893,-228,0
22894,-222,0
22895,-229,0
22896,-227,0
22897,-227,0
22898,-231,0
22899,-220,0
22900,-227,0
22901,-232,0
22902,-225,0
22903,-225,0
22904,-222,0
22905,-228,0
22906,-228,0
22907,-221,0
22908,-223,0
22909,-226,0
22910,-224,0
22911,-228,0
22912,-223,0
22913,-226,0
22914,-229,0
22915,-230,0
22916,-228,0
22917,-210,0
22918,-231,0
22919,-229,0
22920,-223,0
22921,-225,0
22922,-229,0
22923,-223,0
22924,-227,0
22925,-225,0
22926,-229,0
22927,-225,0
22928,-227,0
22929,-232,0
22930,-218,0
22931,-225,0
22932,-225,0
22933,-219,0
22934,-220,0
22935,-230,0
22936,-226,0
22937,-235,0
22938,-230,0
22939,-231,0
22940,-218,0
22941,-232,0
22942,-220,0
22943,-230,0
22944,-226,0
22945,-223,0
22946,-230,0
22947,-231,0
22948,-223,0
22949,-218,0
22950,-228,0
22951,-231,0
22952,-221,0
22953,-225,0
22954,-230,0
22955,-230,0
22956,-221,0
22957,-235,0
22958,-227,0
22959,-223,0
22960,-231,0
22961,-223,0
22962,-230,0
22963,-227,0
22964,-227,0
22965,-222,0
22966,-241,0
22967,-223,0
22968,-215,0
22969,-223,0
22970,-231,0
22971,-227,0
22972,-228,0
22973,-223,0
22974,-226,0
22975,-226,0
22976,-229,0
22977,-228,0
22978,-226,0
22979,-218,0
22980,-233,0
22981,-233,0
22982,-234,0
22983,-233,0
22984,-221,0
22985,-235,0
22986,-229,0
22987,-227,0
22988,-228,0
22989,-223,0
22990,-228,0
22991,-226,0
22992,-231,0
22993,-234,0
22994,-232,0
22995,-227,0
22996,-220,0
22997,-221,0
22998,-224,0
22999,-220,0
23000,-232,0
23001,-227,0
23002,-219,0
23003,-226,0
23004,-213,0
23005,-227,0
23006,-231,0
23007,-230,0
23008,-229,0
23009,-225,0
23010,-226,0
23011,-226,0
23012,-222,0
23013,-227,0
23014,-236,0
23015,-227,0
23016,-217,0
23017,-227,0
23018,-224,0
23019,-225,0
23020,-225,0
23021,-226,0
23022,-223,0
23023,-223,0
23024,-220,0
23025,-233,0
23026,-232,0
23027,-226,0
23028,-223,0
23029,-223,0
23030,-226,0
23031,-220,0
23032,-232,0
23033,-236,0
23034,-227,0
23035,-229,0
23036,-227,0
23037,-234,0
23038,-223,0
23039,-226,0
23040,-226,0
23041,-227,0
23042,-238,0
23043,-232,0
23044,-233,0
23045,-231,0
23046,-217,0
23047,-225,0
23048,-228,0
23049,-223,0
23050,-225,0
23051,-233,0
23052,-235,0
23053,-227,0
23054,-220,0
23055,-226,0
23056,-219,0
23057,-225,0
23058,-218,0
23059,-229,0
23060,-228,0
23061,-218,0
23062,-230,0
23063,-230,0
23064,-226,0
23065,-230,0
23066,-223,0
23067,-221,0
23068,-237,0
23069,-221,0
23070,-224,0
23071,-216,0
23072,-225,0
23073,-228,0
23074,-222,0
23075,-228,0
23076,-223,0
23077,-229,0
23078,-217,0
23079,-232,0
23080,-224,0
23081,-224,0
23082,-230,0
23083,-224,0
23084,-226,0
23085,-228,0
23086,-233,0
23087,-224,0
23088,-217,0
23089,-225,0
23090,-225,0
23091,-226,0
23092,-227,0
23093,-233,0
23094,-227,0
23095,-227,0
23096,-224,0
23097,-230,0
23098,-227,0
23099,-229,0
23100,-226,0
23101,-222,0
23102,-226,0
23103,-220,0
23104,-235,0
23105,-229,0
23106,-226,0
23107,-227,0
23108,-217,0
23109,-237,0
23110,-225,0
23111,-222,0
23112,-231,0
23113,-225,0
23114,-230,0
23115,-222,0
23116,-234,0
23117,-222,0
23118,-222,0
23119,-234,0
23120,-226,0
23121,-234,0
23122,-223,0
23123,-224,0
23124,-227,0
23125,-231,0
23126,-231,0
23127,-219,0
23128,-227,0
23129,-228,0
23130,-235,0
23131,-221,0
23132,-225,0
23133,-225,0
23134,-235,0
23135,-229,0
23136,-231,0
23137,-224,0
23138,-222,0
23139,-224,0
23140,-225,0
23141,-217,0
23142,-222,0
23143,-224,0
23144,-220,0
23145,-233,0
23146,-222,0
23147,-224,0
23148,-229,0
23149,-219,0
23150,-222,0
23151,-235,0
23152,-223,0
23153,-232,0
23154,-224,0
23155,-227,0
23156,-228,0
23157,-229,0
23158,-232,0
23159,-237,0
23160,-222,0
23161,-228,0
23162,-234,0
23163,-229,0
23164,-222,0
23165,-223,0
23166,-223,0
23167,-219,0
23168,-220,0
23169,-224,0
23170,-228,0
23171,-231,0
23172,-228,0
23173,-226,0
23174,-217,0
23175,-226,0
23176,-231,0
23177,-224,0
23178,-225,0
23179,-225,0
23180,-223,0
23181,-224,0
23182,-222,0
23183,-223,0
23184,-228,0
23185,-218,0
23186,-229,0
23187,-230,0
23188,-225,0
23189,-232,0
23190,-236,0
23191,-225,0
23192,-228,0
23193,-225,0
23194,-229,0
23195,-222,0
23196,-235,0
23197,-224,0
23198,-214,0
23199,-222,0
23200,-233,0
23201,-235,0
23202,-222,0
23203,-223,0
23204,-229,0
23205,-232,0
23206,-229,0
23207,-220,0
23208,-230,0
23209,-229,0
23210,-230,0
23211,-228,0
23212,-226,0
23213,-215,0
23214,-220,0
23215,-223,0
23216,-231,0
23217,-232,0
23218,-226,0
23219,-228,0
23220,-229,0
23221,-225,0
23222,-224,0
23223,-228,0
23224,-218,0
23225,-223,0
23226,-228,0
23227,-231,0
23228,-229,0
23229,-227,0
23230,-232,0
23231,-235,0
23232,-223,0
23233,-219,0
23234,-225,0
23235,-219,0
23236,-234,0
23237,-225,0
23238,-222,0
23239,-221,0
23240,-231,0
23241,-221,0
23242,-232,0
23243,-228,0
23244,-231,0
23245,-224,0
23246,-229,0
23247,-233,0
23248,-224,0
23249,-225,0
23250,-235,0
23251,-231,0
23252,-235,0
23253,-232,0
23254,-228,0
23255,-223,0
23256,-227,0
23257,-226,0
23258,-236,0
23259,-223,0
23260,-219,0
23261,-229,0
23262,-230,0
23263,-223,0
23264,-233,0
23265,-220,0
23266,-221,0
23267,-221,0
23268,-231,0
23269,-218,0
23270,-223,0
23271,-219,0
23272,-223,0
23273,-223,0
23274,-220,0
23275,-230,0
23276,-224,0
23277,-224,0
23278,-231,0
23279,-229,0
23280,-226,0
23281,-228,0
23282,-228,0
23283,-212,0
23284,-221,0
23285,-237,0
23286,-219,0
23287,-229,0
23288,-219,0
23289,-226,0
23290,-223,0
23291,-220,0
23292,-227,0
23293,-222,0
23294,-230,0
23295,-225,0
23296,-221,0
23297,-225,0
23298,-228,0
23299,-220,0
23300,-236,0
23301,-224,0
23302,-218,0
23303,-230,0
23304,-226,0
23305,-227,0
23306,-228,0
23307,-232,0
23308,-218,0
23309,-216,0
23310,-232,0
23311,-234,0
23312,-234,0
23313,-223,0
23314,-228,0
23315,-214,0
23316,-227,0
23317,-225,0
23318,-223,0
23319,-216,0
23320,-228,0
23321,-227,0
23322,-233,0
23323,-228,0
23324,-226,0
23325,-220,0
23326,-224,0
23327,-214,0
23328,-229,0
23329,-229,0
23330,-219,0
23331,-228,0
23332,-212,0
23333,-222,0
23334,-224,0
23335,-222,0
23336,-225,0
23337,-217,0
23338,-222,0
23339,-224,0
23340,-231,0
23341,-223,0
23342,-228,0
23343,-220,0
23344,-232,0
23345,-228,0
23346,-219,0
23347,-218,0
23348,-227,0
23349,-236,0
23350,-227,0
23351,-222,0
23352,-225,0
23353,-223,0
23354,-227,0
23355,-227,0
23356,-227,0
23357,-215,0
23358,-232,0
23359,-227,0
23360,-222,0
23361,-220,0
23362,-222,0
23363,-236,0
23364,-220,0
23365,-231,0
23366,-231,0
23367,-224,0
23368,-224,0
23369,-220,0
23370,-225,0
23371,-223,0
23372,-227,0
23373,-223,0
23374,-227,0
23375,-221,0
23376,-219,0
23377,-225,0
23378,-229,0
23379,-225,0
23380,-232,0
23381,-224,0
23382,-215,0
23383,-223,0
23384,-233,0
23385,-233,0
23386,-222,0
23387,-236,0
23388,-217,0
23389,-222,0
23390,-221,0
23391,-220,0
23392,-222,0
23393,-226,0
23394,-223,0
23395,-219,0
23396,-230,0
23397,-222,0
23398,-230,0
23399,-224,0
23400,-220,0
23401,-221,0
23402,-216,0
23403,-224,0
23404,-233,0
23405,-225,0
23406,-229,0
23407,-225,0
23408,-223,0
23409,-237,0
23410,-221,0
23411,-232,0
23412,-222,0
23413,-232,0
23414,-229,0
23415,-230,0
23416,-221,0
23417,-226,0
23418,-226,0
23419,-226,0
23420,-222,0
23421,-224,0
23422,-226,0
23423,-230,0
23424,-222,0
23425,-236,0
23426,-225,0
23427,-230,0
23428,-220,0
23429,-230,0
23430,-225,0
23431,-218,0
23432,-228,0
23433,-222,0
23434,-225,0
23435,-227,0
23436,-222,0
23437,-227,0
23438,-224,0
23439,-224,0
23440,-225,0
23441,-238,0
23442,-229,0
23443,-218,0
23444,-224,0
23445,-223,0
23446,-219,0
23447,-224,0
23448,-228,0
23449,-222,0
23450,-232,0
23451,-225,0
23452,-220,0
23453,-226,0
23454,-222,0
23455,-226,0
23456,-227,0
23457,-225,0
23458,-234,0
23459,-233,0
23460,-224,0
23461,-216,0
23462,-226,0
23463,-222,0
23464,-230,0
23465,-228,0
23466,-227,0
23467,-224,0
23468,-222,0
23469,-231,0
23470,-228,0
23471,-219,0
23472,-227,0
23473,-224,0
23474,-224,0
23475,-229,0
23476,-230,0
23477,-222,0
23478,-221,0
23479,-222,0
23480,-229,0
23481,-222,0
23482,-227,0
23483,-230,0
23484,-230,0
23485,-225,0
23486,-230,0
23487,-221,0
23488,-230,0
23489,-222,0
23490,-231,0
23491,-226,0
23492,-229,0
23493,-229,0
23494,-226,0
23495,-233,0
23496,-225,0
23497,-229,0
23498,-216,0
23499,-222,0
23500,-225,0
23501,-232,0
23502,-229,0
23503,-229,0
23504,-224,0
23505,-219,0
23506,-222,0
23507,-225,0
23508,-226,0
23509,-222,0
23510,-217,0
23511,-221,0
23512,-227,0
23513,-223,0
23514,-226,0
23515,-216,0
23516,-226,0
23517,-219,0
23518,-220,0
23519,-227,0
23520,-229,0
23521,-213,0
23522,-228,0
23523,-227,0
23524,-220,0
23525,-222,0
23526,-225,0
23527,-222,0
23528,-219,0
23529,-227,0
23530,-220,0
23531,-222,0
23532,-226,0
23533,-225,0
23534,-221,0
23535,-226,0
23536,-218,0
23537,-227,0
23538,-217,0
23539,-221,0
23540,-226,0
23541,-224,0
23542,-229,0
23543,-219,0
23544,-219,0
23545,-234,0
23546,-226,0
23547,-220,0
23548,-222,0
23549,-225,0
23550,-226,0
23551,-222,0
23552,-219,0
23553,-226,0
23554,-236,0
23555,-219,0
23556,-227,0
23557,-223,0
23558,-225,0
23559,-212,0
23560,-232,0
23561,-228,0
23562,-233,0
23563,-217,0
23564,-228,0
23565,-228,0
23566,-230,0
23567,-223,0
23568,-223,0
23569,-217,0
23570,-221,0
23571,-228,0
23572,-225,0
23573,-216,0
23574,-221,0
23575,-224,0
23576,-216,0
23577,-225,0
23578,-223,0
23579,-225,0
23580,-226,0
23581,-226,0
23582,-225,0
23583,-232,0
23584,-221,0
23585,-226,0
23586,-228,0
23587,-223,0
23588,-226,0
23589,-222,0
23590,-223,0
23591,-215,0
23592,-228,0
23593,-227,0
23594,-233,0
23595,-229,0
23596,-227,0
23597,-227,0
23598,-213,0
23599,-219,0
23600,-229,0
23601,-224,0
23602,-216,0
23603,-217,0
23604,-233,0
23605,-227,0
23606,-229,0
23607,-237,0
23608,-211,0
23609,-220,0
23610,-225,0
23611,-231,0
23612,-223,0
23613,-228,0
23614,-230,0
23615,-229,0
23616,-229,0
23617,-221,0
23618,-231,0
23619,-226,0
23620,-233,0
23621,-219,0
23622,-226,0
23623,-226,0
23624,-231,0
23625,-225,0
23626,-221,0
23627,-219,0
23628,-221,0
23629,-228,0
23630,-230,0
23631,-215,0
23632,-234,0
23633,-219,0
23634,-232,0
23635,-220,0
23636,-225,0
23637,-222,0
23638,-224,0
23639,-207,0
23640,-229,0
23641,-220,0
23642,-219,0
23643,-225,0
23644,-231,0
23645,-226,0
23646,-222,0
23647,-235,0
23648,-231,0
23649,-218,0
23650,-223,0
23651,-214,0
23652,-226,0
23653,-226,0
23654,-231,0
23655,-227,0
23656,-221,0
23657,-230,0
23658,-218,0
23659,-231,0
23660,-229,0
23661,-223,0
23662,-229,0
23663,-227,0
23664,-232,0
23665,-227,0
23666,-225,0
23667,-221,0
23668,-216,0
23669,-228,0
23670,-223,0
23671,-221,0
23672,-217,0
23673,-215,0
23674,-232,0
23675,-227,0
23676,-221,0
23677,-228,0
23678,-234,0
23679,-227,0
23680,-216,0
23681,-231,0
23682,-227,0
23683,-225,0
23684,-225,0
23685,-216,0
23686,-222,0
23687,-222,0
23688,-227,0
23689,-224,0
23690,-232,0
23691,-222,0
23692,-231,0
23693,-227,0
23694,-225,0
23695,-221,0
23696,-220,0
23697,-221,0
23698,-223,0
23699,-221,0
23700,-222,0
23701,-223,0
23702,-234,0
23703,-222,0
23704,-219,0
23705,-230,0
23706,-226,0
23707,-220,0
23708,-220,0
23709,-228,0
23710,-222,0
23711,-222,0
23712,-226,0
23713,-222,0
23714,-227,0
23715,-218,0
23716,-230,0
23717,-227,0
23718,-220,0
23719,-224,0
23720,-216,0
23721,-229,0
23722,-218,0
23723,-219,0
23724,-225,0
23725,-219,0
23726,-224,0
23727,-218,0
23728,-227,0
23729,-224,0
23730,-223,0
23731,-227,0
23732,-223,0
23733,-224,0
23734,-233,0
23735,-217,0
23736,-222,0
23737,-225,0
23738,-220,0
23739,-235,0
23740,-221,0
23741,-236,0
23742,-229,0
23743,-223,0
23744,-220,0
23745,-229,0
23746,-228,0
23747,-228,0
23748,-223,0
23749,-227,0
23750,-210,0
23751,-229,0
23752,-228,0
23753,-221,0
23754,-231,0
23755,-223,0
23756,-235,0
23757,-221,0
23758,-236,0
23759,-229,0
23760,-230,0
23761,-222,0
23762,-219,0
23763,-224,0
23764,-226,0
23765,-224,0
23766,-222,0
23767,-219,0
23768,-222,0
23769,-219,0
23770,-223,0
23771,-223,0
23772,-217,0
23773,-217,0
23774,-221,0
23775,-216,0
23776,-221,0
23777,-225,0
23778,-231,0
23779,-229,0
23780,-225,0
23781,-220,0
23782,-216,0
23783,-228,0
23784,-219,0
23785,-229,0
23786,-225,0
23787,-231,0
23788,-223,0
23789,-219,0
23790,-214,0
23791,-227,0
23792,-227,0
23793,-217,0
23794,-222,0
23795,-223,0
23796,-222,0
23797,-224,0
23798,-229,0
23799,-229,0
23800,-230,0
23801,-213,0
23802,-220,0
23803,-229,0
23804,-230,0
23805,-222,0
23806,-233,0
23807,-220,0
23808,-227,0
23809,-231,0
23810,-217,0
23811,-226,0
23812,-215,0
23813,-219,0
23814,-228,0
23815,-226,0
23816,-228,0
23817,-232,0
23818,-225,0
23819,-227,0
23820,-218,0
23821,-231,0
23822,-231,0
23823,-223,0
23824,-217,0
23825,-220,0
23826,-221,0
23827,-225,0
23828,-222,0
23829,-223,0
23830,-237,0
23831,-220,0
23832,-227,0
23833,-230,0
23834,-220,0
23835,-229,0
23836,-225,0
23837,-225,0
23838,-219,0
23839,-225,0
23840,-225,0
23841,-215,0
23842,-219,0
23843,-227,0
23844,-227,0
23845,-224,0
23846,-226,0
23847,-224,0
23848,-229,0
23849,-219,0
23850,-229,0
23851,-219,0
23852,-222,0
23853,-232,0
23854,-224,0
23855,-221,0
23856,-226,0
23857,-223,0
23858,-228,0
23859,-220,0
23860,-217,0
23861,-225,0
23862,-223,0
23863,-216,0
23864,-227,0
23865,-225,0
23866,-224,0
23867,-218,0
23868,-221,0
23869,-225,0
23870,-219,0
23871,-230,0
23872,-221,0
23873,-224,0
23874,-224,0
23875,-225,0
23876,-227,0
23877,-219,0
23878,-222,0
23879,-224,0
23880,-223,0
23881,-230,0
23882,-223,0
23883,-221,0
23884,-226,0
23885,-223,0
23886,-226,0
23887,-226,0
23888,-227,0
23889,-227,0
23890,-217,0
23891,-225,0
23892,-221,0
23893,-225,0
23894,-229,0
23895,-216,0
23896,-223,0
23897,-219,0
23898,-219,0
23899,-230,0
23900,-228,0
23901,-227,0
23902,-231,0
23903,-232,0
23904,-220,0
23905,-222,0
23906,-228,0
23907,-217,0
23908,-219,0
23909,-224,0
23910,-230,0
23911,-225,0
23912,-228,0
23913,-222,0
23914,-222,0
23915,-217,0
23916,-220,0
23917,-224,0
23918,-212,0
23919,-230,0
23920,-233,0
23921,-218,0
23922,-215,0
23923,-215,0
23924,-226,0
23925,-227,0
23926,-230,0
23927,-221,0
23928,-218,0
23929,-205,0
23930,-226,0
23931,-222,0
23932,-229,0
23933,-225,0
23934,-212,0
23935,-230,0
23936,-222,0
23937,-233,0
23938,-223,0
23939,-234,0
23940,-225,0
23941,-228,0
23942,-216,0
23943,-227,0
23944,-225,0
23945,-219,0
23946,-219,0
23947,-226,0
23948,-219,0
23949,-228,0
23950,-226,0
23951,-216,0
23952,-222,0
23953,-220,0
23954,-221,0
23955,-227,0
23956,-224,0
23957,-219,0
23958,-230,0
23959,-226,0
23960,-230,0
23961,-221,0
23962,-222,0
23963,-219,0
23964,-237,0
23965,-225,0
23966,-226,0
23967,-216,0
23968,-230,0
23969,-225,0
23970,-226,0
23971,-230,0
23972,-218,0
23973,-220,0
23974,-220,0
23975,-226,0
23976,-211,0
23977,-222,0
23978,-227,0
23979,-219,0
23980,-227,0
23981,-222,0
23982,-210,0
23983,-225,0
23984,-217,0
23985,-227,0
23986,-220,0
23987,-234,0
23988,-224,0
23989,-217,0
23990,-225,0
23991,-225,0
23992,-210,0
23993,-233,0
23994,-228,0
23995,-214,0
23996,-220,0
23997,-225,0
23998,-225,0
23999,-221,0
