Index,TemperatureRaw16,VGNDRaw16
0,125,0
1,120,0
2,129,0
3,126,0
4,116,0
5,136,0
6,122,0
7,124,0
8,126,0
9,124,0
10,119,0
11,130,0
12,119,0
13,115,0
14,127,0
15,121,0
16,119,0
17,122,0
18,125,0
19,129,0
20,131,0
21,122,0
22,127,0
23,123,0
24,125,0
25,130,0
26,123,0
27,114,0
28,121,0
29,124,0
30,125,0
31,123,0
32,129,0
33,126,0
34,126,0
35,127,0
36,129,0
37,139,0
38,125,0
39,129,0
40,123,0
41,127,0
42,117,0
43,132,0
44,127,0
45,122,0
46,126,0
47,125,0
48,127,0
49,120,0
50,121,0
51,122,0
52,129,0
53,124,0
54,135,0
55,125,0
56,123,0
57,122,0
58,123,0
59,117,0
60,120,0
61,115,0
62,132,0
63,119,0
64,130,0
65,125,0
66,126,0
67,128,0
68,124,0
69,128,0
70,122,0
71,132,0
72,128,0
73,123,0
74,118,0
75,121,0
76,125,0
77,128,0
78,121,0
79,128,0
80,125,0
81,121,0
82,118,0
83,122,0
84,129,0
85,129,0
86,131,0
87,136,0
88,127,0
89,124,0
90,126,0
91,127,0
92,123,0
93,125,0
94,138,0
95,121,0
96,123,0
97,133,0
98,121,0
99,115,0
100,129,0
101,132,0
102,124,0
103,126,0
104,127,0
105,119,0
106,127,0
107,129,0
108,121,0
109,125,0
110,122,0
111,124,0
112,129,0
113,136,0
114,117,0
115,121,0
116,126,0
117,129,0
118,125,0
119,131,0
120,127,0
121,127,0
122,123,0
123,125,0
124,128,0
125,121,0
126,124,0
127,121,0
128,128,0
129,133,0
130,119,0
131,118,0
132,124,0
133,130,0
134,118,0
135,137,0
136,136,0
137,122,0
138,123,0
139,126,0
140,127,0
141,130,0
142,124,0
143,123,0
144,124,0
145,124,0
146,129,0
147,123,0
148,127,0
149,129,0
150,133,0
151,124,0
152,125,0
153,123,0
154,123,0
155,124,0
156,127,0
157,135,0
158,122,0
159,127,0
160,123,0
161,115,0
162,126,0
163,122,0
164,127,0
165,124,0
166,127,0
167,133,0
168,132,0
169,117,0
170,123,0
171,117,0
172,122,0
173,126,0
174,127,0
175,128,0
176,129,0
177,120,0
178,123,0
179,132,0
180,129,0
181,127,0
182,123,0
183,133,0
184,115,0
185,122,0
186,121,0
187,129,0
188,129,0
189,123,0
190,119,0
191,120,0
192,118,0
193,142,0
194,123,0
195,118,0
196,120,0
197,121,0
198,127,0
199,127,0
200,120,0
201,119,0
202,124,0
203,129,0
204,126,0
205,132,0
206,131,0
207,119,0
208,132,0
209,127,0
210,125,0
211,126,0
212,127,0
213,124,0
214,126,0
215,134,0
216,128,0
217,134,0
218,140,0
219,134,0
220,137,0
221,131,0
222,129,0
223,131,0
224,121,0
225,130,0
226,138,0
227,127,0
228,132,0
229,143,0
230,129,0
231,142,0
232,131,0
233,129,0
234,137,0
235,131,0
236,132,0
237,133,0
238,131,0
239,144,0
240,139,0
241,133,0
242,132,0
243,137,0
244,128,0
245,133,0
246,138,0
247,140,0
248,140,0
249,130,0
250,138,0
251,143,0
252,132,0
253,136,0
254,138,0
255,140,0
256,135,0
257,141,0
258,133,0
259,146,0
260,141,0
261,135,0
262,144,0
263,135,0
264,140,0
265,124,0
266,133,0
267,137,0
268,143,0
269,133,0
270,141,0
271,142,0
272,141,0
273,142,0
274,142,0
275,145,0
276,141,0
277,140,0
278,131,0
279,143,0
280,136,0
281,129,0
282,149,0
283,143,0
284,138,0
285,148,0
286,140,0
287,143,0
288,148,0
289,151,0
290,137,0
291,136,0
292,140,0
293,141,0
294,142,0
295,145,0
296,148,0
297,140,0
298,147,0
299,150,0
300,153,0
301,146,0
302,140,0
303,146,0
304,152,0
305,150,0
306,144,0
307,142,0
308,152,0
309,145,0
310,147,0
311,143,0
312,143,0
313,151,0
314,146,0
315,145,0
316,152,0
317,144,0
318,141,0
319,150,0
320,150,0
321,146,0
322,158,0
323,149,0
324,145,0
325,155,0
326,147,0
327,152,0
328,144,0
329,154,0
330,148,0
331,150,0
332,158,0
333,154,0
334,146,0
335,156,0
336,148,0
337,154,0
338,157,0
339,155,0
340,151,0
341,153,0
342,148,0
343,151,0
344,157,0
345,152,0
346,163,0
347,154,0
348,153,0
349,157,0
350,144,0
351,141,0
352,149,0
353,159,0
354,154,0
355,151,0
356,151,0
357,162,0
358,154,0
359,142,0
360,161,0
361,149,0
362,155,0
363,162,0
364,157,0
365,157,0
366,147,0
367,153,0
368,151,0
369,157,0
370,158,0
371,158,0
372,144,0
373,157,0
374,156,0
375,166,0
376,161,0
377,160,0
378,157,0
379,164,0
380,160,0
381,164,0
382,162,0
383,154,0
384,165,0
385,158,0
386,163,0
387,153,0
388,165,0
389,160,0
390,156,0
391,157,0
392,161,0
393,170,0
394,166,0
395,159,0
396,159,0
397,162,0
398,155,0
399,166,0
400,154,0
401,160,0
402,172,0
403,154,0
404,164,0
405,168,0
406,163,0
407,162,0
408,162,0
409,169,0
410,165,0
411,157,0
412,156,0
413,167,0
414,167,0
415,178,0
416,169,0
417,159,0
418,161,0
419,160,0
420,163,0
421,165,0
422,162,0
423,168,0
424,158,0
425,166,0
426,160,0
427,169,0
428,170,0
429,174,0
430,163,0
431,168,0
432,166,0
433,167,0
434,173,0
435,163,0
436,174,0
437,167,0
438,169,0
439,160,0
440,170,0
441,172,0
442,164,0
443,170,0
444,171,0
445,170,0
446,178,0
447,172,0
448,163,0
449,176,0
450,173,0
451,172,0
452,165,0
453,173,0
454,164,0
455,172,0
456,172,0
457,178,0
458,166,0
459,167,0
460,179,0
461,170,0
462,156,0
463,173,0
464,164,0
465,175,0
466,175,0
467,172,0
468,175,0
469,177,0
470,169,0
471,178,0
472,172,0
473,181,0
474,168,0
475,172,0
476,170,0
477,165,0
478,172,0
479,178,0
480,170,0
481,170,0
482,178,0
483,171,0
484,171,0
485,172,0
486,181,0
487,179,0
488,172,0
489,183,0
490,170,0
491,174,0
492,181,0
493,172,0
494,178,0
495,167,0
496,177,0
497,172,0
498,172,0
499,174,0
500,175,0
501,172,0
502,179,0
503,181,0
504,184,0
505,181,0
506,177,0
507,187,0
508,175,0
509,183,0
510,177,0
511,181,0
512,180,0
513,182,0
514,178,0
515,173,0
516,174,0
517,186,0
518,179,0
519,175,0
520,185,0
521,181,0
522,175,0
523,181,0
524,187,0
525,187,0
526,174,0
527,185,0
528,180,0
529,181,0
530,177,0
531,183,0
532,187,0
533,187,0
534,184,0
535,179,0
536,176,0
537,183,0
538,189,0
539,181,0
540,181,0
541,184,0
542,183,0
543,186,0
544,177,0
545,184,0
546,182,0
547,187,0
548,184,0
549,184,0
550,187,0
551,188,0
552,180,0
553,185,0
554,180,0
555,183,0
556,186,0
557,184,0
558,190,0
559,188,0
560,182,0
561,196,0
562,192,0
563,186,0
564,182,0
565,194,0
566,189,0
567,184,0
568,191,0
569,181,0
570,192,0
571,184,0
572,190,0
573,185,0
574,189,0
575,180,0
576,185,0
577,183,0
578,185,0
579,190,0
580,190,0
581,188,0
582,183,0
583,188,0
584,179,0
585,191,0
586,195,0
587,183,0
588,188,0
589,192,0
590,192,0
591,194,0
592,193,0
593,184,0
594,194,0
595,191,0
596,195,0
597,187,0
598,189,0
599,192,0
600,190,0
601,191,0
602,197,0
603,186,0
604,186,0
605,194,0
606,187,0
607,196,0
608,180,0
609,182,0
610,185,0
611,194,0
612,185,0
613,198,0
614,190,0
615,196,0
616,190,0
617,192,0
618,200,0
619,186,0
620,189,0
621,200,0
622,204,0
623,188,0
624,201,0
625,190,0
626,184,0
627,195,0
628,194,0
629,192,0
630,195,0
631,196,0
632,195,0
633,196,0
634,200,0
635,199,0
636,193,0
637,195,0
638,194,0
639,192,0
640,186,0
641,194,0
642,194,0
643,193,0
644,196,0
645,195,0
646,189,0
647,198,0
648,184,0
649,201,0
650,197,0
651,200,0
652,198,0
653,192,0
654,204,0
655,207,0
656,195,0
657,188,0
658,198,0
659,191,0
660,201,0
661,195,0
662,191,0
663,190,0
664,193,0
665,191,0
666,198,0
667,199,0
668,201,0
669,195,0
670,200,0
671,202,0
672,190,0
673,204,0
674,195,0
675,205,0
676,208,0
677,193,0
678,197,0
679,200,0
680,196,0
681,195,0
682,198,0
683,194,0
684,198,0
685,187,0
686,201,0
687,202,0
688,201,0
689,197,0
690,200,0
691,199,0
692,201,0
693,197,0
694,202,0
695,196,0
696,191,0
697,207,0
698,199,0
699,206,0
700,201,0
701,202,0
702,197,0
703,206,0
704,201,0
705,204,0
706,195,0
707,214,0
708,200,0
709,201,0
710,202,0
711,203,0
712,202,0
713,196,0
714,203,0
715,203,0
716,197,0
717,189,0
718,198,0
719,202,0
720,192,0
721,203,0
722,210,0
723,199,0
724,203,0
725,200,0
726,201,0
727,206,0
728,201,0
729,202,0
730,198,0
731,209,0
732,208,0
733,213,0
734,202,0
735,204,0
736,199,0
737,210,0
738,208,0
739,197,0
740,197,0
741,197,0
742,198,0
743,208,0
744,195,0
745,202,0
746,201,0
747,214,0
748,209,0
749,202,0
750,203,0
751,206,0
752,206,0
753,209,0
754,207,0
755,202,0
756,203,0
757,209,0
758,199,0
759,206,0
760,205,0
761,206,0
762,203,0
763,204,0
764,201,0
765,209,0
766,210,0
767,206,0
768,211,0
769,209,0
770,204,0
771,194,0
772,214,0
773,209,0
774,205,0
775,205,0
776,211,0
777,211,0
778,213,0
779,215,0
780,210,0
781,196,0
782,206,0
783,210,0
784,212,0
785,214,0
786,207,0
787,209,0
788,209,0
789,213,0
790,205,0
791,205,0
792,211,0
793,211,0
794,208,0
795,211,0
796,206,0
797,214,0
798,212,0
799,207,0
800,209,0
801,209,0
802,207,0
803,209,0
804,207,0
805,213,0
806,215,0
807,215,0
808,210,0
809,209,0
810,216,0
811,215,0
812,208,0
813,212,0
814,206,0
815,216,0
816,207,0
817,217,0
818,211,0
819,213,0
820,207,0
821,212,0
822,210,0
823,215,0
824,207,0
825,217,0
826,210,0
827,210,0
828,206,0
829,201,0
830,213,0
831,207,0
832,210,0
833,214,0
834,213,0
835,209,0
836,217,0
837,216,0
838,217,0
839,207,0
840,207,0
841,206,0
842,211,0
843,211,0
844,214,0
845,210,0
846,204,0
847,216,0
848,200,0
849,205,0
850,222,0
851,214,0
852,216,0
853,214,0
854,211,0
855,217,0
856,220,0
857,215,0
858,216,0
859,208,0
860,216,0
861,225,0
862,215,0
863,213,0
864,210,0
865,219,0
866,217,0
867,219,0
868,210,0
869,208,0
870,218,0
871,221,0
872,213,0
873,215,0
874,217,0
875,230,0
876,214,0
877,204,0
878,216,0
879,219,0
880,224,0
881,217,0
882,210,0
883,212,0
884,217,0
885,227,0
886,216,0
887,211,0
888,232,0
889,216,0
890,214,0
891,215,0
892,223,0
893,212,0
894,224,0
895,214,0
896,217,0
897,217,0
898,217,0
899,211,0
900,211,0
901,221,0
902,215,0
903,226,0
904,219,0
905,221,0
906,212,0
907,218,0
908,219,0
909,217,0
910,223,0
911,223,0
912,212,0
913,224,0
914,217,0
915,216,0
916,223,0
917,218,0
918,225,0
919,212,0
920,219,0
921,220,0
922,215,0
923,220,0
924,225,0
925,218,0
926,224,0
927,211,0
928,205,0
929,211,0
930,209,0
931,222,0
932,228,0
933,225,0
934,220,0
935,224,0
936,212,0
937,231,0
938,225,0
939,226,0
940,220,0
941,209,0
942,218,0
943,212,0
944,223,0
945,215,0
946,222,0
947,220,0
948,217,0
949,223,0
950,225,0
951,223,0
952,219,0
953,219,0
954,221,0
955,230,0
956,222,0
957,217,0
958,216,0
959,226,0
960,216,0
961,212,0
962,225,0
963,218,0
964,216,0
965,219,0
966,225,0
967,229,0
968,226,0
969,225,0
970,223,0
971,217,0
972,222,0
973,218,0
974,214,0
975,216,0
976,223,0
977,235,0
978,224,0
979,226,0
980,224,0
981,230,0
982,229,0
983,220,0
984,222,0
985,224,0
986,230,0
987,230,0
988,229,0
989,222,0
990,218,0
991,220,0
992,223,0
993,222,0
994,219,0
995,222,0
996,216,0
997,222,0
998,218,0
999,227,0
1000,215,0
1001,228,0
1002,226,0
1003,224,0
1004,219,0
1005,234,0
1006,219,0
1007,230,0
1008,213,0
1009,239,0
1010,222,0
1011,214,0
1012,221,0
1013,224,0
1014,222,0
1015,227,0
1016,228,0
1017,236,0
1018,221,0
1019,227,0
1020,225,0
1021,220,0
1022,225,0
1023,217,0
1024,222,0
1025,223,0
1026,225,0
1027,226,0
1028,225,0
1029,228,0
1030,223,0
1031,219,0
1032,230,0
1033,221,0
1034,226,0
1035,220,0
1036,236,0
1037,223,0
1038,228,0
1039,229,0
1040,228,0
1041,224,0
1042,223,0
1043,223,0
1044,231,0
1045,233,0
1046,226,0
1047,219,0
1048,229,0
1049,226,0
1050,227,0
1051,227,0
1052,230,0
1053,225,0
1054,228,0
1055,235,0
1056,221,0
1057,225,0
1058,232,0
1059,218,0
1060,221,0
1061,228,0
1062,226,0
1063,225,0
1064,223,0
1065,228,0
1066,225,0
1067,224,0
1068,228,0
1069,230,0
1070,228,0
1071,230,0
1072,226,0
1073,224,0
1074,231,0
1075,239,0
1076,230,0
1077,232,0
1078,236,0
1079,223,0
1080,230,0
1081,229,0
1082,234,0
1083,236,0
1084,223,0
1085,228,0
1086,234,0
1087,234,0
1088,229,0
1089,228,0
1090,229,0
1091,231,0
1092,231,0
1093,223,0
1094,238,0
1095,226,0
1096,226,0
1097,243,0
1098,233,0
1099,234,0
1100,224,0
1101,228,0
1102,233,0
1103,231,0
1104,232,0
1105,233,0
1106,226,0
1107,236,0
1108,228,0
1109,225,0
1110,232,0
1111,225,0
1112,235,0
1113,235,0
1114,228,0
1115,234,0
1116,232,0
1117,231,0
1118,232,0
1119,235,0
1120,240,0
1121,228,0
1122,247,0
1123,225,0
1124,226,0
1125,233,0
1126,226,0
1127,225,0
1128,229,0
1129,238,0
1130,237,0
1131,235,0
1132,231,0
1133,240,0
1134,230,0
1135,233,0
1136,243,0
1137,228,0
1138,230,0
1139,227,0
1140,231,0
1141,238,0
1142,234,0
1143,238,0
1144,237,0
1145,233,0
1146,232,0
1147,232,0
1148,228,0
1149,232,0
1150,226,0
1151,234,0
1152,226,0
1153,236,0
1154,235,0
1155,232,0
1156,241,0
1157,234,0
1158,231,0
1159,227,0
1160,229,0
1161,236,0
1162,230,0
1163,240,0
1164,231,0
1165,229,0
1166,235,0
1167,229,0
1168,234,0
1169,237,0
1170,226,0
1171,231,0
1172,232,0
1173,246,0
1174,226,0
1175,242,0
1176,230,0
1177,251,0
1178,229,0
1179,224,0
1180,239,0
1181,240,0
1182,247,0
1183,233,0
1184,238,0
1185,235,0
1186,231,0
1187,231,0
1188,232,0
1189,238,0
1190,243,0
1191,241,0
1192,239,0
1193,231,0
1194,235,0
1195,232,0
1196,234,0
1197,236,0
1198,235,0
1199,238,0
1200,236,0
1201,240,0
1202,228,0
1203,230,0
1204,232,0
1205,238,0
1206,234,0
1207,240,0
1208,238,0
1209,236,0
1210,246,0
1211,237,0
1212,232,0
1213,236,0
1214,232,0
1215,239,0
1216,234,0
1217,238,0
1218,236,0
1219,235,0
1220,236,0
1221,246,0
1222,238,0
1223,245,0
1224,227,0
1225,233,0
1226,239,0
1227,237,0
1228,239,0
1229,247,0
1230,236,0
1231,233,0
1232,234,0
1233,235,0
1234,234,0
1235,243,0
1236,238,0
1237,237,0
1238,237,0
1239,235,0
1240,232,0
1241,239,0
1242,233,0
1243,236,0
1244,228,0
1245,241,0
1246,230,0
1247,232,0
1248,226,0
1249,231,0
1250,233,0
1251,238,0
1252,237,0
1253,235,0
1254,240,0
1255,240,0
1256,237,0
1257,238,0
1258,240,0
1259,236,0
1260,231,0
1261,234,0
1262,242,0
1263,241,0
1264,239,0
1265,232,0
1266,239,0
1267,246,0
1268,235,0
1269,243,0
1270,232,0
1271,234,0
1272,237,0
1273,232,0
1274,236,0
1275,236,0
1276,241,0
1277,227,0
1278,241,0
1279,235,0
1280,237,0
1281,229,0
1282,241,0
1283,239,0
1284,243,0
1285,243,0
1286,235,0
1287,247,0
1288,233,0
1289,237,0
1290,240,0
1291,241,0
1292,245,0
1293,240,0
1294,236,0
1295,247,0
1296,235,0
1297,241,0
1298,246,0
1299,240,0
1300,227,0
1301,226,0
1302,240,0
1303,239,0
1304,231,0
1305,240,0
1306,248,0
1307,238,0
1308,241,0
1309,243,0
1310,239,0
1311,241,0
1312,238,0
1313,242,0
1314,239,0
1315,239,0
1316,241,0
1317,235,0
1318,242,0
1319,242,0
1320,241,0
1321,242,0
1322,241,0
1323,244,0
1324,232,0
1325,241,0
1326,241,0
1327,242,0
1328,232,0
1329,245,0
1330,234,0
1331,245,0
1332,242,0
1333,239,0
1334,224,0
1335,243,0
1336,243,0
1337,247,0
1338,237,0
1339,243,0
1340,233,0
1341,243,0
1342,238,0
1343,237,0
1344,236,0
1345,244,0
1346,250,0
1347,234,0
1348,244,0
1349,232,0
1350,243,0
1351,241,0
1352,245,0
1353,245,0
1354,244,0
1355,240,0
1356,237,0
1357,243,0
1358,257,0
1359,242,0
1360,241,0
1361,247,0
1362,240,0
1363,241,0
1364,247,0
1365,239,0
1366,239,0
1367,230,0
1368,248,0
1369,242,0
1370,240,0
1371,244,0
1372,241,0
1373,239,0
1374,239,0
1375,245,0
1376,248,0
1377,240,0
1378,247,0
1379,247,0
1380,241,0
1381,243,0
1382,248,0
1383,235,0
1384,241,0
1385,245,0
1386,243,0
1387,248,0
1388,237,0
1389,245,0
1390,240,0
1391,245,0
1392,243,0
1393,236,0
1394,239,0
1395,246,0
1396,238,0
1397,239,0
1398,245,0
1399,247,0
1400,240,0
1401,238,0
1402,239,0
1403,248,0
1404,250,0
1405,250,0
1406,252,0
1407,252,0
1408,237,0
1409,243,0
1410,244,0
1411,240,0
1412,233,0
1413,243,0
1414,241,0
1415,242,0
1416,241,0
1417,238,0
1418,238,0
1419,234,0
1420,256,0
1421,247,0
1422,235,0
1423,233,0
1424,241,0
1425,245,0
1426,255,0
1427,236,0
1428,251,0
1429,238,0
1430,243,0
1431,245,0
1432,240,0
1433,250,0
1434,248,0
1435,247,0
1436,250,0
1437,242,0
1438,244,0
1439,247,0
1440,235,0
1441,242,0
1442,241,0
1443,248,0
1444,242,0
1445,241,0
1446,248,0
1447,243,0
1448,249,0
1449,239,0
1450,245,0
1451,250,0
1452,245,0
1453,243,0
1454,243,0
1455,244,0
1456,251,0
1457,247,0
1458,237,0
1459,249,0
1460,242,0
1461,245,0
1462,240,0
1463,242,0
1464,247,0
1465,247,0
1466,245,0
1467,251,0
1468,253,0
1469,241,0
1470,241,0
1471,242,0
1472,248,0
1473,236,0
1474,244,0
1475,239,0
1476,242,0
1477,246,0
1478,252,0
1479,246,0
1480,244,0
1481,240,0
1482,240,0
1483,257,0
1484,240,0
1485,242,0
1486,247,0
1487,240,0
1488,244,0
1489,247,0
1490,249,0
1491,245,0
1492,247,0
1493,247,0
1494,239,0
1495,250,0
1496,251,0
1497,253,0
1498,251,0
1499,245,0
1500,242,0
1501,247,0
1502,245,0
1503,250,0
1504,243,0
1505,246,0
1506,250,0
1507,251,0
1508,252,0
1509,251,0
1510,240,0
1511,252,0
1512,245,0
1513,260,0
1514,242,0
1515,249,0
1516,251,0
1517,248,0
1518,248,0
1519,249,0
1520,249,0
1521,245,0
1522,252,0
1523,246,0
1524,252,0
1525,250,0
1526,251,0
1527,248,0
1528,243,0
1529,251,0
1530,247,0
1531,252,0
1532,251,0
1533,248,0
1534,252,0
1535,244,0
1536,242,0
1537,246,0
1538,244,0
1539,254,0
1540,246,0
1541,251,0
1542,255,0
1543,252,0
1544,249,0
1545,237,0
1546,245,0
1547,242,0
1548,247,0
1549,244,0
1550,245,0
1551,249,0
1552,246,0
1553,251,0
1554,247,0
1555,241,0
1556,248,0
1557,249,0
1558,249,0
1559,248,0
1560,243,0
1561,246,0
1562,250,0
1563,244,0
1564,257,0
1565,250,0
1566,245,0
1567,245,0
1568,245,0
1569,249,0
1570,253,0
1571,244,0
1572,252,0
1573,254,0
1574,250,0
1575,250,0
1576,250,0
1577,248,0
1578,241,0
1579,253,0
1580,246,0
1581,236,0
1582,249,0
1583,248,0
1584,251,0
1585,246,0
1586,240,0
1587,244,0
1588,244,0
1589,255,0
1590,247,0
1591,244,0
1592,249,0
1593,258,0
1594,250,0
1595,252,0
1596,246,0
1597,246,0
1598,251,0
1599,245,0
1600,244,0
1601,249,0
1602,240,0
1603,249,0
1604,266,0
1605,256,0
1606,247,0
1607,257,0
1608,252,0
1609,250,0
1610,241,0
1611,247,0
1612,247,0
1613,252,0
1614,247,0
1615,240,0
1616,244,0
1617,239,0
1618,250,0
1619,262,0
1620,253,0
1621,247,0
1622,249,0
1623,254,0
1624,251,0
1625,251,0
1626,253,0
1627,242,0
1628,245,0
1629,261,0
1630,241,0
1631,253,0
1632,253,0
1633,254,0
1634,244,0
1635,244,0
1636,266,0
1637,244,0
1638,252,0
1639,246,0
1640,251,0
1641,249,0
1642,244,0
1643,243,0
1644,254,0
1645,262,0
1646,250,0
1647,244,0
1648,244,0
1649,256,0
1650,250,0
1651,251,0
1652,247,0
1653,249,0
1654,255,0
1655,249,0
1656,251,0
1657,246,0
1658,250,0
1659,251,0
1660,257,0
1661,250,0
1662,252,0
1663,250,0
1664,259,0
1665,251,0
1666,249,0
1667,256,0
1668,258,0
1669,248,0
1670,241,0
1671,253,0
1672,259,0
1673,251,0
1674,255,0
1675,260,0
1676,253,0
1677,253,0
1678,254,0
1679,256,0
1680,247,0
1681,255,0
1682,248,0
1683,259,0
1684,254,0
1685,256,0
1686,254,0
1687,258,0
1688,252,0
1689,242,0
1690,256,0
1691,249,0
1692,255,0
1693,254,0
1694,253,0
1695,254,0
1696,241,0
1697,252,0
1698,256,0
1699,257,0
1700,255,0
1701,255,0
1702,249,0
1703,237,0
1704,257,0
1705,252,0
1706,256,0
1707,252,0
1708,255,0
1709,249,0
1710,253,0
1711,245,0
1712,258,0
1713,245,0
1714,252,0
1715,249,0
1716,251,0
1717,254,0
1718,255,0
1719,251,0
1720,253,0
1721,248,0
1722,246,0
1723,248,0
1724,253,0
1725,256,0
1726,253,0
1727,257,0
1728,252,0
1729,254,0
1730,252,0
1731,247,0
1732,248,0
1733,251,0
1734,256,0
1735,248,0
1736,265,0
1737,259,0
1738,256,0
1739,251,0
1740,251,0
1741,257,0
1742,255,0
1743,255,0
1744,260,0
1745,260,0
1746,252,0
1747,253,0
1748,252,0
1749,259,0
1750,247,0
1751,249,0
1752,248,0
1753,249,0
1754,253,0
1755,251,0
1756,252,0
1757,255,0
1758,257,0
1759,262,0
1760,247,0
1761,256,0
1762,258,0
1763,251,0
1764,260,0
1765,257,0
1766,254,0
1767,247,0
1768,262,0
1769,255,0
1770,252,0
1771,256,0
1772,252,0
1773,261,0
1774,254,0
1775,258,0
1776,258,0
1777,257,0
1778,248,0
1779,260,0
1780,248,0
1781,255,0
1782,246,0
1783,240,0
1784,257,0
1785,253,0
1786,251,0
1787,258,0
1788,256,0
1789,252,0
1790,263,0
1791,257,0
1792,260,0
1793,260,0
1794,250,0
1795,249,0
1796,251,0
1797,260,0
1798,252,0
1799,260,0
1800,263,0
1801,245,0
1802,255,0
1803,263,0
1804,249,0
1805,253,0
1806,264,0
1807,259,0
1808,256,0
1809,246,0
1810,252,0
1811,250,0
1812,249,0
1813,250,0
1814,247,0
1815,260,0
1816,252,0
1817,266,0
1818,251,0
1819,257,0
1820,249,0
1821,264,0
1822,247,0
1823,248,0
1824,257,0
1825,258,0
1826,262,0
1827,254,0
1828,251,0
1829,251,0
1830,254,0
1831,266,0
1832,255,0
1833,253,0
1834,253,0
1835,262,0
1836,257,0
1837,258,0
1838,257,0
1839,258,0
1840,256,0
1841,250,0
1842,257,0
1843,253,0
1844,249,0
1845,252,0
1846,252,0
1847,262,0
1848,260,0
1849,262,0
1850,251,0
1851,254,0
1852,250,0
1853,253,0
1854,256,0
1855,251,0
1856,256,0
1857,249,0
1858,253,0
1859,255,0
1860,259,0
1861,253,0
1862,257,0
1863,250,0
1864,259,0
1865,253,0
1866,259,0
1867,265,0
1868,264,0
1869,251,0
1870,253,0
1871,260,0
1872,264,0
1873,264,0
1874,249,0
1875,249,0
1876,259,0
1877,254,0
1878,253,0
1879,258,0
1880,263,0
1881,254,0
1882,259,0
1883,259,0
1884,256,0
1885,257,0
1886,254,0
1887,254,0
1888,247,0
1889,266,0
1890,256,0
1891,251,0
1892,253,0
1893,249,0
1894,255,0
1895,256,0
1896,256,0
1897,258,0
1898,252,0
1899,258,0
1900,263,0
1901,249,0
1902,257,0
1903,252,0
1904,248,0
1905,258,0
1906,255,0
1907,254,0
1908,257,0
1909,257,0
1910,251,0
1911,242,0
1912,258,0
1913,261,0
1914,252,0
1915,259,0
1916,256,0
1917,252,0
1918,260,0
1919,257,0
1920,249,0
1921,261,0
1922,252,0
1923,254,0
1924,258,0
1925,255,0
1926,263,0
1927,258,0
1928,261,0
1929,253,0
1930,264,0
1931,253,0
1932,254,0
1933,255,0
1934,258,0
1935,262,0
1936,265,0
1937,260,0
1938,254,0
1939,265,0
1940,250,0
1941,256,0
1942,258,0
1943,262,0
1944,264,0
1945,257,0
1946,252,0
1947,262,0
1948,261,0
1949,251,0
1950,265,0
1951,252,0
1952,251,0
1953,261,0
1954,255,0
1955,263,0
1956,250,0
1957,258,0
1958,263,0
1959,256,0
1960,261,0
1961,264,0
1962,262,0
1963,261,0
1964,250,0
1965,248,0
1966,256,0
1967,258,0
1968,268,0
1969,269,0
1970,256,0
1971,249,0
1972,257,0
1973,263,0
1974,262,0
1975,266,0
1976,265,0
1977,264,0
1978,260,0
1979,255,0
1980,256,0
1981,255,0
1982,251,0
1983,265,0
1984,262,0
1985,255,0
1986,255,0
1987,264,0
1988,252,0
1989,258,0
1990,253,0
1991,260,0
1992,268,0
1993,263,0
1994,255,0
1995,267,0
1996,259,0
1997,262,0
1998,261,0
1999,249,0
2000,263,0
2001,259,0
2002,253,0
2003,256,0
2004,257,0
2005,250,0
2006,263,0
2007,249,0
2008,259,0
2009,257,0
2010,255,0
2011,258,0
2012,259,0
2013,261,0
2014,250,0
2015,264,0
2016,264,0
2017,263,0
2018,255,0
2019,258,0
2020,259,0
2021,260,0
2022,258,0
2023,267,0
2024,266,0
2025,261,0
2026,250,0
2027,269,0
2028,259,0
2029,253,0
2030,246,0
2031,256,0
2032,257,0
2033,261,0
2034,261,0
2035,263,0
2036,257,0
2037,258,0
2038,262,0
2039,262,0
2040,257,0
2041,256,0
2042,264,0
2043,250,0
2044,251,0
2045,265,0
2046,258,0
2047,261,0
2048,257,0
2049,259,0
2050,261,0
2051,266,0
2052,254,0
2053,257,0
2054,259,0
2055,267,0
2056,260,0
2057,258,0
2058,262,0
2059,259,0
2060,263,0
2061,261,0
2062,255,0
2063,265,0
2064,254,0
2065,267,0
2066,255,0
2067,255,0
2068,263,0
2069,254,0
2070,255,0
2071,264,0
2072,254,0
2073,278,0
2074,258,0
2075,264,0
2076,258,0
2077,253,0
2078,266,0
2079,267,0
2080,261,0
2081,262,0
2082,264,0
2083,253,0
2084,268,0
2085,264,0
2086,260,0
2087,276,0
2088,256,0
2089,261,0
2090,274,0
2091,267,0
2092,263,0
2093,256,0
2094,259,0
2095,261,0
2096,255,0
2097,254,0
2098,262,0
2099,265,0
2100,258,0
2101,264,0
2102,261,0
2103,261,0
2104,262,0
2105,260,0
2106,257,0
2107,252,0
2108,253,0
2109,257,0
2110,266,0
2111,262,0
2112,260,0
2113,255,0
2114,251,0
2115,260,0
2116,265,0
2117,265,0
2118,264,0
2119,249,0
2120,268,0
2121,264,0
2122,257,0
2123,263,0
2124,262,0
2125,268,0
2126,256,0
2127,258,0
2128,251,0
2129,257,0
2130,273,0
2131,259,0
2132,259,0
2133,253,0
2134,256,0
2135,257,0
2136,258,0
2137,258,0
2138,265,0
2139,263,0
2140,254,0
2141,263,0
2142,263,0
2143,275,0
2144,261,0
2145,264,0
2146,258,0
2147,260,0
2148,256,0
2149,261,0
2150,260,0
2151,254,0
2152,266,0
2153,262,0
2154,262,0
2155,258,0
2156,262,0
2157,265,0
2158,260,0
2159,275,0
2160,256,0
2161,258,0
2162,260,0
2163,259,0
2164,253,0
2165,260,0
2166,264,0
2167,266,0
2168,258,0
2169,257,0
2170,259,0
2171,254,0
2172,258,0
2173,268,0
2174,261,0
2175,259,0
2176,261,0
2177,266,0
2178,265,0
2179,262,0
2180,269,0
2181,265,0
2182,256,0
2183,260,0
2184,263,0
2185,270,0
2186,251,0
2187,269,0
2188,272,0
2189,261,0
2190,261,0
2191,272,0
2192,256,0
2193,268,0
2194,257,0
2195,260,0
2196,258,0
2197,258,0
2198,259,0
2199,259,0
2200,260,0
2201,270,0
2202,264,0
2203,257,0
2204,260,0
2205,264,0
2206,256,0
2207,263,0
2208,263,0
2209,261,0
2210,260,0
2211,277,0
2212,268,0
2213,271,0
2214,257,0
2215,262,0
2216,270,0
2217,262,0
2218,254,0
2219,266,0
2220,259,0
2221,270,0
2222,257,0
2223,261,0
2224,265,0
2225,263,0
2226,259,0
2227,258,0
2228,261,0
2229,262,0
2230,258,0
2231,270,0
2232,263,0
2233,261,0
2234,257,0
2235,267,0
2236,248,0
2237,261,0
2238,261,0
2239,273,0
2240,265,0
2241,274,0
2242,267,0
2243,264,0
2244,263,0
2245,253,0
2246,263,0
2247,262,0
2248,259,0
2249,263,0
2250,267,0
2251,258,0
2252,259,0
2253,257,0
2254,259,0
2255,260,0
2256,269,0
2257,264,0
2258,264,0
2259,265,0
2260,267,0
2261,258,0
2262,261,0
2263,275,0
2264,261,0
2265,258,0
2266,268,0
2267,257,0
2268,272,0
2269,272,0
2270,263,0
2271,265,0
2272,260,0
2273,267,0
2274,261,0
2275,257,0
2276,260,0
2277,271,0
2278,258,0
2279,260,0
2280,265,0
2281,258,0
2282,263,0
2283,264,0
2284,265,0
2285,252,0
2286,270,0
2287,263,0
2288,267,0
2289,253,0
2290,259,0
2291,270,0
2292,263,0
2293,266,0
2294,258,0
2295,261,0
2296,265,0
2297,262,0
2298,265,0
2299,261,0
2300,262,0
2301,256,0
2302,267,0
2303,265,0
2304,267,0
2305,260,0
2306,264,0
2307,264,0
2308,271,0
2309,263,0
2310,257,0
2311,270,0
2312,262,0
2313,263,0
2314,271,0
2315,272,0
2316,263,0
2317,263,0
2318,271,0
2319,268,0
2320,268,0
2321,266,0
2322,259,0
2323,266,0
2324,263,0
2325,263,0
2326,263,0
2327,258,0
2328,265,0
2329,263,0
2330,259,0
2331,266,0
2332,264,0
2333,256,0
2334,265,0
2335,265,0
2336,259,0
2337,264,0
2338,263,0
2339,260,0
2340,260,0
2341,253,0
2342,271,0
2343,261,0
2344,254,0
2345,274,0
2346,262,0
2347,272,0
2348,269,0
2349,259,0
2350,267,0
2351,257,0
2352,269,0
2353,262,0
2354,263,0
2355,268,0
2356,261,0
2357,258,0
2358,252,0
2359,266,0
2360,268,0
2361,258,0
2362,253,0
2363,269,0
2364,268,0
2365,266,0
2366,269,0
2367,255,0
2368,266,0
2369,260,0
2370,260,0
2371,257,0
2372,267,0
2373,267,0
2374,261,0
2375,272,0
2376,264,0
2377,263,0
2378,269,0
2379,268,0
2380,259,0
2381,263,0
2382,272,0
2383,265,0
2384,274,0
2385,261,0
2386,258,0
2387,272,0
2388,261,0
2389,266,0
2390,263,0
2391,263,0
2392,257,0
2393,262,0
2394,271,0
2395,261,0
2396,256,0
2397,274,0
2398,261,0
2399,261,0
2400,259,0
2401,264,0
2402,261,0
2403,267,0
2404,266,0
2405,266,0
2406,263,0
2407,267,0
2408,264,0
2409,266,0
2410,269,0
2411,264,0
2412,265,0
2413,259,0
2414,260,0
2415,260,0
2416,268,0
2417,268,0
2418,263,0
2419,269,0
2420,268,0
2421,268,0
2422,271,0
2423,267,0
2424,259,0
2425,251,0
2426,260,0
2427,260,0
2428,259,0
2429,261,0
2430,263,0
2431,262,0
2432,270,0
2433,264,0
2434,263,0
2435,274,0
2436,262,0
2437,269,0
2438,260,0
2439,266,0
2440,272,0
2441,268,0
2442,262,0
2443,264,0
2444,269,0
2445,265,0
2446,265,0
2447,270,0
2448,266,0
2449,258,0
2450,267,0
2451,260,0
2452,261,0
2453,259,0
2454,283,0
2455,262,0
2456,261,0
2457,269,0
2458,267,0
2459,264,0
2460,260,0
2461,265,0
2462,265,0
2463,265,0
2464,265,0
2465,262,0
2466,267,0
2467,264,0
2468,266,0
2469,272,0
2470,255,0
2471,270,0
2472,260,0
2473,262,0
2474,260,0
2475,266,0
2476,265,0
2477,261,0
2478,264,0
2479,268,0
2480,265,0
2481,258,0
2482,266,0
2483,268,0
2484,262,0
2485,268,0
2486,265,0
2487,275,0
2488,273,0
2489,271,0
2490,259,0
2491,262,0
2492,264,0
2493,271,0
2494,263,0
2495,266,0
2496,259,0
2497,250,0
2498,266,0
2499,260,0
2500,268,0
2501,265,0
2502,266,0
2503,265,0
2504,272,0
2505,263,0
2506,265,0
2507,268,0
2508,268,0
2509,260,0
2510,263,0
2511,260,0
2512,273,0
2513,259,0
2514,267,0
2515,268,0
2516,269,0
2517,270,0
2518,273,0
2519,262,0
2520,267,0
2521,268,0
2522,264,0
2523,271,0
2524,261,0
2525,268,0
2526,263,0
2527,271,0
2528,265,0
2529,266,0
2530,263,0
2531,263,0
2532,263,0
2533,259,0
2534,277,0
2535,272,0
2536,259,0
2537,268,0
2538,275,0
2539,266,0
2540,263,0
2541,265,0
2542,264,0
2543,271,0
2544,266,0
2545,272,0
2546,269,0
2547,267,0
2548,267,0
2549,269,0
2550,272,0
2551,267,0
2552,264,0
2553,260,0
2554,266,0
2555,268,0
2556,259,0
2557,267,0
2558,265,0
2559,264,0
2560,264,0
2561,267,0
2562,262,0
2563,261,0
2564,266,0
2565,266,0
2566,257,0
2567,263,0
2568,269,0
2569,268,0
2570,266,0
2571,267,0
2572,265,0
2573,265,0
2574,258,0
2575,261,0
2576,262,0
2577,262,0
2578,269,0
2579,263,0
2580,265,0
2581,271,0
2582,270,0
2583,258,0
2584,270,0
2585,270,0
2586,263,0
2587,270,0
2588,269,0
2589,269,0
2590,265,0
2591,268,0
2592,262,0
2593,269,0
2594,259,0
2595,267,0
2596,266,0
2597,260,0
2598,267,0
2599,273,0
2600,261,0
2601,272,0
2602,271,0
2603,266,0
2604,270,0
2605,269,0
2606,272,0
2607,263,0
2608,266,0
2609,264,0
2610,263,0
2611,269,0
2612,263,0
2613,262,0
2614,266,0
2615,266,0
2616,266,0
2617,268,0
2618,262,0
2619,260,0
2620,264,0
2621,262,0
2622,259,0
2623,271,0
2624,264,0
2625,262,0
2626,266,0
2627,268,0
2628,269,0
2629,259,0
2630,271,0
2631,262,0
2632,264,0
2633,270,0
2634,270,0
2635,258,0
2636,266,0
2637,271,0
2638,269,0
2639,267,0
2640,273,0
2641,275,0
2642,265,0
2643,263,0
2644,262,0
2645,274,0
2646,271,0
2647,272,0
2648,261,0
2649,254,0
2650,267,0
2651,276,0
2652,262,0
2653,262,0
2654,261,0
2655,264,0
2656,265,0
2657,268,0
2658,275,0
2659,272,0
2660,277,0
2661,261,0
2662,260,0
2663,276,0
2664,274,0
2665,278,0
2666,265,0
2667,267,0
2668,265,0
2669,262,0
2670,257,0
2671,260,0
2672,263,0
2673,266,0
2674,272,0
2675,267,0
2676,254,0
2677,273,0
2678,266,0
2679,265,0
2680,268,0
2681,267,0
2682,263,0
2683,271,0
2684,263,0
2685,266,0
2686,261,0
2687,274,0
2688,267,0
2689,266,0
2690,259,0
2691,266,0
2692,269,0
2693,264,0
2694,271,0
2695,260,0
2696,259,0
2697,268,0
2698,265,0
2699,267,0
2700,260,0
2701,267,0
2702,265,0
2703,260,0
2704,255,0
2705,271,0
2706,263,0
2707,270,0
2708,270,0
2709,269,0
2710,262,0
2711,273,0
2712,270,0
2713,267,0
2714,272,0
2715,268,0
2716,268,0
2717,265,0
2718,263,0
2719,261,0
2720,259,0
2721,263,0
2722,261,0
2723,271,0
2724,270,0
2725,263,0
2726,271,0
2727,273,0
2728,271,0
2729,274,0
2730,267,0
2731,262,0
2732,266,0
2733,257,0
2734,267,0
2735,263,0
2736,270,0
2737,267,0
2738,267,0
2739,265,0
2740,270,0
2741,265,0
2742,267,0
2743,265,0
2744,273,0
2745,275,0
2746,269,0
2747,267,0
2748,271,0
2749,261,0
2750,271,0
2751,267,0
2752,267,0
2753,265,0
2754,273,0
2755,267,0
2756,265,0
2757,264,0
2758,274,0
2759,267,0
2760,260,0
2761,266,0
2762,262,0
2763,265,0
2764,269,0
2765,278,0
2766,252,0
2767,266,0
2768,269,0
2769,277,0
2770,264,0
2771,267,0
2772,277,0
2773,267,0
2774,261,0
2775,264,0
2776,274,0
2777,264,0
2778,269,0
2779,272,0
2780,267,0
2781,274,0
2782,264,0
2783,274,0
2784,271,0
2785,265,0
2786,268,0
2787,272,0
2788,272,0
2789,274,0
2790,271,0
2791,270,0
2792,268,0
2793,271,0
2794,271,0
2795,267,0
2796,277,0
2797,270,0
2798,263,0
2799,266,0
2800,277,0
2801,258,0
2802,267,0
2803,270,0
2804,280,0
2805,265,0
2806,268,0
2807,267,0
2808,265,0
2809,273,0
2810,259,0
2811,270,0
2812,262,0
2813,270,0
2814,268,0
2815,277,0
2816,270,0
2817,271,0
2818,264,0
2819,264,0
2820,266,0
2821,264,0
2822,268,0
2823,266,0
2824,271,0
2825,273,0
2826,267,0
2827,270,0
2828,266,0
2829,268,0
2830,266,0
2831,282,0
2832,270,0
2833,269,0
2834,278,0
2835,278,0
2836,270,0
2837,269,0
2838,263,0
2839,277,0
2840,270,0
2841,264,0
2842,276,0
2843,271,0
2844,260,0
2845,269,0
2846,269,0
2847,266,0
2848,269,0
2849,268,0
2850,272,0
2851,268,0
2852,267,0
2853,270,0
2854,258,0
2855,270,0
2856,271,0
2857,274,0
2858,266,0
2859,271,0
2860,273,0
2861,272,0
2862,278,0
2863,265,0
2864,264,0
2865,274,0
2866,266,0
2867,264,0
2868,259,0
2869,261,0
2870,268,0
2871,267,0
2872,272,0
2873,263,0
2874,264,0
2875,269,0
2876,283,0
2877,270,0
2878,263,0
2879,271,0
2880,269,0
2881,273,0
2882,281,0
2883,270,0
2884,267,0
2885,276,0
2886,271,0
2887,264,0
2888,272,0
2889,272,0
2890,265,0
2891,262,0
2892,262,0
2893,263,0
2894,268,0
2895,269,0
2896,272,0
2897,270,0
2898,271,0
2899,275,0
2900,264,0
2901,267,0
2902,264,0
2903,273,0
2904,262,0
2905,271,0
2906,274,0
2907,273,0
2908,274,0
2909,277,0
2910,276,0
2911,266,0
2912,268,0
2913,267,0
2914,277,0
2915,275,0
2916,268,0
2917,272,0
2918,263,0
2919,264,0
2920,274,0
2921,283,0
2922,260,0
2923,273,0
2924,267,0
2925,271,0
2926,276,0
2927,268,0
2928,271,0
2929,271,0
2930,272,0
2931,279,0
2932,261,0
2933,274,0
2934,268,0
2935,274,0
2936,269,0
2937,276,0
2938,265,0
2939,270,0
2940,267,0
2941,282,0
2942,273,0
2943,265,0
2944,271,0
2945,268,0
2946,262,0
2947,264,0
2948,265,0
2949,269,0
2950,275,0
2951,269,0
2952,270,0
2953,272,0
2954,272,0
2955,265,0
2956,269,0
2957,273,0
2958,265,0
2959,273,0
2960,268,0
2961,269,0
2962,271,0
2963,268,0
2964,267,0
2965,267,0
2966,274,0
2967,274,0
2968,264,0
2969,265,0
2970,269,0
2971,264,0
2972,270,0
2973,273,0
2974,274,0
2975,272,0
2976,269,0
2977,272,0
2978,268,0
2979,267,0
2980,269,0
2981,262,0
2982,278,0
2983,267,0
2984,273,0
2985,276,0
2986,267,0
2987,260,0
2988,269,0
2989,271,0
2990,274,0
2991,275,0
2992,272,0
2993,278,0
2994,281,0
2995,273,0
2996,270,0
2997,267,0
2998,264,0
2999,264,0
3000,269,0
3001,264,0
3002,267,0
3003,273,0
3004,269,0
3005,272,0
3006,266,0
3007,270,0
3008,265,0
3009,269,0
3010,275,0
3011,266,0
3012,269,0
3013,267,0
3014,266,0
3015,269,0
3016,277,0
3017,276,0
3018,284,0
3019,280,0
3020,280,0
3021,274,0
3022,273,0
3023,266,0
3024,268,0
3025,273,0
3026,272,0
3027,271,0
3028,261,0
3029,267,0
3030,274,0
3031,273,0
3032,281,0
3033,269,0
3034,274,0
3035,268,0
3036,266,0
3037,265,0
3038,273,0
3039,271,0
3040,264,0
3041,278,0
3042,267,0
3043,273,0
3044,269,0
3045,273,0
3046,277,0
3047,274,0
3048,272,0
3049,268,0
3050,267,0
3051,277,0
3052,269,0
3053,268,0
3054,268,0
3055,271,0
3056,260,0
3057,268,0
3058,274,0
3059,272,0
3060,267,0
3061,270,0
3062,271,0
3063,267,0
3064,263,0
3065,276,0
3066,273,0
3067,268,0
3068,269,0
3069,264,0
3070,270,0
3071,274,0
3072,273,0
3073,271,0
3074,275,0
3075,277,0
3076,265,0
3077,276,0
3078,281,0
3079,267,0
3080,275,0
3081,263,0
3082,270,0
3083,266,0
3084,273,0
3085,270,0
3086,263,0
3087,270,0
3088,283,0
3089,275,0
3090,275,0
3091,270,0
3092,273,0
3093,274,0
3094,278,0
3095,274,0
3096,270,0
3097,257,0
3098,275,0
3099,263,0
3100,263,0
3101,280,0
3102,271,0
3103,271,0
3104,271,0
3105,271,0
3106,264,0
3107,269,0
3108,270,0
3109,266,0
3110,268,0
3111,270,0
3112,271,0
3113,279,0
3114,277,0
3115,270,0
3116,262,0
3117,273,0
3118,267,0
3119,268,0
3120,275,0
3121,273,0
3122,273,0
3123,281,0
3124,280,0
3125,281,0
3126,272,0
3127,267,0
3128,271,0
3129,269,0
3130,277,0
3131,272,0
3132,271,0
3133,264,0
3134,275,0
3135,267,0
3136,278,0
3137,267,0
3138,274,0
3139,265,0
3140,272,0
3141,266,0
3142,274,0
3143,276,0
3144,265,0
3145,272,0
3146,274,0
3147,274,0
3148,278,0
3149,264,0
3150,276,0
3151,282,0
3152,277,0
3153,276,0
3154,264,0
3155,265,0
3156,268,0
3157,267,0
3158,275,0
3159,271,0
3160,261,0
3161,271,0
3162,271,0
3163,274,0
3164,264,0
3165,266,0
3166,271,0
3167,268,0
3168,276,0
3169,277,0
3170,270,0
3171,266,0
3172,271,0
3173,282,0
3174,269,0
3175,275,0
3176,280,0
3177,274,0
3178,274,0
3179,270,0
3180,263,0
3181,272,0
3182,271,0
3183,268,0
3184,262,0
3185,268,0
3186,272,0
3187,270,0
3188,273,0
3189,270,0
3190,270,0
3191,275,0
3192,270,0
3193,280,0
3194,262,0
3195,274,0
3196,277,0
3197,270,0
3198,265,0
3199,271,0
3200,266,0
3201,273,0
3202,275,0
3203,268,0
3204,270,0
3205,273,0
3206,281,0
3207,272,0
3208,269,0
3209,263,0
3210,270,0
3211,276,0
3212,278,0
3213,271,0
3214,268,0
3215,277,0
3216,269,0
3217,262,0
3218,268,0
3219,279,0
3220,265,0
3221,268,0
3222,276,0
3223,279,0
3224,278,0
3225,267,0
3226,266,0
3227,269,0
3228,272,0
3229,279,0
3230,271,0
3231,276,0
3232,273,0
3233,268,0
3234,269,0
3235,271,0
3236,271,0
3237,270,0
3238,278,0
3239,270,0
3240,269,0
3241,268,0
3242,269,0
3243,271,0
3244,274,0
3245,267,0
3246,270,0
3247,270,0
3248,278,0
3249,277,0
3250,264,0
3251,266,0
3252,273,0
3253,274,0
3254,263,0
3255,277,0
3256,274,0
3257,275,0
3258,280,0
3259,273,0
3260,272,0
3261,273,0
3262,269,0
3263,280,0
3264,264,0
3265,275,0
3266,273,0
3267,269,0
3268,271,0
3269,271,0
3270,273,0
3271,272,0
3272,274,0
3273,267,0
3274,271,0
3275,278,0
3276,271,0
3277,274,0
3278,276,0
3279,278,0
3280,264,0
3281,270,0
3282,289,0
3283,272,0
3284,261,0
3285,272,0
3286,270,0
3287,266,0
3288,276,0
3289,273,0
3290,261,0
3291,274,0
3292,273,0
3293,282,0
3294,264,0
3295,272,0
3296,279,0
3297,273,0
3298,267,0
3299,280,0
3300,275,0
3301,276,0
3302,265,0
3303,268,0
3304,273,0
3305,273,0
3306,275,0
3307,266,0
3308,263,0
3309,266,0
3310,272,0
3311,275,0
3312,275,0
3313,270,0
3314,275,0
3315,276,0
3316,273,0
3317,277,0
3318,268,0
3319,274,0
3320,282,0
3321,276,0
3322,265,0
3323,273,0
3324,274,0
3325,275,0
3326,279,0
3327,258,0
3328,265,0
3329,269,0
3330,270,0
3331,274,0
3332,270,0
3333,268,0
3334,276,0
3335,275,0
3336,274,0
3337,276,0
3338,270,0
3339,278,0
3340,271,0
3341,282,0
3342,273,0
3343,265,0
3344,281,0
3345,274,0
3346,272,0
3347,271,0
3348,270,0
3349,267,0
3350,268,0
3351,274,0
3352,280,0
3353,278,0
3354,271,0
3355,279,0
3356,275,0
3357,264,0
3358,271,0
3359,274,0
3360,274,0
3361,283,0
3362,274,0
3363,270,0
3364,272,0
3365,273,0
3366,264,0
3367,264,0
3368,266,0
3369,270,0
3370,279,0
3371,270,0
3372,277,0
3373,274,0
3374,266,0
3375,272,0
3376,264,0
3377,278,0
3378,277,0
3379,271,0
3380,270,0
3381,275,0
3382,267,0
3383,271,0
3384,273,0
3385,268,0
3386,271,0
3387,277,0
3388,274,0
3389,266,0
3390,272,0
3391,267,0
3392,279,0
3393,270,0
3394,275,0
3395,279,0
3396,262,0
3397,273,0
3398,271,0
3399,272,0
3400,268,0
3401,279,0
3402,273,0
3403,274,0
3404,282,0
3405,280,0
3406,275,0
3407,266,0
3408,268,0
3409,268,0
3410,272,0
3411,276,0
3412,276,0
3413,275,0
3414,278,0
3415,273,0
3416,264,0
3417,265,0
3418,269,0
3419,273,0
3420,273,0
3421,278,0
3422,279,0
3423,271,0
3424,277,0
3425,267,0
3426,274,0
3427,284,0
3428,283,0
3429,269,0
3430,275,0
3431,271,0
3432,269,0
3433,280,0
3434,278,0
3435,275,0
3436,282,0
3437,273,0
3438,275,0
3439,270,0
3440,279,0
3441,268,0
3442,281,0
3443,271,0
3444,266,0
3445,277,0
3446,274,0
3447,274,0
3448,273,0
3449,268,0
3450,277,0
3451,272,0
3452,266,0
3453,279,0
3454,278,0
3455,275,0
3456,274,0
3457,273,0
3458,280,0
3459,272,0
3460,270,0
3461,274,0
3462,275,0
3463,275,0
3464,280,0
3465,272,0
3466,272,0
3467,270,0
3468,267,0
3469,281,0
3470,268,0
3471,279,0
3472,273,0
3473,276,0
3474,271,0
3475,274,0
3476,278,0
3477,276,0
3478,274,0
3479,287,0
3480,268,0
3481,275,0
3482,258,0
3483,277,0
3484,269,0
3485,273,0
3486,279,0
3487,266,0
3488,267,0
3489,279,0
3490,277,0
3491,277,0
3492,277,0
3493,279,0
3494,269,0
3495,276,0
3496,279,0
3497,270,0
3498,274,0
3499,268,0
3500,269,0
3501,284,0
3502,281,0
3503,273,0
3504,269,0
3505,275,0
3506,282,0
3507,268,0
3508,275,0
3509,274,0
3510,273,0
3511,285,0
3512,280,0
3513,271,0
3514,278,0
3515,270,0
3516,278,0
3517,277,0
3518,269,0
3519,282,0
3520,271,0
3521,277,0
3522,267,0
3523,275,0
3524,262,0
3525,270,0
3526,266,0
3527,276,0
3528,263,0
3529,281,0
3530,271,0
3531,277,0
3532,262,0
3533,278,0
3534,274,0
3535,272,0
3536,275,0
3537,280,0
3538,274,0
3539,265,0
3540,269,0
3541,275,0
3542,272,0
3543,273,0
3544,268,0
3545,272,0
3546,267,0
3547,274,0
3548,277,0
3549,275,0
3550,272,0
3551,271,0
3552,267,0
3553,267,0
3554,278,0
3555,272,0
3556,268,0
3557,278,0
3558,283,0
3559,272,0
3560,267,0
3561,280,0
3562,272,0
3563,274,0
3564,277,0
3565,268,0
3566,262,0
3567,277,0
3568,276,0
3569,263,0
3570,279,0
3571,275,0
3572,264,0
3573,281,0
3574,280,0
3575,288,0
3576,274,0
3577,277,0
3578,272,0
3579,262,0
3580,275,0
3581,277,0
3582,271,0
3583,273,0
3584,263,0
3585,266,0
3586,271,0
3587,280,0
3588,272,0
3589,287,0
3590,268,0
3591,277,0
3592,271,0
3593,263,0
3594,275,0
3595,278,0
3596,274,0
3597,267,0
3598,269,0
3599,273,0
3600,272,0
3601,277,0
3602,278,0
3603,274,0
3604,281,0
3605,272,0
3606,273,0
3607,266,0
3608,283,0
3609,270,0
3610,271,0
3611,280,0
3612,278,0
3613,274,0
3614,279,0
3615,270,0
3616,263,0
3617,282,0
3618,272,0
3619,272,0
3620,268,0
3621,278,0
3622,276,0
3623,277,0
3624,274,0
3625,276,0
3626,269,0
3627,278,0
3628,271,0
3629,278,0
3630,276,0
3631,267,0
3632,277,0
3633,276,0
3634,285,0
3635,269,0
3636,271,0
3637,281,0
3638,283,0
3639,276,0
3640,270,0
3641,285,0
3642,274,0
3643,267,0
3644,278,0
3645,285,0
3646,286,0
3647,278,0
3648,270,0
3649,275,0
3650,273,0
3651,280,0
3652,276,0
3653,276,0
3654,266,0
3655,272,0
3656,271,0
3657,281,0
3658,274,0
3659,280,0
3660,280,0
3661,278,0
3662,274,0
3663,276,0
3664,281,0
3665,277,0
3666,273,0
3667,277,0
3668,279,0
3669,279,0
3670,269,0
3671,270,0
3672,279,0
3673,273,0
3674,275,0
3675,272,0
3676,267,0
3677,269,0
3678,274,0
3679,276,0
3680,270,0
3681,274,0
3682,277,0
3683,276,0
3684,276,0
3685,267,0
3686,265,0
3687,278,0
3688,284,0
3689,273,0
3690,279,0
3691,273,0
3692,272,0
3693,279,0
3694,280,0
3695,280,0
3696,268,0
3697,274,0
3698,270,0
3699,273,0
3700,273,0
3701,277,0
3702,276,0
3703,265,0
3704,275,0
3705,278,0
3706,263,0
3707,279,0
3708,269,0
3709,266,0
3710,277,0
3711,272,0
3712,283,0
3713,269,0
3714,277,0
3715,283,0
3716,271,0
3717,271,0
3718,277,0
3719,273,0
3720,273,0
3721,271,0
3722,279,0
3723,281,0
3724,285,0
3725,281,0
3726,282,0
3727,274,0
3728,271,0
3729,274,0
3730,274,0
3731,276,0
3732,270,0
3733,269,0
3734,282,0
3735,274,0
3736,273,0
3737,272,0
3738,274,0
3739,278,0
3740,266,0
3741,279,0
3742,270,0
3743,275,0
3744,279,0
3745,275,0
3746,276,0
3747,279,0
3748,271,0
3749,274,0
3750,274,0
3751,268,0
3752,274,0
3753,275,0
3754,281,0
3755,272,0
3756,277,0
3757,264,0
3758,273,0
3759,270,0
3760,270,0
3761,272,0
3762,262,0
3763,269,0
3764,269,0
3765,270,0
3766,271,0
3767,264,0
3768,272,0
3769,279,0
3770,277,0
3771,268,0
3772,280,0
3773,270,0
3774,275,0
3775,282,0
3776,272,0
3777,281,0
3778,275,0
3779,276,0
3780,265,0
3781,277,0
3782,271,0
3783,280,0
3784,275,0
3785,274,0
3786,274,0
3787,279,0
3788,268,0
3789,271,0
3790,281,0
3791,286,0
3792,284,0
3793,267,0
3794,275,0
3795,276,0
3796,284,0
3797,273,0
3798,276,0
3799,281,0
3800,269,0
3801,283,0
3802,269,0
3803,277,0
3804,281,0
3805,281,0
3806,276,0
3807,268,0
3808,274,0
3809,274,0
3810,274,0
3811,279,0
3812,279,0
3813,278,0
3814,275,0
3815,269,0
3816,274,0
3817,269,0
3818,272,0
3819,273,0
3820,282,0
3821,269,0
3822,270,0
3823,274,0
3824,272,0
3825,281,0
3826,275,0
3827,274,0
3828,277,0
3829,275,0
3830,279,0
3831,274,0
3832,278,0
3833,272,0
3834,270,0
3835,273,0
3836,276,0
3837,268,0
3838,280,0
3839,283,0
3840,269,0
3841,276,0
3842,282,0
3843,277,0
3844,275,0
3845,277,0
3846,269,0
3847,282,0
3848,277,0
3849,271,0
3850,274,0
3851,278,0
3852,273,0
3853,271,0
3854,272,0
3855,274,0
3856,274,0
3857,270,0
3858,275,0
3859,274,0
3860,279,0
3861,267,0
3862,273,0
3863,277,0
3864,276,0
3865,280,0
3866,268,0
3867,276,0
3868,278,0
3869,278,0
3870,284,0
3871,277,0
3872,277,0
3873,276,0
3874,280,0
3875,272,0
3876,272,0
3877,283,0
3878,277,0
3879,269,0
3880,274,0
3881,274,0
3882,268,0
3883,272,0
3884,283,0
3885,282,0
3886,279,0
3887,280,0
3888,270,0
3889,284,0
3890,272,0
3891,273,0
3892,279,0
3893,274,0
3894,272,0
3895,279,0
3896,268,0
3897,271,0
3898,277,0
3899,274,0
3900,272,0
3901,282,0
3902,273,0
3903,274,0
3904,282,0
3905,272,0
3906,271,0
3907,280,0
3908,279,0
3909,278,0
3910,277,0
3911,282,0
3912,274,0
3913,281,0
3914,273,0
3915,271,0
3916,280,0
3917,269,0
3918,277,0
3919,276,0
3920,281,0
3921,273,0
3922,279,0
3923,262,0
3924,275,0
3925,273,0
3926,269,0
3927,272,0
3928,279,0
3929,283,0
3930,276,0
3931,281,0
3932,272,0
3933,277,0
3934,269,0
3935,278,0
3936,276,0
3937,277,0
3938,270,0
3939,270,0
3940,274,0
3941,278,0
3942,267,0
3943,270,0
3944,275,0
3945,280,0
3946,279,0
3947,274,0
3948,275,0
3949,286,0
3950,273,0
3951,286,0
3952,276,0
3953,270,0
3954,279,0
3955,280,0
3956,271,0
3957,275,0
3958,272,0
3959,289,0
3960,279,0
3961,277,0
3962,280,0
3963,275,0
3964,271,0
3965,273,0
3966,282,0
3967,278,0
3968,278,0
3969,272,0
3970,275,0
3971,274,0
3972,278,0
3973,278,0
3974,293,0
3975,282,0
3976,286,0
3977,277,0
3978,275,0
3979,276,0
3980,274,0
3981,268,0
3982,283,0
3983,272,0
3984,278,0
3985,273,0
3986,271,0
3987,275,0
3988,281,0
3989,274,0
3990,278,0
3991,272,0
3992,279,0
3993,272,0
3994,276,0
3995,275,0
3996,273,0
3997,280,0
3998,276,0
3999,268,0
4000,279,0
4001,270,0
4002,280,0
4003,278,0
4004,283,0
4005,273,0
4006,268,0
4007,278,0
4008,282,0
4009,274,0
4010,279,0
4011,274,0
4012,275,0
4013,269,0
4014,291,0
4015,270,0
4016,263,0
4017,270,0
4018,277,0
4019,280,0
4020,277,0
4021,273,0
4022,280,0
4023,277,0
4024,277,0
4025,275,0
4026,279,0
4027,278,0
4028,285,0
4029,286,0
4030,279,0
4031,285,0
4032,274,0
4033,268,0
4034,278,0
4035,276,0
4036,285,0
4037,279,0
4038,276,0
4039,277,0
4040,288,0
4041,277,0
4042,274,0
4043,275,0
4044,280,0
4045,272,0
4046,279,0
4047,268,0
4048,275,0
4049,278,0
4050,275,0
4051,285,0
4052,271,0
4053,280,0
4054,271,0
4055,279,0
4056,269,0
4057,278,0
4058,278,0
4059,271,0
4060,279,0
4061,274,0
4062,268,0
4063,279,0
4064,276,0
4065,270,0
4066,280,0
4067,280,0
4068,282,0
4069,279,0
4070,277,0
4071,272,0
4072,266,0
4073,272,0
4074,275,0
4075,282,0
4076,280,0
4077,281,0
4078,270,0
4079,276,0
4080,282,0
4081,277,0
4082,275,0
4083,279,0
4084,277,0
4085,272,0
4086,270,0
4087,284,0
4088,268,0
4089,273,0
4090,284,0
4091,269,0
4092,276,0
4093,283,0
4094,277,0
4095,284,0
4096,280,0
4097,280,0
4098,264,0
4099,284,0
4100,263,0
4101,274,0
4102,277,0
4103,267,0
4104,277,0
4105,272,0
4106,268,0
4107,290,0
4108,279,0
4109,274,0
4110,276,0
4111,276,0
4112,279,0
4113,277,0
4114,278,0
4115,274,0
4116,274,0
4117,275,0
4118,279,0
4119,283,0
4120,272,0
4121,280,0
4122,276,0
4123,281,0
4124,273,0
4125,282,0
4126,264,0
4127,276,0
4128,283,0
4129,281,0
4130,277,0
4131,276,0
4132,270,0
4133,270,0
4134,274,0
4135,281,0
4136,283,0
4137,271,0
4138,270,0
4139,272,0
4140,273,0
4141,275,0
4142,274,0
4143,282,0
4144,270,0
4145,275,0
4146,279,0
4147,285,0
4148,284,0
4149,269,0
4150,270,0
4151,281,0
4152,280,0
4153,275,0
4154,279,0
4155,291,0
4156,277,0
4157,273,0
4158,280,0
4159,276,0
4160,280,0
4161,275,0
4162,279,0
4163,277,0
4164,279,0
4165,273,0
4166,278,0
4167,279,0
4168,273,0
4169,277,0
4170,281,0
4171,277,0
4172,270,0
4173,277,0
4174,288,0
4175,267,0
4176,279,0
4177,273,0
4178,288,0
4179,276,0
4180,270,0
4181,278,0
4182,278,0
4183,272,0
4184,278,0
4185,278,0
4186,281,0
4187,275,0
4188,277,0
4189,281,0
4190,274,0
4191,273,0
4192,272,0
4193,276,0
4194,278,0
4195,272,0
4196,282,0
4197,266,0
4198,280,0
4199,281,0
4200,281,0
4201,286,0
4202,281,0
4203,284,0
4204,282,0
4205,278,0
4206,275,0
4207,273,0
4208,277,0
4209,285,0
4210,270,0
4211,279,0
4212,273,0
4213,280,0
4214,272,0
4215,286,0
4216,274,0
4217,272,0
4218,281,0
4219,272,0
4220,279,0
4221,277,0
4222,278,0
4223,274,0
4224,276,0
4225,277,0
4226,276,0
4227,272,0
4228,272,0
4229,278,0
4230,277,0
4231,280,0
4232,277,0
4233,286,0
4234,273,0
4235,274,0
4236,278,0
4237,269,0
4238,282,0
4239,272,0
4240,273,0
4241,283,0
4242,277,0
4243,268,0
4244,275,0
4245,278,0
4246,281,0
4247,282,0
4248,269,0
4249,268,0
4250,281,0
4251,281,0
4252,278,0
4253,279,0
4254,278,0
4255,282,0
4256,270,0
4257,271,0
4258,270,0
4259,279,0
4260,272,0
4261,288,0
4262,264,0
4263,272,0
4264,281,0
4265,279,0
4266,279,0
4267,278,0
4268,279,0
4269,267,0
4270,279,0
4271,279,0
4272,280,0
4273,278,0
4274,283,0
4275,287,0
4276,273,0
4277,276,0
4278,277,0
4279,269,0
4280,278,0
4281,277,0
4282,280,0
4283,276,0
4284,280,0
4285,273,0
4286,269,0
4287,283,0
4288,273,0
4289,268,0
4290,277,0
4291,283,0
4292,273,0
4293,281,0
4294,276,0
4295,277,0
4296,284,0
4297,287,0
4298,278,0
4299,275,0
4300,292,0
4301,274,0
4302,284,0
4303,278,0
4304,272,0
4305,284,0
4306,274,0
4307,283,0
4308,276,0
4309,272,0
4310,275,0
4311,280,0
4312,276,0
4313,273,0
4314,285,0
4315,283,0
4316,280,0
4317,267,0
4318,273,0
4319,280,0
4320,277,0
4321,291,0
4322,283,0
4323,288,0
4324,279,0
4325,279,0
4326,280,0
4327,275,0
4328,277,0
4329,280,0
4330,281,0
4331,284,0
4332,276,0
4333,277,0
4334,291,0
4335,277,0
4336,278,0
4337,269,0
4338,273,0
4339,286,0
4340,278,0
4341,283,0
4342,282,0
4343,274,0
4344,278,0
4345,276,0
4346,278,0
4347,274,0
4348,272,0
4349,276,0
4350,277,0
4351,283,0
4352,273,0
4353,276,0
4354,288,0
4355,281,0
4356,286,0
4357,270,0
4358,282,0
4359,280,0
4360,281,0
4361,270,0
4362,277,0
4363,278,0
4364,271,0
4365,283,0
4366,272,0
4367,274,0
4368,275,0
4369,286,0
4370,278,0
4371,286,0
4372,277,0
4373,271,0
4374,278,0
4375,275,0
4376,275,0
4377,285,0
4378,279,0
4379,288,0
4380,271,0
4381,281,0
4382,283,0
4383,283,0
4384,287,0
4385,282,0
4386,270,0
4387,284,0
4388,285,0
4389,281,0
4390,285,0
4391,278,0
4392,276,0
4393,278,0
4394,277,0
4395,280,0
4396,281,0
4397,279,0
4398,277,0
4399,279,0
4400,267,0
4401,283,0
4402,281,0
4403,281,0
4404,283,0
4405,276,0
4406,279,0
4407,277,0
4408,276,0
4409,282,0
4410,283,0
4411,274,0
4412,277,0
4413,285,0
4414,282,0
4415,288,0
4416,278,0
4417,281,0
4418,280,0
4419,281,0
4420,278,0
4421,274,0
4422,280,0
4423,277,0
4424,285,0
4425,278,0
4426,274,0
4427,282,0
4428,270,0
4429,280,0
4430,279,0
4431,272,0
4432,277,0
4433,282,0
4434,275,0
4435,287,0
4436,278,0
4437,287,0
4438,274,0
4439,285,0
4440,275,0
4441,274,0
4442,277,0
4443,279,0
4444,287,0
4445,268,0
4446,274,0
4447,271,0
4448,274,0
4449,275,0
4450,278,0
4451,281,0
4452,276,0
4453,275,0
4454,281,0
4455,268,0
4456,274,0
4457,272,0
4458,276,0
4459,277,0
4460,284,0
4461,278,0
4462,279,0
4463,285,0
4464,284,0
4465,279,0
4466,281,0
4467,288,0
4468,289,0
4469,283,0
4470,272,0
4471,286,0
4472,282,0
4473,276,0
4474,284,0
4475,282,0
4476,280,0
4477,274,0
4478,280,0
4479,284,0
4480,276,0
4481,285,0
4482,278,0
4483,284,0
4484,277,0
4485,288,0
4486,278,0
4487,276,0
4488,282,0
4489,280,0
4490,280,0
4491,280,0
4492,272,0
4493,286,0
4494,272,0
4495,280,0
4496,279,0
4497,273,0
4498,278,0
4499,279,0
4500,276,0
4501,277,0
4502,278,0
4503,280,0
4504,282,0
4505,282,0
4506,278,0
4507,279,0
4508,277,0
4509,276,0
4510,274,0
4511,278,0
4512,282,0
4513,281,0
4514,279,0
4515,282,0
4516,283,0
4517,275,0
4518,276,0
4519,277,0
4520,284,0
4521,277,0
4522,277,0
4523,281,0
4524,282,0
4525,276,0
4526,275,0
4527,290,0
4528,283,0
4529,283,0
4530,281,0
4531,285,0
4532,278,0
4533,280,0
4534,277,0
4535,280,0
4536,282,0
4537,271,0
4538,278,0
4539,275,0
4540,279,0
4541,279,0
4542,278,0
4543,280,0
4544,282,0
4545,276,0
4546,277,0
4547,275,0
4548,286,0
4549,282,0
4550,272,0
4551,280,0
4552,270,0
4553,278,0
4554,279,0
4555,282,0
4556,284,0
4557,273,0
4558,286,0
4559,279,0
4560,277,0
4561,282,0
4562,277,0
4563,284,0
4564,271,0
4565,279,0
4566,284,0
4567,282,0
4568,282,0
4569,276,0
4570,275,0
4571,277,0
4572,287,0
4573,279,0
4574,290,0
4575,281,0
4576,283,0
4577,280,0
4578,279,0
4579,281,0
4580,281,0
4581,292,0
4582,291,0
4583,282,0
4584,281,0
4585,283,0
4586,284,0
4587,285,0
4588,284,0
4589,280,0
4590,284,0
4591,277,0
4592,272,0
4593,282,0
4594,282,0
4595,289,0
4596,285,0
4597,278,0
4598,280,0
4599,279,0
4600,278,0
4601,282,0
4602,283,0
4603,279,0
4604,280,0
4605,277,0
4606,278,0
4607,277,0
4608,291,0
4609,277,0
4610,280,0
4611,273,0
4612,280,0
4613,283,0
4614,276,0
4615,283,0
4616,276,0
4617,278,0
4618,275,0
4619,277,0
4620,281,0
4621,280,0
4622,277,0
4623,284,0
4624,280,0
4625,286,0
4626,280,0
4627,276,0
4628,276,0
4629,280,0
4630,279,0
4631,279,0
4632,291,0
4633,281,0
4634,281,0
4635,276,0
4636,277,0
4637,282,0
4638,270,0
4639,272,0
4640,269,0
4641,277,0
4642,280,0
4643,288,0
4644,283,0
4645,282,0
4646,282,0
4647,275,0
4648,278,0
4649,275,0
4650,279,0
4651,281,0
4652,276,0
4653,281,0
4654,283,0
4655,281,0
4656,280,0
4657,276,0
4658,272,0
4659,280,0
4660,274,0
4661,273,0
4662,282,0
4663,279,0
4664,286,0
4665,278,0
4666,280,0
4667,280,0
4668,279,0
4669,283,0
4670,276,0
4671,282,0
4672,280,0
4673,277,0
4674,280,0
4675,276,0
4676,281,0
4677,273,0
4678,285,0
4679,275,0
4680,278,0
4681,280,0
4682,280,0
4683,277,0
4684,282,0
4685,283,0
4686,276,0
4687,289,0
4688,279,0
4689,280,0
4690,277,0
4691,276,0
4692,275,0
4693,284,0
4694,284,0
4695,282,0
4696,281,0
4697,288,0
4698,278,0
4699,279,0
4700,276,0
4701,280,0
4702,283,0
4703,280,0
4704,273,0
4705,271,0
4706,273,0
4707,280,0
4708,286,0
4709,275,0
4710,285,0
4711,272,0
4712,278,0
4713,276,0
4714,283,0
4715,276,0
4716,287,0
4717,279,0
4718,277,0
4719,283,0
4720,276,0
4721,279,0
4722,273,0
4723,285,0
4724,288,0
4725,289,0
4726,278,0
4727,279,0
4728,287,0
4729,287,0
4730,278,0
4731,282,0
4732,278,0
4733,271,0
4734,287,0
4735,278,0
4736,283,0
4737,281,0
4738,287,0
4739,269,0
4740,273,0
4741,286,0
4742,271,0
4743,282,0
4744,278,0
4745,274,0
4746,276,0
4747,282,0
4748,277,0
4749,285,0
4750,275,0
4751,276,0
4752,273,0
4753,269,0
4754,281,0
4755,275,0
4756,280,0
4757,282,0
4758,278,0
4759,270,0
4760,274,0
4761,281,0
4762,278,0
4763,280,0
4764,275,0
4765,279,0
4766,290,0
4767,275,0
4768,284,0
4769,280,0
4770,270,0
4771,288,0
4772,287,0
4773,286,0
4774,281,0
4775,272,0
4776,282,0
4777,275,0
4778,279,0
4779,285,0
4780,281,0
4781,279,0
4782,278,0
4783,282,0
4784,288,0
4785,282,0
4786,282,0
4787,278,0
4788,289,0
4789,278,0
4790,276,0
4791,283,0
4792,271,0
4793,282,0
4794,276,0
4795,273,0
4796,291,0
4797,285,0
4798,284,0
4799,277,0
4800,273,0
4801,274,0
4802,282,0
4803,287,0
4804,281,0
4805,273,0
4806,293,0
4807,269,0
4808,281,0
4809,282,0
4810,283,0
4811,277,0
4812,278,0
4813,288,0
4814,282,0
4815,286,0
4816,279,0
4817,276,0
4818,283,0
4819,283,0
4820,276,0
4821,282,0
4822,276,0
4823,287,0
4824,284,0
4825,281,0
4826,289,0
4827,295,0
4828,284,0
4829,273,0
4830,285,0
4831,277,0
4832,281,0
4833,283,0
4834,278,0
4835,279,0
4836,275,0
4837,286,0
4838,276,0
4839,278,0
4840,288,0
4841,277,0
4842,282,0
4843,275,0
4844,277,0
4845,285,0
4846,285,0
4847,283,0
4848,274,0
4849,274,0
4850,286,0
4851,278,0
4852,283,0
4853,287,0
4854,273,0
4855,284,0
4856,277,0
4857,274,0
4858,275,0
4859,272,0
4860,286,0
4861,278,0
4862,276,0
4863,280,0
4864,279,0
4865,274,0
4866,288,0
4867,272,0
4868,279,0
4869,285,0
4870,275,0
4871,272,0
4872,282,0
4873,272,0
4874,281,0
4875,275,0
4876,270,0
4877,289,0
4878,278,0
4879,277,0
4880,279,0
4881,271,0
4882,277,0
4883,280,0
4884,285,0
4885,281,0
4886,280,0
4887,287,0
4888,283,0
4889,283,0
4890,276,0
4891,276,0
4892,277,0
4893,284,0
4894,280,0
4895,276,0
4896,281,0
4897,275,0
4898,283,0
4899,287,0
4900,280,0
4901,287,0
4902,289,0
4903,288,0
4904,277,0
4905,276,0
4906,272,0
4907,275,0
4908,280,0
4909,284,0
4910,272,0
4911,283,0
4912,279,0
4913,281,0
4914,274,0
4915,281,0
4916,286,0
4917,278,0
4918,276,0
4919,287,0
4920,283,0
4921,275,0
4922,281,0
4923,282,0
4924,277,0
4925,285,0
4926,291,0
4927,274,0
4928,284,0
4929,275,0
4930,276,0
4931,276,0
4932,278,0
4933,279,0
4934,289,0
4935,286,0
4936,282,0
4937,282,0
4938,279,0
4939,280,0
4940,287,0
4941,291,0
4942,276,0
4943,279,0
4944,282,0
4945,282,0
4946,280,0
4947,283,0
4948,278,0
4949,284,0
4950,283,0
4951,274,0
4952,284,0
4953,282,0
4954,283,0
4955,282,0
4956,283,0
4957,283,0
4958,269,0
4959,272,0
4960,285,0
4961,285,0
4962,276,0
4963,275,0
4964,293,0
4965,283,0
4966,282,0
4967,280,0
4968,280,0
4969,275,0
4970,279,0
4971,278,0
4972,278,0
4973,271,0
4974,283,0
4975,273,0
4976,281,0
4977,279,0
4978,274,0
4979,289,0
4980,290,0
4981,280,0
4982,282,0
4983,293,0
4984,284,0
4985,276,0
4986,279,0
4987,284,0
4988,280,0
4989,279,0
4990,284,0
4991,283,0
4992,266,0
4993,291,0
4994,279,0
4995,279,0
4996,278,0
4997,288,0
4998,290,0
4999,274,0
5000,287,0
5001,277,0
5002,278,0
5003,281,0
5004,286,0
5005,287,0
5006,271,0
5007,287,0
5008,282,0
5009,281,0
5010,287,0
5011,277,0
5012,276,0
5013,282,0
5014,275,0
5015,277,0
5016,281,0
5017,272,0
5018,291,0
5019,282,0
5020,281,0
5021,276,0
5022,289,0
5023,279,0
5024,280,0
5025,279,0
5026,281,0
5027,287,0
5028,283,0
5029,280,0
5030,275,0
5031,277,0
5032,280,0
5033,277,0
5034,275,0
5035,276,0
5036,285,0
5037,291,0
5038,279,0
5039,285,0
5040,280,0
5041,281,0
5042,289,0
5043,285,0
5044,282,0
5045,284,0
5046,283,0
5047,278,0
5048,286,0
5049,284,0
5050,278,0
5051,275,0
5052,279,0
5053,283,0
5054,280,0
5055,283,0
5056,272,0
5057,285,0
5058,287,0
5059,296,0
5060,278,0
5061,287,0
5062,279,0
5063,286,0
5064,280,0
5065,278,0
5066,277,0
5067,282,0
5068,277,0
5069,278,0
5070,280,0
5071,287,0
5072,282,0
5073,288,0
5074,277,0
5075,279,0
5076,278,0
5077,281,0
5078,285,0
5079,284,0
5080,288,0
5081,280,0
5082,279,0
5083,280,0
5084,287,0
5085,281,0
5086,287,0
5087,273,0
5088,278,0
5089,286,0
5090,281,0
5091,285,0
5092,288,0
5093,284,0
5094,277,0
5095,279,0
5096,291,0
5097,275,0
5098,292,0
5099,275,0
5100,279,0
5101,275,0
5102,280,0
5103,277,0
5104,288,0
5105,280,0
5106,280,0
5107,280,0
5108,284,0
5109,283,0
5110,278,0
5111,274,0
5112,290,0
5113,282,0
5114,283,0
5115,278,0
5116,283,0
5117,286,0
5118,277,0
5119,282,0
5120,287,0
5121,275,0
5122,278,0
5123,286,0
5124,284,0
5125,275,0
5126,284,0
5127,282,0
5128,281,0
5129,291,0
5130,280,0
5131,286,0
5132,281,0
5133,279,0
5134,272,0
5135,287,0
5136,283,0
5137,277,0
5138,286,0
5139,279,0
5140,282,0
5141,282,0
5142,279,0
5143,281,0
5144,278,0
5145,276,0
5146,282,0
5147,281,0
5148,281,0
5149,281,0
5150,281,0
5151,282,0
5152,284,0
5153,285,0
5154,281,0
5155,289,0
5156,293,0
5157,277,0
5158,287,0
5159,283,0
5160,287,0
5161,290,0
5162,285,0
5163,295,0
5164,280,0
5165,279,0
5166,279,0
5167,276,0
5168,290,0
5169,275,0
5170,278,0
5171,277,0
5172,281,0
5173,272,0
5174,280,0
5175,282,0
5176,289,0
5177,279,0
5178,289,0
5179,277,0
5180,280,0
5181,280,0
5182,282,0
5183,293,0
5184,276,0
5185,285,0
5186,277,0
5187,283,0
5188,289,0
5189,270,0
5190,283,0
5191,284,0
5192,275,0
5193,293,0
5194,289,0
5195,282,0
5196,290,0
5197,279,0
5198,278,0
5199,277,0
5200,281,0
5201,278,0
5202,278,0
5203,289,0
5204,276,0
5205,282,0
5206,280,0
5207,284,0
5208,282,0
5209,296,0
5210,288,0
5211,284,0
5212,276,0
5213,280,0
5214,287,0
5215,283,0
5216,276,0
5217,267,0
5218,287,0
5219,283,0
5220,278,0
5221,286,0
5222,277,0
5223,283,0
5224,285,0
5225,280,0
5226,282,0
5227,278,0
5228,282,0
5229,286,0
5230,276,0
5231,281,0
5232,288,0
5233,283,0
5234,279,0
5235,275,0
5236,284,0
5237,279,0
5238,273,0
5239,283,0
5240,280,0
5241,280,0
5242,285,0
5243,278,0
5244,284,0
5245,285,0
5246,284,0
5247,283,0
5248,271,0
5249,278,0
5250,275,0
5251,285,0
5252,278,0
5253,283,0
5254,278,0
5255,286,0
5256,283,0
5257,284,0
5258,279,0
5259,290,0
5260,279,0
5261,280,0
5262,287,0
5263,283,0
5264,285,0
5265,273,0
5266,286,0
5267,272,0
5268,283,0
5269,279,0
5270,280,0
5271,287,0
5272,286,0
5273,285,0
5274,281,0
5275,279,0
5276,282,0
5277,283,0
5278,274,0
5279,280,0
5280,287,0
5281,285,0
5282,279,0
5283,275,0
5284,278,0
5285,281,0
5286,276,0
5287,282,0
5288,287,0
5289,288,0
5290,288,0
5291,284,0
5292,288,0
5293,287,0
5294,283,0
5295,287,0
5296,281,0
5297,279,0
5298,293,0
5299,281,0
5300,279,0
5301,274,0
5302,284,0
5303,291,0
5304,280,0
5305,282,0
5306,277,0
5307,283,0
5308,282,0
5309,282,0
5310,275,0
5311,282,0
5312,286,0
5313,283,0
5314,277,0
5315,281,0
5316,288,0
5317,284,0
5318,285,0
5319,278,0
5320,290,0
5321,280,0
5322,291,0
5323,278,0
5324,279,0
5325,292,0
5326,284,0
5327,280,0
5328,285,0
5329,277,0
5330,280,0
5331,284,0
5332,279,0
5333,283,0
5334,284,0
5335,285,0
5336,280,0
5337,276,0
5338,281,0
5339,283,0
5340,284,0
5341,286,0
5342,276,0
5343,284,0
5344,287,0
5345,280,0
5346,287,0
5347,284,0
5348,284,0
5349,275,0
5350,276,0
5351,278,0
5352,287,0
5353,290,0
5354,283,0
5355,288,0
5356,283,0
5357,295,0
5358,281,0
5359,285,0
5360,290,0
5361,281,0
5362,286,0
5363,277,0
5364,275,0
5365,276,0
5366,281,0
5367,290,0
5368,287,0
5369,274,0
5370,280,0
5371,282,0
5372,277,0
5373,275,0
5374,286,0
5375,281,0
5376,298,0
5377,276,0
5378,281,0
5379,284,0
5380,284,0
5381,283,0
5382,280,0
5383,280,0
5384,282,0
5385,280,0
5386,285,0
5387,275,0
5388,281,0
5389,277,0
5390,276,0
5391,287,0
5392,284,0
5393,282,0
5394,282,0
5395,286,0
5396,277,0
5397,287,0
5398,279,0
5399,284,0
5400,285,0
5401,280,0
5402,287,0
5403,291,0
5404,288,0
5405,284,0
5406,277,0
5407,287,0
5408,282,0
5409,282,0
5410,283,0
5411,284,0
5412,294,0
5413,291,0
5414,285,0
5415,290,0
5416,285,0
5417,276,0
5418,286,0
5419,282,0
5420,286,0
5421,286,0
5422,274,0
5423,281,0
5424,282,0
5425,290,0
5426,278,0
5427,284,0
5428,284,0
5429,287,0
5430,279,0
5431,283,0
5432,281,0
5433,287,0
5434,282,0
5435,283,0
5436,279,0
5437,280,0
5438,284,0
5439,277,0
5440,274,0
5441,282,0
5442,287,0
5443,285,0
5444,287,0
5445,288,0
5446,274,0
5447,286,0
5448,287,0
5449,276,0
5450,288,0
5451,288,0
5452,278,0
5453,283,0
5454,282,0
5455,279,0
5456,281,0
5457,284,0
5458,293,0
5459,287,0
5460,285,0
5461,288,0
5462,287,0
5463,286,0
5464,289,0
5465,284,0
5466,277,0
5467,293,0
5468,279,0
5469,285,0
5470,280,0
5471,280,0
5472,283,0
5473,281,0
5474,291,0
5475,283,0
5476,280,0
5477,275,0
5478,273,0
5479,282,0
5480,282,0
5481,284,0
5482,277,0
5483,284,0
5484,285,0
5485,276,0
5486,283,0
5487,286,0
5488,275,0
5489,274,0
5490,274,0
5491,282,0
5492,285,0
5493,277,0
5494,286,0
5495,281,0
5496,289,0
5497,280,0
5498,285,0
5499,291,0
5500,277,0
5501,290,0
5502,294,0
5503,279,0
5504,282,0
5505,294,0
5506,282,0
5507,285,0
5508,274,0
5509,280,0
5510,288,0
5511,287,0
5512,279,0
5513,278,0
5514,277,0
5515,285,0
5516,289,0
5517,288,0
5518,286,0
5519,285,0
5520,292,0
5521,282,0
5522,274,0
5523,285,0
5524,289,0
5525,284,0
5526,290,0
5527,291,0
5528,292,0
5529,285,0
5530,286,0
5531,284,0
5532,279,0
5533,277,0
5534,278,0
5535,282,0
5536,272,0
5537,282,0
5538,288,0
5539,277,0
5540,283,0
5541,286,0
5542,280,0
5543,280,0
5544,284,0
5545,281,0
5546,287,0
5547,289,0
5548,279,0
5549,295,0
5550,278,0
5551,295,0
5552,283,0
5553,290,0
5554,286,0
5555,287,0
5556,288,0
5557,285,0
5558,281,0
5559,291,0
5560,278,0
5561,283,0
5562,281,0
5563,287,0
5564,293,0
5565,288,0
5566,282,0
5567,290,0
5568,287,0
5569,275,0
5570,277,0
5571,286,0
5572,285,0
5573,270,0
5574,277,0
5575,284,0
5576,281,0
5577,282,0
5578,284,0
5579,285,0
5580,283,0
5581,288,0
5582,277,0
5583,280,0
5584,286,0
5585,280,0
5586,285,0
5587,289,0
5588,275,0
5589,279,0
5590,284,0
5591,290,0
5592,286,0
5593,285,0
5594,288,0
5595,286,0
5596,294,0
5597,284,0
5598,279,0
5599,280,0
5600,280,0
5601,286,0
5602,291,0
5603,276,0
5604,284,0
5605,283,0
5606,287,0
5607,286,0
5608,283,0
5609,282,0
5610,284,0
5611,277,0
5612,281,0
5613,291,0
5614,287,0
5615,280,0
5616,278,0
5617,285,0
5618,281,0
5619,284,0
5620,285,0
5621,288,0
5622,286,0
5623,276,0
5624,288,0
5625,280,0
5626,279,0
5627,273,0
5628,284,0
5629,288,0
5630,280,0
5631,280,0
5632,292,0
5633,287,0
5634,287,0
5635,281,0
5636,281,0
5637,279,0
5638,290,0
5639,289,0
5640,289,0
5641,294,0
5642,282,0
5643,287,0
5644,282,0
5645,281,0
5646,282,0
5647,276,0
5648,285,0
5649,289,0
5650,281,0
5651,284,0
5652,272,0
5653,288,0
5654,281,0
5655,281,0
5656,283,0
5657,290,0
5658,270,0
5659,278,0
5660,270,0
5661,281,0
5662,284,0
5663,282,0
5664,284,0
5665,278,0
5666,280,0
5667,279,0
5668,283,0
5669,284,0
5670,290,0
5671,282,0
5672,295,0
5673,286,0
5674,277,0
5675,281,0
5676,277,0
5677,292,0
5678,292,0
5679,290,0
5680,285,0
5681,288,0
5682,287,0
5683,272,0
5684,278,0
5685,294,0
5686,281,0
5687,289,0
5688,280,0
5689,287,0
5690,283,0
5691,289,0
5692,294,0
5693,275,0
5694,288,0
5695,285,0
5696,282,0
5697,282,0
5698,282,0
5699,292,0
5700,286,0
5701,294,0
5702,286,0
5703,287,0
5704,281,0
5705,288,0
5706,289,0
5707,281,0
5708,285,0
5709,300,0
5710,290,0
5711,281,0
5712,282,0
5713,289,0
5714,286,0
5715,287,0
5716,284,0
5717,279,0
5718,287,0
5719,281,0
5720,284,0
5721,292,0
5722,291,0
5723,284,0
5724,291,0
5725,280,0
5726,286,0
5727,289,0
5728,280,0
5729,287,0
5730,281,0
5731,287,0
5732,278,0
5733,283,0
5734,278,0
5735,284,0
5736,286,0
5737,287,0
5738,286,0
5739,284,0
5740,282,0
5741,286,0
5742,287,0
5743,276,0
5744,289,0
5745,283,0
5746,283,0
5747,293,0
5748,285,0
5749,290,0
5750,281,0
5751,293,0
5752,277,0
5753,283,0
5754,284,0
5755,282,0
5756,290,0
5757,285,0
5758,285,0
5759,286,0
5760,274,0
5761,286,0
5762,274,0
5763,275,0
5764,281,0
5765,283,0
5766,288,0
5767,287,0
5768,279,0
5769,285,0
5770,286,0
5771,286,0
5772,277,0
5773,282,0
5774,284,0
5775,278,0
5776,275,0
5777,285,0
5778,288,0
5779,287,0
5780,272,0
5781,285,0
5782,282,0
5783,288,0
5784,282,0
5785,285,0
5786,281,0
5787,295,0
5788,287,0
5789,282,0
5790,280,0
5791,280,0
5792,284,0
5793,283,0
5794,282,0
5795,283,0
5796,283,0
5797,280,0
5798,290,0
5799,283,0
5800,287,0
5801,290,0
5802,283,0
5803,291,0
5804,289,0
5805,284,0
5806,282,0
5807,283,0
5808,283,0
5809,296,0
5810,290,0
5811,286,0
5812,286,0
5813,282,0
5814,286,0
5815,289,0
5816,275,0
5817,290,0
5818,281,0
5819,284,0
5820,284,0
5821,285,0
5822,289,0
5823,282,0
5824,282,0
5825,283,0
5826,288,0
5827,286,0
5828,284,0
5829,283,0
5830,290,0
5831,278,0
5832,290,0
5833,278,0
5834,283,0
5835,290,0
5836,282,0
5837,292,0
5838,272,0
5839,291,0
5840,287,0
5841,290,0
5842,282,0
5843,284,0
5844,282,0
5845,279,0
5846,288,0
5847,285,0
5848,293,0
5849,289,0
5850,287,0
5851,283,0
5852,281,0
5853,281,0
5854,291,0
5855,288,0
5856,276,0
5857,275,0
5858,282,0
5859,285,0
5860,276,0
5861,278,0
5862,279,0
5863,285,0
5864,289,0
5865,276,0
5866,282,0
5867,293,0
5868,287,0
5869,281,0
5870,285,0
5871,285,0
5872,285,0
5873,279,0
5874,286,0
5875,288,0
5876,288,0
5877,293,0
5878,279,0
5879,289,0
5880,288,0
5881,284,0
5882,279,0
5883,290,0
5884,287,0
5885,277,0
5886,286,0
5887,282,0
5888,289,0
5889,282,0
5890,281,0
5891,293,0
5892,289,0
5893,288,0
5894,287,0
5895,280,0
5896,283,0
5897,277,0
5898,287,0
5899,287,0
5900,281,0
5901,283,0
5902,279,0
5903,284,0
5904,283,0
5905,283,0
5906,282,0
5907,294,0
5908,292,0
5909,291,0
5910,277,0
5911,284,0
5912,282,0
5913,285,0
5914,284,0
5915,280,0
5916,291,0
5917,291,0
5918,278,0
5919,280,0
5920,282,0
5921,270,0
5922,288,0
5923,280,0
5924,274,0
5925,288,0
5926,290,0
5927,286,0
5928,294,0
5929,285,0
5930,287,0
5931,287,0
5932,287,0
5933,284,0
5934,290,0
5935,278,0
5936,292,0
5937,286,0
5938,281,0
5939,284,0
5940,285,0
5941,281,0
5942,279,0
5943,282,0
5944,293,0
5945,294,0
5946,280,0
5947,288,0
5948,289,0
5949,290,0
5950,280,0
5951,285,0
5952,281,0
5953,288,0
5954,282,0
5955,286,0
5956,279,0
5957,291,0
5958,279,0
5959,284,0
5960,288,0
5961,282,0
5962,280,0
5963,286,0
5964,279,0
5965,285,0
5966,291,0
5967,282,0
5968,282,0
5969,277,0
5970,291,0
5971,285,0
5972,290,0
5973,284,0
5974,287,0
5975,290,0
5976,282,0
5977,289,0
5978,286,0
5979,288,0
5980,279,0
5981,292,0
5982,289,0
5983,285,0
5984,285,0
5985,287,0
5986,289,0
5987,291,0
5988,279,0
5989,283,0
5990,288,0
5991,279,0
5992,285,0
5993,286,0
5994,284,0
5995,276,0
5996,292,0
5997,279,0
5998,286,0
5999,280,0
6000,284,0
6001,288,0
6002,283,0
6003,286,0
6004,285,0
6005,286,0
6006,284,0
6007,288,0
6008,285,0
6009,291,0
6010,276,0
6011,279,0
6012,293,0
6013,284,0
6014,289,0
6015,282,0
6016,277,0
6017,283,0
6018,287,0
6019,286,0
6020,281,0
6021,272,0
6022,292,0
6023,292,0
6024,284,0
6025,276,0
6026,291,0
6027,280,0
6028,285,0
6029,288,0
6030,275,0
6031,295,0
6032,286,0
6033,290,0
6034,292,0
6035,281,0
6036,295,0
6037,281,0
6038,286,0
6039,287,0
6040,282,0
6041,285,0
6042,287,0
6043,285,0
6044,285,0
6045,285,0
6046,275,0
6047,285,0
6048,290,0
6049,282,0
6050,279,0
6051,289,0
6052,283,0
6053,277,0
6054,279,0
6055,282,0
6056,283,0
6057,300,0
6058,285,0
6059,284,0
6060,288,0
6061,288,0
6062,293,0
6063,293,0
6064,291,0
6065,286,0
6066,288,0
6067,287,0
6068,289,0
6069,289,0
6070,286,0
6071,280,0
6072,278,0
6073,281,0
6074,288,0
6075,279,0
6076,278,0
6077,285,0
6078,285,0
6079,283,0
6080,287,0
6081,290,0
6082,283,0
6083,295,0
6084,294,0
6085,286,0
6086,293,0
6087,284,0
6088,283,0
6089,286,0
6090,286,0
6091,296,0
6092,290,0
6093,282,0
6094,289,0
6095,279,0
6096,286,0
6097,276,0
6098,287,0
6099,292,0
6100,282,0
6101,287,0
6102,281,0
6103,276,0
6104,295,0
6105,282,0
6106,285,0
6107,286,0
6108,295,0
6109,281,0
6110,293,0
6111,293,0
6112,286,0
6113,285,0
6114,297,0
6115,279,0
6116,296,0
6117,294,0
6118,284,0
6119,285,0
6120,281,0
6121,284,0
6122,290,0
6123,286,0
6124,281,0
6125,292,0
6126,289,0
6127,288,0
6128,289,0
6129,275,0
6130,289,0
6131,283,0
6132,277,0
6133,293,0
6134,281,0
6135,283,0
6136,289,0
6137,276,0
6138,283,0
6139,283,0
6140,288,0
6141,284,0
6142,295,0
6143,289,0
6144,285,0
6145,284,0
6146,282,0
6147,287,0
6148,284,0
6149,286,0
6150,283,0
6151,276,0
6152,281,0
6153,286,0
6154,282,0
6155,286,0
6156,282,0
6157,284,0
6158,282,0
6159,288,0
6160,280,0
6161,290,0
6162,284,0
6163,291,0
6164,278,0
6165,293,0
6166,288,0
6167,293,0
6168,277,0
6169,291,0
6170,284,0
6171,290,0
6172,277,0
6173,282,0
6174,272,0
6175,294,0
6176,285,0
6177,289,0
6178,293,0
6179,284,0
6180,287,0
6181,282,0
6182,279,0
6183,284,0
6184,294,0
6185,293,0
6186,287,0
6187,287,0
6188,284,0
6189,283,0
6190,282,0
6191,288,0
6192,290,0
6193,290,0
6194,300,0
6195,283,0
6196,288,0
6197,274,0
6198,283,0
6199,278,0
6200,287,0
6201,286,0
6202,283,0
6203,290,0
6204,290,0
6205,281,0
6206,283,0
6207,284,0
6208,289,0
6209,287,0
6210,282,0
6211,276,0
6212,284,0
6213,295,0
6214,276,0
6215,292,0
6216,279,0
6217,280,0
6218,288,0
6219,290,0
6220,286,0
6221,283,0
6222,284,0
6223,289,0
6224,288,0
6225,289,0
6226,292,0
6227,288,0
6228,279,0
6229,277,0
6230,280,0
6231,292,0
6232,280,0
6233,280,0
6234,283,0
6235,286,0
6236,292,0
6237,291,0
6238,284,0
6239,284,0
6240,282,0
6241,279,0
6242,283,0
6243,285,0
6244,286,0
6245,298,0
6246,282,0
6247,289,0
6248,288,0
6249,284,0
6250,285,0
6251,289,0
6252,288,0
6253,296,0
6254,285,0
6255,292,0
6256,292,0
6257,279,0
6258,281,0
6259,283,0
6260,287,0
6261,284,0
6262,285,0
6263,297,0
6264,295,0
6265,283,0
6266,276,0
6267,282,0
6268,283,0
6269,281,0
6270,298,0
6271,294,0
6272,283,0
6273,286,0
6274,283,0
6275,286,0
6276,286,0
6277,291,0
6278,282,0
6279,284,0
6280,277,0
6281,291,0
6282,290,0
6283,292,0
6284,277,0
6285,286,0
6286,295,0
6287,286,0
6288,292,0
6289,288,0
6290,289,0
6291,287,0
6292,282,0
6293,286,0
6294,295,0
6295,279,0
6296,279,0
6297,289,0
6298,287,0
6299,290,0
6300,293,0
6301,292,0
6302,287,0
6303,289,0
6304,289,0
6305,285,0
6306,286,0
6307,276,0
6308,284,0
6309,279,0
6310,287,0
6311,283,0
6312,284,0
6313,282,0
6314,286,0
6315,283,0
6316,273,0
6317,290,0
6318,281,0
6319,289,0
6320,283,0
6321,282,0
6322,284,0
6323,291,0
6324,287,0
6325,289,0
6326,284,0
6327,289,0
6328,291,0
6329,288,0
6330,301,0
6331,289,0
6332,287,0
6333,278,0
6334,288,0
6335,283,0
6336,297,0
6337,290,0
6338,289,0
6339,293,0
6340,291,0
6341,283,0
6342,280,0
6343,288,0
6344,282,0
6345,291,0
6346,287,0
6347,294,0
6348,288,0
6349,292,0
6350,292,0
6351,286,0
6352,276,0
6353,294,0
6354,284,0
6355,292,0
6356,294,0
6357,283,0
6358,287,0
6359,285,0
6360,290,0
6361,286,0
6362,287,0
6363,292,0
6364,294,0
6365,277,0
6366,281,0
6367,289,0
6368,276,0
6369,288,0
6370,292,0
6371,278,0
6372,291,0
6373,290,0
6374,288,0
6375,289,0
6376,289,0
6377,293,0
6378,292,0
6379,293,0
6380,283,0
6381,288,0
6382,281,0
6383,281,0
6384,290,0
6385,287,0
6386,293,0
6387,295,0
6388,290,0
6389,284,0
6390,279,0
6391,288,0
6392,285,0
6393,281,0
6394,280,0
6395,285,0
6396,291,0
6397,279,0
6398,286,0
6399,289,0
6400,290,0
6401,284,0
6402,272,0
6403,278,0
6404,285,0
6405,287,0
6406,290,0
6407,298,0
6408,287,0
6409,291,0
6410,286,0
6411,283,0
6412,287,0
6413,288,0
6414,288,0
6415,282,0
6416,290,0
6417,289,0
6418,285,0
6419,297,0
6420,278,0
6421,299,0
6422,290,0
6423,291,0
6424,289,0
6425,283,0
6426,286,0
6427,281,0
6428,283,0
6429,283,0
6430,291,0
6431,283,0
6432,287,0
6433,285,0
6434,293,0
6435,295,0
6436,293,0
6437,289,0
6438,282,0
6439,286,0
6440,290,0
6441,297,0
6442,295,0
6443,282,0
6444,293,0
6445,290,0
6446,290,0
6447,281,0
6448,294,0
6449,293,0
6450,287,0
6451,287,0
6452,286,0
6453,282,0
6454,274,0
6455,285,0
6456,293,0
6457,294,0
6458,292,0
6459,280,0
6460,278,0
6461,289,0
6462,296,0
6463,286,0
6464,285,0
6465,285,0
6466,281,0
6467,289,0
6468,287,0
6469,283,0
6470,296,0
6471,290,0
6472,294,0
6473,285,0
6474,291,0
6475,290,0
6476,288,0
6477,287,0
6478,282,0
6479,284,0
6480,285,0
6481,286,0
6482,293,0
6483,289,0
6484,279,0
6485,292,0
6486,287,0
6487,286,0
6488,282,0
6489,291,0
6490,280,0
6491,284,0
6492,284,0
6493,286,0
6494,285,0
6495,280,0
6496,286,0
6497,285,0
6498,286,0
6499,283,0
6500,290,0
6501,284,0
6502,283,0
6503,289,0
6504,288,0
6505,298,0
6506,283,0
6507,283,0
6508,286,0
6509,285,0
6510,288,0
6511,286,0
6512,280,0
6513,286,0
6514,284,0
6515,282,0
6516,285,0
6517,282,0
6518,287,0
6519,284,0
6520,297,0
6521,284,0
6522,286,0
6523,289,0
6524,288,0
6525,295,0
6526,283,0
6527,280,0
6528,283,0
6529,287,0
6530,289,0
6531,291,0
6532,284,0
6533,290,0
6534,288,0
6535,293,0
6536,289,0
6537,281,0
6538,290,0
6539,285,0
6540,289,0
6541,285,0
6542,282,0
6543,280,0
6544,293,0
6545,287,0
6546,292,0
6547,282,0
6548,292,0
6549,287,0
6550,277,0
6551,288,0
6552,280,0
6553,293,0
6554,287,0
6555,283,0
6556,285,0
6557,296,0
6558,282,0
6559,286,0
6560,285,0
6561,291,0
6562,291,0
6563,290,0
6564,280,0
6565,277,0
6566,288,0
6567,281,0
6568,285,0
6569,287,0
6570,279,0
6571,290,0
6572,274,0
6573,289,0
6574,286,0
6575,283,0
6576,287,0
6577,284,0
6578,291,0
6579,284,0
6580,287,0
6581,297,0
6582,293,0
6583,288,0
6584,289,0
6585,294,0
6586,283,0
6587,298,0
6588,291,0
6589,283,0
6590,294,0
6591,292,0
6592,294,0
6593,288,0
6594,294,0
6595,292,0
6596,286,0
6597,287,0
6598,287,0
6599,282,0
6600,288,0
6601,287,0
6602,299,0
6603,284,0
6604,280,0
6605,289,0
6606,291,0
6607,289,0
6608,286,0
6609,287,0
6610,291,0
6611,285,0
6612,275,0
6613,280,0
6614,291,0
6615,292,0
6616,289,0
6617,283,0
6618,294,0
6619,287,0
6620,278,0
6621,282,0
6622,285,0
6623,283,0
6624,291,0
6625,281,0
6626,284,0
6627,285,0
6628,293,0
6629,282,0
6630,284,0
6631,289,0
6632,284,0
6633,289,0
6634,277,0
6635,287,0
6636,289,0
6637,290,0
6638,283,0
6639,289,0
6640,289,0
6641,285,0
6642,285,0
6643,283,0
6644,285,0
6645,285,0
6646,282,0
6647,284,0
6648,276,0
6649,287,0
6650,287,0
6651,289,0
6652,282,0
6653,294,0
6654,296,0
6655,286,0
6656,286,0
6657,290,0
6658,277,0
6659,287,0
6660,301,0
6661,288,0
6662,293,0
6663,287,0
6664,281,0
6665,294,0
6666,291,0
6667,293,0
6668,285,0
6669,295,0
6670,284,0
6671,286,0
6672,291,0
6673,301,0
6674,291,0
6675,292,0
6676,297,0
6677,280,0
6678,281,0
6679,291,0
6680,287,0
6681,292,0
6682,291,0
6683,289,0
6684,297,0
6685,292,0
6686,284,0
6687,292,0
6688,287,0
6689,294,0
6690,284,0
6691,285,0
6692,289,0
6693,283,0
6694,286,0
6695,291,0
6696,287,0
6697,287,0
6698,298,0
6699,292,0
6700,281,0
6701,292,0
6702,278,0
6703,288,0
6704,277,0
6705,286,0
6706,288,0
6707,291,0
6708,295,0
6709,286,0
6710,280,0
6711,299,0
6712,279,0
6713,289,0
6714,295,0
6715,288,0
6716,283,0
6717,280,0
6718,286,0
6719,279,0
6720,299,0
6721,286,0
6722,287,0
6723,284,0
6724,290,0
6725,291,0
6726,292,0
6727,285,0
6728,289,0
6729,281,0
6730,290,0
6731,290,0
6732,288,0
6733,290,0
6734,282,0
6735,287,0
6736,290,0
6737,281,0
6738,290,0
6739,280,0
6740,286,0
6741,282,0
6742,290,0
6743,288,0
6744,291,0
6745,285,0
6746,291,0
6747,291,0
6748,301,0
6749,300,0
6750,296,0
6751,288,0
6752,275,0
6753,295,0
6754,282,0
6755,278,0
6756,289,0
6757,291,0
6758,297,0
6759,282,0
6760,292,0
6761,285,0
6762,303,0
6763,293,0
6764,286,0
6765,295,0
6766,286,0
6767,292,0
6768,285,0
6769,291,0
6770,278,0
6771,291,0
6772,293,0
6773,276,0
6774,286,0
6775,286,0
6776,297,0
6777,296,0
6778,288,0
6779,286,0
6780,284,0
6781,296,0
6782,283,0
6783,294,0
6784,296,0
6785,288,0
6786,281,0
6787,294,0
6788,290,0
6789,290,0
6790,290,0
6791,292,0
6792,279,0
6793,296,0
6794,288,0
6795,284,0
6796,294,0
6797,294,0
6798,278,0
6799,294,0
6800,283,0
6801,296,0
6802,290,0
6803,288,0
6804,289,0
6805,279,0
6806,286,0
6807,287,0
6808,287,0
6809,299,0
6810,290,0
6811,289,0
6812,296,0
6813,289,0
6814,281,0
6815,289,0
6816,293,0
6817,280,0
6818,288,0
6819,292,0
6820,289,0
6821,295,0
6822,286,0
6823,292,0
6824,298,0
6825,289,0
6826,293,0
6827,288,0
6828,283,0
6829,291,0
6830,288,0
6831,281,0
6832,292,0
6833,294,0
6834,275,0
6835,294,0
6836,290,0
6837,278,0
6838,288,0
6839,286,0
6840,286,0
6841,293,0
6842,293,0
6843,291,0
6844,293,0
6845,296,0
6846,289,0
6847,284,0
6848,295,0
6849,288,0
6850,287,0
6851,287,0
6852,293,0
6853,288,0
6854,298,0
6855,288,0
6856,286,0
6857,283,0
6858,288,0
6859,289,0
6860,281,0
6861,288,0
6862,289,0
6863,294,0
6864,286,0
6865,286,0
6866,282,0
6867,295,0
6868,288,0
6869,281,0
6870,286,0
6871,294,0
6872,290,0
6873,287,0
6874,289,0
6875,292,0
6876,284,0
6877,287,0
6878,290,0
6879,286,0
6880,293,0
6881,286,0
6882,292,0
6883,286,0
6884,289,0
6885,291,0
6886,296,0
6887,293,0
6888,280,0
6889,290,0
6890,285,0
6891,291,0
6892,291,0
6893,285,0
6894,281,0
6895,288,0
6896,285,0
6897,287,0
6898,287,0
6899,284,0
6900,281,0
6901,287,0
6902,281,0
6903,289,0
6904,285,0
6905,288,0
6906,284,0
6907,288,0
6908,294,0
6909,288,0
6910,283,0
6911,283,0
6912,292,0
6913,284,0
6914,282,0
6915,293,0
6916,292,0
6917,292,0
6918,290,0
6919,286,0
6920,284,0
6921,286,0
6922,283,0
6923,286,0
6924,288,0
6925,287,0
6926,286,0
6927,281,0
6928,294,0
6929,287,0
6930,283,0
6931,296,0
6932,286,0
6933,293,0
6934,289,0
6935,279,0
6936,287,0
6937,289,0
6938,287,0
6939,288,0
6940,286,0
6941,287,0
6942,282,0
6943,284,0
6944,283,0
6945,286,0
6946,290,0
6947,291,0
6948,296,0
6949,293,0
6950,290,0
6951,288,0
6952,282,0
6953,286,0
6954,291,0
6955,287,0
6956,286,0
6957,295,0
6958,296,0
6959,295,0
6960,289,0
6961,284,0
6962,284,0
6963,289,0
6964,286,0
6965,292,0
6966,296,0
6967,291,0
6968,295,0
6969,292,0
6970,293,0
6971,288,0
6972,283,0
6973,283,0
6974,297,0
6975,293,0
6976,289,0
6977,283,0
6978,288,0
6979,297,0
6980,285,0
6981,290,0
6982,279,0
6983,292,0
6984,287,0
6985,288,0
6986,293,0
6987,282,0
6988,290,0
6989,287,0
6990,288,0
6991,289,0
6992,294,0
6993,296,0
6994,288,0
6995,293,0
6996,299,0
6997,291,0
6998,288,0
6999,287,0
7000,290,0
7001,284,0
7002,291,0
7003,291,0
7004,284,0
7005,287,0
7006,293,0
7007,293,0
7008,302,0
7009,293,0
7010,287,0
7011,289,0
7012,295,0
7013,289,0
7014,289,0
7015,301,0
7016,286,0
7017,294,0
7018,291,0
7019,297,0
7020,296,0
7021,289,0
7022,288,0
7023,296,0
7024,294,0
7025,292,0
7026,289,0
7027,282,0
7028,289,0
7029,291,0
7030,292,0
7031,284,0
7032,299,0
7033,283,0
7034,290,0
7035,287,0
7036,290,0
7037,287,0
7038,291,0
7039,290,0
7040,292,0
7041,296,0
7042,287,0
7043,284,0
7044,283,0
7045,292,0
7046,293,0
7047,292,0
7048,294,0
7049,290,0
7050,285,0
7051,286,0
7052,288,0
7053,297,0
7054,298,0
7055,288,0
7056,284,0
7057,285,0
7058,284,0
7059,288,0
7060,297,0
7061,293,0
7062,281,0
7063,280,0
7064,289,0
7065,297,0
7066,285,0
7067,287,0
7068,282,0
7069,287,0
7070,285,0
7071,293,0
7072,291,0
7073,280,0
7074,285,0
7075,286,0
7076,292,0
7077,282,0
7078,297,0
7079,287,0
7080,295,0
7081,289,0
7082,288,0
7083,287,0
7084,290,0
7085,297,0
7086,290,0
7087,296,0
7088,281,0
7089,289,0
7090,286,0
7091,282,0
7092,283,0
7093,293,0
7094,283,0
7095,289,0
7096,289,0
7097,285,0
7098,286,0
7099,293,0
7100,291,0
7101,292,0
7102,289,0
7103,294,0
7104,289,0
7105,289,0
7106,297,0
7107,290,0
7108,291,0
7109,280,0
7110,285,0
7111,297,0
7112,288,0
7113,297,0
7114,286,0
7115,289,0
7116,295,0
7117,286,0
7118,283,0
7119,284,0
7120,285,0
7121,288,0
7122,290,0
7123,292,0
7124,288,0
7125,296,0
7126,288,0
7127,286,0
7128,280,0
7129,294,0
7130,286,0
7131,293,0
7132,285,0
7133,289,0
7134,288,0
7135,293,0
7136,285,0
7137,291,0
7138,288,0
7139,278,0
7140,278,0
7141,290,0
7142,293,0
7143,292,0
7144,293,0
7145,288,0
7146,289,0
7147,289,0
7148,290,0
7149,286,0
7150,295,0
7151,290,0
7152,300,0
7153,289,0
7154,281,0
7155,288,0
7156,287,0
7157,284,0
7158,300,0
7159,296,0
7160,283,0
7161,288,0
7162,297,0
7163,288,0
7164,288,0
7165,293,0
7166,291,0
7167,296,0
7168,290,0
7169,290,0
7170,283,0
7171,299,0
7172,295,0
7173,286,0
7174,285,0
7175,293,0
7176,280,0
7177,284,0
7178,296,0
7179,283,0
7180,291,0
7181,281,0
7182,290,0
7183,290,0
7184,292,0
7185,286,0
7186,290,0
7187,295,0
7188,281,0
7189,285,0
7190,287,0
7191,287,0
7192,281,0
7193,287,0
7194,294,0
7195,290,0
7196,291,0
7197,292,0
7198,284,0
7199,291,0
7200,294,0
7201,290,0
7202,296,0
7203,286,0
7204,285,0
7205,290,0
7206,286,0
7207,288,0
7208,292,0
7209,293,0
7210,287,0
7211,297,0
7212,285,0
7213,288,0
7214,290,0
7215,286,0
7216,295,0
7217,285,0
7218,292,0
7219,286,0
7220,291,0
7221,284,0
7222,286,0
7223,287,0
7224,285,0
7225,294,0
7226,286,0
7227,288,0
7228,286,0
7229,285,0
7230,287,0
7231,284,0
7232,285,0
7233,283,0
7234,296,0
7235,300,0
7236,291,0
7237,284,0
7238,276,0
7239,286,0
7240,297,0
7241,288,0
7242,297,0
7243,291,0
7244,299,0
7245,293,0
7246,286,0
7247,288,0
7248,290,0
7249,292,0
7250,292,0
7251,282,0
7252,289,0
7253,295,0
7254,296,0
7255,286,0
7256,281,0
7257,293,0
7258,290,0
7259,280,0
7260,291,0
7261,283,0
7262,289,0
7263,288,0
7264,288,0
7265,284,0
7266,286,0
7267,285,0
7268,295,0
7269,289,0
7270,289,0
7271,297,0
7272,287,0
7273,295,0
7274,285,0
7275,283,0
7276,283,0
7277,281,0
7278,297,0
7279,282,0
7280,290,0
7281,291,0
7282,294,0
7283,281,0
7284,286,0
7285,288,0
7286,292,0
7287,288,0
7288,298,0
7289,294,0
7290,290,0
7291,290,0
7292,290,0
7293,287,0
7294,293,0
7295,285,0
7296,287,0
7297,289,0
7298,292,0
7299,286,0
7300,286,0
7301,298,0
7302,283,0
7303,292,0
7304,293,0
7305,289,0
7306,292,0
7307,287,0
7308,285,0
7309,282,0
7310,283,0
7311,290,0
7312,294,0
7313,293,0
7314,286,0
7315,287,0
7316,289,0
7317,281,0
7318,279,0
7319,290,0
7320,293,0
7321,295,0
7322,288,0
7323,289,0
7324,299,0
7325,288,0
7326,292,0
7327,290,0
7328,290,0
7329,285,0
7330,291,0
7331,286,0
7332,288,0
7333,281,0
7334,294,0
7335,282,0
7336,287,0
7337,282,0
7338,296,0
7339,279,0
7340,293,0
7341,288,0
7342,282,0
7343,291,0
7344,286,0
7345,293,0
7346,294,0
7347,292,0
7348,294,0
7349,289,0
7350,287,0
7351,295,0
7352,282,0
7353,290,0
7354,286,0
7355,281,0
7356,286,0
7357,295,0
7358,280,0
7359,290,0
7360,287,0
7361,287,0
7362,287,0
7363,289,0
7364,297,0
7365,285,0
7366,281,0
7367,289,0
7368,279,0
7369,292,0
7370,287,0
7371,280,0
7372,286,0
7373,294,0
7374,290,0
7375,287,0
7376,281,0
7377,287,0
7378,283,0
7379,296,0
7380,289,0
7381,285,0
7382,286,0
7383,281,0
7384,280,0
7385,282,0
7386,297,0
7387,286,0
7388,292,0
7389,295,0
7390,283,0
7391,281,0
7392,296,0
7393,294,0
7394,291,0
7395,280,0
7396,284,0
7397,290,0
7398,288,0
7399,289,0
7400,286,0
7401,300,0
7402,292,0
7403,288,0
7404,285,0
7405,286,0
7406,290,0
7407,288,0
7408,294,0
7409,285,0
7410,289,0
7411,281,0
7412,289,0
7413,296,0
7414,302,0
7415,290,0
7416,284,0
7417,287,0
7418,287,0
7419,296,0
7420,292,0
7421,292,0
7422,281,0
7423,287,0
7424,296,0
7425,286,0
7426,293,0
7427,294,0
7428,284,0
7429,292,0
7430,285,0
7431,292,0
7432,279,0
7433,297,0
7434,290,0
7435,290,0
7436,288,0
7437,304,0
7438,290,0
7439,290,0
7440,292,0
7441,293,0
7442,280,0
7443,283,0
7444,299,0
7445,284,0
7446,290,0
7447,285,0
7448,296,0
7449,298,0
7450,297,0
7451,287,0
7452,289,0
7453,298,0
7454,288,0
7455,287,0
7456,292,0
7457,283,0
7458,294,0
7459,282,0
7460,287,0
7461,284,0
7462,291,0
7463,288,0
7464,297,0
7465,289,0
7466,286,0
7467,290,0
7468,288,0
7469,294,0
7470,290,0
7471,284,0
7472,290,0
7473,285,0
7474,291,0
7475,296,0
7476,292,0
7477,287,0
7478,289,0
7479,292,0
7480,289,0
7481,294,0
7482,289,0
7483,289,0
7484,287,0
7485,284,0
7486,294,0
7487,288,0
7488,281,0
7489,290,0
7490,290,0
7491,289,0
7492,288,0
7493,286,0
7494,295,0
7495,289,0
7496,290,0
7497,293,0
7498,296,0
7499,286,0
7500,290,0
7501,289,0
7502,290,0
7503,288,0
7504,285,0
7505,302,0
7506,295,0
7507,293,0
7508,286,0
7509,285,0
7510,295,0
7511,283,0
7512,291,0
7513,287,0
7514,299,0
7515,291,0
7516,288,0
7517,294,0
7518,293,0
7519,286,0
7520,294,0
7521,292,0
7522,285,0
7523,290,0
7524,290,0
7525,293,0
7526,288,0
7527,296,0
7528,295,0
7529,290,0
7530,290,0
7531,288,0
7532,287,0
7533,291,0
7534,286,0
7535,291,0
7536,296,0
7537,297,0
7538,295,0
7539,293,0
7540,288,0
7541,291,0
7542,290,0
7543,285,0
7544,289,0
7545,292,0
7546,297,0
7547,297,0
7548,285,0
7549,298,0
7550,293,0
7551,290,0
7552,289,0
7553,294,0
7554,293,0
7555,286,0
7556,285,0
7557,291,0
7558,290,0
7559,286,0
7560,285,0
7561,298,0
7562,291,0
7563,290,0
7564,289,0
7565,280,0
7566,295,0
7567,281,0
7568,287,0
7569,291,0
7570,300,0
7571,285,0
7572,289,0
7573,287,0
7574,294,0
7575,296,0
7576,289,0
7577,283,0
7578,293,0
7579,289,0
7580,289,0
7581,292,0
7582,288,0
7583,286,0
7584,295,0
7585,294,0
7586,297,0
7587,295,0
7588,287,0
7589,288,0
7590,290,0
7591,294,0
7592,284,0
7593,287,0
7594,284,0
7595,280,0
7596,291,0
7597,290,0
7598,301,0
7599,295,0
7600,290,0
7601,294,0
7602,293,0
7603,287,0
7604,294,0
7605,288,0
7606,300,0
7607,289,0
7608,290,0
7609,291,0
7610,289,0
7611,291,0
7612,291,0
7613,290,0
7614,291,0
7615,293,0
7616,292,0
7617,292,0
7618,296,0
7619,288,0
7620,297,0
7621,295,0
7622,292,0
7623,284,0
7624,295,0
7625,296,0
7626,296,0
7627,297,0
7628,288,0
7629,292,0
7630,292,0
7631,288,0
7632,285,0
7633,296,0
7634,294,0
7635,296,0
7636,297,0
7637,286,0
7638,286,0
7639,289,0
7640,288,0
7641,294,0
7642,291,0
7643,291,0
7644,285,0
7645,287,0
7646,288,0
7647,291,0
7648,292,0
7649,290,0
7650,287,0
7651,287,0
7652,292,0
7653,288,0
7654,286,0
7655,292,0
7656,292,0
7657,292,0
7658,293,0
7659,289,0
7660,297,0
7661,289,0
7662,289,0
7663,286,0
7664,287,0
7665,288,0
7666,294,0
7667,290,0
7668,290,0
7669,289,0
7670,295,0
7671,288,0
7672,290,0
7673,291,0
7674,297,0
7675,293,0
7676,291,0
7677,290,0
7678,287,0
7679,297,0
7680,291,0
7681,291,0
7682,294,0
7683,287,0
7684,290,0
7685,289,0
7686,292,0
7687,292,0
7688,287,0
7689,286,0
7690,296,0
7691,288,0
7692,290,0
7693,293,0
7694,294,0
7695,302,0
7696,284,0
7697,290,0
7698,292,0
7699,282,0
7700,302,0
7701,297,0
7702,292,0
7703,298,0
7704,292,0
7705,297,0
7706,283,0
7707,292,0
7708,289,0
7709,297,0
7710,294,0
7711,285,0
7712,289,0
7713,294,0
7714,286,0
7715,288,0
7716,294,0
7717,276,0
7718,293,0
7719,298,0
7720,290,0
7721,287,0
7722,282,0
7723,288,0
7724,291,0
7725,293,0
7726,284,0
7727,291,0
7728,289,0
7729,297,0
7730,290,0
7731,287,0
7732,281,0
7733,291,0
7734,286,0
7735,294,0
7736,285,0
7737,292,0
7738,289,0
7739,296,0
7740,288,0
7741,296,0
7742,296,0
7743,289,0
7744,285,0
7745,283,0
7746,293,0
7747,299,0
7748,295,0
7749,288,0
7750,299,0
7751,298,0
7752,300,0
7753,275,0
7754,295,0
7755,285,0
7756,293,0
7757,291,0
7758,285,0
7759,289,0
7760,290,0
7761,294,0
7762,293,0
7763,281,0
7764,294,0
7765,285,0
7766,286,0
7767,286,0
7768,288,0
7769,297,0
7770,294,0
7771,291,0
7772,294,0
7773,298,0
7774,283,0
7775,289,0
7776,295,0
7777,298,0
7778,291,0
7779,310,0
7780,287,0
7781,297,0
7782,292,0
7783,294,0
7784,288,0
7785,290,0
7786,295,0
7787,284,0
7788,296,0
7789,302,0
7790,285,0
7791,285,0
7792,291,0
7793,295,0
7794,288,0
7795,291,0
7796,303,0
7797,286,0
7798,282,0
7799,288,0
7800,293,0
7801,286,0
7802,288,0
7803,291,0
7804,297,0
7805,293,0
7806,292,0
7807,292,0
7808,288,0
7809,301,0
7810,289,0
7811,287,0
7812,293,0
7813,297,0
7814,295,0
7815,287,0
7816,287,0
7817,293,0
7818,291,0
7819,289,0
7820,284,0
7821,292,0
7822,287,0
7823,291,0
7824,293,0
7825,291,0
7826,284,0
7827,283,0
7828,283,0
7829,280,0
7830,288,0
7831,296,0
7832,291,0
7833,290,0
7834,303,0
7835,293,0
7836,294,0
7837,290,0
7838,288,0
7839,293,0
7840,307,0
7841,297,0
7842,285,0
7843,289,0
7844,298,0
7845,290,0
7846,289,0
7847,297,0
7848,294,0
7849,291,0
7850,295,0
7851,291,0
7852,292,0
7853,291,0
7854,285,0
7855,288,0
7856,297,0
7857,288,0
7858,287,0
7859,295,0
7860,289,0
7861,297,0
7862,281,0
7863,278,0
7864,287,0
7865,292,0
7866,282,0
7867,292,0
7868,287,0
7869,291,0
7870,284,0
7871,294,0
7872,294,0
7873,276,0
7874,297,0
7875,284,0
7876,291,0
7877,297,0
7878,283,0
7879,289,0
7880,291,0
7881,296,0
7882,290,0
7883,291,0
7884,287,0
7885,282,0
7886,293,0
7887,289,0
7888,289,0
7889,296,0
7890,289,0
7891,290,0
7892,291,0
7893,287,0
7894,289,0
7895,289,0
7896,298,0
7897,295,0
7898,285,0
7899,294,0
7900,284,0
7901,293,0
7902,291,0
7903,296,0
7904,291,0
7905,288,0
7906,292,0
7907,292,0
7908,288,0
7909,294,0
7910,300,0
7911,289,0
7912,289,0
7913,293,0
7914,301,0
7915,289,0
7916,293,0
7917,281,0
7918,295,0
7919,296,0
7920,292,0
7921,299,0
7922,291,0
7923,284,0
7924,285,0
7925,285,0
7926,290,0
7927,294,0
7928,287,0
7929,289,0
7930,296,0
7931,294,0
7932,296,0
7933,286,0
7934,287,0
7935,288,0
7936,291,0
7937,292,0
7938,284,0
7939,293,0
7940,292,0
7941,290,0
7942,285,0
7943,293,0
7944,289,0
7945,292,0
7946,292,0
7947,285,0
7948,294,0
7949,296,0
7950,295,0
7951,296,0
7952,299,0
7953,286,0
7954,297,0
7955,297,0
7956,294,0
7957,290,0
7958,289,0
7959,296,0
7960,292,0
7961,287,0
7962,284,0
7963,299,0
7964,292,0
7965,291,0
7966,290,0
7967,298,0
7968,288,0
7969,292,0
7970,287,0
7971,292,0
7972,288,0
7973,282,0
7974,294,0
7975,293,0
7976,291,0
7977,292,0
7978,288,0
7979,287,0
7980,291,0
7981,294,0
7982,288,0
7983,290,0
7984,298,0
7985,295,0
7986,297,0
7987,292,0
7988,284,0
7989,291,0
7990,290,0
7991,298,0
7992,294,0
7993,292,0
7994,293,0
7995,295,0
7996,288,0
7997,295,0
7998,288,0
7999,295,0
8000,280,0
8001,286,0
8002,294,0
8003,283,0
8004,292,0
8005,294,0
8006,290,0
8007,289,0
8008,291,0
8009,288,0
8010,292,0
8011,294,0
8012,287,0
8013,285,0
8014,295,0
8015,291,0
8016,290,0
8017,294,0
8018,295,0
8019,285,0
8020,294,0
8021,288,0
8022,282,0
8023,290,0
8024,289,0
8025,287,0
8026,294,0
8027,292,0
8028,293,0
8029,293,0
8030,301,0
8031,285,0
8032,287,0
8033,278,0
8034,279,0
8035,288,0
8036,296,0
8037,294,0
8038,289,0
8039,290,0
8040,301,0
8041,291,0
8042,289,0
8043,296,0
8044,295,0
8045,297,0
8046,290,0
8047,302,0
8048,297,0
8049,279,0
8050,292,0
8051,296,0
8052,288,0
8053,293,0
8054,295,0
8055,284,0
8056,283,0
8057,292,0
8058,287,0
8059,290,0
8060,294,0
8061,296,0
8062,294,0
8063,286,0
8064,293,0
8065,290,0
8066,286,0
8067,301,0
8068,297,0
8069,286,0
8070,287,0
8071,296,0
8072,286,0
8073,292,0
8074,287,0
8075,290,0
8076,297,0
8077,294,0
8078,289,0
8079,291,0
8080,299,0
8081,292,0
8082,291,0
8083,292,0
8084,289,0
8085,289,0
8086,295,0
8087,296,0
8088,291,0
8089,283,0
8090,290,0
8091,294,0
8092,286,0
8093,281,0
8094,287,0
8095,287,0
8096,292,0
8097,287,0
8098,294,0
8099,286,0
8100,297,0
8101,290,0
8102,287,0
8103,290,0
8104,286,0
8105,280,0
8106,289,0
8107,291,0
8108,288,0
8109,300,0
8110,296,0
8111,292,0
8112,289,0
8113,297,0
8114,291,0
8115,293,0
8116,299,0
8117,292,0
8118,288,0
8119,291,0
8120,291,0
8121,294,0
8122,289,0
8123,292,0
8124,298,0
8125,288,0
8126,288,0
8127,299,0
8128,292,0
8129,288,0
8130,293,0
8131,294,0
8132,289,0
8133,296,0
8134,291,0
8135,289,0
8136,293,0
8137,286,0
8138,290,0
8139,287,0
8140,289,0
8141,294,0
8142,295,0
8143,291,0
8144,293,0
8145,291,0
8146,296,0
8147,291,0
8148,288,0
8149,296,0
8150,299,0
8151,294,0
8152,294,0
8153,294,0
8154,290,0
8155,285,0
8156,287,0
8157,282,0
8158,291,0
8159,297,0
8160,295,0
8161,290,0
8162,288,0
8163,294,0
8164,285,0
8165,296,0
8166,288,0
8167,305,0
8168,295,0
8169,293,0
8170,298,0
8171,295,0
8172,296,0
8173,287,0
8174,292,0
8175,304,0
8176,301,0
8177,289,0
8178,300,0
8179,295,0
8180,292,0
8181,297,0
8182,293,0
8183,295,0
8184,291,0
8185,288,0
8186,289,0
8187,291,0
8188,298,0
8189,299,0
8190,296,0
8191,302,0
8192,298,0
8193,291,0
8194,287,0
8195,292,0
8196,290,0
8197,296,0
8198,290,0
8199,287,0
8200,300,0
8201,288,0
8202,297,0
8203,295,0
8204,294,0
8205,296,0
8206,291,0
8207,292,0
8208,299,0
8209,290,0
8210,282,0
8211,304,0
8212,295,0
8213,281,0
8214,298,0
8215,292,0
8216,288,0
8217,285,0
8218,297,0
8219,291,0
8220,293,0
8221,295,0
8222,293,0
8223,302,0
8224,294,0
8225,300,0
8226,287,0
8227,285,0
8228,296,0
8229,291,0
8230,290,0
8231,285,0
8232,281,0
8233,289,0
8234,288,0
8235,297,0
8236,292,0
8237,301,0
8238,298,0
8239,292,0
8240,292,0
8241,295,0
8242,290,0
8243,294,0
8244,294,0
8245,298,0
8246,287,0
8247,295,0
8248,295,0
8249,298,0
8250,292,0
8251,292,0
8252,293,0
8253,288,0
8254,281,0
8255,287,0
8256,293,0
8257,301,0
8258,295,0
8259,294,0
8260,299,0
8261,292,0
8262,290,0
8263,287,0
8264,288,0
8265,292,0
8266,291,0
8267,294,0
8268,294,0
8269,298,0
8270,295,0
8271,291,0
8272,295,0
8273,295,0
8274,291,0
8275,293,0
8276,290,0
8277,285,0
8278,297,0
8279,288,0
8280,287,0
8281,297,0
8282,286,0
8283,297,0
8284,285,0
8285,289,0
8286,281,0
8287,292,0
8288,299,0
8289,295,0
8290,284,0
8291,296,0
8292,294,0
8293,290,0
8294,297,0
8295,285,0
8296,291,0
8297,299,0
8298,291,0
8299,295,0
8300,287,0
8301,288,0
8302,294,0
8303,298,0
8304,295,0
8305,292,0
8306,293,0
8307,287,0
8308,293,0
8309,300,0
8310,285,0
8311,291,0
8312,291,0
8313,301,0
8314,295,0
8315,294,0
8316,297,0
8317,295,0
8318,289,0
8319,295,0
8320,294,0
8321,291,0
8322,296,0
8323,295,0
8324,287,0
8325,294,0
8326,286,0
8327,296,0
8328,298,0
8329,298,0
8330,287,0
8331,293,0
8332,292,0
8333,289,0
8334,292,0
8335,294,0
8336,296,0
8337,296,0
8338,298,0
8339,299,0
8340,289,0
8341,300,0
8342,294,0
8343,292,0
8344,293,0
8345,287,0
8346,291,0
8347,294,0
8348,286,0
8349,292,0
8350,303,0
8351,298,0
8352,292,0
8353,289,0
8354,295,0
8355,297,0
8356,293,0
8357,286,0
8358,299,0
8359,293,0
8360,280,0
8361,282,0
8362,291,0
8363,292,0
8364,303,0
8365,285,0
8366,289,0
8367,299,0
8368,293,0
8369,288,0
8370,284,0
8371,280,0
8372,293,0
8373,298,0
8374,291,0
8375,294,0
8376,295,0
8377,294,0
8378,287,0
8379,287,0
8380,288,0
8381,293,0
8382,296,0
8383,291,0
8384,303,0
8385,292,0
8386,282,0
8387,280,0
8388,286,0
8389,296,0
8390,294,0
8391,298,0
8392,296,0
8393,291,0
8394,295,0
8395,295,0
8396,298,0
8397,293,0
8398,301,0
8399,294,0
8400,287,0
8401,296,0
8402,292,0
8403,283,0
8404,294,0
8405,291,0
8406,290,0
8407,290,0
8408,292,0
8409,298,0
8410,293,0
8411,295,0
8412,293,0
8413,293,0
8414,296,0
8415,299,0
8416,296,0
8417,292,0
8418,296,0
8419,302,0
8420,292,0
8421,285,0
8422,290,0
8423,296,0
8424,292,0
8425,293,0
8426,294,0
8427,295,0
8428,296,0
8429,297,0
8430,291,0
8431,296,0
8432,290,0
8433,296,0
8434,291,0
8435,291,0
8436,306,0
8437,292,0
8438,292,0
8439,291,0
8440,296,0
8441,297,0
8442,294,0
8443,304,0
8444,284,0
8445,290,0
8446,292,0
8447,299,0
8448,298,0
8449,286,0
8450,288,0
8451,298,0
8452,297,0
8453,302,0
8454,284,0
8455,295,0
8456,292,0
8457,294,0
8458,293,0
8459,291,0
8460,291,0
8461,293,0
8462,296,0
8463,296,0
8464,292,0
8465,300,0
8466,305,0
8467,296,0
8468,289,0
8469,288,0
8470,294,0
8471,297,0
8472,292,0
8473,295,0
8474,289,0
8475,292,0
8476,287,0
8477,290,0
8478,299,0
8479,293,0
8480,289,0
8481,294,0
8482,289,0
8483,288,0
8484,289,0
8485,289,0
8486,286,0
8487,289,0
8488,290,0
8489,300,0
8490,302,0
8491,287,0
8492,291,0
8493,293,0
8494,291,0
8495,291,0
8496,293,0
8497,297,0
8498,304,0
8499,296,0
8500,291,0
8501,283,0
8502,293,0
8503,295,0
8504,292,0
8505,292,0
8506,296,0
8507,300,0
8508,295,0
8509,304,0
8510,298,0
8511,297,0
8512,291,0
8513,291,0
8514,296,0
8515,290,0
8516,290,0
8517,303,0
8518,298,0
8519,289,0
8520,293,0
8521,288,0
8522,287,0
8523,290,0
8524,291,0
8525,284,0
8526,290,0
8527,298,0
8528,284,0
8529,289,0
8530,294,0
8531,292,0
8532,293,0
8533,304,0
8534,293,0
8535,287,0
8536,283,0
8537,291,0
8538,294,0
8539,296,0
8540,295,0
8541,291,0
8542,296,0
8543,295,0
8544,288,0
8545,292,0
8546,286,0
8547,296,0
8548,289,0
8549,290,0
8550,293,0
8551,292,0
8552,294,0
8553,298,0
8554,286,0
8555,294,0
8556,298,0
8557,293,0
8558,294,0
8559,289,0
8560,291,0
8561,294,0
8562,291,0
8563,289,0
8564,298,0
8565,297,0
8566,298,0
8567,292,0
8568,303,0
8569,297,0
8570,299,0
8571,290,0
8572,298,0
8573,290,0
8574,297,0
8575,283,0
8576,279,0
8577,295,0
8578,293,0
8579,301,0
8580,296,0
8581,294,0
8582,300,0
8583,298,0
8584,292,0
8585,289,0
8586,294,0
8587,290,0
8588,299,0
8589,296,0
8590,282,0
8591,287,0
8592,293,0
8593,295,0
8594,292,0
8595,299,0
8596,287,0
8597,295,0
8598,293,0
8599,296,0
8600,295,0
8601,300,0
8602,295,0
8603,292,0
8604,288,0
8605,295,0
8606,300,0
8607,293,0
8608,292,0
8609,295,0
8610,304,0
8611,290,0
8612,295,0
8613,297,0
8614,296,0
8615,298,0
8616,296,0
8617,289,0
8618,294,0
8619,296,0
8620,301,0
8621,299,0
8622,294,0
8623,292,0
8624,293,0
8625,296,0
8626,292,0
8627,290,0
8628,285,0
8629,292,0
8630,301,0
8631,295,0
8632,294,0
8633,294,0
8634,291,0
8635,288,0
8636,294,0
8637,296,0
8638,295,0
8639,288,0
8640,297,0
8641,303,0
8642,292,0
8643,296,0
8644,285,0
8645,302,0
8646,299,0
8647,289,0
8648,296,0
8649,293,0
8650,293,0
8651,293,0
8652,297,0
8653,288,0
8654,293,0
8655,296,0
8656,291,0
8657,300,0
8658,297,0
8659,296,0
8660,291,0
8661,302,0
8662,282,0
8663,297,0
8664,299,0
8665,290,0
8666,299,0
8667,289,0
8668,293,0
8669,294,0
8670,284,0
8671,295,0
8672,296,0
8673,284,0
8674,291,0
8675,294,0
8676,292,0
8677,294,0
8678,286,0
8679,288,0
8680,295,0
8681,294,0
8682,298,0
8683,292,0
8684,292,0
8685,304,0
8686,288,0
8687,290,0
8688,294,0
8689,300,0
8690,290,0
8691,281,0
8692,289,0
8693,288,0
8694,290,0
8695,293,0
8696,294,0
8697,294,0
8698,292,0
8699,296,0
8700,290,0
8701,292,0
8702,301,0
8703,292,0
8704,297,0
8705,293,0
8706,298,0
8707,293,0
8708,293,0
8709,298,0
8710,291,0
8711,293,0
8712,291,0
8713,299,0
8714,302,0
8715,288,0
8716,289,0
8717,287,0
8718,292,0
8719,293,0
8720,297,0
8721,289,0
8722,292,0
8723,299,0
8724,288,0
8725,285,0
8726,291,0
8727,296,0
8728,291,0
8729,290,0
8730,292,0
8731,301,0
8732,283,0
8733,296,0
8734,291,0
8735,294,0
8736,302,0
8737,303,0
8738,286,0
8739,287,0
8740,295,0
8741,289,0
8742,295,0
8743,293,0
8744,298,0
8745,299,0
8746,293,0
8747,282,0
8748,285,0
8749,291,0
8750,307,0
8751,296,0
8752,298,0
8753,296,0
8754,295,0
8755,309,0
8756,300,0
8757,288,0
8758,298,0
8759,294,0
8760,293,0
8761,295,0
8762,294,0
8763,293,0
8764,292,0
8765,301,0
8766,300,0
8767,292,0
8768,291,0
8769,302,0
8770,286,0
8771,287,0
8772,290,0
8773,291,0
8774,304,0
8775,289,0
8776,291,0
8777,296,0
8778,297,0
8779,298,0
8780,289,0
8781,291,0
8782,291,0
8783,296,0
8784,284,0
8785,290,0
8786,296,0
8787,294,0
8788,313,0
8789,285,0
8790,293,0
8791,297,0
8792,288,0
8793,286,0
8794,289,0
8795,304,0
8796,285,0
8797,295,0
8798,294,0
8799,291,0
8800,292,0
8801,297,0
8802,289,0
8803,298,0
8804,292,0
8805,304,0
8806,290,0
8807,295,0
8808,294,0
8809,300,0
8810,296,0
8811,290,0
8812,297,0
8813,293,0
8814,290,0
8815,290,0
8816,298,0
8817,290,0
8818,298,0
8819,295,0
8820,292,0
8821,302,0
8822,296,0
8823,298,0
8824,306,0
8825,296,0
8826,295,0
8827,288,0
8828,299,0
8829,296,0
8830,293,0
8831,297,0
8832,283,0
8833,296,0
8834,288,0
8835,291,0
8836,290,0
8837,301,0
8838,301,0
8839,295,0
8840,292,0
8841,297,0
8842,286,0
8843,295,0
8844,291,0
8845,295,0
8846,294,0
8847,296,0
8848,292,0
8849,299,0
8850,294,0
8851,294,0
8852,302,0
8853,295,0
8854,292,0
8855,287,0
8856,297,0
8857,299,0
8858,291,0
8859,291,0
8860,281,0
8861,302,0
8862,297,0
8863,295,0
8864,291,0
8865,298,0
8866,291,0
8867,297,0
8868,294,0
8869,292,0
8870,293,0
8871,280,0
8872,298,0
8873,299,0
8874,289,0
8875,299,0
8876,288,0
8877,290,0
8878,297,0
8879,297,0
8880,298,0
8881,297,0
8882,287,0
8883,293,0
8884,288,0
8885,296,0
8886,295,0
8887,298,0
8888,298,0
8889,293,0
8890,292,0
8891,298,0
8892,300,0
8893,293,0
8894,297,0
8895,294,0
8896,292,0
8897,293,0
8898,298,0
8899,291,0
8900,299,0
8901,297,0
8902,289,0
8903,287,0
8904,289,0
8905,294,0
8906,296,0
8907,307,0
8908,299,0
8909,294,0
8910,294,0
8911,291,0
8912,290,0
8913,306,0
8914,287,0
8915,290,0
8916,296,0
8917,302,0
8918,296,0
8919,299,0
8920,299,0
8921,301,0
8922,288,0
8923,295,0
8924,299,0
8925,292,0
8926,294,0
8927,292,0
8928,295,0
8929,293,0
8930,289,0
8931,294,0
8932,299,0
8933,292,0
8934,302,0
8935,298,0
8936,291,0
8937,303,0
8938,290,0
8939,297,0
8940,295,0
8941,289,0
8942,303,0
8943,291,0
8944,292,0
8945,298,0
8946,293,0
8947,293,0
8948,290,0
8949,301,0
8950,292,0
8951,300,0
8952,288,0
8953,299,0
8954,292,0
8955,288,0
8956,284,0
8957,285,0
8958,295,0
8959,292,0
8960,296,0
8961,305,0
8962,292,0
8963,292,0
8964,292,0
8965,302,0
8966,289,0
8967,293,0
8968,292,0
8969,288,0
8970,304,0
8971,287,0
8972,295,0
8973,299,0
8974,306,0
8975,293,0
8976,296,0
8977,296,0
8978,304,0
8979,292,0
8980,299,0
8981,283,0
8982,299,0
8983,297,0
8984,301,0
8985,291,0
8986,292,0
8987,296,0
8988,298,0
8989,286,0
8990,291,0
8991,285,0
8992,295,0
8993,299,0
8994,290,0
8995,291,0
8996,298,0
8997,295,0
8998,294,0
8999,292,0
9000,280,0
9001,294,0
9002,284,0
9003,295,0
9004,299,0
9005,279,0
9006,295,0
9007,302,0
9008,297,0
9009,294,0
9010,297,0
9011,287,0
9012,298,0
9013,293,0
9014,287,0
9015,293,0
9016,284,0
9017,298,0
9018,292,0
9019,292,0
9020,297,0
9021,287,0
9022,302,0
9023,287,0
9024,287,0
9025,298,0
9026,296,0
9027,286,0
9028,288,0
9029,296,0
9030,294,0
9031,298,0
9032,292,0
9033,297,0
9034,286,0
9035,296,0
9036,292,0
9037,302,0
9038,291,0
9039,297,0
9040,300,0
9041,303,0
9042,292,0
9043,294,0
9044,292,0
9045,285,0
9046,287,0
9047,298,0
9048,294,0
9049,295,0
9050,305,0
9051,295,0
9052,286,0
9053,297,0
9054,294,0
9055,292,0
9056,294,0
9057,292,0
9058,306,0
9059,294,0
9060,291,0
9061,296,0
9062,303,0
9063,293,0
9064,292,0
9065,294,0
9066,288,0
9067,301,0
9068,291,0
9069,291,0
9070,299,0
9071,291,0
9072,291,0
9073,290,0
9074,290,0
9075,288,0
9076,295,0
9077,286,0
9078,298,0
9079,297,0
9080,295,0
9081,292,0
9082,294,0
9083,302,0
9084,293,0
9085,305,0
9086,293,0
9087,296,0
9088,288,0
9089,297,0
9090,296,0
9091,298,0
9092,294,0
9093,296,0
9094,290,0
9095,301,0
9096,286,0
9097,297,0
9098,290,0
9099,288,0
9100,300,0
9101,298,0
9102,300,0
9103,292,0
9104,299,0
9105,306,0
9106,302,0
9107,293,0
9108,287,0
9109,299,0
9110,302,0
9111,299,0
9112,291,0
9113,294,0
9114,298,0
9115,289,0
9116,295,0
9117,295,0
9118,301,0
9119,304,0
9120,289,0
9121,296,0
9122,302,0
9123,299,0
9124,298,0
9125,291,0
9126,300,0
9127,292,0
9128,291,0
9129,298,0
9130,296,0
9131,296,0
9132,289,0
9133,288,0
9134,295,0
9135,293,0
9136,298,0
9137,299,0
9138,298,0
9139,292,0
9140,294,0
9141,301,0
9142,296,0
9143,296,0
9144,316,0
9145,295,0
9146,298,0
9147,292,0
9148,301,0
9149,291,0
9150,303,0
9151,288,0
9152,296,0
9153,297,0
9154,283,0
9155,293,0
9156,308,0
9157,297,0
9158,293,0
9159,296,0
9160,295,0
9161,285,0
9162,297,0
9163,288,0
9164,299,0
9165,295,0
9166,291,0
9167,293,0
9168,295,0
9169,303,0
9170,287,0
9171,297,0
9172,301,0
9173,295,0
9174,295,0
9175,296,0
9176,292,0
9177,299,0
9178,304,0
9179,293,0
9180,303,0
9181,293,0
9182,303,0
9183,291,0
9184,290,0
9185,285,0
9186,288,0
9187,297,0
9188,287,0
9189,291,0
9190,293,0
9191,302,0
9192,296,0
9193,298,0
9194,290,0
9195,300,0
9196,298,0
9197,297,0
9198,291,0
9199,297,0
9200,289,0
9201,302,0
9202,290,0
9203,293,0
9204,295,0
9205,299,0
9206,289,0
9207,297,0
9208,293,0
9209,294,0
9210,299,0
9211,294,0
9212,295,0
9213,300,0
9214,296,0
9215,302,0
9216,293,0
9217,290,0
9218,298,0
9219,303,0
9220,301,0
9221,293,0
9222,299,0
9223,305,0
9224,295,0
9225,303,0
9226,293,0
9227,285,0
9228,290,0
9229,289,0
9230,293,0
9231,294,0
9232,285,0
9233,293,0
9234,301,0
9235,297,0
9236,302,0
9237,289,0
9238,289,0
9239,293,0
9240,296,0
9241,292,0
9242,296,0
9243,297,0
9244,294,0
9245,290,0
9246,292,0
9247,301,0
9248,292,0
9249,302,0
9250,294,0
9251,306,0
9252,293,0
9253,299,0
9254,296,0
9255,294,0
9256,302,0
9257,296,0
9258,295,0
9259,299,0
9260,295,0
9261,290,0
9262,298,0
9263,294,0
9264,287,0
9265,290,0
9266,294,0
9267,301,0
9268,292,0
9269,292,0
9270,298,0
9271,300,0
9272,292,0
9273,294,0
9274,295,0
9275,290,0
9276,296,0
9277,291,0
9278,302,0
9279,294,0
9280,286,0
9281,296,0
9282,301,0
9283,297,0
9284,290,0
9285,285,0
9286,298,0
9287,295,0
9288,295,0
9289,303,0
9290,286,0
9291,292,0
9292,295,0
9293,300,0
9294,303,0
9295,289,0
9296,300,0
9297,297,0
9298,302,0
9299,291,0
9300,287,0
9301,296,0
9302,293,0
9303,292,0
9304,304,0
9305,301,0
9306,297,0
9307,297,0
9308,293,0
9309,296,0
9310,291,0
9311,302,0
9312,293,0
9313,301,0
9314,305,0
9315,300,0
9316,297,0
9317,304,0
9318,291,0
9319,297,0
9320,295,0
9321,297,0
9322,294,0
9323,286,0
9324,290,0
9325,290,0
9326,297,0
9327,295,0
9328,299,0
9329,297,0
9330,294,0
9331,301,0
9332,286,0
9333,297,0
9334,306,0
9335,291,0
9336,292,0
9337,293,0
9338,300,0
9339,286,0
9340,290,0
9341,305,0
9342,288,0
9343,296,0
9344,282,0
9345,298,0
9346,295,0
9347,298,0
9348,292,0
9349,305,0
9350,295,0
9351,291,0
9352,294,0
9353,298,0
9354,289,0
9355,296,0
9356,303,0
9357,298,0
9358,296,0
9359,292,0
9360,295,0
9361,296,0
9362,288,0
9363,296,0
9364,291,0
9365,299,0
9366,298,0
9367,296,0
9368,294,0
9369,300,0
9370,297,0
9371,298,0
9372,299,0
9373,286,0
9374,297,0
9375,293,0
9376,289,0
9377,292,0
9378,300,0
9379,291,0
9380,292,0
9381,304,0
9382,290,0
9383,297,0
9384,301,0
9385,297,0
9386,299,0
9387,299,0
9388,299,0
9389,299,0
9390,295,0
9391,291,0
9392,295,0
9393,300,0
9394,294,0
9395,291,0
9396,291,0
9397,297,0
9398,302,0
9399,300,0
9400,298,0
9401,288,0
9402,294,0
9403,293,0
9404,297,0
9405,296,0
9406,292,0
9407,286,0
9408,303,0
9409,298,0
9410,296,0
9411,300,0
9412,300,0
9413,301,0
9414,296,0
9415,286,0
9416,299,0
9417,295,0
9418,290,0
9419,300,0
9420,293,0
9421,288,0
9422,297,0
9423,303,0
9424,293,0
9425,301,0
9426,291,0
9427,297,0
9428,297,0
9429,292,0
9430,288,0
9431,296,0
9432,299,0
9433,297,0
9434,285,0
9435,297,0
9436,298,0
9437,304,0
9438,291,0
9439,296,0
9440,295,0
9441,285,0
9442,289,0
9443,298,0
9444,294,0
9445,291,0
9446,291,0
9447,297,0
9448,294,0
9449,299,0
9450,292,0
9451,286,0
9452,300,0
9453,305,0
9454,299,0
9455,295,0
9456,297,0
9457,294,0
9458,286,0
9459,297,0
9460,295,0
9461,299,0
9462,300,0
9463,288,0
9464,288,0
9465,301,0
9466,291,0
9467,286,0
9468,297,0
9469,295,0
9470,290,0
9471,291,0
9472,302,0
9473,300,0
9474,298,0
9475,293,0
9476,292,0
9477,301,0
9478,295,0
9479,295,0
9480,299,0
9481,301,0
9482,290,0
9483,300,0
9484,300,0
9485,294,0
9486,294,0
9487,284,0
9488,296,0
9489,298,0
9490,297,0
9491,295,0
9492,304,0
9493,296,0
9494,295,0
9495,305,0
9496,293,0
9497,296,0
9498,294,0
9499,301,0
9500,293,0
9501,291,0
9502,304,0
9503,299,0
9504,295,0
9505,301,0
9506,303,0
9507,294,0
9508,300,0
9509,298,0
9510,295,0
9511,299,0
9512,292,0
9513,294,0
9514,301,0
9515,304,0
9516,299,0
9517,296,0
9518,292,0
9519,300,0
9520,295,0
9521,294,0
9522,297,0
9523,291,0
9524,299,0
9525,296,0
9526,305,0
9527,286,0
9528,297,0
9529,296,0
9530,299,0
9531,301,0
9532,293,0
9533,297,0
9534,297,0
9535,289,0
9536,296,0
9537,291,0
9538,300,0
9539,300,0
9540,300,0
9541,292,0
9542,300,0
9543,286,0
9544,297,0
9545,292,0
9546,289,0
9547,303,0
9548,292,0
9549,299,0
9550,295,0
9551,301,0
9552,295,0
9553,292,0
9554,299,0
9555,297,0
9556,298,0
9557,297,0
9558,288,0
9559,301,0
9560,299,0
9561,297,0
9562,296,0
9563,302,0
9564,288,0
9565,300,0
9566,297,0
9567,285,0
9568,293,0
9569,287,0
9570,297,0
9571,300,0
9572,294,0
9573,295,0
9574,293,0
9575,291,0
9576,290,0
9577,294,0
9578,297,0
9579,297,0
9580,297,0
9581,299,0
9582,297,0
9583,295,0
9584,300,0
9585,308,0
9586,297,0
9587,285,0
9588,293,0
9589,293,0
9590,302,0
9591,293,0
9592,297,0
9593,292,0
9594,292,0
9595,301,0
9596,294,0
9597,300,0
9598,301,0
9599,290,0
9600,297,0
9601,288,0
9602,300,0
9603,291,0
9604,289,0
9605,292,0
9606,293,0
9607,298,0
9608,295,0
9609,296,0
9610,302,0
9611,295,0
9612,298,0
9613,296,0
9614,293,0
9615,298,0
9616,291,0
9617,301,0
9618,301,0
9619,303,0
9620,288,0
9621,290,0
9622,298,0
9623,293,0
9624,303,0
9625,290,0
9626,300,0
9627,291,0
9628,293,0
9629,291,0
9630,293,0
9631,293,0
9632,287,0
9633,295,0
9634,289,0
9635,288,0
9636,297,0
9637,307,0
9638,295,0
9639,293,0
9640,291,0
9641,294,0
9642,293,0
9643,302,0
9644,302,0
9645,296,0
9646,287,0
9647,291,0
9648,302,0
9649,301,0
9650,298,0
9651,297,0
9652,288,0
9653,301,0
9654,294,0
9655,295,0
9656,304,0
9657,292,0
9658,297,0
9659,309,0
9660,293,0
9661,298,0
9662,297,0
9663,293,0
9664,296,0
9665,295,0
9666,295,0
9667,300,0
9668,296,0
9669,297,0
9670,294,0
9671,295,0
9672,297,0
9673,293,0
9674,299,0
9675,287,0
9676,300,0
9677,297,0
9678,297,0
9679,292,0
9680,300,0
9681,286,0
9682,295,0
9683,296,0
9684,293,0
9685,290,0
9686,290,0
9687,297,0
9688,301,0
9689,279,0
9690,299,0
9691,293,0
9692,298,0
9693,302,0
9694,295,0
9695,294,0
9696,301,0
9697,296,0
9698,294,0
9699,288,0
9700,300,0
9701,291,0
9702,288,0
9703,301,0
9704,301,0
9705,291,0
9706,302,0
9707,282,0
9708,292,0
9709,292,0
9710,302,0
9711,303,0
9712,299,0
9713,292,0
9714,292,0
9715,290,0
9716,289,0
9717,295,0
9718,293,0
9719,302,0
9720,301,0
9721,291,0
9722,287,0
9723,296,0
9724,293,0
9725,297,0
9726,298,0
9727,299,0
9728,299,0
9729,296,0
9730,295,0
9731,287,0
9732,298,0
9733,298,0
9734,290,0
9735,294,0
9736,302,0
9737,296,0
9738,298,0
9739,290,0
9740,301,0
9741,300,0
9742,300,0
9743,295,0
9744,299,0
9745,299,0
9746,303,0
9747,293,0
9748,299,0
9749,298,0
9750,292,0
9751,304,0
9752,301,0
9753,296,0
9754,289,0
9755,287,0
9756,295,0
9757,298,0
9758,301,0
9759,298,0
9760,298,0
9761,296,0
9762,295,0
9763,292,0
9764,299,0
9765,291,0
9766,302,0
9767,289,0
9768,287,0
9769,293,0
9770,299,0
9771,292,0
9772,298,0
9773,302,0
9774,292,0
9775,292,0
9776,299,0
9777,300,0
9778,295,0
9779,289,0
9780,299,0
9781,298,0
9782,292,0
9783,291,0
9784,283,0
9785,297,0
9786,296,0
9787,298,0
9788,290,0
9789,306,0
9790,301,0
9791,305,0
9792,294,0
9793,293,0
9794,300,0
9795,296,0
9796,293,0
9797,293,0
9798,291,0
9799,294,0
9800,289,0
9801,290,0
9802,296,0
9803,285,0
9804,297,0
9805,294,0
9806,297,0
9807,291,0
9808,295,0
9809,293,0
9810,303,0
9811,283,0
9812,299,0
9813,308,0
9814,295,0
9815,294,0
9816,295,0
9817,302,0
9818,296,0
9819,293,0
9820,300,0
9821,304,0
9822,283,0
9823,292,0
9824,295,0
9825,297,0
9826,296,0
9827,288,0
9828,291,0
9829,298,0
9830,291,0
9831,299,0
9832,300,0
9833,294,0
9834,290,0
9835,300,0
9836,288,0
9837,298,0
9838,294,0
9839,295,0
9840,301,0
9841,287,0
9842,299,0
9843,298,0
9844,294,0
9845,291,0
9846,305,0
9847,293,0
9848,297,0
9849,295,0
9850,299,0
9851,306,0
9852,291,0
9853,302,0
9854,292,0
9855,294,0
9856,296,0
9857,304,0
9858,291,0
9859,296,0
9860,296,0
9861,290,0
9862,294,0
9863,289,0
9864,304,0
9865,295,0
9866,291,0
9867,296,0
9868,295,0
9869,298,0
9870,297,0
9871,295,0
9872,294,0
9873,300,0
9874,307,0
9875,303,0
9876,298,0
9877,288,0
9878,295,0
9879,293,0
9880,304,0
9881,295,0
9882,295,0
9883,295,0
9884,297,0
9885,296,0
9886,299,0
9887,296,0
9888,292,0
9889,301,0
9890,295,0
9891,289,0
9892,292,0
9893,298,0
9894,302,0
9895,295,0
9896,291,0
9897,301,0
9898,289,0
9899,290,0
9900,293,0
9901,290,0
9902,298,0
9903,297,0
9904,296,0
9905,304,0
9906,290,0
9907,302,0
9908,301,0
9909,295,0
9910,290,0
9911,294,0
9912,302,0
9913,298,0
9914,300,0
9915,294,0
9916,296,0
9917,309,0
9918,289,0
9919,295,0
9920,288,0
9921,295,0
9922,293,0
9923,301,0
9924,302,0
9925,287,0
9926,290,0
9927,299,0
9928,289,0
9929,296,0
9930,296,0
9931,296,0
9932,291,0
9933,299,0
9934,300,0
9935,303,0
9936,298,0
9937,296,0
9938,298,0
9939,296,0
9940,298,0
9941,296,0
9942,288,0
9943,296,0
9944,305,0
9945,293,0
9946,301,0
9947,302,0
9948,286,0
9949,303,0
9950,287,0
9951,292,0
9952,301,0
9953,295,0
9954,300,0
9955,294,0
9956,287,0
9957,304,0
9958,300,0
9959,297,0
9960,297,0
9961,298,0
9962,289,0
9963,292,0
9964,297,0
9965,295,0
9966,287,0
9967,297,0
9968,296,0
9969,304,0
9970,289,0
9971,306,0
9972,285,0
9973,296,0
9974,301,0
9975,297,0
9976,293,0
9977,296,0
9978,295,0
9979,305,0
9980,296,0
9981,294,0
9982,292,0
9983,301,0
9984,299,0
9985,283,0
9986,297,0
9987,293,0
9988,298,0
9989,296,0
9990,302,0
9991,295,0
9992,301,0
9993,303,0
9994,305,0
9995,299,0
9996,291,0
9997,297,0
9998,297,0
9999,296,0
10000,300,0
10001,295,0
10002,304,0
10003,297,0
10004,304,0
10005,296,0
10006,302,0
10007,298,0
10008,304,0
10009,308,0
10010,294,0
10011,292,0
10012,294,0
10013,292,0
10014,303,0
10015,298,0
10016,297,0
10017,300,0
10018,303,0
10019,304,0
10020,292,0
10021,299,0
10022,297,0
10023,300,0
10024,300,0
10025,295,0
10026,299,0
10027,299,0
10028,291,0
10029,296,0
10030,297,0
10031,301,0
10032,296,0
10033,303,0
10034,296,0
10035,290,0
10036,305,0
10037,296,0
10038,298,0
10039,292,0
10040,298,0
10041,296,0
10042,296,0
10043,301,0
10044,293,0
10045,299,0
10046,300,0
10047,296,0
10048,299,0
10049,297,0
10050,293,0
10051,299,0
10052,299,0
10053,296,0
10054,300,0
10055,292,0
10056,303,0
10057,289,0
10058,291,0
10059,300,0
10060,303,0
10061,292,0
10062,302,0
10063,298,0
10064,289,0
10065,296,0
10066,297,0
10067,308,0
10068,294,0
10069,297,0
10070,295,0
10071,298,0
10072,299,0
10073,293,0
10074,303,0
10075,304,0
10076,292,0
10077,289,0
10078,301,0
10079,298,0
10080,298,0
10081,292,0
10082,303,0
10083,290,0
10084,306,0
10085,296,0
10086,295,0
10087,297,0
10088,289,0
10089,300,0
10090,299,0
10091,297,0
10092,291,0
10093,298,0
10094,291,0
10095,297,0
10096,292,0
10097,298,0
10098,299,0
10099,303,0
10100,301,0
10101,291,0
10102,301,0
10103,301,0
10104,301,0
10105,297,0
10106,293,0
10107,303,0
10108,310,0
10109,301,0
10110,299,0
10111,296,0
10112,292,0
10113,291,0
10114,304,0
10115,299,0
10116,299,0
10117,299,0
10118,301,0
10119,295,0
10120,306,0
10121,303,0
10122,301,0
10123,300,0
10124,302,0
10125,296,0
10126,291,0
10127,291,0
10128,302,0
10129,296,0
10130,298,0
10131,299,0
10132,299,0
10133,293,0
10134,299,0
10135,298,0
10136,300,0
10137,292,0
10138,297,0
10139,295,0
10140,297,0
10141,290,0
10142,308,0
10143,297,0
10144,304,0
10145,298,0
10146,296,0
10147,299,0
10148,298,0
10149,293,0
10150,296,0
10151,288,0
10152,299,0
10153,295,0
10154,304,0
10155,298,0
10156,292,0
10157,302,0
10158,292,0
10159,300,0
10160,306,0
10161,291,0
10162,299,0
10163,303,0
10164,294,0
10165,296,0
10166,295,0
10167,291,0
10168,295,0
10169,299,0
10170,298,0
10171,291,0
10172,295,0
10173,300,0
10174,293,0
10175,300,0
10176,293,0
10177,292,0
10178,290,0
10179,303,0
10180,298,0
10181,297,0
10182,304,0
10183,297,0
10184,299,0
10185,299,0
10186,292,0
10187,297,0
10188,303,0
10189,288,0
10190,286,0
10191,296,0
10192,301,0
10193,295,0
10194,300,0
10195,297,0
10196,294,0
10197,290,0
10198,299,0
10199,291,0
10200,293,0
10201,284,0
10202,293,0
10203,295,0
10204,293,0
10205,298,0
10206,296,0
10207,294,0
10208,305,0
10209,308,0
10210,295,0
10211,299,0
10212,298,0
10213,299,0
10214,298,0
10215,298,0
10216,295,0
10217,304,0
10218,303,0
10219,293,0
10220,300,0
10221,301,0
10222,299,0
10223,295,0
10224,303,0
10225,292,0
10226,298,0
10227,292,0
10228,294,0
10229,301,0
10230,301,0
10231,305,0
10232,290,0
10233,295,0
10234,299,0
10235,299,0
10236,295,0
10237,296,0
10238,303,0
10239,291,0
10240,290,0
10241,298,0
10242,306,0
10243,293,0
10244,299,0
10245,302,0
10246,302,0
10247,292,0
10248,299,0
10249,293,0
10250,291,0
10251,292,0
10252,300,0
10253,293,0
10254,294,0
10255,297,0
10256,302,0
10257,294,0
10258,289,0
10259,293,0
10260,298,0
10261,300,0
10262,302,0
10263,295,0
10264,306,0
10265,297,0
10266,298,0
10267,295,0
10268,296,0
10269,289,0
10270,313,0
10271,296,0
10272,294,0
10273,306,0
10274,287,0
10275,300,0
10276,295,0
10277,302,0
10278,296,0
10279,308,0
10280,293,0
10281,295,0
10282,303,0
10283,288,0
10284,285,0
10285,296,0
10286,298,0
10287,299,0
10288,300,0
10289,295,0
10290,293,0
10291,302,0
10292,300,0
10293,295,0
10294,298,0
10295,300,0
10296,302,0
10297,300,0
10298,297,0
10299,299,0
10300,293,0
10301,298,0
10302,295,0
10303,304,0
10304,294,0
10305,299,0
10306,303,0
10307,299,0
10308,292,0
10309,302,0
10310,296,0
10311,296,0
10312,296,0
10313,306,0
10314,299,0
10315,297,0
10316,295,0
10317,301,0
10318,300,0
10319,294,0
10320,301,0
10321,303,0
10322,289,0
10323,296,0
10324,305,0
10325,297,0
10326,288,0
10327,295,0
10328,300,0
10329,297,0
10330,302,0
10331,293,0
10332,286,0
10333,302,0
10334,298,0
10335,309,0
10336,299,0
10337,293,0
10338,297,0
10339,293,0
10340,289,0
10341,299,0
10342,304,0
10343,299,0
10344,300,0
10345,296,0
10346,295,0
10347,295,0
10348,301,0
10349,303,0
10350,301,0
10351,303,0
10352,290,0
10353,304,0
10354,291,0
10355,295,0
10356,311,0
10357,304,0
10358,300,0
10359,296,0
10360,302,0
10361,299,0
10362,297,0
10363,302,0
10364,302,0
10365,299,0
10366,299,0
10367,293,0
10368,299,0
10369,299,0
10370,298,0
10371,294,0
10372,310,0
10373,311,0
10374,296,0
10375,303,0
10376,301,0
10377,291,0
10378,285,0
10379,294,0
10380,297,0
10381,294,0
10382,302,0
10383,295,0
10384,292,0
10385,292,0
10386,298,0
10387,302,0
10388,301,0
10389,305,0
10390,297,0
10391,293,0
10392,295,0
10393,300,0
10394,298,0
10395,297,0
10396,297,0
10397,304,0
10398,297,0
10399,300,0
10400,296,0
10401,293,0
10402,298,0
10403,287,0
10404,297,0
10405,291,0
10406,290,0
10407,301,0
10408,298,0
10409,298,0
10410,301,0
10411,298,0
10412,299,0
10413,300,0
10414,302,0
10415,303,0
10416,296,0
10417,307,0
10418,303,0
10419,296,0
10420,291,0
10421,300,0
10422,299,0
10423,304,0
10424,293,0
10425,303,0
10426,299,0
10427,300,0
10428,292,0
10429,302,0
10430,299,0
10431,299,0
10432,297,0
10433,303,0
10434,297,0
10435,297,0
10436,297,0
10437,299,0
10438,293,0
10439,298,0
10440,296,0
10441,298,0
10442,300,0
10443,297,0
10444,297,0
10445,294,0
10446,303,0
10447,300,0
10448,297,0
10449,297,0
10450,304,0
10451,291,0
10452,300,0
10453,305,0
10454,297,0
10455,300,0
10456,289,0
10457,300,0
10458,292,0
10459,304,0
10460,307,0
10461,303,0
10462,293,0
10463,292,0
10464,294,0
10465,296,0
10466,300,0
10467,295,0
10468,294,0
10469,301,0
10470,297,0
10471,298,0
10472,299,0
10473,298,0
10474,305,0
10475,297,0
10476,305,0
10477,300,0
10478,298,0
10479,296,0
10480,294,0
10481,302,0
10482,297,0
10483,289,0
10484,297,0
10485,301,0
10486,295,0
10487,306,0
10488,302,0
10489,303,0
10490,289,0
10491,295,0
10492,295,0
10493,304,0
10494,303,0
10495,294,0
10496,300,0
10497,308,0
10498,301,0
10499,294,0
10500,295,0
10501,296,0
10502,293,0
10503,295,0
10504,296,0
10505,305,0
10506,298,0
10507,296,0
10508,288,0
10509,293,0
10510,295,0
10511,302,0
10512,300,0
10513,297,0
10514,304,0
10515,293,0
10516,300,0
10517,299,0
10518,300,0
10519,294,0
10520,303,0
10521,298,0
10522,292,0
10523,310,0
10524,295,0
10525,306,0
10526,300,0
10527,291,0
10528,306,0
10529,304,0
10530,296,0
10531,296,0
10532,299,0
10533,302,0
10534,301,0
10535,303,0
10536,294,0
10537,306,0
10538,302,0
10539,301,0
10540,299,0
10541,302,0
10542,294,0
10543,298,0
10544,304,0
10545,294,0
10546,305,0
10547,297,0
10548,292,0
10549,290,0
10550,293,0
10551,311,0
10552,289,0
10553,299,0
10554,298,0
10555,296,0
10556,299,0
10557,296,0
10558,307,0
10559,296,0
10560,299,0
10561,293,0
10562,300,0
10563,303,0
10564,304,0
10565,293,0
10566,293,0
10567,302,0
10568,296,0
10569,300,0
10570,298,0
10571,288,0
10572,293,0
10573,299,0
10574,300,0
10575,301,0
10576,303,0
10577,296,0
10578,298,0
10579,300,0
10580,292,0
10581,305,0
10582,305,0
10583,292,0
10584,300,0
10585,296,0
10586,302,0
10587,300,0
10588,306,0
10589,290,0
10590,300,0
10591,301,0
10592,300,0
10593,307,0
10594,295,0
10595,304,0
10596,296,0
10597,304,0
10598,294,0
10599,297,0
10600,294,0
10601,302,0
10602,293,0
10603,305,0
10604,310,0
10605,300,0
10606,296,0
10607,302,0
10608,298,0
10609,304,0
10610,295,0
10611,291,0
10612,300,0
10613,299,0
10614,296,0
10615,304,0
10616,304,0
10617,299,0
10618,296,0
10619,296,0
10620,297,0
10621,306,0
10622,297,0
10623,299,0
10624,300,0
10625,300,0
10626,298,0
10627,309,0
10628,299,0
10629,302,0
10630,297,0
10631,302,0
10632,296,0
10633,297,0
10634,291,0
10635,290,0
10636,303,0
10637,299,0
10638,293,0
10639,298,0
10640,292,0
10641,294,0
10642,302,0
10643,300,0
10644,304,0
10645,312,0
10646,305,0
10647,303,0
10648,304,0
10649,300,0
10650,297,0
10651,297,0
10652,298,0
10653,294,0
10654,300,0
10655,303,0
10656,298,0
10657,298,0
10658,289,0
10659,296,0
10660,297,0
10661,300,0
10662,298,0
10663,299,0
10664,300,0
10665,297,0
10666,299,0
10667,293,0
10668,300,0
10669,295,0
10670,299,0
10671,291,0
10672,294,0
10673,298,0
10674,300,0
10675,303,0
10676,293,0
10677,296,0
10678,305,0
10679,304,0
10680,300,0
10681,304,0
10682,292,0
10683,297,0
10684,299,0
10685,298,0
10686,295,0
10687,299,0
10688,291,0
10689,294,0
10690,297,0
10691,294,0
10692,301,0
10693,304,0
10694,298,0
10695,292,0
10696,302,0
10697,289,0
10698,296,0
10699,294,0
10700,293,0
10701,292,0
10702,288,0
10703,301,0
10704,293,0
10705,301,0
10706,289,0
10707,296,0
10708,287,0
10709,296,0
10710,299,0
10711,300,0
10712,306,0
10713,307,0
10714,299,0
10715,295,0
10716,302,0
10717,300,0
10718,288,0
10719,300,0
10720,295,0
10721,294,0
10722,298,0
10723,303,0
10724,296,0
10725,290,0
10726,292,0
10727,298,0
10728,290,0
10729,298,0
10730,297,0
10731,290,0
10732,296,0
10733,296,0
10734,295,0
10735,299,0
10736,313,0
10737,294,0
10738,295,0
10739,289,0
10740,307,0
10741,301,0
10742,302,0
10743,297,0
10744,306,0
10745,300,0
10746,301,0
10747,300,0
10748,288,0
10749,296,0
10750,290,0
10751,290,0
10752,296,0
10753,295,0
10754,299,0
10755,293,0
10756,300,0
10757,293,0
10758,300,0
10759,299,0
10760,301,0
10761,305,0
10762,297,0
10763,298,0
10764,299,0
10765,307,0
10766,294,0
10767,303,0
10768,297,0
10769,293,0
10770,290,0
10771,301,0
10772,289,0
10773,300,0
10774,295,0
10775,300,0
10776,297,0
10777,301,0
10778,297,0
10779,295,0
10780,300,0
10781,295,0
10782,304,0
10783,300,0
10784,292,0
10785,298,0
10786,297,0
10787,298,0
10788,309,0
10789,299,0
10790,296,0
10791,308,0
10792,306,0
10793,292,0
10794,304,0
10795,296,0
10796,301,0
10797,302,0
10798,298,0
10799,289,0
10800,295,0
10801,298,0
10802,299,0
10803,295,0
10804,293,0
10805,296,0
10806,294,0
10807,294,0
10808,296,0
10809,290,0
10810,293,0
10811,294,0
10812,301,0
10813,294,0
10814,301,0
10815,297,0
10816,293,0
10817,299,0
10818,300,0
10819,300,0
10820,294,0
10821,298,0
10822,287,0
10823,290,0
10824,299,0
10825,299,0
10826,291,0
10827,296,0
10828,300,0
10829,305,0
10830,298,0
10831,301,0
10832,301,0
10833,298,0
10834,306,0
10835,307,0
10836,294,0
10837,299,0
10838,291,0
10839,296,0
10840,299,0
10841,295,0
10842,303,0
10843,295,0
10844,305,0
10845,294,0
10846,294,0
10847,302,0
10848,284,0
10849,297,0
10850,295,0
10851,309,0
10852,307,0
10853,300,0
10854,294,0
10855,296,0
10856,297,0
10857,289,0
10858,292,0
10859,290,0
10860,306,0
10861,296,0
10862,303,0
10863,297,0
10864,307,0
10865,303,0
10866,303,0
10867,304,0
10868,308,0
10869,294,0
10870,292,0
10871,300,0
10872,296,0
10873,295,0
10874,293,0
10875,302,0
10876,296,0
10877,287,0
10878,292,0
10879,300,0
10880,305,0
10881,300,0
10882,303,0
10883,302,0
10884,291,0
10885,294,0
10886,291,0
10887,295,0
10888,296,0
10889,300,0
10890,299,0
10891,299,0
10892,304,0
10893,297,0
10894,299,0
10895,295,0
10896,293,0
10897,297,0
10898,295,0
10899,293,0
10900,288,0
10901,304,0
10902,298,0
10903,292,0
10904,294,0
10905,301,0
10906,296,0
10907,300,0
10908,297,0
10909,305,0
10910,293,0
10911,305,0
10912,302,0
10913,300,0
10914,295,0
10915,296,0
10916,297,0
10917,303,0
10918,304,0
10919,296,0
10920,302,0
10921,300,0
10922,301,0
10923,294,0
10924,294,0
10925,292,0
10926,292,0
10927,297,0
10928,301,0
10929,303,0
10930,298,0
10931,302,0
10932,301,0
10933,305,0
10934,301,0
10935,304,0
10936,290,0
10937,305,0
10938,304,0
10939,304,0
10940,297,0
10941,296,0
10942,300,0
10943,299,0
10944,304,0
10945,301,0
10946,290,0
10947,298,0
10948,298,0
10949,301,0
10950,294,0
10951,290,0
10952,300,0
10953,306,0
10954,306,0
10955,299,0
10956,305,0
10957,302,0
10958,303,0
10959,305,0
10960,299,0
10961,294,0
10962,300,0
10963,300,0
10964,296,0
10965,294,0
10966,298,0
10967,302,0
10968,296,0
10969,300,0
10970,305,0
10971,300,0
10972,302,0
10973,301,0
10974,305,0
10975,306,0
10976,308,0
10977,293,0
10978,306,0
10979,296,0
10980,295,0
10981,301,0
10982,300,0
10983,307,0
10984,306,0
10985,300,0
10986,287,0
10987,295,0
10988,307,0
10989,297,0
10990,301,0
10991,297,0
10992,301,0
10993,298,0
10994,292,0
10995,294,0
10996,300,0
10997,308,0
10998,296,0
10999,301,0
11000,298,0
11001,301,0
11002,294,0
11003,294,0
11004,300,0
11005,296,0
11006,300,0
11007,294,0
11008,298,0
11009,306,0
11010,297,0
11011,304,0
11012,290,0
11013,302,0
11014,308,0
11015,298,0
11016,300,0
11017,289,0
11018,302,0
11019,305,0
11020,301,0
11021,305,0
11022,297,0
11023,305,0
11024,299,0
11025,305,0
11026,297,0
11027,301,0
11028,298,0
11029,298,0
11030,290,0
11031,303,0
11032,300,0
11033,297,0
11034,305,0
11035,301,0
11036,296,0
11037,302,0
11038,291,0
11039,303,0
11040,301,0
11041,292,0
11042,300,0
11043,301,0
11044,300,0
11045,299,0
11046,296,0
11047,298,0
11048,304,0
11049,297,0
11050,295,0
11051,297,0
11052,296,0
11053,298,0
11054,300,0
11055,296,0
11056,298,0
11057,295,0
11058,297,0
11059,301,0
11060,297,0
11061,298,0
11062,299,0
11063,301,0
11064,294,0
11065,298,0
11066,297,0
11067,303,0
11068,291,0
11069,300,0
11070,300,0
11071,298,0
11072,299,0
11073,293,0
11074,299,0
11075,300,0
11076,298,0
11077,295,0
11078,298,0
11079,299,0
11080,299,0
11081,298,0
11082,297,0
11083,305,0
11084,298,0
11085,298,0
11086,286,0
11087,287,0
11088,296,0
11089,294,0
11090,300,0
11091,303,0
11092,297,0
11093,299,0
11094,294,0
11095,305,0
11096,297,0
11097,298,0
11098,295,0
11099,296,0
11100,293,0
11101,297,0
11102,299,0
11103,310,0
11104,302,0
11105,307,0
11106,298,0
11107,295,0
11108,296,0
11109,296,0
11110,292,0
11111,299,0
11112,299,0
11113,313,0
11114,296,0
11115,296,0
11116,298,0
11117,307,0
11118,290,0
11119,302,0
11120,310,0
11121,307,0
11122,300,0
11123,297,0
11124,301,0
11125,311,0
11126,295,0
11127,295,0
11128,293,0
11129,302,0
11130,297,0
11131,299,0
11132,299,0
11133,300,0
11134,296,0
11135,299,0
11136,305,0
11137,296,0
11138,300,0
11139,293,0
11140,293,0
11141,292,0
11142,290,0
11143,305,0
11144,305,0
11145,300,0
11146,295,0
11147,293,0
11148,299,0
11149,302,0
11150,303,0
11151,297,0
11152,305,0
11153,296,0
11154,302,0
11155,296,0
11156,296,0
11157,289,0
11158,301,0
11159,298,0
11160,296,0
11161,302,0
11162,295,0
11163,298,0
11164,300,0
11165,295,0
11166,297,0
11167,301,0
11168,303,0
11169,299,0
11170,295,0
11171,293,0
11172,288,0
11173,293,0
11174,301,0
11175,306,0
11176,301,0
11177,299,0
11178,296,0
11179,293,0
11180,298,0
11181,302,0
11182,288,0
11183,302,0
11184,303,0
11185,301,0
11186,299,0
11187,304,0
11188,297,0
11189,304,0
11190,285,0
11191,297,0
11192,302,0
11193,298,0
11194,301,0
11195,290,0
11196,296,0
11197,291,0
11198,291,0
11199,297,0
11200,306,0
11201,299,0
11202,300,0
11203,307,0
11204,291,0
11205,299,0
11206,303,0
11207,296,0
11208,302,0
11209,295,0
11210,298,0
11211,304,0
11212,299,0
11213,308,0
11214,296,0
11215,303,0
11216,295,0
11217,290,0
11218,303,0
11219,302,0
11220,301,0
11221,298,0
11222,307,0
11223,297,0
11224,303,0
11225,303,0
11226,296,0
11227,301,0
11228,290,0
11229,304,0
11230,297,0
11231,299,0
11232,304,0
11233,293,0
11234,300,0
11235,308,0
11236,310,0
11237,292,0
11238,303,0
11239,306,0
11240,302,0
11241,302,0
11242,304,0
11243,304,0
11244,299,0
11245,299,0
11246,295,0
11247,299,0
11248,304,0
11249,297,0
11250,300,0
11251,299,0
11252,294,0
11253,298,0
11254,302,0
11255,304,0
11256,297,0
11257,292,0
11258,303,0
11259,300,0
11260,308,0
11261,301,0
11262,305,0
11263,296,0
11264,296,0
11265,301,0
11266,302,0
11267,305,0
11268,301,0
11269,295,0
11270,307,0
11271,295,0
11272,301,0
11273,296,0
11274,301,0
11275,292,0
11276,293,0
11277,310,0
11278,293,0
11279,299,0
11280,295,0
11281,298,0
11282,301,0
11283,304,0
11284,303,0
11285,306,0
11286,294,0
11287,300,0
11288,299,0
11289,296,0
11290,306,0
11291,306,0
11292,304,0
11293,292,0
11294,300,0
11295,292,0
11296,304,0
11297,300,0
11298,308,0
11299,311,0
11300,299,0
11301,296,0
11302,300,0
11303,304,0
11304,304,0
11305,301,0
11306,294,0
11307,300,0
11308,290,0
11309,291,0
11310,301,0
11311,294,0
11312,294,0
11313,300,0
11314,305,0
11315,289,0
11316,305,0
11317,295,0
11318,295,0
11319,298,0
11320,301,0
11321,292,0
11322,300,0
11323,299,0
11324,295,0
11325,303,0
11326,301,0
11327,296,0
11328,308,0
11329,292,0
11330,301,0
11331,295,0
11332,302,0
11333,301,0
11334,303,0
11335,300,0
11336,299,0
11337,298,0
11338,295,0
11339,307,0
11340,298,0
11341,305,0
11342,309,0
11343,287,0
11344,302,0
11345,294,0
11346,296,0
11347,287,0
11348,292,0
11349,296,0
11350,299,0
11351,297,0
11352,301,0
11353,294,0
11354,307,0
11355,301,0
11356,296,0
11357,301,0
11358,295,0
11359,310,0
11360,293,0
11361,308,0
11362,289,0
11363,295,0
11364,301,0
11365,303,0
11366,296,0
11367,300,0
11368,298,0
11369,294,0
11370,308,0
11371,303,0
11372,308,0
11373,304,0
11374,299,0
11375,298,0
11376,292,0
11377,293,0
11378,299,0
11379,298,0
11380,302,0
11381,295,0
11382,304,0
11383,291,0
11384,303,0
11385,302,0
11386,299,0
11387,302,0
11388,302,0
11389,302,0
11390,299,0
11391,301,0
11392,299,0
11393,295,0
11394,298,0
11395,297,0
11396,294,0
11397,314,0
11398,302,0
11399,292,0
11400,301,0
11401,302,0
11402,302,0
11403,304,0
11404,302,0
11405,288,0
11406,292,0
11407,297,0
11408,296,0
11409,299,0
11410,301,0
11411,294,0
11412,297,0
11413,296,0
11414,300,0
11415,306,0
11416,300,0
11417,308,0
11418,298,0
11419,304,0
11420,298,0
11421,305,0
11422,288,0
11423,296,0
11424,299,0
11425,294,0
11426,301,0
11427,304,0
11428,299,0
11429,300,0
11430,303,0
11431,299,0
11432,297,0
11433,307,0
11434,303,0
11435,302,0
11436,296,0
11437,308,0
11438,303,0
11439,298,0
11440,298,0
11441,301,0
11442,297,0
11443,304,0
11444,295,0
11445,294,0
11446,293,0
11447,300,0
11448,306,0
11449,298,0
11450,294,0
11451,299,0
11452,303,0
11453,301,0
11454,304,0
11455,302,0
11456,314,0
11457,297,0
11458,300,0
11459,302,0
11460,295,0
11461,305,0
11462,295,0
11463,301,0
11464,307,0
11465,297,0
11466,301,0
11467,310,0
11468,295,0
11469,294,0
11470,299,0
11471,306,0
11472,295,0
11473,301,0
11474,298,0
11475,302,0
11476,306,0
11477,297,0
11478,298,0
11479,305,0
11480,291,0
11481,292,0
11482,302,0
11483,302,0
11484,301,0
11485,307,0
11486,287,0
11487,302,0
11488,295,0
11489,293,0
11490,301,0
11491,299,0
11492,306,0
11493,294,0
11494,299,0
11495,302,0
11496,295,0
11497,296,0
11498,297,0
11499,298,0
11500,302,0
11501,298,0
11502,306,0
11503,303,0
11504,301,0
11505,292,0
11506,290,0
11507,291,0
11508,306,0
11509,295,0
11510,301,0
11511,294,0
11512,292,0
11513,299,0
11514,301,0
11515,294,0
11516,292,0
11517,303,0
11518,297,0
11519,299,0
11520,299,0
11521,293,0
11522,302,0
11523,306,0
11524,300,0
11525,302,0
11526,304,0
11527,300,0
11528,305,0
11529,289,0
11530,302,0
11531,298,0
11532,298,0
11533,297,0
11534,304,0
11535,294,0
11536,301,0
11537,302,0
11538,298,0
11539,295,0
11540,289,0
11541,300,0
11542,303,0
11543,299,0
11544,305,0
11545,300,0
11546,302,0
11547,306,0
11548,300,0
11549,301,0
11550,296,0
11551,297,0
11552,301,0
11553,297,0
11554,300,0
11555,297,0
11556,297,0
11557,303,0
11558,302,0
11559,304,0
11560,295,0
11561,300,0
11562,295,0
11563,299,0
11564,303,0
11565,291,0
11566,304,0
11567,303,0
11568,312,0
11569,308,0
11570,301,0
11571,300,0
11572,306,0
11573,296,0
11574,309,0
11575,302,0
11576,298,0
11577,301,0
11578,299,0
11579,308,0
11580,298,0
11581,289,0
11582,294,0
11583,296,0
11584,304,0
11585,297,0
11586,303,0
11587,299,0
11588,304,0
11589,302,0
11590,306,0
11591,303,0
11592,300,0
11593,301,0
11594,293,0
11595,291,0
11596,296,0
11597,301,0
11598,299,0
11599,301,0
11600,292,0
11601,300,0
11602,301,0
11603,301,0
11604,303,0
11605,298,0
11606,295,0
11607,297,0
11608,306,0
11609,305,0
11610,298,0
11611,300,0
11612,298,0
11613,301,0
11614,301,0
11615,296,0
11616,304,0
11617,303,0
11618,294,0
11619,293,0
11620,304,0
11621,298,0
11622,299,0
11623,294,0
11624,296,0
11625,305,0
11626,299,0
11627,301,0
11628,294,0
11629,300,0
11630,301,0
11631,291,0
11632,302,0
11633,308,0
11634,303,0
11635,302,0
11636,294,0
11637,297,0
11638,299,0
11639,299,0
11640,306,0
11641,293,0
11642,300,0
11643,292,0
11644,309,0
11645,299,0
11646,292,0
11647,308,0
11648,297,0
11649,297,0
11650,291,0
11651,304,0
11652,304,0
11653,306,0
11654,297,0
11655,299,0
11656,298,0
11657,296,0
11658,291,0
11659,295,0
11660,294,0
11661,299,0
11662,302,0
11663,301,0
11664,301,0
11665,301,0
11666,305,0
11667,305,0
11668,298,0
11669,303,0
11670,303,0
11671,300,0
11672,307,0
11673,300,0
11674,303,0
11675,293,0
11676,294,0
11677,303,0
11678,303,0
11679,303,0
11680,303,0
11681,305,0
11682,310,0
11683,307,0
11684,303,0
11685,303,0
11686,306,0
11687,304,0
11688,294,0
11689,292,0
11690,294,0
11691,310,0
11692,298,0
11693,297,0
11694,295,0
11695,300,0
11696,304,0
11697,296,0
11698,300,0
11699,308,0
11700,301,0
11701,312,0
11702,300,0
11703,300,0
11704,298,0
11705,306,0
11706,291,0
11707,301,0
11708,312,0
11709,298,0
11710,302,0
11711,292,0
11712,304,0
11713,305,0
11714,307,0
11715,316,0
11716,292,0
11717,303,0
11718,295,0
11719,299,0
11720,302,0
11721,291,0
11722,297,0
11723,294,0
11724,297,0
11725,305,0
11726,299,0
11727,299,0
11728,308,0
11729,300,0
11730,306,0
11731,304,0
11732,306,0
11733,287,0
11734,296,0
11735,292,0
11736,306,0
11737,307,0
11738,310,0
11739,295,0
11740,302,0
11741,298,0
11742,302,0
11743,299,0
11744,306,0
11745,303,0
11746,305,0
11747,300,0
11748,301,0
11749,301,0
11750,302,0
11751,305,0
11752,295,0
11753,314,0
11754,292,0
11755,310,0
11756,298,0
11757,301,0
11758,301,0
11759,301,0
11760,298,0
11761,309,0
11762,299,0
11763,307,0
11764,290,0
11765,304,0
11766,297,0
11767,293,0
11768,304,0
11769,306,0
11770,302,0
11771,294,0
11772,313,0
11773,306,0
11774,291,0
11775,292,0
11776,299,0
11777,300,0
11778,301,0
11779,307,0
11780,301,0
11781,311,0
11782,295,0
11783,300,0
11784,305,0
11785,297,0
11786,310,0
11787,297,0
11788,305,0
11789,301,0
11790,300,0
11791,294,0
11792,302,0
11793,296,0
11794,297,0
11795,308,0
11796,297,0
11797,299,0
11798,301,0
11799,298,0
11800,305,0
11801,297,0
11802,291,0
11803,301,0
11804,303,0
11805,305,0
11806,298,0
11807,304,0
11808,306,0
11809,298,0
11810,302,0
11811,303,0
11812,299,0
11813,302,0
11814,291,0
11815,298,0
11816,298,0
11817,292,0
11818,296,0
11819,298,0
11820,291,0
11821,297,0
11822,302,0
11823,296,0
11824,308,0
11825,298,0
11826,300,0
11827,305,0
11828,298,0
11829,304,0
11830,305,0
11831,310,0
11832,295,0
11833,301,0
11834,301,0
11835,299,0
11836,304,0
11837,298,0
11838,298,0
11839,304,0
11840,302,0
11841,299,0
11842,307,0
11843,301,0
11844,302,0
11845,299,0
11846,298,0
11847,300,0
11848,298,0
11849,296,0
11850,302,0
11851,293,0
11852,297,0
11853,296,0
11854,294,0
11855,295,0
11856,305,0
11857,292,0
11858,293,0
11859,302,0
11860,298,0
11861,296,0
11862,300,0
11863,299,0
11864,306,0
11865,300,0
11866,297,0
11867,293,0
11868,303,0
11869,297,0
11870,300,0
11871,294,0
11872,305,0
11873,295,0
11874,299,0
11875,304,0
11876,294,0
11877,293,0
11878,301,0
11879,305,0
11880,302,0
11881,301,0
11882,295,0
11883,295,0
11884,308,0
11885,296,0
11886,298,0
11887,303,0
11888,301,0
11889,297,0
11890,296,0
11891,300,0
11892,297,0
11893,302,0
11894,292,0
11895,305,0
11896,307,0
11897,299,0
11898,295,0
11899,295,0
11900,298,0
11901,304,0
11902,300,0
11903,298,0
11904,296,0
11905,291,0
11906,303,0
11907,299,0
11908,297,0
11909,299,0
11910,297,0
11911,302,0
11912,304,0
11913,300,0
11914,300,0
11915,300,0
11916,294,0
11917,299,0
11918,301,0
11919,302,0
11920,297,0
11921,303,0
11922,296,0
11923,310,0
11924,304,0
11925,307,0
11926,304,0
11927,311,0
11928,310,0
11929,300,0
11930,294,0
11931,297,0
11932,301,0
11933,306,0
11934,291,0
11935,303,0
11936,300,0
11937,305,0
11938,300,0
11939,296,0
11940,303,0
11941,309,0
11942,297,0
11943,301,0
11944,305,0
11945,299,0
11946,301,0
11947,296,0
11948,292,0
11949,299,0
11950,297,0
11951,301,0
11952,300,0
11953,302,0
11954,307,0
11955,298,0
11956,305,0
11957,297,0
11958,301,0
11959,297,0
11960,306,0
11961,296,0
11962,293,0
11963,300,0
11964,301,0
11965,299,0
11966,303,0
11967,301,0
11968,299,0
11969,302,0
11970,294,0
11971,291,0
11972,303,0
11973,293,0
11974,309,0
11975,302,0
11976,299,0
11977,290,0
11978,305,0
11979,287,0
11980,297,0
11981,302,0
11982,290,0
11983,301,0
11984,301,0
11985,291,0
11986,298,0
11987,292,0
11988,296,0
11989,288,0
11990,302,0
11991,305,0
11992,301,0
11993,307,0
11994,306,0
11995,292,0
11996,307,0
11997,300,0
11998,300,0
11999,295,0
12000,299,0
12001,292,0
12002,297,0
12003,309,0
12004,299,0
12005,309,0
12006,306,0
12007,299,0
12008,301,0
12009,291,0
12010,300,0
12011,297,0
12012,302,0
12013,300,0
12014,296,0
12015,292,0
12016,298,0
12017,294,0
12018,295,0
12019,300,0
12020,304,0
12021,303,0
12022,298,0
12023,298,0
12024,301,0
12025,297,0
12026,301,0
12027,296,0
12028,297,0
12029,299,0
12030,296,0
12031,297,0
12032,290,0
12033,305,0
12034,307,0
12035,306,0
12036,305,0
12037,301,0
12038,308,0
12039,301,0
12040,306,0
12041,307,0
12042,301,0
12043,294,0
12044,304,0
12045,304,0
12046,296,0
12047,303,0
12048,303,0
12049,304,0
12050,297,0
12051,304,0
12052,297,0
12053,303,0
12054,296,0
12055,304,0
12056,297,0
12057,299,0
12058,299,0
12059,294,0
12060,302,0
12061,305,0
12062,306,0
12063,305,0
12064,306,0
12065,306,0
12066,296,0
12067,306,0
12068,290,0
12069,298,0
12070,303,0
12071,293,0
12072,296,0
12073,297,0
12074,304,0
12075,296,0
12076,303,0
12077,300,0
12078,297,0
12079,305,0
12080,294,0
12081,305,0
12082,300,0
12083,291,0
12084,304,0
12085,296,0
12086,300,0
12087,311,0
12088,301,0
12089,310,0
12090,298,0
12091,294,0
12092,306,0
12093,302,0
12094,294,0
12095,300,0
12096,305,0
12097,301,0
12098,306,0
12099,308,0
12100,298,0
12101,306,0
12102,303,0
12103,301,0
12104,286,0
12105,300,0
12106,300,0
12107,300,0
12108,293,0
12109,300,0
12110,300,0
12111,295,0
12112,304,0
12113,291,0
12114,312,0
12115,308,0
12116,298,0
12117,299,0
12118,289,0
12119,306,0
12120,297,0
12121,303,0
12122,302,0
12123,297,0
12124,301,0
12125,304,0
12126,303,0
12127,298,0
12128,303,0
12129,294,0
12130,303,0
12131,304,0
12132,307,0
12133,299,0
12134,289,0
12135,302,0
12136,305,0
12137,298,0
12138,297,0
12139,313,0
12140,298,0
12141,301,0
12142,289,0
12143,301,0
12144,297,0
12145,301,0
12146,294,0
12147,300,0
12148,307,0
12149,299,0
12150,301,0
12151,291,0
12152,289,0
12153,310,0
12154,301,0
12155,305,0
12156,307,0
12157,308,0
12158,292,0
12159,300,0
12160,300,0
12161,307,0
12162,302,0
12163,297,0
12164,292,0
12165,301,0
12166,293,0
12167,305,0
12168,301,0
12169,293,0
12170,312,0
12171,297,0
12172,306,0
12173,302,0
12174,303,0
12175,307,0
12176,313,0
12177,290,0
12178,307,0
12179,307,0
12180,301,0
12181,295,0
12182,308,0
12183,307,0
12184,297,0
12185,311,0
12186,298,0
12187,298,0
12188,304,0
12189,298,0
12190,307,0
12191,297,0
12192,298,0
12193,290,0
12194,299,0
12195,303,0
12196,304,0
12197,313,0
12198,297,0
12199,298,0
12200,299,0
12201,300,0
12202,302,0
12203,308,0
12204,306,0
12205,296,0
12206,297,0
12207,306,0
12208,301,0
12209,303,0
12210,300,0
12211,302,0
12212,299,0
12213,302,0
12214,299,0
12215,303,0
12216,298,0
12217,299,0
12218,304,0
12219,299,0
12220,301,0
12221,294,0
12222,290,0
12223,309,0
12224,298,0
12225,309,0
12226,298,0
12227,298,0
12228,296,0
12229,309,0
12230,311,0
12231,302,0
12232,297,0
12233,306,0
12234,297,0
12235,300,0
12236,308,0
12237,298,0
12238,295,0
12239,298,0
12240,301,0
12241,312,0
12242,294,0
12243,294,0
12244,296,0
12245,292,0
12246,306,0
12247,299,0
12248,293,0
12249,297,0
12250,305,0
12251,297,0
12252,295,0
12253,292,0
12254,306,0
12255,298,0
12256,302,0
12257,304,0
12258,298,0
12259,305,0
12260,306,0
12261,302,0
12262,295,0
12263,304,0
12264,299,0
12265,307,0
12266,302,0
12267,300,0
12268,303,0
12269,301,0
12270,302,0
12271,305,0
12272,306,0
12273,304,0
12274,293,0
12275,296,0
12276,297,0
12277,301,0
12278,300,0
12279,303,0
12280,307,0
12281,304,0
12282,296,0
12283,310,0
12284,299,0
12285,315,0
12286,304,0
12287,309,0
12288,292,0
12289,301,0
12290,298,0
12291,299,0
12292,299,0
12293,297,0
12294,302,0
12295,304,0
12296,297,0
12297,299,0
12298,304,0
12299,306,0
12300,308,0
12301,297,0
12302,298,0
12303,307,0
12304,312,0
12305,302,0
12306,305,0
12307,308,0
12308,293,0
12309,303,0
12310,296,0
12311,303,0
12312,297,0
12313,298,0
12314,306,0
12315,304,0
12316,301,0
12317,308,0
12318,301,0
12319,296,0
12320,300,0
12321,305,0
12322,309,0
12323,301,0
12324,302,0
12325,291,0
12326,309,0
12327,300,0
12328,295,0
12329,300,0
12330,298,0
12331,307,0
12332,306,0
12333,308,0
12334,295,0
12335,297,0
12336,297,0
12337,297,0
12338,294,0
12339,311,0
12340,304,0
12341,293,0
12342,307,0
12343,302,0
12344,292,0
12345,295,0
12346,296,0
12347,298,0
12348,305,0
12349,302,0
12350,307,0
12351,299,0
12352,294,0
12353,304,0
12354,297,0
12355,306,0
12356,313,0
12357,306,0
12358,300,0
12359,304,0
12360,302,0
12361,296,0
12362,299,0
12363,306,0
12364,297,0
12365,308,0
12366,298,0
12367,303,0
12368,299,0
12369,302,0
12370,308,0
12371,298,0
12372,305,0
12373,302,0
12374,292,0
12375,303,0
12376,301,0
12377,300,0
12378,305,0
12379,301,0
12380,299,0
12381,320,0
12382,298,0
12383,304,0
12384,307,0
12385,300,0
12386,303,0
12387,301,0
12388,313,0
12389,303,0
12390,301,0
12391,304,0
12392,307,0
12393,301,0
12394,300,0
12395,295,0
12396,286,0
12397,303,0
12398,294,0
12399,298,0
12400,306,0
12401,299,0
12402,300,0
12403,297,0
12404,309,0
12405,301,0
12406,298,0
12407,301,0
12408,297,0
12409,295,0
12410,310,0
12411,308,0
12412,301,0
12413,309,0
12414,304,0
12415,301,0
12416,288,0
12417,301,0
12418,299,0
12419,294,0
12420,300,0
12421,299,0
12422,297,0
12423,288,0
12424,296,0
12425,295,0
12426,299,0
12427,302,0
12428,297,0
12429,309,0
12430,299,0
12431,301,0
12432,302,0
12433,293,0
12434,304,0
12435,304,0
12436,306,0
12437,297,0
12438,297,0
12439,298,0
12440,301,0
12441,298,0
12442,299,0
12443,291,0
12444,296,0
12445,313,0
12446,291,0
12447,303,0
12448,303,0
12449,298,0
12450,308,0
12451,304,0
12452,305,0
12453,305,0
12454,295,0
12455,299,0
12456,302,0
12457,303,0
12458,301,0
12459,321,0
12460,302,0
12461,296,0
12462,292,0
12463,302,0
12464,299,0
12465,296,0
12466,291,0
12467,292,0
12468,306,0
12469,303,0
12470,295,0
12471,304,0
12472,302,0
12473,301,0
12474,308,0
12475,308,0
12476,302,0
12477,310,0
12478,297,0
12479,303,0
12480,300,0
12481,298,0
12482,311,0
12483,310,0
12484,302,0
12485,298,0
12486,303,0
12487,302,0
12488,299,0
12489,297,0
12490,301,0
12491,303,0
12492,305,0
12493,299,0
12494,305,0
12495,293,0
12496,315,0
12497,311,0
12498,295,0
12499,298,0
12500,306,0
12501,301,0
12502,301,0
12503,299,0
12504,303,0
12505,306,0
12506,304,0
12507,299,0
12508,304,0
12509,304,0
12510,297,0
12511,299,0
12512,308,0
12513,296,0
12514,302,0
12515,304,0
12516,309,0
12517,306,0
12518,300,0
12519,305,0
12520,300,0
12521,291,0
12522,309,0
12523,297,0
12524,303,0
12525,303,0
12526,296,0
12527,301,0
12528,307,0
12529,301,0
12530,300,0
12531,305,0
12532,295,0
12533,306,0
12534,305,0
12535,308,0
12536,301,0
12537,304,0
12538,297,0
12539,299,0
12540,306,0
12541,308,0
12542,302,0
12543,297,0
12544,307,0
12545,311,0
12546,302,0
12547,302,0
12548,309,0
12549,308,0
12550,299,0
12551,307,0
12552,305,0
12553,297,0
12554,305,0
12555,307,0
12556,304,0
12557,302,0
12558,305,0
12559,307,0
12560,302,0
12561,302,0
12562,297,0
12563,311,0
12564,302,0
12565,293,0
12566,305,0
12567,298,0
12568,289,0
12569,306,0
12570,308,0
12571,303,0
12572,308,0
12573,304,0
12574,296,0
12575,298,0
12576,312,0
12577,294,0
12578,302,0
12579,304,0
12580,300,0
12581,304,0
12582,295,0
12583,296,0
12584,306,0
12585,302,0
12586,294,0
12587,295,0
12588,299,0
12589,305,0
12590,305,0
12591,305,0
12592,305,0
12593,297,0
12594,305,0
12595,304,0
12596,302,0
12597,297,0
12598,300,0
12599,310,0
12600,298,0
12601,297,0
12602,305,0
12603,307,0
12604,295,0
12605,305,0
12606,302,0
12607,308,0
12608,310,0
12609,318,0
12610,303,0
12611,300,0
12612,299,0
12613,301,0
12614,298,0
12615,308,0
12616,291,0
12617,302,0
12618,305,0
12619,309,0
12620,293,0
12621,305,0
12622,299,0
12623,294,0
12624,309,0
12625,296,0
12626,300,0
12627,295,0
12628,301,0
12629,302,0
12630,300,0
12631,305,0
12632,305,0
12633,310,0
12634,303,0
12635,293,0
12636,304,0
12637,289,0
12638,304,0
12639,309,0
12640,306,0
12641,296,0
12642,306,0
12643,304,0
12644,294,0
12645,300,0
12646,295,0
12647,307,0
12648,309,0
12649,292,0
12650,294,0
12651,296,0
12652,297,0
12653,301,0
12654,295,0
12655,304,0
12656,299,0
12657,301,0
12658,307,0
12659,304,0
12660,304,0
12661,297,0
12662,309,0
12663,287,0
12664,296,0
12665,298,0
12666,301,0
12667,308,0
12668,303,0
12669,304,0
12670,308,0
12671,309,0
12672,292,0
12673,309,0
12674,299,0
12675,301,0
12676,305,0
12677,295,0
12678,303,0
12679,305,0
12680,296,0
12681,299,0
12682,298,0
12683,303,0
12684,309,0
12685,304,0
12686,297,0
12687,306,0
12688,308,0
12689,306,0
12690,306,0
12691,311,0
12692,305,0
12693,303,0
12694,307,0
12695,305,0
12696,299,0
12697,295,0
12698,309,0
12699,299,0
12700,301,0
12701,299,0
12702,305,0
12703,303,0
12704,302,0
12705,298,0
12706,302,0
12707,304,0
12708,300,0
12709,307,0
12710,310,0
12711,301,0
12712,302,0
12713,301,0
12714,293,0
12715,308,0
12716,306,0
12717,295,0
12718,303,0
12719,301,0
12720,300,0
12721,299,0
12722,306,0
12723,300,0
12724,304,0
12725,305,0
12726,306,0
12727,303,0
12728,303,0
12729,295,0
12730,294,0
12731,301,0
12732,293,0
12733,301,0
12734,307,0
12735,299,0
12736,300,0
12737,308,0
12738,304,0
12739,313,0
12740,297,0
12741,306,0
12742,300,0
12743,304,0
12744,306,0
12745,302,0
12746,307,0
12747,297,0
12748,301,0
12749,297,0
12750,301,0
12751,306,0
12752,309,0
12753,297,0
12754,302,0
12755,309,0
12756,298,0
12757,297,0
12758,291,0
12759,307,0
12760,292,0
12761,296,0
12762,300,0
12763,295,0
12764,307,0
12765,309,0
12766,305,0
12767,310,0
12768,311,0
12769,308,0
12770,304,0
12771,289,0
12772,303,0
12773,300,0
12774,305,0
12775,304,0
12776,302,0
12777,303,0
12778,306,0
12779,299,0
12780,306,0
12781,300,0
12782,298,0
12783,314,0
12784,303,0
12785,302,0
12786,298,0
12787,307,0
12788,298,0
12789,306,0
12790,305,0
12791,310,0
12792,291,0
12793,302,0
12794,302,0
12795,306,0
12796,296,0
12797,293,0
12798,301,0
12799,303,0
12800,299,0
12801,293,0
12802,299,0
12803,296,0
12804,296,0
12805,297,0
12806,298,0
12807,312,0
12808,301,0
12809,306,0
12810,305,0
12811,304,0
12812,302,0
12813,296,0
12814,300,0
12815,302,0
12816,305,0
12817,304,0
12818,298,0
12819,305,0
12820,304,0
12821,305,0
12822,306,0
12823,304,0
12824,300,0
12825,290,0
12826,304,0
12827,297,0
12828,293,0
12829,298,0
12830,306,0
12831,301,0
12832,301,0
12833,303,0
12834,314,0
12835,306,0
12836,297,0
12837,305,0
12838,298,0
12839,303,0
12840,307,0
12841,296,0
12842,306,0
12843,296,0
12844,295,0
12845,295,0
12846,297,0
12847,297,0
12848,307,0
12849,307,0
12850,304,0
12851,308,0
12852,300,0
12853,300,0
12854,303,0
12855,306,0
12856,307,0
12857,311,0
12858,307,0
12859,303,0
12860,300,0
12861,294,0
12862,290,0
12863,309,0
12864,292,0
12865,304,0
12866,309,0
12867,292,0
12868,303,0
12869,309,0
12870,301,0
12871,298,0
12872,302,0
12873,300,0
12874,310,0
12875,307,0
12876,300,0
12877,305,0
12878,297,0
12879,306,0
12880,310,0
12881,303,0
12882,306,0
12883,303,0
12884,302,0
12885,301,0
12886,303,0
12887,301,0
12888,302,0
12889,307,0
12890,306,0
12891,299,0
12892,300,0
12893,307,0
12894,306,0
12895,303,0
12896,295,0
12897,302,0
12898,304,0
12899,304,0
12900,300,0
12901,303,0
12902,303,0
12903,297,0
12904,310,0
12905,299,0
12906,298,0
12907,297,0
12908,300,0
12909,306,0
12910,305,0
12911,306,0
12912,298,0
12913,309,0
12914,302,0
12915,301,0
12916,295,0
12917,312,0
12918,292,0
12919,303,0
12920,296,0
12921,301,0
12922,299,0
12923,306,0
12924,305,0
12925,303,0
12926,303,0
12927,310,0
12928,314,0
12929,309,0
12930,295,0
12931,303,0
12932,303,0
12933,302,0
12934,304,0
12935,294,0
12936,299,0
12937,301,0
12938,303,0
12939,298,0
12940,306,0
12941,299,0
12942,295,0
12943,299,0
12944,304,0
12945,301,0
12946,305,0
12947,312,0
12948,312,0
12949,309,0
12950,299,0
12951,295,0
12952,297,0
12953,300,0
12954,298,0
12955,299,0
12956,304,0
12957,307,0
12958,296,0
12959,303,0
12960,306,0
12961,306,0
12962,316,0
12963,303,0
12964,297,0
12965,301,0
12966,307,0
12967,300,0
12968,306,0
12969,305,0
12970,307,0
12971,299,0
12972,299,0
12973,313,0
12974,300,0
12975,311,0
12976,297,0
12977,301,0
12978,302,0
12979,300,0
12980,302,0
12981,298,0
12982,299,0
12983,309,0
12984,304,0
12985,318,0
12986,307,0
12987,315,0
12988,312,0
12989,304,0
12990,299,0
12991,304,0
12992,288,0
12993,303,0
12994,301,0
12995,308,0
12996,302,0
12997,290,0
12998,296,0
12999,294,0
13000,306,0
13001,305,0
13002,305,0
13003,309,0
13004,308,0
13005,304,0
13006,301,0
13007,299,0
13008,307,0
13009,313,0
13010,306,0
13011,305,0
13012,304,0
13013,311,0
13014,303,0
13015,296,0
13016,297,0
13017,308,0
13018,301,0
13019,294,0
13020,303,0
13021,304,0
13022,295,0
13023,304,0
13024,310,0
13025,307,0
13026,312,0
13027,306,0
13028,298,0
13029,301,0
13030,300,0
13031,303,0
13032,306,0
13033,309,0
13034,306,0
13035,301,0
13036,309,0
13037,310,0
13038,300,0
13039,304,0
13040,304,0
13041,297,0
13042,291,0
13043,304,0
13044,304,0
13045,303,0
13046,301,0
13047,308,0
13048,303,0
13049,307,0
13050,300,0
13051,310,0
13052,306,0
13053,302,0
13054,303,0
13055,307,0
13056,304,0
13057,295,0
13058,306,0
13059,298,0
13060,300,0
13061,308,0
13062,291,0
13063,305,0
13064,306,0
13065,306,0
13066,304,0
13067,302,0
13068,298,0
13069,300,0
13070,301,0
13071,297,0
13072,309,0
13073,310,0
13074,298,0
13075,302,0
13076,295,0
13077,303,0
13078,307,0
13079,302,0
13080,312,0
13081,303,0
13082,294,0
13083,301,0
13084,306,0
13085,302,0
13086,307,0
13087,293,0
13088,305,0
13089,306,0
13090,298,0
13091,300,0
13092,291,0
13093,300,0
13094,303,0
13095,307,0
13096,296,0
13097,308,0
13098,303,0
13099,297,0
13100,310,0
13101,307,0
13102,300,0
13103,299,0
13104,303,0
13105,293,0
13106,301,0
13107,292,0
13108,302,0
13109,305,0
13110,310,0
13111,305,0
13112,300,0
13113,302,0
13114,306,0
13115,299,0
13116,306,0
13117,308,0
13118,292,0
13119,300,0
13120,302,0
13121,312,0
13122,307,0
13123,304,0
13124,304,0
13125,295,0
13126,303,0
13127,295,0
13128,300,0
13129,306,0
13130,310,0
13131,301,0
13132,302,0
13133,309,0
13134,296,0
13135,297,0
13136,309,0
13137,310,0
13138,307,0
13139,313,0
13140,304,0
13141,299,0
13142,308,0
13143,304,0
13144,297,0
13145,298,0
13146,299,0
13147,305,0
13148,301,0
13149,299,0
13150,297,0
13151,303,0
13152,301,0
13153,296,0
13154,301,0
13155,313,0
13156,303,0
13157,312,0
13158,305,0
13159,304,0
13160,308,0
13161,308,0
13162,308,0
13163,304,0
13164,304,0
13165,304,0
13166,303,0
13167,308,0
13168,306,0
13169,306,0
13170,302,0
13171,306,0
13172,308,0
13173,304,0
13174,308,0
13175,297,0
13176,307,0
13177,305,0
13178,300,0
13179,300,0
13180,307,0
13181,304,0
13182,301,0
13183,305,0
13184,313,0
13185,300,0
13186,291,0
13187,304,0
13188,306,0
13189,295,0
13190,305,0
13191,303,0
13192,310,0
13193,296,0
13194,309,0
13195,305,0
13196,298,0
13197,309,0
13198,303,0
13199,301,0
13200,308,0
13201,300,0
13202,302,0
13203,305,0
13204,295,0
13205,293,0
13206,299,0
13207,306,0
13208,297,0
13209,307,0
13210,309,0
13211,301,0
13212,304,0
13213,309,0
13214,302,0
13215,300,0
13216,308,0
13217,303,0
13218,306,0
13219,301,0
13220,307,0
13221,306,0
13222,305,0
13223,302,0
13224,303,0
13225,294,0
13226,304,0
13227,299,0
13228,302,0
13229,309,0
13230,300,0
13231,306,0
13232,309,0
13233,298,0
13234,294,0
13235,303,0
13236,308,0
13237,308,0
13238,297,0
13239,307,0
13240,306,0
13241,303,0
13242,308,0
13243,298,0
13244,307,0
13245,295,0
13246,303,0
13247,295,0
13248,301,0
13249,305,0
13250,312,0
13251,311,0
13252,295,0
13253,304,0
13254,311,0
13255,301,0
13256,302,0
13257,305,0
13258,301,0
13259,301,0
13260,305,0
13261,304,0
13262,298,0
13263,298,0
13264,295,0
13265,304,0
13266,309,0
13267,298,0
13268,303,0
13269,295,0
13270,306,0
13271,297,0
13272,305,0
13273,301,0
13274,301,0
13275,311,0
13276,313,0
13277,300,0
13278,301,0
13279,313,0
13280,305,0
13281,306,0
13282,304,0
13283,289,0
13284,299,0
13285,303,0
13286,295,0
13287,301,0
13288,304,0
13289,302,0
13290,307,0
13291,302,0
13292,306,0
13293,306,0
13294,300,0
13295,308,0
13296,304,0
13297,306,0
13298,299,0
13299,307,0
13300,308,0
13301,298,0
13302,298,0
13303,306,0
13304,296,0
13305,303,0
13306,314,0
13307,305,0
13308,304,0
13309,302,0
13310,310,0
13311,300,0
13312,304,0
13313,306,0
13314,307,0
13315,300,0
13316,304,0
13317,302,0
13318,299,0
13319,308,0
13320,298,0
13321,298,0
13322,299,0
13323,308,0
13324,299,0
13325,300,0
13326,306,0
13327,299,0
13328,299,0
13329,311,0
13330,309,0
13331,300,0
13332,296,0
13333,297,0
13334,308,0
13335,301,0
13336,305,0
13337,302,0
13338,302,0
13339,309,0
13340,307,0
13341,298,0
13342,301,0
13343,308,0
13344,297,0
13345,300,0
13346,304,0
13347,304,0
13348,297,0
13349,300,0
13350,303,0
13351,297,0
13352,307,0
13353,298,0
13354,299,0
13355,304,0
13356,311,0
13357,305,0
13358,305,0
13359,304,0
13360,306,0
13361,305,0
13362,299,0
13363,302,0
13364,293,0
13365,308,0
13366,304,0
13367,300,0
13368,308,0
13369,309,0
13370,299,0
13371,307,0
13372,302,0
13373,298,0
13374,308,0
13375,300,0
13376,304,0
13377,299,0
13378,308,0
13379,301,0
13380,310,0
13381,308,0
13382,298,0
13383,300,0
13384,298,0
13385,305,0
13386,301,0
13387,312,0
13388,302,0
13389,304,0
13390,301,0
13391,307,0
13392,301,0
13393,306,0
13394,306,0
13395,309,0
13396,302,0
13397,297,0
13398,306,0
13399,309,0
13400,305,0
13401,306,0
13402,307,0
13403,303,0
13404,303,0
13405,309,0
13406,307,0
13407,313,0
13408,299,0
13409,301,0
13410,301,0
13411,303,0
13412,315,0
13413,303,0
13414,303,0
13415,306,0
13416,298,0
13417,301,0
13418,294,0
13419,310,0
13420,298,0
13421,303,0
13422,305,0
13423,301,0
13424,306,0
13425,298,0
13426,298,0
13427,305,0
13428,305,0
13429,300,0
13430,299,0
13431,306,0
13432,309,0
13433,296,0
13434,295,0
13435,307,0
13436,298,0
13437,297,0
13438,299,0
13439,315,0
13440,305,0
13441,303,0
13442,304,0
13443,299,0
13444,297,0
13445,301,0
13446,307,0
13447,306,0
13448,304,0
13449,299,0
13450,303,0
13451,303,0
13452,300,0
13453,299,0
13454,305,0
13455,308,0
13456,305,0
13457,303,0
13458,307,0
13459,302,0
13460,303,0
13461,300,0
13462,305,0
13463,301,0
13464,301,0
13465,293,0
13466,311,0
13467,306,0
13468,302,0
13469,320,0
13470,303,0
13471,302,0
13472,294,0
13473,300,0
13474,304,0
13475,303,0
13476,297,0
13477,305,0
13478,296,0
13479,302,0
13480,303,0
13481,301,0
13482,296,0
13483,304,0
13484,314,0
13485,304,0
13486,303,0
13487,295,0
13488,300,0
13489,298,0
13490,302,0
13491,302,0
13492,310,0
13493,300,0
13494,305,0
13495,294,0
13496,306,0
13497,307,0
13498,299,0
13499,305,0
13500,305,0
13501,298,0
13502,306,0
13503,306,0
13504,301,0
13505,305,0
13506,302,0
13507,301,0
13508,302,0
13509,303,0
13510,307,0
13511,297,0
13512,301,0
13513,307,0
13514,312,0
13515,308,0
13516,300,0
13517,305,0
13518,307,0
13519,307,0
13520,300,0
13521,298,0
13522,309,0
13523,290,0
13524,304,0
13525,301,0
13526,303,0
13527,302,0
13528,305,0
13529,302,0
13530,304,0
13531,302,0
13532,299,0
13533,298,0
13534,299,0
13535,304,0
13536,307,0
13537,305,0
13538,311,0
13539,307,0
13540,300,0
13541,305,0
13542,296,0
13543,301,0
13544,299,0
13545,309,0
13546,307,0
13547,300,0
13548,307,0
13549,299,0
13550,305,0
13551,313,0
13552,305,0
13553,304,0
13554,314,0
13555,316,0
13556,307,0
13557,316,0
13558,304,0
13559,304,0
13560,296,0
13561,308,0
13562,304,0
13563,309,0
13564,297,0
13565,309,0
13566,309,0
13567,310,0
13568,308,0
13569,291,0
13570,312,0
13571,303,0
13572,309,0
13573,305,0
13574,294,0
13575,291,0
13576,303,0
13577,312,0
13578,306,0
13579,305,0
13580,306,0
13581,306,0
13582,314,0
13583,307,0
13584,297,0
13585,297,0
13586,301,0
13587,308,0
13588,301,0
13589,302,0
13590,310,0
13591,312,0
13592,305,0
13593,294,0
13594,297,0
13595,309,0
13596,306,0
13597,299,0
13598,305,0
13599,309,0
13600,296,0
13601,310,0
13602,304,0
13603,299,0
13604,308,0
13605,296,0
13606,300,0
13607,305,0
13608,300,0
13609,300,0
13610,308,0
13611,308,0
13612,303,0
13613,302,0
13614,291,0
13615,304,0
13616,300,0
13617,299,0
13618,301,0
13619,303,0
13620,309,0
13621,302,0
13622,301,0
13623,312,0
13624,299,0
13625,302,0
13626,288,0
13627,307,0
13628,298,0
13629,295,0
13630,305,0
13631,301,0
13632,297,0
13633,297,0
13634,304,0
13635,306,0
13636,305,0
13637,300,0
13638,303,0
13639,305,0
13640,300,0
13641,309,0
13642,306,0
13643,294,0
13644,302,0
13645,301,0
13646,304,0
13647,300,0
13648,297,0
13649,311,0
13650,300,0
13651,308,0
13652,306,0
13653,301,0
13654,302,0
13655,297,0
13656,308,0
13657,305,0
13658,306,0
13659,300,0
13660,309,0
13661,300,0
13662,309,0
13663,296,0
13664,310,0
13665,304,0
13666,302,0
13667,311,0
13668,301,0
13669,294,0
13670,307,0
13671,308,0
13672,311,0
13673,305,0
13674,310,0
13675,300,0
13676,298,0
13677,302,0
13678,314,0
13679,298,0
13680,302,0
13681,300,0
13682,307,0
13683,311,0
13684,298,0
13685,297,0
13686,298,0
13687,298,0
13688,314,0
13689,308,0
13690,307,0
13691,301,0
13692,302,0
13693,301,0
13694,302,0
13695,294,0
13696,301,0
13697,297,0
13698,309,0
13699,301,0
13700,300,0
13701,297,0
13702,295,0
13703,302,0
13704,302,0
13705,308,0
13706,302,0
13707,300,0
13708,290,0
13709,315,0
13710,300,0
13711,314,0
13712,301,0
13713,302,0
13714,294,0
13715,308,0
13716,304,0
13717,312,0
13718,306,0
13719,305,0
13720,311,0
13721,299,0
13722,297,0
13723,309,0
13724,304,0
13725,307,0
13726,311,0
13727,302,0
13728,297,0
13729,300,0
13730,313,0
13731,305,0
13732,307,0
13733,299,0
13734,296,0
13735,300,0
13736,302,0
13737,302,0
13738,307,0
13739,302,0
13740,313,0
13741,306,0
13742,299,0
13743,304,0
13744,305,0
13745,304,0
13746,302,0
13747,295,0
13748,307,0
13749,298,0
13750,292,0
13751,308,0
13752,305,0
13753,300,0
13754,296,0
13755,301,0
13756,302,0
13757,302,0
13758,298,0
13759,310,0
13760,295,0
13761,302,0
13762,318,0
13763,314,0
13764,312,0
13765,306,0
13766,308,0
13767,294,0
13768,300,0
13769,303,0
13770,298,0
13771,301,0
13772,308,0
13773,308,0
13774,303,0
13775,309,0
13776,303,0
13777,303,0
13778,297,0
13779,318,0
13780,308,0
13781,307,0
13782,299,0
13783,298,0
13784,308,0
13785,304,0
13786,304,0
13787,308,0
13788,305,0
13789,299,0
13790,306,0
13791,308,0
13792,305,0
13793,303,0
13794,306,0
13795,304,0
13796,296,0
13797,304,0
13798,301,0
13799,300,0
13800,307,0
13801,300,0
13802,301,0
13803,303,0
13804,303,0
13805,299,0
13806,301,0
13807,304,0
13808,306,0
13809,303,0
13810,304,0
13811,312,0
13812,309,0
13813,300,0
13814,299,0
13815,303,0
13816,303,0
13817,304,0
13818,302,0
13819,300,0
13820,309,0
13821,295,0
13822,298,0
13823,303,0
13824,303,0
13825,300,0
13826,316,0
13827,296,0
13828,302,0
13829,302,0
13830,298,0
13831,296,0
13832,310,0
13833,312,0
13834,304,0
13835,301,0
13836,293,0
13837,303,0
13838,302,0
13839,301,0
13840,299,0
13841,310,0
13842,297,0
13843,304,0
13844,310,0
13845,305,0
13846,301,0
13847,315,0
13848,303,0
13849,308,0
13850,302,0
13851,297,0
13852,299,0
13853,308,0
13854,294,0
13855,310,0
13856,305,0
13857,296,0
13858,302,0
13859,296,0
13860,315,0
13861,310,0
13862,308,0
13863,303,0
13864,299,0
13865,301,0
13866,299,0
13867,309,0
13868,300,0
13869,297,0
13870,308,0
13871,302,0
13872,305,0
13873,300,0
13874,304,0
13875,305,0
13876,301,0
13877,309,0
13878,302,0
13879,315,0
13880,297,0
13881,307,0
13882,305,0
13883,302,0
13884,300,0
13885,300,0
13886,307,0
13887,301,0
13888,302,0
13889,309,0
13890,306,0
13891,304,0
13892,301,0
13893,305,0
13894,306,0
13895,309,0
13896,306,0
13897,307,0
13898,300,0
13899,306,0
13900,300,0
13901,303,0
13902,298,0
13903,299,0
13904,298,0
13905,305,0
13906,303,0
13907,306,0
13908,297,0
13909,302,0
13910,297,0
13911,290,0
13912,296,0
13913,310,0
13914,302,0
13915,302,0
13916,303,0
13917,303,0
13918,307,0
13919,293,0
13920,301,0
13921,301,0
13922,295,0
13923,308,0
13924,308,0
13925,302,0
13926,306,0
13927,311,0
13928,301,0
13929,298,0
13930,304,0
13931,304,0
13932,306,0
13933,303,0
13934,309,0
13935,299,0
13936,309,0
13937,312,0
13938,304,0
13939,308,0
13940,298,0
13941,303,0
13942,301,0
13943,309,0
13944,300,0
13945,306,0
13946,306,0
13947,299,0
13948,303,0
13949,305,0
13950,294,0
13951,304,0
13952,295,0
13953,310,0
13954,307,0
13955,306,0
13956,307,0
13957,301,0
13958,292,0
13959,302,0
13960,300,0
13961,304,0
13962,305,0
13963,303,0
13964,313,0
13965,302,0
13966,302,0
13967,306,0
13968,299,0
13969,293,0
13970,302,0
13971,308,0
13972,305,0
13973,298,0
13974,304,0
13975,297,0
13976,311,0
13977,307,0
13978,303,0
13979,300,0
13980,298,0
13981,300,0
13982,291,0
13983,303,0
13984,309,0
13985,305,0
13986,305,0
13987,302,0
13988,311,0
13989,302,0
13990,303,0
13991,302,0
13992,312,0
13993,299,0
13994,299,0
13995,303,0
13996,294,0
13997,300,0
13998,295,0
13999,306,0
14000,299,0
14001,303,0
14002,310,0
14003,317,0
14004,302,0
14005,303,0
14006,302,0
14007,301,0
14008,294,0
14009,298,0
14010,306,0
14011,300,0
14012,305,0
14013,305,0
14014,311,0
14015,298,0
14016,299,0
14017,314,0
14018,298,0
14019,307,0
14020,303,0
14021,311,0
14022,303,0
14023,302,0
14024,312,0
14025,305,0
14026,307,0
14027,309,0
14028,301,0
14029,298,0
14030,301,0
14031,306,0
14032,297,0
14033,299,0
14034,315,0
14035,315,0
14036,298,0
14037,313,0
14038,303,0
14039,304,0
14040,306,0
14041,303,0
14042,312,0
14043,304,0
14044,295,0
14045,313,0
14046,305,0
14047,295,0
14048,304,0
14049,302,0
14050,313,0
14051,306,0
14052,303,0
14053,304,0
14054,307,0
14055,303,0
14056,306,0
14057,299,0
14058,308,0
14059,314,0
14060,300,0
14061,304,0
14062,309,0
14063,311,0
14064,307,0
14065,310,0
14066,293,0
14067,309,0
14068,308,0
14069,303,0
14070,310,0
14071,312,0
14072,309,0
14073,290,0
14074,309,0
14075,296,0
14076,312,0
14077,299,0
14078,310,0
14079,307,0
14080,301,0
14081,311,0
14082,305,0
14083,304,0
14084,301,0
14085,302,0
14086,298,0
14087,307,0
14088,305,0
14089,311,0
14090,309,0
14091,318,0
14092,297,0
14093,309,0
14094,304,0
14095,300,0
14096,308,0
14097,299,0
14098,305,0
14099,312,0
14100,303,0
14101,308,0
14102,303,0
14103,302,0
14104,298,0
14105,303,0
14106,305,0
14107,301,0
14108,303,0
14109,298,0
14110,301,0
14111,300,0
14112,301,0
14113,308,0
14114,305,0
14115,306,0
14116,306,0
14117,303,0
14118,299,0
14119,307,0
14120,304,0
14121,291,0
14122,309,0
14123,303,0
14124,304,0
14125,303,0
14126,311,0
14127,306,0
14128,306,0
14129,307,0
14130,301,0
14131,304,0
14132,312,0
14133,306,0
14134,299,0
14135,302,0
14136,314,0
14137,300,0
14138,297,0
14139,313,0
14140,305,0
14141,300,0
14142,304,0
14143,294,0
14144,310,0
14145,306,0
14146,309,0
14147,294,0
14148,303,0
14149,308,0
14150,307,0
14151,304,0
14152,306,0
14153,312,0
14154,301,0
14155,296,0
14156,298,0
14157,302,0
14158,299,0
14159,298,0
14160,302,0
14161,302,0
14162,299,0
14163,313,0
14164,298,0
14165,306,0
14166,301,0
14167,312,0
14168,303,0
14169,301,0
14170,311,0
14171,302,0
14172,311,0
14173,301,0
14174,304,0
14175,301,0
14176,306,0
14177,301,0
14178,300,0
14179,302,0
14180,303,0
14181,301,0
14182,296,0
14183,318,0
14184,298,0
14185,316,0
14186,307,0
14187,313,0
14188,304,0
14189,307,0
14190,303,0
14191,302,0
14192,299,0
14193,303,0
14194,313,0
14195,302,0
14196,302,0
14197,305,0
14198,314,0
14199,302,0
14200,302,0
14201,306,0
14202,304,0
14203,304,0
14204,300,0
14205,314,0
14206,310,0
14207,298,0
14208,299,0
14209,300,0
14210,300,0
14211,310,0
14212,303,0
14213,313,0
14214,303,0
14215,308,0
14216,300,0
14217,299,0
14218,310,0
14219,296,0
14220,311,0
14221,306,0
14222,316,0
14223,309,0
14224,302,0
14225,304,0
14226,299,0
14227,300,0
14228,311,0
14229,293,0
14230,306,0
14231,301,0
14232,303,0
14233,313,0
14234,304,0
14235,306,0
14236,315,0
14237,294,0
14238,307,0
14239,303,0
14240,299,0
14241,298,0
14242,299,0
14243,309,0
14244,299,0
14245,297,0
14246,309,0
14247,297,0
14248,313,0
14249,305,0
14250,306,0
14251,311,0
14252,303,0
14253,303,0
14254,289,0
14255,301,0
14256,304,0
14257,302,0
14258,301,0
14259,309,0
14260,310,0
14261,304,0
14262,307,0
14263,302,0
14264,304,0
14265,305,0
14266,301,0
14267,308,0
14268,299,0
14269,305,0
14270,305,0
14271,304,0
14272,300,0
14273,311,0
14274,303,0
14275,300,0
14276,301,0
14277,312,0
14278,303,0
14279,307,0
14280,310,0
14281,316,0
14282,294,0
14283,311,0
14284,306,0
14285,305,0
14286,300,0
14287,304,0
14288,305,0
14289,311,0
14290,304,0
14291,297,0
14292,311,0
14293,308,0
14294,295,0
14295,313,0
14296,299,0
14297,307,0
14298,310,0
14299,302,0
14300,306,0
14301,313,0
14302,314,0
14303,300,0
14304,304,0
14305,302,0
14306,307,0
14307,301,0
14308,310,0
14309,315,0
14310,303,0
14311,308,0
14312,297,0
14313,300,0
14314,309,0
14315,308,0
14316,299,0
14317,312,0
14318,302,0
14319,311,0
14320,310,0
14321,308,0
14322,318,0
14323,302,0
14324,302,0
14325,309,0
14326,300,0
14327,302,0
14328,296,0
14329,301,0
14330,307,0
14331,304,0
14332,308,0
14333,299,0
14334,300,0
14335,305,0
14336,297,0
14337,308,0
14338,307,0
14339,303,0
14340,296,0
14341,307,0
14342,293,0
14343,307,0
14344,306,0
14345,300,0
14346,300,0
14347,313,0
14348,303,0
14349,302,0
14350,300,0
14351,305,0
14352,312,0
14353,310,0
14354,307,0
14355,309,0
14356,297,0
14357,309,0
14358,304,0
14359,312,0
14360,304,0
14361,306,0
14362,296,0
14363,309,0
14364,302,0
14365,293,0
14366,306,0
14367,298,0
14368,303,0
14369,312,0
14370,300,0
14371,303,0
14372,306,0
14373,306,0
14374,301,0
14375,304,0
14376,306,0
14377,299,0
14378,297,0
14379,313,0
14380,318,0
14381,310,0
14382,308,0
14383,295,0
14384,294,0
14385,293,0
14386,300,0
14387,303,0
14388,301,0
14389,306,0
14390,302,0
14391,308,0
14392,302,0
14393,300,0
14394,299,0
14395,311,0
14396,300,0
14397,307,0
14398,308,0
14399,297,0
14400,301,0
14401,308,0
14402,307,0
14403,296,0
14404,304,0
14405,309,0
14406,301,0
14407,311,0
14408,303,0
14409,306,0
14410,313,0
14411,299,0
14412,302,0
14413,302,0
14414,310,0
14415,305,0
14416,295,0
14417,305,0
14418,306,0
14419,310,0
14420,308,0
14421,310,0
14422,305,0
14423,301,0
14424,303,0
14425,308,0
14426,301,0
14427,298,0
14428,303,0
14429,309,0
14430,306,0
14431,308,0
14432,299,0
14433,309,0
14434,296,0
14435,307,0
14436,304,0
14437,300,0
14438,316,0
14439,298,0
14440,311,0
14441,309,0
14442,308,0
14443,306,0
14444,302,0
14445,302,0
14446,306,0
14447,307,0
14448,294,0
14449,304,0
14450,307,0
14451,302,0
14452,302,0
14453,297,0
14454,312,0
14455,303,0
14456,307,0
14457,307,0
14458,307,0
14459,306,0
14460,305,0
14461,298,0
14462,305,0
14463,314,0
14464,309,0
14465,312,0
14466,306,0
14467,304,0
14468,304,0
14469,313,0
14470,290,0
14471,310,0
14472,299,0
14473,312,0
14474,308,0
14475,311,0
14476,302,0
14477,306,0
14478,301,0
14479,305,0
14480,306,0
14481,307,0
14482,304,0
14483,297,0
14484,301,0
14485,306,0
14486,298,0
14487,308,0
14488,310,0
14489,296,0
14490,299,0
14491,305,0
14492,309,0
14493,296,0
14494,309,0
14495,308,0
14496,312,0
14497,301,0
14498,302,0
14499,301,0
14500,310,0
14501,307,0
14502,303,0
14503,306,0
14504,313,0
14505,313,0
14506,308,0
14507,313,0
14508,309,0
14509,301,0
14510,305,0
14511,310,0
14512,311,0
14513,306,0
14514,309,0
14515,310,0
14516,302,0
14517,310,0
14518,297,0
14519,294,0
14520,302,0
14521,304,0
14522,307,0
14523,301,0
14524,318,0
14525,313,0
14526,299,0
14527,304,0
14528,312,0
14529,304,0
14530,313,0
14531,312,0
14532,304,0
14533,300,0
14534,304,0
14535,304,0
14536,299,0
14537,301,0
14538,301,0
14539,298,0
14540,296,0
14541,308,0
14542,313,0
14543,303,0
14544,302,0
14545,311,0
14546,298,0
14547,301,0
14548,303,0
14549,310,0
14550,304,0
14551,306,0
14552,307,0
14553,306,0
14554,309,0
14555,313,0
14556,309,0
14557,307,0
14558,305,0
14559,315,0
14560,298,0
14561,301,0
14562,311,0
14563,312,0
14564,317,0
14565,291,0
14566,304,0
14567,305,0
14568,310,0
14569,296,0
14570,299,0
14571,315,0
14572,302,0
14573,308,0
14574,309,0
14575,307,0
14576,315,0
14577,303,0
14578,305,0
14579,305,0
14580,304,0
14581,301,0
14582,316,0
14583,308,0
14584,302,0
14585,311,0
14586,294,0
14587,308,0
14588,308,0
14589,304,0
14590,303,0
14591,302,0
14592,301,0
14593,312,0
14594,306,0
14595,308,0
14596,308,0
14597,297,0
14598,299,0
14599,299,0
14600,287,0
14601,310,0
14602,307,0
14603,304,0
14604,315,0
14605,305,0
14606,303,0
14607,294,0
14608,302,0
14609,303,0
14610,314,0
14611,292,0
14612,295,0
14613,317,0
14614,303,0
14615,309,0
14616,297,0
14617,303,0
14618,304,0
14619,312,0
14620,313,0
14621,299,0
14622,308,0
14623,313,0
14624,303,0
14625,295,0
14626,305,0
14627,307,0
14628,307,0
14629,306,0
14630,304,0
14631,296,0
14632,304,0
14633,309,0
14634,314,0
14635,305,0
14636,307,0
14637,303,0
14638,300,0
14639,301,0
14640,300,0
14641,312,0
14642,311,0
14643,297,0
14644,303,0
14645,305,0
14646,314,0
14647,309,0
14648,300,0
14649,301,0
14650,305,0
14651,308,0
14652,305,0
14653,314,0
14654,303,0
14655,307,0
14656,311,0
14657,304,0
14658,299,0
14659,302,0
14660,299,0
14661,304,0
14662,310,0
14663,306,0
14664,305,0
14665,302,0
14666,309,0
14667,300,0
14668,307,0
14669,303,0
14670,311,0
14671,300,0
14672,307,0
14673,311,0
14674,311,0
14675,310,0
14676,307,0
14677,307,0
14678,307,0
14679,307,0
14680,302,0
14681,307,0
14682,304,0
14683,301,0
14684,312,0
14685,306,0
14686,312,0
14687,310,0
14688,313,0
14689,295,0
14690,304,0
14691,301,0
14692,309,0
14693,308,0
14694,307,0
14695,308,0
14696,314,0
14697,318,0
14698,296,0
14699,304,0
14700,304,0
14701,295,0
14702,309,0
14703,295,0
14704,309,0
14705,310,0
14706,313,0
14707,304,0
14708,311,0
14709,293,0
14710,307,0
14711,311,0
14712,302,0
14713,309,0
14714,301,0
14715,309,0
14716,304,0
14717,304,0
14718,301,0
14719,315,0
14720,307,0
14721,307,0
14722,303,0
14723,307,0
14724,310,0
14725,302,0
14726,308,0
14727,304,0
14728,308,0
14729,311,0
14730,307,0
14731,299,0
14732,311,0
14733,304,0
14734,305,0
14735,302,0
14736,308,0
14737,306,0
14738,307,0
14739,304,0
14740,308,0
14741,304,0
14742,294,0
14743,305,0
14744,299,0
14745,299,0
14746,308,0
14747,314,0
14748,296,0
14749,308,0
14750,297,0
14751,306,0
14752,310,0
14753,295,0
14754,310,0
14755,308,0
14756,298,0
14757,308,0
14758,308,0
14759,293,0
14760,299,0
14761,307,0
14762,308,0
14763,307,0
14764,313,0
14765,298,0
14766,305,0
14767,298,0
14768,311,0
14769,295,0
14770,304,0
14771,299,0
14772,315,0
14773,301,0
14774,300,0
14775,295,0
14776,300,0
14777,305,0
14778,310,0
14779,306,0
14780,300,0
14781,305,0
14782,306,0
14783,295,0
14784,307,0
14785,318,0
14786,303,0
14787,306,0
14788,299,0
14789,310,0
14790,306,0
14791,302,0
14792,310,0
14793,305,0
14794,307,0
14795,315,0
14796,301,0
14797,309,0
14798,308,0
14799,308,0
14800,315,0
14801,303,0
14802,301,0
14803,303,0
14804,307,0
14805,304,0
14806,304,0
14807,298,0
14808,301,0
14809,303,0
14810,309,0
14811,309,0
14812,308,0
14813,309,0
14814,302,0
14815,301,0
14816,298,0
14817,301,0
14818,313,0
14819,305,0
14820,298,0
14821,308,0
14822,312,0
14823,303,0
14824,311,0
14825,301,0
14826,301,0
14827,302,0
14828,305,0
14829,307,0
14830,294,0
14831,312,0
14832,293,0
14833,317,0
14834,302,0
14835,304,0
14836,300,0
14837,299,0
14838,299,0
14839,307,0
14840,297,0
14841,316,0
14842,307,0
14843,314,0
14844,301,0
14845,313,0
14846,313,0
14847,306,0
14848,294,0
14849,303,0
14850,304,0
14851,307,0
14852,309,0
14853,305,0
14854,305,0
14855,309,0
14856,303,0
14857,298,0
14858,303,0
14859,305,0
14860,299,0
14861,303,0
14862,311,0
14863,302,0
14864,305,0
14865,302,0
14866,303,0
14867,316,0
14868,309,0
14869,317,0
14870,308,0
14871,310,0
14872,305,0
14873,303,0
14874,302,0
14875,305,0
14876,307,0
14877,317,0
14878,307,0
14879,306,0
14880,306,0
14881,297,0
14882,306,0
14883,308,0
14884,303,0
14885,308,0
14886,301,0
14887,306,0
14888,306,0
14889,306,0
14890,310,0
14891,305,0
14892,313,0
14893,308,0
14894,301,0
14895,304,0
14896,308,0
14897,299,0
14898,299,0
14899,304,0
14900,308,0
14901,306,0
14902,299,0
14903,307,0
14904,306,0
14905,304,0
14906,306,0
14907,304,0
14908,306,0
14909,304,0
14910,307,0
14911,304,0
14912,310,0
14913,304,0
14914,311,0
14915,316,0
14916,310,0
14917,311,0
14918,313,0
14919,309,0
14920,308,0
14921,311,0
14922,310,0
14923,303,0
14924,314,0
14925,305,0
14926,316,0
14927,312,0
14928,305,0
14929,300,0
14930,304,0
14931,299,0
14932,309,0
14933,311,0
14934,309,0
14935,313,0
14936,308,0
14937,301,0
14938,312,0
14939,306,0
14940,301,0
14941,298,0
14942,303,0
14943,311,0
14944,306,0
14945,309,0
14946,300,0
14947,307,0
14948,309,0
14949,302,0
14950,300,0
14951,306,0
14952,298,0
14953,308,0
14954,305,0
14955,296,0
14956,300,0
14957,302,0
14958,306,0
14959,305,0
14960,310,0
14961,307,0
14962,299,0
14963,300,0
14964,303,0
14965,295,0
14966,308,0
14967,300,0
14968,314,0
14969,301,0
14970,308,0
14971,294,0
14972,292,0
14973,305,0
14974,302,0
14975,302,0
14976,303,0
14977,301,0
14978,311,0
14979,301,0
14980,310,0
14981,306,0
14982,305,0
14983,305,0
14984,307,0
14985,293,0
14986,317,0
14987,304,0
14988,307,0
14989,306,0
14990,305,0
14991,305,0
14992,313,0
14993,298,0
14994,306,0
14995,307,0
14996,306,0
14997,297,0
14998,296,0
14999,308,0
15000,312,0
15001,309,0
15002,299,0
15003,312,0
15004,311,0
15005,305,0
15006,300,0
15007,303,0
15008,298,0
15009,306,0
15010,310,0
15011,308,0
15012,303,0
15013,300,0
15014,304,0
15015,315,0
15016,304,0
15017,307,0
15018,299,0
15019,310,0
15020,309,0
15021,301,0
15022,298,0
15023,304,0
15024,298,0
15025,298,0
15026,306,0
15027,302,0
15028,312,0
15029,301,0
15030,304,0
15031,307,0
15032,304,0
15033,305,0
15034,306,0
15035,309,0
15036,309,0
15037,308,0
15038,306,0
15039,302,0
15040,307,0
15041,309,0
15042,311,0
15043,306,0
15044,308,0
15045,310,0
15046,310,0
15047,301,0
15048,307,0
15049,306,0
15050,310,0
15051,304,0
15052,307,0
15053,314,0
15054,312,0
15055,308,0
15056,310,0
15057,303,0
15058,307,0
15059,311,0
15060,307,0
15061,297,0
15062,307,0
15063,309,0
15064,302,0
15065,308,0
15066,300,0
15067,305,0
15068,304,0
15069,301,0
15070,308,0
15071,311,0
15072,298,0
15073,305,0
15074,310,0
15075,299,0
15076,303,0
15077,302,0
15078,311,0
15079,311,0
15080,326,0
15081,302,0
15082,308,0
15083,301,0
15084,297,0
15085,298,0
15086,315,0
15087,305,0
15088,301,0
15089,299,0
15090,297,0
15091,311,0
15092,302,0
15093,291,0
15094,309,0
15095,308,0
15096,307,0
15097,311,0
15098,313,0
15099,306,0
15100,308,0
15101,304,0
15102,315,0
15103,305,0
15104,306,0
15105,310,0
15106,306,0
15107,313,0
15108,314,0
15109,309,0
15110,308,0
15111,316,0
15112,301,0
15113,309,0
15114,299,0
15115,301,0
15116,310,0
15117,307,0
15118,303,0
15119,307,0
15120,303,0
15121,307,0
15122,303,0
15123,311,0
15124,301,0
15125,307,0
15126,295,0
15127,303,0
15128,303,0
15129,303,0
15130,309,0
15131,306,0
15132,315,0
15133,308,0
15134,297,0
15135,303,0
15136,307,0
15137,315,0
15138,303,0
15139,306,0
15140,303,0
15141,305,0
15142,303,0
15143,312,0
15144,307,0
15145,309,0
15146,309,0
15147,303,0
15148,307,0
15149,314,0
15150,307,0
15151,304,0
15152,314,0
15153,309,0
15154,307,0
15155,319,0
15156,300,0
15157,301,0
15158,306,0
15159,304,0
15160,300,0
15161,311,0
15162,315,0
15163,298,0
15164,304,0
15165,300,0
15166,303,0
15167,308,0
15168,305,0
15169,303,0
15170,307,0
15171,313,0
15172,302,0
15173,312,0
15174,303,0
15175,301,0
15176,307,0
15177,310,0
15178,300,0
15179,309,0
15180,296,0
15181,306,0
15182,308,0
15183,304,0
15184,304,0
15185,304,0
15186,310,0
15187,312,0
15188,305,0
15189,309,0
15190,309,0
15191,305,0
15192,313,0
15193,304,0
15194,303,0
15195,302,0
15196,297,0
15197,297,0
15198,300,0
15199,307,0
15200,304,0
15201,299,0
15202,305,0
15203,301,0
15204,307,0
15205,300,0
15206,300,0
15207,310,0
15208,308,0
15209,300,0
15210,309,0
15211,306,0
15212,313,0
15213,311,0
15214,311,0
15215,309,0
15216,302,0
15217,311,0
15218,318,0
15219,311,0
15220,310,0
15221,301,0
15222,296,0
15223,309,0
15224,311,0
15225,303,0
15226,307,0
15227,310,0
15228,292,0
15229,305,0
15230,311,0
15231,312,0
15232,303,0
15233,304,0
15234,310,0
15235,304,0
15236,299,0
15237,304,0
15238,298,0
15239,313,0
15240,306,0
15241,309,0
15242,305,0
15243,304,0
15244,294,0
15245,306,0
15246,307,0
15247,305,0
15248,311,0
15249,306,0
15250,318,0
15251,309,0
15252,300,0
15253,309,0
15254,310,0
15255,307,0
15256,306,0
15257,300,0
15258,300,0
15259,309,0
15260,301,0
15261,314,0
15262,302,0
15263,311,0
15264,303,0
15265,306,0
15266,306,0
15267,307,0
15268,315,0
15269,300,0
15270,307,0
15271,304,0
15272,295,0
15273,310,0
15274,306,0
15275,305,0
15276,311,0
15277,301,0
15278,310,0
15279,308,0
15280,321,0
15281,310,0
15282,302,0
15283,305,0
15284,310,0
15285,299,0
15286,311,0
15287,309,0
15288,315,0
15289,309,0
15290,305,0
15291,306,0
15292,310,0
15293,308,0
15294,306,0
15295,308,0
15296,314,0
15297,304,0
15298,303,0
15299,313,0
15300,306,0
15301,301,0
15302,305,0
15303,303,0
15304,302,0
15305,304,0
15306,310,0
15307,302,0
15308,301,0
15309,302,0
15310,295,0
15311,307,0
15312,304,0
15313,306,0
15314,303,0
15315,306,0
15316,308,0
15317,310,0
15318,312,0
15319,307,0
15320,308,0
15321,307,0
15322,307,0
15323,309,0
15324,307,0
15325,304,0
15326,300,0
15327,309,0
15328,308,0
15329,293,0
15330,309,0
15331,305,0
15332,304,0
15333,305,0
15334,303,0
15335,307,0
15336,300,0
15337,298,0
15338,306,0
15339,305,0
15340,314,0
15341,305,0
15342,297,0
15343,303,0
15344,309,0
15345,306,0
15346,308,0
15347,307,0
15348,303,0
15349,306,0
15350,300,0
15351,321,0
15352,308,0
15353,306,0
15354,300,0
15355,311,0
15356,305,0
15357,307,0
15358,311,0
15359,293,0
15360,316,0
15361,306,0
15362,306,0
15363,303,0
15364,300,0
15365,301,0
15366,307,0
15367,317,0
15368,317,0
15369,319,0
15370,311,0
15371,307,0
15372,309,0
15373,309,0
15374,312,0
15375,304,0
15376,313,0
15377,301,0
15378,310,0
15379,308,0
15380,309,0
15381,310,0
15382,305,0
15383,304,0
15384,303,0
15385,310,0
15386,301,0
15387,312,0
15388,311,0
15389,315,0
15390,308,0
15391,308,0
15392,302,0
15393,315,0
15394,305,0
15395,306,0
15396,301,0
15397,300,0
15398,314,0
15399,298,0
15400,301,0
15401,309,0
15402,322,0
15403,310,0
15404,306,0
15405,306,0
15406,308,0
15407,312,0
15408,320,0
15409,306,0
15410,313,0
15411,307,0
15412,305,0
15413,305,0
15414,307,0
15415,308,0
15416,315,0
15417,306,0
15418,306,0
15419,300,0
15420,298,0
15421,307,0
15422,306,0
15423,306,0
15424,309,0
15425,302,0
15426,309,0
15427,305,0
15428,311,0
15429,309,0
15430,305,0
15431,305,0
15432,306,0
15433,305,0
15434,309,0
15435,299,0
15436,305,0
15437,301,0
15438,305,0
15439,316,0
15440,300,0
15441,310,0
15442,312,0
15443,300,0
15444,312,0
15445,305,0
15446,308,0
15447,305,0
15448,307,0
15449,306,0
15450,308,0
15451,302,0
15452,302,0
15453,306,0
15454,316,0
15455,303,0
15456,311,0
15457,297,0
15458,309,0
15459,302,0
15460,304,0
15461,309,0
15462,311,0
15463,311,0
15464,303,0
15465,312,0
15466,302,0
15467,314,0
15468,300,0
15469,308,0
15470,310,0
15471,312,0
15472,299,0
15473,316,0
15474,307,0
15475,306,0
15476,305,0
15477,317,0
15478,314,0
15479,305,0
15480,296,0
15481,304,0
15482,303,0
15483,305,0
15484,309,0
15485,303,0
15486,306,0
15487,305,0
15488,313,0
15489,312,0
15490,303,0
15491,308,0
15492,303,0
15493,306,0
15494,306,0
15495,311,0
15496,319,0
15497,302,0
15498,309,0
15499,306,0
15500,307,0
15501,308,0
15502,310,0
15503,318,0
15504,307,0
15505,311,0
15506,317,0
15507,302,0
15508,307,0
15509,299,0
15510,301,0
15511,304,0
15512,310,0
15513,304,0
15514,309,0
15515,302,0
15516,305,0
15517,314,0
15518,308,0
15519,313,0
15520,306,0
15521,309,0
15522,302,0
15523,296,0
15524,309,0
15525,312,0
15526,309,0
15527,301,0
15528,308,0
15529,298,0
15530,304,0
15531,322,0
15532,301,0
15533,303,0
15534,306,0
15535,311,0
15536,305,0
15537,303,0
15538,306,0
15539,302,0
15540,307,0
15541,305,0
15542,306,0
15543,301,0
15544,310,0
15545,313,0
15546,302,0
15547,299,0
15548,306,0
15549,311,0
15550,310,0
15551,304,0
15552,318,0
15553,304,0
15554,313,0
15555,315,0
15556,307,0
15557,305,0
15558,308,0
15559,312,0
15560,298,0
15561,303,0
15562,308,0
15563,316,0
15564,303,0
15565,306,0
15566,307,0
15567,297,0
15568,314,0
15569,307,0
15570,311,0
15571,304,0
15572,307,0
15573,318,0
15574,312,0
15575,304,0
15576,304,0
15577,310,0
15578,308,0
15579,311,0
15580,309,0
15581,297,0
15582,309,0
15583,308,0
15584,306,0
15585,308,0
15586,303,0
15587,313,0
15588,300,0
15589,301,0
15590,323,0
15591,304,0
15592,309,0
15593,306,0
15594,302,0
15595,312,0
15596,304,0
15597,303,0
15598,308,0
15599,309,0
15600,310,0
15601,303,0
15602,306,0
15603,312,0
15604,304,0
15605,308,0
15606,318,0
15607,302,0
15608,303,0
15609,305,0
15610,294,0
15611,309,0
15612,308,0
15613,308,0
15614,310,0
15615,300,0
15616,304,0
15617,301,0
15618,304,0
15619,303,0
15620,306,0
15621,305,0
15622,315,0
15623,312,0
15624,304,0
15625,306,0
15626,302,0
15627,306,0
15628,298,0
15629,306,0
15630,300,0
15631,304,0
15632,306,0
15633,305,0
15634,313,0
15635,302,0
15636,299,0
15637,310,0
15638,311,0
15639,302,0
15640,306,0
15641,301,0
15642,302,0
15643,312,0
15644,305,0
15645,305,0
15646,312,0
15647,301,0
15648,304,0
15649,302,0
15650,307,0
15651,303,0
15652,305,0
15653,310,0
15654,297,0
15655,307,0
15656,307,0
15657,303,0
15658,302,0
15659,310,0
15660,312,0
15661,310,0
15662,306,0
15663,298,0
15664,314,0
15665,313,0
15666,310,0
15667,303,0
15668,307,0
15669,314,0
15670,301,0
15671,301,0
15672,307,0
15673,302,0
15674,304,0
15675,304,0
15676,298,0
15677,307,0
15678,314,0
15679,304,0
15680,315,0
15681,304,0
15682,310,0
15683,317,0
15684,303,0
15685,314,0
15686,308,0
15687,315,0
15688,303,0
15689,311,0
15690,307,0
15691,311,0
15692,306,0
15693,309,0
15694,308,0
15695,297,0
15696,300,0
15697,308,0
15698,304,0
15699,294,0
15700,312,0
15701,300,0
15702,310,0
15703,305,0
15704,304,0
15705,311,0
15706,305,0
15707,306,0
15708,303,0
15709,305,0
15710,304,0
15711,313,0
15712,298,0
15713,308,0
15714,301,0
15715,300,0
15716,300,0
15717,305,0
15718,311,0
15719,304,0
15720,309,0
15721,310,0
15722,306,0
15723,308,0
15724,297,0
15725,298,0
15726,317,0
15727,302,0
15728,293,0
15729,309,0
15730,304,0
15731,308,0
15732,303,0
15733,302,0
15734,310,0
15735,301,0
15736,308,0
15737,308,0
15738,314,0
15739,312,0
15740,303,0
15741,308,0
15742,307,0
15743,312,0
15744,315,0
15745,306,0
15746,302,0
15747,307,0
15748,303,0
15749,310,0
15750,312,0
15751,301,0
15752,314,0
15753,304,0
15754,298,0
15755,306,0
15756,311,0
15757,305,0
15758,320,0
15759,298,0
15760,313,0
15761,303,0
15762,305,0
15763,309,0
15764,298,0
15765,306,0
15766,298,0
15767,307,0
15768,301,0
15769,310,0
15770,307,0
15771,315,0
15772,311,0
15773,301,0
15774,308,0
15775,307,0
15776,311,0
15777,305,0
15778,304,0
15779,314,0
15780,306,0
15781,315,0
15782,310,0
15783,302,0
15784,305,0
15785,311,0
15786,304,0
15787,308,0
15788,312,0
15789,310,0
15790,305,0
15791,301,0
15792,307,0
15793,313,0
15794,310,0
15795,311,0
15796,319,0
15797,319,0
15798,313,0
15799,309,0
15800,300,0
15801,305,0
15802,304,0
15803,306,0
15804,310,0
15805,300,0
15806,308,0
15807,309,0
15808,311,0
15809,305,0
15810,310,0
15811,307,0
15812,305,0
15813,309,0
15814,313,0
15815,307,0
15816,304,0
15817,306,0
15818,305,0
15819,295,0
15820,310,0
15821,311,0
15822,306,0
15823,309,0
15824,302,0
15825,305,0
15826,314,0
15827,300,0
15828,310,0
15829,317,0
15830,296,0
15831,309,0
15832,304,0
15833,312,0
15834,302,0
15835,308,0
15836,309,0
15837,302,0
15838,316,0
15839,311,0
15840,309,0
15841,299,0
15842,298,0
15843,303,0
15844,309,0
15845,308,0
15846,306,0
15847,303,0
15848,309,0
15849,308,0
15850,312,0
15851,307,0
15852,303,0
15853,310,0
15854,309,0
15855,315,0
15856,318,0
15857,309,0
15858,307,0
15859,314,0
15860,311,0
15861,299,0
15862,317,0
15863,312,0
15864,307,0
15865,317,0
15866,302,0
15867,306,0
15868,304,0
15869,309,0
15870,314,0
15871,307,0
15872,307,0
15873,307,0
15874,300,0
15875,301,0
15876,306,0
15877,306,0
15878,300,0
15879,310,0
15880,310,0
15881,309,0
15882,310,0
15883,308,0
15884,313,0
15885,303,0
15886,303,0
15887,311,0
15888,308,0
15889,294,0
15890,312,0
15891,313,0
15892,314,0
15893,312,0
15894,311,0
15895,318,0
15896,302,0
15897,312,0
15898,303,0
15899,312,0
15900,310,0
15901,302,0
15902,305,0
15903,304,0
15904,309,0
15905,313,0
15906,307,0
15907,301,0
15908,304,0
15909,298,0
15910,299,0
15911,304,0
15912,312,0
15913,303,0
15914,309,0
15915,307,0
15916,314,0
15917,302,0
15918,308,0
15919,309,0
15920,304,0
15921,313,0
15922,313,0
15923,311,0
15924,306,0
15925,310,0
15926,305,0
15927,307,0
15928,318,0
15929,297,0
15930,312,0
15931,299,0
15932,312,0
15933,309,0
15934,313,0
15935,306,0
15936,304,0
15937,308,0
15938,302,0
15939,311,0
15940,317,0
15941,300,0
15942,310,0
15943,309,0
15944,302,0
15945,306,0
15946,315,0
15947,304,0
15948,310,0
15949,310,0
15950,299,0
15951,317,0
15952,305,0
15953,300,0
15954,305,0
15955,298,0
15956,312,0
15957,307,0
15958,307,0
15959,309,0
15960,310,0
15961,308,0
15962,308,0
15963,311,0
15964,304,0
15965,303,0
15966,304,0
15967,300,0
15968,306,0
15969,306,0
15970,305,0
15971,301,0
15972,307,0
15973,312,0
15974,299,0
15975,308,0
15976,309,0
15977,305,0
15978,318,0
15979,307,0
15980,303,0
15981,306,0
15982,315,0
15983,312,0
15984,306,0
15985,303,0
15986,311,0
15987,312,0
15988,303,0
15989,302,0
15990,315,0
15991,305,0
15992,310,0
15993,311,0
15994,302,0
15995,313,0
15996,301,0
15997,303,0
15998,315,0
15999,306,0
16000,305,0
16001,312,0
16002,306,0
16003,309,0
16004,310,0
16005,309,0
16006,300,0
16007,306,0
16008,305,0
16009,311,0
16010,304,0
16011,311,0
16012,306,0
16013,313,0
16014,300,0
16015,303,0
16016,305,0
16017,309,0
16018,308,0
16019,303,0
16020,308,0
16021,308,0
16022,296,0
16023,301,0
16024,307,0
16025,313,0
16026,312,0
16027,311,0
16028,307,0
16029,305,0
16030,306,0
16031,307,0
16032,307,0
16033,302,0
16034,302,0
16035,303,0
16036,309,0
16037,301,0
16038,307,0
16039,312,0
16040,307,0
16041,313,0
16042,304,0
16043,312,0
16044,301,0
16045,313,0
16046,310,0
16047,312,0
16048,304,0
16049,309,0
16050,312,0
16051,314,0
16052,309,0
16053,309,0
16054,310,0
16055,302,0
16056,298,0
16057,308,0
16058,310,0
16059,308,0
16060,315,0
16061,313,0
16062,304,0
16063,300,0
16064,302,0
16065,302,0
16066,310,0
16067,303,0
16068,309,0
16069,313,0
16070,311,0
16071,297,0
16072,308,0
16073,308,0
16074,310,0
16075,307,0
16076,311,0
16077,302,0
16078,310,0
16079,302,0
16080,301,0
16081,305,0
16082,313,0
16083,305,0
16084,312,0
16085,307,0
16086,302,0
16087,302,0
16088,310,0
16089,305,0
16090,294,0
16091,306,0
16092,306,0
16093,311,0
16094,303,0
16095,311,0
16096,312,0
16097,306,0
16098,308,0
16099,319,0
16100,311,0
16101,305,0
16102,301,0
16103,300,0
16104,312,0
16105,307,0
16106,311,0
16107,305,0
16108,306,0
16109,301,0
16110,314,0
16111,304,0
16112,309,0
16113,308,0
16114,305,0
16115,313,0
16116,315,0
16117,307,0
16118,307,0
16119,311,0
16120,303,0
16121,303,0
16122,312,0
16123,304,0
16124,308,0
16125,305,0
16126,299,0
16127,308,0
16128,309,0
16129,305,0
16130,303,0
16131,310,0
16132,311,0
16133,307,0
16134,308,0
16135,306,0
16136,304,0
16137,303,0
16138,303,0
16139,299,0
16140,307,0
16141,315,0
16142,308,0
16143,310,0
16144,312,0
16145,304,0
16146,308,0
16147,305,0
16148,306,0
16149,307,0
16150,305,0
16151,309,0
16152,307,0
16153,307,0
16154,302,0
16155,307,0
16156,308,0
16157,304,0
16158,307,0
16159,306,0
16160,302,0
16161,303,0
16162,311,0
16163,313,0
16164,305,0
16165,303,0
16166,304,0
16167,300,0
16168,311,0
16169,307,0
16170,312,0
16171,310,0
16172,313,0
16173,307,0
16174,302,0
16175,308,0
16176,297,0
16177,303,0
16178,307,0
16179,309,0
16180,308,0
16181,308,0
16182,308,0
16183,301,0
16184,307,0
16185,307,0
16186,303,0
16187,320,0
16188,311,0
16189,302,0
16190,310,0
16191,300,0
16192,311,0
16193,302,0
16194,301,0
16195,304,0
16196,307,0
16197,307,0
16198,303,0
16199,305,0
16200,308,0
16201,299,0
16202,311,0
16203,299,0
16204,306,0
16205,316,0
16206,307,0
16207,303,0
16208,304,0
16209,305,0
16210,307,0
16211,311,0
16212,305,0
16213,308,0
16214,310,0
16215,313,0
16216,305,0
16217,307,0
16218,304,0
16219,302,0
16220,311,0
16221,305,0
16222,308,0
16223,299,0
16224,310,0
16225,305,0
16226,308,0
16227,313,0
16228,311,0
16229,311,0
16230,305,0
16231,309,0
16232,303,0
16233,309,0
16234,311,0
16235,313,0
16236,304,0
16237,307,0
16238,309,0
16239,305,0
16240,312,0
16241,318,0
16242,310,0
16243,309,0
16244,299,0
16245,304,0
16246,305,0
16247,307,0
16248,306,0
16249,304,0
16250,306,0
16251,296,0
16252,308,0
16253,304,0
16254,308,0
16255,302,0
16256,308,0
16257,302,0
16258,299,0
16259,312,0
16260,312,0
16261,311,0
16262,304,0
16263,313,0
16264,304,0
16265,308,0
16266,301,0
16267,320,0
16268,310,0
16269,309,0
16270,310,0
16271,306,0
16272,311,0
16273,303,0
16274,308,0
16275,303,0
16276,307,0
16277,304,0
16278,303,0
16279,304,0
16280,305,0
16281,304,0
16282,313,0
16283,311,0
16284,315,0
16285,312,0
16286,306,0
16287,309,0
16288,304,0
16289,315,0
16290,309,0
16291,310,0
16292,308,0
16293,303,0
16294,304,0
16295,313,0
16296,291,0
16297,312,0
16298,311,0
16299,312,0
16300,309,0
16301,311,0
16302,306,0
16303,302,0
16304,313,0
16305,303,0
16306,297,0
16307,302,0
16308,312,0
16309,305,0
16310,303,0
16311,309,0
16312,310,0
16313,311,0
16314,304,0
16315,304,0
16316,314,0
16317,311,0
16318,312,0
16319,302,0
16320,301,0
16321,307,0
16322,316,0
16323,302,0
16324,304,0
16325,309,0
16326,304,0
16327,312,0
16328,309,0
16329,308,0
16330,303,0
16331,314,0
16332,310,0
16333,307,0
16334,301,0
16335,298,0
16336,298,0
16337,309,0
16338,307,0
16339,303,0
16340,318,0
16341,310,0
16342,309,0
16343,302,0
16344,301,0
16345,300,0
16346,309,0
16347,308,0
16348,307,0
16349,312,0
16350,310,0
16351,307,0
16352,304,0
16353,308,0
16354,312,0
16355,304,0
16356,301,0
16357,304,0
16358,307,0
16359,302,0
16360,305,0
16361,315,0
16362,311,0
16363,312,0
16364,313,0
16365,301,0
16366,308,0
16367,318,0
16368,307,0
16369,305,0
16370,307,0
16371,305,0
16372,304,0
16373,301,0
16374,320,0
16375,303,0
16376,305,0
16377,303,0
16378,311,0
16379,317,0
16380,314,0
16381,297,0
16382,310,0
16383,310,0
16384,304,0
16385,298,0
16386,312,0
16387,300,0
16388,304,0
16389,302,0
16390,304,0
16391,300,0
16392,298,0
16393,308,0
16394,315,0
16395,306,0
16396,306,0
16397,304,0
16398,304,0
16399,312,0
16400,315,0
16401,316,0
16402,309,0
16403,300,0
16404,307,0
16405,308,0
16406,312,0
16407,311,0
16408,305,0
16409,306,0
16410,304,0
16411,305,0
16412,302,0
16413,304,0
16414,302,0
16415,315,0
16416,306,0
16417,311,0
16418,309,0
16419,311,0
16420,314,0
16421,306,0
16422,306,0
16423,310,0
16424,301,0
16425,316,0
16426,315,0
16427,310,0
16428,309,0
16429,312,0
16430,306,0
16431,305,0
16432,316,0
16433,309,0
16434,314,0
16435,314,0
16436,305,0
16437,306,0
16438,313,0
16439,309,0
16440,308,0
16441,310,0
16442,301,0
16443,308,0
16444,306,0
16445,302,0
16446,306,0
16447,311,0
16448,307,0
16449,311,0
16450,310,0
16451,306,0
16452,298,0
16453,302,0
16454,312,0
16455,322,0
16456,299,0
16457,297,0
16458,308,0
16459,311,0
16460,318,0
16461,312,0
16462,303,0
16463,311,0
16464,298,0
16465,312,0
16466,305,0
16467,301,0
16468,305,0
16469,316,0
16470,301,0
16471,305,0
16472,299,0
16473,304,0
16474,315,0
16475,301,0
16476,311,0
16477,301,0
16478,301,0
16479,306,0
16480,306,0
16481,306,0
16482,305,0
16483,309,0
16484,298,0
16485,308,0
16486,305,0
16487,307,0
16488,308,0
16489,306,0
16490,316,0
16491,318,0
16492,306,0
16493,304,0
16494,307,0
16495,312,0
16496,308,0
16497,310,0
16498,311,0
16499,308,0
16500,302,0
16501,312,0
16502,307,0
16503,312,0
16504,304,0
16505,305,0
16506,307,0
16507,310,0
16508,315,0
16509,310,0
16510,307,0
16511,306,0
16512,312,0
16513,310,0
16514,304,0
16515,299,0
16516,308,0
16517,311,0
16518,315,0
16519,312,0
16520,311,0
16521,301,0
16522,309,0
16523,304,0
16524,305,0
16525,310,0
16526,305,0
16527,310,0
16528,310,0
16529,308,0
16530,310,0
16531,302,0
16532,307,0
16533,310,0
16534,308,0
16535,307,0
16536,306,0
16537,313,0
16538,307,0
16539,312,0
16540,308,0
16541,300,0
16542,309,0
16543,318,0
16544,305,0
16545,312,0
16546,311,0
16547,303,0
16548,306,0
16549,303,0
16550,306,0
16551,305,0
16552,308,0
16553,310,0
16554,319,0
16555,302,0
16556,311,0
16557,312,0
16558,300,0
16559,313,0
16560,306,0
16561,302,0
16562,303,0
16563,313,0
16564,304,0
16565,303,0
16566,307,0
16567,312,0
16568,310,0
16569,309,0
16570,312,0
16571,314,0
16572,307,0
16573,302,0
16574,305,0
16575,314,0
16576,308,0
16577,312,0
16578,308,0
16579,300,0
16580,303,0
16581,301,0
16582,319,0
16583,304,0
16584,312,0
16585,311,0
16586,310,0
16587,306,0
16588,311,0
16589,313,0
16590,318,0
16591,318,0
16592,309,0
16593,302,0
16594,308,0
16595,310,0
16596,315,0
16597,311,0
16598,307,0
16599,312,0
16600,316,0
16601,306,0
16602,311,0
16603,305,0
16604,303,0
16605,305,0
16606,309,0
16607,306,0
16608,305,0
16609,317,0
16610,314,0
16611,312,0
16612,303,0
16613,310,0
16614,303,0
16615,304,0
16616,309,0
16617,305,0
16618,299,0
16619,312,0
16620,301,0
16621,311,0
16622,302,0
16623,303,0
16624,304,0
16625,311,0
16626,308,0
16627,309,0
16628,314,0
16629,305,0
16630,303,0
16631,320,0
16632,308,0
16633,312,0
16634,311,0
16635,309,0
16636,300,0
16637,303,0
16638,303,0
16639,309,0
16640,306,0
16641,306,0
16642,305,0
16643,310,0
16644,306,0
16645,308,0
16646,301,0
16647,311,0
16648,314,0
16649,304,0
16650,303,0
16651,313,0
16652,316,0
16653,304,0
16654,305,0
16655,306,0
16656,314,0
16657,306,0
16658,311,0
16659,304,0
16660,306,0
16661,306,0
16662,302,0
16663,297,0
16664,306,0
16665,303,0
16666,310,0
16667,314,0
16668,305,0
16669,310,0
16670,311,0
16671,311,0
16672,318,0
16673,312,0
16674,310,0
16675,312,0
16676,311,0
16677,313,0
16678,308,0
16679,307,0
16680,314,0
16681,294,0
16682,304,0
16683,302,0
16684,308,0
16685,315,0
16686,317,0
16687,310,0
16688,314,0
16689,312,0
16690,302,0
16691,311,0
16692,300,0
16693,303,0
16694,311,0
16695,311,0
16696,306,0
16697,308,0
16698,298,0
16699,306,0
16700,303,0
16701,306,0
16702,310,0
16703,311,0
16704,309,0
16705,312,0
16706,312,0
16707,307,0
16708,309,0
16709,307,0
16710,317,0
16711,307,0
16712,304,0
16713,298,0
16714,306,0
16715,300,0
16716,309,0
16717,305,0
16718,298,0
16719,307,0
16720,310,0
16721,312,0
16722,309,0
16723,305,0
16724,305,0
16725,312,0
16726,302,0
16727,299,0
16728,309,0
16729,301,0
16730,304,0
16731,300,0
16732,311,0
16733,309,0
16734,305,0
16735,305,0
16736,309,0
16737,294,0
16738,305,0
16739,307,0
16740,313,0
16741,309,0
16742,316,0
16743,309,0
16744,311,0
16745,304,0
16746,307,0
16747,311,0
16748,310,0
16749,312,0
16750,303,0
16751,300,0
16752,305,0
16753,316,0
16754,312,0
16755,304,0
16756,302,0
16757,309,0
16758,305,0
16759,312,0
16760,304,0
16761,310,0
16762,308,0
16763,306,0
16764,313,0
16765,299,0
16766,320,0
16767,314,0
16768,309,0
16769,310,0
16770,308,0
16771,315,0
16772,307,0
16773,300,0
16774,300,0
16775,312,0
16776,303,0
16777,311,0
16778,309,0
16779,310,0
16780,308,0
16781,308,0
16782,305,0
16783,305,0
16784,315,0
16785,301,0
16786,309,0
16787,309,0
16788,311,0
16789,303,0
16790,312,0
16791,313,0
16792,305,0
16793,303,0
16794,311,0
16795,304,0
16796,301,0
16797,310,0
16798,317,0
16799,299,0
16800,308,0
16801,303,0
16802,304,0
16803,310,0
16804,302,0
16805,299,0
16806,313,0
16807,307,0
16808,304,0
16809,313,0
16810,308,0
16811,313,0
16812,311,0
16813,303,0
16814,305,0
16815,307,0
16816,302,0
16817,303,0
16818,305,0
16819,316,0
16820,301,0
16821,308,0
16822,299,0
16823,312,0
16824,309,0
16825,308,0
16826,310,0
16827,312,0
16828,309,0
16829,302,0
16830,308,0
16831,309,0
16832,314,0
16833,307,0
16834,314,0
16835,304,0
16836,302,0
16837,314,0
16838,302,0
16839,311,0
16840,312,0
16841,304,0
16842,317,0
16843,314,0
16844,314,0
16845,311,0
16846,309,0
16847,313,0
16848,308,0
16849,306,0
16850,305,0
16851,318,0
16852,302,0
16853,306,0
16854,305,0
16855,302,0
16856,312,0
16857,293,0
16858,305,0
16859,311,0
16860,307,0
16861,296,0
16862,308,0
16863,314,0
16864,304,0
16865,308,0
16866,306,0
16867,311,0
16868,309,0
16869,311,0
16870,301,0
16871,298,0
16872,305,0
16873,309,0
16874,305,0
16875,311,0
16876,309,0
16877,303,0
16878,305,0
16879,310,0
16880,309,0
16881,305,0
16882,314,0
16883,314,0
16884,303,0
16885,311,0
16886,310,0
16887,301,0
16888,317,0
16889,310,0
16890,306,0
16891,309,0
16892,321,0
16893,312,0
16894,311,0
16895,305,0
16896,305,0
16897,313,0
16898,310,0
16899,298,0
16900,307,0
16901,301,0
16902,305,0
16903,315,0
16904,312,0
16905,301,0
16906,315,0
16907,308,0
16908,310,0
16909,313,0
16910,309,0
16911,308,0
16912,311,0
16913,306,0
16914,311,0
16915,310,0
16916,303,0
16917,311,0
16918,312,0
16919,308,0
16920,307,0
16921,317,0
16922,303,0
16923,317,0
16924,305,0
16925,313,0
16926,305,0
16927,307,0
16928,316,0
16929,307,0
16930,309,0
16931,319,0
16932,315,0
16933,309,0
16934,308,0
16935,311,0
16936,301,0
16937,305,0
16938,317,0
16939,310,0
16940,307,0
16941,303,0
16942,304,0
16943,314,0
16944,307,0
16945,320,0
16946,307,0
16947,307,0
16948,311,0
16949,308,0
16950,309,0
16951,299,0
16952,309,0
16953,317,0
16954,306,0
16955,308,0
16956,319,0
16957,307,0
16958,304,0
16959,318,0
16960,320,0
16961,303,0
16962,313,0
16963,311,0
16964,310,0
16965,302,0
16966,304,0
16967,303,0
16968,316,0
16969,307,0
16970,305,0
16971,315,0
16972,316,0
16973,304,0
16974,309,0
16975,302,0
16976,310,0
16977,309,0
16978,306,0
16979,317,0
16980,309,0
16981,307,0
16982,322,0
16983,314,0
16984,305,0
16985,316,0
16986,309,0
16987,309,0
16988,306,0
16989,311,0
16990,313,0
16991,302,0
16992,307,0
16993,304,0
16994,304,0
16995,305,0
16996,306,0
16997,305,0
16998,309,0
16999,314,0
17000,309,0
17001,307,0
17002,308,0
17003,312,0
17004,313,0
17005,309,0
17006,317,0
17007,306,0
17008,316,0
17009,304,0
17010,305,0
17011,314,0
17012,311,0
17013,311,0
17014,304,0
17015,303,0
17016,316,0
17017,307,0
17018,311,0
17019,314,0
17020,305,0
17021,303,0
17022,303,0
17023,297,0
17024,311,0
17025,310,0
17026,302,0
17027,311,0
17028,297,0
17029,306,0
17030,309,0
17031,305,0
17032,314,0
17033,308,0
17034,313,0
17035,310,0
17036,302,0
17037,302,0
17038,308,0
17039,315,0
17040,309,0
17041,306,0
17042,307,0
17043,301,0
17044,315,0
17045,311,0
17046,311,0
17047,315,0
17048,308,0
17049,312,0
17050,299,0
17051,301,0
17052,317,0
17053,313,0
17054,314,0
17055,306,0
17056,312,0
17057,305,0
17058,308,0
17059,313,0
17060,298,0
17061,308,0
17062,305,0
17063,308,0
17064,311,0
17065,311,0
17066,314,0
17067,304,0
17068,309,0
17069,321,0
17070,317,0
17071,316,0
17072,313,0
17073,307,0
17074,314,0
17075,305,0
17076,309,0
17077,300,0
17078,308,0
17079,315,0
17080,304,0
17081,295,0
17082,303,0
17083,309,0
17084,306,0
17085,311,0
17086,311,0
17087,299,0
17088,309,0
17089,301,0
17090,311,0
17091,307,0
17092,310,0
17093,302,0
17094,313,0
17095,304,0
17096,308,0
17097,310,0
17098,313,0
17099,313,0
17100,301,0
17101,306,0
17102,314,0
17103,314,0
17104,318,0
17105,311,0
17106,312,0
17107,301,0
17108,309,0
17109,319,0
17110,305,0
17111,304,0
17112,304,0
17113,304,0
17114,308,0
17115,306,0
17116,308,0
17117,316,0
17118,306,0
17119,312,0
17120,314,0
17121,306,0
17122,304,0
17123,307,0
17124,309,0
17125,310,0
17126,314,0
17127,303,0
17128,310,0
17129,302,0
17130,306,0
17131,300,0
17132,310,0
17133,305,0
17134,312,0
17135,312,0
17136,306,0
17137,318,0
17138,303,0
17139,313,0
17140,307,0
17141,310,0
17142,295,0
17143,300,0
17144,320,0
17145,311,0
17146,316,0
17147,307,0
17148,310,0
17149,314,0
17150,303,0
17151,310,0
17152,307,0
17153,326,0
17154,318,0
17155,312,0
17156,302,0
17157,311,0
17158,304,0
17159,307,0
17160,307,0
17161,305,0
17162,299,0
17163,308,0
17164,307,0
17165,310,0
17166,310,0
17167,302,0
17168,310,0
17169,304,0
17170,306,0
17171,314,0
17172,319,0
17173,316,0
17174,308,0
17175,310,0
17176,313,0
17177,314,0
17178,305,0
17179,306,0
17180,309,0
17181,311,0
17182,310,0
17183,306,0
17184,306,0
17185,312,0
17186,307,0
17187,314,0
17188,301,0
17189,299,0
17190,309,0
17191,310,0
17192,304,0
17193,313,0
17194,316,0
17195,314,0
17196,312,0
17197,305,0
17198,306,0
17199,309,0
17200,310,0
17201,305,0
17202,300,0
17203,303,0
17204,309,0
17205,302,0
17206,310,0
17207,307,0
17208,311,0
17209,308,0
17210,315,0
17211,306,0
17212,311,0
17213,304,0
17214,302,0
17215,306,0
17216,306,0
17217,307,0
17218,307,0
17219,295,0
17220,311,0
17221,300,0
17222,308,0
17223,311,0
17224,306,0
17225,311,0
17226,308,0
17227,309,0
17228,308,0
17229,306,0
17230,296,0
17231,305,0
17232,303,0
17233,307,0
17234,308,0
17235,301,0
17236,309,0
17237,310,0
17238,306,0
17239,307,0
17240,303,0
17241,305,0
17242,302,0
17243,305,0
17244,310,0
17245,308,0
17246,311,0
17247,313,0
17248,312,0
17249,306,0
17250,311,0
17251,307,0
17252,306,0
17253,305,0
17254,305,0
17255,299,0
17256,316,0
17257,307,0
17258,307,0
17259,309,0
17260,299,0
17261,308,0
17262,306,0
17263,309,0
17264,301,0
17265,314,0
17266,307,0
17267,305,0
17268,304,0
17269,310,0
17270,309,0
17271,308,0
17272,311,0
17273,313,0
17274,310,0
17275,316,0
17276,313,0
17277,304,0
17278,303,0
17279,316,0
17280,307,0
17281,321,0
17282,318,0
17283,307,0
17284,314,0
17285,307,0
17286,306,0
17287,308,0
17288,313,0
17289,314,0
17290,302,0
17291,310,0
17292,314,0
17293,310,0
17294,300,0
17295,310,0
17296,302,0
17297,308,0
17298,307,0
17299,311,0
17300,307,0
17301,302,0
17302,304,0
17303,311,0
17304,308,0
17305,307,0
17306,314,0
17307,318,0
17308,298,0
17309,302,0
17310,304,0
17311,306,0
17312,306,0
17313,311,0
17314,313,0
17315,305,0
17316,312,0
17317,305,0
17318,314,0
17319,299,0
17320,319,0
17321,306,0
17322,305,0
17323,312,0
17324,312,0
17325,307,0
17326,314,0
17327,309,0
17328,306,0
17329,285,0
17330,318,0
17331,311,0
17332,307,0
17333,310,0
17334,307,0
17335,308,0
17336,308,0
17337,307,0
17338,304,0
17339,313,0
17340,305,0
17341,308,0
17342,310,0
17343,312,0
17344,304,0
17345,305,0
17346,316,0
17347,307,0
17348,318,0
17349,307,0
17350,299,0
17351,310,0
17352,316,0
17353,306,0
17354,313,0
17355,297,0
17356,303,0
17357,312,0
17358,304,0
17359,306,0
17360,315,0
17361,308,0
17362,306,0
17363,319,0
17364,315,0
17365,311,0
17366,323,0
17367,315,0
17368,305,0
17369,308,0
17370,304,0
17371,309,0
17372,305,0
17373,316,0
17374,307,0
17375,304,0
17376,306,0
17377,301,0
17378,312,0
17379,307,0
17380,304,0
17381,304,0
17382,318,0
17383,304,0
17384,310,0
17385,305,0
17386,315,0
17387,310,0
17388,299,0
17389,307,0
17390,316,0
17391,311,0
17392,298,0
17393,301,0
17394,313,0
17395,308,0
17396,310,0
17397,313,0
17398,312,0
17399,316,0
17400,321,0
17401,299,0
17402,310,0
17403,302,0
17404,313,0
17405,317,0
17406,305,0
17407,307,0
17408,306,0
17409,312,0
17410,307,0
17411,306,0
17412,312,0
17413,312,0
17414,309,0
17415,306,0
17416,313,0
17417,312,0
17418,307,0
17419,301,0
17420,313,0
17421,315,0
17422,312,0
17423,306,0
17424,309,0
17425,310,0
17426,310,0
17427,309,0
17428,304,0
17429,305,0
17430,305,0
17431,312,0
17432,305,0
17433,301,0
17434,304,0
17435,313,0
17436,307,0
17437,317,0
17438,311,0
17439,306,0
17440,312,0
17441,304,0
17442,302,0
17443,296,0
17444,296,0
17445,313,0
17446,309,0
17447,310,0
17448,313,0
17449,304,0
17450,311,0
17451,307,0
17452,313,0
17453,302,0
17454,314,0
17455,309,0
17456,306,0
17457,312,0
17458,305,0
17459,303,0
17460,313,0
17461,308,0
17462,306,0
17463,305,0
17464,311,0
17465,308,0
17466,308,0
17467,318,0
17468,312,0
17469,311,0
17470,301,0
17471,310,0
17472,308,0
17473,308,0
17474,317,0
17475,298,0
17476,306,0
17477,314,0
17478,308,0
17479,303,0
17480,315,0
17481,313,0
17482,307,0
17483,305,0
17484,315,0
17485,317,0
17486,306,0
17487,304,0
17488,303,0
17489,306,0
17490,309,0
17491,319,0
17492,305,0
17493,308,0
17494,307,0
17495,313,0
17496,315,0
17497,308,0
17498,314,0
17499,311,0
17500,308,0
17501,312,0
17502,304,0
17503,308,0
17504,310,0
17505,311,0
17506,310,0
17507,309,0
17508,308,0
17509,317,0
17510,307,0
17511,322,0
17512,316,0
17513,302,0
17514,308,0
17515,305,0
17516,317,0
17517,305,0
17518,312,0
17519,309,0
17520,305,0
17521,311,0
17522,310,0
17523,306,0
17524,304,0
17525,309,0
17526,315,0
17527,303,0
17528,318,0
17529,306,0
17530,307,0
17531,301,0
17532,311,0
17533,310,0
17534,309,0
17535,320,0
17536,316,0
17537,310,0
17538,309,0
17539,307,0
17540,314,0
17541,305,0
17542,310,0
17543,310,0
17544,316,0
17545,306,0
17546,308,0
17547,309,0
17548,311,0
17549,313,0
17550,308,0
17551,302,0
17552,306,0
17553,308,0
17554,309,0
17555,309,0
17556,312,0
17557,310,0
17558,301,0
17559,307,0
17560,311,0
17561,313,0
17562,312,0
17563,309,0
17564,313,0
17565,311,0
17566,314,0
17567,304,0
17568,310,0
17569,318,0
17570,312,0
17571,301,0
17572,305,0
17573,305,0
17574,307,0
17575,306,0
17576,311,0
17577,309,0
17578,316,0
17579,319,0
17580,315,0
17581,312,0
17582,309,0
17583,310,0
17584,309,0
17585,309,0
17586,317,0
17587,313,0
17588,304,0
17589,303,0
17590,315,0
17591,314,0
17592,304,0
17593,307,0
17594,318,0
17595,305,0
17596,313,0
17597,301,0
17598,313,0
17599,310,0
17600,309,0
17601,320,0
17602,312,0
17603,308,0
17604,304,0
17605,302,0
17606,313,0
17607,305,0
17608,301,0
17609,313,0
17610,319,0
17611,314,0
17612,306,0
17613,315,0
17614,306,0
17615,304,0
17616,314,0
17617,310,0
17618,308,0
17619,312,0
17620,312,0
17621,307,0
17622,309,0
17623,317,0
17624,306,0
17625,315,0
17626,309,0
17627,308,0
17628,313,0
17629,314,0
17630,294,0
17631,318,0
17632,312,0
17633,312,0
17634,313,0
17635,314,0
17636,312,0
17637,308,0
17638,313,0
17639,309,0
17640,312,0
17641,309,0
17642,310,0
17643,317,0
17644,309,0
17645,313,0
17646,315,0
17647,309,0
17648,314,0
17649,312,0
17650,312,0
17651,314,0
17652,309,0
17653,318,0
17654,310,0
17655,317,0
17656,313,0
17657,301,0
17658,308,0
17659,310,0
17660,311,0
17661,309,0
17662,310,0
17663,303,0
17664,311,0
17665,307,0
17666,309,0
17667,315,0
17668,313,0
17669,310,0
17670,312,0
17671,313,0
17672,313,0
17673,309,0
17674,312,0
17675,316,0
17676,318,0
17677,307,0
17678,306,0
17679,303,0
17680,313,0
17681,300,0
17682,312,0
17683,316,0
17684,308,0
17685,306,0
17686,312,0
17687,308,0
17688,305,0
17689,316,0
17690,314,0
17691,311,0
17692,304,0
17693,314,0
17694,315,0
17695,312,0
17696,315,0
17697,304,0
17698,309,0
17699,314,0
17700,294,0
17701,305,0
17702,320,0
17703,313,0
17704,301,0
17705,315,0
17706,313,0
17707,315,0
17708,311,0
17709,316,0
17710,313,0
17711,305,0
17712,305,0
17713,311,0
17714,317,0
17715,312,0
17716,304,0
17717,307,0
17718,313,0
17719,307,0
17720,316,0
17721,310,0
17722,312,0
17723,310,0
17724,306,0
17725,319,0
17726,308,0
17727,304,0
17728,303,0
17729,317,0
17730,312,0
17731,296,0
17732,307,0
17733,302,0
17734,303,0
17735,309,0
17736,312,0
17737,310,0
17738,308,0
17739,308,0
17740,308,0
17741,309,0
17742,304,0
17743,308,0
17744,298,0
17745,304,0
17746,321,0
17747,311,0
17748,316,0
17749,304,0
17750,312,0
17751,307,0
17752,314,0
17753,306,0
17754,310,0
17755,313,0
17756,300,0
17757,316,0
17758,310,0
17759,304,0
17760,300,0
17761,309,0
17762,308,0
17763,313,0
17764,305,0
17765,298,0
17766,314,0
17767,317,0
17768,306,0
17769,318,0
17770,312,0
17771,308,0
17772,313,0
17773,303,0
17774,309,0
17775,315,0
17776,305,0
17777,315,0
17778,306,0
17779,315,0
17780,314,0
17781,307,0
17782,305,0
17783,311,0
17784,318,0
17785,310,0
17786,312,0
17787,306,0
17788,307,0
17789,307,0
17790,303,0
17791,316,0
17792,306,0
17793,304,0
17794,311,0
17795,310,0
17796,320,0
17797,304,0
17798,306,0
17799,307,0
17800,307,0
17801,306,0
17802,318,0
17803,311,0
17804,309,0
17805,317,0
17806,310,0
17807,312,0
17808,311,0
17809,311,0
17810,313,0
17811,309,0
17812,310,0
17813,316,0
17814,317,0
17815,309,0
17816,303,0
17817,311,0
17818,313,0
17819,319,0
17820,311,0
17821,311,0
17822,305,0
17823,303,0
17824,302,0
17825,313,0
17826,312,0
17827,308,0
17828,316,0
17829,310,0
17830,308,0
17831,311,0
17832,312,0
17833,301,0
17834,324,0
17835,314,0
17836,309,0
17837,297,0
17838,315,0
17839,306,0
17840,313,0
17841,314,0
17842,307,0
17843,310,0
17844,309,0
17845,307,0
17846,309,0
17847,303,0
17848,306,0
17849,302,0
17850,320,0
17851,317,0
17852,314,0
17853,311,0
17854,312,0
17855,305,0
17856,312,0
17857,315,0
17858,312,0
17859,309,0
17860,311,0
17861,311,0
17862,319,0
17863,308,0
17864,312,0
17865,306,0
17866,306,0
17867,312,0
17868,308,0
17869,304,0
17870,309,0
17871,311,0
17872,308,0
17873,314,0
17874,305,0
17875,313,0
17876,312,0
17877,310,0
17878,302,0
17879,311,0
17880,310,0
17881,313,0
17882,317,0
17883,311,0
17884,309,0
17885,316,0
17886,304,0
17887,306,0
17888,304,0
17889,314,0
17890,315,0
17891,313,0
17892,302,0
17893,316,0
17894,304,0
17895,322,0
17896,310,0
17897,320,0
17898,307,0
17899,319,0
17900,311,0
17901,303,0
17902,310,0
17903,306,0
17904,306,0
17905,303,0
17906,308,0
17907,317,0
17908,303,0
17909,313,0
17910,306,0
17911,311,0
17912,307,0
17913,302,0
17914,321,0
17915,304,0
17916,311,0
17917,313,0
17918,305,0
17919,301,0
17920,321,0
17921,304,0
17922,314,0
17923,321,0
17924,303,0
17925,311,0
17926,311,0
17927,306,0
17928,314,0
17929,320,0
17930,313,0
17931,309,0
17932,310,0
17933,311,0
17934,308,0
17935,319,0
17936,317,0
17937,310,0
17938,307,0
17939,311,0
17940,318,0
17941,301,0
17942,307,0
17943,301,0
17944,319,0
17945,310,0
17946,306,0
17947,311,0
17948,312,0
17949,316,0
17950,306,0
17951,310,0
17952,306,0
17953,307,0
17954,305,0
17955,301,0
17956,304,0
17957,301,0
17958,311,0
17959,307,0
17960,314,0
17961,316,0
17962,310,0
17963,300,0
17964,315,0
17965,317,0
17966,308,0
17967,301,0
17968,316,0
17969,313,0
17970,304,0
17971,305,0
17972,315,0
17973,303,0
17974,313,0
17975,300,0
17976,308,0
17977,312,0
17978,308,0
17979,308,0
17980,313,0
17981,312,0
17982,312,0
17983,305,0
17984,313,0
17985,310,0
17986,307,0
17987,311,0
17988,310,0
17989,302,0
17990,306,0
17991,313,0
17992,308,0
17993,315,0
17994,313,0
17995,297,0
17996,307,0
17997,309,0
17998,311,0
17999,308,0
18000,314,0
18001,315,0
18002,310,0
18003,314,0
18004,297,0
18005,309,0
18006,301,0
18007,311,0
18008,318,0
18009,313,0
18010,307,0
18011,317,0
18012,309,0
18013,305,0
18014,315,0
18015,322,0
18016,315,0
18017,304,0
18018,304,0
18019,313,0
18020,315,0
18021,312,0
18022,312,0
18023,321,0
18024,302,0
18025,302,0
18026,317,0
18027,310,0
18028,308,0
18029,307,0
18030,303,0
18031,310,0
18032,314,0
18033,318,0
18034,305,0
18035,318,0
18036,310,0
18037,295,0
18038,311,0
18039,315,0
18040,311,0
18041,314,0
18042,309,0
18043,319,0
18044,309,0
18045,309,0
18046,311,0
18047,312,0
18048,300,0
18049,311,0
18050,306,0
18051,311,0
18052,313,0
18053,310,0
18054,304,0
18055,303,0
18056,307,0
18057,311,0
18058,306,0
18059,312,0
18060,303,0
18061,311,0
18062,310,0
18063,309,0
18064,312,0
18065,314,0
18066,316,0
18067,314,0
18068,307,0
18069,303,0
18070,308,0
18071,311,0
18072,310,0
18073,310,0
18074,310,0
18075,302,0
18076,310,0
18077,304,0
18078,308,0
18079,307,0
18080,315,0
18081,306,0
18082,311,0
18083,304,0
18084,313,0
18085,312,0
18086,309,0
18087,311,0
18088,314,0
18089,318,0
18090,304,0
18091,308,0
18092,309,0
18093,318,0
18094,316,0
18095,306,0
18096,318,0
18097,298,0
18098,312,0
18099,308,0
18100,311,0
18101,308,0
18102,310,0
18103,310,0
18104,304,0
18105,313,0
18106,306,0
18107,314,0
18108,301,0
18109,311,0
18110,305,0
18111,312,0
18112,315,0
18113,308,0
18114,298,0
18115,312,0
18116,312,0
18117,311,0
18118,314,0
18119,309,0
18120,310,0
18121,312,0
18122,306,0
18123,312,0
18124,308,0
18125,320,0
18126,306,0
18127,297,0
18128,317,0
18129,315,0
18130,314,0
18131,309,0
18132,313,0
18133,309,0
18134,309,0
18135,303,0
18136,305,0
18137,314,0
18138,304,0
18139,316,0
18140,315,0
18141,303,0
18142,312,0
18143,301,0
18144,301,0
18145,319,0
18146,310,0
18147,313,0
18148,320,0
18149,312,0
18150,307,0
18151,307,0
18152,308,0
18153,315,0
18154,304,0
18155,318,0
18156,303,0
18157,315,0
18158,304,0
18159,311,0
18160,308,0
18161,305,0
18162,314,0
18163,304,0
18164,312,0
18165,311,0
18166,309,0
18167,309,0
18168,321,0
18169,312,0
18170,309,0
18171,313,0
18172,308,0
18173,310,0
18174,311,0
18175,307,0
18176,301,0
18177,316,0
18178,304,0
18179,307,0
18180,308,0
18181,310,0
18182,306,0
18183,307,0
18184,313,0
18185,307,0
18186,304,0
18187,311,0
18188,308,0
18189,309,0
18190,303,0
18191,313,0
18192,307,0
18193,317,0
18194,312,0
18195,306,0
18196,307,0
18197,310,0
18198,305,0
18199,311,0
18200,305,0
18201,312,0
18202,297,0
18203,311,0
18204,310,0
18205,310,0
18206,305,0
18207,309,0
18208,308,0
18209,315,0
18210,309,0
18211,309,0
18212,309,0
18213,304,0
18214,314,0
18215,308,0
18216,306,0
18217,310,0
18218,303,0
18219,310,0
18220,310,0
18221,305,0
18222,302,0
18223,307,0
18224,305,0
18225,319,0
18226,312,0
18227,303,0
18228,310,0
18229,309,0
18230,314,0
18231,312,0
18232,305,0
18233,304,0
18234,313,0
18235,302,0
18236,317,0
18237,304,0
18238,313,0
18239,297,0
18240,316,0
18241,312,0
18242,301,0
18243,314,0
18244,313,0
18245,309,0
18246,310,0
18247,312,0
18248,313,0
18249,305,0
18250,311,0
18251,305,0
18252,304,0
18253,315,0
18254,303,0
18255,305,0
18256,310,0
18257,310,0
18258,311,0
18259,306,0
18260,301,0
18261,309,0
18262,302,0
18263,298,0
18264,309,0
18265,311,0
18266,314,0
18267,300,0
18268,307,0
18269,304,0
18270,318,0
18271,317,0
18272,305,0
18273,305,0
18274,307,0
18275,316,0
18276,317,0
18277,308,0
18278,314,0
18279,303,0
18280,310,0
18281,318,0
18282,305,0
18283,311,0
18284,309,0
18285,305,0
18286,318,0
18287,309,0
18288,311,0
18289,307,0
18290,316,0
18291,312,0
18292,310,0
18293,315,0
18294,311,0
18295,305,0
18296,311,0
18297,315,0
18298,311,0
18299,304,0
18300,316,0
18301,319,0
18302,304,0
18303,307,0
18304,313,0
18305,317,0
18306,307,0
18307,310,0
18308,306,0
18309,313,0
18310,313,0
18311,312,0
18312,321,0
18313,313,0
18314,314,0
18315,315,0
18316,305,0
18317,308,0
18318,303,0
18319,305,0
18320,314,0
18321,311,0
18322,311,0
18323,316,0
18324,312,0
18325,318,0
18326,309,0
18327,315,0
18328,309,0
18329,302,0
18330,314,0
18331,310,0
18332,311,0
18333,318,0
18334,311,0
18335,310,0
18336,312,0
18337,315,0
18338,317,0
18339,312,0
18340,308,0
18341,309,0
18342,315,0
18343,310,0
18344,308,0
18345,311,0
18346,311,0
18347,310,0
18348,310,0
18349,301,0
18350,312,0
18351,302,0
18352,312,0
18353,306,0
18354,309,0
18355,313,0
18356,310,0
18357,304,0
18358,303,0
18359,311,0
18360,314,0
18361,305,0
18362,310,0
18363,317,0
18364,316,0
18365,316,0
18366,306,0
18367,315,0
18368,319,0
18369,307,0
18370,313,0
18371,308,0
18372,314,0
18373,312,0
18374,307,0
18375,319,0
18376,314,0
18377,300,0
18378,308,0
18379,314,0
18380,308,0
18381,315,0
18382,307,0
18383,315,0
18384,307,0
18385,306,0
18386,307,0
18387,312,0
18388,310,0
18389,310,0
18390,314,0
18391,315,0
18392,302,0
18393,307,0
18394,317,0
18395,311,0
18396,312,0
18397,304,0
18398,314,0
18399,310,0
18400,310,0
18401,316,0
18402,308,0
18403,297,0
18404,311,0
18405,308,0
18406,307,0
18407,303,0
18408,310,0
18409,310,0
18410,312,0
18411,311,0
18412,317,0
18413,310,0
18414,310,0
18415,301,0
18416,306,0
18417,303,0
18418,316,0
18419,304,0
18420,307,0
18421,320,0
18422,314,0
18423,315,0
18424,308,0
18425,306,0
18426,312,0
18427,308,0
18428,318,0
18429,320,0
18430,315,0
18431,318,0
18432,312,0
18433,306,0
18434,311,0
18435,314,0
18436,309,0
18437,302,0
18438,315,0
18439,310,0
18440,308,0
18441,302,0
18442,313,0
18443,320,0
18444,314,0
18445,312,0
18446,315,0
18447,309,0
18448,311,0
18449,308,0
18450,312,0
18451,306,0
18452,301,0
18453,307,0
18454,315,0
18455,308,0
18456,307,0
18457,310,0
18458,303,0
18459,312,0
18460,311,0
18461,305,0
18462,314,0
18463,307,0
18464,301,0
18465,313,0
18466,304,0
18467,312,0
18468,312,0
18469,319,0
18470,300,0
18471,320,0
18472,305,0
18473,313,0
18474,307,0
18475,306,0
18476,314,0
18477,316,0
18478,306,0
18479,314,0
18480,310,0
18481,313,0
18482,303,0
18483,313,0
18484,317,0
18485,312,0
18486,309,0
18487,307,0
18488,314,0
18489,309,0
18490,304,0
18491,316,0
18492,312,0
18493,309,0
18494,313,0
18495,311,0
18496,315,0
18497,311,0
18498,309,0
18499,313,0
18500,301,0
18501,311,0
18502,314,0
18503,317,0
18504,313,0
18505,301,0
18506,303,0
18507,317,0
18508,309,0
18509,304,0
18510,313,0
18511,302,0
18512,310,0
18513,316,0
18514,311,0
18515,306,0
18516,313,0
18517,311,0
18518,315,0
18519,314,0
18520,314,0
18521,305,0
18522,302,0
18523,305,0
18524,304,0
18525,318,0
18526,303,0
18527,305,0
18528,307,0
18529,316,0
18530,311,0
18531,303,0
18532,312,0
18533,315,0
18534,306,0
18535,310,0
18536,315,0
18537,312,0
18538,316,0
18539,310,0
18540,313,0
18541,313,0
18542,311,0
18543,310,0
18544,314,0
18545,310,0
18546,312,0
18547,309,0
18548,314,0
18549,305,0
18550,302,0
18551,310,0
18552,316,0
18553,308,0
18554,317,0
18555,310,0
18556,312,0
18557,314,0
18558,309,0
18559,317,0
18560,310,0
18561,317,0
18562,313,0
18563,310,0
18564,299,0
18565,312,0
18566,306,0
18567,303,0
18568,310,0
18569,308,0
18570,312,0
18571,306,0
18572,309,0
18573,310,0
18574,320,0
18575,307,0
18576,307,0
18577,307,0
18578,306,0
18579,305,0
18580,307,0
18581,312,0
18582,313,0
18583,320,0
18584,312,0
18585,321,0
18586,306,0
18587,321,0
18588,314,0
18589,302,0
18590,309,0
18591,308,0
18592,315,0
18593,317,0
18594,316,0
18595,297,0
18596,309,0
18597,310,0
18598,317,0
18599,312,0
18600,314,0
18601,313,0
18602,312,0
18603,305,0
18604,304,0
18605,317,0
18606,313,0
18607,312,0
18608,309,0
18609,312,0
18610,317,0
18611,309,0
18612,307,0
18613,311,0
18614,308,0
18615,321,0
18616,306,0
18617,325,0
18618,319,0
18619,302,0
18620,305,0
18621,308,0
18622,312,0
18623,315,0
18624,313,0
18625,309,0
18626,308,0
18627,310,0
18628,307,0
18629,314,0
18630,318,0
18631,315,0
18632,317,0
18633,315,0
18634,307,0
18635,310,0
18636,303,0
18637,305,0
18638,303,0
18639,309,0
18640,313,0
18641,307,0
18642,303,0
18643,296,0
18644,311,0
18645,308,0
18646,306,0
18647,305,0
18648,310,0
18649,314,0
18650,307,0
18651,314,0
18652,306,0
18653,300,0
18654,313,0
18655,312,0
18656,305,0
18657,317,0
18658,303,0
18659,314,0
18660,325,0
18661,316,0
18662,308,0
18663,309,0
18664,311,0
18665,313,0
18666,314,0
18667,308,0
18668,324,0
18669,299,0
18670,305,0
18671,315,0
18672,312,0
18673,313,0
18674,306,0
18675,304,0
18676,313,0
18677,310,0
18678,312,0
18679,312,0
18680,307,0
18681,302,0
18682,311,0
18683,306,0
18684,313,0
18685,312,0
18686,303,0
18687,313,0
18688,307,0
18689,305,0
18690,312,0
18691,316,0
18692,301,0
18693,306,0
18694,307,0
18695,306,0
18696,312,0
18697,314,0
18698,317,0
18699,309,0
18700,321,0
18701,310,0
18702,306,0
18703,311,0
18704,315,0
18705,313,0
18706,321,0
18707,311,0
18708,312,0
18709,304,0
18710,314,0
18711,316,0
18712,298,0
18713,321,0
18714,304,0
18715,304,0
18716,315,0
18717,303,0
18718,314,0
18719,315,0
18720,314,0
18721,309,0
18722,307,0
18723,307,0
18724,304,0
18725,303,0
18726,313,0
18727,308,0
18728,310,0
18729,305,0
18730,310,0
18731,318,0
18732,314,0
18733,316,0
18734,310,0
18735,305,0
18736,308,0
18737,312,0
18738,307,0
18739,305,0
18740,312,0
18741,309,0
18742,319,0
18743,320,0
18744,313,0
18745,308,0
18746,324,0
18747,314,0
18748,316,0
18749,314,0
18750,307,0
18751,311,0
18752,326,0
18753,317,0
18754,320,0
18755,312,0
18756,311,0
18757,309,0
18758,307,0
18759,314,0
18760,309,0
18761,311,0
18762,300,0
18763,309,0
18764,302,0
18765,316,0
18766,318,0
18767,310,0
18768,309,0
18769,311,0
18770,311,0
18771,315,0
18772,304,0
18773,303,0
18774,309,0
18775,310,0
18776,309,0
18777,316,0
18778,303,0
18779,318,0
18780,314,0
18781,307,0
18782,305,0
18783,312,0
18784,306,0
18785,304,0
18786,309,0
18787,314,0
18788,307,0
18789,310,0
18790,317,0
18791,315,0
18792,307,0
18793,312,0
18794,314,0
18795,318,0
18796,314,0
18797,305,0
18798,316,0
18799,312,0
18800,310,0
18801,311,0
18802,316,0
18803,316,0
18804,317,0
18805,311,0
18806,302,0
18807,313,0
18808,301,0
18809,317,0
18810,306,0
18811,317,0
18812,303,0
18813,312,0
18814,307,0
18815,308,0
18816,307,0
18817,322,0
18818,313,0
18819,305,0
18820,308,0
18821,310,0
18822,322,0
18823,309,0
18824,303,0
18825,320,0
18826,305,0
18827,313,0
18828,308,0
18829,305,0
18830,314,0
18831,320,0
18832,315,0
18833,318,0
18834,309,0
18835,312,0
18836,308,0
18837,309,0
18838,307,0
18839,318,0
18840,316,0
18841,310,0
18842,310,0
18843,311,0
18844,313,0
18845,309,0
18846,317,0
18847,314,0
18848,316,0
18849,312,0
18850,316,0
18851,311,0
18852,311,0
18853,303,0
18854,321,0
18855,307,0
18856,307,0
18857,307,0
18858,311,0
18859,314,0
18860,309,0
18861,317,0
18862,307,0
18863,313,0
18864,309,0
18865,312,0
18866,310,0
18867,312,0
18868,312,0
18869,314,0
18870,312,0
18871,318,0
18872,307,0
18873,313,0
18874,316,0
18875,311,0
18876,317,0
18877,303,0
18878,316,0
18879,309,0
18880,307,0
18881,312,0
18882,311,0
18883,316,0
18884,315,0
18885,313,0
18886,314,0
18887,307,0
18888,298,0
18889,305,0
18890,317,0
18891,304,0
18892,311,0
18893,312,0
18894,307,0
18895,314,0
18896,313,0
18897,315,0
18898,311,0
18899,307,0
18900,305,0
18901,299,0
18902,310,0
18903,306,0
18904,314,0
18905,306,0
18906,317,0
18907,311,0
18908,317,0
18909,306,0
18910,317,0
18911,312,0
18912,305,0
18913,312,0
18914,314,0
18915,310,0
18916,315,0
18917,318,0
18918,315,0
18919,311,0
18920,306,0
18921,303,0
18922,316,0
18923,308,0
18924,315,0
18925,312,0
18926,312,0
18927,314,0
18928,310,0
18929,309,0
18930,316,0
18931,316,0
18932,316,0
18933,312,0
18934,317,0
18935,315,0
18936,305,0
18937,312,0
18938,304,0
18939,315,0
18940,316,0
18941,311,0
18942,318,0
18943,309,0
18944,313,0
18945,318,0
18946,308,0
18947,318,0
18948,306,0
18949,313,0
18950,316,0
18951,306,0
18952,312,0
18953,304,0
18954,316,0
18955,311,0
18956,313,0
18957,310,0
18958,312,0
18959,309,0
18960,303,0
18961,304,0
18962,312,0
18963,309,0
18964,310,0
18965,310,0
18966,305,0
18967,316,0
18968,316,0
18969,307,0
18970,302,0
18971,318,0
18972,326,0
18973,309,0
18974,311,0
18975,313,0
18976,306,0
18977,305,0
18978,311,0
18979,306,0
18980,303,0
18981,308,0
18982,307,0
18983,311,0
18984,313,0
18985,312,0
18986,315,0
18987,317,0
18988,311,0
18989,308,0
18990,300,0
18991,307,0
18992,304,0
18993,309,0
18994,310,0
18995,317,0
18996,307,0
18997,323,0
18998,310,0
18999,312,0
19000,316,0
19001,301,0
19002,308,0
19003,316,0
19004,315,0
19005,317,0
19006,304,0
19007,321,0
19008,311,0
19009,308,0
19010,308,0
19011,317,0
19012,314,0
19013,316,0
19014,309,0
19015,319,0
19016,311,0
19017,320,0
19018,305,0
19019,319,0
19020,314,0
19021,314,0
19022,310,0
19023,313,0
19024,313,0
19025,300,0
19026,316,0
19027,312,0
19028,304,0
19029,312,0
19030,313,0
19031,314,0
19032,301,0
19033,308,0
19034,302,0
19035,317,0
19036,315,0
19037,307,0
19038,313,0
19039,317,0
19040,321,0
19041,308,0
19042,307,0
19043,310,0
19044,311,0
19045,311,0
19046,311,0
19047,304,0
19048,310,0
19049,307,0
19050,305,0
19051,302,0
19052,313,0
19053,309,0
19054,300,0
19055,313,0
19056,306,0
19057,302,0
19058,321,0
19059,318,0
19060,309,0
19061,307,0
19062,316,0
19063,311,0
19064,311,0
19065,310,0
19066,313,0
19067,315,0
19068,306,0
19069,315,0
19070,310,0
19071,309,0
19072,308,0
19073,313,0
19074,307,0
19075,315,0
19076,306,0
19077,314,0
19078,315,0
19079,307,0
19080,316,0
19081,316,0
19082,303,0
19083,311,0
19084,317,0
19085,313,0
19086,313,0
19087,310,0
19088,300,0
19089,311,0
19090,307,0
19091,312,0
19092,318,0
19093,313,0
19094,315,0
19095,312,0
19096,309,0
19097,317,0
19098,313,0
19099,309,0
19100,315,0
19101,313,0
19102,307,0
19103,313,0
19104,306,0
19105,315,0
19106,304,0
19107,309,0
19108,305,0
19109,305,0
19110,314,0
19111,307,0
19112,314,0
19113,301,0
19114,300,0
19115,313,0
19116,311,0
19117,313,0
19118,304,0
19119,318,0
19120,309,0
19121,311,0
19122,309,0
19123,308,0
19124,306,0
19125,304,0
19126,307,0
19127,318,0
19128,309,0
19129,315,0
19130,312,0
19131,323,0
19132,309,0
19133,313,0
19134,316,0
19135,310,0
19136,316,0
19137,307,0
19138,307,0
19139,305,0
19140,309,0
19141,309,0
19142,318,0
19143,316,0
19144,313,0
19145,316,0
19146,310,0
19147,307,0
19148,308,0
19149,315,0
19150,309,0
19151,309,0
19152,308,0
19153,310,0
19154,315,0
19155,310,0
19156,306,0
19157,301,0
19158,297,0
19159,307,0
19160,311,0
19161,311,0
19162,311,0
19163,315,0
19164,313,0
19165,309,0
19166,318,0
19167,313,0
19168,311,0
19169,303,0
19170,306,0
19171,309,0
19172,305,0
19173,306,0
19174,312,0
19175,309,0
19176,307,0
19177,319,0
19178,315,0
19179,311,0
19180,309,0
19181,316,0
19182,314,0
19183,313,0
19184,304,0
19185,314,0
19186,308,0
19187,314,0
19188,308,0
19189,312,0
19190,300,0
19191,305,0
19192,310,0
19193,317,0
19194,319,0
19195,320,0
19196,315,0
19197,314,0
19198,306,0
19199,312,0
19200,314,0
19201,313,0
19202,314,0
19203,311,0
19204,308,0
19205,316,0
19206,314,0
19207,313,0
19208,310,0
19209,312,0
19210,309,0
19211,310,0
19212,315,0
19213,311,0
19214,315,0
19215,303,0
19216,309,0
19217,308,0
19218,305,0
19219,312,0
19220,306,0
19221,314,0
19222,320,0
19223,298,0
19224,313,0
19225,313,0
19226,309,0
19227,313,0
19228,312,0
19229,309,0
19230,311,0
19231,312,0
19232,307,0
19233,311,0
19234,320,0
19235,308,0
19236,308,0
19237,313,0
19238,311,0
19239,318,0
19240,307,0
19241,314,0
19242,314,0
19243,309,0
19244,310,0
19245,309,0
19246,311,0
19247,311,0
19248,310,0
19249,312,0
19250,321,0
19251,318,0
19252,318,0
19253,312,0
19254,299,0
19255,312,0
19256,311,0
19257,314,0
19258,317,0
19259,305,0
19260,319,0
19261,308,0
19262,309,0
19263,307,0
19264,314,0
19265,308,0
19266,313,0
19267,311,0
19268,312,0
19269,306,0
19270,308,0
19271,309,0
19272,318,0
19273,318,0
19274,306,0
19275,313,0
19276,313,0
19277,316,0
19278,315,0
19279,313,0
19280,314,0
19281,301,0
19282,313,0
19283,313,0
19284,311,0
19285,304,0
19286,314,0
19287,314,0
19288,304,0
19289,309,0
19290,307,0
19291,315,0
19292,311,0
19293,311,0
19294,316,0
19295,315,0
19296,307,0
19297,312,0
19298,310,0
19299,314,0
19300,309,0
19301,319,0
19302,312,0
19303,303,0
19304,311,0
19305,321,0
19306,313,0
19307,309,0
19308,311,0
19309,321,0
19310,307,0
19311,300,0
19312,309,0
19313,312,0
19314,309,0
19315,314,0
19316,307,0
19317,312,0
19318,311,0
19319,316,0
19320,306,0
19321,321,0
19322,310,0
19323,307,0
19324,312,0
19325,315,0
19326,308,0
19327,303,0
19328,312,0
19329,310,0
19330,313,0
19331,312,0
19332,313,0
19333,303,0
19334,310,0
19335,311,0
19336,298,0
19337,309,0
19338,322,0
19339,311,0
19340,315,0
19341,310,0
19342,317,0
19343,310,0
19344,309,0
19345,305,0
19346,316,0
19347,308,0
19348,320,0
19349,318,0
19350,318,0
19351,320,0
19352,314,0
19353,313,0
19354,302,0
19355,308,0
19356,306,0
19357,307,0
19358,310,0
19359,304,0
19360,316,0
19361,310,0
19362,311,0
19363,308,0
19364,310,0
19365,310,0
19366,320,0
19367,312,0
19368,314,0
19369,315,0
19370,309,0
19371,312,0
19372,305,0
19373,310,0
19374,309,0
19375,301,0
19376,316,0
19377,310,0
19378,312,0
19379,315,0
19380,310,0
19381,313,0
19382,315,0
19383,298,0
19384,305,0
19385,316,0
19386,310,0
19387,310,0
19388,306,0
19389,309,0
19390,316,0
19391,313,0
19392,302,0
19393,310,0
19394,316,0
19395,319,0
19396,310,0
19397,305,0
19398,313,0
19399,310,0
19400,304,0
19401,308,0
19402,317,0
19403,310,0
19404,317,0
19405,312,0
19406,315,0
19407,303,0
19408,313,0
19409,310,0
19410,312,0
19411,319,0
19412,310,0
19413,302,0
19414,308,0
19415,315,0
19416,315,0
19417,311,0
19418,307,0
19419,305,0
19420,312,0
19421,316,0
19422,311,0
19423,315,0
19424,315,0
19425,314,0
19426,304,0
19427,306,0
19428,318,0
19429,318,0
19430,313,0
19431,309,0
19432,315,0
19433,307,0
19434,315,0
19435,307,0
19436,315,0
19437,307,0
19438,313,0
19439,318,0
19440,308,0
19441,316,0
19442,324,0
19443,313,0
19444,305,0
19445,297,0
19446,317,0
19447,309,0
19448,312,0
19449,314,0
19450,313,0
19451,310,0
19452,308,0
19453,313,0
19454,311,0
19455,310,0
19456,310,0
19457,311,0
19458,320,0
19459,319,0
19460,306,0
19461,315,0
19462,308,0
19463,305,0
19464,306,0
19465,321,0
19466,315,0
19467,318,0
19468,318,0
19469,320,0
19470,305,0
19471,310,0
19472,310,0
19473,308,0
19474,313,0
19475,319,0
19476,313,0
19477,317,0
19478,306,0
19479,320,0
19480,318,0
19481,315,0
19482,303,0
19483,306,0
19484,314,0
19485,304,0
19486,313,0
19487,306,0
19488,310,0
19489,308,0
19490,309,0
19491,309,0
19492,309,0
19493,307,0
19494,312,0
19495,315,0
19496,307,0
19497,307,0
19498,312,0
19499,303,0
19500,309,0
19501,311,0
19502,317,0
19503,309,0
19504,315,0
19505,309,0
19506,310,0
19507,309,0
19508,311,0
19509,312,0
19510,310,0
19511,301,0
19512,306,0
19513,318,0
19514,310,0
19515,318,0
19516,311,0
19517,310,0
19518,315,0
19519,311,0
19520,306,0
19521,317,0
19522,301,0
19523,316,0
19524,308,0
19525,324,0
19526,312,0
19527,327,0
19528,307,0
19529,306,0
19530,309,0
19531,309,0
19532,318,0
19533,317,0
19534,310,0
19535,311,0
19536,309,0
19537,309,0
19538,306,0
19539,311,0
19540,318,0
19541,324,0
19542,316,0
19543,299,0
19544,315,0
19545,316,0
19546,315,0
19547,309,0
19548,321,0
19549,310,0
19550,318,0
19551,315,0
19552,317,0
19553,319,0
19554,312,0
19555,309,0
19556,307,0
19557,312,0
19558,312,0
19559,307,0
19560,309,0
19561,314,0
19562,317,0
19563,310,0
19564,305,0
19565,314,0
19566,311,0
19567,315,0
19568,301,0
19569,312,0
19570,315,0
19571,312,0
19572,311,0
19573,310,0
19574,307,0
19575,299,0
19576,321,0
19577,318,0
19578,321,0
19579,311,0
19580,311,0
19581,310,0
19582,303,0
19583,308,0
19584,314,0
19585,313,0
19586,321,0
19587,309,0
19588,311,0
19589,306,0
19590,303,0
19591,300,0
19592,312,0
19593,314,0
19594,305,0
19595,306,0
19596,312,0
19597,311,0
19598,319,0
19599,307,0
19600,310,0
19601,318,0
19602,316,0
19603,304,0
19604,310,0
19605,302,0
19606,307,0
19607,303,0
19608,316,0
19609,301,0
19610,316,0
19611,309,0
19612,312,0
19613,312,0
19614,304,0
19615,317,0
19616,308,0
19617,320,0
19618,309,0
19619,306,0
19620,314,0
19621,308,0
19622,319,0
19623,313,0
19624,315,0
19625,310,0
19626,310,0
19627,321,0
19628,308,0
19629,308,0
19630,317,0
19631,313,0
19632,303,0
19633,318,0
19634,318,0
19635,314,0
19636,320,0
19637,309,0
19638,312,0
19639,317,0
19640,310,0
19641,313,0
19642,317,0
19643,310,0
19644,318,0
19645,301,0
19646,311,0
19647,307,0
19648,303,0
19649,308,0
19650,320,0
19651,311,0
19652,311,0
19653,315,0
19654,314,0
19655,313,0
19656,303,0
19657,308,0
19658,325,0
19659,317,0
19660,316,0
19661,316,0
19662,319,0
19663,315,0
19664,320,0
19665,317,0
19666,313,0
19667,306,0
19668,312,0
19669,311,0
19670,312,0
19671,313,0
19672,308,0
19673,314,0
19674,314,0
19675,317,0
19676,318,0
19677,314,0
19678,309,0
19679,319,0
19680,308,0
19681,306,0
19682,315,0
19683,307,0
19684,315,0
19685,309,0
19686,313,0
19687,314,0
19688,314,0
19689,315,0
19690,303,0
19691,320,0
19692,314,0
19693,319,0
19694,312,0
19695,315,0
19696,318,0
19697,315,0
19698,302,0
19699,310,0
19700,311,0
19701,304,0
19702,317,0
19703,312,0
19704,309,0
19705,313,0
19706,306,0
19707,306,0
19708,309,0
19709,315,0
19710,311,0
19711,309,0
19712,313,0
19713,307,0
19714,320,0
19715,304,0
19716,315,0
19717,316,0
19718,311,0
19719,305,0
19720,312,0
19721,315,0
19722,318,0
19723,307,0
19724,317,0
19725,321,0
19726,317,0
19727,309,0
19728,307,0
19729,308,0
19730,311,0
19731,313,0
19732,308,0
19733,312,0
19734,314,0
19735,320,0
19736,311,0
19737,313,0
19738,314,0
19739,307,0
19740,314,0
19741,313,0
19742,313,0
19743,310,0
19744,309,0
19745,307,0
19746,314,0
19747,307,0
19748,311,0
19749,301,0
19750,313,0
19751,318,0
19752,316,0
19753,308,0
19754,307,0
19755,311,0
19756,306,0
19757,315,0
19758,311,0
19759,314,0
19760,303,0
19761,304,0
19762,315,0
19763,307,0
19764,309,0
19765,313,0
19766,307,0
19767,313,0
19768,315,0
19769,314,0
19770,304,0
19771,321,0
19772,315,0
19773,311,0
19774,310,0
19775,313,0
19776,314,0
19777,307,0
19778,307,0
19779,307,0
19780,304,0
19781,308,0
19782,314,0
19783,309,0
19784,313,0
19785,314,0
19786,311,0
19787,313,0
19788,317,0
19789,314,0
19790,306,0
19791,321,0
19792,321,0
19793,315,0
19794,308,0
19795,313,0
19796,311,0
19797,308,0
19798,301,0
19799,316,0
19800,311,0
19801,304,0
19802,313,0
19803,299,0
19804,317,0
19805,311,0
19806,313,0
19807,317,0
19808,313,0
19809,312,0
19810,325,0
19811,310,0
19812,307,0
19813,316,0
19814,313,0
19815,315,0
19816,310,0
19817,310,0
19818,307,0
19819,310,0
19820,319,0
19821,315,0
19822,322,0
19823,306,0
19824,311,0
19825,319,0
19826,316,0
19827,308,0
19828,318,0
19829,311,0
19830,307,0
19831,311,0
19832,311,0
19833,306,0
19834,304,0
19835,319,0
19836,307,0
19837,320,0
19838,309,0
19839,301,0
19840,313,0
19841,306,0
19842,306,0
19843,317,0
19844,311,0
19845,303,0
19846,316,0
19847,315,0
19848,312,0
19849,306,0
19850,313,0
19851,314,0
19852,311,0
19853,305,0
19854,313,0
19855,314,0
19856,317,0
19857,311,0
19858,316,0
19859,307,0
19860,304,0
19861,312,0
19862,314,0
19863,315,0
19864,315,0
19865,303,0
19866,317,0
19867,312,0
19868,312,0
19869,316,0
19870,309,0
19871,310,0
19872,312,0
19873,301,0
19874,313,0
19875,314,0
19876,305,0
19877,323,0
19878,310,0
19879,321,0
19880,316,0
19881,314,0
19882,310,0
19883,321,0
19884,308,0
19885,301,0
19886,316,0
19887,313,0
19888,312,0
19889,312,0
19890,315,0
19891,327,0
19892,311,0
19893,313,0
19894,300,0
19895,314,0
19896,310,0
19897,304,0
19898,307,0
19899,316,0
19900,313,0
19901,310,0
19902,306,0
19903,320,0
19904,308,0
19905,319,0
19906,318,0
19907,315,0
19908,309,0
19909,298,0
19910,313,0
19911,305,0
19912,314,0
19913,303,0
19914,317,0
19915,309,0
19916,307,0
19917,309,0
19918,317,0
19919,312,0
19920,310,0
19921,303,0
19922,308,0
19923,308,0
19924,309,0
19925,315,0
19926,310,0
19927,317,0
19928,319,0
19929,322,0
19930,309,0
19931,320,0
19932,315,0
19933,305,0
19934,311,0
19935,308,0
19936,312,0
19937,302,0
19938,309,0
19939,316,0
19940,305,0
19941,311,0
19942,313,0
19943,311,0
19944,318,0
19945,314,0
19946,313,0
19947,304,0
19948,311,0
19949,314,0
19950,304,0
19951,317,0
19952,314,0
19953,300,0
19954,308,0
19955,318,0
19956,307,0
19957,317,0
19958,313,0
19959,314,0
19960,312,0
19961,303,0
19962,309,0
19963,321,0
19964,309,0
19965,314,0
19966,307,0
19967,309,0
19968,318,0
19969,310,0
19970,314,0
19971,314,0
19972,313,0
19973,308,0
19974,314,0
19975,305,0
19976,312,0
19977,318,0
19978,304,0
19979,321,0
19980,308,0
19981,310,0
19982,311,0
19983,308,0
19984,312,0
19985,311,0
19986,317,0
19987,315,0
19988,305,0
19989,305,0
19990,316,0
19991,303,0
19992,318,0
19993,313,0
19994,305,0
19995,301,0
19996,309,0
19997,306,0
19998,319,0
19999,315,0
20000,313,0
20001,310,0
20002,305,0
20003,307,0
20004,307,0
20005,305,0
20006,323,0
20007,310,0
20008,324,0
20009,313,0
20010,314,0
20011,308,0
20012,313,0
20013,314,0
20014,310,0
20015,310,0
20016,310,0
20017,320,0
20018,314,0
20019,317,0
20020,322,0
20021,304,0
20022,305,0
20023,320,0
20024,316,0
20025,303,0
20026,313,0
20027,314,0
20028,307,0
20029,314,0
20030,310,0
20031,308,0
20032,310,0
20033,321,0
20034,316,0
20035,316,0
20036,313,0
20037,307,0
20038,313,0
20039,318,0
20040,309,0
20041,309,0
20042,312,0
20043,311,0
20044,306,0
20045,311,0
20046,322,0
20047,309,0
20048,312,0
20049,315,0
20050,312,0
20051,309,0
20052,313,0
20053,312,0
20054,312,0
20055,325,0
20056,309,0
20057,314,0
20058,314,0
20059,313,0
20060,313,0
20061,310,0
20062,310,0
20063,313,0
20064,305,0
20065,312,0
20066,313,0
20067,309,0
20068,305,0
20069,316,0
20070,316,0
20071,306,0
20072,308,0
20073,323,0
20074,310,0
20075,305,0
20076,306,0
20077,316,0
20078,315,0
20079,306,0
20080,308,0
20081,318,0
20082,317,0
20083,309,0
20084,318,0
20085,321,0
20086,311,0
20087,303,0
20088,309,0
20089,313,0
20090,321,0
20091,311,0
20092,310,0
20093,313,0
20094,319,0
20095,319,0
20096,319,0
20097,318,0
20098,313,0
20099,308,0
20100,312,0
20101,313,0
20102,315,0
20103,315,0
20104,323,0
20105,309,0
20106,318,0
20107,310,0
20108,308,0
20109,311,0
20110,312,0
20111,307,0
20112,318,0
20113,313,0
20114,325,0
20115,316,0
20116,313,0
20117,313,0
20118,302,0
20119,320,0
20120,308,0
20121,315,0
20122,312,0
20123,308,0
20124,311,0
20125,314,0
20126,308,0
20127,310,0
20128,319,0
20129,309,0
20130,314,0
20131,307,0
20132,312,0
20133,314,0
20134,318,0
20135,310,0
20136,311,0
20137,313,0
20138,307,0
20139,310,0
20140,310,0
20141,318,0
20142,319,0
20143,315,0
20144,315,0
20145,299,0
20146,319,0
20147,312,0
20148,319,0
20149,309,0
20150,312,0
20151,310,0
20152,319,0
20153,308,0
20154,318,0
20155,313,0
20156,312,0
20157,316,0
20158,315,0
20159,313,0
20160,319,0
20161,313,0
20162,315,0
20163,311,0
20164,313,0
20165,312,0
20166,318,0
20167,309,0
20168,313,0
20169,310,0
20170,309,0
20171,317,0
20172,310,0
20173,313,0
20174,314,0
20175,310,0
20176,312,0
20177,312,0
20178,319,0
20179,319,0
20180,316,0
20181,315,0
20182,312,0
20183,308,0
20184,326,0
20185,311,0
20186,318,0
20187,316,0
20188,305,0
20189,314,0
20190,315,0
20191,307,0
20192,312,0
20193,314,0
20194,322,0
20195,316,0
20196,304,0
20197,316,0
20198,314,0
20199,319,0
20200,307,0
20201,307,0
20202,316,0
20203,314,0
20204,312,0
20205,307,0
20206,317,0
20207,301,0
20208,314,0
20209,306,0
20210,314,0
20211,314,0
20212,313,0
20213,307,0
20214,309,0
20215,319,0
20216,319,0
20217,315,0
20218,312,0
20219,313,0
20220,304,0
20221,310,0
20222,318,0
20223,312,0
20224,311,0
20225,313,0
20226,313,0
20227,317,0
20228,312,0
20229,309,0
20230,314,0
20231,311,0
20232,307,0
20233,309,0
20234,316,0
20235,321,0
20236,315,0
20237,312,0
20238,310,0
20239,316,0
20240,313,0
20241,314,0
20242,316,0
20243,313,0
20244,318,0
20245,310,0
20246,310,0
20247,311,0
20248,314,0
20249,318,0
20250,312,0
20251,318,0
20252,309,0
20253,317,0
20254,311,0
20255,315,0
20256,320,0
20257,316,0
20258,314,0
20259,318,0
20260,309,0
20261,314,0
20262,308,0
20263,304,0
20264,311,0
20265,310,0
20266,317,0
20267,311,0
20268,309,0
20269,307,0
20270,312,0
20271,305,0
20272,316,0
20273,312,0
20274,312,0
20275,310,0
20276,309,0
20277,304,0
20278,305,0
20279,317,0
20280,314,0
20281,315,0
20282,312,0
20283,311,0
20284,316,0
20285,320,0
20286,310,0
20287,309,0
20288,311,0
20289,311,0
20290,310,0
20291,305,0
20292,308,0
20293,310,0
20294,313,0
20295,313,0
20296,319,0
20297,307,0
20298,313,0
20299,307,0
20300,312,0
20301,314,0
20302,315,0
20303,316,0
20304,312,0
20305,322,0
20306,317,0
20307,303,0
20308,316,0
20309,315,0
20310,325,0
20311,318,0
20312,310,0
20313,317,0
20314,315,0
20315,310,0
20316,310,0
20317,305,0
20318,306,0
20319,312,0
20320,315,0
20321,313,0
20322,307,0
20323,312,0
20324,315,0
20325,309,0
20326,306,0
20327,306,0
20328,306,0
20329,307,0
20330,308,0
20331,312,0
20332,317,0
20333,317,0
20334,317,0
20335,315,0
20336,313,0
20337,307,0
20338,307,0
20339,316,0
20340,310,0
20341,325,0
20342,311,0
20343,310,0
20344,313,0
20345,309,0
20346,312,0
20347,302,0
20348,314,0
20349,311,0
20350,317,0
20351,310,0
20352,309,0
20353,311,0
20354,318,0
20355,327,0
20356,307,0
20357,323,0
20358,320,0
20359,302,0
20360,315,0
20361,320,0
20362,313,0
20363,310,0
20364,319,0
20365,312,0
20366,315,0
20367,303,0
20368,317,0
20369,314,0
20370,306,0
20371,308,0
20372,319,0
20373,304,0
20374,316,0
20375,315,0
20376,307,0
20377,308,0
20378,320,0
20379,323,0
20380,307,0
20381,320,0
20382,304,0
20383,304,0
20384,311,0
20385,313,0
20386,314,0
20387,315,0
20388,309,0
20389,315,0
20390,315,0
20391,322,0
20392,309,0
20393,321,0
20394,316,0
20395,308,0
20396,315,0
20397,306,0
20398,311,0
20399,302,0
20400,301,0
20401,321,0
20402,306,0
20403,319,0
20404,311,0
20405,308,0
20406,318,0
20407,310,0
20408,311,0
20409,306,0
20410,313,0
20411,318,0
20412,311,0
20413,314,0
20414,312,0
20415,321,0
20416,309,0
20417,316,0
20418,314,0
20419,313,0
20420,300,0
20421,303,0
20422,315,0
20423,311,0
20424,310,0
20425,319,0
20426,311,0
20427,305,0
20428,312,0
20429,326,0
20430,314,0
20431,308,0
20432,306,0
20433,309,0
20434,304,0
20435,318,0
20436,309,0
20437,312,0
20438,318,0
20439,312,0
20440,314,0
20441,312,0
20442,299,0
20443,311,0
20444,308,0
20445,310,0
20446,312,0
20447,311,0
20448,305,0
20449,317,0
20450,308,0
20451,319,0
20452,311,0
20453,312,0
20454,316,0
20455,320,0
20456,306,0
20457,313,0
20458,322,0
20459,316,0
20460,304,0
20461,314,0
20462,318,0
20463,307,0
20464,304,0
20465,312,0
20466,306,0
20467,317,0
20468,320,0
20469,310,0
20470,316,0
20471,305,0
20472,309,0
20473,314,0
20474,315,0
20475,308,0
20476,321,0
20477,317,0
20478,309,0
20479,313,0
20480,303,0
20481,302,0
20482,322,0
20483,309,0
20484,312,0
20485,309,0
20486,311,0
20487,307,0
20488,313,0
20489,315,0
20490,311,0
20491,311,0
20492,312,0
20493,313,0
20494,306,0
20495,306,0
20496,321,0
20497,311,0
20498,313,0
20499,306,0
20500,312,0
20501,304,0
20502,303,0
20503,312,0
20504,312,0
20505,310,0
20506,319,0
20507,309,0
20508,299,0
20509,312,0
20510,309,0
20511,308,0
20512,306,0
20513,306,0
20514,304,0
20515,307,0
20516,309,0
20517,311,0
20518,312,0
20519,321,0
20520,308,0
20521,313,0
20522,306,0
20523,309,0
20524,309,0
20525,308,0
20526,320,0
20527,311,0
20528,299,0
20529,319,0
20530,316,0
20531,314,0
20532,314,0
20533,319,0
20534,307,0
20535,312,0
20536,312,0
20537,310,0
20538,320,0
20539,311,0
20540,313,0
20541,311,0
20542,317,0
20543,309,0
20544,309,0
20545,317,0
20546,311,0
20547,316,0
20548,308,0
20549,316,0
20550,306,0
20551,310,0
20552,317,0
20553,299,0
20554,313,0
20555,310,0
20556,317,0
20557,310,0
20558,313,0
20559,313,0
20560,311,0
20561,310,0
20562,317,0
20563,316,0
20564,305,0
20565,315,0
20566,304,0
20567,319,0
20568,316,0
20569,314,0
20570,311,0
20571,318,0
20572,305,0
20573,313,0
20574,312,0
20575,317,0
20576,319,0
20577,314,0
20578,314,0
20579,308,0
20580,315,0
20581,315,0
20582,300,0
20583,315,0
20584,314,0
20585,309,0
20586,316,0
20587,312,0
20588,318,0
20589,312,0
20590,312,0
20591,316,0
20592,316,0
20593,314,0
20594,313,0
20595,308,0
20596,308,0
20597,316,0
20598,314,0
20599,309,0
20600,313,0
20601,311,0
20602,312,0
20603,314,0
20604,316,0
20605,314,0
20606,310,0
20607,310,0
20608,314,0
20609,317,0
20610,315,0
20611,319,0
20612,315,0
20613,311,0
20614,316,0
20615,315,0
20616,313,0
20617,317,0
20618,309,0
20619,308,0
20620,309,0
20621,313,0
20622,306,0
20623,303,0
20624,307,0
20625,307,0
20626,323,0
20627,316,0
20628,311,0
20629,318,0
20630,310,0
20631,313,0
20632,310,0
20633,307,0
20634,313,0
20635,320,0
20636,322,0
20637,305,0
20638,313,0
20639,313,0
20640,315,0
20641,313,0
20642,311,0
20643,315,0
20644,316,0
20645,323,0
20646,313,0
20647,303,0
20648,311,0
20649,318,0
20650,314,0
20651,315,0
20652,311,0
20653,312,0
20654,312,0
20655,307,0
20656,318,0
20657,315,0
20658,312,0
20659,324,0
20660,315,0
20661,318,0
20662,316,0
20663,305,0
20664,307,0
20665,304,0
20666,316,0
20667,326,0
20668,303,0
20669,314,0
20670,316,0
20671,312,0
20672,316,0
20673,306,0
20674,322,0
20675,306,0
20676,306,0
20677,309,0
20678,318,0
20679,317,0
20680,306,0
20681,314,0
20682,311,0
20683,306,0
20684,310,0
20685,322,0
20686,306,0
20687,318,0
20688,304,0
20689,304,0
20690,313,0
20691,316,0
20692,312,0
20693,307,0
20694,321,0
20695,319,0
20696,311,0
20697,308,0
20698,314,0
20699,310,0
20700,307,0
20701,309,0
20702,319,0
20703,307,0
20704,317,0
20705,311,0
20706,311,0
20707,310,0
20708,308,0
20709,312,0
20710,308,0
20711,308,0
20712,303,0
20713,321,0
20714,322,0
20715,311,0
20716,318,0
20717,317,0
20718,315,0
20719,314,0
20720,310,0
20721,316,0
20722,315,0
20723,317,0
20724,311,0
20725,304,0
20726,324,0
20727,318,0
20728,314,0
20729,326,0
20730,320,0
20731,310,0
20732,314,0
20733,309,0
20734,307,0
20735,319,0
20736,318,0
20737,313,0
20738,315,0
20739,302,0
20740,317,0
20741,312,0
20742,319,0
20743,315,0
20744,319,0
20745,307,0
20746,312,0
20747,314,0
20748,313,0
20749,305,0
20750,304,0
20751,311,0
20752,313,0
20753,318,0
20754,317,0
20755,329,0
20756,321,0
20757,308,0
20758,315,0
20759,312,0
20760,306,0
20761,309,0
20762,309,0
20763,315,0
20764,312,0
20765,309,0
20766,318,0
20767,310,0
20768,313,0
20769,311,0
20770,306,0
20771,314,0
20772,315,0
20773,312,0
20774,313,0
20775,306,0
20776,319,0
20777,308,0
20778,320,0
20779,315,0
20780,317,0
20781,306,0
20782,313,0
20783,320,0
20784,311,0
20785,324,0
20786,310,0
20787,312,0
20788,315,0
20789,313,0
20790,314,0
20791,313,0
20792,306,0
20793,314,0
20794,312,0
20795,315,0
20796,314,0
20797,318,0
20798,315,0
20799,312,0
20800,311,0
20801,306,0
20802,311,0
20803,311,0
20804,314,0
20805,308,0
20806,316,0
20807,309,0
20808,314,0
20809,315,0
20810,309,0
20811,310,0
20812,306,0
20813,311,0
20814,312,0
20815,305,0
20816,316,0
20817,312,0
20818,319,0
20819,315,0
20820,304,0
20821,318,0
20822,318,0
20823,310,0
20824,308,0
20825,314,0
20826,306,0
20827,314,0
20828,313,0
20829,307,0
20830,325,0
20831,314,0
20832,313,0
20833,314,0
20834,305,0
20835,317,0
20836,308,0
20837,306,0
20838,310,0
20839,314,0
20840,313,0
20841,311,0
20842,312,0
20843,315,0
20844,308,0
20845,320,0
20846,316,0
20847,306,0
20848,312,0
20849,313,0
20850,312,0
20851,314,0
20852,317,0
20853,308,0
20854,309,0
20855,318,0
20856,313,0
20857,312,0
20858,310,0
20859,311,0
20860,309,0
20861,312,0
20862,313,0
20863,320,0
20864,315,0
20865,317,0
20866,319,0
20867,312,0
20868,324,0
20869,304,0
20870,314,0
20871,314,0
20872,314,0
20873,319,0
20874,308,0
20875,317,0
20876,319,0
20877,313,0
20878,317,0
20879,313,0
20880,317,0
20881,311,0
20882,313,0
20883,315,0
20884,311,0
20885,319,0
20886,304,0
20887,319,0
20888,315,0
20889,314,0
20890,309,0
20891,317,0
20892,311,0
20893,317,0
20894,311,0
20895,311,0
20896,310,0
20897,314,0
20898,318,0
20899,315,0
20900,314,0
20901,310,0
20902,310,0
20903,320,0
20904,310,0
20905,311,0
20906,315,0
20907,304,0
20908,313,0
20909,308,0
20910,310,0
20911,307,0
20912,310,0
20913,311,0
20914,311,0
20915,315,0
20916,316,0
20917,312,0
20918,315,0
20919,314,0
20920,309,0
20921,314,0
20922,318,0
20923,309,0
20924,313,0
20925,323,0
20926,312,0
20927,315,0
20928,314,0
20929,313,0
20930,318,0
20931,309,0
20932,311,0
20933,306,0
20934,313,0
20935,318,0
20936,311,0
20937,326,0
20938,314,0
20939,313,0
20940,307,0
20941,309,0
20942,322,0
20943,317,0
20944,307,0
20945,315,0
20946,314,0
20947,309,0
20948,321,0
20949,317,0
20950,308,0
20951,305,0
20952,311,0
20953,322,0
20954,320,0
20955,328,0
20956,320,0
20957,307,0
20958,317,0
20959,320,0
20960,312,0
20961,312,0
20962,311,0
20963,308,0
20964,327,0
20965,318,0
20966,314,0
20967,309,0
20968,302,0
20969,316,0
20970,307,0
20971,316,0
20972,325,0
20973,311,0
20974,312,0
20975,308,0
20976,305,0
20977,315,0
20978,312,0
20979,311,0
20980,317,0
20981,306,0
20982,317,0
20983,304,0
20984,311,0
20985,311,0
20986,315,0
20987,305,0
20988,313,0
20989,310,0
20990,309,0
20991,311,0
20992,318,0
20993,311,0
20994,309,0
20995,316,0
20996,320,0
20997,314,0
20998,313,0
20999,312,0
21000,308,0
21001,316,0
21002,321,0
21003,323,0
21004,312,0
21005,314,0
21006,315,0
21007,314,0
21008,314,0
21009,311,0
21010,320,0
21011,305,0
21012,313,0
21013,313,0
21014,311,0
21015,310,0
21016,312,0
21017,323,0
21018,312,0
21019,315,0
21020,310,0
21021,321,0
21022,310,0
21023,309,0
21024,311,0
21025,317,0
21026,314,0
21027,312,0
21028,309,0
21029,319,0
21030,315,0
21031,315,0
21032,321,0
21033,319,0
21034,311,0
21035,313,0
21036,314,0
21037,311,0
21038,309,0
21039,311,0
21040,312,0
21041,316,0
21042,314,0
21043,306,0
21044,315,0
21045,313,0
21046,314,0
21047,313,0
21048,309,0
21049,308,0
21050,318,0
21051,308,0
21052,305,0
21053,314,0
21054,318,0
21055,309,0
21056,312,0
21057,310,0
21058,319,0
21059,315,0
21060,304,0
21061,320,0
21062,314,0
21063,313,0
21064,315,0
21065,304,0
21066,314,0
21067,308,0
21068,312,0
21069,306,0
21070,311,0
21071,311,0
21072,312,0
21073,315,0
21074,309,0
21075,315,0
21076,320,0
21077,314,0
21078,312,0
21079,316,0
21080,318,0
21081,316,0
21082,314,0
21083,309,0
21084,322,0
21085,323,0
21086,304,0
21087,312,0
21088,307,0
21089,313,0
21090,307,0
21091,314,0
21092,320,0
21093,316,0
21094,316,0
21095,303,0
21096,314,0
21097,313,0
21098,306,0
21099,317,0
21100,322,0
21101,316,0
21102,317,0
21103,311,0
21104,310,0
21105,318,0
21106,311,0
21107,329,0
21108,309,0
21109,308,0
21110,313,0
21111,314,0
21112,304,0
21113,311,0
21114,313,0
21115,323,0
21116,308,0
21117,311,0
21118,303,0
21119,308,0
21120,317,0
21121,309,0
21122,315,0
21123,306,0
21124,322,0
21125,309,0
21126,313,0
21127,310,0
21128,312,0
21129,310,0
21130,310,0
21131,306,0
21132,312,0
21133,320,0
21134,315,0
21135,315,0
21136,318,0
21137,316,0
21138,315,0
21139,314,0
21140,312,0
21141,314,0
21142,308,0
21143,314,0
21144,317,0
21145,310,0
21146,309,0
21147,315,0
21148,311,0
21149,316,0
21150,313,0
21151,321,0
21152,313,0
21153,309,0
21154,314,0
21155,320,0
21156,310,0
21157,310,0
21158,317,0
21159,313,0
21160,306,0
21161,310,0
21162,317,0
21163,319,0
21164,324,0
21165,314,0
21166,314,0
21167,319,0
21168,310,0
21169,314,0
21170,319,0
21171,308,0
21172,306,0
21173,311,0
21174,314,0
21175,315,0
21176,320,0
21177,316,0
21178,312,0
21179,316,0
21180,308,0
21181,316,0
21182,319,0
21183,316,0
21184,318,0
21185,306,0
21186,308,0
21187,305,0
21188,314,0
21189,309,0
21190,312,0
21191,300,0
21192,309,0
21193,311,0
21194,316,0
21195,312,0
21196,309,0
21197,320,0
21198,322,0
21199,315,0
21200,308,0
21201,305,0
21202,304,0
21203,318,0
21204,310,0
21205,314,0
21206,313,0
21207,310,0
21208,307,0
21209,315,0
21210,308,0
21211,306,0
21212,313,0
21213,310,0
21214,307,0
21215,309,0
21216,308,0
21217,315,0
21218,308,0
21219,306,0
21220,309,0
21221,319,0
21222,312,0
21223,315,0
21224,321,0
21225,315,0
21226,311,0
21227,303,0
21228,314,0
21229,314,0
21230,313,0
21231,318,0
21232,310,0
21233,319,0
21234,316,0
21235,310,0
21236,317,0
21237,325,0
21238,320,0
21239,312,0
21240,306,0
21241,311,0
21242,305,0
21243,319,0
21244,307,0
21245,316,0
21246,315,0
21247,318,0
21248,313,0
21249,312,0
21250,312,0
21251,308,0
21252,315,0
21253,305,0
21254,315,0
21255,312,0
21256,311,0
21257,319,0
21258,307,0
21259,306,0
21260,309,0
21261,311,0
21262,317,0
21263,314,0
21264,315,0
21265,309,0
21266,319,0
21267,309,0
21268,322,0
21269,313,0
21270,314,0
21271,314,0
21272,311,0
21273,316,0
21274,309,0
21275,308,0
21276,314,0
21277,312,0
21278,312,0
21279,310,0
21280,305,0
21281,309,0
21282,315,0
21283,312,0
21284,314,0
21285,308,0
21286,321,0
21287,307,0
21288,316,0
21289,318,0
21290,307,0
21291,302,0
21292,314,0
21293,310,0
21294,306,0
21295,312,0
21296,317,0
21297,313,0
21298,306,0
21299,316,0
21300,303,0
21301,315,0
21302,307,0
21303,318,0
21304,314,0
21305,318,0
21306,321,0
21307,311,0
21308,323,0
21309,313,0
21310,306,0
21311,315,0
21312,309,0
21313,309,0
21314,316,0
21315,315,0
21316,316,0
21317,309,0
21318,306,0
21319,315,0
21320,306,0
21321,314,0
21322,307,0
21323,310,0
21324,308,0
21325,309,0
21326,313,0
21327,311,0
21328,305,0
21329,307,0
21330,309,0
21331,306,0
21332,313,0
21333,310,0
21334,313,0
21335,318,0
21336,312,0
21337,309,0
21338,308,0
21339,317,0
21340,317,0
21341,320,0
21342,313,0
21343,305,0
21344,314,0
21345,310,0
21346,318,0
21347,315,0
21348,309,0
21349,312,0
21350,311,0
21351,314,0
21352,312,0
21353,310,0
21354,307,0
21355,310,0
21356,314,0
21357,312,0
21358,311,0
21359,308,0
21360,308,0
21361,308,0
21362,311,0
21363,298,0
21364,318,0
21365,309,0
21366,309,0
21367,311,0
21368,321,0
21369,307,0
21370,312,0
21371,315,0
21372,309,0
21373,316,0
21374,312,0
21375,307,0
21376,321,0
21377,316,0
21378,311,0
21379,312,0
21380,315,0
21381,319,0
21382,314,0
21383,312,0
21384,318,0
21385,316,0
21386,302,0
21387,308,0
21388,319,0
21389,308,0
21390,312,0
21391,311,0
21392,318,0
21393,308,0
21394,304,0
21395,317,0
21396,322,0
21397,299,0
21398,312,0
21399,318,0
21400,305,0
21401,310,0
21402,318,0
21403,310,0
21404,309,0
21405,310,0
21406,310,0
21407,316,0
21408,317,0
21409,308,0
21410,314,0
21411,313,0
21412,313,0
21413,312,0
21414,317,0
21415,310,0
21416,312,0
21417,309,0
21418,316,0
21419,322,0
21420,318,0
21421,310,0
21422,315,0
21423,312,0
21424,319,0
21425,318,0
21426,314,0
21427,310,0
21428,312,0
21429,311,0
21430,321,0
21431,316,0
21432,316,0
21433,313,0
21434,309,0
21435,307,0
21436,312,0
21437,306,0
21438,313,0
21439,311,0
21440,315,0
21441,306,0
21442,315,0
21443,308,0
21444,309,0
21445,308,0
21446,311,0
21447,316,0
21448,315,0
21449,322,0
21450,318,0
21451,306,0
21452,311,0
21453,310,0
21454,312,0
21455,313,0
21456,313,0
21457,312,0
21458,319,0
21459,314,0
21460,322,0
21461,313,0
21462,307,0
21463,318,0
21464,311,0
21465,313,0
21466,316,0
21467,313,0
21468,321,0
21469,305,0
21470,310,0
21471,307,0
21472,320,0
21473,314,0
21474,314,0
21475,314,0
21476,306,0
21477,310,0
21478,307,0
21479,322,0
21480,306,0
21481,308,0
21482,311,0
21483,316,0
21484,316,0
21485,309,0
21486,311,0
21487,317,0
21488,315,0
21489,300,0
21490,326,0
21491,308,0
21492,326,0
21493,310,0
21494,309,0
21495,322,0
21496,323,0
21497,318,0
21498,306,0
21499,318,0
21500,310,0
21501,320,0
21502,312,0
21503,304,0
21504,313,0
21505,308,0
21506,321,0
21507,310,0
21508,317,0
21509,314,0
21510,309,0
21511,303,0
21512,307,0
21513,306,0
21514,316,0
21515,303,0
21516,313,0
21517,315,0
21518,315,0
21519,305,0
21520,310,0
21521,313,0
21522,309,0
21523,318,0
21524,306,0
21525,311,0
21526,310,0
21527,322,0
21528,311,0
21529,315,0
21530,313,0
21531,311,0
21532,312,0
21533,320,0
21534,316,0
21535,322,0
21536,317,0
21537,307,0
21538,308,0
21539,321,0
21540,312,0
21541,299,0
21542,313,0
21543,309,0
21544,324,0
21545,312,0
21546,317,0
21547,309,0
21548,315,0
21549,311,0
21550,312,0
21551,317,0
21552,308,0
21553,311,0
21554,312,0
21555,307,0
21556,312,0
21557,320,0
21558,309,0
21559,309,0
21560,317,0
21561,317,0
21562,315,0
21563,317,0
21564,312,0
21565,313,0
21566,299,0
21567,312,0
21568,319,0
21569,309,0
21570,315,0
21571,318,0
21572,324,0
21573,307,0
21574,312,0
21575,318,0
21576,317,0
21577,314,0
21578,314,0
21579,310,0
21580,324,0
21581,323,0
21582,319,0
21583,302,0
21584,317,0
21585,314,0
21586,311,0
21587,314,0
21588,313,0
21589,311,0
21590,313,0
21591,319,0
21592,313,0
21593,313,0
21594,316,0
21595,321,0
21596,307,0
21597,312,0
21598,314,0
21599,316,0
21600,309,0
21601,318,0
21602,313,0
21603,319,0
21604,312,0
21605,312,0
21606,306,0
21607,318,0
21608,316,0
21609,306,0
21610,320,0
21611,308,0
21612,307,0
21613,322,0
21614,317,0
21615,311,0
21616,300,0
21617,318,0
21618,316,0
21619,313,0
21620,315,0
21621,311,0
21622,324,0
21623,319,0
21624,319,0
21625,304,0
21626,304,0
21627,315,0
21628,313,0
21629,312,0
21630,309,0
21631,313,0
21632,311,0
21633,313,0
21634,325,0
21635,311,0
21636,315,0
21637,323,0
21638,312,0
21639,318,0
21640,314,0
21641,314,0
21642,317,0
21643,319,0
21644,314,0
21645,307,0
21646,310,0
21647,306,0
21648,310,0
21649,306,0
21650,318,0
21651,321,0
21652,308,0
21653,311,0
21654,305,0
21655,314,0
21656,319,0
21657,317,0
21658,304,0
21659,315,0
21660,313,0
21661,325,0
21662,314,0
21663,314,0
21664,317,0
21665,311,0
21666,309,0
21667,312,0
21668,311,0
21669,313,0
21670,306,0
21671,318,0
21672,307,0
21673,316,0
21674,310,0
21675,311,0
21676,314,0
21677,316,0
21678,317,0
21679,309,0
21680,311,0
21681,316,0
21682,302,0
21683,311,0
21684,317,0
21685,312,0
21686,314,0
21687,307,0
21688,319,0
21689,314,0
21690,319,0
21691,313,0
21692,306,0
21693,312,0
21694,314,0
21695,306,0
21696,322,0
21697,312,0
21698,310,0
21699,315,0
21700,318,0
21701,312,0
21702,315,0
21703,315,0
21704,311,0
21705,309,0
21706,316,0
21707,317,0
21708,314,0
21709,313,0
21710,316,0
21711,323,0
21712,314,0
21713,317,0
21714,315,0
21715,314,0
21716,316,0
21717,320,0
21718,312,0
21719,310,0
21720,304,0
21721,310,0
21722,310,0
21723,310,0
21724,327,0
21725,316,0
21726,314,0
21727,319,0
21728,313,0
21729,318,0
21730,310,0
21731,306,0
21732,311,0
21733,316,0
21734,312,0
21735,314,0
21736,309,0
21737,318,0
21738,328,0
21739,318,0
21740,319,0
21741,309,0
21742,313,0
21743,312,0
21744,315,0
21745,314,0
21746,312,0
21747,313,0
21748,312,0
21749,318,0
21750,315,0
21751,316,0
21752,316,0
21753,321,0
21754,303,0
21755,312,0
21756,314,0
21757,309,0
21758,312,0
21759,313,0
21760,312,0
21761,302,0
21762,308,0
21763,316,0
21764,301,0
21765,306,0
21766,316,0
21767,314,0
21768,310,0
21769,307,0
21770,311,0
21771,315,0
21772,320,0
21773,322,0
21774,314,0
21775,315,0
21776,307,0
21777,307,0
21778,307,0
21779,314,0
21780,307,0
21781,319,0
21782,313,0
21783,310,0
21784,305,0
21785,316,0
21786,308,0
21787,318,0
21788,314,0
21789,309,0
21790,312,0
21791,319,0
21792,320,0
21793,316,0
21794,312,0
21795,316,0
21796,308,0
21797,312,0
21798,308,0
21799,321,0
21800,314,0
21801,314,0
21802,315,0
21803,315,0
21804,322,0
21805,319,0
21806,318,0
21807,306,0
21808,313,0
21809,316,0
21810,312,0
21811,317,0
21812,316,0
21813,320,0
21814,311,0
21815,318,0
21816,320,0
21817,318,0
21818,319,0
21819,315,0
21820,317,0
21821,318,0
21822,320,0
21823,317,0
21824,313,0
21825,319,0
21826,311,0
21827,313,0
21828,323,0
21829,316,0
21830,311,0
21831,314,0
21832,321,0
21833,313,0
21834,315,0
21835,314,0
21836,315,0
21837,314,0
21838,322,0
21839,308,0
21840,315,0
21841,311,0
21842,310,0
21843,310,0
21844,310,0
21845,307,0
21846,306,0
21847,320,0
21848,316,0
21849,309,0
21850,314,0
21851,309,0
21852,315,0
21853,308,0
21854,311,0
21855,313,0
21856,311,0
21857,316,0
21858,314,0
21859,319,0
21860,309,0
21861,313,0
21862,315,0
21863,316,0
21864,321,0
21865,318,0
21866,318,0
21867,320,0
21868,308,0
21869,318,0
21870,321,0
21871,308,0
21872,319,0
21873,319,0
21874,321,0
21875,315,0
21876,312,0
21877,314,0
21878,314,0
21879,318,0
21880,316,0
21881,309,0
21882,318,0
21883,311,0
21884,313,0
21885,310,0
21886,314,0
21887,315,0
21888,309,0
21889,312,0
21890,307,0
21891,310,0
21892,312,0
21893,317,0
21894,315,0
21895,309,0
21896,323,0
21897,315,0
21898,317,0
21899,311,0
21900,307,0
21901,316,0
21902,306,0
21903,316,0
21904,312,0
21905,303,0
21906,307,0
21907,312,0
21908,307,0
21909,312,0
21910,318,0
21911,319,0
21912,314,0
21913,312,0
21914,318,0
21915,318,0
21916,312,0
21917,311,0
21918,313,0
21919,325,0
21920,314,0
21921,312,0
21922,315,0
21923,308,0
21924,315,0
21925,310,0
21926,314,0
21927,314,0
21928,308,0
21929,301,0
21930,319,0
21931,320,0
21932,315,0
21933,318,0
21934,316,0
21935,315,0
21936,321,0
21937,306,0
21938,312,0
21939,316,0
21940,314,0
21941,310,0
21942,301,0
21943,319,0
21944,321,0
21945,315,0
21946,309,0
21947,311,0
21948,317,0
21949,308,0
21950,324,0
21951,320,0
21952,321,0
21953,321,0
21954,312,0
21955,306,0
21956,306,0
21957,315,0
21958,315,0
21959,317,0
21960,324,0
21961,309,0
21962,314,0
21963,314,0
21964,312,0
21965,313,0
21966,316,0
21967,318,0
21968,317,0
21969,306,0
21970,312,0
21971,315,0
21972,315,0
21973,317,0
21974,316,0
21975,306,0
21976,321,0
21977,312,0
21978,313,0
21979,316,0
21980,321,0
21981,318,0
21982,313,0
21983,318,0
21984,307,0
21985,313,0
21986,322,0
21987,303,0
21988,318,0
21989,319,0
21990,309,0
21991,309,0
21992,318,0
21993,318,0
21994,317,0
21995,314,0
21996,315,0
21997,318,0
21998,311,0
21999,317,0
22000,315,0
22001,310,0
22002,310,0
22003,321,0
22004,321,0
22005,309,0
22006,310,0
22007,319,0
22008,320,0
22009,320,0
22010,316,0
22011,314,0
22012,319,0
22013,316,0
22014,322,0
22015,326,0
22016,315,0
22017,319,0
22018,310,0
22019,319,0
22020,315,0
22021,307,0
22022,319,0
22023,313,0
22024,313,0
22025,309,0
22026,318,0
22027,321,0
22028,309,0
22029,314,0
22030,315,0
22031,315,0
22032,318,0
22033,311,0
22034,314,0
22035,307,0
22036,311,0
22037,324,0
22038,313,0
22039,319,0
22040,318,0
22041,318,0
22042,312,0
22043,307,0
22044,310,0
22045,310,0
22046,319,0
22047,311,0
22048,305,0
22049,309,0
22050,316,0
22051,313,0
22052,301,0
22053,309,0
22054,312,0
22055,312,0
22056,314,0
22057,305,0
22058,311,0
22059,315,0
22060,307,0
22061,313,0
22062,314,0
22063,316,0
22064,307,0
22065,307,0
22066,313,0
22067,317,0
22068,314,0
22069,314,0
22070,308,0
22071,312,0
22072,311,0
22073,316,0
22074,315,0
22075,305,0
22076,313,0
22077,310,0
22078,312,0
22079,315,0
22080,306,0
22081,305,0
22082,313,0
22083,319,0
22084,308,0
22085,317,0
22086,312,0
22087,310,0
22088,313,0
22089,319,0
22090,309,0
22091,315,0
22092,310,0
22093,310,0
22094,321,0
22095,327,0
22096,316,0
22097,322,0
22098,306,0
22099,318,0
22100,309,0
22101,316,0
22102,316,0
22103,312,0
22104,312,0
22105,312,0
22106,313,0
22107,308,0
22108,317,0
22109,307,0
22110,310,0
22111,309,0
22112,313,0
22113,312,0
22114,318,0
22115,315,0
22116,308,0
22117,310,0
22118,315,0
22119,321,0
22120,308,0
22121,304,0
22122,312,0
22123,323,0
22124,315,0
22125,309,0
22126,306,0
22127,315,0
22128,324,0
22129,319,0
22130,309,0
22131,315,0
22132,319,0
22133,317,0
22134,318,0
22135,322,0
22136,319,0
22137,303,0
22138,316,0
22139,323,0
22140,312,0
22141,307,0
22142,308,0
22143,314,0
22144,312,0
22145,316,0
22146,311,0
22147,319,0
22148,309,0
22149,317,0
22150,302,0
22151,313,0
22152,311,0
22153,310,0
22154,313,0
22155,311,0
22156,313,0
22157,318,0
22158,314,0
22159,309,0
22160,312,0
22161,317,0
22162,314,0
22163,306,0
22164,312,0
22165,313,0
22166,321,0
22167,309,0
22168,318,0
22169,310,0
22170,309,0
22171,314,0
22172,316,0
22173,313,0
22174,313,0
22175,314,0
22176,313,0
22177,312,0
22178,319,0
22179,319,0
22180,319,0
22181,315,0
22182,321,0
22183,319,0
22184,318,0
22185,313,0
22186,309,0
22187,313,0
22188,312,0
22189,320,0
22190,311,0
22191,311,0
22192,315,0
22193,315,0
22194,324,0
22195,315,0
22196,315,0
22197,315,0
22198,319,0
22199,313,0
22200,312,0
22201,317,0
22202,314,0
22203,313,0
22204,319,0
22205,313,0
22206,310,0
22207,303,0
22208,312,0
22209,312,0
22210,314,0
22211,314,0
22212,318,0
22213,314,0
22214,306,0
22215,313,0
22216,313,0
22217,323,0
22218,316,0
22219,319,0
22220,314,0
22221,310,0
22222,310,0
22223,315,0
22224,311,0
22225,316,0
22226,315,0
22227,305,0
22228,321,0
22229,307,0
22230,317,0
22231,314,0
22232,315,0
22233,311,0
22234,316,0
22235,313,0
22236,311,0
22237,309,0
22238,314,0
22239,309,0
22240,312,0
22241,315,0
22242,310,0
22243,319,0
22244,319,0
22245,320,0
22246,310,0
22247,310,0
22248,315,0
22249,307,0
22250,309,0
22251,304,0
22252,311,0
22253,306,0
22254,313,0
22255,316,0
22256,301,0
22257,309,0
22258,321,0
22259,307,0
22260,305,0
22261,312,0
22262,314,0
22263,320,0
22264,318,0
22265,318,0
22266,315,0
22267,320,0
22268,320,0
22269,309,0
22270,309,0
22271,310,0
22272,309,0
22273,310,0
22274,314,0
22275,314,0
22276,320,0
22277,313,0
22278,314,0
22279,315,0
22280,318,0
22281,323,0
22282,318,0
22283,312,0
22284,322,0
22285,320,0
22286,309,0
22287,320,0
22288,314,0
22289,312,0
22290,318,0
22291,309,0
22292,318,0
22293,313,0
22294,305,0
22295,305,0
22296,307,0
22297,312,0
22298,317,0
22299,312,0
22300,313,0
22301,319,0
22302,315,0
22303,319,0
22304,323,0
22305,320,0
22306,326,0
22307,316,0
22308,316,0
22309,306,0
22310,307,0
22311,323,0
22312,306,0
22313,316,0
22314,314,0
22315,311,0
22316,316,0
22317,307,0
22318,311,0
22319,313,0
22320,315,0
22321,318,0
22322,308,0
22323,316,0
22324,318,0
22325,321,0
22326,309,0
22327,326,0
22328,321,0
22329,324,0
22330,312,0
22331,310,0
22332,314,0
22333,312,0
22334,321,0
22335,323,0
22336,318,0
22337,312,0
22338,305,0
22339,315,0
22340,309,0
22341,316,0
22342,314,0
22343,314,0
22344,316,0
22345,317,0
22346,322,0
22347,309,0
22348,313,0
22349,323,0
22350,312,0
22351,320,0
22352,320,0
22353,320,0
22354,306,0
22355,316,0
22356,311,0
22357,310,0
22358,308,0
22359,315,0
22360,315,0
22361,319,0
22362,316,0
22363,316,0
22364,316,0
22365,320,0
22366,319,0
22367,316,0
22368,314,0
22369,308,0
22370,307,0
22371,323,0
22372,304,0
22373,319,0
22374,310,0
22375,320,0
22376,309,0
22377,318,0
22378,313,0
22379,326,0
22380,313,0
22381,320,0
22382,306,0
22383,319,0
22384,310,0
22385,321,0
22386,312,0
22387,304,0
22388,311,0
22389,309,0
22390,317,0
22391,311,0
22392,315,0
22393,311,0
22394,305,0
22395,313,0
22396,308,0
22397,315,0
22398,316,0
22399,316,0
22400,308,0
22401,323,0
22402,314,0
22403,320,0
22404,320,0
22405,314,0
22406,312,0
22407,308,0
22408,304,0
22409,313,0
22410,321,0
22411,319,0
22412,307,0
22413,309,0
22414,309,0
22415,306,0
22416,313,0
22417,319,0
22418,314,0
22419,313,0
22420,315,0
22421,315,0
22422,316,0
22423,319,0
22424,307,0
22425,313,0
22426,308,0
22427,317,0
22428,315,0
22429,314,0
22430,318,0
22431,313,0
22432,317,0
22433,312,0
22434,311,0
22435,310,0
22436,328,0
22437,318,0
22438,309,0
22439,313,0
22440,313,0
22441,304,0
22442,311,0
22443,309,0
22444,310,0
22445,315,0
22446,314,0
22447,317,0
22448,316,0
22449,315,0
22450,313,0
22451,305,0
22452,312,0
22453,318,0
22454,312,0
22455,321,0
22456,310,0
22457,315,0
22458,318,0
22459,316,0
22460,320,0
22461,312,0
22462,316,0
22463,319,0
22464,302,0
22465,314,0
22466,311,0
22467,315,0
22468,312,0
22469,313,0
22470,318,0
22471,316,0
22472,309,0
22473,306,0
22474,311,0
22475,311,0
22476,305,0
22477,310,0
22478,308,0
22479,312,0
22480,315,0
22481,309,0
22482,316,0
22483,316,0
22484,316,0
22485,310,0
22486,307,0
22487,310,0
22488,311,0
22489,314,0
22490,309,0
22491,309,0
22492,317,0
22493,318,0
22494,315,0
22495,313,0
22496,317,0
22497,313,0
22498,312,0
22499,310,0
22500,311,0
22501,321,0
22502,316,0
22503,314,0
22504,314,0
22505,316,0
22506,304,0
22507,310,0
22508,325,0
22509,317,0
22510,311,0
22511,322,0
22512,304,0
22513,312,0
22514,320,0
22515,305,0
22516,314,0
22517,315,0
22518,304,0
22519,319,0
22520,314,0
22521,313,0
22522,306,0
22523,313,0
22524,318,0
22525,324,0
22526,315,0
22527,306,0
22528,315,0
22529,311,0
22530,315,0
22531,318,0
22532,311,0
22533,310,0
22534,314,0
22535,310,0
22536,319,0
22537,321,0
22538,317,0
22539,316,0
22540,314,0
22541,315,0
22542,313,0
22543,311,0
22544,319,0
22545,313,0
22546,314,0
22547,320,0
22548,311,0
22549,311,0
22550,311,0
22551,310,0
22552,308,0
22553,310,0
22554,310,0
22555,314,0
22556,322,0
22557,311,0
22558,309,0
22559,312,0
22560,311,0
22561,315,0
22562,300,0
22563,310,0
22564,313,0
22565,316,0
22566,314,0
22567,312,0
22568,304,0
22569,311,0
22570,313,0
22571,315,0
22572,317,0
22573,319,0
22574,309,0
22575,316,0
22576,315,0
22577,319,0
22578,318,0
22579,301,0
22580,312,0
22581,317,0
22582,309,0
22583,315,0
22584,317,0
22585,307,0
22586,321,0
22587,322,0
22588,319,0
22589,309,0
22590,307,0
22591,316,0
22592,309,0
22593,317,0
22594,309,0
22595,321,0
22596,319,0
22597,316,0
22598,319,0
22599,316,0
22600,312,0
22601,320,0
22602,307,0
22603,323,0
22604,317,0
22605,320,0
22606,314,0
22607,320,0
22608,320,0
22609,309,0
22610,313,0
22611,308,0
22612,310,0
22613,311,0
22614,320,0
22615,315,0
22616,320,0
22617,311,0
22618,306,0
22619,320,0
22620,314,0
22621,316,0
22622,312,0
22623,321,0
22624,319,0
22625,311,0
22626,312,0
22627,316,0
22628,308,0
22629,309,0
22630,309,0
22631,315,0
22632,317,0
22633,313,0
22634,321,0
22635,306,0
22636,324,0
22637,323,0
22638,318,0
22639,317,0
22640,308,0
22641,314,0
22642,316,0
22643,312,0
22644,311,0
22645,310,0
22646,317,0
22647,321,0
22648,313,0
22649,324,0
22650,311,0
22651,312,0
22652,314,0
22653,314,0
22654,311,0
22655,304,0
22656,320,0
22657,313,0
22658,314,0
22659,312,0
22660,315,0
22661,312,0
22662,312,0
22663,312,0
22664,316,0
22665,316,0
22666,315,0
22667,317,0
22668,322,0
22669,313,0
22670,313,0
22671,306,0
22672,304,0
22673,316,0
22674,304,0
22675,320,0
22676,309,0
22677,321,0
22678,313,0
22679,307,0
22680,314,0
22681,315,0
22682,318,0
22683,308,0
22684,314,0
22685,310,0
22686,314,0
22687,317,0
22688,319,0
22689,309,0
22690,318,0
22691,316,0
22692,314,0
22693,308,0
22694,313,0
22695,314,0
22696,308,0
22697,308,0
22698,305,0
22699,314,0
22700,312,0
22701,317,0
22702,312,0
22703,311,0
22704,315,0
22705,314,0
22706,308,0
22707,316,0
22708,317,0
22709,317,0
22710,314,0
22711,321,0
22712,313,0
22713,316,0
22714,308,0
22715,316,0
22716,318,0
22717,314,0
22718,318,0
22719,308,0
22720,317,0
22721,304,0
22722,311,0
22723,310,0
22724,303,0
22725,313,0
22726,305,0
22727,317,0
22728,311,0
22729,309,0
22730,314,0
22731,313,0
22732,311,0
22733,318,0
22734,302,0
22735,322,0
22736,317,0
22737,310,0
22738,314,0
22739,312,0
22740,308,0
22741,314,0
22742,309,0
22743,315,0
22744,316,0
22745,316,0
22746,315,0
22747,317,0
22748,314,0
22749,307,0
22750,323,0
22751,313,0
22752,316,0
22753,317,0
22754,312,0
22755,315,0
22756,308,0
22757,302,0
22758,316,0
22759,309,0
22760,302,0
22761,319,0
22762,311,0
22763,311,0
22764,314,0
22765,310,0
22766,313,0
22767,317,0
22768,313,0
22769,314,0
22770,306,0
22771,309,0
22772,310,0
22773,319,0
22774,320,0
22775,319,0
22776,318,0
22777,310,0
22778,313,0
22779,313,0
22780,309,0
22781,313,0
22782,311,0
22783,320,0
22784,313,0
22785,315,0
22786,311,0
22787,316,0
22788,311,0
22789,316,0
22790,323,0
22791,314,0
22792,308,0
22793,312,0
22794,316,0
22795,310,0
22796,312,0
22797,311,0
22798,311,0
22799,322,0
22800,311,0
22801,317,0
22802,320,0
22803,310,0
22804,314,0
22805,319,0
22806,315,0
22807,318,0
22808,330,0
22809,316,0
22810,306,0
22811,322,0
22812,304,0
22813,314,0
22814,313,0
22815,309,0
22816,315,0
22817,307,0
22818,309,0
22819,314,0
22820,315,0
22821,319,0
22822,317,0
22823,312,0
22824,316,0
22825,315,0
22826,310,0
22827,316,0
22828,313,0
22829,311,0
22830,314,0
22831,319,0
22832,320,0
22833,312,0
22834,310,0
22835,318,0
22836,319,0
22837,304,0
22838,314,0
22839,308,0
22840,323,0
22841,310,0
22842,308,0
22843,317,0
22844,320,0
22845,316,0
22846,320,0
22847,319,0
22848,319,0
22849,311,0
22850,319,0
22851,303,0
22852,320,0
22853,307,0
22854,315,0
22855,317,0
22856,314,0
22857,314,0
22858,310,0
22859,318,0
22860,313,0
22861,315,0
22862,314,0
22863,316,0
22864,314,0
22865,309,0
22866,311,0
22867,311,0
22868,304,0
22869,304,0
22870,307,0
22871,317,0
22872,304,0
22873,324,0
22874,313,0
22875,328,0
22876,315,0
22877,308,0
22878,314,0
22879,308,0
22880,317,0
22881,317,0
22882,306,0
22883,320,0
22884,323,0
22885,315,0
22886,320,0
22887,311,0
22888,321,0
22889,311,0
22890,315,0
22891,307,0
22892,301,0
22893,319,0
22894,321,0
22895,319,0
22896,316,0
22897,319,0
22898,319,0
22899,309,0
22900,312,0
22901,313,0
22902,306,0
22903,314,0
22904,314,0
22905,314,0
22906,312,0
22907,315,0
22908,312,0
22909,313,0
22910,314,0
22911,316,0
22912,320,0
22913,309,0
22914,309,0
22915,297,0
22916,325,0
22917,309,0
22918,309,0
22919,318,0
22920,304,0
22921,313,0
22922,310,0
22923,319,0
22924,315,0
22925,317,0
22926,315,0
22927,309,0
22928,322,0
22929,312,0
22930,317,0
22931,315,0
22932,312,0
22933,318,0
22934,315,0
22935,325,0
22936,313,0
22937,304,0
22938,316,0
22939,314,0
22940,306,0
22941,317,0
22942,311,0
22943,314,0
22944,313,0
22945,307,0
22946,312,0
22947,316,0
22948,312,0
22949,319,0
22950,308,0
22951,312,0
22952,307,0
22953,310,0
22954,304,0
22955,319,0
22956,315,0
22957,299,0
22958,311,0
22959,310,0
22960,318,0
22961,316,0
22962,309,0
22963,315,0
22964,309,0
22965,323,0
22966,309,0
22967,311,0
22968,313,0
22969,318,0
22970,307,0
22971,314,0
22972,309,0
22973,314,0
22974,320,0
22975,308,0
22976,322,0
22977,315,0
22978,323,0
22979,311,0
22980,311,0
22981,312,0
22982,314,0
22983,314,0
22984,316,0
22985,307,0
22986,308,0
22987,318,0
22988,309,0
22989,309,0
22990,321,0
22991,305,0
22992,307,0
22993,312,0
22994,308,0
22995,311,0
22996,311,0
22997,315,0
22998,308,0
22999,310,0
23000,314,0
23001,312,0
23002,311,0
23003,317,0
23004,311,0
23005,322,0
23006,314,0
23007,316,0
23008,319,0
23009,303,0
23010,309,0
23011,324,0
23012,311,0
23013,308,0
23014,306,0
23015,311,0
23016,317,0
23017,312,0
23018,311,0
23019,313,0
23020,316,0
23021,309,0
23022,318,0
23023,314,0
23024,317,0
23025,309,0
23026,317,0
23027,313,0
23028,309,0
23029,318,0
23030,309,0
23031,313,0
23032,316,0
23033,312,0
23034,318,0
23035,318,0
23036,323,0
23037,310,0
23038,317,0
23039,310,0
23040,312,0
23041,323,0
23042,314,0
23043,319,0
23044,316,0
23045,313,0
23046,308,0
23047,308,0
23048,322,0
23049,312,0
23050,319,0
23051,315,0
23052,314,0
23053,316,0
23054,316,0
23055,323,0
23056,304,0
23057,318,0
23058,310,0
23059,309,0
23060,307,0
23061,315,0
23062,322,0
23063,308,0
23064,311,0
23065,316,0
23066,319,0
23067,305,0
23068,313,0
23069,313,0
23070,313,0
23071,313,0
23072,317,0
23073,315,0
23074,311,0
23075,304,0
23076,319,0
23077,309,0
23078,317,0
23079,313,0
23080,306,0
23081,310,0
23082,307,0
23083,307,0
23084,314,0
23085,320,0
23086,308,0
23087,318,0
23088,316,0
23089,320,0
23090,320,0
23091,308,0
23092,320,0
23093,313,0
23094,317,0
23095,312,0
23096,316,0
23097,325,0
23098,313,0
23099,324,0
23100,319,0
23101,319,0
23102,309,0
23103,313,0
23104,319,0
23105,319,0
23106,316,0
23107,319,0
23108,316,0
23109,325,0
23110,317,0
23111,313,0
23112,321,0
23113,315,0
23114,312,0
23115,319,0
23116,313,0
23117,320,0
23118,309,0
23119,315,0
23120,309,0
23121,310,0
23122,314,0
23123,308,0
23124,312,0
23125,313,0
23126,318,0
23127,316,0
23128,323,0
23129,315,0
23130,314,0
23131,318,0
23132,313,0
23133,317,0
23134,315,0
23135,321,0
23136,316,0
23137,315,0
23138,309,0
23139,303,0
23140,309,0
23141,314,0
23142,307,0
23143,317,0
23144,309,0
23145,313,0
23146,321,0
23147,315,0
23148,309,0
23149,319,0
23150,314,0
23151,318,0
23152,312,0
23153,319,0
23154,316,0
23155,316,0
23156,314,0
23157,322,0
23158,317,0
23159,312,0
23160,323,0
23161,315,0
23162,311,0
23163,311,0
23164,312,0
23165,312,0
23166,325,0
23167,308,0
23168,312,0
23169,310,0
23170,312,0
23171,326,0
23172,306,0
23173,313,0
23174,309,0
23175,312,0
23176,322,0
23177,316,0
23178,309,0
23179,320,0
23180,318,0
23181,309,0
23182,320,0
23183,329,0
23184,306,0
23185,312,0
23186,318,0
23187,322,0
23188,311,0
23189,317,0
23190,320,0
23191,320,0
23192,307,0
23193,317,0
23194,319,0
23195,316,0
23196,306,0
23197,315,0
23198,312,0
23199,318,0
23200,316,0
23201,311,0
23202,323,0
23203,319,0
23204,320,0
23205,317,0
23206,314,0
23207,315,0
23208,321,0
23209,316,0
23210,315,0
23211,322,0
23212,308,0
23213,312,0
23214,308,0
23215,321,0
23216,303,0
23217,315,0
23218,314,0
23219,324,0
23220,325,0
23221,313,0
23222,318,0
23223,311,0
23224,314,0
23225,312,0
23226,308,0
23227,306,0
23228,315,0
23229,305,0
23230,310,0
23231,317,0
23232,312,0
23233,312,0
23234,323,0
23235,313,0
23236,316,0
23237,316,0
23238,319,0
23239,310,0
23240,322,0
23241,309,0
23242,309,0
23243,315,0
23244,311,0
23245,314,0
23246,320,0
23247,311,0
23248,312,0
23249,313,0
23250,314,0
23251,317,0
23252,314,0
23253,313,0
23254,322,0
23255,307,0
23256,309,0
23257,317,0
23258,312,0
23259,316,0
23260,314,0
23261,313,0
23262,315,0
23263,311,0
23264,308,0
23265,319,0
23266,323,0
23267,312,0
23268,312,0
23269,315,0
23270,310,0
23271,315,0
23272,315,0
23273,321,0
23274,313,0
23275,321,0
23276,319,0
23277,315,0
23278,322,0
23279,312,0
23280,320,0
23281,319,0
23282,316,0
23283,324,0
23284,318,0
23285,302,0
23286,317,0
23287,320,0
23288,311,0
23289,316,0
23290,313,0
23291,315,0
23292,313,0
23293,315,0
23294,315,0
23295,318,0
23296,318,0
23297,319,0
23298,312,0
23299,317,0
23300,322,0
23301,313,0
23302,317,0
23303,312,0
23304,315,0
23305,314,0
23306,311,0
23307,312,0
23308,321,0
23309,314,0
23310,312,0
23311,315,0
23312,314,0
23313,319,0
23314,314,0
23315,320,0
23316,306,0
23317,308,0
23318,322,0
23319,312,0
23320,315,0
23321,318,0
23322,304,0
23323,317,0
23324,317,0
23325,311,0
23326,305,0
23327,319,0
23328,313,0
23329,311,0
23330,315,0
23331,318,0
23332,309,0
23333,316,0
23334,319,0
23335,305,0
23336,319,0
23337,310,0
23338,320,0
23339,314,0
23340,317,0
23341,308,0
23342,305,0
23343,313,0
23344,308,0
23345,322,0
23346,320,0
23347,314,0
23348,310,0
23349,322,0
23350,315,0
23351,307,0
23352,313,0
23353,311,0
23354,311,0
23355,311,0
23356,321,0
23357,306,0
23358,316,0
23359,311,0
23360,324,0
23361,320,0
23362,311,0
23363,317,0
23364,305,0
23365,318,0
23366,329,0
23367,312,0
23368,311,0
23369,325,0
23370,304,0
23371,308,0
23372,309,0
23373,319,0
23374,313,0
23375,313,0
23376,308,0
23377,312,0
23378,308,0
23379,320,0
23380,312,0
23381,313,0
23382,311,0
23383,316,0
23384,315,0
23385,321,0
23386,311,0
23387,310,0
23388,308,0
23389,315,0
23390,318,0
23391,299,0
23392,310,0
23393,310,0
23394,322,0
23395,316,0
23396,311,0
23397,315,0
23398,313,0
23399,313,0
23400,317,0
23401,316,0
23402,316,0
23403,322,0
23404,316,0
23405,310,0
23406,306,0
23407,310,0
23408,307,0
23409,319,0
23410,320,0
23411,310,0
23412,307,0
23413,309,0
23414,314,0
23415,311,0
23416,313,0
23417,320,0
23418,314,0
23419,308,0
23420,306,0
23421,318,0
23422,314,0
23423,315,0
23424,312,0
23425,314,0
23426,303,0
23427,310,0
23428,308,0
23429,315,0
23430,312,0
23431,305,0
23432,309,0
23433,319,0
23434,323,0
23435,312,0
23436,314,0
23437,316,0
23438,316,0
23439,302,0
23440,308,0
23441,318,0
23442,317,0
23443,306,0
23444,313,0
23445,315,0
23446,320,0
23447,319,0
23448,318,0
23449,310,0
23450,310,0
23451,306,0
23452,312,0
23453,317,0
23454,313,0
23455,310,0
23456,314,0
23457,316,0
23458,322,0
23459,310,0
23460,317,0
23461,307,0
23462,312,0
23463,309,0
23464,308,0
23465,309,0
23466,313,0
23467,305,0
23468,315,0
23469,313,0
23470,317,0
23471,314,0
23472,316,0
23473,306,0
23474,314,0
23475,309,0
23476,318,0
23477,310,0
23478,318,0
23479,315,0
23480,323,0
23481,310,0
23482,321,0
23483,310,0
23484,307,0
23485,316,0
23486,314,0
23487,315,0
23488,312,0
23489,316,0
23490,314,0
23491,321,0
23492,309,0
23493,314,0
23494,316,0
23495,308,0
23496,310,0
23497,322,0
23498,324,0
23499,319,0
23500,313,0
23501,302,0
23502,308,0
23503,317,0
23504,309,0
23505,307,0
23506,306,0
23507,311,0
23508,308,0
23509,314,0
23510,314,0
23511,309,0
23512,314,0
23513,312,0
23514,311,0
23515,316,0
23516,317,0
23517,314,0
23518,323,0
23519,315,0
23520,317,0
23521,314,0
23522,314,0
23523,305,0
23524,313,0
23525,314,0
23526,303,0
23527,315,0
23528,314,0
23529,310,0
23530,305,0
23531,323,0
23532,318,0
23533,319,0
23534,301,0
23535,308,0
23536,312,0
23537,316,0
23538,312,0
23539,321,0
23540,314,0
23541,316,0
23542,318,0
23543,303,0
23544,315,0
23545,313,0
23546,311,0
23547,304,0
23548,313,0
23549,311,0
23550,321,0
23551,311,0
23552,307,0
23553,312,0
23554,321,0
23555,311,0
23556,306,0
23557,309,0
23558,318,0
23559,320,0
23560,312,0
23561,318,0
23562,316,0
23563,326,0
23564,317,0
23565,312,0
23566,313,0
23567,317,0
23568,317,0
23569,312,0
23570,315,0
23571,309,0
23572,310,0
23573,310,0
23574,317,0
23575,317,0
23576,311,0
23577,320,0
23578,310,0
23579,316,0
23580,315,0
23581,313,0
23582,310,0
23583,311,0
23584,313,0
23585,322,0
23586,313,0
23587,311,0
23588,311,0
23589,309,0
23590,319,0
23591,312,0
23592,321,0
23593,316,0
23594,309,0
23595,317,0
23596,320,0
23597,314,0
23598,319,0
23599,324,0
23600,306,0
23601,315,0
23602,311,0
23603,312,0
23604,327,0
23605,312,0
23606,313,0
23607,310,0
23608,318,0
23609,309,0
23610,318,0
23611,315,0
23612,315,0
23613,296,0
23614,314,0
23615,319,0
23616,313,0
23617,312,0
23618,320,0
23619,311,0
23620,326,0
23621,318,0
23622,312,0
23623,314,0
23624,317,0
23625,310,0
23626,315,0
23627,311,0
23628,316,0
23629,309,0
23630,318,0
23631,308,0
23632,312,0
23633,322,0
23634,312,0
23635,315,0
23636,315,0
23637,308,0
23638,309,0
23639,312,0
23640,310,0
23641,325,0
23642,312,0
23643,313,0
23644,319,0
23645,311,0
23646,320,0
23647,312,0
23648,317,0
23649,317,0
23650,319,0
23651,311,0
23652,311,0
23653,319,0
23654,308,0
23655,319,0
23656,313,0
23657,321,0
23658,319,0
23659,305,0
23660,317,0
23661,312,0
23662,314,0
23663,313,0
23664,307,0
23665,310,0
23666,314,0
23667,309,0
23668,317,0
23669,306,0
23670,317,0
23671,311,0
23672,310,0
23673,321,0
23674,318,0
23675,306,0
23676,313,0
23677,315,0
23678,313,0
23679,310,0
23680,315,0
23681,315,0
23682,304,0
23683,316,0
23684,308,0
23685,317,0
23686,316,0
23687,314,0
23688,313,0
23689,313,0
23690,310,0
23691,314,0
23692,314,0
23693,320,0
23694,321,0
23695,311,0
23696,313,0
23697,314,0
23698,315,0
23699,315,0
23700,314,0
23701,315,0
23702,315,0
23703,307,0
23704,314,0
23705,311,0
23706,312,0
23707,312,0
23708,312,0
23709,309,0
23710,317,0
23711,310,0
23712,313,0
23713,309,0
23714,309,0
23715,308,0
23716,317,0
23717,314,0
23718,318,0
23719,309,0
23720,304,0
23721,310,0
23722,310,0
23723,319,0
23724,312,0
23725,313,0
23726,314,0
23727,317,0
23728,312,0
23729,315,0
23730,309,0
23731,317,0
23732,317,0
23733,314,0
23734,319,0
23735,313,0
23736,319,0
23737,317,0
23738,315,0
23739,311,0
23740,306,0
23741,312,0
23742,308,0
23743,313,0
23744,311,0
23745,310,0
23746,311,0
23747,313,0
23748,313,0
23749,320,0
23750,315,0
23751,307,0
23752,307,0
23753,318,0
23754,313,0
23755,308,0
23756,319,0
23757,318,0
23758,314,0
23759,313,0
23760,309,0
23761,303,0
23762,309,0
23763,311,0
23764,310,0
23765,307,0
23766,308,0
23767,311,0
23768,310,0
23769,312,0
23770,323,0
23771,314,0
23772,317,0
23773,314,0
23774,311,0
23775,312,0
23776,319,0
23777,307,0
23778,316,0
23779,311,0
23780,318,0
23781,315,0
23782,321,0
23783,312,0
23784,321,0
23785,309,0
23786,320,0
23787,315,0
23788,312,0
23789,313,0
23790,307,0
23791,315,0
23792,319,0
23793,309,0
23794,321,0
23795,317,0
23796,312,0
23797,313,0
23798,313,0
23799,310,0
23800,320,0
23801,309,0
23802,310,0
23803,319,0
23804,314,0
23805,319,0
23806,309,0
23807,311,0
23808,309,0
23809,313,0
23810,317,0
23811,309,0
23812,314,0
23813,320,0
23814,312,0
23815,314,0
23816,315,0
23817,311,0
23818,311,0
23819,317,0
23820,308,0
23821,319,0
23822,323,0
23823,308,0
23824,313,0
23825,312,0
23826,316,0
23827,314,0
23828,320,0
23829,307,0
23830,308,0
23831,317,0
23832,306,0
23833,314,0
23834,314,0
23835,307,0
23836,320,0
23837,318,0
23838,311,0
23839,316,0
23840,309,0
23841,308,0
23842,307,0
23843,316,0
23844,321,0
23845,311,0
23846,309,0
23847,314,0
23848,304,0
23849,319,0
23850,305,0
23851,314,0
23852,314,0
23853,312,0
23854,304,0
23855,302,0
23856,311,0
23857,318,0
23858,312,0
23859,314,0
23860,304,0
23861,313,0
23862,310,0
23863,308,0
23864,309,0
23865,309,0
23866,305,0
23867,317,0
23868,311,0
23869,312,0
23870,309,0
23871,318,0
23872,314,0
23873,308,0
23874,316,0
23875,321,0
23876,313,0
23877,315,0
23878,322,0
23879,317,0
23880,320,0
23881,313,0
23882,311,0
23883,316,0
23884,307,0
23885,305,0
23886,308,0
23887,317,0
23888,315,0
23889,318,0
23890,314,0
23891,310,0
23892,320,0
23893,313,0
23894,316,0
23895,305,0
23896,317,0
23897,316,0
23898,311,0
23899,319,0
23900,321,0
23901,312,0
23902,314,0
23903,325,0
23904,317,0
23905,318,0
23906,313,0
23907,325,0
23908,312,0
23909,320,0
23910,312,0
23911,309,0
23912,310,0
23913,319,0
23914,310,0
23915,310,0
23916,318,0
23917,315,0
23918,312,0
23919,314,0
23920,316,0
23921,313,0
23922,316,0
23923,317,0
23924,307,0
23925,318,0
23926,304,0
23927,305,0
23928,316,0
23929,315,0
23930,315,0
23931,321,0
23932,309,0
23933,315,0
23934,320,0
23935,317,0
23936,318,0
23937,309,0
23938,319,0
23939,314,0
23940,305,0
23941,313,0
23942,313,0
23943,325,0
23944,317,0
23945,318,0
23946,317,0
23947,312,0
23948,312,0
23949,313,0
23950,314,0
23951,311,0
23952,311,0
23953,321,0
23954,312,0
23955,312,0
23956,315,0
23957,313,0
23958,315,0
23959,308,0
23960,324,0
23961,309,0
23962,309,0
23963,312,0
23964,310,0
23965,315,0
23966,312,0
23967,307,0
23968,322,0
23969,312,0
23970,314,0
23971,310,0
23972,310,0
23973,314,0
23974,305,0
23975,313,0
23976,309,0
23977,314,0
23978,314,0
23979,319,0
23980,312,0
23981,315,0
23982,309,0
23983,315,0
23984,310,0
23985,317,0
23986,316,0
23987,312,0
23988,309,0
23989,313,0
23990,316,0
23991,314,0
23992,312,0
23993,324,0
23994,314,0
23995,309,0
23996,315,0
23997,319,0
23998,315,0
23999,313,0
