Index,TemperatureRaw16,VGNDRaw16
0,130,0
1,127,0
2,129,0
3,128,0
4,127,0
5,131,0
6,122,0
7,121,0
8,131,0
9,125,0
10,127,0
11,129,0
12,128,0
13,124,0
14,119,0
15,129,0
16,122,0
17,130,0
18,123,0
19,120,0
20,125,0
21,122,0
22,123,0
23,124,0
24,119,0
25,126,0
26,114,0
27,127,0
28,121,0
29,120,0
30,125,0
31,124,0
32,132,0
33,126,0
34,139,0
35,124,0
36,138,0
37,120,0
38,118,0
39,127,0
40,135,0
41,130,0
42,121,0
43,122,0
44,129,0
45,123,0
46,128,0
47,120,0
48,132,0
49,127,0
50,124,0
51,124,0
52,126,0
53,126,0
54,126,0
55,120,0
56,119,0
57,131,0
58,128,0
59,124,0
60,117,0
61,122,0
62,123,0
63,122,0
64,129,0
65,131,0
66,119,0
67,130,0
68,128,0
69,123,0
70,127,0
71,128,0
72,118,0
73,129,0
74,126,0
75,124,0
76,127,0
77,128,0
78,121,0
79,126,0
80,130,0
81,116,0
82,123,0
83,127,0
84,124,0
85,123,0
86,123,0
87,128,0
88,123,0
89,129,0
90,137,0
91,129,0
92,119,0
93,116,0
94,135,0
95,121,0
96,121,0
97,127,0
98,127,0
99,124,0
100,132,0
101,122,0
102,121,0
103,125,0
104,126,0
105,121,0
106,126,0
107,121,0
108,127,0
109,127,0
110,119,0
111,120,0
112,129,0
113,116,0
114,126,0
115,129,0
116,123,0
117,131,0
118,127,0
119,132,0
120,131,0
121,128,0
122,120,0
123,124,0
124,125,0
125,123,0
126,129,0
127,130,0
128,120,0
129,124,0
130,115,0
131,130,0
132,128,0
133,122,0
134,127,0
135,130,0
136,121,0
137,123,0
138,130,0
139,125,0
140,126,0
141,121,0
142,118,0
143,121,0
144,122,0
145,119,0
146,122,0
147,126,0
148,122,0
149,120,0
150,125,0
151,122,0
152,122,0
153,121,0
154,131,0
155,131,0
156,128,0
157,123,0
158,125,0
159,122,0
160,123,0
161,125,0
162,114,0
163,129,0
164,124,0
165,120,0
166,133,0
167,130,0
168,123,0
169,124,0
170,127,0
171,121,0
172,123,0
173,125,0
174,128,0
175,128,0
176,128,0
177,122,0
178,116,0
179,128,0
180,127,0
181,122,0
182,119,0
183,129,0
184,130,0
185,124,0
186,124,0
187,129,0
188,129,0
189,124,0
190,124,0
191,131,0
192,127,0
193,129,0
194,122,0
195,126,0
196,126,0
197,126,0
198,124,0
199,122,0
200,124,0
201,130,0
202,128,0
203,125,0
204,132,0
205,122,0
206,119,0
207,130,0
208,123,0
209,126,0
210,127,0
211,128,0
212,127,0
213,123,0
214,130,0
215,115,0
216,129,0
217,133,0
218,124,0
219,132,0
220,113,0
221,133,0
222,118,0
223,119,0
224,126,0
225,120,0
226,115,0
227,131,0
228,113,0
229,131,0
230,122,0
231,123,0
232,128,0
233,121,0
234,117,0
235,137,0
236,116,0
237,128,0
238,116,0
239,121,0
240,115,0
241,120,0
242,124,0
243,123,0
244,128,0
245,123,0
246,131,0
247,122,0
248,126,0
249,134,0
250,126,0
251,128,0
252,125,0
253,124,0
254,117,0
255,115,0
256,122,0
257,120,0
258,127,0
259,118,0
260,120,0
261,124,0
262,120,0
263,118,0
264,124,0
265,118,0
266,133,0
267,119,0
268,119,0
269,127,0
270,120,0
271,119,0
272,122,0
273,133,0
274,121,0
275,128,0
276,118,0
277,118,0
278,126,0
279,120,0
280,116,0
281,125,0
282,120,0
283,122,0
284,134,0
285,123,0
286,113,0
287,126,0
288,119,0
289,117,0
290,114,0
291,129,0
292,121,0
293,120,0
294,127,0
295,117,0
296,120,0
297,118,0
298,128,0
299,127,0
300,113,0
301,119,0
302,118,0
303,121,0
304,119,0
305,107,0
306,116,0
307,122,0
308,121,0
309,126,0
310,124,0
311,122,0
312,125,0
313,121,0
314,118,0
315,122,0
316,125,0
317,120,0
318,119,0
319,119,0
320,125,0
321,126,0
322,118,0
323,120,0
324,108,0
325,117,0
326,127,0
327,119,0
328,120,0
329,118,0
330,130,0
331,126,0
332,123,0
333,117,0
334,123,0
335,117,0
336,123,0
337,114,0
338,105,0
339,112,0
340,122,0
341,118,0
342,119,0
343,122,0
344,110,0
345,124,0
346,116,0
347,122,0
348,121,0
349,123,0
350,118,0
351,121,0
352,117,0
353,126,0
354,123,0
355,121,0
356,122,0
357,127,0
358,121,0
359,130,0
360,108,0
361,123,0
362,118,0
363,115,0
364,113,0
365,122,0
366,123,0
367,120,0
368,119,0
369,120,0
370,115,0
371,122,0
372,123,0
373,128,0
374,122,0
375,120,0
376,122,0
377,119,0
378,113,0
379,114,0
380,117,0
381,117,0
382,115,0
383,117,0
384,121,0
385,123,0
386,109,0
387,112,0
388,119,0
389,109,0
390,128,0
391,118,0
392,118,0
393,116,0
394,112,0
395,118,0
396,119,0
397,120,0
398,116,0
399,111,0
400,130,0
401,117,0
402,113,0
403,118,0
404,121,0
405,120,0
406,119,0
407,109,0
408,121,0
409,118,0
410,120,0
411,115,0
412,116,0
413,123,0
414,127,0
415,120,0
416,109,0
417,117,0
418,124,0
419,112,0
420,121,0
421,111,0
422,117,0
423,109,0
424,117,0
425,116,0
426,110,0
427,115,0
428,119,0
429,118,0
430,114,0
431,120,0
432,121,0
433,122,0
434,120,0
435,118,0
436,117,0
437,120,0
438,112,0
439,114,0
440,116,0
441,125,0
442,123,0
443,114,0
444,122,0
445,111,0
446,114,0
447,117,0
448,117,0
449,124,0
450,112,0
451,121,0
452,112,0
453,112,0
454,115,0
455,118,0
456,121,0
457,119,0
458,109,0
459,117,0
460,115,0
461,116,0
462,126,0
463,116,0
464,115,0
465,118,0
466,116,0
467,103,0
468,118,0
469,112,0
470,118,0
471,116,0
472,114,0
473,116,0
474,118,0
475,115,0
476,116,0
477,112,0
478,115,0
479,120,0
480,111,0
481,112,0
482,116,0
483,124,0
484,112,0
485,107,0
486,116,0
487,111,0
488,96,0
489,114,0
490,119,0
491,114,0
492,112,0
493,109,0
494,122,0
495,118,0
496,110,0
497,110,0
498,118,0
499,115,0
500,113,0
501,119,0
502,122,0
503,119,0
504,110,0
505,106,0
506,120,0
507,113,0
508,113,0
509,119,0
510,113,0
511,118,0
512,115,0
513,112,0
514,108,0
515,122,0
516,111,0
517,119,0
518,109,0
519,117,0
520,119,0
521,116,0
522,120,0
523,115,0
524,114,0
525,128,0
526,108,0
527,114,0
528,121,0
529,103,0
530,114,0
531,112,0
532,113,0
533,121,0
534,114,0
535,124,0
536,119,0
537,110,0
538,114,0
539,114,0
540,111,0
541,111,0
542,108,0
543,115,0
544,115,0
545,115,0
546,103,0
547,105,0
548,115,0
549,114,0
550,108,0
551,116,0
552,111,0
553,114,0
554,116,0
555,115,0
556,107,0
557,117,0
558,107,0
559,116,0
560,114,0
561,117,0
562,111,0
563,106,0
564,115,0
565,109,0
566,114,0
567,110,0
568,107,0
569,121,0
570,110,0
571,118,0
572,116,0
573,108,0
574,111,0
575,111,0
576,110,0
577,110,0
578,110,0
579,110,0
580,112,0
581,126,0
582,117,0
583,111,0
584,106,0
585,108,0
586,102,0
587,111,0
588,116,0
589,113,0
590,114,0
591,114,0
592,109,0
593,105,0
594,112,0
595,107,0
596,107,0
597,109,0
598,108,0
599,118,0
600,114,0
601,110,0
602,107,0
603,111,0
604,105,0
605,110,0
606,111,0
607,110,0
608,114,0
609,116,0
610,109,0
611,116,0
612,106,0
613,115,0
614,110,0
615,110,0
616,109,0
617,99,0
618,115,0
619,113,0
620,113,0
621,120,0
622,114,0
623,110,0
624,113,0
625,115,0
626,104,0
627,116,0
628,105,0
629,106,0
630,110,0
631,105,0
632,102,0
633,108,0
634,115,0
635,113,0
636,115,0
637,120,0
638,116,0
639,119,0
640,109,0
641,111,0
642,102,0
643,109,0
644,116,0
645,113,0
646,108,0
647,109,0
648,110,0
649,109,0
650,111,0
651,110,0
652,117,0
653,113,0
654,103,0
655,110,0
656,105,0
657,107,0
658,113,0
659,102,0
660,112,0
661,112,0
662,108,0
663,113,0
664,104,0
665,109,0
666,114,0
667,113,0
668,102,0
669,109,0
670,111,0
671,117,0
672,105,0
673,110,0
674,111,0
675,107,0
676,107,0
677,107,0
678,107,0
679,116,0
680,114,0
681,120,0
682,102,0
683,113,0
684,112,0
685,116,0
686,107,0
687,113,0
688,98,0
689,110,0
690,102,0
691,97,0
692,106,0
693,117,0
694,113,0
695,102,0
696,103,0
697,107,0
698,116,0
699,114,0
700,108,0
701,104,0
702,111,0
703,99,0
704,111,0
705,107,0
706,104,0
707,105,0
708,104,0
709,111,0
710,107,0
711,104,0
712,111,0
713,114,0
714,102,0
715,103,0
716,97,0
717,113,0
718,107,0
719,102,0
720,107,0
721,101,0
722,119,0
723,111,0
724,101,0
725,108,0
726,100,0
727,100,0
728,111,0
729,101,0
730,118,0
731,103,0
732,113,0
733,106,0
734,115,0
735,120,0
736,111,0
737,106,0
738,109,0
739,114,0
740,109,0
741,119,0
742,104,0
743,106,0
744,101,0
745,111,0
746,111,0
747,106,0
748,111,0
749,117,0
750,106,0
751,103,0
752,108,0
753,113,0
754,109,0
755,112,0
756,106,0
757,105,0
758,107,0
759,103,0
760,110,0
761,103,0
762,110,0
763,105,0
764,107,0
765,107,0
766,114,0
767,109,0
768,102,0
769,106,0
770,111,0
771,110,0
772,106,0
773,104,0
774,105,0
775,111,0
776,111,0
777,105,0
778,102,0
779,105,0
780,106,0
781,109,0
782,106,0
783,101,0
784,103,0
785,101,0
786,103,0
787,111,0
788,112,0
789,109,0
790,97,0
791,108,0
792,106,0
793,111,0
794,111,0
795,113,0
796,111,0
797,101,0
798,106,0
799,101,0
800,96,0
801,111,0
802,105,0
803,110,0
804,109,0
805,107,0
806,116,0
807,109,0
808,108,0
809,110,0
810,108,0
811,108,0
812,111,0
813,111,0
814,109,0
815,108,0
816,112,0
817,102,0
818,104,0
819,110,0
820,105,0
821,109,0
822,118,0
823,102,0
824,112,0
825,106,0
826,105,0
827,109,0
828,107,0
829,108,0
830,109,0
831,99,0
832,100,0
833,108,0
834,117,0
835,104,0
836,106,0
837,101,0
838,113,0
839,108,0
840,100,0
841,96,0
842,110,0
843,112,0
844,105,0
845,97,0
846,102,0
847,108,0
848,102,0
849,100,0
850,110,0
851,108,0
852,102,0
853,100,0
854,109,0
855,109,0
856,95,0
857,113,0
858,104,0
859,95,0
860,106,0
861,104,0
862,112,0
863,102,0
864,105,0
865,112,0
866,118,0
867,110,0
868,106,0
869,105,0
870,108,0
871,105,0
872,111,0
873,101,0
874,97,0
875,111,0
876,112,0
877,111,0
878,110,0
879,115,0
880,115,0
881,102,0
882,109,0
883,102,0
884,100,0
885,110,0
886,99,0
887,111,0
888,101,0
889,101,0
890,102,0
891,105,0
892,104,0
893,113,0
894,103,0
895,98,0
896,98,0
897,104,0
898,100,0
899,107,0
900,106,0
901,100,0
902,102,0
903,109,0
904,109,0
905,101,0
906,96,0
907,112,0
908,107,0
909,106,0
910,100,0
911,97,0
912,109,0
913,106,0
914,96,0
915,116,0
916,107,0
917,102,0
918,102,0
919,103,0
920,106,0
921,106,0
922,98,0
923,98,0
924,105,0
925,103,0
926,109,0
927,98,0
928,103,0
929,108,0
930,105,0
931,103,0
932,104,0
933,106,0
934,109,0
935,104,0
936,106,0
937,106,0
938,110,0
939,102,0
940,99,0
941,103,0
942,113,0
943,104,0
944,100,0
945,114,0
946,111,0
947,104,0
948,100,0
949,102,0
950,98,0
951,117,0
952,106,0
953,103,0
954,100,0
955,95,0
956,99,0
957,109,0
958,110,0
959,103,0
960,113,0
961,107,0
962,100,0
963,112,0
964,96,0
965,104,0
966,111,0
967,100,0
968,101,0
969,103,0
970,97,0
971,108,0
972,99,0
973,103,0
974,104,0
975,100,0
976,105,0
977,101,0
978,117,0
979,110,0
980,103,0
981,113,0
982,110,0
983,112,0
984,106,0
985,97,0
986,101,0
987,106,0
988,102,0
989,108,0
990,94,0
991,113,0
992,103,0
993,109,0
994,102,0
995,96,0
996,98,0
997,112,0
998,103,0
999,103,0
1000,102,0
1001,116,0
1002,104,0
1003,95,0
1004,115,0
1005,94,0
1006,111,0
1007,116,0
1008,108,0
1009,102,0
1010,106,0
1011,92,0
1012,99,0
1013,113,0
1014,100,0
1015,102,0
1016,91,0
1017,100,0
1018,107,0
1019,107,0
1020,95,0
1021,93,0
1022,101,0
1023,104,0
1024,105,0
1025,105,0
1026,109,0
1027,102,0
1028,99,0
1029,104,0
1030,95,0
1031,111,0
1032,110,0
1033,103,0
1034,99,0
1035,101,0
1036,105,0
1037,103,0
1038,108,0
1039,110,0
1040,103,0
1041,101,0
1042,106,0
1043,100,0
1044,98,0
1045,106,0
1046,96,0
1047,98,0
1048,98,0
1049,98,0
1050,98,0
1051,104,0
1052,104,0
1053,104,0
1054,100,0
1055,103,0
1056,103,0
1057,100,0
1058,110,0
1059,99,0
1060,105,0
1061,100,0
1062,101,0
1063,107,0
1064,107,0
1065,108,0
1066,102,0
1067,109,0
1068,106,0
1069,96,0
1070,101,0
1071,101,0
1072,106,0
1073,93,0
1074,102,0
1075,97,0
1076,96,0
1077,102,0
1078,101,0
1079,112,0
1080,98,0
1081,102,0
1082,104,0
1083,107,0
1084,118,0
1085,103,0
1086,93,0
1087,106,0
1088,100,0
1089,105,0
1090,106,0
1091,99,0
1092,92,0
1093,96,0
1094,101,0
1095,100,0
1096,105,0
1097,105,0
1098,102,0
1099,103,0
1100,102,0
1101,110,0
1102,103,0
1103,102,0
1104,108,0
1105,108,0
1106,99,0
1107,98,0
1108,108,0
1109,115,0
1110,112,0
1111,104,0
1112,103,0
1113,104,0
1114,107,0
1115,104,0
1116,106,0
1117,101,0
1118,101,0
1119,109,0
1120,103,0
1121,95,0
1122,107,0
1123,98,0
1124,104,0
1125,100,0
1126,114,0
1127,100,0
1128,97,0
1129,109,0
1130,97,0
1131,110,0
1132,100,0
1133,94,0
1134,103,0
1135,109,0
1136,101,0
1137,111,0
1138,100,0
1139,101,0
1140,97,0
1141,105,0
1142,101,0
1143,99,0
1144,102,0
1145,104,0
1146,100,0
1147,102,0
1148,103,0
1149,102,0
1150,101,0
1151,100,0
1152,103,0
1153,106,0
1154,94,0
1155,98,0
1156,96,0
1157,102,0
1158,96,0
1159,100,0
1160,100,0
1161,96,0
1162,104,0
1163,106,0
1164,101,0
1165,106,0
1166,103,0
1167,95,0
1168,108,0
1169,101,0
1170,102,0
1171,95,0
1172,103,0
1173,105,0
1174,107,0
1175,97,0
1176,105,0
1177,101,0
1178,101,0
1179,106,0
1180,102,0
1181,100,0
1182,102,0
1183,100,0
1184,94,0
1185,106,0
1186,102,0
1187,105,0
1188,89,0
1189,103,0
1190,96,0
1191,99,0
1192,99,0
1193,91,0
1194,104,0
1195,102,0
1196,95,0
1197,98,0
1198,101,0
1199,100,0
1200,94,0
1201,99,0
1202,104,0
1203,92,0
1204,106,0
1205,113,0
1206,99,0
1207,101,0
1208,105,0
1209,101,0
1210,104,0
1211,109,0
1212,103,0
1213,99,0
1214,91,0
1215,97,0
1216,92,0
1217,96,0
1218,97,0
1219,107,0
1220,100,0
1221,100,0
1222,100,0
1223,99,0
1224,102,0
1225,113,0
1226,108,0
1227,102,0
1228,95,0
1229,95,0
1230,105,0
1231,103,0
1232,101,0
1233,96,0
1234,106,0
1235,107,0
1236,99,0
1237,99,0
1238,102,0
1239,102,0
1240,97,0
1241,97,0
1242,102,0
1243,91,0
1244,97,0
1245,109,0
1246,103,0
1247,100,0
1248,106,0
1249,99,0
1250,99,0
1251,101,0
1252,108,0
1253,102,0
1254,102,0
1255,89,0
1256,107,0
1257,93,0
1258,89,0
1259,96,0
1260,103,0
1261,98,0
1262,103,0
1263,95,0
1264,94,0
1265,101,0
1266,103,0
1267,98,0
1268,91,0
1269,104,0
1270,103,0
1271,106,0
1272,104,0
1273,101,0
1274,111,0
1275,96,0
1276,96,0
1277,105,0
1278,92,0
1279,108,0
1280,107,0
1281,107,0
1282,107,0
1283,102,0
1284,103,0
1285,102,0
1286,108,0
1287,98,0
1288,108,0
1289,98,0
1290,94,0
1291,100,0
1292,96,0
1293,97,0
1294,100,0
1295,98,0
1296,100,0
1297,99,0
1298,105,0
1299,101,0
1300,102,0
1301,94,0
1302,94,0
1303,108,0
1304,86,0
1305,97,0
1306,100,0
1307,95,0
1308,98,0
1309,107,0
1310,101,0
1311,100,0
1312,106,0
1313,99,0
1314,98,0
1315,104,0
1316,92,0
1317,100,0
1318,105,0
1319,103,0
1320,107,0
1321,102,0
1322,98,0
1323,94,0
1324,104,0
1325,100,0
1326,101,0
1327,98,0
1328,108,0
1329,102,0
1330,101,0
1331,104,0
1332,94,0
1333,104,0
1334,103,0
1335,95,0
1336,96,0
1337,103,0
1338,97,0
1339,105,0
1340,98,0
1341,99,0
1342,99,0
1343,100,0
1344,102,0
1345,104,0
1346,95,0
1347,103,0
1348,99,0
1349,98,0
1350,99,0
1351,93,0
1352,101,0
1353,103,0
1354,97,0
1355,99,0
1356,90,0
1357,108,0
1358,94,0
1359,100,0
1360,96,0
1361,101,0
1362,103,0
1363,104,0
1364,103,0
1365,104,0
1366,98,0
1367,97,0
1368,100,0
1369,97,0
1370,99,0
1371,102,0
1372,96,0
1373,102,0
1374,101,0
1375,100,0
1376,95,0
1377,107,0
1378,104,0
1379,96,0
1380,103,0
1381,107,0
1382,103,0
1383,96,0
1384,102,0
1385,100,0
1386,101,0
1387,92,0
1388,101,0
1389,99,0
1390,100,0
1391,102,0
1392,106,0
1393,104,0
1394,107,0
1395,93,0
1396,100,0
1397,100,0
1398,98,0
1399,96,0
1400,109,0
1401,101,0
1402,93,0
1403,106,0
1404,100,0
1405,101,0
1406,96,0
1407,93,0
1408,110,0
1409,105,0
1410,102,0
1411,95,0
1412,94,0
1413,103,0
1414,96,0
1415,91,0
1416,96,0
1417,104,0
1418,104,0
1419,95,0
1420,96,0
1421,93,0
1422,98,0
1423,92,0
1424,102,0
1425,97,0
1426,97,0
1427,102,0
1428,97,0
1429,109,0
1430,98,0
1431,103,0
1432,103,0
1433,96,0
1434,101,0
1435,88,0
1436,99,0
1437,99,0
1438,98,0
1439,100,0
1440,95,0
1441,99,0
1442,92,0
1443,104,0
1444,95,0
1445,106,0
1446,105,0
1447,96,0
1448,97,0
1449,97,0
1450,107,0
1451,90,0
1452,97,0
1453,98,0
1454,100,0
1455,101,0
1456,96,0
1457,95,0
1458,94,0
1459,105,0
1460,98,0
1461,104,0
1462,102,0
1463,97,0
1464,109,0
1465,107,0
1466,105,0
1467,95,0
1468,98,0
1469,111,0
1470,97,0
1471,98,0
1472,97,0
1473,103,0
1474,99,0
1475,102,0
1476,106,0
1477,112,0
1478,98,0
1479,98,0
1480,105,0
1481,94,0
1482,91,0
1483,106,0
1484,97,0
1485,108,0
1486,96,0
1487,96,0
1488,99,0
1489,103,0
1490,106,0
1491,100,0
1492,109,0
1493,101,0
1494,89,0
1495,102,0
1496,93,0
1497,110,0
1498,103,0
1499,109,0
1500,96,0
1501,106,0
1502,93,0
1503,101,0
1504,98,0
1505,105,0
1506,92,0
1507,109,0
1508,101,0
1509,103,0
1510,103,0
1511,98,0
1512,103,0
1513,104,0
1514,92,0
1515,103,0
1516,103,0
1517,100,0
1518,99,0
1519,102,0
1520,91,0
1521,97,0
1522,96,0
1523,100,0
1524,100,0
1525,99,0
1526,101,0
1527,101,0
1528,103,0
1529,100,0
1530,108,0
1531,100,0
1532,88,0
1533,95,0
1534,98,0
1535,103,0
1536,102,0
1537,91,0
1538,101,0
1539,95,0
1540,104,0
1541,97,0
1542,90,0
1543,103,0
1544,105,0
1545,98,0
1546,94,0
1547,98,0
1548,106,0
1549,96,0
1550,105,0
1551,96,0
1552,87,0
1553,91,0
1554,101,0
1555,102,0
1556,91,0
1557,95,0
1558,97,0
1559,97,0
1560,99,0
1561,92,0
1562,97,0
1563,109,0
1564,94,0
1565,92,0
1566,93,0
1567,101,0
1568,112,0
1569,86,0
1570,98,0
1571,99,0
1572,98,0
1573,93,0
1574,99,0
1575,101,0
1576,108,0
1577,95,0
1578,97,0
1579,92,0
1580,98,0
1581,102,0
1582,102,0
1583,99,0
1584,94,0
1585,102,0
1586,92,0
1587,105,0
1588,102,0
1589,101,0
1590,101,0
1591,98,0
1592,97,0
1593,99,0
1594,103,0
1595,100,0
1596,94,0
1597,93,0
1598,107,0
1599,102,0
1600,101,0
1601,101,0
1602,102,0
1603,90,0
1604,97,0
1605,95,0
1606,96,0
1607,96,0
1608,100,0
1609,99,0
1610,99,0
1611,88,0
1612,93,0
1613,96,0
1614,94,0
1615,97,0
1616,100,0
1617,87,0
1618,94,0
1619,97,0
1620,104,0
1621,93,0
1622,98,0
1623,96,0
1624,90,0
1625,95,0
1626,98,0
1627,98,0
1628,91,0
1629,90,0
1630,97,0
1631,102,0
1632,95,0
1633,99,0
1634,100,0
1635,93,0
1636,96,0
1637,100,0
1638,95,0
1639,101,0
1640,91,0
1641,92,0
1642,99,0
1643,89,0
1644,100,0
1645,92,0
1646,95,0
1647,91,0
1648,105,0
1649,99,0
1650,96,0
1651,101,0
1652,90,0
1653,97,0
1654,106,0
1655,102,0
1656,97,0
1657,92,0
1658,97,0
1659,93,0
1660,103,0
1661,94,0
1662,104,0
1663,95,0
1664,100,0
1665,101,0
1666,90,0
1667,96,0
1668,106,0
1669,93,0
1670,108,0
1671,107,0
1672,111,0
1673,98,0
1674,102,0
1675,104,0
1676,98,0
1677,100,0
1678,88,0
1679,99,0
1680,93,0
1681,90,0
1682,96,0
1683,101,0
1684,102,0
1685,97,0
1686,90,0
1687,88,0
1688,92,0
1689,100,0
1690,102,0
1691,94,0
1692,96,0
1693,98,0
1694,92,0
1695,97,0
1696,101,0
1697,99,0
1698,102,0
1699,87,0
1700,98,0
1701,90,0
1702,97,0
1703,96,0
1704,95,0
1705,99,0
1706,101,0
1707,96,0
1708,104,0
1709,91,0
1710,93,0
1711,94,0
1712,99,0
1713,101,0
1714,95,0
1715,97,0
1716,96,0
1717,109,0
1718,94,0
1719,99,0
1720,92,0
1721,92,0
1722,93,0
1723,98,0
1724,95,0
1725,97,0
1726,94,0
1727,114,0
1728,91,0
1729,97,0
1730,101,0
1731,99,0
1732,95,0
1733,89,0
1734,89,0
1735,98,0
1736,105,0
1737,108,0
1738,106,0
1739,93,0
1740,96,0
1741,105,0
1742,106,0
1743,103,0
1744,92,0
1745,97,0
1746,94,0
1747,105,0
1748,100,0
1749,103,0
1750,97,0
1751,96,0
1752,96,0
1753,91,0
1754,95,0
1755,101,0
1756,93,0
1757,97,0
1758,102,0
1759,103,0
1760,99,0
1761,98,0
1762,90,0
1763,101,0
1764,91,0
1765,97,0
1766,102,0
1767,91,0
1768,108,0
1769,93,0
1770,104,0
1771,106,0
1772,103,0
1773,102,0
1774,107,0
1775,100,0
1776,92,0
1777,101,0
1778,92,0
1779,99,0
1780,98,0
1781,100,0
1782,91,0
1783,95,0
1784,97,0
1785,104,0
1786,92,0
1787,103,0
1788,96,0
1789,96,0
1790,97,0
1791,111,0
1792,103,0
1793,100,0
1794,105,0
1795,101,0
1796,98,0
1797,108,0
1798,87,0
1799,93,0
1800,98,0
1801,108,0
1802,93,0
1803,102,0
1804,103,0
1805,100,0
1806,94,0
1807,100,0
1808,100,0
1809,96,0
1810,102,0
1811,89,0
1812,100,0
1813,95,0
1814,89,0
1815,91,0
1816,103,0
1817,105,0
1818,96,0
1819,91,0
1820,100,0
1821,99,0
1822,96,0
1823,94,0
1824,92,0
1825,96,0
1826,88,0
1827,95,0
1828,93,0
1829,96,0
1830,104,0
1831,98,0
1832,98,0
1833,87,0
1834,105,0
1835,104,0
1836,103,0
1837,95,0
1838,98,0
1839,97,0
1840,97,0
1841,92,0
1842,91,0
1843,97,0
1844,101,0
1845,94,0
1846,98,0
1847,101,0
1848,102,0
1849,98,0
1850,90,0
1851,95,0
1852,98,0
1853,92,0
1854,99,0
1855,93,0
1856,105,0
1857,94,0
1858,101,0
1859,95,0
1860,97,0
1861,93,0
1862,96,0
1863,94,0
1864,105,0
1865,103,0
1866,97,0
1867,91,0
1868,88,0
1869,95,0
1870,93,0
1871,102,0
1872,100,0
1873,98,0
1874,96,0
1875,96,0
1876,110,0
1877,100,0
1878,100,0
1879,97,0
1880,96,0
1881,92,0
1882,103,0
1883,102,0
1884,91,0
1885,93,0
1886,84,0
1887,97,0
1888,89,0
1889,95,0
1890,92,0
1891,102,0
1892,97,0
1893,96,0
1894,93,0
1895,93,0
1896,96,0
1897,97,0
1898,93,0
1899,98,0
1900,96,0
1901,96,0
1902,103,0
1903,95,0
1904,97,0
1905,92,0
1906,98,0
1907,91,0
1908,100,0
1909,92,0
1910,99,0
1911,98,0
1912,97,0
1913,100,0
1914,96,0
1915,93,0
1916,89,0
1917,95,0
1918,99,0
1919,89,0
1920,102,0
1921,91,0
1922,91,0
1923,110,0
1924,104,0
1925,100,0
1926,100,0
1927,97,0
1928,98,0
1929,88,0
1930,94,0
1931,89,0
1932,92,0
1933,98,0
1934,92,0
1935,94,0
1936,90,0
1937,93,0
1938,98,0
1939,98,0
1940,93,0
1941,100,0
1942,92,0
1943,85,0
1944,102,0
1945,94,0
1946,104,0
1947,86,0
1948,96,0
1949,98,0
1950,90,0
1951,90,0
1952,94,0
1953,91,0
1954,99,0
1955,90,0
1956,91,0
1957,90,0
1958,95,0
1959,97,0
1960,104,0
1961,98,0
1962,98,0
1963,94,0
1964,97,0
1965,88,0
1966,97,0
1967,90,0
1968,96,0
1969,99,0
1970,100,0
1971,99,0
1972,101,0
1973,102,0
1974,101,0
1975,101,0
1976,99,0
1977,95,0
1978,103,0
1979,98,0
1980,96,0
1981,98,0
1982,102,0
1983,98,0
1984,104,0
1985,93,0
1986,94,0
1987,102,0
1988,94,0
1989,92,0
1990,92,0
1991,104,0
1992,97,0
1993,91,0
1994,93,0
1995,93,0
1996,96,0
1997,85,0
1998,103,0
1999,89,0
2000,99,0
2001,90,0
2002,89,0
2003,91,0
2004,92,0
2005,99,0
2006,88,0
2007,94,0
2008,97,0
2009,101,0
2010,105,0
2011,97,0
2012,95,0
2013,97,0
2014,91,0
2015,95,0
2016,99,0
2017,88,0
2018,93,0
2019,92,0
2020,88,0
2021,100,0
2022,97,0
2023,90,0
2024,90,0
2025,87,0
2026,99,0
2027,94,0
2028,91,0
2029,95,0
2030,87,0
2031,98,0
2032,95,0
2033,98,0
2034,91,0
2035,95,0
2036,101,0
2037,94,0
2038,90,0
2039,102,0
2040,102,0
2041,104,0
2042,98,0
2043,101,0
2044,94,0
2045,102,0
2046,101,0
2047,101,0
2048,94,0
2049,94,0
2050,85,0
2051,97,0
2052,93,0
2053,98,0
2054,96,0
2055,103,0
2056,102,0
2057,92,0
2058,101,0
2059,95,0
2060,101,0
2061,98,0
2062,88,0
2063,98,0
2064,91,0
2065,88,0
2066,101,0
2067,101,0
2068,105,0
2069,93,0
2070,101,0
2071,93,0
2072,95,0
2073,89,0
2074,100,0
2075,98,0
2076,95,0
2077,90,0
2078,101,0
2079,97,0
2080,102,0
2081,90,0
2082,91,0
2083,91,0
2084,97,0
2085,98,0
2086,87,0
2087,96,0
2088,100,0
2089,97,0
2090,93,0
2091,94,0
2092,91,0
2093,104,0
2094,99,0
2095,97,0
2096,99,0
2097,102,0
2098,100,0
2099,96,0
2100,94,0
2101,92,0
2102,85,0
2103,98,0
2104,101,0
2105,102,0
2106,93,0
2107,92,0
2108,101,0
2109,105,0
2110,98,0
2111,94,0
2112,99,0
2113,94,0
2114,90,0
2115,98,0
2116,100,0
2117,93,0
2118,97,0
2119,92,0
2120,96,0
2121,85,0
2122,96,0
2123,102,0
2124,94,0
2125,98,0
2126,95,0
2127,91,0
2128,94,0
2129,91,0
2130,98,0
2131,96,0
2132,93,0
2133,96,0
2134,98,0
2135,96,0
2136,88,0
2137,103,0
2138,94,0
2139,93,0
2140,96,0
2141,93,0
2142,105,0
2143,90,0
2144,97,0
2145,95,0
2146,97,0
2147,77,0
2148,101,0
2149,107,0
2150,95,0
2151,94,0
2152,94,0
2153,98,0
2154,105,0
2155,98,0
2156,88,0
2157,97,0
2158,101,0
2159,94,0
2160,101,0
2161,93,0
2162,97,0
2163,98,0
2164,102,0
2165,87,0
2166,97,0
2167,98,0
2168,109,0
2169,95,0
2170,89,0
2171,85,0
2172,99,0
2173,102,0
2174,95,0
2175,97,0
2176,92,0
2177,84,0
2178,91,0
2179,97,0
2180,88,0
2181,94,0
2182,98,0
2183,91,0
2184,105,0
2185,94,0
2186,91,0
2187,92,0
2188,99,0
2189,97,0
2190,97,0
2191,95,0
2192,102,0
2193,92,0
2194,95,0
2195,87,0
2196,97,0
2197,95,0
2198,97,0
2199,92,0
2200,104,0
2201,94,0
2202,91,0
2203,97,0
2204,93,0
2205,101,0
2206,87,0
2207,92,0
2208,97,0
2209,84,0
2210,102,0
2211,94,0
2212,84,0
2213,92,0
2214,95,0
2215,99,0
2216,103,0
2217,93,0
2218,99,0
2219,89,0
2220,97,0
2221,89,0
2222,96,0
2223,88,0
2224,85,0
2225,96,0
2226,100,0
2227,87,0
2228,99,0
2229,90,0
2230,94,0
2231,97,0
2232,88,0
2233,95,0
2234,98,0
2235,100,0
2236,100,0
2237,101,0
2238,100,0
2239,95,0
2240,99,0
2241,97,0
2242,99,0
2243,104,0
2244,103,0
2245,93,0
2246,90,0
2247,92,0
2248,90,0
2249,103,0
2250,89,0
2251,94,0
2252,95,0
2253,96,0
2254,96,0
2255,93,0
2256,101,0
2257,101,0
2258,91,0
2259,103,0
2260,91,0
2261,91,0
2262,102,0
2263,98,0
2264,97,0
2265,93,0
2266,85,0
2267,97,0
2268,94,0
2269,100,0
2270,85,0
2271,98,0
2272,98,0
2273,96,0
2274,97,0
2275,89,0
2276,92,0
2277,88,0
2278,99,0
2279,100,0
2280,91,0
2281,88,0
2282,94,0
2283,101,0
2284,89,0
2285,93,0
2286,96,0
2287,104,0
2288,93,0
2289,102,0
2290,101,0
2291,100,0
2292,102,0
2293,93,0
2294,88,0
2295,93,0
2296,91,0
2297,96,0
2298,98,0
2299,90,0
2300,101,0
2301,100,0
2302,91,0
2303,93,0
2304,96,0
2305,106,0
2306,99,0
2307,95,0
2308,104,0
2309,100,0
2310,91,0
2311,93,0
2312,90,0
2313,107,0
2314,97,0
2315,96,0
2316,101,0
2317,104,0
2318,98,0
2319,86,0
2320,96,0
2321,94,0
2322,98,0
2323,95,0
2324,96,0
2325,102,0
2326,92,0
2327,100,0
2328,96,0
2329,97,0
2330,92,0
2331,91,0
2332,99,0
2333,93,0
2334,96,0
2335,93,0
2336,97,0
2337,109,0
2338,101,0
2339,89,0
2340,89,0
2341,98,0
2342,104,0
2343,92,0
2344,93,0
2345,95,0
2346,86,0
2347,89,0
2348,93,0
2349,104,0
2350,98,0
2351,93,0
2352,97,0
2353,97,0
2354,102,0
2355,94,0
2356,97,0
2357,89,0
2358,90,0
2359,101,0
2360,86,0
2361,92,0
2362,94,0
2363,97,0
2364,89,0
2365,93,0
2366,95,0
2367,109,0
2368,92,0
2369,101,0
2370,104,0
2371,95,0
2372,100,0
2373,91,0
2374,105,0
2375,95,0
2376,92,0
2377,99,0
2378,91,0
2379,92,0
2380,97,0
2381,94,0
2382,96,0
2383,86,0
2384,105,0
2385,89,0
2386,96,0
2387,96,0
2388,102,0
2389,101,0
2390,97,0
2391,91,0
2392,87,0
2393,97,0
2394,94,0
2395,97,0
2396,99,0
2397,101,0
2398,86,0
2399,102,0
2400,90,0
2401,89,0
2402,101,0
2403,86,0
2404,87,0
2405,95,0
2406,95,0
2407,89,0
2408,93,0
2409,106,0
2410,96,0
2411,92,0
2412,90,0
2413,87,0
2414,93,0
2415,96,0
2416,92,0
2417,99,0
2418,94,0
2419,98,0
2420,88,0
2421,96,0
2422,91,0
2423,90,0
2424,88,0
2425,108,0
2426,97,0
2427,97,0
2428,100,0
2429,94,0
2430,103,0
2431,93,0
2432,93,0
2433,91,0
2434,97,0
2435,87,0
2436,99,0
2437,79,0
2438,111,0
2439,102,0
2440,96,0
2441,88,0
2442,87,0
2443,93,0
2444,84,0
2445,100,0
2446,92,0
2447,92,0
2448,95,0
2449,97,0
2450,92,0
2451,98,0
2452,100,0
2453,93,0
2454,97,0
2455,104,0
2456,97,0
2457,96,0
2458,102,0
2459,94,0
2460,88,0
2461,101,0
2462,86,0
2463,99,0
2464,87,0
2465,93,0
2466,99,0
2467,94,0
2468,83,0
2469,93,0
2470,98,0
2471,84,0
2472,94,0
2473,91,0
2474,100,0
2475,98,0
2476,96,0
2477,100,0
2478,88,0
2479,98,0
2480,95,0
2481,95,0
2482,98,0
2483,97,0
2484,97,0
2485,94,0
2486,96,0
2487,104,0
2488,92,0
2489,96,0
2490,90,0
2491,101,0
2492,91,0
2493,89,0
2494,100,0
2495,98,0
2496,94,0
2497,95,0
2498,90,0
2499,96,0
2500,91,0
2501,91,0
2502,96,0
2503,100,0
2504,89,0
2505,94,0
2506,100,0
2507,94,0
2508,95,0
2509,94,0
2510,90,0
2511,90,0
2512,99,0
2513,98,0
2514,95,0
2515,98,0
2516,94,0
2517,94,0
2518,97,0
2519,92,0
2520,91,0
2521,94,0
2522,91,0
2523,87,0
2524,100,0
2525,92,0
2526,96,0
2527,89,0
2528,98,0
2529,87,0
2530,99,0
2531,98,0
2532,94,0
2533,98,0
2534,89,0
2535,101,0
2536,101,0
2537,92,0
2538,93,0
2539,97,0
2540,89,0
2541,95,0
2542,95,0
2543,95,0
2544,92,0
2545,93,0
2546,102,0
2547,91,0
2548,93,0
2549,95,0
2550,105,0
2551,95,0
2552,102,0
2553,96,0
2554,98,0
2555,95,0
2556,92,0
2557,99,0
2558,95,0
2559,96,0
2560,97,0
2561,99,0
2562,99,0
2563,90,0
2564,97,0
2565,96,0
2566,92,0
2567,98,0
2568,92,0
2569,90,0
2570,91,0
2571,102,0
2572,98,0
2573,100,0
2574,94,0
2575,96,0
2576,98,0
2577,99,0
2578,92,0
2579,98,0
2580,89,0
2581,113,0
2582,101,0
2583,97,0
2584,90,0
2585,93,0
2586,95,0
2587,88,0
2588,88,0
2589,100,0
2590,88,0
2591,98,0
2592,89,0
2593,92,0
2594,92,0
2595,91,0
2596,85,0
2597,102,0
2598,99,0
2599,98,0
2600,92,0
2601,96,0
2602,96,0
2603,96,0
2604,92,0
2605,96,0
2606,93,0
2607,92,0
2608,89,0
2609,97,0
2610,103,0
2611,100,0
2612,92,0
2613,95,0
2614,87,0
2615,96,0
2616,92,0
2617,85,0
2618,93,0
2619,91,0
2620,88,0
2621,88,0
2622,101,0
2623,92,0
2624,98,0
2625,99,0
2626,89,0
2627,98,0
2628,102,0
2629,96,0
2630,106,0
2631,97,0
2632,98,0
2633,106,0
2634,91,0
2635,96,0
2636,90,0
2637,97,0
2638,99,0
2639,94,0
2640,89,0
2641,93,0
2642,98,0
2643,97,0
2644,98,0
2645,97,0
2646,90,0
2647,92,0
2648,85,0
2649,98,0
2650,94,0
2651,97,0
2652,81,0
2653,90,0
2654,100,0
2655,92,0
2656,102,0
2657,87,0
2658,99,0
2659,96,0
2660,102,0
2661,98,0
2662,101,0
2663,94,0
2664,85,0
2665,97,0
2666,91,0
2667,94,0
2668,94,0
2669,96,0
2670,93,0
2671,98,0
2672,99,0
2673,104,0
2674,99,0
2675,96,0
2676,90,0
2677,98,0
2678,90,0
2679,86,0
2680,97,0
2681,92,0
2682,88,0
2683,99,0
2684,87,0
2685,95,0
2686,97,0
2687,98,0
2688,89,0
2689,98,0
2690,100,0
2691,95,0
2692,86,0
2693,95,0
2694,88,0
2695,88,0
2696,96,0
2697,102,0
2698,94,0
2699,98,0
2700,98,0
2701,98,0
2702,94,0
2703,98,0
2704,94,0
2705,90,0
2706,97,0
2707,97,0
2708,90,0
2709,89,0
2710,99,0
2711,92,0
2712,95,0
2713,99,0
2714,88,0
2715,95,0
2716,92,0
2717,92,0
2718,98,0
2719,90,0
2720,90,0
2721,86,0
2722,91,0
2723,95,0
2724,100,0
2725,94,0
2726,96,0
2727,88,0
2728,95,0
2729,91,0
2730,99,0
2731,90,0
2732,88,0
2733,97,0
2734,91,0
2735,93,0
2736,93,0
2737,100,0
2738,96,0
2739,98,0
2740,97,0
2741,87,0
2742,96,0
2743,83,0
2744,88,0
2745,90,0
2746,93,0
2747,98,0
2748,98,0
2749,96,0
2750,99,0
2751,84,0
2752,95,0
2753,99,0
2754,89,0
2755,94,0
2756,96,0
2757,100,0
2758,94,0
2759,97,0
2760,86,0
2761,92,0
2762,96,0
2763,91,0
2764,92,0
2765,97,0
2766,105,0
2767,99,0
2768,94,0
2769,88,0
2770,90,0
2771,90,0
2772,92,0
2773,92,0
2774,102,0
2775,101,0
2776,107,0
2777,94,0
2778,96,0
2779,98,0
2780,84,0
2781,91,0
2782,92,0
2783,95,0
2784,91,0
2785,92,0
2786,102,0
2787,92,0
2788,96,0
2789,104,0
2790,103,0
2791,99,0
2792,94,0
2793,103,0
2794,94,0
2795,97,0
2796,95,0
2797,94,0
2798,96,0
2799,93,0
2800,103,0
2801,96,0
2802,92,0
2803,97,0
2804,104,0
2805,91,0
2806,86,0
2807,94,0
2808,94,0
2809,90,0
2810,95,0
2811,81,0
2812,99,0
2813,99,0
2814,104,0
2815,102,0
2816,92,0
2817,96,0
2818,100,0
2819,102,0
2820,97,0
2821,95,0
2822,100,0
2823,97,0
2824,92,0
2825,95,0
2826,94,0
2827,95,0
2828,100,0
2829,93,0
2830,94,0
2831,96,0
2832,95,0
2833,98,0
2834,102,0
2835,96,0
2836,93,0
2837,102,0
2838,94,0
2839,94,0
2840,88,0
2841,98,0
2842,100,0
2843,100,0
2844,99,0
2845,98,0
2846,99,0
2847,94,0
2848,92,0
2849,94,0
2850,101,0
2851,89,0
2852,93,0
2853,103,0
2854,93,0
2855,94,0
2856,95,0
2857,98,0
2858,93,0
2859,91,0
2860,87,0
2861,94,0
2862,94,0
2863,98,0
2864,95,0
2865,92,0
2866,92,0
2867,91,0
2868,92,0
2869,90,0
2870,93,0
2871,91,0
2872,86,0
2873,84,0
2874,90,0
2875,90,0
2876,92,0
2877,98,0
2878,100,0
2879,87,0
2880,90,0
2881,95,0
2882,94,0
2883,100,0
2884,92,0
2885,88,0
2886,96,0
2887,90,0
2888,94,0
2889,92,0
2890,98,0
2891,94,0
2892,92,0
2893,94,0
2894,96,0
2895,86,0
2896,104,0
2897,96,0
2898,98,0
2899,96,0
2900,91,0
2901,95,0
2902,95,0
2903,97,0
2904,83,0
2905,98,0
2906,94,0
2907,91,0
2908,90,0
2909,88,0
2910,90,0
2911,90,0
2912,95,0
2913,82,0
2914,93,0
2915,86,0
2916,100,0
2917,96,0
2918,86,0
2919,94,0
2920,95,0
2921,88,0
2922,86,0
2923,93,0
2924,91,0
2925,89,0
2926,87,0
2927,97,0
2928,94,0
2929,93,0
2930,95,0
2931,85,0
2932,103,0
2933,92,0
2934,96,0
2935,95,0
2936,91,0
2937,95,0
2938,97,0
2939,102,0
2940,102,0
2941,92,0
2942,99,0
2943,94,0
2944,89,0
2945,94,0
2946,91,0
2947,95,0
2948,99,0
2949,91,0
2950,96,0
2951,96,0
2952,88,0
2953,91,0
2954,89,0
2955,93,0
2956,92,0
2957,96,0
2958,88,0
2959,99,0
2960,97,0
2961,88,0
2962,89,0
2963,105,0
2964,96,0
2965,92,0
2966,94,0
2967,98,0
2968,90,0
2969,96,0
2970,104,0
2971,93,0
2972,97,0
2973,91,0
2974,98,0
2975,96,0
2976,98,0
2977,97,0
2978,92,0
2979,95,0
2980,96,0
2981,100,0
2982,100,0
2983,97,0
2984,95,0
2985,93,0
2986,90,0
2987,86,0
2988,100,0
2989,93,0
2990,96,0
2991,100,0
2992,96,0
2993,93,0
2994,97,0
2995,95,0
2996,97,0
2997,100,0
2998,94,0
2999,101,0
3000,89,0
3001,96,0
3002,98,0
3003,97,0
3004,94,0
3005,96,0
3006,101,0
3007,104,0
3008,99,0
3009,98,0
3010,95,0
3011,97,0
3012,87,0
3013,89,0
3014,86,0
3015,93,0
3016,96,0
3017,91,0
3018,90,0
3019,105,0
3020,88,0
3021,95,0
3022,90,0
3023,93,0
3024,88,0
3025,95,0
3026,85,0
3027,99,0
3028,99,0
3029,93,0
3030,94,0
3031,96,0
3032,89,0
3033,86,0
3034,95,0
3035,89,0
3036,106,0
3037,100,0
3038,97,0
3039,96,0
3040,93,0
3041,90,0
3042,98,0
3043,87,0
3044,94,0
3045,97,0
3046,93,0
3047,101,0
3048,91,0
3049,93,0
3050,98,0
3051,90,0
3052,87,0
3053,99,0
3054,89,0
3055,94,0
3056,94,0
3057,96,0
3058,87,0
3059,87,0
3060,97,0
3061,92,0
3062,105,0
3063,89,0
3064,99,0
3065,98,0
3066,84,0
3067,90,0
3068,93,0
3069,86,0
3070,94,0
3071,95,0
3072,82,0
3073,92,0
3074,94,0
3075,98,0
3076,94,0
3077,89,0
3078,97,0
3079,96,0
3080,93,0
3081,90,0
3082,103,0
3083,98,0
3084,87,0
3085,91,0
3086,99,0
3087,89,0
3088,90,0
3089,91,0
3090,97,0
3091,102,0
3092,98,0
3093,91,0
3094,93,0
3095,88,0
3096,97,0
3097,92,0
3098,97,0
3099,96,0
3100,96,0
3101,92,0
3102,102,0
3103,93,0
3104,101,0
3105,96,0
3106,94,0
3107,87,0
3108,94,0
3109,99,0
3110,91,0
3111,99,0
3112,95,0
3113,90,0
3114,95,0
3115,98,0
3116,100,0
3117,91,0
3118,96,0
3119,96,0
3120,83,0
3121,99,0
3122,87,0
3123,98,0
3124,93,0
3125,86,0
3126,87,0
3127,98,0
3128,98,0
3129,93,0
3130,101,0
3131,89,0
3132,96,0
3133,93,0
3134,92,0
3135,94,0
3136,96,0
3137,91,0
3138,95,0
3139,89,0
3140,101,0
3141,93,0
3142,100,0
3143,98,0
3144,92,0
3145,95,0
3146,93,0
3147,94,0
3148,86,0
3149,89,0
3150,94,0
3151,92,0
3152,92,0
3153,94,0
3154,84,0
3155,88,0
3156,86,0
3157,93,0
3158,88,0
3159,101,0
3160,96,0
3161,98,0
3162,94,0
3163,95,0
3164,85,0
3165,84,0
3166,90,0
3167,98,0
3168,81,0
3169,89,0
3170,94,0
3171,95,0
3172,95,0
3173,94,0
3174,93,0
3175,93,0
3176,83,0
3177,103,0
3178,91,0
3179,94,0
3180,89,0
3181,97,0
3182,90,0
3183,90,0
3184,95,0
3185,87,0
3186,90,0
3187,94,0
3188,92,0
3189,100,0
3190,88,0
3191,91,0
3192,92,0
3193,98,0
3194,90,0
3195,85,0
3196,99,0
3197,98,0
3198,93,0
3199,94,0
3200,94,0
3201,86,0
3202,93,0
3203,91,0
3204,86,0
3205,94,0
3206,93,0
3207,89,0
3208,85,0
3209,90,0
3210,97,0
3211,98,0
3212,92,0
3213,101,0
3214,78,0
3215,96,0
3216,84,0
3217,98,0
3218,96,0
3219,88,0
3220,96,0
3221,95,0
3222,90,0
3223,90,0
3224,94,0
3225,99,0
3226,96,0
3227,96,0
3228,99,0
3229,94,0
3230,94,0
3231,98,0
3232,91,0
3233,97,0
3234,92,0
3235,87,0
3236,93,0
3237,95,0
3238,95,0
3239,88,0
3240,96,0
3241,89,0
3242,92,0
3243,85,0
3244,97,0
3245,93,0
3246,104,0
3247,92,0
3248,95,0
3249,102,0
3250,90,0
3251,92,0
3252,96,0
3253,89,0
3254,90,0
3255,86,0
3256,87,0
3257,93,0
3258,99,0
3259,94,0
3260,99,0
3261,96,0
3262,90,0
3263,91,0
3264,97,0
3265,98,0
3266,98,0
3267,95,0
3268,97,0
3269,87,0
3270,92,0
3271,98,0
3272,98,0
3273,86,0
3274,101,0
3275,82,0
3276,87,0
3277,91,0
3278,89,0
3279,102,0
3280,99,0
3281,93,0
3282,92,0
3283,92,0
3284,89,0
3285,93,0
3286,102,0
3287,98,0
3288,96,0
3289,95,0
3290,97,0
3291,105,0
3292,93,0
3293,102,0
3294,90,0
3295,91,0
3296,91,0
3297,96,0
3298,93,0
3299,93,0
3300,93,0
3301,92,0
3302,101,0
3303,91,0
3304,87,0
3305,93,0
3306,96,0
3307,88,0
3308,101,0
3309,80,0
3310,98,0
3311,94,0
3312,94,0
3313,90,0
3314,82,0
3315,98,0
3316,89,0
3317,97,0
3318,99,0
3319,91,0
3320,99,0
3321,92,0
3322,104,0
3323,96,0
3324,92,0
3325,97,0
3326,97,0
3327,94,0
3328,93,0
3329,85,0
3330,90,0
3331,93,0
3332,99,0
3333,90,0
3334,92,0
3335,95,0
3336,89,0
3337,92,0
3338,101,0
3339,95,0
3340,98,0
3341,89,0
3342,88,0
3343,97,0
3344,98,0
3345,97,0
3346,102,0
3347,93,0
3348,86,0
3349,89,0
3350,88,0
3351,93,0
3352,94,0
3353,96,0
3354,103,0
3355,89,0
3356,97,0
3357,84,0
3358,89,0
3359,97,0
3360,94,0
3361,94,0
3362,97,0
3363,89,0
3364,91,0
3365,88,0
3366,100,0
3367,89,0
3368,93,0
3369,92,0
3370,93,0
3371,92,0
3372,85,0
3373,87,0
3374,92,0
3375,107,0
3376,92,0
3377,97,0
3378,92,0
3379,100,0
3380,95,0
3381,98,0
3382,95,0
3383,91,0
3384,103,0
3385,97,0
3386,96,0
3387,81,0
3388,99,0
3389,100,0
3390,93,0
3391,91,0
3392,89,0
3393,94,0
3394,93,0
3395,89,0
3396,94,0
3397,100,0
3398,94,0
3399,93,0
3400,93,0
3401,105,0
3402,95,0
3403,87,0
3404,100,0
3405,87,0
3406,96,0
3407,89,0
3408,104,0
3409,103,0
3410,82,0
3411,93,0
3412,90,0
3413,98,0
3414,97,0
3415,91,0
3416,92,0
3417,92,0
3418,97,0
3419,101,0
3420,89,0
3421,89,0
3422,96,0
3423,90,0
3424,97,0
3425,83,0
3426,92,0
3427,92,0
3428,96,0
3429,87,0
3430,99,0
3431,95,0
3432,102,0
3433,89,0
3434,100,0
3435,86,0
3436,104,0
3437,92,0
3438,93,0
3439,90,0
3440,92,0
3441,93,0
3442,93,0
3443,89,0
3444,95,0
3445,99,0
3446,91,0
3447,100,0
3448,92,0
3449,92,0
3450,90,0
3451,96,0
3452,94,0
3453,93,0
3454,94,0
3455,94,0
3456,91,0
3457,100,0
3458,84,0
3459,96,0
3460,95,0
3461,89,0
3462,83,0
3463,95,0
3464,102,0
3465,100,0
3466,88,0
3467,99,0
3468,95,0
3469,95,0
3470,96,0
3471,96,0
3472,90,0
3473,97,0
3474,90,0
3475,96,0
3476,91,0
3477,100,0
3478,97,0
3479,90,0
3480,94,0
3481,96,0
3482,93,0
3483,92,0
3484,82,0
3485,89,0
3486,95,0
3487,91,0
3488,98,0
3489,90,0
3490,92,0
3491,90,0
3492,99,0
3493,91,0
3494,93,0
3495,100,0
3496,89,0
3497,90,0
3498,92,0
3499,90,0
3500,89,0
3501,94,0
3502,90,0
3503,97,0
3504,94,0
3505,92,0
3506,90,0
3507,99,0
3508,102,0
3509,93,0
3510,91,0
3511,99,0
3512,90,0
3513,92,0
3514,94,0
3515,92,0
3516,88,0
3517,94,0
3518,98,0
3519,102,0
3520,91,0
3521,99,0
3522,102,0
3523,98,0
3524,99,0
3525,93,0
3526,107,0
3527,94,0
3528,94,0
3529,99,0
3530,95,0
3531,87,0
3532,99,0
3533,95,0
3534,99,0
3535,96,0
3536,88,0
3537,100,0
3538,90,0
3539,95,0
3540,100,0
3541,85,0
3542,88,0
3543,91,0
3544,98,0
3545,99,0
3546,87,0
3547,96,0
3548,95,0
3549,95,0
3550,95,0
3551,90,0
3552,85,0
3553,101,0
3554,92,0
3555,93,0
3556,92,0
3557,98,0
3558,99,0
3559,85,0
3560,93,0
3561,87,0
3562,91,0
3563,92,0
3564,92,0
3565,97,0
3566,101,0
3567,92,0
3568,93,0
3569,91,0
3570,94,0
3571,91,0
3572,92,0
3573,92,0
3574,90,0
3575,94,0
3576,98,0
3577,92,0
3578,100,0
3579,101,0
3580,82,0
3581,95,0
3582,101,0
3583,95,0
3584,88,0
3585,84,0
3586,100,0
3587,90,0
3588,106,0
3589,90,0
3590,94,0
3591,88,0
3592,81,0
3593,90,0
3594,92,0
3595,92,0
3596,93,0
3597,93,0
3598,96,0
3599,98,0
3600,88,0
3601,103,0
3602,86,0
3603,96,0
3604,94,0
3605,94,0
3606,97,0
3607,93,0
3608,91,0
3609,90,0
3610,84,0
3611,84,0
3612,91,0
3613,90,0
3614,93,0
3615,103,0
3616,95,0
3617,85,0
3618,98,0
3619,90,0
3620,95,0
3621,95,0
3622,100,0
3623,88,0
3624,85,0
3625,81,0
3626,100,0
3627,91,0
3628,94,0
3629,83,0
3630,82,0
3631,90,0
3632,95,0
3633,101,0
3634,95,0
3635,93,0
3636,93,0
3637,90,0
3638,83,0
3639,97,0
3640,99,0
3641,87,0
3642,95,0
3643,95,0
3644,94,0
3645,88,0
3646,98,0
3647,88,0
3648,90,0
3649,95,0
3650,100,0
3651,94,0
3652,97,0
3653,92,0
3654,93,0
3655,96,0
3656,96,0
3657,93,0
3658,95,0
3659,98,0
3660,87,0
3661,101,0
3662,85,0
3663,91,0
3664,91,0
3665,102,0
3666,99,0
3667,99,0
3668,96,0
3669,95,0
3670,98,0
3671,98,0
3672,87,0
3673,92,0
3674,93,0
3675,95,0
3676,93,0
3677,92,0
3678,86,0
3679,94,0
3680,91,0
3681,97,0
3682,106,0
3683,95,0
3684,98,0
3685,85,0
3686,89,0
3687,88,0
3688,107,0
3689,91,0
3690,88,0
3691,87,0
3692,98,0
3693,100,0
3694,102,0
3695,104,0
3696,95,0
3697,95,0
3698,90,0
3699,99,0
3700,90,0
3701,96,0
3702,93,0
3703,94,0
3704,97,0
3705,93,0
3706,85,0
3707,93,0
3708,93,0
3709,91,0
3710,90,0
3711,90,0
3712,99,0
3713,91,0
3714,99,0
3715,90,0
3716,100,0
3717,84,0
3718,84,0
3719,98,0
3720,94,0
3721,90,0
3722,98,0
3723,90,0
3724,86,0
3725,99,0
3726,99,0
3727,90,0
3728,97,0
3729,95,0
3730,94,0
3731,91,0
3732,94,0
3733,97,0
3734,90,0
3735,88,0
3736,96,0
3737,83,0
3738,96,0
3739,94,0
3740,89,0
3741,98,0
3742,91,0
3743,86,0
3744,95,0
3745,102,0
3746,92,0
3747,101,0
3748,102,0
3749,88,0
3750,94,0
3751,86,0
3752,97,0
3753,95,0
3754,92,0
3755,92,0
3756,85,0
3757,104,0
3758,91,0
3759,90,0
3760,94,0
3761,98,0
3762,99,0
3763,97,0
3764,94,0
3765,96,0
3766,93,0
3767,95,0
3768,90,0
3769,99,0
3770,98,0
3771,93,0
3772,86,0
3773,97,0
3774,95,0
3775,95,0
3776,90,0
3777,96,0
3778,79,0
3779,98,0
3780,96,0
3781,84,0
3782,89,0
3783,94,0
3784,101,0
3785,90,0
3786,95,0
3787,99,0
3788,100,0
3789,89,0
3790,101,0
3791,91,0
3792,81,0
3793,88,0
3794,91,0
3795,97,0
3796,92,0
3797,94,0
3798,95,0
3799,92,0
3800,93,0
3801,92,0
3802,88,0
3803,94,0
3804,84,0
3805,94,0
3806,97,0
3807,99,0
3808,92,0
3809,99,0
3810,93,0
3811,98,0
3812,91,0
3813,94,0
3814,86,0
3815,89,0
3816,92,0
3817,92,0
3818,100,0
3819,97,0
3820,90,0
3821,88,0
3822,93,0
3823,101,0
3824,92,0
3825,92,0
3826,90,0
3827,93,0
3828,93,0
3829,95,0
3830,91,0
3831,103,0
3832,98,0
3833,94,0
3834,91,0
3835,98,0
3836,92,0
3837,96,0
3838,80,0
3839,87,0
3840,95,0
3841,91,0
3842,100,0
3843,96,0
3844,94,0
3845,90,0
3846,94,0
3847,100,0
3848,95,0
3849,91,0
3850,94,0
3851,87,0
3852,93,0
3853,96,0
3854,89,0
3855,94,0
3856,102,0
3857,91,0
3858,87,0
3859,90,0
3860,96,0
3861,102,0
3862,91,0
3863,90,0
3864,93,0
3865,96,0
3866,101,0
3867,86,0
3868,86,0
3869,100,0
3870,88,0
3871,100,0
3872,94,0
3873,95,0
3874,90,0
3875,89,0
3876,93,0
3877,91,0
3878,92,0
3879,94,0
3880,97,0
3881,94,0
3882,88,0
3883,85,0
3884,92,0
3885,88,0
3886,91,0
3887,92,0
3888,86,0
3889,91,0
3890,96,0
3891,85,0
3892,98,0
3893,84,0
3894,93,0
3895,89,0
3896,91,0
3897,98,0
3898,97,0
3899,99,0
3900,94,0
3901,94,0
3902,94,0
3903,98,0
3904,94,0
3905,93,0
3906,92,0
3907,94,0
3908,88,0
3909,97,0
3910,97,0
3911,84,0
3912,90,0
3913,98,0
3914,88,0
3915,98,0
3916,86,0
3917,88,0
3918,94,0
3919,93,0
3920,93,0
3921,97,0
3922,96,0
3923,100,0
3924,95,0
3925,94,0
3926,95,0
3927,95,0
3928,94,0
3929,89,0
3930,95,0
3931,89,0
3932,86,0
3933,94,0
3934,89,0
3935,90,0
3936,88,0
3937,96,0
3938,87,0
3939,86,0
3940,101,0
3941,83,0
3942,88,0
3943,94,0
3944,89,0
3945,90,0
3946,93,0
3947,90,0
3948,95,0
3949,89,0
3950,101,0
3951,85,0
3952,90,0
3953,93,0
3954,93,0
3955,94,0
3956,86,0
3957,87,0
3958,102,0
3959,87,0
3960,98,0
3961,91,0
3962,95,0
3963,92,0
3964,91,0
3965,97,0
3966,96,0
3967,83,0
3968,96,0
3969,92,0
3970,85,0
3971,96,0
3972,92,0
3973,90,0
3974,89,0
3975,95,0
3976,92,0
3977,93,0
3978,95,0
3979,90,0
3980,90,0
3981,87,0
3982,87,0
3983,92,0
3984,85,0
3985,96,0
3986,91,0
3987,91,0
3988,93,0
3989,83,0
3990,96,0
3991,96,0
3992,97,0
3993,90,0
3994,97,0
3995,90,0
3996,92,0
3997,91,0
3998,97,0
3999,94,0
4000,106,0
4001,99,0
4002,92,0
4003,94,0
4004,92,0
4005,90,0
4006,103,0
4007,99,0
4008,92,0
4009,91,0
4010,85,0
4011,83,0
4012,95,0
4013,80,0
4014,96,0
4015,96,0
4016,89,0
4017,95,0
4018,101,0
4019,102,0
4020,94,0
4021,94,0
4022,91,0
4023,95,0
4024,98,0
4025,98,0
4026,89,0
4027,98,0
4028,88,0
4029,81,0
4030,89,0
4031,92,0
4032,88,0
4033,88,0
4034,104,0
4035,84,0
4036,91,0
4037,95,0
4038,91,0
4039,102,0
4040,98,0
4041,92,0
4042,93,0
4043,90,0
4044,84,0
4045,89,0
4046,94,0
4047,92,0
4048,91,0
4049,102,0
4050,80,0
4051,93,0
4052,96,0
4053,102,0
4054,93,0
4055,93,0
4056,86,0
4057,96,0
4058,94,0
4059,95,0
4060,79,0
4061,85,0
4062,87,0
4063,95,0
4064,90,0
4065,82,0
4066,94,0
4067,94,0
4068,95,0
4069,94,0
4070,81,0
4071,94,0
4072,91,0
4073,98,0
4074,87,0
4075,84,0
4076,98,0
4077,87,0
4078,92,0
4079,96,0
4080,92,0
4081,101,0
4082,88,0
4083,91,0
4084,96,0
4085,102,0
4086,95,0
4087,92,0
4088,94,0
4089,86,0
4090,92,0
4091,92,0
4092,95,0
4093,95,0
4094,93,0
4095,91,0
4096,87,0
4097,92,0
4098,91,0
4099,89,0
4100,96,0
4101,87,0
4102,92,0
4103,97,0
4104,93,0
4105,91,0
4106,95,0
4107,94,0
4108,95,0
4109,91,0
4110,91,0
4111,90,0
4112,96,0
4113,92,0
4114,97,0
4115,91,0
4116,88,0
4117,92,0
4118,97,0
4119,91,0
4120,104,0
4121,97,0
4122,89,0
4123,101,0
4124,87,0
4125,95,0
4126,98,0
4127,92,0
4128,97,0
4129,90,0
4130,94,0
4131,92,0
4132,90,0
4133,88,0
4134,87,0
4135,89,0
4136,98,0
4137,97,0
4138,86,0
4139,93,0
4140,94,0
4141,78,0
4142,96,0
4143,85,0
4144,89,0
4145,92,0
4146,89,0
4147,105,0
4148,102,0
4149,85,0
4150,95,0
4151,98,0
4152,95,0
4153,97,0
4154,89,0
4155,93,0
4156,93,0
4157,92,0
4158,94,0
4159,85,0
4160,87,0
4161,95,0
4162,94,0
4163,89,0
4164,94,0
4165,104,0
4166,80,0
4167,92,0
4168,99,0
4169,94,0
4170,82,0
4171,100,0
4172,99,0
4173,94,0
4174,89,0
4175,86,0
4176,89,0
4177,87,0
4178,81,0
4179,85,0
4180,90,0
4181,94,0
4182,88,0
4183,88,0
4184,92,0
4185,94,0
4186,93,0
4187,89,0
4188,87,0
4189,85,0
4190,93,0
4191,89,0
4192,95,0
4193,96,0
4194,87,0
4195,95,0
4196,98,0
4197,91,0
4198,95,0
4199,90,0
4200,89,0
4201,85,0
4202,98,0
4203,105,0
4204,96,0
4205,91,0
4206,88,0
4207,97,0
4208,97,0
4209,98,0
4210,94,0
4211,94,0
4212,89,0
4213,100,0
4214,93,0
4215,84,0
4216,97,0
4217,89,0
4218,84,0
4219,92,0
4220,94,0
4221,86,0
4222,89,0
4223,88,0
4224,89,0
4225,93,0
4226,89,0
4227,95,0
4228,88,0
4229,96,0
4230,92,0
4231,96,0
4232,85,0
4233,99,0
4234,102,0
4235,94,0
4236,96,0
4237,90,0
4238,100,0
4239,87,0
4240,90,0
4241,91,0
4242,85,0
4243,85,0
4244,91,0
4245,84,0
4246,99,0
4247,94,0
4248,89,0
4249,88,0
4250,95,0
4251,91,0
4252,89,0
4253,87,0
4254,95,0
4255,92,0
4256,96,0
4257,95,0
4258,95,0
4259,96,0
4260,91,0
4261,95,0
4262,87,0
4263,95,0
4264,97,0
4265,101,0
4266,95,0
4267,92,0
4268,95,0
4269,89,0
4270,92,0
4271,93,0
4272,95,0
4273,88,0
4274,97,0
4275,97,0
4276,95,0
4277,90,0
4278,87,0
4279,91,0
4280,103,0
4281,96,0
4282,90,0
4283,94,0
4284,96,0
4285,93,0
4286,95,0
4287,86,0
4288,93,0
4289,92,0
4290,94,0
4291,91,0
4292,93,0
4293,84,0
4294,89,0
4295,88,0
4296,101,0
4297,85,0
4298,99,0
4299,84,0
4300,96,0
4301,91,0
4302,88,0
4303,85,0
4304,93,0
4305,99,0
4306,91,0
4307,92,0
4308,85,0
4309,101,0
4310,84,0
4311,85,0
4312,94,0
4313,98,0
4314,98,0
4315,88,0
4316,94,0
4317,99,0
4318,92,0
4319,84,0
4320,97,0
4321,90,0
4322,100,0
4323,90,0
4324,102,0
4325,84,0
4326,91,0
4327,90,0
4328,95,0
4329,84,0
4330,98,0
4331,90,0
4332,87,0
4333,83,0
4334,95,0
4335,92,0
4336,86,0
4337,99,0
4338,93,0
4339,87,0
4340,88,0
4341,94,0
4342,93,0
4343,90,0
4344,91,0
4345,88,0
4346,92,0
4347,86,0
4348,95,0
4349,93,0
4350,99,0
4351,93,0
4352,99,0
4353,87,0
4354,96,0
4355,90,0
4356,100,0
4357,102,0
4358,90,0
4359,86,0
4360,97,0
4361,96,0
4362,95,0
4363,84,0
4364,97,0
4365,95,0
4366,97,0
4367,88,0
4368,91,0
4369,99,0
4370,93,0
4371,98,0
4372,95,0
4373,96,0
4374,91,0
4375,91,0
4376,90,0
4377,96,0
4378,95,0
4379,88,0
4380,94,0
4381,93,0
4382,90,0
4383,86,0
4384,93,0
4385,102,0
4386,93,0
4387,83,0
4388,98,0
4389,97,0
4390,102,0
4391,94,0
4392,101,0
4393,105,0
4394,98,0
4395,98,0
4396,88,0
4397,85,0
4398,89,0
4399,91,0
4400,92,0
4401,85,0
4402,90,0
4403,84,0
4404,91,0
4405,92,0
4406,82,0
4407,89,0
4408,85,0
4409,90,0
4410,91,0
4411,99,0
4412,92,0
4413,96,0
4414,97,0
4415,78,0
4416,92,0
4417,90,0
4418,93,0
4419,85,0
4420,87,0
4421,94,0
4422,93,0
4423,90,0
4424,104,0
4425,95,0
4426,87,0
4427,104,0
4428,93,0
4429,90,0
4430,88,0
4431,94,0
4432,87,0
4433,91,0
4434,104,0
4435,96,0
4436,88,0
4437,88,0
4438,90,0
4439,95,0
4440,100,0
4441,88,0
4442,98,0
4443,95,0
4444,97,0
4445,91,0
4446,97,0
4447,94,0
4448,87,0
4449,93,0
4450,92,0
4451,96,0
4452,92,0
4453,88,0
4454,97,0
4455,94,0
4456,87,0
4457,95,0
4458,94,0
4459,91,0
4460,98,0
4461,98,0
4462,94,0
4463,99,0
4464,91,0
4465,97,0
4466,104,0
4467,85,0
4468,101,0
4469,101,0
4470,86,0
4471,98,0
4472,93,0
4473,88,0
4474,92,0
4475,96,0
4476,97,0
4477,92,0
4478,95,0
4479,91,0
4480,91,0
4481,92,0
4482,96,0
4483,101,0
4484,96,0
4485,85,0
4486,93,0
4487,97,0
4488,93,0
4489,95,0
4490,99,0
4491,92,0
4492,107,0
4493,94,0
4494,89,0
4495,94,0
4496,98,0
4497,89,0
4498,91,0
4499,94,0
4500,89,0
4501,94,0
4502,91,0
4503,88,0
4504,89,0
4505,81,0
4506,88,0
4507,91,0
4508,93,0
4509,84,0
4510,87,0
4511,99,0
4512,94,0
4513,99,0
4514,84,0
4515,89,0
4516,91,0
4517,89,0
4518,94,0
4519,101,0
4520,85,0
4521,87,0
4522,98,0
4523,101,0
4524,96,0
4525,96,0
4526,102,0
4527,98,0
4528,88,0
4529,95,0
4530,88,0
4531,87,0
4532,88,0
4533,87,0
4534,90,0
4535,98,0
4536,87,0
4537,89,0
4538,91,0
4539,91,0
4540,104,0
4541,96,0
4542,92,0
4543,93,0
4544,98,0
4545,95,0
4546,98,0
4547,96,0
4548,106,0
4549,86,0
4550,93,0
4551,89,0
4552,98,0
4553,93,0
4554,89,0
4555,92,0
4556,92,0
4557,98,0
4558,97,0
4559,88,0
4560,94,0
4561,89,0
4562,92,0
4563,93,0
4564,89,0
4565,93,0
4566,96,0
4567,87,0
4568,94,0
4569,80,0
4570,98,0
4571,81,0
4572,100,0
4573,98,0
4574,86,0
4575,90,0
4576,98,0
4577,96,0
4578,89,0
4579,92,0
4580,82,0
4581,96,0
4582,96,0
4583,100,0
4584,88,0
4585,84,0
4586,87,0
4587,98,0
4588,84,0
4589,78,0
4590,90,0
4591,97,0
4592,91,0
4593,90,0
4594,93,0
4595,93,0
4596,90,0
4597,92,0
4598,96,0
4599,79,0
4600,79,0
4601,94,0
4602,97,0
4603,90,0
4604,90,0
4605,94,0
4606,89,0
4607,85,0
4608,85,0
4609,89,0
4610,94,0
4611,92,0
4612,86,0
4613,91,0
4614,102,0
4615,89,0
4616,94,0
4617,97,0
4618,95,0
4619,91,0
4620,108,0
4621,94,0
4622,94,0
4623,103,0
4624,97,0
4625,102,0
4626,93,0
4627,92,0
4628,85,0
4629,95,0
4630,94,0
4631,91,0
4632,85,0
4633,82,0
4634,88,0
4635,105,0
4636,94,0
4637,97,0
4638,87,0
4639,96,0
4640,90,0
4641,89,0
4642,100,0
4643,86,0
4644,93,0
4645,93,0
4646,97,0
4647,90,0
4648,100,0
4649,85,0
4650,100,0
4651,96,0
4652,93,0
4653,94,0
4654,95,0
4655,97,0
4656,101,0
4657,82,0
4658,86,0
4659,96,0
4660,87,0
4661,87,0
4662,99,0
4663,92,0
4664,89,0
4665,91,0
4666,95,0
4667,86,0
4668,92,0
4669,100,0
4670,91,0
4671,96,0
4672,97,0
4673,97,0
4674,99,0
4675,91,0
4676,85,0
4677,99,0
4678,90,0
4679,93,0
4680,93,0
4681,95,0
4682,91,0
4683,95,0
4684,98,0
4685,82,0
4686,101,0
4687,99,0
4688,91,0
4689,89,0
4690,89,0
4691,98,0
4692,97,0
4693,95,0
4694,90,0
4695,91,0
4696,86,0
4697,89,0
4698,86,0
4699,90,0
4700,97,0
4701,90,0
4702,100,0
4703,96,0
4704,93,0
4705,94,0
4706,93,0
4707,84,0
4708,92,0
4709,98,0
4710,100,0
4711,93,0
4712,99,0
4713,86,0
4714,86,0
4715,88,0
4716,102,0
4717,95,0
4718,97,0
4719,93,0
4720,89,0
4721,93,0
4722,92,0
4723,99,0
4724,94,0
4725,91,0
4726,99,0
4727,88,0
4728,92,0
4729,92,0
4730,93,0
4731,89,0
4732,94,0
4733,94,0
4734,89,0
4735,92,0
4736,84,0
4737,83,0
4738,89,0
4739,99,0
4740,97,0
4741,87,0
4742,94,0
4743,86,0
4744,92,0
4745,92,0
4746,90,0
4747,90,0
4748,86,0
4749,88,0
4750,92,0
4751,87,0
4752,98,0
4753,83,0
4754,73,0
4755,89,0
4756,90,0
4757,100,0
4758,91,0
4759,92,0
4760,88,0
4761,92,0
4762,91,0
4763,87,0
4764,93,0
4765,91,0
4766,100,0
4767,89,0
4768,93,0
4769,91,0
4770,90,0
4771,87,0
4772,87,0
4773,98,0
4774,92,0
4775,94,0
4776,99,0
4777,88,0
4778,92,0
4779,93,0
4780,92,0
4781,100,0
4782,93,0
4783,89,0
4784,87,0
4785,91,0
4786,89,0
4787,86,0
4788,103,0
4789,91,0
4790,86,0
4791,93,0
4792,97,0
4793,86,0
4794,95,0
4795,91,0
4796,90,0
4797,96,0
4798,95,0
4799,100,0
4800,90,0
4801,93,0
4802,95,0
4803,100,0
4804,91,0
4805,98,0
4806,83,0
4807,87,0
4808,93,0
4809,97,0
4810,86,0
4811,94,0
4812,98,0
4813,95,0
4814,98,0
4815,98,0
4816,92,0
4817,91,0
4818,93,0
4819,90,0
4820,90,0
4821,84,0
4822,92,0
4823,94,0
4824,99,0
4825,92,0
4826,104,0
4827,93,0
4828,98,0
4829,93,0
4830,97,0
4831,87,0
4832,86,0
4833,90,0
4834,87,0
4835,90,0
4836,91,0
4837,93,0
4838,98,0
4839,77,0
4840,87,0
4841,88,0
4842,93,0
4843,96,0
4844,93,0
4845,92,0
4846,87,0
4847,93,0
4848,88,0
4849,94,0
4850,93,0
4851,90,0
4852,95,0
4853,89,0
4854,84,0
4855,91,0
4856,93,0
4857,101,0
4858,90,0
4859,95,0
4860,88,0
4861,90,0
4862,90,0
4863,92,0
4864,103,0
4865,100,0
4866,92,0
4867,102,0
4868,94,0
4869,93,0
4870,101,0
4871,97,0
4872,96,0
4873,94,0
4874,90,0
4875,91,0
4876,93,0
4877,91,0
4878,100,0
4879,94,0
4880,90,0
4881,96,0
4882,89,0
4883,95,0
4884,84,0
4885,92,0
4886,84,0
4887,98,0
4888,96,0
4889,85,0
4890,95,0
4891,91,0
4892,82,0
4893,86,0
4894,89,0
4895,95,0
4896,89,0
4897,89,0
4898,93,0
4899,89,0
4900,91,0
4901,91,0
4902,91,0
4903,84,0
4904,89,0
4905,83,0
4906,90,0
4907,95,0
4908,88,0
4909,95,0
4910,96,0
4911,93,0
4912,100,0
4913,91,0
4914,91,0
4915,96,0
4916,92,0
4917,103,0
4918,100,0
4919,99,0
4920,85,0
4921,100,0
4922,100,0
4923,89,0
4924,86,0
4925,92,0
4926,93,0
4927,85,0
4928,94,0
4929,90,0
4930,81,0
4931,85,0
4932,86,0
4933,88,0
4934,93,0
4935,96,0
4936,87,0
4937,91,0
4938,97,0
4939,93,0
4940,96,0
4941,98,0
4942,92,0
4943,94,0
4944,97,0
4945,90,0
4946,87,0
4947,83,0
4948,94,0
4949,94,0
4950,95,0
4951,95,0
4952,88,0
4953,96,0
4954,85,0
4955,96,0
4956,100,0
4957,79,0
4958,84,0
4959,98,0
4960,96,0
4961,83,0
4962,94,0
4963,94,0
4964,98,0
4965,83,0
4966,90,0
4967,91,0
4968,90,0
4969,89,0
4970,93,0
4971,89,0
4972,90,0
4973,83,0
4974,97,0
4975,97,0
4976,93,0
4977,104,0
4978,85,0
4979,99,0
4980,91,0
4981,85,0
4982,88,0
4983,93,0
4984,94,0
4985,88,0
4986,92,0
4987,92,0
4988,98,0
4989,88,0
4990,84,0
4991,84,0
4992,91,0
4993,98,0
4994,102,0
4995,97,0
4996,85,0
4997,91,0
4998,95,0
4999,83,0
5000,88,0
5001,89,0
5002,91,0
5003,85,0
5004,90,0
5005,94,0
5006,85,0
5007,90,0
5008,87,0
5009,90,0
5010,96,0
5011,96,0
5012,85,0
5013,102,0
5014,91,0
5015,94,0
5016,90,0
5017,95,0
5018,91,0
5019,91,0
5020,97,0
5021,88,0
5022,94,0
5023,89,0
5024,96,0
5025,93,0
5026,88,0
5027,94,0
5028,91,0
5029,86,0
5030,83,0
5031,93,0
5032,92,0
5033,98,0
5034,98,0
5035,109,0
5036,89,0
5037,93,0
5038,95,0
5039,105,0
5040,90,0
5041,93,0
5042,81,0
5043,89,0
5044,92,0
5045,100,0
5046,88,0
5047,85,0
5048,91,0
5049,89,0
5050,95,0
5051,93,0
5052,88,0
5053,83,0
5054,94,0
5055,89,0
5056,98,0
5057,92,0
5058,93,0
5059,97,0
5060,97,0
5061,76,0
5062,88,0
5063,89,0
5064,99,0
5065,98,0
5066,91,0
5067,87,0
5068,90,0
5069,96,0
5070,83,0
5071,91,0
5072,98,0
5073,94,0
5074,96,0
5075,92,0
5076,90,0
5077,90,0
5078,85,0
5079,94,0
5080,93,0
5081,94,0
5082,97,0
5083,98,0
5084,99,0
5085,93,0
5086,89,0
5087,86,0
5088,92,0
5089,90,0
5090,89,0
5091,94,0
5092,90,0
5093,88,0
5094,97,0
5095,94,0
5096,91,0
5097,92,0
5098,91,0
5099,87,0
5100,89,0
5101,97,0
5102,80,0
5103,94,0
5104,93,0
5105,94,0
5106,93,0
5107,86,0
5108,93,0
5109,93,0
5110,86,0
5111,98,0
5112,88,0
5113,94,0
5114,92,0
5115,92,0
5116,88,0
5117,88,0
5118,88,0
5119,92,0
5120,91,0
5121,93,0
5122,89,0
5123,92,0
5124,95,0
5125,86,0
5126,89,0
5127,89,0
5128,85,0
5129,91,0
5130,90,0
5131,96,0
5132,96,0
5133,91,0
5134,96,0
5135,92,0
5136,85,0
5137,93,0
5138,96,0
5139,92,0
5140,88,0
5141,82,0
5142,97,0
5143,78,0
5144,87,0
5145,98,0
5146,91,0
5147,93,0
5148,92,0
5149,96,0
5150,97,0
5151,91,0
5152,92,0
5153,93,0
5154,103,0
5155,98,0
5156,94,0
5157,80,0
5158,100,0
5159,93,0
5160,93,0
5161,93,0
5162,87,0
5163,92,0
5164,91,0
5165,88,0
5166,95,0
5167,84,0
5168,91,0
5169,90,0
5170,98,0
5171,92,0
5172,89,0
5173,98,0
5174,95,0
5175,92,0
5176,96,0
5177,96,0
5178,93,0
5179,95,0
5180,92,0
5181,93,0
5182,91,0
5183,92,0
5184,100,0
5185,102,0
5186,94,0
5187,100,0
5188,98,0
5189,94,0
5190,90,0
5191,87,0
5192,90,0
5193,97,0
5194,86,0
5195,88,0
5196,91,0
5197,99,0
5198,82,0
5199,94,0
5200,94,0
5201,91,0
5202,89,0
5203,86,0
5204,90,0
5205,90,0
5206,93,0
5207,94,0
5208,98,0
5209,97,0
5210,89,0
5211,78,0
5212,86,0
5213,81,0
5214,92,0
5215,87,0
5216,94,0
5217,82,0
5218,100,0
5219,96,0
5220,88,0
5221,93,0
5222,86,0
5223,94,0
5224,91,0
5225,93,0
5226,81,0
5227,103,0
5228,88,0
5229,84,0
5230,92,0
5231,89,0
5232,96,0
5233,98,0
5234,91,0
5235,84,0
5236,93,0
5237,87,0
5238,105,0
5239,99,0
5240,89,0
5241,94,0
5242,86,0
5243,84,0
5244,98,0
5245,93,0
5246,90,0
5247,86,0
5248,85,0
5249,96,0
5250,95,0
5251,90,0
5252,92,0
5253,87,0
5254,93,0
5255,87,0
5256,94,0
5257,96,0
5258,92,0
5259,104,0
5260,97,0
5261,80,0
5262,96,0
5263,91,0
5264,89,0
5265,93,0
5266,94,0
5267,94,0
5268,88,0
5269,99,0
5270,91,0
5271,96,0
5272,87,0
5273,93,0
5274,94,0
5275,95,0
5276,89,0
5277,89,0
5278,90,0
5279,86,0
5280,91,0
5281,92,0
5282,88,0
5283,90,0
5284,88,0
5285,95,0
5286,87,0
5287,86,0
5288,90,0
5289,88,0
5290,92,0
5291,96,0
5292,92,0
5293,84,0
5294,95,0
5295,97,0
5296,87,0
5297,84,0
5298,91,0
5299,88,0
5300,92,0
5301,92,0
5302,90,0
5303,93,0
5304,105,0
5305,90,0
5306,90,0
5307,90,0
5308,86,0
5309,96,0
5310,94,0
5311,90,0
5312,92,0
5313,92,0
5314,90,0
5315,97,0
5316,95,0
5317,95,0
5318,84,0
5319,90,0
5320,101,0
5321,90,0
5322,91,0
5323,83,0
5324,87,0
5325,92,0
5326,83,0
5327,82,0
5328,93,0
5329,82,0
5330,84,0
5331,88,0
5332,87,0
5333,90,0
5334,90,0
5335,95,0
5336,95,0
5337,89,0
5338,100,0
5339,96,0
5340,79,0
5341,93,0
5342,96,0
5343,95,0
5344,91,0
5345,91,0
5346,90,0
5347,93,0
5348,89,0
5349,92,0
5350,94,0
5351,93,0
5352,95,0
5353,89,0
5354,93,0
5355,86,0
5356,92,0
5357,85,0
5358,83,0
5359,95,0
5360,87,0
5361,100,0
5362,93,0
5363,87,0
5364,100,0
5365,91,0
5366,89,0
5367,95,0
5368,90,0
5369,95,0
5370,88,0
5371,95,0
5372,97,0
5373,87,0
5374,92,0
5375,95,0
5376,91,0
5377,84,0
5378,89,0
5379,86,0
5380,90,0
5381,89,0
5382,91,0
5383,92,0
5384,96,0
5385,90,0
5386,95,0
5387,95,0
5388,85,0
5389,89,0
5390,100,0
5391,97,0
5392,97,0
5393,97,0
5394,93,0
5395,93,0
5396,92,0
5397,94,0
5398,86,0
5399,91,0
5400,96,0
5401,95,0
5402,83,0
5403,102,0
5404,87,0
5405,86,0
5406,95,0
5407,94,0
5408,90,0
5409,93,0
5410,89,0
5411,83,0
5412,98,0
5413,94,0
5414,88,0
5415,95,0
5416,84,0
5417,93,0
5418,97,0
5419,90,0
5420,90,0
5421,95,0
5422,98,0
5423,90,0
5424,94,0
5425,90,0
5426,93,0
5427,89,0
5428,89,0
5429,89,0
5430,95,0
5431,91,0
5432,88,0
5433,90,0
5434,87,0
5435,91,0
5436,92,0
5437,89,0
5438,93,0
5439,91,0
5440,89,0
5441,87,0
5442,90,0
5443,92,0
5444,88,0
5445,83,0
5446,92,0
5447,86,0
5448,93,0
5449,95,0
5450,85,0
5451,97,0
5452,91,0
5453,95,0
5454,87,0
5455,97,0
5456,98,0
5457,91,0
5458,89,0
5459,92,0
5460,94,0
5461,84,0
5462,88,0
5463,91,0
5464,90,0
5465,93,0
5466,90,0
5467,95,0
5468,83,0
5469,87,0
5470,80,0
5471,96,0
5472,92,0
5473,92,0
5474,95,0
5475,93,0
5476,93,0
5477,91,0
5478,81,0
5479,92,0
5480,99,0
5481,99,0
5482,90,0
5483,104,0
5484,93,0
5485,89,0
5486,95,0
5487,81,0
5488,84,0
5489,89,0
5490,86,0
5491,83,0
5492,99,0
5493,89,0
5494,87,0
5495,83,0
5496,90,0
5497,90,0
5498,88,0
5499,94,0
5500,88,0
5501,89,0
5502,94,0
5503,83,0
5504,90,0
5505,82,0
5506,95,0
5507,95,0
5508,84,0
5509,87,0
5510,97,0
5511,96,0
5512,95,0
5513,91,0
5514,94,0
5515,84,0
5516,92,0
5517,92,0
5518,99,0
5519,98,0
5520,82,0
5521,97,0
5522,93,0
5523,92,0
5524,101,0
5525,97,0
5526,84,0
5527,87,0
5528,93,0
5529,95,0
5530,93,0
5531,94,0
5532,91,0
5533,89,0
5534,85,0
5535,93,0
5536,96,0
5537,84,0
5538,91,0
5539,87,0
5540,90,0
5541,85,0
5542,91,0
5543,95,0
5544,94,0
5545,84,0
5546,79,0
5547,96,0
5548,94,0
5549,97,0
5550,87,0
5551,95,0
5552,79,0
5553,93,0
5554,88,0
5555,91,0
5556,90,0
5557,92,0
5558,93,0
5559,89,0
5560,101,0
5561,91,0
5562,88,0
5563,91,0
5564,104,0
5565,94,0
5566,95,0
5567,90,0
5568,96,0
5569,95,0
5570,99,0
5571,96,0
5572,94,0
5573,100,0
5574,91,0
5575,99,0
5576,96,0
5577,92,0
5578,89,0
5579,91,0
5580,90,0
5581,92,0
5582,81,0
5583,86,0
5584,87,0
5585,90,0
5586,88,0
5587,93,0
5588,89,0
5589,92,0
5590,89,0
5591,94,0
5592,83,0
5593,90,0
5594,88,0
5595,85,0
5596,92,0
5597,87,0
5598,94,0
5599,86,0
5600,86,0
5601,83,0
5602,100,0
5603,88,0
5604,96,0
5605,98,0
5606,95,0
5607,86,0
5608,95,0
5609,86,0
5610,87,0
5611,91,0
5612,94,0
5613,98,0
5614,91,0
5615,94,0
5616,94,0
5617,93,0
5618,87,0
5619,96,0
5620,92,0
5621,95,0
5622,91,0
5623,91,0
5624,93,0
5625,93,0
5626,88,0
5627,101,0
5628,85,0
5629,88,0
5630,90,0
5631,93,0
5632,85,0
5633,111,0
5634,96,0
5635,78,0
5636,92,0
5637,87,0
5638,84,0
5639,87,0
5640,92,0
5641,87,0
5642,89,0
5643,92,0
5644,86,0
5645,91,0
5646,80,0
5647,89,0
5648,88,0
5649,91,0
5650,87,0
5651,94,0
5652,93,0
5653,85,0
5654,90,0
5655,91,0
5656,89,0
5657,88,0
5658,92,0
5659,89,0
5660,98,0
5661,93,0
5662,94,0
5663,94,0
5664,86,0
5665,93,0
5666,97,0
5667,98,0
5668,92,0
5669,89,0
5670,94,0
5671,102,0
5672,91,0
5673,83,0
5674,91,0
5675,98,0
5676,88,0
5677,89,0
5678,98,0
5679,98,0
5680,93,0
5681,86,0
5682,99,0
5683,86,0
5684,96,0
5685,97,0
5686,100,0
5687,90,0
5688,92,0
5689,86,0
5690,86,0
5691,88,0
5692,86,0
5693,94,0
5694,88,0
5695,89,0
5696,79,0
5697,92,0
5698,89,0
5699,88,0
5700,88,0
5701,88,0
5702,94,0
5703,88,0
5704,86,0
5705,106,0
5706,93,0
5707,97,0
5708,98,0
5709,96,0
5710,82,0
5711,94,0
5712,94,0
5713,100,0
5714,89,0
5715,87,0
5716,103,0
5717,90,0
5718,86,0
5719,85,0
5720,91,0
5721,94,0
5722,87,0
5723,97,0
5724,86,0
5725,84,0
5726,90,0
5727,90,0
5728,83,0
5729,106,0
5730,94,0
5731,93,0
5732,94,0
5733,93,0
5734,89,0
5735,94,0
5736,94,0
5737,93,0
5738,87,0
5739,86,0
5740,91,0
5741,85,0
5742,84,0
5743,90,0
5744,93,0
5745,95,0
5746,87,0
5747,98,0
5748,90,0
5749,91,0
5750,86,0
5751,96,0
5752,78,0
5753,88,0
5754,95,0
5755,90,0
5756,95,0
5757,92,0
5758,93,0
5759,93,0
5760,99,0
5761,89,0
5762,84,0
5763,93,0
5764,95,0
5765,90,0
5766,88,0
5767,85,0
5768,83,0
5769,87,0
5770,89,0
5771,98,0
5772,96,0
5773,92,0
5774,95,0
5775,94,0
5776,90,0
5777,83,0
5778,85,0
5779,92,0
5780,84,0
5781,101,0
5782,95,0
5783,87,0
5784,95,0
5785,97,0
5786,90,0
5787,95,0
5788,101,0
5789,89,0
5790,102,0
5791,81,0
5792,90,0
5793,93,0
5794,92,0
5795,81,0
5796,93,0
5797,87,0
5798,92,0
5799,96,0
5800,92,0
5801,89,0
5802,93,0
5803,93,0
5804,84,0
5805,84,0
5806,93,0
5807,98,0
5808,91,0
5809,92,0
5810,93,0
5811,94,0
5812,88,0
5813,89,0
5814,98,0
5815,90,0
5816,91,0
5817,96,0
5818,91,0
5819,94,0
5820,88,0
5821,87,0
5822,80,0
5823,97,0
5824,86,0
5825,95,0
5826,89,0
5827,96,0
5828,91,0
5829,88,0
5830,85,0
5831,89,0
5832,87,0
5833,94,0
5834,95,0
5835,91,0
5836,85,0
5837,90,0
5838,93,0
5839,93,0
5840,94,0
5841,85,0
5842,92,0
5843,81,0
5844,95,0
5845,102,0
5846,87,0
5847,95,0
5848,93,0
5849,97,0
5850,83,0
5851,87,0
5852,93,0
5853,88,0
5854,87,0
5855,94,0
5856,93,0
5857,94,0
5858,80,0
5859,95,0
5860,89,0
5861,89,0
5862,99,0
5863,93,0
5864,86,0
5865,92,0
5866,95,0
5867,88,0
5868,97,0
5869,88,0
5870,81,0
5871,89,0
5872,94,0
5873,84,0
5874,91,0
5875,92,0
5876,91,0
5877,89,0
5878,88,0
5879,98,0
5880,89,0
5881,86,0
5882,90,0
5883,85,0
5884,84,0
5885,94,0
5886,91,0
5887,92,0
5888,95,0
5889,91,0
5890,89,0
5891,97,0
5892,100,0
5893,90,0
5894,89,0
5895,92,0
5896,95,0
5897,87,0
5898,83,0
5899,92,0
5900,98,0
5901,96,0
5902,93,0
5903,95,0
5904,94,0
5905,95,0
5906,85,0
5907,86,0
5908,81,0
5909,89,0
5910,94,0
5911,98,0
5912,99,0
5913,106,0
5914,95,0
5915,92,0
5916,83,0
5917,90,0
5918,94,0
5919,93,0
5920,94,0
5921,89,0
5922,84,0
5923,88,0
5924,91,0
5925,93,0
5926,89,0
5927,91,0
5928,83,0
5929,91,0
5930,101,0
5931,91,0
5932,92,0
5933,80,0
5934,86,0
5935,89,0
5936,102,0
5937,87,0
5938,88,0
5939,88,0
5940,92,0
5941,87,0
5942,93,0
5943,95,0
5944,89,0
5945,89,0
5946,94,0
5947,91,0
5948,93,0
5949,97,0
5950,92,0
5951,88,0
5952,89,0
5953,99,0
5954,85,0
5955,86,0
5956,97,0
5957,95,0
5958,86,0
5959,93,0
5960,99,0
5961,88,0
5962,84,0
5963,90,0
5964,98,0
5965,98,0
5966,86,0
5967,92,0
5968,89,0
5969,89,0
5970,96,0
5971,83,0
5972,81,0
5973,84,0
5974,92,0
5975,84,0
5976,93,0
5977,88,0
5978,91,0
5979,86,0
5980,94,0
5981,93,0
5982,89,0
5983,89,0
5984,89,0
5985,88,0
5986,82,0
5987,86,0
5988,96,0
5989,90,0
5990,93,0
5991,86,0
5992,93,0
5993,91,0
5994,97,0
5995,81,0
5996,92,0
5997,85,0
5998,88,0
5999,85,0
6000,97,0
6001,90,0
6002,94,0
6003,93,0
6004,93,0
6005,94,0
6006,86,0
6007,80,0
6008,94,0
6009,94,0
6010,93,0
6011,101,0
6012,87,0
6013,88,0
6014,92,0
6015,87,0
6016,98,0
6017,94,0
6018,79,0
6019,98,0
6020,90,0
6021,84,0
6022,95,0
6023,88,0
6024,97,0
6025,89,0
6026,81,0
6027,93,0
6028,87,0
6029,86,0
6030,91,0
6031,98,0
6032,97,0
6033,86,0
6034,91,0
6035,89,0
6036,99,0
6037,95,0
6038,91,0
6039,88,0
6040,91,0
6041,94,0
6042,97,0
6043,87,0
6044,85,0
6045,98,0
6046,75,0
6047,90,0
6048,92,0
6049,84,0
6050,98,0
6051,90,0
6052,91,0
6053,89,0
6054,90,0
6055,88,0
6056,88,0
6057,86,0
6058,84,0
6059,90,0
6060,99,0
6061,86,0
6062,96,0
6063,90,0
6064,89,0
6065,97,0
6066,94,0
6067,88,0
6068,87,0
6069,90,0
6070,102,0
6071,97,0
6072,87,0
6073,95,0
6074,94,0
6075,88,0
6076,87,0
6077,83,0
6078,89,0
6079,97,0
6080,87,0
6081,89,0
6082,87,0
6083,98,0
6084,79,0
6085,94,0
6086,87,0
6087,88,0
6088,91,0
6089,95,0
6090,87,0
6091,92,0
6092,91,0
6093,94,0
6094,92,0
6095,91,0
6096,90,0
6097,91,0
6098,86,0
6099,94,0
6100,95,0
6101,89,0
6102,89,0
6103,98,0
6104,87,0
6105,83,0
6106,86,0
6107,94,0
6108,85,0
6109,83,0
6110,92,0
6111,90,0
6112,90,0
6113,99,0
6114,92,0
6115,100,0
6116,96,0
6117,93,0
6118,91,0
6119,87,0
6120,85,0
6121,92,0
6122,91,0
6123,93,0
6124,96,0
6125,96,0
6126,89,0
6127,88,0
6128,88,0
6129,88,0
6130,89,0
6131,93,0
6132,79,0
6133,81,0
6134,87,0
6135,88,0
6136,96,0
6137,83,0
6138,87,0
6139,87,0
6140,95,0
6141,99,0
6142,91,0
6143,100,0
6144,94,0
6145,95,0
6146,97,0
6147,98,0
6148,90,0
6149,90,0
6150,96,0
6151,98,0
6152,98,0
6153,96,0
6154,83,0
6155,88,0
6156,91,0
6157,94,0
6158,89,0
6159,99,0
6160,91,0
6161,86,0
6162,82,0
6163,92,0
6164,91,0
6165,92,0
6166,95,0
6167,86,0
6168,85,0
6169,97,0
6170,94,0
6171,96,0
6172,90,0
6173,93,0
6174,93,0
6175,93,0
6176,94,0
6177,86,0
6178,100,0
6179,88,0
6180,89,0
6181,93,0
6182,87,0
6183,93,0
6184,92,0
6185,85,0
6186,103,0
6187,95,0
6188,92,0
6189,94,0
6190,88,0
6191,94,0
6192,100,0
6193,95,0
6194,95,0
6195,91,0
6196,79,0
6197,80,0
6198,90,0
6199,90,0
6200,89,0
6201,101,0
6202,101,0
6203,90,0
6204,83,0
6205,91,0
6206,90,0
6207,105,0
6208,93,0
6209,93,0
6210,80,0
6211,87,0
6212,93,0
6213,89,0
6214,91,0
6215,87,0
6216,77,0
6217,95,0
6218,96,0
6219,92,0
6220,86,0
6221,84,0
6222,91,0
6223,94,0
6224,89,0
6225,96,0
6226,90,0
6227,87,0
6228,89,0
6229,99,0
6230,92,0
6231,85,0
6232,88,0
6233,87,0
6234,81,0
6235,90,0
6236,91,0
6237,84,0
6238,96,0
6239,83,0
6240,89,0
6241,94,0
6242,93,0
6243,96,0
6244,98,0
6245,94,0
6246,97,0
6247,95,0
6248,82,0
6249,93,0
6250,83,0
6251,95,0
6252,95,0
6253,91,0
6254,95,0
6255,98,0
6256,91,0
6257,88,0
6258,93,0
6259,98,0
6260,99,0
6261,86,0
6262,88,0
6263,95,0
6264,93,0
6265,100,0
6266,97,0
6267,87,0
6268,91,0
6269,95,0
6270,89,0
6271,93,0
6272,87,0
6273,86,0
6274,91,0
6275,85,0
6276,93,0
6277,89,0
6278,85,0
6279,93,0
6280,96,0
6281,86,0
6282,94,0
6283,101,0
6284,92,0
6285,97,0
6286,88,0
6287,96,0
6288,89,0
6289,96,0
6290,91,0
6291,89,0
6292,92,0
6293,94,0
6294,79,0
6295,93,0
6296,88,0
6297,96,0
6298,91,0
6299,85,0
6300,86,0
6301,98,0
6302,90,0
6303,86,0
6304,101,0
6305,88,0
6306,97,0
6307,92,0
6308,85,0
6309,94,0
6310,103,0
6311,92,0
6312,93,0
6313,91,0
6314,100,0
6315,98,0
6316,94,0
6317,86,0
6318,99,0
6319,90,0
6320,98,0
6321,89,0
6322,94,0
6323,93,0
6324,102,0
6325,88,0
6326,90,0
6327,95,0
6328,95,0
6329,94,0
6330,95,0
6331,88,0
6332,89,0
6333,80,0
6334,96,0
6335,90,0
6336,97,0
6337,87,0
6338,86,0
6339,92,0
6340,83,0
6341,100,0
6342,88,0
6343,97,0
6344,96,0
6345,97,0
6346,85,0
6347,82,0
6348,93,0
6349,91,0
6350,88,0
6351,91,0
6352,88,0
6353,89,0
6354,95,0
6355,95,0
6356,97,0
6357,86,0
6358,86,0
6359,92,0
6360,88,0
6361,88,0
6362,88,0
6363,88,0
6364,93,0
6365,94,0
6366,94,0
6367,88,0
6368,91,0
6369,93,0
6370,88,0
6371,88,0
6372,88,0
6373,86,0
6374,87,0
6375,90,0
6376,101,0
6377,91,0
6378,88,0
6379,82,0
6380,93,0
6381,90,0
6382,99,0
6383,91,0
6384,92,0
6385,95,0
6386,84,0
6387,91,0
6388,88,0
6389,92,0
6390,93,0
6391,89,0
6392,88,0
6393,89,0
6394,91,0
6395,82,0
6396,96,0
6397,92,0
6398,86,0
6399,89,0
6400,86,0
6401,96,0
6402,92,0
6403,95,0
6404,84,0
6405,91,0
6406,82,0
6407,91,0
6408,91,0
6409,97,0
6410,89,0
6411,90,0
6412,99,0
6413,93,0
6414,87,0
6415,95,0
6416,81,0
6417,95,0
6418,94,0
6419,82,0
6420,92,0
6421,90,0
6422,89,0
6423,87,0
6424,92,0
6425,94,0
6426,85,0
6427,91,0
6428,89,0
6429,86,0
6430,92,0
6431,94,0
6432,84,0
6433,92,0
6434,92,0
6435,85,0
6436,87,0
6437,93,0
6438,93,0
6439,104,0
6440,87,0
6441,87,0
6442,86,0
6443,93,0
6444,88,0
6445,86,0
6446,91,0
6447,97,0
6448,94,0
6449,91,0
6450,98,0
6451,91,0
6452,94,0
6453,95,0
6454,89,0
6455,88,0
6456,80,0
6457,94,0
6458,86,0
6459,87,0
6460,93,0
6461,95,0
6462,94,0
6463,91,0
6464,87,0
6465,87,0
6466,87,0
6467,85,0
6468,91,0
6469,91,0
6470,89,0
6471,98,0
6472,88,0
6473,95,0
6474,95,0
6475,81,0
6476,86,0
6477,86,0
6478,97,0
6479,93,0
6480,104,0
6481,92,0
6482,105,0
6483,81,0
6484,91,0
6485,96,0
6486,87,0
6487,86,0
6488,91,0
6489,92,0
6490,92,0
6491,84,0
6492,77,0
6493,91,0
6494,83,0
6495,89,0
6496,90,0
6497,87,0
6498,90,0
6499,87,0
6500,95,0
6501,86,0
6502,102,0
6503,98,0
6504,90,0
6505,90,0
6506,89,0
6507,85,0
6508,98,0
6509,87,0
6510,87,0
6511,92,0
6512,91,0
6513,92,0
6514,85,0
6515,94,0
6516,94,0
6517,87,0
6518,87,0
6519,92,0
6520,95,0
6521,98,0
6522,95,0
6523,93,0
6524,90,0
6525,83,0
6526,95,0
6527,92,0
6528,90,0
6529,89,0
6530,93,0
6531,103,0
6532,87,0
6533,94,0
6534,85,0
6535,86,0
6536,87,0
6537,100,0
6538,98,0
6539,90,0
6540,89,0
6541,85,0
6542,91,0
6543,90,0
6544,87,0
6545,110,0
6546,87,0
6547,91,0
6548,89,0
6549,90,0
6550,91,0
6551,92,0
6552,91,0
6553,90,0
6554,92,0
6555,91,0
6556,87,0
6557,98,0
6558,84,0
6559,83,0
6560,92,0
6561,88,0
6562,88,0
6563,97,0
6564,97,0
6565,80,0
6566,99,0
6567,92,0
6568,90,0
6569,90,0
6570,87,0
6571,94,0
6572,94,0
6573,88,0
6574,83,0
6575,95,0
6576,87,0
6577,94,0
6578,94,0
6579,95,0
6580,80,0
6581,83,0
6582,94,0
6583,90,0
6584,92,0
6585,85,0
6586,96,0
6587,85,0
6588,88,0
6589,94,0
6590,86,0
6591,91,0
6592,90,0
6593,91,0
6594,85,0
6595,92,0
6596,98,0
6597,97,0
6598,92,0
6599,97,0
6600,85,0
6601,91,0
6602,89,0
6603,95,0
6604,78,0
6605,94,0
6606,79,0
6607,86,0
6608,88,0
6609,88,0
6610,93,0
6611,92,0
6612,94,0
6613,96,0
6614,92,0
6615,83,0
6616,96,0
6617,89,0
6618,86,0
6619,83,0
6620,94,0
6621,91,0
6622,92,0
6623,92,0
6624,90,0
6625,86,0
6626,97,0
6627,86,0
6628,84,0
6629,91,0
6630,92,0
6631,93,0
6632,92,0
6633,92,0
6634,88,0
6635,91,0
6636,98,0
6637,94,0
6638,89,0
6639,85,0
6640,87,0
6641,96,0
6642,91,0
6643,76,0
6644,86,0
6645,95,0
6646,92,0
6647,96,0
6648,96,0
6649,86,0
6650,95,0
6651,93,0
6652,85,0
6653,95,0
6654,88,0
6655,92,0
6656,92,0
6657,90,0
6658,79,0
6659,88,0
6660,84,0
6661,93,0
6662,87,0
6663,99,0
6664,89,0
6665,84,0
6666,97,0
6667,84,0
6668,81,0
6669,92,0
6670,89,0
6671,96,0
6672,91,0
6673,90,0
6674,90,0
6675,89,0
6676,94,0
6677,86,0
6678,87,0
6679,92,0
6680,84,0
6681,84,0
6682,94,0
6683,89,0
6684,92,0
6685,90,0
6686,86,0
6687,86,0
6688,87,0
6689,85,0
6690,91,0
6691,80,0
6692,90,0
6693,93,0
6694,88,0
6695,97,0
6696,91,0
6697,95,0
6698,95,0
6699,97,0
6700,80,0
6701,97,0
6702,98,0
6703,79,0
6704,89,0
6705,92,0
6706,94,0
6707,89,0
6708,95,0
6709,83,0
6710,92,0
6711,90,0
6712,90,0
6713,88,0
6714,90,0
6715,81,0
6716,95,0
6717,96,0
6718,99,0
6719,85,0
6720,92,0
6721,92,0
6722,93,0
6723,91,0
6724,95,0
6725,89,0
6726,91,0
6727,88,0
6728,93,0
6729,89,0
6730,89,0
6731,88,0
6732,95,0
6733,90,0
6734,83,0
6735,88,0
6736,96,0
6737,91,0
6738,80,0
6739,81,0
6740,102,0
6741,86,0
6742,84,0
6743,79,0
6744,95,0
6745,86,0
6746,83,0
6747,100,0
6748,87,0
6749,93,0
6750,90,0
6751,82,0
6752,97,0
6753,98,0
6754,94,0
6755,92,0
6756,83,0
6757,93,0
6758,90,0
6759,87,0
6760,94,0
6761,91,0
6762,84,0
6763,93,0
6764,77,0
6765,95,0
6766,95,0
6767,80,0
6768,88,0
6769,89,0
6770,89,0
6771,89,0
6772,90,0
6773,94,0
6774,93,0
6775,98,0
6776,93,0
6777,88,0
6778,94,0
6779,84,0
6780,97,0
6781,100,0
6782,91,0
6783,92,0
6784,88,0
6785,85,0
6786,96,0
6787,91,0
6788,93,0
6789,85,0
6790,98,0
6791,87,0
6792,97,0
6793,88,0
6794,88,0
6795,96,0
6796,97,0
6797,89,0
6798,95,0
6799,89,0
6800,90,0
6801,92,0
6802,96,0
6803,90,0
6804,90,0
6805,93,0
6806,81,0
6807,90,0
6808,100,0
6809,93,0
6810,88,0
6811,85,0
6812,86,0
6813,90,0
6814,91,0
6815,87,0
6816,92,0
6817,98,0
6818,87,0
6819,90,0
6820,88,0
6821,97,0
6822,88,0
6823,87,0
6824,84,0
6825,91,0
6826,87,0
6827,87,0
6828,96,0
6829,92,0
6830,81,0
6831,90,0
6832,99,0
6833,94,0
6834,88,0
6835,82,0
6836,89,0
6837,83,0
6838,88,0
6839,95,0
6840,86,0
6841,88,0
6842,86,0
6843,90,0
6844,89,0
6845,86,0
6846,97,0
6847,82,0
6848,95,0
6849,88,0
6850,87,0
6851,85,0
6852,97,0
6853,88,0
6854,90,0
6855,86,0
6856,88,0
6857,90,0
6858,89,0
6859,89,0
6860,103,0
6861,90,0
6862,86,0
6863,89,0
6864,87,0
6865,97,0
6866,88,0
6867,90,0
6868,92,0
6869,95,0
6870,91,0
6871,97,0
6872,89,0
6873,98,0
6874,86,0
6875,82,0
6876,91,0
6877,85,0
6878,93,0
6879,98,0
6880,94,0
6881,95,0
6882,90,0
6883,94,0
6884,93,0
6885,89,0
6886,90,0
6887,92,0
6888,92,0
6889,97,0
6890,93,0
6891,96,0
6892,89,0
6893,84,0
6894,99,0
6895,78,0
6896,99,0
6897,87,0
6898,88,0
6899,94,0
6900,93,0
6901,95,0
6902,92,0
6903,89,0
6904,88,0
6905,94,0
6906,86,0
6907,89,0
6908,79,0
6909,96,0
6910,83,0
6911,94,0
6912,90,0
6913,95,0
6914,92,0
6915,89,0
6916,90,0
6917,94,0
6918,80,0
6919,89,0
6920,98,0
6921,96,0
6922,80,0
6923,89,0
6924,81,0
6925,90,0
6926,86,0
6927,90,0
6928,94,0
6929,91,0
6930,87,0
6931,88,0
6932,96,0
6933,89,0
6934,95,0
6935,90,0
6936,90,0
6937,87,0
6938,96,0
6939,87,0
6940,95,0
6941,85,0
6942,91,0
6943,92,0
6944,90,0
6945,89,0
6946,95,0
6947,98,0
6948,96,0
6949,91,0
6950,96,0
6951,88,0
6952,96,0
6953,85,0
6954,97,0
6955,79,0
6956,77,0
6957,91,0
6958,96,0
6959,85,0
6960,89,0
6961,82,0
6962,91,0
6963,102,0
6964,98,0
6965,93,0
6966,90,0
6967,90,0
6968,88,0
6969,92,0
6970,93,0
6971,88,0
6972,97,0
6973,86,0
6974,87,0
6975,88,0
6976,87,0
6977,88,0
6978,90,0
6979,89,0
6980,93,0
6981,97,0
6982,85,0
6983,82,0
6984,90,0
6985,94,0
6986,86,0
6987,91,0
6988,95,0
6989,86,0
6990,89,0
6991,97,0
6992,81,0
6993,88,0
6994,94,0
6995,87,0
6996,89,0
6997,94,0
6998,85,0
6999,91,0
7000,95,0
7001,91,0
7002,96,0
7003,86,0
7004,88,0
7005,90,0
7006,99,0
7007,92,0
7008,87,0
7009,92,0
7010,93,0
7011,97,0
7012,91,0
7013,82,0
7014,97,0
7015,92,0
7016,94,0
7017,82,0
7018,95,0
7019,92,0
7020,92,0
7021,94,0
7022,82,0
7023,87,0
7024,86,0
7025,95,0
7026,93,0
7027,91,0
7028,79,0
7029,83,0
7030,82,0
7031,85,0
7032,76,0
7033,85,0
7034,94,0
7035,87,0
7036,91,0
7037,83,0
7038,96,0
7039,98,0
7040,85,0
7041,93,0
7042,96,0
7043,92,0
7044,87,0
7045,79,0
7046,93,0
7047,95,0
7048,88,0
7049,88,0
7050,86,0
7051,89,0
7052,87,0
7053,92,0
7054,93,0
7055,93,0
7056,88,0
7057,88,0
7058,97,0
7059,90,0
7060,98,0
7061,94,0
7062,90,0
7063,76,0
7064,82,0
7065,86,0
7066,95,0
7067,93,0
7068,76,0
7069,89,0
7070,80,0
7071,96,0
7072,83,0
7073,99,0
7074,91,0
7075,86,0
7076,89,0
7077,93,0
7078,96,0
7079,94,0
7080,96,0
7081,99,0
7082,91,0
7083,91,0
7084,94,0
7085,88,0
7086,89,0
7087,94,0
7088,87,0
7089,92,0
7090,87,0
7091,87,0
7092,84,0
7093,91,0
7094,95,0
7095,82,0
7096,85,0
7097,102,0
7098,88,0
7099,86,0
7100,95,0
7101,93,0
7102,86,0
7103,74,0
7104,86,0
7105,97,0
7106,90,0
7107,87,0
7108,96,0
7109,93,0
7110,88,0
7111,86,0
7112,90,0
7113,90,0
7114,89,0
7115,89,0
7116,90,0
7117,82,0
7118,86,0
7119,92,0
7120,90,0
7121,74,0
7122,81,0
7123,94,0
7124,92,0
7125,89,0
7126,86,0
7127,88,0
7128,83,0
7129,93,0
7130,87,0
7131,94,0
7132,89,0
7133,97,0
7134,93,0
7135,76,0
7136,90,0
7137,104,0
7138,95,0
7139,96,0
7140,92,0
7141,83,0
7142,86,0
7143,93,0
7144,88,0
7145,86,0
7146,100,0
7147,92,0
7148,88,0
7149,96,0
7150,91,0
7151,92,0
7152,93,0
7153,95,0
7154,92,0
7155,93,0
7156,97,0
7157,95,0
7158,91,0
7159,89,0
7160,90,0
7161,86,0
7162,87,0
7163,93,0
7164,91,0
7165,90,0
7166,91,0
7167,92,0
7168,94,0
7169,98,0
7170,97,0
7171,88,0
7172,85,0
7173,88,0
7174,90,0
7175,86,0
7176,93,0
7177,90,0
7178,90,0
7179,92,0
7180,95,0
7181,101,0
7182,92,0
7183,90,0
7184,93,0
7185,87,0
7186,97,0
7187,92,0
7188,85,0
7189,87,0
7190,90,0
7191,84,0
7192,86,0
7193,86,0
7194,97,0
7195,90,0
7196,94,0
7197,85,0
7198,82,0
7199,93,0
7200,87,0
7201,90,0
7202,92,0
7203,87,0
7204,89,0
7205,83,0
7206,83,0
7207,80,0
7208,89,0
7209,95,0
7210,81,0
7211,94,0
7212,93,0
7213,92,0
7214,91,0
7215,87,0
7216,92,0
7217,93,0
7218,91,0
7219,87,0
7220,101,0
7221,95,0
7222,88,0
7223,92,0
7224,92,0
7225,91,0
7226,94,0
7227,90,0
7228,93,0
7229,76,0
7230,98,0
7231,98,0
7232,87,0
7233,92,0
7234,95,0
7235,82,0
7236,88,0
7237,90,0
7238,89,0
7239,88,0
7240,93,0
7241,92,0
7242,81,0
7243,91,0
7244,89,0
7245,97,0
7246,89,0
7247,97,0
7248,88,0
7249,89,0
7250,92,0
7251,90,0
7252,90,0
7253,81,0
7254,95,0
7255,86,0
7256,92,0
7257,82,0
7258,82,0
7259,91,0
7260,92,0
7261,81,0
7262,92,0
7263,95,0
7264,92,0
7265,93,0
7266,94,0
7267,84,0
7268,88,0
7269,91,0
7270,89,0
7271,86,0
7272,84,0
7273,96,0
7274,86,0
7275,92,0
7276,99,0
7277,90,0
7278,83,0
7279,89,0
7280,86,0
7281,91,0
7282,96,0
7283,91,0
7284,85,0
7285,92,0
7286,97,0
7287,97,0
7288,85,0
7289,96,0
7290,94,0
7291,92,0
7292,94,0
7293,92,0
7294,93,0
7295,94,0
7296,93,0
7297,82,0
7298,90,0
7299,86,0
7300,97,0
7301,93,0
7302,102,0
7303,85,0
7304,91,0
7305,93,0
7306,92,0
7307,84,0
7308,86,0
7309,90,0
7310,99,0
7311,96,0
7312,93,0
7313,94,0
7314,85,0
7315,89,0
7316,92,0
7317,89,0
7318,82,0
7319,90,0
7320,95,0
7321,87,0
7322,93,0
7323,96,0
7324,96,0
7325,83,0
7326,92,0
7327,93,0
7328,98,0
7329,91,0
7330,95,0
7331,84,0
7332,81,0
7333,80,0
7334,92,0
7335,89,0
7336,88,0
7337,84,0
7338,84,0
7339,90,0
7340,89,0
7341,89,0
7342,81,0
7343,94,0
7344,88,0
7345,85,0
7346,94,0
7347,88,0
7348,77,0
7349,98,0
7350,94,0
7351,86,0
7352,90,0
7353,89,0
7354,83,0
7355,90,0
7356,87,0
7357,93,0
7358,93,0
7359,99,0
7360,92,0
7361,82,0
7362,89,0
7363,89,0
7364,95,0
7365,93,0
7366,99,0
7367,95,0
7368,88,0
7369,89,0
7370,82,0
7371,88,0
7372,88,0
7373,95,0
7374,94,0
7375,89,0
7376,88,0
7377,88,0
7378,93,0
7379,93,0
7380,90,0
7381,90,0
7382,86,0
7383,87,0
7384,91,0
7385,86,0
7386,90,0
7387,91,0
7388,92,0
7389,89,0
7390,98,0
7391,85,0
7392,95,0
7393,83,0
7394,93,0
7395,92,0
7396,94,0
7397,87,0
7398,94,0
7399,94,0
7400,96,0
7401,85,0
7402,87,0
7403,94,0
7404,88,0
7405,87,0
7406,98,0
7407,93,0
7408,97,0
7409,93,0
7410,94,0
7411,82,0
7412,85,0
7413,84,0
7414,85,0
7415,89,0
7416,95,0
7417,92,0
7418,82,0
7419,88,0
7420,95,0
7421,95,0
7422,93,0
7423,75,0
7424,87,0
7425,89,0
7426,82,0
7427,91,0
7428,100,0
7429,96,0
7430,86,0
7431,89,0
7432,88,0
7433,83,0
7434,95,0
7435,90,0
7436,82,0
7437,87,0
7438,87,0
7439,94,0
7440,90,0
7441,95,0
7442,90,0
7443,90,0
7444,89,0
7445,101,0
7446,88,0
7447,88,0
7448,90,0
7449,85,0
7450,88,0
7451,85,0
7452,90,0
7453,89,0
7454,87,0
7455,89,0
7456,93,0
7457,82,0
7458,89,0
7459,89,0
7460,95,0
7461,80,0
7462,84,0
7463,98,0
7464,94,0
7465,83,0
7466,93,0
7467,96,0
7468,84,0
7469,90,0
7470,87,0
7471,102,0
7472,95,0
7473,93,0
7474,92,0
7475,85,0
7476,91,0
7477,94,0
7478,90,0
7479,90,0
7480,96,0
7481,93,0
7482,94,0
7483,83,0
7484,88,0
7485,91,0
7486,84,0
7487,85,0
7488,93,0
7489,88,0
7490,83,0
7491,94,0
7492,99,0
7493,94,0
7494,90,0
7495,92,0
7496,91,0
7497,94,0
7498,85,0
7499,84,0
7500,95,0
7501,90,0
7502,86,0
7503,80,0
7504,91,0
7505,88,0
7506,83,0
7507,95,0
7508,96,0
7509,90,0
7510,97,0
7511,92,0
7512,86,0
7513,92,0
7514,90,0
7515,88,0
7516,96,0
7517,91,0
7518,88,0
7519,89,0
7520,100,0
7521,87,0
7522,86,0
7523,88,0
7524,92,0
7525,82,0
7526,85,0
7527,95,0
7528,90,0
7529,90,0
7530,80,0
7531,85,0
7532,87,0
7533,85,0
7534,88,0
7535,90,0
7536,91,0
7537,92,0
7538,90,0
7539,96,0
7540,97,0
7541,91,0
7542,82,0
7543,91,0
7544,93,0
7545,89,0
7546,84,0
7547,84,0
7548,94,0
7549,95,0
7550,98,0
7551,89,0
7552,87,0
7553,85,0
7554,83,0
7555,91,0
7556,92,0
7557,92,0
7558,80,0
7559,92,0
7560,90,0
7561,92,0
7562,87,0
7563,89,0
7564,92,0
7565,92,0
7566,86,0
7567,92,0
7568,89,0
7569,78,0
7570,86,0
7571,86,0
7572,82,0
7573,88,0
7574,93,0
7575,89,0
7576,88,0
7577,90,0
7578,93,0
7579,91,0
7580,83,0
7581,96,0
7582,93,0
7583,92,0
7584,86,0
7585,89,0
7586,90,0
7587,93,0
7588,90,0
7589,82,0
7590,98,0
7591,86,0
7592,93,0
7593,89,0
7594,87,0
7595,90,0
7596,83,0
7597,86,0
7598,101,0
7599,91,0
7600,94,0
7601,86,0
7602,83,0
7603,88,0
7604,93,0
7605,94,0
7606,87,0
7607,98,0
7608,87,0
7609,91,0
7610,94,0
7611,84,0
7612,91,0
7613,88,0
7614,85,0
7615,85,0
7616,84,0
7617,91,0
7618,91,0
7619,88,0
7620,86,0
7621,80,0
7622,88,0
7623,98,0
7624,93,0
7625,98,0
7626,83,0
7627,86,0
7628,95,0
7629,85,0
7630,90,0
7631,82,0
7632,93,0
7633,88,0
7634,86,0
7635,77,0
7636,89,0
7637,85,0
7638,87,0
7639,91,0
7640,86,0
7641,90,0
7642,98,0
7643,85,0
7644,88,0
7645,93,0
7646,83,0
7647,82,0
7648,92,0
7649,97,0
7650,85,0
7651,89,0
7652,94,0
7653,86,0
7654,83,0
7655,96,0
7656,88,0
7657,93,0
7658,95,0
7659,91,0
7660,90,0
7661,92,0
7662,80,0
7663,91,0
7664,92,0
7665,87,0
7666,99,0
7667,89,0
7668,86,0
7669,83,0
7670,90,0
7671,83,0
7672,88,0
7673,102,0
7674,89,0
7675,94,0
7676,81,0
7677,90,0
7678,88,0
7679,99,0
7680,100,0
7681,90,0
7682,89,0
7683,92,0
7684,96,0
7685,87,0
7686,103,0
7687,92,0
7688,87,0
7689,91,0
7690,97,0
7691,91,0
7692,90,0
7693,75,0
7694,85,0
7695,93,0
7696,93,0
7697,87,0
7698,86,0
7699,92,0
7700,86,0
7701,97,0
7702,88,0
7703,83,0
7704,97,0
7705,85,0
7706,97,0
7707,88,0
7708,79,0
7709,98,0
7710,90,0
7711,87,0
7712,93,0
7713,86,0
7714,90,0
7715,95,0
7716,96,0
7717,93,0
7718,95,0
7719,101,0
7720,84,0
7721,83,0
7722,87,0
7723,96,0
7724,95,0
7725,88,0
7726,87,0
7727,87,0
7728,88,0
7729,91,0
7730,94,0
7731,92,0
7732,90,0
7733,93,0
7734,92,0
7735,89,0
7736,90,0
7737,99,0
7738,81,0
7739,88,0
7740,94,0
7741,89,0
7742,94,0
7743,95,0
7744,89,0
7745,91,0
7746,90,0
7747,87,0
7748,90,0
7749,94,0
7750,81,0
7751,91,0
7752,91,0
7753,94,0
7754,96,0
7755,91,0
7756,97,0
7757,89,0
7758,101,0
7759,87,0
7760,83,0
7761,99,0
7762,94,0
7763,83,0
7764,94,0
7765,95,0
7766,99,0
7767,84,0
7768,89,0
7769,82,0
7770,92,0
7771,95,0
7772,93,0
7773,89,0
7774,90,0
7775,97,0
7776,99,0
7777,89,0
7778,79,0
7779,90,0
7780,96,0
7781,87,0
7782,99,0
7783,77,0
7784,93,0
7785,90,0
7786,88,0
7787,93,0
7788,84,0
7789,91,0
7790,90,0
7791,87,0
7792,92,0
7793,97,0
7794,80,0
7795,90,0
7796,71,0
7797,92,0
7798,83,0
7799,92,0
7800,87,0
7801,89,0
7802,89,0
7803,85,0
7804,91,0
7805,84,0
7806,91,0
7807,93,0
7808,91,0
7809,94,0
7810,86,0
7811,91,0
7812,87,0
7813,85,0
7814,81,0
7815,94,0
7816,94,0
7817,93,0
7818,91,0
7819,95,0
7820,85,0
7821,89,0
7822,94,0
7823,88,0
7824,90,0
7825,92,0
7826,94,0
7827,89,0
7828,92,0
7829,86,0
7830,92,0
7831,90,0
7832,80,0
7833,91,0
7834,77,0
7835,93,0
7836,85,0
7837,100,0
7838,88,0
7839,92,0
7840,87,0
7841,93,0
7842,93,0
7843,92,0
7844,89,0
7845,89,0
7846,89,0
7847,86,0
7848,95,0
7849,86,0
7850,91,0
7851,88,0
7852,86,0
7853,86,0
7854,88,0
7855,92,0
7856,96,0
7857,79,0
7858,97,0
7859,90,0
7860,90,0
7861,94,0
7862,92,0
7863,89,0
7864,90,0
7865,100,0
7866,93,0
7867,86,0
7868,87,0
7869,100,0
7870,97,0
7871,78,0
7872,83,0
7873,84,0
7874,90,0
7875,81,0
7876,93,0
7877,98,0
7878,92,0
7879,103,0
7880,86,0
7881,94,0
7882,89,0
7883,93,0
7884,84,0
7885,89,0
7886,95,0
7887,91,0
7888,88,0
7889,98,0
7890,91,0
7891,89,0
7892,86,0
7893,99,0
7894,88,0
7895,85,0
7896,82,0
7897,88,0
7898,92,0
7899,88,0
7900,85,0
7901,84,0
7902,88,0
7903,94,0
7904,87,0
7905,87,0
7906,90,0
7907,85,0
7908,89,0
7909,89,0
7910,88,0
7911,90,0
7912,95,0
7913,100,0
7914,89,0
7915,89,0
7916,100,0
7917,85,0
7918,86,0
7919,92,0
7920,88,0
7921,96,0
7922,90,0
7923,100,0
7924,88,0
7925,81,0
7926,86,0
7927,87,0
7928,92,0
7929,94,0
7930,94,0
7931,92,0
7932,87,0
7933,91,0
7934,79,0
7935,89,0
7936,92,0
7937,93,0
7938,94,0
7939,90,0
7940,78,0
7941,93,0
7942,95,0
7943,90,0
7944,98,0
7945,91,0
7946,80,0
7947,90,0
7948,90,0
7949,92,0
7950,97,0
7951,91,0
7952,93,0
7953,87,0
7954,88,0
7955,85,0
7956,95,0
7957,79,0
7958,88,0
7959,90,0
7960,89,0
7961,85,0
7962,91,0
7963,86,0
7964,96,0
7965,89,0
7966,93,0
7967,89,0
7968,90,0
7969,90,0
7970,87,0
7971,94,0
7972,85,0
7973,89,0
7974,89,0
7975,93,0
7976,81,0
7977,87,0
7978,95,0
7979,86,0
7980,94,0
7981,92,0
7982,90,0
7983,87,0
7984,90,0
7985,85,0
7986,94,0
7987,89,0
7988,94,0
7989,88,0
7990,83,0
7991,80,0
7992,82,0
7993,91,0
7994,91,0
7995,84,0
7996,94,0
7997,90,0
7998,78,0
7999,91,0
8000,84,0
8001,94,0
8002,87,0
8003,90,0
8004,97,0
8005,97,0
8006,88,0
8007,90,0
8008,93,0
8009,96,0
8010,96,0
8011,82,0
8012,91,0
8013,93,0
8014,73,0
8015,91,0
8016,81,0
8017,100,0
8018,88,0
8019,91,0
8020,90,0
8021,92,0
8022,93,0
8023,96,0
8024,93,0
8025,91,0
8026,95,0
8027,86,0
8028,90,0
8029,85,0
8030,91,0
8031,94,0
8032,96,0
8033,100,0
8034,88,0
8035,77,0
8036,95,0
8037,90,0
8038,90,0
8039,89,0
8040,92,0
8041,87,0
8042,94,0
8043,95,0
8044,88,0
8045,86,0
8046,86,0
8047,89,0
8048,86,0
8049,90,0
8050,95,0
8051,86,0
8052,90,0
8053,96,0
8054,87,0
8055,86,0
8056,90,0
8057,91,0
8058,82,0
8059,82,0
8060,88,0
8061,79,0
8062,93,0
8063,92,0
8064,92,0
8065,92,0
8066,89,0
8067,94,0
8068,91,0
8069,90,0
8070,97,0
8071,87,0
8072,87,0
8073,97,0
8074,91,0
8075,91,0
8076,84,0
8077,86,0
8078,89,0
8079,90,0
8080,85,0
8081,93,0
8082,91,0
8083,95,0
8084,93,0
8085,92,0
8086,93,0
8087,95,0
8088,84,0
8089,103,0
8090,93,0
8091,88,0
8092,96,0
8093,92,0
8094,91,0
8095,89,0
8096,92,0
8097,82,0
8098,94,0
8099,93,0
8100,87,0
8101,90,0
8102,83,0
8103,86,0
8104,90,0
8105,80,0
8106,89,0
8107,87,0
8108,89,0
8109,84,0
8110,88,0
8111,83,0
8112,90,0
8113,91,0
8114,97,0
8115,88,0
8116,88,0
8117,89,0
8118,92,0
8119,88,0
8120,92,0
8121,88,0
8122,77,0
8123,90,0
8124,93,0
8125,85,0
8126,94,0
8127,88,0
8128,93,0
8129,89,0
8130,85,0
8131,92,0
8132,91,0
8133,91,0
8134,91,0
8135,93,0
8136,95,0
8137,84,0
8138,95,0
8139,94,0
8140,82,0
8141,95,0
8142,95,0
8143,102,0
8144,86,0
8145,97,0
8146,88,0
8147,83,0
8148,90,0
8149,97,0
8150,87,0
8151,91,0
8152,84,0
8153,86,0
8154,86,0
8155,90,0
8156,88,0
8157,89,0
8158,95,0
8159,87,0
8160,95,0
8161,84,0
8162,92,0
8163,84,0
8164,87,0
8165,90,0
8166,97,0
8167,90,0
8168,94,0
8169,98,0
8170,93,0
8171,84,0
8172,89,0
8173,95,0
8174,86,0
8175,88,0
8176,89,0
8177,92,0
8178,86,0
8179,94,0
8180,88,0
8181,89,0
8182,97,0
8183,88,0
8184,90,0
8185,97,0
8186,94,0
8187,88,0
8188,90,0
8189,92,0
8190,92,0
8191,91,0
8192,89,0
8193,88,0
8194,99,0
8195,94,0
8196,88,0
8197,92,0
8198,81,0
8199,89,0
8200,75,0
8201,91,0
8202,89,0
8203,86,0
8204,93,0
8205,98,0
8206,91,0
8207,80,0
8208,92,0
8209,95,0
8210,87,0
8211,92,0
8212,99,0
8213,86,0
8214,86,0
8215,90,0
8216,83,0
8217,83,0
8218,100,0
8219,84,0
8220,86,0
8221,88,0
8222,101,0
8223,91,0
8224,87,0
8225,90,0
8226,93,0
8227,99,0
8228,89,0
8229,82,0
8230,101,0
8231,91,0
8232,89,0
8233,97,0
8234,91,0
8235,94,0
8236,95,0
8237,86,0
8238,96,0
8239,91,0
8240,88,0
8241,93,0
8242,87,0
8243,99,0
8244,100,0
8245,83,0
8246,91,0
8247,90,0
8248,86,0
8249,90,0
8250,91,0
8251,92,0
8252,97,0
8253,98,0
8254,93,0
8255,87,0
8256,88,0
8257,92,0
8258,83,0
8259,95,0
8260,96,0
8261,89,0
8262,82,0
8263,92,0
8264,88,0
8265,91,0
8266,83,0
8267,85,0
8268,82,0
8269,88,0
8270,90,0
8271,87,0
8272,85,0
8273,91,0
8274,88,0
8275,100,0
8276,94,0
8277,92,0
8278,94,0
8279,98,0
8280,85,0
8281,90,0
8282,89,0
8283,96,0
8284,90,0
8285,84,0
8286,91,0
8287,85,0
8288,85,0
8289,88,0
8290,96,0
8291,87,0
8292,86,0
8293,92,0
8294,88,0
8295,83,0
8296,89,0
8297,80,0
8298,79,0
8299,94,0
8300,86,0
8301,91,0
8302,85,0
8303,92,0
8304,96,0
8305,86,0
8306,92,0
8307,88,0
8308,78,0
8309,92,0
8310,86,0
8311,85,0
8312,88,0
8313,90,0
8314,83,0
8315,87,0
8316,85,0
8317,87,0
8318,90,0
8319,96,0
8320,93,0
8321,91,0
8322,83,0
8323,88,0
8324,83,0
8325,89,0
8326,93,0
8327,88,0
8328,87,0
8329,91,0
8330,89,0
8331,96,0
8332,95,0
8333,91,0
8334,83,0
8335,92,0
8336,93,0
8337,100,0
8338,82,0
8339,90,0
8340,88,0
8341,88,0
8342,86,0
8343,94,0
8344,91,0
8345,89,0
8346,84,0
8347,94,0
8348,89,0
8349,77,0
8350,91,0
8351,86,0
8352,91,0
8353,92,0
8354,85,0
8355,82,0
8356,92,0
8357,92,0
8358,99,0
8359,93,0
8360,100,0
8361,90,0
8362,100,0
8363,90,0
8364,80,0
8365,86,0
8366,90,0
8367,97,0
8368,87,0
8369,82,0
8370,87,0
8371,91,0
8372,88,0
8373,89,0
8374,89,0
8375,91,0
8376,88,0
8377,86,0
8378,95,0
8379,92,0
8380,98,0
8381,84,0
8382,94,0
8383,85,0
8384,93,0
8385,93,0
8386,88,0
8387,93,0
8388,97,0
8389,94,0
8390,81,0
8391,96,0
8392,92,0
8393,94,0
8394,101,0
8395,92,0
8396,91,0
8397,89,0
8398,90,0
8399,84,0
8400,90,0
8401,96,0
8402,86,0
8403,91,0
8404,95,0
8405,91,0
8406,80,0
8407,95,0
8408,86,0
8409,92,0
8410,87,0
8411,84,0
8412,88,0
8413,85,0
8414,86,0
8415,97,0
8416,86,0
8417,92,0
8418,88,0
8419,89,0
8420,91,0
8421,97,0
8422,83,0
8423,94,0
8424,85,0
8425,98,0
8426,81,0
8427,93,0
8428,86,0
8429,87,0
8430,83,0
8431,94,0
8432,94,0
8433,86,0
8434,94,0
8435,83,0
8436,85,0
8437,82,0
8438,89,0
8439,91,0
8440,85,0
8441,78,0
8442,88,0
8443,89,0
8444,96,0
8445,85,0
8446,86,0
8447,86,0
8448,86,0
8449,101,0
8450,92,0
8451,80,0
8452,96,0
8453,95,0
8454,91,0
8455,84,0
8456,92,0
8457,92,0
8458,93,0
8459,94,0
8460,82,0
8461,93,0
8462,84,0
8463,93,0
8464,92,0
8465,90,0
8466,82,0
8467,86,0
8468,89,0
8469,86,0
8470,88,0
8471,87,0
8472,86,0
8473,85,0
8474,86,0
8475,87,0
8476,85,0
8477,82,0
8478,83,0
8479,85,0
8480,94,0
8481,84,0
8482,92,0
8483,88,0
8484,92,0
8485,92,0
8486,85,0
8487,93,0
8488,96,0
8489,88,0
8490,93,0
8491,87,0
8492,86,0
8493,87,0
8494,89,0
8495,79,0
8496,96,0
8497,84,0
8498,80,0
8499,89,0
8500,85,0
8501,79,0
8502,89,0
8503,80,0
8504,86,0
8505,88,0
8506,82,0
8507,94,0
8508,90,0
8509,89,0
8510,76,0
8511,87,0
8512,85,0
8513,91,0
8514,86,0
8515,86,0
8516,97,0
8517,84,0
8518,86,0
8519,92,0
8520,83,0
8521,89,0
8522,94,0
8523,84,0
8524,85,0
8525,88,0
8526,97,0
8527,83,0
8528,84,0
8529,85,0
8530,86,0
8531,85,0
8532,89,0
8533,84,0
8534,94,0
8535,96,0
8536,85,0
8537,96,0
8538,83,0
8539,85,0
8540,89,0
8541,80,0
8542,83,0
8543,86,0
8544,93,0
8545,94,0
8546,97,0
8547,84,0
8548,92,0
8549,102,0
8550,96,0
8551,88,0
8552,98,0
8553,82,0
8554,81,0
8555,90,0
8556,87,0
8557,90,0
8558,93,0
8559,87,0
8560,93,0
8561,82,0
8562,86,0
8563,94,0
8564,88,0
8565,86,0
8566,82,0
8567,86,0
8568,85,0
8569,84,0
8570,93,0
8571,90,0
8572,90,0
8573,82,0
8574,89,0
8575,94,0
8576,89,0
8577,94,0
8578,92,0
8579,92,0
8580,89,0
8581,88,0
8582,86,0
8583,85,0
8584,94,0
8585,94,0
8586,96,0
8587,87,0
8588,88,0
8589,93,0
8590,94,0
8591,91,0
8592,90,0
8593,83,0
8594,87,0
8595,103,0
8596,97,0
8597,76,0
8598,89,0
8599,91,0
8600,78,0
8601,89,0
8602,99,0
8603,94,0
8604,92,0
8605,91,0
8606,101,0
8607,85,0
8608,90,0
8609,93,0
8610,101,0
8611,80,0
8612,93,0
8613,89,0
8614,92,0
8615,96,0
8616,80,0
8617,84,0
8618,93,0
8619,86,0
8620,92,0
8621,86,0
8622,79,0
8623,92,0
8624,87,0
8625,89,0
8626,85,0
8627,84,0
8628,92,0
8629,82,0
8630,92,0
8631,91,0
8632,88,0
8633,79,0
8634,100,0
8635,92,0
8636,105,0
8637,89,0
8638,90,0
8639,92,0
8640,93,0
8641,92,0
8642,84,0
8643,92,0
8644,99,0
8645,85,0
8646,96,0
8647,89,0
8648,92,0
8649,92,0
8650,97,0
8651,89,0
8652,93,0
8653,92,0
8654,89,0
8655,93,0
8656,96,0
8657,86,0
8658,85,0
8659,92,0
8660,94,0
8661,87,0
8662,84,0
8663,92,0
8664,94,0
8665,80,0
8666,86,0
8667,88,0
8668,89,0
8669,82,0
8670,91,0
8671,82,0
8672,83,0
8673,89,0
8674,86,0
8675,90,0
8676,90,0
8677,84,0
8678,87,0
8679,81,0
8680,90,0
8681,90,0
8682,93,0
8683,91,0
8684,87,0
8685,89,0
8686,89,0
8687,92,0
8688,84,0
8689,92,0
8690,93,0
8691,87,0
8692,79,0
8693,86,0
8694,95,0
8695,86,0
8696,93,0
8697,93,0
8698,91,0
8699,89,0
8700,91,0
8701,93,0
8702,98,0
8703,100,0
8704,94,0
8705,85,0
8706,79,0
8707,95,0
8708,91,0
8709,92,0
8710,89,0
8711,84,0
8712,76,0
8713,92,0
8714,91,0
8715,91,0
8716,86,0
8717,90,0
8718,85,0
8719,91,0
8720,86,0
8721,88,0
8722,88,0
8723,96,0
8724,104,0
8725,87,0
8726,91,0
8727,91,0
8728,83,0
8729,81,0
8730,88,0
8731,93,0
8732,90,0
8733,93,0
8734,89,0
8735,89,0
8736,92,0
8737,90,0
8738,89,0
8739,91,0
8740,95,0
8741,94,0
8742,86,0
8743,86,0
8744,93,0
8745,91,0
8746,99,0
8747,101,0
8748,98,0
8749,83,0
8750,95,0
8751,88,0
8752,93,0
8753,91,0
8754,84,0
8755,87,0
8756,86,0
8757,88,0
8758,76,0
8759,89,0
8760,78,0
8761,84,0
8762,84,0
8763,85,0
8764,90,0
8765,82,0
8766,96,0
8767,87,0
8768,83,0
8769,94,0
8770,93,0
8771,90,0
8772,85,0
8773,90,0
8774,93,0
8775,93,0
8776,92,0
8777,89,0
8778,88,0
8779,90,0
8780,96,0
8781,90,0
8782,94,0
8783,95,0
8784,88,0
8785,84,0
8786,95,0
8787,83,0
8788,101,0
8789,89,0
8790,86,0
8791,91,0
8792,85,0
8793,82,0
8794,96,0
8795,94,0
8796,94,0
8797,85,0
8798,84,0
8799,85,0
8800,93,0
8801,92,0
8802,88,0
8803,85,0
8804,85,0
8805,85,0
8806,87,0
8807,98,0
8808,93,0
8809,83,0
8810,85,0
8811,87,0
8812,88,0
8813,90,0
8814,92,0
8815,86,0
8816,89,0
8817,86,0
8818,86,0
8819,90,0
8820,88,0
8821,92,0
8822,89,0
8823,94,0
8824,93,0
8825,81,0
8826,90,0
8827,81,0
8828,87,0
8829,82,0
8830,88,0
8831,90,0
8832,99,0
8833,91,0
8834,93,0
8835,87,0
8836,94,0
8837,94,0
8838,88,0
8839,90,0
8840,90,0
8841,91,0
8842,85,0
8843,92,0
8844,103,0
8845,84,0
8846,84,0
8847,95,0
8848,84,0
8849,90,0
8850,95,0
8851,85,0
8852,87,0
8853,88,0
8854,96,0
8855,85,0
8856,83,0
8857,88,0
8858,86,0
8859,94,0
8860,84,0
8861,88,0
8862,98,0
8863,93,0
8864,88,0
8865,90,0
8866,81,0
8867,91,0
8868,93,0
8869,95,0
8870,92,0
8871,92,0
8872,83,0
8873,92,0
8874,85,0
8875,91,0
8876,92,0
8877,88,0
8878,87,0
8879,92,0
8880,97,0
8881,92,0
8882,91,0
8883,92,0
8884,85,0
8885,94,0
8886,82,0
8887,87,0
8888,93,0
8889,94,0
8890,88,0
8891,89,0
8892,86,0
8893,93,0
8894,81,0
8895,85,0
8896,88,0
8897,89,0
8898,89,0
8899,89,0
8900,95,0
8901,81,0
8902,97,0
8903,82,0
8904,94,0
8905,99,0
8906,93,0
8907,87,0
8908,87,0
8909,89,0
8910,78,0
8911,81,0
8912,84,0
8913,84,0
8914,89,0
8915,83,0
8916,77,0
8917,90,0
8918,91,0
8919,87,0
8920,93,0
8921,85,0
8922,85,0
8923,87,0
8924,97,0
8925,93,0
8926,89,0
8927,96,0
8928,87,0
8929,86,0
8930,93,0
8931,87,0
8932,90,0
8933,77,0
8934,101,0
8935,96,0
8936,80,0
8937,86,0
8938,83,0
8939,89,0
8940,85,0
8941,83,0
8942,95,0
8943,83,0
8944,95,0
8945,90,0
8946,89,0
8947,84,0
8948,79,0
8949,84,0
8950,82,0
8951,81,0
8952,96,0
8953,83,0
8954,88,0
8955,87,0
8956,82,0
8957,88,0
8958,88,0
8959,91,0
8960,96,0
8961,89,0
8962,88,0
8963,99,0
8964,86,0
8965,95,0
8966,84,0
8967,96,0
8968,87,0
8969,83,0
8970,85,0
8971,95,0
8972,88,0
8973,79,0
8974,86,0
8975,96,0
8976,89,0
8977,91,0
8978,89,0
8979,90,0
8980,85,0
8981,89,0
8982,89,0
8983,86,0
8984,85,0
8985,87,0
8986,87,0
8987,96,0
8988,91,0
8989,88,0
8990,97,0
8991,84,0
8992,92,0
8993,89,0
8994,82,0
8995,83,0
8996,83,0
8997,81,0
8998,90,0
8999,89,0
9000,88,0
9001,83,0
9002,88,0
9003,82,0
9004,86,0
9005,89,0
9006,93,0
9007,87,0
9008,94,0
9009,100,0
9010,91,0
9011,95,0
9012,85,0
9013,83,0
9014,94,0
9015,91,0
9016,88,0
9017,81,0
9018,89,0
9019,84,0
9020,94,0
9021,90,0
9022,93,0
9023,93,0
9024,79,0
9025,88,0
9026,89,0
9027,97,0
9028,92,0
9029,91,0
9030,87,0
9031,91,0
9032,88,0
9033,88,0
9034,93,0
9035,88,0
9036,93,0
9037,89,0
9038,100,0
9039,88,0
9040,76,0
9041,96,0
9042,90,0
9043,95,0
9044,83,0
9045,87,0
9046,95,0
9047,91,0
9048,96,0
9049,85,0
9050,88,0
9051,84,0
9052,79,0
9053,101,0
9054,88,0
9055,91,0
9056,82,0
9057,90,0
9058,83,0
9059,92,0
9060,87,0
9061,98,0
9062,87,0
9063,86,0
9064,92,0
9065,92,0
9066,93,0
9067,86,0
9068,98,0
9069,94,0
9070,91,0
9071,94,0
9072,86,0
9073,90,0
9074,90,0
9075,100,0
9076,89,0
9077,90,0
9078,80,0
9079,91,0
9080,88,0
9081,88,0
9082,93,0
9083,92,0
9084,89,0
9085,90,0
9086,87,0
9087,83,0
9088,89,0
9089,91,0
9090,81,0
9091,88,0
9092,89,0
9093,81,0
9094,88,0
9095,94,0
9096,86,0
9097,95,0
9098,92,0
9099,85,0
9100,92,0
9101,83,0
9102,92,0
9103,89,0
9104,86,0
9105,84,0
9106,100,0
9107,100,0
9108,88,0
9109,86,0
9110,89,0
9111,90,0
9112,87,0
9113,97,0
9114,87,0
9115,94,0
9116,82,0
9117,90,0
9118,74,0
9119,92,0
9120,92,0
9121,85,0
9122,91,0
9123,95,0
9124,85,0
9125,82,0
9126,91,0
9127,89,0
9128,86,0
9129,90,0
9130,83,0
9131,84,0
9132,91,0
9133,100,0
9134,86,0
9135,87,0
9136,89,0
9137,81,0
9138,87,0
9139,82,0
9140,89,0
9141,87,0
9142,93,0
9143,88,0
9144,87,0
9145,95,0
9146,91,0
9147,91,0
9148,84,0
9149,91,0
9150,88,0
9151,83,0
9152,93,0
9153,85,0
9154,97,0
9155,84,0
9156,88,0
9157,96,0
9158,91,0
9159,91,0
9160,84,0
9161,88,0
9162,83,0
9163,84,0
9164,91,0
9165,80,0
9166,89,0
9167,85,0
9168,88,0
9169,88,0
9170,81,0
9171,79,0
9172,89,0
9173,91,0
9174,87,0
9175,87,0
9176,87,0
9177,91,0
9178,87,0
9179,85,0
9180,93,0
9181,86,0
9182,90,0
9183,92,0
9184,85,0
9185,89,0
9186,89,0
9187,88,0
9188,84,0
9189,86,0
9190,87,0
9191,92,0
9192,84,0
9193,89,0
9194,87,0
9195,100,0
9196,91,0
9197,83,0
9198,91,0
9199,84,0
9200,79,0
9201,87,0
9202,85,0
9203,91,0
9204,86,0
9205,82,0
9206,88,0
9207,94,0
9208,86,0
9209,93,0
9210,93,0
9211,84,0
9212,91,0
9213,93,0
9214,85,0
9215,96,0
9216,92,0
9217,87,0
9218,82,0
9219,93,0
9220,94,0
9221,82,0
9222,83,0
9223,87,0
9224,86,0
9225,83,0
9226,87,0
9227,95,0
9228,88,0
9229,90,0
9230,91,0
9231,85,0
9232,85,0
9233,88,0
9234,87,0
9235,89,0
9236,86,0
9237,90,0
9238,91,0
9239,88,0
9240,91,0
9241,80,0
9242,89,0
9243,98,0
9244,96,0
9245,83,0
9246,89,0
9247,85,0
9248,89,0
9249,99,0
9250,90,0
9251,89,0
9252,99,0
9253,95,0
9254,97,0
9255,80,0
9256,93,0
9257,92,0
9258,97,0
9259,91,0
9260,84,0
9261,84,0
9262,90,0
9263,88,0
9264,90,0
9265,84,0
9266,94,0
9267,95,0
9268,91,0
9269,87,0
9270,80,0
9271,78,0
9272,89,0
9273,85,0
9274,84,0
9275,91,0
9276,92,0
9277,93,0
9278,82,0
9279,82,0
9280,98,0
9281,90,0
9282,87,0
9283,85,0
9284,88,0
9285,88,0
9286,88,0
9287,90,0
9288,85,0
9289,82,0
9290,87,0
9291,81,0
9292,89,0
9293,80,0
9294,84,0
9295,95,0
9296,87,0
9297,94,0
9298,95,0
9299,94,0
9300,84,0
9301,94,0
9302,85,0
9303,81,0
9304,88,0
9305,85,0
9306,83,0
9307,92,0
9308,97,0
9309,99,0
9310,83,0
9311,92,0
9312,84,0
9313,84,0
9314,80,0
9315,90,0
9316,85,0
9317,91,0
9318,90,0
9319,88,0
9320,95,0
9321,87,0
9322,87,0
9323,94,0
9324,92,0
9325,89,0
9326,87,0
9327,88,0
9328,78,0
9329,86,0
9330,86,0
9331,98,0
9332,90,0
9333,96,0
9334,91,0
9335,84,0
9336,86,0
9337,94,0
9338,96,0
9339,91,0
9340,82,0
9341,94,0
9342,90,0
9343,89,0
9344,93,0
9345,84,0
9346,98,0
9347,85,0
9348,93,0
9349,89,0
9350,88,0
9351,82,0
9352,90,0
9353,89,0
9354,86,0
9355,83,0
9356,84,0
9357,92,0
9358,97,0
9359,95,0
9360,90,0
9361,86,0
9362,87,0
9363,81,0
9364,93,0
9365,80,0
9366,94,0
9367,83,0
9368,89,0
9369,82,0
9370,87,0
9371,85,0
9372,87,0
9373,85,0
9374,84,0
9375,92,0
9376,93,0
9377,82,0
9378,94,0
9379,86,0
9380,87,0
9381,83,0
9382,86,0
9383,91,0
9384,84,0
9385,89,0
9386,90,0
9387,91,0
9388,88,0
9389,87,0
9390,80,0
9391,91,0
9392,89,0
9393,84,0
9394,94,0
9395,83,0
9396,87,0
9397,88,0
9398,83,0
9399,96,0
9400,84,0
9401,81,0
9402,89,0
9403,87,0
9404,88,0
9405,90,0
9406,93,0
9407,86,0
9408,80,0
9409,93,0
9410,96,0
9411,85,0
9412,84,0
9413,89,0
9414,91,0
9415,95,0
9416,88,0
9417,83,0
9418,97,0
9419,90,0
9420,91,0
9421,94,0
9422,86,0
9423,86,0
9424,77,0
9425,80,0
9426,89,0
9427,86,0
9428,92,0
9429,89,0
9430,90,0
9431,89,0
9432,81,0
9433,95,0
9434,88,0
9435,100,0
9436,91,0
9437,88,0
9438,89,0
9439,93,0
9440,87,0
9441,83,0
9442,85,0
9443,84,0
9444,87,0
9445,89,0
9446,86,0
9447,91,0
9448,86,0
9449,88,0
9450,82,0
9451,84,0
9452,89,0
9453,81,0
9454,91,0
9455,93,0
9456,89,0
9457,85,0
9458,90,0
9459,88,0
9460,88,0
9461,94,0
9462,96,0
9463,94,0
9464,91,0
9465,97,0
9466,88,0
9467,93,0
9468,93,0
9469,87,0
9470,96,0
9471,86,0
9472,84,0
9473,93,0
9474,80,0
9475,78,0
9476,94,0
9477,85,0
9478,88,0
9479,90,0
9480,88,0
9481,100,0
9482,87,0
9483,85,0
9484,88,0
9485,97,0
9486,89,0
9487,84,0
9488,94,0
9489,86,0
9490,94,0
9491,84,0
9492,91,0
9493,87,0
9494,90,0
9495,90,0
9496,93,0
9497,83,0
9498,86,0
9499,87,0
9500,88,0
9501,87,0
9502,91,0
9503,86,0
9504,93,0
9505,84,0
9506,83,0
9507,90,0
9508,85,0
9509,87,0
9510,91,0
9511,89,0
9512,86,0
9513,88,0
9514,81,0
9515,89,0
9516,83,0
9517,89,0
9518,88,0
9519,93,0
9520,78,0
9521,84,0
9522,91,0
9523,79,0
9524,87,0
9525,86,0
9526,98,0
9527,97,0
9528,83,0
9529,95,0
9530,88,0
9531,85,0
9532,90,0
9533,83,0
9534,85,0
9535,86,0
9536,93,0
9537,94,0
9538,92,0
9539,87,0
9540,91,0
9541,84,0
9542,92,0
9543,90,0
9544,91,0
9545,81,0
9546,99,0
9547,91,0
9548,85,0
9549,95,0
9550,87,0
9551,86,0
9552,96,0
9553,90,0
9554,84,0
9555,90,0
9556,98,0
9557,88,0
9558,84,0
9559,92,0
9560,90,0
9561,85,0
9562,90,0
9563,89,0
9564,84,0
9565,87,0
9566,86,0
9567,80,0
9568,82,0
9569,89,0
9570,86,0
9571,89,0
9572,86,0
9573,87,0
9574,79,0
9575,92,0
9576,87,0
9577,78,0
9578,89,0
9579,99,0
9580,91,0
9581,89,0
9582,96,0
9583,97,0
9584,96,0
9585,82,0
9586,89,0
9587,88,0
9588,95,0
9589,87,0
9590,100,0
9591,84,0
9592,89,0
9593,99,0
9594,85,0
9595,85,0
9596,84,0
9597,85,0
9598,88,0
9599,96,0
9600,90,0
9601,85,0
9602,87,0
9603,98,0
9604,99,0
9605,92,0
9606,92,0
9607,95,0
9608,84,0
9609,87,0
9610,83,0
9611,89,0
9612,91,0
9613,90,0
9614,79,0
9615,90,0
9616,95,0
9617,82,0
9618,85,0
9619,87,0
9620,78,0
9621,93,0
9622,83,0
9623,91,0
9624,91,0
9625,87,0
9626,87,0
9627,86,0
9628,88,0
9629,90,0
9630,92,0
9631,85,0
9632,87,0
9633,92,0
9634,87,0
9635,90,0
9636,98,0
9637,89,0
9638,84,0
9639,97,0
9640,83,0
9641,83,0
9642,91,0
9643,88,0
9644,93,0
9645,81,0
9646,86,0
9647,89,0
9648,94,0
9649,89,0
9650,84,0
9651,85,0
9652,90,0
9653,93,0
9654,86,0
9655,81,0
9656,85,0
9657,90,0
9658,92,0
9659,85,0
9660,91,0
9661,88,0
9662,101,0
9663,87,0
9664,96,0
9665,91,0
9666,77,0
9667,89,0
9668,84,0
9669,102,0
9670,85,0
9671,84,0
9672,89,0
9673,87,0
9674,84,0
9675,94,0
9676,94,0
9677,87,0
9678,92,0
9679,90,0
9680,94,0
9681,87,0
9682,92,0
9683,94,0
9684,87,0
9685,89,0
9686,88,0
9687,87,0
9688,92,0
9689,82,0
9690,83,0
9691,81,0
9692,86,0
9693,98,0
9694,98,0
9695,85,0
9696,85,0
9697,88,0
9698,94,0
9699,92,0
9700,94,0
9701,86,0
9702,89,0
9703,91,0
9704,85,0
9705,90,0
9706,98,0
9707,92,0
9708,85,0
9709,89,0
9710,93,0
9711,86,0
9712,96,0
9713,82,0
9714,91,0
9715,82,0
9716,89,0
9717,91,0
9718,89,0
9719,84,0
9720,83,0
9721,94,0
9722,83,0
9723,91,0
9724,90,0
9725,76,0
9726,89,0
9727,95,0
9728,82,0
9729,82,0
9730,90,0
9731,89,0
9732,88,0
9733,92,0
9734,88,0
9735,90,0
9736,81,0
9737,90,0
9738,89,0
9739,83,0
9740,96,0
9741,88,0
9742,88,0
9743,88,0
9744,95,0
9745,94,0
9746,96,0
9747,90,0
9748,91,0
9749,86,0
9750,92,0
9751,91,0
9752,94,0
9753,85,0
9754,87,0
9755,83,0
9756,89,0
9757,83,0
9758,95,0
9759,87,0
9760,85,0
9761,88,0
9762,87,0
9763,87,0
9764,96,0
9765,92,0
9766,93,0
9767,92,0
9768,86,0
9769,95,0
9770,89,0
9771,90,0
9772,84,0
9773,95,0
9774,92,0
9775,94,0
9776,96,0
9777,89,0
9778,80,0
9779,87,0
9780,93,0
9781,78,0
9782,92,0
9783,82,0
9784,87,0
9785,83,0
9786,90,0
9787,94,0
9788,88,0
9789,90,0
9790,94,0
9791,94,0
9792,94,0
9793,86,0
9794,78,0
9795,86,0
9796,93,0
9797,91,0
9798,92,0
9799,93,0
9800,88,0
9801,79,0
9802,88,0
9803,93,0
9804,84,0
9805,88,0
9806,94,0
9807,88,0
9808,86,0
9809,92,0
9810,89,0
9811,91,0
9812,95,0
9813,92,0
9814,83,0
9815,84,0
9816,89,0
9817,84,0
9818,95,0
9819,84,0
9820,88,0
9821,91,0
9822,97,0
9823,94,0
9824,86,0
9825,98,0
9826,86,0
9827,94,0
9828,94,0
9829,90,0
9830,86,0
9831,95,0
9832,82,0
9833,82,0
9834,98,0
9835,90,0
9836,87,0
9837,94,0
9838,96,0
9839,85,0
9840,92,0
9841,97,0
9842,87,0
9843,95,0
9844,86,0
9845,86,0
9846,89,0
9847,87,0
9848,91,0
9849,79,0
9850,89,0
9851,92,0
9852,88,0
9853,88,0
9854,94,0
9855,88,0
9856,85,0
9857,89,0
9858,91,0
9859,86,0
9860,85,0
9861,94,0
9862,93,0
9863,81,0
9864,93,0
9865,88,0
9866,91,0
9867,86,0
9868,95,0
9869,88,0
9870,79,0
9871,87,0
9872,83,0
9873,83,0
9874,87,0
9875,84,0
9876,85,0
9877,94,0
9878,82,0
9879,80,0
9880,84,0
9881,83,0
9882,87,0
9883,91,0
9884,97,0
9885,84,0
9886,90,0
9887,80,0
9888,89,0
9889,89,0
9890,89,0
9891,76,0
9892,90,0
9893,83,0
9894,86,0
9895,93,0
9896,96,0
9897,87,0
9898,79,0
9899,79,0
9900,92,0
9901,85,0
9902,89,0
9903,95,0
9904,97,0
9905,78,0
9906,94,0
9907,83,0
9908,79,0
9909,87,0
9910,91,0
9911,88,0
9912,87,0
9913,92,0
9914,85,0
9915,96,0
9916,87,0
9917,90,0
9918,89,0
9919,81,0
9920,89,0
9921,87,0
9922,79,0
9923,87,0
9924,94,0
9925,94,0
9926,87,0
9927,94,0
9928,80,0
9929,88,0
9930,95,0
9931,89,0
9932,91,0
9933,89,0
9934,92,0
9935,94,0
9936,88,0
9937,83,0
9938,91,0
9939,90,0
9940,87,0
9941,92,0
9942,86,0
9943,86,0
9944,91,0
9945,94,0
9946,93,0
9947,86,0
9948,88,0
9949,77,0
9950,97,0
9951,77,0
9952,100,0
9953,84,0
9954,88,0
9955,90,0
9956,88,0
9957,97,0
9958,86,0
9959,89,0
9960,92,0
9961,89,0
9962,78,0
9963,96,0
9964,79,0
9965,85,0
9966,92,0
9967,87,0
9968,91,0
9969,84,0
9970,99,0
9971,92,0
9972,97,0
9973,79,0
9974,85,0
9975,90,0
9976,95,0
9977,86,0
9978,96,0
9979,101,0
9980,92,0
9981,86,0
9982,85,0
9983,94,0
9984,85,0
9985,87,0
9986,88,0
9987,81,0
9988,95,0
9989,97,0
9990,85,0
9991,84,0
9992,94,0
9993,89,0
9994,88,0
9995,83,0
9996,79,0
9997,89,0
9998,86,0
9999,88,0
10000,88,0
10001,89,0
10002,91,0
10003,87,0
10004,87,0
10005,88,0
10006,87,0
10007,80,0
10008,81,0
10009,83,0
10010,90,0
10011,89,0
10012,93,0
10013,88,0
10014,84,0
10015,88,0
10016,91,0
10017,91,0
10018,86,0
10019,97,0
10020,85,0
10021,85,0
10022,86,0
10023,92,0
10024,94,0
10025,93,0
10026,90,0
10027,96,0
10028,78,0
10029,80,0
10030,88,0
10031,97,0
10032,84,0
10033,88,0
10034,86,0
10035,90,0
10036,76,0
10037,90,0
10038,94,0
10039,90,0
10040,89,0
10041,94,0
10042,91,0
10043,94,0
10044,88,0
10045,86,0
10046,91,0
10047,86,0
10048,86,0
10049,90,0
10050,87,0
10051,100,0
10052,92,0
10053,86,0
10054,88,0
10055,90,0
10056,93,0
10057,76,0
10058,94,0
10059,91,0
10060,90,0
10061,99,0
10062,92,0
10063,86,0
10064,94,0
10065,87,0
10066,86,0
10067,99,0
10068,92,0
10069,91,0
10070,76,0
10071,81,0
10072,95,0
10073,87,0
10074,85,0
10075,78,0
10076,97,0
10077,97,0
10078,88,0
10079,99,0
10080,87,0
10081,90,0
10082,80,0
10083,82,0
10084,92,0
10085,88,0
10086,89,0
10087,94,0
10088,94,0
10089,91,0
10090,81,0
10091,80,0
10092,86,0
10093,91,0
10094,86,0
10095,81,0
10096,90,0
10097,95,0
10098,88,0
10099,92,0
10100,95,0
10101,85,0
10102,91,0
10103,87,0
10104,90,0
10105,91,0
10106,95,0
10107,94,0
10108,85,0
10109,88,0
10110,76,0
10111,84,0
10112,93,0
10113,94,0
10114,95,0
10115,85,0
10116,88,0
10117,82,0
10118,91,0
10119,90,0
10120,96,0
10121,98,0
10122,88,0
10123,87,0
10124,74,0
10125,82,0
10126,84,0
10127,85,0
10128,90,0
10129,88,0
10130,94,0
10131,80,0
10132,77,0
10133,96,0
10134,86,0
10135,100,0
10136,85,0
10137,85,0
10138,87,0
10139,88,0
10140,91,0
10141,87,0
10142,85,0
10143,96,0
10144,88,0
10145,84,0
10146,92,0
10147,93,0
10148,90,0
10149,88,0
10150,88,0
10151,89,0
10152,93,0
10153,84,0
10154,95,0
10155,84,0
10156,96,0
10157,89,0
10158,86,0
10159,81,0
10160,97,0
10161,87,0
10162,89,0
10163,85,0
10164,88,0
10165,81,0
10166,88,0
10167,85,0
10168,78,0
10169,99,0
10170,85,0
10171,91,0
10172,95,0
10173,79,0
10174,87,0
10175,83,0
10176,89,0
10177,88,0
10178,76,0
10179,88,0
10180,87,0
10181,82,0
10182,92,0
10183,84,0
10184,94,0
10185,85,0
10186,89,0
10187,83,0
10188,90,0
10189,86,0
10190,76,0
10191,90,0
10192,91,0
10193,84,0
10194,85,0
10195,89,0
10196,84,0
10197,86,0
10198,93,0
10199,97,0
10200,88,0
10201,96,0
10202,90,0
10203,90,0
10204,90,0
10205,74,0
10206,92,0
10207,85,0
10208,88,0
10209,90,0
10210,79,0
10211,82,0
10212,87,0
10213,87,0
10214,84,0
10215,90,0
10216,93,0
10217,92,0
10218,86,0
10219,80,0
10220,92,0
10221,96,0
10222,88,0
10223,94,0
10224,95,0
10225,83,0
10226,91,0
10227,91,0
10228,94,0
10229,83,0
10230,91,0
10231,87,0
10232,85,0
10233,94,0
10234,93,0
10235,86,0
10236,92,0
10237,88,0
10238,89,0
10239,92,0
10240,94,0
10241,95,0
10242,92,0
10243,77,0
10244,90,0
10245,84,0
10246,89,0
10247,92,0
10248,73,0
10249,90,0
10250,85,0
10251,89,0
10252,87,0
10253,91,0
10254,86,0
10255,81,0
10256,88,0
10257,85,0
10258,94,0
10259,86,0
10260,94,0
10261,88,0
10262,83,0
10263,81,0
10264,93,0
10265,86,0
10266,83,0
10267,89,0
10268,90,0
10269,81,0
10270,86,0
10271,86,0
10272,95,0
10273,96,0
10274,91,0
10275,91,0
10276,89,0
10277,82,0
10278,93,0
10279,89,0
10280,90,0
10281,94,0
10282,85,0
10283,96,0
10284,81,0
10285,83,0
10286,87,0
10287,82,0
10288,85,0
10289,86,0
10290,93,0
10291,89,0
10292,84,0
10293,83,0
10294,92,0
10295,93,0
10296,100,0
10297,82,0
10298,94,0
10299,88,0
10300,83,0
10301,89,0
10302,88,0
10303,83,0
10304,91,0
10305,84,0
10306,96,0
10307,83,0
10308,85,0
10309,87,0
10310,83,0
10311,93,0
10312,97,0
10313,84,0
10314,81,0
10315,78,0
10316,85,0
10317,92,0
10318,87,0
10319,90,0
10320,91,0
10321,86,0
10322,92,0
10323,86,0
10324,102,0
10325,93,0
10326,94,0
10327,84,0
10328,84,0
10329,86,0
10330,84,0
10331,81,0
10332,95,0
10333,94,0
10334,87,0
10335,94,0
10336,85,0
10337,95,0
10338,84,0
10339,80,0
10340,91,0
10341,87,0
10342,93,0
10343,95,0
10344,94,0
10345,82,0
10346,82,0
10347,93,0
10348,93,0
10349,87,0
10350,86,0
10351,96,0
10352,88,0
10353,83,0
10354,92,0
10355,87,0
10356,90,0
10357,90,0
10358,89,0
10359,81,0
10360,84,0
10361,95,0
10362,92,0
10363,86,0
10364,86,0
10365,87,0
10366,80,0
10367,93,0
10368,100,0
10369,91,0
10370,93,0
10371,90,0
10372,88,0
10373,92,0
10374,85,0
10375,88,0
10376,88,0
10377,90,0
10378,95,0
10379,84,0
10380,91,0
10381,86,0
10382,88,0
10383,87,0
10384,91,0
10385,95,0
10386,85,0
10387,96,0
10388,95,0
10389,95,0
10390,92,0
10391,86,0
10392,82,0
10393,96,0
10394,86,0
10395,96,0
10396,91,0
10397,91,0
10398,90,0
10399,95,0
10400,81,0
10401,92,0
10402,97,0
10403,89,0
10404,86,0
10405,87,0
10406,88,0
10407,91,0
10408,92,0
10409,84,0
10410,92,0
10411,83,0
10412,88,0
10413,82,0
10414,83,0
10415,94,0
10416,83,0
10417,93,0
10418,83,0
10419,92,0
10420,86,0
10421,92,0
10422,83,0
10423,86,0
10424,87,0
10425,93,0
10426,77,0
10427,85,0
10428,99,0
10429,82,0
10430,85,0
10431,92,0
10432,91,0
10433,86,0
10434,93,0
10435,85,0
10436,90,0
10437,83,0
10438,85,0
10439,93,0
10440,93,0
10441,97,0
10442,89,0
10443,94,0
10444,81,0
10445,92,0
10446,88,0
10447,86,0
10448,87,0
10449,90,0
10450,88,0
10451,94,0
10452,82,0
10453,81,0
10454,84,0
10455,87,0
10456,79,0
10457,90,0
10458,81,0
10459,75,0
10460,90,0
10461,91,0
10462,94,0
10463,95,0
10464,103,0
10465,88,0
10466,92,0
10467,89,0
10468,89,0
10469,86,0
10470,91,0
10471,84,0
10472,88,0
10473,84,0
10474,97,0
10475,87,0
10476,94,0
10477,91,0
10478,81,0
10479,96,0
10480,86,0
10481,86,0
10482,88,0
10483,89,0
10484,76,0
10485,91,0
10486,92,0
10487,93,0
10488,82,0
10489,86,0
10490,85,0
10491,84,0
10492,94,0
10493,94,0
10494,97,0
10495,86,0
10496,85,0
10497,86,0
10498,93,0
10499,90,0
10500,85,0
10501,87,0
10502,85,0
10503,85,0
10504,87,0
10505,93,0
10506,89,0
10507,87,0
10508,93,0
10509,86,0
10510,89,0
10511,90,0
10512,87,0
10513,82,0
10514,90,0
10515,95,0
10516,87,0
10517,86,0
10518,89,0
10519,84,0
10520,81,0
10521,92,0
10522,93,0
10523,87,0
10524,81,0
10525,85,0
10526,90,0
10527,94,0
10528,89,0
10529,86,0
10530,89,0
10531,80,0
10532,89,0
10533,88,0
10534,92,0
10535,90,0
10536,89,0
10537,89,0
10538,88,0
10539,84,0
10540,98,0
10541,87,0
10542,94,0
10543,97,0
10544,92,0
10545,88,0
10546,96,0
10547,89,0
10548,99,0
10549,85,0
10550,81,0
10551,85,0
10552,92,0
10553,91,0
10554,79,0
10555,86,0
10556,80,0
10557,92,0
10558,97,0
10559,96,0
10560,96,0
10561,93,0
10562,86,0
10563,87,0
10564,95,0
10565,84,0
10566,94,0
10567,94,0
10568,87,0
10569,90,0
10570,87,0
10571,84,0
10572,88,0
10573,88,0
10574,85,0
10575,98,0
10576,87,0
10577,92,0
10578,84,0
10579,87,0
10580,93,0
10581,94,0
10582,83,0
10583,86,0
10584,80,0
10585,86,0
10586,86,0
10587,85,0
10588,101,0
10589,90,0
10590,91,0
10591,86,0
10592,90,0
10593,92,0
10594,93,0
10595,87,0
10596,82,0
10597,100,0
10598,93,0
10599,84,0
10600,88,0
10601,88,0
10602,88,0
10603,89,0
10604,95,0
10605,84,0
10606,86,0
10607,81,0
10608,87,0
10609,89,0
10610,87,0
10611,82,0
10612,82,0
10613,89,0
10614,79,0
10615,93,0
10616,83,0
10617,83,0
10618,79,0
10619,86,0
10620,91,0
10621,87,0
10622,79,0
10623,85,0
10624,89,0
10625,88,0
10626,84,0
10627,82,0
10628,90,0
10629,93,0
10630,86,0
10631,84,0
10632,98,0
10633,84,0
10634,81,0
10635,91,0
10636,85,0
10637,97,0
10638,91,0
10639,81,0
10640,81,0
10641,73,0
10642,91,0
10643,86,0
10644,93,0
10645,102,0
10646,97,0
10647,83,0
10648,92,0
10649,84,0
10650,90,0
10651,91,0
10652,99,0
10653,83,0
10654,100,0
10655,95,0
10656,87,0
10657,96,0
10658,87,0
10659,92,0
10660,88,0
10661,93,0
10662,80,0
10663,88,0
10664,91,0
10665,92,0
10666,85,0
10667,84,0
10668,89,0
10669,90,0
10670,92,0
10671,85,0
10672,91,0
10673,81,0
10674,87,0
10675,95,0
10676,91,0
10677,88,0
10678,94,0
10679,90,0
10680,84,0
10681,83,0
10682,90,0
10683,88,0
10684,83,0
10685,89,0
10686,85,0
10687,90,0
10688,94,0
10689,84,0
10690,86,0
10691,95,0
10692,87,0
10693,91,0
10694,77,0
10695,86,0
10696,86,0
10697,99,0
10698,91,0
10699,86,0
10700,88,0
10701,93,0
10702,89,0
10703,96,0
10704,99,0
10705,89,0
10706,95,0
10707,94,0
10708,90,0
10709,84,0
10710,93,0
10711,82,0
10712,90,0
10713,86,0
10714,94,0
10715,99,0
10716,86,0
10717,81,0
10718,88,0
10719,89,0
10720,84,0
10721,84,0
10722,84,0
10723,86,0
10724,98,0
10725,83,0
10726,90,0
10727,89,0
10728,95,0
10729,90,0
10730,91,0
10731,88,0
10732,96,0
10733,89,0
10734,98,0
10735,91,0
10736,95,0
10737,80,0
10738,91,0
10739,88,0
10740,94,0
10741,89,0
10742,84,0
10743,82,0
10744,89,0
10745,92,0
10746,94,0
10747,89,0
10748,92,0
10749,80,0
10750,80,0
10751,88,0
10752,94,0
10753,90,0
10754,86,0
10755,87,0
10756,87,0
10757,88,0
10758,90,0
10759,90,0
10760,92,0
10761,92,0
10762,87,0
10763,88,0
10764,88,0
10765,94,0
10766,86,0
10767,92,0
10768,96,0
10769,92,0
10770,92,0
10771,93,0
10772,84,0
10773,89,0
10774,82,0
10775,81,0
10776,86,0
10777,93,0
10778,85,0
10779,89,0
10780,95,0
10781,92,0
10782,91,0
10783,87,0
10784,86,0
10785,83,0
10786,80,0
10787,101,0
10788,93,0
10789,97,0
10790,89,0
10791,86,0
10792,83,0
10793,92,0
10794,94,0
10795,89,0
10796,77,0
10797,93,0
10798,85,0
10799,89,0
10800,80,0
10801,87,0
10802,83,0
10803,84,0
10804,91,0
10805,85,0
10806,89,0
10807,89,0
10808,90,0
10809,96,0
10810,89,0
10811,86,0
10812,90,0
10813,87,0
10814,80,0
10815,82,0
10816,84,0
10817,89,0
10818,99,0
10819,85,0
10820,92,0
10821,96,0
10822,84,0
10823,96,0
10824,86,0
10825,88,0
10826,92,0
10827,87,0
10828,96,0
10829,84,0
10830,88,0
10831,81,0
10832,80,0
10833,86,0
10834,93,0
10835,87,0
10836,77,0
10837,95,0
10838,89,0
10839,81,0
10840,84,0
10841,96,0
10842,99,0
10843,80,0
10844,76,0
10845,92,0
10846,83,0
10847,90,0
10848,85,0
10849,88,0
10850,83,0
10851,90,0
10852,90,0
10853,87,0
10854,88,0
10855,88,0
10856,86,0
10857,91,0
10858,87,0
10859,86,0
10860,99,0
10861,84,0
10862,89,0
10863,94,0
10864,79,0
10865,100,0
10866,88,0
10867,96,0
10868,91,0
10869,89,0
10870,90,0
10871,89,0
10872,90,0
10873,81,0
10874,85,0
10875,83,0
10876,88,0
10877,89,0
10878,90,0
10879,89,0
10880,85,0
10881,92,0
10882,86,0
10883,88,0
10884,89,0
10885,89,0
10886,88,0
10887,85,0
10888,85,0
10889,93,0
10890,78,0
10891,96,0
10892,85,0
10893,90,0
10894,87,0
10895,92,0
10896,84,0
10897,95,0
10898,89,0
10899,88,0
10900,89,0
10901,91,0
10902,85,0
10903,101,0
10904,91,0
10905,83,0
10906,91,0
10907,88,0
10908,90,0
10909,92,0
10910,91,0
10911,91,0
10912,92,0
10913,88,0
10914,85,0
10915,89,0
10916,92,0
10917,84,0
10918,88,0
10919,91,0
10920,85,0
10921,88,0
10922,82,0
10923,95,0
10924,87,0
10925,83,0
10926,81,0
10927,82,0
10928,82,0
10929,90,0
10930,82,0
10931,83,0
10932,86,0
10933,86,0
10934,88,0
10935,89,0
10936,95,0
10937,84,0
10938,77,0
10939,85,0
10940,85,0
10941,86,0
10942,77,0
10943,91,0
10944,84,0
10945,94,0
10946,80,0
10947,91,0
10948,82,0
10949,85,0
10950,85,0
10951,89,0
10952,82,0
10953,90,0
10954,83,0
10955,87,0
10956,96,0
10957,91,0
10958,88,0
10959,86,0
10960,88,0
10961,81,0
10962,84,0
10963,94,0
10964,82,0
10965,92,0
10966,94,0
10967,87,0
10968,94,0
10969,89,0
10970,85,0
10971,88,0
10972,87,0
10973,88,0
10974,77,0
10975,82,0
10976,88,0
10977,89,0
10978,81,0
10979,94,0
10980,90,0
10981,95,0
10982,90,0
10983,90,0
10984,91,0
10985,87,0
10986,87,0
10987,95,0
10988,96,0
10989,85,0
10990,102,0
10991,83,0
10992,88,0
10993,84,0
10994,87,0
10995,89,0
10996,88,0
10997,93,0
10998,89,0
10999,86,0
11000,89,0
11001,91,0
11002,91,0
11003,97,0
11004,94,0
11005,83,0
11006,87,0
11007,92,0
11008,96,0
11009,93,0
11010,85,0
11011,91,0
11012,91,0
11013,80,0
11014,80,0
11015,81,0
11016,93,0
11017,98,0
11018,96,0
11019,88,0
11020,83,0
11021,88,0
11022,96,0
11023,100,0
11024,88,0
11025,88,0
11026,88,0
11027,91,0
11028,88,0
11029,82,0
11030,88,0
11031,83,0
11032,83,0
11033,92,0
11034,81,0
11035,84,0
11036,91,0
11037,87,0
11038,87,0
11039,88,0
11040,84,0
11041,91,0
11042,93,0
11043,87,0
11044,87,0
11045,92,0
11046,91,0
11047,91,0
11048,88,0
11049,90,0
11050,91,0
11051,86,0
11052,83,0
11053,85,0
11054,79,0
11055,95,0
11056,89,0
11057,94,0
11058,84,0
11059,92,0
11060,96,0
11061,98,0
11062,91,0
11063,85,0
11064,92,0
11065,86,0
11066,84,0
11067,88,0
11068,97,0
11069,85,0
11070,79,0
11071,84,0
11072,86,0
11073,90,0
11074,86,0
11075,88,0
11076,92,0
11077,92,0
11078,85,0
11079,95,0
11080,80,0
11081,84,0
11082,88,0
11083,87,0
11084,95,0
11085,96,0
11086,87,0
11087,92,0
11088,94,0
11089,86,0
11090,83,0
11091,84,0
11092,90,0
11093,83,0
11094,95,0
11095,85,0
11096,92,0
11097,93,0
11098,77,0
11099,77,0
11100,84,0
11101,83,0
11102,87,0
11103,89,0
11104,84,0
11105,86,0
11106,89,0
11107,76,0
11108,82,0
11109,90,0
11110,77,0
11111,90,0
11112,85,0
11113,92,0
11114,94,0
11115,80,0
11116,83,0
11117,96,0
11118,93,0
11119,82,0
11120,91,0
11121,88,0
11122,87,0
11123,88,0
11124,96,0
11125,78,0
11126,94,0
11127,89,0
11128,90,0
11129,95,0
11130,78,0
11131,95,0
11132,84,0
11133,88,0
11134,94,0
11135,94,0
11136,92,0
11137,92,0
11138,88,0
11139,91,0
11140,89,0
11141,89,0
11142,82,0
11143,99,0
11144,82,0
11145,95,0
11146,88,0
11147,87,0
11148,95,0
11149,80,0
11150,94,0
11151,90,0
11152,81,0
11153,90,0
11154,91,0
11155,87,0
11156,92,0
11157,76,0
11158,86,0
11159,90,0
11160,84,0
11161,87,0
11162,90,0
11163,90,0
11164,87,0
11165,80,0
11166,87,0
11167,93,0
11168,94,0
11169,79,0
11170,94,0
11171,85,0
11172,88,0
11173,93,0
11174,94,0
11175,85,0
11176,93,0
11177,91,0
11178,91,0
11179,88,0
11180,95,0
11181,79,0
11182,96,0
11183,81,0
11184,87,0
11185,88,0
11186,87,0
11187,92,0
11188,93,0
11189,90,0
11190,84,0
11191,85,0
11192,90,0
11193,87,0
11194,97,0
11195,76,0
11196,97,0
11197,86,0
11198,89,0
11199,89,0
11200,87,0
11201,89,0
11202,91,0
11203,90,0
11204,90,0
11205,92,0
11206,97,0
11207,76,0
11208,84,0
11209,90,0
11210,81,0
11211,91,0
11212,85,0
11213,77,0
11214,95,0
11215,88,0
11216,90,0
11217,86,0
11218,95,0
11219,90,0
11220,84,0
11221,93,0
11222,85,0
11223,93,0
11224,97,0
11225,90,0
11226,92,0
11227,87,0
11228,81,0
11229,89,0
11230,81,0
11231,83,0
11232,87,0
11233,81,0
11234,91,0
11235,84,0
11236,80,0
11237,90,0
11238,81,0
11239,90,0
11240,92,0
11241,86,0
11242,91,0
11243,82,0
11244,83,0
11245,87,0
11246,88,0
11247,83,0
11248,91,0
11249,90,0
11250,90,0
11251,90,0
11252,93,0
11253,90,0
11254,81,0
11255,79,0
11256,89,0
11257,89,0
11258,81,0
11259,91,0
11260,81,0
11261,85,0
11262,87,0
11263,92,0
11264,86,0
11265,93,0
11266,92,0
11267,93,0
11268,92,0
11269,85,0
11270,90,0
11271,80,0
11272,94,0
11273,88,0
11274,89,0
11275,78,0
11276,82,0
11277,89,0
11278,84,0
11279,80,0
11280,96,0
11281,91,0
11282,89,0
11283,78,0
11284,93,0
11285,87,0
11286,95,0
11287,83,0
11288,89,0
11289,95,0
11290,84,0
11291,93,0
11292,86,0
11293,90,0
11294,86,0
11295,88,0
11296,86,0
11297,82,0
11298,83,0
11299,92,0
11300,98,0
11301,90,0
11302,90,0
11303,93,0
11304,83,0
11305,84,0
11306,94,0
11307,93,0
11308,77,0
11309,92,0
11310,88,0
11311,95,0
11312,87,0
11313,86,0
11314,89,0
11315,89,0
11316,84,0
11317,96,0
11318,90,0
11319,81,0
11320,87,0
11321,98,0
11322,96,0
11323,87,0
11324,89,0
11325,96,0
11326,80,0
11327,84,0
11328,93,0
11329,89,0
11330,84,0
11331,91,0
11332,87,0
11333,91,0
11334,93,0
11335,89,0
11336,84,0
11337,87,0
11338,96,0
11339,92,0
11340,90,0
11341,97,0
11342,93,0
11343,83,0
11344,91,0
11345,93,0
11346,87,0
11347,83,0
11348,88,0
11349,99,0
11350,86,0
11351,94,0
11352,85,0
11353,98,0
11354,92,0
11355,82,0
11356,83,0
11357,85,0
11358,85,0
11359,91,0
11360,88,0
11361,85,0
11362,84,0
11363,88,0
11364,85,0
11365,87,0
11366,97,0
11367,85,0
11368,92,0
11369,81,0
11370,84,0
11371,91,0
11372,90,0
11373,84,0
11374,99,0
11375,93,0
11376,92,0
11377,83,0
11378,87,0
11379,93,0
11380,83,0
11381,86,0
11382,82,0
11383,91,0
11384,86,0
11385,93,0
11386,77,0
11387,84,0
11388,80,0
11389,87,0
11390,95,0
11391,86,0
11392,86,0
11393,83,0
11394,94,0
11395,91,0
11396,87,0
11397,90,0
11398,87,0
11399,83,0
11400,95,0
11401,99,0
11402,86,0
11403,101,0
11404,92,0
11405,86,0
11406,98,0
11407,87,0
11408,89,0
11409,88,0
11410,89,0
11411,87,0
11412,81,0
11413,96,0
11414,90,0
11415,84,0
11416,94,0
11417,89,0
11418,87,0
11419,97,0
11420,92,0
11421,94,0
11422,93,0
11423,91,0
11424,92,0
11425,93,0
11426,86,0
11427,91,0
11428,88,0
11429,98,0
11430,94,0
11431,87,0
11432,89,0
11433,89,0
11434,89,0
11435,86,0
11436,87,0
11437,88,0
11438,89,0
11439,96,0
11440,96,0
11441,83,0
11442,84,0
11443,91,0
11444,90,0
11445,85,0
11446,87,0
11447,83,0
11448,93,0
11449,77,0
11450,89,0
11451,82,0
11452,90,0
11453,89,0
11454,93,0
11455,79,0
11456,92,0
11457,87,0
11458,94,0
11459,93,0
11460,92,0
11461,96,0
11462,89,0
11463,83,0
11464,95,0
11465,89,0
11466,87,0
11467,79,0
11468,84,0
11469,86,0
11470,85,0
11471,85,0
11472,89,0
11473,96,0
11474,90,0
11475,91,0
11476,86,0
11477,83,0
11478,93,0
11479,87,0
11480,89,0
11481,82,0
11482,87,0
11483,93,0
11484,92,0
11485,82,0
11486,87,0
11487,89,0
11488,83,0
11489,88,0
11490,86,0
11491,88,0
11492,85,0
11493,90,0
11494,91,0
11495,84,0
11496,86,0
11497,78,0
11498,90,0
11499,79,0
11500,89,0
11501,95,0
11502,85,0
11503,79,0
11504,82,0
11505,75,0
11506,89,0
11507,95,0
11508,92,0
11509,90,0
11510,89,0
11511,88,0
11512,94,0
11513,91,0
11514,76,0
11515,83,0
11516,87,0
11517,89,0
11518,81,0
11519,89,0
11520,87,0
11521,92,0
11522,82,0
11523,81,0
11524,88,0
11525,95,0
11526,82,0
11527,94,0
11528,84,0
11529,85,0
11530,92,0
11531,89,0
11532,85,0
11533,94,0
11534,83,0
11535,96,0
11536,87,0
11537,89,0
11538,96,0
11539,80,0
11540,88,0
11541,91,0
11542,78,0
11543,85,0
11544,85,0
11545,94,0
11546,87,0
11547,81,0
11548,85,0
11549,85,0
11550,83,0
11551,94,0
11552,88,0
11553,96,0
11554,83,0
11555,87,0
11556,85,0
11557,84,0
11558,91,0
11559,85,0
11560,91,0
11561,83,0
11562,93,0
11563,87,0
11564,85,0
11565,84,0
11566,83,0
11567,97,0
11568,86,0
11569,89,0
11570,86,0
11571,90,0
11572,85,0
11573,89,0
11574,88,0
11575,83,0
11576,93,0
11577,88,0
11578,85,0
11579,94,0
11580,87,0
11581,87,0
11582,93,0
11583,86,0
11584,89,0
11585,93,0
11586,81,0
11587,88,0
11588,97,0
11589,93,0
11590,85,0
11591,86,0
11592,86,0
11593,88,0
11594,88,0
11595,88,0
11596,88,0
11597,83,0
11598,89,0
11599,80,0
11600,89,0
11601,87,0
11602,93,0
11603,93,0
11604,95,0
11605,75,0
11606,95,0
11607,90,0
11608,88,0
11609,91,0
11610,89,0
11611,89,0
11612,85,0
11613,84,0
11614,71,0
11615,82,0
11616,97,0
11617,87,0
11618,92,0
11619,88,0
11620,82,0
11621,85,0
11622,88,0
11623,81,0
11624,88,0
11625,88,0
11626,88,0
11627,85,0
11628,88,0
11629,84,0
11630,87,0
11631,83,0
11632,93,0
11633,94,0
11634,76,0
11635,83,0
11636,85,0
11637,88,0
11638,89,0
11639,96,0
11640,79,0
11641,88,0
11642,89,0
11643,86,0
11644,78,0
11645,89,0
11646,95,0
11647,84,0
11648,87,0
11649,94,0
11650,87,0
11651,86,0
11652,88,0
11653,83,0
11654,90,0
11655,88,0
11656,85,0
11657,86,0
11658,97,0
11659,87,0
11660,86,0
11661,92,0
11662,89,0
11663,82,0
11664,91,0
11665,85,0
11666,83,0
11667,85,0
11668,88,0
11669,89,0
11670,86,0
11671,81,0
11672,87,0
11673,92,0
11674,98,0
11675,86,0
11676,80,0
11677,94,0
11678,93,0
11679,83,0
11680,92,0
11681,96,0
11682,85,0
11683,84,0
11684,82,0
11685,86,0
11686,83,0
11687,99,0
11688,84,0
11689,86,0
11690,87,0
11691,80,0
11692,84,0
11693,93,0
11694,84,0
11695,92,0
11696,89,0
11697,86,0
11698,83,0
11699,93,0
11700,82,0
11701,92,0
11702,97,0
11703,93,0
11704,81,0
11705,83,0
11706,86,0
11707,86,0
11708,87,0
11709,91,0
11710,95,0
11711,88,0
11712,85,0
11713,85,0
11714,94,0
11715,88,0
11716,87,0
11717,92,0
11718,95,0
11719,89,0
11720,85,0
11721,81,0
11722,92,0
11723,92,0
11724,83,0
11725,87,0
11726,83,0
11727,96,0
11728,83,0
11729,87,0
11730,83,0
11731,85,0
11732,87,0
11733,83,0
11734,99,0
11735,91,0
11736,86,0
11737,85,0
11738,81,0
11739,83,0
11740,80,0
11741,102,0
11742,88,0
11743,83,0
11744,96,0
11745,86,0
11746,85,0
11747,88,0
11748,86,0
11749,92,0
11750,88,0
11751,84,0
11752,88,0
11753,86,0
11754,90,0
11755,81,0
11756,87,0
11757,88,0
11758,88,0
11759,87,0
11760,83,0
11761,93,0
11762,87,0
11763,86,0
11764,86,0
11765,87,0
11766,82,0
11767,89,0
11768,96,0
11769,80,0
11770,87,0
11771,93,0
11772,92,0
11773,88,0
11774,83,0
11775,72,0
11776,84,0
11777,91,0
11778,87,0
11779,90,0
11780,85,0
11781,81,0
11782,88,0
11783,88,0
11784,86,0
11785,84,0
11786,87,0
11787,85,0
11788,91,0
11789,83,0
11790,93,0
11791,89,0
11792,88,0
11793,82,0
11794,91,0
11795,80,0
11796,82,0
11797,84,0
11798,80,0
11799,91,0
11800,93,0
11801,89,0
11802,95,0
11803,94,0
11804,94,0
11805,91,0
11806,89,0
11807,88,0
11808,89,0
11809,86,0
11810,85,0
11811,90,0
11812,82,0
11813,88,0
11814,104,0
11815,93,0
11816,71,0
11817,85,0
11818,83,0
11819,84,0
11820,87,0
11821,84,0
11822,89,0
11823,90,0
11824,84,0
11825,91,0
11826,84,0
11827,87,0
11828,96,0
11829,97,0
11830,90,0
11831,96,0
11832,85,0
11833,91,0
11834,86,0
11835,84,0
11836,83,0
11837,98,0
11838,91,0
11839,85,0
11840,95,0
11841,88,0
11842,84,0
11843,88,0
11844,97,0
11845,86,0
11846,87,0
11847,84,0
11848,88,0
11849,90,0
11850,85,0
11851,96,0
11852,77,0
11853,82,0
11854,77,0
11855,88,0
11856,92,0
11857,86,0
11858,99,0
11859,95,0
11860,85,0
11861,81,0
11862,82,0
11863,87,0
11864,95,0
11865,82,0
11866,93,0
11867,95,0
11868,93,0
11869,88,0
11870,88,0
11871,93,0
11872,93,0
11873,85,0
11874,84,0
11875,82,0
11876,84,0
11877,92,0
11878,83,0
11879,91,0
11880,89,0
11881,84,0
11882,92,0
11883,92,0
11884,86,0
11885,89,0
11886,78,0
11887,87,0
11888,88,0
11889,96,0
11890,93,0
11891,84,0
11892,84,0
11893,86,0
11894,82,0
11895,75,0
11896,84,0
11897,90,0
11898,91,0
11899,84,0
11900,93,0
11901,84,0
11902,83,0
11903,84,0
11904,79,0
11905,91,0
11906,85,0
11907,95,0
11908,91,0
11909,86,0
11910,91,0
11911,86,0
11912,94,0
11913,76,0
11914,81,0
11915,77,0
11916,85,0
11917,87,0
11918,93,0
11919,78,0
11920,92,0
11921,84,0
11922,89,0
11923,83,0
11924,84,0
11925,93,0
11926,88,0
11927,84,0
11928,85,0
11929,83,0
11930,92,0
11931,95,0
11932,83,0
11933,99,0
11934,94,0
11935,92,0
11936,87,0
11937,98,0
11938,87,0
11939,89,0
11940,86,0
11941,79,0
11942,75,0
11943,84,0
11944,81,0
11945,85,0
11946,84,0
11947,93,0
11948,85,0
11949,89,0
11950,84,0
11951,80,0
11952,77,0
11953,95,0
11954,81,0
11955,85,0
11956,93,0
11957,87,0
11958,88,0
11959,86,0
11960,82,0
11961,81,0
11962,81,0
11963,92,0
11964,88,0
11965,84,0
11966,86,0
11967,99,0
11968,92,0
11969,82,0
11970,88,0
11971,86,0
11972,87,0
11973,90,0
11974,86,0
11975,84,0
11976,93,0
11977,77,0
11978,89,0
11979,84,0
11980,91,0
11981,83,0
11982,83,0
11983,86,0
11984,86,0
11985,82,0
11986,90,0
11987,87,0
11988,82,0
11989,80,0
11990,89,0
11991,83,0
11992,89,0
11993,89,0
11994,90,0
11995,90,0
11996,91,0
11997,88,0
11998,92,0
11999,102,0
12000,90,0
12001,100,0
12002,99,0
12003,96,0
12004,89,0
12005,84,0
12006,80,0
12007,85,0
12008,94,0
12009,79,0
12010,86,0
12011,88,0
12012,94,0
12013,84,0
12014,99,0
12015,92,0
12016,83,0
12017,93,0
12018,95,0
12019,92,0
12020,90,0
12021,82,0
12022,85,0
12023,88,0
12024,80,0
12025,93,0
12026,89,0
12027,84,0
12028,89,0
12029,88,0
12030,92,0
12031,93,0
12032,84,0
12033,81,0
12034,86,0
12035,87,0
12036,92,0
12037,87,0
12038,87,0
12039,79,0
12040,87,0
12041,93,0
12042,87,0
12043,85,0
12044,95,0
12045,90,0
12046,83,0
12047,80,0
12048,87,0
12049,92,0
12050,91,0
12051,94,0
12052,86,0
12053,86,0
12054,94,0
12055,91,0
12056,84,0
12057,86,0
12058,82,0
12059,85,0
12060,84,0
12061,81,0
12062,86,0
12063,90,0
12064,85,0
12065,84,0
12066,89,0
12067,88,0
12068,84,0
12069,86,0
12070,91,0
12071,85,0
12072,86,0
12073,91,0
12074,94,0
12075,77,0
12076,89,0
12077,86,0
12078,86,0
12079,86,0
12080,87,0
12081,91,0
12082,84,0
12083,90,0
12084,73,0
12085,90,0
12086,91,0
12087,87,0
12088,88,0
12089,84,0
12090,77,0
12091,80,0
12092,81,0
12093,84,0
12094,86,0
12095,85,0
12096,96,0
12097,93,0
12098,84,0
12099,81,0
12100,82,0
12101,85,0
12102,85,0
12103,88,0
12104,85,0
12105,81,0
12106,96,0
12107,81,0
12108,96,0
12109,84,0
12110,83,0
12111,88,0
12112,90,0
12113,88,0
12114,90,0
12115,84,0
12116,88,0
12117,80,0
12118,90,0
12119,90,0
12120,81,0
12121,85,0
12122,79,0
12123,79,0
12124,94,0
12125,93,0
12126,91,0
12127,86,0
12128,74,0
12129,85,0
12130,85,0
12131,83,0
12132,94,0
12133,88,0
12134,93,0
12135,89,0
12136,93,0
12137,87,0
12138,87,0
12139,91,0
12140,88,0
12141,90,0
12142,83,0
12143,91,0
12144,89,0
12145,90,0
12146,89,0
12147,94,0
12148,82,0
12149,85,0
12150,92,0
12151,94,0
12152,91,0
12153,92,0
12154,91,0
12155,90,0
12156,88,0
12157,82,0
12158,95,0
12159,93,0
12160,88,0
12161,90,0
12162,87,0
12163,83,0
12164,100,0
12165,95,0
12166,80,0
12167,89,0
12168,86,0
12169,84,0
12170,85,0
12171,90,0
12172,89,0
12173,94,0
12174,82,0
12175,84,0
12176,89,0
12177,96,0
12178,94,0
12179,89,0
12180,90,0
12181,85,0
12182,87,0
12183,84,0
12184,88,0
12185,79,0
12186,92,0
12187,82,0
12188,88,0
12189,79,0
12190,84,0
12191,84,0
12192,93,0
12193,96,0
12194,80,0
12195,90,0
12196,89,0
12197,98,0
12198,81,0
12199,79,0
12200,85,0
12201,90,0
12202,86,0
12203,88,0
12204,94,0
12205,80,0
12206,84,0
12207,90,0
12208,89,0
12209,90,0
12210,91,0
12211,86,0
12212,101,0
12213,92,0
12214,93,0
12215,78,0
12216,79,0
12217,89,0
12218,91,0
12219,84,0
12220,88,0
12221,92,0
12222,87,0
12223,90,0
12224,83,0
12225,90,0
12226,94,0
12227,78,0
12228,89,0
12229,83,0
12230,83,0
12231,81,0
12232,91,0
12233,83,0
12234,96,0
12235,90,0
12236,84,0
12237,85,0
12238,89,0
12239,88,0
12240,86,0
12241,81,0
12242,92,0
12243,85,0
12244,83,0
12245,90,0
12246,79,0
12247,84,0
12248,84,0
12249,84,0
12250,89,0
12251,87,0
12252,92,0
12253,88,0
12254,89,0
12255,93,0
12256,95,0
12257,86,0
12258,87,0
12259,81,0
12260,83,0
12261,85,0
12262,89,0
12263,98,0
12264,93,0
12265,93,0
12266,83,0
12267,85,0
12268,86,0
12269,78,0
12270,86,0
12271,82,0
12272,92,0
12273,88,0
12274,85,0
12275,84,0
12276,91,0
12277,83,0
12278,86,0
12279,93,0
12280,87,0
12281,80,0
12282,103,0
12283,94,0
12284,88,0
12285,90,0
12286,85,0
12287,92,0
12288,82,0
12289,81,0
12290,91,0
12291,81,0
12292,97,0
12293,87,0
12294,88,0
12295,82,0
12296,93,0
12297,99,0
12298,89,0
12299,86,0
12300,88,0
12301,88,0
12302,84,0
12303,84,0
12304,78,0
12305,94,0
12306,87,0
12307,83,0
12308,94,0
12309,91,0
12310,89,0
12311,79,0
12312,90,0
12313,82,0
12314,88,0
12315,92,0
12316,81,0
12317,84,0
12318,89,0
12319,81,0
12320,86,0
12321,81,0
12322,92,0
12323,92,0
12324,84,0
12325,87,0
12326,83,0
12327,83,0
12328,84,0
12329,95,0
12330,90,0
12331,90,0
12332,90,0
12333,90,0
12334,92,0
12335,83,0
12336,84,0
12337,89,0
12338,87,0
12339,87,0
12340,85,0
12341,89,0
12342,88,0
12343,93,0
12344,87,0
12345,92,0
12346,83,0
12347,77,0
12348,89,0
12349,101,0
12350,89,0
12351,88,0
12352,94,0
12353,87,0
12354,91,0
12355,91,0
12356,85,0
12357,94,0
12358,90,0
12359,93,0
12360,87,0
12361,87,0
12362,88,0
12363,88,0
12364,82,0
12365,76,0
12366,91,0
12367,87,0
12368,89,0
12369,91,0
12370,93,0
12371,87,0
12372,91,0
12373,87,0
12374,96,0
12375,84,0
12376,89,0
12377,94,0
12378,86,0
12379,88,0
12380,86,0
12381,87,0
12382,85,0
12383,85,0
12384,89,0
12385,89,0
12386,90,0
12387,88,0
12388,84,0
12389,94,0
12390,82,0
12391,88,0
12392,93,0
12393,87,0
12394,82,0
12395,86,0
12396,90,0
12397,91,0
12398,82,0
12399,86,0
12400,93,0
12401,84,0
12402,94,0
12403,82,0
12404,95,0
12405,88,0
12406,82,0
12407,84,0
12408,92,0
12409,95,0
12410,82,0
12411,83,0
12412,93,0
12413,88,0
12414,89,0
12415,81,0
12416,89,0
12417,98,0
12418,84,0
12419,77,0
12420,93,0
12421,92,0
12422,90,0
12423,93,0
12424,88,0
12425,96,0
12426,78,0
12427,87,0
12428,85,0
12429,90,0
12430,76,0
12431,90,0
12432,91,0
12433,94,0
12434,91,0
12435,88,0
12436,83,0
12437,74,0
12438,81,0
12439,86,0
12440,99,0
12441,88,0
12442,86,0
12443,91,0
12444,93,0
12445,82,0
12446,86,0
12447,81,0
12448,81,0
12449,87,0
12450,79,0
12451,78,0
12452,88,0
12453,91,0
12454,98,0
12455,83,0
12456,90,0
12457,91,0
12458,87,0
12459,95,0
12460,90,0
12461,89,0
12462,83,0
12463,79,0
12464,90,0
12465,83,0
12466,81,0
12467,88,0
12468,102,0
12469,84,0
12470,91,0
12471,95,0
12472,89,0
12473,86,0
12474,82,0
12475,88,0
12476,79,0
12477,92,0
12478,87,0
12479,91,0
12480,84,0
12481,95,0
12482,89,0
12483,84,0
12484,89,0
12485,96,0
12486,101,0
12487,86,0
12488,85,0
12489,87,0
12490,93,0
12491,82,0
12492,86,0
12493,75,0
12494,78,0
12495,84,0
12496,84,0
12497,93,0
12498,88,0
12499,82,0
12500,94,0
12501,97,0
12502,86,0
12503,84,0
12504,86,0
12505,96,0
12506,85,0
12507,93,0
12508,93,0
12509,91,0
12510,86,0
12511,80,0
12512,92,0
12513,93,0
12514,88,0
12515,88,0
12516,81,0
12517,87,0
12518,95,0
12519,83,0
12520,81,0
12521,90,0
12522,95,0
12523,77,0
12524,80,0
12525,90,0
12526,89,0
12527,81,0
12528,83,0
12529,87,0
12530,89,0
12531,88,0
12532,82,0
12533,84,0
12534,96,0
12535,90,0
12536,89,0
12537,92,0
12538,82,0
12539,93,0
12540,91,0
12541,94,0
12542,80,0
12543,95,0
12544,97,0
12545,87,0
12546,91,0
12547,88,0
12548,94,0
12549,83,0
12550,96,0
12551,84,0
12552,88,0
12553,90,0
12554,79,0
12555,77,0
12556,90,0
12557,85,0
12558,91,0
12559,88,0
12560,89,0
12561,90,0
12562,93,0
12563,93,0
12564,80,0
12565,83,0
12566,81,0
12567,81,0
12568,73,0
12569,85,0
12570,84,0
12571,83,0
12572,90,0
12573,85,0
12574,87,0
12575,87,0
12576,96,0
12577,94,0
12578,84,0
12579,86,0
12580,97,0
12581,89,0
12582,85,0
12583,92,0
12584,85,0
12585,78,0
12586,83,0
12587,93,0
12588,92,0
12589,89,0
12590,86,0
12591,81,0
12592,89,0
12593,92,0
12594,83,0
12595,82,0
12596,90,0
12597,87,0
12598,84,0
12599,79,0
12600,84,0
12601,90,0
12602,79,0
12603,96,0
12604,90,0
12605,92,0
12606,98,0
12607,95,0
12608,84,0
12609,90,0
12610,93,0
12611,82,0
12612,83,0
12613,92,0
12614,89,0
12615,93,0
12616,86,0
12617,80,0
12618,95,0
12619,85,0
12620,86,0
12621,91,0
12622,82,0
12623,94,0
12624,79,0
12625,91,0
12626,91,0
12627,90,0
12628,93,0
12629,91,0
12630,87,0
12631,95,0
12632,91,0
12633,90,0
12634,88,0
12635,84,0
12636,91,0
12637,89,0
12638,88,0
12639,83,0
12640,91,0
12641,77,0
12642,93,0
12643,89,0
12644,95,0
12645,82,0
12646,84,0
12647,86,0
12648,85,0
12649,89,0
12650,91,0
12651,94,0
12652,84,0
12653,86,0
12654,89,0
12655,84,0
12656,87,0
12657,84,0
12658,88,0
12659,92,0
12660,85,0
12661,84,0
12662,83,0
12663,81,0
12664,87,0
12665,83,0
12666,86,0
12667,87,0
12668,81,0
12669,87,0
12670,87,0
12671,82,0
12672,95,0
12673,85,0
12674,88,0
12675,92,0
12676,88,0
12677,91,0
12678,69,0
12679,88,0
12680,85,0
12681,83,0
12682,91,0
12683,86,0
12684,88,0
12685,78,0
12686,88,0
12687,86,0
12688,103,0
12689,90,0
12690,95,0
12691,90,0
12692,90,0
12693,83,0
12694,84,0
12695,91,0
12696,77,0
12697,85,0
12698,90,0
12699,88,0
12700,92,0
12701,86,0
12702,91,0
12703,86,0
12704,82,0
12705,77,0
12706,86,0
12707,84,0
12708,88,0
12709,87,0
12710,85,0
12711,86,0
12712,82,0
12713,88,0
12714,89,0
12715,96,0
12716,83,0
12717,80,0
12718,84,0
12719,90,0
12720,83,0
12721,88,0
12722,82,0
12723,79,0
12724,89,0
12725,83,0
12726,83,0
12727,87,0
12728,84,0
12729,93,0
12730,84,0
12731,85,0
12732,85,0
12733,88,0
12734,90,0
12735,83,0
12736,88,0
12737,87,0
12738,80,0
12739,86,0
12740,91,0
12741,84,0
12742,84,0
12743,90,0
12744,85,0
12745,95,0
12746,88,0
12747,81,0
12748,91,0
12749,85,0
12750,95,0
12751,88,0
12752,86,0
12753,84,0
12754,77,0
12755,86,0
12756,87,0
12757,87,0
12758,82,0
12759,86,0
12760,77,0
12761,86,0
12762,92,0
12763,94,0
12764,82,0
12765,87,0
12766,90,0
12767,77,0
12768,94,0
12769,87,0
12770,91,0
12771,86,0
12772,85,0
12773,87,0
12774,88,0
12775,84,0
12776,94,0
12777,95,0
12778,79,0
12779,91,0
12780,88,0
12781,84,0
12782,87,0
12783,88,0
12784,90,0
12785,93,0
12786,88,0
12787,83,0
12788,92,0
12789,84,0
12790,91,0
12791,90,0
12792,96,0
12793,94,0
12794,85,0
12795,87,0
12796,83,0
12797,97,0
12798,79,0
12799,87,0
12800,76,0
12801,81,0
12802,93,0
12803,90,0
12804,85,0
12805,95,0
12806,86,0
12807,81,0
12808,94,0
12809,82,0
12810,84,0
12811,94,0
12812,81,0
12813,82,0
12814,81,0
12815,86,0
12816,96,0
12817,89,0
12818,94,0
12819,86,0
12820,88,0
12821,88,0
12822,84,0
12823,84,0
12824,88,0
12825,100,0
12826,79,0
12827,95,0
12828,82,0
12829,82,0
12830,81,0
12831,78,0
12832,86,0
12833,84,0
12834,91,0
12835,91,0
12836,85,0
12837,91,0
12838,85,0
12839,83,0
12840,86,0
12841,77,0
12842,80,0
12843,87,0
12844,87,0
12845,79,0
12846,97,0
12847,82,0
12848,88,0
12849,84,0
12850,76,0
12851,90,0
12852,83,0
12853,87,0
12854,86,0
12855,88,0
12856,78,0
12857,90,0
12858,90,0
12859,91,0
12860,90,0
12861,85,0
12862,91,0
12863,94,0
12864,93,0
12865,88,0
12866,83,0
12867,79,0
12868,87,0
12869,91,0
12870,100,0
12871,86,0
12872,86,0
12873,86,0
12874,84,0
12875,95,0
12876,94,0
12877,91,0
12878,79,0
12879,90,0
12880,91,0
12881,79,0
12882,83,0
12883,84,0
12884,75,0
12885,78,0
12886,93,0
12887,79,0
12888,89,0
12889,82,0
12890,87,0
12891,85,0
12892,82,0
12893,78,0
12894,89,0
12895,80,0
12896,86,0
12897,93,0
12898,94,0
12899,91,0
12900,86,0
12901,90,0
12902,90,0
12903,85,0
12904,91,0
12905,81,0
12906,76,0
12907,95,0
12908,94,0
12909,98,0
12910,90,0
12911,86,0
12912,87,0
12913,93,0
12914,80,0
12915,83,0
12916,92,0
12917,92,0
12918,81,0
12919,85,0
12920,91,0
12921,90,0
12922,90,0
12923,83,0
12924,89,0
12925,87,0
12926,84,0
12927,93,0
12928,85,0
12929,81,0
12930,99,0
12931,83,0
12932,86,0
12933,89,0
12934,85,0
12935,95,0
12936,93,0
12937,85,0
12938,86,0
12939,87,0
12940,86,0
12941,89,0
12942,89,0
12943,85,0
12944,83,0
12945,85,0
12946,98,0
12947,95,0
12948,87,0
12949,81,0
12950,91,0
12951,90,0
12952,93,0
12953,89,0
12954,85,0
12955,90,0
12956,92,0
12957,87,0
12958,94,0
12959,90,0
12960,100,0
12961,95,0
12962,86,0
12963,88,0
12964,88,0
12965,91,0
12966,94,0
12967,88,0
12968,91,0
12969,94,0
12970,79,0
12971,87,0
12972,77,0
12973,84,0
12974,86,0
12975,84,0
12976,94,0
12977,91,0
12978,89,0
12979,92,0
12980,86,0
12981,87,0
12982,89,0
12983,83,0
12984,89,0
12985,87,0
12986,88,0
12987,90,0
12988,84,0
12989,82,0
12990,90,0
12991,93,0
12992,90,0
12993,87,0
12994,85,0
12995,80,0
12996,86,0
12997,87,0
12998,84,0
12999,94,0
13000,83,0
13001,86,0
13002,88,0
13003,83,0
13004,81,0
13005,84,0
13006,83,0
13007,80,0
13008,100,0
13009,81,0
13010,96,0
13011,93,0
13012,87,0
13013,94,0
13014,88,0
13015,86,0
13016,85,0
13017,87,0
13018,84,0
13019,87,0
13020,81,0
13021,91,0
13022,90,0
13023,80,0
13024,92,0
13025,91,0
13026,83,0
13027,90,0
13028,93,0
13029,82,0
13030,86,0
13031,97,0
13032,86,0
13033,78,0
13034,88,0
13035,76,0
13036,87,0
13037,81,0
13038,90,0
13039,87,0
13040,90,0
13041,77,0
13042,86,0
13043,87,0
13044,91,0
13045,87,0
13046,87,0
13047,84,0
13048,86,0
13049,84,0
13050,86,0
13051,92,0
13052,90,0
13053,91,0
13054,96,0
13055,90,0
13056,86,0
13057,90,0
13058,85,0
13059,79,0
13060,87,0
13061,94,0
13062,88,0
13063,79,0
13064,91,0
13065,90,0
13066,80,0
13067,77,0
13068,93,0
13069,82,0
13070,89,0
13071,85,0
13072,78,0
13073,86,0
13074,80,0
13075,90,0
13076,93,0
13077,83,0
13078,82,0
13079,81,0
13080,89,0
13081,86,0
13082,90,0
13083,88,0
13084,90,0
13085,87,0
13086,86,0
13087,88,0
13088,79,0
13089,94,0
13090,88,0
13091,86,0
13092,83,0
13093,87,0
13094,82,0
13095,81,0
13096,91,0
13097,86,0
13098,84,0
13099,87,0
13100,87,0
13101,94,0
13102,84,0
13103,83,0
13104,95,0
13105,86,0
13106,95,0
13107,85,0
13108,84,0
13109,85,0
13110,85,0
13111,80,0
13112,85,0
13113,88,0
13114,86,0
13115,93,0
13116,88,0
13117,87,0
13118,83,0
13119,82,0
13120,82,0
13121,84,0
13122,93,0
13123,84,0
13124,81,0
13125,84,0
13126,95,0
13127,90,0
13128,79,0
13129,82,0
13130,83,0
13131,79,0
13132,85,0
13133,90,0
13134,94,0
13135,88,0
13136,83,0
13137,88,0
13138,80,0
13139,86,0
13140,81,0
13141,84,0
13142,90,0
13143,81,0
13144,83,0
13145,85,0
13146,86,0
13147,93,0
13148,92,0
13149,84,0
13150,94,0
13151,94,0
13152,92,0
13153,94,0
13154,87,0
13155,91,0
13156,99,0
13157,88,0
13158,81,0
13159,90,0
13160,88,0
13161,93,0
13162,84,0
13163,92,0
13164,88,0
13165,89,0
13166,77,0
13167,96,0
13168,86,0
13169,82,0
13170,84,0
13171,99,0
13172,85,0
13173,80,0
13174,96,0
13175,92,0
13176,86,0
13177,92,0
13178,95,0
13179,87,0
13180,90,0
13181,91,0
13182,83,0
13183,86,0
13184,95,0
13185,92,0
13186,81,0
13187,83,0
13188,91,0
13189,97,0
13190,83,0
13191,83,0
13192,83,0
13193,85,0
13194,88,0
13195,88,0
13196,96,0
13197,90,0
13198,84,0
13199,85,0
13200,84,0
13201,85,0
13202,96,0
13203,84,0
13204,83,0
13205,86,0
13206,81,0
13207,90,0
13208,78,0
13209,78,0
13210,84,0
13211,94,0
13212,81,0
13213,89,0
13214,85,0
13215,82,0
13216,83,0
13217,84,0
13218,90,0
13219,90,0
13220,87,0
13221,84,0
13222,84,0
13223,80,0
13224,88,0
13225,89,0
13226,88,0
13227,89,0
13228,80,0
13229,95,0
13230,86,0
13231,86,0
13232,87,0
13233,99,0
13234,82,0
13235,89,0
13236,92,0
13237,86,0
13238,86,0
13239,81,0
13240,87,0
13241,91,0
13242,92,0
13243,81,0
13244,85,0
13245,84,0
13246,99,0
13247,93,0
13248,85,0
13249,86,0
13250,87,0
13251,93,0
13252,85,0
13253,82,0
13254,87,0
13255,89,0
13256,86,0
13257,85,0
13258,91,0
13259,85,0
13260,87,0
13261,91,0
13262,86,0
13263,91,0
13264,79,0
13265,82,0
13266,95,0
13267,79,0
13268,85,0
13269,88,0
13270,90,0
13271,93,0
13272,91,0
13273,97,0
13274,83,0
13275,89,0
13276,84,0
13277,82,0
13278,95,0
13279,85,0
13280,87,0
13281,86,0
13282,85,0
13283,94,0
13284,97,0
13285,88,0
13286,88,0
13287,91,0
13288,83,0
13289,87,0
13290,86,0
13291,92,0
13292,86,0
13293,91,0
13294,84,0
13295,91,0
13296,77,0
13297,80,0
13298,83,0
13299,86,0
13300,93,0
13301,95,0
13302,89,0
13303,87,0
13304,92,0
13305,91,0
13306,93,0
13307,86,0
13308,85,0
13309,81,0
13310,88,0
13311,91,0
13312,82,0
13313,90,0
13314,93,0
13315,86,0
13316,87,0
13317,85,0
13318,89,0
13319,90,0
13320,84,0
13321,90,0
13322,90,0
13323,80,0
13324,87,0
13325,83,0
13326,83,0
13327,87,0
13328,85,0
13329,74,0
13330,90,0
13331,82,0
13332,84,0
13333,93,0
13334,90,0
13335,93,0
13336,82,0
13337,82,0
13338,98,0
13339,89,0
13340,84,0
13341,90,0
13342,92,0
13343,81,0
13344,88,0
13345,88,0
13346,87,0
13347,86,0
13348,98,0
13349,93,0
13350,83,0
13351,85,0
13352,88,0
13353,86,0
13354,90,0
13355,85,0
13356,79,0
13357,86,0
13358,88,0
13359,89,0
13360,86,0
13361,95,0
13362,79,0
13363,82,0
13364,88,0
13365,89,0
13366,91,0
13367,86,0
13368,86,0
13369,89,0
13370,90,0
13371,91,0
13372,88,0
13373,85,0
13374,80,0
13375,84,0
13376,85,0
13377,85,0
13378,80,0
13379,81,0
13380,81,0
13381,80,0
13382,81,0
13383,89,0
13384,93,0
13385,85,0
13386,89,0
13387,98,0
13388,89,0
13389,85,0
13390,88,0
13391,98,0
13392,90,0
13393,91,0
13394,90,0
13395,73,0
13396,88,0
13397,77,0
13398,88,0
13399,83,0
13400,93,0
13401,80,0
13402,95,0
13403,86,0
13404,86,0
13405,87,0
13406,88,0
13407,91,0
13408,92,0
13409,81,0
13410,90,0
13411,89,0
13412,89,0
13413,85,0
13414,86,0
13415,93,0
13416,89,0
13417,87,0
13418,81,0
13419,86,0
13420,87,0
13421,91,0
13422,83,0
13423,94,0
13424,91,0
13425,97,0
13426,79,0
13427,95,0
13428,87,0
13429,85,0
13430,93,0
13431,92,0
13432,87,0
13433,86,0
13434,87,0
13435,81,0
13436,84,0
13437,87,0
13438,87,0
13439,83,0
13440,88,0
13441,89,0
13442,88,0
13443,86,0
13444,89,0
13445,90,0
13446,90,0
13447,84,0
13448,85,0
13449,81,0
13450,92,0
13451,82,0
13452,84,0
13453,85,0
13454,84,0
13455,90,0
13456,75,0
13457,84,0
13458,91,0
13459,88,0
13460,84,0
13461,87,0
13462,91,0
13463,91,0
13464,88,0
13465,80,0
13466,90,0
13467,81,0
13468,86,0
13469,89,0
13470,93,0
13471,89,0
13472,81,0
13473,83,0
13474,89,0
13475,85,0
13476,79,0
13477,87,0
13478,93,0
13479,89,0
13480,87,0
13481,80,0
13482,90,0
13483,80,0
13484,97,0
13485,90,0
13486,89,0
13487,79,0
13488,78,0
13489,88,0
13490,86,0
13491,85,0
13492,87,0
13493,75,0
13494,86,0
13495,82,0
13496,81,0
13497,87,0
13498,83,0
13499,83,0
13500,79,0
13501,81,0
13502,89,0
13503,87,0
13504,92,0
13505,85,0
13506,89,0
13507,91,0
13508,91,0
13509,88,0
13510,89,0
13511,88,0
13512,82,0
13513,96,0
13514,78,0
13515,79,0
13516,95,0
13517,87,0
13518,90,0
13519,89,0
13520,91,0
13521,88,0
13522,88,0
13523,84,0
13524,86,0
13525,88,0
13526,87,0
13527,90,0
13528,89,0
13529,81,0
13530,93,0
13531,92,0
13532,88,0
13533,96,0
13534,87,0
13535,85,0
13536,89,0
13537,87,0
13538,82,0
13539,96,0
13540,83,0
13541,81,0
13542,91,0
13543,80,0
13544,87,0
13545,92,0
13546,91,0
13547,82,0
13548,83,0
13549,93,0
13550,85,0
13551,84,0
13552,91,0
13553,88,0
13554,94,0
13555,96,0
13556,82,0
13557,83,0
13558,80,0
13559,87,0
13560,82,0
13561,95,0
13562,85,0
13563,92,0
13564,90,0
13565,84,0
13566,92,0
13567,90,0
13568,89,0
13569,75,0
13570,90,0
13571,83,0
13572,79,0
13573,79,0
13574,80,0
13575,86,0
13576,94,0
13577,86,0
13578,86,0
13579,82,0
13580,83,0
13581,82,0
13582,91,0
13583,83,0
13584,81,0
13585,88,0
13586,95,0
13587,93,0
13588,86,0
13589,83,0
13590,96,0
13591,92,0
13592,75,0
13593,81,0
13594,95,0
13595,88,0
13596,91,0
13597,82,0
13598,83,0
13599,92,0
13600,87,0
13601,85,0
13602,91,0
13603,81,0
13604,89,0
13605,85,0
13606,84,0
13607,88,0
13608,77,0
13609,84,0
13610,93,0
13611,98,0
13612,76,0
13613,80,0
13614,89,0
13615,83,0
13616,92,0
13617,90,0
13618,76,0
13619,97,0
13620,97,0
13621,96,0
13622,81,0
13623,86,0
13624,82,0
13625,89,0
13626,86,0
13627,85,0
13628,84,0
13629,79,0
13630,87,0
13631,93,0
13632,87,0
13633,85,0
13634,89,0
13635,87,0
13636,85,0
13637,86,0
13638,83,0
13639,88,0
13640,92,0
13641,84,0
13642,85,0
13643,89,0
13644,92,0
13645,92,0
13646,83,0
13647,78,0
13648,92,0
13649,92,0
13650,83,0
13651,79,0
13652,83,0
13653,88,0
13654,92,0
13655,85,0
13656,91,0
13657,91,0
13658,82,0
13659,86,0
13660,82,0
13661,92,0
13662,90,0
13663,98,0
13664,76,0
13665,85,0
13666,93,0
13667,79,0
13668,81,0
13669,90,0
13670,89,0
13671,81,0
13672,80,0
13673,83,0
13674,89,0
13675,82,0
13676,86,0
13677,90,0
13678,87,0
13679,80,0
13680,95,0
13681,84,0
13682,88,0
13683,79,0
13684,89,0
13685,84,0
13686,79,0
13687,91,0
13688,94,0
13689,88,0
13690,83,0
13691,73,0
13692,81,0
13693,97,0
13694,93,0
13695,88,0
13696,78,0
13697,86,0
13698,83,0
13699,95,0
13700,90,0
13701,94,0
13702,93,0
13703,85,0
13704,77,0
13705,82,0
13706,88,0
13707,84,0
13708,88,0
13709,78,0
13710,86,0
13711,89,0
13712,81,0
13713,87,0
13714,94,0
13715,85,0
13716,89,0
13717,86,0
13718,88,0
13719,88,0
13720,89,0
13721,79,0
13722,96,0
13723,86,0
13724,98,0
13725,82,0
13726,93,0
13727,90,0
13728,90,0
13729,90,0
13730,91,0
13731,90,0
13732,85,0
13733,86,0
13734,86,0
13735,92,0
13736,90,0
13737,88,0
13738,89,0
13739,76,0
13740,91,0
13741,90,0
13742,95,0
13743,86,0
13744,94,0
13745,88,0
13746,90,0
13747,96,0
13748,85,0
13749,79,0
13750,83,0
13751,92,0
13752,91,0
13753,86,0
13754,84,0
13755,84,0
13756,79,0
13757,92,0
13758,86,0
13759,96,0
13760,86,0
13761,86,0
13762,94,0
13763,80,0
13764,86,0
13765,90,0
13766,87,0
13767,91,0
13768,87,0
13769,94,0
13770,85,0
13771,81,0
13772,92,0
13773,91,0
13774,96,0
13775,82,0
13776,86,0
13777,73,0
13778,80,0
13779,79,0
13780,88,0
13781,88,0
13782,89,0
13783,85,0
13784,93,0
13785,93,0
13786,93,0
13787,80,0
13788,89,0
13789,80,0
13790,85,0
13791,78,0
13792,79,0
13793,87,0
13794,89,0
13795,88,0
13796,96,0
13797,94,0
13798,85,0
13799,83,0
13800,91,0
13801,94,0
13802,89,0
13803,88,0
13804,90,0
13805,87,0
13806,84,0
13807,87,0
13808,92,0
13809,90,0
13810,87,0
13811,87,0
13812,93,0
13813,88,0
13814,88,0
13815,87,0
13816,86,0
13817,92,0
13818,94,0
13819,79,0
13820,96,0
13821,89,0
13822,82,0
13823,89,0
13824,78,0
13825,96,0
13826,84,0
13827,90,0
13828,85,0
13829,85,0
13830,79,0
13831,87,0
13832,93,0
13833,97,0
13834,90,0
13835,82,0
13836,84,0
13837,89,0
13838,95,0
13839,89,0
13840,98,0
13841,90,0
13842,95,0
13843,96,0
13844,81,0
13845,80,0
13846,85,0
13847,84,0
13848,94,0
13849,97,0
13850,95,0
13851,82,0
13852,86,0
13853,85,0
13854,86,0
13855,81,0
13856,84,0
13857,86,0
13858,95,0
13859,84,0
13860,79,0
13861,81,0
13862,82,0
13863,90,0
13864,86,0
13865,80,0
13866,90,0
13867,85,0
13868,92,0
13869,84,0
13870,81,0
13871,88,0
13872,93,0
13873,87,0
13874,81,0
13875,88,0
13876,86,0
13877,97,0
13878,87,0
13879,88,0
13880,86,0
13881,89,0
13882,83,0
13883,85,0
13884,84,0
13885,84,0
13886,87,0
13887,91,0
13888,88,0
13889,93,0
13890,84,0
13891,88,0
13892,82,0
13893,95,0
13894,96,0
13895,86,0
13896,90,0
13897,80,0
13898,81,0
13899,83,0
13900,74,0
13901,85,0
13902,83,0
13903,94,0
13904,93,0
13905,86,0
13906,82,0
13907,93,0
13908,83,0
13909,85,0
13910,81,0
13911,82,0
13912,84,0
13913,91,0
13914,92,0
13915,93,0
13916,82,0
13917,84,0
13918,76,0
13919,83,0
13920,91,0
13921,82,0
13922,86,0
13923,96,0
13924,89,0
13925,82,0
13926,85,0
13927,91,0
13928,84,0
13929,77,0
13930,92,0
13931,83,0
13932,87,0
13933,87,0
13934,91,0
13935,79,0
13936,85,0
13937,90,0
13938,91,0
13939,91,0
13940,82,0
13941,88,0
13942,89,0
13943,77,0
13944,85,0
13945,89,0
13946,82,0
13947,85,0
13948,85,0
13949,85,0
13950,95,0
13951,83,0
13952,91,0
13953,82,0
13954,81,0
13955,82,0
13956,90,0
13957,83,0
13958,83,0
13959,87,0
13960,88,0
13961,82,0
13962,93,0
13963,90,0
13964,84,0
13965,77,0
13966,91,0
13967,96,0
13968,85,0
13969,89,0
13970,85,0
13971,85,0
13972,77,0
13973,92,0
13974,87,0
13975,92,0
13976,87,0
13977,85,0
13978,88,0
13979,91,0
13980,83,0
13981,98,0
13982,89,0
13983,83,0
13984,83,0
13985,89,0
13986,83,0
13987,91,0
13988,88,0
13989,91,0
13990,89,0
13991,84,0
13992,84,0
13993,92,0
13994,81,0
13995,89,0
13996,82,0
13997,86,0
13998,94,0
13999,77,0
14000,90,0
14001,93,0
14002,82,0
14003,88,0
14004,88,0
14005,81,0
14006,85,0
14007,95,0
14008,96,0
14009,82,0
14010,86,0
14011,83,0
14012,89,0
14013,82,0
14014,86,0
14015,88,0
14016,82,0
14017,81,0
14018,79,0
14019,78,0
14020,83,0
14021,89,0
14022,89,0
14023,82,0
14024,82,0
14025,83,0
14026,93,0
14027,88,0
14028,86,0
14029,79,0
14030,85,0
14031,83,0
14032,87,0
14033,93,0
14034,90,0
14035,88,0
14036,91,0
14037,87,0
14038,90,0
14039,79,0
14040,80,0
14041,86,0
14042,88,0
14043,91,0
14044,90,0
14045,80,0
14046,85,0
14047,81,0
14048,91,0
14049,84,0
14050,88,0
14051,87,0
14052,92,0
14053,82,0
14054,98,0
14055,82,0
14056,82,0
14057,79,0
14058,76,0
14059,84,0
14060,92,0
14061,88,0
14062,83,0
14063,86,0
14064,85,0
14065,85,0
14066,88,0
14067,86,0
14068,89,0
14069,85,0
14070,79,0
14071,87,0
14072,96,0
14073,87,0
14074,94,0
14075,83,0
14076,83,0
14077,100,0
14078,81,0
14079,91,0
14080,81,0
14081,91,0
14082,95,0
14083,92,0
14084,81,0
14085,78,0
14086,87,0
14087,87,0
14088,89,0
14089,81,0
14090,85,0
14091,87,0
14092,83,0
14093,88,0
14094,88,0
14095,84,0
14096,90,0
14097,89,0
14098,86,0
14099,81,0
14100,80,0
14101,88,0
14102,90,0
14103,86,0
14104,85,0
14105,84,0
14106,94,0
14107,87,0
14108,80,0
14109,90,0
14110,87,0
14111,82,0
14112,81,0
14113,87,0
14114,81,0
14115,88,0
14116,84,0
14117,81,0
14118,84,0
14119,87,0
14120,77,0
14121,95,0
14122,87,0
14123,91,0
14124,86,0
14125,83,0
14126,85,0
14127,93,0
14128,83,0
14129,85,0
14130,95,0
14131,92,0
14132,86,0
14133,80,0
14134,78,0
14135,84,0
14136,86,0
14137,83,0
14138,82,0
14139,81,0
14140,91,0
14141,94,0
14142,81,0
14143,72,0
14144,85,0
14145,86,0
14146,89,0
14147,81,0
14148,83,0
14149,100,0
14150,84,0
14151,85,0
14152,79,0
14153,83,0
14154,84,0
14155,88,0
14156,81,0
14157,86,0
14158,89,0
14159,89,0
14160,86,0
14161,89,0
14162,89,0
14163,91,0
14164,86,0
14165,86,0
14166,86,0
14167,85,0
14168,79,0
14169,84,0
14170,81,0
14171,84,0
14172,89,0
14173,90,0
14174,83,0
14175,77,0
14176,93,0
14177,86,0
14178,92,0
14179,97,0
14180,93,0
14181,90,0
14182,87,0
14183,86,0
14184,100,0
14185,92,0
14186,93,0
14187,96,0
14188,87,0
14189,89,0
14190,89,0
14191,94,0
14192,79,0
14193,83,0
14194,88,0
14195,80,0
14196,83,0
14197,91,0
14198,87,0
14199,89,0
14200,84,0
14201,80,0
14202,84,0
14203,95,0
14204,93,0
14205,87,0
14206,90,0
14207,89,0
14208,86,0
14209,81,0
14210,83,0
14211,88,0
14212,89,0
14213,96,0
14214,87,0
14215,95,0
14216,91,0
14217,79,0
14218,79,0
14219,92,0
14220,93,0
14221,94,0
14222,81,0
14223,76,0
14224,92,0
14225,81,0
14226,86,0
14227,81,0
14228,92,0
14229,78,0
14230,87,0
14231,83,0
14232,91,0
14233,94,0
14234,83,0
14235,77,0
14236,85,0
14237,88,0
14238,82,0
14239,95,0
14240,80,0
14241,90,0
14242,87,0
14243,94,0
14244,82,0
14245,81,0
14246,86,0
14247,82,0
14248,95,0
14249,93,0
14250,85,0
14251,90,0
14252,89,0
14253,85,0
14254,84,0
14255,89,0
14256,94,0
14257,89,0
14258,91,0
14259,92,0
14260,86,0
14261,91,0
14262,88,0
14263,92,0
14264,97,0
14265,90,0
14266,86,0
14267,89,0
14268,95,0
14269,84,0
14270,85,0
14271,87,0
14272,82,0
14273,85,0
14274,83,0
14275,90,0
14276,74,0
14277,88,0
14278,92,0
14279,83,0
14280,89,0
14281,79,0
14282,84,0
14283,79,0
14284,75,0
14285,86,0
14286,84,0
14287,88,0
14288,85,0
14289,90,0
14290,90,0
14291,82,0
14292,81,0
14293,83,0
14294,79,0
14295,83,0
14296,87,0
14297,93,0
14298,83,0
14299,80,0
14300,90,0
14301,81,0
14302,89,0
14303,95,0
14304,83,0
14305,89,0
14306,82,0
14307,84,0
14308,84,0
14309,85,0
14310,93,0
14311,80,0
14312,85,0
14313,82,0
14314,91,0
14315,81,0
14316,88,0
14317,91,0
14318,86,0
14319,88,0
14320,90,0
14321,81,0
14322,88,0
14323,84,0
14324,80,0
14325,86,0
14326,85,0
14327,85,0
14328,88,0
14329,82,0
14330,89,0
14331,86,0
14332,93,0
14333,84,0
14334,83,0
14335,81,0
14336,92,0
14337,83,0
14338,92,0
14339,99,0
14340,88,0
14341,87,0
14342,89,0
14343,82,0
14344,90,0
14345,98,0
14346,87,0
14347,86,0
14348,88,0
14349,82,0
14350,82,0
14351,81,0
14352,84,0
14353,93,0
14354,93,0
14355,82,0
14356,85,0
14357,81,0
14358,95,0
14359,78,0
14360,94,0
14361,86,0
14362,92,0
14363,96,0
14364,90,0
14365,86,0
14366,83,0
14367,95,0
14368,85,0
14369,90,0
14370,88,0
14371,84,0
14372,92,0
14373,83,0
14374,84,0
14375,78,0
14376,86,0
14377,84,0
14378,86,0
14379,87,0
14380,85,0
14381,81,0
14382,86,0
14383,91,0
14384,90,0
14385,97,0
14386,82,0
14387,89,0
14388,93,0
14389,80,0
14390,85,0
14391,88,0
14392,80,0
14393,100,0
14394,79,0
14395,84,0
14396,89,0
14397,89,0
14398,81,0
14399,83,0
14400,89,0
14401,91,0
14402,87,0
14403,83,0
14404,87,0
14405,92,0
14406,84,0
14407,87,0
14408,86,0
14409,93,0
14410,86,0
14411,85,0
14412,90,0
14413,91,0
14414,87,0
14415,88,0
14416,87,0
14417,92,0
14418,84,0
14419,83,0
14420,84,0
14421,83,0
14422,85,0
14423,82,0
14424,83,0
14425,85,0
14426,96,0
14427,94,0
14428,80,0
14429,84,0
14430,85,0
14431,88,0
14432,86,0
14433,86,0
14434,81,0
14435,92,0
14436,87,0
14437,87,0
14438,85,0
14439,76,0
14440,90,0
14441,83,0
14442,81,0
14443,74,0
14444,95,0
14445,87,0
14446,79,0
14447,82,0
14448,93,0
14449,88,0
14450,95,0
14451,74,0
14452,90,0
14453,86,0
14454,93,0
14455,92,0
14456,98,0
14457,87,0
14458,90,0
14459,82,0
14460,74,0
14461,87,0
14462,90,0
14463,82,0
14464,87,0
14465,92,0
14466,86,0
14467,91,0
14468,90,0
14469,91,0
14470,91,0
14471,76,0
14472,83,0
14473,81,0
14474,84,0
14475,88,0
14476,99,0
14477,86,0
14478,85,0
14479,87,0
14480,83,0
14481,87,0
14482,89,0
14483,99,0
14484,86,0
14485,86,0
14486,89,0
14487,87,0
14488,92,0
14489,85,0
14490,84,0
14491,81,0
14492,89,0
14493,88,0
14494,89,0
14495,89,0
14496,88,0
14497,79,0
14498,87,0
14499,87,0
14500,94,0
14501,86,0
14502,85,0
14503,88,0
14504,82,0
14505,91,0
14506,81,0
14507,89,0
14508,86,0
14509,89,0
14510,78,0
14511,80,0
14512,89,0
14513,84,0
14514,97,0
14515,89,0
14516,84,0
14517,96,0
14518,84,0
14519,84,0
14520,86,0
14521,82,0
14522,87,0
14523,83,0
14524,81,0
14525,89,0
14526,94,0
14527,83,0
14528,83,0
14529,74,0
14530,90,0
14531,77,0
14532,78,0
14533,89,0
14534,88,0
14535,90,0
14536,90,0
14537,91,0
14538,91,0
14539,94,0
14540,90,0
14541,85,0
14542,79,0
14543,89,0
14544,77,0
14545,87,0
14546,88,0
14547,91,0
14548,89,0
14549,81,0
14550,88,0
14551,91,0
14552,89,0
14553,80,0
14554,84,0
14555,92,0
14556,92,0
14557,94,0
14558,92,0
14559,83,0
14560,93,0
14561,88,0
14562,88,0
14563,80,0
14564,95,0
14565,89,0
14566,88,0
14567,85,0
14568,82,0
14569,85,0
14570,86,0
14571,82,0
14572,86,0
14573,87,0
14574,80,0
14575,85,0
14576,88,0
14577,87,0
14578,86,0
14579,90,0
14580,84,0
14581,89,0
14582,76,0
14583,86,0
14584,86,0
14585,90,0
14586,87,0
14587,81,0
14588,78,0
14589,85,0
14590,97,0
14591,88,0
14592,94,0
14593,88,0
14594,93,0
14595,91,0
14596,80,0
14597,85,0
14598,89,0
14599,88,0
14600,89,0
14601,78,0
14602,77,0
14603,82,0
14604,88,0
14605,83,0
14606,90,0
14607,83,0
14608,82,0
14609,87,0
14610,87,0
14611,87,0
14612,82,0
14613,86,0
14614,89,0
14615,88,0
14616,85,0
14617,82,0
14618,89,0
14619,92,0
14620,84,0
14621,83,0
14622,84,0
14623,87,0
14624,78,0
14625,78,0
14626,87,0
14627,85,0
14628,81,0
14629,94,0
14630,72,0
14631,86,0
14632,86,0
14633,88,0
14634,79,0
14635,91,0
14636,82,0
14637,82,0
14638,92,0
14639,93,0
14640,85,0
14641,87,0
14642,82,0
14643,90,0
14644,88,0
14645,83,0
14646,89,0
14647,81,0
14648,92,0
14649,91,0
14650,85,0
14651,89,0
14652,89,0
14653,81,0
14654,85,0
14655,92,0
14656,84,0
14657,88,0
14658,83,0
14659,81,0
14660,83,0
14661,94,0
14662,84,0
14663,87,0
14664,89,0
14665,88,0
14666,81,0
14667,92,0
14668,76,0
14669,68,0
14670,90,0
14671,88,0
14672,87,0
14673,87,0
14674,80,0
14675,84,0
14676,85,0
14677,81,0
14678,85,0
14679,87,0
14680,81,0
14681,97,0
14682,87,0
14683,83,0
14684,89,0
14685,86,0
14686,95,0
14687,88,0
14688,87,0
14689,93,0
14690,83,0
14691,83,0
14692,84,0
14693,94,0
14694,89,0
14695,88,0
14696,83,0
14697,85,0
14698,86,0
14699,86,0
14700,79,0
14701,98,0
14702,88,0
14703,92,0
14704,90,0
14705,86,0
14706,86,0
14707,85,0
14708,94,0
14709,91,0
14710,86,0
14711,83,0
14712,87,0
14713,79,0
14714,90,0
14715,83,0
14716,76,0
14717,87,0
14718,86,0
14719,74,0
14720,83,0
14721,87,0
14722,93,0
14723,93,0
14724,76,0
14725,78,0
14726,92,0
14727,90,0
14728,79,0
14729,91,0
14730,92,0
14731,88,0
14732,88,0
14733,85,0
14734,89,0
14735,85,0
14736,80,0
14737,85,0
14738,78,0
14739,86,0
14740,83,0
14741,86,0
14742,86,0
14743,90,0
14744,84,0
14745,83,0
14746,82,0
14747,85,0
14748,87,0
14749,81,0
14750,84,0
14751,81,0
14752,85,0
14753,89,0
14754,87,0
14755,92,0
14756,86,0
14757,82,0
14758,95,0
14759,81,0
14760,86,0
14761,89,0
14762,85,0
14763,81,0
14764,80,0
14765,82,0
14766,89,0
14767,92,0
14768,87,0
14769,80,0
14770,85,0
14771,95,0
14772,81,0
14773,84,0
14774,89,0
14775,87,0
14776,85,0
14777,96,0
14778,89,0
14779,93,0
14780,87,0
14781,89,0
14782,91,0
14783,87,0
14784,81,0
14785,80,0
14786,82,0
14787,78,0
14788,88,0
14789,84,0
14790,87,0
14791,85,0
14792,82,0
14793,79,0
14794,88,0
14795,79,0
14796,90,0
14797,88,0
14798,81,0
14799,88,0
14800,83,0
14801,83,0
14802,82,0
14803,87,0
14804,89,0
14805,87,0
14806,89,0
14807,83,0
14808,83,0
14809,84,0
14810,84,0
14811,88,0
14812,86,0
14813,84,0
14814,77,0
14815,86,0
14816,89,0
14817,87,0
14818,81,0
14819,86,0
14820,77,0
14821,82,0
14822,90,0
14823,77,0
14824,80,0
14825,84,0
14826,87,0
14827,94,0
14828,91,0
14829,77,0
14830,90,0
14831,74,0
14832,77,0
14833,90,0
14834,80,0
14835,78,0
14836,84,0
14837,88,0
14838,90,0
14839,87,0
14840,97,0
14841,81,0
14842,87,0
14843,79,0
14844,89,0
14845,82,0
14846,89,0
14847,90,0
14848,83,0
14849,85,0
14850,83,0
14851,85,0
14852,85,0
14853,90,0
14854,84,0
14855,85,0
14856,83,0
14857,96,0
14858,91,0
14859,81,0
14860,85,0
14861,94,0
14862,92,0
14863,92,0
14864,87,0
14865,87,0
14866,90,0
14867,89,0
14868,86,0
14869,104,0
14870,89,0
14871,88,0
14872,86,0
14873,83,0
14874,84,0
14875,90,0
14876,83,0
14877,81,0
14878,80,0
14879,86,0
14880,86,0
14881,83,0
14882,80,0
14883,94,0
14884,90,0
14885,81,0
14886,82,0
14887,77,0
14888,88,0
14889,89,0
14890,84,0
14891,85,0
14892,84,0
14893,83,0
14894,85,0
14895,80,0
14896,88,0
14897,86,0
14898,85,0
14899,91,0
14900,89,0
14901,89,0
14902,88,0
14903,80,0
14904,84,0
14905,92,0
14906,79,0
14907,89,0
14908,84,0
14909,94,0
14910,93,0
14911,84,0
14912,83,0
14913,85,0
14914,92,0
14915,86,0
14916,93,0
14917,88,0
14918,91,0
14919,78,0
14920,89,0
14921,77,0
14922,83,0
14923,89,0
14924,83,0
14925,82,0
14926,77,0
14927,91,0
14928,89,0
14929,83,0
14930,91,0
14931,93,0
14932,79,0
14933,79,0
14934,82,0
14935,83,0
14936,84,0
14937,83,0
14938,79,0
14939,91,0
14940,88,0
14941,83,0
14942,87,0
14943,94,0
14944,86,0
14945,89,0
14946,87,0
14947,89,0
14948,82,0
14949,87,0
14950,84,0
14951,85,0
14952,82,0
14953,87,0
14954,80,0
14955,85,0
14956,89,0
14957,99,0
14958,94,0
14959,89,0
14960,83,0
14961,95,0
14962,91,0
14963,89,0
14964,79,0
14965,90,0
14966,80,0
14967,84,0
14968,90,0
14969,76,0
14970,84,0
14971,92,0
14972,84,0
14973,89,0
14974,86,0
14975,74,0
14976,85,0
14977,86,0
14978,87,0
14979,91,0
14980,77,0
14981,87,0
14982,84,0
14983,85,0
14984,82,0
14985,79,0
14986,82,0
14987,93,0
14988,89,0
14989,92,0
14990,89,0
14991,82,0
14992,82,0
14993,80,0
14994,89,0
14995,85,0
14996,82,0
14997,91,0
14998,94,0
14999,88,0
15000,77,0
15001,92,0
15002,81,0
15003,94,0
15004,89,0
15005,81,0
15006,92,0
15007,83,0
15008,86,0
15009,85,0
15010,85,0
15011,77,0
15012,92,0
15013,81,0
15014,91,0
15015,91,0
15016,87,0
15017,79,0
15018,77,0
15019,83,0
15020,78,0
15021,89,0
15022,80,0
15023,99,0
15024,80,0
15025,82,0
15026,92,0
15027,82,0
15028,90,0
15029,87,0
15030,83,0
15031,85,0
15032,89,0
15033,99,0
15034,99,0
15035,85,0
15036,91,0
15037,73,0
15038,88,0
15039,89,0
15040,80,0
15041,85,0
15042,85,0
15043,89,0
15044,82,0
15045,82,0
15046,88,0
15047,86,0
15048,90,0
15049,84,0
15050,84,0
15051,89,0
15052,91,0
15053,85,0
15054,80,0
15055,88,0
15056,77,0
15057,86,0
15058,89,0
15059,91,0
15060,87,0
15061,82,0
15062,80,0
15063,83,0
15064,79,0
15065,85,0
15066,82,0
15067,87,0
15068,91,0
15069,83,0
15070,77,0
15071,91,0
15072,86,0
15073,83,0
15074,84,0
15075,92,0
15076,95,0
15077,83,0
15078,90,0
15079,75,0
15080,84,0
15081,90,0
15082,84,0
15083,78,0
15084,89,0
15085,81,0
15086,90,0
15087,85,0
15088,85,0
15089,81,0
15090,95,0
15091,85,0
15092,89,0
15093,82,0
15094,90,0
15095,82,0
15096,87,0
15097,84,0
15098,90,0
15099,92,0
15100,88,0
15101,87,0
15102,91,0
15103,90,0
15104,82,0
15105,86,0
15106,83,0
15107,90,0
15108,83,0
15109,79,0
15110,87,0
15111,85,0
15112,81,0
15113,91,0
15114,82,0
15115,94,0
15116,98,0
15117,89,0
15118,87,0
15119,89,0
15120,86,0
15121,83,0
15122,87,0
15123,99,0
15124,84,0
15125,83,0
15126,94,0
15127,87,0
15128,86,0
15129,87,0
15130,89,0
15131,93,0
15132,82,0
15133,86,0
15134,87,0
15135,84,0
15136,92,0
15137,84,0
15138,83,0
15139,88,0
15140,86,0
15141,80,0
15142,81,0
15143,90,0
15144,85,0
15145,82,0
15146,90,0
15147,96,0
15148,89,0
15149,86,0
15150,89,0
15151,83,0
15152,85,0
15153,80,0
15154,90,0
15155,82,0
15156,92,0
15157,84,0
15158,86,0
15159,86,0
15160,82,0
15161,83,0
15162,85,0
15163,86,0
15164,91,0
15165,81,0
15166,86,0
15167,82,0
15168,77,0
15169,85,0
15170,87,0
15171,90,0
15172,87,0
15173,81,0
15174,82,0
15175,95,0
15176,91,0
15177,88,0
15178,88,0
15179,97,0
15180,87,0
15181,84,0
15182,91,0
15183,78,0
15184,81,0
15185,88,0
15186,90,0
15187,89,0
15188,92,0
15189,85,0
15190,91,0
15191,86,0
15192,88,0
15193,91,0
15194,87,0
15195,86,0
15196,90,0
15197,80,0
15198,82,0
15199,83,0
15200,81,0
15201,95,0
15202,94,0
15203,85,0
15204,88,0
15205,83,0
15206,87,0
15207,85,0
15208,76,0
15209,80,0
15210,87,0
15211,86,0
15212,89,0
15213,75,0
15214,83,0
15215,87,0
15216,84,0
15217,92,0
15218,87,0
15219,83,0
15220,81,0
15221,86,0
15222,88,0
15223,83,0
15224,91,0
15225,66,0
15226,83,0
15227,87,0
15228,86,0
15229,86,0
15230,87,0
15231,86,0
15232,86,0
15233,90,0
15234,83,0
15235,86,0
15236,84,0
15237,79,0
15238,91,0
15239,90,0
15240,86,0
15241,88,0
15242,84,0
15243,80,0
15244,74,0
15245,92,0
15246,88,0
15247,82,0
15248,93,0
15249,89,0
15250,85,0
15251,89,0
15252,90,0
15253,85,0
15254,82,0
15255,79,0
15256,80,0
15257,91,0
15258,90,0
15259,84,0
15260,87,0
15261,96,0
15262,85,0
15263,86,0
15264,97,0
15265,90,0
15266,89,0
15267,83,0
15268,87,0
15269,82,0
15270,94,0
15271,73,0
15272,91,0
15273,87,0
15274,72,0
15275,93,0
15276,81,0
15277,89,0
15278,84,0
15279,83,0
15280,89,0
15281,85,0
15282,89,0
15283,85,0
15284,90,0
15285,86,0
15286,80,0
15287,92,0
15288,82,0
15289,88,0
15290,100,0
15291,83,0
15292,85,0
15293,81,0
15294,90,0
15295,80,0
15296,87,0
15297,86,0
15298,78,0
15299,96,0
15300,92,0
15301,86,0
15302,89,0
15303,89,0
15304,90,0
15305,84,0
15306,88,0
15307,84,0
15308,94,0
15309,87,0
15310,87,0
15311,88,0
15312,92,0
15313,82,0
15314,82,0
15315,86,0
15316,83,0
15317,75,0
15318,86,0
15319,95,0
15320,81,0
15321,92,0
15322,90,0
15323,76,0
15324,78,0
15325,80,0
15326,89,0
15327,84,0
15328,86,0
15329,80,0
15330,83,0
15331,82,0
15332,86,0
15333,82,0
15334,86,0
15335,81,0
15336,75,0
15337,78,0
15338,87,0
15339,85,0
15340,89,0
15341,84,0
15342,77,0
15343,92,0
15344,84,0
15345,91,0
15346,88,0
15347,78,0
15348,87,0
15349,86,0
15350,89,0
15351,93,0
15352,86,0
15353,93,0
15354,81,0
15355,83,0
15356,82,0
15357,86,0
15358,92,0
15359,98,0
15360,82,0
15361,86,0
15362,94,0
15363,91,0
15364,87,0
15365,92,0
15366,88,0
15367,86,0
15368,79,0
15369,83,0
15370,83,0
15371,83,0
15372,82,0
15373,92,0
15374,76,0
15375,86,0
15376,91,0
15377,90,0
15378,82,0
15379,80,0
15380,89,0
15381,83,0
15382,94,0
15383,87,0
15384,88,0
15385,83,0
15386,88,0
15387,83,0
15388,95,0
15389,82,0
15390,76,0
15391,84,0
15392,84,0
15393,91,0
15394,91,0
15395,89,0
15396,88,0
15397,80,0
15398,88,0
15399,82,0
15400,84,0
15401,80,0
15402,84,0
15403,94,0
15404,84,0
15405,84,0
15406,89,0
15407,88,0
15408,88,0
15409,81,0
15410,85,0
15411,81,0
15412,93,0
15413,77,0
15414,95,0
15415,85,0
15416,85,0
15417,89,0
15418,86,0
15419,76,0
15420,90,0
15421,83,0
15422,85,0
15423,83,0
15424,88,0
15425,81,0
15426,82,0
15427,89,0
15428,87,0
15429,81,0
15430,85,0
15431,84,0
15432,84,0
15433,83,0
15434,94,0
15435,84,0
15436,82,0
15437,81,0
15438,81,0
15439,81,0
15440,88,0
15441,86,0
15442,76,0
15443,82,0
15444,81,0
15445,80,0
15446,86,0
15447,88,0
15448,81,0
15449,85,0
15450,84,0
15451,94,0
15452,82,0
15453,90,0
15454,87,0
15455,96,0
15456,89,0
15457,80,0
15458,89,0
15459,85,0
15460,87,0
15461,82,0
15462,75,0
15463,93,0
15464,85,0
15465,84,0
15466,84,0
15467,91,0
15468,97,0
15469,96,0
15470,87,0
15471,83,0
15472,87,0
15473,86,0
15474,91,0
15475,90,0
15476,81,0
15477,93,0
15478,85,0
15479,86,0
15480,87,0
15481,84,0
15482,81,0
15483,83,0
15484,87,0
15485,86,0
15486,83,0
15487,86,0
15488,89,0
15489,80,0
15490,88,0
15491,88,0
15492,87,0
15493,80,0
15494,81,0
15495,81,0
15496,89,0
15497,90,0
15498,84,0
15499,96,0
15500,87,0
15501,77,0
15502,82,0
15503,84,0
15504,80,0
15505,94,0
15506,93,0
15507,82,0
15508,77,0
15509,85,0
15510,84,0
15511,96,0
15512,96,0
15513,88,0
15514,90,0
15515,89,0
15516,89,0
15517,84,0
15518,86,0
15519,82,0
15520,88,0
15521,87,0
15522,85,0
15523,87,0
15524,85,0
15525,82,0
15526,85,0
15527,80,0
15528,83,0
15529,82,0
15530,89,0
15531,87,0
15532,82,0
15533,83,0
15534,87,0
15535,98,0
15536,89,0
15537,80,0
15538,85,0
15539,81,0
15540,87,0
15541,86,0
15542,74,0
15543,88,0
15544,89,0
15545,89,0
15546,83,0
15547,85,0
15548,78,0
15549,98,0
15550,87,0
15551,74,0
15552,88,0
15553,80,0
15554,94,0
15555,81,0
15556,90,0
15557,84,0
15558,79,0
15559,82,0
15560,84,0
15561,88,0
15562,81,0
15563,88,0
15564,93,0
15565,86,0
15566,94,0
15567,77,0
15568,82,0
15569,82,0
15570,87,0
15571,89,0
15572,92,0
15573,85,0
15574,82,0
15575,89,0
15576,92,0
15577,81,0
15578,79,0
15579,92,0
15580,85,0
15581,90,0
15582,84,0
15583,87,0
15584,90,0
15585,83,0
15586,79,0
15587,85,0
15588,92,0
15589,89,0
15590,81,0
15591,88,0
15592,85,0
15593,91,0
15594,87,0
15595,86,0
15596,92,0
15597,77,0
15598,81,0
15599,93,0
15600,92,0
15601,75,0
15602,93,0
15603,86,0
15604,78,0
15605,81,0
15606,89,0
15607,85,0
15608,80,0
15609,83,0
15610,87,0
15611,84,0
15612,81,0
15613,82,0
15614,82,0
15615,87,0
15616,94,0
15617,78,0
15618,89,0
15619,86,0
15620,87,0
15621,87,0
15622,86,0
15623,88,0
15624,92,0
15625,77,0
15626,86,0
15627,87,0
15628,90,0
15629,81,0
15630,92,0
15631,88,0
15632,84,0
15633,88,0
15634,84,0
15635,89,0
15636,89,0
15637,80,0
15638,86,0
15639,82,0
15640,87,0
15641,92,0
15642,84,0
15643,88,0
15644,88,0
15645,97,0
15646,89,0
15647,81,0
15648,95,0
15649,73,0
15650,76,0
15651,78,0
15652,82,0
15653,86,0
15654,81,0
15655,86,0
15656,83,0
15657,73,0
15658,84,0
15659,85,0
15660,86,0
15661,85,0
15662,83,0
15663,84,0
15664,85,0
15665,84,0
15666,91,0
15667,94,0
15668,90,0
15669,80,0
15670,85,0
15671,83,0
15672,84,0
15673,92,0
15674,88,0
15675,89,0
15676,84,0
15677,82,0
15678,94,0
15679,98,0
15680,85,0
15681,94,0
15682,81,0
15683,75,0
15684,88,0
15685,88,0
15686,86,0
15687,88,0
15688,79,0
15689,80,0
15690,80,0
15691,90,0
15692,81,0
15693,88,0
15694,85,0
15695,85,0
15696,89,0
15697,80,0
15698,89,0
15699,84,0
15700,88,0
15701,87,0
15702,85,0
15703,83,0
15704,91,0
15705,79,0
15706,94,0
15707,90,0
15708,93,0
15709,82,0
15710,91,0
15711,79,0
15712,89,0
15713,82,0
15714,87,0
15715,82,0
15716,83,0
15717,87,0
15718,78,0
15719,83,0
15720,88,0
15721,89,0
15722,83,0
15723,85,0
15724,82,0
15725,85,0
15726,88,0
15727,82,0
15728,96,0
15729,86,0
15730,85,0
15731,85,0
15732,84,0
15733,90,0
15734,83,0
15735,73,0
15736,92,0
15737,80,0
15738,88,0
15739,95,0
15740,84,0
15741,79,0
15742,85,0
15743,91,0
15744,86,0
15745,80,0
15746,85,0
15747,86,0
15748,88,0
15749,78,0
15750,91,0
15751,95,0
15752,88,0
15753,83,0
15754,76,0
15755,93,0
15756,84,0
15757,83,0
15758,87,0
15759,88,0
15760,87,0
15761,85,0
15762,91,0
15763,81,0
15764,90,0
15765,82,0
15766,82,0
15767,92,0
15768,89,0
15769,82,0
15770,84,0
15771,94,0
15772,82,0
15773,78,0
15774,82,0
15775,88,0
15776,78,0
15777,73,0
15778,90,0
15779,93,0
15780,92,0
15781,75,0
15782,83,0
15783,85,0
15784,91,0
15785,85,0
15786,82,0
15787,84,0
15788,84,0
15789,86,0
15790,87,0
15791,79,0
15792,87,0
15793,89,0
15794,81,0
15795,91,0
15796,75,0
15797,94,0
15798,86,0
15799,95,0
15800,87,0
15801,93,0
15802,77,0
15803,83,0
15804,92,0
15805,94,0
15806,84,0
15807,91,0
15808,85,0
15809,89,0
15810,87,0
15811,92,0
15812,95,0
15813,77,0
15814,87,0
15815,89,0
15816,88,0
15817,79,0
15818,89,0
15819,83,0
15820,86,0
15821,79,0
15822,94,0
15823,77,0
15824,81,0
15825,81,0
15826,76,0
15827,83,0
15828,81,0
15829,82,0
15830,76,0
15831,91,0
15832,85,0
15833,82,0
15834,83,0
15835,89,0
15836,78,0
15837,83,0
15838,79,0
15839,88,0
15840,85,0
15841,84,0
15842,88,0
15843,86,0
15844,82,0
15845,88,0
15846,81,0
15847,85,0
15848,83,0
15849,95,0
15850,80,0
15851,83,0
15852,91,0
15853,82,0
15854,77,0
15855,86,0
15856,81,0
15857,75,0
15858,69,0
15859,88,0
15860,84,0
15861,89,0
15862,81,0
15863,85,0
15864,81,0
15865,86,0
15866,89,0
15867,85,0
15868,90,0
15869,84,0
15870,103,0
15871,78,0
15872,87,0
15873,85,0
15874,84,0
15875,88,0
15876,90,0
15877,85,0
15878,88,0
15879,89,0
15880,83,0
15881,87,0
15882,85,0
15883,90,0
15884,88,0
15885,84,0
15886,84,0
15887,93,0
15888,94,0
15889,78,0
15890,96,0
15891,89,0
15892,91,0
15893,83,0
15894,89,0
15895,85,0
15896,85,0
15897,81,0
15898,87,0
15899,85,0
15900,78,0
15901,72,0
15902,86,0
15903,84,0
15904,84,0
15905,85,0
15906,83,0
15907,92,0
15908,80,0
15909,92,0
15910,72,0
15911,91,0
15912,81,0
15913,91,0
15914,87,0
15915,79,0
15916,74,0
15917,86,0
15918,92,0
15919,86,0
15920,84,0
15921,71,0
15922,84,0
15923,85,0
15924,87,0
15925,82,0
15926,83,0
15927,87,0
15928,95,0
15929,87,0
15930,93,0
15931,85,0
15932,86,0
15933,90,0
15934,82,0
15935,91,0
15936,81,0
15937,77,0
15938,95,0
15939,80,0
15940,79,0
15941,88,0
15942,78,0
15943,92,0
15944,82,0
15945,84,0
15946,85,0
15947,82,0
15948,92,0
15949,87,0
15950,88,0
15951,91,0
15952,84,0
15953,85,0
15954,92,0
15955,73,0
15956,81,0
15957,94,0
15958,80,0
15959,82,0
15960,87,0
15961,88,0
15962,89,0
15963,85,0
15964,81,0
15965,77,0
15966,84,0
15967,91,0
15968,83,0
15969,89,0
15970,88,0
15971,87,0
15972,88,0
15973,76,0
15974,86,0
15975,69,0
15976,81,0
15977,88,0
15978,85,0
15979,75,0
15980,86,0
15981,88,0
15982,87,0
15983,88,0
15984,82,0
15985,81,0
15986,83,0
15987,89,0
15988,87,0
15989,87,0
15990,82,0
15991,98,0
15992,86,0
15993,82,0
15994,90,0
15995,84,0
15996,87,0
15997,91,0
15998,84,0
15999,88,0
16000,88,0
16001,81,0
16002,89,0
16003,88,0
16004,83,0
16005,91,0
16006,80,0
16007,97,0
16008,84,0
16009,80,0
16010,88,0
16011,76,0
16012,89,0
16013,93,0
16014,86,0
16015,85,0
16016,82,0
16017,82,0
16018,89,0
16019,82,0
16020,92,0
16021,85,0
16022,95,0
16023,81,0
16024,93,0
16025,71,0
16026,79,0
16027,78,0
16028,81,0
16029,83,0
16030,89,0
16031,93,0
16032,93,0
16033,86,0
16034,86,0
16035,81,0
16036,82,0
16037,83,0
16038,90,0
16039,85,0
16040,87,0
16041,80,0
16042,77,0
16043,91,0
16044,86,0
16045,94,0
16046,83,0
16047,79,0
16048,87,0
16049,75,0
16050,78,0
16051,87,0
16052,87,0
16053,84,0
16054,90,0
16055,86,0
16056,88,0
16057,71,0
16058,84,0
16059,84,0
16060,91,0
16061,78,0
16062,79,0
16063,88,0
16064,79,0
16065,87,0
16066,85,0
16067,94,0
16068,88,0
16069,88,0
16070,90,0
16071,96,0
16072,90,0
16073,95,0
16074,75,0
16075,86,0
16076,81,0
16077,84,0
16078,83,0
16079,84,0
16080,85,0
16081,86,0
16082,84,0
16083,85,0
16084,82,0
16085,75,0
16086,85,0
16087,85,0
16088,84,0
16089,83,0
16090,80,0
16091,84,0
16092,82,0
16093,85,0
16094,93,0
16095,84,0
16096,79,0
16097,86,0
16098,84,0
16099,89,0
16100,84,0
16101,82,0
16102,90,0
16103,90,0
16104,84,0
16105,88,0
16106,91,0
16107,84,0
16108,75,0
16109,91,0
16110,86,0
16111,89,0
16112,87,0
16113,91,0
16114,83,0
16115,83,0
16116,88,0
16117,81,0
16118,82,0
16119,80,0
16120,91,0
16121,86,0
16122,97,0
16123,78,0
16124,83,0
16125,86,0
16126,83,0
16127,92,0
16128,75,0
16129,89,0
16130,80,0
16131,88,0
16132,82,0
16133,89,0
16134,82,0
16135,98,0
16136,83,0
16137,89,0
16138,85,0
16139,84,0
16140,86,0
16141,95,0
16142,88,0
16143,92,0
16144,94,0
16145,92,0
16146,77,0
16147,82,0
16148,95,0
16149,88,0
16150,88,0
16151,87,0
16152,87,0
16153,83,0
16154,87,0
16155,77,0
16156,87,0
16157,91,0
16158,87,0
16159,86,0
16160,85,0
16161,79,0
16162,85,0
16163,82,0
16164,89,0
16165,84,0
16166,78,0
16167,77,0
16168,85,0
16169,88,0
16170,81,0
16171,82,0
16172,90,0
16173,89,0
16174,89,0
16175,91,0
16176,85,0
16177,95,0
16178,91,0
16179,92,0
16180,79,0
16181,86,0
16182,88,0
16183,89,0
16184,82,0
16185,84,0
16186,84,0
16187,86,0
16188,80,0
16189,87,0
16190,84,0
16191,82,0
16192,89,0
16193,78,0
16194,86,0
16195,82,0
16196,83,0
16197,83,0
16198,88,0
16199,86,0
16200,92,0
16201,90,0
16202,95,0
16203,80,0
16204,82,0
16205,86,0
16206,88,0
16207,83,0
16208,83,0
16209,78,0
16210,78,0
16211,88,0
16212,88,0
16213,86,0
16214,79,0
16215,90,0
16216,89,0
16217,86,0
16218,83,0
16219,85,0
16220,84,0
16221,88,0
16222,96,0
16223,84,0
16224,92,0
16225,91,0
16226,87,0
16227,87,0
16228,82,0
16229,82,0
16230,81,0
16231,89,0
16232,80,0
16233,86,0
16234,78,0
16235,83,0
16236,91,0
16237,88,0
16238,79,0
16239,80,0
16240,91,0
16241,75,0
16242,87,0
16243,74,0
16244,88,0
16245,88,0
16246,91,0
16247,85,0
16248,82,0
16249,81,0
16250,84,0
16251,88,0
16252,87,0
16253,91,0
16254,84,0
16255,91,0
16256,85,0
16257,81,0
16258,93,0
16259,86,0
16260,78,0
16261,84,0
16262,78,0
16263,90,0
16264,92,0
16265,85,0
16266,84,0
16267,85,0
16268,88,0
16269,84,0
16270,81,0
16271,81,0
16272,86,0
16273,71,0
16274,85,0
16275,92,0
16276,91,0
16277,84,0
16278,91,0
16279,85,0
16280,85,0
16281,83,0
16282,78,0
16283,88,0
16284,91,0
16285,74,0
16286,77,0
16287,87,0
16288,89,0
16289,80,0
16290,91,0
16291,84,0
16292,87,0
16293,82,0
16294,89,0
16295,84,0
16296,77,0
16297,79,0
16298,85,0
16299,86,0
16300,92,0
16301,87,0
16302,79,0
16303,89,0
16304,82,0
16305,84,0
16306,89,0
16307,83,0
16308,82,0
16309,86,0
16310,80,0
16311,85,0
16312,94,0
16313,78,0
16314,86,0
16315,85,0
16316,93,0
16317,86,0
16318,90,0
16319,82,0
16320,89,0
16321,82,0
16322,96,0
16323,93,0
16324,90,0
16325,83,0
16326,82,0
16327,95,0
16328,77,0
16329,87,0
16330,81,0
16331,86,0
16332,85,0
16333,92,0
16334,81,0
16335,78,0
16336,86,0
16337,93,0
16338,84,0
16339,78,0
16340,85,0
16341,90,0
16342,96,0
16343,87,0
16344,87,0
16345,79,0
16346,85,0
16347,84,0
16348,79,0
16349,83,0
16350,92,0
16351,88,0
16352,79,0
16353,76,0
16354,88,0
16355,89,0
16356,85,0
16357,86,0
16358,94,0
16359,83,0
16360,83,0
16361,86,0
16362,88,0
16363,86,0
16364,80,0
16365,94,0
16366,82,0
16367,83,0
16368,83,0
16369,91,0
16370,80,0
16371,86,0
16372,89,0
16373,92,0
16374,86,0
16375,87,0
16376,78,0
16377,85,0
16378,87,0
16379,79,0
16380,78,0
16381,84,0
16382,77,0
16383,79,0
16384,81,0
16385,84,0
16386,80,0
16387,88,0
16388,85,0
16389,94,0
16390,85,0
16391,85,0
16392,86,0
16393,91,0
16394,84,0
16395,86,0
16396,88,0
16397,86,0
16398,91,0
16399,87,0
16400,89,0
16401,87,0
16402,83,0
16403,87,0
16404,90,0
16405,80,0
16406,93,0
16407,81,0
16408,80,0
16409,94,0
16410,82,0
16411,81,0
16412,77,0
16413,83,0
16414,84,0
16415,79,0
16416,91,0
16417,84,0
16418,90,0
16419,81,0
16420,78,0
16421,86,0
16422,88,0
16423,84,0
16424,80,0
16425,89,0
16426,86,0
16427,79,0
16428,91,0
16429,94,0
16430,87,0
16431,85,0
16432,92,0
16433,76,0
16434,90,0
16435,88,0
16436,81,0
16437,83,0
16438,84,0
16439,80,0
16440,90,0
16441,81,0
16442,92,0
16443,87,0
16444,83,0
16445,84,0
16446,74,0
16447,78,0
16448,83,0
16449,83,0
16450,75,0
16451,93,0
16452,85,0
16453,91,0
16454,84,0
16455,93,0
16456,92,0
16457,92,0
16458,96,0
16459,86,0
16460,87,0
16461,83,0
16462,79,0
16463,86,0
16464,86,0
16465,80,0
16466,85,0
16467,87,0
16468,84,0
16469,86,0
16470,75,0
16471,87,0
16472,84,0
16473,88,0
16474,90,0
16475,88,0
16476,82,0
16477,96,0
16478,76,0
16479,87,0
16480,88,0
16481,87,0
16482,84,0
16483,89,0
16484,88,0
16485,89,0
16486,90,0
16487,84,0
16488,88,0
16489,81,0
16490,84,0
16491,92,0
16492,84,0
16493,89,0
16494,89,0
16495,97,0
16496,85,0
16497,76,0
16498,88,0
16499,87,0
16500,91,0
16501,82,0
16502,79,0
16503,84,0
16504,92,0
16505,85,0
16506,82,0
16507,81,0
16508,88,0
16509,79,0
16510,76,0
16511,82,0
16512,92,0
16513,88,0
16514,87,0
16515,75,0
16516,85,0
16517,80,0
16518,83,0
16519,82,0
16520,82,0
16521,73,0
16522,89,0
16523,82,0
16524,86,0
16525,81,0
16526,90,0
16527,87,0
16528,88,0
16529,93,0
16530,88,0
16531,84,0
16532,82,0
16533,86,0
16534,90,0
16535,84,0
16536,82,0
16537,88,0
16538,84,0
16539,92,0
16540,68,0
16541,93,0
16542,84,0
16543,81,0
16544,78,0
16545,89,0
16546,90,0
16547,87,0
16548,94,0
16549,83,0
16550,84,0
16551,83,0
16552,83,0
16553,78,0
16554,92,0
16555,81,0
16556,89,0
16557,93,0
16558,90,0
16559,90,0
16560,87,0
16561,89,0
16562,97,0
16563,85,0
16564,89,0
16565,82,0
16566,83,0
16567,89,0
16568,90,0
16569,78,0
16570,78,0
16571,89,0
16572,92,0
16573,87,0
16574,90,0
16575,84,0
16576,83,0
16577,82,0
16578,91,0
16579,82,0
16580,81,0
16581,94,0
16582,88,0
16583,84,0
16584,85,0
16585,84,0
16586,84,0
16587,82,0
16588,85,0
16589,87,0
16590,86,0
16591,86,0
16592,88,0
16593,77,0
16594,78,0
16595,88,0
16596,82,0
16597,84,0
16598,93,0
16599,92,0
16600,81,0
16601,85,0
16602,88,0
16603,90,0
16604,86,0
16605,93,0
16606,84,0
16607,76,0
16608,92,0
16609,82,0
16610,83,0
16611,85,0
16612,89,0
16613,90,0
16614,81,0
16615,86,0
16616,79,0
16617,80,0
16618,87,0
16619,91,0
16620,80,0
16621,90,0
16622,88,0
16623,87,0
16624,86,0
16625,88,0
16626,81,0
16627,91,0
16628,81,0
16629,82,0
16630,82,0
16631,83,0
16632,96,0
16633,81,0
16634,89,0
16635,83,0
16636,92,0
16637,92,0
16638,91,0
16639,89,0
16640,87,0
16641,90,0
16642,86,0
16643,87,0
16644,87,0
16645,87,0
16646,83,0
16647,84,0
16648,85,0
16649,87,0
16650,85,0
16651,78,0
16652,91,0
16653,88,0
16654,81,0
16655,76,0
16656,103,0
16657,88,0
16658,83,0
16659,88,0
16660,81,0
16661,79,0
16662,85,0
16663,93,0
16664,91,0
16665,90,0
16666,83,0
16667,84,0
16668,84,0
16669,78,0
16670,97,0
16671,85,0
16672,76,0
16673,89,0
16674,89,0
16675,84,0
16676,86,0
16677,87,0
16678,88,0
16679,84,0
16680,87,0
16681,87,0
16682,81,0
16683,84,0
16684,76,0
16685,84,0
16686,83,0
16687,92,0
16688,81,0
16689,87,0
16690,85,0
16691,82,0
16692,82,0
16693,93,0
16694,94,0
16695,79,0
16696,82,0
16697,91,0
16698,76,0
16699,91,0
16700,84,0
16701,77,0
16702,75,0
16703,85,0
16704,89,0
16705,86,0
16706,88,0
16707,81,0
16708,92,0
16709,89,0
16710,86,0
16711,74,0
16712,85,0
16713,89,0
16714,83,0
16715,80,0
16716,81,0
16717,94,0
16718,81,0
16719,86,0
16720,94,0
16721,88,0
16722,84,0
16723,84,0
16724,85,0
16725,73,0
16726,87,0
16727,82,0
16728,87,0
16729,92,0
16730,83,0
16731,81,0
16732,81,0
16733,78,0
16734,90,0
16735,80,0
16736,89,0
16737,88,0
16738,88,0
16739,85,0
16740,81,0
16741,89,0
16742,86,0
16743,80,0
16744,85,0
16745,76,0
16746,88,0
16747,79,0
16748,86,0
16749,94,0
16750,82,0
16751,82,0
16752,82,0
16753,87,0
16754,89,0
16755,87,0
16756,74,0
16757,83,0
16758,89,0
16759,92,0
16760,79,0
16761,90,0
16762,84,0
16763,83,0
16764,84,0
16765,88,0
16766,77,0
16767,85,0
16768,84,0
16769,79,0
16770,78,0
16771,81,0
16772,94,0
16773,78,0
16774,82,0
16775,82,0
16776,85,0
16777,94,0
16778,91,0
16779,76,0
16780,83,0
16781,86,0
16782,85,0
16783,90,0
16784,82,0
16785,88,0
16786,87,0
16787,86,0
16788,94,0
16789,86,0
16790,96,0
16791,86,0
16792,88,0
16793,84,0
16794,82,0
16795,85,0
16796,92,0
16797,93,0
16798,83,0
16799,88,0
16800,85,0
16801,87,0
16802,86,0
16803,87,0
16804,94,0
16805,88,0
16806,80,0
16807,82,0
16808,81,0
16809,80,0
16810,85,0
16811,82,0
16812,96,0
16813,80,0
16814,94,0
16815,79,0
16816,90,0
16817,83,0
16818,86,0
16819,82,0
16820,82,0
16821,84,0
16822,87,0
16823,94,0
16824,86,0
16825,82,0
16826,84,0
16827,95,0
16828,93,0
16829,80,0
16830,82,0
16831,82,0
16832,91,0
16833,94,0
16834,87,0
16835,91,0
16836,90,0
16837,85,0
16838,84,0
16839,87,0
16840,89,0
16841,78,0
16842,90,0
16843,98,0
16844,76,0
16845,92,0
16846,91,0
16847,90,0
16848,85,0
16849,94,0
16850,80,0
16851,96,0
16852,88,0
16853,76,0
16854,84,0
16855,86,0
16856,80,0
16857,85,0
16858,82,0
16859,85,0
16860,86,0
16861,78,0
16862,82,0
16863,78,0
16864,89,0
16865,90,0
16866,90,0
16867,86,0
16868,92,0
16869,88,0
16870,85,0
16871,81,0
16872,87,0
16873,74,0
16874,90,0
16875,93,0
16876,83,0
16877,81,0
16878,89,0
16879,89,0
16880,83,0
16881,84,0
16882,81,0
16883,83,0
16884,89,0
16885,82,0
16886,78,0
16887,90,0
16888,86,0
16889,80,0
16890,76,0
16891,71,0
16892,86,0
16893,88,0
16894,89,0
16895,90,0
16896,81,0
16897,83,0
16898,80,0
16899,80,0
16900,90,0
16901,86,0
16902,87,0
16903,90,0
16904,85,0
16905,82,0
16906,91,0
16907,79,0
16908,95,0
16909,92,0
16910,83,0
16911,77,0
16912,75,0
16913,83,0
16914,93,0
16915,85,0
16916,79,0
16917,83,0
16918,83,0
16919,90,0
16920,83,0
16921,81,0
16922,90,0
16923,89,0
16924,88,0
16925,82,0
16926,84,0
16927,89,0
16928,90,0
16929,92,0
16930,76,0
16931,90,0
16932,87,0
16933,83,0
16934,86,0
16935,85,0
16936,94,0
16937,92,0
16938,83,0
16939,76,0
16940,81,0
16941,74,0
16942,82,0
16943,78,0
16944,89,0
16945,86,0
16946,88,0
16947,86,0
16948,90,0
16949,78,0
16950,82,0
16951,84,0
16952,86,0
16953,86,0
16954,92,0
16955,90,0
16956,85,0
16957,80,0
16958,82,0
16959,84,0
16960,85,0
16961,82,0
16962,78,0
16963,86,0
16964,84,0
16965,88,0
16966,86,0
16967,83,0
16968,88,0
16969,90,0
16970,89,0
16971,79,0
16972,89,0
16973,79,0
16974,94,0
16975,88,0
16976,79,0
16977,87,0
16978,80,0
16979,85,0
16980,84,0
16981,84,0
16982,94,0
16983,85,0
16984,76,0
16985,83,0
16986,84,0
16987,81,0
16988,91,0
16989,82,0
16990,90,0
16991,77,0
16992,88,0
16993,87,0
16994,85,0
16995,72,0
16996,90,0
16997,80,0
16998,88,0
16999,82,0
17000,84,0
17001,87,0
17002,86,0
17003,83,0
17004,93,0
17005,84,0
17006,85,0
17007,86,0
17008,84,0
17009,85,0
17010,83,0
17011,88,0
17012,89,0
17013,84,0
17014,83,0
17015,87,0
17016,83,0
17017,91,0
17018,85,0
17019,85,0
17020,85,0
17021,91,0
17022,92,0
17023,80,0
17024,79,0
17025,84,0
17026,81,0
17027,85,0
17028,91,0
17029,88,0
17030,87,0
17031,79,0
17032,77,0
17033,77,0
17034,85,0
17035,83,0
17036,82,0
17037,87,0
17038,81,0
17039,86,0
17040,95,0
17041,86,0
17042,96,0
17043,80,0
17044,88,0
17045,91,0
17046,84,0
17047,88,0
17048,87,0
17049,80,0
17050,84,0
17051,80,0
17052,81,0
17053,78,0
17054,80,0
17055,86,0
17056,83,0
17057,90,0
17058,84,0
17059,81,0
17060,79,0
17061,86,0
17062,84,0
17063,86,0
17064,96,0
17065,86,0
17066,84,0
17067,85,0
17068,88,0
17069,92,0
17070,90,0
17071,83,0
17072,86,0
17073,91,0
17074,76,0
17075,85,0
17076,87,0
17077,88,0
17078,85,0
17079,84,0
17080,86,0
17081,87,0
17082,91,0
17083,87,0
17084,85,0
17085,84,0
17086,86,0
17087,82,0
17088,85,0
17089,87,0
17090,76,0
17091,81,0
17092,85,0
17093,81,0
17094,84,0
17095,80,0
17096,91,0
17097,88,0
17098,87,0
17099,85,0
17100,86,0
17101,93,0
17102,75,0
17103,83,0
17104,77,0
17105,82,0
17106,81,0
17107,87,0
17108,80,0
17109,86,0
17110,89,0
17111,87,0
17112,86,0
17113,78,0
17114,87,0
17115,78,0
17116,72,0
17117,80,0
17118,85,0
17119,88,0
17120,81,0
17121,85,0
17122,92,0
17123,90,0
17124,82,0
17125,88,0
17126,89,0
17127,85,0
17128,85,0
17129,87,0
17130,102,0
17131,82,0
17132,76,0
17133,81,0
17134,85,0
17135,94,0
17136,92,0
17137,86,0
17138,85,0
17139,85,0
17140,79,0
17141,85,0
17142,90,0
17143,84,0
17144,88,0
17145,83,0
17146,84,0
17147,85,0
17148,80,0
17149,91,0
17150,82,0
17151,91,0
17152,88,0
17153,81,0
17154,83,0
17155,83,0
17156,87,0
17157,82,0
17158,95,0
17159,84,0
17160,72,0
17161,79,0
17162,87,0
17163,80,0
17164,85,0
17165,79,0
17166,82,0
17167,77,0
17168,81,0
17169,87,0
17170,78,0
17171,95,0
17172,87,0
17173,76,0
17174,80,0
17175,90,0
17176,86,0
17177,97,0
17178,85,0
17179,86,0
17180,84,0
17181,91,0
17182,70,0
17183,91,0
17184,86,0
17185,84,0
17186,80,0
17187,91,0
17188,85,0
17189,85,0
17190,93,0
17191,76,0
17192,74,0
17193,88,0
17194,79,0
17195,84,0
17196,77,0
17197,81,0
17198,91,0
17199,87,0
17200,82,0
17201,82,0
17202,82,0
17203,90,0
17204,87,0
17205,81,0
17206,81,0
17207,84,0
17208,84,0
17209,87,0
17210,87,0
17211,81,0
17212,76,0
17213,84,0
17214,82,0
17215,88,0
17216,85,0
17217,79,0
17218,79,0
17219,81,0
17220,86,0
17221,87,0
17222,83,0
17223,83,0
17224,93,0
17225,77,0
17226,84,0
17227,83,0
17228,83,0
17229,81,0
17230,79,0
17231,79,0
17232,78,0
17233,84,0
17234,85,0
17235,87,0
17236,87,0
17237,88,0
17238,80,0
17239,94,0
17240,76,0
17241,89,0
17242,79,0
17243,83,0
17244,90,0
17245,81,0
17246,90,0
17247,72,0
17248,92,0
17249,90,0
17250,84,0
17251,85,0
17252,85,0
17253,87,0
17254,81,0
17255,89,0
17256,86,0
17257,90,0
17258,81,0
17259,85,0
17260,74,0
17261,81,0
17262,86,0
17263,88,0
17264,93,0
17265,83,0
17266,77,0
17267,81,0
17268,87,0
17269,80,0
17270,86,0
17271,90,0
17272,83,0
17273,94,0
17274,95,0
17275,80,0
17276,90,0
17277,87,0
17278,94,0
17279,82,0
17280,82,0
17281,81,0
17282,88,0
17283,83,0
17284,81,0
17285,86,0
17286,89,0
17287,68,0
17288,82,0
17289,79,0
17290,90,0
17291,88,0
17292,85,0
17293,83,0
17294,77,0
17295,91,0
17296,81,0
17297,86,0
17298,90,0
17299,86,0
17300,95,0
17301,89,0
17302,79,0
17303,83,0
17304,78,0
17305,88,0
17306,78,0
17307,81,0
17308,79,0
17309,78,0
17310,89,0
17311,81,0
17312,89,0
17313,86,0
17314,84,0
17315,81,0
17316,79,0
17317,81,0
17318,83,0
17319,87,0
17320,90,0
17321,90,0
17322,82,0
17323,92,0
17324,81,0
17325,75,0
17326,91,0
17327,87,0
17328,84,0
17329,84,0
17330,87,0
17331,88,0
17332,89,0
17333,75,0
17334,93,0
17335,80,0
17336,88,0
17337,88,0
17338,91,0
17339,87,0
17340,82,0
17341,90,0
17342,83,0
17343,84,0
17344,89,0
17345,88,0
17346,84,0
17347,90,0
17348,92,0
17349,91,0
17350,85,0
17351,75,0
17352,83,0
17353,82,0
17354,78,0
17355,80,0
17356,97,0
17357,77,0
17358,86,0
17359,83,0
17360,86,0
17361,82,0
17362,80,0
17363,91,0
17364,85,0
17365,85,0
17366,78,0
17367,93,0
17368,89,0
17369,92,0
17370,100,0
17371,80,0
17372,87,0
17373,88,0
17374,82,0
17375,80,0
17376,86,0
17377,76,0
17378,95,0
17379,84,0
17380,80,0
17381,81,0
17382,76,0
17383,90,0
17384,91,0
17385,82,0
17386,80,0
17387,74,0
17388,84,0
17389,81,0
17390,83,0
17391,84,0
17392,84,0
17393,86,0
17394,88,0
17395,80,0
17396,81,0
17397,87,0
17398,83,0
17399,86,0
17400,76,0
17401,88,0
17402,85,0
17403,85,0
17404,83,0
17405,83,0
17406,90,0
17407,85,0
17408,91,0
17409,87,0
17410,79,0
17411,90,0
17412,80,0
17413,78,0
17414,75,0
17415,80,0
17416,82,0
17417,85,0
17418,90,0
17419,86,0
17420,90,0
17421,89,0
17422,81,0
17423,84,0
17424,79,0
17425,82,0
17426,92,0
17427,85,0
17428,77,0
17429,75,0
17430,95,0
17431,83,0
17432,88,0
17433,85,0
17434,79,0
17435,84,0
17436,84,0
17437,84,0
17438,90,0
17439,87,0
17440,93,0
17441,86,0
17442,89,0
17443,89,0
17444,86,0
17445,86,0
17446,90,0
17447,81,0
17448,81,0
17449,91,0
17450,86,0
17451,89,0
17452,84,0
17453,95,0
17454,86,0
17455,83,0
17456,87,0
17457,87,0
17458,83,0
17459,84,0
17460,86,0
17461,86,0
17462,86,0
17463,90,0
17464,74,0
17465,82,0
17466,89,0
17467,82,0
17468,84,0
17469,79,0
17470,91,0
17471,92,0
17472,89,0
17473,90,0
17474,85,0
17475,83,0
17476,84,0
17477,92,0
17478,87,0
17479,83,0
17480,79,0
17481,75,0
17482,81,0
17483,81,0
17484,97,0
17485,84,0
17486,86,0
17487,83,0
17488,77,0
17489,89,0
17490,77,0
17491,90,0
17492,88,0
17493,90,0
17494,74,0
17495,86,0
17496,93,0
17497,91,0
17498,86,0
17499,84,0
17500,94,0
17501,91,0
17502,84,0
17503,81,0
17504,86,0
17505,84,0
17506,86,0
17507,84,0
17508,79,0
17509,91,0
17510,84,0
17511,89,0
17512,86,0
17513,77,0
17514,85,0
17515,93,0
17516,85,0
17517,95,0
17518,78,0
17519,87,0
17520,73,0
17521,83,0
17522,90,0
17523,74,0
17524,89,0
17525,79,0
17526,87,0
17527,93,0
17528,77,0
17529,90,0
17530,81,0
17531,84,0
17532,86,0
17533,80,0
17534,84,0
17535,88,0
17536,91,0
17537,87,0
17538,85,0
17539,83,0
17540,79,0
17541,95,0
17542,87,0
17543,87,0
17544,83,0
17545,81,0
17546,86,0
17547,80,0
17548,87,0
17549,95,0
17550,90,0
17551,86,0
17552,80,0
17553,90,0
17554,85,0
17555,82,0
17556,83,0
17557,80,0
17558,91,0
17559,79,0
17560,82,0
17561,85,0
17562,87,0
17563,81,0
17564,92,0
17565,89,0
17566,85,0
17567,90,0
17568,94,0
17569,88,0
17570,80,0
17571,89,0
17572,81,0
17573,89,0
17574,92,0
17575,81,0
17576,82,0
17577,77,0
17578,81,0
17579,90,0
17580,91,0
17581,90,0
17582,84,0
17583,89,0
17584,80,0
17585,77,0
17586,88,0
17587,92,0
17588,86,0
17589,80,0
17590,83,0
17591,81,0
17592,86,0
17593,77,0
17594,84,0
17595,77,0
17596,81,0
17597,92,0
17598,84,0
17599,74,0
17600,79,0
17601,83,0
17602,87,0
17603,88,0
17604,73,0
17605,78,0
17606,85,0
17607,86,0
17608,90,0
17609,82,0
17610,84,0
17611,90,0
17612,81,0
17613,98,0
17614,95,0
17615,84,0
17616,84,0
17617,86,0
17618,82,0
17619,85,0
17620,84,0
17621,85,0
17622,85,0
17623,86,0
17624,78,0
17625,83,0
17626,81,0
17627,89,0
17628,87,0
17629,75,0
17630,82,0
17631,89,0
17632,85,0
17633,92,0
17634,82,0
17635,83,0
17636,82,0
17637,84,0
17638,96,0
17639,91,0
17640,86,0
17641,90,0
17642,89,0
17643,80,0
17644,88,0
17645,92,0
17646,82,0
17647,92,0
17648,78,0
17649,82,0
17650,89,0
17651,83,0
17652,79,0
17653,77,0
17654,82,0
17655,82,0
17656,94,0
17657,76,0
17658,78,0
17659,90,0
17660,80,0
17661,85,0
17662,83,0
17663,76,0
17664,76,0
17665,88,0
17666,82,0
17667,82,0
17668,93,0
17669,83,0
17670,80,0
17671,84,0
17672,82,0
17673,90,0
17674,86,0
17675,89,0
17676,86,0
17677,84,0
17678,88,0
17679,79,0
17680,76,0
17681,84,0
17682,88,0
17683,85,0
17684,82,0
17685,90,0
17686,87,0
17687,86,0
17688,76,0
17689,85,0
17690,89,0
17691,87,0
17692,88,0
17693,86,0
17694,92,0
17695,82,0
17696,79,0
17697,81,0
17698,85,0
17699,76,0
17700,88,0
17701,83,0
17702,82,0
17703,91,0
17704,85,0
17705,87,0
17706,87,0
17707,81,0
17708,93,0
17709,81,0
17710,88,0
17711,84,0
17712,81,0
17713,80,0
17714,89,0
17715,84,0
17716,82,0
17717,94,0
17718,79,0
17719,80,0
17720,89,0
17721,90,0
17722,81,0
17723,87,0
17724,81,0
17725,86,0
17726,82,0
17727,81,0
17728,82,0
17729,76,0
17730,75,0
17731,86,0
17732,85,0
17733,82,0
17734,82,0
17735,78,0
17736,74,0
17737,91,0
17738,89,0
17739,91,0
17740,89,0
17741,84,0
17742,86,0
17743,83,0
17744,83,0
17745,83,0
17746,80,0
17747,90,0
17748,84,0
17749,81,0
17750,87,0
17751,80,0
17752,81,0
17753,87,0
17754,83,0
17755,83,0
17756,86,0
17757,84,0
17758,89,0
17759,80,0
17760,87,0
17761,92,0
17762,86,0
17763,99,0
17764,79,0
17765,89,0
17766,74,0
17767,85,0
17768,93,0
17769,89,0
17770,92,0
17771,81,0
17772,90,0
17773,78,0
17774,79,0
17775,94,0
17776,81,0
17777,87,0
17778,87,0
17779,96,0
17780,78,0
17781,87,0
17782,81,0
17783,84,0
17784,92,0
17785,83,0
17786,92,0
17787,82,0
17788,84,0
17789,85,0
17790,84,0
17791,76,0
17792,76,0
17793,86,0
17794,73,0
17795,81,0
17796,83,0
17797,81,0
17798,90,0
17799,87,0
17800,89,0
17801,92,0
17802,85,0
17803,76,0
17804,82,0
17805,83,0
17806,96,0
17807,93,0
17808,84,0
17809,84,0
17810,82,0
17811,79,0
17812,88,0
17813,86,0
17814,76,0
17815,84,0
17816,88,0
17817,95,0
17818,82,0
17819,75,0
17820,82,0
17821,88,0
17822,89,0
17823,85,0
17824,86,0
17825,82,0
17826,85,0
17827,83,0
17828,88,0
17829,87,0
17830,87,0
17831,90,0
17832,87,0
17833,93,0
17834,91,0
17835,86,0
17836,77,0
17837,76,0
17838,81,0
17839,83,0
17840,80,0
17841,85,0
17842,79,0
17843,85,0
17844,77,0
17845,87,0
17846,76,0
17847,87,0
17848,89,0
17849,87,0
17850,93,0
17851,81,0
17852,86,0
17853,85,0
17854,85,0
17855,83,0
17856,85,0
17857,86,0
17858,79,0
17859,90,0
17860,84,0
17861,88,0
17862,89,0
17863,92,0
17864,84,0
17865,84,0
17866,84,0
17867,89,0
17868,90,0
17869,88,0
17870,80,0
17871,79,0
17872,88,0
17873,86,0
17874,98,0
17875,84,0
17876,86,0
17877,84,0
17878,86,0
17879,92,0
17880,86,0
17881,83,0
17882,87,0
17883,87,0
17884,75,0
17885,86,0
17886,84,0
17887,86,0
17888,89,0
17889,92,0
17890,89,0
17891,77,0
17892,90,0
17893,80,0
17894,78,0
17895,83,0
17896,86,0
17897,85,0
17898,82,0
17899,89,0
17900,83,0
17901,88,0
17902,75,0
17903,80,0
17904,90,0
17905,91,0
17906,86,0
17907,85,0
17908,82,0
17909,84,0
17910,81,0
17911,84,0
17912,97,0
17913,75,0
17914,75,0
17915,89,0
17916,79,0
17917,84,0
17918,86,0
17919,85,0
17920,77,0
17921,88,0
17922,78,0
17923,89,0
17924,80,0
17925,80,0
17926,83,0
17927,80,0
17928,84,0
17929,85,0
17930,85,0
17931,85,0
17932,92,0
17933,86,0
17934,84,0
17935,79,0
17936,92,0
17937,82,0
17938,84,0
17939,103,0
17940,81,0
17941,80,0
17942,89,0
17943,84,0
17944,87,0
17945,90,0
17946,84,0
17947,90,0
17948,90,0
17949,91,0
17950,87,0
17951,87,0
17952,80,0
17953,79,0
17954,86,0
17955,89,0
17956,87,0
17957,76,0
17958,95,0
17959,97,0
17960,97,0
17961,81,0
17962,75,0
17963,85,0
17964,84,0
17965,78,0
17966,90,0
17967,89,0
17968,88,0
17969,86,0
17970,86,0
17971,84,0
17972,87,0
17973,97,0
17974,88,0
17975,81,0
17976,84,0
17977,82,0
17978,87,0
17979,84,0
17980,77,0
17981,82,0
17982,78,0
17983,89,0
17984,85,0
17985,85,0
17986,91,0
17987,80,0
17988,75,0
17989,88,0
17990,82,0
17991,81,0
17992,82,0
17993,78,0
17994,83,0
17995,86,0
17996,82,0
17997,86,0
17998,89,0
17999,93,0
18000,85,0
18001,86,0
18002,81,0
18003,94,0
18004,87,0
18005,84,0
18006,75,0
18007,82,0
18008,85,0
18009,89,0
18010,91,0
18011,88,0
18012,87,0
18013,94,0
18014,84,0
18015,78,0
18016,86,0
18017,87,0
18018,82,0
18019,79,0
18020,90,0
18021,82,0
18022,71,0
18023,82,0
18024,90,0
18025,82,0
18026,91,0
18027,91,0
18028,79,0
18029,83,0
18030,92,0
18031,89,0
18032,83,0
18033,81,0
18034,90,0
18035,85,0
18036,81,0
18037,83,0
18038,76,0
18039,86,0
18040,85,0
18041,82,0
18042,89,0
18043,95,0
18044,79,0
18045,85,0
18046,81,0
18047,82,0
18048,79,0
18049,88,0
18050,86,0
18051,91,0
18052,85,0
18053,78,0
18054,88,0
18055,81,0
18056,91,0
18057,77,0
18058,87,0
18059,91,0
18060,84,0
18061,88,0
18062,81,0
18063,88,0
18064,72,0
18065,89,0
18066,90,0
18067,81,0
18068,84,0
18069,85,0
18070,89,0
18071,80,0
18072,83,0
18073,90,0
18074,94,0
18075,83,0
18076,81,0
18077,79,0
18078,82,0
18079,86,0
18080,83,0
18081,81,0
18082,83,0
18083,88,0
18084,88,0
18085,76,0
18086,82,0
18087,80,0
18088,88,0
18089,83,0
18090,88,0
18091,91,0
18092,89,0
18093,90,0
18094,85,0
18095,82,0
18096,78,0
18097,86,0
18098,78,0
18099,91,0
18100,90,0
18101,88,0
18102,88,0
18103,80,0
18104,84,0
18105,92,0
18106,77,0
18107,91,0
18108,86,0
18109,85,0
18110,86,0
18111,88,0
18112,86,0
18113,85,0
18114,88,0
18115,90,0
18116,85,0
18117,89,0
18118,76,0
18119,88,0
18120,90,0
18121,85,0
18122,87,0
18123,79,0
18124,83,0
18125,82,0
18126,99,0
18127,82,0
18128,83,0
18129,88,0
18130,83,0
18131,89,0
18132,88,0
18133,87,0
18134,78,0
18135,79,0
18136,90,0
18137,85,0
18138,88,0
18139,92,0
18140,81,0
18141,79,0
18142,89,0
18143,86,0
18144,85,0
18145,86,0
18146,92,0
18147,87,0
18148,90,0
18149,82,0
18150,81,0
18151,80,0
18152,82,0
18153,85,0
18154,88,0
18155,86,0
18156,90,0
18157,88,0
18158,84,0
18159,87,0
18160,81,0
18161,81,0
18162,97,0
18163,81,0
18164,87,0
18165,90,0
18166,85,0
18167,81,0
18168,87,0
18169,82,0
18170,92,0
18171,88,0
18172,81,0
18173,88,0
18174,85,0
18175,90,0
18176,82,0
18177,86,0
18178,83,0
18179,76,0
18180,91,0
18181,81,0
18182,87,0
18183,80,0
18184,84,0
18185,82,0
18186,89,0
18187,85,0
18188,79,0
18189,91,0
18190,92,0
18191,90,0
18192,90,0
18193,83,0
18194,84,0
18195,94,0
18196,85,0
18197,82,0
18198,86,0
18199,88,0
18200,84,0
18201,94,0
18202,84,0
18203,87,0
18204,93,0
18205,86,0
18206,89,0
18207,83,0
18208,89,0
18209,85,0
18210,87,0
18211,85,0
18212,81,0
18213,92,0
18214,81,0
18215,77,0
18216,83,0
18217,87,0
18218,78,0
18219,91,0
18220,85,0
18221,93,0
18222,89,0
18223,81,0
18224,94,0
18225,81,0
18226,85,0
18227,91,0
18228,86,0
18229,89,0
18230,71,0
18231,91,0
18232,94,0
18233,91,0
18234,81,0
18235,89,0
18236,82,0
18237,89,0
18238,87,0
18239,82,0
18240,86,0
18241,76,0
18242,92,0
18243,82,0
18244,91,0
18245,83,0
18246,88,0
18247,91,0
18248,86,0
18249,84,0
18250,88,0
18251,86,0
18252,76,0
18253,84,0
18254,82,0
18255,88,0
18256,81,0
18257,80,0
18258,81,0
18259,76,0
18260,91,0
18261,78,0
18262,95,0
18263,83,0
18264,85,0
18265,80,0
18266,79,0
18267,90,0
18268,82,0
18269,81,0
18270,81,0
18271,94,0
18272,82,0
18273,81,0
18274,91,0
18275,84,0
18276,87,0
18277,87,0
18278,84,0
18279,82,0
18280,72,0
18281,81,0
18282,83,0
18283,85,0
18284,81,0
18285,80,0
18286,82,0
18287,79,0
18288,88,0
18289,77,0
18290,84,0
18291,88,0
18292,84,0
18293,85,0
18294,79,0
18295,84,0
18296,83,0
18297,83,0
18298,86,0
18299,95,0
18300,84,0
18301,86,0
18302,85,0
18303,86,0
18304,73,0
18305,84,0
18306,84,0
18307,75,0
18308,94,0
18309,83,0
18310,91,0
18311,87,0
18312,88,0
18313,88,0
18314,91,0
18315,84,0
18316,86,0
18317,87,0
18318,83,0
18319,92,0
18320,82,0
18321,81,0
18322,84,0
18323,82,0
18324,91,0
18325,86,0
18326,81,0
18327,84,0
18328,82,0
18329,82,0
18330,87,0
18331,89,0
18332,82,0
18333,96,0
18334,79,0
18335,85,0
18336,79,0
18337,89,0
18338,79,0
18339,97,0
18340,91,0
18341,86,0
18342,89,0
18343,84,0
18344,74,0
18345,82,0
18346,84,0
18347,83,0
18348,91,0
18349,83,0
18350,76,0
18351,90,0
18352,91,0
18353,88,0
18354,82,0
18355,85,0
18356,85,0
18357,87,0
18358,86,0
18359,92,0
18360,84,0
18361,79,0
18362,96,0
18363,84,0
18364,84,0
18365,93,0
18366,81,0
18367,83,0
18368,81,0
18369,91,0
18370,87,0
18371,98,0
18372,85,0
18373,87,0
18374,81,0
18375,93,0
18376,88,0
18377,84,0
18378,88,0
18379,87,0
18380,85,0
18381,95,0
18382,88,0
18383,81,0
18384,77,0
18385,84,0
18386,83,0
18387,94,0
18388,85,0
18389,91,0
18390,81,0
18391,82,0
18392,82,0
18393,90,0
18394,84,0
18395,76,0
18396,81,0
18397,89,0
18398,80,0
18399,84,0
18400,77,0
18401,92,0
18402,88,0
18403,84,0
18404,84,0
18405,79,0
18406,76,0
18407,82,0
18408,86,0
18409,81,0
18410,84,0
18411,84,0
18412,81,0
18413,86,0
18414,79,0
18415,84,0
18416,87,0
18417,86,0
18418,84,0
18419,85,0
18420,86,0
18421,85,0
18422,88,0
18423,88,0
18424,87,0
18425,76,0
18426,86,0
18427,91,0
18428,83,0
18429,87,0
18430,82,0
18431,83,0
18432,77,0
18433,78,0
18434,87,0
18435,86,0
18436,87,0
18437,83,0
18438,90,0
18439,85,0
18440,75,0
18441,86,0
18442,82,0
18443,85,0
18444,86,0
18445,96,0
18446,82,0
18447,84,0
18448,73,0
18449,90,0
18450,87,0
18451,80,0
18452,83,0
18453,92,0
18454,83,0
18455,93,0
18456,78,0
18457,91,0
18458,82,0
18459,75,0
18460,87,0
18461,83,0
18462,86,0
18463,89,0
18464,77,0
18465,82,0
18466,85,0
18467,82,0
18468,79,0
18469,77,0
18470,76,0
18471,87,0
18472,92,0
18473,86,0
18474,89,0
18475,92,0
18476,81,0
18477,91,0
18478,86,0
18479,78,0
18480,87,0
18481,82,0
18482,82,0
18483,79,0
18484,73,0
18485,84,0
18486,90,0
18487,87,0
18488,86,0
18489,85,0
18490,89,0
18491,82,0
18492,81,0
18493,83,0
18494,87,0
18495,87,0
18496,88,0
18497,86,0
18498,87,0
18499,81,0
18500,83,0
18501,90,0
18502,92,0
18503,86,0
18504,83,0
18505,87,0
18506,80,0
18507,85,0
18508,93,0
18509,89,0
18510,85,0
18511,89,0
18512,79,0
18513,79,0
18514,96,0
18515,85,0
18516,87,0
18517,83,0
18518,89,0
18519,99,0
18520,77,0
18521,83,0
18522,88,0
18523,88,0
18524,84,0
18525,88,0
18526,91,0
18527,78,0
18528,86,0
18529,97,0
18530,95,0
18531,84,0
18532,85,0
18533,76,0
18534,86,0
18535,83,0
18536,84,0
18537,83,0
18538,85,0
18539,89,0
18540,82,0
18541,78,0
18542,94,0
18543,79,0
18544,83,0
18545,76,0
18546,78,0
18547,86,0
18548,96,0
18549,100,0
18550,86,0
18551,86,0
18552,86,0
18553,76,0
18554,80,0
18555,78,0
18556,81,0
18557,85,0
18558,90,0
18559,91,0
18560,91,0
18561,80,0
18562,86,0
18563,78,0
18564,91,0
18565,85,0
18566,92,0
18567,96,0
18568,82,0
18569,92,0
18570,79,0
18571,84,0
18572,89,0
18573,89,0
18574,90,0
18575,85,0
18576,78,0
18577,86,0
18578,86,0
18579,93,0
18580,84,0
18581,89,0
18582,80,0
18583,89,0
18584,87,0
18585,77,0
18586,82,0
18587,79,0
18588,92,0
18589,90,0
18590,84,0
18591,86,0
18592,82,0
18593,79,0
18594,82,0
18595,85,0
18596,77,0
18597,83,0
18598,83,0
18599,85,0
18600,89,0
18601,85,0
18602,83,0
18603,82,0
18604,83,0
18605,81,0
18606,87,0
18607,78,0
18608,85,0
18609,71,0
18610,96,0
18611,88,0
18612,83,0
18613,89,0
18614,85,0
18615,85,0
18616,89,0
18617,90,0
18618,85,0
18619,90,0
18620,85,0
18621,81,0
18622,75,0
18623,82,0
18624,74,0
18625,85,0
18626,78,0
18627,84,0
18628,87,0
18629,76,0
18630,83,0
18631,85,0
18632,85,0
18633,86,0
18634,78,0
18635,85,0
18636,83,0
18637,85,0
18638,85,0
18639,88,0
18640,78,0
18641,91,0
18642,84,0
18643,84,0
18644,90,0
18645,80,0
18646,84,0
18647,87,0
18648,80,0
18649,84,0
18650,79,0
18651,88,0
18652,80,0
18653,86,0
18654,83,0
18655,78,0
18656,72,0
18657,89,0
18658,87,0
18659,86,0
18660,88,0
18661,88,0
18662,84,0
18663,85,0
18664,89,0
18665,78,0
18666,84,0
18667,84,0
18668,74,0
18669,91,0
18670,87,0
18671,87,0
18672,77,0
18673,82,0
18674,82,0
18675,80,0
18676,86,0
18677,82,0
18678,97,0
18679,81,0
18680,84,0
18681,83,0
18682,90,0
18683,78,0
18684,84,0
18685,88,0
18686,68,0
18687,87,0
18688,87,0
18689,90,0
18690,86,0
18691,77,0
18692,94,0
18693,77,0
18694,87,0
18695,86,0
18696,88,0
18697,84,0
18698,85,0
18699,85,0
18700,75,0
18701,83,0
18702,83,0
18703,86,0
18704,80,0
18705,97,0
18706,85,0
18707,85,0
18708,78,0
18709,89,0
18710,82,0
18711,87,0
18712,91,0
18713,85,0
18714,80,0
18715,78,0
18716,80,0
18717,83,0
18718,85,0
18719,75,0
18720,78,0
18721,92,0
18722,86,0
18723,89,0
18724,81,0
18725,88,0
18726,89,0
18727,75,0
18728,81,0
18729,91,0
18730,87,0
18731,89,0
18732,80,0
18733,88,0
18734,76,0
18735,90,0
18736,82,0
18737,81,0
18738,83,0
18739,79,0
18740,80,0
18741,85,0
18742,83,0
18743,88,0
18744,85,0
18745,82,0
18746,93,0
18747,89,0
18748,85,0
18749,84,0
18750,80,0
18751,81,0
18752,87,0
18753,88,0
18754,92,0
18755,83,0
18756,80,0
18757,75,0
18758,75,0
18759,84,0
18760,82,0
18761,90,0
18762,89,0
18763,82,0
18764,86,0
18765,82,0
18766,83,0
18767,89,0
18768,95,0
18769,90,0
18770,75,0
18771,94,0
18772,82,0
18773,86,0
18774,95,0
18775,86,0
18776,83,0
18777,90,0
18778,78,0
18779,78,0
18780,88,0
18781,83,0
18782,88,0
18783,82,0
18784,87,0
18785,86,0
18786,85,0
18787,83,0
18788,89,0
18789,84,0
18790,79,0
18791,84,0
18792,82,0
18793,84,0
18794,85,0
18795,91,0
18796,88,0
18797,81,0
18798,95,0
18799,87,0
18800,84,0
18801,82,0
18802,85,0
18803,88,0
18804,85,0
18805,87,0
18806,91,0
18807,71,0
18808,88,0
18809,79,0
18810,87,0
18811,90,0
18812,92,0
18813,73,0
18814,85,0
18815,92,0
18816,95,0
18817,81,0
18818,82,0
18819,83,0
18820,79,0
18821,84,0
18822,82,0
18823,78,0
18824,78,0
18825,82,0
18826,80,0
18827,92,0
18828,88,0
18829,86,0
18830,86,0
18831,84,0
18832,89,0
18833,85,0
18834,84,0
18835,84,0
18836,82,0
18837,83,0
18838,88,0
18839,83,0
18840,93,0
18841,74,0
18842,83,0
18843,88,0
18844,94,0
18845,95,0
18846,87,0
18847,86,0
18848,87,0
18849,76,0
18850,95,0
18851,82,0
18852,87,0
18853,85,0
18854,89,0
18855,84,0
18856,86,0
18857,79,0
18858,83,0
18859,90,0
18860,84,0
18861,80,0
18862,83,0
18863,90,0
18864,82,0
18865,89,0
18866,89,0
18867,82,0
18868,92,0
18869,73,0
18870,79,0
18871,81,0
18872,79,0
18873,86,0
18874,84,0
18875,84,0
18876,91,0
18877,90,0
18878,86,0
18879,84,0
18880,83,0
18881,88,0
18882,89,0
18883,82,0
18884,82,0
18885,81,0
18886,88,0
18887,82,0
18888,80,0
18889,80,0
18890,81,0
18891,86,0
18892,79,0
18893,85,0
18894,105,0
18895,86,0
18896,85,0
18897,84,0
18898,86,0
18899,77,0
18900,86,0
18901,93,0
18902,81,0
18903,79,0
18904,85,0
18905,92,0
18906,87,0
18907,84,0
18908,91,0
18909,83,0
18910,77,0
18911,90,0
18912,87,0
18913,85,0
18914,90,0
18915,87,0
18916,84,0
18917,81,0
18918,81,0
18919,75,0
18920,74,0
18921,89,0
18922,83,0
18923,87,0
18924,79,0
18925,76,0
18926,85,0
18927,83,0
18928,78,0
18929,92,0
18930,83,0
18931,90,0
18932,85,0
18933,80,0
18934,85,0
18935,86,0
18936,85,0
18937,72,0
18938,85,0
18939,86,0
18940,82,0
18941,79,0
18942,85,0
18943,84,0
18944,85,0
18945,89,0
18946,92,0
18947,75,0
18948,95,0
18949,77,0
18950,88,0
18951,85,0
18952,84,0
18953,76,0
18954,83,0
18955,91,0
18956,82,0
18957,74,0
18958,94,0
18959,87,0
18960,83,0
18961,85,0
18962,84,0
18963,81,0
18964,89,0
18965,89,0
18966,77,0
18967,74,0
18968,84,0
18969,83,0
18970,77,0
18971,85,0
18972,87,0
18973,83,0
18974,79,0
18975,76,0
18976,89,0
18977,85,0
18978,86,0
18979,87,0
18980,88,0
18981,87,0
18982,88,0
18983,81,0
18984,83,0
18985,85,0
18986,82,0
18987,91,0
18988,86,0
18989,90,0
18990,84,0
18991,90,0
18992,84,0
18993,86,0
18994,86,0
18995,87,0
18996,86,0
18997,84,0
18998,85,0
18999,83,0
19000,80,0
19001,81,0
19002,80,0
19003,87,0
19004,94,0
19005,84,0
19006,83,0
19007,81,0
19008,84,0
19009,86,0
19010,95,0
19011,81,0
19012,88,0
19013,80,0
19014,87,0
19015,88,0
19016,88,0
19017,85,0
19018,83,0
19019,75,0
19020,87,0
19021,83,0
19022,83,0
19023,86,0
19024,82,0
19025,72,0
19026,76,0
19027,87,0
19028,82,0
19029,82,0
19030,88,0
19031,82,0
19032,87,0
19033,81,0
19034,80,0
19035,80,0
19036,83,0
19037,82,0
19038,87,0
19039,88,0
19040,88,0
19041,80,0
19042,82,0
19043,83,0
19044,80,0
19045,88,0
19046,71,0
19047,87,0
19048,85,0
19049,81,0
19050,86,0
19051,87,0
19052,89,0
19053,85,0
19054,84,0
19055,76,0
19056,86,0
19057,89,0
19058,97,0
19059,85,0
19060,85,0
19061,80,0
19062,85,0
19063,89,0
19064,78,0
19065,82,0
19066,85,0
19067,78,0
19068,79,0
19069,85,0
19070,76,0
19071,80,0
19072,89,0
19073,84,0
19074,81,0
19075,83,0
19076,88,0
19077,83,0
19078,84,0
19079,81,0
19080,86,0
19081,89,0
19082,78,0
19083,83,0
19084,91,0
19085,84,0
19086,84,0
19087,89,0
19088,88,0
19089,92,0
19090,78,0
19091,84,0
19092,79,0
19093,83,0
19094,85,0
19095,86,0
19096,84,0
19097,89,0
19098,85,0
19099,80,0
19100,76,0
19101,88,0
19102,89,0
19103,85,0
19104,89,0
19105,88,0
19106,81,0
19107,84,0
19108,87,0
19109,82,0
19110,82,0
19111,76,0
19112,81,0
19113,85,0
19114,83,0
19115,84,0
19116,94,0
19117,81,0
19118,88,0
19119,82,0
19120,81,0
19121,93,0
19122,89,0
19123,83,0
19124,88,0
19125,90,0
19126,85,0
19127,84,0
19128,88,0
19129,85,0
19130,80,0
19131,92,0
19132,75,0
19133,81,0
19134,78,0
19135,93,0
19136,83,0
19137,89,0
19138,84,0
19139,85,0
19140,87,0
19141,89,0
19142,86,0
19143,90,0
19144,84,0
19145,82,0
19146,95,0
19147,83,0
19148,80,0
19149,83,0
19150,81,0
19151,87,0
19152,89,0
19153,77,0
19154,82,0
19155,91,0
19156,82,0
19157,82,0
19158,78,0
19159,95,0
19160,87,0
19161,89,0
19162,90,0
19163,79,0
19164,86,0
19165,77,0
19166,79,0
19167,88,0
19168,82,0
19169,83,0
19170,79,0
19171,84,0
19172,89,0
19173,84,0
19174,86,0
19175,75,0
19176,85,0
19177,81,0
19178,85,0
19179,86,0
19180,85,0
19181,86,0
19182,85,0
19183,95,0
19184,88,0
19185,90,0
19186,89,0
19187,81,0
19188,92,0
19189,83,0
19190,93,0
19191,77,0
19192,81,0
19193,86,0
19194,81,0
19195,82,0
19196,84,0
19197,89,0
19198,87,0
19199,83,0
19200,89,0
19201,86,0
19202,89,0
19203,83,0
19204,80,0
19205,96,0
19206,74,0
19207,86,0
19208,78,0
19209,90,0
19210,78,0
19211,78,0
19212,86,0
19213,82,0
19214,86,0
19215,82,0
19216,79,0
19217,87,0
19218,82,0
19219,87,0
19220,77,0
19221,89,0
19222,78,0
19223,79,0
19224,76,0
19225,81,0
19226,87,0
19227,85,0
19228,86,0
19229,84,0
19230,87,0
19231,78,0
19232,81,0
19233,86,0
19234,91,0
19235,79,0
19236,90,0
19237,87,0
19238,82,0
19239,91,0
19240,86,0
19241,85,0
19242,79,0
19243,90,0
19244,82,0
19245,93,0
19246,84,0
19247,80,0
19248,83,0
19249,81,0
19250,85,0
19251,79,0
19252,93,0
19253,84,0
19254,80,0
19255,88,0
19256,81,0
19257,80,0
19258,83,0
19259,81,0
19260,82,0
19261,87,0
19262,85,0
19263,82,0
19264,77,0
19265,76,0
19266,85,0
19267,92,0
19268,82,0
19269,83,0
19270,76,0
19271,80,0
19272,86,0
19273,78,0
19274,86,0
19275,83,0
19276,80,0
19277,85,0
19278,88,0
19279,80,0
19280,88,0
19281,90,0
19282,84,0
19283,78,0
19284,81,0
19285,91,0
19286,88,0
19287,98,0
19288,83,0
19289,87,0
19290,82,0
19291,93,0
19292,84,0
19293,82,0
19294,77,0
19295,81,0
19296,72,0
19297,83,0
19298,83,0
19299,86,0
19300,87,0
19301,98,0
19302,83,0
19303,91,0
19304,91,0
19305,89,0
19306,84,0
19307,82,0
19308,90,0
19309,86,0
19310,82,0
19311,84,0
19312,86,0
19313,84,0
19314,79,0
19315,87,0
19316,80,0
19317,92,0
19318,78,0
19319,88,0
19320,93,0
19321,87,0
19322,82,0
19323,80,0
19324,81,0
19325,76,0
19326,88,0
19327,92,0
19328,83,0
19329,93,0
19330,89,0
19331,80,0
19332,82,0
19333,88,0
19334,89,0
19335,90,0
19336,86,0
19337,84,0
19338,87,0
19339,86,0
19340,82,0
19341,77,0
19342,87,0
19343,84,0
19344,93,0
19345,89,0
19346,84,0
19347,84,0
19348,89,0
19349,82,0
19350,88,0
19351,82,0
19352,92,0
19353,84,0
19354,80,0
19355,85,0
19356,83,0
19357,80,0
19358,88,0
19359,91,0
19360,84,0
19361,80,0
19362,84,0
19363,78,0
19364,79,0
19365,83,0
19366,84,0
19367,78,0
19368,76,0
19369,71,0
19370,93,0
19371,81,0
19372,93,0
19373,91,0
19374,86,0
19375,88,0
19376,84,0
19377,87,0
19378,90,0
19379,78,0
19380,78,0
19381,83,0
19382,84,0
19383,82,0
19384,85,0
19385,81,0
19386,79,0
19387,83,0
19388,85,0
19389,81,0
19390,84,0
19391,94,0
19392,88,0
19393,86,0
19394,80,0
19395,91,0
19396,82,0
19397,88,0
19398,92,0
19399,92,0
19400,84,0
19401,82,0
19402,77,0
19403,90,0
19404,92,0
19405,80,0
19406,77,0
19407,86,0
19408,86,0
19409,77,0
19410,85,0
19411,83,0
19412,88,0
19413,78,0
19414,86,0
19415,85,0
19416,78,0
19417,87,0
19418,86,0
19419,73,0
19420,83,0
19421,73,0
19422,78,0
19423,88,0
19424,80,0
19425,73,0
19426,82,0
19427,84,0
19428,85,0
19429,79,0
19430,87,0
19431,87,0
19432,85,0
19433,77,0
19434,91,0
19435,77,0
19436,83,0
19437,78,0
19438,85,0
19439,88,0
19440,81,0
19441,82,0
19442,78,0
19443,85,0
19444,77,0
19445,92,0
19446,75,0
19447,83,0
19448,90,0
19449,85,0
19450,85,0
19451,74,0
19452,92,0
19453,80,0
19454,89,0
19455,80,0
19456,79,0
19457,97,0
19458,81,0
19459,83,0
19460,82,0
19461,83,0
19462,84,0
19463,86,0
19464,82,0
19465,85,0
19466,86,0
19467,94,0
19468,90,0
19469,82,0
19470,78,0
19471,81,0
19472,90,0
19473,78,0
19474,85,0
19475,90,0
19476,72,0
19477,79,0
19478,87,0
19479,91,0
19480,83,0
19481,90,0
19482,88,0
19483,87,0
19484,83,0
19485,85,0
19486,75,0
19487,82,0
19488,87,0
19489,82,0
19490,87,0
19491,84,0
19492,86,0
19493,86,0
19494,86,0
19495,78,0
19496,81,0
19497,88,0
19498,89,0
19499,93,0
19500,89,0
19501,92,0
19502,76,0
19503,86,0
19504,83,0
19505,87,0
19506,97,0
19507,82,0
19508,82,0
19509,87,0
19510,88,0
19511,93,0
19512,75,0
19513,81,0
19514,87,0
19515,88,0
19516,86,0
19517,90,0
19518,80,0
19519,77,0
19520,76,0
19521,84,0
19522,83,0
19523,81,0
19524,85,0
19525,86,0
19526,82,0
19527,79,0
19528,78,0
19529,72,0
19530,83,0
19531,91,0
19532,80,0
19533,80,0
19534,90,0
19535,79,0
19536,80,0
19537,75,0
19538,85,0
19539,87,0
19540,86,0
19541,90,0
19542,80,0
19543,98,0
19544,79,0
19545,91,0
19546,88,0
19547,85,0
19548,83,0
19549,75,0
19550,88,0
19551,84,0
19552,81,0
19553,83,0
19554,78,0
19555,90,0
19556,81,0
19557,86,0
19558,85,0
19559,87,0
19560,80,0
19561,80,0
19562,84,0
19563,85,0
19564,86,0
19565,76,0
19566,95,0
19567,72,0
19568,81,0
19569,100,0
19570,87,0
19571,88,0
19572,89,0
19573,85,0
19574,83,0
19575,86,0
19576,81,0
19577,81,0
19578,81,0
19579,80,0
19580,85,0
19581,89,0
19582,87,0
19583,81,0
19584,84,0
19585,75,0
19586,86,0
19587,91,0
19588,85,0
19589,89,0
19590,96,0
19591,89,0
19592,73,0
19593,84,0
19594,90,0
19595,85,0
19596,77,0
19597,85,0
19598,90,0
19599,78,0
19600,73,0
19601,87,0
19602,92,0
19603,79,0
19604,83,0
19605,72,0
19606,88,0
19607,75,0
19608,85,0
19609,86,0
19610,82,0
19611,85,0
19612,75,0
19613,88,0
19614,95,0
19615,76,0
19616,85,0
19617,78,0
19618,85,0
19619,79,0
19620,88,0
19621,76,0
19622,85,0
19623,81,0
19624,87,0
19625,78,0
19626,88,0
19627,84,0
19628,86,0
19629,86,0
19630,81,0
19631,88,0
19632,78,0
19633,98,0
19634,80,0
19635,86,0
19636,77,0
19637,87,0
19638,76,0
19639,82,0
19640,78,0
19641,78,0
19642,86,0
19643,78,0
19644,88,0
19645,90,0
19646,73,0
19647,86,0
19648,72,0
19649,84,0
19650,89,0
19651,87,0
19652,85,0
19653,70,0
19654,84,0
19655,88,0
19656,88,0
19657,77,0
19658,88,0
19659,79,0
19660,91,0
19661,86,0
19662,84,0
19663,88,0
19664,87,0
19665,91,0
19666,82,0
19667,73,0
19668,78,0
19669,80,0
19670,97,0
19671,88,0
19672,81,0
19673,80,0
19674,80,0
19675,87,0
19676,83,0
19677,86,0
19678,80,0
19679,83,0
19680,82,0
19681,86,0
19682,88,0
19683,83,0
19684,84,0
19685,75,0
19686,86,0
19687,92,0
19688,85,0
19689,90,0
19690,81,0
19691,78,0
19692,90,0
19693,86,0
19694,84,0
19695,86,0
19696,88,0
19697,88,0
19698,84,0
19699,75,0
19700,89,0
19701,79,0
19702,84,0
19703,86,0
19704,78,0
19705,89,0
19706,86,0
19707,85,0
19708,83,0
19709,77,0
19710,72,0
19711,74,0
19712,81,0
19713,81,0
19714,78,0
19715,78,0
19716,82,0
19717,80,0
19718,87,0
19719,86,0
19720,90,0
19721,82,0
19722,81,0
19723,78,0
19724,88,0
19725,90,0
19726,86,0
19727,80,0
19728,78,0
19729,88,0
19730,89,0
19731,89,0
19732,79,0
19733,83,0
19734,81,0
19735,79,0
19736,82,0
19737,78,0
19738,89,0
19739,85,0
19740,82,0
19741,81,0
19742,85,0
19743,89,0
19744,86,0
19745,88,0
19746,76,0
19747,91,0
19748,76,0
19749,83,0
19750,90,0
19751,90,0
19752,89,0
19753,81,0
19754,76,0
19755,73,0
19756,79,0
19757,84,0
19758,89,0
19759,90,0
19760,81,0
19761,83,0
19762,83,0
19763,81,0
19764,88,0
19765,79,0
19766,89,0
19767,83,0
19768,83,0
19769,91,0
19770,84,0
19771,88,0
19772,89,0
19773,86,0
19774,89,0
19775,84,0
19776,94,0
19777,84,0
19778,88,0
19779,82,0
19780,85,0
19781,92,0
19782,81,0
19783,82,0
19784,92,0
19785,78,0
19786,78,0
19787,89,0
19788,80,0
19789,77,0
19790,92,0
19791,78,0
19792,77,0
19793,82,0
19794,89,0
19795,84,0
19796,91,0
19797,88,0
19798,89,0
19799,93,0
19800,81,0
19801,83,0
19802,78,0
19803,79,0
19804,88,0
19805,89,0
19806,80,0
19807,76,0
19808,84,0
19809,95,0
19810,94,0
19811,79,0
19812,90,0
19813,78,0
19814,76,0
19815,89,0
19816,89,0
19817,91,0
19818,83,0
19819,79,0
19820,88,0
19821,82,0
19822,72,0
19823,82,0
19824,78,0
19825,85,0
19826,83,0
19827,87,0
19828,86,0
19829,78,0
19830,93,0
19831,83,0
19832,86,0
19833,92,0
19834,84,0
19835,83,0
19836,94,0
19837,84,0
19838,79,0
19839,88,0
19840,82,0
19841,83,0
19842,85,0
19843,76,0
19844,87,0
19845,83,0
19846,83,0
19847,89,0
19848,83,0
19849,77,0
19850,90,0
19851,87,0
19852,91,0
19853,84,0
19854,73,0
19855,85,0
19856,81,0
19857,83,0
19858,80,0
19859,83,0
19860,84,0
19861,82,0
19862,86,0
19863,88,0
19864,80,0
19865,82,0
19866,80,0
19867,88,0
19868,83,0
19869,90,0
19870,79,0
19871,86,0
19872,86,0
19873,85,0
19874,78,0
19875,86,0
19876,81,0
19877,81,0
19878,87,0
19879,96,0
19880,90,0
19881,89,0
19882,82,0
19883,80,0
19884,91,0
19885,78,0
19886,77,0
19887,91,0
19888,91,0
19889,80,0
19890,83,0
19891,79,0
19892,77,0
19893,81,0
19894,91,0
19895,82,0
19896,87,0
19897,85,0
19898,79,0
19899,88,0
19900,84,0
19901,85,0
19902,84,0
19903,90,0
19904,82,0
19905,98,0
19906,82,0
19907,81,0
19908,92,0
19909,79,0
19910,89,0
19911,84,0
19912,79,0
19913,89,0
19914,85,0
19915,82,0
19916,92,0
19917,91,0
19918,72,0
19919,82,0
19920,89,0
19921,81,0
19922,82,0
19923,82,0
19924,81,0
19925,86,0
19926,82,0
19927,88,0
19928,81,0
19929,84,0
19930,77,0
19931,88,0
19932,93,0
19933,84,0
19934,84,0
19935,87,0
19936,91,0
19937,85,0
19938,87,0
19939,93,0
19940,73,0
19941,90,0
19942,89,0
19943,89,0
19944,86,0
19945,84,0
19946,77,0
19947,81,0
19948,82,0
19949,92,0
19950,80,0
19951,91,0
19952,85,0
19953,85,0
19954,87,0
19955,86,0
19956,83,0
19957,90,0
19958,82,0
19959,75,0
19960,91,0
19961,89,0
19962,86,0
19963,92,0
19964,76,0
19965,88,0
19966,87,0
19967,86,0
19968,82,0
19969,88,0
19970,88,0
19971,90,0
19972,92,0
19973,84,0
19974,89,0
19975,75,0
19976,73,0
19977,80,0
19978,86,0
19979,89,0
19980,85,0
19981,86,0
19982,88,0
19983,81,0
19984,86,0
19985,70,0
19986,80,0
19987,84,0
19988,84,0
19989,86,0
19990,80,0
19991,89,0
19992,90,0
19993,86,0
19994,96,0
19995,80,0
19996,85,0
19997,75,0
19998,82,0
19999,83,0
20000,88,0
20001,88,0
20002,82,0
20003,87,0
20004,76,0
20005,83,0
20006,72,0
20007,87,0
20008,86,0
20009,78,0
20010,77,0
20011,84,0
20012,93,0
20013,84,0
20014,83,0
20015,86,0
20016,84,0
20017,72,0
20018,84,0
20019,76,0
20020,80,0
20021,81,0
20022,84,0
20023,90,0
20024,86,0
20025,82,0
20026,88,0
20027,94,0
20028,85,0
20029,80,0
20030,80,0
20031,87,0
20032,75,0
20033,90,0
20034,77,0
20035,92,0
20036,84,0
20037,86,0
20038,83,0
20039,86,0
20040,81,0
20041,90,0
20042,81,0
20043,89,0
20044,90,0
20045,84,0
20046,85,0
20047,85,0
20048,86,0
20049,81,0
20050,95,0
20051,75,0
20052,85,0
20053,79,0
20054,85,0
20055,87,0
20056,85,0
20057,89,0
20058,85,0
20059,89,0
20060,80,0
20061,84,0
20062,84,0
20063,84,0
20064,84,0
20065,94,0
20066,86,0
20067,85,0
20068,86,0
20069,83,0
20070,91,0
20071,86,0
20072,81,0
20073,85,0
20074,81,0
20075,90,0
20076,90,0
20077,88,0
20078,90,0
20079,90,0
20080,82,0
20081,83,0
20082,93,0
20083,84,0
20084,92,0
20085,85,0
20086,89,0
20087,80,0
20088,84,0
20089,94,0
20090,91,0
20091,84,0
20092,84,0
20093,84,0
20094,91,0
20095,81,0
20096,83,0
20097,82,0
20098,91,0
20099,75,0
20100,79,0
20101,86,0
20102,78,0
20103,87,0
20104,92,0
20105,86,0
20106,93,0
20107,97,0
20108,81,0
20109,86,0
20110,85,0
20111,85,0
20112,75,0
20113,86,0
20114,92,0
20115,86,0
20116,80,0
20117,70,0
20118,79,0
20119,77,0
20120,86,0
20121,74,0
20122,80,0
20123,79,0
20124,84,0
20125,89,0
20126,79,0
20127,86,0
20128,89,0
20129,87,0
20130,86,0
20131,86,0
20132,85,0
20133,84,0
20134,84,0
20135,81,0
20136,82,0
20137,82,0
20138,82,0
20139,92,0
20140,81,0
20141,84,0
20142,87,0
20143,86,0
20144,91,0
20145,86,0
20146,80,0
20147,82,0
20148,88,0
20149,76,0
20150,86,0
20151,81,0
20152,87,0
20153,82,0
20154,87,0
20155,96,0
20156,88,0
20157,90,0
20158,83,0
20159,87,0
20160,88,0
20161,81,0
20162,83,0
20163,85,0
20164,85,0
20165,79,0
20166,79,0
20167,77,0
20168,80,0
20169,84,0
20170,81,0
20171,89,0
20172,84,0
20173,86,0
20174,83,0
20175,82,0
20176,81,0
20177,73,0
20178,89,0
20179,84,0
20180,77,0
20181,82,0
20182,83,0
20183,83,0
20184,84,0
20185,82,0
20186,84,0
20187,86,0
20188,88,0
20189,73,0
20190,82,0
20191,76,0
20192,85,0
20193,94,0
20194,76,0
20195,83,0
20196,86,0
20197,80,0
20198,78,0
20199,89,0
20200,84,0
20201,85,0
20202,84,0
20203,90,0
20204,81,0
20205,82,0
20206,79,0
20207,87,0
20208,88,0
20209,84,0
20210,86,0
20211,92,0
20212,85,0
20213,92,0
20214,80,0
20215,83,0
20216,81,0
20217,85,0
20218,82,0
20219,78,0
20220,83,0
20221,85,0
20222,75,0
20223,83,0
20224,82,0
20225,79,0
20226,88,0
20227,75,0
20228,78,0
20229,86,0
20230,85,0
20231,89,0
20232,87,0
20233,88,0
20234,81,0
20235,81,0
20236,86,0
20237,81,0
20238,88,0
20239,89,0
20240,82,0
20241,83,0
20242,82,0
20243,81,0
20244,95,0
20245,83,0
20246,87,0
20247,89,0
20248,79,0
20249,88,0
20250,88,0
20251,81,0
20252,84,0
20253,85,0
20254,89,0
20255,90,0
20256,84,0
20257,77,0
20258,83,0
20259,80,0
20260,79,0
20261,91,0
20262,78,0
20263,79,0
20264,87,0
20265,88,0
20266,87,0
20267,77,0
20268,84,0
20269,94,0
20270,84,0
20271,88,0
20272,83,0
20273,85,0
20274,82,0
20275,88,0
20276,86,0
20277,85,0
20278,80,0
20279,86,0
20280,87,0
20281,94,0
20282,86,0
20283,79,0
20284,84,0
20285,86,0
20286,86,0
20287,84,0
20288,87,0
20289,83,0
20290,88,0
20291,77,0
20292,95,0
20293,88,0
20294,85,0
20295,82,0
20296,87,0
20297,90,0
20298,88,0
20299,83,0
20300,94,0
20301,79,0
20302,86,0
20303,80,0
20304,81,0
20305,88,0
20306,82,0
20307,86,0
20308,87,0
20309,79,0
20310,91,0
20311,81,0
20312,81,0
20313,86,0
20314,88,0
20315,95,0
20316,81,0
20317,87,0
20318,83,0
20319,83,0
20320,88,0
20321,78,0
20322,83,0
20323,87,0
20324,79,0
20325,86,0
20326,85,0
20327,85,0
20328,93,0
20329,88,0
20330,82,0
20331,93,0
20332,85,0
20333,80,0
20334,84,0
20335,92,0
20336,90,0
20337,93,0
20338,81,0
20339,86,0
20340,87,0
20341,77,0
20342,83,0
20343,88,0
20344,81,0
20345,83,0
20346,79,0
20347,82,0
20348,87,0
20349,83,0
20350,83,0
20351,79,0
20352,78,0
20353,82,0
20354,89,0
20355,73,0
20356,84,0
20357,73,0
20358,88,0
20359,76,0
20360,80,0
20361,86,0
20362,93,0
20363,85,0
20364,82,0
20365,80,0
20366,81,0
20367,81,0
20368,88,0
20369,87,0
20370,83,0
20371,85,0
20372,82,0
20373,73,0
20374,86,0
20375,79,0
20376,87,0
20377,83,0
20378,74,0
20379,80,0
20380,84,0
20381,96,0
20382,89,0
20383,87,0
20384,88,0
20385,78,0
20386,82,0
20387,84,0
20388,88,0
20389,89,0
20390,85,0
20391,75,0
20392,75,0
20393,81,0
20394,87,0
20395,75,0
20396,85,0
20397,84,0
20398,85,0
20399,86,0
20400,85,0
20401,84,0
20402,89,0
20403,85,0
20404,93,0
20405,83,0
20406,87,0
20407,95,0
20408,81,0
20409,82,0
20410,83,0
20411,80,0
20412,87,0
20413,90,0
20414,82,0
20415,79,0
20416,84,0
20417,79,0
20418,92,0
20419,88,0
20420,77,0
20421,87,0
20422,86,0
20423,80,0
20424,86,0
20425,83,0
20426,87,0
20427,84,0
20428,85,0
20429,85,0
20430,81,0
20431,85,0
20432,83,0
20433,87,0
20434,83,0
20435,82,0
20436,84,0
20437,85,0
20438,92,0
20439,77,0
20440,83,0
20441,84,0
20442,76,0
20443,81,0
20444,90,0
20445,80,0
20446,78,0
20447,84,0
20448,94,0
20449,77,0
20450,84,0
20451,81,0
20452,84,0
20453,82,0
20454,84,0
20455,86,0
20456,86,0
20457,83,0
20458,88,0
20459,84,0
20460,78,0
20461,88,0
20462,91,0
20463,77,0
20464,99,0
20465,84,0
20466,93,0
20467,86,0
20468,82,0
20469,91,0
20470,75,0
20471,95,0
20472,80,0
20473,81,0
20474,93,0
20475,82,0
20476,85,0
20477,78,0
20478,75,0
20479,75,0
20480,91,0
20481,84,0
20482,77,0
20483,84,0
20484,88,0
20485,86,0
20486,89,0
20487,78,0
20488,91,0
20489,84,0
20490,82,0
20491,87,0
20492,81,0
20493,89,0
20494,82,0
20495,88,0
20496,79,0
20497,87,0
20498,86,0
20499,82,0
20500,83,0
20501,81,0
20502,86,0
20503,82,0
20504,87,0
20505,86,0
20506,73,0
20507,85,0
20508,74,0
20509,83,0
20510,87,0
20511,88,0
20512,89,0
20513,76,0
20514,88,0
20515,85,0
20516,74,0
20517,91,0
20518,85,0
20519,95,0
20520,85,0
20521,85,0
20522,90,0
20523,79,0
20524,89,0
20525,89,0
20526,82,0
20527,81,0
20528,81,0
20529,88,0
20530,93,0
20531,90,0
20532,81,0
20533,84,0
20534,77,0
20535,88,0
20536,93,0
20537,88,0
20538,83,0
20539,75,0
20540,98,0
20541,78,0
20542,85,0
20543,94,0
20544,83,0
20545,75,0
20546,84,0
20547,83,0
20548,89,0
20549,92,0
20550,86,0
20551,83,0
20552,95,0
20553,85,0
20554,85,0
20555,88,0
20556,86,0
20557,82,0
20558,86,0
20559,84,0
20560,93,0
20561,86,0
20562,83,0
20563,79,0
20564,84,0
20565,85,0
20566,89,0
20567,76,0
20568,87,0
20569,94,0
20570,86,0
20571,85,0
20572,79,0
20573,92,0
20574,85,0
20575,84,0
20576,80,0
20577,87,0
20578,83,0
20579,89,0
20580,81,0
20581,84,0
20582,81,0
20583,83,0
20584,82,0
20585,83,0
20586,77,0
20587,91,0
20588,84,0
20589,93,0
20590,84,0
20591,77,0
20592,83,0
20593,73,0
20594,81,0
20595,96,0
20596,82,0
20597,83,0
20598,87,0
20599,83,0
20600,79,0
20601,86,0
20602,85,0
20603,80,0
20604,83,0
20605,85,0
20606,79,0
20607,76,0
20608,87,0
20609,86,0
20610,83,0
20611,80,0
20612,92,0
20613,87,0
20614,85,0
20615,77,0
20616,84,0
20617,85,0
20618,90,0
20619,76,0
20620,82,0
20621,78,0
20622,73,0
20623,86,0
20624,80,0
20625,93,0
20626,83,0
20627,78,0
20628,77,0
20629,75,0
20630,82,0
20631,86,0
20632,70,0
20633,80,0
20634,94,0
20635,88,0
20636,84,0
20637,86,0
20638,86,0
20639,76,0
20640,75,0
20641,89,0
20642,83,0
20643,78,0
20644,87,0
20645,80,0
20646,83,0
20647,77,0
20648,88,0
20649,82,0
20650,83,0
20651,81,0
20652,88,0
20653,84,0
20654,86,0
20655,77,0
20656,86,0
20657,86,0
20658,89,0
20659,77,0
20660,85,0
20661,72,0
20662,88,0
20663,79,0
20664,82,0
20665,81,0
20666,91,0
20667,88,0
20668,79,0
20669,92,0
20670,86,0
20671,83,0
20672,84,0
20673,84,0
20674,83,0
20675,81,0
20676,80,0
20677,89,0
20678,88,0
20679,83,0
20680,79,0
20681,78,0
20682,82,0
20683,87,0
20684,74,0
20685,84,0
20686,88,0
20687,82,0
20688,82,0
20689,85,0
20690,88,0
20691,84,0
20692,78,0
20693,82,0
20694,84,0
20695,83,0
20696,84,0
20697,81,0
20698,80,0
20699,78,0
20700,77,0
20701,95,0
20702,83,0
20703,85,0
20704,86,0
20705,83,0
20706,88,0
20707,91,0
20708,86,0
20709,78,0
20710,87,0
20711,82,0
20712,78,0
20713,80,0
20714,76,0
20715,89,0
20716,91,0
20717,89,0
20718,75,0
20719,90,0
20720,77,0
20721,81,0
20722,85,0
20723,84,0
20724,82,0
20725,87,0
20726,83,0
20727,88,0
20728,82,0
20729,87,0
20730,80,0
20731,86,0
20732,83,0
20733,85,0
20734,83,0
20735,89,0
20736,82,0
20737,84,0
20738,90,0
20739,83,0
20740,87,0
20741,85,0
20742,83,0
20743,87,0
20744,87,0
20745,80,0
20746,90,0
20747,92,0
20748,83,0
20749,83,0
20750,87,0
20751,85,0
20752,85,0
20753,84,0
20754,84,0
20755,80,0
20756,99,0
20757,80,0
20758,79,0
20759,90,0
20760,86,0
20761,74,0
20762,86,0
20763,76,0
20764,80,0
20765,89,0
20766,87,0
20767,75,0
20768,83,0
20769,78,0
20770,85,0
20771,86,0
20772,85,0
20773,78,0
20774,92,0
20775,92,0
20776,87,0
20777,79,0
20778,84,0
20779,81,0
20780,91,0
20781,75,0
20782,94,0
20783,84,0
20784,82,0
20785,76,0
20786,91,0
20787,87,0
20788,88,0
20789,87,0
20790,80,0
20791,81,0
20792,81,0
20793,78,0
20794,87,0
20795,88,0
20796,95,0
20797,82,0
20798,90,0
20799,85,0
20800,94,0
20801,80,0
20802,83,0
20803,88,0
20804,88,0
20805,94,0
20806,86,0
20807,86,0
20808,77,0
20809,80,0
20810,84,0
20811,82,0
20812,86,0
20813,77,0
20814,87,0
20815,87,0
20816,92,0
20817,82,0
20818,85,0
20819,81,0
20820,94,0
20821,80,0
20822,78,0
20823,88,0
20824,87,0
20825,88,0
20826,89,0
20827,82,0
20828,86,0
20829,83,0
20830,74,0
20831,82,0
20832,81,0
20833,93,0
20834,85,0
20835,83,0
20836,75,0
20837,81,0
20838,87,0
20839,80,0
20840,87,0
20841,88,0
20842,85,0
20843,91,0
20844,83,0
20845,84,0
20846,82,0
20847,86,0
20848,83,0
20849,84,0
20850,79,0
20851,90,0
20852,79,0
20853,76,0
20854,80,0
20855,92,0
20856,78,0
20857,88,0
20858,77,0
20859,86,0
20860,84,0
20861,82,0
20862,86,0
20863,90,0
20864,87,0
20865,79,0
20866,85,0
20867,84,0
20868,88,0
20869,89,0
20870,79,0
20871,78,0
20872,77,0
20873,83,0
20874,77,0
20875,76,0
20876,86,0
20877,74,0
20878,87,0
20879,77,0
20880,94,0
20881,84,0
20882,83,0
20883,82,0
20884,77,0
20885,90,0
20886,82,0
20887,82,0
20888,83,0
20889,86,0
20890,83,0
20891,93,0
20892,89,0
20893,91,0
20894,87,0
20895,82,0
20896,79,0
20897,80,0
20898,83,0
20899,90,0
20900,78,0
20901,80,0
20902,81,0
20903,84,0
20904,89,0
20905,86,0
20906,80,0
20907,90,0
20908,84,0
20909,85,0
20910,85,0
20911,86,0
20912,80,0
20913,90,0
20914,85,0
20915,87,0
20916,84,0
20917,88,0
20918,79,0
20919,94,0
20920,83,0
20921,78,0
20922,93,0
20923,84,0
20924,74,0
20925,74,0
20926,83,0
20927,81,0
20928,86,0
20929,84,0
20930,86,0
20931,80,0
20932,79,0
20933,88,0
20934,91,0
20935,86,0
20936,85,0
20937,89,0
20938,81,0
20939,83,0
20940,91,0
20941,89,0
20942,86,0
20943,85,0
20944,93,0
20945,82,0
20946,87,0
20947,76,0
20948,76,0
20949,88,0
20950,84,0
20951,82,0
20952,82,0
20953,86,0
20954,79,0
20955,78,0
20956,77,0
20957,83,0
20958,88,0
20959,85,0
20960,93,0
20961,80,0
20962,87,0
20963,79,0
20964,89,0
20965,88,0
20966,89,0
20967,76,0
20968,87,0
20969,93,0
20970,82,0
20971,90,0
20972,82,0
20973,86,0
20974,83,0
20975,88,0
20976,83,0
20977,87,0
20978,77,0
20979,79,0
20980,85,0
20981,91,0
20982,88,0
20983,78,0
20984,79,0
20985,76,0
20986,85,0
20987,87,0
20988,90,0
20989,88,0
20990,79,0
20991,83,0
20992,75,0
20993,83,0
20994,80,0
20995,80,0
20996,85,0
20997,91,0
20998,86,0
20999,89,0
21000,91,0
21001,85,0
21002,85,0
21003,91,0
21004,84,0
21005,91,0
21006,86,0
21007,85,0
21008,83,0
21009,79,0
21010,85,0
21011,79,0
21012,73,0
21013,83,0
21014,87,0
21015,84,0
21016,92,0
21017,82,0
21018,85,0
21019,81,0
21020,88,0
21021,82,0
21022,94,0
21023,84,0
21024,86,0
21025,79,0
21026,88,0
21027,81,0
21028,84,0
21029,76,0
21030,93,0
21031,83,0
21032,80,0
21033,87,0
21034,82,0
21035,84,0
21036,90,0
21037,81,0
21038,86,0
21039,85,0
21040,97,0
21041,87,0
21042,84,0
21043,79,0
21044,85,0
21045,78,0
21046,89,0
21047,88,0
21048,80,0
21049,82,0
21050,91,0
21051,79,0
21052,81,0
21053,86,0
21054,90,0
21055,95,0
21056,93,0
21057,77,0
21058,89,0
21059,92,0
21060,88,0
21061,77,0
21062,74,0
21063,88,0
21064,83,0
21065,81,0
21066,87,0
21067,72,0
21068,85,0
21069,87,0
21070,81,0
21071,82,0
21072,81,0
21073,86,0
21074,73,0
21075,91,0
21076,77,0
21077,87,0
21078,87,0
21079,90,0
21080,90,0
21081,89,0
21082,78,0
21083,80,0
21084,74,0
21085,86,0
21086,79,0
21087,79,0
21088,76,0
21089,88,0
21090,86,0
21091,82,0
21092,85,0
21093,88,0
21094,80,0
21095,87,0
21096,84,0
21097,89,0
21098,77,0
21099,91,0
21100,77,0
21101,84,0
21102,80,0
21103,84,0
21104,86,0
21105,87,0
21106,87,0
21107,84,0
21108,88,0
21109,93,0
21110,85,0
21111,80,0
21112,72,0
21113,83,0
21114,88,0
21115,85,0
21116,82,0
21117,87,0
21118,83,0
21119,80,0
21120,77,0
21121,84,0
21122,86,0
21123,88,0
21124,85,0
21125,87,0
21126,87,0
21127,83,0
21128,88,0
21129,76,0
21130,84,0
21131,73,0
21132,88,0
21133,81,0
21134,78,0
21135,84,0
21136,88,0
21137,74,0
21138,82,0
21139,87,0
21140,84,0
21141,88,0
21142,92,0
21143,80,0
21144,88,0
21145,94,0
21146,84,0
21147,86,0
21148,86,0
21149,91,0
21150,79,0
21151,81,0
21152,76,0
21153,73,0
21154,85,0
21155,84,0
21156,89,0
21157,77,0
21158,87,0
21159,85,0
21160,83,0
21161,83,0
21162,83,0
21163,82,0
21164,88,0
21165,87,0
21166,86,0
21167,77,0
21168,82,0
21169,85,0
21170,90,0
21171,79,0
21172,71,0
21173,86,0
21174,84,0
21175,84,0
21176,85,0
21177,89,0
21178,88,0
21179,85,0
21180,79,0
21181,77,0
21182,79,0
21183,85,0
21184,82,0
21185,94,0
21186,80,0
21187,83,0
21188,80,0
21189,89,0
21190,88,0
21191,87,0
21192,86,0
21193,85,0
21194,78,0
21195,83,0
21196,84,0
21197,87,0
21198,84,0
21199,85,0
21200,80,0
21201,76,0
21202,80,0
21203,85,0
21204,77,0
21205,79,0
21206,82,0
21207,81,0
21208,84,0
21209,88,0
21210,83,0
21211,81,0
21212,92,0
21213,82,0
21214,88,0
21215,82,0
21216,78,0
21217,92,0
21218,89,0
21219,85,0
21220,76,0
21221,91,0
21222,82,0
21223,77,0
21224,80,0
21225,86,0
21226,90,0
21227,93,0
21228,84,0
21229,86,0
21230,90,0
21231,84,0
21232,82,0
21233,81,0
21234,84,0
21235,92,0
21236,81,0
21237,89,0
21238,86,0
21239,88,0
21240,83,0
21241,93,0
21242,86,0
21243,83,0
21244,86,0
21245,85,0
21246,82,0
21247,84,0
21248,90,0
21249,85,0
21250,81,0
21251,85,0
21252,85,0
21253,95,0
21254,78,0
21255,83,0
21256,81,0
21257,82,0
21258,83,0
21259,73,0
21260,79,0
21261,86,0
21262,84,0
21263,77,0
21264,89,0
21265,90,0
21266,86,0
21267,85,0
21268,80,0
21269,83,0
21270,96,0
21271,80,0
21272,84,0
21273,80,0
21274,81,0
21275,83,0
21276,83,0
21277,81,0
21278,81,0
21279,81,0
21280,86,0
21281,86,0
21282,82,0
21283,93,0
21284,80,0
21285,84,0
21286,93,0
21287,88,0
21288,83,0
21289,81,0
21290,89,0
21291,88,0
21292,92,0
21293,82,0
21294,79,0
21295,82,0
21296,80,0
21297,84,0
21298,87,0
21299,91,0
21300,79,0
21301,80,0
21302,85,0
21303,95,0
21304,89,0
21305,87,0
21306,79,0
21307,87,0
21308,78,0
21309,89,0
21310,90,0
21311,88,0
21312,88,0
21313,87,0
21314,99,0
21315,82,0
21316,89,0
21317,90,0
21318,71,0
21319,87,0
21320,82,0
21321,89,0
21322,83,0
21323,81,0
21324,87,0
21325,76,0
21326,91,0
21327,86,0
21328,81,0
21329,80,0
21330,69,0
21331,82,0
21332,80,0
21333,85,0
21334,79,0
21335,98,0
21336,86,0
21337,88,0
21338,93,0
21339,86,0
21340,87,0
21341,93,0
21342,76,0
21343,89,0
21344,89,0
21345,84,0
21346,83,0
21347,83,0
21348,82,0
21349,88,0
21350,77,0
21351,88,0
21352,75,0
21353,83,0
21354,89,0
21355,84,0
21356,85,0
21357,84,0
21358,86,0
21359,74,0
21360,81,0
21361,88,0
21362,84,0
21363,85,0
21364,90,0
21365,88,0
21366,81,0
21367,85,0
21368,91,0
21369,86,0
21370,86,0
21371,86,0
21372,85,0
21373,85,0
21374,90,0
21375,88,0
21376,85,0
21377,84,0
21378,82,0
21379,84,0
21380,83,0
21381,88,0
21382,84,0
21383,91,0
21384,86,0
21385,91,0
21386,89,0
21387,83,0
21388,91,0
21389,87,0
21390,77,0
21391,86,0
21392,84,0
21393,86,0
21394,90,0
21395,82,0
21396,90,0
21397,88,0
21398,77,0
21399,77,0
21400,74,0
21401,79,0
21402,79,0
21403,87,0
21404,81,0
21405,79,0
21406,84,0
21407,88,0
21408,82,0
21409,80,0
21410,81,0
21411,80,0
21412,86,0
21413,96,0
21414,84,0
21415,86,0
21416,81,0
21417,77,0
21418,89,0
21419,79,0
21420,86,0
21421,81,0
21422,82,0
21423,90,0
21424,75,0
21425,96,0
21426,85,0
21427,80,0
21428,84,0
21429,77,0
21430,87,0
21431,89,0
21432,94,0
21433,84,0
21434,74,0
21435,77,0
21436,84,0
21437,84,0
21438,86,0
21439,85,0
21440,78,0
21441,84,0
21442,74,0
21443,80,0
21444,81,0
21445,85,0
21446,87,0
21447,78,0
21448,83,0
21449,84,0
21450,86,0
21451,92,0
21452,82,0
21453,80,0
21454,81,0
21455,82,0
21456,90,0
21457,81,0
21458,88,0
21459,78,0
21460,84,0
21461,85,0
21462,81,0
21463,85,0
21464,87,0
21465,79,0
21466,80,0
21467,88,0
21468,90,0
21469,81,0
21470,75,0
21471,80,0
21472,85,0
21473,81,0
21474,84,0
21475,87,0
21476,75,0
21477,81,0
21478,83,0
21479,79,0
21480,86,0
21481,85,0
21482,87,0
21483,92,0
21484,86,0
21485,85,0
21486,81,0
21487,88,0
21488,84,0
21489,82,0
21490,82,0
21491,89,0
21492,88,0
21493,94,0
21494,82,0
21495,80,0
21496,79,0
21497,88,0
21498,82,0
21499,94,0
21500,88,0
21501,79,0
21502,82,0
21503,91,0
21504,92,0
21505,84,0
21506,90,0
21507,84,0
21508,79,0
21509,77,0
21510,90,0
21511,74,0
21512,86,0
21513,80,0
21514,82,0
21515,74,0
21516,75,0
21517,87,0
21518,88,0
21519,76,0
21520,83,0
21521,84,0
21522,83,0
21523,81,0
21524,85,0
21525,81,0
21526,77,0
21527,86,0
21528,84,0
21529,86,0
21530,80,0
21531,78,0
21532,81,0
21533,82,0
21534,77,0
21535,85,0
21536,86,0
21537,90,0
21538,94,0
21539,86,0
21540,74,0
21541,84,0
21542,81,0
21543,80,0
21544,84,0
21545,83,0
21546,87,0
21547,82,0
21548,90,0
21549,78,0
21550,88,0
21551,87,0
21552,85,0
21553,80,0
21554,77,0
21555,87,0
21556,72,0
21557,88,0
21558,88,0
21559,80,0
21560,87,0
21561,90,0
21562,77,0
21563,79,0
21564,79,0
21565,88,0
21566,77,0
21567,82,0
21568,84,0
21569,85,0
21570,85,0
21571,85,0
21572,84,0
21573,82,0
21574,88,0
21575,79,0
21576,83,0
21577,84,0
21578,88,0
21579,92,0
21580,86,0
21581,89,0
21582,76,0
21583,88,0
21584,84,0
21585,83,0
21586,82,0
21587,74,0
21588,85,0
21589,89,0
21590,74,0
21591,79,0
21592,80,0
21593,67,0
21594,83,0
21595,85,0
21596,83,0
21597,83,0
21598,84,0
21599,82,0
21600,80,0
21601,90,0
21602,82,0
21603,84,0
21604,86,0
21605,83,0
21606,84,0
21607,84,0
21608,88,0
21609,82,0
21610,90,0
21611,79,0
21612,78,0
21613,82,0
21614,90,0
21615,86,0
21616,86,0
21617,87,0
21618,79,0
21619,89,0
21620,86,0
21621,79,0
21622,90,0
21623,79,0
21624,88,0
21625,80,0
21626,80,0
21627,84,0
21628,84,0
21629,87,0
21630,83,0
21631,94,0
21632,84,0
21633,78,0
21634,81,0
21635,87,0
21636,81,0
21637,90,0
21638,83,0
21639,80,0
21640,78,0
21641,79,0
21642,86,0
21643,84,0
21644,87,0
21645,83,0
21646,89,0
21647,85,0
21648,93,0
21649,84,0
21650,89,0
21651,85,0
21652,85,0
21653,84,0
21654,86,0
21655,85,0
21656,82,0
21657,84,0
21658,81,0
21659,93,0
21660,89,0
21661,83,0
21662,83,0
21663,67,0
21664,83,0
21665,83,0
21666,80,0
21667,86,0
21668,89,0
21669,89,0
21670,86,0
21671,88,0
21672,85,0
21673,89,0
21674,89,0
21675,84,0
21676,91,0
21677,86,0
21678,83,0
21679,84,0
21680,83,0
21681,84,0
21682,85,0
21683,80,0
21684,79,0
21685,81,0
21686,84,0
21687,78,0
21688,84,0
21689,77,0
21690,82,0
21691,91,0
21692,92,0
21693,83,0
21694,83,0
21695,80,0
21696,81,0
21697,80,0
21698,84,0
21699,87,0
21700,75,0
21701,88,0
21702,85,0
21703,86,0
21704,74,0
21705,94,0
21706,85,0
21707,78,0
21708,85,0
21709,77,0
21710,83,0
21711,82,0
21712,88,0
21713,89,0
21714,81,0
21715,79,0
21716,75,0
21717,82,0
21718,89,0
21719,84,0
21720,84,0
21721,83,0
21722,79,0
21723,92,0
21724,75,0
21725,84,0
21726,81,0
21727,80,0
21728,85,0
21729,89,0
21730,83,0
21731,88,0
21732,86,0
21733,76,0
21734,90,0
21735,80,0
21736,95,0
21737,83,0
21738,78,0
21739,73,0
21740,84,0
21741,93,0
21742,84,0
21743,84,0
21744,82,0
21745,85,0
21746,85,0
21747,82,0
21748,88,0
21749,85,0
21750,84,0
21751,86,0
21752,80,0
21753,81,0
21754,83,0
21755,77,0
21756,83,0
21757,88,0
21758,83,0
21759,89,0
21760,87,0
21761,78,0
21762,86,0
21763,79,0
21764,81,0
21765,77,0
21766,80,0
21767,78,0
21768,86,0
21769,90,0
21770,80,0
21771,78,0
21772,83,0
21773,90,0
21774,86,0
21775,85,0
21776,87,0
21777,83,0
21778,77,0
21779,83,0
21780,82,0
21781,84,0
21782,84,0
21783,79,0
21784,84,0
21785,82,0
21786,77,0
21787,79,0
21788,90,0
21789,84,0
21790,80,0
21791,77,0
21792,81,0
21793,82,0
21794,85,0
21795,78,0
21796,80,0
21797,83,0
21798,84,0
21799,85,0
21800,89,0
21801,78,0
21802,73,0
21803,83,0
21804,75,0
21805,77,0
21806,89,0
21807,79,0
21808,87,0
21809,83,0
21810,73,0
21811,80,0
21812,82,0
21813,85,0
21814,85,0
21815,86,0
21816,76,0
21817,85,0
21818,78,0
21819,86,0
21820,83,0
21821,82,0
21822,82,0
21823,90,0
21824,90,0
21825,95,0
21826,88,0
21827,84,0
21828,85,0
21829,76,0
21830,89,0
21831,92,0
21832,85,0
21833,76,0
21834,80,0
21835,84,0
21836,78,0
21837,89,0
21838,85,0
21839,88,0
21840,85,0
21841,79,0
21842,86,0
21843,85,0
21844,88,0
21845,79,0
21846,78,0
21847,80,0
21848,75,0
21849,86,0
21850,83,0
21851,83,0
21852,92,0
21853,78,0
21854,94,0
21855,80,0
21856,83,0
21857,83,0
21858,83,0
21859,89,0
21860,83,0
21861,83,0
21862,82,0
21863,87,0
21864,82,0
21865,85,0
21866,95,0
21867,84,0
21868,86,0
21869,81,0
21870,82,0
21871,82,0
21872,73,0
21873,81,0
21874,94,0
21875,89,0
21876,88,0
21877,85,0
21878,87,0
21879,76,0
21880,87,0
21881,86,0
21882,86,0
21883,83,0
21884,88,0
21885,79,0
21886,85,0
21887,85,0
21888,79,0
21889,77,0
21890,79,0
21891,89,0
21892,81,0
21893,85,0
21894,88,0
21895,83,0
21896,74,0
21897,81,0
21898,79,0
21899,80,0
21900,87,0
21901,88,0
21902,82,0
21903,80,0
21904,88,0
21905,75,0
21906,90,0
21907,80,0
21908,83,0
21909,106,0
21910,86,0
21911,84,0
21912,75,0
21913,83,0
21914,80,0
21915,78,0
21916,87,0
21917,91,0
21918,81,0
21919,87,0
21920,92,0
21921,75,0
21922,91,0
21923,82,0
21924,86,0
21925,77,0
21926,82,0
21927,84,0
21928,91,0
21929,84,0
21930,84,0
21931,86,0
21932,89,0
21933,84,0
21934,88,0
21935,84,0
21936,81,0
21937,83,0
21938,71,0
21939,87,0
21940,93,0
21941,89,0
21942,80,0
21943,86,0
21944,94,0
21945,83,0
21946,90,0
21947,83,0
21948,83,0
21949,80,0
21950,80,0
21951,82,0
21952,84,0
21953,78,0
21954,84,0
21955,84,0
21956,79,0
21957,84,0
21958,83,0
21959,82,0
21960,82,0
21961,81,0
21962,80,0
21963,83,0
21964,82,0
21965,86,0
21966,91,0
21967,82,0
21968,77,0
21969,81,0
21970,79,0
21971,99,0
21972,83,0
21973,82,0
21974,79,0
21975,90,0
21976,85,0
21977,73,0
21978,70,0
21979,75,0
21980,81,0
21981,82,0
21982,78,0
21983,85,0
21984,84,0
21985,88,0
21986,85,0
21987,82,0
21988,72,0
21989,87,0
21990,88,0
21991,84,0
21992,86,0
21993,92,0
21994,80,0
21995,86,0
21996,75,0
21997,86,0
21998,88,0
21999,87,0
22000,90,0
22001,80,0
22002,83,0
22003,84,0
22004,82,0
22005,80,0
22006,87,0
22007,84,0
22008,89,0
22009,90,0
22010,76,0
22011,85,0
22012,83,0
22013,85,0
22014,86,0
22015,80,0
22016,85,0
22017,87,0
22018,86,0
22019,83,0
22020,79,0
22021,89,0
22022,89,0
22023,86,0
22024,78,0
22025,90,0
22026,84,0
22027,90,0
22028,83,0
22029,85,0
22030,86,0
22031,83,0
22032,76,0
22033,82,0
22034,84,0
22035,78,0
22036,83,0
22037,82,0
22038,82,0
22039,86,0
22040,90,0
22041,81,0
22042,81,0
22043,85,0
22044,83,0
22045,82,0
22046,85,0
22047,84,0
22048,82,0
22049,86,0
22050,84,0
22051,83,0
22052,93,0
22053,80,0
22054,86,0
22055,86,0
22056,93,0
22057,83,0
22058,89,0
22059,78,0
22060,74,0
22061,85,0
22062,82,0
22063,94,0
22064,89,0
22065,78,0
22066,86,0
22067,89,0
22068,79,0
22069,91,0
22070,76,0
22071,83,0
22072,81,0
22073,86,0
22074,90,0
22075,91,0
22076,90,0
22077,78,0
22078,85,0
22079,83,0
22080,85,0
22081,80,0
22082,87,0
22083,89,0
22084,84,0
22085,86,0
22086,83,0
22087,88,0
22088,86,0
22089,88,0
22090,76,0
22091,85,0
22092,82,0
22093,83,0
22094,78,0
22095,82,0
22096,92,0
22097,91,0
22098,79,0
22099,87,0
22100,87,0
22101,90,0
22102,77,0
22103,84,0
22104,83,0
22105,78,0
22106,84,0
22107,82,0
22108,89,0
22109,89,0
22110,76,0
22111,74,0
22112,80,0
22113,79,0
22114,85,0
22115,84,0
22116,81,0
22117,77,0
22118,86,0
22119,87,0
22120,73,0
22121,72,0
22122,88,0
22123,84,0
22124,81,0
22125,77,0
22126,88,0
22127,78,0
22128,96,0
22129,79,0
22130,87,0
22131,79,0
22132,83,0
22133,77,0
22134,81,0
22135,80,0
22136,86,0
22137,90,0
22138,87,0
22139,86,0
22140,82,0
22141,87,0
22142,91,0
22143,89,0
22144,92,0
22145,91,0
22146,85,0
22147,82,0
22148,89,0
22149,77,0
22150,89,0
22151,88,0
22152,85,0
22153,82,0
22154,77,0
22155,84,0
22156,93,0
22157,81,0
22158,68,0
22159,82,0
22160,92,0
22161,88,0
22162,76,0
22163,88,0
22164,101,0
22165,85,0
22166,84,0
22167,88,0
22168,91,0
22169,82,0
22170,93,0
22171,86,0
22172,76,0
22173,96,0
22174,77,0
22175,90,0
22176,81,0
22177,80,0
22178,84,0
22179,82,0
22180,88,0
22181,86,0
22182,79,0
22183,86,0
22184,99,0
22185,76,0
22186,77,0
22187,81,0
22188,77,0
22189,82,0
22190,81,0
22191,77,0
22192,82,0
22193,81,0
22194,86,0
22195,83,0
22196,86,0
22197,86,0
22198,83,0
22199,84,0
22200,82,0
22201,91,0
22202,84,0
22203,81,0
22204,80,0
22205,83,0
22206,86,0
22207,86,0
22208,91,0
22209,80,0
22210,84,0
22211,95,0
22212,85,0
22213,95,0
22214,86,0
22215,85,0
22216,92,0
22217,85,0
22218,85,0
22219,89,0
22220,74,0
22221,73,0
22222,79,0
22223,74,0
22224,82,0
22225,88,0
22226,83,0
22227,81,0
22228,83,0
22229,87,0
22230,87,0
22231,97,0
22232,78,0
22233,82,0
22234,87,0
22235,87,0
22236,82,0
22237,93,0
22238,78,0
22239,75,0
22240,90,0
22241,80,0
22242,87,0
22243,83,0
22244,87,0
22245,86,0
22246,79,0
22247,92,0
22248,94,0
22249,80,0
22250,82,0
22251,84,0
22252,78,0
22253,90,0
22254,81,0
22255,78,0
22256,84,0
22257,84,0
22258,79,0
22259,75,0
22260,84,0
22261,79,0
22262,87,0
22263,87,0
22264,82,0
22265,77,0
22266,84,0
22267,92,0
22268,81,0
22269,91,0
22270,73,0
22271,79,0
22272,89,0
22273,83,0
22274,88,0
22275,84,0
22276,88,0
22277,84,0
22278,81,0
22279,85,0
22280,73,0
22281,86,0
22282,89,0
22283,89,0
22284,90,0
22285,83,0
22286,86,0
22287,83,0
22288,83,0
22289,71,0
22290,86,0
22291,92,0
22292,91,0
22293,87,0
22294,86,0
22295,91,0
22296,86,0
22297,86,0
22298,84,0
22299,76,0
22300,84,0
22301,86,0
22302,72,0
22303,77,0
22304,89,0
22305,85,0
22306,78,0
22307,74,0
22308,81,0
22309,87,0
22310,83,0
22311,76,0
22312,96,0
22313,83,0
22314,79,0
22315,81,0
22316,86,0
22317,86,0
22318,94,0
22319,81,0
22320,89,0
22321,97,0
22322,79,0
22323,85,0
22324,80,0
22325,82,0
22326,79,0
22327,84,0
22328,78,0
22329,75,0
22330,83,0
22331,89,0
22332,85,0
22333,79,0
22334,83,0
22335,81,0
22336,86,0
22337,84,0
22338,90,0
22339,84,0
22340,77,0
22341,82,0
22342,87,0
22343,85,0
22344,81,0
22345,89,0
22346,90,0
22347,79,0
22348,94,0
22349,76,0
22350,76,0
22351,80,0
22352,89,0
22353,72,0
22354,86,0
22355,93,0
22356,76,0
22357,87,0
22358,93,0
22359,87,0
22360,80,0
22361,87,0
22362,82,0
22363,83,0
22364,83,0
22365,77,0
22366,78,0
22367,85,0
22368,83,0
22369,77,0
22370,91,0
22371,81,0
22372,84,0
22373,79,0
22374,80,0
22375,79,0
22376,91,0
22377,84,0
22378,79,0
22379,83,0
22380,81,0
22381,77,0
22382,81,0
22383,74,0
22384,85,0
22385,88,0
22386,82,0
22387,77,0
22388,93,0
22389,82,0
22390,87,0
22391,81,0
22392,92,0
22393,80,0
22394,81,0
22395,88,0
22396,100,0
22397,84,0
22398,77,0
22399,75,0
22400,82,0
22401,85,0
22402,87,0
22403,86,0
22404,85,0
22405,78,0
22406,86,0
22407,74,0
22408,77,0
22409,88,0
22410,89,0
22411,70,0
22412,89,0
22413,86,0
22414,83,0
22415,87,0
22416,82,0
22417,92,0
22418,74,0
22419,88,0
22420,81,0
22421,79,0
22422,88,0
22423,84,0
22424,82,0
22425,92,0
22426,77,0
22427,84,0
22428,93,0
22429,86,0
22430,88,0
22431,87,0
22432,80,0
22433,75,0
22434,90,0
22435,90,0
22436,84,0
22437,94,0
22438,85,0
22439,89,0
22440,85,0
22441,88,0
22442,87,0
22443,88,0
22444,80,0
22445,79,0
22446,76,0
22447,94,0
22448,77,0
22449,83,0
22450,91,0
22451,84,0
22452,82,0
22453,77,0
22454,74,0
22455,78,0
22456,84,0
22457,89,0
22458,75,0
22459,84,0
22460,76,0
22461,81,0
22462,81,0
22463,82,0
22464,85,0
22465,84,0
22466,89,0
22467,83,0
22468,78,0
22469,85,0
22470,83,0
22471,82,0
22472,91,0
22473,81,0
22474,81,0
22475,65,0
22476,86,0
22477,81,0
22478,76,0
22479,87,0
22480,86,0
22481,86,0
22482,92,0
22483,76,0
22484,80,0
22485,93,0
22486,86,0
22487,83,0
22488,83,0
22489,81,0
22490,90,0
22491,81,0
22492,86,0
22493,83,0
22494,83,0
22495,89,0
22496,86,0
22497,82,0
22498,80,0
22499,88,0
22500,81,0
22501,73,0
22502,76,0
22503,99,0
22504,79,0
22505,83,0
22506,85,0
22507,79,0
22508,83,0
22509,87,0
22510,85,0
22511,75,0
22512,84,0
22513,81,0
22514,87,0
22515,84,0
22516,82,0
22517,82,0
22518,91,0
22519,79,0
22520,87,0
22521,89,0
22522,91,0
22523,82,0
22524,88,0
22525,83,0
22526,81,0
22527,93,0
22528,82,0
22529,90,0
22530,89,0
22531,74,0
22532,79,0
22533,85,0
22534,88,0
22535,91,0
22536,86,0
22537,87,0
22538,82,0
22539,90,0
22540,87,0
22541,80,0
22542,89,0
22543,91,0
22544,90,0
22545,90,0
22546,84,0
22547,80,0
22548,95,0
22549,87,0
22550,83,0
22551,93,0
22552,88,0
22553,90,0
22554,79,0
22555,87,0
22556,87,0
22557,87,0
22558,85,0
22559,85,0
22560,83,0
22561,85,0
22562,93,0
22563,84,0
22564,88,0
22565,81,0
22566,88,0
22567,84,0
22568,78,0
22569,83,0
22570,81,0
22571,83,0
22572,72,0
22573,82,0
22574,87,0
22575,82,0
22576,87,0
22577,81,0
22578,90,0
22579,96,0
22580,79,0
22581,78,0
22582,84,0
22583,79,0
22584,81,0
22585,75,0
22586,76,0
22587,79,0
22588,80,0
22589,90,0
22590,80,0
22591,77,0
22592,79,0
22593,88,0
22594,80,0
22595,81,0
22596,87,0
22597,87,0
22598,88,0
22599,87,0
22600,81,0
22601,84,0
22602,79,0
22603,86,0
22604,84,0
22605,74,0
22606,80,0
22607,92,0
22608,88,0
22609,82,0
22610,86,0
22611,86,0
22612,85,0
22613,92,0
22614,88,0
22615,88,0
22616,86,0
22617,82,0
22618,79,0
22619,94,0
22620,83,0
22621,79,0
22622,86,0
22623,85,0
22624,88,0
22625,86,0
22626,87,0
22627,79,0
22628,80,0
22629,77,0
22630,80,0
22631,89,0
22632,79,0
22633,80,0
22634,84,0
22635,91,0
22636,89,0
22637,84,0
22638,79,0
22639,82,0
22640,86,0
22641,83,0
22642,89,0
22643,78,0
22644,84,0
22645,77,0
22646,84,0
22647,84,0
22648,88,0
22649,87,0
22650,78,0
22651,88,0
22652,87,0
22653,83,0
22654,78,0
22655,80,0
22656,86,0
22657,86,0
22658,86,0
22659,79,0
22660,90,0
22661,87,0
22662,81,0
22663,88,0
22664,96,0
22665,86,0
22666,84,0
22667,81,0
22668,74,0
22669,78,0
22670,82,0
22671,96,0
22672,88,0
22673,83,0
22674,87,0
22675,92,0
22676,80,0
22677,86,0
22678,81,0
22679,82,0
22680,74,0
22681,82,0
22682,85,0
22683,80,0
22684,83,0
22685,84,0
22686,76,0
22687,83,0
22688,90,0
22689,78,0
22690,86,0
22691,86,0
22692,87,0
22693,83,0
22694,83,0
22695,82,0
22696,83,0
22697,90,0
22698,85,0
22699,75,0
22700,81,0
22701,82,0
22702,78,0
22703,91,0
22704,82,0
22705,89,0
22706,85,0
22707,86,0
22708,80,0
22709,83,0
22710,88,0
22711,81,0
22712,80,0
22713,85,0
22714,86,0
22715,76,0
22716,91,0
22717,82,0
22718,76,0
22719,89,0
22720,79,0
22721,83,0
22722,79,0
22723,91,0
22724,79,0
22725,83,0
22726,84,0
22727,80,0
22728,86,0
22729,77,0
22730,86,0
22731,85,0
22732,84,0
22733,82,0
22734,84,0
22735,78,0
22736,84,0
22737,83,0
22738,89,0
22739,77,0
22740,88,0
22741,77,0
22742,88,0
22743,81,0
22744,86,0
22745,88,0
22746,86,0
22747,79,0
22748,88,0
22749,79,0
22750,80,0
22751,77,0
22752,86,0
22753,66,0
22754,74,0
22755,81,0
22756,87,0
22757,96,0
22758,83,0
22759,90,0
22760,97,0
22761,84,0
22762,89,0
22763,72,0
22764,82,0
22765,85,0
22766,89,0
22767,82,0
22768,79,0
22769,83,0
22770,86,0
22771,93,0
22772,78,0
22773,86,0
22774,95,0
22775,88,0
22776,83,0
22777,81,0
22778,87,0
22779,82,0
22780,76,0
22781,79,0
22782,88,0
22783,85,0
22784,89,0
22785,83,0
22786,92,0
22787,86,0
22788,90,0
22789,79,0
22790,85,0
22791,85,0
22792,82,0
22793,78,0
22794,81,0
22795,80,0
22796,77,0
22797,82,0
22798,87,0
22799,87,0
22800,71,0
22801,91,0
22802,83,0
22803,84,0
22804,82,0
22805,84,0
22806,82,0
22807,85,0
22808,85,0
22809,78,0
22810,84,0
22811,83,0
22812,89,0
22813,79,0
22814,82,0
22815,87,0
22816,81,0
22817,76,0
22818,91,0
22819,86,0
22820,86,0
22821,75,0
22822,77,0
22823,90,0
22824,81,0
22825,91,0
22826,91,0
22827,90,0
22828,85,0
22829,84,0
22830,87,0
22831,86,0
22832,81,0
22833,84,0
22834,81,0
22835,76,0
22836,78,0
22837,77,0
22838,83,0
22839,90,0
22840,87,0
22841,85,0
22842,82,0
22843,90,0
22844,81,0
22845,86,0
22846,92,0
22847,86,0
22848,73,0
22849,85,0
22850,86,0
22851,80,0
22852,87,0
22853,79,0
22854,87,0
22855,85,0
22856,83,0
22857,79,0
22858,82,0
22859,83,0
22860,88,0
22861,81,0
22862,81,0
22863,89,0
22864,90,0
22865,83,0
22866,86,0
22867,76,0
22868,77,0
22869,77,0
22870,82,0
22871,83,0
22872,87,0
22873,88,0
22874,83,0
22875,87,0
22876,82,0
22877,90,0
22878,94,0
22879,82,0
22880,82,0
22881,78,0
22882,84,0
22883,87,0
22884,89,0
22885,81,0
22886,85,0
22887,86,0
22888,77,0
22889,93,0
22890,84,0
22891,87,0
22892,84,0
22893,82,0
22894,89,0
22895,82,0
22896,84,0
22897,84,0
22898,80,0
22899,91,0
22900,84,0
22901,79,0
22902,86,0
22903,86,0
22904,89,0
22905,83,0
22906,83,0
22907,90,0
22908,88,0
22909,85,0
22910,86,0
22911,83,0
22912,88,0
22913,85,0
22914,82,0
22915,81,0
22916,83,0
22917,101,0
22918,80,0
22919,81,0
22920,87,0
22921,86,0
22922,82,0
22923,87,0
22924,84,0
22925,86,0
22926,82,0
22927,85,0
22928,84,0
22929,78,0
22930,92,0
22931,86,0
22932,86,0
22933,92,0
22934,91,0
22935,81,0
22936,85,0
22937,76,0
22938,80,0
22939,80,0
22940,93,0
22941,79,0
22942,91,0
22943,81,0
22944,84,0
22945,88,0
22946,81,0
22947,79,0
22948,88,0
22949,92,0
22950,83,0
22951,80,0
22952,90,0
22953,86,0
22954,81,0
22955,81,0
22956,89,0
22957,76,0
22958,84,0
22959,88,0
22960,80,0
22961,88,0
22962,80,0
22963,83,0
22964,84,0
22965,89,0
22966,70,0
22967,88,0
22968,95,0
22969,88,0
22970,80,0
22971,84,0
22972,82,0
22973,88,0
22974,84,0
22975,85,0
22976,82,0
22977,83,0
22978,84,0
22979,93,0
22980,78,0
22981,78,0
22982,77,0
22983,78,0
22984,90,0
22985,76,0
22986,82,0
22987,83,0
22988,83,0
22989,87,0
22990,83,0
22991,85,0
22992,80,0
22993,77,0
22994,79,0
22995,84,0
22996,90,0
22997,89,0
22998,86,0
22999,90,0
23000,79,0
23001,84,0
23002,91,0
23003,85,0
23004,98,0
23005,84,0
23006,80,0
23007,81,0
23008,82,0
23009,85,0
23010,85,0
23011,85,0
23012,89,0
23013,84,0
23014,74,0
23015,83,0
23016,94,0
23017,84,0
23018,87,0
23019,86,0
23020,85,0
23021,85,0
23022,88,0
23023,88,0
23024,90,0
23025,78,0
23026,79,0
23027,84,0
23028,88,0
23029,87,0
23030,84,0
23031,90,0
23032,78,0
23033,75,0
23034,84,0
23035,82,0
23036,84,0
23037,77,0
23038,88,0
23039,85,0
23040,85,0
23041,84,0
23042,73,0
23043,79,0
23044,78,0
23045,80,0
23046,94,0
23047,86,0
23048,82,0
23049,87,0
23050,86,0
23051,77,0
23052,76,0
23053,83,0
23054,90,0
23055,85,0
23056,92,0
23057,86,0
23058,92,0
23059,81,0
23060,83,0
23061,92,0
23062,80,0
23063,81,0
23064,85,0
23065,81,0
23066,87,0
23067,90,0
23068,74,0
23069,89,0
23070,87,0
23071,94,0
23072,86,0
23073,83,0
23074,89,0
23075,82,0
23076,87,0
23077,81,0
23078,93,0
23079,78,0
23080,86,0
23081,87,0
23082,80,0
23083,87,0
23084,85,0
23085,83,0
23086,77,0
23087,86,0
23088,93,0
23089,86,0
23090,86,0
23091,84,0
23092,83,0
23093,77,0
23094,84,0
23095,84,0
23096,86,0
23097,80,0
23098,84,0
23099,82,0
23100,85,0
23101,88,0
23102,84,0
23103,91,0
23104,75,0
23105,81,0
23106,85,0
23107,83,0
23108,94,0
23109,74,0
23110,86,0
23111,89,0
23112,79,0
23113,86,0
23114,80,0
23115,89,0
23116,77,0
23117,89,0
23118,89,0
23119,77,0
23120,84,0
23121,76,0
23122,88,0
23123,87,0
23124,83,0
23125,79,0
23126,79,0
23127,91,0
23128,83,0
23129,83,0
23130,76,0
23131,89,0
23132,85,0
23133,86,0
23134,75,0
23135,82,0
23136,80,0
23137,86,0
23138,89,0
23139,86,0
23140,85,0
23141,93,0
23142,89,0
23143,87,0
23144,91,0
23145,77,0
23146,88,0
23147,86,0
23148,82,0
23149,91,0
23150,88,0
23151,75,0
23152,87,0
23153,79,0
23154,86,0
23155,83,0
23156,83,0
23157,81,0
23158,78,0
23159,74,0
23160,89,0
23161,83,0
23162,77,0
23163,81,0
23164,88,0
23165,87,0
23166,87,0
23167,91,0
23168,90,0
23169,86,0
23170,82,0
23171,79,0
23172,82,0
23173,84,0
23174,93,0
23175,84,0
23176,80,0
23177,86,0
23178,85,0
23179,85,0
23180,87,0
23181,87,0
23182,89,0
23183,87,0
23184,82,0
23185,93,0
23186,81,0
23187,80,0
23188,86,0
23189,78,0
23190,74,0
23191,86,0
23192,82,0
23193,85,0
23194,81,0
23195,88,0
23196,76,0
23197,87,0
23198,97,0
23199,88,0
23200,77,0
23201,75,0
23202,88,0
23203,87,0
23204,81,0
23205,78,0
23206,81,0
23207,90,0
23208,81,0
23209,81,0
23210,81,0
23211,82,0
23212,84,0
23213,96,0
23214,90,0
23215,87,0
23216,80,0
23217,78,0
23218,84,0
23219,82,0
23220,81,0
23221,85,0
23222,86,0
23223,82,0
23224,92,0
23225,87,0
23226,82,0
23227,79,0
23228,81,0
23229,84,0
23230,78,0
23231,75,0
23232,87,0
23233,92,0
23234,86,0
23235,91,0
23236,76,0
23237,85,0
23238,89,0
23239,89,0
23240,79,0
23241,89,0
23242,78,0
23243,82,0
23244,79,0
23245,86,0
23246,81,0
23247,77,0
23248,86,0
23249,85,0
23250,76,0
23251,79,0
23252,75,0
23253,78,0
23254,82,0
23255,87,0
23256,83,0
23257,85,0
23258,74,0
23259,87,0
23260,91,0
23261,81,0
23262,80,0
23263,87,0
23264,77,0
23265,90,0
23266,89,0
23267,89,0
23268,79,0
23269,92,0
23270,87,0
23271,91,0
23272,87,0
23273,88,0
23274,90,0
23275,80,0
23276,86,0
23277,86,0
23278,79,0
23279,81,0
23280,84,0
23281,82,0
23282,82,0
23283,98,0
23284,89,0
23285,73,0
23286,91,0
23287,81,0
23288,91,0
23289,84,0
23290,87,0
23291,90,0
23292,83,0
23293,88,0
23294,80,0
23295,85,0
23296,89,0
23297,85,0
23298,82,0
23299,90,0
23300,74,0
23301,86,0
23302,91,0
23303,80,0
23304,84,0
23305,83,0
23306,82,0
23307,78,0
23308,92,0
23309,94,0
23310,78,0
23311,76,0
23312,76,0
23313,87,0
23314,82,0
23315,96,0
23316,83,0
23317,85,0
23318,86,0
23319,94,0
23320,82,0
23321,83,0
23322,77,0
23323,82,0
23324,84,0
23325,90,0
23326,85,0
23327,96,0
23328,81,0
23329,81,0
23330,91,0
23331,82,0
23332,98,0
23333,88,0
23334,85,0
23335,88,0
23336,84,0
23337,93,0
23338,88,0
23339,86,0
23340,79,0
23341,87,0
23342,82,0
23343,90,0
23344,77,0
23345,82,0
23346,91,0
23347,92,0
23348,83,0
23349,73,0
23350,83,0
23351,87,0
23352,85,0
23353,87,0
23354,83,0
23355,83,0
23356,83,0
23357,95,0
23358,78,0
23359,83,0
23360,88,0
23361,90,0
23362,88,0
23363,74,0
23364,90,0
23365,78,0
23366,79,0
23367,86,0
23368,86,0
23369,90,0
23370,85,0
23371,87,0
23372,83,0
23373,86,0
23374,83,0
23375,88,0
23376,90,0
23377,85,0
23378,81,0
23379,85,0
23380,78,0
23381,86,0
23382,95,0
23383,87,0
23384,77,0
23385,77,0
23386,88,0
23387,74,0
23388,93,0
23389,87,0
23390,89,0
23391,90,0
23392,88,0
23393,84,0
23394,86,0
23395,90,0
23396,80,0
23397,88,0
23398,79,0
23399,85,0
23400,90,0
23401,89,0
23402,94,0
23403,86,0
23404,77,0
23405,85,0
23406,80,0
23407,85,0
23408,87,0
23409,72,0
23410,89,0
23411,78,0
23412,87,0
23413,78,0
23414,81,0
23415,80,0
23416,88,0
23417,84,0
23418,83,0
23419,84,0
23420,87,0
23421,86,0
23422,83,0
23423,80,0
23424,88,0
23425,73,0
23426,84,0
23427,80,0
23428,90,0
23429,80,0
23430,85,0
23431,92,0
23432,81,0
23433,87,0
23434,85,0
23435,82,0
23436,87,0
23437,83,0
23438,86,0
23439,85,0
23440,84,0
23441,72,0
23442,81,0
23443,91,0
23444,86,0
23445,87,0
23446,90,0
23447,86,0
23448,81,0
23449,87,0
23450,78,0
23451,84,0
23452,90,0
23453,83,0
23454,87,0
23455,83,0
23456,83,0
23457,84,0
23458,76,0
23459,77,0
23460,86,0
23461,93,0
23462,84,0
23463,88,0
23464,80,0
23465,81,0
23466,82,0
23467,85,0
23468,87,0
23469,79,0
23470,81,0
23471,90,0
23472,82,0
23473,86,0
23474,85,0
23475,80,0
23476,79,0
23477,87,0
23478,89,0
23479,87,0
23480,80,0
23481,87,0
23482,83,0
23483,80,0
23484,80,0
23485,85,0
23486,80,0
23487,89,0
23488,80,0
23489,87,0
23490,78,0
23491,83,0
23492,81,0
23493,80,0
23494,84,0
23495,76,0
23496,85,0
23497,81,0
23498,93,0
23499,88,0
23500,84,0
23501,77,0
23502,81,0
23503,80,0
23504,85,0
23505,91,0
23506,87,0
23507,85,0
23508,83,0
23509,88,0
23510,93,0
23511,89,0
23512,82,0
23513,86,0
23514,84,0
23515,93,0
23516,83,0
23517,90,0
23518,89,0
23519,82,0
23520,80,0
23521,96,0
23522,82,0
23523,82,0
23524,89,0
23525,88,0
23526,85,0
23527,87,0
23528,91,0
23529,83,0
23530,90,0
23531,87,0
23532,83,0
23533,85,0
23534,88,0
23535,83,0
23536,91,0
23537,83,0
23538,93,0
23539,89,0
23540,83,0
23541,86,0
23542,81,0
23543,90,0
23544,91,0
23545,75,0
23546,84,0
23547,90,0
23548,87,0
23549,84,0
23550,83,0
23551,87,0
23552,91,0
23553,83,0
23554,74,0
23555,90,0
23556,82,0
23557,86,0
23558,84,0
23559,98,0
23560,77,0
23561,81,0
23562,76,0
23563,92,0
23564,81,0
23565,81,0
23566,79,0
23567,86,0
23568,86,0
23569,92,0
23570,89,0
23571,81,0
23572,84,0
23573,94,0
23574,89,0
23575,85,0
23576,93,0
23577,85,0
23578,86,0
23579,84,0
23580,83,0
23581,84,0
23582,84,0
23583,78,0
23584,88,0
23585,83,0
23586,81,0
23587,87,0
23588,83,0
23589,87,0
23590,86,0
23591,94,0
23592,82,0
23593,82,0
23594,77,0
23595,80,0
23596,82,0
23597,82,0
23598,96,0
23599,90,0
23600,80,0
23601,85,0
23602,94,0
23603,92,0
23604,76,0
23605,82,0
23606,80,0
23607,72,0
23608,98,0
23609,89,0
23610,84,0
23611,79,0
23612,86,0
23613,81,0
23614,79,0
23615,80,0
23616,80,0
23617,88,0
23618,78,0
23619,83,0
23620,76,0
23621,90,0
23622,83,0
23623,83,0
23624,78,0
23625,84,0
23626,88,0
23627,90,0
23628,88,0
23629,81,0
23630,79,0
23631,94,0
23632,75,0
23633,90,0
23634,78,0
23635,89,0
23636,84,0
23637,87,0
23638,85,0
23639,102,0
23640,80,0
23641,90,0
23642,90,0
23643,84,0
23644,78,0
23645,83,0
23646,87,0
23647,74,0
23648,78,0
23649,91,0
23650,86,0
23651,95,0
23652,83,0
23653,83,0
23654,78,0
23655,82,0
23656,88,0
23657,79,0
23658,91,0
23659,78,0
23660,80,0
23661,86,0
23662,80,0
23663,82,0
23664,77,0
23665,82,0
23666,84,0
23667,88,0
23668,93,0
23669,81,0
23670,86,0
23671,88,0
23672,92,0
23673,94,0
23674,77,0
23675,81,0
23676,88,0
23677,81,0
23678,75,0
23679,82,0
23680,93,0
23681,78,0
23682,81,0
23683,84,0
23684,84,0
23685,93,0
23686,87,0
23687,87,0
23688,82,0
23689,85,0
23690,77,0
23691,87,0
23692,77,0
23693,82,0
23694,84,0
23695,88,0
23696,89,0
23697,88,0
23698,86,0
23699,88,0
23700,86,0
23701,86,0
23702,75,0
23703,87,0
23704,90,0
23705,79,0
23706,82,0
23707,88,0
23708,89,0
23709,80,0
23710,87,0
23711,87,0
23712,83,0
23713,87,0
23714,82,0
23715,91,0
23716,78,0
23717,82,0
23718,88,0
23719,85,0
23720,93,0
23721,80,0
23722,91,0
23723,90,0
23724,84,0
23725,90,0
23726,85,0
23727,91,0
23728,82,0
23729,85,0
23730,86,0
23731,82,0
23732,86,0
23733,85,0
23734,76,0
23735,92,0
23736,87,0
23737,84,0
23738,88,0
23739,74,0
23740,88,0
23741,73,0
23742,80,0
23743,86,0
23744,89,0
23745,80,0
23746,81,0
23747,80,0
23748,86,0
23749,82,0
23750,98,0
23751,79,0
23752,81,0
23753,88,0
23754,78,0
23755,86,0
23756,73,0
23757,88,0
23758,73,0
23759,80,0
23760,78,0
23761,87,0
23762,90,0
23763,85,0
23764,82,0
23765,85,0
23766,86,0
23767,89,0
23768,87,0
23769,89,0
23770,86,0
23771,86,0
23772,92,0
23773,91,0
23774,88,0
23775,92,0
23776,88,0
23777,83,0
23778,78,0
23779,79,0
23780,83,0
23781,89,0
23782,92,0
23783,80,0
23784,89,0
23785,80,0
23786,83,0
23787,77,0
23788,86,0
23789,90,0
23790,95,0
23791,82,0
23792,82,0
23793,91,0
23794,87,0
23795,86,0
23796,86,0
23797,84,0
23798,79,0
23799,80,0
23800,79,0
23801,96,0
23802,88,0
23803,79,0
23804,79,0
23805,87,0
23806,75,0
23807,88,0
23808,82,0
23809,77,0
23810,91,0
23811,82,0
23812,94,0
23813,90,0
23814,81,0
23815,82,0
23816,80,0
23817,77,0
23818,83,0
23819,81,0
23820,91,0
23821,77,0
23822,78,0
23823,85,0
23824,91,0
23825,88,0
23826,88,0
23827,83,0
23828,87,0
23829,85,0
23830,71,0
23831,88,0
23832,81,0
23833,79,0
23834,89,0
23835,79,0
23836,84,0
23837,84,0
23838,90,0
23839,83,0
23840,83,0
23841,94,0
23842,90,0
23843,82,0
23844,82,0
23845,84,0
23846,82,0
23847,84,0
23848,80,0
23849,90,0
23850,80,0
23851,89,0
23852,86,0
23853,77,0
23854,84,0
23855,87,0
23856,82,0
23857,85,0
23858,80,0
23859,88,0
23860,91,0
23861,84,0
23862,86,0
23863,92,0
23864,81,0
23865,84,0
23866,84,0
23867,90,0
23868,88,0
23869,83,0
23870,89,0
23871,78,0
23872,87,0
23873,85,0
23874,84,0
23875,84,0
23876,82,0
23877,89,0
23878,86,0
23879,84,0
23880,85,0
23881,78,0
23882,85,0
23883,87,0
23884,82,0
23885,85,0
23886,82,0
23887,83,0
23888,81,0
23889,82,0
23890,91,0
23891,84,0
23892,87,0
23893,83,0
23894,80,0
23895,92,0
23896,85,0
23897,89,0
23898,89,0
23899,78,0
23900,80,0
23901,82,0
23902,77,0
23903,76,0
23904,88,0
23905,86,0
23906,80,0
23907,91,0
23908,89,0
23909,84,0
23910,78,0
23911,84,0
23912,80,0
23913,86,0
23914,86,0
23915,91,0
23916,88,0
23917,84,0
23918,97,0
23919,78,0
23920,75,0
23921,90,0
23922,93,0
23923,93,0
23924,82,0
23925,82,0
23926,79,0
23927,87,0
23928,90,0
23929,103,0
23930,82,0
23931,86,0
23932,79,0
23933,83,0
23934,96,0
23935,78,0
23936,87,0
23937,75,0
23938,85,0
23939,74,0
23940,83,0
23941,80,0
23942,93,0
23943,81,0
23944,83,0
23945,89,0
23946,89,0
23947,82,0
23948,89,0
23949,80,0
23950,82,0
23951,92,0
23952,86,0
23953,88,0
23954,87,0
23955,81,0
23956,84,0
23957,89,0
23958,78,0
23959,82,0
23960,78,0
23961,87,0
23962,86,0
23963,89,0
23964,71,0
23965,83,0
23966,82,0
23967,92,0
23968,78,0
23969,83,0
23970,82,0
23971,78,0
23972,89,0
23973,88,0
23974,88,0
23975,82,0
23976,97,0
23977,86,0
23978,81,0
23979,89,0
23980,81,0
23981,86,0
23982,98,0
23983,83,0
23984,90,0
23985,81,0
23986,88,0
23987,74,0
23988,84,0
23989,91,0
23990,83,0
23991,82,0
23992,97,0
23993,75,0
23994,80,0
23995,94,0
23996,88,0
23997,83,0
23998,83,0
23999,86,0
