Index,TemperatureRaw16,VGNDRaw16
0,128,0
1,133,0
2,130,0
3,119,0
4,122,0
5,126,0
6,128,0
7,129,0
8,124,0
9,132,0
10,129,0
11,123,0
12,124,0
13,122,0
14,131,0
15,127,0
16,127,0
17,118,0
18,132,0
19,128,0
20,128,0
21,127,0
22,121,0
23,133,0
24,131,0
25,131,0
26,131,0
27,115,0
28,124,0
29,125,0
30,125,0
31,127,0
32,121,0
33,130,0
34,128,0
35,127,0
36,124,0
37,131,0
38,121,0
39,122,0
40,122,0
41,110,0
42,123,0
43,127,0
44,121,0
45,123,0
46,130,0
47,123,0
48,112,0
49,133,0
50,129,0
51,129,0
52,125,0
53,116,0
54,126,0
55,128,0
56,135,0
57,133,0
58,127,0
59,127,0
60,120,0
61,125,0
62,121,0
63,124,0
64,126,0
65,121,0
66,122,0
67,128,0
68,120,0
69,131,0
70,122,0
71,127,0
72,128,0
73,130,0
74,123,0
75,126,0
76,115,0
77,133,0
78,129,0
79,128,0
80,121,0
81,123,0
82,125,0
83,125,0
84,119,0
85,130,0
86,121,0
87,120,0
88,133,0
89,117,0
90,123,0
91,127,0
92,128,0
93,132,0
94,121,0
95,125,0
96,118,0
97,125,0
98,130,0
99,124,0
100,129,0
101,132,0
102,130,0
103,120,0
104,121,0
105,121,0
106,125,0
107,123,0
108,132,0
109,125,0
110,132,0
111,137,0
112,125,0
113,124,0
114,123,0
115,125,0
116,129,0
117,120,0
118,132,0
119,120,0
120,115,0
121,120,0
122,130,0
123,129,0
124,123,0
125,117,0
126,129,0
127,126,0
128,129,0
129,132,0
130,129,0
131,129,0
132,120,0
133,125,0
134,133,0
135,120,0
136,130,0
137,128,0
138,116,0
139,127,0
140,129,0
141,130,0
142,124,0
143,122,0
144,127,0
145,134,0
146,121,0
147,113,0
148,120,0
149,121,0
150,123,0
151,127,0
152,122,0
153,124,0
154,127,0
155,130,0
156,125,0
157,117,0
158,122,0
159,133,0
160,120,0
161,123,0
162,134,0
163,120,0
164,124,0
165,119,0
166,130,0
167,129,0
168,136,0
169,133,0
170,130,0
171,120,0
172,125,0
173,127,0
174,129,0
175,121,0
176,122,0
177,122,0
178,121,0
179,132,0
180,133,0
181,120,0
182,126,0
183,125,0
184,122,0
185,128,0
186,119,0
187,116,0
188,135,0
189,123,0
190,120,0
191,120,0
192,130,0
193,129,0
194,121,0
195,122,0
196,132,0
197,119,0
198,130,0
199,119,0
200,117,0
201,130,0
202,120,0
203,130,0
204,122,0
205,135,0
206,122,0
207,134,0
208,128,0
209,129,0
210,117,0
211,138,0
212,125,0
213,125,0
214,126,0
215,135,0
216,126,0
217,127,0
218,134,0
219,129,0
220,133,0
221,136,0
222,134,0
223,135,0
224,135,0
225,130,0
226,131,0
227,130,0
228,140,0
229,133,0
230,127,0
231,136,0
232,130,0
233,134,0
234,137,0
235,145,0
236,137,0
237,142,0
238,143,0
239,135,0
240,147,0
241,131,0
242,143,0
243,149,0
244,144,0
245,139,0
246,146,0
247,135,0
248,145,0
249,144,0
250,140,0
251,138,0
252,143,0
253,138,0
254,152,0
255,145,0
256,147,0
257,144,0
258,146,0
259,152,0
260,141,0
261,145,0
262,144,0
263,150,0
264,152,0
265,152,0
266,152,0
267,147,0
268,147,0
269,140,0
270,153,0
271,161,0
272,153,0
273,157,0
274,146,0
275,153,0
276,150,0
277,156,0
278,155,0
279,159,0
280,147,0
281,156,0
282,156,0
283,152,0
284,159,0
285,160,0
286,158,0
287,162,0
288,151,0
289,159,0
290,159,0
291,158,0
292,156,0
293,156,0
294,157,0
295,161,0
296,156,0
297,161,0
298,151,0
299,152,0
300,157,0
301,162,0
302,158,0
303,158,0
304,167,0
305,167,0
306,160,0
307,162,0
308,167,0
309,168,0
310,164,0
311,162,0
312,164,0
313,168,0
314,166,0
315,169,0
316,164,0
317,170,0
318,167,0
319,167,0
320,183,0
321,169,0
322,169,0
323,170,0
324,161,0
325,168,0
326,169,0
327,175,0
328,167,0
329,177,0
330,169,0
331,176,0
332,168,0
333,172,0
334,173,0
335,184,0
336,180,0
337,176,0
338,172,0
339,176,0
340,172,0
341,175,0
342,178,0
343,174,0
344,172,0
345,179,0
346,183,0
347,186,0
348,174,0
349,173,0
350,173,0
351,183,0
352,166,0
353,174,0
354,181,0
355,187,0
356,178,0
357,181,0
358,181,0
359,175,0
360,177,0
361,181,0
362,195,0
363,178,0
364,186,0
365,182,0
366,176,0
367,179,0
368,185,0
369,176,0
370,189,0
371,186,0
372,184,0
373,184,0
374,185,0
375,184,0
376,196,0
377,180,0
378,183,0
379,184,0
380,188,0
381,183,0
382,183,0
383,188,0
384,190,0
385,195,0
386,191,0
387,189,0
388,183,0
389,185,0
390,194,0
391,189,0
392,188,0
393,193,0
394,190,0
395,194,0
396,193,0
397,196,0
398,199,0
399,190,0
400,200,0
401,183,0
402,198,0
403,184,0
404,193,0
405,189,0
406,191,0
407,204,0
408,192,0
409,205,0
410,201,0
411,191,0
412,192,0
413,201,0
414,198,0
415,203,0
416,189,0
417,212,0
418,195,0
419,196,0
420,199,0
421,195,0
422,196,0
423,198,0
424,197,0
425,198,0
426,204,0
427,198,0
428,199,0
429,199,0
430,205,0
431,204,0
432,206,0
433,211,0
434,202,0
435,198,0
436,201,0
437,200,0
438,215,0
439,194,0
440,199,0
441,202,0
442,203,0
443,211,0
444,212,0
445,205,0
446,212,0
447,208,0
448,211,0
449,203,0
450,203,0
451,219,0
452,210,0
453,202,0
454,208,0
455,211,0
456,210,0
457,200,0
458,202,0
459,200,0
460,209,0
461,212,0
462,207,0
463,205,0
464,208,0
465,201,0
466,209,0
467,209,0
468,211,0
469,208,0
470,205,0
471,208,0
472,213,0
473,209,0
474,205,0
475,215,0
476,217,0
477,219,0
478,215,0
479,210,0
480,213,0
481,215,0
482,213,0
483,218,0
484,219,0
485,218,0
486,223,0
487,210,0
488,207,0
489,224,0
490,208,0
491,225,0
492,216,0
493,225,0
494,223,0
495,215,0
496,215,0
497,225,0
498,221,0
499,217,0
500,220,0
501,219,0
502,228,0
503,220,0
504,221,0
505,218,0
506,216,0
507,222,0
508,228,0
509,218,0
510,230,0
511,227,0
512,223,0
513,225,0
514,224,0
515,222,0
516,220,0
517,231,0
518,224,0
519,224,0
520,223,0
521,225,0
522,224,0
523,227,0
524,223,0
525,232,0
526,229,0
527,215,0
528,228,0
529,225,0
530,226,0
531,221,0
532,223,0
533,229,0
534,233,0
535,229,0
536,231,0
537,228,0
538,230,0
539,229,0
540,231,0
541,232,0
542,232,0
543,230,0
544,224,0
545,222,0
546,233,0
547,223,0
548,231,0
549,229,0
550,229,0
551,239,0
552,228,0
553,228,0
554,228,0
555,232,0
556,230,0
557,233,0
558,235,0
559,232,0
560,232,0
561,224,0
562,239,0
563,234,0
564,236,0
565,227,0
566,233,0
567,230,0
568,244,0
569,234,0
570,229,0
571,236,0
572,240,0
573,230,0
574,238,0
575,235,0
576,233,0
577,232,0
578,241,0
579,230,0
580,241,0
581,235,0
582,238,0
583,242,0
584,229,0
585,239,0
586,231,0
587,232,0
588,241,0
589,246,0
590,241,0
591,240,0
592,237,0
593,246,0
594,233,0
595,238,0
596,245,0
597,245,0
598,241,0
599,238,0
600,238,0
601,250,0
602,237,0
603,241,0
604,245,0
605,238,0
606,245,0
607,250,0
608,237,0
609,237,0
610,241,0
611,240,0
612,241,0
613,253,0
614,248,0
615,251,0
616,241,0
617,249,0
618,246,0
619,243,0
620,243,0
621,245,0
622,249,0
623,242,0
624,247,0
625,244,0
626,247,0
627,246,0
628,241,0
629,252,0
630,248,0
631,245,0
632,252,0
633,249,0
634,251,0
635,250,0
636,249,0
637,243,0
638,249,0
639,252,0
640,248,0
641,249,0
642,251,0
643,246,0
644,261,0
645,261,0
646,246,0
647,249,0
648,254,0
649,247,0
650,257,0
651,259,0
652,259,0
653,260,0
654,249,0
655,248,0
656,253,0
657,256,0
658,259,0
659,254,0
660,259,0
661,253,0
662,256,0
663,259,0
664,242,0
665,251,0
666,252,0
667,260,0
668,258,0
669,261,0
670,254,0
671,254,0
672,256,0
673,260,0
674,259,0
675,254,0
676,255,0
677,261,0
678,258,0
679,245,0
680,259,0
681,255,0
682,264,0
683,264,0
684,263,0
685,250,0
686,255,0
687,260,0
688,252,0
689,258,0
690,259,0
691,260,0
692,259,0
693,256,0
694,257,0
695,264,0
696,266,0
697,258,0
698,259,0
699,269,0
700,270,0
701,261,0
702,258,0
703,269,0
704,260,0
705,249,0
706,262,0
707,257,0
708,265,0
709,270,0
710,259,0
711,260,0
712,261,0
713,258,0
714,259,0
715,264,0
716,274,0
717,265,0
718,262,0
719,261,0
720,260,0
721,266,0
722,260,0
723,267,0
724,267,0
725,269,0
726,261,0
727,267,0
728,261,0
729,269,0
730,266,0
731,263,0
732,261,0
733,268,0
734,261,0
735,266,0
736,270,0
737,265,0
738,273,0
739,267,0
740,271,0
741,269,0
742,257,0
743,267,0
744,269,0
745,275,0
746,267,0
747,274,0
748,271,0
749,272,0
750,267,0
751,274,0
752,277,0
753,270,0
754,264,0
755,273,0
756,272,0
757,270,0
758,262,0
759,269,0
760,264,0
761,276,0
762,279,0
763,284,0
764,278,0
765,275,0
766,271,0
767,276,0
768,277,0
769,267,0
770,286,0
771,270,0
772,268,0
773,277,0
774,275,0
775,273,0
776,280,0
777,270,0
778,270,0
779,274,0
780,289,0
781,269,0
782,271,0
783,274,0
784,274,0
785,283,0
786,274,0
787,276,0
788,285,0
789,285,0
790,281,0
791,287,0
792,280,0
793,280,0
794,276,0
795,276,0
796,280,0
797,281,0
798,286,0
799,268,0
800,273,0
801,275,0
802,279,0
803,276,0
804,279,0
805,277,0
806,289,0
807,280,0
808,284,0
809,276,0
810,275,0
811,281,0
812,279,0
813,280,0
814,284,0
815,275,0
816,274,0
817,273,0
818,283,0
819,282,0
820,287,0
821,276,0
822,277,0
823,284,0
824,276,0
825,277,0
826,286,0
827,285,0
828,282,0
829,290,0
830,280,0
831,274,0
832,281,0
833,285,0
834,280,0
835,290,0
836,285,0
837,288,0
838,279,0
839,282,0
840,283,0
841,289,0
842,283,0
843,287,0
844,284,0
845,278,0
846,283,0
847,284,0
848,281,0
849,284,0
850,278,0
851,285,0
852,286,0
853,287,0
854,285,0
855,278,0
856,285,0
857,289,0
858,288,0
859,292,0
860,292,0
861,283,0
862,282,0
863,284,0
864,286,0
865,294,0
866,280,0
867,284,0
868,290,0
869,279,0
870,284,0
871,295,0
872,284,0
873,288,0
874,287,0
875,293,0
876,293,0
877,289,0
878,303,0
879,288,0
880,287,0
881,282,0
882,302,0
883,297,0
884,286,0
885,288,0
886,285,0
887,281,0
888,303,0
889,295,0
890,299,0
891,291,0
892,292,0
893,288,0
894,293,0
895,295,0
896,299,0
897,297,0
898,287,0
899,300,0
900,292,0
901,292,0
902,288,0
903,299,0
904,294,0
905,288,0
906,297,0
907,287,0
908,296,0
909,288,0
910,291,0
911,286,0
912,292,0
913,298,0
914,292,0
915,292,0
916,299,0
917,298,0
918,296,0
919,291,0
920,288,0
921,297,0
922,297,0
923,296,0
924,291,0
925,301,0
926,294,0
927,295,0
928,290,0
929,300,0
930,296,0
931,299,0
932,295,0
933,292,0
934,297,0
935,293,0
936,291,0
937,298,0
938,296,0
939,297,0
940,288,0
941,301,0
942,296,0
943,298,0
944,295,0
945,302,0
946,296,0
947,301,0
948,293,0
949,298,0
950,293,0
951,299,0
952,302,0
953,292,0
954,300,0
955,305,0
956,300,0
957,300,0
958,302,0
959,298,0
960,299,0
961,297,0
962,307,0
963,305,0
964,310,0
965,299,0
966,302,0
967,305,0
968,294,0
969,294,0
970,305,0
971,295,0
972,300,0
973,304,0
974,295,0
975,311,0
976,298,0
977,304,0
978,298,0
979,301,0
980,304,0
981,304,0
982,303,0
983,303,0
984,303,0
985,302,0
986,308,0
987,297,0
988,298,0
989,301,0
990,303,0
991,300,0
992,303,0
993,295,0
994,303,0
995,301,0
996,304,0
997,305,0
998,301,0
999,312,0
1000,304,0
1001,300,0
1002,295,0
1003,313,0
1004,300,0
1005,314,0
1006,312,0
1007,303,0
1008,305,0
1009,306,0
1010,302,0
1011,309,0
1012,309,0
1013,303,0
1014,296,0
1015,307,0
1016,305,0
1017,308,0
1018,303,0
1019,309,0
1020,320,0
1021,308,0
1022,297,0
1023,316,0
1024,302,0
1025,306,0
1026,306,0
1027,315,0
1028,304,0
1029,301,0
1030,301,0
1031,309,0
1032,303,0
1033,306,0
1034,312,0
1035,307,0
1036,301,0
1037,307,0
1038,314,0
1039,309,0
1040,310,0
1041,303,0
1042,310,0
1043,307,0
1044,309,0
1045,304,0
1046,305,0
1047,308,0
1048,312,0
1049,313,0
1050,309,0
1051,310,0
1052,309,0
1053,307,0
1054,305,0
1055,311,0
1056,312,0
1057,305,0
1058,322,0
1059,308,0
1060,313,0
1061,309,0
1062,307,0
1063,321,0
1064,306,0
1065,313,0
1066,319,0
1067,314,0
1068,305,0
1069,317,0
1070,316,0
1071,312,0
1072,312,0
1073,315,0
1074,312,0
1075,304,0
1076,306,0
1077,310,0
1078,307,0
1079,321,0
1080,312,0
1081,312,0
1082,303,0
1083,310,0
1084,317,0
1085,314,0
1086,313,0
1087,312,0
1088,318,0
1089,307,0
1090,306,0
1091,317,0
1092,315,0
1093,320,0
1094,315,0
1095,319,0
1096,317,0
1097,320,0
1098,305,0
1099,315,0
1100,314,0
1101,300,0
1102,319,0
1103,323,0
1104,316,0
1105,313,0
1106,311,0
1107,307,0
1108,320,0
1109,323,0
1110,312,0
1111,314,0
1112,323,0
1113,314,0
1114,313,0
1115,314,0
1116,314,0
1117,316,0
1118,322,0
1119,321,0
1120,316,0
1121,320,0
1122,309,0
1123,313,0
1124,316,0
1125,311,0
1126,315,0
1127,319,0
1128,319,0
1129,320,0
1130,320,0
1131,317,0
1132,314,0
1133,313,0
1134,323,0
1135,313,0
1136,316,0
1137,320,0
1138,321,0
1139,320,0
1140,316,0
1141,321,0
1142,319,0
1143,313,0
1144,318,0
1145,316,0
1146,321,0
1147,322,0
1148,321,0
1149,317,0
1150,323,0
1151,325,0
1152,317,0
1153,321,0
1154,326,0
1155,323,0
1156,317,0
1157,331,0
1158,325,0
1159,313,0
1160,318,0
1161,326,0
1162,322,0
1163,327,0
1164,316,0
1165,318,0
1166,320,0
1167,324,0
1168,328,0
1169,321,0
1170,312,0
1171,316,0
1172,319,0
1173,321,0
1174,315,0
1175,318,0
1176,315,0
1177,328,0
1178,316,0
1179,322,0
1180,319,0
1181,322,0
1182,326,0
1183,321,0
1184,325,0
1185,321,0
1186,316,0
1187,323,0
1188,315,0
1189,329,0
1190,321,0
1191,320,0
1192,332,0
1193,326,0
1194,311,0
1195,321,0
1196,325,0
1197,323,0
1198,327,0
1199,327,0
1200,322,0
1201,327,0
1202,322,0
1203,323,0
1204,316,0
1205,327,0
1206,327,0
1207,323,0
1208,323,0
1209,322,0
1210,332,0
1211,324,0
1212,323,0
1213,329,0
1214,322,0
1215,326,0
1216,329,0
1217,326,0
1218,333,0
1219,324,0
1220,320,0
1221,333,0
1222,316,0
1223,328,0
1224,322,0
1225,328,0
1226,326,0
1227,323,0
1228,323,0
1229,318,0
1230,329,0
1231,336,0
1232,330,0
1233,329,0
1234,332,0
1235,326,0
1236,320,0
1237,328,0
1238,326,0
1239,335,0
1240,329,0
1241,320,0
1242,325,0
1243,321,0
1244,327,0
1245,325,0
1246,330,0
1247,334,0
1248,331,0
1249,333,0
1250,324,0
1251,326,0
1252,325,0
1253,331,0
1254,328,0
1255,330,0
1256,330,0
1257,327,0
1258,324,0
1259,328,0
1260,333,0
1261,325,0
1262,320,0
1263,330,0
1264,327,0
1265,335,0
1266,328,0
1267,331,0
1268,330,0
1269,332,0
1270,327,0
1271,334,0
1272,331,0
1273,329,0
1274,329,0
1275,332,0
1276,326,0
1277,332,0
1278,323,0
1279,338,0
1280,326,0
1281,325,0
1282,336,0
1283,332,0
1284,330,0
1285,320,0
1286,327,0
1287,332,0
1288,339,0
1289,336,0
1290,333,0
1291,329,0
1292,333,0
1293,335,0
1294,331,0
1295,326,0
1296,332,0
1297,333,0
1298,332,0
1299,330,0
1300,334,0
1301,335,0
1302,331,0
1303,335,0
1304,338,0
1305,334,0
1306,330,0
1307,334,0
1308,329,0
1309,333,0
1310,328,0
1311,330,0
1312,330,0
1313,338,0
1314,327,0
1315,329,0
1316,331,0
1317,335,0
1318,331,0
1319,329,0
1320,330,0
1321,338,0
1322,342,0
1323,326,0
1324,332,0
1325,333,0
1326,327,0
1327,337,0
1328,331,0
1329,333,0
1330,335,0
1331,324,0
1332,333,0
1333,331,0
1334,334,0
1335,336,0
1336,344,0
1337,334,0
1338,338,0
1339,337,0
1340,336,0
1341,339,0
1342,338,0
1343,342,0
1344,342,0
1345,334,0
1346,336,0
1347,333,0
1348,336,0
1349,330,0
1350,340,0
1351,342,0
1352,333,0
1353,336,0
1354,339,0
1355,339,0
1356,341,0
1357,328,0
1358,333,0
1359,328,0
1360,338,0
1361,339,0
1362,333,0
1363,335,0
1364,338,0
1365,336,0
1366,337,0
1367,333,0
1368,337,0
1369,335,0
1370,331,0
1371,331,0
1372,344,0
1373,326,0
1374,338,0
1375,336,0
1376,335,0
1377,337,0
1378,340,0
1379,328,0
1380,339,0
1381,335,0
1382,344,0
1383,332,0
1384,337,0
1385,334,0
1386,338,0
1387,330,0
1388,340,0
1389,340,0
1390,336,0
1391,329,0
1392,331,0
1393,337,0
1394,336,0
1395,342,0
1396,343,0
1397,332,0
1398,343,0
1399,343,0
1400,338,0
1401,342,0
1402,335,0
1403,348,0
1404,337,0
1405,344,0
1406,340,0
1407,340,0
1408,336,0
1409,340,0
1410,339,0
1411,331,0
1412,347,0
1413,342,0
1414,344,0
1415,345,0
1416,339,0
1417,344,0
1418,327,0
1419,333,0
1420,338,0
1421,340,0
1422,348,0
1423,330,0
1424,337,0
1425,344,0
1426,342,0
1427,339,0
1428,339,0
1429,336,0
1430,352,0
1431,336,0
1432,343,0
1433,340,0
1434,344,0
1435,337,0
1436,343,0
1437,339,0
1438,334,0
1439,340,0
1440,338,0
1441,340,0
1442,341,0
1443,341,0
1444,339,0
1445,343,0
1446,343,0
1447,338,0
1448,341,0
1449,340,0
1450,343,0
1451,336,0
1452,341,0
1453,348,0
1454,343,0
1455,346,0
1456,348,0
1457,339,0
1458,339,0
1459,337,0
1460,346,0
1461,335,0
1462,352,0
1463,348,0
1464,346,0
1465,341,0
1466,340,0
1467,349,0
1468,344,0
1469,347,0
1470,348,0
1471,339,0
1472,344,0
1473,354,0
1474,338,0
1475,339,0
1476,341,0
1477,336,0
1478,347,0
1479,340,0
1480,345,0
1481,346,0
1482,346,0
1483,347,0
1484,358,0
1485,333,0
1486,341,0
1487,340,0
1488,351,0
1489,347,0
1490,349,0
1491,346,0
1492,337,0
1493,344,0
1494,351,0
1495,337,0
1496,342,0
1497,343,0
1498,344,0
1499,344,0
1500,354,0
1501,341,0
1502,345,0
1503,348,0
1504,347,0
1505,347,0
1506,353,0
1507,345,0
1508,343,0
1509,337,0
1510,346,0
1511,343,0
1512,339,0
1513,348,0
1514,346,0
1515,341,0
1516,344,0
1517,345,0
1518,347,0
1519,345,0
1520,344,0
1521,354,0
1522,356,0
1523,341,0
1524,349,0
1525,336,0
1526,346,0
1527,344,0
1528,345,0
1529,350,0
1530,354,0
1531,343,0
1532,347,0
1533,345,0
1534,345,0
1535,350,0
1536,340,0
1537,344,0
1538,351,0
1539,340,0
1540,348,0
1541,339,0
1542,348,0
1543,347,0
1544,350,0
1545,343,0
1546,348,0
1547,349,0
1548,349,0
1549,346,0
1550,349,0
1551,354,0
1552,352,0
1553,350,0
1554,339,0
1555,345,0
1556,349,0
1557,352,0
1558,345,0
1559,341,0
1560,348,0
1561,356,0
1562,355,0
1563,352,0
1564,348,0
1565,358,0
1566,348,0
1567,362,0
1568,340,0
1569,339,0
1570,349,0
1571,344,0
1572,342,0
1573,349,0
1574,352,0
1575,339,0
1576,347,0
1577,350,0
1578,349,0
1579,342,0
1580,349,0
1581,355,0
1582,351,0
1583,347,0
1584,351,0
1585,341,0
1586,344,0
1587,356,0
1588,342,0
1589,355,0
1590,354,0
1591,344,0
1592,347,0
1593,349,0
1594,343,0
1595,351,0
1596,357,0
1597,345,0
1598,346,0
1599,348,0
1600,345,0
1601,348,0
1602,343,0
1603,348,0
1604,354,0
1605,347,0
1606,357,0
1607,341,0
1608,346,0
1609,357,0
1610,350,0
1611,346,0
1612,347,0
1613,357,0
1614,353,0
1615,354,0
1616,360,0
1617,353,0
1618,344,0
1619,347,0
1620,354,0
1621,343,0
1622,352,0
1623,357,0
1624,350,0
1625,354,0
1626,350,0
1627,349,0
1628,359,0
1629,348,0
1630,349,0
1631,348,0
1632,351,0
1633,346,0
1634,354,0
1635,355,0
1636,350,0
1637,357,0
1638,348,0
1639,357,0
1640,355,0
1641,347,0
1642,354,0
1643,353,0
1644,355,0
1645,353,0
1646,345,0
1647,346,0
1648,342,0
1649,352,0
1650,351,0
1651,357,0
1652,349,0
1653,356,0
1654,348,0
1655,358,0
1656,352,0
1657,346,0
1658,360,0
1659,355,0
1660,351,0
1661,351,0
1662,354,0
1663,358,0
1664,356,0
1665,355,0
1666,355,0
1667,356,0
1668,358,0
1669,355,0
1670,354,0
1671,358,0
1672,355,0
1673,349,0
1674,350,0
1675,348,0
1676,353,0
1677,345,0
1678,347,0
1679,350,0
1680,355,0
1681,355,0
1682,363,0
1683,363,0
1684,348,0
1685,355,0
1686,362,0
1687,357,0
1688,361,0
1689,353,0
1690,362,0
1691,356,0
1692,354,0
1693,355,0
1694,356,0
1695,352,0
1696,353,0
1697,355,0
1698,359,0
1699,353,0
1700,354,0
1701,361,0
1702,358,0
1703,364,0
1704,351,0
1705,359,0
1706,356,0
1707,352,0
1708,354,0
1709,360,0
1710,357,0
1711,354,0
1712,351,0
1713,353,0
1714,360,0
1715,360,0
1716,356,0
1717,353,0
1718,356,0
1719,358,0
1720,353,0
1721,358,0
1722,351,0
1723,362,0
1724,355,0
1725,358,0
1726,355,0
1727,355,0
1728,354,0
1729,360,0
1730,364,0
1731,353,0
1732,356,0
1733,354,0
1734,363,0
1735,348,0
1736,358,0
1737,356,0
1738,349,0
1739,359,0
1740,352,0
1741,360,0
1742,351,0
1743,354,0
1744,356,0
1745,360,0
1746,353,0
1747,358,0
1748,349,0
1749,351,0
1750,357,0
1751,354,0
1752,358,0
1753,362,0
1754,344,0
1755,351,0
1756,360,0
1757,360,0
1758,357,0
1759,359,0
1760,357,0
1761,362,0
1762,357,0
1763,361,0
1764,363,0
1765,352,0
1766,357,0
1767,352,0
1768,358,0
1769,351,0
1770,356,0
1771,350,0
1772,364,0
1773,364,0
1774,356,0
1775,358,0
1776,363,0
1777,359,0
1778,354,0
1779,357,0
1780,353,0
1781,360,0
1782,363,0
1783,352,0
1784,352,0
1785,359,0
1786,361,0
1787,359,0
1788,361,0
1789,358,0
1790,362,0
1791,360,0
1792,362,0
1793,359,0
1794,363,0
1795,360,0
1796,362,0
1797,366,0
1798,357,0
1799,363,0
1800,357,0
1801,354,0
1802,358,0
1803,359,0
1804,365,0
1805,351,0
1806,362,0
1807,363,0
1808,365,0
1809,352,0
1810,358,0
1811,370,0
1812,350,0
1813,371,0
1814,363,0
1815,354,0
1816,361,0
1817,364,0
1818,356,0
1819,357,0
1820,350,0
1821,359,0
1822,359,0
1823,368,0
1824,362,0
1825,364,0
1826,367,0
1827,357,0
1828,348,0
1829,362,0
1830,361,0
1831,355,0
1832,352,0
1833,360,0
1834,359,0
1835,362,0
1836,353,0
1837,367,0
1838,362,0
1839,363,0
1840,362,0
1841,363,0
1842,354,0
1843,357,0
1844,369,0
1845,364,0
1846,362,0
1847,356,0
1848,364,0
1849,361,0
1850,371,0
1851,356,0
1852,355,0
1853,372,0
1854,369,0
1855,357,0
1856,365,0
1857,363,0
1858,366,0
1859,360,0
1860,360,0
1861,354,0
1862,362,0
1863,358,0
1864,358,0
1865,361,0
1866,361,0
1867,358,0
1868,366,0
1869,357,0
1870,358,0
1871,358,0
1872,360,0
1873,357,0
1874,371,0
1875,365,0
1876,360,0
1877,354,0
1878,358,0
1879,367,0
1880,360,0
1881,365,0
1882,360,0
1883,371,0
1884,363,0
1885,363,0
1886,370,0
1887,356,0
1888,361,0
1889,356,0
1890,367,0
1891,356,0
1892,361,0
1893,360,0
1894,368,0
1895,366,0
1896,357,0
1897,364,0
1898,365,0
1899,358,0
1900,356,0
1901,371,0
1902,363,0
1903,371,0
1904,365,0
1905,362,0
1906,357,0
1907,361,0
1908,358,0
1909,359,0
1910,365,0
1911,364,0
1912,354,0
1913,368,0
1914,366,0
1915,366,0
1916,363,0
1917,358,0
1918,373,0
1919,365,0
1920,359,0
1921,368,0
1922,367,0
1923,371,0
1924,371,0
1925,357,0
1926,366,0
1927,362,0
1928,358,0
1929,363,0
1930,367,0
1931,359,0
1932,363,0
1933,364,0
1934,371,0
1935,365,0
1936,372,0
1937,363,0
1938,354,0
1939,363,0
1940,352,0
1941,372,0
1942,362,0
1943,364,0
1944,364,0
1945,362,0
1946,362,0
1947,355,0
1948,366,0
1949,361,0
1950,362,0
1951,372,0
1952,377,0
1953,365,0
1954,368,0
1955,377,0
1956,358,0
1957,360,0
1958,367,0
1959,369,0
1960,363,0
1961,367,0
1962,367,0
1963,372,0
1964,359,0
1965,364,0
1966,368,0
1967,369,0
1968,352,0
1969,370,0
1970,372,0
1971,360,0
1972,370,0
1973,367,0
1974,369,0
1975,364,0
1976,372,0
1977,367,0
1978,366,0
1979,361,0
1980,361,0
1981,367,0
1982,369,0
1983,363,0
1984,364,0
1985,365,0
1986,357,0
1987,365,0
1988,368,0
1989,350,0
1990,367,0
1991,366,0
1992,363,0
1993,362,0
1994,368,0
1995,362,0
1996,366,0
1997,361,0
1998,367,0
1999,360,0
2000,375,0
2001,366,0
2002,358,0
2003,367,0
2004,377,0
2005,368,0
2006,366,0
2007,369,0
2008,373,0
2009,361,0
2010,369,0
2011,357,0
2012,376,0
2013,377,0
2014,367,0
2015,374,0
2016,374,0
2017,365,0
2018,367,0
2019,361,0
2020,364,0
2021,371,0
2022,361,0
2023,354,0
2024,371,0
2025,374,0
2026,371,0
2027,365,0
2028,361,0
2029,362,0
2030,362,0
2031,370,0
2032,361,0
2033,366,0
2034,372,0
2035,366,0
2036,372,0
2037,371,0
2038,357,0
2039,368,0
2040,374,0
2041,373,0
2042,366,0
2043,361,0
2044,366,0
2045,365,0
2046,370,0
2047,371,0
2048,365,0
2049,377,0
2050,369,0
2051,363,0
2052,361,0
2053,370,0
2054,362,0
2055,364,0
2056,370,0
2057,363,0
2058,369,0
2059,383,0
2060,367,0
2061,374,0
2062,376,0
2063,368,0
2064,364,0
2065,366,0
2066,368,0
2067,369,0
2068,364,0
2069,366,0
2070,370,0
2071,371,0
2072,375,0
2073,372,0
2074,369,0
2075,367,0
2076,367,0
2077,372,0
2078,373,0
2079,372,0
2080,371,0
2081,374,0
2082,364,0
2083,362,0
2084,376,0
2085,365,0
2086,375,0
2087,366,0
2088,372,0
2089,374,0
2090,368,0
2091,365,0
2092,375,0
2093,365,0
2094,361,0
2095,372,0
2096,367,0
2097,367,0
2098,367,0
2099,369,0
2100,366,0
2101,375,0
2102,371,0
2103,374,0
2104,369,0
2105,375,0
2106,366,0
2107,368,0
2108,371,0
2109,373,0
2110,370,0
2111,375,0
2112,378,0
2113,368,0
2114,372,0
2115,371,0
2116,372,0
2117,371,0
2118,359,0
2119,363,0
2120,371,0
2121,371,0
2122,373,0
2123,366,0
2124,375,0
2125,375,0
2126,373,0
2127,371,0
2128,362,0
2129,372,0
2130,357,0
2131,375,0
2132,370,0
2133,375,0
2134,371,0
2135,368,0
2136,367,0
2137,368,0
2138,380,0
2139,365,0
2140,372,0
2141,375,0
2142,381,0
2143,371,0
2144,364,0
2145,370,0
2146,368,0
2147,368,0
2148,370,0
2149,372,0
2150,369,0
2151,368,0
2152,369,0
2153,379,0
2154,375,0
2155,369,0
2156,372,0
2157,373,0
2158,376,0
2159,371,0
2160,377,0
2161,375,0
2162,370,0
2163,368,0
2164,369,0
2165,375,0
2166,367,0
2167,370,0
2168,373,0
2169,374,0
2170,372,0
2171,374,0
2172,381,0
2173,371,0
2174,368,0
2175,371,0
2176,377,0
2177,378,0
2178,376,0
2179,373,0
2180,375,0
2181,372,0
2182,373,0
2183,365,0
2184,375,0
2185,369,0
2186,381,0
2187,369,0
2188,375,0
2189,364,0
2190,372,0
2191,374,0
2192,369,0
2193,368,0
2194,366,0
2195,372,0
2196,377,0
2197,373,0
2198,374,0
2199,373,0
2200,370,0
2201,373,0
2202,376,0
2203,364,0
2204,370,0
2205,379,0
2206,372,0
2207,372,0
2208,372,0
2209,377,0
2210,374,0
2211,374,0
2212,363,0
2213,366,0
2214,370,0
2215,377,0
2216,368,0
2217,380,0
2218,378,0
2219,369,0
2220,376,0
2221,377,0
2222,370,0
2223,379,0
2224,372,0
2225,378,0
2226,375,0
2227,377,0
2228,374,0
2229,378,0
2230,372,0
2231,368,0
2232,372,0
2233,382,0
2234,374,0
2235,368,0
2236,382,0
2237,378,0
2238,379,0
2239,368,0
2240,380,0
2241,377,0
2242,377,0
2243,376,0
2244,378,0
2245,380,0
2246,372,0
2247,368,0
2248,371,0
2249,370,0
2250,380,0
2251,368,0
2252,375,0
2253,374,0
2254,368,0
2255,375,0
2256,368,0
2257,387,0
2258,381,0
2259,366,0
2260,370,0
2261,384,0
2262,377,0
2263,377,0
2264,369,0
2265,362,0
2266,374,0
2267,382,0
2268,373,0
2269,378,0
2270,369,0
2271,369,0
2272,381,0
2273,365,0
2274,369,0
2275,373,0
2276,387,0
2277,373,0
2278,378,0
2279,373,0
2280,375,0
2281,377,0
2282,382,0
2283,376,0
2284,381,0
2285,376,0
2286,365,0
2287,376,0
2288,372,0
2289,373,0
2290,376,0
2291,381,0
2292,371,0
2293,378,0
2294,378,0
2295,373,0
2296,374,0
2297,375,0
2298,377,0
2299,375,0
2300,378,0
2301,378,0
2302,368,0
2303,369,0
2304,364,0
2305,379,0
2306,372,0
2307,378,0
2308,387,0
2309,384,0
2310,373,0
2311,382,0
2312,383,0
2313,373,0
2314,371,0
2315,379,0
2316,372,0
2317,381,0
2318,370,0
2319,374,0
2320,372,0
2321,376,0
2322,377,0
2323,368,0
2324,373,0
2325,374,0
2326,376,0
2327,376,0
2328,385,0
2329,371,0
2330,368,0
2331,379,0
2332,373,0
2333,367,0
2334,372,0
2335,383,0
2336,375,0
2337,372,0
2338,383,0
2339,376,0
2340,375,0
2341,382,0
2342,369,0
2343,369,0
2344,372,0
2345,370,0
2346,371,0
2347,377,0
2348,385,0
2349,372,0
2350,378,0
2351,372,0
2352,374,0
2353,384,0
2354,373,0
2355,380,0
2356,373,0
2357,381,0
2358,389,0
2359,369,0
2360,373,0
2361,381,0
2362,382,0
2363,374,0
2364,379,0
2365,378,0
2366,373,0
2367,385,0
2368,373,0
2369,369,0
2370,383,0
2371,377,0
2372,380,0
2373,374,0
2374,382,0
2375,382,0
2376,384,0
2377,367,0
2378,373,0
2379,379,0
2380,380,0
2381,374,0
2382,369,0
2383,381,0
2384,371,0
2385,375,0
2386,379,0
2387,373,0
2388,383,0
2389,377,0
2390,376,0
2391,382,0
2392,381,0
2393,368,0
2394,377,0
2395,374,0
2396,376,0
2397,374,0
2398,380,0
2399,364,0
2400,373,0
2401,377,0
2402,380,0
2403,387,0
2404,379,0
2405,382,0
2406,375,0
2407,375,0
2408,376,0
2409,383,0
2410,388,0
2411,368,0
2412,372,0
2413,378,0
2414,378,0
2415,379,0
2416,377,0
2417,380,0
2418,381,0
2419,363,0
2420,383,0
2421,385,0
2422,378,0
2423,374,0
2424,381,0
2425,377,0
2426,376,0
2427,380,0
2428,379,0
2429,370,0
2430,382,0
2431,371,0
2432,368,0
2433,382,0
2434,378,0
2435,371,0
2436,372,0
2437,378,0
2438,375,0
2439,390,0
2440,381,0
2441,374,0
2442,381,0
2443,377,0
2444,377,0
2445,383,0
2446,381,0
2447,375,0
2448,380,0
2449,385,0
2450,380,0
2451,371,0
2452,377,0
2453,379,0
2454,378,0
2455,379,0
2456,378,0
2457,375,0
2458,371,0
2459,375,0
2460,378,0
2461,381,0
2462,387,0
2463,378,0
2464,379,0
2465,373,0
2466,379,0
2467,380,0
2468,383,0
2469,377,0
2470,376,0
2471,377,0
2472,387,0
2473,380,0
2474,375,0
2475,366,0
2476,381,0
2477,380,0
2478,387,0
2479,382,0
2480,376,0
2481,387,0
2482,377,0
2483,375,0
2484,378,0
2485,378,0
2486,377,0
2487,374,0
2488,382,0
2489,382,0
2490,377,0
2491,378,0
2492,365,0
2493,371,0
2494,383,0
2495,375,0
2496,377,0
2497,380,0
2498,380,0
2499,377,0
2500,379,0
2501,373,0
2502,376,0
2503,376,0
2504,375,0
2505,381,0
2506,388,0
2507,382,0
2508,379,0
2509,379,0
2510,375,0
2511,380,0
2512,377,0
2513,377,0
2514,383,0
2515,378,0
2516,386,0
2517,386,0
2518,384,0
2519,386,0
2520,373,0
2521,372,0
2522,378,0
2523,384,0
2524,382,0
2525,378,0
2526,380,0
2527,381,0
2528,390,0
2529,383,0
2530,379,0
2531,380,0
2532,374,0
2533,384,0
2534,386,0
2535,381,0
2536,383,0
2537,387,0
2538,379,0
2539,387,0
2540,384,0
2541,382,0
2542,375,0
2543,385,0
2544,382,0
2545,379,0
2546,375,0
2547,371,0
2548,378,0
2549,378,0
2550,379,0
2551,374,0
2552,382,0
2553,385,0
2554,387,0
2555,380,0
2556,382,0
2557,384,0
2558,377,0
2559,374,0
2560,381,0
2561,380,0
2562,382,0
2563,372,0
2564,383,0
2565,381,0
2566,384,0
2567,374,0
2568,382,0
2569,387,0
2570,383,0
2571,390,0
2572,379,0
2573,372,0
2574,383,0
2575,387,0
2576,383,0
2577,385,0
2578,377,0
2579,382,0
2580,388,0
2581,376,0
2582,379,0
2583,377,0
2584,383,0
2585,382,0
2586,381,0
2587,386,0
2588,382,0
2589,384,0
2590,394,0
2591,386,0
2592,381,0
2593,387,0
2594,384,0
2595,381,0
2596,384,0
2597,394,0
2598,381,0
2599,384,0
2600,381,0
2601,386,0
2602,379,0
2603,377,0
2604,386,0
2605,387,0
2606,381,0
2607,386,0
2608,383,0
2609,379,0
2610,379,0
2611,385,0
2612,385,0
2613,381,0
2614,391,0
2615,376,0
2616,379,0
2617,375,0
2618,377,0
2619,393,0
2620,376,0
2621,383,0
2622,376,0
2623,383,0
2624,379,0
2625,387,0
2626,384,0
2627,378,0
2628,391,0
2629,390,0
2630,382,0
2631,375,0
2632,381,0
2633,379,0
2634,382,0
2635,381,0
2636,382,0
2637,381,0
2638,377,0
2639,375,0
2640,376,0
2641,381,0
2642,380,0
2643,387,0
2644,374,0
2645,389,0
2646,384,0
2647,382,0
2648,377,0
2649,385,0
2650,373,0
2651,385,0
2652,374,0
2653,380,0
2654,385,0
2655,381,0
2656,391,0
2657,383,0
2658,382,0
2659,381,0
2660,378,0
2661,378,0
2662,379,0
2663,384,0
2664,383,0
2665,375,0
2666,378,0
2667,385,0
2668,390,0
2669,386,0
2670,391,0
2671,379,0
2672,382,0
2673,385,0
2674,382,0
2675,380,0
2676,382,0
2677,383,0
2678,380,0
2679,384,0
2680,382,0
2681,379,0
2682,377,0
2683,380,0
2684,386,0
2685,387,0
2686,381,0
2687,386,0
2688,383,0
2689,391,0
2690,385,0
2691,383,0
2692,382,0
2693,376,0
2694,383,0
2695,383,0
2696,384,0
2697,381,0
2698,382,0
2699,375,0
2700,381,0
2701,391,0
2702,387,0
2703,380,0
2704,383,0
2705,373,0
2706,378,0
2707,378,0
2708,379,0
2709,380,0
2710,380,0
2711,385,0
2712,389,0
2713,380,0
2714,387,0
2715,384,0
2716,376,0
2717,388,0
2718,377,0
2719,389,0
2720,386,0
2721,384,0
2722,387,0
2723,386,0
2724,390,0
2725,385,0
2726,382,0
2727,384,0
2728,387,0
2729,383,0
2730,377,0
2731,379,0
2732,377,0
2733,380,0
2734,393,0
2735,387,0
2736,387,0
2737,395,0
2738,385,0
2739,382,0
2740,383,0
2741,380,0
2742,380,0
2743,380,0
2744,385,0
2745,392,0
2746,388,0
2747,386,0
2748,379,0
2749,385,0
2750,389,0
2751,384,0
2752,389,0
2753,379,0
2754,382,0
2755,381,0
2756,384,0
2757,384,0
2758,384,0
2759,387,0
2760,394,0
2761,391,0
2762,379,0
2763,385,0
2764,386,0
2765,385,0
2766,381,0
2767,382,0
2768,394,0
2769,381,0
2770,393,0
2771,382,0
2772,384,0
2773,385,0
2774,385,0
2775,386,0
2776,386,0
2777,382,0
2778,379,0
2779,399,0
2780,379,0
2781,380,0
2782,393,0
2783,392,0
2784,381,0
2785,383,0
2786,386,0
2787,383,0
2788,374,0
2789,388,0
2790,380,0
2791,381,0
2792,378,0
2793,386,0
2794,383,0
2795,383,0
2796,386,0
2797,377,0
2798,379,0
2799,369,0
2800,392,0
2801,387,0
2802,394,0
2803,388,0
2804,387,0
2805,385,0
2806,379,0
2807,391,0
2808,384,0
2809,386,0
2810,390,0
2811,397,0
2812,385,0
2813,380,0
2814,389,0
2815,382,0
2816,393,0
2817,385,0
2818,386,0
2819,391,0
2820,386,0
2821,380,0
2822,393,0
2823,389,0
2824,393,0
2825,380,0
2826,376,0
2827,380,0
2828,387,0
2829,378,0
2830,380,0
2831,390,0
2832,384,0
2833,389,0
2834,384,0
2835,384,0
2836,383,0
2837,387,0
2838,384,0
2839,383,0
2840,377,0
2841,386,0
2842,389,0
2843,385,0
2844,381,0
2845,389,0
2846,390,0
2847,387,0
2848,381,0
2849,390,0
2850,383,0
2851,381,0
2852,380,0
2853,392,0
2854,393,0
2855,384,0
2856,384,0
2857,372,0
2858,379,0
2859,386,0
2860,389,0
2861,382,0
2862,381,0
2863,392,0
2864,391,0
2865,381,0
2866,381,0
2867,381,0
2868,398,0
2869,387,0
2870,385,0
2871,391,0
2872,381,0
2873,397,0
2874,389,0
2875,382,0
2876,378,0
2877,384,0
2878,387,0
2879,381,0
2880,385,0
2881,382,0
2882,387,0
2883,386,0
2884,392,0
2885,385,0
2886,392,0
2887,386,0
2888,398,0
2889,385,0
2890,379,0
2891,400,0
2892,386,0
2893,394,0
2894,375,0
2895,381,0
2896,391,0
2897,387,0
2898,392,0
2899,394,0
2900,387,0
2901,381,0
2902,395,0
2903,389,0
2904,387,0
2905,390,0
2906,381,0
2907,395,0
2908,383,0
2909,391,0
2910,390,0
2911,390,0
2912,385,0
2913,380,0
2914,386,0
2915,392,0
2916,380,0
2917,381,0
2918,385,0
2919,384,0
2920,383,0
2921,390,0
2922,378,0
2923,387,0
2924,388,0
2925,387,0
2926,379,0
2927,396,0
2928,384,0
2929,386,0
2930,385,0
2931,381,0
2932,392,0
2933,390,0
2934,383,0
2935,380,0
2936,395,0
2937,389,0
2938,384,0
2939,398,0
2940,390,0
2941,385,0
2942,381,0
2943,390,0
2944,386,0
2945,392,0
2946,388,0
2947,381,0
2948,383,0
2949,387,0
2950,392,0
2951,391,0
2952,381,0
2953,387,0
2954,385,0
2955,391,0
2956,392,0
2957,386,0
2958,391,0
2959,392,0
2960,386,0
2961,389,0
2962,385,0
2963,392,0
2964,387,0
2965,394,0
2966,384,0
2967,388,0
2968,391,0
2969,394,0
2970,382,0
2971,389,0
2972,384,0
2973,387,0
2974,397,0
2975,381,0
2976,387,0
2977,380,0
2978,382,0
2979,386,0
2980,390,0
2981,401,0
2982,391,0
2983,382,0
2984,387,0
2985,381,0
2986,386,0
2987,388,0
2988,397,0
2989,392,0
2990,387,0
2991,388,0
2992,395,0
2993,386,0
2994,392,0
2995,381,0
2996,391,0
2997,404,0
2998,390,0
2999,381,0
3000,396,0
3001,384,0
3002,391,0
3003,382,0
3004,383,0
3005,395,0
3006,394,0
3007,390,0
3008,396,0
3009,394,0
3010,392,0
3011,378,0
3012,403,0
3013,388,0
3014,387,0
3015,384,0
3016,386,0
3017,387,0
3018,394,0
3019,398,0
3020,396,0
3021,387,0
3022,394,0
3023,385,0
3024,388,0
3025,386,0
3026,385,0
3027,387,0
3028,390,0
3029,395,0
3030,389,0
3031,390,0
3032,385,0
3033,391,0
3034,395,0
3035,386,0
3036,386,0
3037,395,0
3038,390,0
3039,392,0
3040,382,0
3041,385,0
3042,384,0
3043,396,0
3044,394,0
3045,387,0
3046,383,0
3047,380,0
3048,388,0
3049,390,0
3050,384,0
3051,391,0
3052,387,0
3053,391,0
3054,391,0
3055,397,0
3056,389,0
3057,395,0
3058,392,0
3059,387,0
3060,388,0
3061,390,0
3062,403,0
3063,388,0
3064,391,0
3065,395,0
3066,389,0
3067,387,0
3068,385,0
3069,391,0
3070,385,0
3071,388,0
3072,390,0
3073,391,0
3074,395,0
3075,384,0
3076,389,0
3077,389,0
3078,386,0
3079,386,0
3080,390,0
3081,399,0
3082,390,0
3083,386,0
3084,398,0
3085,395,0
3086,400,0
3087,388,0
3088,391,0
3089,390,0
3090,391,0
3091,387,0
3092,374,0
3093,387,0
3094,395,0
3095,389,0
3096,384,0
3097,387,0
3098,392,0
3099,385,0
3100,395,0
3101,394,0
3102,392,0
3103,386,0
3104,385,0
3105,385,0
3106,386,0
3107,388,0
3108,396,0
3109,393,0
3110,385,0
3111,397,0
3112,388,0
3113,389,0
3114,391,0
3115,388,0
3116,395,0
3117,391,0
3118,384,0
3119,391,0
3120,388,0
3121,391,0
3122,394,0
3123,387,0
3124,380,0
3125,387,0
3126,400,0
3127,387,0
3128,393,0
3129,393,0
3130,398,0
3131,401,0
3132,393,0
3133,395,0
3134,389,0
3135,388,0
3136,391,0
3137,384,0
3138,393,0
3139,394,0
3140,396,0
3141,383,0
3142,379,0
3143,391,0
3144,395,0
3145,387,0
3146,385,0
3147,393,0
3148,396,0
3149,385,0
3150,388,0
3151,392,0
3152,384,0
3153,385,0
3154,395,0
3155,384,0
3156,393,0
3157,388,0
3158,390,0
3159,388,0
3160,393,0
3161,394,0
3162,386,0
3163,392,0
3164,399,0
3165,379,0
3166,401,0
3167,391,0
3168,385,0
3169,397,0
3170,387,0
3171,395,0
3172,385,0
3173,393,0
3174,387,0
3175,399,0
3176,389,0
3177,391,0
3178,392,0
3179,388,0
3180,397,0
3181,391,0
3182,394,0
3183,398,0
3184,387,0
3185,393,0
3186,388,0
3187,393,0
3188,389,0
3189,391,0
3190,400,0
3191,389,0
3192,390,0
3193,393,0
3194,393,0
3195,394,0
3196,392,0
3197,387,0
3198,398,0
3199,397,0
3200,397,0
3201,394,0
3202,395,0
3203,392,0
3204,395,0
3205,396,0
3206,396,0
3207,390,0
3208,390,0
3209,393,0
3210,385,0
3211,382,0
3212,400,0
3213,392,0
3214,391,0
3215,395,0
3216,383,0
3217,394,0
3218,390,0
3219,397,0
3220,401,0
3221,397,0
3222,391,0
3223,393,0
3224,392,0
3225,392,0
3226,397,0
3227,395,0
3228,391,0
3229,403,0
3230,392,0
3231,387,0
3232,392,0
3233,388,0
3234,383,0
3235,385,0
3236,384,0
3237,391,0
3238,383,0
3239,390,0
3240,384,0
3241,394,0
3242,388,0
3243,395,0
3244,399,0
3245,396,0
3246,389,0
3247,394,0
3248,386,0
3249,383,0
3250,394,0
3251,385,0
3252,392,0
3253,395,0
3254,401,0
3255,398,0
3256,401,0
3257,386,0
3258,395,0
3259,386,0
3260,393,0
3261,390,0
3262,400,0
3263,396,0
3264,386,0
3265,404,0
3266,389,0
3267,381,0
3268,388,0
3269,390,0
3270,389,0
3271,400,0
3272,387,0
3273,389,0
3274,394,0
3275,392,0
3276,393,0
3277,392,0
3278,384,0
3279,396,0
3280,391,0
3281,383,0
3282,390,0
3283,385,0
3284,393,0
3285,396,0
3286,397,0
3287,399,0
3288,395,0
3289,396,0
3290,398,0
3291,394,0
3292,396,0
3293,392,0
3294,394,0
3295,396,0
3296,396,0
3297,392,0
3298,392,0
3299,394,0
3300,395,0
3301,390,0
3302,385,0
3303,393,0
3304,394,0
3305,395,0
3306,386,0
3307,387,0
3308,394,0
3309,392,0
3310,393,0
3311,395,0
3312,392,0
3313,396,0
3314,391,0
3315,391,0
3316,384,0
3317,389,0
3318,395,0
3319,396,0
3320,395,0
3321,399,0
3322,386,0
3323,390,0
3324,396,0
3325,395,0
3326,393,0
3327,393,0
3328,397,0
3329,400,0
3330,396,0
3331,394,0
3332,389,0
3333,387,0
3334,399,0
3335,394,0
3336,393,0
3337,394,0
3338,390,0
3339,394,0
3340,391,0
3341,390,0
3342,391,0
3343,388,0
3344,390,0
3345,401,0
3346,395,0
3347,401,0
3348,395,0
3349,392,0
3350,398,0
3351,397,0
3352,390,0
3353,388,0
3354,394,0
3355,388,0
3356,389,0
3357,401,0
3358,393,0
3359,388,0
3360,393,0
3361,392,0
3362,390,0
3363,394,0
3364,389,0
3365,390,0
3366,393,0
3367,394,0
3368,395,0
3369,385,0
3370,386,0
3371,392,0
3372,397,0
3373,385,0
3374,390,0
3375,396,0
3376,395,0
3377,395,0
3378,395,0
3379,387,0
3380,403,0
3381,403,0
3382,393,0
3383,390,0
3384,396,0
3385,394,0
3386,398,0
3387,396,0
3388,398,0
3389,394,0
3390,384,0
3391,395,0
3392,390,0
3393,397,0
3394,394,0
3395,402,0
3396,400,0
3397,389,0
3398,388,0
3399,395,0
3400,390,0
3401,396,0
3402,399,0
3403,392,0
3404,400,0
3405,404,0
3406,394,0
3407,392,0
3408,391,0
3409,396,0
3410,388,0
3411,392,0
3412,401,0
3413,403,0
3414,395,0
3415,404,0
3416,392,0
3417,395,0
3418,401,0
3419,392,0
3420,398,0
3421,395,0
3422,404,0
3423,403,0
3424,390,0
3425,391,0
3426,386,0
3427,395,0
3428,392,0
3429,389,0
3430,396,0
3431,392,0
3432,388,0
3433,389,0
3434,384,0
3435,396,0
3436,392,0
3437,379,0
3438,398,0
3439,395,0
3440,393,0
3441,387,0
3442,400,0
3443,398,0
3444,396,0
3445,398,0
3446,390,0
3447,391,0
3448,393,0
3449,401,0
3450,384,0
3451,395,0
3452,388,0
3453,390,0
3454,396,0
3455,392,0
3456,393,0
3457,398,0
3458,395,0
3459,395,0
3460,395,0
3461,399,0
3462,394,0
3463,380,0
3464,398,0
3465,395,0
3466,392,0
3467,396,0
3468,395,0
3469,392,0
3470,394,0
3471,391,0
3472,389,0
3473,394,0
3474,395,0
3475,392,0
3476,396,0
3477,391,0
3478,396,0
3479,389,0
3480,398,0
3481,395,0
3482,392,0
3483,396,0
3484,404,0
3485,386,0
3486,401,0
3487,396,0
3488,404,0
3489,388,0
3490,395,0
3491,391,0
3492,390,0
3493,408,0
3494,388,0
3495,389,0
3496,399,0
3497,395,0
3498,395,0
3499,387,0
3500,387,0
3501,389,0
3502,398,0
3503,394,0
3504,400,0
3505,396,0
3506,395,0
3507,397,0
3508,397,0
3509,389,0
3510,398,0
3511,402,0
3512,391,0
3513,398,0
3514,392,0
3515,395,0
3516,392,0
3517,385,0
3518,388,0
3519,398,0
3520,398,0
3521,398,0
3522,398,0
3523,401,0
3524,399,0
3525,388,0
3526,404,0
3527,391,0
3528,401,0
3529,401,0
3530,400,0
3531,398,0
3532,391,0
3533,394,0
3534,394,0
3535,403,0
3536,399,0
3537,398,0
3538,396,0
3539,395,0
3540,403,0
3541,389,0
3542,404,0
3543,395,0
3544,395,0
3545,390,0
3546,399,0
3547,403,0
3548,408,0
3549,390,0
3550,396,0
3551,396,0
3552,398,0
3553,393,0
3554,394,0
3555,402,0
3556,397,0
3557,398,0
3558,402,0
3559,388,0
3560,396,0
3561,394,0
3562,396,0
3563,389,0
3564,395,0
3565,394,0
3566,394,0
3567,397,0
3568,398,0
3569,403,0
3570,402,0
3571,400,0
3572,390,0
3573,397,0
3574,397,0
3575,400,0
3576,393,0
3577,398,0
3578,406,0
3579,404,0
3580,394,0
3581,398,0
3582,393,0
3583,409,0
3584,394,0
3585,392,0
3586,401,0
3587,398,0
3588,408,0
3589,392,0
3590,395,0
3591,400,0
3592,393,0
3593,395,0
3594,391,0
3595,397,0
3596,393,0
3597,397,0
3598,400,0
3599,403,0
3600,395,0
3601,396,0
3602,404,0
3603,385,0
3604,401,0
3605,390,0
3606,401,0
3607,395,0
3608,397,0
3609,394,0
3610,403,0
3611,395,0
3612,397,0
3613,398,0
3614,403,0
3615,396,0
3616,396,0
3617,394,0
3618,393,0
3619,390,0
3620,399,0
3621,398,0
3622,387,0
3623,396,0
3624,400,0
3625,393,0
3626,405,0
3627,404,0
3628,394,0
3629,400,0
3630,394,0
3631,399,0
3632,398,0
3633,404,0
3634,390,0
3635,396,0
3636,394,0
3637,391,0
3638,391,0
3639,409,0
3640,398,0
3641,395,0
3642,399,0
3643,404,0
3644,398,0
3645,390,0
3646,390,0
3647,390,0
3648,402,0
3649,394,0
3650,403,0
3651,391,0
3652,395,0
3653,408,0
3654,388,0
3655,403,0
3656,400,0
3657,396,0
3658,403,0
3659,396,0
3660,401,0
3661,401,0
3662,397,0
3663,398,0
3664,392,0
3665,397,0
3666,401,0
3667,397,0
3668,403,0
3669,399,0
3670,399,0
3671,398,0
3672,403,0
3673,388,0
3674,390,0
3675,397,0
3676,402,0
3677,391,0
3678,398,0
3679,397,0
3680,392,0
3681,393,0
3682,394,0
3683,393,0
3684,388,0
3685,390,0
3686,390,0
3687,393,0
3688,392,0
3689,400,0
3690,390,0
3691,396,0
3692,400,0
3693,400,0
3694,391,0
3695,397,0
3696,397,0
3697,397,0
3698,413,0
3699,402,0
3700,403,0
3701,400,0
3702,400,0
3703,401,0
3704,396,0
3705,403,0
3706,395,0
3707,395,0
3708,402,0
3709,386,0
3710,397,0
3711,398,0
3712,392,0
3713,398,0
3714,397,0
3715,395,0
3716,400,0
3717,396,0
3718,401,0
3719,400,0
3720,397,0
3721,389,0
3722,399,0
3723,397,0
3724,397,0
3725,398,0
3726,392,0
3727,402,0
3728,397,0
3729,399,0
3730,398,0
3731,395,0
3732,400,0
3733,404,0
3734,401,0
3735,401,0
3736,404,0
3737,403,0
3738,389,0
3739,400,0
3740,401,0
3741,398,0
3742,397,0
3743,402,0
3744,403,0
3745,401,0
3746,405,0
3747,408,0
3748,401,0
3749,398,0
3750,409,0
3751,393,0
3752,403,0
3753,397,0
3754,395,0
3755,394,0
3756,397,0
3757,400,0
3758,399,0
3759,397,0
3760,394,0
3761,405,0
3762,404,0
3763,395,0
3764,403,0
3765,398,0
3766,397,0
3767,394,0
3768,403,0
3769,399,0
3770,394,0
3771,395,0
3772,401,0
3773,398,0
3774,407,0
3775,401,0
3776,393,0
3777,407,0
3778,400,0
3779,397,0
3780,396,0
3781,400,0
3782,400,0
3783,394,0
3784,392,0
3785,403,0
3786,399,0
3787,393,0
3788,400,0
3789,399,0
3790,396,0
3791,395,0
3792,394,0
3793,398,0
3794,393,0
3795,403,0
3796,402,0
3797,401,0
3798,404,0
3799,405,0
3800,398,0
3801,404,0
3802,404,0
3803,394,0
3804,403,0
3805,392,0
3806,408,0
3807,391,0
3808,403,0
3809,400,0
3810,401,0
3811,405,0
3812,400,0
3813,394,0
3814,408,0
3815,400,0
3816,405,0
3817,401,0
3818,398,0
3819,394,0
3820,393,0
3821,399,0
3822,401,0
3823,398,0
3824,399,0
3825,402,0
3826,395,0
3827,406,0
3828,400,0
3829,403,0
3830,400,0
3831,395,0
3832,393,0
3833,405,0
3834,399,0
3835,389,0
3836,392,0
3837,394,0
3838,399,0
3839,411,0
3840,406,0
3841,402,0
3842,401,0
3843,396,0
3844,405,0
3845,397,0
3846,401,0
3847,400,0
3848,400,0
3849,395,0
3850,401,0
3851,387,0
3852,399,0
3853,401,0
3854,399,0
3855,396,0
3856,393,0
3857,401,0
3858,400,0
3859,399,0
3860,402,0
3861,399,0
3862,399,0
3863,401,0
3864,400,0
3865,401,0
3866,392,0
3867,401,0
3868,396,0
3869,401,0
3870,402,0
3871,401,0
3872,408,0
3873,402,0
3874,396,0
3875,396,0
3876,398,0
3877,401,0
3878,403,0
3879,402,0
3880,399,0
3881,396,0
3882,406,0
3883,398,0
3884,398,0
3885,396,0
3886,407,0
3887,400,0
3888,394,0
3889,397,0
3890,399,0
3891,397,0
3892,407,0
3893,390,0
3894,408,0
3895,398,0
3896,404,0
3897,397,0
3898,404,0
3899,391,0
3900,394,0
3901,400,0
3902,405,0
3903,406,0
3904,400,0
3905,409,0
3906,405,0
3907,398,0
3908,399,0
3909,407,0
3910,401,0
3911,399,0
3912,402,0
3913,411,0
3914,403,0
3915,395,0
3916,401,0
3917,404,0
3918,391,0
3919,402,0
3920,401,0
3921,407,0
3922,411,0
3923,408,0
3924,408,0
3925,396,0
3926,394,0
3927,401,0
3928,399,0
3929,402,0
3930,397,0
3931,401,0
3932,409,0
3933,399,0
3934,394,0
3935,401,0
3936,393,0
3937,394,0
3938,402,0
3939,399,0
3940,394,0
3941,403,0
3942,405,0
3943,396,0
3944,406,0
3945,404,0
3946,400,0
3947,405,0
3948,395,0
3949,403,0
3950,404,0
3951,405,0
3952,396,0
3953,407,0
3954,401,0
3955,408,0
3956,401,0
3957,415,0
3958,405,0
3959,399,0
3960,402,0
3961,398,0
3962,406,0
3963,397,0
3964,405,0
3965,412,0
3966,400,0
3967,406,0
3968,403,0
3969,401,0
3970,393,0
3971,401,0
3972,399,0
3973,403,0
3974,394,0
3975,392,0
3976,399,0
3977,402,0
3978,391,0
3979,402,0
3980,387,0
3981,395,0
3982,393,0
3983,406,0
3984,401,0
3985,394,0
3986,403,0
3987,395,0
3988,398,0
3989,402,0
3990,404,0
3991,397,0
3992,396,0
3993,402,0
3994,405,0
3995,407,0
3996,403,0
3997,397,0
3998,403,0
3999,395,0
4000,405,0
4001,398,0
4002,403,0
4003,398,0
4004,404,0
4005,400,0
4006,391,0
4007,403,0
4008,402,0
4009,400,0
4010,400,0
4011,404,0
4012,397,0
4013,408,0
4014,398,0
4015,395,0
4016,401,0
4017,393,0
4018,398,0
4019,396,0
4020,409,0
4021,406,0
4022,407,0
4023,397,0
4024,402,0
4025,400,0
4026,399,0
4027,400,0
4028,399,0
4029,397,0
4030,391,0
4031,398,0
4032,405,0
4033,410,0
4034,413,0
4035,399,0
4036,409,0
4037,402,0
4038,407,0
4039,398,0
4040,402,0
4041,406,0
4042,399,0
4043,393,0
4044,401,0
4045,404,0
4046,404,0
4047,392,0
4048,403,0
4049,401,0
4050,396,0
4051,405,0
4052,409,0
4053,400,0
4054,407,0
4055,396,0
4056,400,0
4057,397,0
4058,415,0
4059,397,0
4060,409,0
4061,400,0
4062,392,0
4063,401,0
4064,405,0
4065,407,0
4066,408,0
4067,405,0
4068,409,0
4069,406,0
4070,398,0
4071,404,0
4072,404,0
4073,408,0
4074,400,0
4075,392,0
4076,401,0
4077,403,0
4078,403,0
4079,392,0
4080,410,0
4081,406,0
4082,398,0
4083,391,0
4084,405,0
4085,405,0
4086,407,0
4087,401,0
4088,399,0
4089,396,0
4090,398,0
4091,397,0
4092,400,0
4093,400,0
4094,402,0
4095,395,0
4096,394,0
4097,406,0
4098,403,0
4099,408,0
4100,399,0
4101,401,0
4102,408,0
4103,394,0
4104,399,0
4105,402,0
4106,401,0
4107,397,0
4108,407,0
4109,406,0
4110,395,0
4111,407,0
4112,399,0
4113,407,0
4114,396,0
4115,409,0
4116,405,0
4117,411,0
4118,403,0
4119,406,0
4120,407,0
4121,398,0
4122,400,0
4123,409,0
4124,407,0
4125,405,0
4126,398,0
4127,411,0
4128,402,0
4129,404,0
4130,391,0
4131,404,0
4132,400,0
4133,406,0
4134,406,0
4135,398,0
4136,402,0
4137,398,0
4138,402,0
4139,401,0
4140,399,0
4141,401,0
4142,410,0
4143,399,0
4144,411,0
4145,405,0
4146,403,0
4147,393,0
4148,401,0
4149,399,0
4150,400,0
4151,411,0
4152,402,0
4153,409,0
4154,408,0
4155,402,0
4156,398,0
4157,402,0
4158,395,0
4159,407,0
4160,411,0
4161,411,0
4162,407,0
4163,401,0
4164,413,0
4165,413,0
4166,403,0
4167,409,0
4168,406,0
4169,406,0
4170,405,0
4171,399,0
4172,403,0
4173,411,0
4174,399,0
4175,401,0
4176,406,0
4177,403,0
4178,409,0
4179,408,0
4180,404,0
4181,403,0
4182,398,0
4183,398,0
4184,406,0
4185,405,0
4186,403,0
4187,403,0
4188,412,0
4189,397,0
4190,404,0
4191,407,0
4192,403,0
4193,410,0
4194,404,0
4195,406,0
4196,412,0
4197,401,0
4198,399,0
4199,406,0
4200,402,0
4201,405,0
4202,400,0
4203,403,0
4204,406,0
4205,396,0
4206,405,0
4207,403,0
4208,399,0
4209,398,0
4210,410,0
4211,403,0
4212,396,0
4213,406,0
4214,406,0
4215,406,0
4216,405,0
4217,400,0
4218,402,0
4219,404,0
4220,396,0
4221,401,0
4222,399,0
4223,396,0
4224,404,0
4225,398,0
4226,407,0
4227,406,0
4228,414,0
4229,399,0
4230,396,0
4231,413,0
4232,398,0
4233,401,0
4234,400,0
4235,402,0
4236,402,0
4237,398,0
4238,405,0
4239,409,0
4240,406,0
4241,402,0
4242,402,0
4243,413,0
4244,401,0
4245,403,0
4246,400,0
4247,402,0
4248,408,0
4249,403,0
4250,403,0
4251,411,0
4252,402,0
4253,400,0
4254,396,0
4255,403,0
4256,396,0
4257,400,0
4258,403,0
4259,397,0
4260,401,0
4261,401,0
4262,408,0
4263,401,0
4264,402,0
4265,402,0
4266,395,0
4267,408,0
4268,399,0
4269,401,0
4270,404,0
4271,397,0
4272,403,0
4273,402,0
4274,408,0
4275,400,0
4276,406,0
4277,397,0
4278,396,0
4279,404,0
4280,404,0
4281,408,0
4282,407,0
4283,403,0
4284,402,0
4285,402,0
4286,410,0
4287,406,0
4288,401,0
4289,406,0
4290,415,0
4291,404,0
4292,405,0
4293,388,0
4294,405,0
4295,396,0
4296,398,0
4297,395,0
4298,409,0
4299,406,0
4300,406,0
4301,406,0
4302,406,0
4303,408,0
4304,401,0
4305,403,0
4306,411,0
4307,401,0
4308,399,0
4309,401,0
4310,401,0
4311,408,0
4312,411,0
4313,411,0
4314,406,0
4315,403,0
4316,406,0
4317,407,0
4318,411,0
4319,400,0
4320,399,0
4321,409,0
4322,403,0
4323,402,0
4324,403,0
4325,402,0
4326,400,0
4327,421,0
4328,413,0
4329,410,0
4330,407,0
4331,400,0
4332,403,0
4333,396,0
4334,408,0
4335,396,0
4336,390,0
4337,404,0
4338,397,0
4339,405,0
4340,408,0
4341,404,0
4342,393,0
4343,398,0
4344,412,0
4345,411,0
4346,414,0
4347,404,0
4348,411,0
4349,401,0
4350,408,0
4351,401,0
4352,397,0
4353,399,0
4354,410,0
4355,405,0
4356,406,0
4357,413,0
4358,409,0
4359,402,0
4360,400,0
4361,396,0
4362,401,0
4363,408,0
4364,412,0
4365,407,0
4366,410,0
4367,404,0
4368,405,0
4369,401,0
4370,399,0
4371,403,0
4372,402,0
4373,405,0
4374,392,0
4375,410,0
4376,409,0
4377,411,0
4378,404,0
4379,411,0
4380,411,0
4381,403,0
4382,407,0
4383,400,0
4384,408,0
4385,403,0
4386,406,0
4387,408,0
4388,400,0
4389,406,0
4390,411,0
4391,403,0
4392,412,0
4393,404,0
4394,406,0
4395,414,0
4396,399,0
4397,403,0
4398,407,0
4399,399,0
4400,403,0
4401,400,0
4402,407,0
4403,410,0
4404,408,0
4405,407,0
4406,420,0
4407,411,0
4408,403,0
4409,401,0
4410,396,0
4411,406,0
4412,405,0
4413,398,0
4414,409,0
4415,405,0
4416,419,0
4417,406,0
4418,406,0
4419,405,0
4420,399,0
4421,408,0
4422,410,0
4423,405,0
4424,403,0
4425,404,0
4426,402,0
4427,404,0
4428,396,0
4429,410,0
4430,405,0
4431,401,0
4432,406,0
4433,413,0
4434,407,0
4435,405,0
4436,417,0
4437,413,0
4438,400,0
4439,412,0
4440,400,0
4441,413,0
4442,400,0
4443,405,0
4444,400,0
4445,407,0
4446,397,0
4447,405,0
4448,404,0
4449,410,0
4450,403,0
4451,397,0
4452,403,0
4453,410,0
4454,404,0
4455,405,0
4456,399,0
4457,412,0
4458,401,0
4459,409,0
4460,397,0
4461,407,0
4462,400,0
4463,408,0
4464,402,0
4465,402,0
4466,412,0
4467,398,0
4468,404,0
4469,394,0
4470,409,0
4471,409,0
4472,412,0
4473,406,0
4474,411,0
4475,410,0
4476,408,0
4477,413,0
4478,404,0
4479,409,0
4480,399,0
4481,403,0
4482,400,0
4483,408,0
4484,404,0
4485,396,0
4486,407,0
4487,411,0
4488,401,0
4489,395,0
4490,411,0
4491,401,0
4492,409,0
4493,419,0
4494,402,0
4495,396,0
4496,404,0
4497,411,0
4498,408,0
4499,413,0
4500,406,0
4501,413,0
4502,405,0
4503,406,0
4504,409,0
4505,411,0
4506,401,0
4507,400,0
4508,405,0
4509,406,0
4510,412,0
4511,399,0
4512,409,0
4513,398,0
4514,406,0
4515,403,0
4516,413,0
4517,399,0
4518,398,0
4519,403,0
4520,409,0
4521,407,0
4522,402,0
4523,405,0
4524,407,0
4525,404,0
4526,415,0
4527,403,0
4528,404,0
4529,415,0
4530,410,0
4531,413,0
4532,405,0
4533,403,0
4534,410,0
4535,409,0
4536,411,0
4537,415,0
4538,409,0
4539,405,0
4540,411,0
4541,411,0
4542,406,0
4543,402,0
4544,410,0
4545,409,0
4546,399,0
4547,403,0
4548,402,0
4549,406,0
4550,409,0
4551,410,0
4552,403,0
4553,406,0
4554,414,0
4555,402,0
4556,412,0
4557,405,0
4558,404,0
4559,398,0
4560,410,0
4561,407,0
4562,408,0
4563,407,0
4564,410,0
4565,414,0
4566,407,0
4567,409,0
4568,400,0
4569,403,0
4570,405,0
4571,400,0
4572,406,0
4573,415,0
4574,410,0
4575,405,0
4576,408,0
4577,414,0
4578,408,0
4579,413,0
4580,404,0
4581,407,0
4582,410,0
4583,400,0
4584,404,0
4585,407,0
4586,412,0
4587,409,0
4588,404,0
4589,407,0
4590,408,0
4591,406,0
4592,404,0
4593,414,0
4594,407,0
4595,401,0
4596,410,0
4597,409,0
4598,403,0
4599,399,0
4600,403,0
4601,410,0
4602,407,0
4603,405,0
4604,410,0
4605,404,0
4606,409,0
4607,399,0
4608,400,0
4609,410,0
4610,414,0
4611,398,0
4612,417,0
4613,409,0
4614,415,0
4615,399,0
4616,405,0
4617,408,0
4618,404,0
4619,414,0
4620,407,0
4621,413,0
4622,403,0
4623,407,0
4624,405,0
4625,400,0
4626,410,0
4627,410,0
4628,412,0
4629,413,0
4630,405,0
4631,408,0
4632,410,0
4633,408,0
4634,406,0
4635,415,0
4636,411,0
4637,405,0
4638,414,0
4639,413,0
4640,408,0
4641,403,0
4642,414,0
4643,401,0
4644,412,0
4645,409,0
4646,397,0
4647,406,0
4648,416,0
4649,412,0
4650,403,0
4651,415,0
4652,407,0
4653,409,0
4654,413,0
4655,419,0
4656,414,0
4657,406,0
4658,402,0
4659,404,0
4660,404,0
4661,402,0
4662,411,0
4663,412,0
4664,397,0
4665,419,0
4666,405,0
4667,413,0
4668,412,0
4669,401,0
4670,399,0
4671,407,0
4672,407,0
4673,411,0
4674,408,0
4675,404,0
4676,411,0
4677,410,0
4678,407,0
4679,405,0
4680,398,0
4681,406,0
4682,401,0
4683,410,0
4684,417,0
4685,410,0
4686,405,0
4687,402,0
4688,403,0
4689,412,0
4690,403,0
4691,405,0
4692,403,0
4693,413,0
4694,409,0
4695,393,0
4696,416,0
4697,413,0
4698,416,0
4699,409,0
4700,410,0
4701,408,0
4702,404,0
4703,406,0
4704,402,0
4705,412,0
4706,402,0
4707,399,0
4708,415,0
4709,406,0
4710,408,0
4711,408,0
4712,409,0
4713,410,0
4714,409,0
4715,418,0
4716,404,0
4717,412,0
4718,411,0
4719,412,0
4720,399,0
4721,407,0
4722,403,0
4723,413,0
4724,400,0
4725,413,0
4726,406,0
4727,405,0
4728,415,0
4729,417,0
4730,404,0
4731,409,0
4732,405,0
4733,404,0
4734,405,0
4735,404,0
4736,394,0
4737,410,0
4738,410,0
4739,412,0
4740,408,0
4741,397,0
4742,408,0
4743,407,0
4744,413,0
4745,412,0
4746,410,0
4747,399,0
4748,407,0
4749,408,0
4750,407,0
4751,410,0
4752,411,0
4753,413,0
4754,401,0
4755,410,0
4756,407,0
4757,410,0
4758,404,0
4759,399,0
4760,410,0
4761,409,0
4762,415,0
4763,412,0
4764,412,0
4765,410,0
4766,395,0
4767,407,0
4768,415,0
4769,416,0
4770,411,0
4771,411,0
4772,407,0
4773,413,0
4774,407,0
4775,418,0
4776,413,0
4777,417,0
4778,419,0
4779,416,0
4780,410,0
4781,405,0
4782,411,0
4783,412,0
4784,399,0
4785,402,0
4786,406,0
4787,414,0
4788,400,0
4789,411,0
4790,409,0
4791,415,0
4792,405,0
4793,412,0
4794,400,0
4795,412,0
4796,409,0
4797,413,0
4798,403,0
4799,410,0
4800,408,0
4801,411,0
4802,404,0
4803,407,0
4804,408,0
4805,415,0
4806,404,0
4807,400,0
4808,403,0
4809,402,0
4810,411,0
4811,408,0
4812,411,0
4813,422,0
4814,410,0
4815,417,0
4816,404,0
4817,408,0
4818,405,0
4819,416,0
4820,408,0
4821,400,0
4822,396,0
4823,412,0
4824,407,0
4825,406,0
4826,407,0
4827,408,0
4828,409,0
4829,404,0
4830,403,0
4831,410,0
4832,413,0
4833,414,0
4834,415,0
4835,414,0
4836,400,0
4837,409,0
4838,398,0
4839,411,0
4840,422,0
4841,420,0
4842,411,0
4843,410,0
4844,410,0
4845,407,0
4846,410,0
4847,415,0
4848,409,0
4849,412,0
4850,410,0
4851,422,0
4852,410,0
4853,410,0
4854,406,0
4855,401,0
4856,409,0
4857,403,0
4858,406,0
4859,417,0
4860,416,0
4861,405,0
4862,409,0
4863,409,0
4864,413,0
4865,415,0
4866,405,0
4867,414,0
4868,407,0
4869,415,0
4870,409,0
4871,415,0
4872,397,0
4873,416,0
4874,409,0
4875,403,0
4876,411,0
4877,400,0
4878,409,0
4879,408,0
4880,409,0
4881,406,0
4882,414,0
4883,408,0
4884,406,0
4885,412,0
4886,414,0
4887,413,0
4888,409,0
4889,413,0
4890,405,0
4891,413,0
4892,408,0
4893,411,0
4894,408,0
4895,410,0
4896,415,0
4897,416,0
4898,413,0
4899,408,0
4900,420,0
4901,403,0
4902,414,0
4903,404,0
4904,412,0
4905,410,0
4906,397,0
4907,408,0
4908,404,0
4909,417,0
4910,412,0
4911,414,0
4912,420,0
4913,416,0
4914,407,0
4915,409,0
4916,411,0
4917,405,0
4918,409,0
4919,413,0
4920,405,0
4921,410,0
4922,399,0
4923,406,0
4924,409,0
4925,407,0
4926,409,0
4927,413,0
4928,410,0
4929,410,0
4930,409,0
4931,410,0
4932,410,0
4933,415,0
4934,406,0
4935,408,0
4936,411,0
4937,413,0
4938,424,0
4939,415,0
4940,415,0
4941,408,0
4942,408,0
4943,413,0
4944,409,0
4945,414,0
4946,418,0
4947,409,0
4948,407,0
4949,409,0
4950,408,0
4951,413,0
4952,413,0
4953,409,0
4954,415,0
4955,414,0
4956,414,0
4957,406,0
4958,411,0
4959,416,0
4960,411,0
4961,411,0
4962,414,0
4963,412,0
4964,416,0
4965,407,0
4966,417,0
4967,411,0
4968,412,0
4969,414,0
4970,419,0
4971,411,0
4972,413,0
4973,419,0
4974,411,0
4975,407,0
4976,404,0
4977,406,0
4978,402,0
4979,408,0
4980,409,0
4981,413,0
4982,404,0
4983,412,0
4984,403,0
4985,418,0
4986,419,0
4987,415,0
4988,408,0
4989,413,0
4990,414,0
4991,408,0
4992,414,0
4993,412,0
4994,416,0
4995,408,0
4996,417,0
4997,408,0
4998,411,0
4999,408,0
5000,412,0
5001,410,0
5002,410,0
5003,408,0
5004,414,0
5005,414,0
5006,412,0
5007,401,0
5008,406,0
5009,407,0
5010,416,0
5011,417,0
5012,409,0
5013,408,0
5014,417,0
5015,413,0
5016,416,0
5017,409,0
5018,408,0
5019,416,0
5020,414,0
5021,411,0
5022,414,0
5023,405,0
5024,420,0
5025,416,0
5026,422,0
5027,418,0
5028,414,0
5029,409,0
5030,407,0
5031,408,0
5032,417,0
5033,417,0
5034,411,0
5035,413,0
5036,406,0
5037,411,0
5038,416,0
5039,412,0
5040,422,0
5041,416,0
5042,408,0
5043,407,0
5044,405,0
5045,409,0
5046,407,0
5047,407,0
5048,405,0
5049,413,0
5050,404,0
5051,415,0
5052,414,0
5053,417,0
5054,415,0
5055,415,0
5056,419,0
5057,412,0
5058,399,0
5059,414,0
5060,418,0
5061,420,0
5062,411,0
5063,414,0
5064,410,0
5065,406,0
5066,413,0
5067,409,0
5068,404,0
5069,403,0
5070,411,0
5071,413,0
5072,417,0
5073,414,0
5074,413,0
5075,407,0
5076,413,0
5077,424,0
5078,418,0
5079,410,0
5080,410,0
5081,409,0
5082,414,0
5083,415,0
5084,402,0
5085,409,0
5086,410,0
5087,412,0
5088,415,0
5089,415,0
5090,409,0
5091,424,0
5092,406,0
5093,412,0
5094,416,0
5095,420,0
5096,409,0
5097,406,0
5098,413,0
5099,410,0
5100,407,0
5101,408,0
5102,414,0
5103,413,0
5104,405,0
5105,414,0
5106,413,0
5107,417,0
5108,407,0
5109,402,0
5110,413,0
5111,404,0
5112,412,0
5113,411,0
5114,419,0
5115,408,0
5116,411,0
5117,408,0
5118,412,0
5119,411,0
5120,404,0
5121,415,0
5122,414,0
5123,405,0
5124,412,0
5125,411,0
5126,416,0
5127,405,0
5128,415,0
5129,407,0
5130,415,0
5131,413,0
5132,412,0
5133,411,0
5134,412,0
5135,423,0
5136,415,0
5137,417,0
5138,414,0
5139,417,0
5140,412,0
5141,411,0
5142,408,0
5143,408,0
5144,405,0
5145,415,0
5146,417,0
5147,413,0
5148,412,0
5149,408,0
5150,412,0
5151,422,0
5152,410,0
5153,416,0
5154,419,0
5155,414,0
5156,414,0
5157,414,0
5158,407,0
5159,411,0
5160,412,0
5161,411,0
5162,414,0
5163,400,0
5164,414,0
5165,413,0
5166,409,0
5167,419,0
5168,416,0
5169,420,0
5170,414,0
5171,410,0
5172,412,0
5173,408,0
5174,409,0
5175,416,0
5176,408,0
5177,415,0
5178,417,0
5179,407,0
5180,413,0
5181,415,0
5182,410,0
5183,414,0
5184,415,0
5185,407,0
5186,418,0
5187,413,0
5188,413,0
5189,415,0
5190,417,0
5191,415,0
5192,415,0
5193,407,0
5194,406,0
5195,419,0
5196,413,0
5197,414,0
5198,411,0
5199,398,0
5200,410,0
5201,413,0
5202,415,0
5203,407,0
5204,411,0
5205,421,0
5206,424,0
5207,410,0
5208,416,0
5209,411,0
5210,418,0
5211,412,0
5212,404,0
5213,413,0
5214,411,0
5215,423,0
5216,414,0
5217,414,0
5218,415,0
5219,414,0
5220,415,0
5221,412,0
5222,417,0
5223,410,0
5224,408,0
5225,422,0
5226,414,0
5227,421,0
5228,417,0
5229,413,0
5230,413,0
5231,414,0
5232,409,0
5233,409,0
5234,416,0
5235,409,0
5236,415,0
5237,411,0
5238,402,0
5239,419,0
5240,411,0
5241,415,0
5242,407,0
5243,417,0
5244,423,0
5245,410,0
5246,410,0
5247,414,0
5248,422,0
5249,411,0
5250,420,0
5251,411,0
5252,413,0
5253,410,0
5254,405,0
5255,411,0
5256,422,0
5257,410,0
5258,415,0
5259,415,0
5260,417,0
5261,412,0
5262,404,0
5263,415,0
5264,413,0
5265,410,0
5266,415,0
5267,414,0
5268,411,0
5269,413,0
5270,417,0
5271,419,0
5272,409,0
5273,416,0
5274,409,0
5275,406,0
5276,416,0
5277,414,0
5278,417,0
5279,411,0
5280,413,0
5281,419,0
5282,422,0
5283,418,0
5284,411,0
5285,406,0
5286,419,0
5287,409,0
5288,409,0
5289,413,0
5290,412,0
5291,421,0
5292,412,0
5293,415,0
5294,418,0
5295,419,0
5296,412,0
5297,420,0
5298,418,0
5299,420,0
5300,411,0
5301,411,0
5302,418,0
5303,411,0
5304,418,0
5305,417,0
5306,413,0
5307,414,0
5308,406,0
5309,411,0
5310,397,0
5311,420,0
5312,422,0
5313,412,0
5314,420,0
5315,406,0
5316,419,0
5317,419,0
5318,409,0
5319,407,0
5320,415,0
5321,422,0
5322,414,0
5323,413,0
5324,430,0
5325,404,0
5326,412,0
5327,409,0
5328,418,0
5329,414,0
5330,424,0
5331,417,0
5332,421,0
5333,422,0
5334,424,0
5335,417,0
5336,415,0
5337,416,0
5338,415,0
5339,419,0
5340,413,0
5341,411,0
5342,418,0
5343,414,0
5344,417,0
5345,409,0
5346,415,0
5347,417,0
5348,406,0
5349,417,0
5350,415,0
5351,415,0
5352,411,0
5353,414,0
5354,410,0
5355,414,0
5356,410,0
5357,411,0
5358,414,0
5359,412,0
5360,413,0
5361,418,0
5362,415,0
5363,417,0
5364,418,0
5365,414,0
5366,418,0
5367,420,0
5368,413,0
5369,413,0
5370,415,0
5371,409,0
5372,410,0
5373,407,0
5374,404,0
5375,413,0
5376,412,0
5377,405,0
5378,423,0
5379,421,0
5380,409,0
5381,423,0
5382,416,0
5383,414,0
5384,419,0
5385,407,0
5386,422,0
5387,415,0
5388,412,0
5389,417,0
5390,422,0
5391,417,0
5392,409,0
5393,421,0
5394,424,0
5395,420,0
5396,427,0
5397,420,0
5398,406,0
5399,419,0
5400,418,0
5401,422,0
5402,415,0
5403,414,0
5404,403,0
5405,411,0
5406,410,0
5407,409,0
5408,421,0
5409,421,0
5410,421,0
5411,420,0
5412,422,0
5413,413,0
5414,416,0
5415,415,0
5416,417,0
5417,421,0
5418,418,0
5419,411,0
5420,410,0
5421,418,0
5422,414,0
5423,417,0
5424,421,0
5425,416,0
5426,411,0
5427,400,0
5428,415,0
5429,426,0
5430,417,0
5431,414,0
5432,415,0
5433,407,0
5434,401,0
5435,417,0
5436,409,0
5437,411,0
5438,427,0
5439,418,0
5440,403,0
5441,414,0
5442,419,0
5443,419,0
5444,412,0
5445,415,0
5446,412,0
5447,427,0
5448,416,0
5449,411,0
5450,418,0
5451,412,0
5452,416,0
5453,413,0
5454,418,0
5455,414,0
5456,416,0
5457,419,0
5458,416,0
5459,413,0
5460,414,0
5461,415,0
5462,417,0
5463,424,0
5464,403,0
5465,412,0
5466,410,0
5467,417,0
5468,407,0
5469,411,0
5470,411,0
5471,409,0
5472,416,0
5473,408,0
5474,423,0
5475,419,0
5476,415,0
5477,424,0
5478,411,0
5479,418,0
5480,413,0
5481,419,0
5482,423,0
5483,414,0
5484,420,0
5485,409,0
5486,416,0
5487,412,0
5488,421,0
5489,419,0
5490,422,0
5491,416,0
5492,420,0
5493,404,0
5494,422,0
5495,418,0
5496,414,0
5497,424,0
5498,408,0
5499,419,0
5500,417,0
5501,416,0
5502,419,0
5503,410,0
5504,408,0
5505,423,0
5506,418,0
5507,409,0
5508,415,0
5509,410,0
5510,418,0
5511,413,0
5512,415,0
5513,414,0
5514,416,0
5515,418,0
5516,412,0
5517,415,0
5518,413,0
5519,416,0
5520,417,0
5521,415,0
5522,415,0
5523,412,0
5524,426,0
5525,408,0
5526,411,0
5527,416,0
5528,417,0
5529,419,0
5530,412,0
5531,409,0
5532,412,0
5533,411,0
5534,413,0
5535,413,0
5536,415,0
5537,414,0
5538,419,0
5539,410,0
5540,407,0
5541,417,0
5542,417,0
5543,416,0
5544,407,0
5545,403,0
5546,429,0
5547,420,0
5548,412,0
5549,401,0
5550,419,0
5551,413,0
5552,411,0
5553,410,0
5554,421,0
5555,413,0
5556,417,0
5557,414,0
5558,416,0
5559,418,0
5560,416,0
5561,419,0
5562,419,0
5563,411,0
5564,407,0
5565,403,0
5566,419,0
5567,417,0
5568,418,0
5569,421,0
5570,413,0
5571,415,0
5572,413,0
5573,421,0
5574,419,0
5575,426,0
5576,418,0
5577,417,0
5578,416,0
5579,419,0
5580,416,0
5581,432,0
5582,422,0
5583,422,0
5584,417,0
5585,414,0
5586,414,0
5587,420,0
5588,414,0
5589,421,0
5590,412,0
5591,417,0
5592,411,0
5593,422,0
5594,410,0
5595,417,0
5596,418,0
5597,418,0
5598,404,0
5599,409,0
5600,413,0
5601,417,0
5602,421,0
5603,418,0
5604,412,0
5605,416,0
5606,416,0
5607,407,0
5608,416,0
5609,410,0
5610,418,0
5611,415,0
5612,414,0
5613,415,0
5614,414,0
5615,410,0
5616,417,0
5617,421,0
5618,415,0
5619,413,0
5620,411,0
5621,416,0
5622,407,0
5623,410,0
5624,407,0
5625,412,0
5626,411,0
5627,405,0
5628,413,0
5629,406,0
5630,421,0
5631,418,0
5632,417,0
5633,414,0
5634,418,0
5635,412,0
5636,419,0
5637,414,0
5638,419,0
5639,414,0
5640,415,0
5641,421,0
5642,414,0
5643,414,0
5644,416,0
5645,413,0
5646,413,0
5647,404,0
5648,404,0
5649,410,0
5650,425,0
5651,420,0
5652,408,0
5653,416,0
5654,412,0
5655,416,0
5656,418,0
5657,418,0
5658,410,0
5659,413,0
5660,415,0
5661,417,0
5662,404,0
5663,417,0
5664,409,0
5665,424,0
5666,408,0
5667,416,0
5668,417,0
5669,415,0
5670,429,0
5671,413,0
5672,414,0
5673,418,0
5674,411,0
5675,414,0
5676,422,0
5677,418,0
5678,413,0
5679,412,0
5680,416,0
5681,417,0
5682,417,0
5683,417,0
5684,410,0
5685,424,0
5686,417,0
5687,417,0
5688,414,0
5689,415,0
5690,423,0
5691,418,0
5692,414,0
5693,420,0
5694,410,0
5695,410,0
5696,415,0
5697,420,0
5698,423,0
5699,409,0
5700,415,0
5701,416,0
5702,418,0
5703,422,0
5704,410,0
5705,411,0
5706,417,0
5707,414,0
5708,424,0
5709,422,0
5710,423,0
5711,417,0
5712,419,0
5713,404,0
5714,419,0
5715,418,0
5716,407,0
5717,417,0
5718,422,0
5719,417,0
5720,421,0
5721,420,0
5722,417,0
5723,415,0
5724,423,0
5725,413,0
5726,417,0
5727,421,0
5728,423,0
5729,422,0
5730,419,0
5731,413,0
5732,417,0
5733,426,0
5734,430,0
5735,418,0
5736,416,0
5737,409,0
5738,418,0
5739,423,0
5740,417,0
5741,424,0
5742,422,0
5743,425,0
5744,407,0
5745,418,0
5746,413,0
5747,418,0
5748,412,0
5749,411,0
5750,424,0
5751,414,0
5752,415,0
5753,415,0
5754,416,0
5755,413,0
5756,407,0
5757,411,0
5758,411,0
5759,415,0
5760,412,0
5761,419,0
5762,418,0
5763,417,0
5764,421,0
5765,417,0
5766,418,0
5767,404,0
5768,422,0
5769,414,0
5770,416,0
5771,409,0
5772,410,0
5773,423,0
5774,417,0
5775,422,0
5776,422,0
5777,417,0
5778,416,0
5779,412,0
5780,418,0
5781,413,0
5782,422,0
5783,417,0
5784,421,0
5785,418,0
5786,407,0
5787,420,0
5788,411,0
5789,418,0
5790,415,0
5791,411,0
5792,423,0
5793,418,0
5794,423,0
5795,416,0
5796,422,0
5797,411,0
5798,423,0
5799,415,0
5800,414,0
5801,422,0
5802,424,0
5803,414,0
5804,416,0
5805,410,0
5806,425,0
5807,415,0
5808,419,0
5809,423,0
5810,417,0
5811,411,0
5812,425,0
5813,415,0
5814,422,0
5815,415,0
5816,416,0
5817,423,0
5818,410,0
5819,410,0
5820,427,0
5821,414,0
5822,414,0
5823,420,0
5824,429,0
5825,411,0
5826,422,0
5827,414,0
5828,410,0
5829,415,0
5830,418,0
5831,409,0
5832,415,0
5833,419,0
5834,420,0
5835,424,0
5836,418,0
5837,429,0
5838,421,0
5839,425,0
5840,417,0
5841,419,0
5842,417,0
5843,416,0
5844,413,0
5845,417,0
5846,420,0
5847,425,0
5848,414,0
5849,421,0
5850,428,0
5851,405,0
5852,418,0
5853,416,0
5854,412,0
5855,413,0
5856,413,0
5857,415,0
5858,417,0
5859,420,0
5860,416,0
5861,415,0
5862,422,0
5863,409,0
5864,421,0
5865,423,0
5866,412,0
5867,412,0
5868,423,0
5869,407,0
5870,422,0
5871,417,0
5872,419,0
5873,414,0
5874,416,0
5875,418,0
5876,426,0
5877,420,0
5878,424,0
5879,414,0
5880,414,0
5881,425,0
5882,414,0
5883,419,0
5884,417,0
5885,412,0
5886,416,0
5887,410,0
5888,414,0
5889,423,0
5890,415,0
5891,421,0
5892,422,0
5893,413,0
5894,412,0
5895,416,0
5896,421,0
5897,415,0
5898,420,0
5899,424,0
5900,420,0
5901,423,0
5902,422,0
5903,429,0
5904,421,0
5905,421,0
5906,421,0
5907,417,0
5908,417,0
5909,416,0
5910,420,0
5911,419,0
5912,414,0
5913,421,0
5914,413,0
5915,424,0
5916,420,0
5917,422,0
5918,419,0
5919,415,0
5920,410,0
5921,415,0
5922,418,0
5923,421,0
5924,434,0
5925,427,0
5926,414,0
5927,427,0
5928,428,0
5929,417,0
5930,419,0
5931,425,0
5932,422,0
5933,422,0
5934,421,0
5935,417,0
5936,416,0
5937,416,0
5938,421,0
5939,427,0
5940,409,0
5941,424,0
5942,417,0
5943,420,0
5944,418,0
5945,408,0
5946,416,0
5947,416,0
5948,418,0
5949,414,0
5950,421,0
5951,425,0
5952,425,0
5953,411,0
5954,423,0
5955,422,0
5956,424,0
5957,421,0
5958,419,0
5959,419,0
5960,428,0
5961,427,0
5962,422,0
5963,422,0
5964,423,0
5965,406,0
5966,424,0
5967,421,0
5968,421,0
5969,426,0
5970,420,0
5971,424,0
5972,432,0
5973,414,0
5974,410,0
5975,423,0
5976,414,0
5977,414,0
5978,422,0
5979,416,0
5980,419,0
5981,419,0
5982,421,0
5983,419,0
5984,421,0
5985,414,0
5986,410,0
5987,422,0
5988,424,0
5989,426,0
5990,429,0
5991,405,0
5992,416,0
5993,423,0
5994,422,0
5995,418,0
5996,421,0
5997,428,0
5998,417,0
5999,418,0
6000,412,0
6001,426,0
6002,414,0
6003,428,0
6004,424,0
6005,429,0
6006,418,0
6007,420,0
6008,429,0
6009,419,0
6010,416,0
6011,420,0
6012,417,0
6013,413,0
6014,415,0
6015,408,0
6016,415,0
6017,430,0
6018,408,0
6019,417,0
6020,419,0
6021,423,0
6022,416,0
6023,418,0
6024,428,0
6025,420,0
6026,419,0
6027,412,0
6028,419,0
6029,425,0
6030,413,0
6031,425,0
6032,422,0
6033,418,0
6034,422,0
6035,420,0
6036,422,0
6037,423,0
6038,416,0
6039,418,0
6040,422,0
6041,417,0
6042,416,0
6043,420,0
6044,413,0
6045,416,0
6046,412,0
6047,419,0
6048,413,0
6049,418,0
6050,428,0
6051,422,0
6052,420,0
6053,429,0
6054,424,0
6055,428,0
6056,417,0
6057,417,0
6058,419,0
6059,423,0
6060,423,0
6061,419,0
6062,420,0
6063,420,0
6064,425,0
6065,413,0
6066,419,0
6067,418,0
6068,408,0
6069,416,0
6070,425,0
6071,421,0
6072,415,0
6073,417,0
6074,415,0
6075,421,0
6076,419,0
6077,415,0
6078,416,0
6079,424,0
6080,419,0
6081,420,0
6082,415,0
6083,422,0
6084,414,0
6085,420,0
6086,419,0
6087,416,0
6088,420,0
6089,424,0
6090,415,0
6091,420,0
6092,418,0
6093,418,0
6094,420,0
6095,414,0
6096,412,0
6097,422,0
6098,421,0
6099,415,0
6100,421,0
6101,417,0
6102,429,0
6103,418,0
6104,420,0
6105,413,0
6106,419,0
6107,424,0
6108,416,0
6109,409,0
6110,418,0
6111,415,0
6112,409,0
6113,427,0
6114,415,0
6115,410,0
6116,425,0
6117,414,0
6118,423,0
6119,424,0
6120,422,0
6121,424,0
6122,424,0
6123,421,0
6124,421,0
6125,429,0
6126,420,0
6127,426,0
6128,416,0
6129,422,0
6130,423,0
6131,413,0
6132,422,0
6133,424,0
6134,416,0
6135,423,0
6136,410,0
6137,430,0
6138,419,0
6139,418,0
6140,425,0
6141,416,0
6142,418,0
6143,413,0
6144,415,0
6145,420,0
6146,425,0
6147,418,0
6148,424,0
6149,412,0
6150,416,0
6151,414,0
6152,417,0
6153,413,0
6154,415,0
6155,416,0
6156,427,0
6157,424,0
6158,423,0
6159,419,0
6160,423,0
6161,427,0
6162,421,0
6163,423,0
6164,424,0
6165,417,0
6166,425,0
6167,425,0
6168,413,0
6169,416,0
6170,424,0
6171,426,0
6172,428,0
6173,423,0
6174,424,0
6175,421,0
6176,418,0
6177,418,0
6178,419,0
6179,421,0
6180,423,0
6181,423,0
6182,426,0
6183,417,0
6184,435,0
6185,419,0
6186,429,0
6187,428,0
6188,428,0
6189,417,0
6190,423,0
6191,423,0
6192,425,0
6193,418,0
6194,421,0
6195,415,0
6196,419,0
6197,422,0
6198,417,0
6199,420,0
6200,417,0
6201,417,0
6202,424,0
6203,427,0
6204,419,0
6205,421,0
6206,426,0
6207,411,0
6208,424,0
6209,426,0
6210,422,0
6211,417,0
6212,431,0
6213,422,0
6214,419,0
6215,425,0
6216,423,0
6217,413,0
6218,418,0
6219,420,0
6220,412,0
6221,420,0
6222,418,0
6223,416,0
6224,416,0
6225,418,0
6226,429,0
6227,416,0
6228,426,0
6229,416,0
6230,427,0
6231,420,0
6232,424,0
6233,425,0
6234,425,0
6235,424,0
6236,421,0
6237,426,0
6238,427,0
6239,418,0
6240,424,0
6241,426,0
6242,424,0
6243,414,0
6244,426,0
6245,416,0
6246,429,0
6247,429,0
6248,415,0
6249,426,0
6250,421,0
6251,422,0
6252,424,0
6253,425,0
6254,434,0
6255,414,0
6256,432,0
6257,410,0
6258,408,0
6259,429,0
6260,412,0
6261,423,0
6262,424,0
6263,420,0
6264,416,0
6265,422,0
6266,418,0
6267,417,0
6268,423,0
6269,425,0
6270,414,0
6271,417,0
6272,422,0
6273,422,0
6274,434,0
6275,416,0
6276,425,0
6277,420,0
6278,418,0
6279,434,0
6280,421,0
6281,420,0
6282,425,0
6283,417,0
6284,419,0
6285,415,0
6286,428,0
6287,423,0
6288,417,0
6289,420,0
6290,425,0
6291,418,0
6292,414,0
6293,422,0
6294,423,0
6295,420,0
6296,422,0
6297,416,0
6298,428,0
6299,429,0
6300,426,0
6301,423,0
6302,417,0
6303,419,0
6304,417,0
6305,414,0
6306,418,0
6307,433,0
6308,421,0
6309,417,0
6310,422,0
6311,424,0
6312,418,0
6313,417,0
6314,427,0
6315,416,0
6316,421,0
6317,415,0
6318,420,0
6319,416,0
6320,411,0
6321,426,0
6322,422,0
6323,418,0
6324,423,0
6325,425,0
6326,422,0
6327,421,0
6328,423,0
6329,424,0
6330,416,0
6331,426,0
6332,416,0
6333,422,0
6334,413,0
6335,414,0
6336,418,0
6337,418,0
6338,431,0
6339,429,0
6340,422,0
6341,419,0
6342,417,0
6343,417,0
6344,420,0
6345,424,0
6346,425,0
6347,419,0
6348,417,0
6349,425,0
6350,427,0
6351,425,0
6352,423,0
6353,416,0
6354,422,0
6355,420,0
6356,411,0
6357,436,0
6358,422,0
6359,421,0
6360,429,0
6361,425,0
6362,419,0
6363,411,0
6364,422,0
6365,413,0
6366,415,0
6367,418,0
6368,417,0
6369,428,0
6370,424,0
6371,426,0
6372,421,0
6373,421,0
6374,417,0
6375,426,0
6376,423,0
6377,418,0
6378,423,0
6379,423,0
6380,424,0
6381,423,0
6382,428,0
6383,424,0
6384,419,0
6385,416,0
6386,418,0
6387,421,0
6388,429,0
6389,421,0
6390,422,0
6391,428,0
6392,423,0
6393,415,0
6394,419,0
6395,426,0
6396,427,0
6397,432,0
6398,424,0
6399,419,0
6400,426,0
6401,431,0
6402,422,0
6403,423,0
6404,420,0
6405,416,0
6406,419,0
6407,427,0
6408,422,0
6409,426,0
6410,425,0
6411,423,0
6412,417,0
6413,414,0
6414,417,0
6415,431,0
6416,418,0
6417,419,0
6418,417,0
6419,426,0
6420,418,0
6421,427,0
6422,433,0
6423,430,0
6424,427,0
6425,427,0
6426,420,0
6427,434,0
6428,426,0
6429,426,0
6430,422,0
6431,424,0
6432,427,0
6433,417,0
6434,417,0
6435,417,0
6436,418,0
6437,423,0
6438,422,0
6439,426,0
6440,420,0
6441,422,0
6442,417,0
6443,431,0
6444,431,0
6445,419,0
6446,417,0
6447,423,0
6448,424,0
6449,422,0
6450,429,0
6451,420,0
6452,423,0
6453,414,0
6454,426,0
6455,413,0
6456,420,0
6457,428,0
6458,424,0
6459,426,0
6460,421,0
6461,428,0
6462,425,0
6463,428,0
6464,418,0
6465,416,0
6466,414,0
6467,425,0
6468,423,0
6469,420,0
6470,428,0
6471,427,0
6472,423,0
6473,423,0
6474,413,0
6475,418,0
6476,411,0
6477,418,0
6478,420,0
6479,419,0
6480,426,0
6481,431,0
6482,417,0
6483,426,0
6484,425,0
6485,422,0
6486,423,0
6487,409,0
6488,433,0
6489,419,0
6490,425,0
6491,424,0
6492,424,0
6493,426,0
6494,429,0
6495,424,0
6496,411,0
6497,429,0
6498,431,0
6499,423,0
6500,420,0
6501,424,0
6502,421,0
6503,429,0
6504,418,0
6505,415,0
6506,417,0
6507,417,0
6508,426,0
6509,426,0
6510,425,0
6511,428,0
6512,421,0
6513,414,0
6514,426,0
6515,419,0
6516,429,0
6517,422,0
6518,416,0
6519,419,0
6520,419,0
6521,420,0
6522,420,0
6523,424,0
6524,432,0
6525,419,0
6526,425,0
6527,418,0
6528,427,0
6529,423,0
6530,422,0
6531,428,0
6532,425,0
6533,431,0
6534,432,0
6535,425,0
6536,419,0
6537,422,0
6538,426,0
6539,418,0
6540,424,0
6541,418,0
6542,431,0
6543,426,0
6544,418,0
6545,424,0
6546,422,0
6547,424,0
6548,424,0
6549,422,0
6550,429,0
6551,418,0
6552,425,0
6553,423,0
6554,418,0
6555,432,0
6556,422,0
6557,416,0
6558,425,0
6559,426,0
6560,424,0
6561,417,0
6562,426,0
6563,420,0
6564,429,0
6565,418,0
6566,429,0
6567,428,0
6568,422,0
6569,418,0
6570,429,0
6571,418,0
6572,423,0
6573,422,0
6574,432,0
6575,424,0
6576,427,0
6577,426,0
6578,422,0
6579,423,0
6580,426,0
6581,435,0
6582,422,0
6583,422,0
6584,422,0
6585,418,0
6586,420,0
6587,427,0
6588,417,0
6589,414,0
6590,421,0
6591,422,0
6592,429,0
6593,433,0
6594,419,0
6595,418,0
6596,419,0
6597,428,0
6598,421,0
6599,428,0
6600,416,0
6601,421,0
6602,421,0
6603,421,0
6604,416,0
6605,423,0
6606,426,0
6607,432,0
6608,414,0
6609,419,0
6610,426,0
6611,428,0
6612,426,0
6613,423,0
6614,419,0
6615,418,0
6616,427,0
6617,419,0
6618,429,0
6619,420,0
6620,433,0
6621,418,0
6622,434,0
6623,420,0
6624,425,0
6625,433,0
6626,429,0
6627,421,0
6628,417,0
6629,419,0
6630,430,0
6631,426,0
6632,420,0
6633,427,0
6634,433,0
6635,417,0
6636,417,0
6637,426,0
6638,416,0
6639,426,0
6640,422,0
6641,424,0
6642,423,0
6643,419,0
6644,427,0
6645,420,0
6646,422,0
6647,415,0
6648,417,0
6649,430,0
6650,430,0
6651,419,0
6652,424,0
6653,418,0
6654,428,0
6655,419,0
6656,418,0
6657,421,0
6658,431,0
6659,416,0
6660,421,0
6661,419,0
6662,425,0
6663,425,0
6664,433,0
6665,424,0
6666,422,0
6667,423,0
6668,424,0
6669,427,0
6670,425,0
6671,419,0
6672,417,0
6673,413,0
6674,433,0
6675,428,0
6676,425,0
6677,429,0
6678,430,0
6679,418,0
6680,421,0
6681,428,0
6682,418,0
6683,435,0
6684,425,0
6685,423,0
6686,420,0
6687,427,0
6688,422,0
6689,413,0
6690,427,0
6691,426,0
6692,422,0
6693,423,0
6694,426,0
6695,426,0
6696,426,0
6697,421,0
6698,432,0
6699,423,0
6700,428,0
6701,423,0
6702,419,0
6703,423,0
6704,420,0
6705,417,0
6706,428,0
6707,432,0
6708,419,0
6709,429,0
6710,423,0
6711,415,0
6712,426,0
6713,420,0
6714,416,0
6715,430,0
6716,424,0
6717,416,0
6718,415,0
6719,426,0
6720,429,0
6721,419,0
6722,422,0
6723,421,0
6724,423,0
6725,419,0
6726,431,0
6727,426,0
6728,427,0
6729,428,0
6730,423,0
6731,421,0
6732,431,0
6733,416,0
6734,422,0
6735,421,0
6736,425,0
6737,413,0
6738,428,0
6739,427,0
6740,417,0
6741,423,0
6742,433,0
6743,430,0
6744,420,0
6745,431,0
6746,425,0
6747,426,0
6748,423,0
6749,426,0
6750,422,0
6751,420,0
6752,429,0
6753,418,0
6754,421,0
6755,422,0
6756,425,0
6757,417,0
6758,427,0
6759,421,0
6760,434,0
6761,426,0
6762,426,0
6763,421,0
6764,426,0
6765,421,0
6766,429,0
6767,428,0
6768,419,0
6769,423,0
6770,431,0
6771,418,0
6772,426,0
6773,428,0
6774,425,0
6775,422,0
6776,425,0
6777,425,0
6778,421,0
6779,424,0
6780,425,0
6781,423,0
6782,425,0
6783,428,0
6784,415,0
6785,414,0
6786,428,0
6787,430,0
6788,429,0
6789,414,0
6790,421,0
6791,432,0
6792,415,0
6793,418,0
6794,430,0
6795,427,0
6796,420,0
6797,421,0
6798,420,0
6799,427,0
6800,428,0
6801,419,0
6802,429,0
6803,425,0
6804,421,0
6805,420,0
6806,432,0
6807,419,0
6808,432,0
6809,418,0
6810,420,0
6811,418,0
6812,423,0
6813,424,0
6814,432,0
6815,426,0
6816,416,0
6817,432,0
6818,425,0
6819,426,0
6820,428,0
6821,409,0
6822,419,0
6823,433,0
6824,424,0
6825,424,0
6826,420,0
6827,423,0
6828,423,0
6829,427,0
6830,416,0
6831,418,0
6832,419,0
6833,422,0
6834,417,0
6835,425,0
6836,424,0
6837,421,0
6838,429,0
6839,422,0
6840,425,0
6841,414,0
6842,431,0
6843,424,0
6844,431,0
6845,412,0
6846,430,0
6847,428,0
6848,420,0
6849,428,0
6850,416,0
6851,431,0
6852,421,0
6853,420,0
6854,420,0
6855,426,0
6856,426,0
6857,419,0
6858,418,0
6859,419,0
6860,426,0
6861,430,0
6862,423,0
6863,419,0
6864,425,0
6865,431,0
6866,427,0
6867,422,0
6868,427,0
6869,424,0
6870,432,0
6871,432,0
6872,426,0
6873,429,0
6874,426,0
6875,422,0
6876,414,0
6877,425,0
6878,430,0
6879,423,0
6880,439,0
6881,426,0
6882,424,0
6883,418,0
6884,426,0
6885,429,0
6886,428,0
6887,432,0
6888,418,0
6889,421,0
6890,426,0
6891,425,0
6892,424,0
6893,424,0
6894,422,0
6895,421,0
6896,430,0
6897,421,0
6898,420,0
6899,433,0
6900,427,0
6901,420,0
6902,434,0
6903,428,0
6904,419,0
6905,425,0
6906,430,0
6907,423,0
6908,438,0
6909,422,0
6910,421,0
6911,425,0
6912,423,0
6913,430,0
6914,425,0
6915,429,0
6916,422,0
6917,426,0
6918,423,0
6919,437,0
6920,420,0
6921,417,0
6922,429,0
6923,426,0
6924,425,0
6925,418,0
6926,431,0
6927,425,0
6928,424,0
6929,416,0
6930,420,0
6931,425,0
6932,425,0
6933,431,0
6934,423,0
6935,429,0
6936,423,0
6937,430,0
6938,423,0
6939,427,0
6940,436,0
6941,423,0
6942,424,0
6943,423,0
6944,423,0
6945,429,0
6946,429,0
6947,416,0
6948,427,0
6949,425,0
6950,420,0
6951,429,0
6952,421,0
6953,428,0
6954,422,0
6955,430,0
6956,432,0
6957,422,0
6958,431,0
6959,429,0
6960,420,0
6961,418,0
6962,422,0
6963,417,0
6964,422,0
6965,419,0
6966,418,0
6967,420,0
6968,419,0
6969,423,0
6970,423,0
6971,420,0
6972,425,0
6973,429,0
6974,429,0
6975,413,0
6976,428,0
6977,426,0
6978,424,0
6979,421,0
6980,422,0
6981,425,0
6982,422,0
6983,425,0
6984,426,0
6985,424,0
6986,426,0
6987,430,0
6988,423,0
6989,425,0
6990,424,0
6991,423,0
6992,432,0
6993,425,0
6994,423,0
6995,423,0
6996,420,0
6997,427,0
6998,431,0
6999,425,0
7000,434,0
7001,428,0
7002,436,0
7003,420,0
7004,428,0
7005,430,0
7006,427,0
7007,425,0
7008,431,0
7009,429,0
7010,420,0
7011,430,0
7012,432,0
7013,423,0
7014,430,0
7015,428,0
7016,424,0
7017,429,0
7018,429,0
7019,426,0
7020,431,0
7021,425,0
7022,423,0
7023,427,0
7024,420,0
7025,430,0
7026,425,0
7027,426,0
7028,424,0
7029,422,0
7030,431,0
7031,415,0
7032,424,0
7033,425,0
7034,431,0
7035,424,0
7036,430,0
7037,428,0
7038,426,0
7039,424,0
7040,431,0
7041,429,0
7042,426,0
7043,426,0
7044,421,0
7045,424,0
7046,427,0
7047,424,0
7048,419,0
7049,426,0
7050,430,0
7051,430,0
7052,427,0
7053,423,0
7054,422,0
7055,424,0
7056,435,0
7057,427,0
7058,432,0
7059,431,0
7060,423,0
7061,427,0
7062,423,0
7063,431,0
7064,420,0
7065,420,0
7066,421,0
7067,416,0
7068,418,0
7069,431,0
7070,421,0
7071,421,0
7072,426,0
7073,434,0
7074,428,0
7075,431,0
7076,426,0
7077,432,0
7078,438,0
7079,428,0
7080,419,0
7081,421,0
7082,419,0
7083,428,0
7084,436,0
7085,425,0
7086,428,0
7087,421,0
7088,421,0
7089,430,0
7090,433,0
7091,425,0
7092,425,0
7093,422,0
7094,426,0
7095,430,0
7096,424,0
7097,430,0
7098,437,0
7099,427,0
7100,418,0
7101,417,0
7102,427,0
7103,424,0
7104,427,0
7105,430,0
7106,425,0
7107,425,0
7108,434,0
7109,426,0
7110,425,0
7111,430,0
7112,424,0
7113,431,0
7114,437,0
7115,427,0
7116,434,0
7117,423,0
7118,430,0
7119,432,0
7120,419,0
7121,417,0
7122,425,0
7123,425,0
7124,427,0
7125,420,0
7126,425,0
7127,425,0
7128,423,0
7129,427,0
7130,414,0
7131,427,0
7132,425,0
7133,421,0
7134,431,0
7135,432,0
7136,431,0
7137,435,0
7138,429,0
7139,420,0
7140,421,0
7141,422,0
7142,435,0
7143,422,0
7144,424,0
7145,424,0
7146,425,0
7147,424,0
7148,431,0
7149,430,0
7150,418,0
7151,418,0
7152,423,0
7153,434,0
7154,423,0
7155,434,0
7156,416,0
7157,425,0
7158,432,0
7159,430,0
7160,425,0
7161,427,0
7162,429,0
7163,430,0
7164,428,0
7165,427,0
7166,430,0
7167,428,0
7168,426,0
7169,425,0
7170,429,0
7171,416,0
7172,424,0
7173,437,0
7174,426,0
7175,425,0
7176,428,0
7177,434,0
7178,420,0
7179,425,0
7180,433,0
7181,424,0
7182,420,0
7183,429,0
7184,416,0
7185,434,0
7186,423,0
7187,431,0
7188,430,0
7189,431,0
7190,426,0
7191,432,0
7192,424,0
7193,422,0
7194,421,0
7195,430,0
7196,429,0
7197,426,0
7198,427,0
7199,420,0
7200,424,0
7201,431,0
7202,423,0
7203,436,0
7204,426,0
7205,423,0
7206,428,0
7207,423,0
7208,415,0
7209,416,0
7210,434,0
7211,427,0
7212,432,0
7213,425,0
7214,425,0
7215,430,0
7216,426,0
7217,429,0
7218,425,0
7219,429,0
7220,422,0
7221,426,0
7222,432,0
7223,423,0
7224,433,0
7225,433,0
7226,426,0
7227,433,0
7228,426,0
7229,427,0
7230,424,0
7231,428,0
7232,425,0
7233,426,0
7234,426,0
7235,425,0
7236,423,0
7237,428,0
7238,427,0
7239,423,0
7240,423,0
7241,430,0
7242,423,0
7243,431,0
7244,423,0
7245,426,0
7246,433,0
7247,421,0
7248,426,0
7249,432,0
7250,421,0
7251,426,0
7252,427,0
7253,432,0
7254,419,0
7255,432,0
7256,430,0
7257,418,0
7258,424,0
7259,420,0
7260,428,0
7261,427,0
7262,435,0
7263,433,0
7264,433,0
7265,433,0
7266,427,0
7267,430,0
7268,430,0
7269,428,0
7270,430,0
7271,427,0
7272,421,0
7273,424,0
7274,420,0
7275,436,0
7276,419,0
7277,425,0
7278,429,0
7279,433,0
7280,428,0
7281,433,0
7282,429,0
7283,436,0
7284,431,0
7285,421,0
7286,421,0
7287,433,0
7288,434,0
7289,440,0
7290,432,0
7291,436,0
7292,428,0
7293,435,0
7294,427,0
7295,424,0
7296,426,0
7297,429,0
7298,424,0
7299,424,0
7300,431,0
7301,419,0
7302,424,0
7303,421,0
7304,433,0
7305,423,0
7306,426,0
7307,428,0
7308,419,0
7309,430,0
7310,428,0
7311,434,0
7312,426,0
7313,430,0
7314,426,0
7315,428,0
7316,426,0
7317,424,0
7318,427,0
7319,426,0
7320,428,0
7321,432,0
7322,425,0
7323,429,0
7324,423,0
7325,424,0
7326,431,0
7327,426,0
7328,425,0
7329,425,0
7330,432,0
7331,430,0
7332,430,0
7333,426,0
7334,417,0
7335,423,0
7336,428,0
7337,429,0
7338,422,0
7339,427,0
7340,421,0
7341,430,0
7342,433,0
7343,428,0
7344,433,0
7345,419,0
7346,435,0
7347,427,0
7348,425,0
7349,428,0
7350,426,0
7351,426,0
7352,427,0
7353,426,0
7354,429,0
7355,418,0
7356,428,0
7357,428,0
7358,426,0
7359,423,0
7360,426,0
7361,437,0
7362,434,0
7363,430,0
7364,425,0
7365,438,0
7366,427,0
7367,419,0
7368,432,0
7369,430,0
7370,420,0
7371,431,0
7372,429,0
7373,427,0
7374,435,0
7375,426,0
7376,428,0
7377,431,0
7378,430,0
7379,426,0
7380,427,0
7381,423,0
7382,431,0
7383,428,0
7384,428,0
7385,433,0
7386,431,0
7387,428,0
7388,430,0
7389,432,0
7390,427,0
7391,426,0
7392,430,0
7393,422,0
7394,430,0
7395,428,0
7396,432,0
7397,442,0
7398,426,0
7399,429,0
7400,427,0
7401,429,0
7402,433,0
7403,424,0
7404,427,0
7405,419,0
7406,432,0
7407,431,0
7408,434,0
7409,435,0
7410,436,0
7411,427,0
7412,430,0
7413,434,0
7414,423,0
7415,427,0
7416,424,0
7417,434,0
7418,422,0
7419,421,0
7420,437,0
7421,430,0
7422,439,0
7423,431,0
7424,423,0
7425,433,0
7426,430,0
7427,428,0
7428,428,0
7429,439,0
7430,423,0
7431,423,0
7432,427,0
7433,431,0
7434,423,0
7435,439,0
7436,424,0
7437,425,0
7438,435,0
7439,430,0
7440,425,0
7441,421,0
7442,422,0
7443,428,0
7444,423,0
7445,432,0
7446,427,0
7447,428,0
7448,434,0
7449,437,0
7450,427,0
7451,428,0
7452,427,0
7453,425,0
7454,429,0
7455,430,0
7456,432,0
7457,435,0
7458,425,0
7459,422,0
7460,432,0
7461,427,0
7462,442,0
7463,429,0
7464,432,0
7465,432,0
7466,425,0
7467,433,0
7468,433,0
7469,434,0
7470,425,0
7471,418,0
7472,431,0
7473,426,0
7474,428,0
7475,435,0
7476,437,0
7477,423,0
7478,423,0
7479,423,0
7480,431,0
7481,427,0
7482,430,0
7483,435,0
7484,426,0
7485,427,0
7486,438,0
7487,428,0
7488,425,0
7489,429,0
7490,430,0
7491,430,0
7492,434,0
7493,430,0
7494,428,0
7495,437,0
7496,433,0
7497,431,0
7498,420,0
7499,426,0
7500,429,0
7501,428,0
7502,431,0
7503,427,0
7504,436,0
7505,438,0
7506,419,0
7507,430,0
7508,426,0
7509,426,0
7510,427,0
7511,437,0
7512,429,0
7513,435,0
7514,424,0
7515,424,0
7516,423,0
7517,429,0
7518,425,0
7519,434,0
7520,431,0
7521,429,0
7522,429,0
7523,432,0
7524,414,0
7525,422,0
7526,420,0
7527,427,0
7528,432,0
7529,413,0
7530,434,0
7531,422,0
7532,427,0
7533,419,0
7534,428,0
7535,431,0
7536,428,0
7537,433,0
7538,418,0
7539,435,0
7540,432,0
7541,427,0
7542,426,0
7543,430,0
7544,433,0
7545,431,0
7546,427,0
7547,435,0
7548,427,0
7549,425,0
7550,428,0
7551,428,0
7552,436,0
7553,434,0
7554,427,0
7555,426,0
7556,425,0
7557,425,0
7558,437,0
7559,423,0
7560,430,0
7561,419,0
7562,431,0
7563,422,0
7564,428,0
7565,431,0
7566,431,0
7567,432,0
7568,434,0
7569,437,0
7570,431,0
7571,426,0
7572,432,0
7573,432,0
7574,429,0
7575,431,0
7576,430,0
7577,435,0
7578,428,0
7579,428,0
7580,421,0
7581,421,0
7582,434,0
7583,433,0
7584,436,0
7585,426,0
7586,434,0
7587,424,0
7588,424,0
7589,431,0
7590,428,0
7591,424,0
7592,428,0
7593,433,0
7594,426,0
7595,434,0
7596,431,0
7597,430,0
7598,436,0
7599,428,0
7600,428,0
7601,424,0
7602,435,0
7603,437,0
7604,428,0
7605,421,0
7606,434,0
7607,432,0
7608,426,0
7609,431,0
7610,430,0
7611,423,0
7612,440,0
7613,426,0
7614,427,0
7615,430,0
7616,427,0
7617,429,0
7618,427,0
7619,425,0
7620,419,0
7621,431,0
7622,437,0
7623,427,0
7624,426,0
7625,428,0
7626,436,0
7627,434,0
7628,430,0
7629,429,0
7630,438,0
7631,424,0
7632,439,0
7633,430,0
7634,428,0
7635,430,0
7636,423,0
7637,429,0
7638,424,0
7639,430,0
7640,434,0
7641,429,0
7642,430,0
7643,428,0
7644,426,0
7645,436,0
7646,433,0
7647,427,0
7648,431,0
7649,424,0
7650,435,0
7651,437,0
7652,429,0
7653,425,0
7654,433,0
7655,427,0
7656,432,0
7657,425,0
7658,431,0
7659,434,0
7660,443,0
7661,428,0
7662,434,0
7663,435,0
7664,433,0
7665,427,0
7666,429,0
7667,432,0
7668,432,0
7669,432,0
7670,426,0
7671,428,0
7672,437,0
7673,430,0
7674,432,0
7675,422,0
7676,422,0
7677,416,0
7678,424,0
7679,430,0
7680,439,0
7681,426,0
7682,431,0
7683,444,0
7684,432,0
7685,436,0
7686,426,0
7687,431,0
7688,436,0
7689,435,0
7690,426,0
7691,435,0
7692,430,0
7693,433,0
7694,431,0
7695,422,0
7696,436,0
7697,430,0
7698,430,0
7699,434,0
7700,430,0
7701,434,0
7702,428,0
7703,430,0
7704,430,0
7705,430,0
7706,429,0
7707,423,0
7708,430,0
7709,425,0
7710,430,0
7711,432,0
7712,427,0
7713,426,0
7714,428,0
7715,437,0
7716,423,0
7717,440,0
7718,421,0
7719,438,0
7720,431,0
7721,421,0
7722,431,0
7723,431,0
7724,423,0
7725,436,0
7726,432,0
7727,424,0
7728,425,0
7729,426,0
7730,430,0
7731,430,0
7732,430,0
7733,426,0
7734,427,0
7735,430,0
7736,421,0
7737,429,0
7738,433,0
7739,427,0
7740,431,0
7741,441,0
7742,442,0
7743,426,0
7744,437,0
7745,430,0
7746,428,0
7747,433,0
7748,437,0
7749,429,0
7750,432,0
7751,430,0
7752,434,0
7753,420,0
7754,422,0
7755,432,0
7756,433,0
7757,427,0
7758,429,0
7759,428,0
7760,427,0
7761,429,0
7762,426,0
7763,427,0
7764,428,0
7765,430,0
7766,429,0
7767,431,0
7768,432,0
7769,431,0
7770,428,0
7771,430,0
7772,432,0
7773,436,0
7774,421,0
7775,429,0
7776,431,0
7777,435,0
7778,434,0
7779,429,0
7780,435,0
7781,425,0
7782,428,0
7783,431,0
7784,439,0
7785,427,0
7786,435,0
7787,429,0
7788,420,0
7789,428,0
7790,431,0
7791,436,0
7792,431,0
7793,431,0
7794,426,0
7795,436,0
7796,439,0
7797,433,0
7798,434,0
7799,428,0
7800,433,0
7801,429,0
7802,428,0
7803,440,0
7804,430,0
7805,432,0
7806,428,0
7807,421,0
7808,432,0
7809,434,0
7810,430,0
7811,431,0
7812,432,0
7813,421,0
7814,431,0
7815,428,0
7816,432,0
7817,430,0
7818,423,0
7819,425,0
7820,432,0
7821,434,0
7822,421,0
7823,426,0
7824,431,0
7825,437,0
7826,430,0
7827,436,0
7828,426,0
7829,428,0
7830,436,0
7831,433,0
7832,437,0
7833,438,0
7834,432,0
7835,420,0
7836,432,0
7837,436,0
7838,431,0
7839,435,0
7840,433,0
7841,425,0
7842,410,0
7843,434,0
7844,422,0
7845,432,0
7846,434,0
7847,437,0
7848,432,0
7849,440,0
7850,434,0
7851,427,0
7852,427,0
7853,437,0
7854,432,0
7855,434,0
7856,437,0
7857,434,0
7858,432,0
7859,431,0
7860,433,0
7861,427,0
7862,421,0
7863,427,0
7864,432,0
7865,435,0
7866,434,0
7867,415,0
7868,439,0
7869,431,0
7870,425,0
7871,435,0
7872,439,0
7873,429,0
7874,430,0
7875,434,0
7876,431,0
7877,424,0
7878,433,0
7879,436,0
7880,433,0
7881,426,0
7882,430,0
7883,439,0
7884,433,0
7885,426,0
7886,428,0
7887,433,0
7888,436,0
7889,422,0
7890,436,0
7891,428,0
7892,428,0
7893,436,0
7894,433,0
7895,427,0
7896,429,0
7897,432,0
7898,427,0
7899,431,0
7900,430,0
7901,424,0
7902,425,0
7903,426,0
7904,429,0
7905,436,0
7906,427,0
7907,431,0
7908,434,0
7909,433,0
7910,428,0
7911,428,0
7912,442,0
7913,426,0
7914,428,0
7915,439,0
7916,431,0
7917,434,0
7918,430,0
7919,428,0
7920,432,0
7921,435,0
7922,427,0
7923,438,0
7924,427,0
7925,424,0
7926,434,0
7927,435,0
7928,429,0
7929,440,0
7930,433,0
7931,438,0
7932,436,0
7933,432,0
7934,440,0
7935,431,0
7936,423,0
7937,435,0
7938,441,0
7939,437,0
7940,425,0
7941,426,0
7942,431,0
7943,432,0
7944,433,0
7945,435,0
7946,438,0
7947,433,0
7948,429,0
7949,436,0
7950,434,0
7951,435,0
7952,437,0
7953,433,0
7954,447,0
7955,438,0
7956,439,0
7957,430,0
7958,430,0
7959,439,0
7960,438,0
7961,430,0
7962,431,0
7963,434,0
7964,435,0
7965,428,0
7966,425,0
7967,430,0
7968,429,0
7969,435,0
7970,434,0
7971,429,0
7972,426,0
7973,421,0
7974,434,0
7975,424,0
7976,429,0
7977,438,0
7978,440,0
7979,432,0
7980,425,0
7981,431,0
7982,434,0
7983,437,0
7984,424,0
7985,430,0
7986,426,0
7987,433,0
7988,432,0
7989,432,0
7990,438,0
7991,426,0
7992,433,0
7993,432,0
7994,442,0
7995,436,0
7996,435,0
7997,432,0
7998,430,0
7999,433,0
8000,432,0
8001,429,0
8002,419,0
8003,434,0
8004,433,0
8005,428,0
8006,430,0
8007,427,0
8008,422,0
8009,437,0
8010,439,0
8011,421,0
8012,435,0
8013,428,0
8014,429,0
8015,428,0
8016,428,0
8017,439,0
8018,426,0
8019,431,0
8020,439,0
8021,424,0
8022,435,0
8023,419,0
8024,431,0
8025,430,0
8026,426,0
8027,433,0
8028,430,0
8029,423,0
8030,435,0
8031,434,0
8032,434,0
8033,437,0
8034,433,0
8035,423,0
8036,440,0
8037,436,0
8038,424,0
8039,424,0
8040,433,0
8041,433,0
8042,436,0
8043,437,0
8044,426,0
8045,439,0
8046,426,0
8047,434,0
8048,418,0
8049,426,0
8050,427,0
8051,421,0
8052,437,0
8053,424,0
8054,437,0
8055,431,0
8056,431,0
8057,424,0
8058,439,0
8059,420,0
8060,432,0
8061,429,0
8062,437,0
8063,433,0
8064,430,0
8065,433,0
8066,437,0
8067,431,0
8068,430,0
8069,429,0
8070,428,0
8071,429,0
8072,435,0
8073,440,0
8074,435,0
8075,431,0
8076,431,0
8077,438,0
8078,430,0
8079,433,0
8080,436,0
8081,423,0
8082,436,0
8083,426,0
8084,441,0
8085,426,0
8086,430,0
8087,434,0
8088,432,0
8089,435,0
8090,437,0
8091,433,0
8092,437,0
8093,432,0
8094,437,0
8095,427,0
8096,427,0
8097,427,0
8098,430,0
8099,426,0
8100,425,0
8101,432,0
8102,430,0
8103,417,0
8104,420,0
8105,423,0
8106,434,0
8107,435,0
8108,432,0
8109,429,0
8110,438,0
8111,431,0
8112,431,0
8113,433,0
8114,432,0
8115,423,0
8116,433,0
8117,431,0
8118,435,0
8119,442,0
8120,428,0
8121,428,0
8122,438,0
8123,435,0
8124,423,0
8125,431,0
8126,438,0
8127,434,0
8128,436,0
8129,437,0
8130,431,0
8131,438,0
8132,424,0
8133,432,0
8134,425,0
8135,437,0
8136,431,0
8137,440,0
8138,438,0
8139,441,0
8140,436,0
8141,428,0
8142,435,0
8143,435,0
8144,429,0
8145,436,0
8146,436,0
8147,429,0
8148,435,0
8149,426,0
8150,433,0
8151,441,0
8152,425,0
8153,428,0
8154,433,0
8155,433,0
8156,434,0
8157,430,0
8158,429,0
8159,430,0
8160,429,0
8161,432,0
8162,431,0
8163,435,0
8164,427,0
8165,425,0
8166,430,0
8167,440,0
8168,423,0
8169,438,0
8170,423,0
8171,437,0
8172,433,0
8173,430,0
8174,427,0
8175,434,0
8176,431,0
8177,440,0
8178,434,0
8179,437,0
8180,433,0
8181,434,0
8182,433,0
8183,429,0
8184,433,0
8185,434,0
8186,432,0
8187,443,0
8188,432,0
8189,442,0
8190,426,0
8191,429,0
8192,431,0
8193,431,0
8194,430,0
8195,430,0
8196,434,0
8197,438,0
8198,427,0
8199,435,0
8200,431,0
8201,432,0
8202,438,0
8203,423,0
8204,428,0
8205,435,0
8206,431,0
8207,422,0
8208,430,0
8209,431,0
8210,439,0
8211,437,0
8212,435,0
8213,440,0
8214,434,0
8215,433,0
8216,440,0
8217,437,0
8218,424,0
8219,442,0
8220,431,0
8221,434,0
8222,427,0
8223,438,0
8224,437,0
8225,442,0
8226,430,0
8227,435,0
8228,430,0
8229,429,0
8230,443,0
8231,435,0
8232,437,0
8233,428,0
8234,432,0
8235,432,0
8236,438,0
8237,430,0
8238,433,0
8239,433,0
8240,432,0
8241,436,0
8242,438,0
8243,438,0
8244,428,0
8245,426,0
8246,436,0
8247,437,0
8248,442,0
8249,436,0
8250,433,0
8251,438,0
8252,429,0
8253,426,0
8254,428,0
8255,430,0
8256,429,0
8257,439,0
8258,439,0
8259,426,0
8260,436,0
8261,433,0
8262,423,0
8263,436,0
8264,423,0
8265,437,0
8266,437,0
8267,435,0
8268,427,0
8269,444,0
8270,428,0
8271,427,0
8272,432,0
8273,431,0
8274,437,0
8275,436,0
8276,435,0
8277,434,0
8278,429,0
8279,427,0
8280,440,0
8281,427,0
8282,436,0
8283,430,0
8284,429,0
8285,432,0
8286,420,0
8287,423,0
8288,432,0
8289,430,0
8290,421,0
8291,433,0
8292,433,0
8293,428,0
8294,431,0
8295,439,0
8296,427,0
8297,436,0
8298,432,0
8299,434,0
8300,439,0
8301,435,0
8302,435,0
8303,433,0
8304,432,0
8305,429,0
8306,437,0
8307,429,0
8308,441,0
8309,434,0
8310,424,0
8311,435,0
8312,434,0
8313,432,0
8314,430,0
8315,432,0
8316,431,0
8317,441,0
8318,434,0
8319,436,0
8320,448,0
8321,436,0
8322,428,0
8323,434,0
8324,430,0
8325,432,0
8326,430,0
8327,437,0
8328,430,0
8329,431,0
8330,428,0
8331,436,0
8332,442,0
8333,427,0
8334,433,0
8335,428,0
8336,427,0
8337,427,0
8338,436,0
8339,427,0
8340,425,0
8341,427,0
8342,440,0
8343,429,0
8344,434,0
8345,426,0
8346,429,0
8347,430,0
8348,434,0
8349,436,0
8350,434,0
8351,431,0
8352,437,0
8353,435,0
8354,433,0
8355,424,0
8356,436,0
8357,425,0
8358,433,0
8359,434,0
8360,434,0
8361,435,0
8362,439,0
8363,434,0
8364,441,0
8365,430,0
8366,444,0
8367,429,0
8368,433,0
8369,431,0
8370,431,0
8371,432,0
8372,432,0
8373,432,0
8374,446,0
8375,428,0
8376,439,0
8377,432,0
8378,433,0
8379,438,0
8380,435,0
8381,428,0
8382,446,0
8383,430,0
8384,439,0
8385,438,0
8386,428,0
8387,434,0
8388,430,0
8389,432,0
8390,426,0
8391,435,0
8392,441,0
8393,436,0
8394,438,0
8395,427,0
8396,435,0
8397,432,0
8398,430,0
8399,430,0
8400,425,0
8401,430,0
8402,434,0
8403,433,0
8404,430,0
8405,433,0
8406,433,0
8407,425,0
8408,429,0
8409,428,0
8410,440,0
8411,433,0
8412,435,0
8413,436,0
8414,433,0
8415,443,0
8416,431,0
8417,432,0
8418,435,0
8419,429,0
8420,433,0
8421,434,0
8422,438,0
8423,433,0
8424,432,0
8425,434,0
8426,438,0
8427,435,0
8428,440,0
8429,434,0
8430,436,0
8431,438,0
8432,431,0
8433,429,0
8434,439,0
8435,433,0
8436,438,0
8437,433,0
8438,430,0
8439,433,0
8440,427,0
8441,436,0
8442,435,0
8443,427,0
8444,432,0
8445,431,0
8446,430,0
8447,434,0
8448,440,0
8449,432,0
8450,439,0
8451,437,0
8452,429,0
8453,433,0
8454,436,0
8455,427,0
8456,425,0
8457,433,0
8458,419,0
8459,426,0
8460,433,0
8461,431,0
8462,433,0
8463,438,0
8464,434,0
8465,431,0
8466,434,0
8467,435,0
8468,432,0
8469,437,0
8470,438,0
8471,428,0
8472,423,0
8473,424,0
8474,433,0
8475,431,0
8476,430,0
8477,434,0
8478,437,0
8479,436,0
8480,438,0
8481,440,0
8482,432,0
8483,432,0
8484,439,0
8485,440,0
8486,441,0
8487,436,0
8488,439,0
8489,437,0
8490,434,0
8491,433,0
8492,431,0
8493,442,0
8494,431,0
8495,447,0
8496,443,0
8497,435,0
8498,422,0
8499,435,0
8500,433,0
8501,438,0
8502,435,0
8503,436,0
8504,432,0
8505,437,0
8506,437,0
8507,434,0
8508,441,0
8509,432,0
8510,438,0
8511,437,0
8512,429,0
8513,438,0
8514,441,0
8515,427,0
8516,432,0
8517,431,0
8518,432,0
8519,433,0
8520,439,0
8521,434,0
8522,434,0
8523,424,0
8524,436,0
8525,435,0
8526,431,0
8527,447,0
8528,437,0
8529,438,0
8530,433,0
8531,433,0
8532,442,0
8533,438,0
8534,427,0
8535,436,0
8536,428,0
8537,434,0
8538,435,0
8539,434,0
8540,434,0
8541,439,0
8542,430,0
8543,439,0
8544,437,0
8545,432,0
8546,433,0
8547,442,0
8548,444,0
8549,443,0
8550,436,0
8551,439,0
8552,426,0
8553,436,0
8554,440,0
8555,439,0
8556,438,0
8557,426,0
8558,434,0
8559,434,0
8560,435,0
8561,438,0
8562,435,0
8563,425,0
8564,429,0
8565,438,0
8566,435,0
8567,428,0
8568,434,0
8569,428,0
8570,434,0
8571,443,0
8572,433,0
8573,436,0
8574,433,0
8575,438,0
8576,431,0
8577,438,0
8578,443,0
8579,432,0
8580,433,0
8581,433,0
8582,442,0
8583,435,0
8584,440,0
8585,438,0
8586,436,0
8587,439,0
8588,425,0
8589,430,0
8590,434,0
8591,430,0
8592,437,0
8593,436,0
8594,436,0
8595,438,0
8596,427,0
8597,439,0
8598,435,0
8599,437,0
8600,427,0
8601,444,0
8602,427,0
8603,431,0
8604,428,0
8605,441,0
8606,443,0
8607,435,0
8608,441,0
8609,432,0
8610,423,0
8611,440,0
8612,430,0
8613,433,0
8614,433,0
8615,433,0
8616,428,0
8617,437,0
8618,436,0
8619,434,0
8620,435,0
8621,442,0
8622,432,0
8623,431,0
8624,433,0
8625,441,0
8626,427,0
8627,439,0
8628,428,0
8629,428,0
8630,433,0
8631,435,0
8632,431,0
8633,437,0
8634,446,0
8635,433,0
8636,431,0
8637,431,0
8638,430,0
8639,435,0
8640,439,0
8641,433,0
8642,433,0
8643,434,0
8644,439,0
8645,443,0
8646,434,0
8647,432,0
8648,442,0
8649,438,0
8650,441,0
8651,441,0
8652,432,0
8653,438,0
8654,442,0
8655,430,0
8656,438,0
8657,429,0
8658,433,0
8659,438,0
8660,432,0
8661,430,0
8662,438,0
8663,440,0
8664,433,0
8665,444,0
8666,434,0
8667,428,0
8668,433,0
8669,425,0
8670,436,0
8671,430,0
8672,436,0
8673,445,0
8674,441,0
8675,433,0
8676,438,0
8677,444,0
8678,440,0
8679,432,0
8680,436,0
8681,431,0
8682,429,0
8683,433,0
8684,439,0
8685,436,0
8686,443,0
8687,436,0
8688,430,0
8689,427,0
8690,429,0
8691,437,0
8692,437,0
8693,438,0
8694,432,0
8695,436,0
8696,438,0
8697,433,0
8698,426,0
8699,440,0
8700,440,0
8701,430,0
8702,439,0
8703,436,0
8704,429,0
8705,441,0
8706,426,0
8707,427,0
8708,447,0
8709,441,0
8710,438,0
8711,434,0
8712,434,0
8713,438,0
8714,436,0
8715,437,0
8716,436,0
8717,434,0
8718,439,0
8719,440,0
8720,441,0
8721,437,0
8722,443,0
8723,426,0
8724,441,0
8725,433,0
8726,435,0
8727,440,0
8728,429,0
8729,433,0
8730,432,0
8731,439,0
8732,433,0
8733,430,0
8734,434,0
8735,433,0
8736,436,0
8737,430,0
8738,428,0
8739,430,0
8740,430,0
8741,427,0
8742,437,0
8743,436,0
8744,436,0
8745,436,0
8746,431,0
8747,437,0
8748,436,0
8749,435,0
8750,432,0
8751,435,0
8752,441,0
8753,439,0
8754,442,0
8755,439,0
8756,441,0
8757,432,0
8758,430,0
8759,435,0
8760,435,0
8761,428,0
8762,432,0
8763,436,0
8764,436,0
8765,439,0
8766,444,0
8767,428,0
8768,437,0
8769,438,0
8770,438,0
8771,448,0
8772,437,0
8773,439,0
8774,433,0
8775,429,0
8776,440,0
8777,436,0
8778,443,0
8779,429,0
8780,426,0
8781,431,0
8782,435,0
8783,440,0
8784,442,0
8785,435,0
8786,440,0
8787,435,0
8788,439,0
8789,437,0
8790,439,0
8791,436,0
8792,437,0
8793,433,0
8794,437,0
8795,440,0
8796,437,0
8797,429,0
8798,436,0
8799,440,0
8800,435,0
8801,438,0
8802,437,0
8803,441,0
8804,440,0
8805,431,0
8806,434,0
8807,439,0
8808,434,0
8809,437,0
8810,431,0
8811,433,0
8812,437,0
8813,442,0
8814,434,0
8815,436,0
8816,433,0
8817,439,0
8818,431,0
8819,440,0
8820,429,0
8821,438,0
8822,433,0
8823,432,0
8824,428,0
8825,435,0
8826,437,0
8827,438,0
8828,436,0
8829,432,0
8830,444,0
8831,428,0
8832,435,0
8833,441,0
8834,430,0
8835,438,0
8836,442,0
8837,444,0
8838,433,0
8839,439,0
8840,441,0
8841,440,0
8842,436,0
8843,443,0
8844,437,0
8845,439,0
8846,434,0
8847,431,0
8848,428,0
8849,432,0
8850,444,0
8851,434,0
8852,442,0
8853,431,0
8854,434,0
8855,439,0
8856,434,0
8857,439,0
8858,440,0
8859,448,0
8860,430,0
8861,440,0
8862,442,0
8863,440,0
8864,442,0
8865,425,0
8866,441,0
8867,442,0
8868,441,0
8869,443,0
8870,437,0
8871,439,0
8872,431,0
8873,440,0
8874,428,0
8875,431,0
8876,435,0
8877,439,0
8878,439,0
8879,431,0
8880,436,0
8881,433,0
8882,433,0
8883,430,0
8884,437,0
8885,426,0
8886,426,0
8887,448,0
8888,440,0
8889,428,0
8890,442,0
8891,440,0
8892,434,0
8893,444,0
8894,436,0
8895,432,0
8896,443,0
8897,443,0
8898,442,0
8899,433,0
8900,437,0
8901,425,0
8902,443,0
8903,444,0
8904,436,0
8905,442,0
8906,430,0
8907,432,0
8908,443,0
8909,433,0
8910,432,0
8911,437,0
8912,436,0
8913,430,0
8914,435,0
8915,439,0
8916,435,0
8917,444,0
8918,432,0
8919,434,0
8920,436,0
8921,433,0
8922,433,0
8923,444,0
8924,434,0
8925,427,0
8926,440,0
8927,435,0
8928,434,0
8929,431,0
8930,434,0
8931,444,0
8932,437,0
8933,429,0
8934,445,0
8935,436,0
8936,435,0
8937,433,0
8938,442,0
8939,434,0
8940,434,0
8941,432,0
8942,443,0
8943,433,0
8944,440,0
8945,439,0
8946,436,0
8947,437,0
8948,433,0
8949,426,0
8950,436,0
8951,436,0
8952,427,0
8953,438,0
8954,436,0
8955,432,0
8956,437,0
8957,440,0
8958,441,0
8959,433,0
8960,440,0
8961,435,0
8962,427,0
8963,444,0
8964,432,0
8965,448,0
8966,442,0
8967,418,0
8968,434,0
8969,437,0
8970,441,0
8971,435,0
8972,438,0
8973,440,0
8974,441,0
8975,437,0
8976,437,0
8977,433,0
8978,438,0
8979,427,0
8980,448,0
8981,431,0
8982,442,0
8983,429,0
8984,439,0
8985,438,0
8986,439,0
8987,439,0
8988,429,0
8989,443,0
8990,448,0
8991,441,0
8992,439,0
8993,438,0
8994,438,0
8995,439,0
8996,436,0
8997,450,0
8998,438,0
8999,448,0
9000,432,0
9001,428,0
9002,435,0
9003,435,0
9004,434,0
9005,437,0
9006,436,0
9007,430,0
9008,436,0
9009,432,0
9010,441,0
9011,441,0
9012,442,0
9013,439,0
9014,436,0
9015,430,0
9016,439,0
9017,430,0
9018,440,0
9019,432,0
9020,437,0
9021,437,0
9022,436,0
9023,436,0
9024,444,0
9025,436,0
9026,438,0
9027,438,0
9028,437,0
9029,435,0
9030,435,0
9031,439,0
9032,443,0
9033,446,0
9034,433,0
9035,429,0
9036,436,0
9037,440,0
9038,433,0
9039,448,0
9040,438,0
9041,438,0
9042,434,0
9043,448,0
9044,438,0
9045,443,0
9046,435,0
9047,442,0
9048,439,0
9049,437,0
9050,435,0
9051,437,0
9052,430,0
9053,429,0
9054,437,0
9055,433,0
9056,439,0
9057,435,0
9058,433,0
9059,442,0
9060,446,0
9061,431,0
9062,437,0
9063,434,0
9064,429,0
9065,442,0
9066,434,0
9067,436,0
9068,433,0
9069,440,0
9070,434,0
9071,443,0
9072,439,0
9073,446,0
9074,443,0
9075,442,0
9076,437,0
9077,445,0
9078,446,0
9079,434,0
9080,431,0
9081,443,0
9082,452,0
9083,433,0
9084,438,0
9085,433,0
9086,439,0
9087,434,0
9088,443,0
9089,437,0
9090,428,0
9091,437,0
9092,437,0
9093,438,0
9094,435,0
9095,441,0
9096,440,0
9097,424,0
9098,442,0
9099,438,0
9100,445,0
9101,438,0
9102,430,0
9103,434,0
9104,442,0
9105,438,0
9106,440,0
9107,431,0
9108,435,0
9109,437,0
9110,440,0
9111,434,0
9112,441,0
9113,441,0
9114,448,0
9115,420,0
9116,442,0
9117,443,0
9118,442,0
9119,436,0
9120,431,0
9121,437,0
9122,441,0
9123,427,0
9124,436,0
9125,440,0
9126,445,0
9127,438,0
9128,439,0
9129,445,0
9130,434,0
9131,433,0
9132,428,0
9133,433,0
9134,446,0
9135,444,0
9136,443,0
9137,436,0
9138,439,0
9139,442,0
9140,437,0
9141,441,0
9142,430,0
9143,443,0
9144,434,0
9145,426,0
9146,446,0
9147,438,0
9148,438,0
9149,435,0
9150,437,0
9151,435,0
9152,441,0
9153,434,0
9154,436,0
9155,430,0
9156,437,0
9157,437,0
9158,430,0
9159,444,0
9160,437,0
9161,440,0
9162,426,0
9163,435,0
9164,438,0
9165,432,0
9166,436,0
9167,435,0
9168,436,0
9169,435,0
9170,441,0
9171,435,0
9172,433,0
9173,433,0
9174,443,0
9175,443,0
9176,434,0
9177,438,0
9178,438,0
9179,433,0
9180,437,0
9181,441,0
9182,441,0
9183,434,0
9184,436,0
9185,436,0
9186,429,0
9187,434,0
9188,435,0
9189,440,0
9190,437,0
9191,448,0
9192,433,0
9193,440,0
9194,431,0
9195,442,0
9196,434,0
9197,438,0
9198,443,0
9199,434,0
9200,440,0
9201,434,0
9202,437,0
9203,437,0
9204,441,0
9205,445,0
9206,440,0
9207,444,0
9208,444,0
9209,438,0
9210,441,0
9211,437,0
9212,435,0
9213,437,0
9214,435,0
9215,437,0
9216,444,0
9217,431,0
9218,441,0
9219,436,0
9220,436,0
9221,441,0
9222,435,0
9223,436,0
9224,440,0
9225,441,0
9226,429,0
9227,435,0
9228,439,0
9229,436,0
9230,434,0
9231,435,0
9232,438,0
9233,436,0
9234,439,0
9235,436,0
9236,445,0
9237,445,0
9238,440,0
9239,434,0
9240,433,0
9241,435,0
9242,439,0
9243,441,0
9244,444,0
9245,434,0
9246,432,0
9247,436,0
9248,435,0
9249,438,0
9250,439,0
9251,436,0
9252,436,0
9253,441,0
9254,436,0
9255,440,0
9256,442,0
9257,434,0
9258,436,0
9259,442,0
9260,435,0
9261,439,0
9262,438,0
9263,431,0
9264,441,0
9265,448,0
9266,440,0
9267,442,0
9268,433,0
9269,439,0
9270,441,0
9271,433,0
9272,434,0
9273,443,0
9274,436,0
9275,435,0
9276,435,0
9277,444,0
9278,449,0
9279,430,0
9280,436,0
9281,432,0
9282,439,0
9283,431,0
9284,437,0
9285,440,0
9286,443,0
9287,439,0
9288,443,0
9289,435,0
9290,437,0
9291,437,0
9292,433,0
9293,440,0
9294,439,0
9295,429,0
9296,431,0
9297,444,0
9298,436,0
9299,442,0
9300,442,0
9301,441,0
9302,431,0
9303,444,0
9304,436,0
9305,443,0
9306,451,0
9307,443,0
9308,446,0
9309,439,0
9310,443,0
9311,441,0
9312,441,0
9313,437,0
9314,435,0
9315,441,0
9316,445,0
9317,433,0
9318,434,0
9319,438,0
9320,446,0
9321,437,0
9322,437,0
9323,439,0
9324,442,0
9325,440,0
9326,432,0
9327,430,0
9328,439,0
9329,438,0
9330,443,0
9331,439,0
9332,434,0
9333,441,0
9334,437,0
9335,437,0
9336,447,0
9337,442,0
9338,445,0
9339,440,0
9340,435,0
9341,440,0
9342,435,0
9343,436,0
9344,433,0
9345,437,0
9346,445,0
9347,428,0
9348,436,0
9349,435,0
9350,438,0
9351,439,0
9352,434,0
9353,449,0
9354,437,0
9355,432,0
9356,436,0
9357,439,0
9358,431,0
9359,437,0
9360,425,0
9361,438,0
9362,432,0
9363,442,0
9364,445,0
9365,442,0
9366,438,0
9367,438,0
9368,439,0
9369,448,0
9370,448,0
9371,443,0
9372,434,0
9373,441,0
9374,436,0
9375,437,0
9376,447,0
9377,432,0
9378,439,0
9379,441,0
9380,442,0
9381,439,0
9382,433,0
9383,441,0
9384,436,0
9385,440,0
9386,435,0
9387,440,0
9388,439,0
9389,440,0
9390,429,0
9391,438,0
9392,447,0
9393,440,0
9394,441,0
9395,426,0
9396,441,0
9397,444,0
9398,446,0
9399,441,0
9400,435,0
9401,435,0
9402,441,0
9403,443,0
9404,447,0
9405,439,0
9406,445,0
9407,437,0
9408,437,0
9409,438,0
9410,432,0
9411,437,0
9412,442,0
9413,444,0
9414,430,0
9415,435,0
9416,439,0
9417,448,0
9418,434,0
9419,434,0
9420,433,0
9421,442,0
9422,446,0
9423,441,0
9424,439,0
9425,440,0
9426,436,0
9427,441,0
9428,443,0
9429,443,0
9430,439,0
9431,442,0
9432,434,0
9433,433,0
9434,440,0
9435,436,0
9436,440,0
9437,440,0
9438,443,0
9439,438,0
9440,439,0
9441,431,0
9442,427,0
9443,429,0
9444,437,0
9445,437,0
9446,438,0
9447,433,0
9448,437,0
9449,439,0
9450,438,0
9451,438,0
9452,442,0
9453,436,0
9454,431,0
9455,444,0
9456,446,0
9457,436,0
9458,440,0
9459,441,0
9460,442,0
9461,436,0
9462,446,0
9463,439,0
9464,437,0
9465,436,0
9466,438,0
9467,440,0
9468,426,0
9469,433,0
9470,438,0
9471,441,0
9472,442,0
9473,431,0
9474,440,0
9475,438,0
9476,439,0
9477,440,0
9478,446,0
9479,444,0
9480,434,0
9481,440,0
9482,444,0
9483,429,0
9484,435,0
9485,440,0
9486,442,0
9487,434,0
9488,434,0
9489,439,0
9490,433,0
9491,436,0
9492,442,0
9493,446,0
9494,449,0
9495,444,0
9496,443,0
9497,453,0
9498,439,0
9499,442,0
9500,439,0
9501,437,0
9502,436,0
9503,431,0
9504,443,0
9505,445,0
9506,435,0
9507,433,0
9508,449,0
9509,434,0
9510,438,0
9511,438,0
9512,436,0
9513,441,0
9514,434,0
9515,441,0
9516,441,0
9517,430,0
9518,440,0
9519,437,0
9520,438,0
9521,429,0
9522,434,0
9523,440,0
9524,447,0
9525,438,0
9526,439,0
9527,443,0
9528,437,0
9529,437,0
9530,436,0
9531,437,0
9532,435,0
9533,430,0
9534,441,0
9535,436,0
9536,443,0
9537,444,0
9538,447,0
9539,439,0
9540,433,0
9541,444,0
9542,435,0
9543,436,0
9544,431,0
9545,447,0
9546,444,0
9547,441,0
9548,444,0
9549,444,0
9550,438,0
9551,444,0
9552,441,0
9553,451,0
9554,440,0
9555,445,0
9556,436,0
9557,435,0
9558,441,0
9559,439,0
9560,450,0
9561,435,0
9562,432,0
9563,442,0
9564,441,0
9565,442,0
9566,431,0
9567,437,0
9568,436,0
9569,441,0
9570,437,0
9571,434,0
9572,444,0
9573,442,0
9574,450,0
9575,441,0
9576,432,0
9577,438,0
9578,433,0
9579,435,0
9580,444,0
9581,435,0
9582,437,0
9583,433,0
9584,436,0
9585,443,0
9586,443,0
9587,439,0
9588,443,0
9589,431,0
9590,437,0
9591,445,0
9592,441,0
9593,444,0
9594,439,0
9595,438,0
9596,432,0
9597,438,0
9598,432,0
9599,437,0
9600,444,0
9601,440,0
9602,448,0
9603,437,0
9604,435,0
9605,435,0
9606,433,0
9607,434,0
9608,434,0
9609,440,0
9610,433,0
9611,429,0
9612,451,0
9613,446,0
9614,439,0
9615,439,0
9616,445,0
9617,443,0
9618,435,0
9619,440,0
9620,449,0
9621,441,0
9622,441,0
9623,445,0
9624,449,0
9625,444,0
9626,444,0
9627,440,0
9628,441,0
9629,450,0
9630,447,0
9631,440,0
9632,434,0
9633,442,0
9634,440,0
9635,436,0
9636,441,0
9637,423,0
9638,435,0
9639,439,0
9640,435,0
9641,445,0
9642,437,0
9643,441,0
9644,448,0
9645,441,0
9646,447,0
9647,439,0
9648,440,0
9649,450,0
9650,434,0
9651,451,0
9652,446,0
9653,450,0
9654,432,0
9655,440,0
9656,435,0
9657,440,0
9658,455,0
9659,438,0
9660,442,0
9661,434,0
9662,446,0
9663,442,0
9664,449,0
9665,447,0
9666,438,0
9667,439,0
9668,447,0
9669,433,0
9670,449,0
9671,448,0
9672,436,0
9673,438,0
9674,448,0
9675,442,0
9676,437,0
9677,432,0
9678,438,0
9679,439,0
9680,445,0
9681,438,0
9682,434,0
9683,443,0
9684,437,0
9685,451,0
9686,438,0
9687,436,0
9688,453,0
9689,440,0
9690,442,0
9691,435,0
9692,435,0
9693,438,0
9694,435,0
9695,433,0
9696,439,0
9697,439,0
9698,443,0
9699,439,0
9700,445,0
9701,438,0
9702,434,0
9703,439,0
9704,439,0
9705,442,0
9706,436,0
9707,443,0
9708,437,0
9709,450,0
9710,447,0
9711,443,0
9712,442,0
9713,439,0
9714,444,0
9715,444,0
9716,438,0
9717,437,0
9718,453,0
9719,434,0
9720,442,0
9721,447,0
9722,437,0
9723,432,0
9724,444,0
9725,436,0
9726,445,0
9727,436,0
9728,446,0
9729,444,0
9730,441,0
9731,439,0
9732,438,0
9733,435,0
9734,441,0
9735,444,0
9736,442,0
9737,438,0
9738,447,0
9739,437,0
9740,432,0
9741,441,0
9742,422,0
9743,442,0
9744,443,0
9745,436,0
9746,446,0
9747,437,0
9748,446,0
9749,441,0
9750,443,0
9751,435,0
9752,440,0
9753,439,0
9754,439,0
9755,444,0
9756,437,0
9757,440,0
9758,429,0
9759,446,0
9760,439,0
9761,440,0
9762,439,0
9763,447,0
9764,443,0
9765,441,0
9766,432,0
9767,443,0
9768,435,0
9769,452,0
9770,431,0
9771,441,0
9772,445,0
9773,428,0
9774,432,0
9775,438,0
9776,448,0
9777,440,0
9778,433,0
9779,445,0
9780,438,0
9781,445,0
9782,441,0
9783,435,0
9784,437,0
9785,443,0
9786,438,0
9787,442,0
9788,438,0
9789,444,0
9790,442,0
9791,437,0
9792,441,0
9793,433,0
9794,443,0
9795,438,0
9796,441,0
9797,440,0
9798,452,0
9799,444,0
9800,438,0
9801,442,0
9802,440,0
9803,445,0
9804,436,0
9805,444,0
9806,444,0
9807,436,0
9808,440,0
9809,445,0
9810,438,0
9811,431,0
9812,438,0
9813,437,0
9814,448,0
9815,435,0
9816,434,0
9817,441,0
9818,438,0
9819,442,0
9820,439,0
9821,443,0
9822,433,0
9823,439,0
9824,447,0
9825,439,0
9826,449,0
9827,439,0
9828,428,0
9829,445,0
9830,445,0
9831,448,0
9832,447,0
9833,436,0
9834,438,0
9835,439,0
9836,435,0
9837,441,0
9838,444,0
9839,444,0
9840,438,0
9841,447,0
9842,441,0
9843,435,0
9844,440,0
9845,435,0
9846,447,0
9847,441,0
9848,440,0
9849,443,0
9850,439,0
9851,433,0
9852,441,0
9853,433,0
9854,442,0
9855,444,0
9856,441,0
9857,435,0
9858,429,0
9859,437,0
9860,442,0
9861,443,0
9862,441,0
9863,441,0
9864,433,0
9865,430,0
9866,448,0
9867,442,0
9868,446,0
9869,440,0
9870,445,0
9871,434,0
9872,451,0
9873,445,0
9874,436,0
9875,451,0
9876,439,0
9877,435,0
9878,442,0
9879,450,0
9880,444,0
9881,442,0
9882,436,0
9883,443,0
9884,423,0
9885,438,0
9886,449,0
9887,435,0
9888,444,0
9889,441,0
9890,446,0
9891,439,0
9892,451,0
9893,435,0
9894,441,0
9895,441,0
9896,444,0
9897,447,0
9898,443,0
9899,440,0
9900,445,0
9901,443,0
9902,444,0
9903,445,0
9904,433,0
9905,435,0
9906,433,0
9907,441,0
9908,446,0
9909,440,0
9910,438,0
9911,429,0
9912,443,0
9913,438,0
9914,447,0
9915,450,0
9916,445,0
9917,446,0
9918,438,0
9919,443,0
9920,442,0
9921,435,0
9922,429,0
9923,435,0
9924,438,0
9925,441,0
9926,443,0
9927,435,0
9928,433,0
9929,437,0
9930,429,0
9931,449,0
9932,436,0
9933,438,0
9934,438,0
9935,436,0
9936,433,0
9937,445,0
9938,446,0
9939,443,0
9940,434,0
9941,449,0
9942,447,0
9943,448,0
9944,445,0
9945,437,0
9946,441,0
9947,436,0
9948,448,0
9949,443,0
9950,440,0
9951,441,0
9952,445,0
9953,440,0
9954,438,0
9955,436,0
9956,436,0
9957,446,0
9958,444,0
9959,441,0
9960,441,0
9961,438,0
9962,439,0
9963,436,0
9964,443,0
9965,450,0
9966,440,0
9967,443,0
9968,441,0
9969,440,0
9970,437,0
9971,437,0
9972,436,0
9973,440,0
9974,434,0
9975,439,0
9976,438,0
9977,440,0
9978,440,0
9979,443,0
9980,432,0
9981,440,0
9982,439,0
9983,436,0
9984,437,0
9985,432,0
9986,435,0
9987,435,0
9988,444,0
9989,443,0
9990,436,0
9991,438,0
9992,440,0
9993,427,0
9994,444,0
9995,441,0
9996,437,0
9997,432,0
9998,439,0
9999,440,0
10000,443,0
10001,449,0
10002,445,0
10003,436,0
10004,444,0
10005,435,0
10006,445,0
10007,435,0
10008,436,0
10009,449,0
10010,445,0
10011,439,0
10012,442,0
10013,441,0
10014,446,0
10015,440,0
10016,440,0
10017,434,0
10018,437,0
10019,437,0
10020,442,0
10021,442,0
10022,440,0
10023,449,0
10024,445,0
10025,443,0
10026,439,0
10027,447,0
10028,442,0
10029,433,0
10030,443,0
10031,445,0
10032,441,0
10033,434,0
10034,446,0
10035,441,0
10036,438,0
10037,441,0
10038,444,0
10039,448,0
10040,443,0
10041,442,0
10042,438,0
10043,439,0
10044,435,0
10045,437,0
10046,438,0
10047,437,0
10048,437,0
10049,439,0
10050,447,0
10051,447,0
10052,446,0
10053,435,0
10054,446,0
10055,443,0
10056,441,0
10057,434,0
10058,446,0
10059,441,0
10060,441,0
10061,434,0
10062,448,0
10063,443,0
10064,444,0
10065,443,0
10066,442,0
10067,438,0
10068,432,0
10069,448,0
10070,446,0
10071,450,0
10072,442,0
10073,435,0
10074,449,0
10075,431,0
10076,434,0
10077,429,0
10078,446,0
10079,439,0
10080,439,0
10081,439,0
10082,448,0
10083,438,0
10084,435,0
10085,436,0
10086,431,0
10087,442,0
10088,440,0
10089,445,0
10090,434,0
10091,443,0
10092,439,0
10093,444,0
10094,444,0
10095,442,0
10096,451,0
10097,443,0
10098,435,0
10099,448,0
10100,442,0
10101,437,0
10102,446,0
10103,447,0
10104,435,0
10105,449,0
10106,447,0
10107,447,0
10108,441,0
10109,436,0
10110,441,0
10111,441,0
10112,445,0
10113,443,0
10114,453,0
10115,435,0
10116,441,0
10117,445,0
10118,446,0
10119,442,0
10120,454,0
10121,445,0
10122,442,0
10123,443,0
10124,431,0
10125,453,0
10126,449,0
10127,446,0
10128,447,0
10129,450,0
10130,440,0
10131,436,0
10132,444,0
10133,438,0
10134,442,0
10135,441,0
10136,449,0
10137,441,0
10138,434,0
10139,444,0
10140,445,0
10141,437,0
10142,442,0
10143,439,0
10144,445,0
10145,438,0
10146,444,0
10147,436,0
10148,440,0
10149,439,0
10150,437,0
10151,445,0
10152,435,0
10153,440,0
10154,444,0
10155,447,0
10156,435,0
10157,445,0
10158,440,0
10159,437,0
10160,447,0
10161,444,0
10162,434,0
10163,448,0
10164,446,0
10165,440,0
10166,439,0
10167,441,0
10168,441,0
10169,440,0
10170,444,0
10171,435,0
10172,444,0
10173,443,0
10174,456,0
10175,445,0
10176,436,0
10177,445,0
10178,442,0
10179,441,0
10180,439,0
10181,436,0
10182,438,0
10183,445,0
10184,447,0
10185,444,0
10186,436,0
10187,449,0
10188,449,0
10189,442,0
10190,441,0
10191,441,0
10192,446,0
10193,442,0
10194,434,0
10195,440,0
10196,441,0
10197,443,0
10198,438,0
10199,450,0
10200,438,0
10201,439,0
10202,449,0
10203,434,0
10204,447,0
10205,434,0
10206,435,0
10207,440,0
10208,434,0
10209,438,0
10210,434,0
10211,450,0
10212,436,0
10213,439,0
10214,443,0
10215,444,0
10216,446,0
10217,429,0
10218,442,0
10219,450,0
10220,442,0
10221,446,0
10222,448,0
10223,441,0
10224,438,0
10225,451,0
10226,438,0
10227,453,0
10228,444,0
10229,441,0
10230,440,0
10231,439,0
10232,438,0
10233,445,0
10234,442,0
10235,445,0
10236,435,0
10237,434,0
10238,444,0
10239,437,0
10240,442,0
10241,434,0
10242,442,0
10243,441,0
10244,440,0
10245,444,0
10246,440,0
10247,438,0
10248,443,0
10249,439,0
10250,441,0
10251,452,0
10252,438,0
10253,449,0
10254,437,0
10255,439,0
10256,438,0
10257,437,0
10258,444,0
10259,436,0
10260,444,0
10261,447,0
10262,451,0
10263,434,0
10264,436,0
10265,439,0
10266,443,0
10267,448,0
10268,450,0
10269,434,0
10270,446,0
10271,440,0
10272,436,0
10273,444,0
10274,441,0
10275,445,0
10276,444,0
10277,442,0
10278,443,0
10279,444,0
10280,442,0
10281,437,0
10282,447,0
10283,449,0
10284,447,0
10285,440,0
10286,440,0
10287,443,0
10288,433,0
10289,443,0
10290,437,0
10291,448,0
10292,445,0
10293,444,0
10294,443,0
10295,439,0
10296,448,0
10297,446,0
10298,434,0
10299,444,0
10300,447,0
10301,441,0
10302,444,0
10303,436,0
10304,447,0
10305,441,0
10306,439,0
10307,455,0
10308,439,0
10309,444,0
10310,448,0
10311,444,0
10312,441,0
10313,443,0
10314,441,0
10315,444,0
10316,438,0
10317,445,0
10318,441,0
10319,439,0
10320,437,0
10321,442,0
10322,445,0
10323,437,0
10324,433,0
10325,439,0
10326,446,0
10327,441,0
10328,436,0
10329,442,0
10330,432,0
10331,439,0
10332,441,0
10333,447,0
10334,444,0
10335,449,0
10336,452,0
10337,436,0
10338,447,0
10339,445,0
10340,438,0
10341,450,0
10342,435,0
10343,444,0
10344,452,0
10345,444,0
10346,438,0
10347,436,0
10348,448,0
10349,440,0
10350,442,0
10351,445,0
10352,450,0
10353,449,0
10354,445,0
10355,449,0
10356,448,0
10357,438,0
10358,439,0
10359,437,0
10360,444,0
10361,437,0
10362,441,0
10363,444,0
10364,443,0
10365,441,0
10366,441,0
10367,436,0
10368,442,0
10369,442,0
10370,440,0
10371,442,0
10372,441,0
10373,443,0
10374,443,0
10375,443,0
10376,440,0
10377,441,0
10378,444,0
10379,452,0
10380,443,0
10381,449,0
10382,435,0
10383,449,0
10384,445,0
10385,439,0
10386,449,0
10387,447,0
10388,442,0
10389,445,0
10390,436,0
10391,447,0
10392,457,0
10393,443,0
10394,436,0
10395,435,0
10396,447,0
10397,446,0
10398,438,0
10399,432,0
10400,442,0
10401,445,0
10402,442,0
10403,449,0
10404,446,0
10405,445,0
10406,445,0
10407,441,0
10408,435,0
10409,443,0
10410,437,0
10411,438,0
10412,444,0
10413,445,0
10414,440,0
10415,444,0
10416,451,0
10417,433,0
10418,433,0
10419,436,0
10420,445,0
10421,443,0
10422,442,0
10423,441,0
10424,444,0
10425,443,0
10426,442,0
10427,446,0
10428,455,0
10429,445,0
10430,442,0
10431,445,0
10432,440,0
10433,442,0
10434,455,0
10435,454,0
10436,444,0
10437,447,0
10438,443,0
10439,437,0
10440,444,0
10441,442,0
10442,443,0
10443,446,0
10444,436,0
10445,440,0
10446,443,0
10447,436,0
10448,451,0
10449,436,0
10450,441,0
10451,438,0
10452,434,0
10453,443,0
10454,447,0
10455,442,0
10456,443,0
10457,445,0
10458,446,0
10459,439,0
10460,433,0
10461,443,0
10462,439,0
10463,449,0
10464,443,0
10465,454,0
10466,444,0
10467,446,0
10468,449,0
10469,439,0
10470,446,0
10471,444,0
10472,435,0
10473,431,0
10474,443,0
10475,437,0
10476,441,0
10477,443,0
10478,442,0
10479,445,0
10480,443,0
10481,445,0
10482,428,0
10483,443,0
10484,435,0
10485,442,0
10486,447,0
10487,440,0
10488,449,0
10489,445,0
10490,443,0
10491,440,0
10492,441,0
10493,442,0
10494,444,0
10495,445,0
10496,431,0
10497,439,0
10498,455,0
10499,445,0
10500,437,0
10501,442,0
10502,441,0
10503,444,0
10504,436,0
10505,446,0
10506,436,0
10507,445,0
10508,448,0
10509,447,0
10510,441,0
10511,450,0
10512,448,0
10513,442,0
10514,452,0
10515,448,0
10516,440,0
10517,449,0
10518,436,0
10519,446,0
10520,439,0
10521,450,0
10522,441,0
10523,451,0
10524,449,0
10525,440,0
10526,445,0
10527,439,0
10528,447,0
10529,438,0
10530,448,0
10531,444,0
10532,443,0
10533,440,0
10534,434,0
10535,443,0
10536,442,0
10537,446,0
10538,451,0
10539,438,0
10540,442,0
10541,449,0
10542,443,0
10543,438,0
10544,443,0
10545,440,0
10546,443,0
10547,443,0
10548,446,0
10549,451,0
10550,442,0
10551,437,0
10552,441,0
10553,450,0
10554,445,0
10555,440,0
10556,446,0
10557,440,0
10558,448,0
10559,451,0
10560,435,0
10561,450,0
10562,437,0
10563,451,0
10564,438,0
10565,441,0
10566,438,0
10567,434,0
10568,445,0
10569,439,0
10570,436,0
10571,449,0
10572,443,0
10573,435,0
10574,445,0
10575,445,0
10576,442,0
10577,450,0
10578,443,0
10579,437,0
10580,444,0
10581,441,0
10582,443,0
10583,440,0
10584,441,0
10585,445,0
10586,442,0
10587,441,0
10588,442,0
10589,447,0
10590,438,0
10591,440,0
10592,450,0
10593,448,0
10594,443,0
10595,446,0
10596,441,0
10597,447,0
10598,435,0
10599,438,0
10600,452,0
10601,452,0
10602,441,0
10603,431,0
10604,446,0
10605,452,0
10606,440,0
10607,438,0
10608,444,0
10609,447,0
10610,432,0
10611,427,0
10612,438,0
10613,448,0
10614,447,0
10615,439,0
10616,438,0
10617,439,0
10618,435,0
10619,435,0
10620,446,0
10621,450,0
10622,439,0
10623,441,0
10624,444,0
10625,431,0
10626,438,0
10627,441,0
10628,442,0
10629,444,0
10630,440,0
10631,443,0
10632,436,0
10633,449,0
10634,444,0
10635,442,0
10636,443,0
10637,453,0
10638,442,0
10639,445,0
10640,440,0
10641,445,0
10642,448,0
10643,444,0
10644,437,0
10645,437,0
10646,432,0
10647,444,0
10648,448,0
10649,443,0
10650,440,0
10651,441,0
10652,449,0
10653,448,0
10654,450,0
10655,444,0
10656,450,0
10657,441,0
10658,442,0
10659,448,0
10660,442,0
10661,443,0
10662,455,0
10663,444,0
10664,448,0
10665,436,0
10666,449,0
10667,446,0
10668,451,0
10669,446,0
10670,443,0
10671,438,0
10672,447,0
10673,441,0
10674,444,0
10675,438,0
10676,451,0
10677,444,0
10678,448,0
10679,445,0
10680,447,0
10681,445,0
10682,443,0
10683,449,0
10684,445,0
10685,438,0
10686,438,0
10687,438,0
10688,447,0
10689,453,0
10690,444,0
10691,438,0
10692,444,0
10693,445,0
10694,453,0
10695,439,0
10696,440,0
10697,440,0
10698,445,0
10699,443,0
10700,447,0
10701,450,0
10702,440,0
10703,442,0
10704,440,0
10705,443,0
10706,443,0
10707,444,0
10708,446,0
10709,443,0
10710,430,0
10711,441,0
10712,435,0
10713,438,0
10714,448,0
10715,443,0
10716,447,0
10717,449,0
10718,452,0
10719,443,0
10720,445,0
10721,445,0
10722,447,0
10723,438,0
10724,445,0
10725,443,0
10726,443,0
10727,443,0
10728,433,0
10729,443,0
10730,444,0
10731,445,0
10732,444,0
10733,438,0
10734,439,0
10735,439,0
10736,446,0
10737,444,0
10738,435,0
10739,444,0
10740,444,0
10741,450,0
10742,439,0
10743,443,0
10744,448,0
10745,450,0
10746,444,0
10747,444,0
10748,446,0
10749,452,0
10750,448,0
10751,435,0
10752,439,0
10753,449,0
10754,456,0
10755,441,0
10756,440,0
10757,445,0
10758,443,0
10759,443,0
10760,446,0
10761,449,0
10762,443,0
10763,449,0
10764,444,0
10765,445,0
10766,446,0
10767,447,0
10768,446,0
10769,439,0
10770,439,0
10771,434,0
10772,442,0
10773,445,0
10774,442,0
10775,449,0
10776,444,0
10777,440,0
10778,441,0
10779,442,0
10780,446,0
10781,440,0
10782,453,0
10783,451,0
10784,447,0
10785,445,0
10786,448,0
10787,445,0
10788,443,0
10789,441,0
10790,451,0
10791,434,0
10792,449,0
10793,449,0
10794,436,0
10795,449,0
10796,446,0
10797,445,0
10798,432,0
10799,441,0
10800,436,0
10801,444,0
10802,444,0
10803,441,0
10804,443,0
10805,441,0
10806,445,0
10807,442,0
10808,435,0
10809,450,0
10810,446,0
10811,452,0
10812,447,0
10813,446,0
10814,440,0
10815,444,0
10816,446,0
10817,445,0
10818,455,0
10819,445,0
10820,451,0
10821,452,0
10822,444,0
10823,445,0
10824,444,0
10825,431,0
10826,445,0
10827,441,0
10828,451,0
10829,444,0
10830,447,0
10831,440,0
10832,441,0
10833,444,0
10834,439,0
10835,443,0
10836,441,0
10837,446,0
10838,444,0
10839,442,0
10840,450,0
10841,445,0
10842,429,0
10843,440,0
10844,449,0
10845,460,0
10846,438,0
10847,445,0
10848,444,0
10849,446,0
10850,444,0
10851,440,0
10852,446,0
10853,444,0
10854,448,0
10855,455,0
10856,444,0
10857,443,0
10858,448,0
10859,439,0
10860,445,0
10861,438,0
10862,450,0
10863,443,0
10864,432,0
10865,448,0
10866,445,0
10867,452,0
10868,440,0
10869,449,0
10870,442,0
10871,439,0
10872,447,0
10873,446,0
10874,436,0
10875,451,0
10876,444,0
10877,446,0
10878,439,0
10879,435,0
10880,445,0
10881,451,0
10882,447,0
10883,436,0
10884,443,0
10885,442,0
10886,443,0
10887,439,0
10888,447,0
10889,445,0
10890,446,0
10891,448,0
10892,443,0
10893,441,0
10894,446,0
10895,447,0
10896,448,0
10897,452,0
10898,449,0
10899,445,0
10900,439,0
10901,442,0
10902,448,0
10903,447,0
10904,437,0
10905,441,0
10906,446,0
10907,441,0
10908,445,0
10909,445,0
10910,438,0
10911,439,0
10912,448,0
10913,439,0
10914,448,0
10915,443,0
10916,449,0
10917,442,0
10918,451,0
10919,446,0
10920,446,0
10921,453,0
10922,447,0
10923,438,0
10924,441,0
10925,440,0
10926,446,0
10927,444,0
10928,437,0
10929,450,0
10930,445,0
10931,442,0
10932,445,0
10933,440,0
10934,442,0
10935,450,0
10936,443,0
10937,443,0
10938,445,0
10939,439,0
10940,453,0
10941,451,0
10942,447,0
10943,446,0
10944,437,0
10945,432,0
10946,455,0
10947,445,0
10948,452,0
10949,443,0
10950,440,0
10951,440,0
10952,446,0
10953,438,0
10954,445,0
10955,447,0
10956,447,0
10957,441,0
10958,446,0
10959,450,0
10960,437,0
10961,451,0
10962,445,0
10963,437,0
10964,441,0
10965,448,0
10966,442,0
10967,447,0
10968,447,0
10969,445,0
10970,443,0
10971,440,0
10972,448,0
10973,441,0
10974,442,0
10975,444,0
10976,437,0
10977,448,0
10978,447,0
10979,449,0
10980,454,0
10981,446,0
10982,444,0
10983,448,0
10984,452,0
10985,449,0
10986,447,0
10987,445,0
10988,453,0
10989,444,0
10990,442,0
10991,446,0
10992,450,0
10993,438,0
10994,437,0
10995,441,0
10996,446,0
10997,447,0
10998,443,0
10999,444,0
11000,444,0
11001,443,0
11002,455,0
11003,439,0
11004,445,0
11005,439,0
11006,442,0
11007,446,0
11008,446,0
11009,444,0
11010,436,0
11011,439,0
11012,437,0
11013,438,0
11014,446,0
11015,449,0
11016,447,0
11017,439,0
11018,440,0
11019,446,0
11020,451,0
11021,441,0
11022,448,0
11023,451,0
11024,446,0
11025,451,0
11026,442,0
11027,446,0
11028,446,0
11029,439,0
11030,450,0
11031,442,0
11032,445,0
11033,440,0
11034,445,0
11035,442,0
11036,444,0
11037,446,0
11038,444,0
11039,445,0
11040,446,0
11041,451,0
11042,434,0
11043,438,0
11044,451,0
11045,445,0
11046,442,0
11047,440,0
11048,450,0
11049,442,0
11050,440,0
11051,450,0
11052,443,0
11053,451,0
11054,437,0
11055,442,0
11056,446,0
11057,452,0
11058,437,0
11059,451,0
11060,447,0
11061,440,0
11062,442,0
11063,443,0
11064,445,0
11065,438,0
11066,448,0
11067,453,0
11068,452,0
11069,441,0
11070,449,0
11071,443,0
11072,451,0
11073,445,0
11074,451,0
11075,442,0
11076,444,0
11077,449,0
11078,440,0
11079,438,0
11080,441,0
11081,444,0
11082,450,0
11083,454,0
11084,438,0
11085,438,0
11086,437,0
11087,448,0
11088,448,0
11089,444,0
11090,439,0
11091,443,0
11092,445,0
11093,442,0
11094,450,0
11095,446,0
11096,453,0
11097,448,0
11098,452,0
11099,454,0
11100,443,0
11101,446,0
11102,442,0
11103,444,0
11104,436,0
11105,443,0
11106,455,0
11107,449,0
11108,449,0
11109,440,0
11110,448,0
11111,438,0
11112,438,0
11113,441,0
11114,446,0
11115,446,0
11116,430,0
11117,443,0
11118,440,0
11119,445,0
11120,443,0
11121,442,0
11122,441,0
11123,447,0
11124,452,0
11125,447,0
11126,445,0
11127,441,0
11128,447,0
11129,451,0
11130,444,0
11131,441,0
11132,447,0
11133,456,0
11134,441,0
11135,448,0
11136,444,0
11137,445,0
11138,445,0
11139,445,0
11140,448,0
11141,448,0
11142,443,0
11143,442,0
11144,446,0
11145,449,0
11146,446,0
11147,447,0
11148,446,0
11149,445,0
11150,448,0
11151,448,0
11152,454,0
11153,450,0
11154,441,0
11155,451,0
11156,448,0
11157,442,0
11158,451,0
11159,447,0
11160,446,0
11161,453,0
11162,447,0
11163,446,0
11164,445,0
11165,443,0
11166,450,0
11167,452,0
11168,453,0
11169,447,0
11170,442,0
11171,450,0
11172,440,0
11173,441,0
11174,447,0
11175,446,0
11176,449,0
11177,437,0
11178,436,0
11179,445,0
11180,442,0
11181,445,0
11182,443,0
11183,445,0
11184,452,0
11185,453,0
11186,444,0
11187,443,0
11188,450,0
11189,441,0
11190,445,0
11191,445,0
11192,442,0
11193,448,0
11194,444,0
11195,449,0
11196,448,0
11197,443,0
11198,441,0
11199,444,0
11200,446,0
11201,448,0
11202,447,0
11203,442,0
11204,449,0
11205,451,0
11206,443,0
11207,435,0
11208,452,0
11209,444,0
11210,433,0
11211,441,0
11212,448,0
11213,449,0
11214,446,0
11215,460,0
11216,448,0
11217,442,0
11218,440,0
11219,447,0
11220,449,0
11221,451,0
11222,446,0
11223,446,0
11224,443,0
11225,448,0
11226,436,0
11227,450,0
11228,452,0
11229,444,0
11230,449,0
11231,435,0
11232,448,0
11233,443,0
11234,442,0
11235,442,0
11236,440,0
11237,441,0
11238,446,0
11239,442,0
11240,439,0
11241,456,0
11242,453,0
11243,442,0
11244,446,0
11245,456,0
11246,446,0
11247,455,0
11248,447,0
11249,438,0
11250,442,0
11251,453,0
11252,443,0
11253,430,0
11254,448,0
11255,447,0
11256,449,0
11257,452,0
11258,449,0
11259,444,0
11260,449,0
11261,448,0
11262,448,0
11263,440,0
11264,448,0
11265,443,0
11266,454,0
11267,446,0
11268,450,0
11269,446,0
11270,437,0
11271,450,0
11272,438,0
11273,451,0
11274,441,0
11275,443,0
11276,448,0
11277,442,0
11278,451,0
11279,441,0
11280,439,0
11281,450,0
11282,457,0
11283,443,0
11284,447,0
11285,445,0
11286,441,0
11287,444,0
11288,441,0
11289,454,0
11290,448,0
11291,445,0
11292,449,0
11293,448,0
11294,442,0
11295,432,0
11296,442,0
11297,441,0
11298,445,0
11299,441,0
11300,446,0
11301,442,0
11302,449,0
11303,443,0
11304,445,0
11305,447,0
11306,444,0
11307,440,0
11308,443,0
11309,447,0
11310,447,0
11311,440,0
11312,435,0
11313,444,0
11314,446,0
11315,449,0
11316,436,0
11317,440,0
11318,445,0
11319,433,0
11320,453,0
11321,451,0
11322,442,0
11323,451,0
11324,438,0
11325,447,0
11326,450,0
11327,440,0
11328,446,0
11329,453,0
11330,444,0
11331,444,0
11332,446,0
11333,449,0
11334,442,0
11335,450,0
11336,457,0
11337,449,0
11338,450,0
11339,454,0
11340,442,0
11341,447,0
11342,457,0
11343,451,0
11344,449,0
11345,447,0
11346,444,0
11347,447,0
11348,451,0
11349,448,0
11350,452,0
11351,444,0
11352,443,0
11353,448,0
11354,448,0
11355,447,0
11356,450,0
11357,442,0
11358,443,0
11359,443,0
11360,440,0
11361,444,0
11362,446,0
11363,444,0
11364,441,0
11365,450,0
11366,441,0
11367,450,0
11368,443,0
11369,445,0
11370,442,0
11371,438,0
11372,449,0
11373,443,0
11374,445,0
11375,452,0
11376,444,0
11377,446,0
11378,440,0
11379,440,0
11380,445,0
11381,443,0
11382,450,0
11383,447,0
11384,444,0
11385,445,0
11386,454,0
11387,440,0
11388,450,0
11389,440,0
11390,447,0
11391,447,0
11392,446,0
11393,445,0
11394,446,0
11395,443,0
11396,457,0
11397,448,0
11398,434,0
11399,445,0
11400,443,0
11401,444,0
11402,450,0
11403,449,0
11404,440,0
11405,448,0
11406,439,0
11407,443,0
11408,439,0
11409,441,0
11410,445,0
11411,441,0
11412,449,0
11413,445,0
11414,451,0
11415,445,0
11416,443,0
11417,456,0
11418,445,0
11419,438,0
11420,447,0
11421,450,0
11422,441,0
11423,446,0
11424,447,0
11425,446,0
11426,454,0
11427,448,0
11428,447,0
11429,452,0
11430,452,0
11431,445,0
11432,453,0
11433,442,0
11434,450,0
11435,447,0
11436,457,0
11437,449,0
11438,445,0
11439,437,0
11440,448,0
11441,451,0
11442,450,0
11443,449,0
11444,452,0
11445,444,0
11446,449,0
11447,455,0
11448,457,0
11449,446,0
11450,440,0
11451,442,0
11452,446,0
11453,446,0
11454,444,0
11455,446,0
11456,447,0
11457,450,0
11458,446,0
11459,452,0
11460,443,0
11461,436,0
11462,451,0
11463,451,0
11464,449,0
11465,449,0
11466,443,0
11467,447,0
11468,448,0
11469,448,0
11470,443,0
11471,440,0
11472,442,0
11473,453,0
11474,440,0
11475,453,0
11476,437,0
11477,451,0
11478,445,0
11479,438,0
11480,449,0
11481,437,0
11482,444,0
11483,449,0
11484,448,0
11485,440,0
11486,451,0
11487,448,0
11488,448,0
11489,447,0
11490,455,0
11491,453,0
11492,439,0
11493,445,0
11494,448,0
11495,445,0
11496,442,0
11497,442,0
11498,449,0
11499,443,0
11500,454,0
11501,442,0
11502,452,0
11503,448,0
11504,446,0
11505,438,0
11506,451,0
11507,452,0
11508,444,0
11509,446,0
11510,452,0
11511,451,0
11512,448,0
11513,446,0
11514,447,0
11515,447,0
11516,455,0
11517,449,0
11518,455,0
11519,443,0
11520,455,0
11521,434,0
11522,439,0
11523,445,0
11524,453,0
11525,442,0
11526,444,0
11527,445,0
11528,451,0
11529,446,0
11530,456,0
11531,447,0
11532,440,0
11533,448,0
11534,450,0
11535,455,0
11536,446,0
11537,449,0
11538,452,0
11539,448,0
11540,443,0
11541,434,0
11542,448,0
11543,446,0
11544,443,0
11545,442,0
11546,447,0
11547,449,0
11548,448,0
11549,452,0
11550,458,0
11551,442,0
11552,450,0
11553,448,0
11554,444,0
11555,440,0
11556,442,0
11557,450,0
11558,452,0
11559,451,0
11560,462,0
11561,446,0
11562,432,0
11563,446,0
11564,447,0
11565,450,0
11566,456,0
11567,451,0
11568,452,0
11569,446,0
11570,446,0
11571,450,0
11572,450,0
11573,451,0
11574,444,0
11575,438,0
11576,443,0
11577,432,0
11578,450,0
11579,455,0
11580,453,0
11581,442,0
11582,453,0
11583,443,0
11584,443,0
11585,450,0
11586,453,0
11587,446,0
11588,441,0
11589,441,0
11590,445,0
11591,447,0
11592,442,0
11593,434,0
11594,450,0
11595,451,0
11596,444,0
11597,450,0
11598,447,0
11599,445,0
11600,428,0
11601,446,0
11602,442,0
11603,451,0
11604,452,0
11605,453,0
11606,447,0
11607,445,0
11608,450,0
11609,451,0
11610,450,0
11611,439,0
11612,444,0
11613,443,0
11614,448,0
11615,443,0
11616,445,0
11617,451,0
11618,446,0
11619,453,0
11620,442,0
11621,452,0
11622,445,0
11623,453,0
11624,446,0
11625,447,0
11626,449,0
11627,445,0
11628,440,0
11629,451,0
11630,447,0
11631,447,0
11632,451,0
11633,456,0
11634,440,0
11635,450,0
11636,449,0
11637,450,0
11638,443,0
11639,444,0
11640,441,0
11641,450,0
11642,447,0
11643,448,0
11644,457,0
11645,455,0
11646,440,0
11647,446,0
11648,442,0
11649,447,0
11650,444,0
11651,444,0
11652,444,0
11653,443,0
11654,447,0
11655,438,0
11656,446,0
11657,448,0
11658,447,0
11659,445,0
11660,451,0
11661,444,0
11662,440,0
11663,449,0
11664,438,0
11665,453,0
11666,444,0
11667,444,0
11668,448,0
11669,447,0
11670,457,0
11671,447,0
11672,445,0
11673,445,0
11674,444,0
11675,449,0
11676,444,0
11677,444,0
11678,447,0
11679,445,0
11680,446,0
11681,440,0
11682,450,0
11683,448,0
11684,437,0
11685,443,0
11686,441,0
11687,445,0
11688,451,0
11689,443,0
11690,452,0
11691,442,0
11692,445,0
11693,440,0
11694,443,0
11695,452,0
11696,448,0
11697,457,0
11698,445,0
11699,442,0
11700,450,0
11701,455,0
11702,453,0
11703,449,0
11704,447,0
11705,451,0
11706,452,0
11707,445,0
11708,444,0
11709,438,0
11710,445,0
11711,443,0
11712,452,0
11713,436,0
11714,450,0
11715,445,0
11716,453,0
11717,446,0
11718,440,0
11719,438,0
11720,442,0
11721,457,0
11722,450,0
11723,443,0
11724,442,0
11725,444,0
11726,442,0
11727,451,0
11728,444,0
11729,447,0
11730,446,0
11731,439,0
11732,434,0
11733,434,0
11734,446,0
11735,455,0
11736,445,0
11737,447,0
11738,448,0
11739,445,0
11740,442,0
11741,445,0
11742,449,0
11743,455,0
11744,437,0
11745,448,0
11746,453,0
11747,457,0
11748,455,0
11749,445,0
11750,447,0
11751,445,0
11752,446,0
11753,440,0
11754,444,0
11755,449,0
11756,445,0
11757,444,0
11758,449,0
11759,459,0
11760,443,0
11761,451,0
11762,447,0
11763,439,0
11764,439,0
11765,453,0
11766,441,0
11767,444,0
11768,456,0
11769,441,0
11770,445,0
11771,449,0
11772,453,0
11773,447,0
11774,452,0
11775,443,0
11776,452,0
11777,449,0
11778,446,0
11779,437,0
11780,439,0
11781,448,0
11782,444,0
11783,439,0
11784,443,0
11785,450,0
11786,444,0
11787,444,0
11788,448,0
11789,444,0
11790,442,0
11791,443,0
11792,447,0
11793,444,0
11794,450,0
11795,442,0
11796,439,0
11797,446,0
11798,452,0
11799,446,0
11800,449,0
11801,445,0
11802,444,0
11803,443,0
11804,444,0
11805,447,0
11806,451,0
11807,453,0
11808,443,0
11809,452,0
11810,443,0
11811,453,0
11812,451,0
11813,445,0
11814,445,0
11815,446,0
11816,446,0
11817,447,0
11818,454,0
11819,457,0
11820,458,0
11821,453,0
11822,441,0
11823,449,0
11824,452,0
11825,455,0
11826,449,0
11827,447,0
11828,451,0
11829,449,0
11830,445,0
11831,455,0
11832,448,0
11833,451,0
11834,456,0
11835,441,0
11836,442,0
11837,447,0
11838,448,0
11839,437,0
11840,447,0
11841,455,0
11842,445,0
11843,458,0
11844,439,0
11845,448,0
11846,448,0
11847,444,0
11848,443,0
11849,443,0
11850,442,0
11851,452,0
11852,446,0
11853,449,0
11854,440,0
11855,439,0
11856,454,0
11857,437,0
11858,451,0
11859,448,0
11860,452,0
11861,462,0
11862,438,0
11863,457,0
11864,450,0
11865,452,0
11866,448,0
11867,450,0
11868,448,0
11869,440,0
11870,450,0
11871,449,0
11872,440,0
11873,449,0
11874,446,0
11875,437,0
11876,452,0
11877,453,0
11878,451,0
11879,447,0
11880,444,0
11881,448,0
11882,450,0
11883,446,0
11884,442,0
11885,442,0
11886,450,0
11887,450,0
11888,451,0
11889,450,0
11890,443,0
11891,444,0
11892,452,0
11893,454,0
11894,440,0
11895,446,0
11896,456,0
11897,445,0
11898,444,0
11899,439,0
11900,454,0
11901,442,0
11902,453,0
11903,439,0
11904,454,0
11905,446,0
11906,446,0
11907,447,0
11908,451,0
11909,458,0
11910,453,0
11911,451,0
11912,452,0
11913,451,0
11914,444,0
11915,444,0
11916,449,0
11917,447,0
11918,442,0
11919,456,0
11920,450,0
11921,450,0
11922,454,0
11923,446,0
11924,448,0
11925,440,0
11926,454,0
11927,449,0
11928,450,0
11929,440,0
11930,449,0
11931,454,0
11932,441,0
11933,446,0
11934,452,0
11935,447,0
11936,449,0
11937,448,0
11938,442,0
11939,448,0
11940,444,0
11941,455,0
11942,448,0
11943,451,0
11944,442,0
11945,434,0
11946,446,0
11947,449,0
11948,452,0
11949,455,0
11950,442,0
11951,454,0
11952,447,0
11953,453,0
11954,451,0
11955,440,0
11956,439,0
11957,448,0
11958,453,0
11959,438,0
11960,447,0
11961,445,0
11962,452,0
11963,452,0
11964,459,0
11965,448,0
11966,455,0
11967,443,0
11968,446,0
11969,433,0
11970,452,0
11971,439,0
11972,448,0
11973,448,0
11974,445,0
11975,450,0
11976,444,0
11977,446,0
11978,446,0
11979,452,0
11980,450,0
11981,452,0
11982,438,0
11983,445,0
11984,452,0
11985,444,0
11986,454,0
11987,444,0
11988,452,0
11989,447,0
11990,458,0
11991,444,0
11992,443,0
11993,455,0
11994,448,0
11995,456,0
11996,444,0
11997,445,0
11998,449,0
11999,448,0
12000,442,0
12001,440,0
12002,445,0
12003,438,0
12004,445,0
12005,435,0
12006,453,0
12007,444,0
12008,441,0
12009,454,0
12010,442,0
12011,443,0
12012,447,0
12013,441,0
12014,450,0
12015,448,0
12016,449,0
12017,462,0
12018,451,0
12019,439,0
12020,451,0
12021,442,0
12022,445,0
12023,442,0
12024,447,0
12025,448,0
12026,448,0
12027,453,0
12028,451,0
12029,447,0
12030,444,0
12031,440,0
12032,446,0
12033,453,0
12034,446,0
12035,447,0
12036,449,0
12037,438,0
12038,449,0
12039,447,0
12040,450,0
12041,455,0
12042,455,0
12043,447,0
12044,448,0
12045,449,0
12046,447,0
12047,450,0
12048,446,0
12049,447,0
12050,448,0
12051,448,0
12052,448,0
12053,452,0
12054,451,0
12055,450,0
12056,444,0
12057,445,0
12058,451,0
12059,452,0
12060,456,0
12061,450,0
12062,448,0
12063,447,0
12064,454,0
12065,453,0
12066,448,0
12067,451,0
12068,444,0
12069,436,0
12070,438,0
12071,447,0
12072,448,0
12073,441,0
12074,444,0
12075,450,0
12076,449,0
12077,439,0
12078,451,0
12079,442,0
12080,455,0
12081,455,0
12082,445,0
12083,448,0
12084,445,0
12085,454,0
12086,446,0
12087,446,0
12088,440,0
12089,454,0
12090,448,0
12091,449,0
12092,455,0
12093,450,0
12094,450,0
12095,445,0
12096,459,0
12097,449,0
12098,452,0
12099,451,0
12100,447,0
12101,448,0
12102,459,0
12103,446,0
12104,443,0
12105,443,0
12106,444,0
12107,447,0
12108,451,0
12109,462,0
12110,457,0
12111,439,0
12112,450,0
12113,449,0
12114,446,0
12115,447,0
12116,448,0
12117,449,0
12118,454,0
12119,448,0
12120,451,0
12121,446,0
12122,448,0
12123,453,0
12124,455,0
12125,446,0
12126,449,0
12127,447,0
12128,455,0
12129,453,0
12130,445,0
12131,445,0
12132,446,0
12133,448,0
12134,447,0
12135,456,0
12136,443,0
12137,449,0
12138,450,0
12139,449,0
12140,444,0
12141,452,0
12142,446,0
12143,446,0
12144,436,0
12145,440,0
12146,448,0
12147,454,0
12148,452,0
12149,451,0
12150,456,0
12151,451,0
12152,450,0
12153,437,0
12154,448,0
12155,449,0
12156,451,0
12157,442,0
12158,449,0
12159,453,0
12160,451,0
12161,449,0
12162,447,0
12163,455,0
12164,447,0
12165,457,0
12166,447,0
12167,453,0
12168,442,0
12169,449,0
12170,453,0
12171,452,0
12172,450,0
12173,441,0
12174,454,0
12175,449,0
12176,446,0
12177,453,0
12178,453,0
12179,456,0
12180,446,0
12181,448,0
12182,453,0
12183,444,0
12184,449,0
12185,460,0
12186,438,0
12187,445,0
12188,447,0
12189,440,0
12190,442,0
12191,439,0
12192,446,0
12193,448,0
12194,448,0
12195,442,0
12196,433,0
12197,442,0
12198,455,0
12199,460,0
12200,443,0
12201,458,0
12202,451,0
12203,453,0
12204,458,0
12205,450,0
12206,443,0
12207,445,0
12208,448,0
12209,444,0
12210,459,0
12211,449,0
12212,452,0
12213,444,0
12214,456,0
12215,453,0
12216,437,0
12217,448,0
12218,449,0
12219,448,0
12220,444,0
12221,454,0
12222,447,0
12223,454,0
12224,449,0
12225,453,0
12226,454,0
12227,450,0
12228,443,0
12229,450,0
12230,446,0
12231,446,0
12232,440,0
12233,455,0
12234,451,0
12235,447,0
12236,443,0
12237,452,0
12238,450,0
12239,450,0
12240,460,0
12241,440,0
12242,439,0
12243,452,0
12244,440,0
12245,448,0
12246,451,0
12247,443,0
12248,442,0
12249,447,0
12250,454,0
12251,455,0
12252,443,0
12253,442,0
12254,448,0
12255,442,0
12256,453,0
12257,450,0
12258,454,0
12259,450,0
12260,438,0
12261,459,0
12262,443,0
12263,446,0
12264,438,0
12265,455,0
12266,447,0
12267,441,0
12268,447,0
12269,441,0
12270,451,0
12271,441,0
12272,448,0
12273,445,0
12274,439,0
12275,450,0
12276,455,0
12277,450,0
12278,442,0
12279,450,0
12280,449,0
12281,448,0
12282,455,0
12283,444,0
12284,446,0
12285,448,0
12286,433,0
12287,453,0
12288,445,0
12289,449,0
12290,450,0
12291,451,0
12292,444,0
12293,457,0
12294,445,0
12295,449,0
12296,442,0
12297,441,0
12298,446,0
12299,442,0
12300,447,0
12301,448,0
12302,447,0
12303,448,0
12304,438,0
12305,449,0
12306,457,0
12307,452,0
12308,445,0
12309,445,0
12310,447,0
12311,444,0
12312,442,0
12313,451,0
12314,454,0
12315,452,0
12316,451,0
12317,445,0
12318,438,0
12319,453,0
12320,444,0
12321,456,0
12322,452,0
12323,453,0
12324,455,0
12325,453,0
12326,443,0
12327,447,0
12328,432,0
12329,442,0
12330,464,0
12331,462,0
12332,446,0
12333,446,0
12334,452,0
12335,446,0
12336,454,0
12337,450,0
12338,453,0
12339,447,0
12340,448,0
12341,455,0
12342,457,0
12343,447,0
12344,441,0
12345,450,0
12346,447,0
12347,450,0
12348,452,0
12349,451,0
12350,450,0
12351,445,0
12352,450,0
12353,452,0
12354,443,0
12355,446,0
12356,444,0
12357,458,0
12358,457,0
12359,445,0
12360,451,0
12361,442,0
12362,443,0
12363,450,0
12364,452,0
12365,448,0
12366,444,0
12367,454,0
12368,447,0
12369,440,0
12370,445,0
12371,443,0
12372,458,0
12373,453,0
12374,448,0
12375,455,0
12376,451,0
12377,445,0
12378,444,0
12379,451,0
12380,448,0
12381,455,0
12382,447,0
12383,448,0
12384,450,0
12385,447,0
12386,456,0
12387,445,0
12388,444,0
12389,446,0
12390,449,0
12391,445,0
12392,447,0
12393,448,0
12394,449,0
12395,442,0
12396,450,0
12397,455,0
12398,455,0
12399,451,0
12400,439,0
12401,450,0
12402,449,0
12403,449,0
12404,447,0
12405,450,0
12406,444,0
12407,455,0
12408,447,0
12409,451,0
12410,447,0
12411,449,0
12412,458,0
12413,447,0
12414,451,0
12415,451,0
12416,448,0
12417,450,0
12418,450,0
12419,453,0
12420,451,0
12421,453,0
12422,447,0
12423,447,0
12424,441,0
12425,459,0
12426,446,0
12427,447,0
12428,456,0
12429,448,0
12430,449,0
12431,465,0
12432,448,0
12433,448,0
12434,449,0
12435,444,0
12436,446,0
12437,451,0
12438,451,0
12439,452,0
12440,449,0
12441,441,0
12442,448,0
12443,447,0
12444,448,0
12445,455,0
12446,453,0
12447,452,0
12448,451,0
12449,444,0
12450,444,0
12451,446,0
12452,451,0
12453,451,0
12454,445,0
12455,450,0
12456,446,0
12457,444,0
12458,445,0
12459,448,0
12460,451,0
12461,448,0
12462,457,0
12463,448,0
12464,452,0
12465,446,0
12466,447,0
12467,448,0
12468,450,0
12469,452,0
12470,448,0
12471,452,0
12472,460,0
12473,443,0
12474,452,0
12475,459,0
12476,448,0
12477,439,0
12478,443,0
12479,453,0
12480,444,0
12481,443,0
12482,450,0
12483,454,0
12484,448,0
12485,459,0
12486,456,0
12487,451,0
12488,449,0
12489,447,0
12490,446,0
12491,445,0
12492,451,0
12493,448,0
12494,444,0
12495,448,0
12496,448,0
12497,449,0
12498,444,0
12499,440,0
12500,445,0
12501,448,0
12502,454,0
12503,456,0
12504,448,0
12505,441,0
12506,445,0
12507,445,0
12508,449,0
12509,449,0
12510,446,0
12511,456,0
12512,458,0
12513,445,0
12514,448,0
12515,451,0
12516,453,0
12517,446,0
12518,449,0
12519,445,0
12520,447,0
12521,446,0
12522,447,0
12523,457,0
12524,449,0
12525,438,0
12526,448,0
12527,450,0
12528,452,0
12529,450,0
12530,448,0
12531,447,0
12532,459,0
12533,452,0
12534,448,0
12535,447,0
12536,454,0
12537,448,0
12538,455,0
12539,449,0
12540,444,0
12541,448,0
12542,448,0
12543,441,0
12544,459,0
12545,450,0
12546,441,0
12547,443,0
12548,449,0
12549,452,0
12550,454,0
12551,453,0
12552,451,0
12553,451,0
12554,451,0
12555,447,0
12556,444,0
12557,443,0
12558,454,0
12559,456,0
12560,443,0
12561,442,0
12562,443,0
12563,458,0
12564,446,0
12565,449,0
12566,448,0
12567,447,0
12568,448,0
12569,454,0
12570,450,0
12571,446,0
12572,455,0
12573,446,0
12574,449,0
12575,442,0
12576,439,0
12577,454,0
12578,450,0
12579,442,0
12580,453,0
12581,452,0
12582,448,0
12583,450,0
12584,448,0
12585,445,0
12586,448,0
12587,442,0
12588,457,0
12589,455,0
12590,447,0
12591,453,0
12592,452,0
12593,445,0
12594,447,0
12595,450,0
12596,456,0
12597,448,0
12598,450,0
12599,452,0
12600,436,0
12601,454,0
12602,439,0
12603,453,0
12604,453,0
12605,453,0
12606,451,0
12607,448,0
12608,440,0
12609,450,0
12610,449,0
12611,450,0
12612,442,0
12613,449,0
12614,443,0
12615,442,0
12616,452,0
12617,442,0
12618,450,0
12619,452,0
12620,448,0
12621,453,0
12622,443,0
12623,444,0
12624,446,0
12625,456,0
12626,441,0
12627,445,0
12628,450,0
12629,452,0
12630,440,0
12631,447,0
12632,458,0
12633,449,0
12634,444,0
12635,448,0
12636,437,0
12637,441,0
12638,445,0
12639,448,0
12640,444,0
12641,448,0
12642,455,0
12643,453,0
12644,445,0
12645,451,0
12646,449,0
12647,447,0
12648,451,0
12649,445,0
12650,453,0
12651,440,0
12652,446,0
12653,452,0
12654,439,0
12655,450,0
12656,448,0
12657,446,0
12658,456,0
12659,456,0
12660,443,0
12661,445,0
12662,451,0
12663,449,0
12664,453,0
12665,447,0
12666,444,0
12667,454,0
12668,452,0
12669,450,0
12670,446,0
12671,442,0
12672,446,0
12673,453,0
12674,450,0
12675,457,0
12676,452,0
12677,455,0
12678,445,0
12679,451,0
12680,450,0
12681,456,0
12682,447,0
12683,451,0
12684,457,0
12685,448,0
12686,439,0
12687,448,0
12688,457,0
12689,448,0
12690,452,0
12691,441,0
12692,449,0
12693,440,0
12694,450,0
12695,451,0
12696,449,0
12697,452,0
12698,455,0
12699,452,0
12700,456,0
12701,456,0
12702,451,0
12703,452,0
12704,451,0
12705,452,0
12706,449,0
12707,448,0
12708,451,0
12709,458,0
12710,451,0
12711,448,0
12712,451,0
12713,445,0
12714,450,0
12715,454,0
12716,451,0
12717,454,0
12718,446,0
12719,455,0
12720,437,0
12721,451,0
12722,448,0
12723,452,0
12724,447,0
12725,446,0
12726,451,0
12727,453,0
12728,444,0
12729,447,0
12730,447,0
12731,455,0
12732,446,0
12733,451,0
12734,454,0
12735,444,0
12736,452,0
12737,447,0
12738,443,0
12739,457,0
12740,450,0
12741,441,0
12742,456,0
12743,448,0
12744,457,0
12745,449,0
12746,454,0
12747,454,0
12748,447,0
12749,452,0
12750,448,0
12751,451,0
12752,450,0
12753,449,0
12754,448,0
12755,448,0
12756,446,0
12757,451,0
12758,451,0
12759,449,0
12760,450,0
12761,455,0
12762,451,0
12763,450,0
12764,446,0
12765,448,0
12766,454,0
12767,453,0
12768,450,0
12769,448,0
12770,449,0
12771,446,0
12772,453,0
12773,454,0
12774,446,0
12775,448,0
12776,444,0
12777,453,0
12778,458,0
12779,454,0
12780,454,0
12781,457,0
12782,449,0
12783,442,0
12784,451,0
12785,444,0
12786,446,0
12787,449,0
12788,460,0
12789,452,0
12790,457,0
12791,453,0
12792,451,0
12793,453,0
12794,443,0
12795,441,0
12796,453,0
12797,455,0
12798,451,0
12799,448,0
12800,459,0
12801,451,0
12802,451,0
12803,448,0
12804,453,0
12805,459,0
12806,443,0
12807,460,0
12808,451,0
12809,451,0
12810,442,0
12811,458,0
12812,446,0
12813,457,0
12814,463,0
12815,457,0
12816,453,0
12817,452,0
12818,450,0
12819,449,0
12820,454,0
12821,448,0
12822,451,0
12823,454,0
12824,446,0
12825,446,0
12826,443,0
12827,451,0
12828,450,0
12829,457,0
12830,443,0
12831,448,0
12832,458,0
12833,450,0
12834,438,0
12835,449,0
12836,456,0
12837,454,0
12838,460,0
12839,446,0
12840,453,0
12841,453,0
12842,442,0
12843,446,0
12844,455,0
12845,447,0
12846,456,0
12847,462,0
12848,459,0
12849,453,0
12850,452,0
12851,455,0
12852,452,0
12853,449,0
12854,455,0
12855,452,0
12856,457,0
12857,452,0
12858,454,0
12859,450,0
12860,443,0
12861,448,0
12862,448,0
12863,448,0
12864,445,0
12865,450,0
12866,440,0
12867,460,0
12868,442,0
12869,448,0
12870,445,0
12871,458,0
12872,452,0
12873,442,0
12874,445,0
12875,444,0
12876,454,0
12877,458,0
12878,447,0
12879,455,0
12880,449,0
12881,453,0
12882,448,0
12883,458,0
12884,455,0
12885,447,0
12886,448,0
12887,448,0
12888,445,0
12889,450,0
12890,449,0
12891,451,0
12892,451,0
12893,453,0
12894,447,0
12895,450,0
12896,462,0
12897,444,0
12898,441,0
12899,454,0
12900,448,0
12901,455,0
12902,449,0
12903,451,0
12904,440,0
12905,453,0
12906,450,0
12907,462,0
12908,448,0
12909,442,0
12910,452,0
12911,450,0
12912,442,0
12913,452,0
12914,449,0
12915,444,0
12916,462,0
12917,455,0
12918,449,0
12919,441,0
12920,452,0
12921,457,0
12922,447,0
12923,451,0
12924,450,0
12925,444,0
12926,451,0
12927,453,0
12928,449,0
12929,451,0
12930,449,0
12931,453,0
12932,454,0
12933,454,0
12934,467,0
12935,448,0
12936,451,0
12937,463,0
12938,453,0
12939,454,0
12940,452,0
12941,451,0
12942,449,0
12943,444,0
12944,442,0
12945,446,0
12946,445,0
12947,451,0
12948,449,0
12949,448,0
12950,445,0
12951,443,0
12952,449,0
12953,458,0
12954,449,0
12955,448,0
12956,461,0
12957,451,0
12958,457,0
12959,446,0
12960,451,0
12961,452,0
12962,449,0
12963,463,0
12964,457,0
12965,450,0
12966,457,0
12967,443,0
12968,451,0
12969,451,0
12970,455,0
12971,451,0
12972,447,0
12973,450,0
12974,449,0
12975,453,0
12976,456,0
12977,450,0
12978,445,0
12979,442,0
12980,450,0
12981,454,0
12982,450,0
12983,448,0
12984,453,0
12985,450,0
12986,452,0
12987,450,0
12988,459,0
12989,448,0
12990,457,0
12991,443,0
12992,452,0
12993,446,0
12994,441,0
12995,455,0
12996,452,0
12997,448,0
12998,453,0
12999,451,0
13000,455,0
13001,457,0
13002,448,0
13003,449,0
13004,451,0
13005,448,0
13006,450,0
13007,443,0
13008,449,0
13009,444,0
13010,451,0
13011,456,0
13012,447,0
13013,453,0
13014,448,0
13015,447,0
13016,448,0
13017,446,0
13018,446,0
13019,447,0
13020,441,0
13021,460,0
13022,447,0
13023,441,0
13024,450,0
13025,456,0
13026,446,0
13027,449,0
13028,455,0
13029,457,0
13030,448,0
13031,459,0
13032,451,0
13033,453,0
13034,449,0
13035,451,0
13036,451,0
13037,449,0
13038,451,0
13039,444,0
13040,454,0
13041,449,0
13042,454,0
13043,454,0
13044,444,0
13045,451,0
13046,451,0
13047,454,0
13048,451,0
13049,450,0
13050,454,0
13051,451,0
13052,451,0
13053,455,0
13054,456,0
13055,454,0
13056,457,0
13057,441,0
13058,455,0
13059,451,0
13060,456,0
13061,455,0
13062,450,0
13063,456,0
13064,457,0
13065,454,0
13066,451,0
13067,457,0
13068,454,0
13069,453,0
13070,452,0
13071,459,0
13072,446,0
13073,451,0
13074,451,0
13075,448,0
13076,448,0
13077,454,0
13078,456,0
13079,447,0
13080,451,0
13081,457,0
13082,458,0
13083,451,0
13084,452,0
13085,445,0
13086,448,0
13087,452,0
13088,461,0
13089,455,0
13090,446,0
13091,452,0
13092,453,0
13093,458,0
13094,450,0
13095,455,0
13096,451,0
13097,454,0
13098,452,0
13099,451,0
13100,451,0
13101,457,0
13102,445,0
13103,449,0
13104,444,0
13105,459,0
13106,451,0
13107,444,0
13108,457,0
13109,446,0
13110,455,0
13111,454,0
13112,448,0
13113,452,0
13114,452,0
13115,448,0
13116,462,0
13117,458,0
13118,453,0
13119,448,0
13120,454,0
13121,445,0
13122,454,0
13123,456,0
13124,450,0
13125,445,0
13126,443,0
13127,454,0
13128,453,0
13129,441,0
13130,460,0
13131,451,0
13132,460,0
13133,451,0
13134,451,0
13135,453,0
13136,457,0
13137,448,0
13138,455,0
13139,451,0
13140,456,0
13141,452,0
13142,451,0
13143,458,0
13144,452,0
13145,448,0
13146,447,0
13147,443,0
13148,458,0
13149,455,0
13150,459,0
13151,460,0
13152,451,0
13153,449,0
13154,451,0
13155,445,0
13156,449,0
13157,454,0
13158,459,0
13159,457,0
13160,449,0
13161,448,0
13162,448,0
13163,452,0
13164,458,0
13165,452,0
13166,454,0
13167,453,0
13168,452,0
13169,453,0
13170,458,0
13171,453,0
13172,448,0
13173,449,0
13174,445,0
13175,449,0
13176,446,0
13177,449,0
13178,459,0
13179,455,0
13180,446,0
13181,458,0
13182,454,0
13183,445,0
13184,456,0
13185,453,0
13186,446,0
13187,452,0
13188,449,0
13189,454,0
13190,441,0
13191,453,0
13192,454,0
13193,448,0
13194,451,0
13195,450,0
13196,455,0
13197,448,0
13198,447,0
13199,456,0
13200,459,0
13201,459,0
13202,452,0
13203,455,0
13204,448,0
13205,450,0
13206,454,0
13207,451,0
13208,456,0
13209,448,0
13210,451,0
13211,455,0
13212,456,0
13213,463,0
13214,451,0
13215,452,0
13216,458,0
13217,455,0
13218,452,0
13219,447,0
13220,460,0
13221,450,0
13222,447,0
13223,449,0
13224,442,0
13225,449,0
13226,450,0
13227,434,0
13228,453,0
13229,451,0
13230,451,0
13231,452,0
13232,448,0
13233,456,0
13234,451,0
13235,454,0
13236,443,0
13237,458,0
13238,455,0
13239,455,0
13240,461,0
13241,457,0
13242,454,0
13243,446,0
13244,452,0
13245,452,0
13246,452,0
13247,452,0
13248,453,0
13249,457,0
13250,443,0
13251,455,0
13252,452,0
13253,455,0
13254,456,0
13255,448,0
13256,448,0
13257,454,0
13258,450,0
13259,445,0
13260,441,0
13261,447,0
13262,454,0
13263,452,0
13264,455,0
13265,446,0
13266,446,0
13267,444,0
13268,449,0
13269,451,0
13270,458,0
13271,447,0
13272,461,0
13273,448,0
13274,454,0
13275,452,0
13276,459,0
13277,450,0
13278,453,0
13279,454,0
13280,453,0
13281,462,0
13282,452,0
13283,448,0
13284,441,0
13285,449,0
13286,457,0
13287,451,0
13288,448,0
13289,451,0
13290,452,0
13291,444,0
13292,454,0
13293,457,0
13294,450,0
13295,452,0
13296,451,0
13297,448,0
13298,457,0
13299,450,0
13300,451,0
13301,450,0
13302,454,0
13303,445,0
13304,448,0
13305,460,0
13306,457,0
13307,455,0
13308,455,0
13309,450,0
13310,452,0
13311,455,0
13312,455,0
13313,448,0
13314,458,0
13315,452,0
13316,446,0
13317,449,0
13318,454,0
13319,438,0
13320,448,0
13321,459,0
13322,452,0
13323,454,0
13324,452,0
13325,446,0
13326,462,0
13327,453,0
13328,448,0
13329,448,0
13330,448,0
13331,447,0
13332,449,0
13333,458,0
13334,445,0
13335,455,0
13336,450,0
13337,444,0
13338,458,0
13339,458,0
13340,458,0
13341,450,0
13342,450,0
13343,456,0
13344,457,0
13345,451,0
13346,448,0
13347,443,0
13348,452,0
13349,449,0
13350,456,0
13351,449,0
13352,457,0
13353,453,0
13354,448,0
13355,454,0
13356,449,0
13357,453,0
13358,447,0
13359,451,0
13360,449,0
13361,457,0
13362,457,0
13363,452,0
13364,454,0
13365,453,0
13366,454,0
13367,459,0
13368,447,0
13369,447,0
13370,442,0
13371,453,0
13372,447,0
13373,458,0
13374,447,0
13375,450,0
13376,453,0
13377,454,0
13378,446,0
13379,457,0
13380,445,0
13381,450,0
13382,450,0
13383,453,0
13384,455,0
13385,449,0
13386,455,0
13387,448,0
13388,445,0
13389,444,0
13390,451,0
13391,446,0
13392,450,0
13393,456,0
13394,456,0
13395,448,0
13396,454,0
13397,452,0
13398,463,0
13399,452,0
13400,448,0
13401,446,0
13402,446,0
13403,453,0
13404,450,0
13405,452,0
13406,453,0
13407,443,0
13408,457,0
13409,451,0
13410,453,0
13411,457,0
13412,456,0
13413,449,0
13414,450,0
13415,460,0
13416,453,0
13417,454,0
13418,457,0
13419,440,0
13420,457,0
13421,458,0
13422,451,0
13423,450,0
13424,459,0
13425,445,0
13426,450,0
13427,451,0
13428,448,0
13429,451,0
13430,446,0
13431,444,0
13432,452,0
13433,451,0
13434,461,0
13435,445,0
13436,459,0
13437,456,0
13438,457,0
13439,447,0
13440,446,0
13441,454,0
13442,450,0
13443,459,0
13444,456,0
13445,446,0
13446,452,0
13447,449,0
13448,453,0
13449,449,0
13450,441,0
13451,459,0
13452,457,0
13453,454,0
13454,449,0
13455,456,0
13456,450,0
13457,450,0
13458,454,0
13459,455,0
13460,450,0
13461,452,0
13462,448,0
13463,452,0
13464,449,0
13465,453,0
13466,446,0
13467,450,0
13468,460,0
13469,445,0
13470,448,0
13471,449,0
13472,448,0
13473,453,0
13474,463,0
13475,449,0
13476,446,0
13477,455,0
13478,458,0
13479,459,0
13480,452,0
13481,443,0
13482,456,0
13483,446,0
13484,451,0
13485,455,0
13486,457,0
13487,453,0
13488,457,0
13489,455,0
13490,459,0
13491,455,0
13492,454,0
13493,451,0
13494,450,0
13495,452,0
13496,450,0
13497,456,0
13498,445,0
13499,457,0
13500,456,0
13501,452,0
13502,445,0
13503,449,0
13504,453,0
13505,459,0
13506,452,0
13507,462,0
13508,451,0
13509,447,0
13510,454,0
13511,451,0
13512,454,0
13513,451,0
13514,461,0
13515,452,0
13516,452,0
13517,452,0
13518,456,0
13519,443,0
13520,446,0
13521,461,0
13522,453,0
13523,446,0
13524,455,0
13525,456,0
13526,451,0
13527,437,0
13528,448,0
13529,450,0
13530,453,0
13531,453,0
13532,449,0
13533,457,0
13534,460,0
13535,455,0
13536,452,0
13537,448,0
13538,463,0
13539,456,0
13540,447,0
13541,453,0
13542,455,0
13543,450,0
13544,446,0
13545,454,0
13546,453,0
13547,447,0
13548,459,0
13549,452,0
13550,457,0
13551,452,0
13552,458,0
13553,445,0
13554,457,0
13555,446,0
13556,450,0
13557,454,0
13558,455,0
13559,455,0
13560,457,0
13561,447,0
13562,450,0
13563,456,0
13564,457,0
13565,449,0
13566,452,0
13567,449,0
13568,449,0
13569,457,0
13570,437,0
13571,465,0
13572,452,0
13573,450,0
13574,452,0
13575,450,0
13576,450,0
13577,457,0
13578,441,0
13579,444,0
13580,450,0
13581,447,0
13582,448,0
13583,447,0
13584,455,0
13585,450,0
13586,448,0
13587,454,0
13588,453,0
13589,456,0
13590,463,0
13591,444,0
13592,447,0
13593,461,0
13594,456,0
13595,450,0
13596,457,0
13597,454,0
13598,452,0
13599,459,0
13600,451,0
13601,456,0
13602,450,0
13603,455,0
13604,454,0
13605,446,0
13606,450,0
13607,453,0
13608,456,0
13609,450,0
13610,456,0
13611,445,0
13612,449,0
13613,451,0
13614,447,0
13615,455,0
13616,459,0
13617,453,0
13618,449,0
13619,462,0
13620,451,0
13621,453,0
13622,453,0
13623,457,0
13624,452,0
13625,451,0
13626,445,0
13627,450,0
13628,451,0
13629,460,0
13630,466,0
13631,456,0
13632,447,0
13633,448,0
13634,453,0
13635,455,0
13636,456,0
13637,458,0
13638,456,0
13639,444,0
13640,451,0
13641,452,0
13642,448,0
13643,454,0
13644,449,0
13645,451,0
13646,451,0
13647,461,0
13648,451,0
13649,448,0
13650,466,0
13651,455,0
13652,446,0
13653,452,0
13654,456,0
13655,449,0
13656,448,0
13657,451,0
13658,452,0
13659,454,0
13660,460,0
13661,455,0
13662,453,0
13663,457,0
13664,450,0
13665,455,0
13666,457,0
13667,447,0
13668,453,0
13669,452,0
13670,453,0
13671,456,0
13672,443,0
13673,447,0
13674,455,0
13675,452,0
13676,450,0
13677,456,0
13678,453,0
13679,459,0
13680,450,0
13681,454,0
13682,456,0
13683,456,0
13684,468,0
13685,457,0
13686,446,0
13687,452,0
13688,446,0
13689,452,0
13690,449,0
13691,452,0
13692,455,0
13693,450,0
13694,446,0
13695,454,0
13696,457,0
13697,460,0
13698,448,0
13699,444,0
13700,450,0
13701,458,0
13702,456,0
13703,458,0
13704,448,0
13705,456,0
13706,452,0
13707,461,0
13708,451,0
13709,455,0
13710,450,0
13711,455,0
13712,454,0
13713,454,0
13714,447,0
13715,454,0
13716,446,0
13717,447,0
13718,464,0
13719,455,0
13720,456,0
13721,457,0
13722,458,0
13723,454,0
13724,453,0
13725,457,0
13726,457,0
13727,456,0
13728,449,0
13729,443,0
13730,455,0
13731,448,0
13732,446,0
13733,449,0
13734,451,0
13735,450,0
13736,455,0
13737,458,0
13738,455,0
13739,446,0
13740,455,0
13741,463,0
13742,453,0
13743,452,0
13744,445,0
13745,450,0
13746,458,0
13747,444,0
13748,446,0
13749,447,0
13750,445,0
13751,463,0
13752,458,0
13753,455,0
13754,451,0
13755,447,0
13756,457,0
13757,457,0
13758,449,0
13759,454,0
13760,456,0
13761,447,0
13762,456,0
13763,455,0
13764,454,0
13765,444,0
13766,447,0
13767,448,0
13768,457,0
13769,455,0
13770,459,0
13771,453,0
13772,454,0
13773,448,0
13774,456,0
13775,454,0
13776,440,0
13777,451,0
13778,464,0
13779,452,0
13780,456,0
13781,454,0
13782,456,0
13783,454,0
13784,449,0
13785,458,0
13786,451,0
13787,458,0
13788,451,0
13789,450,0
13790,458,0
13791,447,0
13792,456,0
13793,452,0
13794,445,0
13795,457,0
13796,457,0
13797,454,0
13798,464,0
13799,452,0
13800,446,0
13801,451,0
13802,461,0
13803,452,0
13804,447,0
13805,454,0
13806,446,0
13807,446,0
13808,450,0
13809,455,0
13810,447,0
13811,449,0
13812,449,0
13813,455,0
13814,457,0
13815,446,0
13816,449,0
13817,463,0
13818,453,0
13819,457,0
13820,449,0
13821,451,0
13822,458,0
13823,469,0
13824,452,0
13825,448,0
13826,457,0
13827,454,0
13828,447,0
13829,450,0
13830,460,0
13831,452,0
13832,464,0
13833,448,0
13834,449,0
13835,452,0
13836,454,0
13837,462,0
13838,458,0
13839,460,0
13840,458,0
13841,467,0
13842,463,0
13843,459,0
13844,450,0
13845,441,0
13846,453,0
13847,454,0
13848,455,0
13849,452,0
13850,453,0
13851,448,0
13852,465,0
13853,453,0
13854,459,0
13855,449,0
13856,450,0
13857,446,0
13858,454,0
13859,456,0
13860,453,0
13861,462,0
13862,469,0
13863,448,0
13864,452,0
13865,450,0
13866,448,0
13867,447,0
13868,456,0
13869,462,0
13870,453,0
13871,458,0
13872,454,0
13873,457,0
13874,456,0
13875,452,0
13876,462,0
13877,457,0
13878,450,0
13879,448,0
13880,460,0
13881,459,0
13882,452,0
13883,460,0
13884,450,0
13885,456,0
13886,450,0
13887,446,0
13888,456,0
13889,451,0
13890,453,0
13891,448,0
13892,445,0
13893,443,0
13894,461,0
13895,453,0
13896,455,0
13897,460,0
13898,457,0
13899,453,0
13900,461,0
13901,452,0
13902,459,0
13903,438,0
13904,447,0
13905,461,0
13906,448,0
13907,456,0
13908,457,0
13909,445,0
13910,453,0
13911,458,0
13912,448,0
13913,455,0
13914,454,0
13915,463,0
13916,447,0
13917,455,0
13918,457,0
13919,457,0
13920,452,0
13921,457,0
13922,455,0
13923,463,0
13924,456,0
13925,455,0
13926,457,0
13927,460,0
13928,450,0
13929,451,0
13930,450,0
13931,450,0
13932,453,0
13933,456,0
13934,464,0
13935,449,0
13936,456,0
13937,453,0
13938,453,0
13939,451,0
13940,457,0
13941,453,0
13942,449,0
13943,454,0
13944,452,0
13945,453,0
13946,449,0
13947,464,0
13948,453,0
13949,442,0
13950,457,0
13951,454,0
13952,451,0
13953,457,0
13954,469,0
13955,448,0
13956,452,0
13957,451,0
13958,447,0
13959,445,0
13960,458,0
13961,447,0
13962,466,0
13963,456,0
13964,452,0
13965,457,0
13966,454,0
13967,454,0
13968,456,0
13969,449,0
13970,444,0
13971,459,0
13972,453,0
13973,457,0
13974,455,0
13975,456,0
13976,441,0
13977,448,0
13978,449,0
13979,448,0
13980,453,0
13981,457,0
13982,453,0
13983,449,0
13984,452,0
13985,454,0
13986,450,0
13987,451,0
13988,456,0
13989,464,0
13990,453,0
13991,452,0
13992,461,0
13993,461,0
13994,455,0
13995,459,0
13996,451,0
13997,459,0
13998,451,0
13999,448,0
14000,455,0
14001,445,0
14002,448,0
14003,449,0
14004,458,0
14005,456,0
14006,447,0
14007,462,0
14008,451,0
14009,456,0
14010,451,0
14011,460,0
14012,449,0
14013,452,0
14014,458,0
14015,450,0
14016,448,0
14017,457,0
14018,453,0
14019,461,0
14020,458,0
14021,453,0
14022,447,0
14023,455,0
14024,460,0
14025,451,0
14026,458,0
14027,457,0
14028,446,0
14029,459,0
14030,454,0
14031,454,0
14032,457,0
14033,444,0
14034,452,0
14035,456,0
14036,459,0
14037,457,0
14038,454,0
14039,449,0
14040,453,0
14041,455,0
14042,449,0
14043,450,0
14044,453,0
14045,453,0
14046,472,0
14047,456,0
14048,453,0
14049,463,0
14050,450,0
14051,448,0
14052,453,0
14053,449,0
14054,447,0
14055,452,0
14056,450,0
14057,460,0
14058,460,0
14059,450,0
14060,451,0
14061,456,0
14062,458,0
14063,458,0
14064,450,0
14065,460,0
14066,456,0
14067,458,0
14068,453,0
14069,450,0
14070,455,0
14071,451,0
14072,456,0
14073,448,0
14074,454,0
14075,461,0
14076,458,0
14077,445,0
14078,454,0
14079,460,0
14080,453,0
14081,451,0
14082,449,0
14083,458,0
14084,455,0
14085,452,0
14086,462,0
14087,456,0
14088,452,0
14089,453,0
14090,451,0
14091,455,0
14092,452,0
14093,455,0
14094,453,0
14095,453,0
14096,451,0
14097,456,0
14098,462,0
14099,453,0
14100,452,0
14101,448,0
14102,461,0
14103,455,0
14104,464,0
14105,457,0
14106,460,0
14107,458,0
14108,465,0
14109,455,0
14110,436,0
14111,448,0
14112,446,0
14113,446,0
14114,458,0
14115,459,0
14116,447,0
14117,450,0
14118,463,0
14119,448,0
14120,456,0
14121,447,0
14122,456,0
14123,451,0
14124,462,0
14125,455,0
14126,461,0
14127,450,0
14128,448,0
14129,449,0
14130,456,0
14131,462,0
14132,457,0
14133,454,0
14134,451,0
14135,443,0
14136,456,0
14137,461,0
14138,458,0
14139,462,0
14140,453,0
14141,451,0
14142,448,0
14143,461,0
14144,448,0
14145,448,0
14146,454,0
14147,456,0
14148,460,0
14149,455,0
14150,456,0
14151,462,0
14152,449,0
14153,453,0
14154,465,0
14155,447,0
14156,448,0
14157,456,0
14158,456,0
14159,455,0
14160,459,0
14161,450,0
14162,456,0
14163,457,0
14164,452,0
14165,446,0
14166,457,0
14167,454,0
14168,457,0
14169,453,0
14170,452,0
14171,460,0
14172,457,0
14173,452,0
14174,457,0
14175,449,0
14176,451,0
14177,455,0
14178,460,0
14179,448,0
14180,454,0
14181,456,0
14182,445,0
14183,449,0
14184,462,0
14185,453,0
14186,459,0
14187,462,0
14188,455,0
14189,452,0
14190,449,0
14191,443,0
14192,460,0
14193,451,0
14194,450,0
14195,452,0
14196,456,0
14197,456,0
14198,451,0
14199,458,0
14200,458,0
14201,446,0
14202,464,0
14203,464,0
14204,455,0
14205,451,0
14206,461,0
14207,454,0
14208,458,0
14209,451,0
14210,448,0
14211,458,0
14212,455,0
14213,457,0
14214,451,0
14215,456,0
14216,448,0
14217,457,0
14218,467,0
14219,454,0
14220,448,0
14221,447,0
14222,451,0
14223,451,0
14224,457,0
14225,457,0
14226,457,0
14227,452,0
14228,458,0
14229,448,0
14230,449,0
14231,451,0
14232,456,0
14233,459,0
14234,455,0
14235,457,0
14236,463,0
14237,453,0
14238,447,0
14239,449,0
14240,448,0
14241,456,0
14242,454,0
14243,454,0
14244,460,0
14245,456,0
14246,448,0
14247,453,0
14248,457,0
14249,458,0
14250,459,0
14251,459,0
14252,455,0
14253,456,0
14254,471,0
14255,455,0
14256,454,0
14257,461,0
14258,449,0
14259,457,0
14260,458,0
14261,458,0
14262,459,0
14263,450,0
14264,452,0
14265,452,0
14266,446,0
14267,458,0
14268,465,0
14269,448,0
14270,463,0
14271,454,0
14272,450,0
14273,453,0
14274,451,0
14275,453,0
14276,459,0
14277,462,0
14278,448,0
14279,457,0
14280,451,0
14281,454,0
14282,452,0
14283,447,0
14284,449,0
14285,461,0
14286,451,0
14287,470,0
14288,455,0
14289,453,0
14290,454,0
14291,458,0
14292,446,0
14293,449,0
14294,455,0
14295,453,0
14296,456,0
14297,456,0
14298,443,0
14299,456,0
14300,451,0
14301,457,0
14302,458,0
14303,446,0
14304,439,0
14305,456,0
14306,458,0
14307,446,0
14308,449,0
14309,453,0
14310,460,0
14311,461,0
14312,450,0
14313,463,0
14314,445,0
14315,458,0
14316,453,0
14317,447,0
14318,446,0
14319,458,0
14320,449,0
14321,452,0
14322,463,0
14323,452,0
14324,457,0
14325,449,0
14326,445,0
14327,459,0
14328,457,0
14329,450,0
14330,461,0
14331,452,0
14332,454,0
14333,452,0
14334,454,0
14335,454,0
14336,452,0
14337,454,0
14338,461,0
14339,454,0
14340,461,0
14341,447,0
14342,455,0
14343,449,0
14344,442,0
14345,457,0
14346,456,0
14347,460,0
14348,458,0
14349,463,0
14350,451,0
14351,453,0
14352,459,0
14353,463,0
14354,451,0
14355,446,0
14356,450,0
14357,453,0
14358,457,0
14359,449,0
14360,461,0
14361,450,0
14362,461,0
14363,457,0
14364,452,0
14365,447,0
14366,462,0
14367,458,0
14368,448,0
14369,456,0
14370,455,0
14371,454,0
14372,456,0
14373,452,0
14374,457,0
14375,450,0
14376,447,0
14377,460,0
14378,452,0
14379,462,0
14380,452,0
14381,454,0
14382,456,0
14383,447,0
14384,451,0
14385,462,0
14386,455,0
14387,451,0
14388,447,0
14389,458,0
14390,468,0
14391,453,0
14392,450,0
14393,458,0
14394,452,0
14395,453,0
14396,454,0
14397,455,0
14398,449,0
14399,454,0
14400,452,0
14401,452,0
14402,453,0
14403,454,0
14404,453,0
14405,457,0
14406,453,0
14407,455,0
14408,459,0
14409,459,0
14410,454,0
14411,455,0
14412,459,0
14413,456,0
14414,453,0
14415,459,0
14416,451,0
14417,453,0
14418,449,0
14419,453,0
14420,459,0
14421,453,0
14422,460,0
14423,458,0
14424,452,0
14425,454,0
14426,454,0
14427,451,0
14428,453,0
14429,454,0
14430,453,0
14431,455,0
14432,447,0
14433,449,0
14434,451,0
14435,450,0
14436,449,0
14437,454,0
14438,467,0
14439,448,0
14440,461,0
14441,453,0
14442,455,0
14443,452,0
14444,454,0
14445,447,0
14446,458,0
14447,463,0
14448,453,0
14449,452,0
14450,453,0
14451,457,0
14452,454,0
14453,465,0
14454,453,0
14455,452,0
14456,454,0
14457,449,0
14458,449,0
14459,461,0
14460,450,0
14461,458,0
14462,448,0
14463,461,0
14464,454,0
14465,456,0
14466,461,0
14467,451,0
14468,447,0
14469,457,0
14470,452,0
14471,456,0
14472,466,0
14473,463,0
14474,455,0
14475,457,0
14476,463,0
14477,458,0
14478,458,0
14479,450,0
14480,453,0
14481,446,0
14482,449,0
14483,454,0
14484,450,0
14485,458,0
14486,451,0
14487,456,0
14488,452,0
14489,449,0
14490,449,0
14491,457,0
14492,455,0
14493,454,0
14494,452,0
14495,461,0
14496,457,0
14497,448,0
14498,453,0
14499,440,0
14500,455,0
14501,457,0
14502,461,0
14503,453,0
14504,450,0
14505,452,0
14506,453,0
14507,451,0
14508,451,0
14509,453,0
14510,457,0
14511,458,0
14512,453,0
14513,454,0
14514,447,0
14515,458,0
14516,457,0
14517,457,0
14518,460,0
14519,452,0
14520,455,0
14521,447,0
14522,449,0
14523,453,0
14524,460,0
14525,449,0
14526,448,0
14527,458,0
14528,457,0
14529,454,0
14530,449,0
14531,459,0
14532,464,0
14533,459,0
14534,440,0
14535,451,0
14536,447,0
14537,467,0
14538,457,0
14539,457,0
14540,456,0
14541,454,0
14542,444,0
14543,445,0
14544,458,0
14545,464,0
14546,456,0
14547,451,0
14548,455,0
14549,455,0
14550,463,0
14551,452,0
14552,456,0
14553,457,0
14554,459,0
14555,460,0
14556,455,0
14557,455,0
14558,454,0
14559,454,0
14560,458,0
14561,452,0
14562,459,0
14563,448,0
14564,460,0
14565,447,0
14566,457,0
14567,448,0
14568,459,0
14569,454,0
14570,450,0
14571,453,0
14572,444,0
14573,449,0
14574,447,0
14575,460,0
14576,455,0
14577,451,0
14578,451,0
14579,450,0
14580,449,0
14581,455,0
14582,451,0
14583,455,0
14584,450,0
14585,463,0
14586,452,0
14587,454,0
14588,462,0
14589,449,0
14590,456,0
14591,459,0
14592,460,0
14593,468,0
14594,462,0
14595,452,0
14596,454,0
14597,457,0
14598,446,0
14599,450,0
14600,457,0
14601,456,0
14602,459,0
14603,456,0
14604,452,0
14605,443,0
14606,450,0
14607,453,0
14608,457,0
14609,445,0
14610,454,0
14611,449,0
14612,463,0
14613,447,0
14614,457,0
14615,467,0
14616,452,0
14617,463,0
14618,459,0
14619,455,0
14620,458,0
14621,447,0
14622,448,0
14623,447,0
14624,455,0
14625,466,0
14626,451,0
14627,452,0
14628,457,0
14629,443,0
14630,461,0
14631,450,0
14632,452,0
14633,442,0
14634,459,0
14635,451,0
14636,445,0
14637,450,0
14638,451,0
14639,447,0
14640,457,0
14641,456,0
14642,458,0
14643,457,0
14644,455,0
14645,462,0
14646,453,0
14647,456,0
14648,456,0
14649,463,0
14650,459,0
14651,460,0
14652,460,0
14653,464,0
14654,449,0
14655,454,0
14656,453,0
14657,447,0
14658,448,0
14659,460,0
14660,449,0
14661,456,0
14662,461,0
14663,455,0
14664,452,0
14665,452,0
14666,458,0
14667,455,0
14668,452,0
14669,454,0
14670,452,0
14671,451,0
14672,463,0
14673,458,0
14674,464,0
14675,453,0
14676,454,0
14677,445,0
14678,450,0
14679,452,0
14680,453,0
14681,452,0
14682,451,0
14683,451,0
14684,456,0
14685,452,0
14686,460,0
14687,455,0
14688,464,0
14689,456,0
14690,456,0
14691,458,0
14692,448,0
14693,453,0
14694,449,0
14695,448,0
14696,461,0
14697,462,0
14698,462,0
14699,458,0
14700,454,0
14701,460,0
14702,450,0
14703,449,0
14704,457,0
14705,450,0
14706,452,0
14707,457,0
14708,449,0
14709,450,0
14710,448,0
14711,463,0
14712,456,0
14713,455,0
14714,461,0
14715,455,0
14716,444,0
14717,452,0
14718,462,0
14719,454,0
14720,456,0
14721,455,0
14722,453,0
14723,447,0
14724,457,0
14725,455,0
14726,459,0
14727,458,0
14728,450,0
14729,453,0
14730,450,0
14731,457,0
14732,454,0
14733,451,0
14734,449,0
14735,451,0
14736,453,0
14737,460,0
14738,451,0
14739,464,0
14740,462,0
14741,456,0
14742,458,0
14743,450,0
14744,458,0
14745,466,0
14746,451,0
14747,448,0
14748,455,0
14749,454,0
14750,449,0
14751,454,0
14752,446,0
14753,455,0
14754,456,0
14755,452,0
14756,456,0
14757,458,0
14758,458,0
14759,449,0
14760,460,0
14761,453,0
14762,448,0
14763,452,0
14764,456,0
14765,458,0
14766,461,0
14767,456,0
14768,450,0
14769,454,0
14770,454,0
14771,448,0
14772,459,0
14773,453,0
14774,459,0
14775,456,0
14776,458,0
14777,457,0
14778,446,0
14779,458,0
14780,446,0
14781,462,0
14782,459,0
14783,457,0
14784,450,0
14785,458,0
14786,458,0
14787,453,0
14788,456,0
14789,454,0
14790,461,0
14791,450,0
14792,454,0
14793,447,0
14794,456,0
14795,460,0
14796,454,0
14797,462,0
14798,461,0
14799,457,0
14800,463,0
14801,455,0
14802,461,0
14803,448,0
14804,457,0
14805,471,0
14806,461,0
14807,454,0
14808,463,0
14809,447,0
14810,455,0
14811,452,0
14812,456,0
14813,455,0
14814,460,0
14815,467,0
14816,449,0
14817,457,0
14818,454,0
14819,454,0
14820,459,0
14821,457,0
14822,450,0
14823,450,0
14824,451,0
14825,449,0
14826,448,0
14827,443,0
14828,463,0
14829,455,0
14830,463,0
14831,447,0
14832,459,0
14833,450,0
14834,453,0
14835,454,0
14836,461,0
14837,456,0
14838,466,0
14839,453,0
14840,454,0
14841,454,0
14842,460,0
14843,448,0
14844,462,0
14845,457,0
14846,456,0
14847,457,0
14848,461,0
14849,454,0
14850,449,0
14851,455,0
14852,455,0
14853,465,0
14854,457,0
14855,458,0
14856,449,0
14857,457,0
14858,462,0
14859,450,0
14860,449,0
14861,464,0
14862,459,0
14863,454,0
14864,466,0
14865,461,0
14866,452,0
14867,452,0
14868,451,0
14869,449,0
14870,460,0
14871,456,0
14872,459,0
14873,464,0
14874,451,0
14875,452,0
14876,460,0
14877,462,0
14878,452,0
14879,455,0
14880,456,0
14881,452,0
14882,455,0
14883,461,0
14884,445,0
14885,458,0
14886,461,0
14887,462,0
14888,455,0
14889,452,0
14890,454,0
14891,464,0
14892,452,0
14893,460,0
14894,464,0
14895,444,0
14896,462,0
14897,454,0
14898,453,0
14899,455,0
14900,463,0
14901,461,0
14902,453,0
14903,460,0
14904,460,0
14905,458,0
14906,458,0
14907,459,0
14908,454,0
14909,457,0
14910,466,0
14911,452,0
14912,457,0
14913,455,0
14914,456,0
14915,446,0
14916,456,0
14917,459,0
14918,452,0
14919,452,0
14920,451,0
14921,459,0
14922,460,0
14923,454,0
14924,446,0
14925,454,0
14926,452,0
14927,458,0
14928,458,0
14929,466,0
14930,458,0
14931,459,0
14932,449,0
14933,454,0
14934,456,0
14935,450,0
14936,452,0
14937,456,0
14938,457,0
14939,452,0
14940,450,0
14941,457,0
14942,455,0
14943,459,0
14944,461,0
14945,455,0
14946,456,0
14947,458,0
14948,456,0
14949,450,0
14950,451,0
14951,461,0
14952,457,0
14953,459,0
14954,455,0
14955,452,0
14956,450,0
14957,450,0
14958,450,0
14959,457,0
14960,459,0
14961,445,0
14962,455,0
14963,448,0
14964,461,0
14965,451,0
14966,451,0
14967,455,0
14968,452,0
14969,455,0
14970,456,0
14971,449,0
14972,456,0
14973,452,0
14974,459,0
14975,453,0
14976,458,0
14977,449,0
14978,455,0
14979,462,0
14980,457,0
14981,463,0
14982,456,0
14983,454,0
14984,456,0
14985,453,0
14986,457,0
14987,462,0
14988,460,0
14989,458,0
14990,456,0
14991,465,0
14992,458,0
14993,452,0
14994,464,0
14995,460,0
14996,456,0
14997,460,0
14998,457,0
14999,453,0
15000,446,0
15001,462,0
15002,463,0
15003,459,0
15004,461,0
15005,466,0
15006,459,0
15007,460,0
15008,458,0
15009,458,0
15010,466,0
15011,461,0
15012,456,0
15013,461,0
15014,449,0
15015,458,0
15016,460,0
15017,445,0
15018,457,0
15019,458,0
15020,461,0
15021,448,0
15022,459,0
15023,457,0
15024,451,0
15025,451,0
15026,464,0
15027,452,0
15028,461,0
15029,454,0
15030,453,0
15031,449,0
15032,463,0
15033,461,0
15034,446,0
15035,453,0
15036,457,0
15037,454,0
15038,455,0
15039,454,0
15040,458,0
15041,455,0
15042,455,0
15043,469,0
15044,457,0
15045,455,0
15046,454,0
15047,453,0
15048,457,0
15049,447,0
15050,457,0
15051,458,0
15052,450,0
15053,459,0
15054,461,0
15055,455,0
15056,450,0
15057,465,0
15058,455,0
15059,455,0
15060,457,0
15061,452,0
15062,450,0
15063,449,0
15064,450,0
15065,457,0
15066,457,0
15067,465,0
15068,456,0
15069,458,0
15070,448,0
15071,445,0
15072,463,0
15073,452,0
15074,455,0
15075,459,0
15076,450,0
15077,457,0
15078,459,0
15079,459,0
15080,460,0
15081,452,0
15082,449,0
15083,451,0
15084,459,0
15085,464,0
15086,453,0
15087,452,0
15088,451,0
15089,450,0
15090,452,0
15091,460,0
15092,449,0
15093,468,0
15094,446,0
15095,458,0
15096,450,0
15097,453,0
15098,468,0
15099,455,0
15100,460,0
15101,456,0
15102,449,0
15103,458,0
15104,453,0
15105,453,0
15106,463,0
15107,458,0
15108,451,0
15109,449,0
15110,457,0
15111,456,0
15112,455,0
15113,454,0
15114,449,0
15115,460,0
15116,460,0
15117,449,0
15118,448,0
15119,451,0
15120,461,0
15121,445,0
15122,456,0
15123,455,0
15124,458,0
15125,459,0
15126,458,0
15127,459,0
15128,456,0
15129,461,0
15130,454,0
15131,457,0
15132,451,0
15133,459,0
15134,463,0
15135,459,0
15136,459,0
15137,462,0
15138,457,0
15139,456,0
15140,460,0
15141,456,0
15142,462,0
15143,454,0
15144,466,0
15145,456,0
15146,462,0
15147,463,0
15148,447,0
15149,463,0
15150,454,0
15151,454,0
15152,459,0
15153,450,0
15154,454,0
15155,458,0
15156,448,0
15157,458,0
15158,451,0
15159,458,0
15160,453,0
15161,458,0
15162,461,0
15163,464,0
15164,456,0
15165,456,0
15166,456,0
15167,458,0
15168,463,0
15169,449,0
15170,454,0
15171,458,0
15172,456,0
15173,456,0
15174,449,0
15175,458,0
15176,468,0
15177,455,0
15178,458,0
15179,457,0
15180,464,0
15181,451,0
15182,459,0
15183,458,0
15184,458,0
15185,452,0
15186,457,0
15187,455,0
15188,458,0
15189,454,0
15190,452,0
15191,458,0
15192,455,0
15193,456,0
15194,453,0
15195,463,0
15196,466,0
15197,455,0
15198,460,0
15199,453,0
15200,458,0
15201,457,0
15202,456,0
15203,457,0
15204,459,0
15205,461,0
15206,461,0
15207,460,0
15208,449,0
15209,448,0
15210,459,0
15211,459,0
15212,451,0
15213,450,0
15214,459,0
15215,456,0
15216,459,0
15217,460,0
15218,465,0
15219,453,0
15220,453,0
15221,447,0
15222,448,0
15223,461,0
15224,457,0
15225,453,0
15226,461,0
15227,451,0
15228,448,0
15229,453,0
15230,450,0
15231,452,0
15232,459,0
15233,447,0
15234,450,0
15235,458,0
15236,459,0
15237,456,0
15238,452,0
15239,459,0
15240,451,0
15241,462,0
15242,461,0
15243,462,0
15244,454,0
15245,456,0
15246,450,0
15247,459,0
15248,459,0
15249,451,0
15250,474,0
15251,464,0
15252,456,0
15253,461,0
15254,455,0
15255,458,0
15256,460,0
15257,451,0
15258,454,0
15259,453,0
15260,456,0
15261,459,0
15262,454,0
15263,448,0
15264,452,0
15265,459,0
15266,455,0
15267,450,0
15268,462,0
15269,461,0
15270,448,0
15271,450,0
15272,453,0
15273,459,0
15274,455,0
15275,451,0
15276,443,0
15277,459,0
15278,453,0
15279,459,0
15280,462,0
15281,453,0
15282,444,0
15283,451,0
15284,459,0
15285,459,0
15286,455,0
15287,452,0
15288,462,0
15289,457,0
15290,458,0
15291,454,0
15292,457,0
15293,464,0
15294,460,0
15295,457,0
15296,448,0
15297,460,0
15298,458,0
15299,454,0
15300,453,0
15301,455,0
15302,458,0
15303,451,0
15304,447,0
15305,454,0
15306,459,0
15307,460,0
15308,450,0
15309,460,0
15310,466,0
15311,457,0
15312,462,0
15313,457,0
15314,447,0
15315,455,0
15316,453,0
15317,461,0
15318,458,0
15319,464,0
15320,465,0
15321,460,0
15322,453,0
15323,456,0
15324,454,0
15325,455,0
15326,444,0
15327,456,0
15328,449,0
15329,453,0
15330,454,0
15331,463,0
15332,454,0
15333,459,0
15334,454,0
15335,462,0
15336,469,0
15337,461,0
15338,455,0
15339,457,0
15340,458,0
15341,468,0
15342,452,0
15343,452,0
15344,463,0
15345,457,0
15346,460,0
15347,463,0
15348,451,0
15349,461,0
15350,460,0
15351,463,0
15352,458,0
15353,457,0
15354,459,0
15355,462,0
15356,456,0
15357,462,0
15358,454,0
15359,460,0
15360,463,0
15361,451,0
15362,455,0
15363,463,0
15364,462,0
15365,450,0
15366,454,0
15367,451,0
15368,454,0
15369,460,0
15370,459,0
15371,453,0
15372,462,0
15373,466,0
15374,466,0
15375,463,0
15376,459,0
15377,469,0
15378,456,0
15379,456,0
15380,461,0
15381,459,0
15382,455,0
15383,455,0
15384,447,0
15385,456,0
15386,445,0
15387,451,0
15388,449,0
15389,455,0
15390,458,0
15391,459,0
15392,462,0
15393,461,0
15394,452,0
15395,451,0
15396,448,0
15397,461,0
15398,451,0
15399,459,0
15400,456,0
15401,464,0
15402,454,0
15403,458,0
15404,456,0
15405,453,0
15406,454,0
15407,461,0
15408,457,0
15409,459,0
15410,466,0
15411,455,0
15412,453,0
15413,449,0
15414,459,0
15415,452,0
15416,455,0
15417,453,0
15418,448,0
15419,456,0
15420,468,0
15421,463,0
15422,461,0
15423,464,0
15424,453,0
15425,455,0
15426,458,0
15427,448,0
15428,458,0
15429,456,0
15430,456,0
15431,452,0
15432,451,0
15433,454,0
15434,459,0
15435,460,0
15436,456,0
15437,466,0
15438,456,0
15439,468,0
15440,459,0
15441,460,0
15442,462,0
15443,454,0
15444,459,0
15445,462,0
15446,458,0
15447,455,0
15448,450,0
15449,459,0
15450,450,0
15451,457,0
15452,458,0
15453,459,0
15454,450,0
15455,452,0
15456,461,0
15457,461,0
15458,456,0
15459,454,0
15460,463,0
15461,455,0
15462,461,0
15463,457,0
15464,461,0
15465,453,0
15466,470,0
15467,450,0
15468,458,0
15469,459,0
15470,448,0
15471,453,0
15472,460,0
15473,451,0
15474,455,0
15475,459,0
15476,463,0
15477,458,0
15478,450,0
15479,450,0
15480,455,0
15481,452,0
15482,455,0
15483,451,0
15484,454,0
15485,459,0
15486,461,0
15487,464,0
15488,449,0
15489,458,0
15490,451,0
15491,461,0
15492,455,0
15493,451,0
15494,465,0
15495,455,0
15496,471,0
15497,459,0
15498,451,0
15499,457,0
15500,452,0
15501,463,0
15502,460,0
15503,451,0
15504,463,0
15505,453,0
15506,462,0
15507,458,0
15508,461,0
15509,455,0
15510,454,0
15511,446,0
15512,460,0
15513,462,0
15514,456,0
15515,455,0
15516,452,0
15517,453,0
15518,466,0
15519,453,0
15520,463,0
15521,451,0
15522,454,0
15523,459,0
15524,459,0
15525,445,0
15526,466,0
15527,451,0
15528,459,0
15529,455,0
15530,462,0
15531,460,0
15532,461,0
15533,456,0
15534,458,0
15535,461,0
15536,460,0
15537,454,0
15538,465,0
15539,466,0
15540,459,0
15541,455,0
15542,456,0
15543,463,0
15544,454,0
15545,467,0
15546,453,0
15547,455,0
15548,456,0
15549,455,0
15550,458,0
15551,449,0
15552,463,0
15553,455,0
15554,451,0
15555,463,0
15556,470,0
15557,458,0
15558,461,0
15559,456,0
15560,455,0
15561,449,0
15562,453,0
15563,454,0
15564,452,0
15565,453,0
15566,445,0
15567,457,0
15568,459,0
15569,458,0
15570,460,0
15571,455,0
15572,459,0
15573,465,0
15574,457,0
15575,463,0
15576,457,0
15577,457,0
15578,450,0
15579,463,0
15580,460,0
15581,461,0
15582,458,0
15583,460,0
15584,457,0
15585,459,0
15586,454,0
15587,451,0
15588,453,0
15589,464,0
15590,456,0
15591,460,0
15592,456,0
15593,449,0
15594,452,0
15595,452,0
15596,456,0
15597,462,0
15598,448,0
15599,463,0
15600,465,0
15601,460,0
15602,458,0
15603,448,0
15604,459,0
15605,448,0
15606,453,0
15607,462,0
15608,454,0
15609,459,0
15610,457,0
15611,452,0
15612,459,0
15613,456,0
15614,454,0
15615,458,0
15616,463,0
15617,454,0
15618,463,0
15619,464,0
15620,455,0
15621,462,0
15622,457,0
15623,462,0
15624,458,0
15625,457,0
15626,460,0
15627,465,0
15628,457,0
15629,453,0
15630,454,0
15631,456,0
15632,453,0
15633,457,0
15634,455,0
15635,448,0
15636,457,0
15637,464,0
15638,458,0
15639,455,0
15640,450,0
15641,460,0
15642,456,0
15643,458,0
15644,457,0
15645,448,0
15646,455,0
15647,462,0
15648,455,0
15649,459,0
15650,454,0
15651,468,0
15652,456,0
15653,453,0
15654,455,0
15655,451,0
15656,458,0
15657,452,0
15658,459,0
15659,460,0
15660,459,0
15661,456,0
15662,455,0
15663,455,0
15664,458,0
15665,453,0
15666,457,0
15667,461,0
15668,451,0
15669,456,0
15670,456,0
15671,461,0
15672,458,0
15673,458,0
15674,452,0
15675,455,0
15676,450,0
15677,452,0
15678,453,0
15679,452,0
15680,461,0
15681,449,0
15682,457,0
15683,455,0
15684,457,0
15685,468,0
15686,459,0
15687,457,0
15688,465,0
15689,458,0
15690,455,0
15691,458,0
15692,457,0
15693,462,0
15694,450,0
15695,456,0
15696,462,0
15697,467,0
15698,454,0
15699,459,0
15700,463,0
15701,467,0
15702,461,0
15703,458,0
15704,464,0
15705,458,0
15706,459,0
15707,466,0
15708,465,0
15709,456,0
15710,446,0
15711,451,0
15712,461,0
15713,461,0
15714,466,0
15715,459,0
15716,457,0
15717,465,0
15718,454,0
15719,452,0
15720,458,0
15721,460,0
15722,453,0
15723,458,0
15724,448,0
15725,462,0
15726,461,0
15727,461,0
15728,458,0
15729,451,0
15730,465,0
15731,450,0
15732,455,0
15733,451,0
15734,463,0
15735,456,0
15736,458,0
15737,458,0
15738,445,0
15739,463,0
15740,458,0
15741,452,0
15742,457,0
15743,460,0
15744,457,0
15745,458,0
15746,454,0
15747,456,0
15748,458,0
15749,456,0
15750,453,0
15751,459,0
15752,457,0
15753,458,0
15754,453,0
15755,457,0
15756,457,0
15757,458,0
15758,457,0
15759,459,0
15760,454,0
15761,455,0
15762,458,0
15763,461,0
15764,461,0
15765,465,0
15766,455,0
15767,455,0
15768,456,0
15769,450,0
15770,463,0
15771,461,0
15772,456,0
15773,458,0
15774,463,0
15775,458,0
15776,467,0
15777,454,0
15778,456,0
15779,457,0
15780,457,0
15781,461,0
15782,455,0
15783,455,0
15784,462,0
15785,462,0
15786,449,0
15787,462,0
15788,460,0
15789,455,0
15790,461,0
15791,460,0
15792,453,0
15793,457,0
15794,461,0
15795,463,0
15796,462,0
15797,456,0
15798,464,0
15799,465,0
15800,456,0
15801,457,0
15802,459,0
15803,459,0
15804,465,0
15805,463,0
15806,451,0
15807,460,0
15808,456,0
15809,456,0
15810,453,0
15811,459,0
15812,458,0
15813,447,0
15814,465,0
15815,457,0
15816,456,0
15817,461,0
15818,445,0
15819,456,0
15820,458,0
15821,458,0
15822,450,0
15823,458,0
15824,460,0
15825,462,0
15826,460,0
15827,456,0
15828,457,0
15829,464,0
15830,459,0
15831,459,0
15832,454,0
15833,454,0
15834,454,0
15835,450,0
15836,457,0
15837,467,0
15838,460,0
15839,463,0
15840,457,0
15841,455,0
15842,458,0
15843,458,0
15844,464,0
15845,465,0
15846,456,0
15847,464,0
15848,455,0
15849,457,0
15850,461,0
15851,464,0
15852,460,0
15853,459,0
15854,461,0
15855,459,0
15856,457,0
15857,463,0
15858,461,0
15859,455,0
15860,457,0
15861,456,0
15862,457,0
15863,454,0
15864,455,0
15865,460,0
15866,461,0
15867,457,0
15868,453,0
15869,460,0
15870,455,0
15871,453,0
15872,463,0
15873,462,0
15874,453,0
15875,458,0
15876,455,0
15877,446,0
15878,458,0
15879,456,0
15880,460,0
15881,447,0
15882,460,0
15883,455,0
15884,457,0
15885,463,0
15886,459,0
15887,456,0
15888,458,0
15889,457,0
15890,449,0
15891,455,0
15892,454,0
15893,457,0
15894,457,0
15895,452,0
15896,458,0
15897,466,0
15898,465,0
15899,456,0
15900,459,0
15901,465,0
15902,457,0
15903,463,0
15904,458,0
15905,458,0
15906,452,0
15907,456,0
15908,456,0
15909,458,0
15910,454,0
15911,460,0
15912,458,0
15913,458,0
15914,460,0
15915,454,0
15916,456,0
15917,454,0
15918,459,0
15919,465,0
15920,457,0
15921,453,0
15922,450,0
15923,462,0
15924,460,0
15925,457,0
15926,459,0
15927,455,0
15928,461,0
15929,461,0
15930,457,0
15931,456,0
15932,461,0
15933,458,0
15934,463,0
15935,459,0
15936,465,0
15937,453,0
15938,462,0
15939,450,0
15940,452,0
15941,460,0
15942,453,0
15943,458,0
15944,462,0
15945,462,0
15946,459,0
15947,462,0
15948,459,0
15949,464,0
15950,459,0
15951,452,0
15952,464,0
15953,456,0
15954,451,0
15955,461,0
15956,468,0
15957,456,0
15958,462,0
15959,456,0
15960,460,0
15961,461,0
15962,460,0
15963,462,0
15964,461,0
15965,459,0
15966,452,0
15967,452,0
15968,464,0
15969,458,0
15970,444,0
15971,451,0
15972,461,0
15973,457,0
15974,458,0
15975,461,0
15976,458,0
15977,453,0
15978,452,0
15979,466,0
15980,454,0
15981,460,0
15982,448,0
15983,460,0
15984,465,0
15985,460,0
15986,461,0
15987,455,0
15988,453,0
15989,459,0
15990,454,0
15991,462,0
15992,464,0
15993,457,0
15994,460,0
15995,463,0
15996,454,0
15997,462,0
15998,462,0
15999,457,0
16000,453,0
16001,456,0
16002,457,0
16003,459,0
16004,459,0
16005,450,0
16006,467,0
16007,458,0
16008,463,0
16009,455,0
16010,447,0
16011,453,0
16012,448,0
16013,459,0
16014,454,0
16015,456,0
16016,461,0
16017,455,0
16018,454,0
16019,464,0
16020,463,0
16021,462,0
16022,440,0
16023,455,0
16024,459,0
16025,459,0
16026,457,0
16027,457,0
16028,468,0
16029,454,0
16030,444,0
16031,465,0
16032,462,0
16033,466,0
16034,465,0
16035,464,0
16036,451,0
16037,456,0
16038,467,0
16039,446,0
16040,461,0
16041,457,0
16042,455,0
16043,454,0
16044,462,0
16045,456,0
16046,454,0
16047,461,0
16048,451,0
16049,454,0
16050,455,0
16051,459,0
16052,454,0
16053,453,0
16054,452,0
16055,461,0
16056,452,0
16057,455,0
16058,456,0
16059,461,0
16060,461,0
16061,463,0
16062,458,0
16063,454,0
16064,448,0
16065,456,0
16066,463,0
16067,456,0
16068,461,0
16069,456,0
16070,465,0
16071,458,0
16072,463,0
16073,462,0
16074,463,0
16075,458,0
16076,455,0
16077,463,0
16078,457,0
16079,462,0
16080,456,0
16081,456,0
16082,451,0
16083,453,0
16084,460,0
16085,461,0
16086,460,0
16087,459,0
16088,459,0
16089,464,0
16090,458,0
16091,454,0
16092,461,0
16093,451,0
16094,461,0
16095,457,0
16096,451,0
16097,448,0
16098,459,0
16099,462,0
16100,450,0
16101,459,0
16102,461,0
16103,448,0
16104,458,0
16105,455,0
16106,470,0
16107,455,0
16108,464,0
16109,464,0
16110,458,0
16111,446,0
16112,466,0
16113,464,0
16114,466,0
16115,460,0
16116,463,0
16117,460,0
16118,456,0
16119,450,0
16120,465,0
16121,454,0
16122,457,0
16123,459,0
16124,459,0
16125,464,0
16126,459,0
16127,458,0
16128,463,0
16129,454,0
16130,454,0
16131,447,0
16132,457,0
16133,456,0
16134,449,0
16135,457,0
16136,453,0
16137,468,0
16138,461,0
16139,454,0
16140,457,0
16141,463,0
16142,467,0
16143,462,0
16144,457,0
16145,457,0
16146,457,0
16147,459,0
16148,450,0
16149,458,0
16150,444,0
16151,462,0
16152,465,0
16153,463,0
16154,454,0
16155,456,0
16156,458,0
16157,462,0
16158,453,0
16159,457,0
16160,463,0
16161,460,0
16162,466,0
16163,466,0
16164,468,0
16165,462,0
16166,454,0
16167,468,0
16168,449,0
16169,457,0
16170,450,0
16171,463,0
16172,460,0
16173,473,0
16174,461,0
16175,459,0
16176,453,0
16177,462,0
16178,458,0
16179,457,0
16180,459,0
16181,466,0
16182,468,0
16183,463,0
16184,454,0
16185,456,0
16186,450,0
16187,460,0
16188,460,0
16189,461,0
16190,457,0
16191,466,0
16192,459,0
16193,457,0
16194,450,0
16195,465,0
16196,462,0
16197,458,0
16198,462,0
16199,453,0
16200,453,0
16201,463,0
16202,461,0
16203,456,0
16204,461,0
16205,455,0
16206,460,0
16207,467,0
16208,461,0
16209,460,0
16210,459,0
16211,457,0
16212,455,0
16213,460,0
16214,452,0
16215,458,0
16216,454,0
16217,458,0
16218,460,0
16219,454,0
16220,464,0
16221,457,0
16222,462,0
16223,462,0
16224,454,0
16225,453,0
16226,457,0
16227,461,0
16228,451,0
16229,454,0
16230,461,0
16231,453,0
16232,457,0
16233,461,0
16234,463,0
16235,460,0
16236,455,0
16237,466,0
16238,454,0
16239,453,0
16240,459,0
16241,454,0
16242,463,0
16243,457,0
16244,451,0
16245,460,0
16246,452,0
16247,461,0
16248,462,0
16249,461,0
16250,461,0
16251,444,0
16252,452,0
16253,464,0
16254,456,0
16255,464,0
16256,464,0
16257,458,0
16258,452,0
16259,462,0
16260,464,0
16261,467,0
16262,458,0
16263,459,0
16264,459,0
16265,456,0
16266,459,0
16267,462,0
16268,457,0
16269,466,0
16270,456,0
16271,466,0
16272,456,0
16273,463,0
16274,455,0
16275,466,0
16276,465,0
16277,461,0
16278,469,0
16279,461,0
16280,450,0
16281,451,0
16282,449,0
16283,457,0
16284,457,0
16285,463,0
16286,465,0
16287,463,0
16288,459,0
16289,458,0
16290,466,0
16291,455,0
16292,454,0
16293,460,0
16294,460,0
16295,454,0
16296,461,0
16297,457,0
16298,454,0
16299,454,0
16300,457,0
16301,465,0
16302,448,0
16303,456,0
16304,459,0
16305,466,0
16306,457,0
16307,462,0
16308,452,0
16309,451,0
16310,446,0
16311,463,0
16312,456,0
16313,465,0
16314,457,0
16315,459,0
16316,459,0
16317,456,0
16318,455,0
16319,462,0
16320,467,0
16321,455,0
16322,462,0
16323,451,0
16324,462,0
16325,458,0
16326,462,0
16327,456,0
16328,458,0
16329,457,0
16330,457,0
16331,455,0
16332,457,0
16333,457,0
16334,446,0
16335,453,0
16336,461,0
16337,465,0
16338,461,0
16339,445,0
16340,452,0
16341,456,0
16342,461,0
16343,459,0
16344,464,0
16345,463,0
16346,460,0
16347,464,0
16348,461,0
16349,458,0
16350,456,0
16351,460,0
16352,462,0
16353,461,0
16354,459,0
16355,447,0
16356,458,0
16357,457,0
16358,447,0
16359,458,0
16360,451,0
16361,462,0
16362,466,0
16363,463,0
16364,454,0
16365,461,0
16366,459,0
16367,463,0
16368,454,0
16369,455,0
16370,455,0
16371,461,0
16372,458,0
16373,459,0
16374,459,0
16375,462,0
16376,459,0
16377,455,0
16378,456,0
16379,454,0
16380,459,0
16381,456,0
16382,453,0
16383,468,0
16384,457,0
16385,459,0
16386,452,0
16387,455,0
16388,457,0
16389,453,0
16390,463,0
16391,462,0
16392,463,0
16393,457,0
16394,458,0
16395,455,0
16396,459,0
16397,461,0
16398,462,0
16399,457,0
16400,448,0
16401,458,0
16402,456,0
16403,462,0
16404,465,0
16405,458,0
16406,459,0
16407,457,0
16408,448,0
16409,453,0
16410,445,0
16411,455,0
16412,458,0
16413,455,0
16414,454,0
16415,456,0
16416,462,0
16417,462,0
16418,470,0
16419,458,0
16420,458,0
16421,459,0
16422,468,0
16423,451,0
16424,456,0
16425,468,0
16426,450,0
16427,459,0
16428,451,0
16429,453,0
16430,457,0
16431,458,0
16432,452,0
16433,470,0
16434,446,0
16435,463,0
16436,458,0
16437,468,0
16438,456,0
16439,461,0
16440,453,0
16441,459,0
16442,461,0
16443,463,0
16444,451,0
16445,457,0
16446,455,0
16447,463,0
16448,454,0
16449,456,0
16450,461,0
16451,461,0
16452,467,0
16453,460,0
16454,442,0
16455,461,0
16456,463,0
16457,457,0
16458,451,0
16459,469,0
16460,456,0
16461,447,0
16462,453,0
16463,453,0
16464,460,0
16465,457,0
16466,460,0
16467,463,0
16468,457,0
16469,456,0
16470,451,0
16471,457,0
16472,464,0
16473,456,0
16474,456,0
16475,455,0
16476,466,0
16477,465,0
16478,460,0
16479,457,0
16480,445,0
16481,457,0
16482,463,0
16483,453,0
16484,454,0
16485,459,0
16486,461,0
16487,451,0
16488,451,0
16489,462,0
16490,461,0
16491,465,0
16492,449,0
16493,461,0
16494,462,0
16495,457,0
16496,459,0
16497,452,0
16498,456,0
16499,454,0
16500,461,0
16501,453,0
16502,457,0
16503,467,0
16504,462,0
16505,467,0
16506,459,0
16507,454,0
16508,462,0
16509,459,0
16510,466,0
16511,461,0
16512,461,0
16513,461,0
16514,453,0
16515,464,0
16516,457,0
16517,460,0
16518,450,0
16519,467,0
16520,458,0
16521,462,0
16522,455,0
16523,455,0
16524,459,0
16525,464,0
16526,460,0
16527,459,0
16528,455,0
16529,456,0
16530,456,0
16531,456,0
16532,461,0
16533,464,0
16534,451,0
16535,472,0
16536,451,0
16537,460,0
16538,466,0
16539,452,0
16540,460,0
16541,458,0
16542,454,0
16543,458,0
16544,456,0
16545,459,0
16546,453,0
16547,459,0
16548,461,0
16549,460,0
16550,458,0
16551,457,0
16552,467,0
16553,463,0
16554,464,0
16555,465,0
16556,459,0
16557,456,0
16558,449,0
16559,456,0
16560,462,0
16561,459,0
16562,456,0
16563,458,0
16564,451,0
16565,454,0
16566,452,0
16567,466,0
16568,455,0
16569,461,0
16570,464,0
16571,462,0
16572,450,0
16573,463,0
16574,455,0
16575,462,0
16576,457,0
16577,463,0
16578,466,0
16579,456,0
16580,460,0
16581,454,0
16582,463,0
16583,453,0
16584,458,0
16585,458,0
16586,456,0
16587,461,0
16588,453,0
16589,459,0
16590,450,0
16591,465,0
16592,456,0
16593,456,0
16594,455,0
16595,454,0
16596,466,0
16597,463,0
16598,457,0
16599,455,0
16600,454,0
16601,456,0
16602,469,0
16603,472,0
16604,459,0
16605,464,0
16606,462,0
16607,449,0
16608,454,0
16609,460,0
16610,455,0
16611,457,0
16612,452,0
16613,459,0
16614,461,0
16615,451,0
16616,457,0
16617,454,0
16618,466,0
16619,468,0
16620,462,0
16621,443,0
16622,450,0
16623,460,0
16624,469,0
16625,473,0
16626,462,0
16627,459,0
16628,465,0
16629,463,0
16630,460,0
16631,450,0
16632,452,0
16633,452,0
16634,467,0
16635,459,0
16636,458,0
16637,454,0
16638,458,0
16639,465,0
16640,452,0
16641,460,0
16642,464,0
16643,459,0
16644,450,0
16645,459,0
16646,465,0
16647,455,0
16648,463,0
16649,461,0
16650,455,0
16651,460,0
16652,465,0
16653,462,0
16654,460,0
16655,461,0
16656,460,0
16657,455,0
16658,454,0
16659,465,0
16660,460,0
16661,457,0
16662,461,0
16663,459,0
16664,459,0
16665,455,0
16666,463,0
16667,460,0
16668,465,0
16669,459,0
16670,461,0
16671,462,0
16672,460,0
16673,458,0
16674,461,0
16675,451,0
16676,464,0
16677,464,0
16678,455,0
16679,463,0
16680,468,0
16681,450,0
16682,455,0
16683,460,0
16684,454,0
16685,467,0
16686,457,0
16687,456,0
16688,456,0
16689,461,0
16690,452,0
16691,463,0
16692,461,0
16693,458,0
16694,462,0
16695,454,0
16696,459,0
16697,460,0
16698,465,0
16699,459,0
16700,462,0
16701,453,0
16702,460,0
16703,454,0
16704,456,0
16705,470,0
16706,472,0
16707,454,0
16708,456,0
16709,467,0
16710,456,0
16711,452,0
16712,453,0
16713,461,0
16714,458,0
16715,453,0
16716,459,0
16717,461,0
16718,450,0
16719,460,0
16720,459,0
16721,455,0
16722,455,0
16723,466,0
16724,461,0
16725,463,0
16726,462,0
16727,466,0
16728,463,0
16729,454,0
16730,459,0
16731,460,0
16732,451,0
16733,461,0
16734,470,0
16735,450,0
16736,455,0
16737,463,0
16738,461,0
16739,459,0
16740,463,0
16741,463,0
16742,462,0
16743,451,0
16744,464,0
16745,456,0
16746,457,0
16747,458,0
16748,469,0
16749,453,0
16750,456,0
16751,468,0
16752,454,0
16753,458,0
16754,463,0
16755,461,0
16756,459,0
16757,456,0
16758,459,0
16759,472,0
16760,453,0
16761,461,0
16762,453,0
16763,461,0
16764,469,0
16765,456,0
16766,456,0
16767,460,0
16768,459,0
16769,456,0
16770,459,0
16771,457,0
16772,460,0
16773,459,0
16774,459,0
16775,454,0
16776,455,0
16777,469,0
16778,461,0
16779,456,0
16780,457,0
16781,468,0
16782,461,0
16783,460,0
16784,463,0
16785,465,0
16786,461,0
16787,460,0
16788,462,0
16789,454,0
16790,463,0
16791,463,0
16792,459,0
16793,461,0
16794,456,0
16795,460,0
16796,456,0
16797,460,0
16798,456,0
16799,459,0
16800,453,0
16801,455,0
16802,455,0
16803,465,0
16804,463,0
16805,458,0
16806,458,0
16807,453,0
16808,465,0
16809,468,0
16810,463,0
16811,462,0
16812,453,0
16813,459,0
16814,459,0
16815,456,0
16816,459,0
16817,456,0
16818,456,0
16819,461,0
16820,452,0
16821,464,0
16822,468,0
16823,460,0
16824,457,0
16825,462,0
16826,460,0
16827,455,0
16828,460,0
16829,453,0
16830,456,0
16831,456,0
16832,456,0
16833,454,0
16834,459,0
16835,455,0
16836,453,0
16837,454,0
16838,463,0
16839,460,0
16840,460,0
16841,461,0
16842,461,0
16843,462,0
16844,460,0
16845,464,0
16846,458,0
16847,456,0
16848,460,0
16849,456,0
16850,454,0
16851,462,0
16852,465,0
16853,458,0
16854,457,0
16855,461,0
16856,462,0
16857,464,0
16858,453,0
16859,463,0
16860,451,0
16861,460,0
16862,472,0
16863,463,0
16864,469,0
16865,459,0
16866,456,0
16867,460,0
16868,468,0
16869,459,0
16870,468,0
16871,456,0
16872,458,0
16873,451,0
16874,455,0
16875,451,0
16876,455,0
16877,467,0
16878,463,0
16879,464,0
16880,452,0
16881,444,0
16882,460,0
16883,458,0
16884,459,0
16885,468,0
16886,460,0
16887,456,0
16888,454,0
16889,453,0
16890,448,0
16891,460,0
16892,463,0
16893,462,0
16894,456,0
16895,458,0
16896,450,0
16897,454,0
16898,462,0
16899,463,0
16900,457,0
16901,454,0
16902,463,0
16903,458,0
16904,460,0
16905,458,0
16906,462,0
16907,465,0
16908,465,0
16909,456,0
16910,454,0
16911,460,0
16912,458,0
16913,460,0
16914,458,0
16915,458,0
16916,465,0
16917,452,0
16918,455,0
16919,457,0
16920,457,0
16921,458,0
16922,456,0
16923,450,0
16924,466,0
16925,460,0
16926,458,0
16927,456,0
16928,465,0
16929,455,0
16930,469,0
16931,460,0
16932,459,0
16933,459,0
16934,468,0
16935,458,0
16936,469,0
16937,466,0
16938,456,0
16939,459,0
16940,456,0
16941,455,0
16942,456,0
16943,460,0
16944,463,0
16945,461,0
16946,456,0
16947,446,0
16948,460,0
16949,465,0
16950,458,0
16951,461,0
16952,464,0
16953,459,0
16954,459,0
16955,459,0
16956,462,0
16957,462,0
16958,462,0
16959,460,0
16960,453,0
16961,471,0
16962,448,0
16963,462,0
16964,469,0
16965,461,0
16966,462,0
16967,463,0
16968,445,0
16969,456,0
16970,458,0
16971,458,0
16972,458,0
16973,464,0
16974,459,0
16975,464,0
16976,460,0
16977,455,0
16978,460,0
16979,458,0
16980,459,0
16981,465,0
16982,457,0
16983,455,0
16984,454,0
16985,448,0
16986,467,0
16987,456,0
16988,459,0
16989,455,0
16990,458,0
16991,461,0
16992,461,0
16993,462,0
16994,466,0
16995,455,0
16996,463,0
16997,462,0
16998,458,0
16999,454,0
17000,467,0
17001,462,0
17002,465,0
17003,460,0
17004,464,0
17005,460,0
17006,460,0
17007,455,0
17008,455,0
17009,463,0
17010,460,0
17011,469,0
17012,449,0
17013,454,0
17014,458,0
17015,455,0
17016,460,0
17017,453,0
17018,459,0
17019,457,0
17020,455,0
17021,467,0
17022,461,0
17023,460,0
17024,451,0
17025,452,0
17026,465,0
17027,454,0
17028,461,0
17029,450,0
17030,460,0
17031,459,0
17032,452,0
17033,461,0
17034,463,0
17035,465,0
17036,457,0
17037,457,0
17038,464,0
17039,459,0
17040,465,0
17041,468,0
17042,458,0
17043,454,0
17044,466,0
17045,461,0
17046,458,0
17047,462,0
17048,465,0
17049,461,0
17050,461,0
17051,458,0
17052,462,0
17053,455,0
17054,458,0
17055,460,0
17056,460,0
17057,454,0
17058,469,0
17059,449,0
17060,460,0
17061,468,0
17062,459,0
17063,452,0
17064,459,0
17065,461,0
17066,460,0
17067,463,0
17068,463,0
17069,467,0
17070,470,0
17071,466,0
17072,453,0
17073,456,0
17074,464,0
17075,457,0
17076,467,0
17077,454,0
17078,455,0
17079,462,0
17080,453,0
17081,456,0
17082,465,0
17083,458,0
17084,465,0
17085,458,0
17086,460,0
17087,461,0
17088,465,0
17089,460,0
17090,456,0
17091,450,0
17092,464,0
17093,455,0
17094,466,0
17095,466,0
17096,463,0
17097,460,0
17098,464,0
17099,458,0
17100,466,0
17101,459,0
17102,463,0
17103,461,0
17104,457,0
17105,453,0
17106,459,0
17107,452,0
17108,456,0
17109,469,0
17110,454,0
17111,459,0
17112,452,0
17113,464,0
17114,456,0
17115,453,0
17116,463,0
17117,458,0
17118,455,0
17119,469,0
17120,461,0
17121,462,0
17122,450,0
17123,466,0
17124,456,0
17125,454,0
17126,462,0
17127,455,0
17128,459,0
17129,457,0
17130,461,0
17131,461,0
17132,461,0
17133,449,0
17134,455,0
17135,458,0
17136,457,0
17137,459,0
17138,461,0
17139,466,0
17140,461,0
17141,456,0
17142,461,0
17143,452,0
17144,463,0
17145,469,0
17146,455,0
17147,470,0
17148,468,0
17149,459,0
17150,452,0
17151,464,0
17152,456,0
17153,448,0
17154,460,0
17155,455,0
17156,464,0
17157,463,0
17158,454,0
17159,463,0
17160,455,0
17161,462,0
17162,460,0
17163,461,0
17164,464,0
17165,461,0
17166,459,0
17167,456,0
17168,460,0
17169,451,0
17170,458,0
17171,468,0
17172,476,0
17173,451,0
17174,453,0
17175,456,0
17176,455,0
17177,457,0
17178,459,0
17179,460,0
17180,454,0
17181,468,0
17182,464,0
17183,460,0
17184,454,0
17185,462,0
17186,470,0
17187,455,0
17188,469,0
17189,460,0
17190,471,0
17191,454,0
17192,458,0
17193,460,0
17194,461,0
17195,456,0
17196,456,0
17197,444,0
17198,464,0
17199,459,0
17200,449,0
17201,464,0
17202,455,0
17203,467,0
17204,457,0
17205,458,0
17206,459,0
17207,461,0
17208,458,0
17209,456,0
17210,461,0
17211,456,0
17212,457,0
17213,464,0
17214,462,0
17215,465,0
17216,453,0
17217,467,0
17218,463,0
17219,452,0
17220,463,0
17221,466,0
17222,467,0
17223,460,0
17224,451,0
17225,460,0
17226,470,0
17227,464,0
17228,464,0
17229,462,0
17230,466,0
17231,463,0
17232,458,0
17233,459,0
17234,460,0
17235,459,0
17236,444,0
17237,454,0
17238,460,0
17239,458,0
17240,454,0
17241,456,0
17242,465,0
17243,463,0
17244,467,0
17245,460,0
17246,457,0
17247,465,0
17248,458,0
17249,458,0
17250,458,0
17251,460,0
17252,452,0
17253,455,0
17254,463,0
17255,458,0
17256,467,0
17257,469,0
17258,465,0
17259,466,0
17260,465,0
17261,469,0
17262,461,0
17263,464,0
17264,464,0
17265,458,0
17266,452,0
17267,458,0
17268,463,0
17269,458,0
17270,461,0
17271,458,0
17272,456,0
17273,460,0
17274,456,0
17275,455,0
17276,464,0
17277,455,0
17278,447,0
17279,463,0
17280,464,0
17281,455,0
17282,459,0
17283,454,0
17284,456,0
17285,456,0
17286,460,0
17287,459,0
17288,453,0
17289,461,0
17290,459,0
17291,456,0
17292,451,0
17293,460,0
17294,459,0
17295,460,0
17296,464,0
17297,458,0
17298,457,0
17299,462,0
17300,465,0
17301,462,0
17302,456,0
17303,458,0
17304,465,0
17305,457,0
17306,460,0
17307,457,0
17308,459,0
17309,457,0
17310,460,0
17311,453,0
17312,471,0
17313,455,0
17314,462,0
17315,466,0
17316,455,0
17317,456,0
17318,457,0
17319,471,0
17320,461,0
17321,458,0
17322,471,0
17323,459,0
17324,462,0
17325,457,0
17326,461,0
17327,450,0
17328,457,0
17329,457,0
17330,460,0
17331,455,0
17332,463,0
17333,462,0
17334,453,0
17335,461,0
17336,450,0
17337,452,0
17338,462,0
17339,463,0
17340,452,0
17341,449,0
17342,460,0
17343,459,0
17344,461,0
17345,461,0
17346,462,0
17347,463,0
17348,467,0
17349,460,0
17350,462,0
17351,460,0
17352,469,0
17353,461,0
17354,452,0
17355,465,0
17356,464,0
17357,453,0
17358,454,0
17359,457,0
17360,459,0
17361,449,0
17362,468,0
17363,458,0
17364,454,0
17365,468,0
17366,460,0
17367,465,0
17368,463,0
17369,454,0
17370,466,0
17371,455,0
17372,456,0
17373,458,0
17374,462,0
17375,468,0
17376,460,0
17377,463,0
17378,469,0
17379,464,0
17380,460,0
17381,458,0
17382,456,0
17383,461,0
17384,469,0
17385,455,0
17386,459,0
17387,460,0
17388,460,0
17389,460,0
17390,462,0
17391,464,0
17392,455,0
17393,462,0
17394,455,0
17395,463,0
17396,464,0
17397,469,0
17398,469,0
17399,462,0
17400,459,0
17401,457,0
17402,452,0
17403,448,0
17404,462,0
17405,452,0
17406,458,0
17407,462,0
17408,460,0
17409,457,0
17410,464,0
17411,453,0
17412,462,0
17413,453,0
17414,460,0
17415,467,0
17416,461,0
17417,465,0
17418,467,0
17419,466,0
17420,463,0
17421,460,0
17422,466,0
17423,462,0
17424,458,0
17425,462,0
17426,457,0
17427,453,0
17428,450,0
17429,455,0
17430,461,0
17431,463,0
17432,469,0
17433,464,0
17434,459,0
17435,458,0
17436,462,0
17437,458,0
17438,458,0
17439,459,0
17440,461,0
17441,456,0
17442,464,0
17443,465,0
17444,455,0
17445,459,0
17446,457,0
17447,459,0
17448,466,0
17449,461,0
17450,465,0
17451,468,0
17452,463,0
17453,462,0
17454,456,0
17455,462,0
17456,456,0
17457,458,0
17458,464,0
17459,460,0
17460,459,0
17461,456,0
17462,452,0
17463,458,0
17464,468,0
17465,453,0
17466,459,0
17467,465,0
17468,469,0
17469,462,0
17470,452,0
17471,463,0
17472,462,0
17473,463,0
17474,457,0
17475,460,0
17476,461,0
17477,460,0
17478,470,0
17479,454,0
17480,462,0
17481,462,0
17482,457,0
17483,454,0
17484,450,0
17485,465,0
17486,457,0
17487,468,0
17488,458,0
17489,470,0
17490,459,0
17491,458,0
17492,462,0
17493,463,0
17494,462,0
17495,453,0
17496,461,0
17497,458,0
17498,450,0
17499,464,0
17500,455,0
17501,466,0
17502,460,0
17503,460,0
17504,463,0
17505,462,0
17506,464,0
17507,468,0
17508,461,0
17509,462,0
17510,453,0
17511,457,0
17512,467,0
17513,459,0
17514,452,0
17515,451,0
17516,454,0
17517,455,0
17518,462,0
17519,469,0
17520,460,0
17521,463,0
17522,465,0
17523,467,0
17524,459,0
17525,469,0
17526,465,0
17527,466,0
17528,461,0
17529,462,0
17530,465,0
17531,465,0
17532,457,0
17533,467,0
17534,453,0
17535,466,0
17536,453,0
17537,458,0
17538,453,0
17539,457,0
17540,455,0
17541,462,0
17542,456,0
17543,451,0
17544,461,0
17545,458,0
17546,457,0
17547,456,0
17548,456,0
17549,453,0
17550,456,0
17551,453,0
17552,458,0
17553,468,0
17554,461,0
17555,460,0
17556,462,0
17557,456,0
17558,466,0
17559,459,0
17560,454,0
17561,462,0
17562,462,0
17563,466,0
17564,455,0
17565,452,0
17566,465,0
17567,459,0
17568,457,0
17569,462,0
17570,462,0
17571,465,0
17572,454,0
17573,464,0
17574,465,0
17575,458,0
17576,453,0
17577,460,0
17578,460,0
17579,467,0
17580,467,0
17581,464,0
17582,450,0
17583,466,0
17584,455,0
17585,462,0
17586,452,0
17587,458,0
17588,457,0
17589,459,0
17590,470,0
17591,471,0
17592,460,0
17593,466,0
17594,467,0
17595,459,0
17596,462,0
17597,473,0
17598,454,0
17599,462,0
17600,458,0
17601,458,0
17602,460,0
17603,463,0
17604,463,0
17605,465,0
17606,460,0
17607,464,0
17608,455,0
17609,461,0
17610,464,0
17611,462,0
17612,470,0
17613,466,0
17614,467,0
17615,462,0
17616,451,0
17617,460,0
17618,462,0
17619,460,0
17620,457,0
17621,462,0
17622,459,0
17623,460,0
17624,466,0
17625,454,0
17626,454,0
17627,461,0
17628,461,0
17629,463,0
17630,453,0
17631,467,0
17632,457,0
17633,464,0
17634,460,0
17635,469,0
17636,467,0
17637,455,0
17638,466,0
17639,468,0
17640,460,0
17641,463,0
17642,458,0
17643,467,0
17644,448,0
17645,455,0
17646,460,0
17647,463,0
17648,459,0
17649,461,0
17650,464,0
17651,453,0
17652,463,0
17653,457,0
17654,460,0
17655,460,0
17656,460,0
17657,464,0
17658,464,0
17659,462,0
17660,458,0
17661,457,0
17662,463,0
17663,461,0
17664,464,0
17665,463,0
17666,457,0
17667,457,0
17668,465,0
17669,460,0
17670,451,0
17671,462,0
17672,470,0
17673,457,0
17674,461,0
17675,467,0
17676,476,0
17677,466,0
17678,462,0
17679,456,0
17680,468,0
17681,460,0
17682,464,0
17683,454,0
17684,466,0
17685,458,0
17686,459,0
17687,460,0
17688,460,0
17689,455,0
17690,469,0
17691,456,0
17692,457,0
17693,454,0
17694,461,0
17695,464,0
17696,456,0
17697,463,0
17698,469,0
17699,450,0
17700,465,0
17701,462,0
17702,466,0
17703,459,0
17704,460,0
17705,471,0
17706,463,0
17707,459,0
17708,458,0
17709,455,0
17710,461,0
17711,463,0
17712,454,0
17713,460,0
17714,455,0
17715,460,0
17716,459,0
17717,457,0
17718,465,0
17719,458,0
17720,457,0
17721,448,0
17722,468,0
17723,464,0
17724,460,0
17725,459,0
17726,461,0
17727,455,0
17728,445,0
17729,461,0
17730,459,0
17731,461,0
17732,465,0
17733,461,0
17734,457,0
17735,462,0
17736,465,0
17737,458,0
17738,461,0
17739,461,0
17740,465,0
17741,472,0
17742,456,0
17743,455,0
17744,451,0
17745,457,0
17746,457,0
17747,464,0
17748,468,0
17749,467,0
17750,467,0
17751,456,0
17752,465,0
17753,460,0
17754,456,0
17755,462,0
17756,454,0
17757,465,0
17758,454,0
17759,470,0
17760,469,0
17761,462,0
17762,461,0
17763,458,0
17764,466,0
17765,461,0
17766,462,0
17767,468,0
17768,453,0
17769,462,0
17770,454,0
17771,459,0
17772,459,0
17773,461,0
17774,456,0
17775,467,0
17776,461,0
17777,457,0
17778,464,0
17779,469,0
17780,466,0
17781,468,0
17782,463,0
17783,451,0
17784,455,0
17785,461,0
17786,467,0
17787,465,0
17788,466,0
17789,461,0
17790,467,0
17791,459,0
17792,461,0
17793,454,0
17794,463,0
17795,463,0
17796,467,0
17797,459,0
17798,461,0
17799,457,0
17800,459,0
17801,467,0
17802,459,0
17803,459,0
17804,462,0
17805,461,0
17806,463,0
17807,463,0
17808,456,0
17809,457,0
17810,459,0
17811,465,0
17812,475,0
17813,467,0
17814,455,0
17815,457,0
17816,458,0
17817,459,0
17818,463,0
17819,459,0
17820,463,0
17821,465,0
17822,458,0
17823,459,0
17824,455,0
17825,460,0
17826,460,0
17827,457,0
17828,459,0
17829,463,0
17830,461,0
17831,458,0
17832,463,0
17833,459,0
17834,462,0
17835,454,0
17836,458,0
17837,460,0
17838,455,0
17839,462,0
17840,468,0
17841,449,0
17842,459,0
17843,462,0
17844,464,0
17845,467,0
17846,459,0
17847,461,0
17848,463,0
17849,461,0
17850,466,0
17851,466,0
17852,466,0
17853,461,0
17854,471,0
17855,458,0
17856,458,0
17857,464,0
17858,458,0
17859,461,0
17860,463,0
17861,464,0
17862,458,0
17863,470,0
17864,463,0
17865,466,0
17866,454,0
17867,471,0
17868,461,0
17869,458,0
17870,464,0
17871,462,0
17872,461,0
17873,459,0
17874,455,0
17875,463,0
17876,469,0
17877,465,0
17878,458,0
17879,468,0
17880,460,0
17881,460,0
17882,462,0
17883,468,0
17884,462,0
17885,456,0
17886,466,0
17887,466,0
17888,465,0
17889,463,0
17890,466,0
17891,459,0
17892,459,0
17893,466,0
17894,472,0
17895,463,0
17896,468,0
17897,458,0
17898,463,0
17899,459,0
17900,455,0
17901,458,0
17902,457,0
17903,464,0
17904,471,0
17905,460,0
17906,457,0
17907,456,0
17908,457,0
17909,465,0
17910,457,0
17911,463,0
17912,457,0
17913,462,0
17914,465,0
17915,462,0
17916,448,0
17917,460,0
17918,460,0
17919,456,0
17920,455,0
17921,464,0
17922,467,0
17923,469,0
17924,454,0
17925,459,0
17926,465,0
17927,462,0
17928,466,0
17929,468,0
17930,468,0
17931,459,0
17932,465,0
17933,459,0
17934,464,0
17935,460,0
17936,469,0
17937,457,0
17938,462,0
17939,464,0
17940,462,0
17941,456,0
17942,458,0
17943,455,0
17944,457,0
17945,461,0
17946,455,0
17947,460,0
17948,471,0
17949,461,0
17950,458,0
17951,456,0
17952,462,0
17953,454,0
17954,461,0
17955,466,0
17956,468,0
17957,466,0
17958,459,0
17959,460,0
17960,458,0
17961,455,0
17962,464,0
17963,465,0
17964,460,0
17965,463,0
17966,459,0
17967,460,0
17968,467,0
17969,467,0
17970,464,0
17971,456,0
17972,457,0
17973,463,0
17974,458,0
17975,467,0
17976,455,0
17977,457,0
17978,460,0
17979,464,0
17980,464,0
17981,460,0
17982,458,0
17983,463,0
17984,464,0
17985,467,0
17986,464,0
17987,463,0
17988,461,0
17989,465,0
17990,457,0
17991,459,0
17992,465,0
17993,455,0
17994,471,0
17995,470,0
17996,468,0
17997,465,0
17998,461,0
17999,461,0
18000,471,0
18001,454,0
18002,467,0
18003,455,0
18004,464,0
18005,460,0
18006,464,0
18007,455,0
18008,459,0
18009,464,0
18010,468,0
18011,463,0
18012,461,0
18013,461,0
18014,457,0
18015,457,0
18016,465,0
18017,457,0
18018,451,0
18019,462,0
18020,464,0
18021,468,0
18022,459,0
18023,449,0
18024,453,0
18025,464,0
18026,465,0
18027,461,0
18028,468,0
18029,462,0
18030,465,0
18031,463,0
18032,464,0
18033,457,0
18034,453,0
18035,460,0
18036,471,0
18037,466,0
18038,463,0
18039,459,0
18040,465,0
18041,461,0
18042,457,0
18043,468,0
18044,470,0
18045,460,0
18046,458,0
18047,458,0
18048,463,0
18049,458,0
18050,458,0
18051,455,0
18052,458,0
18053,465,0
18054,460,0
18055,469,0
18056,454,0
18057,451,0
18058,460,0
18059,470,0
18060,468,0
18061,464,0
18062,460,0
18063,457,0
18064,458,0
18065,465,0
18066,462,0
18067,468,0
18068,462,0
18069,465,0
18070,457,0
18071,472,0
18072,463,0
18073,459,0
18074,468,0
18075,460,0
18076,459,0
18077,464,0
18078,453,0
18079,456,0
18080,457,0
18081,466,0
18082,456,0
18083,470,0
18084,466,0
18085,452,0
18086,452,0
18087,456,0
18088,461,0
18089,453,0
18090,464,0
18091,464,0
18092,464,0
18093,458,0
18094,458,0
18095,457,0
18096,462,0
18097,461,0
18098,463,0
18099,464,0
18100,456,0
18101,458,0
18102,465,0
18103,473,0
18104,463,0
18105,452,0
18106,465,0
18107,460,0
18108,469,0
18109,461,0
18110,458,0
18111,468,0
18112,470,0
18113,458,0
18114,455,0
18115,468,0
18116,458,0
18117,463,0
18118,460,0
18119,459,0
18120,456,0
18121,457,0
18122,464,0
18123,464,0
18124,469,0
18125,455,0
18126,459,0
18127,461,0
18128,458,0
18129,461,0
18130,464,0
18131,467,0
18132,470,0
18133,457,0
18134,459,0
18135,459,0
18136,469,0
18137,452,0
18138,456,0
18139,462,0
18140,458,0
18141,457,0
18142,456,0
18143,458,0
18144,461,0
18145,463,0
18146,451,0
18147,463,0
18148,456,0
18149,456,0
18150,462,0
18151,458,0
18152,467,0
18153,465,0
18154,468,0
18155,459,0
18156,458,0
18157,463,0
18158,462,0
18159,469,0
18160,468,0
18161,458,0
18162,447,0
18163,459,0
18164,467,0
18165,458,0
18166,459,0
18167,459,0
18168,467,0
18169,464,0
18170,460,0
18171,463,0
18172,469,0
18173,463,0
18174,460,0
18175,462,0
18176,447,0
18177,462,0
18178,455,0
18179,466,0
18180,459,0
18181,465,0
18182,472,0
18183,460,0
18184,459,0
18185,457,0
18186,462,0
18187,453,0
18188,464,0
18189,459,0
18190,464,0
18191,461,0
18192,467,0
18193,464,0
18194,467,0
18195,465,0
18196,468,0
18197,465,0
18198,467,0
18199,461,0
18200,470,0
18201,456,0
18202,470,0
18203,463,0
18204,467,0
18205,458,0
18206,464,0
18207,467,0
18208,467,0
18209,458,0
18210,467,0
18211,458,0
18212,466,0
18213,467,0
18214,466,0
18215,460,0
18216,461,0
18217,459,0
18218,465,0
18219,470,0
18220,469,0
18221,461,0
18222,469,0
18223,460,0
18224,461,0
18225,469,0
18226,465,0
18227,458,0
18228,462,0
18229,455,0
18230,460,0
18231,460,0
18232,454,0
18233,466,0
18234,465,0
18235,459,0
18236,460,0
18237,461,0
18238,465,0
18239,453,0
18240,458,0
18241,465,0
18242,463,0
18243,461,0
18244,470,0
18245,467,0
18246,465,0
18247,460,0
18248,462,0
18249,458,0
18250,463,0
18251,462,0
18252,460,0
18253,459,0
18254,463,0
18255,463,0
18256,459,0
18257,465,0
18258,463,0
18259,469,0
18260,462,0
18261,467,0
18262,461,0
18263,461,0
18264,461,0
18265,459,0
18266,456,0
18267,457,0
18268,466,0
18269,454,0
18270,467,0
18271,458,0
18272,463,0
18273,460,0
18274,470,0
18275,470,0
18276,462,0
18277,458,0
18278,464,0
18279,473,0
18280,465,0
18281,456,0
18282,459,0
18283,456,0
18284,461,0
18285,464,0
18286,453,0
18287,463,0
18288,464,0
18289,453,0
18290,460,0
18291,473,0
18292,469,0
18293,462,0
18294,459,0
18295,459,0
18296,458,0
18297,467,0
18298,451,0
18299,459,0
18300,464,0
18301,466,0
18302,455,0
18303,471,0
18304,466,0
18305,452,0
18306,467,0
18307,460,0
18308,457,0
18309,460,0
18310,460,0
18311,462,0
18312,460,0
18313,467,0
18314,463,0
18315,472,0
18316,454,0
18317,459,0
18318,460,0
18319,462,0
18320,457,0
18321,454,0
18322,458,0
18323,463,0
18324,454,0
18325,463,0
18326,469,0
18327,465,0
18328,461,0
18329,451,0
18330,463,0
18331,464,0
18332,456,0
18333,463,0
18334,462,0
18335,458,0
18336,466,0
18337,459,0
18338,457,0
18339,465,0
18340,461,0
18341,463,0
18342,462,0
18343,458,0
18344,465,0
18345,469,0
18346,455,0
18347,464,0
18348,462,0
18349,457,0
18350,468,0
18351,461,0
18352,466,0
18353,469,0
18354,457,0
18355,453,0
18356,464,0
18357,455,0
18358,464,0
18359,460,0
18360,469,0
18361,464,0
18362,457,0
18363,457,0
18364,461,0
18365,463,0
18366,459,0
18367,468,0
18368,458,0
18369,464,0
18370,460,0
18371,464,0
18372,465,0
18373,468,0
18374,474,0
18375,458,0
18376,457,0
18377,457,0
18378,462,0
18379,463,0
18380,462,0
18381,464,0
18382,466,0
18383,464,0
18384,460,0
18385,461,0
18386,462,0
18387,460,0
18388,455,0
18389,459,0
18390,465,0
18391,460,0
18392,459,0
18393,458,0
18394,458,0
18395,458,0
18396,459,0
18397,460,0
18398,460,0
18399,462,0
18400,462,0
18401,455,0
18402,465,0
18403,464,0
18404,468,0
18405,459,0
18406,458,0
18407,459,0
18408,473,0
18409,460,0
18410,466,0
18411,457,0
18412,466,0
18413,465,0
18414,453,0
18415,465,0
18416,461,0
18417,469,0
18418,462,0
18419,461,0
18420,457,0
18421,464,0
18422,462,0
18423,452,0
18424,463,0
18425,461,0
18426,460,0
18427,463,0
18428,460,0
18429,462,0
18430,461,0
18431,459,0
18432,468,0
18433,462,0
18434,457,0
18435,463,0
18436,468,0
18437,460,0
18438,467,0
18439,460,0
18440,460,0
18441,466,0
18442,456,0
18443,462,0
18444,463,0
18445,458,0
18446,458,0
18447,460,0
18448,469,0
18449,466,0
18450,450,0
18451,457,0
18452,457,0
18453,463,0
18454,457,0
18455,465,0
18456,458,0
18457,464,0
18458,459,0
18459,455,0
18460,463,0
18461,455,0
18462,460,0
18463,455,0
18464,466,0
18465,467,0
18466,464,0
18467,458,0
18468,453,0
18469,456,0
18470,463,0
18471,464,0
18472,456,0
18473,455,0
18474,464,0
18475,460,0
18476,462,0
18477,461,0
18478,471,0
18479,466,0
18480,458,0
18481,468,0
18482,467,0
18483,463,0
18484,457,0
18485,459,0
18486,461,0
18487,457,0
18488,472,0
18489,469,0
18490,466,0
18491,464,0
18492,470,0
18493,463,0
18494,461,0
18495,461,0
18496,464,0
18497,458,0
18498,454,0
18499,465,0
18500,459,0
18501,462,0
18502,460,0
18503,466,0
18504,457,0
18505,461,0
18506,458,0
18507,456,0
18508,450,0
18509,468,0
18510,460,0
18511,463,0
18512,457,0
18513,454,0
18514,462,0
18515,466,0
18516,463,0
18517,464,0
18518,461,0
18519,465,0
18520,459,0
18521,454,0
18522,473,0
18523,458,0
18524,461,0
18525,457,0
18526,460,0
18527,462,0
18528,460,0
18529,452,0
18530,460,0
18531,455,0
18532,463,0
18533,457,0
18534,458,0
18535,459,0
18536,461,0
18537,468,0
18538,459,0
18539,456,0
18540,454,0
18541,468,0
18542,463,0
18543,451,0
18544,468,0
18545,457,0
18546,467,0
18547,469,0
18548,462,0
18549,466,0
18550,462,0
18551,460,0
18552,465,0
18553,457,0
18554,464,0
18555,463,0
18556,463,0
18557,461,0
18558,467,0
18559,467,0
18560,458,0
18561,454,0
18562,458,0
18563,449,0
18564,462,0
18565,464,0
18566,459,0
18567,458,0
18568,465,0
18569,459,0
18570,460,0
18571,464,0
18572,472,0
18573,460,0
18574,460,0
18575,459,0
18576,467,0
18577,452,0
18578,453,0
18579,461,0
18580,457,0
18581,462,0
18582,459,0
18583,462,0
18584,464,0
18585,469,0
18586,460,0
18587,459,0
18588,475,0
18589,466,0
18590,464,0
18591,454,0
18592,453,0
18593,459,0
18594,461,0
18595,465,0
18596,463,0
18597,462,0
18598,464,0
18599,466,0
18600,465,0
18601,470,0
18602,461,0
18603,464,0
18604,465,0
18605,465,0
18606,457,0
18607,469,0
18608,456,0
18609,467,0
18610,456,0
18611,464,0
18612,462,0
18613,468,0
18614,469,0
18615,465,0
18616,463,0
18617,475,0
18618,459,0
18619,470,0
18620,454,0
18621,458,0
18622,460,0
18623,459,0
18624,461,0
18625,460,0
18626,462,0
18627,462,0
18628,464,0
18629,463,0
18630,465,0
18631,455,0
18632,464,0
18633,462,0
18634,463,0
18635,465,0
18636,456,0
18637,465,0
18638,468,0
18639,462,0
18640,459,0
18641,465,0
18642,462,0
18643,455,0
18644,463,0
18645,466,0
18646,461,0
18647,460,0
18648,461,0
18649,462,0
18650,474,0
18651,464,0
18652,462,0
18653,457,0
18654,465,0
18655,462,0
18656,467,0
18657,471,0
18658,463,0
18659,463,0
18660,467,0
18661,470,0
18662,462,0
18663,458,0
18664,466,0
18665,465,0
18666,460,0
18667,467,0
18668,463,0
18669,459,0
18670,466,0
18671,455,0
18672,459,0
18673,474,0
18674,459,0
18675,461,0
18676,459,0
18677,473,0
18678,469,0
18679,455,0
18680,468,0
18681,457,0
18682,456,0
18683,455,0
18684,462,0
18685,462,0
18686,466,0
18687,461,0
18688,460,0
18689,461,0
18690,457,0
18691,464,0
18692,459,0
18693,464,0
18694,462,0
18695,451,0
18696,458,0
18697,463,0
18698,460,0
18699,465,0
18700,454,0
18701,460,0
18702,469,0
18703,458,0
18704,470,0
18705,464,0
18706,456,0
18707,468,0
18708,460,0
18709,468,0
18710,460,0
18711,469,0
18712,457,0
18713,457,0
18714,465,0
18715,470,0
18716,463,0
18717,463,0
18718,464,0
18719,461,0
18720,464,0
18721,464,0
18722,470,0
18723,464,0
18724,462,0
18725,461,0
18726,465,0
18727,456,0
18728,462,0
18729,468,0
18730,462,0
18731,466,0
18732,467,0
18733,465,0
18734,460,0
18735,471,0
18736,458,0
18737,461,0
18738,465,0
18739,468,0
18740,465,0
18741,463,0
18742,462,0
18743,454,0
18744,458,0
18745,466,0
18746,461,0
18747,461,0
18748,463,0
18749,460,0
18750,467,0
18751,465,0
18752,468,0
18753,460,0
18754,462,0
18755,457,0
18756,461,0
18757,470,0
18758,462,0
18759,451,0
18760,458,0
18761,455,0
18762,464,0
18763,466,0
18764,460,0
18765,464,0
18766,467,0
18767,460,0
18768,460,0
18769,469,0
18770,463,0
18771,460,0
18772,466,0
18773,471,0
18774,463,0
18775,467,0
18776,462,0
18777,465,0
18778,461,0
18779,459,0
18780,462,0
18781,452,0
18782,466,0
18783,452,0
18784,465,0
18785,465,0
18786,458,0
18787,469,0
18788,459,0
18789,462,0
18790,466,0
18791,467,0
18792,456,0
18793,453,0
18794,461,0
18795,473,0
18796,462,0
18797,472,0
18798,455,0
18799,467,0
18800,465,0
18801,461,0
18802,462,0
18803,459,0
18804,458,0
18805,458,0
18806,465,0
18807,472,0
18808,459,0
18809,472,0
18810,458,0
18811,461,0
18812,464,0
18813,459,0
18814,469,0
18815,466,0
18816,463,0
18817,458,0
18818,465,0
18819,465,0
18820,452,0
18821,458,0
18822,462,0
18823,464,0
18824,465,0
18825,466,0
18826,463,0
18827,467,0
18828,468,0
18829,469,0
18830,458,0
18831,464,0
18832,460,0
18833,450,0
18834,459,0
18835,458,0
18836,463,0
18837,460,0
18838,465,0
18839,467,0
18840,463,0
18841,462,0
18842,469,0
18843,457,0
18844,469,0
18845,455,0
18846,461,0
18847,461,0
18848,460,0
18849,464,0
18850,460,0
18851,461,0
18852,458,0
18853,468,0
18854,462,0
18855,461,0
18856,464,0
18857,466,0
18858,459,0
18859,464,0
18860,453,0
18861,460,0
18862,458,0
18863,455,0
18864,457,0
18865,466,0
18866,459,0
18867,470,0
18868,469,0
18869,463,0
18870,459,0
18871,464,0
18872,473,0
18873,468,0
18874,457,0
18875,456,0
18876,459,0
18877,469,0
18878,459,0
18879,464,0
18880,453,0
18881,466,0
18882,459,0
18883,463,0
18884,460,0
18885,461,0
18886,459,0
18887,464,0
18888,461,0
18889,471,0
18890,461,0
18891,469,0
18892,457,0
18893,456,0
18894,463,0
18895,457,0
18896,450,0
18897,455,0
18898,453,0
18899,463,0
18900,459,0
18901,457,0
18902,458,0
18903,460,0
18904,463,0
18905,452,0
18906,462,0
18907,471,0
18908,454,0
18909,457,0
18910,470,0
18911,463,0
18912,460,0
18913,459,0
18914,460,0
18915,462,0
18916,467,0
18917,457,0
18918,465,0
18919,460,0
18920,465,0
18921,462,0
18922,455,0
18923,463,0
18924,458,0
18925,466,0
18926,460,0
18927,462,0
18928,459,0
18929,455,0
18930,458,0
18931,455,0
18932,473,0
18933,464,0
18934,456,0
18935,464,0
18936,463,0
18937,458,0
18938,468,0
18939,462,0
18940,459,0
18941,457,0
18942,459,0
18943,459,0
18944,467,0
18945,457,0
18946,467,0
18947,469,0
18948,465,0
18949,460,0
18950,454,0
18951,456,0
18952,454,0
18953,477,0
18954,457,0
18955,461,0
18956,477,0
18957,467,0
18958,467,0
18959,476,0
18960,471,0
18961,465,0
18962,465,0
18963,457,0
18964,466,0
18965,465,0
18966,471,0
18967,470,0
18968,467,0
18969,463,0
18970,460,0
18971,465,0
18972,456,0
18973,457,0
18974,467,0
18975,462,0
18976,461,0
18977,466,0
18978,464,0
18979,472,0
18980,462,0
18981,468,0
18982,463,0
18983,450,0
18984,455,0
18985,473,0
18986,469,0
18987,468,0
18988,462,0
18989,468,0
18990,458,0
18991,470,0
18992,462,0
18993,456,0
18994,465,0
18995,474,0
18996,462,0
18997,458,0
18998,476,0
18999,465,0
19000,466,0
19001,460,0
19002,460,0
19003,458,0
19004,464,0
19005,454,0
19006,460,0
19007,466,0
19008,460,0
19009,463,0
19010,457,0
19011,458,0
19012,467,0
19013,459,0
19014,453,0
19015,463,0
19016,463,0
19017,459,0
19018,466,0
19019,465,0
19020,468,0
19021,461,0
19022,468,0
19023,464,0
19024,455,0
19025,466,0
19026,461,0
19027,463,0
19028,461,0
19029,467,0
19030,462,0
19031,459,0
19032,469,0
19033,462,0
19034,460,0
19035,462,0
19036,466,0
19037,460,0
19038,458,0
19039,451,0
19040,465,0
19041,464,0
19042,464,0
19043,450,0
19044,453,0
19045,459,0
19046,467,0
19047,457,0
19048,463,0
19049,460,0
19050,455,0
19051,466,0
19052,466,0
19053,461,0
19054,460,0
19055,470,0
19056,465,0
19057,469,0
19058,454,0
19059,461,0
19060,468,0
19061,469,0
19062,457,0
19063,464,0
19064,463,0
19065,466,0
19066,462,0
19067,460,0
19068,451,0
19069,459,0
19070,465,0
19071,456,0
19072,450,0
19073,476,0
19074,462,0
19075,463,0
19076,466,0
19077,462,0
19078,468,0
19079,464,0
19080,459,0
19081,456,0
19082,463,0
19083,461,0
19084,465,0
19085,456,0
19086,468,0
19087,460,0
19088,461,0
19089,461,0
19090,467,0
19091,463,0
19092,467,0
19093,470,0
19094,458,0
19095,461,0
19096,463,0
19097,457,0
19098,455,0
19099,466,0
19100,461,0
19101,462,0
19102,463,0
19103,466,0
19104,450,0
19105,466,0
19106,464,0
19107,459,0
19108,456,0
19109,457,0
19110,462,0
19111,456,0
19112,465,0
19113,465,0
19114,468,0
19115,457,0
19116,469,0
19117,461,0
19118,457,0
19119,455,0
19120,460,0
19121,465,0
19122,458,0
19123,457,0
19124,464,0
19125,457,0
19126,456,0
19127,463,0
19128,466,0
19129,460,0
19130,459,0
19131,480,0
19132,465,0
19133,463,0
19134,465,0
19135,465,0
19136,468,0
19137,458,0
19138,475,0
19139,469,0
19140,470,0
19141,463,0
19142,451,0
19143,459,0
19144,458,0
19145,459,0
19146,467,0
19147,465,0
19148,467,0
19149,462,0
19150,466,0
19151,464,0
19152,463,0
19153,468,0
19154,470,0
19155,462,0
19156,463,0
19157,461,0
19158,463,0
19159,456,0
19160,456,0
19161,464,0
19162,455,0
19163,458,0
19164,468,0
19165,466,0
19166,467,0
19167,461,0
19168,459,0
19169,467,0
19170,463,0
19171,462,0
19172,463,0
19173,462,0
19174,464,0
19175,467,0
19176,460,0
19177,460,0
19178,474,0
19179,458,0
19180,467,0
19181,470,0
19182,457,0
19183,474,0
19184,466,0
19185,460,0
19186,467,0
19187,459,0
19188,457,0
19189,461,0
19190,468,0
19191,467,0
19192,456,0
19193,462,0
19194,465,0
19195,470,0
19196,462,0
19197,463,0
19198,467,0
19199,471,0
19200,463,0
19201,458,0
19202,469,0
19203,465,0
19204,469,0
19205,463,0
19206,457,0
19207,465,0
19208,461,0
19209,464,0
19210,460,0
19211,461,0
19212,462,0
19213,461,0
19214,460,0
19215,456,0
19216,458,0
19217,464,0
19218,460,0
19219,461,0
19220,453,0
19221,467,0
19222,464,0
19223,455,0
19224,463,0
19225,456,0
19226,467,0
19227,459,0
19228,457,0
19229,468,0
19230,471,0
19231,456,0
19232,460,0
19233,459,0
19234,462,0
19235,459,0
19236,461,0
19237,467,0
19238,453,0
19239,465,0
19240,467,0
19241,460,0
19242,464,0
19243,458,0
19244,465,0
19245,467,0
19246,463,0
19247,460,0
19248,466,0
19249,465,0
19250,459,0
19251,468,0
19252,462,0
19253,457,0
19254,462,0
19255,458,0
19256,465,0
19257,465,0
19258,463,0
19259,470,0
19260,454,0
19261,464,0
19262,463,0
19263,469,0
19264,458,0
19265,469,0
19266,456,0
19267,459,0
19268,467,0
19269,467,0
19270,458,0
19271,464,0
19272,465,0
19273,467,0
19274,468,0
19275,460,0
19276,471,0
19277,462,0
19278,469,0
19279,464,0
19280,462,0
19281,462,0
19282,457,0
19283,461,0
19284,457,0
19285,461,0
19286,480,0
19287,462,0
19288,464,0
19289,457,0
19290,463,0
19291,459,0
19292,463,0
19293,465,0
19294,470,0
19295,467,0
19296,460,0
19297,468,0
19298,462,0
19299,459,0
19300,466,0
19301,458,0
19302,470,0
19303,458,0
19304,463,0
19305,466,0
19306,466,0
19307,472,0
19308,469,0
19309,462,0
19310,468,0
19311,452,0
19312,453,0
19313,469,0
19314,468,0
19315,462,0
19316,456,0
19317,463,0
19318,469,0
19319,462,0
19320,460,0
19321,468,0
19322,470,0
19323,447,0
19324,457,0
19325,457,0
19326,462,0
19327,471,0
19328,462,0
19329,467,0
19330,463,0
19331,463,0
19332,466,0
19333,459,0
19334,463,0
19335,456,0
19336,457,0
19337,474,0
19338,463,0
19339,465,0
19340,462,0
19341,462,0
19342,474,0
19343,463,0
19344,459,0
19345,464,0
19346,464,0
19347,461,0
19348,461,0
19349,463,0
19350,468,0
19351,471,0
19352,461,0
19353,459,0
19354,455,0
19355,465,0
19356,463,0
19357,467,0
19358,464,0
19359,452,0
19360,470,0
19361,467,0
19362,465,0
19363,459,0
19364,456,0
19365,470,0
19366,458,0
19367,471,0
19368,470,0
19369,461,0
19370,468,0
19371,455,0
19372,467,0
19373,470,0
19374,464,0
19375,468,0
19376,461,0
19377,460,0
19378,458,0
19379,465,0
19380,459,0
19381,462,0
19382,462,0
19383,464,0
19384,461,0
19385,461,0
19386,472,0
19387,465,0
19388,457,0
19389,461,0
19390,467,0
19391,462,0
19392,460,0
19393,470,0
19394,462,0
19395,462,0
19396,461,0
19397,454,0
19398,456,0
19399,451,0
19400,469,0
19401,469,0
19402,458,0
19403,467,0
19404,464,0
19405,461,0
19406,460,0
19407,466,0
19408,454,0
19409,460,0
19410,454,0
19411,468,0
19412,466,0
19413,469,0
19414,459,0
19415,462,0
19416,468,0
19417,455,0
19418,458,0
19419,460,0
19420,461,0
19421,457,0
19422,459,0
19423,464,0
19424,462,0
19425,465,0
19426,466,0
19427,460,0
19428,469,0
19429,465,0
19430,463,0
19431,471,0
19432,467,0
19433,461,0
19434,474,0
19435,465,0
19436,461,0
19437,470,0
19438,454,0
19439,465,0
19440,468,0
19441,462,0
19442,466,0
19443,457,0
19444,460,0
19445,456,0
19446,461,0
19447,461,0
19448,465,0
19449,462,0
19450,463,0
19451,461,0
19452,466,0
19453,470,0
19454,464,0
19455,461,0
19456,461,0
19457,462,0
19458,468,0
19459,466,0
19460,463,0
19461,454,0
19462,457,0
19463,472,0
19464,467,0
19465,464,0
19466,465,0
19467,458,0
19468,468,0
19469,464,0
19470,462,0
19471,463,0
19472,465,0
19473,462,0
19474,461,0
19475,465,0
19476,463,0
19477,463,0
19478,458,0
19479,468,0
19480,464,0
19481,463,0
19482,473,0
19483,458,0
19484,458,0
19485,466,0
19486,463,0
19487,470,0
19488,462,0
19489,460,0
19490,469,0
19491,465,0
19492,472,0
19493,463,0
19494,461,0
19495,469,0
19496,461,0
19497,457,0
19498,458,0
19499,462,0
19500,457,0
19501,465,0
19502,477,0
19503,470,0
19504,468,0
19505,458,0
19506,466,0
19507,462,0
19508,466,0
19509,459,0
19510,464,0
19511,473,0
19512,469,0
19513,464,0
19514,464,0
19515,456,0
19516,463,0
19517,459,0
19518,464,0
19519,463,0
19520,467,0
19521,470,0
19522,468,0
19523,461,0
19524,452,0
19525,469,0
19526,466,0
19527,457,0
19528,469,0
19529,457,0
19530,464,0
19531,461,0
19532,462,0
19533,473,0
19534,464,0
19535,459,0
19536,460,0
19537,466,0
19538,464,0
19539,461,0
19540,466,0
19541,459,0
19542,461,0
19543,465,0
19544,464,0
19545,463,0
19546,464,0
19547,460,0
19548,470,0
19549,468,0
19550,469,0
19551,461,0
19552,466,0
19553,463,0
19554,466,0
19555,462,0
19556,463,0
19557,456,0
19558,464,0
19559,467,0
19560,457,0
19561,458,0
19562,465,0
19563,468,0
19564,463,0
19565,464,0
19566,470,0
19567,462,0
19568,455,0
19569,466,0
19570,465,0
19571,465,0
19572,467,0
19573,458,0
19574,459,0
19575,458,0
19576,472,0
19577,466,0
19578,462,0
19579,469,0
19580,466,0
19581,469,0
19582,463,0
19583,464,0
19584,470,0
19585,457,0
19586,461,0
19587,469,0
19588,470,0
19589,465,0
19590,468,0
19591,465,0
19592,469,0
19593,457,0
19594,462,0
19595,469,0
19596,467,0
19597,469,0
19598,472,0
19599,462,0
19600,456,0
19601,467,0
19602,466,0
19603,464,0
19604,457,0
19605,465,0
19606,471,0
19607,465,0
19608,463,0
19609,453,0
19610,462,0
19611,464,0
19612,459,0
19613,459,0
19614,463,0
19615,469,0
19616,466,0
19617,466,0
19618,467,0
19619,461,0
19620,458,0
19621,464,0
19622,471,0
19623,471,0
19624,460,0
19625,461,0
19626,460,0
19627,462,0
19628,465,0
19629,469,0
19630,465,0
19631,463,0
19632,460,0
19633,465,0
19634,464,0
19635,463,0
19636,469,0
19637,466,0
19638,455,0
19639,467,0
19640,455,0
19641,468,0
19642,456,0
19643,461,0
19644,457,0
19645,460,0
19646,455,0
19647,466,0
19648,466,0
19649,458,0
19650,466,0
19651,464,0
19652,465,0
19653,466,0
19654,472,0
19655,457,0
19656,456,0
19657,467,0
19658,464,0
19659,467,0
19660,455,0
19661,459,0
19662,461,0
19663,459,0
19664,468,0
19665,462,0
19666,468,0
19667,469,0
19668,463,0
19669,470,0
19670,459,0
19671,457,0
19672,467,0
19673,463,0
19674,469,0
19675,463,0
19676,465,0
19677,463,0
19678,458,0
19679,473,0
19680,466,0
19681,465,0
19682,458,0
19683,462,0
19684,466,0
19685,456,0
19686,453,0
19687,467,0
19688,465,0
19689,467,0
19690,466,0
19691,464,0
19692,460,0
19693,464,0
19694,459,0
19695,461,0
19696,459,0
19697,458,0
19698,466,0
19699,469,0
19700,461,0
19701,467,0
19702,468,0
19703,471,0
19704,458,0
19705,456,0
19706,468,0
19707,464,0
19708,463,0
19709,468,0
19710,462,0
19711,468,0
19712,464,0
19713,466,0
19714,459,0
19715,468,0
19716,471,0
19717,466,0
19718,463,0
19719,460,0
19720,467,0
19721,462,0
19722,469,0
19723,466,0
19724,459,0
19725,469,0
19726,462,0
19727,464,0
19728,459,0
19729,459,0
19730,467,0
19731,454,0
19732,472,0
19733,462,0
19734,457,0
19735,460,0
19736,456,0
19737,457,0
19738,464,0
19739,458,0
19740,452,0
19741,472,0
19742,465,0
19743,468,0
19744,461,0
19745,456,0
19746,465,0
19747,463,0
19748,458,0
19749,463,0
19750,462,0
19751,455,0
19752,462,0
19753,465,0
19754,457,0
19755,458,0
19756,464,0
19757,458,0
19758,466,0
19759,468,0
19760,469,0
19761,467,0
19762,468,0
19763,458,0
19764,459,0
19765,465,0
19766,455,0
19767,471,0
19768,453,0
19769,460,0
19770,460,0
19771,469,0
19772,464,0
19773,465,0
19774,460,0
19775,464,0
19776,472,0
19777,463,0
19778,467,0
19779,457,0
19780,463,0
19781,465,0
19782,462,0
19783,467,0
19784,468,0
19785,471,0
19786,466,0
19787,467,0
19788,457,0
19789,464,0
19790,462,0
19791,469,0
19792,459,0
19793,456,0
19794,455,0
19795,468,0
19796,454,0
19797,450,0
19798,459,0
19799,467,0
19800,459,0
19801,458,0
19802,460,0
19803,466,0
19804,469,0
19805,453,0
19806,459,0
19807,467,0
19808,457,0
19809,468,0
19810,463,0
19811,462,0
19812,468,0
19813,463,0
19814,455,0
19815,468,0
19816,466,0
19817,469,0
19818,464,0
19819,461,0
19820,463,0
19821,462,0
19822,461,0
19823,466,0
19824,456,0
19825,472,0
19826,470,0
19827,464,0
19828,455,0
19829,470,0
19830,458,0
19831,460,0
19832,458,0
19833,460,0
19834,461,0
19835,462,0
19836,470,0
19837,459,0
19838,468,0
19839,458,0
19840,460,0
19841,470,0
19842,469,0
19843,463,0
19844,462,0
19845,460,0
19846,462,0
19847,460,0
19848,464,0
19849,458,0
19850,463,0
19851,462,0
19852,469,0
19853,468,0
19854,456,0
19855,449,0
19856,462,0
19857,461,0
19858,473,0
19859,461,0
19860,462,0
19861,462,0
19862,454,0
19863,470,0
19864,472,0
19865,466,0
19866,468,0
19867,451,0
19868,463,0
19869,459,0
19870,463,0
19871,456,0
19872,470,0
19873,463,0
19874,459,0
19875,462,0
19876,464,0
19877,463,0
19878,465,0
19879,456,0
19880,471,0
19881,465,0
19882,469,0
19883,468,0
19884,472,0
19885,473,0
19886,467,0
19887,463,0
19888,463,0
19889,467,0
19890,465,0
19891,450,0
19892,460,0
19893,456,0
19894,468,0
19895,464,0
19896,461,0
19897,461,0
19898,463,0
19899,471,0
19900,470,0
19901,466,0
19902,468,0
19903,464,0
19904,459,0
19905,458,0
19906,457,0
19907,464,0
19908,465,0
19909,463,0
19910,460,0
19911,461,0
19912,460,0
19913,467,0
19914,469,0
19915,465,0
19916,461,0
19917,465,0
19918,468,0
19919,466,0
19920,468,0
19921,459,0
19922,464,0
19923,460,0
19924,462,0
19925,454,0
19926,461,0
19927,475,0
19928,466,0
19929,464,0
19930,463,0
19931,463,0
19932,461,0
19933,466,0
19934,459,0
19935,471,0
19936,471,0
19937,470,0
19938,457,0
19939,463,0
19940,459,0
19941,459,0
19942,475,0
19943,468,0
19944,467,0
19945,459,0
19946,461,0
19947,465,0
19948,466,0
19949,458,0
19950,463,0
19951,464,0
19952,469,0
19953,468,0
19954,472,0
19955,463,0
19956,472,0
19957,460,0
19958,463,0
19959,454,0
19960,466,0
19961,470,0
19962,467,0
19963,463,0
19964,469,0
19965,464,0
19966,454,0
19967,456,0
19968,464,0
19969,461,0
19970,460,0
19971,470,0
19972,468,0
19973,467,0
19974,457,0
19975,467,0
19976,468,0
19977,457,0
19978,466,0
19979,463,0
19980,461,0
19981,461,0
19982,464,0
19983,474,0
19984,469,0
19985,464,0
19986,459,0
19987,464,0
19988,461,0
19989,462,0
19990,463,0
19991,461,0
19992,460,0
19993,469,0
19994,459,0
19995,475,0
19996,469,0
19997,467,0
19998,458,0
19999,455,0
20000,459,0
20001,466,0
20002,461,0
20003,463,0
20004,464,0
20005,469,0
20006,448,0
20007,462,0
20008,463,0
20009,465,0
20010,470,0
20011,457,0
20012,464,0
20013,462,0
20014,472,0
20015,463,0
20016,454,0
20017,469,0
20018,466,0
20019,462,0
20020,461,0
20021,472,0
20022,467,0
20023,468,0
20024,465,0
20025,461,0
20026,453,0
20027,467,0
20028,467,0
20029,462,0
20030,458,0
20031,462,0
20032,461,0
20033,462,0
20034,468,0
20035,462,0
20036,469,0
20037,469,0
20038,463,0
20039,475,0
20040,468,0
20041,470,0
20042,468,0
20043,466,0
20044,461,0
20045,456,0
20046,471,0
20047,470,0
20048,461,0
20049,452,0
20050,467,0
20051,464,0
20052,460,0
20053,462,0
20054,457,0
20055,470,0
20056,459,0
20057,460,0
20058,466,0
20059,465,0
20060,463,0
20061,468,0
20062,466,0
20063,462,0
20064,457,0
20065,454,0
20066,453,0
20067,459,0
20068,462,0
20069,468,0
20070,466,0
20071,463,0
20072,464,0
20073,463,0
20074,467,0
20075,473,0
20076,454,0
20077,466,0
20078,461,0
20079,453,0
20080,460,0
20081,464,0
20082,467,0
20083,463,0
20084,457,0
20085,456,0
20086,468,0
20087,469,0
20088,460,0
20089,466,0
20090,466,0
20091,465,0
20092,462,0
20093,452,0
20094,470,0
20095,461,0
20096,471,0
20097,471,0
20098,468,0
20099,460,0
20100,462,0
20101,462,0
20102,461,0
20103,460,0
20104,464,0
20105,457,0
20106,464,0
20107,466,0
20108,470,0
20109,473,0
20110,456,0
20111,469,0
20112,465,0
20113,469,0
20114,457,0
20115,465,0
20116,468,0
20117,471,0
20118,461,0
20119,464,0
20120,461,0
20121,470,0
20122,461,0
20123,463,0
20124,465,0
20125,469,0
20126,469,0
20127,462,0
20128,468,0
20129,464,0
20130,461,0
20131,474,0
20132,471,0
20133,470,0
20134,468,0
20135,460,0
20136,461,0
20137,472,0
20138,471,0
20139,468,0
20140,456,0
20141,460,0
20142,461,0
20143,473,0
20144,465,0
20145,471,0
20146,461,0
20147,457,0
20148,468,0
20149,455,0
20150,463,0
20151,468,0
20152,470,0
20153,458,0
20154,463,0
20155,461,0
20156,458,0
20157,459,0
20158,461,0
20159,454,0
20160,461,0
20161,462,0
20162,464,0
20163,466,0
20164,460,0
20165,456,0
20166,463,0
20167,466,0
20168,458,0
20169,460,0
20170,462,0
20171,461,0
20172,466,0
20173,466,0
20174,460,0
20175,465,0
20176,469,0
20177,466,0
20178,462,0
20179,461,0
20180,465,0
20181,458,0
20182,467,0
20183,466,0
20184,466,0
20185,467,0
20186,470,0
20187,477,0
20188,463,0
20189,460,0
20190,464,0
20191,470,0
20192,465,0
20193,465,0
20194,460,0
20195,462,0
20196,460,0
20197,465,0
20198,462,0
20199,446,0
20200,459,0
20201,468,0
20202,457,0
20203,460,0
20204,464,0
20205,464,0
20206,461,0
20207,462,0
20208,466,0
20209,461,0
20210,460,0
20211,454,0
20212,463,0
20213,469,0
20214,463,0
20215,459,0
20216,462,0
20217,474,0
20218,471,0
20219,471,0
20220,463,0
20221,465,0
20222,459,0
20223,471,0
20224,468,0
20225,455,0
20226,465,0
20227,470,0
20228,471,0
20229,470,0
20230,469,0
20231,452,0
20232,468,0
20233,468,0
20234,458,0
20235,464,0
20236,463,0
20237,460,0
20238,468,0
20239,467,0
20240,465,0
20241,470,0
20242,464,0
20243,466,0
20244,460,0
20245,473,0
20246,464,0
20247,457,0
20248,459,0
20249,465,0
20250,465,0
20251,466,0
20252,462,0
20253,455,0
20254,461,0
20255,460,0
20256,460,0
20257,467,0
20258,468,0
20259,458,0
20260,460,0
20261,463,0
20262,469,0
20263,467,0
20264,463,0
20265,470,0
20266,462,0
20267,470,0
20268,472,0
20269,458,0
20270,463,0
20271,463,0
20272,471,0
20273,459,0
20274,456,0
20275,464,0
20276,457,0
20277,468,0
20278,464,0
20279,455,0
20280,465,0
20281,468,0
20282,465,0
20283,466,0
20284,466,0
20285,470,0
20286,472,0
20287,468,0
20288,462,0
20289,459,0
20290,461,0
20291,470,0
20292,461,0
20293,467,0
20294,461,0
20295,462,0
20296,458,0
20297,459,0
20298,461,0
20299,460,0
20300,455,0
20301,459,0
20302,462,0
20303,460,0
20304,464,0
20305,458,0
20306,459,0
20307,454,0
20308,466,0
20309,464,0
20310,453,0
20311,457,0
20312,460,0
20313,468,0
20314,463,0
20315,475,0
20316,461,0
20317,465,0
20318,458,0
20319,467,0
20320,465,0
20321,470,0
20322,469,0
20323,467,0
20324,462,0
20325,461,0
20326,465,0
20327,465,0
20328,466,0
20329,455,0
20330,460,0
20331,464,0
20332,465,0
20333,467,0
20334,470,0
20335,455,0
20336,467,0
20337,460,0
20338,457,0
20339,469,0
20340,467,0
20341,472,0
20342,465,0
20343,464,0
20344,473,0
20345,464,0
20346,462,0
20347,464,0
20348,461,0
20349,468,0
20350,467,0
20351,461,0
20352,457,0
20353,465,0
20354,471,0
20355,460,0
20356,463,0
20357,457,0
20358,466,0
20359,464,0
20360,457,0
20361,462,0
20362,463,0
20363,456,0
20364,456,0
20365,470,0
20366,459,0
20367,471,0
20368,474,0
20369,469,0
20370,457,0
20371,464,0
20372,470,0
20373,460,0
20374,475,0
20375,472,0
20376,467,0
20377,465,0
20378,468,0
20379,457,0
20380,465,0
20381,462,0
20382,460,0
20383,468,0
20384,459,0
20385,468,0
20386,455,0
20387,462,0
20388,462,0
20389,460,0
20390,468,0
20391,469,0
20392,465,0
20393,459,0
20394,466,0
20395,463,0
20396,456,0
20397,464,0
20398,462,0
20399,461,0
20400,470,0
20401,467,0
20402,468,0
20403,460,0
20404,460,0
20405,464,0
20406,457,0
20407,472,0
20408,467,0
20409,467,0
20410,474,0
20411,461,0
20412,472,0
20413,468,0
20414,463,0
20415,464,0
20416,468,0
20417,459,0
20418,470,0
20419,468,0
20420,462,0
20421,472,0
20422,461,0
20423,469,0
20424,466,0
20425,463,0
20426,463,0
20427,465,0
20428,459,0
20429,466,0
20430,454,0
20431,460,0
20432,458,0
20433,466,0
20434,468,0
20435,461,0
20436,466,0
20437,464,0
20438,467,0
20439,464,0
20440,461,0
20441,467,0
20442,472,0
20443,458,0
20444,465,0
20445,466,0
20446,467,0
20447,459,0
20448,468,0
20449,463,0
20450,458,0
20451,463,0
20452,461,0
20453,470,0
20454,455,0
20455,473,0
20456,456,0
20457,472,0
20458,456,0
20459,463,0
20460,460,0
20461,464,0
20462,465,0
20463,464,0
20464,461,0
20465,456,0
20466,471,0
20467,460,0
20468,470,0
20469,472,0
20470,467,0
20471,463,0
20472,464,0
20473,469,0
20474,460,0
20475,465,0
20476,468,0
20477,461,0
20478,463,0
20479,462,0
20480,471,0
20481,466,0
20482,467,0
20483,465,0
20484,452,0
20485,470,0
20486,473,0
20487,468,0
20488,459,0
20489,463,0
20490,461,0
20491,458,0
20492,469,0
20493,459,0
20494,461,0
20495,473,0
20496,466,0
20497,469,0
20498,466,0
20499,466,0
20500,463,0
20501,460,0
20502,470,0
20503,465,0
20504,457,0
20505,471,0
20506,474,0
20507,461,0
20508,464,0
20509,456,0
20510,466,0
20511,453,0
20512,472,0
20513,462,0
20514,457,0
20515,461,0
20516,458,0
20517,469,0
20518,462,0
20519,468,0
20520,468,0
20521,460,0
20522,470,0
20523,466,0
20524,460,0
20525,470,0
20526,468,0
20527,468,0
20528,466,0
20529,475,0
20530,468,0
20531,473,0
20532,466,0
20533,467,0
20534,465,0
20535,471,0
20536,458,0
20537,476,0
20538,459,0
20539,466,0
20540,473,0
20541,466,0
20542,463,0
20543,461,0
20544,461,0
20545,463,0
20546,463,0
20547,466,0
20548,468,0
20549,463,0
20550,457,0
20551,470,0
20552,470,0
20553,468,0
20554,466,0
20555,460,0
20556,464,0
20557,472,0
20558,464,0
20559,459,0
20560,466,0
20561,465,0
20562,456,0
20563,464,0
20564,464,0
20565,463,0
20566,461,0
20567,460,0
20568,464,0
20569,457,0
20570,462,0
20571,463,0
20572,474,0
20573,464,0
20574,460,0
20575,466,0
20576,461,0
20577,455,0
20578,457,0
20579,468,0
20580,464,0
20581,469,0
20582,467,0
20583,466,0
20584,465,0
20585,464,0
20586,463,0
20587,463,0
20588,472,0
20589,465,0
20590,461,0
20591,466,0
20592,464,0
20593,468,0
20594,457,0
20595,469,0
20596,464,0
20597,454,0
20598,460,0
20599,461,0
20600,462,0
20601,466,0
20602,465,0
20603,455,0
20604,461,0
20605,466,0
20606,465,0
20607,471,0
20608,470,0
20609,457,0
20610,470,0
20611,471,0
20612,465,0
20613,472,0
20614,468,0
20615,464,0
20616,459,0
20617,450,0
20618,467,0
20619,464,0
20620,466,0
20621,459,0
20622,469,0
20623,460,0
20624,471,0
20625,471,0
20626,467,0
20627,458,0
20628,467,0
20629,471,0
20630,459,0
20631,472,0
20632,463,0
20633,460,0
20634,468,0
20635,460,0
20636,466,0
20637,461,0
20638,469,0
20639,459,0
20640,474,0
20641,473,0
20642,465,0
20643,472,0
20644,467,0
20645,471,0
20646,468,0
20647,457,0
20648,470,0
20649,466,0
20650,461,0
20651,463,0
20652,460,0
20653,461,0
20654,471,0
20655,469,0
20656,462,0
20657,465,0
20658,467,0
20659,464,0
20660,461,0
20661,469,0
20662,459,0
20663,461,0
20664,466,0
20665,457,0
20666,461,0
20667,471,0
20668,458,0
20669,465,0
20670,475,0
20671,464,0
20672,467,0
20673,466,0
20674,470,0
20675,462,0
20676,460,0
20677,468,0
20678,460,0
20679,465,0
20680,461,0
20681,463,0
20682,468,0
20683,464,0
20684,468,0
20685,464,0
20686,461,0
20687,466,0
20688,470,0
20689,467,0
20690,464,0
20691,467,0
20692,456,0
20693,463,0
20694,466,0
20695,454,0
20696,469,0
20697,450,0
20698,462,0
20699,463,0
20700,462,0
20701,474,0
20702,458,0
20703,467,0
20704,469,0
20705,463,0
20706,460,0
20707,461,0
20708,467,0
20709,464,0
20710,459,0
20711,472,0
20712,472,0
20713,460,0
20714,465,0
20715,459,0
20716,469,0
20717,476,0
20718,469,0
20719,460,0
20720,468,0
20721,458,0
20722,450,0
20723,475,0
20724,475,0
20725,462,0
20726,472,0
20727,477,0
20728,471,0
20729,466,0
20730,459,0
20731,465,0
20732,460,0
20733,467,0
20734,461,0
20735,465,0
20736,466,0
20737,468,0
20738,469,0
20739,464,0
20740,461,0
20741,463,0
20742,466,0
20743,471,0
20744,455,0
20745,457,0
20746,473,0
20747,462,0
20748,465,0
20749,458,0
20750,456,0
20751,469,0
20752,464,0
20753,463,0
20754,462,0
20755,471,0
20756,466,0
20757,467,0
20758,459,0
20759,471,0
20760,466,0
20761,463,0
20762,470,0
20763,468,0
20764,470,0
20765,461,0
20766,456,0
20767,465,0
20768,461,0
20769,459,0
20770,468,0
20771,465,0
20772,465,0
20773,461,0
20774,463,0
20775,462,0
20776,461,0
20777,463,0
20778,466,0
20779,460,0
20780,464,0
20781,469,0
20782,461,0
20783,463,0
20784,467,0
20785,461,0
20786,468,0
20787,467,0
20788,470,0
20789,476,0
20790,461,0
20791,460,0
20792,454,0
20793,463,0
20794,469,0
20795,460,0
20796,459,0
20797,460,0
20798,469,0
20799,459,0
20800,459,0
20801,459,0
20802,462,0
20803,465,0
20804,461,0
20805,469,0
20806,458,0
20807,462,0
20808,460,0
20809,465,0
20810,466,0
20811,467,0
20812,472,0
20813,463,0
20814,461,0
20815,472,0
20816,461,0
20817,451,0
20818,464,0
20819,465,0
20820,465,0
20821,465,0
20822,479,0
20823,463,0
20824,467,0
20825,465,0
20826,458,0
20827,459,0
20828,470,0
20829,458,0
20830,474,0
20831,472,0
20832,474,0
20833,462,0
20834,465,0
20835,472,0
20836,466,0
20837,467,0
20838,458,0
20839,466,0
20840,466,0
20841,465,0
20842,470,0
20843,458,0
20844,467,0
20845,470,0
20846,460,0
20847,460,0
20848,463,0
20849,474,0
20850,465,0
20851,469,0
20852,462,0
20853,476,0
20854,466,0
20855,465,0
20856,462,0
20857,460,0
20858,469,0
20859,461,0
20860,463,0
20861,467,0
20862,482,0
20863,464,0
20864,461,0
20865,467,0
20866,461,0
20867,459,0
20868,466,0
20869,457,0
20870,469,0
20871,466,0
20872,468,0
20873,458,0
20874,459,0
20875,476,0
20876,459,0
20877,462,0
20878,470,0
20879,471,0
20880,456,0
20881,464,0
20882,470,0
20883,466,0
20884,461,0
20885,464,0
20886,466,0
20887,466,0
20888,468,0
20889,468,0
20890,461,0
20891,460,0
20892,459,0
20893,460,0
20894,468,0
20895,469,0
20896,461,0
20897,449,0
20898,474,0
20899,460,0
20900,469,0
20901,462,0
20902,468,0
20903,469,0
20904,460,0
20905,462,0
20906,471,0
20907,468,0
20908,465,0
20909,471,0
20910,463,0
20911,470,0
20912,473,0
20913,470,0
20914,470,0
20915,460,0
20916,468,0
20917,465,0
20918,460,0
20919,452,0
20920,468,0
20921,467,0
20922,463,0
20923,462,0
20924,465,0
20925,466,0
20926,460,0
20927,465,0
20928,476,0
20929,463,0
20930,466,0
20931,464,0
20932,468,0
20933,451,0
20934,473,0
20935,465,0
20936,459,0
20937,464,0
20938,463,0
20939,458,0
20940,463,0
20941,460,0
20942,468,0
20943,460,0
20944,467,0
20945,468,0
20946,466,0
20947,471,0
20948,463,0
20949,460,0
20950,473,0
20951,468,0
20952,466,0
20953,470,0
20954,463,0
20955,471,0
20956,464,0
20957,469,0
20958,469,0
20959,457,0
20960,477,0
20961,465,0
20962,469,0
20963,466,0
20964,462,0
20965,471,0
20966,463,0
20967,461,0
20968,466,0
20969,465,0
20970,466,0
20971,460,0
20972,464,0
20973,461,0
20974,468,0
20975,466,0
20976,460,0
20977,462,0
20978,470,0
20979,464,0
20980,462,0
20981,468,0
20982,470,0
20983,466,0
20984,464,0
20985,473,0
20986,465,0
20987,457,0
20988,466,0
20989,462,0
20990,468,0
20991,462,0
20992,471,0
20993,463,0
20994,464,0
20995,465,0
20996,456,0
20997,472,0
20998,477,0
20999,471,0
21000,461,0
21001,468,0
21002,459,0
21003,455,0
21004,472,0
21005,469,0
21006,457,0
21007,466,0
21008,464,0
21009,460,0
21010,465,0
21011,463,0
21012,467,0
21013,466,0
21014,467,0
21015,462,0
21016,465,0
21017,461,0
21018,466,0
21019,458,0
21020,469,0
21021,465,0
21022,465,0
21023,472,0
21024,464,0
21025,469,0
21026,460,0
21027,470,0
21028,470,0
21029,473,0
21030,469,0
21031,458,0
21032,475,0
21033,472,0
21034,467,0
21035,470,0
21036,459,0
21037,468,0
21038,461,0
21039,459,0
21040,468,0
21041,464,0
21042,456,0
21043,463,0
21044,464,0
21045,471,0
21046,455,0
21047,472,0
21048,468,0
21049,459,0
21050,455,0
21051,453,0
21052,464,0
21053,473,0
21054,475,0
21055,471,0
21056,456,0
21057,467,0
21058,468,0
21059,459,0
21060,460,0
21061,463,0
21062,465,0
21063,471,0
21064,471,0
21065,467,0
21066,474,0
21067,467,0
21068,469,0
21069,460,0
21070,467,0
21071,457,0
21072,456,0
21073,463,0
21074,463,0
21075,471,0
21076,464,0
21077,461,0
21078,470,0
21079,467,0
21080,466,0
21081,469,0
21082,466,0
21083,464,0
21084,461,0
21085,479,0
21086,460,0
21087,468,0
21088,463,0
21089,465,0
21090,462,0
21091,462,0
21092,462,0
21093,458,0
21094,463,0
21095,473,0
21096,463,0
21097,459,0
21098,463,0
21099,458,0
21100,454,0
21101,461,0
21102,467,0
21103,463,0
21104,462,0
21105,464,0
21106,468,0
21107,459,0
21108,464,0
21109,469,0
21110,468,0
21111,462,0
21112,472,0
21113,472,0
21114,461,0
21115,459,0
21116,464,0
21117,461,0
21118,465,0
21119,466,0
21120,454,0
21121,452,0
21122,467,0
21123,468,0
21124,465,0
21125,462,0
21126,464,0
21127,464,0
21128,473,0
21129,469,0
21130,463,0
21131,462,0
21132,464,0
21133,467,0
21134,464,0
21135,464,0
21136,467,0
21137,457,0
21138,456,0
21139,461,0
21140,459,0
21141,463,0
21142,465,0
21143,463,0
21144,461,0
21145,457,0
21146,463,0
21147,461,0
21148,470,0
21149,470,0
21150,465,0
21151,461,0
21152,467,0
21153,459,0
21154,474,0
21155,463,0
21156,462,0
21157,471,0
21158,457,0
21159,468,0
21160,465,0
21161,467,0
21162,463,0
21163,460,0
21164,471,0
21165,471,0
21166,470,0
21167,470,0
21168,463,0
21169,469,0
21170,469,0
21171,461,0
21172,462,0
21173,469,0
21174,462,0
21175,466,0
21176,456,0
21177,463,0
21178,463,0
21179,464,0
21180,462,0
21181,468,0
21182,464,0
21183,471,0
21184,464,0
21185,464,0
21186,459,0
21187,465,0
21188,468,0
21189,473,0
21190,462,0
21191,455,0
21192,472,0
21193,466,0
21194,465,0
21195,464,0
21196,469,0
21197,453,0
21198,467,0
21199,475,0
21200,464,0
21201,465,0
21202,466,0
21203,462,0
21204,469,0
21205,462,0
21206,461,0
21207,465,0
21208,465,0
21209,461,0
21210,466,0
21211,465,0
21212,464,0
21213,460,0
21214,462,0
21215,463,0
21216,466,0
21217,461,0
21218,462,0
21219,455,0
21220,456,0
21221,460,0
21222,461,0
21223,468,0
21224,460,0
21225,461,0
21226,477,0
21227,462,0
21228,467,0
21229,466,0
21230,472,0
21231,468,0
21232,465,0
21233,462,0
21234,458,0
21235,466,0
21236,465,0
21237,464,0
21238,472,0
21239,470,0
21240,472,0
21241,461,0
21242,466,0
21243,467,0
21244,470,0
21245,472,0
21246,471,0
21247,462,0
21248,467,0
21249,458,0
21250,464,0
21251,459,0
21252,469,0
21253,463,0
21254,462,0
21255,461,0
21256,464,0
21257,462,0
21258,467,0
21259,471,0
21260,468,0
21261,458,0
21262,459,0
21263,461,0
21264,462,0
21265,468,0
21266,465,0
21267,462,0
21268,464,0
21269,467,0
21270,470,0
21271,456,0
21272,464,0
21273,474,0
21274,469,0
21275,472,0
21276,463,0
21277,460,0
21278,460,0
21279,469,0
21280,464,0
21281,458,0
21282,465,0
21283,461,0
21284,468,0
21285,464,0
21286,469,0
21287,460,0
21288,466,0
21289,469,0
21290,469,0
21291,465,0
21292,466,0
21293,472,0
21294,465,0
21295,464,0
21296,470,0
21297,463,0
21298,462,0
21299,473,0
21300,472,0
21301,456,0
21302,463,0
21303,468,0
21304,465,0
21305,469,0
21306,469,0
21307,469,0
21308,463,0
21309,472,0
21310,460,0
21311,464,0
21312,464,0
21313,459,0
21314,463,0
21315,458,0
21316,467,0
21317,472,0
21318,463,0
21319,462,0
21320,471,0
21321,459,0
21322,460,0
21323,462,0
21324,460,0
21325,472,0
21326,469,0
21327,466,0
21328,466,0
21329,467,0
21330,460,0
21331,470,0
21332,461,0
21333,471,0
21334,460,0
21335,475,0
21336,469,0
21337,462,0
21338,463,0
21339,466,0
21340,466,0
21341,469,0
21342,472,0
21343,468,0
21344,467,0
21345,465,0
21346,461,0
21347,471,0
21348,459,0
21349,463,0
21350,467,0
21351,469,0
21352,465,0
21353,463,0
21354,474,0
21355,463,0
21356,459,0
21357,463,0
21358,451,0
21359,465,0
21360,464,0
21361,456,0
21362,472,0
21363,477,0
21364,471,0
21365,473,0
21366,470,0
21367,468,0
21368,458,0
21369,471,0
21370,465,0
21371,462,0
21372,467,0
21373,471,0
21374,466,0
21375,464,0
21376,463,0
21377,462,0
21378,458,0
21379,469,0
21380,468,0
21381,465,0
21382,469,0
21383,460,0
21384,464,0
21385,469,0
21386,460,0
21387,462,0
21388,458,0
21389,452,0
21390,470,0
21391,469,0
21392,467,0
21393,474,0
21394,469,0
21395,469,0
21396,458,0
21397,459,0
21398,471,0
21399,463,0
21400,468,0
21401,473,0
21402,456,0
21403,470,0
21404,465,0
21405,468,0
21406,465,0
21407,466,0
21408,457,0
21409,456,0
21410,464,0
21411,463,0
21412,464,0
21413,472,0
21414,462,0
21415,476,0
21416,459,0
21417,460,0
21418,466,0
21419,456,0
21420,457,0
21421,464,0
21422,463,0
21423,468,0
21424,467,0
21425,469,0
21426,473,0
21427,463,0
21428,462,0
21429,470,0
21430,472,0
21431,464,0
21432,460,0
21433,476,0
21434,462,0
21435,466,0
21436,468,0
21437,458,0
21438,462,0
21439,457,0
21440,470,0
21441,461,0
21442,474,0
21443,464,0
21444,465,0
21445,469,0
21446,471,0
21447,474,0
21448,469,0
21449,471,0
21450,462,0
21451,472,0
21452,471,0
21453,477,0
21454,463,0
21455,463,0
21456,462,0
21457,460,0
21458,475,0
21459,466,0
21460,468,0
21461,460,0
21462,461,0
21463,459,0
21464,466,0
21465,451,0
21466,461,0
21467,459,0
21468,462,0
21469,471,0
21470,461,0
21471,464,0
21472,463,0
21473,461,0
21474,458,0
21475,470,0
21476,464,0
21477,461,0
21478,453,0
21479,473,0
21480,464,0
21481,463,0
21482,464,0
21483,473,0
21484,465,0
21485,474,0
21486,458,0
21487,460,0
21488,471,0
21489,467,0
21490,462,0
21491,465,0
21492,466,0
21493,461,0
21494,463,0
21495,462,0
21496,463,0
21497,474,0
21498,460,0
21499,468,0
21500,460,0
21501,474,0
21502,466,0
21503,456,0
21504,468,0
21505,469,0
21506,466,0
21507,459,0
21508,455,0
21509,463,0
21510,458,0
21511,467,0
21512,461,0
21513,455,0
21514,474,0
21515,474,0
21516,463,0
21517,464,0
21518,468,0
21519,463,0
21520,466,0
21521,459,0
21522,463,0
21523,467,0
21524,467,0
21525,464,0
21526,460,0
21527,470,0
21528,466,0
21529,469,0
21530,466,0
21531,454,0
21532,467,0
21533,470,0
21534,472,0
21535,461,0
21536,462,0
21537,463,0
21538,470,0
21539,462,0
21540,456,0
21541,467,0
21542,461,0
21543,472,0
21544,466,0
21545,459,0
21546,461,0
21547,459,0
21548,463,0
21549,463,0
21550,459,0
21551,458,0
21552,466,0
21553,469,0
21554,471,0
21555,463,0
21556,459,0
21557,467,0
21558,465,0
21559,464,0
21560,478,0
21561,465,0
21562,483,0
21563,459,0
21564,469,0
21565,455,0
21566,470,0
21567,466,0
21568,466,0
21569,462,0
21570,458,0
21571,463,0
21572,467,0
21573,464,0
21574,466,0
21575,460,0
21576,470,0
21577,460,0
21578,462,0
21579,468,0
21580,469,0
21581,458,0
21582,469,0
21583,463,0
21584,468,0
21585,461,0
21586,468,0
21587,468,0
21588,471,0
21589,473,0
21590,464,0
21591,462,0
21592,470,0
21593,456,0
21594,461,0
21595,462,0
21596,462,0
21597,475,0
21598,465,0
21599,466,0
21600,466,0
21601,468,0
21602,474,0
21603,464,0
21604,464,0
21605,463,0
21606,469,0
21607,464,0
21608,456,0
21609,464,0
21610,468,0
21611,460,0
21612,467,0
21613,460,0
21614,463,0
21615,457,0
21616,463,0
21617,452,0
21618,473,0
21619,460,0
21620,463,0
21621,463,0
21622,475,0
21623,464,0
21624,466,0
21625,465,0
21626,461,0
21627,470,0
21628,469,0
21629,455,0
21630,471,0
21631,460,0
21632,464,0
21633,454,0
21634,461,0
21635,467,0
21636,472,0
21637,466,0
21638,471,0
21639,465,0
21640,462,0
21641,460,0
21642,468,0
21643,462,0
21644,468,0
21645,471,0
21646,459,0
21647,461,0
21648,464,0
21649,468,0
21650,470,0
21651,464,0
21652,473,0
21653,471,0
21654,464,0
21655,467,0
21656,462,0
21657,461,0
21658,465,0
21659,461,0
21660,462,0
21661,472,0
21662,464,0
21663,468,0
21664,465,0
21665,454,0
21666,459,0
21667,462,0
21668,456,0
21669,460,0
21670,458,0
21671,461,0
21672,468,0
21673,470,0
21674,463,0
21675,467,0
21676,461,0
21677,463,0
21678,461,0
21679,454,0
21680,472,0
21681,476,0
21682,462,0
21683,458,0
21684,471,0
21685,456,0
21686,453,0
21687,465,0
21688,470,0
21689,472,0
21690,472,0
21691,467,0
21692,464,0
21693,462,0
21694,470,0
21695,467,0
21696,466,0
21697,468,0
21698,458,0
21699,464,0
21700,469,0
21701,462,0
21702,464,0
21703,469,0
21704,466,0
21705,470,0
21706,465,0
21707,475,0
21708,465,0
21709,470,0
21710,467,0
21711,459,0
21712,462,0
21713,459,0
21714,464,0
21715,463,0
21716,467,0
21717,460,0
21718,466,0
21719,464,0
21720,462,0
21721,476,0
21722,466,0
21723,462,0
21724,459,0
21725,464,0
21726,459,0
21727,466,0
21728,464,0
21729,463,0
21730,466,0
21731,458,0
21732,461,0
21733,465,0
21734,463,0
21735,471,0
21736,463,0
21737,466,0
21738,463,0
21739,476,0
21740,460,0
21741,465,0
21742,468,0
21743,467,0
21744,463,0
21745,454,0
21746,470,0
21747,462,0
21748,464,0
21749,469,0
21750,470,0
21751,465,0
21752,463,0
21753,466,0
21754,464,0
21755,460,0
21756,465,0
21757,473,0
21758,460,0
21759,471,0
21760,467,0
21761,459,0
21762,472,0
21763,463,0
21764,465,0
21765,471,0
21766,464,0
21767,468,0
21768,464,0
21769,457,0
21770,467,0
21771,461,0
21772,468,0
21773,466,0
21774,462,0
21775,463,0
21776,468,0
21777,462,0
21778,462,0
21779,469,0
21780,465,0
21781,472,0
21782,470,0
21783,465,0
21784,459,0
21785,469,0
21786,460,0
21787,469,0
21788,468,0
21789,462,0
21790,470,0
21791,465,0
21792,470,0
21793,467,0
21794,469,0
21795,449,0
21796,464,0
21797,464,0
21798,466,0
21799,458,0
21800,466,0
21801,469,0
21802,469,0
21803,464,0
21804,461,0
21805,462,0
21806,468,0
21807,466,0
21808,460,0
21809,469,0
21810,465,0
21811,469,0
21812,468,0
21813,463,0
21814,461,0
21815,469,0
21816,459,0
21817,465,0
21818,465,0
21819,455,0
21820,459,0
21821,469,0
21822,462,0
21823,462,0
21824,456,0
21825,472,0
21826,457,0
21827,466,0
21828,464,0
21829,462,0
21830,461,0
21831,465,0
21832,463,0
21833,472,0
21834,467,0
21835,466,0
21836,471,0
21837,466,0
21838,468,0
21839,462,0
21840,462,0
21841,469,0
21842,463,0
21843,462,0
21844,464,0
21845,462,0
21846,466,0
21847,477,0
21848,469,0
21849,468,0
21850,461,0
21851,463,0
21852,458,0
21853,453,0
21854,469,0
21855,476,0
21856,466,0
21857,463,0
21858,462,0
21859,455,0
21860,471,0
21861,467,0
21862,468,0
21863,458,0
21864,469,0
21865,463,0
21866,478,0
21867,470,0
21868,467,0
21869,469,0
21870,466,0
21871,474,0
21872,463,0
21873,463,0
21874,469,0
21875,468,0
21876,463,0
21877,454,0
21878,457,0
21879,474,0
21880,458,0
21881,461,0
21882,467,0
21883,465,0
21884,471,0
21885,466,0
21886,467,0
21887,465,0
21888,465,0
21889,464,0
21890,465,0
21891,473,0
21892,467,0
21893,459,0
21894,466,0
21895,468,0
21896,480,0
21897,470,0
21898,471,0
21899,465,0
21900,472,0
21901,461,0
21902,468,0
21903,475,0
21904,467,0
21905,472,0
21906,472,0
21907,466,0
21908,458,0
21909,463,0
21910,474,0
21911,465,0
21912,467,0
21913,466,0
21914,466,0
21915,465,0
21916,462,0
21917,465,0
21918,467,0
21919,469,0
21920,472,0
21921,460,0
21922,471,0
21923,468,0
21924,469,0
21925,466,0
21926,467,0
21927,468,0
21928,460,0
21929,460,0
21930,467,0
21931,461,0
21932,463,0
21933,466,0
21934,465,0
21935,461,0
21936,457,0
21937,466,0
21938,469,0
21939,464,0
21940,454,0
21941,469,0
21942,460,0
21943,468,0
21944,472,0
21945,470,0
21946,461,0
21947,460,0
21948,467,0
21949,456,0
21950,468,0
21951,468,0
21952,464,0
21953,465,0
21954,469,0
21955,465,0
21956,468,0
21957,461,0
21958,465,0
21959,449,0
21960,465,0
21961,461,0
21962,466,0
21963,456,0
21964,461,0
21965,469,0
21966,467,0
21967,457,0
21968,471,0
21969,469,0
21970,467,0
21971,469,0
21972,469,0
21973,463,0
21974,458,0
21975,462,0
21976,466,0
21977,464,0
21978,463,0
21979,467,0
21980,479,0
21981,466,0
21982,467,0
21983,465,0
21984,470,0
21985,468,0
21986,459,0
21987,472,0
21988,471,0
21989,470,0
21990,469,0
21991,455,0
21992,471,0
21993,465,0
21994,467,0
21995,470,0
21996,457,0
21997,465,0
21998,467,0
21999,467,0
22000,466,0
22001,460,0
22002,461,0
22003,467,0
22004,466,0
22005,465,0
22006,458,0
22007,475,0
22008,462,0
22009,470,0
22010,464,0
22011,466,0
22012,459,0
22013,461,0
22014,469,0
22015,470,0
22016,461,0
22017,468,0
22018,457,0
22019,458,0
22020,470,0
22021,476,0
22022,463,0
22023,460,0
22024,464,0
22025,478,0
22026,462,0
22027,458,0
22028,461,0
22029,467,0
22030,463,0
22031,460,0
22032,464,0
22033,461,0
22034,458,0
22035,469,0
22036,464,0
22037,466,0
22038,473,0
22039,471,0
22040,463,0
22041,469,0
22042,476,0
22043,465,0
22044,469,0
22045,462,0
22046,465,0
22047,468,0
22048,469,0
22049,460,0
22050,465,0
22051,461,0
22052,464,0
22053,457,0
22054,465,0
22055,463,0
22056,462,0
22057,466,0
22058,466,0
22059,465,0
22060,471,0
22061,461,0
22062,464,0
22063,466,0
22064,463,0
22065,466,0
22066,465,0
22067,464,0
22068,466,0
22069,461,0
22070,468,0
22071,469,0
22072,470,0
22073,470,0
22074,472,0
22075,463,0
22076,466,0
22077,462,0
22078,463,0
22079,470,0
22080,474,0
22081,476,0
22082,469,0
22083,463,0
22084,470,0
22085,473,0
22086,465,0
22087,470,0
22088,464,0
22089,461,0
22090,465,0
22091,455,0
22092,468,0
22093,470,0
22094,465,0
22095,470,0
22096,465,0
22097,472,0
22098,468,0
22099,466,0
22100,476,0
22101,463,0
22102,453,0
22103,473,0
22104,456,0
22105,463,0
22106,463,0
22107,459,0
22108,465,0
22109,463,0
22110,466,0
22111,465,0
22112,460,0
22113,460,0
22114,463,0
22115,469,0
22116,468,0
22117,463,0
22118,467,0
22119,468,0
22120,467,0
22121,471,0
22122,470,0
22123,462,0
22124,472,0
22125,471,0
22126,465,0
22127,465,0
22128,468,0
22129,465,0
22130,466,0
22131,461,0
22132,458,0
22133,469,0
22134,467,0
22135,467,0
22136,469,0
22137,464,0
22138,462,0
22139,454,0
22140,463,0
22141,464,0
22142,468,0
22143,457,0
22144,474,0
22145,468,0
22146,462,0
22147,460,0
22148,473,0
22149,463,0
22150,462,0
22151,465,0
22152,461,0
22153,465,0
22154,465,0
22155,460,0
22156,464,0
22157,469,0
22158,460,0
22159,470,0
22160,476,0
22161,467,0
22162,467,0
22163,468,0
22164,467,0
22165,465,0
22166,470,0
22167,456,0
22168,460,0
22169,472,0
22170,466,0
22171,456,0
22172,465,0
22173,462,0
22174,468,0
22175,468,0
22176,464,0
22177,469,0
22178,456,0
22179,463,0
22180,465,0
22181,459,0
22182,462,0
22183,460,0
22184,472,0
22185,463,0
22186,452,0
22187,461,0
22188,472,0
22189,464,0
22190,461,0
22191,469,0
22192,467,0
22193,467,0
22194,463,0
22195,465,0
22196,460,0
22197,463,0
22198,465,0
22199,465,0
22200,458,0
22201,457,0
22202,466,0
22203,464,0
22204,461,0
22205,464,0
22206,464,0
22207,463,0
22208,461,0
22209,469,0
22210,471,0
22211,467,0
22212,464,0
22213,462,0
22214,467,0
22215,462,0
22216,464,0
22217,468,0
22218,458,0
22219,464,0
22220,469,0
22221,462,0
22222,464,0
22223,461,0
22224,462,0
22225,464,0
22226,459,0
22227,471,0
22228,458,0
22229,466,0
22230,466,0
22231,460,0
22232,465,0
22233,470,0
22234,464,0
22235,467,0
22236,461,0
22237,467,0
22238,469,0
22239,470,0
22240,465,0
22241,469,0
22242,463,0
22243,468,0
22244,476,0
22245,460,0
22246,472,0
22247,471,0
22248,464,0
22249,467,0
22250,462,0
22251,462,0
22252,462,0
22253,466,0
22254,458,0
22255,476,0
22256,455,0
22257,467,0
22258,473,0
22259,468,0
22260,465,0
22261,456,0
22262,469,0
22263,466,0
22264,458,0
22265,468,0
22266,465,0
22267,467,0
22268,462,0
22269,474,0
22270,456,0
22271,466,0
22272,459,0
22273,461,0
22274,466,0
22275,465,0
22276,463,0
22277,458,0
22278,468,0
22279,461,0
22280,470,0
22281,468,0
22282,469,0
22283,466,0
22284,468,0
22285,465,0
22286,467,0
22287,468,0
22288,471,0
22289,463,0
22290,466,0
22291,472,0
22292,460,0
22293,464,0
22294,469,0
22295,465,0
22296,466,0
22297,468,0
22298,466,0
22299,463,0
22300,461,0
22301,466,0
22302,461,0
22303,469,0
22304,469,0
22305,469,0
22306,467,0
22307,464,0
22308,464,0
22309,469,0
22310,464,0
22311,464,0
22312,472,0
22313,467,0
22314,464,0
22315,469,0
22316,475,0
22317,473,0
22318,461,0
22319,466,0
22320,464,0
22321,473,0
22322,469,0
22323,465,0
22324,465,0
22325,463,0
22326,466,0
22327,455,0
22328,462,0
22329,460,0
22330,457,0
22331,473,0
22332,466,0
22333,463,0
22334,468,0
22335,464,0
22336,463,0
22337,481,0
22338,465,0
22339,473,0
22340,463,0
22341,473,0
22342,463,0
22343,470,0
22344,466,0
22345,473,0
22346,453,0
22347,470,0
22348,463,0
22349,466,0
22350,463,0
22351,462,0
22352,470,0
22353,464,0
22354,464,0
22355,468,0
22356,471,0
22357,472,0
22358,466,0
22359,457,0
22360,462,0
22361,469,0
22362,472,0
22363,467,0
22364,473,0
22365,464,0
22366,470,0
22367,464,0
22368,471,0
22369,472,0
22370,472,0
22371,465,0
22372,476,0
22373,459,0
22374,467,0
22375,463,0
22376,468,0
22377,460,0
22378,466,0
22379,459,0
22380,461,0
22381,463,0
22382,469,0
22383,467,0
22384,476,0
22385,466,0
22386,464,0
22387,473,0
22388,464,0
22389,470,0
22390,468,0
22391,464,0
22392,467,0
22393,464,0
22394,466,0
22395,466,0
22396,461,0
22397,467,0
22398,475,0
22399,467,0
22400,462,0
22401,467,0
22402,458,0
22403,465,0
22404,464,0
22405,470,0
22406,465,0
22407,472,0
22408,468,0
22409,464,0
22410,464,0
22411,456,0
22412,468,0
22413,472,0
22414,470,0
22415,454,0
22416,467,0
22417,460,0
22418,461,0
22419,472,0
22420,464,0
22421,466,0
22422,461,0
22423,463,0
22424,466,0
22425,461,0
22426,462,0
22427,472,0
22428,460,0
22429,474,0
22430,462,0
22431,464,0
22432,465,0
22433,463,0
22434,469,0
22435,469,0
22436,463,0
22437,468,0
22438,458,0
22439,465,0
22440,464,0
22441,457,0
22442,476,0
22443,460,0
22444,467,0
22445,465,0
22446,466,0
22447,459,0
22448,466,0
22449,462,0
22450,464,0
22451,464,0
22452,465,0
22453,461,0
22454,468,0
22455,463,0
22456,455,0
22457,465,0
22458,461,0
22459,459,0
22460,467,0
22461,459,0
22462,462,0
22463,474,0
22464,462,0
22465,472,0
22466,469,0
22467,460,0
22468,457,0
22469,463,0
22470,457,0
22471,461,0
22472,464,0
22473,465,0
22474,464,0
22475,470,0
22476,462,0
22477,462,0
22478,468,0
22479,463,0
22480,462,0
22481,460,0
22482,468,0
22483,473,0
22484,470,0
22485,459,0
22486,468,0
22487,466,0
22488,468,0
22489,464,0
22490,472,0
22491,466,0
22492,463,0
22493,474,0
22494,470,0
22495,462,0
22496,464,0
22497,462,0
22498,462,0
22499,467,0
22500,467,0
22501,465,0
22502,467,0
22503,473,0
22504,471,0
22505,463,0
22506,468,0
22507,467,0
22508,456,0
22509,467,0
22510,468,0
22511,461,0
22512,472,0
22513,469,0
22514,469,0
22515,463,0
22516,475,0
22517,461,0
22518,461,0
22519,461,0
22520,473,0
22521,459,0
22522,464,0
22523,465,0
22524,468,0
22525,468,0
22526,468,0
22527,473,0
22528,462,0
22529,468,0
22530,472,0
22531,467,0
22532,469,0
22533,472,0
22534,464,0
22535,473,0
22536,460,0
22537,465,0
22538,464,0
22539,470,0
22540,459,0
22541,476,0
22542,465,0
22543,462,0
22544,465,0
22545,469,0
22546,462,0
22547,473,0
22548,468,0
22549,476,0
22550,469,0
22551,459,0
22552,466,0
22553,466,0
22554,468,0
22555,454,0
22556,469,0
22557,466,0
22558,475,0
22559,467,0
22560,474,0
22561,469,0
22562,466,0
22563,476,0
22564,462,0
22565,463,0
22566,467,0
22567,463,0
22568,459,0
22569,463,0
22570,470,0
22571,469,0
22572,460,0
22573,467,0
22574,468,0
22575,474,0
22576,467,0
22577,470,0
22578,465,0
22579,455,0
22580,469,0
22581,462,0
22582,475,0
22583,465,0
22584,462,0
22585,462,0
22586,461,0
22587,468,0
22588,463,0
22589,464,0
22590,468,0
22591,466,0
22592,466,0
22593,468,0
22594,464,0
22595,466,0
22596,463,0
22597,471,0
22598,468,0
22599,456,0
22600,463,0
22601,469,0
22602,461,0
22603,466,0
22604,466,0
22605,460,0
22606,464,0
22607,471,0
22608,467,0
22609,466,0
22610,468,0
22611,463,0
22612,459,0
22613,469,0
22614,464,0
22615,464,0
22616,464,0
22617,464,0
22618,466,0
22619,464,0
22620,469,0
22621,468,0
22622,462,0
22623,471,0
22624,456,0
22625,459,0
22626,468,0
22627,467,0
22628,464,0
22629,458,0
22630,482,0
22631,471,0
22632,466,0
22633,468,0
22634,460,0
22635,462,0
22636,473,0
22637,472,0
22638,468,0
22639,476,0
22640,468,0
22641,475,0
22642,470,0
22643,474,0
22644,468,0
22645,469,0
22646,464,0
22647,462,0
22648,466,0
22649,459,0
22650,468,0
22651,463,0
22652,469,0
22653,459,0
22654,465,0
22655,470,0
22656,470,0
22657,462,0
22658,469,0
22659,471,0
22660,468,0
22661,468,0
22662,462,0
22663,466,0
22664,453,0
22665,464,0
22666,465,0
22667,465,0
22668,469,0
22669,462,0
22670,470,0
22671,465,0
22672,464,0
22673,462,0
22674,462,0
22675,469,0
22676,465,0
22677,478,0
22678,459,0
22679,465,0
22680,459,0
22681,466,0
22682,475,0
22683,472,0
22684,468,0
22685,462,0
22686,470,0
22687,467,0
22688,461,0
22689,467,0
22690,471,0
22691,462,0
22692,468,0
22693,465,0
22694,464,0
22695,462,0
22696,460,0
22697,460,0
22698,460,0
22699,460,0
22700,471,0
22701,463,0
22702,464,0
22703,465,0
22704,477,0
22705,466,0
22706,465,0
22707,465,0
22708,474,0
22709,469,0
22710,472,0
22711,464,0
22712,466,0
22713,471,0
22714,458,0
22715,465,0
22716,461,0
22717,471,0
22718,464,0
22719,475,0
22720,466,0
22721,467,0
22722,466,0
22723,456,0
22724,469,0
22725,458,0
22726,465,0
22727,464,0
22728,462,0
22729,458,0
22730,462,0
22731,463,0
22732,458,0
22733,462,0
22734,471,0
22735,461,0
22736,467,0
22737,468,0
22738,463,0
22739,462,0
22740,456,0
22741,469,0
22742,461,0
22743,471,0
22744,458,0
22745,472,0
22746,467,0
22747,460,0
22748,469,0
22749,456,0
22750,470,0
22751,461,0
22752,469,0
22753,461,0
22754,468,0
22755,474,0
22756,459,0
22757,469,0
22758,468,0
22759,464,0
22760,463,0
22761,466,0
22762,462,0
22763,472,0
22764,460,0
22765,457,0
22766,467,0
22767,461,0
22768,462,0
22769,470,0
22770,467,0
22771,468,0
22772,477,0
22773,462,0
22774,461,0
22775,461,0
22776,458,0
22777,462,0
22778,484,0
22779,464,0
22780,472,0
22781,468,0
22782,469,0
22783,469,0
22784,463,0
22785,470,0
22786,464,0
22787,454,0
22788,463,0
22789,467,0
22790,462,0
22791,463,0
22792,461,0
22793,463,0
22794,475,0
22795,470,0
22796,463,0
22797,458,0
22798,464,0
22799,467,0
22800,465,0
22801,467,0
22802,468,0
22803,472,0
22804,456,0
22805,466,0
22806,465,0
22807,462,0
22808,467,0
22809,464,0
22810,463,0
22811,459,0
22812,470,0
22813,471,0
22814,464,0
22815,461,0
22816,466,0
22817,465,0
22818,463,0
22819,473,0
22820,458,0
22821,464,0
22822,471,0
22823,477,0
22824,471,0
22825,465,0
22826,476,0
22827,467,0
22828,469,0
22829,465,0
22830,459,0
22831,459,0
22832,464,0
22833,464,0
22834,465,0
22835,467,0
22836,458,0
22837,458,0
22838,460,0
22839,470,0
22840,469,0
22841,468,0
22842,469,0
22843,471,0
22844,462,0
22845,463,0
22846,467,0
22847,468,0
22848,459,0
22849,463,0
22850,463,0
22851,464,0
22852,456,0
22853,459,0
22854,458,0
22855,468,0
22856,466,0
22857,467,0
22858,466,0
22859,463,0
22860,470,0
22861,464,0
22862,463,0
22863,464,0
22864,472,0
22865,470,0
22866,467,0
22867,465,0
22868,467,0
22869,472,0
22870,467,0
22871,465,0
22872,468,0
22873,460,0
22874,465,0
22875,470,0
22876,469,0
22877,465,0
22878,464,0
22879,465,0
22880,466,0
22881,467,0
22882,474,0
22883,471,0
22884,464,0
22885,469,0
22886,468,0
22887,466,0
22888,463,0
22889,462,0
22890,471,0
22891,468,0
22892,471,0
22893,465,0
22894,467,0
22895,469,0
22896,460,0
22897,470,0
22898,463,0
22899,462,0
22900,470,0
22901,469,0
22902,461,0
22903,458,0
22904,463,0
22905,464,0
22906,473,0
22907,468,0
22908,468,0
22909,461,0
22910,469,0
22911,458,0
22912,474,0
22913,476,0
22914,459,0
22915,472,0
22916,470,0
22917,460,0
22918,469,0
22919,466,0
22920,465,0
22921,467,0
22922,469,0
22923,467,0
22924,471,0
22925,472,0
22926,457,0
22927,469,0
22928,465,0
22929,471,0
22930,462,0
22931,456,0
22932,456,0
22933,466,0
22934,472,0
22935,469,0
22936,463,0
22937,467,0
22938,458,0
22939,461,0
22940,466,0
22941,460,0
22942,463,0
22943,471,0
22944,464,0
22945,457,0
22946,461,0
22947,471,0
22948,461,0
22949,470,0
22950,465,0
22951,470,0
22952,470,0
22953,467,0
22954,469,0
22955,468,0
22956,467,0
22957,468,0
22958,467,0
22959,459,0
22960,477,0
22961,466,0
22962,459,0
22963,459,0
22964,469,0
22965,478,0
22966,468,0
22967,470,0
22968,471,0
22969,470,0
22970,472,0
22971,475,0
22972,466,0
22973,471,0
22974,472,0
22975,463,0
22976,469,0
22977,470,0
22978,464,0
22979,462,0
22980,468,0
22981,466,0
22982,462,0
22983,473,0
22984,466,0
22985,470,0
22986,465,0
22987,474,0
22988,467,0
22989,465,0
22990,460,0
22991,464,0
22992,461,0
22993,461,0
22994,460,0
22995,461,0
22996,457,0
22997,463,0
22998,458,0
22999,470,0
23000,468,0
23001,460,0
23002,467,0
23003,457,0
23004,470,0
23005,474,0
23006,472,0
23007,466,0
23008,456,0
23009,471,0
23010,469,0
23011,465,0
23012,467,0
23013,465,0
23014,459,0
23015,472,0
23016,464,0
23017,466,0
23018,461,0
23019,474,0
23020,467,0
23021,468,0
23022,461,0
23023,471,0
23024,461,0
23025,461,0
23026,469,0
23027,468,0
23028,472,0
23029,459,0
23030,468,0
23031,464,0
23032,464,0
23033,470,0
23034,469,0
23035,466,0
23036,473,0
23037,458,0
23038,464,0
23039,470,0
23040,466,0
23041,473,0
23042,457,0
23043,460,0
23044,473,0
23045,458,0
23046,466,0
23047,463,0
23048,464,0
23049,475,0
23050,461,0
23051,468,0
23052,469,0
23053,469,0
23054,469,0
23055,465,0
23056,467,0
23057,470,0
23058,468,0
23059,462,0
23060,461,0
23061,457,0
23062,470,0
23063,468,0
23064,468,0
23065,460,0
23066,464,0
23067,470,0
23068,463,0
23069,463,0
23070,472,0
23071,460,0
23072,468,0
23073,464,0
23074,462,0
23075,462,0
23076,473,0
23077,468,0
23078,466,0
23079,470,0
23080,456,0
23081,469,0
23082,473,0
23083,476,0
23084,467,0
23085,472,0
23086,471,0
23087,467,0
23088,463,0
23089,453,0
23090,464,0
23091,459,0
23092,474,0
23093,470,0
23094,473,0
23095,470,0
23096,467,0
23097,460,0
23098,469,0
23099,467,0
23100,467,0
23101,467,0
23102,464,0
23103,466,0
23104,462,0
23105,461,0
23106,477,0
23107,466,0
23108,457,0
23109,463,0
23110,465,0
23111,464,0
23112,464,0
23113,461,0
23114,459,0
23115,453,0
23116,471,0
23117,463,0
23118,465,0
23119,474,0
23120,463,0
23121,461,0
23122,462,0
23123,461,0
23124,473,0
23125,466,0
23126,468,0
23127,463,0
23128,477,0
23129,463,0
23130,458,0
23131,463,0
23132,464,0
23133,466,0
23134,458,0
23135,463,0
23136,455,0
23137,461,0
23138,463,0
23139,474,0
23140,457,0
23141,463,0
23142,464,0
23143,462,0
23144,457,0
23145,461,0
23146,471,0
23147,463,0
23148,471,0
23149,461,0
23150,475,0
23151,455,0
23152,469,0
23153,463,0
23154,468,0
23155,469,0
23156,455,0
23157,473,0
23158,476,0
23159,463,0
23160,465,0
23161,457,0
23162,464,0
23163,467,0
23164,471,0
23165,458,0
23166,468,0
23167,470,0
23168,467,0
23169,459,0
23170,461,0
23171,469,0
23172,461,0
23173,470,0
23174,466,0
23175,459,0
23176,467,0
23177,464,0
23178,462,0
23179,465,0
23180,467,0
23181,466,0
23182,472,0
23183,465,0
23184,472,0
23185,459,0
23186,464,0
23187,471,0
23188,470,0
23189,467,0
23190,463,0
23191,467,0
23192,462,0
23193,468,0
23194,470,0
23195,461,0
23196,471,0
23197,468,0
23198,466,0
23199,466,0
23200,462,0
23201,464,0
23202,472,0
23203,462,0
23204,465,0
23205,456,0
23206,459,0
23207,462,0
23208,468,0
23209,465,0
23210,469,0
23211,466,0
23212,468,0
23213,467,0
23214,473,0
23215,461,0
23216,469,0
23217,464,0
23218,466,0
23219,462,0
23220,474,0
23221,473,0
23222,467,0
23223,453,0
23224,473,0
23225,468,0
23226,457,0
23227,461,0
23228,469,0
23229,471,0
23230,468,0
23231,468,0
23232,477,0
23233,470,0
23234,465,0
23235,458,0
23236,465,0
23237,464,0
23238,477,0
23239,470,0
23240,473,0
23241,469,0
23242,468,0
23243,464,0
23244,468,0
23245,472,0
23246,473,0
23247,462,0
23248,474,0
23249,460,0
23250,464,0
23251,463,0
23252,469,0
23253,462,0
23254,465,0
23255,463,0
23256,463,0
23257,471,0
23258,467,0
23259,473,0
23260,470,0
23261,467,0
23262,461,0
23263,463,0
23264,460,0
23265,468,0
23266,457,0
23267,461,0
23268,460,0
23269,458,0
23270,472,0
23271,454,0
23272,471,0
23273,469,0
23274,459,0
23275,461,0
23276,461,0
23277,471,0
23278,462,0
23279,469,0
23280,466,0
23281,471,0
23282,474,0
23283,460,0
23284,466,0
23285,465,0
23286,470,0
23287,460,0
23288,463,0
23289,467,0
23290,465,0
23291,471,0
23292,473,0
23293,462,0
23294,457,0
23295,461,0
23296,465,0
23297,455,0
23298,465,0
23299,470,0
23300,463,0
23301,466,0
23302,469,0
23303,464,0
23304,468,0
23305,470,0
23306,462,0
23307,465,0
23308,470,0
23309,463,0
23310,468,0
23311,465,0
23312,457,0
23313,457,0
23314,463,0
23315,468,0
23316,470,0
23317,462,0
23318,460,0
23319,470,0
23320,463,0
23321,470,0
23322,473,0
23323,465,0
23324,466,0
23325,459,0
23326,471,0
23327,461,0
23328,467,0
23329,469,0
23330,468,0
23331,465,0
23332,482,0
23333,464,0
23334,464,0
23335,453,0
23336,476,0
23337,466,0
23338,467,0
23339,469,0
23340,464,0
23341,467,0
23342,459,0
23343,469,0
23344,466,0
23345,462,0
23346,469,0
23347,471,0
23348,459,0
23349,466,0
23350,455,0
23351,467,0
23352,466,0
23353,467,0
23354,460,0
23355,458,0
23356,467,0
23357,460,0
23358,468,0
23359,461,0
23360,472,0
23361,464,0
23362,458,0
23363,463,0
23364,464,0
23365,466,0
23366,469,0
23367,466,0
23368,462,0
23369,466,0
23370,462,0
23371,464,0
23372,470,0
23373,467,0
23374,460,0
23375,468,0
23376,468,0
23377,465,0
23378,466,0
23379,467,0
23380,470,0
23381,460,0
23382,466,0
23383,461,0
23384,467,0
23385,464,0
23386,464,0
23387,466,0
23388,475,0
23389,473,0
23390,454,0
23391,462,0
23392,463,0
23393,467,0
23394,466,0
23395,466,0
23396,463,0
23397,469,0
23398,474,0
23399,460,0
23400,471,0
23401,456,0
23402,460,0
23403,468,0
23404,471,0
23405,459,0
23406,459,0
23407,470,0
23408,474,0
23409,467,0
23410,467,0
23411,469,0
23412,461,0
23413,469,0
23414,472,0
23415,465,0
23416,468,0
23417,465,0
23418,460,0
23419,466,0
23420,463,0
23421,470,0
23422,466,0
23423,460,0
23424,460,0
23425,469,0
23426,465,0
23427,471,0
23428,465,0
23429,458,0
23430,462,0
23431,467,0
23432,468,0
23433,467,0
23434,466,0
23435,467,0
23436,471,0
23437,457,0
23438,465,0
23439,462,0
23440,466,0
23441,469,0
23442,465,0
23443,455,0
23444,464,0
23445,465,0
23446,477,0
23447,472,0
23448,468,0
23449,468,0
23450,467,0
23451,466,0
23452,466,0
23453,459,0
23454,467,0
23455,461,0
23456,461,0
23457,465,0
23458,465,0
23459,466,0
23460,465,0
23461,455,0
23462,453,0
23463,473,0
23464,466,0
23465,468,0
23466,465,0
23467,457,0
23468,464,0
23469,470,0
23470,466,0
23471,457,0
23472,462,0
23473,464,0
23474,458,0
23475,471,0
23476,467,0
23477,467,0
23478,475,0
23479,464,0
23480,477,0
23481,460,0
23482,457,0
23483,474,0
23484,460,0
23485,472,0
23486,471,0
23487,464,0
23488,464,0
23489,468,0
23490,465,0
23491,460,0
23492,461,0
23493,462,0
23494,466,0
23495,456,0
23496,463,0
23497,458,0
23498,470,0
23499,460,0
23500,462,0
23501,460,0
23502,469,0
23503,470,0
23504,459,0
23505,469,0
23506,464,0
23507,469,0
23508,463,0
23509,465,0
23510,464,0
23511,465,0
23512,468,0
23513,460,0
23514,461,0
23515,476,0
23516,466,0
23517,467,0
23518,464,0
23519,466,0
23520,474,0
23521,469,0
23522,474,0
23523,467,0
23524,472,0
23525,462,0
23526,458,0
23527,461,0
23528,467,0
23529,466,0
23530,469,0
23531,467,0
23532,467,0
23533,462,0
23534,460,0
23535,472,0
23536,464,0
23537,461,0
23538,460,0
23539,453,0
23540,475,0
23541,468,0
23542,467,0
23543,463,0
23544,462,0
23545,472,0
23546,475,0
23547,464,0
23548,469,0
23549,466,0
23550,463,0
23551,458,0
23552,460,0
23553,459,0
23554,463,0
23555,472,0
23556,469,0
23557,463,0
23558,463,0
23559,471,0
23560,459,0
23561,463,0
23562,462,0
23563,461,0
23564,473,0
23565,454,0
23566,454,0
23567,478,0
23568,468,0
23569,473,0
23570,459,0
23571,474,0
23572,466,0
23573,471,0
23574,457,0
23575,464,0
23576,466,0
23577,475,0
23578,475,0
23579,467,0
23580,459,0
23581,457,0
23582,465,0
23583,462,0
23584,476,0
23585,458,0
23586,465,0
23587,471,0
23588,469,0
23589,475,0
23590,465,0
23591,466,0
23592,462,0
23593,468,0
23594,466,0
23595,467,0
23596,470,0
23597,468,0
23598,462,0
23599,466,0
23600,473,0
23601,460,0
23602,463,0
23603,476,0
23604,471,0
23605,462,0
23606,461,0
23607,474,0
23608,460,0
23609,471,0
23610,468,0
23611,465,0
23612,471,0
23613,473,0
23614,470,0
23615,475,0
23616,474,0
23617,473,0
23618,464,0
23619,463,0
23620,474,0
23621,470,0
23622,470,0
23623,465,0
23624,462,0
23625,463,0
23626,474,0
23627,458,0
23628,471,0
23629,470,0
23630,470,0
23631,462,0
23632,469,0
23633,467,0
23634,464,0
23635,472,0
23636,465,0
23637,463,0
23638,464,0
23639,468,0
23640,470,0
23641,466,0
23642,467,0
23643,469,0
23644,461,0
23645,461,0
23646,457,0
23647,461,0
23648,469,0
23649,466,0
23650,470,0
23651,465,0
23652,476,0
23653,465,0
23654,466,0
23655,467,0
23656,470,0
23657,462,0
23658,463,0
23659,459,0
23660,467,0
23661,470,0
23662,477,0
23663,462,0
23664,471,0
23665,472,0
23666,464,0
23667,457,0
23668,459,0
23669,470,0
23670,463,0
23671,467,0
23672,462,0
23673,471,0
23674,459,0
23675,471,0
23676,469,0
23677,469,0
23678,464,0
23679,469,0
23680,462,0
23681,468,0
23682,464,0
23683,457,0
23684,466,0
23685,462,0
23686,461,0
23687,470,0
23688,469,0
23689,474,0
23690,469,0
23691,466,0
23692,473,0
23693,460,0
23694,456,0
23695,472,0
23696,461,0
23697,462,0
23698,462,0
23699,466,0
23700,466,0
23701,461,0
23702,473,0
23703,475,0
23704,466,0
23705,471,0
23706,468,0
23707,469,0
23708,469,0
23709,462,0
23710,467,0
23711,462,0
23712,464,0
23713,463,0
23714,462,0
23715,459,0
23716,462,0
23717,466,0
23718,468,0
23719,464,0
23720,467,0
23721,462,0
23722,467,0
23723,472,0
23724,462,0
23725,468,0
23726,462,0
23727,463,0
23728,464,0
23729,465,0
23730,456,0
23731,469,0
23732,468,0
23733,473,0
23734,468,0
23735,469,0
23736,465,0
23737,471,0
23738,461,0
23739,470,0
23740,468,0
23741,469,0
23742,459,0
23743,468,0
23744,468,0
23745,470,0
23746,476,0
23747,466,0
23748,467,0
23749,459,0
23750,468,0
23751,467,0
23752,466,0
23753,464,0
23754,460,0
23755,456,0
23756,470,0
23757,463,0
23758,464,0
23759,467,0
23760,466,0
23761,465,0
23762,467,0
23763,466,0
23764,471,0
23765,462,0
23766,465,0
23767,470,0
23768,461,0
23769,462,0
23770,470,0
23771,471,0
23772,473,0
23773,466,0
23774,467,0
23775,459,0
23776,469,0
23777,463,0
23778,465,0
23779,473,0
23780,465,0
23781,462,0
23782,455,0
23783,458,0
23784,465,0
23785,466,0
23786,465,0
23787,468,0
23788,467,0
23789,461,0
23790,456,0
23791,467,0
23792,465,0
23793,464,0
23794,466,0
23795,463,0
23796,458,0
23797,472,0
23798,476,0
23799,465,0
23800,453,0
23801,465,0
23802,459,0
23803,473,0
23804,470,0
23805,463,0
23806,463,0
23807,467,0
23808,458,0
23809,458,0
23810,467,0
23811,467,0
23812,459,0
23813,468,0
23814,465,0
23815,460,0
23816,471,0
23817,458,0
23818,468,0
23819,464,0
23820,455,0
23821,464,0
23822,463,0
23823,465,0
23824,466,0
23825,462,0
23826,460,0
23827,454,0
23828,463,0
23829,469,0
23830,472,0
23831,465,0
23832,461,0
23833,461,0
23834,463,0
23835,479,0
23836,479,0
23837,452,0
23838,470,0
23839,459,0
23840,476,0
23841,466,0
23842,462,0
23843,482,0
23844,463,0
23845,467,0
23846,455,0
23847,465,0
23848,461,0
23849,465,0
23850,467,0
23851,469,0
23852,466,0
23853,468,0
23854,455,0
23855,456,0
23856,466,0
23857,463,0
23858,466,0
23859,472,0
23860,461,0
23861,475,0
23862,473,0
23863,478,0
23864,469,0
23865,468,0
23866,468,0
23867,467,0
23868,461,0
23869,466,0
23870,468,0
23871,459,0
23872,458,0
23873,460,0
23874,467,0
23875,462,0
23876,463,0
23877,461,0
23878,466,0
23879,473,0
23880,465,0
23881,474,0
23882,470,0
23883,472,0
23884,461,0
23885,464,0
23886,466,0
23887,465,0
23888,468,0
23889,469,0
23890,470,0
23891,463,0
23892,459,0
23893,466,0
23894,460,0
23895,462,0
23896,476,0
23897,464,0
23898,468,0
23899,470,0
23900,464,0
23901,463,0
23902,469,0
23903,469,0
23904,465,0
23905,460,0
23906,465,0
23907,461,0
23908,466,0
23909,467,0
23910,464,0
23911,464,0
23912,474,0
23913,472,0
23914,456,0
23915,465,0
23916,469,0
23917,464,0
23918,455,0
23919,470,0
23920,463,0
23921,467,0
23922,466,0
23923,466,0
23924,462,0
23925,473,0
23926,469,0
23927,458,0
23928,467,0
23929,464,0
23930,469,0
23931,459,0
23932,467,0
23933,464,0
23934,471,0
23935,477,0
23936,473,0
23937,463,0
23938,466,0
23939,468,0
23940,461,0
23941,467,0
23942,472,0
23943,466,0
23944,459,0
23945,465,0
23946,463,0
23947,464,0
23948,467,0
23949,465,0
23950,468,0
23951,474,0
23952,455,0
23953,468,0
23954,462,0
23955,468,0
23956,463,0
23957,463,0
23958,459,0
23959,470,0
23960,459,0
23961,475,0
23962,464,0
23963,473,0
23964,458,0
23965,462,0
23966,467,0
23967,466,0
23968,470,0
23969,469,0
23970,469,0
23971,455,0
23972,470,0
23973,469,0
23974,466,0
23975,472,0
23976,465,0
23977,456,0
23978,469,0
23979,471,0
23980,469,0
23981,468,0
23982,468,0
23983,467,0
23984,469,0
23985,465,0
23986,468,0
23987,468,0
23988,463,0
23989,472,0
23990,459,0
23991,459,0
23992,468,0
23993,450,0
23994,459,0
23995,464,0
23996,471,0
23997,472,0
23998,460,0
23999,470,0
