Index,TemperatureRaw16,VGNDRaw16
0,118,0
1,124,0
2,120,0
3,129,0
4,127,0
5,116,0
6,127,0
7,118,0
8,125,0
9,121,0
10,123,0
11,128,0
12,133,0
13,121,0
14,137,0
15,121,0
16,118,0
17,122,0
18,130,0
19,130,0
20,121,0
21,123,0
22,124,0
23,120,0
24,120,0
25,135,0
26,123,0
27,133,0
28,125,0
29,129,0
30,137,0
31,116,0
32,120,0
33,123,0
34,122,0
35,120,0
36,123,0
37,120,0
38,115,0
39,130,0
40,118,0
41,115,0
42,128,0
43,129,0
44,131,0
45,126,0
46,120,0
47,125,0
48,133,0
49,127,0
50,124,0
51,129,0
52,127,0
53,125,0
54,130,0
55,116,0
56,125,0
57,119,0
58,122,0
59,119,0
60,126,0
61,120,0
62,128,0
63,129,0
64,129,0
65,128,0
66,121,0
67,124,0
68,133,0
69,131,0
70,124,0
71,121,0
72,130,0
73,124,0
74,128,0
75,130,0
76,121,0
77,138,0
78,117,0
79,137,0
80,129,0
81,129,0
82,120,0
83,121,0
84,129,0
85,123,0
86,126,0
87,130,0
88,123,0
89,124,0
90,121,0
91,125,0
92,123,0
93,123,0
94,124,0
95,127,0
96,117,0
97,131,0
98,119,0
99,127,0
100,129,0
101,127,0
102,130,0
103,126,0
104,124,0
105,130,0
106,118,0
107,134,0
108,122,0
109,134,0
110,120,0
111,122,0
112,129,0
113,121,0
114,115,0
115,125,0
116,122,0
117,118,0
118,129,0
119,129,0
120,118,0
121,136,0
122,118,0
123,130,0
124,126,0
125,130,0
126,128,0
127,137,0
128,122,0
129,133,0
130,128,0
131,125,0
132,118,0
133,129,0
134,117,0
135,132,0
136,134,0
137,128,0
138,122,0
139,127,0
140,129,0
141,120,0
142,121,0
143,122,0
144,119,0
145,115,0
146,128,0
147,116,0
148,122,0
149,129,0
150,131,0
151,125,0
152,125,0
153,133,0
154,127,0
155,129,0
156,118,0
157,120,0
158,118,0
159,114,0
160,127,0
161,122,0
162,125,0
163,125,0
164,124,0
165,127,0
166,125,0
167,128,0
168,127,0
169,125,0
170,121,0
171,131,0
172,124,0
173,129,0
174,132,0
175,119,0
176,134,0
177,129,0
178,130,0
179,122,0
180,124,0
181,118,0
182,114,0
183,123,0
184,114,0
185,120,0
186,127,0
187,120,0
188,116,0
189,131,0
190,123,0
191,129,0
192,124,0
193,112,0
194,124,0
195,117,0
196,129,0
197,128,0
198,123,0
199,122,0
200,123,0
201,127,0
202,128,0
203,124,0
204,131,0
205,125,0
206,128,0
207,126,0
208,133,0
209,129,0
210,134,0
211,130,0
212,134,0
213,135,0
214,140,0
215,147,0
216,135,0
217,141,0
218,147,0
219,153,0
220,140,0
221,145,0
222,143,0
223,143,0
224,139,0
225,143,0
226,145,0
227,144,0
228,145,0
229,148,0
230,149,0
231,150,0
232,143,0
233,151,0
234,160,0
235,146,0
236,149,0
237,147,0
238,160,0
239,158,0
240,156,0
241,152,0
242,162,0
243,160,0
244,159,0
245,168,0
246,166,0
247,155,0
248,162,0
249,165,0
250,163,0
251,158,0
252,160,0
253,165,0
254,171,0
255,162,0
256,172,0
257,175,0
258,164,0
259,173,0
260,169,0
261,172,0
262,168,0
263,171,0
264,169,0
265,175,0
266,186,0
267,171,0
268,172,0
269,179,0
270,169,0
271,174,0
272,174,0
273,174,0
274,183,0
275,184,0
276,182,0
277,182,0
278,176,0
279,182,0
280,182,0
281,177,0
282,190,0
283,185,0
284,187,0
285,183,0
286,188,0
287,187,0
288,189,0
289,185,0
290,193,0
291,193,0
292,189,0
293,197,0
294,196,0
295,193,0
296,197,0
297,190,0
298,189,0
299,196,0
300,208,0
301,196,0
302,189,0
303,195,0
304,207,0
305,201,0
306,192,0
307,198,0
308,203,0
309,197,0
310,201,0
311,206,0
312,200,0
313,198,0
314,206,0
315,196,0
316,203,0
317,214,0
318,210,0
319,217,0
320,204,0
321,206,0
322,206,0
323,203,0
324,208,0
325,216,0
326,199,0
327,216,0
328,205,0
329,219,0
330,211,0
331,209,0
332,211,0
333,209,0
334,219,0
335,225,0
336,217,0
337,219,0
338,221,0
339,221,0
340,226,0
341,215,0
342,220,0
343,225,0
344,227,0
345,226,0
346,229,0
347,220,0
348,225,0
349,228,0
350,235,0
351,225,0
352,227,0
353,229,0
354,229,0
355,225,0
356,219,0
357,228,0
358,228,0
359,229,0
360,230,0
361,235,0
362,231,0
363,235,0
364,238,0
365,246,0
366,237,0
367,231,0
368,240,0
369,233,0
370,243,0
371,237,0
372,240,0
373,242,0
374,237,0
375,242,0
376,242,0
377,235,0
378,235,0
379,235,0
380,248,0
381,244,0
382,244,0
383,246,0
384,248,0
385,249,0
386,244,0
387,249,0
388,242,0
389,239,0
390,246,0
391,243,0
392,245,0
393,252,0
394,257,0
395,247,0
396,255,0
397,250,0
398,245,0
399,259,0
400,252,0
401,244,0
402,253,0
403,258,0
404,249,0
405,260,0
406,256,0
407,255,0
408,254,0
409,263,0
410,259,0
411,262,0
412,260,0
413,267,0
414,259,0
415,259,0
416,260,0
417,256,0
418,264,0
419,263,0
420,269,0
421,266,0
422,259,0
423,263,0
424,271,0
425,271,0
426,268,0
427,275,0
428,271,0
429,264,0
430,269,0
431,261,0
432,272,0
433,277,0
434,279,0
435,273,0
436,274,0
437,269,0
438,271,0
439,275,0
440,275,0
441,272,0
442,275,0
443,269,0
444,276,0
445,279,0
446,276,0
447,273,0
448,277,0
449,281,0
450,274,0
451,279,0
452,281,0
453,277,0
454,286,0
455,288,0
456,281,0
457,285,0
458,286,0
459,281,0
460,288,0
461,287,0
462,274,0
463,283,0
464,274,0
465,287,0
466,284,0
467,289,0
468,289,0
469,292,0
470,283,0
471,290,0
472,286,0
473,289,0
474,287,0
475,285,0
476,280,0
477,283,0
478,299,0
479,289,0
480,293,0
481,278,0
482,297,0
483,300,0
484,288,0
485,293,0
486,293,0
487,294,0
488,299,0
489,299,0
490,285,0
491,300,0
492,298,0
493,295,0
494,304,0
495,302,0
496,301,0
497,292,0
498,297,0
499,297,0
500,292,0
501,300,0
502,295,0
503,299,0
504,295,0
505,304,0
506,300,0
507,304,0
508,312,0
509,302,0
510,302,0
511,300,0
512,304,0
513,305,0
514,300,0
515,298,0
516,306,0
517,301,0
518,311,0
519,304,0
520,306,0
521,297,0
522,304,0
523,313,0
524,309,0
525,309,0
526,303,0
527,316,0
528,308,0
529,311,0
530,319,0
531,310,0
532,304,0
533,309,0
534,308,0
535,314,0
536,310,0
537,305,0
538,315,0
539,314,0
540,313,0
541,324,0
542,316,0
543,318,0
544,321,0
545,314,0
546,312,0
547,314,0
548,318,0
549,317,0
550,324,0
551,318,0
552,318,0
553,317,0
554,326,0
555,319,0
556,322,0
557,324,0
558,324,0
559,328,0
560,313,0
561,318,0
562,323,0
563,328,0
564,321,0
565,319,0
566,328,0
567,334,0
568,314,0
569,324,0
570,329,0
571,324,0
572,323,0
573,321,0
574,327,0
575,327,0
576,326,0
577,323,0
578,328,0
579,324,0
580,335,0
581,335,0
582,337,0
583,327,0
584,336,0
585,336,0
586,325,0
587,329,0
588,340,0
589,328,0
590,327,0
591,328,0
592,335,0
593,336,0
594,334,0
595,339,0
596,329,0
597,332,0
598,335,0
599,338,0
600,333,0
601,338,0
602,337,0
603,347,0
604,338,0
605,340,0
606,335,0
607,340,0
608,339,0
609,340,0
610,333,0
611,344,0
612,338,0
613,342,0
614,341,0
615,348,0
616,332,0
617,354,0
618,344,0
619,343,0
620,339,0
621,336,0
622,337,0
623,350,0
624,345,0
625,336,0
626,343,0
627,333,0
628,341,0
629,338,0
630,346,0
631,349,0
632,336,0
633,349,0
634,338,0
635,348,0
636,353,0
637,344,0
638,346,0
639,345,0
640,349,0
641,345,0
642,347,0
643,355,0
644,353,0
645,348,0
646,356,0
647,348,0
648,364,0
649,355,0
650,352,0
651,345,0
652,351,0
653,353,0
654,357,0
655,342,0
656,351,0
657,351,0
658,355,0
659,352,0
660,356,0
661,364,0
662,348,0
663,350,0
664,349,0
665,354,0
666,364,0
667,352,0
668,346,0
669,357,0
670,356,0
671,362,0
672,351,0
673,364,0
674,359,0
675,365,0
676,355,0
677,359,0
678,358,0
679,354,0
680,364,0
681,353,0
682,360,0
683,359,0
684,365,0
685,351,0
686,365,0
687,364,0
688,372,0
689,367,0
690,360,0
691,364,0
692,364,0
693,368,0
694,364,0
695,356,0
696,356,0
697,371,0
698,361,0
699,369,0
700,371,0
701,364,0
702,358,0
703,361,0
704,375,0
705,372,0
706,363,0
707,368,0
708,368,0
709,363,0
710,370,0
711,371,0
712,362,0
713,363,0
714,374,0
715,375,0
716,369,0
717,376,0
718,379,0
719,377,0
720,364,0
721,375,0
722,369,0
723,368,0
724,375,0
725,370,0
726,379,0
727,374,0
728,373,0
729,371,0
730,371,0
731,370,0
732,370,0
733,377,0
734,382,0
735,377,0
736,374,0
737,383,0
738,371,0
739,375,0
740,371,0
741,380,0
742,381,0
743,375,0
744,368,0
745,373,0
746,377,0
747,373,0
748,381,0
749,380,0
750,383,0
751,385,0
752,382,0
753,381,0
754,380,0
755,376,0
756,387,0
757,378,0
758,378,0
759,378,0
760,383,0
761,385,0
762,380,0
763,377,0
764,387,0
765,378,0
766,377,0
767,386,0
768,378,0
769,380,0
770,381,0
771,391,0
772,391,0
773,382,0
774,386,0
775,380,0
776,370,0
777,381,0
778,402,0
779,390,0
780,384,0
781,381,0
782,389,0
783,388,0
784,393,0
785,388,0
786,395,0
787,389,0
788,385,0
789,388,0
790,390,0
791,396,0
792,382,0
793,389,0
794,392,0
795,385,0
796,391,0
797,393,0
798,391,0
799,398,0
800,396,0
801,397,0
802,388,0
803,388,0
804,390,0
805,389,0
806,395,0
807,387,0
808,397,0
809,380,0
810,392,0
811,391,0
812,391,0
813,383,0
814,398,0
815,394,0
816,398,0
817,391,0
818,397,0
819,400,0
820,396,0
821,401,0
822,389,0
823,395,0
824,396,0
825,396,0
826,393,0
827,394,0
828,401,0
829,402,0
830,396,0
831,400,0
832,401,0
833,394,0
834,393,0
835,412,0
836,412,0
837,401,0
838,394,0
839,399,0
840,388,0
841,397,0
842,398,0
843,395,0
844,391,0
845,408,0
846,390,0
847,400,0
848,399,0
849,397,0
850,401,0
851,405,0
852,397,0
853,409,0
854,406,0
855,404,0
856,396,0
857,407,0
858,403,0
859,395,0
860,392,0
861,403,0
862,406,0
863,403,0
864,411,0
865,406,0
866,406,0
867,408,0
868,406,0
869,404,0
870,396,0
871,411,0
872,403,0
873,412,0
874,403,0
875,412,0
876,396,0
877,404,0
878,409,0
879,404,0
880,412,0
881,408,0
882,416,0
883,398,0
884,400,0
885,411,0
886,414,0
887,407,0
888,405,0
889,401,0
890,408,0
891,401,0
892,415,0
893,409,0
894,426,0
895,404,0
896,411,0
897,401,0
898,412,0
899,412,0
900,411,0
901,415,0
902,413,0
903,419,0
904,407,0
905,411,0
906,403,0
907,422,0
908,409,0
909,405,0
910,410,0
911,418,0
912,419,0
913,423,0
914,406,0
915,425,0
916,411,0
917,407,0
918,414,0
919,418,0
920,411,0
921,418,0
922,401,0
923,414,0
924,411,0
925,412,0
926,414,0
927,418,0
928,422,0
929,411,0
930,418,0
931,415,0
932,421,0
933,420,0
934,423,0
935,422,0
936,417,0
937,419,0
938,414,0
939,413,0
940,409,0
941,416,0
942,409,0
943,407,0
944,419,0
945,419,0
946,408,0
947,426,0
948,414,0
949,418,0
950,422,0
951,419,0
952,416,0
953,432,0
954,420,0
955,417,0
956,406,0
957,421,0
958,423,0
959,428,0
960,429,0
961,424,0
962,429,0
963,423,0
964,428,0
965,421,0
966,418,0
967,430,0
968,429,0
969,426,0
970,424,0
971,422,0
972,429,0
973,423,0
974,428,0
975,423,0
976,431,0
977,428,0
978,428,0
979,422,0
980,427,0
981,425,0
982,428,0
983,420,0
984,424,0
985,420,0
986,420,0
987,416,0
988,422,0
989,417,0
990,415,0
991,421,0
992,416,0
993,432,0
994,431,0
995,424,0
996,424,0
997,428,0
998,417,0
999,434,0
1000,430,0
1001,438,0
1002,434,0
1003,437,0
1004,425,0
1005,436,0
1006,423,0
1007,435,0
1008,426,0
1009,432,0
1010,427,0
1011,424,0
1012,435,0
1013,429,0
1014,429,0
1015,433,0
1016,427,0
1017,425,0
1018,429,0
1019,431,0
1020,430,0
1021,432,0
1022,437,0
1023,437,0
1024,433,0
1025,435,0
1026,430,0
1027,432,0
1028,432,0
1029,429,0
1030,429,0
1031,438,0
1032,428,0
1033,426,0
1034,430,0
1035,439,0
1036,438,0
1037,437,0
1038,439,0
1039,436,0
1040,438,0
1041,436,0
1042,432,0
1043,436,0
1044,431,0
1045,437,0
1046,432,0
1047,436,0
1048,428,0
1049,429,0
1050,430,0
1051,442,0
1052,433,0
1053,436,0
1054,437,0
1055,434,0
1056,428,0
1057,432,0
1058,434,0
1059,446,0
1060,438,0
1061,439,0
1062,441,0
1063,436,0
1064,438,0
1065,439,0
1066,440,0
1067,438,0
1068,440,0
1069,437,0
1070,435,0
1071,439,0
1072,441,0
1073,439,0
1074,436,0
1075,443,0
1076,443,0
1077,444,0
1078,437,0
1079,437,0
1080,431,0
1081,430,0
1082,446,0
1083,447,0
1084,435,0
1085,436,0
1086,441,0
1087,436,0
1088,437,0
1089,446,0
1090,442,0
1091,440,0
1092,442,0
1093,444,0
1094,440,0
1095,449,0
1096,439,0
1097,446,0
1098,439,0
1099,441,0
1100,448,0
1101,438,0
1102,444,0
1103,439,0
1104,437,0
1105,447,0
1106,449,0
1107,447,0
1108,448,0
1109,443,0
1110,441,0
1111,442,0
1112,442,0
1113,445,0
1114,439,0
1115,445,0
1116,450,0
1117,439,0
1118,444,0
1119,445,0
1120,431,0
1121,449,0
1122,437,0
1123,443,0
1124,445,0
1125,459,0
1126,446,0
1127,454,0
1128,443,0
1129,442,0
1130,444,0
1131,447,0
1132,434,0
1133,446,0
1134,446,0
1135,450,0
1136,442,0
1137,447,0
1138,444,0
1139,447,0
1140,439,0
1141,444,0
1142,454,0
1143,449,0
1144,444,0
1145,450,0
1146,445,0
1147,445,0
1148,451,0
1149,450,0
1150,438,0
1151,447,0
1152,449,0
1153,448,0
1154,440,0
1155,452,0
1156,447,0
1157,442,0
1158,449,0
1159,447,0
1160,458,0
1161,452,0
1162,451,0
1163,449,0
1164,459,0
1165,453,0
1166,454,0
1167,447,0
1168,448,0
1169,442,0
1170,452,0
1171,440,0
1172,450,0
1173,445,0
1174,461,0
1175,454,0
1176,453,0
1177,445,0
1178,453,0
1179,448,0
1180,458,0
1181,453,0
1182,455,0
1183,454,0
1184,458,0
1185,446,0
1186,452,0
1187,453,0
1188,450,0
1189,446,0
1190,454,0
1191,452,0
1192,446,0
1193,456,0
1194,449,0
1195,451,0
1196,447,0
1197,451,0
1198,443,0
1199,454,0
1200,450,0
1201,449,0
1202,452,0
1203,449,0
1204,453,0
1205,453,0
1206,451,0
1207,458,0
1208,457,0
1209,455,0
1210,455,0
1211,452,0
1212,452,0
1213,448,0
1214,458,0
1215,448,0
1216,467,0
1217,447,0
1218,453,0
1219,451,0
1220,453,0
1221,454,0
1222,448,0
1223,461,0
1224,447,0
1225,450,0
1226,459,0
1227,458,0
1228,450,0
1229,466,0
1230,448,0
1231,454,0
1232,456,0
1233,453,0
1234,467,0
1235,450,0
1236,458,0
1237,465,0
1238,451,0
1239,445,0
1240,453,0
1241,463,0
1242,459,0
1243,454,0
1244,461,0
1245,454,0
1246,458,0
1247,449,0
1248,452,0
1249,463,0
1250,468,0
1251,452,0
1252,464,0
1253,460,0
1254,462,0
1255,456,0
1256,461,0
1257,458,0
1258,465,0
1259,454,0
1260,456,0
1261,450,0
1262,459,0
1263,453,0
1264,458,0
1265,466,0
1266,457,0
1267,470,0
1268,460,0
1269,452,0
1270,455,0
1271,464,0
1272,460,0
1273,452,0
1274,467,0
1275,467,0
1276,460,0
1277,453,0
1278,463,0
1279,458,0
1280,460,0
1281,457,0
1282,463,0
1283,462,0
1284,459,0
1285,463,0
1286,464,0
1287,463,0
1288,462,0
1289,461,0
1290,450,0
1291,472,0
1292,462,0
1293,463,0
1294,471,0
1295,452,0
1296,470,0
1297,466,0
1298,462,0
1299,461,0
1300,452,0
1301,465,0
1302,459,0
1303,469,0
1304,469,0
1305,468,0
1306,461,0
1307,467,0
1308,471,0
1309,462,0
1310,465,0
1311,470,0
1312,464,0
1313,456,0
1314,460,0
1315,462,0
1316,462,0
1317,458,0
1318,465,0
1319,467,0
1320,462,0
1321,456,0
1322,461,0
1323,450,0
1324,463,0
1325,471,0
1326,465,0
1327,468,0
1328,476,0
1329,467,0
1330,465,0
1331,467,0
1332,466,0
1333,467,0
1334,464,0
1335,470,0
1336,465,0
1337,469,0
1338,473,0
1339,467,0
1340,458,0
1341,465,0
1342,464,0
1343,471,0
1344,464,0
1345,471,0
1346,462,0
1347,468,0
1348,462,0
1349,471,0
1350,465,0
1351,466,0
1352,474,0
1353,473,0
1354,474,0
1355,467,0
1356,459,0
1357,460,0
1358,468,0
1359,470,0
1360,469,0
1361,466,0
1362,459,0
1363,457,0
1364,460,0
1365,465,0
1366,471,0
1367,466,0
1368,463,0
1369,470,0
1370,456,0
1371,465,0
1372,473,0
1373,476,0
1374,466,0
1375,469,0
1376,471,0
1377,463,0
1378,468,0
1379,474,0
1380,469,0
1381,477,0
1382,466,0
1383,461,0
1384,455,0
1385,475,0
1386,471,0
1387,470,0
1388,468,0
1389,467,0
1390,474,0
1391,471,0
1392,475,0
1393,463,0
1394,478,0
1395,474,0
1396,458,0
1397,469,0
1398,463,0
1399,474,0
1400,466,0
1401,465,0
1402,471,0
1403,475,0
1404,479,0
1405,466,0
1406,479,0
1407,477,0
1408,471,0
1409,469,0
1410,474,0
1411,476,0
1412,472,0
1413,467,0
1414,480,0
1415,469,0
1416,468,0
1417,459,0
1418,471,0
1419,470,0
1420,470,0
1421,478,0
1422,487,0
1423,473,0
1424,471,0
1425,473,0
1426,486,0
1427,471,0
1428,479,0
1429,471,0
1430,478,0
1431,467,0
1432,481,0
1433,481,0
1434,485,0
1435,470,0
1436,470,0
1437,472,0
1438,475,0
1439,467,0
1440,478,0
1441,476,0
1442,466,0
1443,472,0
1444,479,0
1445,476,0
1446,469,0
1447,479,0
1448,476,0
1449,466,0
1450,473,0
1451,476,0
1452,472,0
1453,477,0
1454,482,0
1455,476,0
1456,479,0
1457,470,0
1458,476,0
1459,474,0
1460,475,0
1461,470,0
1462,480,0
1463,474,0
1464,465,0
1465,479,0
1466,475,0
1467,473,0
1468,476,0
1469,477,0
1470,471,0
1471,479,0
1472,470,0
1473,470,0
1474,477,0
1475,461,0
1476,467,0
1477,468,0
1478,478,0
1479,474,0
1480,479,0
1481,487,0
1482,480,0
1483,479,0
1484,475,0
1485,474,0
1486,477,0
1487,475,0
1488,473,0
1489,479,0
1490,473,0
1491,474,0
1492,478,0
1493,487,0
1494,479,0
1495,484,0
1496,481,0
1497,475,0
1498,478,0
1499,478,0
1500,472,0
1501,475,0
1502,473,0
1503,483,0
1504,479,0
1505,472,0
1506,484,0
1507,474,0
1508,483,0
1509,478,0
1510,481,0
1511,481,0
1512,483,0
1513,471,0
1514,480,0
1515,483,0
1516,485,0
1517,473,0
1518,474,0
1519,478,0
1520,484,0
1521,486,0
1522,477,0
1523,480,0
1524,475,0
1525,487,0
1526,485,0
1527,482,0
1528,476,0
1529,482,0
1530,486,0
1531,485,0
1532,475,0
1533,474,0
1534,479,0
1535,480,0
1536,484,0
1537,469,0
1538,475,0
1539,482,0
1540,482,0
1541,479,0
1542,482,0
1543,481,0
1544,485,0
1545,476,0
1546,474,0
1547,481,0
1548,482,0
1549,486,0
1550,481,0
1551,476,0
1552,481,0
1553,478,0
1554,482,0
1555,485,0
1556,484,0
1557,473,0
1558,475,0
1559,471,0
1560,489,0
1561,480,0
1562,479,0
1563,489,0
1564,485,0
1565,476,0
1566,481,0
1567,478,0
1568,480,0
1569,481,0
1570,473,0
1571,479,0
1572,479,0
1573,490,0
1574,478,0
1575,482,0
1576,477,0
1577,482,0
1578,486,0
1579,482,0
1580,481,0
1581,484,0
1582,485,0
1583,487,0
1584,482,0
1585,489,0
1586,479,0
1587,483,0
1588,485,0
1589,472,0
1590,490,0
1591,490,0
1592,478,0
1593,482,0
1594,482,0
1595,486,0
1596,477,0
1597,490,0
1598,485,0
1599,477,0
1600,477,0
1601,480,0
1602,477,0
1603,481,0
1604,491,0
1605,488,0
1606,479,0
1607,484,0
1608,478,0
1609,485,0
1610,495,0
1611,484,0
1612,481,0
1613,486,0
1614,477,0
1615,484,0
1616,465,0
1617,473,0
1618,483,0
1619,492,0
1620,481,0
1621,482,0
1622,485,0
1623,485,0
1624,474,0
1625,484,0
1626,479,0
1627,482,0
1628,484,0
1629,477,0
1630,487,0
1631,491,0
1632,478,0
1633,475,0
1634,483,0
1635,493,0
1636,493,0
1637,490,0
1638,477,0
1639,477,0
1640,484,0
1641,490,0
1642,483,0
1643,484,0
1644,485,0
1645,474,0
1646,489,0
1647,492,0
1648,481,0
1649,487,0
1650,478,0
1651,489,0
1652,489,0
1653,485,0
1654,486,0
1655,490,0
1656,490,0
1657,486,0
1658,485,0
1659,476,0
1660,485,0
1661,482,0
1662,492,0
1663,492,0
1664,488,0
1665,486,0
1666,487,0
1667,490,0
1668,482,0
1669,480,0
1670,480,0
1671,484,0
1672,491,0
1673,484,0
1674,484,0
1675,492,0
1676,487,0
1677,488,0
1678,482,0
1679,486,0
1680,470,0
1681,489,0
1682,487,0
1683,486,0
1684,488,0
1685,493,0
1686,482,0
1687,486,0
1688,487,0
1689,483,0
1690,482,0
1691,484,0
1692,484,0
1693,483,0
1694,487,0
1695,478,0
1696,486,0
1697,488,0
1698,500,0
1699,485,0
1700,488,0
1701,482,0
1702,483,0
1703,493,0
1704,487,0
1705,502,0
1706,489,0
1707,480,0
1708,485,0
1709,479,0
1710,485,0
1711,495,0
1712,481,0
1713,488,0
1714,477,0
1715,495,0
1716,495,0
1717,491,0
1718,487,0
1719,489,0
1720,489,0
1721,484,0
1722,487,0
1723,493,0
1724,493,0
1725,492,0
1726,481,0
1727,482,0
1728,480,0
1729,486,0
1730,494,0
1731,484,0
1732,490,0
1733,489,0
1734,497,0
1735,493,0
1736,499,0
1737,492,0
1738,483,0
1739,491,0
1740,485,0
1741,498,0
1742,486,0
1743,489,0
1744,493,0
1745,488,0
1746,482,0
1747,498,0
1748,492,0
1749,490,0
1750,491,0
1751,492,0
1752,480,0
1753,495,0
1754,497,0
1755,494,0
1756,482,0
1757,488,0
1758,480,0
1759,495,0
1760,486,0
1761,488,0
1762,489,0
1763,497,0
1764,496,0
1765,491,0
1766,483,0
1767,496,0
1768,484,0
1769,480,0
1770,490,0
1771,489,0
1772,490,0
1773,491,0
1774,488,0
1775,499,0
1776,492,0
1777,500,0
1778,483,0
1779,486,0
1780,494,0
1781,499,0
1782,488,0
1783,482,0
1784,487,0
1785,484,0
1786,484,0
1787,494,0
1788,487,0
1789,477,0
1790,485,0
1791,499,0
1792,488,0
1793,490,0
1794,486,0
1795,484,0
1796,499,0
1797,489,0
1798,486,0
1799,494,0
1800,497,0
1801,495,0
1802,490,0
1803,483,0
1804,489,0
1805,495,0
1806,484,0
1807,488,0
1808,488,0
1809,495,0
1810,500,0
1811,490,0
1812,490,0
1813,494,0
1814,485,0
1815,498,0
1816,493,0
1817,502,0
1818,490,0
1819,489,0
1820,493,0
1821,486,0
1822,492,0
1823,490,0
1824,489,0
1825,498,0
1826,488,0
1827,500,0
1828,490,0
1829,496,0
1830,489,0
1831,487,0
1832,485,0
1833,488,0
1834,490,0
1835,489,0
1836,494,0
1837,505,0
1838,485,0
1839,499,0
1840,490,0
1841,483,0
1842,486,0
1843,498,0
1844,497,0
1845,500,0
1846,495,0
1847,495,0
1848,491,0
1849,493,0
1850,504,0
1851,494,0
1852,497,0
1853,484,0
1854,489,0
1855,491,0
1856,502,0
1857,489,0
1858,481,0
1859,499,0
1860,493,0
1861,494,0
1862,500,0
1863,492,0
1864,500,0
1865,493,0
1866,491,0
1867,491,0
1868,491,0
1869,500,0
1870,499,0
1871,501,0
1872,500,0
1873,490,0
1874,486,0
1875,490,0
1876,502,0
1877,498,0
1878,490,0
1879,495,0
1880,491,0
1881,496,0
1882,494,0
1883,494,0
1884,502,0
1885,494,0
1886,496,0
1887,503,0
1888,495,0
1889,500,0
1890,495,0
1891,494,0
1892,507,0
1893,504,0
1894,498,0
1895,507,0
1896,494,0
1897,493,0
1898,495,0
1899,493,0
1900,488,0
1901,493,0
1902,487,0
1903,498,0
1904,502,0
1905,501,0
1906,501,0
1907,500,0
1908,497,0
1909,498,0
1910,494,0
1911,486,0
1912,496,0
1913,488,0
1914,499,0
1915,504,0
1916,495,0
1917,494,0
1918,489,0
1919,493,0
1920,499,0
1921,490,0
1922,493,0
1923,500,0
1924,494,0
1925,483,0
1926,487,0
1927,502,0
1928,497,0
1929,492,0
1930,488,0
1931,496,0
1932,490,0
1933,495,0
1934,492,0
1935,499,0
1936,497,0
1937,497,0
1938,497,0
1939,497,0
1940,502,0
1941,492,0
1942,500,0
1943,502,0
1944,501,0
1945,500,0
1946,491,0
1947,501,0
1948,497,0
1949,486,0
1950,494,0
1951,497,0
1952,495,0
1953,497,0
1954,501,0
1955,497,0
1956,500,0
1957,502,0
1958,505,0
1959,502,0
1960,502,0
1961,498,0
1962,488,0
1963,493,0
1964,498,0
1965,498,0
1966,493,0
1967,495,0
1968,506,0
1969,493,0
1970,497,0
1971,508,0
1972,502,0
1973,498,0
1974,499,0
1975,500,0
1976,503,0
1977,504,0
1978,502,0
1979,498,0
1980,502,0
1981,502,0
1982,501,0
1983,501,0
1984,497,0
1985,494,0
1986,498,0
1987,503,0
1988,496,0
1989,490,0
1990,510,0
1991,499,0
1992,494,0
1993,501,0
1994,501,0
1995,496,0
1996,504,0
1997,500,0
1998,503,0
1999,501,0
2000,494,0
2001,497,0
2002,502,0
2003,495,0
2004,498,0
2005,503,0
2006,495,0
2007,489,0
2008,511,0
2009,493,0
2010,502,0
2011,496,0
2012,496,0
2013,510,0
2014,501,0
2015,498,0
2016,499,0
2017,505,0
2018,495,0
2019,506,0
2020,496,0
2021,506,0
2022,500,0
2023,499,0
2024,503,0
2025,495,0
2026,500,0
2027,500,0
2028,503,0
2029,504,0
2030,498,0
2031,499,0
2032,490,0
2033,501,0
2034,507,0
2035,503,0
2036,493,0
2037,498,0
2038,504,0
2039,506,0
2040,511,0
2041,497,0
2042,504,0
2043,513,0
2044,501,0
2045,507,0
2046,497,0
2047,506,0
2048,494,0
2049,504,0
2050,506,0
2051,498,0
2052,495,0
2053,499,0
2054,502,0
2055,503,0
2056,496,0
2057,502,0
2058,496,0
2059,497,0
2060,496,0
2061,495,0
2062,502,0
2063,504,0
2064,506,0
2065,500,0
2066,504,0
2067,499,0
2068,506,0
2069,496,0
2070,499,0
2071,504,0
2072,506,0
2073,498,0
2074,498,0
2075,498,0
2076,504,0
2077,505,0
2078,493,0
2079,502,0
2080,496,0
2081,506,0
2082,501,0
2083,505,0
2084,499,0
2085,502,0
2086,497,0
2087,488,0
2088,499,0
2089,508,0
2090,501,0
2091,507,0
2092,508,0
2093,500,0
2094,502,0
2095,501,0
2096,510,0
2097,502,0
2098,505,0
2099,501,0
2100,501,0
2101,499,0
2102,502,0
2103,506,0
2104,499,0
2105,500,0
2106,502,0
2107,499,0
2108,509,0
2109,494,0
2110,500,0
2111,505,0
2112,495,0
2113,510,0
2114,501,0
2115,506,0
2116,513,0
2117,499,0
2118,498,0
2119,504,0
2120,505,0
2121,508,0
2122,501,0
2123,506,0
2124,503,0
2125,507,0
2126,502,0
2127,500,0
2128,511,0
2129,491,0
2130,505,0
2131,507,0
2132,507,0
2133,504,0
2134,505,0
2135,505,0
2136,502,0
2137,504,0
2138,506,0
2139,502,0
2140,498,0
2141,507,0
2142,494,0
2143,495,0
2144,505,0
2145,503,0
2146,498,0
2147,505,0
2148,500,0
2149,505,0
2150,508,0
2151,507,0
2152,496,0
2153,505,0
2154,497,0
2155,504,0
2156,500,0
2157,506,0
2158,512,0
2159,508,0
2160,499,0
2161,505,0
2162,496,0
2163,503,0
2164,501,0
2165,509,0
2166,506,0
2167,507,0
2168,504,0
2169,499,0
2170,504,0
2171,497,0
2172,501,0
2173,503,0
2174,505,0
2175,495,0
2176,511,0
2177,512,0
2178,504,0
2179,502,0
2180,502,0
2181,508,0
2182,506,0
2183,498,0
2184,513,0
2185,499,0
2186,504,0
2187,509,0
2188,495,0
2189,502,0
2190,502,0
2191,513,0
2192,513,0
2193,512,0
2194,506,0
2195,507,0
2196,500,0
2197,504,0
2198,504,0
2199,504,0
2200,505,0
2201,506,0
2202,509,0
2203,494,0
2204,509,0
2205,497,0
2206,511,0
2207,503,0
2208,509,0
2209,506,0
2210,505,0
2211,511,0
2212,506,0
2213,503,0
2214,508,0
2215,501,0
2216,502,0
2217,501,0
2218,512,0
2219,508,0
2220,510,0
2221,499,0
2222,499,0
2223,505,0
2224,511,0
2225,508,0
2226,498,0
2227,508,0
2228,508,0
2229,504,0
2230,507,0
2231,501,0
2232,507,0
2233,508,0
2234,506,0
2235,508,0
2236,505,0
2237,503,0
2238,509,0
2239,503,0
2240,504,0
2241,506,0
2242,511,0
2243,497,0
2244,510,0
2245,509,0
2246,504,0
2247,506,0
2248,509,0
2249,511,0
2250,509,0
2251,509,0
2252,509,0
2253,507,0
2254,506,0
2255,506,0
2256,509,0
2257,506,0
2258,502,0
2259,504,0
2260,514,0
2261,513,0
2262,508,0
2263,500,0
2264,511,0
2265,506,0
2266,500,0
2267,508,0
2268,512,0
2269,507,0
2270,511,0
2271,505,0
2272,503,0
2273,503,0
2274,510,0
2275,494,0
2276,501,0
2277,507,0
2278,505,0
2279,509,0
2280,497,0
2281,499,0
2282,505,0
2283,504,0
2284,507,0
2285,507,0
2286,505,0
2287,502,0
2288,504,0
2289,509,0
2290,511,0
2291,512,0
2292,506,0
2293,505,0
2294,513,0
2295,507,0
2296,505,0
2297,504,0
2298,502,0
2299,515,0
2300,508,0
2301,508,0
2302,515,0
2303,509,0
2304,517,0
2305,504,0
2306,503,0
2307,508,0
2308,504,0
2309,511,0
2310,505,0
2311,503,0
2312,507,0
2313,507,0
2314,513,0
2315,508,0
2316,505,0
2317,510,0
2318,504,0
2319,506,0
2320,499,0
2321,498,0
2322,509,0
2323,504,0
2324,504,0
2325,509,0
2326,501,0
2327,512,0
2328,502,0
2329,514,0
2330,499,0
2331,502,0
2332,505,0
2333,506,0
2334,503,0
2335,506,0
2336,507,0
2337,506,0
2338,513,0
2339,498,0
2340,512,0
2341,510,0
2342,506,0
2343,519,0
2344,512,0
2345,505,0
2346,512,0
2347,515,0
2348,514,0
2349,510,0
2350,518,0
2351,516,0
2352,507,0
2353,509,0
2354,502,0
2355,503,0
2356,508,0
2357,512,0
2358,503,0
2359,519,0
2360,511,0
2361,510,0
2362,514,0
2363,507,0
2364,507,0
2365,505,0
2366,502,0
2367,508,0
2368,507,0
2369,503,0
2370,514,0
2371,518,0
2372,507,0
2373,504,0
2374,506,0
2375,506,0
2376,507,0
2377,507,0
2378,507,0
2379,508,0
2380,504,0
2381,506,0
2382,517,0
2383,505,0
2384,506,0
2385,518,0
2386,513,0
2387,505,0
2388,503,0
2389,517,0
2390,503,0
2391,505,0
2392,510,0
2393,510,0
2394,526,0
2395,515,0
2396,505,0
2397,499,0
2398,522,0
2399,514,0
2400,515,0
2401,513,0
2402,511,0
2403,518,0
2404,513,0
2405,517,0
2406,513,0
2407,514,0
2408,512,0
2409,507,0
2410,513,0
2411,515,0
2412,512,0
2413,499,0
2414,507,0
2415,508,0
2416,513,0
2417,510,0
2418,509,0
2419,508,0
2420,510,0
2421,514,0
2422,509,0
2423,509,0
2424,505,0
2425,515,0
2426,506,0
2427,515,0
2428,506,0
2429,509,0
2430,511,0
2431,503,0
2432,505,0
2433,510,0
2434,502,0
2435,513,0
2436,517,0
2437,516,0
2438,513,0
2439,510,0
2440,509,0
2441,503,0
2442,503,0
2443,506,0
2444,514,0
2445,509,0
2446,514,0
2447,518,0
2448,511,0
2449,519,0
2450,508,0
2451,523,0
2452,514,0
2453,502,0
2454,509,0
2455,517,0
2456,508,0
2457,507,0
2458,504,0
2459,504,0
2460,518,0
2461,510,0
2462,505,0
2463,507,0
2464,506,0
2465,508,0
2466,509,0
2467,508,0
2468,511,0
2469,518,0
2470,511,0
2471,506,0
2472,509,0
2473,506,0
2474,511,0
2475,519,0
2476,512,0
2477,513,0
2478,513,0
2479,509,0
2480,506,0
2481,515,0
2482,512,0
2483,506,0
2484,515,0
2485,513,0
2486,505,0
2487,517,0
2488,516,0
2489,520,0
2490,515,0
2491,506,0
2492,514,0
2493,513,0
2494,514,0
2495,507,0
2496,513,0
2497,513,0
2498,506,0
2499,519,0
2500,519,0
2501,510,0
2502,514,0
2503,508,0
2504,503,0
2505,510,0
2506,501,0
2507,507,0
2508,512,0
2509,510,0
2510,513,0
2511,517,0
2512,514,0
2513,505,0
2514,508,0
2515,510,0
2516,506,0
2517,517,0
2518,508,0
2519,514,0
2520,513,0
2521,513,0
2522,516,0
2523,508,0
2524,521,0
2525,523,0
2526,513,0
2527,508,0
2528,518,0
2529,515,0
2530,513,0
2531,516,0
2532,509,0
2533,521,0
2534,510,0
2535,509,0
2536,512,0
2537,507,0
2538,513,0
2539,511,0
2540,520,0
2541,515,0
2542,510,0
2543,522,0
2544,505,0
2545,512,0
2546,502,0
2547,516,0
2548,513,0
2549,516,0
2550,517,0
2551,507,0
2552,510,0
2553,511,0
2554,512,0
2555,518,0
2556,522,0
2557,513,0
2558,507,0
2559,510,0
2560,516,0
2561,517,0
2562,515,0
2563,504,0
2564,508,0
2565,513,0
2566,518,0
2567,512,0
2568,525,0
2569,505,0
2570,518,0
2571,509,0
2572,521,0
2573,517,0
2574,523,0
2575,510,0
2576,519,0
2577,515,0
2578,518,0
2579,515,0
2580,517,0
2581,504,0
2582,509,0
2583,517,0
2584,520,0
2585,513,0
2586,511,0
2587,512,0
2588,511,0
2589,519,0
2590,513,0
2591,508,0
2592,518,0
2593,516,0
2594,508,0
2595,518,0
2596,514,0
2597,513,0
2598,510,0
2599,513,0
2600,518,0
2601,523,0
2602,507,0
2603,518,0
2604,516,0
2605,513,0
2606,509,0
2607,510,0
2608,522,0
2609,512,0
2610,519,0
2611,508,0
2612,514,0
2613,514,0
2614,517,0
2615,514,0
2616,520,0
2617,521,0
2618,511,0
2619,523,0
2620,527,0
2621,517,0
2622,511,0
2623,510,0
2624,514,0
2625,510,0
2626,510,0
2627,515,0
2628,502,0
2629,512,0
2630,518,0
2631,513,0
2632,511,0
2633,513,0
2634,505,0
2635,518,0
2636,520,0
2637,518,0
2638,514,0
2639,517,0
2640,517,0
2641,513,0
2642,507,0
2643,519,0
2644,512,0
2645,525,0
2646,513,0
2647,508,0
2648,521,0
2649,513,0
2650,519,0
2651,507,0
2652,520,0
2653,507,0
2654,511,0
2655,517,0
2656,518,0
2657,514,0
2658,515,0
2659,513,0
2660,507,0
2661,525,0
2662,517,0
2663,518,0
2664,525,0
2665,514,0
2666,511,0
2667,521,0
2668,507,0
2669,521,0
2670,513,0
2671,510,0
2672,510,0
2673,519,0
2674,519,0
2675,510,0
2676,523,0
2677,519,0
2678,519,0
2679,515,0
2680,516,0
2681,513,0
2682,515,0
2683,515,0
2684,508,0
2685,516,0
2686,513,0
2687,513,0
2688,511,0
2689,517,0
2690,513,0
2691,512,0
2692,523,0
2693,515,0
2694,519,0
2695,514,0
2696,509,0
2697,513,0
2698,516,0
2699,518,0
2700,511,0
2701,520,0
2702,507,0
2703,508,0
2704,516,0
2705,514,0
2706,507,0
2707,515,0
2708,509,0
2709,523,0
2710,527,0
2711,509,0
2712,508,0
2713,532,0
2714,507,0
2715,519,0
2716,514,0
2717,521,0
2718,512,0
2719,514,0
2720,513,0
2721,520,0
2722,513,0
2723,512,0
2724,510,0
2725,516,0
2726,513,0
2727,522,0
2728,521,0
2729,531,0
2730,518,0
2731,513,0
2732,517,0
2733,523,0
2734,516,0
2735,516,0
2736,524,0
2737,527,0
2738,514,0
2739,511,0
2740,516,0
2741,512,0
2742,517,0
2743,515,0
2744,517,0
2745,515,0
2746,523,0
2747,525,0
2748,520,0
2749,519,0
2750,511,0
2751,514,0
2752,516,0
2753,515,0
2754,522,0
2755,514,0
2756,521,0
2757,516,0
2758,516,0
2759,515,0
2760,517,0
2761,516,0
2762,515,0
2763,515,0
2764,514,0
2765,518,0
2766,512,0
2767,518,0
2768,521,0
2769,521,0
2770,512,0
2771,522,0
2772,518,0
2773,514,0
2774,522,0
2775,505,0
2776,508,0
2777,522,0
2778,514,0
2779,519,0
2780,516,0
2781,507,0
2782,522,0
2783,522,0
2784,509,0
2785,517,0
2786,513,0
2787,513,0
2788,515,0
2789,522,0
2790,515,0
2791,526,0
2792,518,0
2793,515,0
2794,522,0
2795,521,0
2796,522,0
2797,519,0
2798,514,0
2799,527,0
2800,513,0
2801,509,0
2802,509,0
2803,524,0
2804,520,0
2805,516,0
2806,518,0
2807,521,0
2808,516,0
2809,525,0
2810,526,0
2811,527,0
2812,517,0
2813,519,0
2814,520,0
2815,520,0
2816,519,0
2817,522,0
2818,518,0
2819,511,0
2820,522,0
2821,517,0
2822,517,0
2823,521,0
2824,515,0
2825,515,0
2826,521,0
2827,528,0
2828,515,0
2829,521,0
2830,522,0
2831,520,0
2832,516,0
2833,516,0
2834,520,0
2835,507,0
2836,513,0
2837,525,0
2838,505,0
2839,517,0
2840,512,0
2841,524,0
2842,516,0
2843,509,0
2844,523,0
2845,515,0
2846,517,0
2847,521,0
2848,523,0
2849,510,0
2850,517,0
2851,520,0
2852,510,0
2853,513,0
2854,517,0
2855,519,0
2856,510,0
2857,510,0
2858,518,0
2859,523,0
2860,526,0
2861,522,0
2862,516,0
2863,519,0
2864,517,0
2865,514,0
2866,516,0
2867,520,0
2868,518,0
2869,513,0
2870,520,0
2871,512,0
2872,514,0
2873,518,0
2874,517,0
2875,527,0
2876,520,0
2877,526,0
2878,518,0
2879,527,0
2880,523,0
2881,521,0
2882,518,0
2883,531,0
2884,521,0
2885,515,0
2886,518,0
2887,518,0
2888,516,0
2889,520,0
2890,516,0
2891,523,0
2892,519,0
2893,516,0
2894,517,0
2895,513,0
2896,523,0
2897,528,0
2898,517,0
2899,523,0
2900,514,0
2901,519,0
2902,516,0
2903,522,0
2904,512,0
2905,526,0
2906,521,0
2907,515,0
2908,510,0
2909,522,0
2910,518,0
2911,526,0
2912,521,0
2913,514,0
2914,519,0
2915,523,0
2916,524,0
2917,519,0
2918,515,0
2919,519,0
2920,512,0
2921,521,0
2922,524,0
2923,520,0
2924,518,0
2925,521,0
2926,530,0
2927,516,0
2928,517,0
2929,507,0
2930,509,0
2931,512,0
2932,509,0
2933,516,0
2934,524,0
2935,525,0
2936,517,0
2937,516,0
2938,525,0
2939,521,0
2940,525,0
2941,525,0
2942,529,0
2943,511,0
2944,521,0
2945,518,0
2946,523,0
2947,514,0
2948,517,0
2949,526,0
2950,528,0
2951,522,0
2952,524,0
2953,515,0
2954,514,0
2955,515,0
2956,518,0
2957,522,0
2958,518,0
2959,530,0
2960,518,0
2961,517,0
2962,524,0
2963,526,0
2964,518,0
2965,516,0
2966,519,0
2967,527,0
2968,521,0
2969,524,0
2970,522,0
2971,528,0
2972,516,0
2973,521,0
2974,528,0
2975,520,0
2976,513,0
2977,521,0
2978,515,0
2979,510,0
2980,520,0
2981,518,0
2982,522,0
2983,526,0
2984,517,0
2985,519,0
2986,521,0
2987,524,0
2988,519,0
2989,522,0
2990,528,0
2991,520,0
2992,527,0
2993,527,0
2994,516,0
2995,524,0
2996,521,0
2997,515,0
2998,515,0
2999,515,0
3000,520,0
3001,516,0
3002,523,0
3003,530,0
3004,520,0
3005,520,0
3006,520,0
3007,527,0
3008,525,0
3009,519,0
3010,522,0
3011,522,0
3012,521,0
3013,519,0
3014,520,0
3015,516,0
3016,517,0
3017,527,0
3018,523,0
3019,521,0
3020,520,0
3021,520,0
3022,523,0
3023,515,0
3024,526,0
3025,520,0
3026,521,0
3027,527,0
3028,530,0
3029,512,0
3030,529,0
3031,524,0
3032,517,0
3033,526,0
3034,527,0
3035,532,0
3036,527,0
3037,529,0
3038,519,0
3039,520,0
3040,525,0
3041,523,0
3042,514,0
3043,527,0
3044,517,0
3045,529,0
3046,524,0
3047,517,0
3048,518,0
3049,519,0
3050,517,0
3051,525,0
3052,524,0
3053,528,0
3054,530,0
3055,519,0
3056,521,0
3057,521,0
3058,530,0
3059,523,0
3060,523,0
3061,522,0
3062,527,0
3063,516,0
3064,518,0
3065,525,0
3066,515,0
3067,527,0
3068,519,0
3069,513,0
3070,516,0
3071,517,0
3072,525,0
3073,520,0
3074,521,0
3075,514,0
3076,520,0
3077,525,0
3078,525,0
3079,525,0
3080,526,0
3081,528,0
3082,517,0
3083,529,0
3084,526,0
3085,519,0
3086,522,0
3087,522,0
3088,513,0
3089,524,0
3090,519,0
3091,524,0
3092,522,0
3093,520,0
3094,522,0
3095,523,0
3096,520,0
3097,512,0
3098,525,0
3099,527,0
3100,530,0
3101,522,0
3102,533,0
3103,522,0
3104,529,0
3105,525,0
3106,521,0
3107,523,0
3108,526,0
3109,522,0
3110,519,0
3111,522,0
3112,515,0
3113,523,0
3114,522,0
3115,526,0
3116,522,0
3117,524,0
3118,520,0
3119,528,0
3120,527,0
3121,522,0
3122,525,0
3123,527,0
3124,538,0
3125,524,0
3126,521,0
3127,522,0
3128,531,0
3129,514,0
3130,523,0
3131,518,0
3132,519,0
3133,524,0
3134,531,0
3135,514,0
3136,514,0
3137,524,0
3138,528,0
3139,519,0
3140,522,0
3141,521,0
3142,525,0
3143,522,0
3144,520,0
3145,517,0
3146,519,0
3147,520,0
3148,522,0
3149,514,0
3150,513,0
3151,520,0
3152,511,0
3153,518,0
3154,523,0
3155,525,0
3156,531,0
3157,511,0
3158,522,0
3159,524,0
3160,528,0
3161,522,0
3162,520,0
3163,521,0
3164,522,0
3165,526,0
3166,517,0
3167,530,0
3168,519,0
3169,527,0
3170,525,0
3171,522,0
3172,522,0
3173,521,0
3174,520,0
3175,524,0
3176,529,0
3177,520,0
3178,523,0
3179,527,0
3180,531,0
3181,528,0
3182,521,0
3183,532,0
3184,525,0
3185,529,0
3186,527,0
3187,514,0
3188,526,0
3189,518,0
3190,519,0
3191,521,0
3192,522,0
3193,517,0
3194,526,0
3195,522,0
3196,524,0
3197,525,0
3198,523,0
3199,517,0
3200,522,0
3201,528,0
3202,529,0
3203,527,0
3204,523,0
3205,524,0
3206,522,0
3207,523,0
3208,532,0
3209,516,0
3210,531,0
3211,525,0
3212,521,0
3213,522,0
3214,518,0
3215,515,0
3216,516,0
3217,521,0
3218,518,0
3219,526,0
3220,523,0
3221,521,0
3222,533,0
3223,524,0
3224,526,0
3225,535,0
3226,525,0
3227,528,0
3228,536,0
3229,526,0
3230,521,0
3231,525,0
3232,526,0
3233,523,0
3234,522,0
3235,529,0
3236,516,0
3237,520,0
3238,524,0
3239,521,0
3240,523,0
3241,531,0
3242,529,0
3243,525,0
3244,527,0
3245,529,0
3246,516,0
3247,525,0
3248,525,0
3249,526,0
3250,524,0
3251,528,0
3252,523,0
3253,528,0
3254,529,0
3255,536,0
3256,517,0
3257,528,0
3258,527,0
3259,530,0
3260,523,0
3261,523,0
3262,521,0
3263,526,0
3264,515,0
3265,521,0
3266,531,0
3267,521,0
3268,529,0
3269,522,0
3270,530,0
3271,529,0
3272,526,0
3273,523,0
3274,523,0
3275,521,0
3276,525,0
3277,521,0
3278,524,0
3279,524,0
3280,524,0
3281,530,0
3282,528,0
3283,523,0
3284,524,0
3285,521,0
3286,525,0
3287,524,0
3288,527,0
3289,523,0
3290,533,0
3291,531,0
3292,520,0
3293,524,0
3294,529,0
3295,523,0
3296,533,0
3297,524,0
3298,531,0
3299,521,0
3300,518,0
3301,525,0
3302,529,0
3303,522,0
3304,525,0
3305,524,0
3306,532,0
3307,528,0
3308,526,0
3309,526,0
3310,530,0
3311,527,0
3312,521,0
3313,526,0
3314,525,0
3315,524,0
3316,526,0
3317,520,0
3318,527,0
3319,527,0
3320,526,0
3321,515,0
3322,522,0
3323,530,0
3324,524,0
3325,528,0
3326,532,0
3327,539,0
3328,521,0
3329,529,0
3330,522,0
3331,531,0
3332,531,0
3333,524,0
3334,512,0
3335,526,0
3336,535,0
3337,532,0
3338,525,0
3339,532,0
3340,529,0
3341,531,0
3342,532,0
3343,522,0
3344,534,0
3345,523,0
3346,534,0
3347,535,0
3348,529,0
3349,529,0
3350,528,0
3351,536,0
3352,534,0
3353,526,0
3354,524,0
3355,526,0
3356,530,0
3357,527,0
3358,526,0
3359,516,0
3360,528,0
3361,524,0
3362,537,0
3363,527,0
3364,522,0
3365,526,0
3366,518,0
3367,525,0
3368,530,0
3369,535,0
3370,523,0
3371,531,0
3372,531,0
3373,538,0
3374,521,0
3375,521,0
3376,531,0
3377,521,0
3378,525,0
3379,529,0
3380,532,0
3381,521,0
3382,519,0
3383,522,0
3384,519,0
3385,523,0
3386,521,0
3387,531,0
3388,533,0
3389,524,0
3390,534,0
3391,521,0
3392,533,0
3393,539,0
3394,531,0
3395,530,0
3396,531,0
3397,522,0
3398,525,0
3399,517,0
3400,528,0
3401,525,0
3402,530,0
3403,538,0
3404,513,0
3405,519,0
3406,513,0
3407,518,0
3408,528,0
3409,524,0
3410,527,0
3411,522,0
3412,532,0
3413,526,0
3414,527,0
3415,527,0
3416,528,0
3417,523,0
3418,531,0
3419,527,0
3420,522,0
3421,533,0
3422,526,0
3423,522,0
3424,521,0
3425,525,0
3426,523,0
3427,526,0
3428,529,0
3429,523,0
3430,528,0
3431,531,0
3432,527,0
3433,524,0
3434,519,0
3435,523,0
3436,541,0
3437,520,0
3438,527,0
3439,525,0
3440,530,0
3441,529,0
3442,530,0
3443,529,0
3444,534,0
3445,517,0
3446,526,0
3447,532,0
3448,531,0
3449,523,0
3450,532,0
3451,528,0
3452,528,0
3453,526,0
3454,529,0
3455,527,0
3456,534,0
3457,525,0
3458,536,0
3459,528,0
3460,535,0
3461,527,0
3462,517,0
3463,525,0
3464,524,0
3465,526,0
3466,531,0
3467,534,0
3468,530,0
3469,527,0
3470,523,0
3471,531,0
3472,521,0
3473,525,0
3474,534,0
3475,539,0
3476,532,0
3477,532,0
3478,525,0
3479,527,0
3480,524,0
3481,523,0
3482,520,0
3483,525,0
3484,535,0
3485,536,0
3486,531,0
3487,532,0
3488,534,0
3489,532,0
3490,528,0
3491,530,0
3492,526,0
3493,526,0
3494,532,0
3495,521,0
3496,531,0
3497,529,0
3498,528,0
3499,529,0
3500,525,0
3501,532,0
3502,524,0
3503,525,0
3504,519,0
3505,526,0
3506,532,0
3507,532,0
3508,523,0
3509,526,0
3510,538,0
3511,530,0
3512,528,0
3513,522,0
3514,531,0
3515,532,0
3516,538,0
3517,523,0
3518,529,0
3519,521,0
3520,523,0
3521,525,0
3522,533,0
3523,529,0
3524,531,0
3525,528,0
3526,540,0
3527,536,0
3528,531,0
3529,525,0
3530,527,0
3531,531,0
3532,527,0
3533,530,0
3534,531,0
3535,526,0
3536,530,0
3537,535,0
3538,528,0
3539,521,0
3540,524,0
3541,534,0
3542,532,0
3543,539,0
3544,513,0
3545,542,0
3546,528,0
3547,519,0
3548,532,0
3549,527,0
3550,533,0
3551,531,0
3552,524,0
3553,519,0
3554,527,0
3555,527,0
3556,529,0
3557,532,0
3558,536,0
3559,528,0
3560,535,0
3561,529,0
3562,527,0
3563,516,0
3564,527,0
3565,529,0
3566,530,0
3567,524,0
3568,534,0
3569,532,0
3570,529,0
3571,528,0
3572,524,0
3573,521,0
3574,533,0
3575,531,0
3576,530,0
3577,530,0
3578,534,0
3579,524,0
3580,524,0
3581,528,0
3582,531,0
3583,522,0
3584,530,0
3585,528,0
3586,532,0
3587,531,0
3588,527,0
3589,526,0
3590,528,0
3591,527,0
3592,538,0
3593,536,0
3594,530,0
3595,534,0
3596,535,0
3597,527,0
3598,521,0
3599,532,0
3600,523,0
3601,533,0
3602,534,0
3603,529,0
3604,529,0
3605,527,0
3606,534,0
3607,529,0
3608,529,0
3609,531,0
3610,530,0
3611,540,0
3612,527,0
3613,533,0
3614,526,0
3615,527,0
3616,525,0
3617,533,0
3618,535,0
3619,533,0
3620,525,0
3621,526,0
3622,528,0
3623,529,0
3624,537,0
3625,528,0
3626,534,0
3627,531,0
3628,525,0
3629,526,0
3630,535,0
3631,531,0
3632,529,0
3633,536,0
3634,538,0
3635,515,0
3636,534,0
3637,526,0
3638,523,0
3639,529,0
3640,531,0
3641,525,0
3642,539,0
3643,528,0
3644,527,0
3645,530,0
3646,527,0
3647,533,0
3648,536,0
3649,528,0
3650,527,0
3651,528,0
3652,524,0
3653,536,0
3654,530,0
3655,534,0
3656,531,0
3657,528,0
3658,529,0
3659,532,0
3660,534,0
3661,522,0
3662,522,0
3663,530,0
3664,528,0
3665,528,0
3666,528,0
3667,522,0
3668,530,0
3669,534,0
3670,532,0
3671,523,0
3672,524,0
3673,537,0
3674,529,0
3675,538,0
3676,529,0
3677,531,0
3678,527,0
3679,525,0
3680,529,0
3681,529,0
3682,528,0
3683,535,0
3684,531,0
3685,536,0
3686,533,0
3687,529,0
3688,528,0
3689,537,0
3690,542,0
3691,531,0
3692,531,0
3693,531,0
3694,536,0
3695,529,0
3696,529,0
3697,526,0
3698,529,0
3699,530,0
3700,539,0
3701,527,0
3702,531,0
3703,540,0
3704,533,0
3705,521,0
3706,526,0
3707,526,0
3708,534,0
3709,543,0
3710,534,0
3711,532,0
3712,537,0
3713,533,0
3714,536,0
3715,532,0
3716,545,0
3717,525,0
3718,525,0
3719,538,0
3720,529,0
3721,534,0
3722,530,0
3723,524,0
3724,530,0
3725,529,0
3726,524,0
3727,530,0
3728,532,0
3729,535,0
3730,530,0
3731,532,0
3732,531,0
3733,534,0
3734,535,0
3735,527,0
3736,529,0
3737,530,0
3738,532,0
3739,533,0
3740,527,0
3741,529,0
3742,524,0
3743,534,0
3744,530,0
3745,538,0
3746,535,0
3747,528,0
3748,532,0
3749,527,0
3750,532,0
3751,528,0
3752,534,0
3753,529,0
3754,523,0
3755,530,0
3756,527,0
3757,534,0
3758,526,0
3759,532,0
3760,530,0
3761,518,0
3762,529,0
3763,533,0
3764,531,0
3765,528,0
3766,534,0
3767,536,0
3768,531,0
3769,537,0
3770,531,0
3771,532,0
3772,531,0
3773,524,0
3774,533,0
3775,535,0
3776,529,0
3777,539,0
3778,531,0
3779,526,0
3780,530,0
3781,530,0
3782,525,0
3783,536,0
3784,539,0
3785,530,0
3786,529,0
3787,537,0
3788,532,0
3789,524,0
3790,532,0
3791,526,0
3792,541,0
3793,537,0
3794,529,0
3795,530,0
3796,532,0
3797,537,0
3798,528,0
3799,532,0
3800,534,0
3801,539,0
3802,542,0
3803,532,0
3804,529,0
3805,525,0
3806,524,0
3807,534,0
3808,523,0
3809,540,0
3810,527,0
3811,530,0
3812,533,0
3813,528,0
3814,538,0
3815,523,0
3816,528,0
3817,542,0
3818,531,0
3819,544,0
3820,526,0
3821,536,0
3822,525,0
3823,536,0
3824,525,0
3825,537,0
3826,540,0
3827,523,0
3828,530,0
3829,536,0
3830,539,0
3831,530,0
3832,535,0
3833,528,0
3834,524,0
3835,530,0
3836,533,0
3837,533,0
3838,526,0
3839,539,0
3840,532,0
3841,539,0
3842,529,0
3843,525,0
3844,535,0
3845,525,0
3846,526,0
3847,533,0
3848,537,0
3849,525,0
3850,527,0
3851,537,0
3852,530,0
3853,534,0
3854,534,0
3855,541,0
3856,537,0
3857,529,0
3858,534,0
3859,539,0
3860,532,0
3861,540,0
3862,521,0
3863,528,0
3864,534,0
3865,539,0
3866,528,0
3867,529,0
3868,530,0
3869,526,0
3870,539,0
3871,540,0
3872,537,0
3873,530,0
3874,530,0
3875,529,0
3876,533,0
3877,528,0
3878,523,0
3879,532,0
3880,524,0
3881,537,0
3882,535,0
3883,533,0
3884,529,0
3885,530,0
3886,537,0
3887,522,0
3888,529,0
3889,539,0
3890,531,0
3891,532,0
3892,531,0
3893,525,0
3894,535,0
3895,529,0
3896,526,0
3897,534,0
3898,537,0
3899,534,0
3900,535,0
3901,538,0
3902,539,0
3903,531,0
3904,538,0
3905,526,0
3906,529,0
3907,539,0
3908,527,0
3909,529,0
3910,531,0
3911,536,0
3912,531,0
3913,537,0
3914,529,0
3915,526,0
3916,535,0
3917,529,0
3918,532,0
3919,524,0
3920,533,0
3921,542,0
3922,528,0
3923,539,0
3924,542,0
3925,535,0
3926,540,0
3927,531,0
3928,535,0
3929,527,0
3930,530,0
3931,529,0
3932,538,0
3933,533,0
3934,533,0
3935,541,0
3936,540,0
3937,540,0
3938,537,0
3939,535,0
3940,537,0
3941,530,0
3942,535,0
3943,532,0
3944,534,0
3945,540,0
3946,532,0
3947,528,0
3948,530,0
3949,539,0
3950,533,0
3951,539,0
3952,534,0
3953,538,0
3954,533,0
3955,540,0
3956,540,0
3957,534,0
3958,529,0
3959,538,0
3960,537,0
3961,535,0
3962,543,0
3963,539,0
3964,529,0
3965,534,0
3966,535,0
3967,541,0
3968,534,0
3969,534,0
3970,533,0
3971,545,0
3972,529,0
3973,531,0
3974,534,0
3975,538,0
3976,531,0
3977,524,0
3978,536,0
3979,535,0
3980,531,0
3981,530,0
3982,544,0
3983,531,0
3984,536,0
3985,529,0
3986,530,0
3987,531,0
3988,538,0
3989,540,0
3990,533,0
3991,536,0
3992,546,0
3993,532,0
3994,528,0
3995,538,0
3996,543,0
3997,537,0
3998,535,0
3999,531,0
4000,532,0
4001,535,0
4002,529,0
4003,542,0
4004,542,0
4005,532,0
4006,531,0
4007,537,0
4008,533,0
4009,538,0
4010,536,0
4011,539,0
4012,541,0
4013,536,0
4014,528,0
4015,536,0
4016,541,0
4017,533,0
4018,530,0
4019,543,0
4020,538,0
4021,537,0
4022,545,0
4023,539,0
4024,535,0
4025,537,0
4026,533,0
4027,536,0
4028,536,0
4029,542,0
4030,548,0
4031,545,0
4032,542,0
4033,525,0
4034,536,0
4035,537,0
4036,537,0
4037,536,0
4038,547,0
4039,539,0
4040,543,0
4041,534,0
4042,533,0
4043,538,0
4044,533,0
4045,537,0
4046,537,0
4047,535,0
4048,529,0
4049,537,0
4050,540,0
4051,545,0
4052,540,0
4053,535,0
4054,526,0
4055,545,0
4056,538,0
4057,532,0
4058,533,0
4059,526,0
4060,539,0
4061,544,0
4062,533,0
4063,538,0
4064,533,0
4065,538,0
4066,527,0
4067,542,0
4068,541,0
4069,539,0
4070,539,0
4071,542,0
4072,540,0
4073,536,0
4074,541,0
4075,530,0
4076,537,0
4077,532,0
4078,542,0
4079,541,0
4080,531,0
4081,538,0
4082,544,0
4083,532,0
4084,534,0
4085,532,0
4086,537,0
4087,531,0
4088,531,0
4089,547,0
4090,543,0
4091,540,0
4092,534,0
4093,535,0
4094,535,0
4095,535,0
4096,539,0
4097,535,0
4098,533,0
4099,536,0
4100,539,0
4101,537,0
4102,537,0
4103,538,0
4104,539,0
4105,535,0
4106,530,0
4107,538,0
4108,530,0
4109,530,0
4110,537,0
4111,534,0
4112,540,0
4113,535,0
4114,534,0
4115,546,0
4116,532,0
4117,536,0
4118,534,0
4119,528,0
4120,539,0
4121,545,0
4122,538,0
4123,540,0
4124,527,0
4125,536,0
4126,535,0
4127,542,0
4128,533,0
4129,539,0
4130,536,0
4131,533,0
4132,536,0
4133,534,0
4134,542,0
4135,538,0
4136,535,0
4137,531,0
4138,544,0
4139,542,0
4140,544,0
4141,530,0
4142,528,0
4143,536,0
4144,536,0
4145,548,0
4146,531,0
4147,545,0
4148,534,0
4149,549,0
4150,536,0
4151,534,0
4152,538,0
4153,541,0
4154,536,0
4155,535,0
4156,540,0
4157,537,0
4158,533,0
4159,542,0
4160,536,0
4161,546,0
4162,525,0
4163,540,0
4164,535,0
4165,532,0
4166,521,0
4167,538,0
4168,537,0
4169,536,0
4170,540,0
4171,545,0
4172,536,0
4173,535,0
4174,533,0
4175,544,0
4176,532,0
4177,542,0
4178,545,0
4179,543,0
4180,539,0
4181,541,0
4182,539,0
4183,536,0
4184,549,0
4185,535,0
4186,529,0
4187,545,0
4188,543,0
4189,544,0
4190,540,0
4191,528,0
4192,537,0
4193,541,0
4194,536,0
4195,542,0
4196,536,0
4197,542,0
4198,541,0
4199,545,0
4200,534,0
4201,538,0
4202,540,0
4203,530,0
4204,535,0
4205,531,0
4206,537,0
4207,540,0
4208,532,0
4209,538,0
4210,534,0
4211,534,0
4212,536,0
4213,543,0
4214,533,0
4215,540,0
4216,534,0
4217,536,0
4218,546,0
4219,540,0
4220,533,0
4221,533,0
4222,535,0
4223,536,0
4224,536,0
4225,542,0
4226,534,0
4227,542,0
4228,544,0
4229,531,0
4230,530,0
4231,541,0
4232,538,0
4233,535,0
4234,531,0
4235,540,0
4236,538,0
4237,534,0
4238,543,0
4239,529,0
4240,535,0
4241,544,0
4242,540,0
4243,541,0
4244,542,0
4245,540,0
4246,542,0
4247,531,0
4248,537,0
4249,540,0
4250,536,0
4251,531,0
4252,535,0
4253,538,0
4254,547,0
4255,542,0
4256,536,0
4257,535,0
4258,541,0
4259,534,0
4260,538,0
4261,540,0
4262,538,0
4263,533,0
4264,539,0
4265,544,0
4266,542,0
4267,539,0
4268,543,0
4269,536,0
4270,534,0
4271,531,0
4272,534,0
4273,542,0
4274,536,0
4275,539,0
4276,534,0
4277,539,0
4278,538,0
4279,530,0
4280,536,0
4281,542,0
4282,533,0
4283,545,0
4284,529,0
4285,539,0
4286,539,0
4287,534,0
4288,536,0
4289,527,0
4290,546,0
4291,542,0
4292,531,0
4293,536,0
4294,545,0
4295,535,0
4296,538,0
4297,552,0
4298,537,0
4299,542,0
4300,533,0
4301,541,0
4302,532,0
4303,539,0
4304,535,0
4305,538,0
4306,546,0
4307,540,0
4308,542,0
4309,548,0
4310,551,0
4311,540,0
4312,538,0
4313,537,0
4314,538,0
4315,535,0
4316,544,0
4317,548,0
4318,535,0
4319,534,0
4320,537,0
4321,538,0
4322,543,0
4323,540,0
4324,540,0
4325,539,0
4326,545,0
4327,537,0
4328,531,0
4329,538,0
4330,543,0
4331,536,0
4332,540,0
4333,541,0
4334,539,0
4335,545,0
4336,541,0
4337,534,0
4338,535,0
4339,538,0
4340,541,0
4341,547,0
4342,543,0
4343,532,0
4344,531,0
4345,536,0
4346,539,0
4347,543,0
4348,537,0
4349,539,0
4350,545,0
4351,539,0
4352,534,0
4353,540,0
4354,538,0
4355,536,0
4356,541,0
4357,541,0
4358,545,0
4359,531,0
4360,545,0
4361,528,0
4362,538,0
4363,539,0
4364,535,0
4365,541,0
4366,540,0
4367,541,0
4368,535,0
4369,539,0
4370,537,0
4371,542,0
4372,544,0
4373,534,0
4374,541,0
4375,546,0
4376,539,0
4377,529,0
4378,543,0
4379,542,0
4380,542,0
4381,540,0
4382,544,0
4383,537,0
4384,545,0
4385,539,0
4386,544,0
4387,541,0
4388,537,0
4389,540,0
4390,549,0
4391,545,0
4392,543,0
4393,544,0
4394,539,0
4395,530,0
4396,528,0
4397,541,0
4398,542,0
4399,543,0
4400,544,0
4401,539,0
4402,541,0
4403,544,0
4404,547,0
4405,542,0
4406,532,0
4407,531,0
4408,531,0
4409,542,0
4410,537,0
4411,539,0
4412,539,0
4413,533,0
4414,549,0
4415,545,0
4416,538,0
4417,539,0
4418,549,0
4419,546,0
4420,541,0
4421,539,0
4422,545,0
4423,542,0
4424,548,0
4425,530,0
4426,538,0
4427,539,0
4428,539,0
4429,547,0
4430,537,0
4431,540,0
4432,543,0
4433,539,0
4434,542,0
4435,539,0
4436,551,0
4437,555,0
4438,542,0
4439,545,0
4440,542,0
4441,538,0
4442,538,0
4443,544,0
4444,542,0
4445,538,0
4446,540,0
4447,538,0
4448,545,0
4449,533,0
4450,540,0
4451,542,0
4452,552,0
4453,539,0
4454,533,0
4455,546,0
4456,525,0
4457,538,0
4458,545,0
4459,544,0
4460,541,0
4461,538,0
4462,539,0
4463,538,0
4464,549,0
4465,541,0
4466,543,0
4467,537,0
4468,550,0
4469,539,0
4470,540,0
4471,543,0
4472,535,0
4473,540,0
4474,544,0
4475,546,0
4476,538,0
4477,547,0
4478,547,0
4479,545,0
4480,536,0
4481,538,0
4482,536,0
4483,542,0
4484,534,0
4485,533,0
4486,541,0
4487,549,0
4488,538,0
4489,549,0
4490,536,0
4491,546,0
4492,534,0
4493,539,0
4494,540,0
4495,537,0
4496,540,0
4497,545,0
4498,543,0
4499,540,0
4500,545,0
4501,537,0
4502,539,0
4503,533,0
4504,540,0
4505,541,0
4506,541,0
4507,540,0
4508,550,0
4509,540,0
4510,546,0
4511,532,0
4512,537,0
4513,551,0
4514,542,0
4515,536,0
4516,540,0
4517,537,0
4518,545,0
4519,535,0
4520,540,0
4521,539,0
4522,544,0
4523,542,0
4524,543,0
4525,545,0
4526,536,0
4527,539,0
4528,542,0
4529,536,0
4530,539,0
4531,536,0
4532,549,0
4533,542,0
4534,540,0
4535,541,0
4536,543,0
4537,542,0
4538,543,0
4539,533,0
4540,548,0
4541,537,0
4542,550,0
4543,544,0
4544,550,0
4545,548,0
4546,542,0
4547,549,0
4548,531,0
4549,539,0
4550,546,0
4551,535,0
4552,548,0
4553,542,0
4554,540,0
4555,541,0
4556,549,0
4557,546,0
4558,538,0
4559,533,0
4560,545,0
4561,545,0
4562,543,0
4563,540,0
4564,543,0
4565,540,0
4566,543,0
4567,538,0
4568,532,0
4569,543,0
4570,532,0
4571,540,0
4572,543,0
4573,541,0
4574,544,0
4575,544,0
4576,545,0
4577,537,0
4578,541,0
4579,541,0
4580,537,0
4581,540,0
4582,539,0
4583,542,0
4584,540,0
4585,533,0
4586,537,0
4587,549,0
4588,551,0
4589,544,0
4590,551,0
4591,537,0
4592,552,0
4593,540,0
4594,536,0
4595,543,0
4596,543,0
4597,535,0
4598,546,0
4599,539,0
4600,547,0
4601,542,0
4602,543,0
4603,540,0
4604,550,0
4605,547,0
4606,547,0
4607,541,0
4608,540,0
4609,537,0
4610,535,0
4611,541,0
4612,539,0
4613,546,0
4614,541,0
4615,545,0
4616,540,0
4617,540,0
4618,548,0
4619,550,0
4620,537,0
4621,538,0
4622,546,0
4623,544,0
4624,544,0
4625,540,0
4626,545,0
4627,545,0
4628,552,0
4629,543,0
4630,540,0
4631,533,0
4632,542,0
4633,537,0
4634,540,0
4635,547,0
4636,542,0
4637,555,0
4638,539,0
4639,533,0
4640,546,0
4641,547,0
4642,537,0
4643,538,0
4644,543,0
4645,545,0
4646,544,0
4647,550,0
4648,544,0
4649,544,0
4650,540,0
4651,546,0
4652,533,0
4653,542,0
4654,543,0
4655,540,0
4656,544,0
4657,541,0
4658,547,0
4659,544,0
4660,545,0
4661,534,0
4662,545,0
4663,540,0
4664,548,0
4665,546,0
4666,549,0
4667,538,0
4668,545,0
4669,546,0
4670,546,0
4671,541,0
4672,549,0
4673,547,0
4674,540,0
4675,536,0
4676,552,0
4677,539,0
4678,546,0
4679,542,0
4680,545,0
4681,538,0
4682,548,0
4683,540,0
4684,537,0
4685,544,0
4686,542,0
4687,535,0
4688,544,0
4689,537,0
4690,550,0
4691,539,0
4692,544,0
4693,545,0
4694,540,0
4695,539,0
4696,542,0
4697,540,0
4698,549,0
4699,544,0
4700,541,0
4701,549,0
4702,537,0
4703,540,0
4704,543,0
4705,552,0
4706,554,0
4707,549,0
4708,535,0
4709,544,0
4710,543,0
4711,539,0
4712,547,0
4713,543,0
4714,538,0
4715,548,0
4716,536,0
4717,542,0
4718,549,0
4719,546,0
4720,542,0
4721,536,0
4722,540,0
4723,537,0
4724,545,0
4725,544,0
4726,541,0
4727,543,0
4728,541,0
4729,533,0
4730,546,0
4731,537,0
4732,545,0
4733,550,0
4734,547,0
4735,534,0
4736,541,0
4737,540,0
4738,545,0
4739,546,0
4740,541,0
4741,538,0
4742,544,0
4743,547,0
4744,539,0
4745,550,0
4746,554,0
4747,546,0
4748,544,0
4749,548,0
4750,546,0
4751,540,0
4752,543,0
4753,542,0
4754,549,0
4755,544,0
4756,544,0
4757,539,0
4758,542,0
4759,550,0
4760,544,0
4761,542,0
4762,537,0
4763,544,0
4764,545,0
4765,545,0
4766,541,0
4767,552,0
4768,543,0
4769,544,0
4770,542,0
4771,541,0
4772,544,0
4773,545,0
4774,546,0
4775,549,0
4776,555,0
4777,540,0
4778,551,0
4779,544,0
4780,538,0
4781,540,0
4782,546,0
4783,548,0
4784,546,0
4785,538,0
4786,531,0
4787,543,0
4788,538,0
4789,554,0
4790,547,0
4791,547,0
4792,544,0
4793,547,0
4794,546,0
4795,547,0
4796,544,0
4797,543,0
4798,553,0
4799,531,0
4800,538,0
4801,554,0
4802,541,0
4803,538,0
4804,542,0
4805,547,0
4806,552,0
4807,546,0
4808,547,0
4809,548,0
4810,543,0
4811,550,0
4812,539,0
4813,549,0
4814,552,0
4815,537,0
4816,537,0
4817,541,0
4818,547,0
4819,539,0
4820,550,0
4821,543,0
4822,541,0
4823,536,0
4824,543,0
4825,547,0
4826,550,0
4827,540,0
4828,542,0
4829,548,0
4830,543,0
4831,547,0
4832,552,0
4833,549,0
4834,541,0
4835,544,0
4836,544,0
4837,539,0
4838,547,0
4839,545,0
4840,545,0
4841,548,0
4842,548,0
4843,541,0
4844,541,0
4845,552,0
4846,540,0
4847,542,0
4848,549,0
4849,537,0
4850,542,0
4851,553,0
4852,550,0
4853,536,0
4854,550,0
4855,548,0
4856,538,0
4857,543,0
4858,537,0
4859,545,0
4860,547,0
4861,549,0
4862,552,0
4863,546,0
4864,546,0
4865,550,0
4866,541,0
4867,549,0
4868,545,0
4869,547,0
4870,544,0
4871,551,0
4872,543,0
4873,540,0
4874,555,0
4875,545,0
4876,544,0
4877,550,0
4878,549,0
4879,554,0
4880,548,0
4881,553,0
4882,538,0
4883,546,0
4884,536,0
4885,543,0
4886,543,0
4887,544,0
4888,545,0
4889,547,0
4890,541,0
4891,546,0
4892,549,0
4893,553,0
4894,540,0
4895,538,0
4896,547,0
4897,545,0
4898,558,0
4899,557,0
4900,542,0
4901,546,0
4902,542,0
4903,546,0
4904,549,0
4905,543,0
4906,548,0
4907,546,0
4908,538,0
4909,548,0
4910,555,0
4911,546,0
4912,541,0
4913,553,0
4914,547,0
4915,542,0
4916,546,0
4917,543,0
4918,546,0
4919,553,0
4920,559,0
4921,548,0
4922,550,0
4923,540,0
4924,546,0
4925,550,0
4926,546,0
4927,540,0
4928,551,0
4929,544,0
4930,542,0
4931,544,0
4932,541,0
4933,543,0
4934,550,0
4935,552,0
4936,548,0
4937,547,0
4938,554,0
4939,548,0
4940,541,0
4941,540,0
4942,534,0
4943,551,0
4944,550,0
4945,549,0
4946,542,0
4947,549,0
4948,550,0
4949,544,0
4950,546,0
4951,550,0
4952,549,0
4953,544,0
4954,552,0
4955,536,0
4956,543,0
4957,540,0
4958,543,0
4959,538,0
4960,539,0
4961,544,0
4962,549,0
4963,557,0
4964,546,0
4965,545,0
4966,545,0
4967,553,0
4968,547,0
4969,545,0
4970,530,0
4971,540,0
4972,541,0
4973,542,0
4974,548,0
4975,553,0
4976,544,0
4977,541,0
4978,551,0
4979,543,0
4980,544,0
4981,542,0
4982,542,0
4983,550,0
4984,548,0
4985,549,0
4986,544,0
4987,553,0
4988,546,0
4989,546,0
4990,547,0
4991,540,0
4992,549,0
4993,546,0
4994,549,0
4995,553,0
4996,535,0
4997,546,0
4998,532,0
4999,551,0
5000,548,0
5001,548,0
5002,551,0
5003,536,0
5004,545,0
5005,544,0
5006,547,0
5007,551,0
5008,539,0
5009,545,0
5010,549,0
5011,546,0
5012,546,0
5013,541,0
5014,540,0
5015,552,0
5016,549,0
5017,548,0
5018,549,0
5019,552,0
5020,546,0
5021,548,0
5022,546,0
5023,548,0
5024,552,0
5025,541,0
5026,559,0
5027,540,0
5028,547,0
5029,544,0
5030,551,0
5031,552,0
5032,554,0
5033,547,0
5034,550,0
5035,542,0
5036,545,0
5037,550,0
5038,547,0
5039,542,0
5040,545,0
5041,547,0
5042,542,0
5043,544,0
5044,547,0
5045,538,0
5046,552,0
5047,550,0
5048,544,0
5049,550,0
5050,560,0
5051,548,0
5052,550,0
5053,547,0
5054,542,0
5055,556,0
5056,543,0
5057,542,0
5058,552,0
5059,535,0
5060,556,0
5061,546,0
5062,545,0
5063,551,0
5064,555,0
5065,544,0
5066,546,0
5067,547,0
5068,542,0
5069,544,0
5070,546,0
5071,546,0
5072,550,0
5073,548,0
5074,550,0
5075,550,0
5076,550,0
5077,548,0
5078,552,0
5079,548,0
5080,551,0
5081,547,0
5082,553,0
5083,549,0
5084,549,0
5085,544,0
5086,547,0
5087,547,0
5088,543,0
5089,560,0
5090,547,0
5091,554,0
5092,541,0
5093,530,0
5094,546,0
5095,556,0
5096,544,0
5097,541,0
5098,554,0
5099,542,0
5100,542,0
5101,544,0
5102,541,0
5103,550,0
5104,538,0
5105,544,0
5106,544,0
5107,545,0
5108,542,0
5109,545,0
5110,546,0
5111,540,0
5112,545,0
5113,552,0
5114,553,0
5115,553,0
5116,551,0
5117,544,0
5118,560,0
5119,555,0
5120,557,0
5121,548,0
5122,547,0
5123,543,0
5124,546,0
5125,546,0
5126,552,0
5127,545,0
5128,547,0
5129,544,0
5130,556,0
5131,547,0
5132,547,0
5133,545,0
5134,551,0
5135,552,0
5136,548,0
5137,548,0
5138,548,0
5139,549,0
5140,554,0
5141,551,0
5142,545,0
5143,544,0
5144,542,0
5145,541,0
5146,547,0
5147,538,0
5148,555,0
5149,549,0
5150,547,0
5151,554,0
5152,549,0
5153,551,0
5154,555,0
5155,547,0
5156,547,0
5157,551,0
5158,551,0
5159,556,0
5160,545,0
5161,563,0
5162,551,0
5163,556,0
5164,547,0
5165,551,0
5166,560,0
5167,540,0
5168,559,0
5169,545,0
5170,548,0
5171,552,0
5172,552,0
5173,546,0
5174,545,0
5175,547,0
5176,556,0
5177,544,0
5178,548,0
5179,541,0
5180,546,0
5181,556,0
5182,543,0
5183,544,0
5184,544,0
5185,555,0
5186,556,0
5187,547,0
5188,552,0
5189,549,0
5190,560,0
5191,544,0
5192,543,0
5193,551,0
5194,547,0
5195,558,0
5196,547,0
5197,542,0
5198,550,0
5199,549,0
5200,551,0
5201,548,0
5202,548,0
5203,548,0
5204,548,0
5205,547,0
5206,562,0
5207,551,0
5208,544,0
5209,551,0
5210,552,0
5211,548,0
5212,555,0
5213,544,0
5214,548,0
5215,555,0
5216,546,0
5217,546,0
5218,551,0
5219,559,0
5220,552,0
5221,555,0
5222,547,0
5223,541,0
5224,543,0
5225,542,0
5226,545,0
5227,547,0
5228,547,0
5229,546,0
5230,555,0
5231,544,0
5232,547,0
5233,559,0
5234,541,0
5235,553,0
5236,545,0
5237,555,0
5238,547,0
5239,551,0
5240,544,0
5241,550,0
5242,546,0
5243,540,0
5244,549,0
5245,551,0
5246,554,0
5247,550,0
5248,547,0
5249,551,0
5250,547,0
5251,545,0
5252,548,0
5253,543,0
5254,546,0
5255,542,0
5256,554,0
5257,552,0
5258,555,0
5259,551,0
5260,549,0
5261,552,0
5262,548,0
5263,551,0
5264,554,0
5265,556,0
5266,547,0
5267,552,0
5268,546,0
5269,553,0
5270,552,0
5271,546,0
5272,542,0
5273,551,0
5274,551,0
5275,562,0
5276,543,0
5277,544,0
5278,560,0
5279,555,0
5280,558,0
5281,547,0
5282,557,0
5283,549,0
5284,547,0
5285,553,0
5286,547,0
5287,543,0
5288,547,0
5289,547,0
5290,545,0
5291,551,0
5292,542,0
5293,549,0
5294,551,0
5295,550,0
5296,552,0
5297,550,0
5298,549,0
5299,549,0
5300,558,0
5301,555,0
5302,549,0
5303,548,0
5304,553,0
5305,550,0
5306,547,0
5307,544,0
5308,544,0
5309,552,0
5310,546,0
5311,549,0
5312,547,0
5313,551,0
5314,540,0
5315,557,0
5316,550,0
5317,541,0
5318,547,0
5319,548,0
5320,553,0
5321,553,0
5322,547,0
5323,549,0
5324,546,0
5325,544,0
5326,534,0
5327,553,0
5328,551,0
5329,549,0
5330,554,0
5331,562,0
5332,556,0
5333,556,0
5334,557,0
5335,554,0
5336,551,0
5337,545,0
5338,547,0
5339,548,0
5340,546,0
5341,547,0
5342,555,0
5343,550,0
5344,542,0
5345,545,0
5346,546,0
5347,544,0
5348,551,0
5349,546,0
5350,552,0
5351,549,0
5352,545,0
5353,555,0
5354,552,0
5355,555,0
5356,542,0
5357,561,0
5358,561,0
5359,555,0
5360,554,0
5361,556,0
5362,546,0
5363,549,0
5364,547,0
5365,552,0
5366,548,0
5367,548,0
5368,548,0
5369,548,0
5370,551,0
5371,542,0
5372,558,0
5373,556,0
5374,549,0
5375,555,0
5376,547,0
5377,550,0
5378,554,0
5379,551,0
5380,540,0
5381,554,0
5382,547,0
5383,551,0
5384,553,0
5385,547,0
5386,552,0
5387,554,0
5388,554,0
5389,551,0
5390,559,0
5391,543,0
5392,552,0
5393,562,0
5394,545,0
5395,561,0
5396,550,0
5397,551,0
5398,553,0
5399,539,0
5400,548,0
5401,546,0
5402,551,0
5403,553,0
5404,548,0
5405,555,0
5406,561,0
5407,548,0
5408,560,0
5409,558,0
5410,554,0
5411,561,0
5412,553,0
5413,545,0
5414,558,0
5415,554,0
5416,550,0
5417,545,0
5418,541,0
5419,547,0
5420,549,0
5421,553,0
5422,555,0
5423,563,0
5424,542,0
5425,554,0
5426,557,0
5427,557,0
5428,556,0
5429,555,0
5430,554,0
5431,553,0
5432,555,0
5433,548,0
5434,549,0
5435,550,0
5436,552,0
5437,551,0
5438,539,0
5439,555,0
5440,549,0
5441,545,0
5442,555,0
5443,561,0
5444,555,0
5445,561,0
5446,551,0
5447,552,0
5448,559,0
5449,555,0
5450,552,0
5451,553,0
5452,555,0
5453,559,0
5454,546,0
5455,551,0
5456,561,0
5457,552,0
5458,558,0
5459,548,0
5460,553,0
5461,547,0
5462,546,0
5463,554,0
5464,557,0
5465,561,0
5466,549,0
5467,557,0
5468,552,0
5469,544,0
5470,550,0
5471,545,0
5472,546,0
5473,549,0
5474,543,0
5475,550,0
5476,556,0
5477,543,0
5478,559,0
5479,551,0
5480,551,0
5481,548,0
5482,556,0
5483,558,0
5484,551,0
5485,544,0
5486,542,0
5487,549,0
5488,556,0
5489,558,0
5490,549,0
5491,554,0
5492,548,0
5493,553,0
5494,555,0
5495,554,0
5496,554,0
5497,546,0
5498,545,0
5499,553,0
5500,547,0
5501,548,0
5502,552,0
5503,547,0
5504,557,0
5505,546,0
5506,556,0
5507,546,0
5508,554,0
5509,554,0
5510,553,0
5511,546,0
5512,549,0
5513,550,0
5514,547,0
5515,550,0
5516,551,0
5517,547,0
5518,555,0
5519,558,0
5520,537,0
5521,549,0
5522,548,0
5523,551,0
5524,555,0
5525,548,0
5526,561,0
5527,548,0
5528,549,0
5529,545,0
5530,551,0
5531,542,0
5532,549,0
5533,553,0
5534,554,0
5535,554,0
5536,549,0
5537,551,0
5538,551,0
5539,548,0
5540,559,0
5541,561,0
5542,553,0
5543,546,0
5544,550,0
5545,554,0
5546,548,0
5547,545,0
5548,556,0
5549,549,0
5550,551,0
5551,554,0
5552,555,0
5553,557,0
5554,554,0
5555,557,0
5556,555,0
5557,559,0
5558,557,0
5559,546,0
5560,553,0
5561,554,0
5562,554,0
5563,546,0
5564,550,0
5565,556,0
5566,558,0
5567,549,0
5568,549,0
5569,549,0
5570,550,0
5571,561,0
5572,552,0
5573,549,0
5574,551,0
5575,540,0
5576,558,0
5577,553,0
5578,540,0
5579,545,0
5580,547,0
5581,549,0
5582,554,0
5583,554,0
5584,557,0
5585,546,0
5586,559,0
5587,542,0
5588,548,0
5589,549,0
5590,548,0
5591,567,0
5592,558,0
5593,552,0
5594,557,0
5595,553,0
5596,551,0
5597,551,0
5598,553,0
5599,544,0
5600,555,0
5601,547,0
5602,549,0
5603,552,0
5604,542,0
5605,553,0
5606,550,0
5607,546,0
5608,551,0
5609,550,0
5610,554,0
5611,541,0
5612,546,0
5613,549,0
5614,554,0
5615,548,0
5616,550,0
5617,562,0
5618,554,0
5619,554,0
5620,558,0
5621,560,0
5622,554,0
5623,558,0
5624,554,0
5625,561,0
5626,561,0
5627,550,0
5628,548,0
5629,549,0
5630,557,0
5631,559,0
5632,555,0
5633,553,0
5634,555,0
5635,551,0
5636,559,0
5637,559,0
5638,557,0
5639,554,0
5640,553,0
5641,550,0
5642,548,0
5643,557,0
5644,555,0
5645,548,0
5646,550,0
5647,554,0
5648,556,0
5649,556,0
5650,558,0
5651,553,0
5652,556,0
5653,564,0
5654,558,0
5655,563,0
5656,556,0
5657,557,0
5658,547,0
5659,552,0
5660,553,0
5661,556,0
5662,548,0
5663,552,0
5664,556,0
5665,546,0
5666,551,0
5667,550,0
5668,555,0
5669,548,0
5670,554,0
5671,547,0
5672,552,0
5673,546,0
5674,548,0
5675,553,0
5676,548,0
5677,554,0
5678,541,0
5679,556,0
5680,551,0
5681,563,0
5682,560,0
5683,555,0
5684,553,0
5685,559,0
5686,558,0
5687,557,0
5688,550,0
5689,549,0
5690,553,0
5691,549,0
5692,550,0
5693,548,0
5694,554,0
5695,554,0
5696,553,0
5697,550,0
5698,555,0
5699,551,0
5700,548,0
5701,554,0
5702,556,0
5703,556,0
5704,561,0
5705,545,0
5706,551,0
5707,560,0
5708,550,0
5709,557,0
5710,547,0
5711,555,0
5712,556,0
5713,559,0
5714,560,0
5715,557,0
5716,558,0
5717,548,0
5718,548,0
5719,559,0
5720,551,0
5721,549,0
5722,561,0
5723,553,0
5724,553,0
5725,552,0
5726,558,0
5727,549,0
5728,547,0
5729,548,0
5730,551,0
5731,561,0
5732,553,0
5733,559,0
5734,556,0
5735,554,0
5736,557,0
5737,554,0
5738,556,0
5739,557,0
5740,561,0
5741,555,0
5742,552,0
5743,559,0
5744,561,0
5745,557,0
5746,549,0
5747,550,0
5748,547,0
5749,554,0
5750,566,0
5751,557,0
5752,554,0
5753,557,0
5754,554,0
5755,563,0
5756,557,0
5757,558,0
5758,559,0
5759,556,0
5760,556,0
5761,549,0
5762,544,0
5763,557,0
5764,561,0
5765,549,0
5766,553,0
5767,541,0
5768,556,0
5769,557,0
5770,555,0
5771,555,0
5772,549,0
5773,548,0
5774,558,0
5775,550,0
5776,555,0
5777,557,0
5778,556,0
5779,561,0
5780,556,0
5781,547,0
5782,549,0
5783,552,0
5784,554,0
5785,555,0
5786,552,0
5787,550,0
5788,552,0
5789,554,0
5790,549,0
5791,551,0
5792,558,0
5793,559,0
5794,563,0
5795,555,0
5796,554,0
5797,557,0
5798,559,0
5799,552,0
5800,559,0
5801,552,0
5802,556,0
5803,549,0
5804,546,0
5805,563,0
5806,558,0
5807,557,0
5808,558,0
5809,549,0
5810,557,0
5811,557,0
5812,552,0
5813,561,0
5814,558,0
5815,562,0
5816,554,0
5817,550,0
5818,558,0
5819,553,0
5820,549,0
5821,554,0
5822,550,0
5823,553,0
5824,558,0
5825,555,0
5826,558,0
5827,557,0
5828,555,0
5829,555,0
5830,553,0
5831,551,0
5832,555,0
5833,551,0
5834,551,0
5835,556,0
5836,554,0
5837,566,0
5838,555,0
5839,565,0
5840,552,0
5841,550,0
5842,557,0
5843,554,0
5844,559,0
5845,551,0
5846,548,0
5847,547,0
5848,556,0
5849,556,0
5850,555,0
5851,553,0
5852,552,0
5853,560,0
5854,560,0
5855,557,0
5856,553,0
5857,558,0
5858,551,0
5859,555,0
5860,549,0
5861,554,0
5862,558,0
5863,555,0
5864,556,0
5865,554,0
5866,556,0
5867,553,0
5868,549,0
5869,552,0
5870,553,0
5871,551,0
5872,556,0
5873,560,0
5874,554,0
5875,558,0
5876,550,0
5877,559,0
5878,552,0
5879,553,0
5880,549,0
5881,555,0
5882,551,0
5883,553,0
5884,555,0
5885,558,0
5886,553,0
5887,558,0
5888,550,0
5889,551,0
5890,550,0
5891,566,0
5892,560,0
5893,556,0
5894,563,0
5895,556,0
5896,552,0
5897,557,0
5898,563,0
5899,558,0
5900,553,0
5901,560,0
5902,559,0
5903,555,0
5904,554,0
5905,562,0
5906,550,0
5907,555,0
5908,553,0
5909,560,0
5910,551,0
5911,560,0
5912,556,0
5913,556,0
5914,549,0
5915,559,0
5916,564,0
5917,560,0
5918,552,0
5919,549,0
5920,556,0
5921,556,0
5922,552,0
5923,550,0
5924,560,0
5925,559,0
5926,554,0
5927,561,0
5928,555,0
5929,560,0
5930,558,0
5931,561,0
5932,558,0
5933,548,0
5934,552,0
5935,554,0
5936,558,0
5937,552,0
5938,550,0
5939,547,0
5940,556,0
5941,550,0
5942,560,0
5943,551,0
5944,558,0
5945,552,0
5946,550,0
5947,553,0
5948,563,0
5949,555,0
5950,554,0
5951,555,0
5952,553,0
5953,556,0
5954,551,0
5955,550,0
5956,555,0
5957,546,0
5958,564,0
5959,558,0
5960,550,0
5961,549,0
5962,556,0
5963,550,0
5964,563,0
5965,550,0
5966,561,0
5967,558,0
5968,558,0
5969,557,0
5970,555,0
5971,548,0
5972,561,0
5973,552,0
5974,558,0
5975,556,0
5976,553,0
5977,564,0
5978,555,0
5979,560,0
5980,553,0
5981,561,0
5982,564,0
5983,552,0
5984,552,0
5985,555,0
5986,557,0
5987,563,0
5988,557,0
5989,558,0
5990,555,0
5991,546,0
5992,561,0
5993,560,0
5994,559,0
5995,552,0
5996,559,0
5997,562,0
5998,549,0
5999,553,0
6000,553,0
6001,553,0
6002,557,0
6003,552,0
6004,549,0
6005,551,0
6006,553,0
6007,558,0
6008,549,0
6009,550,0
6010,566,0
6011,561,0
6012,547,0
6013,563,0
6014,551,0
6015,558,0
6016,558,0
6017,552,0
6018,555,0
6019,559,0
6020,555,0
6021,551,0
6022,551,0
6023,553,0
6024,556,0
6025,558,0
6026,551,0
6027,562,0
6028,564,0
6029,554,0
6030,549,0
6031,558,0
6032,563,0
6033,558,0
6034,567,0
6035,550,0
6036,558,0
6037,550,0
6038,567,0
6039,550,0
6040,556,0
6041,554,0
6042,567,0
6043,568,0
6044,561,0
6045,559,0
6046,553,0
6047,548,0
6048,549,0
6049,565,0
6050,557,0
6051,559,0
6052,554,0
6053,564,0
6054,564,0
6055,557,0
6056,548,0
6057,558,0
6058,564,0
6059,550,0
6060,563,0
6061,562,0
6062,551,0
6063,558,0
6064,565,0
6065,554,0
6066,559,0
6067,553,0
6068,558,0
6069,558,0
6070,553,0
6071,552,0
6072,559,0
6073,552,0
6074,554,0
6075,558,0
6076,558,0
6077,560,0
6078,555,0
6079,553,0
6080,555,0
6081,563,0
6082,551,0
6083,559,0
6084,557,0
6085,557,0
6086,557,0
6087,556,0
6088,555,0
6089,570,0
6090,565,0
6091,555,0
6092,564,0
6093,559,0
6094,553,0
6095,561,0
6096,562,0
6097,555,0
6098,559,0
6099,548,0
6100,560,0
6101,555,0
6102,556,0
6103,562,0
6104,558,0
6105,559,0
6106,565,0
6107,563,0
6108,554,0
6109,554,0
6110,556,0
6111,557,0
6112,558,0
6113,549,0
6114,560,0
6115,561,0
6116,557,0
6117,555,0
6118,551,0
6119,558,0
6120,564,0
6121,554,0
6122,558,0
6123,556,0
6124,560,0
6125,550,0
6126,563,0
6127,560,0
6128,553,0
6129,565,0
6130,557,0
6131,554,0
6132,566,0
6133,563,0
6134,560,0
6135,553,0
6136,568,0
6137,563,0
6138,550,0
6139,562,0
6140,568,0
6141,559,0
6142,552,0
6143,550,0
6144,555,0
6145,561,0
6146,562,0
6147,548,0
6148,556,0
6149,562,0
6150,557,0
6151,557,0
6152,558,0
6153,553,0
6154,559,0
6155,561,0
6156,555,0
6157,557,0
6158,556,0
6159,556,0
6160,562,0
6161,563,0
6162,554,0
6163,555,0
6164,560,0
6165,560,0
6166,565,0
6167,563,0
6168,558,0
6169,563,0
6170,560,0
6171,558,0
6172,559,0
6173,558,0
6174,555,0
6175,560,0
6176,552,0
6177,559,0
6178,550,0
6179,556,0
6180,563,0
6181,565,0
6182,570,0
6183,557,0
6184,556,0
6185,560,0
6186,563,0
6187,557,0
6188,559,0
6189,548,0
6190,560,0
6191,549,0
6192,563,0
6193,550,0
6194,562,0
6195,562,0
6196,552,0
6197,558,0
6198,558,0
6199,553,0
6200,557,0
6201,565,0
6202,566,0
6203,558,0
6204,555,0
6205,554,0
6206,562,0
6207,562,0
6208,560,0
6209,559,0
6210,553,0
6211,555,0
6212,564,0
6213,555,0
6214,558,0
6215,552,0
6216,560,0
6217,558,0
6218,563,0
6219,555,0
6220,559,0
6221,549,0
6222,552,0
6223,554,0
6224,557,0
6225,555,0
6226,567,0
6227,559,0
6228,549,0
6229,557,0
6230,559,0
6231,554,0
6232,555,0
6233,567,0
6234,564,0
6235,553,0
6236,551,0
6237,560,0
6238,556,0
6239,556,0
6240,557,0
6241,566,0
6242,562,0
6243,556,0
6244,556,0
6245,555,0
6246,560,0
6247,555,0
6248,563,0
6249,560,0
6250,558,0
6251,559,0
6252,557,0
6253,565,0
6254,555,0
6255,563,0
6256,561,0
6257,552,0
6258,556,0
6259,561,0
6260,557,0
6261,557,0
6262,557,0
6263,558,0
6264,561,0
6265,558,0
6266,553,0
6267,556,0
6268,554,0
6269,552,0
6270,561,0
6271,557,0
6272,546,0
6273,564,0
6274,568,0
6275,557,0
6276,555,0
6277,557,0
6278,557,0
6279,555,0
6280,562,0
6281,551,0
6282,556,0
6283,563,0
6284,562,0
6285,561,0
6286,560,0
6287,558,0
6288,569,0
6289,562,0
6290,552,0
6291,563,0
6292,555,0
6293,566,0
6294,550,0
6295,553,0
6296,552,0
6297,566,0
6298,556,0
6299,569,0
6300,566,0
6301,562,0
6302,559,0
6303,556,0
6304,552,0
6305,562,0
6306,557,0
6307,557,0
6308,554,0
6309,555,0
6310,565,0
6311,564,0
6312,551,0
6313,564,0
6314,565,0
6315,569,0
6316,559,0
6317,554,0
6318,560,0
6319,557,0
6320,543,0
6321,558,0
6322,559,0
6323,555,0
6324,559,0
6325,555,0
6326,557,0
6327,557,0
6328,556,0
6329,558,0
6330,571,0
6331,563,0
6332,561,0
6333,557,0
6334,565,0
6335,560,0
6336,551,0
6337,556,0
6338,556,0
6339,557,0
6340,570,0
6341,559,0
6342,563,0
6343,558,0
6344,570,0
6345,558,0
6346,562,0
6347,561,0
6348,551,0
6349,555,0
6350,560,0
6351,566,0
6352,559,0
6353,561,0
6354,548,0
6355,563,0
6356,565,0
6357,550,0
6358,554,0
6359,552,0
6360,566,0
6361,563,0
6362,552,0
6363,567,0
6364,558,0
6365,559,0
6366,558,0
6367,565,0
6368,564,0
6369,559,0
6370,559,0
6371,564,0
6372,563,0
6373,564,0
6374,555,0
6375,558,0
6376,553,0
6377,564,0
6378,563,0
6379,557,0
6380,559,0
6381,566,0
6382,569,0
6383,559,0
6384,564,0
6385,558,0
6386,558,0
6387,558,0
6388,561,0
6389,558,0
6390,558,0
6391,561,0
6392,554,0
6393,563,0
6394,562,0
6395,557,0
6396,564,0
6397,565,0
6398,554,0
6399,550,0
6400,554,0
6401,555,0
6402,560,0
6403,557,0
6404,562,0
6405,561,0
6406,560,0
6407,562,0
6408,555,0
6409,557,0
6410,552,0
6411,561,0
6412,552,0
6413,562,0
6414,554,0
6415,563,0
6416,561,0
6417,566,0
6418,557,0
6419,558,0
6420,558,0
6421,563,0
6422,558,0
6423,555,0
6424,563,0
6425,565,0
6426,554,0
6427,558,0
6428,559,0
6429,559,0
6430,564,0
6431,556,0
6432,561,0
6433,560,0
6434,566,0
6435,565,0
6436,558,0
6437,558,0
6438,566,0
6439,562,0
6440,560,0
6441,574,0
6442,557,0
6443,561,0
6444,565,0
6445,564,0
6446,566,0
6447,564,0
6448,575,0
6449,569,0
6450,556,0
6451,559,0
6452,553,0
6453,557,0
6454,561,0
6455,557,0
6456,568,0
6457,556,0
6458,571,0
6459,564,0
6460,550,0
6461,558,0
6462,561,0
6463,560,0
6464,558,0
6465,555,0
6466,558,0
6467,561,0
6468,554,0
6469,567,0
6470,557,0
6471,556,0
6472,566,0
6473,555,0
6474,559,0
6475,557,0
6476,555,0
6477,564,0
6478,567,0
6479,558,0
6480,562,0
6481,556,0
6482,554,0
6483,565,0
6484,562,0
6485,558,0
6486,563,0
6487,560,0
6488,563,0
6489,564,0
6490,556,0
6491,561,0
6492,562,0
6493,570,0
6494,560,0
6495,563,0
6496,558,0
6497,566,0
6498,564,0
6499,564,0
6500,568,0
6501,560,0
6502,561,0
6503,570,0
6504,555,0
6505,559,0
6506,564,0
6507,562,0
6508,556,0
6509,570,0
6510,568,0
6511,571,0
6512,563,0
6513,560,0
6514,570,0
6515,557,0
6516,569,0
6517,561,0
6518,559,0
6519,568,0
6520,562,0
6521,564,0
6522,556,0
6523,564,0
6524,563,0
6525,556,0
6526,558,0
6527,559,0
6528,565,0
6529,557,0
6530,555,0
6531,562,0
6532,567,0
6533,565,0
6534,561,0
6535,564,0
6536,560,0
6537,556,0
6538,555,0
6539,559,0
6540,566,0
6541,561,0
6542,565,0
6543,563,0
6544,556,0
6545,561,0
6546,561,0
6547,567,0
6548,561,0
6549,557,0
6550,565,0
6551,558,0
6552,564,0
6553,554,0
6554,566,0
6555,565,0
6556,566,0
6557,553,0
6558,560,0
6559,564,0
6560,559,0
6561,563,0
6562,555,0
6563,557,0
6564,559,0
6565,560,0
6566,569,0
6567,567,0
6568,559,0
6569,561,0
6570,566,0
6571,562,0
6572,565,0
6573,558,0
6574,564,0
6575,562,0
6576,563,0
6577,567,0
6578,569,0
6579,556,0
6580,562,0
6581,555,0
6582,568,0
6583,552,0
6584,564,0
6585,552,0
6586,556,0
6587,560,0
6588,552,0
6589,566,0
6590,559,0
6591,564,0
6592,558,0
6593,569,0
6594,567,0
6595,567,0
6596,565,0
6597,563,0
6598,556,0
6599,560,0
6600,567,0
6601,567,0
6602,563,0
6603,560,0
6604,563,0
6605,559,0
6606,556,0
6607,548,0
6608,554,0
6609,564,0
6610,557,0
6611,566,0
6612,564,0
6613,564,0
6614,566,0
6615,572,0
6616,564,0
6617,558,0
6618,572,0
6619,559,0
6620,556,0
6621,566,0
6622,575,0
6623,566,0
6624,564,0
6625,560,0
6626,565,0
6627,571,0
6628,561,0
6629,563,0
6630,572,0
6631,560,0
6632,568,0
6633,562,0
6634,561,0
6635,563,0
6636,556,0
6637,558,0
6638,566,0
6639,576,0
6640,566,0
6641,558,0
6642,561,0
6643,558,0
6644,566,0
6645,565,0
6646,564,0
6647,567,0
6648,559,0
6649,563,0
6650,566,0
6651,571,0
6652,551,0
6653,564,0
6654,565,0
6655,557,0
6656,572,0
6657,556,0
6658,568,0
6659,559,0
6660,550,0
6661,549,0
6662,559,0
6663,563,0
6664,571,0
6665,570,0
6666,553,0
6667,563,0
6668,565,0
6669,571,0
6670,562,0
6671,567,0
6672,555,0
6673,556,0
6674,560,0
6675,562,0
6676,561,0
6677,558,0
6678,568,0
6679,565,0
6680,557,0
6681,561,0
6682,563,0
6683,563,0
6684,560,0
6685,553,0
6686,566,0
6687,569,0
6688,555,0
6689,563,0
6690,570,0
6691,564,0
6692,555,0
6693,560,0
6694,565,0
6695,571,0
6696,565,0
6697,561,0
6698,563,0
6699,564,0
6700,557,0
6701,562,0
6702,570,0
6703,553,0
6704,571,0
6705,574,0
6706,565,0
6707,554,0
6708,558,0
6709,559,0
6710,564,0
6711,573,0
6712,556,0
6713,561,0
6714,563,0
6715,555,0
6716,558,0
6717,557,0
6718,568,0
6719,563,0
6720,560,0
6721,564,0
6722,569,0
6723,571,0
6724,567,0
6725,555,0
6726,560,0
6727,563,0
6728,568,0
6729,569,0
6730,558,0
6731,565,0
6732,551,0
6733,570,0
6734,556,0
6735,557,0
6736,566,0
6737,565,0
6738,565,0
6739,559,0
6740,564,0
6741,574,0
6742,563,0
6743,552,0
6744,561,0
6745,560,0
6746,560,0
6747,561,0
6748,567,0
6749,574,0
6750,564,0
6751,561,0
6752,565,0
6753,562,0
6754,566,0
6755,550,0
6756,562,0
6757,560,0
6758,570,0
6759,569,0
6760,557,0
6761,558,0
6762,555,0
6763,554,0
6764,566,0
6765,562,0
6766,560,0
6767,566,0
6768,570,0
6769,559,0
6770,553,0
6771,565,0
6772,573,0
6773,562,0
6774,564,0
6775,563,0
6776,571,0
6777,567,0
6778,556,0
6779,564,0
6780,566,0
6781,561,0
6782,565,0
6783,570,0
6784,566,0
6785,561,0
6786,560,0
6787,558,0
6788,566,0
6789,566,0
6790,564,0
6791,567,0
6792,565,0
6793,561,0
6794,577,0
6795,564,0
6796,557,0
6797,564,0
6798,565,0
6799,566,0
6800,565,0
6801,564,0
6802,557,0
6803,564,0
6804,556,0
6805,550,0
6806,557,0
6807,563,0
6808,562,0
6809,560,0
6810,556,0
6811,558,0
6812,564,0
6813,565,0
6814,561,0
6815,564,0
6816,572,0
6817,556,0
6818,552,0
6819,561,0
6820,562,0
6821,557,0
6822,563,0
6823,562,0
6824,571,0
6825,570,0
6826,563,0
6827,568,0
6828,558,0
6829,559,0
6830,567,0
6831,563,0
6832,566,0
6833,567,0
6834,574,0
6835,561,0
6836,557,0
6837,564,0
6838,561,0
6839,558,0
6840,559,0
6841,559,0
6842,559,0
6843,569,0
6844,555,0
6845,557,0
6846,567,0
6847,552,0
6848,560,0
6849,564,0
6850,567,0
6851,564,0
6852,560,0
6853,562,0
6854,564,0
6855,562,0
6856,565,0
6857,562,0
6858,563,0
6859,569,0
6860,563,0
6861,565,0
6862,564,0
6863,565,0
6864,570,0
6865,566,0
6866,556,0
6867,558,0
6868,557,0
6869,564,0
6870,563,0
6871,561,0
6872,552,0
6873,565,0
6874,561,0
6875,556,0
6876,573,0
6877,565,0
6878,559,0
6879,563,0
6880,555,0
6881,560,0
6882,565,0
6883,572,0
6884,559,0
6885,563,0
6886,563,0
6887,567,0
6888,567,0
6889,560,0
6890,560,0
6891,566,0
6892,562,0
6893,559,0
6894,558,0
6895,563,0
6896,567,0
6897,569,0
6898,568,0
6899,556,0
6900,560,0
6901,563,0
6902,560,0
6903,561,0
6904,565,0
6905,567,0
6906,561,0
6907,569,0
6908,563,0
6909,577,0
6910,567,0
6911,560,0
6912,560,0
6913,575,0
6914,558,0
6915,566,0
6916,561,0
6917,559,0
6918,562,0
6919,570,0
6920,572,0
6921,561,0
6922,563,0
6923,572,0
6924,567,0
6925,561,0
6926,567,0
6927,562,0
6928,563,0
6929,563,0
6930,564,0
6931,569,0
6932,567,0
6933,558,0
6934,560,0
6935,570,0
6936,558,0
6937,565,0
6938,560,0
6939,552,0
6940,563,0
6941,563,0
6942,565,0
6943,560,0
6944,568,0
6945,568,0
6946,566,0
6947,563,0
6948,557,0
6949,573,0
6950,569,0
6951,560,0
6952,569,0
6953,564,0
6954,558,0
6955,570,0
6956,569,0
6957,571,0
6958,566,0
6959,559,0
6960,566,0
6961,566,0
6962,562,0
6963,569,0
6964,572,0
6965,567,0
6966,565,0
6967,575,0
6968,563,0
6969,571,0
6970,563,0
6971,563,0
6972,566,0
6973,568,0
6974,558,0
6975,567,0
6976,560,0
6977,570,0
6978,569,0
6979,567,0
6980,562,0
6981,562,0
6982,567,0
6983,566,0
6984,570,0
6985,565,0
6986,566,0
6987,567,0
6988,566,0
6989,560,0
6990,557,0
6991,575,0
6992,562,0
6993,565,0
6994,562,0
6995,565,0
6996,564,0
6997,574,0
6998,561,0
6999,566,0
7000,567,0
7001,564,0
7002,567,0
7003,578,0
7004,557,0
7005,565,0
7006,557,0
7007,564,0
7008,567,0
7009,553,0
7010,566,0
7011,560,0
7012,569,0
7013,569,0
7014,570,0
7015,563,0
7016,567,0
7017,559,0
7018,557,0
7019,570,0
7020,563,0
7021,569,0
7022,559,0
7023,568,0
7024,566,0
7025,564,0
7026,575,0
7027,567,0
7028,562,0
7029,573,0
7030,560,0
7031,560,0
7032,552,0
7033,559,0
7034,559,0
7035,566,0
7036,576,0
7037,560,0
7038,564,0
7039,561,0
7040,566,0
7041,564,0
7042,559,0
7043,564,0
7044,573,0
7045,568,0
7046,563,0
7047,561,0
7048,569,0
7049,571,0
7050,570,0
7051,566,0
7052,564,0
7053,556,0
7054,570,0
7055,571,0
7056,561,0
7057,570,0
7058,568,0
7059,568,0
7060,562,0
7061,561,0
7062,558,0
7063,567,0
7064,568,0
7065,571,0
7066,571,0
7067,573,0
7068,574,0
7069,558,0
7070,562,0
7071,561,0
7072,567,0
7073,565,0
7074,563,0
7075,568,0
7076,567,0
7077,569,0
7078,558,0
7079,569,0
7080,561,0
7081,564,0
7082,556,0
7083,568,0
7084,567,0
7085,575,0
7086,554,0
7087,562,0
7088,563,0
7089,577,0
7090,568,0
7091,568,0
7092,572,0
7093,564,0
7094,561,0
7095,573,0
7096,566,0
7097,565,0
7098,571,0
7099,564,0
7100,564,0
7101,567,0
7102,568,0
7103,561,0
7104,568,0
7105,561,0
7106,565,0
7107,566,0
7108,571,0
7109,566,0
7110,562,0
7111,579,0
7112,561,0
7113,565,0
7114,557,0
7115,558,0
7116,561,0
7117,568,0
7118,565,0
7119,561,0
7120,566,0
7121,575,0
7122,575,0
7123,559,0
7124,551,0
7125,563,0
7126,572,0
7127,566,0
7128,572,0
7129,555,0
7130,565,0
7131,556,0
7132,568,0
7133,567,0
7134,563,0
7135,568,0
7136,565,0
7137,566,0
7138,567,0
7139,563,0
7140,571,0
7141,564,0
7142,567,0
7143,572,0
7144,556,0
7145,560,0
7146,569,0
7147,570,0
7148,562,0
7149,566,0
7150,564,0
7151,569,0
7152,562,0
7153,566,0
7154,558,0
7155,567,0
7156,571,0
7157,567,0
7158,560,0
7159,570,0
7160,568,0
7161,571,0
7162,567,0
7163,570,0
7164,565,0
7165,562,0
7166,557,0
7167,577,0
7168,557,0
7169,569,0
7170,562,0
7171,564,0
7172,572,0
7173,566,0
7174,566,0
7175,564,0
7176,567,0
7177,569,0
7178,571,0
7179,574,0
7180,564,0
7181,560,0
7182,575,0
7183,563,0
7184,568,0
7185,565,0
7186,564,0
7187,560,0
7188,567,0
7189,558,0
7190,571,0
7191,553,0
7192,570,0
7193,569,0
7194,563,0
7195,564,0
7196,560,0
7197,557,0
7198,562,0
7199,563,0
7200,564,0
7201,569,0
7202,570,0
7203,579,0
7204,572,0
7205,566,0
7206,561,0
7207,559,0
7208,572,0
7209,572,0
7210,572,0
7211,562,0
7212,574,0
7213,570,0
7214,571,0
7215,562,0
7216,565,0
7217,567,0
7218,572,0
7219,562,0
7220,565,0
7221,568,0
7222,563,0
7223,572,0
7224,568,0
7225,573,0
7226,571,0
7227,571,0
7228,569,0
7229,575,0
7230,573,0
7231,561,0
7232,568,0
7233,557,0
7234,568,0
7235,564,0
7236,576,0
7237,562,0
7238,566,0
7239,564,0
7240,564,0
7241,563,0
7242,567,0
7243,574,0
7244,570,0
7245,560,0
7246,564,0
7247,561,0
7248,571,0
7249,567,0
7250,562,0
7251,565,0
7252,566,0
7253,572,0
7254,565,0
7255,575,0
7256,568,0
7257,559,0
7258,561,0
7259,567,0
7260,568,0
7261,568,0
7262,571,0
7263,560,0
7264,566,0
7265,561,0
7266,571,0
7267,563,0
7268,570,0
7269,568,0
7270,562,0
7271,556,0
7272,566,0
7273,572,0
7274,575,0
7275,577,0
7276,584,0
7277,570,0
7278,574,0
7279,564,0
7280,574,0
7281,564,0
7282,568,0
7283,569,0
7284,568,0
7285,556,0
7286,566,0
7287,577,0
7288,570,0
7289,558,0
7290,562,0
7291,575,0
7292,563,0
7293,569,0
7294,560,0
7295,568,0
7296,570,0
7297,572,0
7298,565,0
7299,572,0
7300,570,0
7301,574,0
7302,570,0
7303,571,0
7304,565,0
7305,569,0
7306,569,0
7307,564,0
7308,563,0
7309,571,0
7310,573,0
7311,560,0
7312,568,0
7313,569,0
7314,577,0
7315,572,0
7316,559,0
7317,575,0
7318,569,0
7319,573,0
7320,565,0
7321,569,0
7322,567,0
7323,560,0
7324,565,0
7325,562,0
7326,572,0
7327,575,0
7328,567,0
7329,570,0
7330,568,0
7331,571,0
7332,569,0
7333,573,0
7334,563,0
7335,572,0
7336,565,0
7337,564,0
7338,566,0
7339,559,0
7340,568,0
7341,565,0
7342,566,0
7343,564,0
7344,567,0
7345,570,0
7346,564,0
7347,568,0
7348,565,0
7349,568,0
7350,573,0
7351,578,0
7352,567,0
7353,572,0
7354,573,0
7355,576,0
7356,569,0
7357,561,0
7358,566,0
7359,563,0
7360,556,0
7361,567,0
7362,578,0
7363,574,0
7364,562,0
7365,570,0
7366,564,0
7367,574,0
7368,562,0
7369,570,0
7370,566,0
7371,568,0
7372,565,0
7373,569,0
7374,564,0
7375,571,0
7376,575,0
7377,557,0
7378,569,0
7379,576,0
7380,559,0
7381,566,0
7382,558,0
7383,574,0
7384,566,0
7385,570,0
7386,573,0
7387,562,0
7388,565,0
7389,569,0
7390,568,0
7391,564,0
7392,570,0
7393,573,0
7394,571,0
7395,567,0
7396,566,0
7397,564,0
7398,572,0
7399,565,0
7400,573,0
7401,569,0
7402,572,0
7403,577,0
7404,560,0
7405,567,0
7406,571,0
7407,565,0
7408,580,0
7409,561,0
7410,576,0
7411,566,0
7412,567,0
7413,566,0
7414,572,0
7415,571,0
7416,570,0
7417,567,0
7418,568,0
7419,563,0
7420,571,0
7421,570,0
7422,565,0
7423,569,0
7424,567,0
7425,569,0
7426,564,0
7427,569,0
7428,562,0
7429,567,0
7430,572,0
7431,563,0
7432,565,0
7433,564,0
7434,566,0
7435,564,0
7436,577,0
7437,561,0
7438,565,0
7439,576,0
7440,567,0
7441,564,0
7442,580,0
7443,566,0
7444,566,0
7445,566,0
7446,562,0
7447,562,0
7448,571,0
7449,566,0
7450,575,0
7451,576,0
7452,556,0
7453,570,0
7454,578,0
7455,577,0
7456,567,0
7457,570,0
7458,571,0
7459,565,0
7460,564,0
7461,562,0
7462,568,0
7463,565,0
7464,570,0
7465,572,0
7466,561,0
7467,566,0
7468,568,0
7469,567,0
7470,568,0
7471,572,0
7472,565,0
7473,564,0
7474,568,0
7475,559,0
7476,572,0
7477,567,0
7478,575,0
7479,574,0
7480,567,0
7481,572,0
7482,577,0
7483,566,0
7484,570,0
7485,561,0
7486,565,0
7487,568,0
7488,573,0
7489,569,0
7490,562,0
7491,575,0
7492,563,0
7493,573,0
7494,563,0
7495,560,0
7496,572,0
7497,569,0
7498,569,0
7499,562,0
7500,567,0
7501,561,0
7502,563,0
7503,572,0
7504,566,0
7505,563,0
7506,569,0
7507,575,0
7508,577,0
7509,567,0
7510,573,0
7511,567,0
7512,565,0
7513,573,0
7514,565,0
7515,571,0
7516,577,0
7517,571,0
7518,578,0
7519,565,0
7520,571,0
7521,565,0
7522,580,0
7523,575,0
7524,562,0
7525,569,0
7526,575,0
7527,567,0
7528,572,0
7529,581,0
7530,572,0
7531,565,0
7532,562,0
7533,566,0
7534,568,0
7535,571,0
7536,565,0
7537,577,0
7538,562,0
7539,565,0
7540,573,0
7541,564,0
7542,572,0
7543,576,0
7544,561,0
7545,567,0
7546,569,0
7547,572,0
7548,568,0
7549,571,0
7550,573,0
7551,571,0
7552,564,0
7553,571,0
7554,566,0
7555,559,0
7556,562,0
7557,567,0
7558,573,0
7559,567,0
7560,565,0
7561,574,0
7562,562,0
7563,580,0
7564,560,0
7565,572,0
7566,571,0
7567,565,0
7568,572,0
7569,579,0
7570,565,0
7571,572,0
7572,564,0
7573,573,0
7574,570,0
7575,572,0
7576,568,0
7577,571,0
7578,565,0
7579,561,0
7580,574,0
7581,576,0
7582,568,0
7583,573,0
7584,568,0
7585,570,0
7586,571,0
7587,577,0
7588,568,0
7589,571,0
7590,563,0
7591,560,0
7592,574,0
7593,570,0
7594,566,0
7595,566,0
7596,574,0
7597,579,0
7598,575,0
7599,572,0
7600,568,0
7601,570,0
7602,569,0
7603,567,0
7604,567,0
7605,570,0
7606,574,0
7607,570,0
7608,573,0
7609,569,0
7610,575,0
7611,577,0
7612,569,0
7613,579,0
7614,565,0
7615,563,0
7616,577,0
7617,577,0
7618,570,0
7619,570,0
7620,572,0
7621,574,0
7622,573,0
7623,576,0
7624,568,0
7625,572,0
7626,565,0
7627,560,0
7628,575,0
7629,572,0
7630,577,0
7631,571,0
7632,561,0
7633,580,0
7634,565,0
7635,567,0
7636,564,0
7637,568,0
7638,565,0
7639,571,0
7640,572,0
7641,566,0
7642,567,0
7643,574,0
7644,565,0
7645,569,0
7646,559,0
7647,568,0
7648,564,0
7649,570,0
7650,567,0
7651,575,0
7652,570,0
7653,565,0
7654,563,0
7655,572,0
7656,566,0
7657,572,0
7658,565,0
7659,571,0
7660,579,0
7661,564,0
7662,563,0
7663,571,0
7664,571,0
7665,571,0
7666,559,0
7667,575,0
7668,558,0
7669,571,0
7670,563,0
7671,573,0
7672,565,0
7673,559,0
7674,576,0
7675,576,0
7676,572,0
7677,570,0
7678,569,0
7679,569,0
7680,572,0
7681,565,0
7682,565,0
7683,561,0
7684,569,0
7685,572,0
7686,568,0
7687,577,0
7688,571,0
7689,579,0
7690,562,0
7691,567,0
7692,566,0
7693,567,0
7694,569,0
7695,571,0
7696,569,0
7697,578,0
7698,563,0
7699,571,0
7700,570,0
7701,570,0
7702,573,0
7703,557,0
7704,577,0
7705,572,0
7706,569,0
7707,575,0
7708,568,0
7709,567,0
7710,572,0
7711,572,0
7712,573,0
7713,567,0
7714,578,0
7715,563,0
7716,570,0
7717,573,0
7718,577,0
7719,565,0
7720,571,0
7721,570,0
7722,564,0
7723,569,0
7724,568,0
7725,579,0
7726,569,0
7727,569,0
7728,575,0
7729,568,0
7730,574,0
7731,570,0
7732,582,0
7733,566,0
7734,568,0
7735,568,0
7736,575,0
7737,572,0
7738,574,0
7739,576,0
7740,568,0
7741,570,0
7742,570,0
7743,566,0
7744,565,0
7745,565,0
7746,570,0
7747,581,0
7748,564,0
7749,575,0
7750,572,0
7751,562,0
7752,569,0
7753,575,0
7754,576,0
7755,574,0
7756,565,0
7757,568,0
7758,563,0
7759,572,0
7760,561,0
7761,571,0
7762,563,0
7763,565,0
7764,572,0
7765,564,0
7766,574,0
7767,569,0
7768,576,0
7769,574,0
7770,560,0
7771,575,0
7772,569,0
7773,563,0
7774,581,0
7775,559,0
7776,571,0
7777,569,0
7778,574,0
7779,568,0
7780,564,0
7781,572,0
7782,574,0
7783,571,0
7784,568,0
7785,577,0
7786,570,0
7787,572,0
7788,571,0
7789,558,0
7790,569,0
7791,573,0
7792,579,0
7793,571,0
7794,571,0
7795,571,0
7796,569,0
7797,577,0
7798,576,0
7799,560,0
7800,582,0
7801,574,0
7802,567,0
7803,561,0
7804,579,0
7805,567,0
7806,567,0
7807,571,0
7808,578,0
7809,569,0
7810,568,0
7811,567,0
7812,563,0
7813,571,0
7814,566,0
7815,574,0
7816,566,0
7817,564,0
7818,572,0
7819,581,0
7820,570,0
7821,573,0
7822,571,0
7823,569,0
7824,566,0
7825,573,0
7826,575,0
7827,570,0
7828,575,0
7829,564,0
7830,565,0
7831,567,0
7832,569,0
7833,572,0
7834,575,0
7835,564,0
7836,578,0
7837,571,0
7838,571,0
7839,570,0
7840,567,0
7841,572,0
7842,571,0
7843,569,0
7844,567,0
7845,565,0
7846,568,0
7847,577,0
7848,569,0
7849,577,0
7850,572,0
7851,571,0
7852,573,0
7853,568,0
7854,574,0
7855,576,0
7856,566,0
7857,567,0
7858,573,0
7859,574,0
7860,570,0
7861,574,0
7862,565,0
7863,574,0
7864,569,0
7865,568,0
7866,586,0
7867,576,0
7868,576,0
7869,567,0
7870,579,0
7871,573,0
7872,569,0
7873,573,0
7874,571,0
7875,567,0
7876,567,0
7877,577,0
7878,588,0
7879,567,0
7880,570,0
7881,571,0
7882,570,0
7883,583,0
7884,568,0
7885,571,0
7886,575,0
7887,571,0
7888,575,0
7889,566,0
7890,568,0
7891,570,0
7892,580,0
7893,582,0
7894,573,0
7895,559,0
7896,564,0
7897,569,0
7898,577,0
7899,565,0
7900,576,0
7901,574,0
7902,579,0
7903,574,0
7904,567,0
7905,562,0
7906,567,0
7907,565,0
7908,582,0
7909,571,0
7910,574,0
7911,574,0
7912,576,0
7913,577,0
7914,570,0
7915,574,0
7916,576,0
7917,567,0
7918,574,0
7919,575,0
7920,570,0
7921,570,0
7922,569,0
7923,571,0
7924,578,0
7925,575,0
7926,568,0
7927,563,0
7928,567,0
7929,578,0
7930,564,0
7931,566,0
7932,571,0
7933,585,0
7934,572,0
7935,574,0
7936,574,0
7937,566,0
7938,574,0
7939,571,0
7940,578,0
7941,570,0
7942,569,0
7943,576,0
7944,578,0
7945,571,0
7946,572,0
7947,563,0
7948,563,0
7949,570,0
7950,567,0
7951,571,0
7952,576,0
7953,570,0
7954,574,0
7955,560,0
7956,566,0
7957,571,0
7958,576,0
7959,572,0
7960,567,0
7961,581,0
7962,577,0
7963,571,0
7964,566,0
7965,573,0
7966,577,0
7967,575,0
7968,575,0
7969,571,0
7970,576,0
7971,574,0
7972,569,0
7973,578,0
7974,566,0
7975,574,0
7976,579,0
7977,581,0
7978,577,0
7979,580,0
7980,565,0
7981,575,0
7982,564,0
7983,570,0
7984,579,0
7985,570,0
7986,572,0
7987,578,0
7988,557,0
7989,566,0
7990,566,0
7991,567,0
7992,566,0
7993,572,0
7994,571,0
7995,580,0
7996,576,0
7997,573,0
7998,571,0
7999,582,0
8000,570,0
8001,567,0
8002,568,0
8003,571,0
8004,575,0
8005,572,0
8006,579,0
8007,574,0
8008,580,0
8009,566,0
8010,575,0
8011,573,0
8012,573,0
8013,572,0
8014,564,0
8015,570,0
8016,568,0
8017,579,0
8018,573,0
8019,577,0
8020,569,0
8021,570,0
8022,578,0
8023,572,0
8024,571,0
8025,573,0
8026,576,0
8027,580,0
8028,565,0
8029,566,0
8030,572,0
8031,570,0
8032,578,0
8033,572,0
8034,559,0
8035,573,0
8036,579,0
8037,569,0
8038,563,0
8039,573,0
8040,575,0
8041,574,0
8042,568,0
8043,567,0
8044,558,0
8045,568,0
8046,569,0
8047,570,0
8048,566,0
8049,572,0
8050,573,0
8051,579,0
8052,563,0
8053,578,0
8054,575,0
8055,571,0
8056,575,0
8057,572,0
8058,571,0
8059,570,0
8060,567,0
8061,571,0
8062,583,0
8063,576,0
8064,574,0
8065,575,0
8066,569,0
8067,568,0
8068,576,0
8069,570,0
8070,577,0
8071,566,0
8072,571,0
8073,569,0
8074,576,0
8075,570,0
8076,571,0
8077,575,0
8078,567,0
8079,570,0
8080,574,0
8081,571,0
8082,577,0
8083,576,0
8084,581,0
8085,579,0
8086,571,0
8087,568,0
8088,567,0
8089,568,0
8090,566,0
8091,576,0
8092,570,0
8093,574,0
8094,570,0
8095,575,0
8096,572,0
8097,569,0
8098,581,0
8099,578,0
8100,574,0
8101,571,0
8102,576,0
8103,576,0
8104,575,0
8105,578,0
8106,578,0
8107,575,0
8108,574,0
8109,576,0
8110,568,0
8111,566,0
8112,578,0
8113,570,0
8114,565,0
8115,578,0
8116,574,0
8117,576,0
8118,574,0
8119,573,0
8120,570,0
8121,569,0
8122,573,0
8123,565,0
8124,569,0
8125,583,0
8126,573,0
8127,569,0
8128,570,0
8129,571,0
8130,573,0
8131,570,0
8132,569,0
8133,573,0
8134,573,0
8135,569,0
8136,580,0
8137,573,0
8138,575,0
8139,577,0
8140,567,0
8141,571,0
8142,578,0
8143,569,0
8144,566,0
8145,578,0
8146,569,0
8147,585,0
8148,577,0
8149,568,0
8150,575,0
8151,576,0
8152,565,0
8153,584,0
8154,567,0
8155,569,0
8156,576,0
8157,578,0
8158,579,0
8159,573,0
8160,579,0
8161,565,0
8162,578,0
8163,573,0
8164,569,0
8165,572,0
8166,582,0
8167,571,0
8168,572,0
8169,574,0
8170,572,0
8171,568,0
8172,579,0
8173,575,0
8174,575,0
8175,579,0
8176,573,0
8177,571,0
8178,575,0
8179,573,0
8180,572,0
8181,572,0
8182,576,0
8183,565,0
8184,573,0
8185,584,0
8186,574,0
8187,578,0
8188,568,0
8189,577,0
8190,580,0
8191,566,0
8192,570,0
8193,574,0
8194,571,0
8195,570,0
8196,566,0
8197,568,0
8198,574,0
8199,574,0
8200,569,0
8201,575,0
8202,578,0
8203,572,0
8204,573,0
8205,576,0
8206,568,0
8207,574,0
8208,569,0
8209,568,0
8210,575,0
8211,573,0
8212,572,0
8213,571,0
8214,578,0
8215,581,0
8216,574,0
8217,575,0
8218,573,0
8219,576,0
8220,578,0
8221,574,0
8222,583,0
8223,570,0
8224,576,0
8225,559,0
8226,573,0
8227,571,0
8228,569,0
8229,572,0
8230,570,0
8231,573,0
8232,580,0
8233,573,0
8234,570,0
8235,573,0
8236,578,0
8237,568,0
8238,575,0
8239,575,0
8240,568,0
8241,575,0
8242,572,0
8243,573,0
8244,579,0
8245,583,0
8246,571,0
8247,564,0
8248,582,0
8249,578,0
8250,573,0
8251,573,0
8252,568,0
8253,575,0
8254,570,0
8255,574,0
8256,575,0
8257,563,0
8258,574,0
8259,568,0
8260,569,0
8261,574,0
8262,570,0
8263,563,0
8264,578,0
8265,563,0
8266,576,0
8267,576,0
8268,568,0
8269,566,0
8270,568,0
8271,582,0
8272,577,0
8273,575,0
8274,574,0
8275,583,0
8276,571,0
8277,578,0
8278,584,0
8279,572,0
8280,573,0
8281,579,0
8282,575,0
8283,565,0
8284,580,0
8285,572,0
8286,576,0
8287,577,0
8288,578,0
8289,574,0
8290,565,0
8291,584,0
8292,577,0
8293,565,0
8294,567,0
8295,567,0
8296,571,0
8297,570,0
8298,571,0
8299,574,0
8300,578,0
8301,569,0
8302,573,0
8303,571,0
8304,579,0
8305,571,0
8306,573,0
8307,569,0
8308,574,0
8309,570,0
8310,580,0
8311,574,0
8312,569,0
8313,570,0
8314,573,0
8315,581,0
8316,571,0
8317,578,0
8318,581,0
8319,571,0
8320,569,0
8321,573,0
8322,575,0
8323,565,0
8324,588,0
8325,563,0
8326,567,0
8327,576,0
8328,575,0
8329,574,0
8330,575,0
8331,566,0
8332,571,0
8333,574,0
8334,575,0
8335,575,0
8336,574,0
8337,573,0
8338,574,0
8339,571,0
8340,567,0
8341,580,0
8342,575,0
8343,584,0
8344,570,0
8345,561,0
8346,575,0
8347,583,0
8348,578,0
8349,571,0
8350,582,0
8351,577,0
8352,575,0
8353,577,0
8354,573,0
8355,578,0
8356,572,0
8357,563,0
8358,566,0
8359,570,0
8360,568,0
8361,581,0
8362,572,0
8363,567,0
8364,583,0
8365,569,0
8366,576,0
8367,575,0
8368,573,0
8369,577,0
8370,571,0
8371,577,0
8372,591,0
8373,577,0
8374,570,0
8375,574,0
8376,570,0
8377,580,0
8378,568,0
8379,568,0
8380,581,0
8381,568,0
8382,576,0
8383,572,0
8384,583,0
8385,568,0
8386,571,0
8387,581,0
8388,572,0
8389,577,0
8390,578,0
8391,579,0
8392,573,0
8393,576,0
8394,578,0
8395,576,0
8396,572,0
8397,570,0
8398,576,0
8399,568,0
8400,570,0
8401,575,0
8402,578,0
8403,576,0
8404,571,0
8405,569,0
8406,580,0
8407,570,0
8408,576,0
8409,580,0
8410,572,0
8411,580,0
8412,576,0
8413,579,0
8414,574,0
8415,571,0
8416,579,0
8417,571,0
8418,563,0
8419,574,0
8420,573,0
8421,588,0
8422,572,0
8423,579,0
8424,577,0
8425,567,0
8426,572,0
8427,577,0
8428,573,0
8429,569,0
8430,571,0
8431,584,0
8432,576,0
8433,576,0
8434,572,0
8435,576,0
8436,571,0
8437,573,0
8438,580,0
8439,565,0
8440,569,0
8441,586,0
8442,578,0
8443,578,0
8444,573,0
8445,583,0
8446,572,0
8447,567,0
8448,573,0
8449,569,0
8450,581,0
8451,574,0
8452,573,0
8453,573,0
8454,575,0
8455,581,0
8456,570,0
8457,567,0
8458,575,0
8459,573,0
8460,577,0
8461,576,0
8462,576,0
8463,574,0
8464,585,0
8465,584,0
8466,578,0
8467,569,0
8468,575,0
8469,579,0
8470,569,0
8471,576,0
8472,577,0
8473,574,0
8474,567,0
8475,565,0
8476,578,0
8477,569,0
8478,565,0
8479,573,0
8480,575,0
8481,572,0
8482,576,0
8483,572,0
8484,569,0
8485,580,0
8486,581,0
8487,580,0
8488,582,0
8489,586,0
8490,568,0
8491,576,0
8492,573,0
8493,579,0
8494,578,0
8495,574,0
8496,577,0
8497,575,0
8498,568,0
8499,578,0
8500,573,0
8501,577,0
8502,579,0
8503,578,0
8504,575,0
8505,588,0
8506,563,0
8507,575,0
8508,578,0
8509,578,0
8510,578,0
8511,568,0
8512,581,0
8513,581,0
8514,574,0
8515,575,0
8516,566,0
8517,583,0
8518,571,0
8519,579,0
8520,582,0
8521,583,0
8522,588,0
8523,574,0
8524,574,0
8525,569,0
8526,575,0
8527,573,0
8528,573,0
8529,579,0
8530,571,0
8531,578,0
8532,578,0
8533,572,0
8534,583,0
8535,576,0
8536,586,0
8537,568,0
8538,580,0
8539,575,0
8540,579,0
8541,584,0
8542,573,0
8543,573,0
8544,576,0
8545,571,0
8546,575,0
8547,566,0
8548,566,0
8549,572,0
8550,565,0
8551,575,0
8552,584,0
8553,576,0
8554,574,0
8555,574,0
8556,580,0
8557,577,0
8558,578,0
8559,575,0
8560,576,0
8561,579,0
8562,576,0
8563,576,0
8564,580,0
8565,576,0
8566,573,0
8567,579,0
8568,577,0
8569,574,0
8570,571,0
8571,580,0
8572,570,0
8573,585,0
8574,577,0
8575,571,0
8576,570,0
8577,576,0
8578,571,0
8579,578,0
8580,575,0
8581,577,0
8582,579,0
8583,580,0
8584,578,0
8585,579,0
8586,573,0
8587,576,0
8588,584,0
8589,568,0
8590,578,0
8591,576,0
8592,572,0
8593,586,0
8594,578,0
8595,578,0
8596,580,0
8597,575,0
8598,577,0
8599,568,0
8600,582,0
8601,584,0
8602,577,0
8603,570,0
8604,584,0
8605,579,0
8606,573,0
8607,577,0
8608,581,0
8609,577,0
8610,570,0
8611,581,0
8612,585,0
8613,573,0
8614,583,0
8615,578,0
8616,583,0
8617,568,0
8618,584,0
8619,587,0
8620,573,0
8621,573,0
8622,578,0
8623,577,0
8624,578,0
8625,576,0
8626,577,0
8627,574,0
8628,583,0
8629,570,0
8630,578,0
8631,575,0
8632,584,0
8633,567,0
8634,575,0
8635,577,0
8636,580,0
8637,573,0
8638,576,0
8639,575,0
8640,580,0
8641,585,0
8642,569,0
8643,582,0
8644,571,0
8645,574,0
8646,571,0
8647,570,0
8648,573,0
8649,576,0
8650,584,0
8651,573,0
8652,588,0
8653,577,0
8654,573,0
8655,579,0
8656,576,0
8657,568,0
8658,577,0
8659,570,0
8660,582,0
8661,578,0
8662,576,0
8663,569,0
8664,576,0
8665,571,0
8666,571,0
8667,581,0
8668,573,0
8669,581,0
8670,580,0
8671,574,0
8672,575,0
8673,572,0
8674,576,0
8675,574,0
8676,582,0
8677,573,0
8678,573,0
8679,570,0
8680,570,0
8681,578,0
8682,581,0
8683,577,0
8684,579,0
8685,574,0
8686,575,0
8687,579,0
8688,582,0
8689,572,0
8690,572,0
8691,581,0
8692,576,0
8693,568,0
8694,572,0
8695,580,0
8696,577,0
8697,580,0
8698,577,0
8699,581,0
8700,586,0
8701,579,0
8702,569,0
8703,578,0
8704,585,0
8705,576,0
8706,572,0
8707,580,0
8708,576,0
8709,582,0
8710,569,0
8711,577,0
8712,573,0
8713,585,0
8714,579,0
8715,577,0
8716,578,0
8717,582,0
8718,580,0
8719,576,0
8720,570,0
8721,569,0
8722,577,0
8723,582,0
8724,570,0
8725,581,0
8726,576,0
8727,580,0
8728,582,0
8729,579,0
8730,577,0
8731,586,0
8732,575,0
8733,575,0
8734,571,0
8735,575,0
8736,572,0
8737,587,0
8738,581,0
8739,576,0
8740,579,0
8741,576,0
8742,576,0
8743,571,0
8744,574,0
8745,578,0
8746,575,0
8747,578,0
8748,577,0
8749,581,0
8750,569,0
8751,575,0
8752,577,0
8753,572,0
8754,580,0
8755,577,0
8756,580,0
8757,580,0
8758,572,0
8759,575,0
8760,585,0
8761,575,0
8762,571,0
8763,578,0
8764,570,0
8765,584,0
8766,579,0
8767,573,0
8768,579,0
8769,579,0
8770,581,0
8771,582,0
8772,575,0
8773,565,0
8774,580,0
8775,580,0
8776,574,0
8777,582,0
8778,573,0
8779,578,0
8780,574,0
8781,581,0
8782,575,0
8783,583,0
8784,581,0
8785,574,0
8786,576,0
8787,581,0
8788,576,0
8789,577,0
8790,583,0
8791,570,0
8792,578,0
8793,571,0
8794,583,0
8795,574,0
8796,569,0
8797,582,0
8798,584,0
8799,574,0
8800,578,0
8801,569,0
8802,573,0
8803,581,0
8804,579,0
8805,578,0
8806,570,0
8807,570,0
8808,578,0
8809,575,0
8810,574,0
8811,571,0
8812,575,0
8813,575,0
8814,575,0
8815,583,0
8816,577,0
8817,574,0
8818,574,0
8819,575,0
8820,586,0
8821,578,0
8822,573,0
8823,571,0
8824,583,0
8825,576,0
8826,577,0
8827,579,0
8828,567,0
8829,585,0
8830,580,0
8831,577,0
8832,577,0
8833,581,0
8834,577,0
8835,577,0
8836,582,0
8837,579,0
8838,574,0
8839,573,0
8840,575,0
8841,575,0
8842,577,0
8843,577,0
8844,572,0
8845,591,0
8846,565,0
8847,575,0
8848,578,0
8849,572,0
8850,577,0
8851,576,0
8852,569,0
8853,585,0
8854,583,0
8855,579,0
8856,579,0
8857,581,0
8858,574,0
8859,576,0
8860,580,0
8861,582,0
8862,575,0
8863,576,0
8864,577,0
8865,575,0
8866,579,0
8867,581,0
8868,579,0
8869,580,0
8870,577,0
8871,576,0
8872,582,0
8873,581,0
8874,575,0
8875,575,0
8876,586,0
8877,581,0
8878,578,0
8879,576,0
8880,572,0
8881,575,0
8882,573,0
8883,570,0
8884,581,0
8885,580,0
8886,580,0
8887,583,0
8888,577,0
8889,576,0
8890,578,0
8891,580,0
8892,574,0
8893,575,0
8894,573,0
8895,582,0
8896,583,0
8897,578,0
8898,578,0
8899,581,0
8900,581,0
8901,580,0
8902,575,0
8903,573,0
8904,582,0
8905,581,0
8906,578,0
8907,571,0
8908,587,0
8909,585,0
8910,580,0
8911,587,0
8912,563,0
8913,581,0
8914,581,0
8915,586,0
8916,572,0
8917,576,0
8918,583,0
8919,579,0
8920,580,0
8921,577,0
8922,573,0
8923,578,0
8924,579,0
8925,573,0
8926,574,0
8927,575,0
8928,572,0
8929,586,0
8930,576,0
8931,579,0
8932,585,0
8933,583,0
8934,584,0
8935,580,0
8936,584,0
8937,580,0
8938,578,0
8939,578,0
8940,575,0
8941,572,0
8942,580,0
8943,582,0
8944,576,0
8945,579,0
8946,576,0
8947,571,0
8948,580,0
8949,581,0
8950,572,0
8951,585,0
8952,585,0
8953,577,0
8954,575,0
8955,577,0
8956,577,0
8957,577,0
8958,578,0
8959,580,0
8960,580,0
8961,577,0
8962,579,0
8963,574,0
8964,581,0
8965,585,0
8966,584,0
8967,584,0
8968,575,0
8969,577,0
8970,583,0
8971,579,0
8972,581,0
8973,580,0
8974,584,0
8975,585,0
8976,577,0
8977,571,0
8978,573,0
8979,578,0
8980,575,0
8981,576,0
8982,581,0
8983,575,0
8984,569,0
8985,584,0
8986,576,0
8987,568,0
8988,579,0
8989,577,0
8990,577,0
8991,582,0
8992,572,0
8993,578,0
8994,581,0
8995,573,0
8996,580,0
8997,578,0
8998,579,0
8999,581,0
9000,576,0
9001,579,0
9002,581,0
9003,581,0
9004,586,0
9005,583,0
9006,573,0
9007,581,0
9008,576,0
9009,581,0
9010,583,0
9011,578,0
9012,580,0
9013,582,0
9014,579,0
9015,575,0
9016,580,0
9017,578,0
9018,575,0
9019,579,0
9020,584,0
9021,583,0
9022,582,0
9023,577,0
9024,575,0
9025,568,0
9026,580,0
9027,579,0
9028,580,0
9029,568,0
9030,580,0
9031,584,0
9032,585,0
9033,575,0
9034,577,0
9035,581,0
9036,580,0
9037,579,0
9038,570,0
9039,579,0
9040,580,0
9041,581,0
9042,573,0
9043,589,0
9044,582,0
9045,575,0
9046,582,0
9047,570,0
9048,576,0
9049,582,0
9050,584,0
9051,584,0
9052,579,0
9053,576,0
9054,573,0
9055,577,0
9056,582,0
9057,586,0
9058,581,0
9059,588,0
9060,567,0
9061,583,0
9062,573,0
9063,572,0
9064,576,0
9065,580,0
9066,584,0
9067,570,0
9068,567,0
9069,577,0
9070,574,0
9071,570,0
9072,588,0
9073,581,0
9074,578,0
9075,580,0
9076,586,0
9077,581,0
9078,575,0
9079,583,0
9080,587,0
9081,579,0
9082,585,0
9083,574,0
9084,572,0
9085,569,0
9086,574,0
9087,578,0
9088,581,0
9089,580,0
9090,577,0
9091,583,0
9092,576,0
9093,589,0
9094,581,0
9095,576,0
9096,581,0
9097,587,0
9098,592,0
9099,581,0
9100,590,0
9101,576,0
9102,577,0
9103,576,0
9104,576,0
9105,576,0
9106,577,0
9107,581,0
9108,578,0
9109,587,0
9110,581,0
9111,574,0
9112,574,0
9113,568,0
9114,584,0
9115,571,0
9116,579,0
9117,570,0
9118,574,0
9119,582,0
9120,581,0
9121,579,0
9122,571,0
9123,572,0
9124,572,0
9125,583,0
9126,579,0
9127,572,0
9128,573,0
9129,573,0
9130,576,0
9131,574,0
9132,583,0
9133,564,0
9134,576,0
9135,574,0
9136,588,0
9137,578,0
9138,576,0
9139,574,0
9140,578,0
9141,579,0
9142,581,0
9143,574,0
9144,586,0
9145,573,0
9146,583,0
9147,579,0
9148,584,0
9149,579,0
9150,578,0
9151,576,0
9152,590,0
9153,578,0
9154,576,0
9155,580,0
9156,586,0
9157,579,0
9158,579,0
9159,588,0
9160,577,0
9161,579,0
9162,577,0
9163,579,0
9164,584,0
9165,580,0
9166,568,0
9167,590,0
9168,586,0
9169,582,0
9170,582,0
9171,579,0
9172,584,0
9173,587,0
9174,585,0
9175,578,0
9176,583,0
9177,584,0
9178,581,0
9179,578,0
9180,579,0
9181,585,0
9182,579,0
9183,582,0
9184,574,0
9185,569,0
9186,580,0
9187,581,0
9188,583,0
9189,580,0
9190,574,0
9191,578,0
9192,580,0
9193,581,0
9194,580,0
9195,582,0
9196,574,0
9197,580,0
9198,576,0
9199,579,0
9200,574,0
9201,572,0
9202,574,0
9203,579,0
9204,582,0
9205,572,0
9206,586,0
9207,584,0
9208,578,0
9209,579,0
9210,588,0
9211,581,0
9212,572,0
9213,575,0
9214,584,0
9215,577,0
9216,569,0
9217,572,0
9218,574,0
9219,581,0
9220,576,0
9221,581,0
9222,580,0
9223,579,0
9224,580,0
9225,582,0
9226,580,0
9227,574,0
9228,582,0
9229,584,0
9230,579,0
9231,575,0
9232,579,0
9233,583,0
9234,579,0
9235,585,0
9236,578,0
9237,580,0
9238,580,0
9239,578,0
9240,572,0
9241,579,0
9242,583,0
9243,571,0
9244,579,0
9245,576,0
9246,574,0
9247,581,0
9248,579,0
9249,577,0
9250,577,0
9251,589,0
9252,586,0
9253,572,0
9254,577,0
9255,585,0
9256,576,0
9257,577,0
9258,589,0
9259,587,0
9260,582,0
9261,576,0
9262,583,0
9263,587,0
9264,586,0
9265,579,0
9266,580,0
9267,575,0
9268,576,0
9269,577,0
9270,581,0
9271,580,0
9272,578,0
9273,581,0
9274,576,0
9275,588,0
9276,573,0
9277,578,0
9278,574,0
9279,581,0
9280,579,0
9281,573,0
9282,581,0
9283,575,0
9284,581,0
9285,572,0
9286,575,0
9287,584,0
9288,578,0
9289,583,0
9290,579,0
9291,585,0
9292,574,0
9293,576,0
9294,577,0
9295,584,0
9296,577,0
9297,584,0
9298,583,0
9299,583,0
9300,579,0
9301,580,0
9302,578,0
9303,583,0
9304,577,0
9305,578,0
9306,581,0
9307,573,0
9308,576,0
9309,577,0
9310,574,0
9311,579,0
9312,581,0
9313,584,0
9314,574,0
9315,575,0
9316,581,0
9317,580,0
9318,580,0
9319,584,0
9320,579,0
9321,580,0
9322,577,0
9323,586,0
9324,581,0
9325,583,0
9326,581,0
9327,583,0
9328,579,0
9329,586,0
9330,577,0
9331,586,0
9332,583,0
9333,589,0
9334,580,0
9335,579,0
9336,584,0
9337,579,0
9338,578,0
9339,586,0
9340,582,0
9341,587,0
9342,581,0
9343,581,0
9344,583,0
9345,579,0
9346,582,0
9347,575,0
9348,577,0
9349,584,0
9350,576,0
9351,586,0
9352,579,0
9353,584,0
9354,570,0
9355,580,0
9356,575,0
9357,574,0
9358,579,0
9359,579,0
9360,579,0
9361,575,0
9362,582,0
9363,571,0
9364,580,0
9365,582,0
9366,584,0
9367,580,0
9368,575,0
9369,581,0
9370,582,0
9371,575,0
9372,570,0
9373,578,0
9374,593,0
9375,584,0
9376,588,0
9377,577,0
9378,576,0
9379,576,0
9380,584,0
9381,589,0
9382,585,0
9383,576,0
9384,580,0
9385,577,0
9386,585,0
9387,578,0
9388,578,0
9389,596,0
9390,579,0
9391,588,0
9392,571,0
9393,585,0
9394,580,0
9395,575,0
9396,583,0
9397,583,0
9398,582,0
9399,584,0
9400,581,0
9401,572,0
9402,580,0
9403,591,0
9404,578,0
9405,585,0
9406,584,0
9407,571,0
9408,578,0
9409,584,0
9410,580,0
9411,577,0
9412,589,0
9413,580,0
9414,578,0
9415,581,0
9416,588,0
9417,581,0
9418,574,0
9419,585,0
9420,579,0
9421,573,0
9422,584,0
9423,576,0
9424,574,0
9425,586,0
9426,577,0
9427,588,0
9428,576,0
9429,579,0
9430,582,0
9431,578,0
9432,577,0
9433,580,0
9434,585,0
9435,586,0
9436,579,0
9437,585,0
9438,588,0
9439,584,0
9440,584,0
9441,579,0
9442,580,0
9443,579,0
9444,584,0
9445,582,0
9446,583,0
9447,578,0
9448,585,0
9449,585,0
9450,577,0
9451,584,0
9452,581,0
9453,579,0
9454,582,0
9455,581,0
9456,588,0
9457,582,0
9458,586,0
9459,574,0
9460,586,0
9461,573,0
9462,586,0
9463,588,0
9464,581,0
9465,577,0
9466,578,0
9467,583,0
9468,584,0
9469,581,0
9470,579,0
9471,581,0
9472,580,0
9473,579,0
9474,586,0
9475,580,0
9476,575,0
9477,577,0
9478,580,0
9479,585,0
9480,575,0
9481,579,0
9482,577,0
9483,582,0
9484,573,0
9485,578,0
9486,589,0
9487,584,0
9488,586,0
9489,579,0
9490,577,0
9491,579,0
9492,587,0
9493,584,0
9494,587,0
9495,589,0
9496,577,0
9497,588,0
9498,582,0
9499,580,0
9500,586,0
9501,586,0
9502,576,0
9503,573,0
9504,578,0
9505,584,0
9506,581,0
9507,587,0
9508,587,0
9509,579,0
9510,577,0
9511,584,0
9512,581,0
9513,581,0
9514,580,0
9515,581,0
9516,594,0
9517,583,0
9518,578,0
9519,585,0
9520,586,0
9521,576,0
9522,576,0
9523,577,0
9524,569,0
9525,591,0
9526,582,0
9527,575,0
9528,578,0
9529,589,0
9530,579,0
9531,586,0
9532,582,0
9533,580,0
9534,582,0
9535,567,0
9536,578,0
9537,588,0
9538,586,0
9539,577,0
9540,589,0
9541,571,0
9542,581,0
9543,582,0
9544,571,0
9545,580,0
9546,587,0
9547,578,0
9548,586,0
9549,582,0
9550,589,0
9551,574,0
9552,581,0
9553,582,0
9554,576,0
9555,578,0
9556,584,0
9557,581,0
9558,577,0
9559,581,0
9560,584,0
9561,581,0
9562,584,0
9563,575,0
9564,581,0
9565,581,0
9566,581,0
9567,584,0
9568,584,0
9569,573,0
9570,581,0
9571,588,0
9572,585,0
9573,586,0
9574,577,0
9575,579,0
9576,578,0
9577,578,0
9578,579,0
9579,579,0
9580,575,0
9581,580,0
9582,572,0
9583,578,0
9584,577,0
9585,584,0
9586,588,0
9587,580,0
9588,580,0
9589,573,0
9590,580,0
9591,579,0
9592,586,0
9593,591,0
9594,584,0
9595,571,0
9596,588,0
9597,576,0
9598,580,0
9599,588,0
9600,583,0
9601,587,0
9602,589,0
9603,578,0
9604,588,0
9605,581,0
9606,578,0
9607,577,0
9608,579,0
9609,582,0
9610,587,0
9611,584,0
9612,584,0
9613,589,0
9614,581,0
9615,581,0
9616,587,0
9617,585,0
9618,585,0
9619,590,0
9620,593,0
9621,581,0
9622,578,0
9623,578,0
9624,589,0
9625,580,0
9626,572,0
9627,581,0
9628,575,0
9629,573,0
9630,590,0
9631,579,0
9632,589,0
9633,586,0
9634,585,0
9635,573,0
9636,579,0
9637,580,0
9638,569,0
9639,588,0
9640,588,0
9641,579,0
9642,587,0
9643,579,0
9644,577,0
9645,583,0
9646,579,0
9647,591,0
9648,590,0
9649,591,0
9650,577,0
9651,578,0
9652,581,0
9653,593,0
9654,592,0
9655,583,0
9656,574,0
9657,585,0
9658,588,0
9659,579,0
9660,581,0
9661,588,0
9662,575,0
9663,580,0
9664,587,0
9665,573,0
9666,575,0
9667,594,0
9668,590,0
9669,587,0
9670,582,0
9671,575,0
9672,592,0
9673,585,0
9674,583,0
9675,573,0
9676,584,0
9677,580,0
9678,588,0
9679,583,0
9680,583,0
9681,572,0
9682,595,0
9683,576,0
9684,582,0
9685,586,0
9686,577,0
9687,578,0
9688,586,0
9689,586,0
9690,590,0
9691,585,0
9692,588,0
9693,586,0
9694,583,0
9695,575,0
9696,580,0
9697,586,0
9698,586,0
9699,582,0
9700,584,0
9701,579,0
9702,578,0
9703,578,0
9704,578,0
9705,593,0
9706,580,0
9707,596,0
9708,585,0
9709,581,0
9710,567,0
9711,578,0
9712,583,0
9713,585,0
9714,580,0
9715,580,0
9716,584,0
9717,579,0
9718,586,0
9719,580,0
9720,588,0
9721,584,0
9722,583,0
9723,590,0
9724,587,0
9725,582,0
9726,588,0
9727,582,0
9728,586,0
9729,583,0
9730,584,0
9731,580,0
9732,582,0
9733,585,0
9734,585,0
9735,574,0
9736,588,0
9737,583,0
9738,589,0
9739,588,0
9740,586,0
9741,578,0
9742,581,0
9743,576,0
9744,593,0
9745,582,0
9746,574,0
9747,579,0
9748,578,0
9749,573,0
9750,587,0
9751,584,0
9752,589,0
9753,574,0
9754,581,0
9755,582,0
9756,579,0
9757,582,0
9758,583,0
9759,584,0
9760,589,0
9761,581,0
9762,588,0
9763,593,0
9764,587,0
9765,587,0
9766,576,0
9767,573,0
9768,581,0
9769,589,0
9770,576,0
9771,573,0
9772,581,0
9773,581,0
9774,582,0
9775,578,0
9776,586,0
9777,578,0
9778,585,0
9779,583,0
9780,588,0
9781,575,0
9782,579,0
9783,578,0
9784,579,0
9785,587,0
9786,575,0
9787,580,0
9788,589,0
9789,582,0
9790,578,0
9791,589,0
9792,587,0
9793,583,0
9794,582,0
9795,582,0
9796,581,0
9797,577,0
9798,576,0
9799,583,0
9800,576,0
9801,578,0
9802,583,0
9803,584,0
9804,586,0
9805,580,0
9806,584,0
9807,577,0
9808,590,0
9809,580,0
9810,584,0
9811,591,0
9812,584,0
9813,579,0
9814,584,0
9815,584,0
9816,586,0
9817,585,0
9818,580,0
9819,578,0
9820,582,0
9821,585,0
9822,588,0
9823,576,0
9824,586,0
9825,584,0
9826,579,0
9827,584,0
9828,580,0
9829,592,0
9830,579,0
9831,579,0
9832,588,0
9833,582,0
9834,580,0
9835,585,0
9836,591,0
9837,588,0
9838,586,0
9839,574,0
9840,589,0
9841,581,0
9842,570,0
9843,585,0
9844,581,0
9845,586,0
9846,588,0
9847,584,0
9848,587,0
9849,588,0
9850,570,0
9851,575,0
9852,584,0
9853,579,0
9854,581,0
9855,585,0
9856,585,0
9857,583,0
9858,581,0
9859,587,0
9860,584,0
9861,586,0
9862,578,0
9863,584,0
9864,576,0
9865,584,0
9866,583,0
9867,579,0
9868,575,0
9869,588,0
9870,581,0
9871,582,0
9872,577,0
9873,588,0
9874,585,0
9875,574,0
9876,592,0
9877,576,0
9878,579,0
9879,577,0
9880,582,0
9881,578,0
9882,585,0
9883,578,0
9884,573,0
9885,581,0
9886,571,0
9887,576,0
9888,580,0
9889,583,0
9890,579,0
9891,584,0
9892,584,0
9893,583,0
9894,581,0
9895,584,0
9896,592,0
9897,587,0
9898,593,0
9899,586,0
9900,586,0
9901,589,0
9902,585,0
9903,585,0
9904,577,0
9905,587,0
9906,578,0
9907,579,0
9908,582,0
9909,586,0
9910,587,0
9911,581,0
9912,582,0
9913,582,0
9914,580,0
9915,586,0
9916,579,0
9917,588,0
9918,585,0
9919,592,0
9920,584,0
9921,582,0
9922,576,0
9923,584,0
9924,582,0
9925,585,0
9926,581,0
9927,586,0
9928,587,0
9929,589,0
9930,581,0
9931,577,0
9932,582,0
9933,581,0
9934,590,0
9935,581,0
9936,593,0
9937,584,0
9938,581,0
9939,587,0
9940,581,0
9941,581,0
9942,585,0
9943,586,0
9944,591,0
9945,579,0
9946,586,0
9947,579,0
9948,576,0
9949,592,0
9950,581,0
9951,581,0
9952,579,0
9953,593,0
9954,584,0
9955,585,0
9956,574,0
9957,578,0
9958,579,0
9959,581,0
9960,578,0
9961,586,0
9962,588,0
9963,585,0
9964,579,0
9965,584,0
9966,578,0
9967,585,0
9968,589,0
9969,588,0
9970,580,0
9971,582,0
9972,584,0
9973,591,0
9974,586,0
9975,587,0
9976,584,0
9977,590,0
9978,576,0
9979,579,0
9980,583,0
9981,588,0
9982,583,0
9983,586,0
9984,581,0
9985,578,0
9986,586,0
9987,579,0
9988,586,0
9989,589,0
9990,582,0
9991,584,0
9992,583,0
9993,586,0
9994,574,0
9995,575,0
9996,593,0
9997,586,0
9998,577,0
9999,579,0
10000,592,0
10001,586,0
10002,585,0
10003,574,0
10004,579,0
10005,580,0
10006,581,0
10007,579,0
10008,582,0
10009,578,0
10010,578,0
10011,569,0
10012,572,0
10013,577,0
10014,588,0
10015,581,0
10016,581,0
10017,583,0
10018,578,0
10019,576,0
10020,589,0
10021,587,0
10022,586,0
10023,579,0
10024,581,0
10025,577,0
10026,590,0
10027,589,0
10028,581,0
10029,583,0
10030,590,0
10031,580,0
10032,586,0
10033,584,0
10034,586,0
10035,575,0
10036,584,0
10037,580,0
10038,574,0
10039,587,0
10040,579,0
10041,581,0
10042,568,0
10043,587,0
10044,584,0
10045,581,0
10046,588,0
10047,582,0
10048,582,0
10049,585,0
10050,583,0
10051,582,0
10052,581,0
10053,581,0
10054,575,0
10055,583,0
10056,581,0
10057,589,0
10058,581,0
10059,584,0
10060,587,0
10061,581,0
10062,580,0
10063,586,0
10064,574,0
10065,580,0
10066,581,0
10067,576,0
10068,579,0
10069,584,0
10070,573,0
10071,583,0
10072,585,0
10073,585,0
10074,575,0
10075,583,0
10076,578,0
10077,584,0
10078,590,0
10079,582,0
10080,585,0
10081,577,0
10082,590,0
10083,587,0
10084,582,0
10085,583,0
10086,579,0
10087,591,0
10088,590,0
10089,580,0
10090,582,0
10091,577,0
10092,580,0
10093,588,0
10094,590,0
10095,572,0
10096,588,0
10097,586,0
10098,579,0
10099,587,0
10100,585,0
10101,586,0
10102,579,0
10103,584,0
10104,583,0
10105,588,0
10106,583,0
10107,583,0
10108,575,0
10109,577,0
10110,579,0
10111,587,0
10112,576,0
10113,587,0
10114,585,0
10115,583,0
10116,577,0
10117,588,0
10118,586,0
10119,586,0
10120,582,0
10121,583,0
10122,586,0
10123,581,0
10124,582,0
10125,584,0
10126,583,0
10127,587,0
10128,592,0
10129,580,0
10130,589,0
10131,580,0
10132,590,0
10133,579,0
10134,588,0
10135,592,0
10136,582,0
10137,581,0
10138,586,0
10139,587,0
10140,583,0
10141,580,0
10142,581,0
10143,590,0
10144,583,0
10145,583,0
10146,571,0
10147,588,0
10148,583,0
10149,581,0
10150,588,0
10151,589,0
10152,582,0
10153,577,0
10154,583,0
10155,590,0
10156,585,0
10157,580,0
10158,589,0
10159,581,0
10160,587,0
10161,587,0
10162,592,0
10163,585,0
10164,580,0
10165,582,0
10166,591,0
10167,579,0
10168,594,0
10169,577,0
10170,585,0
10171,581,0
10172,590,0
10173,589,0
10174,587,0
10175,584,0
10176,585,0
10177,583,0
10178,590,0
10179,577,0
10180,589,0
10181,579,0
10182,578,0
10183,581,0
10184,583,0
10185,587,0
10186,597,0
10187,589,0
10188,580,0
10189,580,0
10190,585,0
10191,580,0
10192,582,0
10193,584,0
10194,585,0
10195,588,0
10196,581,0
10197,581,0
10198,581,0
10199,577,0
10200,593,0
10201,584,0
10202,580,0
10203,578,0
10204,586,0
10205,580,0
10206,578,0
10207,582,0
10208,579,0
10209,583,0
10210,588,0
10211,579,0
10212,586,0
10213,589,0
10214,576,0
10215,582,0
10216,581,0
10217,590,0
10218,583,0
10219,578,0
10220,584,0
10221,586,0
10222,579,0
10223,591,0
10224,589,0
10225,586,0
10226,580,0
10227,581,0
10228,581,0
10229,582,0
10230,585,0
10231,583,0
10232,584,0
10233,591,0
10234,591,0
10235,579,0
10236,587,0
10237,584,0
10238,583,0
10239,586,0
10240,591,0
10241,578,0
10242,589,0
10243,587,0
10244,579,0
10245,592,0
10246,591,0
10247,595,0
10248,574,0
10249,586,0
10250,582,0
10251,582,0
10252,590,0
10253,582,0
10254,578,0
10255,580,0
10256,576,0
10257,586,0
10258,585,0
10259,580,0
10260,586,0
10261,591,0
10262,588,0
10263,588,0
10264,584,0
10265,579,0
10266,592,0
10267,586,0
10268,588,0
10269,589,0
10270,592,0
10271,582,0
10272,585,0
10273,582,0
10274,581,0
10275,596,0
10276,580,0
10277,594,0
10278,586,0
10279,593,0
10280,581,0
10281,590,0
10282,592,0
10283,584,0
10284,573,0
10285,584,0
10286,590,0
10287,581,0
10288,586,0
10289,590,0
10290,579,0
10291,587,0
10292,593,0
10293,591,0
10294,587,0
10295,583,0
10296,586,0
10297,585,0
10298,579,0
10299,588,0
10300,586,0
10301,588,0
10302,589,0
10303,590,0
10304,582,0
10305,581,0
10306,589,0
10307,575,0
10308,581,0
10309,586,0
10310,598,0
10311,588,0
10312,586,0
10313,591,0
10314,581,0
10315,589,0
10316,582,0
10317,580,0
10318,585,0
10319,587,0
10320,574,0
10321,589,0
10322,588,0
10323,575,0
10324,585,0
10325,587,0
10326,584,0
10327,582,0
10328,597,0
10329,589,0
10330,578,0
10331,585,0
10332,583,0
10333,574,0
10334,589,0
10335,593,0
10336,580,0
10337,594,0
10338,589,0
10339,587,0
10340,581,0
10341,589,0
10342,590,0
10343,590,0
10344,587,0
10345,586,0
10346,589,0
10347,579,0
10348,591,0
10349,585,0
10350,584,0
10351,582,0
10352,580,0
10353,583,0
10354,586,0
10355,586,0
10356,589,0
10357,581,0
10358,587,0
10359,579,0
10360,587,0
10361,587,0
10362,586,0
10363,577,0
10364,579,0
10365,582,0
10366,585,0
10367,581,0
10368,582,0
10369,592,0
10370,585,0
10371,588,0
10372,577,0
10373,594,0
10374,585,0
10375,576,0
10376,593,0
10377,590,0
10378,582,0
10379,582,0
10380,585,0
10381,588,0
10382,592,0
10383,583,0
10384,587,0
10385,576,0
10386,592,0
10387,584,0
10388,587,0
10389,587,0
10390,585,0
10391,574,0
10392,581,0
10393,585,0
10394,582,0
10395,579,0
10396,594,0
10397,585,0
10398,574,0
10399,582,0
10400,596,0
10401,575,0
10402,587,0
10403,585,0
10404,587,0
10405,584,0
10406,589,0
10407,586,0
10408,588,0
10409,586,0
10410,580,0
10411,584,0
10412,593,0
10413,589,0
10414,586,0
10415,585,0
10416,583,0
10417,586,0
10418,593,0
10419,593,0
10420,583,0
10421,585,0
10422,589,0
10423,580,0
10424,592,0
10425,580,0
10426,587,0
10427,582,0
10428,589,0
10429,581,0
10430,588,0
10431,588,0
10432,585,0
10433,587,0
10434,582,0
10435,590,0
10436,580,0
10437,589,0
10438,586,0
10439,581,0
10440,589,0
10441,591,0
10442,593,0
10443,585,0
10444,583,0
10445,590,0
10446,594,0
10447,588,0
10448,579,0
10449,587,0
10450,590,0
10451,588,0
10452,583,0
10453,590,0
10454,580,0
10455,586,0
10456,583,0
10457,588,0
10458,581,0
10459,587,0
10460,583,0
10461,586,0
10462,586,0
10463,586,0
10464,590,0
10465,591,0
10466,591,0
10467,588,0
10468,580,0
10469,588,0
10470,588,0
10471,589,0
10472,585,0
10473,582,0
10474,585,0
10475,587,0
10476,584,0
10477,577,0
10478,582,0
10479,584,0
10480,583,0
10481,593,0
10482,582,0
10483,597,0
10484,582,0
10485,583,0
10486,587,0
10487,582,0
10488,588,0
10489,583,0
10490,586,0
10491,587,0
10492,581,0
10493,584,0
10494,582,0
10495,586,0
10496,584,0
10497,591,0
10498,597,0
10499,584,0
10500,582,0
10501,576,0
10502,584,0
10503,588,0
10504,591,0
10505,594,0
10506,585,0
10507,588,0
10508,591,0
10509,583,0
10510,584,0
10511,589,0
10512,580,0
10513,585,0
10514,586,0
10515,592,0
10516,584,0
10517,589,0
10518,580,0
10519,584,0
10520,582,0
10521,588,0
10522,579,0
10523,588,0
10524,593,0
10525,584,0
10526,582,0
10527,594,0
10528,586,0
10529,577,0
10530,586,0
10531,586,0
10532,582,0
10533,581,0
10534,588,0
10535,589,0
10536,587,0
10537,591,0
10538,586,0
10539,589,0
10540,584,0
10541,596,0
10542,580,0
10543,577,0
10544,582,0
10545,588,0
10546,592,0
10547,588,0
10548,590,0
10549,588,0
10550,587,0
10551,594,0
10552,587,0
10553,583,0
10554,594,0
10555,585,0
10556,588,0
10557,578,0
10558,585,0
10559,585,0
10560,582,0
10561,586,0
10562,580,0
10563,594,0
10564,588,0
10565,585,0
10566,582,0
10567,579,0
10568,581,0
10569,586,0
10570,588,0
10571,588,0
10572,582,0
10573,585,0
10574,586,0
10575,585,0
10576,577,0
10577,591,0
10578,592,0
10579,582,0
10580,585,0
10581,589,0
10582,589,0
10583,594,0
10584,589,0
10585,585,0
10586,594,0
10587,580,0
10588,587,0
10589,591,0
10590,583,0
10591,583,0
10592,599,0
10593,584,0
10594,576,0
10595,585,0
10596,588,0
10597,584,0
10598,587,0
10599,589,0
10600,588,0
10601,584,0
10602,584,0
10603,579,0
10604,581,0
10605,587,0
10606,591,0
10607,588,0
10608,585,0
10609,596,0
10610,588,0
10611,586,0
10612,592,0
10613,579,0
10614,584,0
10615,589,0
10616,592,0
10617,590,0
10618,589,0
10619,586,0
10620,594,0
10621,588,0
10622,585,0
10623,598,0
10624,594,0
10625,588,0
10626,587,0
10627,589,0
10628,578,0
10629,585,0
10630,583,0
10631,593,0
10632,588,0
10633,583,0
10634,585,0
10635,586,0
10636,593,0
10637,581,0
10638,588,0
10639,582,0
10640,582,0
10641,576,0
10642,586,0
10643,591,0
10644,590,0
10645,593,0
10646,591,0
10647,590,0
10648,585,0
10649,582,0
10650,580,0
10651,591,0
10652,586,0
10653,586,0
10654,585,0
10655,591,0
10656,583,0
10657,588,0
10658,588,0
10659,585,0
10660,585,0
10661,591,0
10662,586,0
10663,585,0
10664,576,0
10665,589,0
10666,587,0
10667,582,0
10668,595,0
10669,583,0
10670,591,0
10671,593,0
10672,593,0
10673,599,0
10674,592,0
10675,589,0
10676,582,0
10677,585,0
10678,589,0
10679,595,0
10680,580,0
10681,586,0
10682,594,0
10683,581,0
10684,586,0
10685,590,0
10686,583,0
10687,581,0
10688,586,0
10689,584,0
10690,588,0
10691,576,0
10692,585,0
10693,600,0
10694,586,0
10695,581,0
10696,587,0
10697,589,0
10698,583,0
10699,588,0
10700,584,0
10701,601,0
10702,591,0
10703,590,0
10704,585,0
10705,583,0
10706,595,0
10707,585,0
10708,590,0
10709,589,0
10710,582,0
10711,593,0
10712,580,0
10713,584,0
10714,593,0
10715,586,0
10716,595,0
10717,587,0
10718,591,0
10719,579,0
10720,585,0
10721,585,0
10722,589,0
10723,579,0
10724,582,0
10725,584,0
10726,584,0
10727,578,0
10728,591,0
10729,590,0
10730,587,0
10731,586,0
10732,592,0
10733,584,0
10734,585,0
10735,594,0
10736,582,0
10737,591,0
10738,595,0
10739,584,0
10740,590,0
10741,593,0
10742,598,0
10743,589,0
10744,588,0
10745,590,0
10746,594,0
10747,590,0
10748,591,0
10749,589,0
10750,582,0
10751,593,0
10752,589,0
10753,577,0
10754,595,0
10755,588,0
10756,582,0
10757,589,0
10758,593,0
10759,592,0
10760,584,0
10761,590,0
10762,603,0
10763,586,0
10764,579,0
10765,586,0
10766,581,0
10767,575,0
10768,588,0
10769,593,0
10770,602,0
10771,586,0
10772,591,0
10773,582,0
10774,591,0
10775,582,0
10776,591,0
10777,593,0
10778,585,0
10779,579,0
10780,590,0
10781,589,0
10782,583,0
10783,586,0
10784,592,0
10785,585,0
10786,572,0
10787,592,0
10788,594,0
10789,589,0
10790,600,0
10791,580,0
10792,582,0
10793,580,0
10794,585,0
10795,575,0
10796,592,0
10797,587,0
10798,586,0
10799,586,0
10800,579,0
10801,589,0
10802,591,0
10803,585,0
10804,587,0
10805,586,0
10806,585,0
10807,589,0
10808,592,0
10809,588,0
10810,584,0
10811,586,0
10812,588,0
10813,581,0
10814,597,0
10815,595,0
10816,584,0
10817,583,0
10818,583,0
10819,584,0
10820,583,0
10821,582,0
10822,586,0
10823,581,0
10824,591,0
10825,583,0
10826,581,0
10827,587,0
10828,582,0
10829,588,0
10830,584,0
10831,596,0
10832,586,0
10833,589,0
10834,585,0
10835,580,0
10836,580,0
10837,593,0
10838,584,0
10839,583,0
10840,584,0
10841,588,0
10842,588,0
10843,584,0
10844,590,0
10845,589,0
10846,584,0
10847,582,0
10848,588,0
10849,582,0
10850,590,0
10851,585,0
10852,587,0
10853,582,0
10854,590,0
10855,583,0
10856,593,0
10857,585,0
10858,591,0
10859,592,0
10860,582,0
10861,596,0
10862,590,0
10863,600,0
10864,587,0
10865,593,0
10866,587,0
10867,582,0
10868,589,0
10869,584,0
10870,586,0
10871,588,0
10872,595,0
10873,593,0
10874,582,0
10875,585,0
10876,592,0
10877,586,0
10878,575,0
10879,589,0
10880,586,0
10881,581,0
10882,596,0
10883,591,0
10884,591,0
10885,589,0
10886,591,0
10887,595,0
10888,585,0
10889,582,0
10890,583,0
10891,589,0
10892,599,0
10893,591,0
10894,598,0
10895,580,0
10896,591,0
10897,589,0
10898,588,0
10899,587,0
10900,586,0
10901,581,0
10902,584,0
10903,594,0
10904,596,0
10905,595,0
10906,596,0
10907,589,0
10908,590,0
10909,586,0
10910,581,0
10911,579,0
10912,584,0
10913,583,0
10914,581,0
10915,592,0
10916,589,0
10917,583,0
10918,582,0
10919,589,0
10920,591,0
10921,593,0
10922,598,0
10923,586,0
10924,584,0
10925,581,0
10926,588,0
10927,595,0
10928,583,0
10929,594,0
10930,592,0
10931,579,0
10932,588,0
10933,588,0
10934,586,0
10935,591,0
10936,589,0
10937,596,0
10938,592,0
10939,584,0
10940,587,0
10941,605,0
10942,583,0
10943,596,0
10944,577,0
10945,590,0
10946,588,0
10947,581,0
10948,587,0
10949,593,0
10950,581,0
10951,578,0
10952,594,0
10953,587,0
10954,591,0
10955,590,0
10956,587,0
10957,593,0
10958,588,0
10959,586,0
10960,589,0
10961,589,0
10962,586,0
10963,588,0
10964,582,0
10965,589,0
10966,588,0
10967,596,0
10968,596,0
10969,593,0
10970,595,0
10971,597,0
10972,580,0
10973,581,0
10974,579,0
10975,582,0
10976,593,0
10977,585,0
10978,589,0
10979,587,0
10980,584,0
10981,586,0
10982,589,0
10983,589,0
10984,585,0
10985,590,0
10986,596,0
10987,592,0
10988,588,0
10989,583,0
10990,591,0
10991,593,0
10992,583,0
10993,585,0
10994,589,0
10995,584,0
10996,589,0
10997,586,0
10998,590,0
10999,593,0
11000,591,0
11001,580,0
11002,588,0
11003,591,0
11004,589,0
11005,590,0
11006,581,0
11007,588,0
11008,582,0
11009,592,0
11010,587,0
11011,589,0
11012,597,0
11013,583,0
11014,584,0
11015,595,0
11016,588,0
11017,591,0
11018,592,0
11019,577,0
11020,583,0
11021,582,0
11022,595,0
11023,586,0
11024,601,0
11025,596,0
11026,591,0
11027,587,0
11028,589,0
11029,595,0
11030,585,0
11031,587,0
11032,589,0
11033,592,0
11034,582,0
11035,593,0
11036,581,0
11037,583,0
11038,591,0
11039,596,0
11040,580,0
11041,597,0
11042,582,0
11043,583,0
11044,596,0
11045,588,0
11046,596,0
11047,595,0
11048,582,0
11049,588,0
11050,586,0
11051,580,0
11052,594,0
11053,585,0
11054,589,0
11055,596,0
11056,602,0
11057,588,0
11058,593,0
11059,592,0
11060,595,0
11061,586,0
11062,582,0
11063,584,0
11064,592,0
11065,584,0
11066,586,0
11067,597,0
11068,591,0
11069,588,0
11070,585,0
11071,585,0
11072,592,0
11073,590,0
11074,586,0
11075,589,0
11076,585,0
11077,587,0
11078,584,0
11079,596,0
11080,586,0
11081,586,0
11082,592,0
11083,590,0
11084,601,0
11085,583,0
11086,590,0
11087,590,0
11088,589,0
11089,585,0
11090,584,0
11091,587,0
11092,591,0
11093,589,0
11094,590,0
11095,598,0
11096,588,0
11097,591,0
11098,583,0
11099,589,0
11100,586,0
11101,591,0
11102,588,0
11103,592,0
11104,594,0
11105,595,0
11106,594,0
11107,584,0
11108,588,0
11109,585,0
11110,590,0
11111,584,0
11112,589,0
11113,593,0
11114,587,0
11115,592,0
11116,591,0
11117,586,0
11118,595,0
11119,595,0
11120,596,0
11121,586,0
11122,589,0
11123,588,0
11124,592,0
11125,583,0
11126,595,0
11127,584,0
11128,591,0
11129,593,0
11130,589,0
11131,594,0
11132,590,0
11133,591,0
11134,574,0
11135,596,0
11136,595,0
11137,595,0
11138,587,0
11139,588,0
11140,592,0
11141,589,0
11142,595,0
11143,590,0
11144,589,0
11145,588,0
11146,591,0
11147,593,0
11148,594,0
11149,580,0
11150,584,0
11151,594,0
11152,585,0
11153,587,0
11154,593,0
11155,597,0
11156,588,0
11157,583,0
11158,588,0
11159,600,0
11160,591,0
11161,581,0
11162,587,0
11163,593,0
11164,588,0
11165,584,0
11166,598,0
11167,589,0
11168,588,0
11169,590,0
11170,585,0
11171,592,0
11172,591,0
11173,591,0
11174,592,0
11175,591,0
11176,593,0
11177,584,0
11178,579,0
11179,597,0
11180,583,0
11181,587,0
11182,590,0
11183,593,0
11184,587,0
11185,592,0
11186,595,0
11187,588,0
11188,588,0
11189,587,0
11190,594,0
11191,594,0
11192,592,0
11193,590,0
11194,592,0
11195,592,0
11196,589,0
11197,581,0
11198,598,0
11199,591,0
11200,591,0
11201,588,0
11202,590,0
11203,585,0
11204,592,0
11205,585,0
11206,585,0
11207,589,0
11208,596,0
11209,586,0
11210,586,0
11211,594,0
11212,591,0
11213,594,0
11214,588,0
11215,584,0
11216,591,0
11217,600,0
11218,594,0
11219,589,0
11220,586,0
11221,591,0
11222,589,0
11223,590,0
11224,582,0
11225,578,0
11226,586,0
11227,587,0
11228,590,0
11229,589,0
11230,590,0
11231,585,0
11232,583,0
11233,585,0
11234,590,0
11235,592,0
11236,590,0
11237,596,0
11238,573,0
11239,583,0
11240,604,0
11241,591,0
11242,583,0
11243,578,0
11244,587,0
11245,594,0
11246,589,0
11247,588,0
11248,596,0
11249,588,0
11250,583,0
11251,593,0
11252,593,0
11253,591,0
11254,598,0
11255,591,0
11256,585,0
11257,596,0
11258,597,0
11259,587,0
11260,595,0
11261,599,0
11262,590,0
11263,589,0
11264,583,0
11265,590,0
11266,583,0
11267,588,0
11268,589,0
11269,590,0
11270,590,0
11271,596,0
11272,595,0
11273,596,0
11274,588,0
11275,591,0
11276,584,0
11277,596,0
11278,595,0
11279,592,0
11280,584,0
11281,587,0
11282,595,0
11283,590,0
11284,580,0
11285,595,0
11286,586,0
11287,582,0
11288,590,0
11289,595,0
11290,587,0
11291,591,0
11292,587,0
11293,589,0
11294,590,0
11295,594,0
11296,595,0
11297,591,0
11298,593,0
11299,583,0
11300,589,0
11301,588,0
11302,594,0
11303,595,0
11304,590,0
11305,592,0
11306,596,0
11307,585,0
11308,600,0
11309,589,0
11310,584,0
11311,593,0
11312,584,0
11313,588,0
11314,596,0
11315,588,0
11316,584,0
11317,588,0
11318,590,0
11319,592,0
11320,598,0
11321,593,0
11322,591,0
11323,598,0
11324,587,0
11325,595,0
11326,585,0
11327,585,0
11328,588,0
11329,590,0
11330,584,0
11331,587,0
11332,587,0
11333,591,0
11334,588,0
11335,588,0
11336,593,0
11337,592,0
11338,592,0
11339,588,0
11340,594,0
11341,584,0
11342,587,0
11343,594,0
11344,587,0
11345,579,0
11346,590,0
11347,590,0
11348,585,0
11349,586,0
11350,594,0
11351,595,0
11352,589,0
11353,587,0
11354,593,0
11355,593,0
11356,584,0
11357,588,0
11358,594,0
11359,586,0
11360,582,0
11361,583,0
11362,589,0
11363,592,0
11364,587,0
11365,595,0
11366,595,0
11367,590,0
11368,590,0
11369,593,0
11370,598,0
11371,591,0
11372,591,0
11373,590,0
11374,594,0
11375,601,0
11376,595,0
11377,591,0
11378,582,0
11379,589,0
11380,594,0
11381,595,0
11382,589,0
11383,592,0
11384,592,0
11385,581,0
11386,585,0
11387,588,0
11388,590,0
11389,588,0
11390,593,0
11391,589,0
11392,595,0
11393,595,0
11394,596,0
11395,592,0
11396,591,0
11397,594,0
11398,584,0
11399,589,0
11400,592,0
11401,592,0
11402,595,0
11403,590,0
11404,595,0
11405,590,0
11406,585,0
11407,593,0
11408,595,0
11409,585,0
11410,590,0
11411,589,0
11412,595,0
11413,597,0
11414,598,0
11415,590,0
11416,591,0
11417,599,0
11418,585,0
11419,583,0
11420,598,0
11421,588,0
11422,590,0
11423,591,0
11424,598,0
11425,587,0
11426,595,0
11427,594,0
11428,587,0
11429,594,0
11430,593,0
11431,592,0
11432,590,0
11433,593,0
11434,585,0
11435,593,0
11436,595,0
11437,592,0
11438,588,0
11439,587,0
11440,598,0
11441,591,0
11442,593,0
11443,587,0
11444,586,0
11445,592,0
11446,597,0
11447,592,0
11448,590,0
11449,594,0
11450,595,0
11451,587,0
11452,585,0
11453,588,0
11454,591,0
11455,591,0
11456,603,0
11457,590,0
11458,591,0
11459,584,0
11460,594,0
11461,589,0
11462,580,0
11463,592,0
11464,591,0
11465,588,0
11466,591,0
11467,589,0
11468,590,0
11469,587,0
11470,585,0
11471,595,0
11472,587,0
11473,596,0
11474,589,0
11475,593,0
11476,592,0
11477,591,0
11478,588,0
11479,592,0
11480,597,0
11481,598,0
11482,590,0
11483,584,0
11484,592,0
11485,580,0
11486,594,0
11487,587,0
11488,591,0
11489,593,0
11490,588,0
11491,584,0
11492,596,0
11493,590,0
11494,590,0
11495,592,0
11496,598,0
11497,591,0
11498,599,0
11499,591,0
11500,588,0
11501,588,0
11502,598,0
11503,591,0
11504,594,0
11505,587,0
11506,594,0
11507,589,0
11508,583,0
11509,581,0
11510,596,0
11511,592,0
11512,590,0
11513,596,0
11514,582,0
11515,585,0
11516,583,0
11517,593,0
11518,587,0
11519,588,0
11520,586,0
11521,600,0
11522,598,0
11523,590,0
11524,597,0
11525,593,0
11526,583,0
11527,587,0
11528,595,0
11529,591,0
11530,593,0
11531,597,0
11532,588,0
11533,589,0
11534,596,0
11535,589,0
11536,589,0
11537,597,0
11538,588,0
11539,586,0
11540,594,0
11541,586,0
11542,591,0
11543,582,0
11544,593,0
11545,588,0
11546,589,0
11547,582,0
11548,592,0
11549,588,0
11550,591,0
11551,597,0
11552,586,0
11553,595,0
11554,594,0
11555,593,0
11556,591,0
11557,592,0
11558,591,0
11559,594,0
11560,595,0
11561,596,0
11562,598,0
11563,590,0
11564,581,0
11565,595,0
11566,603,0
11567,592,0
11568,592,0
11569,588,0
11570,587,0
11571,591,0
11572,594,0
11573,604,0
11574,593,0
11575,588,0
11576,603,0
11577,592,0
11578,595,0
11579,594,0
11580,595,0
11581,589,0
11582,597,0
11583,599,0
11584,588,0
11585,594,0
11586,584,0
11587,594,0
11588,593,0
11589,592,0
11590,594,0
11591,592,0
11592,584,0
11593,591,0
11594,589,0
11595,592,0
11596,596,0
11597,585,0
11598,584,0
11599,591,0
11600,587,0
11601,585,0
11602,593,0
11603,584,0
11604,590,0
11605,601,0
11606,593,0
11607,591,0
11608,594,0
11609,587,0
11610,596,0
11611,593,0
11612,589,0
11613,594,0
11614,597,0
11615,578,0
11616,594,0
11617,588,0
11618,597,0
11619,585,0
11620,589,0
11621,585,0
11622,586,0
11623,587,0
11624,598,0
11625,581,0
11626,586,0
11627,586,0
11628,591,0
11629,592,0
11630,591,0
11631,586,0
11632,598,0
11633,592,0
11634,588,0
11635,582,0
11636,586,0
11637,594,0
11638,582,0
11639,589,0
11640,588,0
11641,587,0
11642,595,0
11643,593,0
11644,591,0
11645,587,0
11646,595,0
11647,595,0
11648,585,0
11649,590,0
11650,589,0
11651,592,0
11652,592,0
11653,591,0
11654,585,0
11655,594,0
11656,578,0
11657,607,0
11658,594,0
11659,588,0
11660,592,0
11661,589,0
11662,586,0
11663,587,0
11664,589,0
11665,596,0
11666,591,0
11667,599,0
11668,596,0
11669,598,0
11670,587,0
11671,589,0
11672,590,0
11673,585,0
11674,581,0
11675,589,0
11676,584,0
11677,594,0
11678,591,0
11679,584,0
11680,597,0
11681,588,0
11682,586,0
11683,599,0
11684,596,0
11685,584,0
11686,592,0
11687,606,0
11688,601,0
11689,592,0
11690,588,0
11691,594,0
11692,599,0
11693,593,0
11694,580,0
11695,589,0
11696,590,0
11697,593,0
11698,591,0
11699,591,0
11700,590,0
11701,594,0
11702,591,0
11703,593,0
11704,585,0
11705,592,0
11706,598,0
11707,587,0
11708,581,0
11709,591,0
11710,583,0
11711,583,0
11712,596,0
11713,594,0
11714,588,0
11715,585,0
11716,595,0
11717,602,0
11718,592,0
11719,591,0
11720,587,0
11721,594,0
11722,590,0
11723,599,0
11724,591,0
11725,588,0
11726,588,0
11727,586,0
11728,590,0
11729,593,0
11730,596,0
11731,593,0
11732,580,0
11733,592,0
11734,595,0
11735,588,0
11736,592,0
11737,584,0
11738,591,0
11739,593,0
11740,589,0
11741,587,0
11742,591,0
11743,589,0
11744,600,0
11745,587,0
11746,595,0
11747,598,0
11748,587,0
11749,600,0
11750,589,0
11751,585,0
11752,593,0
11753,591,0
11754,597,0
11755,594,0
11756,602,0
11757,592,0
11758,595,0
11759,590,0
11760,590,0
11761,591,0
11762,590,0
11763,587,0
11764,594,0
11765,591,0
11766,595,0
11767,587,0
11768,596,0
11769,596,0
11770,596,0
11771,596,0
11772,589,0
11773,586,0
11774,594,0
11775,585,0
11776,595,0
11777,590,0
11778,594,0
11779,585,0
11780,590,0
11781,592,0
11782,588,0
11783,598,0
11784,591,0
11785,589,0
11786,585,0
11787,594,0
11788,591,0
11789,597,0
11790,596,0
11791,595,0
11792,601,0
11793,598,0
11794,598,0
11795,593,0
11796,585,0
11797,598,0
11798,595,0
11799,594,0
11800,587,0
11801,596,0
11802,593,0
11803,587,0
11804,593,0
11805,591,0
11806,596,0
11807,596,0
11808,587,0
11809,592,0
11810,601,0
11811,589,0
11812,597,0
11813,596,0
11814,598,0
11815,598,0
11816,583,0
11817,596,0
11818,586,0
11819,593,0
11820,595,0
11821,590,0
11822,603,0
11823,590,0
11824,604,0
11825,600,0
11826,599,0
11827,592,0
11828,588,0
11829,596,0
11830,591,0
11831,600,0
11832,597,0
11833,584,0
11834,585,0
11835,594,0
11836,588,0
11837,593,0
11838,588,0
11839,584,0
11840,600,0
11841,588,0
11842,592,0
11843,586,0
11844,602,0
11845,586,0
11846,592,0
11847,587,0
11848,585,0
11849,594,0
11850,599,0
11851,591,0
11852,596,0
11853,596,0
11854,593,0
11855,582,0
11856,596,0
11857,592,0
11858,598,0
11859,599,0
11860,586,0
11861,590,0
11862,588,0
11863,585,0
11864,599,0
11865,587,0
11866,589,0
11867,599,0
11868,590,0
11869,590,0
11870,590,0
11871,592,0
11872,589,0
11873,592,0
11874,593,0
11875,597,0
11876,600,0
11877,593,0
11878,595,0
11879,594,0
11880,588,0
11881,597,0
11882,599,0
11883,588,0
11884,590,0
11885,594,0
11886,600,0
11887,602,0
11888,596,0
11889,587,0
11890,593,0
11891,583,0
11892,593,0
11893,593,0
11894,604,0
11895,582,0
11896,594,0
11897,586,0
11898,589,0
11899,591,0
11900,591,0
11901,597,0
11902,591,0
11903,589,0
11904,594,0
11905,587,0
11906,594,0
11907,589,0
11908,590,0
11909,590,0
11910,585,0
11911,585,0
11912,597,0
11913,583,0
11914,593,0
11915,603,0
11916,594,0
11917,595,0
11918,599,0
11919,591,0
11920,596,0
11921,591,0
11922,599,0
11923,591,0
11924,591,0
11925,596,0
11926,593,0
11927,583,0
11928,590,0
11929,599,0
11930,596,0
11931,593,0
11932,588,0
11933,593,0
11934,591,0
11935,586,0
11936,593,0
11937,590,0
11938,591,0
11939,590,0
11940,589,0
11941,598,0
11942,596,0
11943,596,0
11944,598,0
11945,592,0
11946,599,0
11947,585,0
11948,589,0
11949,592,0
11950,593,0
11951,596,0
11952,593,0
11953,584,0
11954,598,0
11955,593,0
11956,589,0
11957,596,0
11958,588,0
11959,590,0
11960,593,0
11961,586,0
11962,590,0
11963,588,0
11964,595,0
11965,589,0
11966,600,0
11967,599,0
11968,589,0
11969,587,0
11970,596,0
11971,591,0
11972,593,0
11973,591,0
11974,590,0
11975,589,0
11976,590,0
11977,583,0
11978,603,0
11979,593,0
11980,591,0
11981,584,0
11982,596,0
11983,597,0
11984,597,0
11985,595,0
11986,593,0
11987,591,0
11988,586,0
11989,593,0
11990,594,0
11991,589,0
11992,593,0
11993,597,0
11994,594,0
11995,599,0
11996,587,0
11997,591,0
11998,594,0
11999,595,0
12000,601,0
12001,599,0
12002,590,0
12003,589,0
12004,593,0
12005,592,0
12006,597,0
12007,595,0
12008,591,0
12009,587,0
12010,595,0
12011,589,0
12012,594,0
12013,589,0
12014,592,0
12015,592,0
12016,602,0
12017,600,0
12018,581,0
12019,587,0
12020,584,0
12021,591,0
12022,589,0
12023,589,0
12024,590,0
12025,600,0
12026,595,0
12027,587,0
12028,589,0
12029,588,0
12030,598,0
12031,589,0
12032,590,0
12033,594,0
12034,598,0
12035,588,0
12036,598,0
12037,600,0
12038,595,0
12039,597,0
12040,594,0
12041,586,0
12042,594,0
12043,592,0
12044,594,0
12045,581,0
12046,604,0
12047,591,0
12048,593,0
12049,599,0
12050,591,0
12051,592,0
12052,592,0
12053,583,0
12054,591,0
12055,592,0
12056,585,0
12057,587,0
12058,591,0
12059,592,0
12060,582,0
12061,593,0
12062,595,0
12063,598,0
12064,599,0
12065,596,0
12066,593,0
12067,594,0
12068,585,0
12069,589,0
12070,592,0
12071,594,0
12072,597,0
12073,588,0
12074,600,0
12075,588,0
12076,585,0
12077,595,0
12078,599,0
12079,594,0
12080,595,0
12081,597,0
12082,582,0
12083,597,0
12084,599,0
12085,598,0
12086,596,0
12087,596,0
12088,597,0
12089,592,0
12090,591,0
12091,591,0
12092,586,0
12093,586,0
12094,588,0
12095,602,0
12096,601,0
12097,591,0
12098,591,0
12099,590,0
12100,591,0
12101,595,0
12102,601,0
12103,588,0
12104,576,0
12105,590,0
12106,595,0
12107,592,0
12108,600,0
12109,594,0
12110,590,0
12111,603,0
12112,595,0
12113,591,0
12114,597,0
12115,594,0
12116,588,0
12117,591,0
12118,596,0
12119,592,0
12120,590,0
12121,601,0
12122,588,0
12123,593,0
12124,586,0
12125,594,0
12126,597,0
12127,600,0
12128,591,0
12129,594,0
12130,597,0
12131,584,0
12132,590,0
12133,597,0
12134,594,0
12135,594,0
12136,587,0
12137,592,0
12138,601,0
12139,591,0
12140,587,0
12141,587,0
12142,595,0
12143,589,0
12144,594,0
12145,592,0
12146,588,0
12147,588,0
12148,594,0
12149,599,0
12150,595,0
12151,597,0
12152,591,0
12153,592,0
12154,602,0
12155,600,0
12156,592,0
12157,590,0
12158,598,0
12159,586,0
12160,588,0
12161,586,0
12162,591,0
12163,592,0
12164,589,0
12165,589,0
12166,594,0
12167,589,0
12168,588,0
12169,604,0
12170,599,0
12171,590,0
12172,585,0
12173,597,0
12174,591,0
12175,596,0
12176,595,0
12177,586,0
12178,595,0
12179,590,0
12180,596,0
12181,599,0
12182,604,0
12183,593,0
12184,591,0
12185,587,0
12186,589,0
12187,605,0
12188,596,0
12189,598,0
12190,599,0
12191,592,0
12192,602,0
12193,595,0
12194,593,0
12195,592,0
12196,602,0
12197,592,0
12198,589,0
12199,593,0
12200,592,0
12201,590,0
12202,590,0
12203,602,0
12204,591,0
12205,596,0
12206,591,0
12207,606,0
12208,590,0
12209,599,0
12210,602,0
12211,597,0
12212,586,0
12213,592,0
12214,598,0
12215,604,0
12216,588,0
12217,592,0
12218,591,0
12219,602,0
12220,599,0
12221,600,0
12222,596,0
12223,589,0
12224,591,0
12225,586,0
12226,587,0
12227,585,0
12228,594,0
12229,588,0
12230,600,0
12231,595,0
12232,589,0
12233,588,0
12234,594,0
12235,592,0
12236,598,0
12237,597,0
12238,589,0
12239,597,0
12240,599,0
12241,602,0
12242,588,0
12243,583,0
12244,591,0
12245,597,0
12246,593,0
12247,600,0
12248,586,0
12249,597,0
12250,597,0
12251,593,0
12252,599,0
12253,588,0
12254,592,0
12255,591,0
12256,592,0
12257,594,0
12258,589,0
12259,589,0
12260,595,0
12261,598,0
12262,587,0
12263,592,0
12264,582,0
12265,582,0
12266,588,0
12267,588,0
12268,593,0
12269,592,0
12270,589,0
12271,595,0
12272,590,0
12273,581,0
12274,595,0
12275,594,0
12276,595,0
12277,594,0
12278,600,0
12279,590,0
12280,596,0
12281,595,0
12282,599,0
12283,600,0
12284,583,0
12285,585,0
12286,591,0
12287,588,0
12288,592,0
12289,603,0
12290,595,0
12291,589,0
12292,594,0
12293,584,0
12294,599,0
12295,583,0
12296,589,0
12297,597,0
12298,600,0
12299,595,0
12300,588,0
12301,598,0
12302,589,0
12303,598,0
12304,590,0
12305,593,0
12306,587,0
12307,599,0
12308,594,0
12309,595,0
12310,596,0
12311,587,0
12312,594,0
12313,596,0
12314,596,0
12315,588,0
12316,594,0
12317,594,0
12318,597,0
12319,593,0
12320,591,0
12321,593,0
12322,594,0
12323,600,0
12324,601,0
12325,592,0
12326,595,0
12327,596,0
12328,587,0
12329,594,0
12330,591,0
12331,599,0
12332,596,0
12333,591,0
12334,606,0
12335,594,0
12336,595,0
12337,588,0
12338,598,0
12339,595,0
12340,605,0
12341,586,0
12342,599,0
12343,592,0
12344,593,0
12345,596,0
12346,589,0
12347,595,0
12348,588,0
12349,595,0
12350,588,0
12351,598,0
12352,588,0
12353,593,0
12354,598,0
12355,589,0
12356,585,0
12357,591,0
12358,586,0
12359,592,0
12360,590,0
12361,590,0
12362,595,0
12363,598,0
12364,599,0
12365,591,0
12366,597,0
12367,591,0
12368,602,0
12369,592,0
12370,596,0
12371,592,0
12372,592,0
12373,587,0
12374,599,0
12375,587,0
12376,594,0
12377,599,0
12378,606,0
12379,597,0
12380,594,0
12381,595,0
12382,595,0
12383,592,0
12384,588,0
12385,595,0
12386,590,0
12387,596,0
12388,596,0
12389,596,0
12390,592,0
12391,588,0
12392,593,0
12393,586,0
12394,588,0
12395,595,0
12396,588,0
12397,593,0
12398,594,0
12399,592,0
12400,597,0
12401,599,0
12402,591,0
12403,593,0
12404,595,0
12405,595,0
12406,597,0
12407,593,0
12408,598,0
12409,602,0
12410,595,0
12411,586,0
12412,594,0
12413,600,0
12414,586,0
12415,596,0
12416,588,0
12417,592,0
12418,600,0
12419,602,0
12420,596,0
12421,595,0
12422,609,0
12423,603,0
12424,601,0
12425,592,0
12426,603,0
12427,597,0
12428,596,0
12429,601,0
12430,592,0
12431,599,0
12432,591,0
12433,598,0
12434,591,0
12435,597,0
12436,597,0
12437,599,0
12438,594,0
12439,594,0
12440,587,0
12441,593,0
12442,586,0
12443,595,0
12444,598,0
12445,593,0
12446,593,0
12447,599,0
12448,597,0
12449,592,0
12450,585,0
12451,591,0
12452,592,0
12453,588,0
12454,597,0
12455,606,0
12456,594,0
12457,589,0
12458,599,0
12459,591,0
12460,593,0
12461,592,0
12462,588,0
12463,588,0
12464,592,0
12465,598,0
12466,593,0
12467,592,0
12468,596,0
12469,591,0
12470,594,0
12471,597,0
12472,593,0
12473,591,0
12474,591,0
12475,592,0
12476,598,0
12477,587,0
12478,593,0
12479,592,0
12480,600,0
12481,590,0
12482,597,0
12483,587,0
12484,597,0
12485,593,0
12486,589,0
12487,593,0
12488,594,0
12489,593,0
12490,595,0
12491,593,0
12492,600,0
12493,606,0
12494,599,0
12495,592,0
12496,588,0
12497,593,0
12498,600,0
12499,595,0
12500,598,0
12501,592,0
12502,595,0
12503,601,0
12504,593,0
12505,588,0
12506,593,0
12507,598,0
12508,599,0
12509,590,0
12510,591,0
12511,589,0
12512,602,0
12513,597,0
12514,605,0
12515,600,0
12516,598,0
12517,588,0
12518,597,0
12519,592,0
12520,598,0
12521,599,0
12522,596,0
12523,594,0
12524,595,0
12525,589,0
12526,601,0
12527,600,0
12528,601,0
12529,592,0
12530,594,0
12531,592,0
12532,588,0
12533,592,0
12534,593,0
12535,599,0
12536,593,0
12537,601,0
12538,599,0
12539,598,0
12540,605,0
12541,591,0
12542,592,0
12543,597,0
12544,603,0
12545,593,0
12546,604,0
12547,595,0
12548,594,0
12549,602,0
12550,593,0
12551,598,0
12552,590,0
12553,603,0
12554,589,0
12555,595,0
12556,583,0
12557,595,0
12558,591,0
12559,597,0
12560,600,0
12561,586,0
12562,589,0
12563,596,0
12564,594,0
12565,594,0
12566,588,0
12567,593,0
12568,603,0
12569,590,0
12570,598,0
12571,595,0
12572,599,0
12573,595,0
12574,593,0
12575,592,0
12576,592,0
12577,586,0
12578,605,0
12579,591,0
12580,595,0
12581,592,0
12582,593,0
12583,599,0
12584,597,0
12585,606,0
12586,598,0
12587,588,0
12588,591,0
12589,595,0
12590,586,0
12591,593,0
12592,585,0
12593,594,0
12594,593,0
12595,594,0
12596,598,0
12597,596,0
12598,598,0
12599,589,0
12600,599,0
12601,599,0
12602,590,0
12603,596,0
12604,594,0
12605,599,0
12606,586,0
12607,593,0
12608,594,0
12609,600,0
12610,595,0
12611,591,0
12612,592,0
12613,583,0
12614,592,0
12615,584,0
12616,595,0
12617,594,0
12618,598,0
12619,597,0
12620,588,0
12621,589,0
12622,596,0
12623,596,0
12624,607,0
12625,595,0
12626,595,0
12627,599,0
12628,594,0
12629,605,0
12630,602,0
12631,602,0
12632,598,0
12633,601,0
12634,603,0
12635,594,0
12636,589,0
12637,595,0
12638,594,0
12639,594,0
12640,595,0
12641,587,0
12642,594,0
12643,602,0
12644,600,0
12645,594,0
12646,594,0
12647,593,0
12648,595,0
12649,601,0
12650,593,0
12651,599,0
12652,601,0
12653,605,0
12654,609,0
12655,595,0
12656,592,0
12657,588,0
12658,597,0
12659,598,0
12660,604,0
12661,597,0
12662,588,0
12663,595,0
12664,593,0
12665,599,0
12666,599,0
12667,599,0
12668,599,0
12669,604,0
12670,593,0
12671,601,0
12672,595,0
12673,602,0
12674,586,0
12675,601,0
12676,596,0
12677,598,0
12678,598,0
12679,604,0
12680,606,0
12681,591,0
12682,600,0
12683,601,0
12684,599,0
12685,596,0
12686,591,0
12687,601,0
12688,596,0
12689,601,0
12690,600,0
12691,598,0
12692,591,0
12693,595,0
12694,604,0
12695,600,0
12696,601,0
12697,595,0
12698,596,0
12699,594,0
12700,590,0
12701,593,0
12702,594,0
12703,602,0
12704,594,0
12705,587,0
12706,592,0
12707,597,0
12708,602,0
12709,600,0
12710,593,0
12711,599,0
12712,603,0
12713,585,0
12714,596,0
12715,594,0
12716,595,0
12717,586,0
12718,595,0
12719,595,0
12720,595,0
12721,591,0
12722,591,0
12723,589,0
12724,610,0
12725,589,0
12726,596,0
12727,601,0
12728,593,0
12729,597,0
12730,598,0
12731,594,0
12732,596,0
12733,590,0
12734,587,0
12735,602,0
12736,601,0
12737,595,0
12738,599,0
12739,588,0
12740,591,0
12741,597,0
12742,591,0
12743,587,0
12744,594,0
12745,589,0
12746,585,0
12747,595,0
12748,599,0
12749,590,0
12750,593,0
12751,601,0
12752,593,0
12753,595,0
12754,592,0
12755,592,0
12756,598,0
12757,597,0
12758,588,0
12759,603,0
12760,596,0
12761,600,0
12762,598,0
12763,594,0
12764,592,0
12765,593,0
12766,601,0
12767,602,0
12768,592,0
12769,594,0
12770,590,0
12771,597,0
12772,597,0
12773,590,0
12774,601,0
12775,598,0
12776,604,0
12777,597,0
12778,593,0
12779,591,0
12780,591,0
12781,602,0
12782,595,0
12783,602,0
12784,595,0
12785,604,0
12786,607,0
12787,593,0
12788,595,0
12789,602,0
12790,598,0
12791,600,0
12792,601,0
12793,606,0
12794,597,0
12795,598,0
12796,588,0
12797,593,0
12798,593,0
12799,592,0
12800,592,0
12801,598,0
12802,607,0
12803,597,0
12804,599,0
12805,599,0
12806,607,0
12807,597,0
12808,597,0
12809,599,0
12810,590,0
12811,603,0
12812,594,0
12813,597,0
12814,598,0
12815,594,0
12816,602,0
12817,598,0
12818,589,0
12819,594,0
12820,590,0
12821,594,0
12822,601,0
12823,600,0
12824,591,0
12825,595,0
12826,599,0
12827,587,0
12828,591,0
12829,598,0
12830,598,0
12831,597,0
12832,602,0
12833,593,0
12834,601,0
12835,590,0
12836,594,0
12837,589,0
12838,590,0
12839,593,0
12840,590,0
12841,596,0
12842,590,0
12843,591,0
12844,594,0
12845,598,0
12846,595,0
12847,594,0
12848,600,0
12849,600,0
12850,589,0
12851,603,0
12852,600,0
12853,597,0
12854,597,0
12855,595,0
12856,585,0
12857,599,0
12858,594,0
12859,597,0
12860,601,0
12861,597,0
12862,596,0
12863,596,0
12864,596,0
12865,596,0
12866,599,0
12867,591,0
12868,597,0
12869,590,0
12870,595,0
12871,590,0
12872,602,0
12873,591,0
12874,602,0
12875,593,0
12876,601,0
12877,602,0
12878,598,0
12879,599,0
12880,593,0
12881,598,0
12882,591,0
12883,595,0
12884,599,0
12885,594,0
12886,595,0
12887,595,0
12888,591,0
12889,588,0
12890,599,0
12891,600,0
12892,594,0
12893,597,0
12894,606,0
12895,596,0
12896,597,0
12897,595,0
12898,593,0
12899,599,0
12900,597,0
12901,599,0
12902,597,0
12903,608,0
12904,595,0
12905,603,0
12906,601,0
12907,586,0
12908,591,0
12909,590,0
12910,593,0
12911,602,0
12912,593,0
12913,592,0
12914,593,0
12915,595,0
12916,600,0
12917,602,0
12918,594,0
12919,596,0
12920,592,0
12921,598,0
12922,596,0
12923,599,0
12924,593,0
12925,591,0
12926,605,0
12927,592,0
12928,597,0
12929,599,0
12930,598,0
12931,594,0
12932,596,0
12933,602,0
12934,583,0
12935,597,0
12936,595,0
12937,597,0
12938,603,0
12939,594,0
12940,597,0
12941,597,0
12942,602,0
12943,600,0
12944,598,0
12945,597,0
12946,589,0
12947,594,0
12948,591,0
12949,588,0
12950,590,0
12951,603,0
12952,602,0
12953,597,0
12954,594,0
12955,597,0
12956,601,0
12957,595,0
12958,604,0
12959,597,0
12960,593,0
12961,591,0
12962,588,0
12963,594,0
12964,597,0
12965,596,0
12966,593,0
12967,592,0
12968,594,0
12969,596,0
12970,597,0
12971,601,0
12972,595,0
12973,590,0
12974,602,0
12975,598,0
12976,598,0
12977,599,0
12978,598,0
12979,595,0
12980,596,0
12981,588,0
12982,593,0
12983,590,0
12984,592,0
12985,595,0
12986,593,0
12987,596,0
12988,591,0
12989,598,0
12990,595,0
12991,589,0
12992,598,0
12993,600,0
12994,596,0
12995,599,0
12996,593,0
12997,599,0
12998,602,0
12999,593,0
13000,592,0
13001,595,0
13002,589,0
13003,605,0
13004,594,0
13005,594,0
13006,584,0
13007,583,0
13008,597,0
13009,601,0
13010,597,0
13011,593,0
13012,598,0
13013,607,0
13014,590,0
13015,594,0
13016,592,0
13017,606,0
13018,595,0
13019,599,0
13020,599,0
13021,593,0
13022,593,0
13023,603,0
13024,595,0
13025,602,0
13026,600,0
13027,595,0
13028,594,0
13029,588,0
13030,594,0
13031,601,0
13032,601,0
13033,593,0
13034,602,0
13035,600,0
13036,597,0
13037,596,0
13038,583,0
13039,594,0
13040,595,0
13041,601,0
13042,599,0
13043,605,0
13044,594,0
13045,589,0
13046,599,0
13047,595,0
13048,596,0
13049,599,0
13050,591,0
13051,591,0
13052,594,0
13053,600,0
13054,591,0
13055,604,0
13056,596,0
13057,598,0
13058,594,0
13059,597,0
13060,596,0
13061,603,0
13062,595,0
13063,596,0
13064,590,0
13065,599,0
13066,593,0
13067,602,0
13068,601,0
13069,599,0
13070,595,0
13071,596,0
13072,599,0
13073,591,0
13074,593,0
13075,603,0
13076,595,0
13077,598,0
13078,590,0
13079,602,0
13080,591,0
13081,596,0
13082,612,0
13083,606,0
13084,603,0
13085,592,0
13086,603,0
13087,602,0
13088,594,0
13089,595,0
13090,609,0
13091,592,0
13092,602,0
13093,598,0
13094,603,0
13095,602,0
13096,598,0
13097,604,0
13098,599,0
13099,595,0
13100,597,0
13101,597,0
13102,598,0
13103,595,0
13104,594,0
13105,589,0
13106,591,0
13107,591,0
13108,596,0
13109,600,0
13110,604,0
13111,599,0
13112,601,0
13113,597,0
13114,595,0
13115,600,0
13116,601,0
13117,593,0
13118,608,0
13119,588,0
13120,602,0
13121,592,0
13122,605,0
13123,602,0
13124,597,0
13125,591,0
13126,586,0
13127,605,0
13128,594,0
13129,594,0
13130,587,0
13131,599,0
13132,594,0
13133,602,0
13134,594,0
13135,600,0
13136,594,0
13137,601,0
13138,597,0
13139,597,0
13140,601,0
13141,593,0
13142,597,0
13143,589,0
13144,600,0
13145,589,0
13146,601,0
13147,605,0
13148,595,0
13149,604,0
13150,591,0
13151,593,0
13152,596,0
13153,603,0
13154,601,0
13155,601,0
13156,592,0
13157,591,0
13158,595,0
13159,601,0
13160,600,0
13161,600,0
13162,597,0
13163,599,0
13164,599,0
13165,605,0
13166,586,0
13167,597,0
13168,586,0
13169,599,0
13170,602,0
13171,592,0
13172,600,0
13173,600,0
13174,597,0
13175,605,0
13176,594,0
13177,599,0
13178,597,0
13179,593,0
13180,607,0
13181,597,0
13182,596,0
13183,591,0
13184,595,0
13185,597,0
13186,601,0
13187,592,0
13188,598,0
13189,601,0
13190,605,0
13191,601,0
13192,599,0
13193,592,0
13194,601,0
13195,596,0
13196,594,0
13197,604,0
13198,597,0
13199,601,0
13200,608,0
13201,594,0
13202,601,0
13203,598,0
13204,590,0
13205,603,0
13206,592,0
13207,606,0
13208,598,0
13209,593,0
13210,599,0
13211,587,0
13212,598,0
13213,598,0
13214,593,0
13215,604,0
13216,595,0
13217,603,0
13218,602,0
13219,601,0
13220,594,0
13221,603,0
13222,585,0
13223,604,0
13224,600,0
13225,607,0
13226,594,0
13227,606,0
13228,603,0
13229,600,0
13230,595,0
13231,596,0
13232,599,0
13233,594,0
13234,590,0
13235,592,0
13236,601,0
13237,591,0
13238,592,0
13239,603,0
13240,602,0
13241,589,0
13242,596,0
13243,604,0
13244,599,0
13245,602,0
13246,601,0
13247,590,0
13248,600,0
13249,612,0
13250,597,0
13251,599,0
13252,590,0
13253,601,0
13254,593,0
13255,599,0
13256,601,0
13257,592,0
13258,595,0
13259,590,0
13260,600,0
13261,597,0
13262,595,0
13263,598,0
13264,595,0
13265,604,0
13266,597,0
13267,598,0
13268,593,0
13269,594,0
13270,591,0
13271,603,0
13272,606,0
13273,597,0
13274,596,0
13275,598,0
13276,592,0
13277,598,0
13278,597,0
13279,593,0
13280,605,0
13281,604,0
13282,606,0
13283,599,0
13284,595,0
13285,602,0
13286,593,0
13287,599,0
13288,606,0
13289,598,0
13290,597,0
13291,599,0
13292,602,0
13293,596,0
13294,600,0
13295,595,0
13296,594,0
13297,599,0
13298,595,0
13299,606,0
13300,597,0
13301,596,0
13302,600,0
13303,596,0
13304,597,0
13305,608,0
13306,584,0
13307,599,0
13308,594,0
13309,595,0
13310,592,0
13311,601,0
13312,598,0
13313,604,0
13314,592,0
13315,602,0
13316,597,0
13317,598,0
13318,609,0
13319,598,0
13320,599,0
13321,595,0
13322,600,0
13323,600,0
13324,600,0
13325,594,0
13326,596,0
13327,594,0
13328,594,0
13329,599,0
13330,603,0
13331,601,0
13332,596,0
13333,602,0
13334,595,0
13335,590,0
13336,594,0
13337,597,0
13338,596,0
13339,599,0
13340,593,0
13341,597,0
13342,593,0
13343,597,0
13344,605,0
13345,594,0
13346,607,0
13347,603,0
13348,592,0
13349,598,0
13350,594,0
13351,594,0
13352,597,0
13353,603,0
13354,594,0
13355,597,0
13356,600,0
13357,594,0
13358,598,0
13359,597,0
13360,599,0
13361,595,0
13362,594,0
13363,601,0
13364,609,0
13365,599,0
13366,597,0
13367,599,0
13368,598,0
13369,594,0
13370,597,0
13371,606,0
13372,595,0
13373,601,0
13374,593,0
13375,590,0
13376,596,0
13377,597,0
13378,603,0
13379,594,0
13380,596,0
13381,596,0
13382,598,0
13383,601,0
13384,590,0
13385,607,0
13386,599,0
13387,597,0
13388,606,0
13389,602,0
13390,595,0
13391,602,0
13392,599,0
13393,593,0
13394,590,0
13395,596,0
13396,596,0
13397,601,0
13398,596,0
13399,601,0
13400,601,0
13401,590,0
13402,588,0
13403,597,0
13404,602,0
13405,591,0
13406,600,0
13407,602,0
13408,599,0
13409,598,0
13410,597,0
13411,602,0
13412,605,0
13413,600,0
13414,604,0
13415,596,0
13416,589,0
13417,600,0
13418,595,0
13419,600,0
13420,597,0
13421,595,0
13422,595,0
13423,602,0
13424,597,0
13425,601,0
13426,593,0
13427,598,0
13428,588,0
13429,596,0
13430,606,0
13431,603,0
13432,603,0
13433,599,0
13434,598,0
13435,604,0
13436,589,0
13437,602,0
13438,598,0
13439,598,0
13440,597,0
13441,602,0
13442,595,0
13443,606,0
13444,600,0
13445,596,0
13446,594,0
13447,598,0
13448,600,0
13449,602,0
13450,602,0
13451,594,0
13452,604,0
13453,602,0
13454,587,0
13455,598,0
13456,598,0
13457,598,0
13458,601,0
13459,599,0
13460,605,0
13461,593,0
13462,608,0
13463,595,0
13464,606,0
13465,598,0
13466,599,0
13467,587,0
13468,600,0
13469,592,0
13470,596,0
13471,592,0
13472,594,0
13473,596,0
13474,595,0
13475,600,0
13476,597,0
13477,597,0
13478,594,0
13479,600,0
13480,588,0
13481,602,0
13482,600,0
13483,593,0
13484,610,0
13485,604,0
13486,596,0
13487,596,0
13488,590,0
13489,595,0
13490,610,0
13491,604,0
13492,598,0
13493,602,0
13494,596,0
13495,599,0
13496,592,0
13497,598,0
13498,601,0
13499,595,0
13500,591,0
13501,598,0
13502,595,0
13503,597,0
13504,602,0
13505,608,0
13506,591,0
13507,594,0
13508,590,0
13509,594,0
13510,593,0
13511,601,0
13512,596,0
13513,596,0
13514,594,0
13515,591,0
13516,601,0
13517,600,0
13518,604,0
13519,591,0
13520,596,0
13521,594,0
13522,606,0
13523,598,0
13524,605,0
13525,600,0
13526,601,0
13527,594,0
13528,593,0
13529,591,0
13530,598,0
13531,603,0
13532,598,0
13533,600,0
13534,601,0
13535,602,0
13536,594,0
13537,591,0
13538,592,0
13539,600,0
13540,596,0
13541,608,0
13542,586,0
13543,603,0
13544,607,0
13545,612,0
13546,600,0
13547,590,0
13548,604,0
13549,597,0
13550,604,0
13551,596,0
13552,599,0
13553,602,0
13554,598,0
13555,601,0
13556,600,0
13557,592,0
13558,599,0
13559,599,0
13560,607,0
13561,598,0
13562,592,0
13563,597,0
13564,596,0
13565,594,0
13566,594,0
13567,599,0
13568,604,0
13569,596,0
13570,594,0
13571,595,0
13572,596,0
13573,601,0
13574,600,0
13575,604,0
13576,596,0
13577,600,0
13578,601,0
13579,593,0
13580,596,0
13581,604,0
13582,606,0
13583,603,0
13584,603,0
13585,597,0
13586,601,0
13587,606,0
13588,596,0
13589,593,0
13590,596,0
13591,594,0
13592,595,0
13593,601,0
13594,604,0
13595,599,0
13596,590,0
13597,604,0
13598,600,0
13599,598,0
13600,594,0
13601,595,0
13602,603,0
13603,600,0
13604,600,0
13605,605,0
13606,594,0
13607,601,0
13608,599,0
13609,603,0
13610,598,0
13611,598,0
13612,602,0
13613,596,0
13614,598,0
13615,589,0
13616,599,0
13617,596,0
13618,602,0
13619,600,0
13620,612,0
13621,605,0
13622,602,0
13623,603,0
13624,603,0
13625,598,0
13626,597,0
13627,591,0
13628,600,0
13629,591,0
13630,594,0
13631,601,0
13632,598,0
13633,596,0
13634,597,0
13635,607,0
13636,601,0
13637,605,0
13638,588,0
13639,597,0
13640,594,0
13641,605,0
13642,599,0
13643,601,0
13644,593,0
13645,597,0
13646,598,0
13647,597,0
13648,594,0
13649,601,0
13650,609,0
13651,600,0
13652,603,0
13653,603,0
13654,594,0
13655,602,0
13656,604,0
13657,599,0
13658,601,0
13659,607,0
13660,592,0
13661,603,0
13662,598,0
13663,606,0
13664,595,0
13665,601,0
13666,602,0
13667,595,0
13668,599,0
13669,584,0
13670,604,0
13671,603,0
13672,592,0
13673,608,0
13674,601,0
13675,601,0
13676,594,0
13677,599,0
13678,599,0
13679,605,0
13680,605,0
13681,601,0
13682,602,0
13683,592,0
13684,602,0
13685,601,0
13686,604,0
13687,593,0
13688,597,0
13689,605,0
13690,607,0
13691,597,0
13692,597,0
13693,598,0
13694,594,0
13695,601,0
13696,594,0
13697,604,0
13698,609,0
13699,600,0
13700,599,0
13701,590,0
13702,598,0
13703,604,0
13704,595,0
13705,603,0
13706,598,0
13707,602,0
13708,594,0
13709,603,0
13710,598,0
13711,599,0
13712,587,0
13713,603,0
13714,604,0
13715,598,0
13716,599,0
13717,596,0
13718,602,0
13719,604,0
13720,603,0
13721,593,0
13722,600,0
13723,594,0
13724,598,0
13725,594,0
13726,595,0
13727,602,0
13728,605,0
13729,595,0
13730,598,0
13731,604,0
13732,604,0
13733,604,0
13734,597,0
13735,596,0
13736,593,0
13737,600,0
13738,591,0
13739,604,0
13740,598,0
13741,606,0
13742,589,0
13743,592,0
13744,601,0
13745,599,0
13746,603,0
13747,603,0
13748,595,0
13749,597,0
13750,596,0
13751,584,0
13752,599,0
13753,604,0
13754,597,0
13755,601,0
13756,595,0
13757,605,0
13758,591,0
13759,600,0
13760,592,0
13761,607,0
13762,592,0
13763,597,0
13764,598,0
13765,597,0
13766,601,0
13767,599,0
13768,608,0
13769,603,0
13770,603,0
13771,598,0
13772,586,0
13773,596,0
13774,589,0
13775,601,0
13776,603,0
13777,589,0
13778,604,0
13779,602,0
13780,605,0
13781,594,0
13782,600,0
13783,609,0
13784,593,0
13785,605,0
13786,593,0
13787,603,0
13788,600,0
13789,601,0
13790,602,0
13791,605,0
13792,599,0
13793,602,0
13794,598,0
13795,603,0
13796,599,0
13797,606,0
13798,602,0
13799,600,0
13800,597,0
13801,597,0
13802,592,0
13803,599,0
13804,595,0
13805,587,0
13806,602,0
13807,601,0
13808,599,0
13809,604,0
13810,594,0
13811,600,0
13812,597,0
13813,599,0
13814,599,0
13815,598,0
13816,599,0
13817,599,0
13818,596,0
13819,604,0
13820,597,0
13821,598,0
13822,609,0
13823,601,0
13824,601,0
13825,605,0
13826,602,0
13827,600,0
13828,607,0
13829,602,0
13830,593,0
13831,596,0
13832,596,0
13833,601,0
13834,604,0
13835,596,0
13836,604,0
13837,600,0
13838,600,0
13839,601,0
13840,610,0
13841,595,0
13842,600,0
13843,598,0
13844,598,0
13845,611,0
13846,601,0
13847,596,0
13848,599,0
13849,605,0
13850,607,0
13851,606,0
13852,589,0
13853,598,0
13854,610,0
13855,595,0
13856,604,0
13857,600,0
13858,595,0
13859,606,0
13860,603,0
13861,592,0
13862,591,0
13863,605,0
13864,596,0
13865,599,0
13866,604,0
13867,596,0
13868,593,0
13869,597,0
13870,601,0
13871,602,0
13872,599,0
13873,603,0
13874,601,0
13875,595,0
13876,594,0
13877,600,0
13878,595,0
13879,592,0
13880,603,0
13881,596,0
13882,600,0
13883,609,0
13884,599,0
13885,598,0
13886,596,0
13887,599,0
13888,594,0
13889,601,0
13890,602,0
13891,603,0
13892,605,0
13893,604,0
13894,604,0
13895,601,0
13896,596,0
13897,601,0
13898,601,0
13899,603,0
13900,610,0
13901,604,0
13902,594,0
13903,598,0
13904,611,0
13905,599,0
13906,593,0
13907,607,0
13908,600,0
13909,604,0
13910,586,0
13911,594,0
13912,595,0
13913,600,0
13914,604,0
13915,590,0
13916,598,0
13917,603,0
13918,593,0
13919,603,0
13920,601,0
13921,600,0
13922,601,0
13923,598,0
13924,600,0
13925,598,0
13926,595,0
13927,609,0
13928,595,0
13929,597,0
13930,605,0
13931,598,0
13932,599,0
13933,603,0
13934,590,0
13935,595,0
13936,598,0
13937,599,0
13938,610,0
13939,598,0
13940,605,0
13941,609,0
13942,602,0
13943,601,0
13944,598,0
13945,603,0
13946,599,0
13947,595,0
13948,602,0
13949,597,0
13950,595,0
13951,607,0
13952,603,0
13953,602,0
13954,611,0
13955,602,0
13956,602,0
13957,602,0
13958,599,0
13959,598,0
13960,585,0
13961,597,0
13962,592,0
13963,605,0
13964,596,0
13965,595,0
13966,599,0
13967,607,0
13968,601,0
13969,600,0
13970,599,0
13971,591,0
13972,598,0
13973,585,0
13974,599,0
13975,592,0
13976,600,0
13977,599,0
13978,601,0
13979,597,0
13980,596,0
13981,587,0
13982,603,0
13983,597,0
13984,597,0
13985,597,0
13986,599,0
13987,589,0
13988,602,0
13989,597,0
13990,599,0
13991,611,0
13992,600,0
13993,600,0
13994,605,0
13995,597,0
13996,607,0
13997,603,0
13998,597,0
13999,598,0
14000,601,0
14001,592,0
14002,594,0
14003,610,0
14004,601,0
14005,590,0
14006,606,0
14007,600,0
14008,595,0
14009,597,0
14010,604,0
14011,601,0
14012,604,0
14013,595,0
14014,599,0
14015,599,0
14016,599,0
14017,603,0
14018,603,0
14019,615,0
14020,598,0
14021,596,0
14022,596,0
14023,593,0
14024,605,0
14025,597,0
14026,599,0
14027,602,0
14028,599,0
14029,584,0
14030,596,0
14031,601,0
14032,594,0
14033,600,0
14034,596,0
14035,608,0
14036,600,0
14037,588,0
14038,609,0
14039,606,0
14040,610,0
14041,607,0
14042,597,0
14043,602,0
14044,594,0
14045,607,0
14046,602,0
14047,600,0
14048,611,0
14049,598,0
14050,606,0
14051,597,0
14052,606,0
14053,604,0
14054,600,0
14055,594,0
14056,595,0
14057,599,0
14058,606,0
14059,600,0
14060,603,0
14061,594,0
14062,604,0
14063,595,0
14064,600,0
14065,598,0
14066,587,0
14067,600,0
14068,603,0
14069,601,0
14070,595,0
14071,603,0
14072,602,0
14073,598,0
14074,599,0
14075,603,0
14076,593,0
14077,596,0
14078,600,0
14079,605,0
14080,595,0
14081,605,0
14082,602,0
14083,610,0
14084,598,0
14085,601,0
14086,594,0
14087,599,0
14088,599,0
14089,601,0
14090,606,0
14091,595,0
14092,589,0
14093,608,0
14094,602,0
14095,608,0
14096,597,0
14097,599,0
14098,590,0
14099,597,0
14100,600,0
14101,604,0
14102,606,0
14103,594,0
14104,602,0
14105,590,0
14106,590,0
14107,600,0
14108,595,0
14109,594,0
14110,601,0
14111,596,0
14112,605,0
14113,602,0
14114,591,0
14115,604,0
14116,596,0
14117,600,0
14118,593,0
14119,605,0
14120,605,0
14121,598,0
14122,605,0
14123,597,0
14124,606,0
14125,599,0
14126,597,0
14127,594,0
14128,597,0
14129,595,0
14130,602,0
14131,597,0
14132,607,0
14133,599,0
14134,591,0
14135,606,0
14136,601,0
14137,599,0
14138,605,0
14139,594,0
14140,591,0
14141,601,0
14142,598,0
14143,604,0
14144,596,0
14145,599,0
14146,608,0
14147,600,0
14148,599,0
14149,592,0
14150,602,0
14151,598,0
14152,596,0
14153,606,0
14154,594,0
14155,602,0
14156,596,0
14157,601,0
14158,596,0
14159,605,0
14160,592,0
14161,593,0
14162,595,0
14163,606,0
14164,600,0
14165,597,0
14166,590,0
14167,600,0
14168,592,0
14169,600,0
14170,607,0
14171,598,0
14172,617,0
14173,600,0
14174,598,0
14175,606,0
14176,608,0
14177,600,0
14178,605,0
14179,602,0
14180,607,0
14181,596,0
14182,600,0
14183,604,0
14184,601,0
14185,598,0
14186,605,0
14187,604,0
14188,603,0
14189,606,0
14190,590,0
14191,608,0
14192,592,0
14193,598,0
14194,602,0
14195,607,0
14196,597,0
14197,606,0
14198,593,0
14199,599,0
14200,602,0
14201,599,0
14202,601,0
14203,600,0
14204,605,0
14205,603,0
14206,600,0
14207,602,0
14208,594,0
14209,601,0
14210,601,0
14211,597,0
14212,599,0
14213,604,0
14214,603,0
14215,596,0
14216,598,0
14217,599,0
14218,611,0
14219,603,0
14220,598,0
14221,599,0
14222,600,0
14223,601,0
14224,595,0
14225,603,0
14226,603,0
14227,611,0
14228,597,0
14229,601,0
14230,596,0
14231,593,0
14232,600,0
14233,596,0
14234,590,0
14235,597,0
14236,600,0
14237,596,0
14238,603,0
14239,600,0
14240,604,0
14241,601,0
14242,597,0
14243,594,0
14244,595,0
14245,601,0
14246,598,0
14247,601,0
14248,592,0
14249,603,0
14250,603,0
14251,608,0
14252,603,0
14253,604,0
14254,597,0
14255,590,0
14256,602,0
14257,593,0
14258,603,0
14259,599,0
14260,604,0
14261,594,0
14262,601,0
14263,592,0
14264,602,0
14265,600,0
14266,590,0
14267,606,0
14268,601,0
14269,600,0
14270,602,0
14271,608,0
14272,592,0
14273,600,0
14274,598,0
14275,591,0
14276,598,0
14277,603,0
14278,599,0
14279,614,0
14280,603,0
14281,589,0
14282,603,0
14283,609,0
14284,597,0
14285,594,0
14286,606,0
14287,604,0
14288,597,0
14289,593,0
14290,606,0
14291,599,0
14292,604,0
14293,606,0
14294,596,0
14295,606,0
14296,604,0
14297,596,0
14298,599,0
14299,605,0
14300,597,0
14301,603,0
14302,604,0
14303,597,0
14304,593,0
14305,599,0
14306,602,0
14307,595,0
14308,603,0
14309,597,0
14310,601,0
14311,600,0
14312,602,0
14313,603,0
14314,606,0
14315,592,0
14316,600,0
14317,596,0
14318,602,0
14319,596,0
14320,600,0
14321,592,0
14322,609,0
14323,593,0
14324,600,0
14325,600,0
14326,607,0
14327,601,0
14328,596,0
14329,609,0
14330,601,0
14331,603,0
14332,601,0
14333,598,0
14334,605,0
14335,605,0
14336,604,0
14337,612,0
14338,596,0
14339,600,0
14340,600,0
14341,597,0
14342,614,0
14343,593,0
14344,595,0
14345,601,0
14346,605,0
14347,595,0
14348,601,0
14349,596,0
14350,598,0
14351,611,0
14352,605,0
14353,598,0
14354,603,0
14355,598,0
14356,604,0
14357,600,0
14358,596,0
14359,600,0
14360,600,0
14361,600,0
14362,599,0
14363,600,0
14364,596,0
14365,602,0
14366,600,0
14367,600,0
14368,601,0
14369,600,0
14370,606,0
14371,609,0
14372,606,0
14373,603,0
14374,601,0
14375,599,0
14376,605,0
14377,596,0
14378,597,0
14379,602,0
14380,604,0
14381,592,0
14382,612,0
14383,603,0
14384,608,0
14385,596,0
14386,600,0
14387,595,0
14388,598,0
14389,602,0
14390,599,0
14391,601,0
14392,598,0
14393,605,0
14394,598,0
14395,609,0
14396,596,0
14397,594,0
14398,605,0
14399,598,0
14400,603,0
14401,602,0
14402,601,0
14403,598,0
14404,605,0
14405,610,0
14406,602,0
14407,605,0
14408,600,0
14409,593,0
14410,600,0
14411,602,0
14412,600,0
14413,602,0
14414,612,0
14415,608,0
14416,608,0
14417,599,0
14418,604,0
14419,604,0
14420,601,0
14421,599,0
14422,609,0
14423,604,0
14424,605,0
14425,599,0
14426,597,0
14427,600,0
14428,609,0
14429,615,0
14430,602,0
14431,597,0
14432,591,0
14433,601,0
14434,605,0
14435,605,0
14436,590,0
14437,600,0
14438,611,0
14439,600,0
14440,599,0
14441,594,0
14442,594,0
14443,599,0
14444,600,0
14445,608,0
14446,607,0
14447,600,0
14448,605,0
14449,609,0
14450,597,0
14451,610,0
14452,598,0
14453,602,0
14454,610,0
14455,602,0
14456,599,0
14457,604,0
14458,600,0
14459,596,0
14460,591,0
14461,612,0
14462,590,0
14463,605,0
14464,607,0
14465,600,0
14466,601,0
14467,597,0
14468,595,0
14469,598,0
14470,613,0
14471,602,0
14472,599,0
14473,600,0
14474,603,0
14475,606,0
14476,602,0
14477,602,0
14478,603,0
14479,609,0
14480,602,0
14481,607,0
14482,594,0
14483,592,0
14484,595,0
14485,609,0
14486,603,0
14487,596,0
14488,607,0
14489,605,0
14490,609,0
14491,605,0
14492,599,0
14493,599,0
14494,596,0
14495,598,0
14496,604,0
14497,597,0
14498,601,0
14499,599,0
14500,610,0
14501,597,0
14502,595,0
14503,600,0
14504,598,0
14505,607,0
14506,600,0
14507,594,0
14508,607,0
14509,606,0
14510,596,0
14511,607,0
14512,596,0
14513,605,0
14514,603,0
14515,600,0
14516,602,0
14517,604,0
14518,603,0
14519,600,0
14520,609,0
14521,595,0
14522,605,0
14523,605,0
14524,609,0
14525,606,0
14526,607,0
14527,602,0
14528,603,0
14529,609,0
14530,606,0
14531,596,0
14532,612,0
14533,602,0
14534,603,0
14535,608,0
14536,601,0
14537,598,0
14538,595,0
14539,597,0
14540,605,0
14541,598,0
14542,596,0
14543,602,0
14544,601,0
14545,590,0
14546,613,0
14547,591,0
14548,605,0
14549,601,0
14550,604,0
14551,599,0
14552,595,0
14553,600,0
14554,606,0
14555,600,0
14556,597,0
14557,605,0
14558,597,0
14559,598,0
14560,592,0
14561,595,0
14562,603,0
14563,601,0
14564,601,0
14565,601,0
14566,607,0
14567,610,0
14568,609,0
14569,604,0
14570,601,0
14571,598,0
14572,616,0
14573,598,0
14574,605,0
14575,598,0
14576,607,0
14577,606,0
14578,607,0
14579,605,0
14580,599,0
14581,606,0
14582,593,0
14583,600,0
14584,596,0
14585,600,0
14586,598,0
14587,598,0
14588,602,0
14589,601,0
14590,610,0
14591,602,0
14592,599,0
14593,598,0
14594,603,0
14595,600,0
14596,614,0
14597,601,0
14598,605,0
14599,597,0
14600,603,0
14601,601,0
14602,607,0
14603,605,0
14604,601,0
14605,608,0
14606,604,0
14607,600,0
14608,605,0
14609,601,0
14610,594,0
14611,593,0
14612,593,0
14613,600,0
14614,599,0
14615,601,0
14616,609,0
14617,611,0
14618,602,0
14619,607,0
14620,604,0
14621,600,0
14622,611,0
14623,600,0
14624,607,0
14625,601,0
14626,592,0
14627,598,0
14628,609,0
14629,604,0
14630,602,0
14631,594,0
14632,595,0
14633,608,0
14634,605,0
14635,598,0
14636,601,0
14637,604,0
14638,601,0
14639,607,0
14640,610,0
14641,603,0
14642,609,0
14643,600,0
14644,602,0
14645,604,0
14646,607,0
14647,603,0
14648,602,0
14649,607,0
14650,604,0
14651,603,0
14652,602,0
14653,602,0
14654,599,0
14655,607,0
14656,602,0
14657,603,0
14658,604,0
14659,602,0
14660,603,0
14661,600,0
14662,608,0
14663,602,0
14664,602,0
14665,609,0
14666,610,0
14667,607,0
14668,600,0
14669,604,0
14670,597,0
14671,617,0
14672,600,0
14673,596,0
14674,612,0
14675,606,0
14676,602,0
14677,606,0
14678,597,0
14679,601,0
14680,600,0
14681,603,0
14682,599,0
14683,611,0
14684,597,0
14685,606,0
14686,597,0
14687,600,0
14688,602,0
14689,593,0
14690,602,0
14691,599,0
14692,601,0
14693,606,0
14694,604,0
14695,598,0
14696,596,0
14697,605,0
14698,592,0
14699,597,0
14700,600,0
14701,603,0
14702,608,0
14703,605,0
14704,604,0
14705,596,0
14706,601,0
14707,593,0
14708,605,0
14709,609,0
14710,601,0
14711,604,0
14712,612,0
14713,600,0
14714,603,0
14715,602,0
14716,603,0
14717,592,0
14718,604,0
14719,597,0
14720,589,0
14721,601,0
14722,602,0
14723,597,0
14724,602,0
14725,602,0
14726,594,0
14727,593,0
14728,607,0
14729,603,0
14730,608,0
14731,603,0
14732,606,0
14733,604,0
14734,599,0
14735,617,0
14736,612,0
14737,605,0
14738,597,0
14739,600,0
14740,593,0
14741,603,0
14742,609,0
14743,607,0
14744,599,0
14745,601,0
14746,603,0
14747,593,0
14748,607,0
14749,617,0
14750,613,0
14751,607,0
14752,600,0
14753,603,0
14754,602,0
14755,604,0
14756,609,0
14757,598,0
14758,600,0
14759,607,0
14760,598,0
14761,606,0
14762,606,0
14763,602,0
14764,589,0
14765,596,0
14766,594,0
14767,605,0
14768,607,0
14769,606,0
14770,597,0
14771,608,0
14772,602,0
14773,610,0
14774,600,0
14775,602,0
14776,608,0
14777,598,0
14778,595,0
14779,606,0
14780,602,0
14781,594,0
14782,600,0
14783,602,0
14784,600,0
14785,603,0
14786,605,0
14787,612,0
14788,598,0
14789,599,0
14790,603,0
14791,606,0
14792,608,0
14793,607,0
14794,604,0
14795,607,0
14796,604,0
14797,602,0
14798,605,0
14799,602,0
14800,616,0
14801,602,0
14802,608,0
14803,589,0
14804,606,0
14805,604,0
14806,605,0
14807,604,0
14808,608,0
14809,605,0
14810,604,0
14811,606,0
14812,601,0
14813,605,0
14814,603,0
14815,606,0
14816,607,0
14817,610,0
14818,595,0
14819,597,0
14820,598,0
14821,607,0
14822,604,0
14823,601,0
14824,601,0
14825,603,0
14826,602,0
14827,614,0
14828,609,0
14829,599,0
14830,595,0
14831,602,0
14832,604,0
14833,610,0
14834,606,0
14835,598,0
14836,603,0
14837,598,0
14838,604,0
14839,614,0
14840,615,0
14841,595,0
14842,610,0
14843,597,0
14844,595,0
14845,606,0
14846,604,0
14847,602,0
14848,603,0
14849,605,0
14850,602,0
14851,595,0
14852,599,0
14853,605,0
14854,604,0
14855,607,0
14856,603,0
14857,593,0
14858,607,0
14859,598,0
14860,608,0
14861,607,0
14862,611,0
14863,601,0
14864,606,0
14865,609,0
14866,598,0
14867,605,0
14868,600,0
14869,596,0
14870,603,0
14871,601,0
14872,612,0
14873,604,0
14874,611,0
14875,612,0
14876,608,0
14877,606,0
14878,602,0
14879,602,0
14880,603,0
14881,601,0
14882,600,0
14883,610,0
14884,607,0
14885,611,0
14886,597,0
14887,603,0
14888,599,0
14889,597,0
14890,603,0
14891,602,0
14892,606,0
14893,611,0
14894,602,0
14895,604,0
14896,601,0
14897,609,0
14898,613,0
14899,611,0
14900,610,0
14901,599,0
14902,604,0
14903,609,0
14904,605,0
14905,600,0
14906,606,0
14907,593,0
14908,605,0
14909,608,0
14910,601,0
14911,597,0
14912,608,0
14913,610,0
14914,605,0
14915,608,0
14916,605,0
14917,607,0
14918,601,0
14919,600,0
14920,610,0
14921,600,0
14922,601,0
14923,606,0
14924,598,0
14925,602,0
14926,592,0
14927,610,0
14928,602,0
14929,603,0
14930,602,0
14931,607,0
14932,597,0
14933,595,0
14934,597,0
14935,605,0
14936,597,0
14937,605,0
14938,601,0
14939,610,0
14940,613,0
14941,602,0
14942,605,0
14943,595,0
14944,599,0
14945,599,0
14946,612,0
14947,597,0
14948,604,0
14949,609,0
14950,597,0
14951,600,0
14952,609,0
14953,604,0
14954,603,0
14955,604,0
14956,598,0
14957,605,0
14958,606,0
14959,597,0
14960,608,0
14961,603,0
14962,598,0
14963,603,0
14964,604,0
14965,605,0
14966,610,0
14967,592,0
14968,608,0
14969,599,0
14970,605,0
14971,602,0
14972,607,0
14973,604,0
14974,614,0
14975,601,0
14976,607,0
14977,605,0
14978,606,0
14979,599,0
14980,605,0
14981,602,0
14982,602,0
14983,615,0
14984,601,0
14985,601,0
14986,596,0
14987,614,0
14988,599,0
14989,600,0
14990,601,0
14991,600,0
14992,613,0
14993,606,0
14994,601,0
14995,602,0
14996,606,0
14997,604,0
14998,611,0
14999,600,0
15000,604,0
15001,603,0
15002,607,0
15003,602,0
15004,600,0
15005,610,0
15006,596,0
15007,608,0
15008,602,0
15009,613,0
15010,601,0
15011,607,0
15012,606,0
15013,605,0
15014,604,0
15015,607,0
15016,599,0
15017,606,0
15018,603,0
15019,598,0
15020,611,0
15021,611,0
15022,601,0
15023,607,0
15024,604,0
15025,616,0
15026,604,0
15027,605,0
15028,602,0
15029,601,0
15030,610,0
15031,590,0
15032,606,0
15033,603,0
15034,602,0
15035,611,0
15036,611,0
15037,604,0
15038,596,0
15039,603,0
15040,595,0
15041,600,0
15042,601,0
15043,607,0
15044,607,0
15045,590,0
15046,606,0
15047,604,0
15048,608,0
15049,602,0
15050,607,0
15051,595,0
15052,603,0
15053,600,0
15054,613,0
15055,602,0
15056,611,0
15057,601,0
15058,597,0
15059,604,0
15060,601,0
15061,615,0
15062,606,0
15063,599,0
15064,609,0
15065,599,0
15066,606,0
15067,600,0
15068,602,0
15069,613,0
15070,597,0
15071,602,0
15072,603,0
15073,600,0
15074,597,0
15075,599,0
15076,602,0
15077,602,0
15078,606,0
15079,612,0
15080,604,0
15081,598,0
15082,606,0
15083,608,0
15084,600,0
15085,611,0
15086,599,0
15087,612,0
15088,608,0
15089,595,0
15090,605,0
15091,607,0
15092,610,0
15093,601,0
15094,604,0
15095,609,0
15096,596,0
15097,606,0
15098,600,0
15099,604,0
15100,601,0
15101,603,0
15102,600,0
15103,599,0
15104,605,0
15105,591,0
15106,601,0
15107,602,0
15108,599,0
15109,607,0
15110,602,0
15111,605,0
15112,600,0
15113,614,0
15114,600,0
15115,604,0
15116,599,0
15117,595,0
15118,613,0
15119,606,0
15120,595,0
15121,599,0
15122,606,0
15123,604,0
15124,604,0
15125,609,0
15126,594,0
15127,610,0
15128,605,0
15129,602,0
15130,605,0
15131,605,0
15132,604,0
15133,599,0
15134,599,0
15135,610,0
15136,598,0
15137,605,0
15138,610,0
15139,608,0
15140,604,0
15141,601,0
15142,601,0
15143,602,0
15144,604,0
15145,607,0
15146,603,0
15147,603,0
15148,604,0
15149,605,0
15150,588,0
15151,599,0
15152,614,0
15153,595,0
15154,601,0
15155,604,0
15156,605,0
15157,610,0
15158,596,0
15159,606,0
15160,597,0
15161,607,0
15162,596,0
15163,597,0
15164,602,0
15165,604,0
15166,603,0
15167,610,0
15168,606,0
15169,607,0
15170,602,0
15171,607,0
15172,604,0
15173,609,0
15174,598,0
15175,602,0
15176,601,0
15177,600,0
15178,602,0
15179,604,0
15180,606,0
15181,620,0
15182,609,0
15183,606,0
15184,611,0
15185,605,0
15186,604,0
15187,600,0
15188,607,0
15189,600,0
15190,606,0
15191,602,0
15192,613,0
15193,601,0
15194,611,0
15195,610,0
15196,612,0
15197,599,0
15198,614,0
15199,613,0
15200,601,0
15201,605,0
15202,611,0
15203,609,0
15204,605,0
15205,597,0
15206,595,0
15207,598,0
15208,606,0
15209,605,0
15210,604,0
15211,605,0
15212,606,0
15213,606,0
15214,612,0
15215,601,0
15216,606,0
15217,606,0
15218,599,0
15219,605,0
15220,597,0
15221,597,0
15222,606,0
15223,606,0
15224,599,0
15225,603,0
15226,604,0
15227,604,0
15228,608,0
15229,596,0
15230,600,0
15231,604,0
15232,603,0
15233,605,0
15234,605,0
15235,602,0
15236,608,0
15237,600,0
15238,609,0
15239,600,0
15240,604,0
15241,607,0
15242,612,0
15243,610,0
15244,605,0
15245,603,0
15246,611,0
15247,605,0
15248,605,0
15249,606,0
15250,602,0
15251,609,0
15252,604,0
15253,605,0
15254,608,0
15255,605,0
15256,609,0
15257,598,0
15258,604,0
15259,604,0
15260,607,0
15261,608,0
15262,595,0
15263,610,0
15264,605,0
15265,609,0
15266,602,0
15267,599,0
15268,604,0
15269,601,0
15270,612,0
15271,604,0
15272,602,0
15273,603,0
15274,598,0
15275,598,0
15276,596,0
15277,605,0
15278,608,0
15279,612,0
15280,612,0
15281,607,0
15282,596,0
15283,605,0
15284,598,0
15285,605,0
15286,603,0
15287,605,0
15288,608,0
15289,604,0
15290,606,0
15291,603,0
15292,604,0
15293,604,0
15294,606,0
15295,612,0
15296,605,0
15297,609,0
15298,604,0
15299,604,0
15300,601,0
15301,607,0
15302,605,0
15303,602,0
15304,599,0
15305,601,0
15306,597,0
15307,592,0
15308,593,0
15309,605,0
15310,611,0
15311,597,0
15312,602,0
15313,606,0
15314,611,0
15315,609,0
15316,609,0
15317,606,0
15318,608,0
15319,596,0
15320,601,0
15321,603,0
15322,604,0
15323,602,0
15324,602,0
15325,608,0
15326,605,0
15327,602,0
15328,606,0
15329,598,0
15330,614,0
15331,599,0
15332,606,0
15333,606,0
15334,598,0
15335,593,0
15336,605,0
15337,601,0
15338,614,0
15339,609,0
15340,611,0
15341,613,0
15342,594,0
15343,604,0
15344,605,0
15345,599,0
15346,604,0
15347,602,0
15348,599,0
15349,611,0
15350,592,0
15351,607,0
15352,609,0
15353,601,0
15354,610,0
15355,596,0
15356,606,0
15357,612,0
15358,604,0
15359,613,0
15360,597,0
15361,610,0
15362,606,0
15363,609,0
15364,597,0
15365,600,0
15366,607,0
15367,604,0
15368,609,0
15369,616,0
15370,615,0
15371,610,0
15372,601,0
15373,607,0
15374,610,0
15375,606,0
15376,610,0
15377,610,0
15378,604,0
15379,598,0
15380,606,0
15381,606,0
15382,602,0
15383,610,0
15384,598,0
15385,607,0
15386,612,0
15387,605,0
15388,605,0
15389,604,0
15390,601,0
15391,600,0
15392,602,0
15393,594,0
15394,596,0
15395,612,0
15396,617,0
15397,600,0
15398,596,0
15399,600,0
15400,595,0
15401,609,0
15402,598,0
15403,609,0
15404,608,0
15405,604,0
15406,604,0
15407,612,0
15408,611,0
15409,603,0
15410,613,0
15411,591,0
15412,597,0
15413,618,0
15414,603,0
15415,613,0
15416,609,0
15417,608,0
15418,613,0
15419,607,0
15420,608,0
15421,601,0
15422,599,0
15423,607,0
15424,612,0
15425,596,0
15426,607,0
15427,612,0
15428,600,0
15429,606,0
15430,602,0
15431,603,0
15432,598,0
15433,609,0
15434,611,0
15435,600,0
15436,595,0
15437,601,0
15438,604,0
15439,604,0
15440,599,0
15441,605,0
15442,609,0
15443,602,0
15444,598,0
15445,608,0
15446,601,0
15447,604,0
15448,601,0
15449,611,0
15450,603,0
15451,605,0
15452,603,0
15453,611,0
15454,603,0
15455,607,0
15456,614,0
15457,616,0
15458,598,0
15459,615,0
15460,614,0
15461,604,0
15462,602,0
15463,614,0
15464,601,0
15465,598,0
15466,601,0
15467,606,0
15468,602,0
15469,607,0
15470,604,0
15471,604,0
15472,602,0
15473,616,0
15474,602,0
15475,604,0
15476,599,0
15477,601,0
15478,606,0
15479,598,0
15480,609,0
15481,604,0
15482,597,0
15483,613,0
15484,610,0
15485,605,0
15486,604,0
15487,606,0
15488,601,0
15489,596,0
15490,607,0
15491,597,0
15492,604,0
15493,599,0
15494,604,0
15495,600,0
15496,603,0
15497,602,0
15498,606,0
15499,592,0
15500,608,0
15501,602,0
15502,608,0
15503,607,0
15504,601,0
15505,605,0
15506,606,0
15507,602,0
15508,596,0
15509,607,0
15510,614,0
15511,610,0
15512,608,0
15513,611,0
15514,606,0
15515,603,0
15516,603,0
15517,619,0
15518,601,0
15519,606,0
15520,608,0
15521,603,0
15522,601,0
15523,611,0
15524,602,0
15525,604,0
15526,603,0
15527,602,0
15528,606,0
15529,614,0
15530,605,0
15531,603,0
15532,607,0
15533,605,0
15534,607,0
15535,600,0
15536,602,0
15537,608,0
15538,604,0
15539,602,0
15540,607,0
15541,616,0
15542,606,0
15543,603,0
15544,605,0
15545,605,0
15546,603,0
15547,602,0
15548,595,0
15549,603,0
15550,602,0
15551,605,0
15552,608,0
15553,605,0
15554,604,0
15555,608,0
15556,602,0
15557,608,0
15558,601,0
15559,605,0
15560,602,0
15561,599,0
15562,611,0
15563,601,0
15564,598,0
15565,589,0
15566,603,0
15567,609,0
15568,614,0
15569,597,0
15570,598,0
15571,604,0
15572,607,0
15573,605,0
15574,601,0
15575,608,0
15576,603,0
15577,603,0
15578,605,0
15579,609,0
15580,602,0
15581,611,0
15582,607,0
15583,602,0
15584,607,0
15585,609,0
15586,613,0
15587,600,0
15588,612,0
15589,609,0
15590,603,0
15591,608,0
15592,597,0
15593,599,0
15594,608,0
15595,613,0
15596,607,0
15597,595,0
15598,602,0
15599,606,0
15600,607,0
15601,606,0
15602,607,0
15603,606,0
15604,607,0
15605,592,0
15606,602,0
15607,608,0
15608,603,0
15609,609,0
15610,600,0
15611,601,0
15612,601,0
15613,604,0
15614,615,0
15615,600,0
15616,603,0
15617,610,0
15618,596,0
15619,606,0
15620,606,0
15621,600,0
15622,610,0
15623,599,0
15624,605,0
15625,601,0
15626,601,0
15627,610,0
15628,603,0
15629,597,0
15630,600,0
15631,601,0
15632,605,0
15633,608,0
15634,608,0
15635,600,0
15636,603,0
15637,615,0
15638,598,0
15639,611,0
15640,599,0
15641,599,0
15642,600,0
15643,607,0
15644,601,0
15645,597,0
15646,605,0
15647,615,0
15648,606,0
15649,604,0
15650,611,0
15651,601,0
15652,603,0
15653,604,0
15654,608,0
15655,609,0
15656,609,0
15657,611,0
15658,607,0
15659,601,0
15660,606,0
15661,608,0
15662,597,0
15663,604,0
15664,602,0
15665,612,0
15666,607,0
15667,606,0
15668,593,0
15669,605,0
15670,611,0
15671,601,0
15672,600,0
15673,607,0
15674,607,0
15675,599,0
15676,608,0
15677,616,0
15678,599,0
15679,607,0
15680,605,0
15681,606,0
15682,609,0
15683,610,0
15684,599,0
15685,607,0
15686,604,0
15687,611,0
15688,602,0
15689,596,0
15690,596,0
15691,602,0
15692,599,0
15693,609,0
15694,606,0
15695,604,0
15696,613,0
15697,599,0
15698,606,0
15699,606,0
15700,594,0
15701,601,0
15702,604,0
15703,599,0
15704,605,0
15705,603,0
15706,613,0
15707,607,0
15708,608,0
15709,614,0
15710,605,0
15711,610,0
15712,611,0
15713,609,0
15714,596,0
15715,601,0
15716,598,0
15717,606,0
15718,599,0
15719,601,0
15720,608,0
15721,609,0
15722,602,0
15723,611,0
15724,600,0
15725,611,0
15726,604,0
15727,609,0
15728,608,0
15729,597,0
15730,599,0
15731,596,0
15732,605,0
15733,601,0
15734,608,0
15735,619,0
15736,607,0
15737,607,0
15738,600,0
15739,617,0
15740,607,0
15741,595,0
15742,601,0
15743,603,0
15744,607,0
15745,610,0
15746,608,0
15747,608,0
15748,599,0
15749,605,0
15750,606,0
15751,605,0
15752,601,0
15753,615,0
15754,605,0
15755,609,0
15756,610,0
15757,607,0
15758,610,0
15759,619,0
15760,603,0
15761,611,0
15762,603,0
15763,606,0
15764,603,0
15765,609,0
15766,608,0
15767,608,0
15768,605,0
15769,611,0
15770,601,0
15771,604,0
15772,596,0
15773,612,0
15774,611,0
15775,605,0
15776,613,0
15777,610,0
15778,614,0
15779,608,0
15780,606,0
15781,605,0
15782,602,0
15783,599,0
15784,596,0
15785,604,0
15786,603,0
15787,612,0
15788,605,0
15789,603,0
15790,609,0
15791,611,0
15792,605,0
15793,598,0
15794,604,0
15795,609,0
15796,601,0
15797,610,0
15798,604,0
15799,602,0
15800,604,0
15801,610,0
15802,603,0
15803,614,0
15804,605,0
15805,610,0
15806,606,0
15807,600,0
15808,602,0
15809,613,0
15810,603,0
15811,612,0
15812,615,0
15813,605,0
15814,606,0
15815,606,0
15816,605,0
15817,610,0
15818,604,0
15819,598,0
15820,599,0
15821,594,0
15822,607,0
15823,601,0
15824,609,0
15825,604,0
15826,599,0
15827,603,0
15828,607,0
15829,606,0
15830,602,0
15831,616,0
15832,614,0
15833,612,0
15834,613,0
15835,604,0
15836,617,0
15837,606,0
15838,610,0
15839,604,0
15840,600,0
15841,605,0
15842,591,0
15843,605,0
15844,607,0
15845,601,0
15846,606,0
15847,600,0
15848,607,0
15849,608,0
15850,604,0
15851,599,0
15852,605,0
15853,606,0
15854,602,0
15855,611,0
15856,597,0
15857,610,0
15858,605,0
15859,600,0
15860,604,0
15861,606,0
15862,611,0
15863,603,0
15864,607,0
15865,613,0
15866,599,0
15867,616,0
15868,607,0
15869,603,0
15870,599,0
15871,604,0
15872,599,0
15873,612,0
15874,610,0
15875,599,0
15876,610,0
15877,612,0
15878,612,0
15879,602,0
15880,606,0
15881,600,0
15882,603,0
15883,607,0
15884,602,0
15885,591,0
15886,610,0
15887,610,0
15888,611,0
15889,603,0
15890,611,0
15891,606,0
15892,606,0
15893,603,0
15894,611,0
15895,607,0
15896,604,0
15897,607,0
15898,610,0
15899,610,0
15900,617,0
15901,607,0
15902,608,0
15903,599,0
15904,609,0
15905,616,0
15906,604,0
15907,613,0
15908,615,0
15909,601,0
15910,602,0
15911,607,0
15912,601,0
15913,600,0
15914,596,0
15915,610,0
15916,611,0
15917,602,0
15918,597,0
15919,604,0
15920,613,0
15921,606,0
15922,612,0
15923,607,0
15924,608,0
15925,600,0
15926,608,0
15927,610,0
15928,608,0
15929,609,0
15930,600,0
15931,608,0
15932,613,0
15933,610,0
15934,604,0
15935,604,0
15936,598,0
15937,594,0
15938,612,0
15939,603,0
15940,600,0
15941,598,0
15942,604,0
15943,611,0
15944,605,0
15945,612,0
15946,610,0
15947,611,0
15948,609,0
15949,606,0
15950,605,0
15951,607,0
15952,611,0
15953,601,0
15954,600,0
15955,602,0
15956,607,0
15957,600,0
15958,604,0
15959,606,0
15960,612,0
15961,605,0
15962,611,0
15963,603,0
15964,599,0
15965,598,0
15966,603,0
15967,613,0
15968,604,0
15969,606,0
15970,610,0
15971,609,0
15972,606,0
15973,605,0
15974,599,0
15975,603,0
15976,612,0
15977,605,0
15978,611,0
15979,611,0
15980,607,0
15981,602,0
15982,608,0
15983,609,0
15984,604,0
15985,604,0
15986,610,0
15987,610,0
15988,611,0
15989,609,0
15990,613,0
15991,613,0
15992,603,0
15993,605,0
15994,602,0
15995,607,0
15996,603,0
15997,618,0
15998,608,0
15999,611,0
16000,606,0
16001,607,0
16002,607,0
16003,610,0
16004,597,0
16005,611,0
16006,592,0
16007,596,0
16008,605,0
16009,614,0
16010,606,0
16011,610,0
16012,608,0
16013,599,0
16014,602,0
16015,611,0
16016,602,0
16017,603,0
16018,614,0
16019,612,0
16020,616,0
16021,611,0
16022,600,0
16023,610,0
16024,606,0
16025,605,0
16026,616,0
16027,603,0
16028,605,0
16029,610,0
16030,609,0
16031,609,0
16032,610,0
16033,607,0
16034,613,0
16035,608,0
16036,603,0
16037,607,0
16038,607,0
16039,606,0
16040,608,0
16041,604,0
16042,608,0
16043,605,0
16044,606,0
16045,604,0
16046,608,0
16047,602,0
16048,614,0
16049,612,0
16050,606,0
16051,610,0
16052,611,0
16053,603,0
16054,608,0
16055,601,0
16056,608,0
16057,607,0
16058,614,0
16059,602,0
16060,603,0
16061,611,0
16062,607,0
16063,609,0
16064,601,0
16065,606,0
16066,610,0
16067,607,0
16068,602,0
16069,604,0
16070,604,0
16071,617,0
16072,603,0
16073,603,0
16074,601,0
16075,600,0
16076,608,0
16077,594,0
16078,610,0
16079,596,0
16080,607,0
16081,609,0
16082,604,0
16083,615,0
16084,610,0
16085,608,0
16086,597,0
16087,612,0
16088,617,0
16089,606,0
16090,607,0
16091,600,0
16092,599,0
16093,612,0
16094,611,0
16095,612,0
16096,612,0
16097,594,0
16098,607,0
16099,598,0
16100,609,0
16101,603,0
16102,592,0
16103,609,0
16104,603,0
16105,611,0
16106,605,0
16107,603,0
16108,600,0
16109,608,0
16110,609,0
16111,613,0
16112,607,0
16113,605,0
16114,607,0
16115,611,0
16116,599,0
16117,600,0
16118,615,0
16119,607,0
16120,610,0
16121,612,0
16122,609,0
16123,601,0
16124,604,0
16125,606,0
16126,605,0
16127,604,0
16128,612,0
16129,610,0
16130,603,0
16131,609,0
16132,604,0
16133,618,0
16134,601,0
16135,599,0
16136,607,0
16137,611,0
16138,603,0
16139,608,0
16140,605,0
16141,598,0
16142,607,0
16143,606,0
16144,608,0
16145,620,0
16146,609,0
16147,618,0
16148,610,0
16149,599,0
16150,608,0
16151,605,0
16152,611,0
16153,606,0
16154,597,0
16155,606,0
16156,610,0
16157,604,0
16158,598,0
16159,604,0
16160,598,0
16161,608,0
16162,595,0
16163,611,0
16164,606,0
16165,602,0
16166,615,0
16167,600,0
16168,609,0
16169,609,0
16170,604,0
16171,607,0
16172,609,0
16173,618,0
16174,597,0
16175,604,0
16176,603,0
16177,609,0
16178,607,0
16179,609,0
16180,601,0
16181,609,0
16182,609,0
16183,611,0
16184,607,0
16185,602,0
16186,610,0
16187,604,0
16188,607,0
16189,612,0
16190,613,0
16191,603,0
16192,617,0
16193,608,0
16194,605,0
16195,609,0
16196,594,0
16197,600,0
16198,606,0
16199,617,0
16200,605,0
16201,606,0
16202,600,0
16203,606,0
16204,601,0
16205,602,0
16206,605,0
16207,604,0
16208,605,0
16209,612,0
16210,607,0
16211,611,0
16212,606,0
16213,602,0
16214,603,0
16215,614,0
16216,609,0
16217,596,0
16218,614,0
16219,613,0
16220,612,0
16221,604,0
16222,609,0
16223,611,0
16224,613,0
16225,607,0
16226,605,0
16227,612,0
16228,606,0
16229,615,0
16230,608,0
16231,600,0
16232,602,0
16233,609,0
16234,608,0
16235,604,0
16236,609,0
16237,599,0
16238,605,0
16239,601,0
16240,609,0
16241,608,0
16242,617,0
16243,601,0
16244,611,0
16245,607,0
16246,602,0
16247,604,0
16248,612,0
16249,598,0
16250,596,0
16251,606,0
16252,608,0
16253,604,0
16254,605,0
16255,608,0
16256,599,0
16257,614,0
16258,611,0
16259,609,0
16260,596,0
16261,607,0
16262,597,0
16263,612,0
16264,606,0
16265,611,0
16266,603,0
16267,609,0
16268,604,0
16269,607,0
16270,614,0
16271,604,0
16272,609,0
16273,605,0
16274,616,0
16275,607,0
16276,600,0
16277,606,0
16278,607,0
16279,612,0
16280,607,0
16281,603,0
16282,600,0
16283,611,0
16284,601,0
16285,605,0
16286,610,0
16287,605,0
16288,612,0
16289,602,0
16290,615,0
16291,606,0
16292,600,0
16293,600,0
16294,606,0
16295,600,0
16296,599,0
16297,608,0
16298,612,0
16299,609,0
16300,610,0
16301,604,0
16302,610,0
16303,602,0
16304,597,0
16305,614,0
16306,605,0
16307,608,0
16308,605,0
16309,606,0
16310,598,0
16311,607,0
16312,620,0
16313,603,0
16314,613,0
16315,605,0
16316,607,0
16317,614,0
16318,609,0
16319,606,0
16320,598,0
16321,609,0
16322,613,0
16323,602,0
16324,607,0
16325,602,0
16326,603,0
16327,600,0
16328,605,0
16329,611,0
16330,605,0
16331,613,0
16332,614,0
16333,606,0
16334,608,0
16335,614,0
16336,611,0
16337,607,0
16338,600,0
16339,620,0
16340,604,0
16341,600,0
16342,612,0
16343,610,0
16344,604,0
16345,616,0
16346,605,0
16347,607,0
16348,604,0
16349,599,0
16350,609,0
16351,604,0
16352,614,0
16353,608,0
16354,603,0
16355,609,0
16356,604,0
16357,609,0
16358,605,0
16359,605,0
16360,609,0
16361,614,0
16362,612,0
16363,611,0
16364,601,0
16365,609,0
16366,608,0
16367,611,0
16368,610,0
16369,614,0
16370,600,0
16371,603,0
16372,597,0
16373,612,0
16374,609,0
16375,604,0
16376,606,0
16377,605,0
16378,618,0
16379,603,0
16380,607,0
16381,606,0
16382,603,0
16383,612,0
16384,604,0
16385,604,0
16386,602,0
16387,608,0
16388,599,0
16389,604,0
16390,608,0
16391,612,0
16392,607,0
16393,605,0
16394,599,0
16395,608,0
16396,607,0
16397,606,0
16398,613,0
16399,605,0
16400,610,0
16401,610,0
16402,614,0
16403,601,0
16404,604,0
16405,610,0
16406,610,0
16407,616,0
16408,607,0
16409,605,0
16410,598,0
16411,604,0
16412,608,0
16413,611,0
16414,603,0
16415,604,0
16416,603,0
16417,624,0
16418,618,0
16419,601,0
16420,608,0
16421,610,0
16422,612,0
16423,616,0
16424,607,0
16425,601,0
16426,614,0
16427,611,0
16428,601,0
16429,602,0
16430,609,0
16431,609,0
16432,614,0
16433,600,0
16434,605,0
16435,605,0
16436,609,0
16437,598,0
16438,603,0
16439,598,0
16440,601,0
16441,607,0
16442,599,0
16443,608,0
16444,603,0
16445,615,0
16446,608,0
16447,604,0
16448,604,0
16449,608,0
16450,613,0
16451,600,0
16452,612,0
16453,613,0
16454,611,0
16455,615,0
16456,612,0
16457,602,0
16458,615,0
16459,605,0
16460,606,0
16461,610,0
16462,609,0
16463,613,0
16464,612,0
16465,614,0
16466,607,0
16467,604,0
16468,610,0
16469,599,0
16470,609,0
16471,605,0
16472,612,0
16473,601,0
16474,606,0
16475,607,0
16476,612,0
16477,599,0
16478,611,0
16479,605,0
16480,605,0
16481,608,0
16482,603,0
16483,611,0
16484,618,0
16485,605,0
16486,608,0
16487,606,0
16488,603,0
16489,605,0
16490,612,0
16491,598,0
16492,604,0
16493,616,0
16494,611,0
16495,608,0
16496,604,0
16497,604,0
16498,611,0
16499,613,0
16500,604,0
16501,603,0
16502,614,0
16503,618,0
16504,603,0
16505,602,0
16506,617,0
16507,611,0
16508,606,0
16509,608,0
16510,606,0
16511,602,0
16512,598,0
16513,603,0
16514,614,0
16515,604,0
16516,601,0
16517,612,0
16518,612,0
16519,606,0
16520,606,0
16521,600,0
16522,614,0
16523,610,0
16524,606,0
16525,601,0
16526,605,0
16527,608,0
16528,606,0
16529,607,0
16530,603,0
16531,616,0
16532,608,0
16533,607,0
16534,610,0
16535,600,0
16536,602,0
16537,611,0
16538,605,0
16539,607,0
16540,607,0
16541,613,0
16542,612,0
16543,608,0
16544,613,0
16545,615,0
16546,604,0
16547,609,0
16548,614,0
16549,606,0
16550,611,0
16551,610,0
16552,620,0
16553,604,0
16554,614,0
16555,610,0
16556,610,0
16557,615,0
16558,612,0
16559,604,0
16560,613,0
16561,618,0
16562,603,0
16563,605,0
16564,613,0
16565,603,0
16566,613,0
16567,614,0
16568,612,0
16569,617,0
16570,610,0
16571,611,0
16572,612,0
16573,614,0
16574,613,0
16575,609,0
16576,609,0
16577,607,0
16578,603,0
16579,620,0
16580,612,0
16581,607,0
16582,603,0
16583,609,0
16584,610,0
16585,604,0
16586,601,0
16587,602,0
16588,605,0
16589,607,0
16590,603,0
16591,601,0
16592,614,0
16593,611,0
16594,606,0
16595,602,0
16596,608,0
16597,605,0
16598,611,0
16599,611,0
16600,618,0
16601,603,0
16602,608,0
16603,610,0
16604,616,0
16605,612,0
16606,612,0
16607,607,0
16608,607,0
16609,605,0
16610,609,0
16611,619,0
16612,615,0
16613,611,0
16614,605,0
16615,615,0
16616,613,0
16617,606,0
16618,611,0
16619,621,0
16620,614,0
16621,609,0
16622,619,0
16623,615,0
16624,605,0
16625,603,0
16626,602,0
16627,601,0
16628,606,0
16629,614,0
16630,608,0
16631,603,0
16632,616,0
16633,604,0
16634,611,0
16635,609,0
16636,614,0
16637,615,0
16638,612,0
16639,615,0
16640,613,0
16641,605,0
16642,602,0
16643,615,0
16644,615,0
16645,613,0
16646,604,0
16647,610,0
16648,612,0
16649,604,0
16650,602,0
16651,604,0
16652,608,0
16653,604,0
16654,598,0
16655,610,0
16656,607,0
16657,619,0
16658,603,0
16659,611,0
16660,611,0
16661,614,0
16662,615,0
16663,600,0
16664,604,0
16665,602,0
16666,609,0
16667,618,0
16668,605,0
16669,599,0
16670,605,0
16671,614,0
16672,607,0
16673,600,0
16674,601,0
16675,604,0
16676,609,0
16677,611,0
16678,605,0
16679,614,0
16680,617,0
16681,601,0
16682,613,0
16683,607,0
16684,603,0
16685,602,0
16686,605,0
16687,608,0
16688,608,0
16689,598,0
16690,605,0
16691,614,0
16692,602,0
16693,608,0
16694,604,0
16695,604,0
16696,609,0
16697,604,0
16698,613,0
16699,603,0
16700,605,0
16701,612,0
16702,602,0
16703,618,0
16704,607,0
16705,614,0
16706,601,0
16707,599,0
16708,610,0
16709,611,0
16710,602,0
16711,601,0
16712,606,0
16713,608,0
16714,605,0
16715,614,0
16716,605,0
16717,612,0
16718,611,0
16719,604,0
16720,612,0
16721,608,0
16722,613,0
16723,610,0
16724,615,0
16725,608,0
16726,606,0
16727,613,0
16728,612,0
16729,606,0
16730,607,0
16731,603,0
16732,606,0
16733,611,0
16734,602,0
16735,609,0
16736,609,0
16737,609,0
16738,609,0
16739,604,0
16740,616,0
16741,599,0
16742,608,0
16743,605,0
16744,604,0
16745,611,0
16746,607,0
16747,602,0
16748,604,0
16749,610,0
16750,606,0
16751,611,0
16752,615,0
16753,614,0
16754,612,0
16755,609,0
16756,605,0
16757,602,0
16758,608,0
16759,610,0
16760,610,0
16761,600,0
16762,614,0
16763,607,0
16764,614,0
16765,617,0
16766,610,0
16767,614,0
16768,609,0
16769,606,0
16770,604,0
16771,606,0
16772,619,0
16773,610,0
16774,598,0
16775,610,0
16776,617,0
16777,601,0
16778,605,0
16779,606,0
16780,604,0
16781,603,0
16782,611,0
16783,613,0
16784,608,0
16785,612,0
16786,615,0
16787,610,0
16788,599,0
16789,602,0
16790,609,0
16791,605,0
16792,608,0
16793,607,0
16794,617,0
16795,620,0
16796,607,0
16797,601,0
16798,606,0
16799,609,0
16800,611,0
16801,612,0
16802,606,0
16803,610,0
16804,604,0
16805,619,0
16806,606,0
16807,612,0
16808,609,0
16809,603,0
16810,606,0
16811,615,0
16812,611,0
16813,604,0
16814,594,0
16815,608,0
16816,613,0
16817,595,0
16818,613,0
16819,604,0
16820,610,0
16821,611,0
16822,612,0
16823,618,0
16824,610,0
16825,606,0
16826,615,0
16827,605,0
16828,609,0
16829,602,0
16830,601,0
16831,618,0
16832,609,0
16833,604,0
16834,605,0
16835,609,0
16836,604,0
16837,600,0
16838,606,0
16839,609,0
16840,624,0
16841,608,0
16842,613,0
16843,606,0
16844,607,0
16845,605,0
16846,613,0
16847,606,0
16848,614,0
16849,607,0
16850,607,0
16851,607,0
16852,609,0
16853,608,0
16854,616,0
16855,603,0
16856,608,0
16857,616,0
16858,610,0
16859,615,0
16860,607,0
16861,614,0
16862,609,0
16863,606,0
16864,610,0
16865,606,0
16866,612,0
16867,607,0
16868,614,0
16869,615,0
16870,613,0
16871,613,0
16872,604,0
16873,602,0
16874,621,0
16875,597,0
16876,613,0
16877,621,0
16878,599,0
16879,603,0
16880,607,0
16881,602,0
16882,613,0
16883,618,0
16884,613,0
16885,607,0
16886,603,0
16887,606,0
16888,608,0
16889,607,0
16890,611,0
16891,614,0
16892,617,0
16893,606,0
16894,609,0
16895,619,0
16896,599,0
16897,610,0
16898,614,0
16899,614,0
16900,605,0
16901,603,0
16902,603,0
16903,612,0
16904,615,0
16905,614,0
16906,602,0
16907,616,0
16908,610,0
16909,609,0
16910,609,0
16911,610,0
16912,605,0
16913,608,0
16914,611,0
16915,605,0
16916,615,0
16917,596,0
16918,608,0
16919,603,0
16920,610,0
16921,611,0
16922,609,0
16923,605,0
16924,612,0
16925,607,0
16926,613,0
16927,606,0
16928,607,0
16929,613,0
16930,610,0
16931,604,0
16932,614,0
16933,609,0
16934,607,0
16935,608,0
16936,612,0
16937,608,0
16938,607,0
16939,608,0
16940,602,0
16941,611,0
16942,604,0
16943,608,0
16944,618,0
16945,606,0
16946,599,0
16947,610,0
16948,605,0
16949,612,0
16950,610,0
16951,607,0
16952,613,0
16953,604,0
16954,614,0
16955,613,0
16956,612,0
16957,617,0
16958,611,0
16959,608,0
16960,611,0
16961,616,0
16962,617,0
16963,607,0
16964,600,0
16965,611,0
16966,608,0
16967,609,0
16968,608,0
16969,603,0
16970,601,0
16971,603,0
16972,604,0
16973,610,0
16974,610,0
16975,607,0
16976,599,0
16977,606,0
16978,606,0
16979,604,0
16980,614,0
16981,615,0
16982,611,0
16983,612,0
16984,616,0
16985,614,0
16986,603,0
16987,611,0
16988,601,0
16989,611,0
16990,609,0
16991,617,0
16992,610,0
16993,621,0
16994,608,0
16995,607,0
16996,611,0
16997,617,0
16998,612,0
16999,607,0
17000,611,0
17001,606,0
17002,616,0
17003,608,0
17004,612,0
17005,607,0
17006,611,0
17007,603,0
17008,611,0
17009,606,0
17010,605,0
17011,605,0
17012,605,0
17013,609,0
17014,603,0
17015,603,0
17016,604,0
17017,609,0
17018,607,0
17019,605,0
17020,609,0
17021,615,0
17022,610,0
17023,610,0
17024,610,0
17025,608,0
17026,612,0
17027,607,0
17028,609,0
17029,606,0
17030,606,0
17031,610,0
17032,605,0
17033,609,0
17034,613,0
17035,615,0
17036,615,0
17037,614,0
17038,617,0
17039,616,0
17040,613,0
17041,611,0
17042,607,0
17043,612,0
17044,620,0
17045,603,0
17046,615,0
17047,603,0
17048,616,0
17049,608,0
17050,608,0
17051,599,0
17052,613,0
17053,607,0
17054,602,0
17055,610,0
17056,615,0
17057,611,0
17058,611,0
17059,613,0
17060,606,0
17061,618,0
17062,614,0
17063,599,0
17064,612,0
17065,607,0
17066,611,0
17067,605,0
17068,609,0
17069,612,0
17070,609,0
17071,607,0
17072,600,0
17073,610,0
17074,612,0
17075,608,0
17076,615,0
17077,610,0
17078,612,0
17079,609,0
17080,610,0
17081,613,0
17082,608,0
17083,612,0
17084,607,0
17085,613,0
17086,607,0
17087,610,0
17088,609,0
17089,608,0
17090,610,0
17091,619,0
17092,612,0
17093,615,0
17094,609,0
17095,609,0
17096,614,0
17097,617,0
17098,612,0
17099,609,0
17100,607,0
17101,603,0
17102,606,0
17103,611,0
17104,607,0
17105,616,0
17106,619,0
17107,614,0
17108,605,0
17109,613,0
17110,605,0
17111,602,0
17112,620,0
17113,608,0
17114,608,0
17115,607,0
17116,607,0
17117,614,0
17118,611,0
17119,614,0
17120,616,0
17121,614,0
17122,610,0
17123,611,0
17124,606,0
17125,602,0
17126,611,0
17127,610,0
17128,610,0
17129,607,0
17130,613,0
17131,611,0
17132,607,0
17133,613,0
17134,607,0
17135,613,0
17136,606,0
17137,606,0
17138,618,0
17139,605,0
17140,610,0
17141,616,0
17142,602,0
17143,609,0
17144,616,0
17145,602,0
17146,607,0
17147,615,0
17148,616,0
17149,619,0
17150,612,0
17151,605,0
17152,605,0
17153,606,0
17154,607,0
17155,612,0
17156,608,0
17157,598,0
17158,609,0
17159,611,0
17160,613,0
17161,608,0
17162,609,0
17163,620,0
17164,600,0
17165,605,0
17166,607,0
17167,603,0
17168,606,0
17169,607,0
17170,602,0
17171,621,0
17172,608,0
17173,609,0
17174,609,0
17175,612,0
17176,607,0
17177,599,0
17178,607,0
17179,608,0
17180,614,0
17181,607,0
17182,606,0
17183,613,0
17184,598,0
17185,609,0
17186,609,0
17187,610,0
17188,607,0
17189,602,0
17190,609,0
17191,604,0
17192,610,0
17193,605,0
17194,609,0
17195,605,0
17196,602,0
17197,604,0
17198,610,0
17199,618,0
17200,610,0
17201,620,0
17202,616,0
17203,605,0
17204,607,0
17205,599,0
17206,608,0
17207,607,0
17208,614,0
17209,608,0
17210,607,0
17211,608,0
17212,608,0
17213,609,0
17214,611,0
17215,612,0
17216,604,0
17217,606,0
17218,613,0
17219,607,0
17220,602,0
17221,597,0
17222,617,0
17223,605,0
17224,615,0
17225,615,0
17226,601,0
17227,606,0
17228,613,0
17229,607,0
17230,603,0
17231,605,0
17232,614,0
17233,613,0
17234,619,0
17235,608,0
17236,623,0
17237,611,0
17238,602,0
17239,610,0
17240,609,0
17241,613,0
17242,609,0
17243,606,0
17244,609,0
17245,609,0
17246,604,0
17247,602,0
17248,605,0
17249,611,0
17250,609,0
17251,611,0
17252,601,0
17253,613,0
17254,599,0
17255,605,0
17256,616,0
17257,601,0
17258,603,0
17259,613,0
17260,602,0
17261,606,0
17262,603,0
17263,610,0
17264,620,0
17265,609,0
17266,605,0
17267,596,0
17268,614,0
17269,603,0
17270,599,0
17271,615,0
17272,607,0
17273,613,0
17274,609,0
17275,612,0
17276,611,0
17277,616,0
17278,605,0
17279,604,0
17280,608,0
17281,606,0
17282,618,0
17283,607,0
17284,608,0
17285,609,0
17286,606,0
17287,613,0
17288,611,0
17289,608,0
17290,607,0
17291,603,0
17292,601,0
17293,606,0
17294,612,0
17295,613,0
17296,604,0
17297,612,0
17298,608,0
17299,610,0
17300,595,0
17301,610,0
17302,607,0
17303,603,0
17304,608,0
17305,606,0
17306,614,0
17307,607,0
17308,610,0
17309,607,0
17310,609,0
17311,608,0
17312,610,0
17313,615,0
17314,605,0
17315,610,0
17316,610,0
17317,618,0
17318,609,0
17319,615,0
17320,599,0
17321,608,0
17322,609,0
17323,606,0
17324,605,0
17325,613,0
17326,611,0
17327,610,0
17328,615,0
17329,611,0
17330,610,0
17331,608,0
17332,610,0
17333,604,0
17334,604,0
17335,623,0
17336,607,0
17337,615,0
17338,613,0
17339,610,0
17340,604,0
17341,608,0
17342,604,0
17343,610,0
17344,613,0
17345,613,0
17346,602,0
17347,608,0
17348,617,0
17349,605,0
17350,603,0
17351,612,0
17352,610,0
17353,617,0
17354,611,0
17355,611,0
17356,611,0
17357,611,0
17358,610,0
17359,606,0
17360,608,0
17361,611,0
17362,613,0
17363,612,0
17364,602,0
17365,607,0
17366,608,0
17367,606,0
17368,611,0
17369,610,0
17370,605,0
17371,608,0
17372,598,0
17373,616,0
17374,611,0
17375,603,0
17376,610,0
17377,610,0
17378,605,0
17379,605,0
17380,606,0
17381,613,0
17382,605,0
17383,613,0
17384,605,0
17385,610,0
17386,613,0
17387,611,0
17388,612,0
17389,611,0
17390,608,0
17391,610,0
17392,611,0
17393,618,0
17394,607,0
17395,614,0
17396,613,0
17397,609,0
17398,607,0
17399,606,0
17400,617,0
17401,614,0
17402,603,0
17403,602,0
17404,605,0
17405,602,0
17406,600,0
17407,611,0
17408,608,0
17409,608,0
17410,616,0
17411,619,0
17412,604,0
17413,614,0
17414,615,0
17415,615,0
17416,612,0
17417,609,0
17418,607,0
17419,605,0
17420,623,0
17421,600,0
17422,616,0
17423,605,0
17424,604,0
17425,615,0
17426,612,0
17427,613,0
17428,603,0
17429,617,0
17430,610,0
17431,612,0
17432,610,0
17433,600,0
17434,599,0
17435,617,0
17436,614,0
17437,608,0
17438,611,0
17439,609,0
17440,614,0
17441,606,0
17442,613,0
17443,606,0
17444,618,0
17445,610,0
17446,609,0
17447,605,0
17448,606,0
17449,609,0
17450,611,0
17451,613,0
17452,599,0
17453,604,0
17454,608,0
17455,610,0
17456,604,0
17457,611,0
17458,611,0
17459,610,0
17460,605,0
17461,612,0
17462,605,0
17463,614,0
17464,610,0
17465,611,0
17466,611,0
17467,609,0
17468,612,0
17469,610,0
17470,611,0
17471,604,0
17472,616,0
17473,619,0
17474,605,0
17475,612,0
17476,611,0
17477,615,0
17478,604,0
17479,616,0
17480,609,0
17481,609,0
17482,611,0
17483,611,0
17484,614,0
17485,606,0
17486,614,0
17487,616,0
17488,604,0
17489,608,0
17490,601,0
17491,616,0
17492,606,0
17493,614,0
17494,615,0
17495,602,0
17496,611,0
17497,605,0
17498,607,0
17499,607,0
17500,610,0
17501,609,0
17502,612,0
17503,603,0
17504,613,0
17505,619,0
17506,608,0
17507,604,0
17508,605,0
17509,619,0
17510,613,0
17511,613,0
17512,592,0
17513,602,0
17514,619,0
17515,607,0
17516,621,0
17517,613,0
17518,611,0
17519,609,0
17520,613,0
17521,617,0
17522,607,0
17523,607,0
17524,603,0
17525,606,0
17526,614,0
17527,613,0
17528,613,0
17529,609,0
17530,607,0
17531,616,0
17532,608,0
17533,608,0
17534,609,0
17535,605,0
17536,608,0
17537,601,0
17538,615,0
17539,610,0
17540,614,0
17541,611,0
17542,614,0
17543,609,0
17544,602,0
17545,611,0
17546,611,0
17547,613,0
17548,602,0
17549,618,0
17550,609,0
17551,618,0
17552,611,0
17553,613,0
17554,618,0
17555,611,0
17556,615,0
17557,615,0
17558,609,0
17559,616,0
17560,613,0
17561,611,0
17562,615,0
17563,614,0
17564,614,0
17565,614,0
17566,616,0
17567,615,0
17568,613,0
17569,613,0
17570,607,0
17571,601,0
17572,613,0
17573,613,0
17574,612,0
17575,602,0
17576,608,0
17577,615,0
17578,620,0
17579,619,0
17580,610,0
17581,613,0
17582,610,0
17583,611,0
17584,608,0
17585,616,0
17586,613,0
17587,605,0
17588,616,0
17589,614,0
17590,619,0
17591,607,0
17592,609,0
17593,614,0
17594,610,0
17595,616,0
17596,610,0
17597,609,0
17598,611,0
17599,613,0
17600,601,0
17601,613,0
17602,610,0
17603,611,0
17604,608,0
17605,616,0
17606,621,0
17607,610,0
17608,612,0
17609,613,0
17610,603,0
17611,608,0
17612,605,0
17613,612,0
17614,612,0
17615,617,0
17616,618,0
17617,616,0
17618,616,0
17619,617,0
17620,609,0
17621,616,0
17622,613,0
17623,613,0
17624,610,0
17625,611,0
17626,624,0
17627,610,0
17628,606,0
17629,614,0
17630,610,0
17631,611,0
17632,612,0
17633,604,0
17634,611,0
17635,610,0
17636,619,0
17637,616,0
17638,617,0
17639,610,0
17640,605,0
17641,609,0
17642,610,0
17643,621,0
17644,609,0
17645,603,0
17646,608,0
17647,614,0
17648,607,0
17649,604,0
17650,613,0
17651,606,0
17652,606,0
17653,608,0
17654,611,0
17655,615,0
17656,612,0
17657,611,0
17658,612,0
17659,612,0
17660,606,0
17661,610,0
17662,607,0
17663,607,0
17664,613,0
17665,611,0
17666,604,0
17667,611,0
17668,609,0
17669,612,0
17670,615,0
17671,607,0
17672,616,0
17673,615,0
17674,613,0
17675,614,0
17676,609,0
17677,612,0
17678,612,0
17679,616,0
17680,603,0
17681,611,0
17682,612,0
17683,615,0
17684,606,0
17685,609,0
17686,608,0
17687,610,0
17688,604,0
17689,614,0
17690,610,0
17691,605,0
17692,600,0
17693,607,0
17694,607,0
17695,619,0
17696,617,0
17697,610,0
17698,608,0
17699,612,0
17700,611,0
17701,611,0
17702,606,0
17703,614,0
17704,610,0
17705,613,0
17706,606,0
17707,617,0
17708,617,0
17709,608,0
17710,613,0
17711,621,0
17712,614,0
17713,610,0
17714,612,0
17715,617,0
17716,604,0
17717,617,0
17718,615,0
17719,612,0
17720,610,0
17721,610,0
17722,606,0
17723,610,0
17724,612,0
17725,603,0
17726,616,0
17727,614,0
17728,616,0
17729,606,0
17730,609,0
17731,613,0
17732,614,0
17733,607,0
17734,617,0
17735,612,0
17736,611,0
17737,615,0
17738,606,0
17739,609,0
17740,616,0
17741,603,0
17742,608,0
17743,616,0
17744,606,0
17745,616,0
17746,610,0
17747,621,0
17748,611,0
17749,611,0
17750,611,0
17751,612,0
17752,606,0
17753,618,0
17754,609,0
17755,609,0
17756,614,0
17757,610,0
17758,611,0
17759,615,0
17760,608,0
17761,609,0
17762,608,0
17763,611,0
17764,609,0
17765,610,0
17766,606,0
17767,617,0
17768,614,0
17769,613,0
17770,609,0
17771,611,0
17772,608,0
17773,609,0
17774,614,0
17775,607,0
17776,612,0
17777,621,0
17778,615,0
17779,604,0
17780,611,0
17781,611,0
17782,610,0
17783,614,0
17784,608,0
17785,626,0
17786,600,0
17787,603,0
17788,607,0
17789,611,0
17790,617,0
17791,614,0
17792,607,0
17793,612,0
17794,608,0
17795,615,0
17796,616,0
17797,618,0
17798,604,0
17799,614,0
17800,611,0
17801,616,0
17802,612,0
17803,605,0
17804,611,0
17805,612,0
17806,614,0
17807,613,0
17808,613,0
17809,606,0
17810,616,0
17811,615,0
17812,609,0
17813,609,0
17814,606,0
17815,619,0
17816,610,0
17817,611,0
17818,612,0
17819,611,0
17820,611,0
17821,614,0
17822,606,0
17823,614,0
17824,608,0
17825,604,0
17826,611,0
17827,604,0
17828,615,0
17829,611,0
17830,613,0
17831,615,0
17832,619,0
17833,610,0
17834,613,0
17835,615,0
17836,608,0
17837,613,0
17838,610,0
17839,607,0
17840,611,0
17841,608,0
17842,603,0
17843,607,0
17844,609,0
17845,604,0
17846,613,0
17847,612,0
17848,609,0
17849,613,0
17850,620,0
17851,613,0
17852,611,0
17853,608,0
17854,609,0
17855,611,0
17856,610,0
17857,614,0
17858,615,0
17859,614,0
17860,612,0
17861,602,0
17862,611,0
17863,601,0
17864,616,0
17865,618,0
17866,606,0
17867,613,0
17868,605,0
17869,622,0
17870,614,0
17871,615,0
17872,604,0
17873,607,0
17874,603,0
17875,610,0
17876,611,0
17877,604,0
17878,614,0
17879,606,0
17880,616,0
17881,607,0
17882,607,0
17883,612,0
17884,611,0
17885,611,0
17886,608,0
17887,605,0
17888,620,0
17889,612,0
17890,603,0
17891,614,0
17892,615,0
17893,612,0
17894,607,0
17895,618,0
17896,609,0
17897,613,0
17898,618,0
17899,610,0
17900,604,0
17901,620,0
17902,612,0
17903,611,0
17904,608,0
17905,616,0
17906,623,0
17907,618,0
17908,614,0
17909,614,0
17910,617,0
17911,610,0
17912,613,0
17913,613,0
17914,614,0
17915,618,0
17916,616,0
17917,612,0
17918,618,0
17919,608,0
17920,611,0
17921,614,0
17922,620,0
17923,610,0
17924,618,0
17925,614,0
17926,606,0
17927,618,0
17928,605,0
17929,614,0
17930,595,0
17931,610,0
17932,610,0
17933,619,0
17934,611,0
17935,608,0
17936,608,0
17937,606,0
17938,619,0
17939,611,0
17940,606,0
17941,606,0
17942,605,0
17943,606,0
17944,619,0
17945,616,0
17946,605,0
17947,602,0
17948,610,0
17949,597,0
17950,616,0
17951,605,0
17952,620,0
17953,615,0
17954,608,0
17955,618,0
17956,613,0
17957,613,0
17958,605,0
17959,615,0
17960,610,0
17961,613,0
17962,613,0
17963,603,0
17964,616,0
17965,613,0
17966,606,0
17967,606,0
17968,609,0
17969,617,0
17970,615,0
17971,623,0
17972,610,0
17973,616,0
17974,608,0
17975,609,0
17976,609,0
17977,607,0
17978,608,0
17979,614,0
17980,603,0
17981,607,0
17982,605,0
17983,606,0
17984,610,0
17985,610,0
17986,624,0
17987,606,0
17988,617,0
17989,601,0
17990,611,0
17991,610,0
17992,607,0
17993,609,0
17994,610,0
17995,612,0
17996,605,0
17997,621,0
17998,606,0
17999,608,0
18000,610,0
18001,616,0
18002,616,0
18003,601,0
18004,611,0
18005,612,0
18006,608,0
18007,615,0
18008,610,0
18009,605,0
18010,610,0
18011,613,0
18012,604,0
18013,616,0
18014,618,0
18015,612,0
18016,608,0
18017,615,0
18018,615,0
18019,620,0
18020,611,0
18021,610,0
18022,616,0
18023,615,0
18024,615,0
18025,611,0
18026,609,0
18027,614,0
18028,612,0
18029,610,0
18030,616,0
18031,605,0
18032,606,0
18033,617,0
18034,609,0
18035,618,0
18036,609,0
18037,617,0
18038,608,0
18039,618,0
18040,621,0
18041,615,0
18042,613,0
18043,610,0
18044,609,0
18045,607,0
18046,609,0
18047,608,0
18048,609,0
18049,617,0
18050,616,0
18051,616,0
18052,613,0
18053,614,0
18054,605,0
18055,619,0
18056,610,0
18057,614,0
18058,601,0
18059,606,0
18060,609,0
18061,602,0
18062,611,0
18063,614,0
18064,616,0
18065,607,0
18066,618,0
18067,612,0
18068,610,0
18069,619,0
18070,607,0
18071,613,0
18072,614,0
18073,606,0
18074,612,0
18075,615,0
18076,615,0
18077,609,0
18078,601,0
18079,604,0
18080,623,0
18081,606,0
18082,604,0
18083,605,0
18084,607,0
18085,626,0
18086,606,0
18087,616,0
18088,604,0
18089,607,0
18090,603,0
18091,608,0
18092,615,0
18093,607,0
18094,617,0
18095,610,0
18096,605,0
18097,620,0
18098,616,0
18099,611,0
18100,616,0
18101,607,0
18102,609,0
18103,603,0
18104,617,0
18105,620,0
18106,612,0
18107,620,0
18108,605,0
18109,616,0
18110,605,0
18111,606,0
18112,621,0
18113,606,0
18114,611,0
18115,616,0
18116,614,0
18117,608,0
18118,621,0
18119,606,0
18120,608,0
18121,602,0
18122,610,0
18123,609,0
18124,605,0
18125,615,0
18126,608,0
18127,608,0
18128,603,0
18129,604,0
18130,613,0
18131,606,0
18132,602,0
18133,621,0
18134,613,0
18135,613,0
18136,613,0
18137,614,0
18138,612,0
18139,606,0
18140,617,0
18141,615,0
18142,607,0
18143,612,0
18144,609,0
18145,617,0
18146,616,0
18147,610,0
18148,616,0
18149,617,0
18150,611,0
18151,604,0
18152,613,0
18153,616,0
18154,619,0
18155,621,0
18156,608,0
18157,614,0
18158,612,0
18159,613,0
18160,613,0
18161,610,0
18162,620,0
18163,605,0
18164,608,0
18165,619,0
18166,614,0
18167,606,0
18168,613,0
18169,610,0
18170,608,0
18171,607,0
18172,613,0
18173,616,0
18174,623,0
18175,616,0
18176,614,0
18177,609,0
18178,614,0
18179,612,0
18180,614,0
18181,619,0
18182,618,0
18183,608,0
18184,609,0
18185,610,0
18186,613,0
18187,608,0
18188,616,0
18189,611,0
18190,617,0
18191,615,0
18192,605,0
18193,615,0
18194,610,0
18195,610,0
18196,616,0
18197,613,0
18198,610,0
18199,613,0
18200,605,0
18201,605,0
18202,607,0
18203,622,0
18204,612,0
18205,607,0
18206,619,0
18207,605,0
18208,609,0
18209,617,0
18210,617,0
18211,613,0
18212,607,0
18213,615,0
18214,620,0
18215,606,0
18216,612,0
18217,609,0
18218,606,0
18219,603,0
18220,612,0
18221,612,0
18222,608,0
18223,606,0
18224,608,0
18225,607,0
18226,608,0
18227,612,0
18228,607,0
18229,616,0
18230,612,0
18231,615,0
18232,610,0
18233,612,0
18234,607,0
18235,611,0
18236,619,0
18237,608,0
18238,613,0
18239,613,0
18240,608,0
18241,611,0
18242,603,0
18243,616,0
18244,616,0
18245,621,0
18246,605,0
18247,614,0
18248,614,0
18249,614,0
18250,612,0
18251,622,0
18252,620,0
18253,608,0
18254,613,0
18255,611,0
18256,614,0
18257,607,0
18258,612,0
18259,610,0
18260,621,0
18261,616,0
18262,606,0
18263,611,0
18264,608,0
18265,612,0
18266,608,0
18267,615,0
18268,606,0
18269,614,0
18270,624,0
18271,608,0
18272,623,0
18273,616,0
18274,612,0
18275,616,0
18276,612,0
18277,617,0
18278,613,0
18279,611,0
18280,611,0
18281,608,0
18282,621,0
18283,614,0
18284,612,0
18285,609,0
18286,611,0
18287,607,0
18288,617,0
18289,611,0
18290,610,0
18291,613,0
18292,613,0
18293,614,0
18294,609,0
18295,613,0
18296,611,0
18297,615,0
18298,618,0
18299,605,0
18300,608,0
18301,616,0
18302,610,0
18303,614,0
18304,603,0
18305,603,0
18306,612,0
18307,611,0
18308,609,0
18309,604,0
18310,613,0
18311,607,0
18312,606,0
18313,618,0
18314,609,0
18315,607,0
18316,614,0
18317,620,0
18318,614,0
18319,615,0
18320,609,0
18321,613,0
18322,610,0
18323,613,0
18324,609,0
18325,616,0
18326,609,0
18327,616,0
18328,615,0
18329,615,0
18330,623,0
18331,622,0
18332,607,0
18333,603,0
18334,609,0
18335,608,0
18336,611,0
18337,596,0
18338,609,0
18339,612,0
18340,618,0
18341,613,0
18342,610,0
18343,613,0
18344,607,0
18345,622,0
18346,608,0
18347,615,0
18348,607,0
18349,613,0
18350,616,0
18351,605,0
18352,611,0
18353,607,0
18354,612,0
18355,616,0
18356,610,0
18357,618,0
18358,603,0
18359,611,0
18360,619,0
18361,610,0
18362,606,0
18363,609,0
18364,600,0
18365,609,0
18366,612,0
18367,604,0
18368,613,0
18369,607,0
18370,614,0
18371,600,0
18372,614,0
18373,610,0
18374,608,0
18375,621,0
18376,610,0
18377,618,0
18378,614,0
18379,612,0
18380,607,0
18381,605,0
18382,617,0
18383,614,0
18384,607,0
18385,612,0
18386,614,0
18387,612,0
18388,606,0
18389,610,0
18390,606,0
18391,615,0
18392,610,0
18393,617,0
18394,604,0
18395,609,0
18396,610,0
18397,613,0
18398,624,0
18399,616,0
18400,606,0
18401,604,0
18402,615,0
18403,611,0
18404,617,0
18405,618,0
18406,616,0
18407,609,0
18408,611,0
18409,600,0
18410,613,0
18411,614,0
18412,611,0
18413,599,0
18414,619,0
18415,606,0
18416,619,0
18417,607,0
18418,612,0
18419,617,0
18420,617,0
18421,619,0
18422,610,0
18423,605,0
18424,620,0
18425,614,0
18426,611,0
18427,612,0
18428,618,0
18429,616,0
18430,604,0
18431,613,0
18432,614,0
18433,608,0
18434,605,0
18435,615,0
18436,614,0
18437,610,0
18438,607,0
18439,618,0
18440,621,0
18441,605,0
18442,608,0
18443,605,0
18444,614,0
18445,614,0
18446,607,0
18447,612,0
18448,623,0
18449,610,0
18450,619,0
18451,623,0
18452,599,0
18453,607,0
18454,617,0
18455,615,0
18456,610,0
18457,612,0
18458,613,0
18459,620,0
18460,612,0
18461,603,0
18462,609,0
18463,613,0
18464,606,0
18465,615,0
18466,613,0
18467,614,0
18468,614,0
18469,619,0
18470,611,0
18471,611,0
18472,612,0
18473,612,0
18474,614,0
18475,611,0
18476,608,0
18477,613,0
18478,620,0
18479,611,0
18480,620,0
18481,610,0
18482,606,0
18483,610,0
18484,610,0
18485,616,0
18486,615,0
18487,605,0
18488,620,0
18489,610,0
18490,614,0
18491,611,0
18492,609,0
18493,611,0
18494,614,0
18495,606,0
18496,616,0
18497,606,0
18498,607,0
18499,611,0
18500,612,0
18501,617,0
18502,615,0
18503,608,0
18504,619,0
18505,612,0
18506,614,0
18507,624,0
18508,603,0
18509,608,0
18510,618,0
18511,624,0
18512,612,0
18513,604,0
18514,613,0
18515,608,0
18516,612,0
18517,618,0
18518,605,0
18519,615,0
18520,612,0
18521,618,0
18522,617,0
18523,610,0
18524,609,0
18525,609,0
18526,614,0
18527,603,0
18528,615,0
18529,616,0
18530,608,0
18531,615,0
18532,614,0
18533,612,0
18534,611,0
18535,608,0
18536,614,0
18537,614,0
18538,610,0
18539,618,0
18540,612,0
18541,614,0
18542,609,0
18543,619,0
18544,604,0
18545,621,0
18546,614,0
18547,609,0
18548,612,0
18549,615,0
18550,623,0
18551,608,0
18552,619,0
18553,614,0
18554,617,0
18555,615,0
18556,604,0
18557,621,0
18558,618,0
18559,610,0
18560,615,0
18561,613,0
18562,607,0
18563,621,0
18564,607,0
18565,609,0
18566,607,0
18567,614,0
18568,608,0
18569,609,0
18570,621,0
18571,615,0
18572,610,0
18573,609,0
18574,612,0
18575,610,0
18576,620,0
18577,614,0
18578,613,0
18579,606,0
18580,608,0
18581,623,0
18582,617,0
18583,623,0
18584,613,0
18585,614,0
18586,615,0
18587,611,0
18588,615,0
18589,607,0
18590,610,0
18591,615,0
18592,608,0
18593,606,0
18594,618,0
18595,618,0
18596,615,0
18597,615,0
18598,617,0
18599,618,0
18600,609,0
18601,614,0
18602,607,0
18603,612,0
18604,610,0
18605,608,0
18606,616,0
18607,612,0
18608,616,0
18609,611,0
18610,611,0
18611,613,0
18612,606,0
18613,606,0
18614,614,0
18615,610,0
18616,614,0
18617,610,0
18618,614,0
18619,616,0
18620,614,0
18621,620,0
18622,605,0
18623,608,0
18624,620,0
18625,614,0
18626,609,0
18627,615,0
18628,612,0
18629,618,0
18630,610,0
18631,605,0
18632,616,0
18633,607,0
18634,615,0
18635,614,0
18636,612,0
18637,608,0
18638,619,0
18639,611,0
18640,604,0
18641,614,0
18642,618,0
18643,607,0
18644,603,0
18645,613,0
18646,612,0
18647,613,0
18648,604,0
18649,609,0
18650,612,0
18651,611,0
18652,614,0
18653,612,0
18654,620,0
18655,618,0
18656,618,0
18657,616,0
18658,599,0
18659,609,0
18660,611,0
18661,614,0
18662,617,0
18663,612,0
18664,614,0
18665,611,0
18666,615,0
18667,618,0
18668,620,0
18669,611,0
18670,613,0
18671,622,0
18672,609,0
18673,610,0
18674,612,0
18675,622,0
18676,612,0
18677,612,0
18678,616,0
18679,612,0
18680,609,0
18681,608,0
18682,608,0
18683,607,0
18684,620,0
18685,605,0
18686,617,0
18687,609,0
18688,614,0
18689,607,0
18690,609,0
18691,615,0
18692,628,0
18693,602,0
18694,611,0
18695,611,0
18696,610,0
18697,617,0
18698,617,0
18699,612,0
18700,615,0
18701,611,0
18702,620,0
18703,614,0
18704,607,0
18705,619,0
18706,612,0
18707,615,0
18708,601,0
18709,602,0
18710,618,0
18711,609,0
18712,609,0
18713,617,0
18714,615,0
18715,617,0
18716,604,0
18717,612,0
18718,611,0
18719,614,0
18720,612,0
18721,613,0
18722,613,0
18723,605,0
18724,618,0
18725,611,0
18726,612,0
18727,615,0
18728,611,0
18729,606,0
18730,622,0
18731,607,0
18732,618,0
18733,609,0
18734,613,0
18735,617,0
18736,620,0
18737,603,0
18738,617,0
18739,609,0
18740,618,0
18741,606,0
18742,619,0
18743,611,0
18744,612,0
18745,614,0
18746,612,0
18747,620,0
18748,618,0
18749,609,0
18750,607,0
18751,614,0
18752,609,0
18753,611,0
18754,615,0
18755,617,0
18756,618,0
18757,616,0
18758,607,0
18759,615,0
18760,606,0
18761,618,0
18762,618,0
18763,602,0
18764,616,0
18765,612,0
18766,615,0
18767,615,0
18768,614,0
18769,604,0
18770,607,0
18771,607,0
18772,621,0
18773,611,0
18774,607,0
18775,612,0
18776,612,0
18777,614,0
18778,616,0
18779,620,0
18780,616,0
18781,613,0
18782,610,0
18783,611,0
18784,609,0
18785,610,0
18786,607,0
18787,610,0
18788,609,0
18789,614,0
18790,611,0
18791,618,0
18792,613,0
18793,615,0
18794,606,0
18795,613,0
18796,620,0
18797,615,0
18798,603,0
18799,604,0
18800,620,0
18801,618,0
18802,608,0
18803,623,0
18804,620,0
18805,622,0
18806,615,0
18807,614,0
18808,624,0
18809,614,0
18810,608,0
18811,615,0
18812,620,0
18813,621,0
18814,607,0
18815,615,0
18816,611,0
18817,619,0
18818,612,0
18819,612,0
18820,614,0
18821,620,0
18822,616,0
18823,617,0
18824,615,0
18825,609,0
18826,615,0
18827,607,0
18828,605,0
18829,612,0
18830,613,0
18831,619,0
18832,615,0
18833,609,0
18834,615,0
18835,618,0
18836,614,0
18837,619,0
18838,613,0
18839,607,0
18840,612,0
18841,615,0
18842,610,0
18843,621,0
18844,604,0
18845,609,0
18846,609,0
18847,611,0
18848,613,0
18849,613,0
18850,620,0
18851,622,0
18852,620,0
18853,620,0
18854,618,0
18855,609,0
18856,610,0
18857,612,0
18858,605,0
18859,608,0
18860,615,0
18861,612,0
18862,608,0
18863,618,0
18864,615,0
18865,613,0
18866,611,0
18867,619,0
18868,609,0
18869,619,0
18870,610,0
18871,622,0
18872,622,0
18873,614,0
18874,606,0
18875,615,0
18876,622,0
18877,611,0
18878,616,0
18879,611,0
18880,611,0
18881,614,0
18882,609,0
18883,610,0
18884,613,0
18885,606,0
18886,613,0
18887,610,0
18888,615,0
18889,620,0
18890,607,0
18891,614,0
18892,611,0
18893,610,0
18894,614,0
18895,609,0
18896,611,0
18897,608,0
18898,610,0
18899,614,0
18900,613,0
18901,608,0
18902,611,0
18903,613,0
18904,610,0
18905,610,0
18906,616,0
18907,618,0
18908,616,0
18909,613,0
18910,612,0
18911,609,0
18912,618,0
18913,624,0
18914,610,0
18915,606,0
18916,609,0
18917,607,0
18918,610,0
18919,624,0
18920,609,0
18921,614,0
18922,616,0
18923,616,0
18924,612,0
18925,613,0
18926,611,0
18927,615,0
18928,616,0
18929,616,0
18930,611,0
18931,617,0
18932,615,0
18933,615,0
18934,617,0
18935,604,0
18936,609,0
18937,617,0
18938,613,0
18939,610,0
18940,603,0
18941,615,0
18942,620,0
18943,614,0
18944,610,0
18945,606,0
18946,617,0
18947,627,0
18948,619,0
18949,611,0
18950,611,0
18951,614,0
18952,612,0
18953,614,0
18954,616,0
18955,615,0
18956,614,0
18957,613,0
18958,618,0
18959,617,0
18960,611,0
18961,608,0
18962,605,0
18963,607,0
18964,614,0
18965,608,0
18966,614,0
18967,623,0
18968,610,0
18969,612,0
18970,612,0
18971,624,0
18972,619,0
18973,613,0
18974,609,0
18975,618,0
18976,612,0
18977,618,0
18978,611,0
18979,613,0
18980,610,0
18981,615,0
18982,613,0
18983,614,0
18984,608,0
18985,606,0
18986,604,0
18987,608,0
18988,612,0
18989,611,0
18990,625,0
18991,618,0
18992,618,0
18993,611,0
18994,607,0
18995,609,0
18996,615,0
18997,618,0
18998,616,0
18999,621,0
19000,602,0
19001,607,0
19002,619,0
19003,616,0
19004,617,0
19005,616,0
19006,613,0
19007,619,0
19008,621,0
19009,620,0
19010,608,0
19011,614,0
19012,625,0
19013,628,0
19014,601,0
19015,611,0
19016,617,0
19017,614,0
19018,617,0
19019,614,0
19020,613,0
19021,606,0
19022,614,0
19023,618,0
19024,608,0
19025,606,0
19026,611,0
19027,615,0
19028,614,0
19029,617,0
19030,620,0
19031,616,0
19032,620,0
19033,628,0
19034,613,0
19035,621,0
19036,607,0
19037,606,0
19038,611,0
19039,612,0
19040,616,0
19041,616,0
19042,615,0
19043,620,0
19044,612,0
19045,614,0
19046,616,0
19047,615,0
19048,611,0
19049,610,0
19050,613,0
19051,611,0
19052,616,0
19053,612,0
19054,611,0
19055,612,0
19056,616,0
19057,611,0
19058,612,0
19059,612,0
19060,603,0
19061,615,0
19062,614,0
19063,613,0
19064,606,0
19065,611,0
19066,609,0
19067,612,0
19068,610,0
19069,620,0
19070,618,0
19071,617,0
19072,611,0
19073,606,0
19074,605,0
19075,614,0
19076,610,0
19077,612,0
19078,617,0
19079,614,0
19080,604,0
19081,614,0
19082,606,0
19083,611,0
19084,611,0
19085,614,0
19086,617,0
19087,612,0
19088,613,0
19089,616,0
19090,612,0
19091,614,0
19092,617,0
19093,610,0
19094,614,0
19095,614,0
19096,614,0
19097,607,0
19098,611,0
19099,618,0
19100,611,0
19101,619,0
19102,616,0
19103,607,0
19104,612,0
19105,615,0
19106,609,0
19107,620,0
19108,611,0
19109,613,0
19110,615,0
19111,619,0
19112,608,0
19113,615,0
19114,607,0
19115,615,0
19116,615,0
19117,615,0
19118,617,0
19119,614,0
19120,607,0
19121,617,0
19122,618,0
19123,610,0
19124,613,0
19125,613,0
19126,613,0
19127,616,0
19128,627,0
19129,603,0
19130,620,0
19131,612,0
19132,612,0
19133,601,0
19134,607,0
19135,610,0
19136,619,0
19137,616,0
19138,612,0
19139,614,0
19140,615,0
19141,617,0
19142,614,0
19143,617,0
19144,628,0
19145,613,0
19146,614,0
19147,617,0
19148,612,0
19149,615,0
19150,614,0
19151,619,0
19152,613,0
19153,606,0
19154,609,0
19155,613,0
19156,617,0
19157,619,0
19158,612,0
19159,619,0
19160,607,0
19161,612,0
19162,614,0
19163,620,0
19164,610,0
19165,617,0
19166,617,0
19167,602,0
19168,606,0
19169,610,0
19170,613,0
19171,607,0
19172,615,0
19173,612,0
19174,610,0
19175,611,0
19176,613,0
19177,620,0
19178,615,0
19179,614,0
19180,613,0
19181,616,0
19182,614,0
19183,615,0
19184,613,0
19185,601,0
19186,618,0
19187,608,0
19188,604,0
19189,622,0
19190,609,0
19191,615,0
19192,618,0
19193,617,0
19194,607,0
19195,614,0
19196,608,0
19197,613,0
19198,623,0
19199,597,0
19200,613,0
19201,611,0
19202,607,0
19203,614,0
19204,620,0
19205,612,0
19206,618,0
19207,604,0
19208,611,0
19209,617,0
19210,608,0
19211,620,0
19212,603,0
19213,611,0
19214,617,0
19215,613,0
19216,612,0
19217,614,0
19218,609,0
19219,621,0
19220,616,0
19221,621,0
19222,618,0
19223,616,0
19224,612,0
19225,613,0
19226,622,0
19227,610,0
19228,612,0
19229,622,0
19230,611,0
19231,617,0
19232,608,0
19233,606,0
19234,605,0
19235,610,0
19236,602,0
19237,612,0
19238,603,0
19239,622,0
19240,623,0
19241,610,0
19242,611,0
19243,619,0
19244,621,0
19245,613,0
19246,616,0
19247,613,0
19248,618,0
19249,611,0
19250,610,0
19251,622,0
19252,621,0
19253,619,0
19254,610,0
19255,619,0
19256,621,0
19257,617,0
19258,614,0
19259,616,0
19260,615,0
19261,619,0
19262,605,0
19263,614,0
19264,610,0
19265,615,0
19266,613,0
19267,613,0
19268,619,0
19269,616,0
19270,612,0
19271,611,0
19272,610,0
19273,611,0
19274,615,0
19275,610,0
19276,619,0
19277,610,0
19278,618,0
19279,615,0
19280,613,0
19281,619,0
19282,614,0
19283,614,0
19284,622,0
19285,613,0
19286,631,0
19287,605,0
19288,614,0
19289,620,0
19290,620,0
19291,609,0
19292,605,0
19293,610,0
19294,609,0
19295,609,0
19296,616,0
19297,622,0
19298,618,0
19299,619,0
19300,609,0
19301,620,0
19302,617,0
19303,614,0
19304,612,0
19305,616,0
19306,624,0
19307,606,0
19308,614,0
19309,619,0
19310,614,0
19311,615,0
19312,616,0
19313,609,0
19314,614,0
19315,611,0
19316,619,0
19317,615,0
19318,614,0
19319,619,0
19320,617,0
19321,618,0
19322,608,0
19323,615,0
19324,615,0
19325,622,0
19326,612,0
19327,610,0
19328,608,0
19329,615,0
19330,610,0
19331,611,0
19332,611,0
19333,608,0
19334,611,0
19335,617,0
19336,612,0
19337,616,0
19338,618,0
19339,613,0
19340,622,0
19341,611,0
19342,613,0
19343,613,0
19344,610,0
19345,619,0
19346,607,0
19347,619,0
19348,617,0
19349,617,0
19350,606,0
19351,612,0
19352,614,0
19353,616,0
19354,617,0
19355,618,0
19356,609,0
19357,618,0
19358,610,0
19359,617,0
19360,611,0
19361,625,0
19362,617,0
19363,623,0
19364,619,0
19365,609,0
19366,609,0
19367,609,0
19368,609,0
19369,619,0
19370,616,0
19371,615,0
19372,620,0
19373,621,0
19374,609,0
19375,611,0
19376,604,0
19377,617,0
19378,620,0
19379,616,0
19380,608,0
19381,611,0
19382,605,0
19383,614,0
19384,612,0
19385,609,0
19386,609,0
19387,610,0
19388,613,0
19389,611,0
19390,610,0
19391,614,0
19392,617,0
19393,615,0
19394,612,0
19395,618,0
19396,605,0
19397,620,0
19398,610,0
19399,617,0
19400,610,0
19401,616,0
19402,621,0
19403,613,0
19404,607,0
19405,610,0
19406,611,0
19407,617,0
19408,606,0
19409,618,0
19410,622,0
19411,616,0
19412,614,0
19413,625,0
19414,609,0
19415,603,0
19416,618,0
19417,610,0
19418,618,0
19419,609,0
19420,619,0
19421,614,0
19422,617,0
19423,617,0
19424,610,0
19425,617,0
19426,615,0
19427,622,0
19428,607,0
19429,614,0
19430,618,0
19431,613,0
19432,613,0
19433,614,0
19434,616,0
19435,615,0
19436,608,0
19437,618,0
19438,610,0
19439,618,0
19440,612,0
19441,610,0
19442,616,0
19443,614,0
19444,611,0
19445,616,0
19446,618,0
19447,609,0
19448,625,0
19449,612,0
19450,611,0
19451,618,0
19452,616,0
19453,609,0
19454,613,0
19455,611,0
19456,610,0
19457,613,0
19458,612,0
19459,613,0
19460,612,0
19461,611,0
19462,612,0
19463,609,0
19464,616,0
19465,613,0
19466,618,0
19467,624,0
19468,610,0
19469,615,0
19470,613,0
19471,613,0
19472,613,0
19473,617,0
19474,621,0
19475,611,0
19476,622,0
19477,614,0
19478,617,0
19479,613,0
19480,621,0
19481,610,0
19482,616,0
19483,612,0
19484,615,0
19485,613,0
19486,615,0
19487,610,0
19488,611,0
19489,613,0
19490,614,0
19491,612,0
19492,608,0
19493,618,0
19494,617,0
19495,611,0
19496,621,0
19497,608,0
19498,619,0
19499,611,0
19500,612,0
19501,624,0
19502,616,0
19503,621,0
19504,617,0
19505,624,0
19506,612,0
19507,615,0
19508,616,0
19509,612,0
19510,625,0
19511,611,0
19512,619,0
19513,615,0
19514,612,0
19515,610,0
19516,612,0
19517,626,0
19518,608,0
19519,616,0
19520,613,0
19521,618,0
19522,619,0
19523,619,0
19524,610,0
19525,617,0
19526,615,0
19527,614,0
19528,608,0
19529,613,0
19530,609,0
19531,612,0
19532,608,0
19533,613,0
19534,628,0
19535,610,0
19536,607,0
19537,615,0
19538,618,0
19539,612,0
19540,614,0
19541,611,0
19542,615,0
19543,620,0
19544,615,0
19545,614,0
19546,617,0
19547,612,0
19548,627,0
19549,619,0
19550,616,0
19551,612,0
19552,612,0
19553,616,0
19554,619,0
19555,615,0
19556,610,0
19557,616,0
19558,617,0
19559,614,0
19560,610,0
19561,617,0
19562,613,0
19563,614,0
19564,620,0
19565,623,0
19566,609,0
19567,613,0
19568,612,0
19569,616,0
19570,613,0
19571,615,0
19572,613,0
19573,611,0
19574,614,0
19575,612,0
19576,615,0
19577,614,0
19578,616,0
19579,609,0
19580,618,0
19581,612,0
19582,610,0
19583,611,0
19584,612,0
19585,613,0
19586,607,0
19587,620,0
19588,612,0
19589,601,0
19590,612,0
19591,612,0
19592,616,0
19593,615,0
19594,615,0
19595,617,0
19596,613,0
19597,613,0
19598,612,0
19599,615,0
19600,609,0
19601,610,0
19602,609,0
19603,614,0
19604,615,0
19605,603,0
19606,612,0
19607,610,0
19608,610,0
19609,624,0
19610,614,0
19611,617,0
19612,621,0
19613,618,0
19614,611,0
19615,610,0
19616,623,0
19617,613,0
19618,621,0
19619,627,0
19620,612,0
19621,604,0
19622,612,0
19623,608,0
19624,607,0
19625,610,0
19626,607,0
19627,618,0
19628,607,0
19629,612,0
19630,621,0
19631,614,0
19632,612,0
19633,619,0
19634,620,0
19635,609,0
19636,618,0
19637,620,0
19638,606,0
19639,609,0
19640,609,0
19641,610,0
19642,610,0
19643,609,0
19644,607,0
19645,614,0
19646,618,0
19647,613,0
19648,620,0
19649,618,0
19650,615,0
19651,618,0
19652,622,0
19653,611,0
19654,617,0
19655,613,0
19656,620,0
19657,608,0
19658,608,0
19659,613,0
19660,603,0
19661,611,0
19662,615,0
19663,615,0
19664,612,0
19665,621,0
19666,617,0
19667,605,0
19668,617,0
19669,618,0
19670,610,0
19671,619,0
19672,614,0
19673,608,0
19674,614,0
19675,616,0
19676,615,0
19677,619,0
19678,613,0
19679,622,0
19680,624,0
19681,611,0
19682,617,0
19683,615,0
19684,620,0
19685,611,0
19686,619,0
19687,610,0
19688,617,0
19689,613,0
19690,617,0
19691,605,0
19692,609,0
19693,611,0
19694,620,0
19695,622,0
19696,614,0
19697,615,0
19698,618,0
19699,619,0
19700,616,0
19701,614,0
19702,609,0
19703,604,0
19704,622,0
19705,619,0
19706,622,0
19707,619,0
19708,614,0
19709,624,0
19710,612,0
19711,615,0
19712,616,0
19713,618,0
19714,614,0
19715,617,0
19716,608,0
19717,619,0
19718,618,0
19719,614,0
19720,617,0
19721,611,0
19722,620,0
19723,613,0
19724,619,0
19725,622,0
19726,613,0
19727,613,0
19728,622,0
19729,610,0
19730,609,0
19731,618,0
19732,614,0
19733,614,0
19734,615,0
19735,614,0
19736,617,0
19737,609,0
19738,610,0
19739,609,0
19740,618,0
19741,610,0
19742,620,0
19743,617,0
19744,615,0
19745,616,0
19746,615,0
19747,622,0
19748,616,0
19749,618,0
19750,615,0
19751,603,0
19752,616,0
19753,617,0
19754,620,0
19755,616,0
19756,620,0
19757,615,0
19758,613,0
19759,608,0
19760,617,0
19761,612,0
19762,618,0
19763,613,0
19764,608,0
19765,611,0
19766,616,0
19767,616,0
19768,612,0
19769,619,0
19770,609,0
19771,617,0
19772,610,0
19773,614,0
19774,610,0
19775,614,0
19776,616,0
19777,605,0
19778,609,0
19779,607,0
19780,610,0
19781,608,0
19782,611,0
19783,619,0
19784,611,0
19785,616,0
19786,614,0
19787,613,0
19788,613,0
19789,610,0
19790,615,0
19791,618,0
19792,614,0
19793,616,0
19794,614,0
19795,607,0
19796,611,0
19797,612,0
19798,615,0
19799,613,0
19800,609,0
19801,612,0
19802,616,0
19803,621,0
19804,613,0
19805,608,0
19806,617,0
19807,609,0
19808,617,0
19809,622,0
19810,621,0
19811,608,0
19812,618,0
19813,616,0
19814,615,0
19815,613,0
19816,621,0
19817,617,0
19818,618,0
19819,616,0
19820,615,0
19821,619,0
19822,616,0
19823,616,0
19824,617,0
19825,610,0
19826,624,0
19827,616,0
19828,612,0
19829,613,0
19830,613,0
19831,612,0
19832,618,0
19833,611,0
19834,618,0
19835,611,0
19836,611,0
19837,623,0
19838,617,0
19839,608,0
19840,612,0
19841,621,0
19842,614,0
19843,619,0
19844,606,0
19845,616,0
19846,618,0
19847,621,0
19848,616,0
19849,618,0
19850,624,0
19851,610,0
19852,623,0
19853,619,0
19854,611,0
19855,610,0
19856,615,0
19857,616,0
19858,617,0
19859,607,0
19860,617,0
19861,623,0
19862,604,0
19863,624,0
19864,616,0
19865,616,0
19866,614,0
19867,616,0
19868,607,0
19869,621,0
19870,616,0
19871,609,0
19872,614,0
19873,610,0
19874,614,0
19875,621,0
19876,617,0
19877,609,0
19878,617,0
19879,616,0
19880,622,0
19881,615,0
19882,618,0
19883,616,0
19884,614,0
19885,610,0
19886,610,0
19887,619,0
19888,619,0
19889,607,0
19890,614,0
19891,621,0
19892,610,0
19893,620,0
19894,610,0
19895,614,0
19896,616,0
19897,611,0
19898,613,0
19899,619,0
19900,599,0
19901,612,0
19902,615,0
19903,619,0
19904,614,0
19905,609,0
19906,607,0
19907,611,0
19908,606,0
19909,612,0
19910,614,0
19911,623,0
19912,611,0
19913,617,0
19914,608,0
19915,620,0
19916,608,0
19917,613,0
19918,617,0
19919,611,0
19920,612,0
19921,604,0
19922,617,0
19923,612,0
19924,614,0
19925,619,0
19926,614,0
19927,615,0
19928,617,0
19929,615,0
19930,612,0
19931,611,0
19932,619,0
19933,617,0
19934,618,0
19935,623,0
19936,615,0
19937,608,0
19938,615,0
19939,603,0
19940,615,0
19941,615,0
19942,617,0
19943,611,0
19944,621,0
19945,606,0
19946,616,0
19947,617,0
19948,612,0
19949,625,0
19950,616,0
19951,616,0
19952,622,0
19953,615,0
19954,619,0
19955,613,0
19956,619,0
19957,620,0
19958,620,0
19959,620,0
19960,620,0
19961,619,0
19962,618,0
19963,613,0
19964,616,0
19965,607,0
19966,611,0
19967,620,0
19968,614,0
19969,618,0
19970,613,0
19971,609,0
19972,619,0
19973,615,0
19974,611,0
19975,617,0
19976,613,0
19977,620,0
19978,616,0
19979,623,0
19980,622,0
19981,602,0
19982,617,0
19983,619,0
19984,608,0
19985,604,0
19986,611,0
19987,610,0
19988,617,0
19989,625,0
19990,618,0
19991,610,0
19992,614,0
19993,621,0
19994,612,0
19995,616,0
19996,621,0
19997,614,0
19998,617,0
19999,617,0
20000,620,0
20001,624,0
20002,617,0
20003,612,0
20004,613,0
20005,617,0
20006,613,0
20007,607,0
20008,621,0
20009,619,0
20010,612,0
20011,610,0
20012,615,0
20013,620,0
20014,617,0
20015,625,0
20016,621,0
20017,614,0
20018,616,0
20019,612,0
20020,600,0
20021,623,0
20022,614,0
20023,607,0
20024,614,0
20025,620,0
20026,618,0
20027,612,0
20028,612,0
20029,614,0
20030,613,0
20031,609,0
20032,616,0
20033,610,0
20034,607,0
20035,625,0
20036,614,0
20037,618,0
20038,612,0
20039,613,0
20040,626,0
20041,614,0
20042,611,0
20043,616,0
20044,611,0
20045,617,0
20046,613,0
20047,614,0
20048,608,0
20049,611,0
20050,621,0
20051,602,0
20052,609,0
20053,616,0
20054,618,0
20055,618,0
20056,626,0
20057,618,0
20058,609,0
20059,606,0
20060,612,0
20061,617,0
20062,607,0
20063,622,0
20064,622,0
20065,614,0
20066,617,0
20067,618,0
20068,628,0
20069,608,0
20070,619,0
20071,617,0
20072,613,0
20073,618,0
20074,618,0
20075,612,0
20076,621,0
20077,614,0
20078,614,0
20079,611,0
20080,617,0
20081,611,0
20082,621,0
20083,619,0
20084,625,0
20085,618,0
20086,624,0
20087,623,0
20088,612,0
20089,604,0
20090,623,0
20091,611,0
20092,618,0
20093,609,0
20094,609,0
20095,613,0
20096,612,0
20097,607,0
20098,615,0
20099,612,0
20100,609,0
20101,607,0
20102,613,0
20103,619,0
20104,623,0
20105,613,0
20106,608,0
20107,606,0
20108,613,0
20109,605,0
20110,627,0
20111,615,0
20112,617,0
20113,601,0
20114,621,0
20115,610,0
20116,616,0
20117,616,0
20118,610,0
20119,612,0
20120,619,0
20121,619,0
20122,622,0
20123,615,0
20124,622,0
20125,614,0
20126,616,0
20127,615,0
20128,607,0
20129,603,0
20130,614,0
20131,622,0
20132,620,0
20133,616,0
20134,622,0
20135,620,0
20136,614,0
20137,614,0
20138,611,0
20139,605,0
20140,613,0
20141,608,0
20142,621,0
20143,617,0
20144,612,0
20145,614,0
20146,619,0
20147,623,0
20148,622,0
20149,621,0
20150,619,0
20151,620,0
20152,621,0
20153,608,0
20154,609,0
20155,617,0
20156,613,0
20157,611,0
20158,621,0
20159,624,0
20160,616,0
20161,613,0
20162,614,0
20163,613,0
20164,614,0
20165,622,0
20166,612,0
20167,612,0
20168,608,0
20169,605,0
20170,613,0
20171,618,0
20172,628,0
20173,610,0
20174,616,0
20175,606,0
20176,614,0
20177,609,0
20178,623,0
20179,620,0
20180,618,0
20181,623,0
20182,612,0
20183,610,0
20184,611,0
20185,624,0
20186,613,0
20187,622,0
20188,614,0
20189,621,0
20190,610,0
20191,607,0
20192,608,0
20193,609,0
20194,616,0
20195,620,0
20196,612,0
20197,625,0
20198,621,0
20199,618,0
20200,612,0
20201,611,0
20202,615,0
20203,620,0
20204,613,0
20205,617,0
20206,609,0
20207,617,0
20208,613,0
20209,610,0
20210,612,0
20211,613,0
20212,613,0
20213,618,0
20214,619,0
20215,622,0
20216,620,0
20217,621,0
20218,612,0
20219,614,0
20220,620,0
20221,610,0
20222,617,0
20223,618,0
20224,611,0
20225,603,0
20226,621,0
20227,609,0
20228,623,0
20229,619,0
20230,616,0
20231,616,0
20232,623,0
20233,611,0
20234,618,0
20235,618,0
20236,613,0
20237,613,0
20238,612,0
20239,618,0
20240,611,0
20241,625,0
20242,613,0
20243,612,0
20244,614,0
20245,610,0
20246,615,0
20247,610,0
20248,616,0
20249,615,0
20250,624,0
20251,611,0
20252,614,0
20253,610,0
20254,620,0
20255,610,0
20256,614,0
20257,607,0
20258,625,0
20259,617,0
20260,619,0
20261,613,0
20262,612,0
20263,622,0
20264,613,0
20265,616,0
20266,616,0
20267,611,0
20268,619,0
20269,613,0
20270,621,0
20271,617,0
20272,612,0
20273,614,0
20274,617,0
20275,622,0
20276,615,0
20277,623,0
20278,614,0
20279,615,0
20280,619,0
20281,616,0
20282,617,0
20283,617,0
20284,612,0
20285,612,0
20286,616,0
20287,619,0
20288,613,0
20289,619,0
20290,620,0
20291,619,0
20292,611,0
20293,619,0
20294,619,0
20295,618,0
20296,617,0
20297,615,0
20298,608,0
20299,607,0
20300,611,0
20301,618,0
20302,620,0
20303,611,0
20304,616,0
20305,616,0
20306,617,0
20307,609,0
20308,617,0
20309,607,0
20310,616,0
20311,616,0
20312,621,0
20313,616,0
20314,621,0
20315,614,0
20316,613,0
20317,617,0
20318,615,0
20319,609,0
20320,612,0
20321,620,0
20322,623,0
20323,621,0
20324,615,0
20325,612,0
20326,615,0
20327,610,0
20328,617,0
20329,611,0
20330,612,0
20331,616,0
20332,618,0
20333,611,0
20334,612,0
20335,614,0
20336,619,0
20337,611,0
20338,614,0
20339,623,0
20340,613,0
20341,617,0
20342,618,0
20343,616,0
20344,616,0
20345,610,0
20346,614,0
20347,617,0
20348,613,0
20349,624,0
20350,621,0
20351,616,0
20352,619,0
20353,606,0
20354,611,0
20355,614,0
20356,613,0
20357,609,0
20358,619,0
20359,610,0
20360,617,0
20361,614,0
20362,621,0
20363,625,0
20364,611,0
20365,617,0
20366,601,0
20367,626,0
20368,618,0
20369,607,0
20370,615,0
20371,612,0
20372,606,0
20373,612,0
20374,616,0
20375,616,0
20376,613,0
20377,615,0
20378,612,0
20379,629,0
20380,613,0
20381,619,0
20382,618,0
20383,619,0
20384,622,0
20385,626,0
20386,610,0
20387,622,0
20388,610,0
20389,615,0
20390,615,0
20391,613,0
20392,611,0
20393,618,0
20394,614,0
20395,608,0
20396,616,0
20397,609,0
20398,620,0
20399,616,0
20400,625,0
20401,612,0
20402,614,0
20403,617,0
20404,609,0
20405,619,0
20406,617,0
20407,607,0
20408,618,0
20409,623,0
20410,607,0
20411,611,0
20412,615,0
20413,618,0
20414,605,0
20415,617,0
20416,612,0
20417,613,0
20418,612,0
20419,625,0
20420,621,0
20421,607,0
20422,615,0
20423,606,0
20424,613,0
20425,615,0
20426,612,0
20427,612,0
20428,611,0
20429,615,0
20430,615,0
20431,616,0
20432,608,0
20433,616,0
20434,619,0
20435,605,0
20436,613,0
20437,607,0
20438,622,0
20439,606,0
20440,613,0
20441,623,0
20442,614,0
20443,609,0
20444,614,0
20445,617,0
20446,617,0
20447,606,0
20448,619,0
20449,615,0
20450,621,0
20451,622,0
20452,603,0
20453,617,0
20454,616,0
20455,614,0
20456,617,0
20457,613,0
20458,616,0
20459,611,0
20460,613,0
20461,612,0
20462,612,0
20463,612,0
20464,607,0
20465,625,0
20466,620,0
20467,616,0
20468,621,0
20469,620,0
20470,627,0
20471,633,0
20472,619,0
20473,606,0
20474,622,0
20475,619,0
20476,615,0
20477,613,0
20478,612,0
20479,615,0
20480,609,0
20481,606,0
20482,622,0
20483,614,0
20484,615,0
20485,607,0
20486,611,0
20487,617,0
20488,610,0
20489,618,0
20490,620,0
20491,614,0
20492,621,0
20493,612,0
20494,610,0
20495,616,0
20496,615,0
20497,625,0
20498,623,0
20499,614,0
20500,611,0
20501,616,0
20502,620,0
20503,617,0
20504,622,0
20505,623,0
20506,627,0
20507,605,0
20508,610,0
20509,626,0
20510,625,0
20511,615,0
20512,611,0
20513,610,0
20514,622,0
20515,607,0
20516,627,0
20517,617,0
20518,611,0
20519,621,0
20520,607,0
20521,616,0
20522,619,0
20523,624,0
20524,613,0
20525,626,0
20526,612,0
20527,620,0
20528,620,0
20529,620,0
20530,614,0
20531,619,0
20532,620,0
20533,617,0
20534,608,0
20535,611,0
20536,617,0
20537,613,0
20538,612,0
20539,615,0
20540,618,0
20541,613,0
20542,614,0
20543,607,0
20544,614,0
20545,617,0
20546,623,0
20547,619,0
20548,608,0
20549,606,0
20550,619,0
20551,617,0
20552,614,0
20553,609,0
20554,615,0
20555,623,0
20556,612,0
20557,622,0
20558,609,0
20559,608,0
20560,614,0
20561,606,0
20562,621,0
20563,607,0
20564,612,0
20565,621,0
20566,617,0
20567,620,0
20568,622,0
20569,616,0
20570,625,0
20571,614,0
20572,609,0
20573,618,0
20574,627,0
20575,614,0
20576,617,0
20577,614,0
20578,615,0
20579,607,0
20580,613,0
20581,618,0
20582,619,0
20583,615,0
20584,615,0
20585,622,0
20586,623,0
20587,619,0
20588,612,0
20589,613,0
20590,612,0
20591,619,0
20592,608,0
20593,612,0
20594,614,0
20595,617,0
20596,618,0
20597,624,0
20598,622,0
20599,618,0
20600,617,0
20601,620,0
20602,609,0
20603,616,0
20604,614,0
20605,617,0
20606,614,0
20607,614,0
20608,620,0
20609,616,0
20610,619,0
20611,612,0
20612,614,0
20613,614,0
20614,608,0
20615,617,0
20616,618,0
20617,626,0
20618,614,0
20619,609,0
20620,617,0
20621,619,0
20622,612,0
20623,607,0
20624,622,0
20625,610,0
20626,621,0
20627,614,0
20628,618,0
20629,617,0
20630,615,0
20631,613,0
20632,614,0
20633,617,0
20634,619,0
20635,617,0
20636,616,0
20637,614,0
20638,617,0
20639,615,0
20640,617,0
20641,616,0
20642,617,0
20643,619,0
20644,622,0
20645,623,0
20646,620,0
20647,615,0
20648,612,0
20649,612,0
20650,620,0
20651,605,0
20652,625,0
20653,612,0
20654,615,0
20655,616,0
20656,613,0
20657,618,0
20658,624,0
20659,610,0
20660,616,0
20661,609,0
20662,618,0
20663,611,0
20664,610,0
20665,619,0
20666,618,0
20667,615,0
20668,615,0
20669,615,0
20670,610,0
20671,605,0
20672,614,0
20673,622,0
20674,612,0
20675,613,0
20676,611,0
20677,619,0
20678,611,0
20679,619,0
20680,608,0
20681,611,0
20682,620,0
20683,609,0
20684,619,0
20685,613,0
20686,611,0
20687,623,0
20688,612,0
20689,615,0
20690,606,0
20691,616,0
20692,615,0
20693,609,0
20694,617,0
20695,605,0
20696,616,0
20697,620,0
20698,616,0
20699,619,0
20700,609,0
20701,614,0
20702,615,0
20703,620,0
20704,615,0
20705,614,0
20706,609,0
20707,614,0
20708,623,0
20709,611,0
20710,617,0
20711,620,0
20712,609,0
20713,613,0
20714,618,0
20715,619,0
20716,615,0
20717,615,0
20718,623,0
20719,612,0
20720,624,0
20721,606,0
20722,623,0
20723,613,0
20724,615,0
20725,612,0
20726,626,0
20727,615,0
20728,617,0
20729,611,0
20730,623,0
20731,609,0
20732,615,0
20733,624,0
20734,609,0
20735,613,0
20736,627,0
20737,611,0
20738,625,0
20739,621,0
20740,617,0
20741,613,0
20742,620,0
20743,617,0
20744,613,0
20745,620,0
20746,615,0
20747,623,0
20748,617,0
20749,614,0
20750,623,0
20751,618,0
20752,623,0
20753,618,0
20754,618,0
20755,615,0
20756,608,0
20757,624,0
20758,619,0
20759,615,0
20760,611,0
20761,621,0
20762,622,0
20763,618,0
20764,618,0
20765,621,0
20766,610,0
20767,619,0
20768,617,0
20769,626,0
20770,616,0
20771,617,0
20772,613,0
20773,612,0
20774,619,0
20775,615,0
20776,622,0
20777,618,0
20778,622,0
20779,609,0
20780,604,0
20781,617,0
20782,622,0
20783,611,0
20784,618,0
20785,614,0
20786,621,0
20787,618,0
20788,620,0
20789,608,0
20790,625,0
20791,610,0
20792,619,0
20793,618,0
20794,623,0
20795,618,0
20796,608,0
20797,616,0
20798,622,0
20799,620,0
20800,610,0
20801,605,0
20802,619,0
20803,600,0
20804,614,0
20805,623,0
20806,611,0
20807,613,0
20808,614,0
20809,621,0
20810,626,0
20811,623,0
20812,623,0
20813,616,0
20814,620,0
20815,611,0
20816,614,0
20817,615,0
20818,615,0
20819,614,0
20820,619,0
20821,619,0
20822,616,0
20823,611,0
20824,621,0
20825,603,0
20826,618,0
20827,617,0
20828,620,0
20829,621,0
20830,612,0
20831,620,0
20832,614,0
20833,609,0
20834,616,0
20835,621,0
20836,618,0
20837,622,0
20838,613,0
20839,606,0
20840,618,0
20841,621,0
20842,621,0
20843,623,0
20844,627,0
20845,618,0
20846,619,0
20847,617,0
20848,614,0
20849,609,0
20850,615,0
20851,606,0
20852,611,0
20853,616,0
20854,617,0
20855,614,0
20856,613,0
20857,618,0
20858,604,0
20859,611,0
20860,618,0
20861,628,0
20862,613,0
20863,621,0
20864,615,0
20865,630,0
20866,618,0
20867,615,0
20868,618,0
20869,615,0
20870,608,0
20871,611,0
20872,618,0
20873,623,0
20874,617,0
20875,604,0
20876,612,0
20877,618,0
20878,619,0
20879,622,0
20880,617,0
20881,610,0
20882,617,0
20883,612,0
20884,614,0
20885,626,0
20886,605,0
20887,615,0
20888,623,0
20889,615,0
20890,615,0
20891,616,0
20892,610,0
20893,613,0
20894,609,0
20895,610,0
20896,618,0
20897,616,0
20898,613,0
20899,625,0
20900,610,0
20901,617,0
20902,612,0
20903,616,0
20904,618,0
20905,613,0
20906,628,0
20907,618,0
20908,602,0
20909,618,0
20910,620,0
20911,614,0
20912,610,0
20913,609,0
20914,624,0
20915,617,0
20916,612,0
20917,625,0
20918,605,0
20919,622,0
20920,614,0
20921,613,0
20922,620,0
20923,619,0
20924,618,0
20925,611,0
20926,620,0
20927,616,0
20928,625,0
20929,609,0
20930,618,0
20931,626,0
20932,611,0
20933,621,0
20934,608,0
20935,618,0
20936,616,0
20937,615,0
20938,619,0
20939,616,0
20940,615,0
20941,616,0
20942,614,0
20943,622,0
20944,616,0
20945,620,0
20946,616,0
20947,624,0
20948,614,0
20949,619,0
20950,621,0
20951,608,0
20952,598,0
20953,616,0
20954,616,0
20955,618,0
20956,618,0
20957,622,0
20958,614,0
20959,620,0
20960,613,0
20961,609,0
20962,614,0
20963,619,0
20964,618,0
20965,614,0
20966,625,0
20967,613,0
20968,616,0
20969,610,0
20970,623,0
20971,622,0
20972,619,0
20973,620,0
20974,614,0
20975,618,0
20976,611,0
20977,616,0
20978,616,0
20979,613,0
20980,615,0
20981,613,0
20982,615,0
20983,615,0
20984,617,0
20985,623,0
20986,618,0
20987,624,0
20988,611,0
20989,618,0
20990,626,0
20991,610,0
20992,619,0
20993,618,0
20994,616,0
20995,614,0
20996,612,0
20997,620,0
20998,614,0
20999,620,0
21000,622,0
21001,612,0
21002,613,0
21003,609,0
21004,614,0
21005,627,0
21006,611,0
21007,619,0
21008,611,0
21009,613,0
21010,615,0
21011,614,0
21012,613,0
21013,616,0
21014,620,0
21015,614,0
21016,622,0
21017,618,0
21018,609,0
21019,608,0
21020,614,0
21021,625,0
21022,616,0
21023,624,0
21024,621,0
21025,616,0
21026,616,0
21027,617,0
21028,623,0
21029,615,0
21030,619,0
21031,617,0
21032,613,0
21033,619,0
21034,613,0
21035,616,0
21036,616,0
21037,614,0
21038,609,0
21039,612,0
21040,622,0
21041,616,0
21042,614,0
21043,621,0
21044,620,0
21045,615,0
21046,618,0
21047,609,0
21048,613,0
21049,619,0
21050,609,0
21051,609,0
21052,613,0
21053,620,0
21054,612,0
21055,613,0
21056,617,0
21057,613,0
21058,618,0
21059,617,0
21060,615,0
21061,612,0
21062,611,0
21063,622,0
21064,614,0
21065,613,0
21066,611,0
21067,617,0
21068,622,0
21069,617,0
21070,615,0
21071,615,0
21072,617,0
21073,613,0
21074,621,0
21075,609,0
21076,616,0
21077,617,0
21078,608,0
21079,607,0
21080,622,0
21081,612,0
21082,617,0
21083,613,0
21084,620,0
21085,615,0
21086,614,0
21087,607,0
21088,619,0
21089,621,0
21090,621,0
21091,613,0
21092,611,0
21093,619,0
21094,623,0
21095,617,0
21096,622,0
21097,611,0
21098,623,0
21099,618,0
21100,621,0
21101,619,0
21102,617,0
21103,614,0
21104,611,0
21105,613,0
21106,610,0
21107,615,0
21108,618,0
21109,623,0
21110,608,0
21111,616,0
21112,616,0
21113,619,0
21114,614,0
21115,613,0
21116,611,0
21117,619,0
21118,607,0
21119,621,0
21120,618,0
21121,618,0
21122,623,0
21123,616,0
21124,619,0
21125,619,0
21126,611,0
21127,626,0
21128,616,0
21129,616,0
21130,617,0
21131,624,0
21132,617,0
21133,614,0
21134,620,0
21135,617,0
21136,617,0
21137,624,0
21138,624,0
21139,602,0
21140,618,0
21141,623,0
21142,617,0
21143,620,0
21144,617,0
21145,622,0
21146,615,0
21147,623,0
21148,619,0
21149,618,0
21150,624,0
21151,611,0
21152,615,0
21153,619,0
21154,621,0
21155,624,0
21156,611,0
21157,612,0
21158,615,0
21159,611,0
21160,628,0
21161,609,0
21162,618,0
21163,622,0
21164,619,0
21165,618,0
21166,606,0
21167,613,0
21168,617,0
21169,612,0
21170,604,0
21171,620,0
21172,614,0
21173,618,0
21174,621,0
21175,612,0
21176,617,0
21177,626,0
21178,612,0
21179,619,0
21180,618,0
21181,615,0
21182,616,0
21183,618,0
21184,607,0
21185,619,0
21186,613,0
21187,624,0
21188,622,0
21189,615,0
21190,610,0
21191,612,0
21192,614,0
21193,620,0
21194,602,0
21195,622,0
21196,618,0
21197,618,0
21198,610,0
21199,614,0
21200,618,0
21201,607,0
21202,618,0
21203,618,0
21204,615,0
21205,601,0
21206,614,0
21207,616,0
21208,609,0
21209,617,0
21210,615,0
21211,613,0
21212,610,0
21213,615,0
21214,623,0
21215,619,0
21216,615,0
21217,617,0
21218,625,0
21219,612,0
21220,607,0
21221,609,0
21222,617,0
21223,610,0
21224,622,0
21225,622,0
21226,615,0
21227,618,0
21228,615,0
21229,611,0
21230,615,0
21231,608,0
21232,625,0
21233,622,0
21234,618,0
21235,617,0
21236,615,0
21237,617,0
21238,609,0
21239,623,0
21240,622,0
21241,606,0
21242,624,0
21243,618,0
21244,606,0
21245,617,0
21246,616,0
21247,615,0
21248,622,0
21249,628,0
21250,616,0
21251,613,0
21252,616,0
21253,606,0
21254,620,0
21255,623,0
21256,613,0
21257,623,0
21258,618,0
21259,620,0
21260,617,0
21261,614,0
21262,614,0
21263,618,0
21264,614,0
21265,612,0
21266,617,0
21267,618,0
21268,620,0
21269,610,0
21270,620,0
21271,618,0
21272,612,0
21273,616,0
21274,618,0
21275,615,0
21276,612,0
21277,617,0
21278,614,0
21279,620,0
21280,615,0
21281,611,0
21282,614,0
21283,617,0
21284,617,0
21285,618,0
21286,624,0
21287,621,0
21288,612,0
21289,621,0
21290,619,0
21291,622,0
21292,614,0
21293,618,0
21294,608,0
21295,617,0
21296,611,0
21297,615,0
21298,614,0
21299,616,0
21300,623,0
21301,614,0
21302,616,0
21303,619,0
21304,622,0
21305,623,0
21306,619,0
21307,617,0
21308,617,0
21309,612,0
21310,617,0
21311,614,0
21312,619,0
21313,609,0
21314,616,0
21315,608,0
21316,617,0
21317,614,0
21318,614,0
21319,620,0
21320,604,0
21321,620,0
21322,614,0
21323,631,0
21324,613,0
21325,616,0
21326,618,0
21327,616,0
21328,602,0
21329,609,0
21330,621,0
21331,614,0
21332,604,0
21333,610,0
21334,616,0
21335,617,0
21336,609,0
21337,620,0
21338,624,0
21339,624,0
21340,619,0
21341,618,0
21342,611,0
21343,616,0
21344,620,0
21345,606,0
21346,617,0
21347,610,0
21348,614,0
21349,621,0
21350,615,0
21351,619,0
21352,610,0
21353,614,0
21354,612,0
21355,614,0
21356,626,0
21357,615,0
21358,619,0
21359,618,0
21360,614,0
21361,616,0
21362,626,0
21363,617,0
21364,615,0
21365,627,0
21366,620,0
21367,611,0
21368,620,0
21369,615,0
21370,614,0
21371,610,0
21372,611,0
21373,609,0
21374,611,0
21375,613,0
21376,617,0
21377,621,0
21378,616,0
21379,616,0
21380,613,0
21381,612,0
21382,614,0
21383,619,0
21384,626,0
21385,619,0
21386,612,0
21387,616,0
21388,610,0
21389,612,0
21390,619,0
21391,613,0
21392,619,0
21393,616,0
21394,620,0
21395,622,0
21396,614,0
21397,616,0
21398,619,0
21399,613,0
21400,605,0
21401,625,0
21402,612,0
21403,613,0
21404,612,0
21405,610,0
21406,612,0
21407,615,0
21408,614,0
21409,613,0
21410,622,0
21411,616,0
21412,603,0
21413,611,0
21414,607,0
21415,611,0
21416,616,0
21417,610,0
21418,617,0
21419,605,0
21420,627,0
21421,616,0
21422,616,0
21423,613,0
21424,625,0
21425,618,0
21426,617,0
21427,612,0
21428,615,0
21429,613,0
21430,617,0
21431,606,0
21432,615,0
21433,624,0
21434,618,0
21435,624,0
21436,615,0
21437,611,0
21438,615,0
21439,617,0
21440,608,0
21441,620,0
21442,621,0
21443,613,0
21444,619,0
21445,611,0
21446,614,0
21447,615,0
21448,612,0
21449,619,0
21450,620,0
21451,621,0
21452,610,0
21453,619,0
21454,610,0
21455,612,0
21456,611,0
21457,618,0
21458,620,0
21459,616,0
21460,620,0
21461,614,0
21462,611,0
21463,618,0
21464,617,0
21465,624,0
21466,618,0
21467,623,0
21468,615,0
21469,604,0
21470,603,0
21471,614,0
21472,616,0
21473,617,0
21474,622,0
21475,622,0
21476,612,0
21477,619,0
21478,619,0
21479,620,0
21480,620,0
21481,612,0
21482,617,0
21483,612,0
21484,619,0
21485,617,0
21486,615,0
21487,613,0
21488,619,0
21489,615,0
21490,614,0
21491,613,0
21492,611,0
21493,614,0
21494,627,0
21495,617,0
21496,617,0
21497,621,0
21498,612,0
21499,616,0
21500,610,0
21501,615,0
21502,615,0
21503,615,0
21504,613,0
21505,618,0
21506,608,0
21507,616,0
21508,617,0
21509,605,0
21510,623,0
21511,617,0
21512,615,0
21513,613,0
21514,614,0
21515,614,0
21516,624,0
21517,608,0
21518,613,0
21519,623,0
21520,612,0
21521,617,0
21522,618,0
21523,618,0
21524,607,0
21525,611,0
21526,614,0
21527,619,0
21528,615,0
21529,607,0
21530,618,0
21531,622,0
21532,610,0
21533,610,0
21534,610,0
21535,621,0
21536,615,0
21537,621,0
21538,605,0
21539,613,0
21540,616,0
21541,610,0
21542,619,0
21543,620,0
21544,618,0
21545,617,0
21546,626,0
21547,601,0
21548,612,0
21549,611,0
21550,616,0
21551,607,0
21552,618,0
21553,621,0
21554,610,0
21555,623,0
21556,615,0
21557,620,0
21558,622,0
21559,612,0
21560,610,0
21561,621,0
21562,614,0
21563,613,0
21564,615,0
21565,613,0
21566,614,0
21567,613,0
21568,623,0
21569,621,0
21570,613,0
21571,614,0
21572,619,0
21573,615,0
21574,620,0
21575,611,0
21576,612,0
21577,620,0
21578,623,0
21579,621,0
21580,615,0
21581,612,0
21582,616,0
21583,615,0
21584,620,0
21585,616,0
21586,618,0
21587,616,0
21588,614,0
21589,611,0
21590,622,0
21591,618,0
21592,623,0
21593,619,0
21594,608,0
21595,617,0
21596,614,0
21597,616,0
21598,624,0
21599,618,0
21600,625,0
21601,612,0
21602,620,0
21603,615,0
21604,620,0
21605,614,0
21606,620,0
21607,621,0
21608,617,0
21609,629,0
21610,629,0
21611,618,0
21612,623,0
21613,611,0
21614,625,0
21615,623,0
21616,610,0
21617,603,0
21618,615,0
21619,626,0
21620,620,0
21621,611,0
21622,615,0
21623,614,0
21624,617,0
21625,614,0
21626,620,0
21627,617,0
21628,627,0
21629,619,0
21630,620,0
21631,618,0
21632,619,0
21633,622,0
21634,617,0
21635,610,0
21636,618,0
21637,603,0
21638,614,0
21639,621,0
21640,612,0
21641,618,0
21642,617,0
21643,616,0
21644,619,0
21645,621,0
21646,612,0
21647,623,0
21648,614,0
21649,627,0
21650,607,0
21651,614,0
21652,615,0
21653,610,0
21654,610,0
21655,608,0
21656,618,0
21657,614,0
21658,616,0
21659,617,0
21660,627,0
21661,615,0
21662,610,0
21663,623,0
21664,620,0
21665,611,0
21666,617,0
21667,611,0
21668,622,0
21669,617,0
21670,620,0
21671,619,0
21672,616,0
21673,616,0
21674,619,0
21675,611,0
21676,621,0
21677,611,0
21678,612,0
21679,618,0
21680,620,0
21681,611,0
21682,614,0
21683,619,0
21684,610,0
21685,610,0
21686,613,0
21687,609,0
21688,616,0
21689,619,0
21690,613,0
21691,613,0
21692,620,0
21693,608,0
21694,621,0
21695,610,0
21696,622,0
21697,618,0
21698,614,0
21699,615,0
21700,614,0
21701,620,0
21702,612,0
21703,613,0
21704,605,0
21705,615,0
21706,612,0
21707,622,0
21708,605,0
21709,621,0
21710,617,0
21711,614,0
21712,611,0
21713,611,0
21714,619,0
21715,622,0
21716,612,0
21717,620,0
21718,618,0
21719,621,0
21720,617,0
21721,616,0
21722,614,0
21723,619,0
21724,615,0
21725,617,0
21726,622,0
21727,618,0
21728,622,0
21729,612,0
21730,614,0
21731,612,0
21732,619,0
21733,621,0
21734,614,0
21735,617,0
21736,609,0
21737,607,0
21738,617,0
21739,625,0
21740,624,0
21741,617,0
21742,618,0
21743,617,0
21744,612,0
21745,610,0
21746,623,0
21747,621,0
21748,619,0
21749,617,0
21750,608,0
21751,604,0
21752,617,0
21753,614,0
21754,611,0
21755,619,0
21756,621,0
21757,626,0
21758,620,0
21759,626,0
21760,608,0
21761,623,0
21762,616,0
21763,618,0
21764,613,0
21765,621,0
21766,608,0
21767,614,0
21768,616,0
21769,624,0
21770,619,0
21771,608,0
21772,606,0
21773,610,0
21774,620,0
21775,620,0
21776,608,0
21777,615,0
21778,617,0
21779,612,0
21780,610,0
21781,619,0
21782,605,0
21783,620,0
21784,618,0
21785,607,0
21786,610,0
21787,612,0
21788,612,0
21789,610,0
21790,621,0
21791,624,0
21792,606,0
21793,617,0
21794,614,0
21795,615,0
21796,618,0
21797,615,0
21798,616,0
21799,612,0
21800,623,0
21801,618,0
21802,618,0
21803,620,0
21804,618,0
21805,611,0
21806,610,0
21807,625,0
21808,619,0
21809,622,0
21810,619,0
21811,615,0
21812,617,0
21813,622,0
21814,619,0
21815,627,0
21816,618,0
21817,618,0
21818,621,0
21819,614,0
21820,625,0
21821,602,0
21822,621,0
21823,619,0
21824,618,0
21825,621,0
21826,617,0
21827,624,0
21828,615,0
21829,616,0
21830,618,0
21831,615,0
21832,619,0
21833,621,0
21834,615,0
21835,616,0
21836,613,0
21837,620,0
21838,609,0
21839,621,0
21840,613,0
21841,613,0
21842,619,0
21843,621,0
21844,616,0
21845,622,0
21846,613,0
21847,620,0
21848,613,0
21849,608,0
21850,612,0
21851,620,0
21852,623,0
21853,621,0
21854,617,0
21855,624,0
21856,629,0
21857,624,0
21858,606,0
21859,613,0
21860,614,0
21861,609,0
21862,620,0
21863,622,0
21864,606,0
21865,612,0
21866,621,0
21867,617,0
21868,611,0
21869,604,0
21870,621,0
21871,614,0
21872,615,0
21873,617,0
21874,621,0
21875,621,0
21876,612,0
21877,616,0
21878,609,0
21879,620,0
21880,616,0
21881,620,0
21882,625,0
21883,618,0
21884,617,0
21885,611,0
21886,623,0
21887,615,0
21888,624,0
21889,619,0
21890,617,0
21891,613,0
21892,618,0
21893,615,0
21894,624,0
21895,622,0
21896,614,0
21897,613,0
21898,615,0
21899,612,0
21900,610,0
21901,623,0
21902,625,0
21903,624,0
21904,616,0
21905,621,0
21906,616,0
21907,609,0
21908,613,0
21909,617,0
21910,622,0
21911,618,0
21912,615,0
21913,615,0
21914,618,0
21915,621,0
21916,608,0
21917,612,0
21918,620,0
21919,611,0
21920,615,0
21921,622,0
21922,615,0
21923,620,0
21924,621,0
21925,612,0
21926,624,0
21927,610,0
21928,620,0
21929,615,0
21930,613,0
21931,622,0
21932,620,0
21933,616,0
21934,618,0
21935,598,0
21936,615,0
21937,607,0
21938,620,0
21939,610,0
21940,607,0
21941,608,0
21942,616,0
21943,614,0
21944,614,0
21945,606,0
21946,619,0
21947,611,0
21948,618,0
21949,619,0
21950,602,0
21951,619,0
21952,611,0
21953,624,0
21954,612,0
21955,618,0
21956,618,0
21957,613,0
21958,614,0
21959,617,0
21960,622,0
21961,619,0
21962,607,0
21963,623,0
21964,618,0
21965,611,0
21966,611,0
21967,616,0
21968,616,0
21969,615,0
21970,619,0
21971,616,0
21972,616,0
21973,622,0
21974,622,0
21975,623,0
21976,614,0
21977,618,0
21978,619,0
21979,616,0
21980,614,0
21981,617,0
21982,611,0
21983,612,0
21984,624,0
21985,611,0
21986,624,0
21987,619,0
21988,613,0
21989,616,0
21990,608,0
21991,619,0
21992,621,0
21993,611,0
21994,620,0
21995,623,0
21996,619,0
21997,618,0
21998,620,0
21999,608,0
22000,618,0
22001,629,0
22002,615,0
22003,609,0
22004,628,0
22005,617,0
22006,617,0
22007,616,0
22008,618,0
22009,622,0
22010,616,0
22011,619,0
22012,618,0
22013,615,0
22014,614,0
22015,611,0
22016,607,0
22017,617,0
22018,614,0
22019,617,0
22020,613,0
22021,617,0
22022,618,0
22023,606,0
22024,615,0
22025,618,0
22026,605,0
22027,608,0
22028,613,0
22029,609,0
22030,614,0
22031,615,0
22032,616,0
22033,602,0
22034,615,0
22035,619,0
22036,625,0
22037,619,0
22038,617,0
22039,615,0
22040,613,0
22041,619,0
22042,608,0
22043,609,0
22044,614,0
22045,618,0
22046,621,0
22047,624,0
22048,610,0
22049,613,0
22050,615,0
22051,614,0
22052,624,0
22053,628,0
22054,612,0
22055,609,0
22056,621,0
22057,614,0
22058,623,0
22059,619,0
22060,613,0
22061,611,0
22062,610,0
22063,621,0
22064,614,0
22065,615,0
22066,613,0
22067,610,0
22068,621,0
22069,609,0
22070,627,0
22071,607,0
22072,617,0
22073,624,0
22074,621,0
22075,617,0
22076,616,0
22077,613,0
22078,613,0
22079,624,0
22080,609,0
22081,619,0
22082,615,0
22083,610,0
22084,616,0
22085,616,0
22086,612,0
22087,617,0
22088,612,0
22089,614,0
22090,626,0
22091,614,0
22092,610,0
22093,618,0
22094,620,0
22095,625,0
22096,616,0
22097,614,0
22098,615,0
22099,614,0
22100,610,0
22101,611,0
22102,615,0
22103,624,0
22104,612,0
22105,624,0
22106,615,0
22107,619,0
22108,618,0
22109,610,0
22110,621,0
22111,621,0
22112,609,0
22113,613,0
22114,611,0
22115,628,0
22116,619,0
22117,607,0
22118,622,0
22119,615,0
22120,618,0
22121,616,0
22122,609,0
22123,622,0
22124,618,0
22125,613,0
22126,618,0
22127,620,0
22128,612,0
22129,621,0
22130,622,0
22131,610,0
22132,614,0
22133,620,0
22134,620,0
22135,616,0
22136,620,0
22137,616,0
22138,619,0
22139,624,0
22140,629,0
22141,619,0
22142,616,0
22143,616,0
22144,623,0
22145,617,0
22146,617,0
22147,620,0
22148,615,0
22149,607,0
22150,617,0
22151,615,0
22152,621,0
22153,618,0
22154,617,0
22155,615,0
22156,617,0
22157,618,0
22158,612,0
22159,620,0
22160,614,0
22161,619,0
22162,620,0
22163,624,0
22164,622,0
22165,617,0
22166,604,0
22167,620,0
22168,618,0
22169,607,0
22170,607,0
22171,617,0
22172,610,0
22173,621,0
22174,608,0
22175,617,0
22176,616,0
22177,625,0
22178,624,0
22179,617,0
22180,616,0
22181,608,0
22182,619,0
22183,620,0
22184,613,0
22185,605,0
22186,619,0
22187,611,0
22188,610,0
22189,610,0
22190,619,0
22191,608,0
22192,618,0
22193,617,0
22194,618,0
22195,613,0
22196,617,0
22197,612,0
22198,624,0
22199,622,0
22200,617,0
22201,613,0
22202,617,0
22203,613,0
22204,617,0
22205,615,0
22206,605,0
22207,608,0
22208,620,0
22209,617,0
22210,623,0
22211,604,0
22212,615,0
22213,611,0
22214,621,0
22215,612,0
22216,609,0
22217,624,0
22218,615,0
22219,617,0
22220,615,0
22221,615,0
22222,621,0
22223,615,0
22224,616,0
22225,616,0
22226,625,0
22227,608,0
22228,613,0
22229,611,0
22230,614,0
22231,614,0
22232,615,0
22233,625,0
22234,619,0
22235,613,0
22236,620,0
22237,624,0
22238,629,0
22239,610,0
22240,618,0
22241,623,0
22242,616,0
22243,612,0
22244,622,0
22245,618,0
22246,618,0
22247,614,0
22248,607,0
22249,614,0
22250,616,0
22251,612,0
22252,621,0
22253,606,0
22254,623,0
22255,626,0
22256,613,0
22257,612,0
22258,610,0
22259,617,0
22260,619,0
22261,616,0
22262,620,0
22263,612,0
22264,620,0
22265,619,0
22266,608,0
22267,619,0
22268,613,0
22269,622,0
22270,620,0
22271,619,0
22272,622,0
22273,615,0
22274,611,0
22275,621,0
22276,623,0
22277,613,0
22278,616,0
22279,605,0
22280,621,0
22281,621,0
22282,616,0
22283,620,0
22284,611,0
22285,621,0
22286,614,0
22287,609,0
22288,614,0
22289,624,0
22290,624,0
22291,613,0
22292,613,0
22293,617,0
22294,610,0
22295,618,0
22296,620,0
22297,617,0
22298,609,0
22299,619,0
22300,620,0
22301,609,0
22302,614,0
22303,613,0
22304,611,0
22305,614,0
22306,619,0
22307,632,0
22308,614,0
22309,627,0
22310,608,0
22311,618,0
22312,612,0
22313,609,0
22314,607,0
22315,621,0
22316,614,0
22317,614,0
22318,626,0
22319,613,0
22320,613,0
22321,615,0
22322,614,0
22323,618,0
22324,608,0
22325,619,0
22326,614,0
22327,619,0
22328,617,0
22329,617,0
22330,622,0
22331,620,0
22332,623,0
22333,611,0
22334,611,0
22335,625,0
22336,614,0
22337,610,0
22338,618,0
22339,618,0
22340,618,0
22341,614,0
22342,609,0
22343,617,0
22344,622,0
22345,618,0
22346,633,0
22347,626,0
22348,607,0
22349,613,0
22350,613,0
22351,618,0
22352,621,0
22353,622,0
22354,619,0
22355,621,0
22356,611,0
22357,617,0
22358,616,0
22359,621,0
22360,621,0
22361,615,0
22362,609,0
22363,616,0
22364,610,0
22365,611,0
22366,620,0
22367,614,0
22368,615,0
22369,612,0
22370,618,0
22371,620,0
22372,623,0
22373,626,0
22374,617,0
22375,624,0
22376,627,0
22377,624,0
22378,619,0
22379,610,0
22380,625,0
22381,618,0
22382,614,0
22383,614,0
22384,620,0
22385,612,0
22386,610,0
22387,624,0
22388,616,0
22389,617,0
22390,614,0
22391,616,0
22392,615,0
22393,613,0
22394,610,0
22395,620,0
22396,613,0
22397,621,0
22398,618,0
22399,611,0
22400,609,0
22401,621,0
22402,611,0
22403,617,0
22404,623,0
22405,617,0
22406,623,0
22407,618,0
22408,618,0
22409,616,0
22410,619,0
22411,615,0
22412,610,0
22413,622,0
22414,612,0
22415,618,0
22416,615,0
22417,620,0
22418,619,0
22419,616,0
22420,617,0
22421,614,0
22422,614,0
22423,626,0
22424,617,0
22425,611,0
22426,609,0
22427,612,0
22428,621,0
22429,625,0
22430,618,0
22431,614,0
22432,620,0
22433,614,0
22434,619,0
22435,627,0
22436,620,0
22437,614,0
22438,612,0
22439,616,0
22440,615,0
22441,618,0
22442,619,0
22443,623,0
22444,612,0
22445,612,0
22446,609,0
22447,620,0
22448,613,0
22449,623,0
22450,619,0
22451,614,0
22452,624,0
22453,617,0
22454,615,0
22455,612,0
22456,619,0
22457,615,0
22458,620,0
22459,608,0
22460,614,0
22461,620,0
22462,625,0
22463,621,0
22464,617,0
22465,613,0
22466,619,0
22467,621,0
22468,622,0
22469,622,0
22470,612,0
22471,615,0
22472,614,0
22473,614,0
22474,613,0
22475,619,0
22476,616,0
22477,620,0
22478,611,0
22479,620,0
22480,619,0
22481,619,0
22482,617,0
22483,612,0
22484,609,0
22485,621,0
22486,620,0
22487,611,0
22488,630,0
22489,608,0
22490,620,0
22491,614,0
22492,620,0
22493,613,0
22494,616,0
22495,615,0
22496,610,0
22497,617,0
22498,622,0
22499,620,0
22500,622,0
22501,609,0
22502,615,0
22503,620,0
22504,618,0
22505,605,0
22506,618,0
22507,618,0
22508,617,0
22509,623,0
22510,614,0
22511,616,0
22512,609,0
22513,615,0
22514,615,0
22515,617,0
22516,613,0
22517,607,0
22518,614,0
22519,614,0
22520,612,0
22521,617,0
22522,630,0
22523,622,0
22524,622,0
22525,615,0
22526,618,0
22527,616,0
22528,621,0
22529,616,0
22530,616,0
22531,621,0
22532,612,0
22533,607,0
22534,622,0
22535,619,0
22536,610,0
22537,622,0
22538,625,0
22539,613,0
22540,621,0
22541,606,0
22542,612,0
22543,623,0
22544,612,0
22545,612,0
22546,606,0
22547,617,0
22548,623,0
22549,613,0
22550,613,0
22551,619,0
22552,617,0
22553,623,0
22554,615,0
22555,617,0
22556,623,0
22557,621,0
22558,624,0
22559,626,0
22560,616,0
22561,611,0
22562,618,0
22563,612,0
22564,622,0
22565,608,0
22566,616,0
22567,610,0
22568,613,0
22569,612,0
22570,613,0
22571,605,0
22572,619,0
22573,617,0
22574,625,0
22575,614,0
22576,611,0
22577,615,0
22578,619,0
22579,618,0
22580,612,0
22581,615,0
22582,623,0
22583,613,0
22584,610,0
22585,619,0
22586,617,0
22587,615,0
22588,619,0
22589,618,0
22590,612,0
22591,623,0
22592,618,0
22593,621,0
22594,612,0
22595,627,0
22596,614,0
22597,611,0
22598,608,0
22599,623,0
22600,621,0
22601,614,0
22602,611,0
22603,617,0
22604,611,0
22605,614,0
22606,618,0
22607,620,0
22608,628,0
22609,617,0
22610,619,0
22611,612,0
22612,615,0
22613,616,0
22614,616,0
22615,616,0
22616,615,0
22617,611,0
22618,634,0
22619,615,0
22620,620,0
22621,616,0
22622,617,0
22623,619,0
22624,614,0
22625,610,0
22626,618,0
22627,624,0
22628,606,0
22629,620,0
22630,621,0
22631,620,0
22632,611,0
22633,617,0
22634,620,0
22635,615,0
22636,615,0
22637,622,0
22638,620,0
22639,624,0
22640,623,0
22641,616,0
22642,619,0
22643,617,0
22644,619,0
22645,612,0
22646,611,0
22647,621,0
22648,618,0
22649,612,0
22650,606,0
22651,616,0
22652,616,0
22653,612,0
22654,611,0
22655,607,0
22656,625,0
22657,625,0
22658,616,0
22659,611,0
22660,612,0
22661,612,0
22662,619,0
22663,618,0
22664,612,0
22665,613,0
22666,623,0
22667,613,0
22668,611,0
22669,616,0
22670,611,0
22671,619,0
22672,626,0
22673,617,0
22674,618,0
22675,618,0
22676,624,0
22677,623,0
22678,613,0
22679,621,0
22680,617,0
22681,613,0
22682,612,0
22683,617,0
22684,617,0
22685,614,0
22686,613,0
22687,617,0
22688,623,0
22689,617,0
22690,618,0
22691,620,0
22692,614,0
22693,611,0
22694,613,0
22695,618,0
22696,618,0
22697,613,0
22698,624,0
22699,616,0
22700,614,0
22701,627,0
22702,614,0
22703,623,0
22704,612,0
22705,623,0
22706,622,0
22707,627,0
22708,611,0
22709,623,0
22710,618,0
22711,616,0
22712,613,0
22713,620,0
22714,608,0
22715,612,0
22716,621,0
22717,613,0
22718,616,0
22719,619,0
22720,621,0
22721,607,0
22722,619,0
22723,616,0
22724,619,0
22725,606,0
22726,614,0
22727,613,0
22728,623,0
22729,623,0
22730,615,0
22731,617,0
22732,621,0
22733,610,0
22734,609,0
22735,624,0
22736,622,0
22737,616,0
22738,609,0
22739,623,0
22740,627,0
22741,621,0
22742,623,0
22743,615,0
22744,619,0
22745,618,0
22746,619,0
22747,617,0
22748,619,0
22749,621,0
22750,614,0
22751,618,0
22752,619,0
22753,617,0
22754,623,0
22755,616,0
22756,613,0
22757,609,0
22758,618,0
22759,624,0
22760,621,0
22761,618,0
22762,627,0
22763,626,0
22764,612,0
22765,620,0
22766,617,0
22767,619,0
22768,619,0
22769,610,0
22770,615,0
22771,619,0
22772,606,0
22773,616,0
22774,615,0
22775,617,0
22776,613,0
22777,613,0
22778,617,0
22779,621,0
22780,628,0
22781,610,0
22782,611,0
22783,611,0
22784,621,0
22785,620,0
22786,623,0
22787,621,0
22788,615,0
22789,614,0
22790,606,0
22791,614,0
22792,612,0
22793,615,0
22794,619,0
22795,612,0
22796,610,0
22797,616,0
22798,616,0
22799,618,0
22800,620,0
22801,620,0
22802,615,0
22803,620,0
22804,622,0
22805,619,0
22806,617,0
22807,619,0
22808,618,0
22809,617,0
22810,620,0
22811,619,0
22812,622,0
22813,612,0
22814,612,0
22815,615,0
22816,624,0
22817,619,0
22818,614,0
22819,618,0
22820,617,0
22821,618,0
22822,615,0
22823,611,0
22824,619,0
22825,617,0
22826,619,0
22827,625,0
22828,620,0
22829,615,0
22830,614,0
22831,627,0
22832,615,0
22833,619,0
22834,611,0
22835,619,0
22836,617,0
22837,617,0
22838,610,0
22839,616,0
22840,620,0
22841,613,0
22842,615,0
22843,609,0
22844,617,0
22845,626,0
22846,611,0
22847,625,0
22848,610,0
22849,615,0
22850,611,0
22851,620,0
22852,616,0
22853,619,0
22854,618,0
22855,616,0
22856,627,0
22857,618,0
22858,618,0
22859,611,0
22860,616,0
22861,621,0
22862,619,0
22863,616,0
22864,614,0
22865,621,0
22866,612,0
22867,614,0
22868,613,0
22869,617,0
22870,612,0
22871,610,0
22872,619,0
22873,609,0
22874,621,0
22875,610,0
22876,615,0
22877,606,0
22878,617,0
22879,620,0
22880,625,0
22881,620,0
22882,612,0
22883,614,0
22884,621,0
22885,619,0
22886,618,0
22887,614,0
22888,609,0
22889,614,0
22890,616,0
22891,612,0
22892,624,0
22893,614,0
22894,616,0
22895,623,0
22896,620,0
22897,618,0
22898,616,0
22899,621,0
22900,614,0
22901,617,0
22902,611,0
22903,611,0
22904,617,0
22905,608,0
22906,617,0
22907,621,0
22908,609,0
22909,605,0
22910,620,0
22911,610,0
22912,616,0
22913,606,0
22914,628,0
22915,619,0
22916,616,0
22917,613,0
22918,616,0
22919,618,0
22920,610,0
22921,622,0
22922,616,0
22923,621,0
22924,626,0
22925,611,0
22926,621,0
22927,633,0
22928,618,0
22929,615,0
22930,616,0
22931,618,0
22932,609,0
22933,625,0
22934,619,0
22935,612,0
22936,609,0
22937,617,0
22938,622,0
22939,617,0
22940,617,0
22941,623,0
22942,617,0
22943,611,0
22944,609,0
22945,623,0
22946,606,0
22947,619,0
22948,612,0
22949,612,0
22950,616,0
22951,610,0
22952,622,0
22953,624,0
22954,619,0
22955,615,0
22956,615,0
22957,615,0
22958,621,0
22959,616,0
22960,610,0
22961,621,0
22962,617,0
22963,616,0
22964,616,0
22965,620,0
22966,617,0
22967,612,0
22968,614,0
22969,611,0
22970,618,0
22971,624,0
22972,619,0
22973,619,0
22974,617,0
22975,613,0
22976,608,0
22977,619,0
22978,607,0
22979,623,0
22980,622,0
22981,615,0
22982,622,0
22983,616,0
22984,608,0
22985,616,0
22986,616,0
22987,609,0
22988,613,0
22989,617,0
22990,616,0
22991,613,0
22992,621,0
22993,606,0
22994,625,0
22995,617,0
22996,611,0
22997,610,0
22998,622,0
22999,612,0
23000,612,0
23001,622,0
23002,621,0
23003,609,0
23004,618,0
23005,609,0
23006,614,0
23007,617,0
23008,617,0
23009,619,0
23010,620,0
23011,617,0
23012,610,0
23013,616,0
23014,623,0
23015,623,0
23016,618,0
23017,619,0
23018,612,0
23019,614,0
23020,614,0
23021,613,0
23022,612,0
23023,613,0
23024,620,0
23025,613,0
23026,624,0
23027,614,0
23028,617,0
23029,609,0
23030,616,0
23031,610,0
23032,606,0
23033,624,0
23034,619,0
23035,620,0
23036,613,0
23037,619,0
23038,624,0
23039,617,0
23040,617,0
23041,616,0
23042,618,0
23043,611,0
23044,619,0
23045,614,0
23046,617,0
23047,613,0
23048,616,0
23049,610,0
23050,613,0
23051,611,0
23052,618,0
23053,615,0
23054,616,0
23055,626,0
23056,619,0
23057,624,0
23058,623,0
23059,620,0
23060,613,0
23061,617,0
23062,621,0
23063,614,0
23064,617,0
23065,611,0
23066,613,0
23067,619,0
23068,617,0
23069,617,0
23070,612,0
23071,622,0
23072,622,0
23073,626,0
23074,623,0
23075,616,0
23076,619,0
23077,612,0
23078,613,0
23079,616,0
23080,607,0
23081,618,0
23082,617,0
23083,619,0
23084,610,0
23085,617,0
23086,611,0
23087,611,0
23088,612,0
23089,612,0
23090,617,0
23091,617,0
23092,618,0
23093,616,0
23094,620,0
23095,619,0
23096,616,0
23097,616,0
23098,629,0
23099,621,0
23100,618,0
23101,618,0
23102,618,0
23103,610,0
23104,618,0
23105,623,0
23106,611,0
23107,620,0
23108,618,0
23109,608,0
23110,621,0
23111,624,0
23112,607,0
23113,625,0
23114,616,0
23115,617,0
23116,615,0
23117,622,0
23118,610,0
23119,618,0
23120,615,0
23121,614,0
23122,616,0
23123,621,0
23124,619,0
23125,612,0
23126,610,0
23127,614,0
23128,609,0
23129,611,0
23130,618,0
23131,609,0
23132,618,0
23133,613,0
23134,623,0
23135,625,0
23136,615,0
23137,625,0
23138,620,0
23139,611,0
23140,607,0
23141,612,0
23142,625,0
23143,609,0
23144,619,0
23145,609,0
23146,611,0
23147,623,0
23148,616,0
23149,617,0
23150,620,0
23151,621,0
23152,616,0
23153,620,0
23154,616,0
23155,619,0
23156,618,0
23157,611,0
23158,609,0
23159,613,0
23160,612,0
23161,609,0
23162,620,0
23163,614,0
23164,617,0
23165,614,0
23166,614,0
23167,616,0
23168,615,0
23169,622,0
23170,625,0
23171,611,0
23172,616,0
23173,617,0
23174,619,0
23175,622,0
23176,613,0
23177,616,0
23178,608,0
23179,614,0
23180,616,0
23181,622,0
23182,614,0
23183,614,0
23184,619,0
23185,616,0
23186,617,0
23187,620,0
23188,623,0
23189,613,0
23190,627,0
23191,615,0
23192,619,0
23193,633,0
23194,613,0
23195,616,0
23196,609,0
23197,614,0
23198,612,0
23199,620,0
23200,622,0
23201,615,0
23202,620,0
23203,607,0
23204,625,0
23205,614,0
23206,608,0
23207,618,0
23208,614,0
23209,614,0
23210,614,0
23211,613,0
23212,614,0
23213,616,0
23214,620,0
23215,617,0
23216,616,0
23217,616,0
23218,616,0
23219,613,0
23220,619,0
23221,616,0
23222,625,0
23223,627,0
23224,613,0
23225,613,0
23226,613,0
23227,615,0
23228,618,0
23229,610,0
23230,624,0
23231,618,0
23232,620,0
23233,621,0
23234,614,0
23235,617,0
23236,625,0
23237,619,0
23238,620,0
23239,621,0
23240,619,0
23241,616,0
23242,616,0
23243,604,0
23244,624,0
23245,616,0
23246,619,0
23247,617,0
23248,613,0
23249,611,0
23250,613,0
23251,620,0
23252,618,0
23253,609,0
23254,620,0
23255,627,0
23256,611,0
23257,610,0
23258,620,0
23259,614,0
23260,628,0
23261,621,0
23262,609,0
23263,619,0
23264,616,0
23265,627,0
23266,614,0
23267,619,0
23268,624,0
23269,613,0
23270,620,0
23271,620,0
23272,622,0
23273,621,0
23274,612,0
23275,610,0
23276,614,0
23277,616,0
23278,616,0
23279,609,0
23280,609,0
23281,602,0
23282,610,0
23283,625,0
23284,615,0
23285,608,0
23286,602,0
23287,613,0
23288,622,0
23289,614,0
23290,612,0
23291,615,0
23292,630,0
23293,625,0
23294,611,0
23295,624,0
23296,607,0
23297,619,0
23298,608,0
23299,617,0
23300,609,0
23301,617,0
23302,621,0
23303,617,0
23304,621,0
23305,609,0
23306,613,0
23307,614,0
23308,610,0
23309,617,0
23310,611,0
23311,616,0
23312,617,0
23313,613,0
23314,613,0
23315,617,0
23316,620,0
23317,608,0
23318,614,0
23319,615,0
23320,622,0
23321,620,0
23322,608,0
23323,615,0
23324,616,0
23325,612,0
23326,617,0
23327,622,0
23328,617,0
23329,624,0
23330,611,0
23331,618,0
23332,616,0
23333,614,0
23334,614,0
23335,611,0
23336,615,0
23337,623,0
23338,622,0
23339,609,0
23340,612,0
23341,610,0
23342,615,0
23343,615,0
23344,609,0
23345,610,0
23346,614,0
23347,624,0
23348,612,0
23349,619,0
23350,609,0
23351,615,0
23352,611,0
23353,616,0
23354,613,0
23355,612,0
23356,621,0
23357,615,0
23358,618,0
23359,625,0
23360,614,0
23361,610,0
23362,610,0
23363,614,0
23364,610,0
23365,620,0
23366,616,0
23367,621,0
23368,617,0
23369,618,0
23370,619,0
23371,613,0
23372,615,0
23373,616,0
23374,617,0
23375,626,0
23376,612,0
23377,620,0
23378,610,0
23379,619,0
23380,608,0
23381,611,0
23382,613,0
23383,612,0
23384,614,0
23385,608,0
23386,609,0
23387,620,0
23388,614,0
23389,621,0
23390,615,0
23391,614,0
23392,620,0
23393,617,0
23394,607,0
23395,610,0
23396,619,0
23397,611,0
23398,612,0
23399,615,0
23400,618,0
23401,611,0
23402,614,0
23403,620,0
23404,622,0
23405,613,0
23406,616,0
23407,615,0
23408,607,0
23409,612,0
23410,612,0
23411,606,0
23412,610,0
23413,618,0
23414,615,0
23415,610,0
23416,619,0
23417,621,0
23418,615,0
23419,609,0
23420,611,0
23421,613,0
23422,610,0
23423,610,0
23424,610,0
23425,615,0
23426,623,0
23427,609,0
23428,623,0
23429,617,0
23430,612,0
23431,612,0
23432,606,0
23433,610,0
23434,618,0
23435,614,0
23436,617,0
23437,621,0
23438,609,0
23439,621,0
23440,621,0
23441,609,0
23442,625,0
23443,616,0
23444,607,0
23445,622,0
23446,615,0
23447,612,0
23448,609,0
23449,627,0
23450,619,0
23451,616,0
23452,611,0
23453,606,0
23454,605,0
23455,611,0
23456,619,0
23457,609,0
23458,617,0
23459,611,0
23460,614,0
23461,607,0
23462,618,0
23463,613,0
23464,618,0
23465,624,0
23466,615,0
23467,613,0
23468,616,0
23469,621,0
23470,605,0
23471,605,0
23472,617,0
23473,613,0
23474,610,0
23475,614,0
23476,616,0
23477,618,0
23478,619,0
23479,625,0
23480,619,0
23481,623,0
23482,620,0
23483,619,0
23484,605,0
23485,606,0
23486,616,0
23487,618,0
23488,611,0
23489,615,0
23490,615,0
23491,613,0
23492,603,0
23493,631,0
23494,621,0
23495,607,0
23496,612,0
23497,619,0
23498,606,0
23499,620,0
23500,614,0
23501,609,0
23502,618,0
23503,619,0
23504,623,0
23505,619,0
23506,614,0
23507,621,0
23508,614,0
23509,617,0
23510,615,0
23511,625,0
23512,625,0
23513,616,0
23514,621,0
23515,611,0
23516,617,0
23517,617,0
23518,613,0
23519,621,0
23520,616,0
23521,620,0
23522,613,0
23523,621,0
23524,620,0
23525,620,0
23526,609,0
23527,613,0
23528,604,0
23529,617,0
23530,619,0
23531,611,0
23532,620,0
23533,628,0
23534,610,0
23535,612,0
23536,619,0
23537,630,0
23538,615,0
23539,613,0
23540,612,0
23541,621,0
23542,617,0
23543,610,0
23544,604,0
23545,609,0
23546,619,0
23547,610,0
23548,614,0
23549,616,0
23550,625,0
23551,613,0
23552,617,0
23553,609,0
23554,616,0
23555,614,0
23556,615,0
23557,619,0
23558,619,0
23559,612,0
23560,622,0
23561,609,0
23562,620,0
23563,613,0
23564,618,0
23565,623,0
23566,614,0
23567,613,0
23568,610,0
23569,617,0
23570,619,0
23571,622,0
23572,621,0
23573,613,0
23574,611,0
23575,612,0
23576,613,0
23577,615,0
23578,606,0
23579,605,0
23580,614,0
23581,613,0
23582,611,0
23583,612,0
23584,609,0
23585,619,0
23586,608,0
23587,613,0
23588,617,0
23589,617,0
23590,609,0
23591,610,0
23592,619,0
23593,607,0
23594,616,0
23595,615,0
23596,625,0
23597,624,0
23598,613,0
23599,621,0
23600,608,0
23601,602,0
23602,615,0
23603,621,0
23604,618,0
23605,615,0
23606,620,0
23607,615,0
23608,619,0
23609,615,0
23610,610,0
23611,610,0
23612,623,0
23613,617,0
23614,621,0
23615,610,0
23616,629,0
23617,612,0
23618,618,0
23619,620,0
23620,615,0
23621,617,0
23622,616,0
23623,611,0
23624,615,0
23625,619,0
23626,609,0
23627,611,0
23628,609,0
23629,614,0
23630,609,0
23631,615,0
23632,611,0
23633,619,0
23634,615,0
23635,607,0
23636,615,0
23637,614,0
23638,617,0
23639,618,0
23640,617,0
23641,619,0
23642,612,0
23643,619,0
23644,620,0
23645,613,0
23646,621,0
23647,608,0
23648,619,0
23649,614,0
23650,615,0
23651,609,0
23652,622,0
23653,620,0
23654,613,0
23655,615,0
23656,615,0
23657,615,0
23658,620,0
23659,619,0
23660,607,0
23661,622,0
23662,611,0
23663,607,0
23664,613,0
23665,622,0
23666,621,0
23667,614,0
23668,616,0
23669,617,0
23670,615,0
23671,613,0
23672,622,0
23673,615,0
23674,607,0
23675,612,0
23676,615,0
23677,611,0
23678,607,0
23679,607,0
23680,619,0
23681,614,0
23682,611,0
23683,618,0
23684,620,0
23685,624,0
23686,598,0
23687,615,0
23688,620,0
23689,622,0
23690,616,0
23691,607,0
23692,611,0
23693,616,0
23694,617,0
23695,615,0
23696,614,0
23697,617,0
23698,612,0
23699,612,0
23700,621,0
23701,614,0
23702,615,0
23703,613,0
23704,619,0
23705,612,0
23706,624,0
23707,616,0
23708,622,0
23709,623,0
23710,613,0
23711,617,0
23712,618,0
23713,613,0
23714,607,0
23715,620,0
23716,623,0
23717,613,0
23718,613,0
23719,612,0
23720,618,0
23721,617,0
23722,610,0
23723,625,0
23724,610,0
23725,614,0
23726,609,0
23727,617,0
23728,613,0
23729,609,0
23730,623,0
23731,603,0
23732,616,0
23733,611,0
23734,617,0
23735,621,0
23736,615,0
23737,612,0
23738,612,0
23739,618,0
23740,618,0
23741,613,0
23742,621,0
23743,615,0
23744,623,0
23745,620,0
23746,619,0
23747,607,0
23748,611,0
23749,612,0
23750,614,0
23751,614,0
23752,611,0
23753,619,0
23754,613,0
23755,613,0
23756,616,0
23757,625,0
23758,617,0
23759,616,0
23760,615,0
23761,615,0
23762,622,0
23763,627,0
23764,624,0
23765,613,0
23766,616,0
23767,608,0
23768,629,0
23769,608,0
23770,617,0
23771,625,0
23772,612,0
23773,613,0
23774,622,0
23775,617,0
23776,615,0
23777,621,0
23778,612,0
23779,622,0
23780,615,0
23781,612,0
23782,613,0
23783,615,0
23784,621,0
23785,619,0
23786,613,0
23787,611,0
23788,608,0
23789,614,0
23790,610,0
23791,623,0
23792,623,0
23793,612,0
23794,607,0
23795,616,0
23796,613,0
23797,626,0
23798,618,0
23799,617,0
23800,618,0
23801,613,0
23802,618,0
23803,617,0
23804,617,0
23805,619,0
23806,610,0
23807,621,0
23808,613,0
23809,616,0
23810,609,0
23811,627,0
23812,612,0
23813,617,0
23814,612,0
23815,617,0
23816,607,0
23817,614,0
23818,609,0
23819,616,0
23820,620,0
23821,616,0
23822,615,0
23823,617,0
23824,618,0
23825,613,0
23826,610,0
23827,619,0
23828,610,0
23829,619,0
23830,613,0
23831,610,0
23832,612,0
23833,617,0
23834,618,0
23835,613,0
23836,610,0
23837,616,0
23838,621,0
23839,615,0
23840,614,0
23841,611,0
23842,608,0
23843,615,0
23844,620,0
23845,621,0
23846,621,0
23847,612,0
23848,611,0
23849,611,0
23850,613,0
23851,621,0
23852,612,0
23853,606,0
23854,617,0
23855,622,0
23856,622,0
23857,623,0
23858,612,0
23859,620,0
23860,617,0
23861,616,0
23862,616,0
23863,615,0
23864,615,0
23865,619,0
23866,623,0
23867,617,0
23868,622,0
23869,613,0
23870,620,0
23871,614,0
23872,621,0
23873,604,0
23874,626,0
23875,613,0
23876,605,0
23877,612,0
23878,616,0
23879,617,0
23880,615,0
23881,617,0
23882,618,0
23883,618,0
23884,614,0
23885,612,0
23886,609,0
23887,622,0
23888,612,0
23889,614,0
23890,628,0
23891,624,0
23892,627,0
23893,620,0
23894,613,0
23895,619,0
23896,614,0
23897,620,0
23898,619,0
23899,625,0
23900,616,0
23901,609,0
23902,623,0
23903,617,0
23904,614,0
23905,618,0
23906,606,0
23907,621,0
23908,619,0
23909,616,0
23910,608,0
23911,615,0
23912,610,0
23913,614,0
23914,620,0
23915,614,0
23916,613,0
23917,615,0
23918,611,0
23919,617,0
23920,611,0
23921,612,0
23922,617,0
23923,616,0
23924,615,0
23925,612,0
23926,619,0
23927,614,0
23928,609,0
23929,617,0
23930,603,0
23931,613,0
23932,615,0
23933,616,0
23934,608,0
23935,618,0
23936,619,0
23937,616,0
23938,613,0
23939,625,0
23940,611,0
23941,610,0
23942,610,0
23943,620,0
23944,613,0
23945,622,0
23946,617,0
23947,614,0
23948,617,0
23949,622,0
23950,615,0
23951,609,0
23952,615,0
23953,624,0
23954,612,0
23955,616,0
23956,618,0
23957,615,0
23958,614,0
23959,609,0
23960,616,0
23961,618,0
23962,614,0
23963,611,0
23964,620,0
23965,616,0
23966,612,0
23967,621,0
23968,615,0
23969,614,0
23970,618,0
23971,620,0
23972,610,0
23973,617,0
23974,622,0
23975,614,0
23976,622,0
23977,615,0
23978,618,0
23979,611,0
23980,616,0
23981,614,0
23982,616,0
23983,615,0
23984,620,0
23985,605,0
23986,605,0
23987,609,0
23988,616,0
23989,623,0
23990,611,0
23991,613,0
23992,618,0
23993,613,0
23994,607,0
23995,620,0
23996,610,0
23997,615,0
23998,608,0
23999,616,0
