Index,TemperatureRaw16,VGNDRaw16
0,803,-2
1,810,-2
2,814,-2
3,817,-2
4,807,-2
5,800,0
6,800,-1
7,806,-2
8,795,-1
9,798,-1
10,803,-1
11,807,-1
12,808,-2
13,795,-1
14,801,1
15,805,0
16,806,-1
17,803,-2
18,816,1
19,801,-1
20,793,1
21,777,0
22,789,0
23,800,-1
24,789,-2
25,797,-2
26,813,0
27,820,0
28,810,-2
29,804,0
30,813,-2
31,815,0
32,811,0
33,802,-1
34,809,1
35,803,0
36,793,0
37,786,0
38,786,-2
39,801,1
40,799,0
41,799,1
42,816,-2
43,825,0
44,819,-2
45,798,0
46,794,1
47,799,1
48,791,0
49,793,1
50,801,-1
51,796,0
52,781,-2
53,792,-1
54,804,-1
55,810,1
56,796,-2
57,809,1
58,816,-1
59,820,0
60,813,0
61,803,0
62,807,1
63,801,-2
64,801,-2
65,795,-1
66,790,-1
67,795,-2
68,795,-2
69,795,0
70,793,1
71,805,-1
72,803,-1
73,807,-2
74,812,-2
75,812,-1
76,807,-1
77,792,0
78,789,-3
79,795,1
80,787,-2
81,796,-2
82,798,-2
83,799,-3
84,799,1
85,797,1
86,812,-2
87,814,0
88,809,-2
89,797,-2
90,813,1
91,813,1
92,801,-1
93,782,1
94,792,1
95,789,0
96,791,0
97,792,-2
98,797,1
99,819,-1
100,799,0
101,804,-1
102,810,-1
103,816,2
104,816,1
105,813,-1
106,804,0
107,795,0
108,785,0
109,771,1
110,771,0
111,783,0
112,785,1
113,805,-1
114,807,0
115,821,-2
116,819,-3
117,816,1
118,813,-2
119,810,-1
120,798,-2
121,792,-2
122,783,-1
123,789,0
124,781,1
125,780,0
126,789,-1
127,792,2
128,810,0
129,812,-2
130,816,-2
131,827,0
132,813,1
133,803,0
134,796,0
135,792,0
136,780,1
137,789,-2
138,795,0
139,797,-1
140,788,-1
141,789,0
142,806,0
143,812,-2
144,807,-1
145,814,-1
146,817,1
147,819,0
148,804,-1
149,793,0
150,789,-1
151,790,0
152,786,0
153,784,-1
154,802,0
155,808,-2
156,801,0
157,804,1
158,800,0
159,804,0
160,803,0
161,802,-2
162,798,-2
163,808,0
164,791,-2
165,783,0
166,791,-1
167,795,1
168,784,1
169,801,-3
170,794,1
171,809,-1
172,799,0
173,785,0
174,804,0
175,804,-2
176,801,-1
177,807,0
178,803,1
179,810,-2
180,798,-1
181,783,-1
182,792,-2
183,790,0
184,790,0
185,790,-1
186,790,1
187,804,-2
188,805,0
189,810,-1
190,804,-1
191,807,0
192,806,1
193,807,-1
194,795,1
195,795,0
196,787,-1
197,781,0
198,788,1
199,784,-1
200,797,-2
201,802,-1
202,807,1
203,811,0
204,802,-1
205,812,0
206,810,-2
207,803,-1
208,789,0
209,786,0
210,795,0
211,796,-3
212,783,0
213,783,-2
214,782,-1
215,798,1
216,807,-2
217,810,0
218,811,1
219,818,1
220,810,-1
221,800,0
222,789,0
223,795,0
224,786,1
225,788,0
226,792,-2
227,792,0
228,793,0
229,798,1
230,797,-1
231,804,-1
232,814,-1
233,808,-1
234,810,-2
235,807,-1
236,802,0
237,795,-2
238,782,0
239,793,1
240,798,0
241,798,1
242,798,0
243,800,-1
244,801,-2
245,799,0
246,808,1
247,800,1
248,803,-1
249,801,1
250,814,0
251,804,1
252,793,-1
253,792,1
254,798,-1
255,794,-2
256,795,1
257,794,-2
258,801,-1
259,809,-2
260,806,1
261,796,1
262,801,-2
263,807,0
264,812,-2
265,814,-3
266,807,-1
267,815,1
268,800,1
269,788,-2
270,792,-1
271,784,-1
272,786,-1
273,789,-2
274,797,-1
275,803,-1
276,799,0
277,802,-2
278,807,1
279,822,0
280,804,0
281,807,-1
282,795,-2
283,801,-2
284,795,1
285,778,1
286,779,-2
287,790,-1
288,791,1
289,801,-1
290,807,-1
291,821,0
292,819,1
293,816,1
294,805,1
295,806,-3
296,801,-2
297,792,-2
298,783,-2
299,803,-2
300,778,0
301,771,0
302,793,1
303,803,0
304,808,-2
305,807,-1
306,817,0
307,823,0
308,804,-1
309,795,0
310,800,-2
311,791,-2
312,781,1
313,785,0
314,795,0
315,792,-1
316,797,-1
317,800,1
318,812,1
319,822,1
320,819,1
321,817,1
322,816,1
323,822,1
324,797,-1
325,795,-1
326,789,-2
327,786,0
328,789,-1
329,784,-4
330,805,-2
331,810,0
332,807,-1
333,807,-1
334,799,-1
335,810,-2
336,813,-1
337,807,0
338,807,2
339,810,-1
340,804,1
341,785,-1
342,788,-2
343,795,-2
344,785,0
345,802,-2
346,812,1
347,808,-2
348,810,-2
349,810,1
350,801,-2
351,812,-1
352,822,-1
353,807,-1
354,795,-2
355,805,1
356,789,0
357,788,0
358,789,-2
359,783,1
360,788,-2
361,805,-3
362,809,-3
363,822,0
364,814,-1
365,820,0
366,813,0
367,802,-2
368,802,1
369,793,1
370,798,-2
371,795,-2
372,786,-2
373,786,2
374,779,-2
375,794,-1
376,798,-2
377,818,0
378,816,0
379,818,1
380,822,-1
381,819,-1
382,811,-2
383,805,-1
384,794,-1
385,792,-2
386,789,-1
387,797,0
388,791,0
389,798,0
390,802,0
391,808,1
392,808,0
393,814,-1
394,814,1
395,817,1
396,804,1
397,796,0
398,793,-2
399,789,0
400,787,-2
401,794,-1
402,790,1
403,801,1
404,804,-1
405,795,-1
406,801,0
407,819,-2
408,809,-1
409,807,-2
410,804,0
411,801,-2
412,789,0
413,780,1
414,782,0
415,793,1
416,786,1
417,801,-2
418,801,-2
419,808,-1
420,803,0
421,810,-2
422,804,-2
423,806,-1
424,801,-2
425,796,0
426,804,-1
427,798,1
428,791,0
429,796,1
430,791,0
431,794,-1
432,801,-2
433,809,1
434,807,0
435,816,0
436,804,0
437,790,-2
438,800,0
439,798,-2
440,794,-2
441,799,0
442,795,-1
443,803,-1
444,806,0
445,794,-1
446,804,-1
447,801,-2
448,789,-2
449,798,-1
450,799,-1
451,801,0
452,797,-2
453,795,1
454,799,1
455,801,0
456,808,-1
457,804,0
458,810,-1
459,819,1
460,796,-2
461,782,1
462,790,0
463,798,-2
464,799,1
465,800,1
466,811,1
467,816,-2
468,810,-2
469,807,-1
470,814,0
471,802,-1
472,795,1
473,801,-1
474,800,-2
475,803,0
476,793,-2
477,777,-2
478,790,-1
479,803,-2
480,807,-1
481,813,-1
482,814,-2
483,817,-2
484,812,-2
485,798,-2
486,797,-2
487,801,1
488,791,2
489,787,0
490,795,-1
491,798,1
492,789,0
493,798,-2
494,793,0
495,810,-1
496,810,-1
497,803,-2
498,806,-1
499,819,1
500,803,-1
501,792,-1
502,789,-2
503,798,-2
504,781,0
505,795,-1
506,793,0
507,800,-1
508,798,1
509,797,-1
510,794,1
511,807,0
512,810,1
513,811,0
514,806,1
515,815,0
516,800,0
517,787,-1
518,789,-1
519,792,0
520,798,-2
521,793,0
522,799,0
523,813,-1
524,805,0
525,804,-2
526,806,0
527,809,0
528,811,1
529,809,0
530,807,-1
531,801,1
532,798,-2
533,786,-1
534,781,-2
535,783,-2
536,786,-1
537,803,0
538,807,-1
539,817,-1
540,809,-1
541,807,0
542,811,1
543,810,-1
544,812,-2
545,803,-2
546,796,-2
547,799,-2
548,792,1
549,779,-1
550,783,-2
551,795,-2
552,796,-1
553,799,1
554,810,-1
555,821,1
556,819,0
557,810,-2
558,806,-1
559,807,-1
560,794,-1
561,794,-2
562,790,0
563,783,1
564,779,0
565,780,-1
566,786,1
567,808,-1
568,816,1
569,812,1
570,824,0
571,828,0
572,819,0
573,803,1
574,792,-2
575,786,-1
576,779,-1
577,787,-1
578,779,1
579,796,0
580,802,-2
581,792,0
582,804,-1
583,817,-2
584,813,-1
585,810,1
586,816,-2
587,799,-2
588,798,-2
589,780,1
590,787,-1
591,781,-1
592,783,1
593,792,-2
594,799,0
595,815,0
596,811,0
597,807,-2
598,809,-2
599,807,-2
600,807,-1
601,812,1
602,798,0
603,806,-2
604,798,2
605,778,3
606,787,-1
607,800,-1
608,808,-1
609,806,1
610,808,0
611,816,-1
612,819,1
613,801,-1
614,802,0
615,810,-1
616,802,1
617,800,0
618,802,-1
619,795,-2
620,800,0
621,789,1
622,795,-1
623,806,1
624,797,-1
625,810,0
626,806,1
627,819,-1
628,816,1
629,806,-1
630,802,0
631,808,0
632,807,0
633,796,1
634,795,0
635,805,-2
636,802,0
637,786,-1
638,795,-2
639,804,-2
640,808,-2
641,813,1
642,810,-1
643,814,0
644,810,-2
645,789,-1
646,792,0
647,807,-2
648,790,-1
649,793,1
650,794,1
651,792,-2
652,795,-1
653,786,0
654,801,-2
655,813,-1
656,812,1
657,811,1
658,813,-1
659,821,0
660,804,-1
661,780,-2
662,788,1
663,793,0
664,794,0
665,795,1
666,799,1
667,809,0
668,812,1
669,805,-1
670,806,-2
671,822,-1
672,809,0
673,804,1
674,804,-1
675,800,0
676,797,1
677,790,-2
678,796,1
679,795,1
680,800,-1
681,801,0
682,812,-2
683,820,0
684,818,0
685,804,1
686,800,-1
687,810,0
688,796,-1
689,807,-1
690,800,0
691,804,0
692,801,-1
693,779,-1
694,810,0
695,800,0
696,801,0
697,801,-1
698,809,-2
699,811,0
700,807,-3
701,784,-1
702,792,1
703,795,0
704,806,0
705,798,0
706,796,0
707,812,-1
708,803,-2
709,787,1
710,798,0
711,801,2
712,794,0
713,807,0
714,803,-1
715,813,-2
716,803,-1
717,791,-1
718,801,0
719,791,-1
720,804,0
721,801,-1
722,807,0
723,821,-2
724,806,-2
725,785,-2
726,787,-1
727,796,0
728,803,0
729,798,-3
730,796,1
731,819,-1
732,804,-2
733,801,-1
734,798,0
735,795,-2
736,799,-2
737,795,1
738,789,0
739,805,-1
740,801,1
741,780,-2
742,795,-3
743,798,1
744,809,-3
745,808,1
746,814,0
747,820,1
748,814,0
749,801,-1
750,798,0
751,792,-2
752,798,-1
753,797,-2
754,795,-1
755,804,-2
756,801,-1
757,794,-2
758,800,1
759,816,1
760,818,0
761,815,0
762,811,0
763,810,-1
764,810,0
765,790,-2
766,794,1
767,786,-2
768,798,1
769,800,-1
770,796,1
771,813,0
772,813,-1
773,804,-2
774,813,0
775,806,-2
776,812,1
777,805,-1
778,808,0
779,810,0
780,807,-1
781,783,0
782,789,0
783,787,-2
784,803,1
785,804,0
786,802,-1
787,814,-1
788,799,-2
789,792,1
790,804,-2
791,803,-1
792,801,0
793,808,-1
794,805,-1
795,811,-1
796,801,1
797,800,-2
798,787,-2
799,787,1
800,801,-1
801,803,-1
802,808,0
803,813,0
804,813,-2
805,797,0
806,801,-1
807,800,-1
808,802,-2
809,798,-2
810,798,1
811,804,0
812,801,1
813,780,-2
814,783,-1
815,798,0
816,810,-2
817,809,1
818,814,-1
819,824,0
820,813,1
821,792,0
822,798,-2
823,798,-1
824,799,0
825,798,-1
826,790,-1
827,808,-1
828,795,-1
829,795,0
830,800,-1
831,804,-1
832,810,1
833,812,-2
834,823,-2
835,826,-1
836,808,-1
837,791,-2
838,792,0
839,786,-1
840,783,-2
841,792,0
842,788,1
843,798,0
844,808,0
845,801,-2
846,810,-2
847,812,-2
848,810,0
849,813,-1
850,807,2
851,813,-1
852,796,-1
853,790,-1
854,791,1
855,790,-1
856,809,-3
857,804,1
858,813,1
859,830,-2
860,827,-1
861,826,1
862,821,0
863,815,-4
864,822,-1
865,819,-2
866,809,0
867,827,0
868,816,-2
869,810,2
870,811,0
871,816,-2
872,822,-2
873,836,-1
874,839,-1
875,853,0
876,846,0
877,836,-1
878,833,2
879,842,1
880,840,0
881,836,-1
882,841,1
883,849,-1
884,841,1
885,836,-3
886,839,-1
887,841,-2
888,848,0
889,845,-2
890,857,-1
891,872,0
892,860,0
893,855,1
894,849,1
895,848,1
896,863,-1
897,854,1
898,853,-1
899,869,-2
900,855,-1
901,854,1
902,860,0
903,857,-2
904,869,-2
905,873,0
906,874,0
907,888,-1
908,872,-1
909,865,1
910,873,-2
911,863,1
912,868,0
913,866,-2
914,858,-2
915,874,0
916,881,1
917,869,-1
918,875,-1
919,882,0
920,884,-2
921,891,1
922,886,-1
923,896,-1
924,886,-1
925,877,0
926,866,0
927,874,0
928,872,1
929,877,1
930,875,0
931,898,-2
932,895,-1
933,903,-2
934,895,1
935,891,0
936,903,-2
937,903,-1
938,898,0
939,907,-1
940,887,0
941,875,-2
942,891,1
943,892,-2
944,898,0
945,900,1
946,907,1
947,930,-2
948,916,1
949,914,0
950,906,-1
951,906,-1
952,912,-1
953,910,0
954,900,1
955,912,1
956,898,-2
957,902,0
958,895,1
959,898,1
960,910,1
961,917,1
962,921,0
963,931,0
964,923,0
965,920,-1
966,916,1
967,923,-2
968,919,0
969,910,-1
970,919,1
971,932,-1
972,919,1
973,918,-1
974,917,0
975,924,-1
976,925,1
977,928,1
978,925,-1
979,946,-1
980,940,-2
981,934,1
982,928,-1
983,927,-1
984,929,1
985,934,1
986,928,-1
987,934,0
988,930,-2
989,924,-1
990,928,-2
991,914,-2
992,941,-2
993,940,0
994,940,0
995,961,1
996,946,-2
997,943,-1
998,927,-1
999,929,-2
1000,939,-1
1001,932,-1
1002,934,0
1003,945,-1
1004,944,0
1005,937,0
1006,940,-1
1007,948,-2
1008,946,1
1009,963,-1
1010,960,-2
1011,973,1
1012,948,-2
1013,949,-2
1014,936,0
1015,926,-2
1016,936,-1
1017,933,0
1018,942,0
1019,952,1
1020,961,-1
1021,955,0
1022,963,1
1023,963,-2
1024,960,-3
1025,964,1
1026,956,1
1027,968,0
1028,949,1
1029,946,-1
1030,930,-2
1031,943,-1
1032,949,-1
1033,940,1
1034,958,0
1035,978,1
1036,968,1
1037,966,-2
1038,954,0
1039,962,0
1040,957,-1
1041,960,0
1042,952,0
1043,961,-3
1044,953,0
1045,943,-1
1046,951,0
1047,947,-1
1048,960,-1
1049,966,-1
1050,978,-2
1051,982,-2
1052,976,0
1053,966,-2
1054,961,1
1055,965,0
1056,957,-3
1057,957,-2
1058,963,-2
1059,976,-1
1060,963,0
1061,963,0
1062,965,1
1063,957,0
1064,972,0
1065,978,-3
1066,978,0
1067,993,-1
1068,986,0
1069,978,-2
1070,969,-1
1071,963,-1
1072,966,0
1073,973,1
1074,959,-2
1075,972,-1
1076,962,0
1077,963,-1
1078,963,-1
1079,973,0
1080,970,-1
1081,984,-2
1082,982,-1
1083,992,-1
1084,984,-2
1085,977,-1
1086,970,1
1087,966,0
1088,974,-1
1089,961,-1
1090,968,0
1091,976,-1
1092,974,1
1093,974,0
1094,973,-1
1095,972,1
1096,989,-1
1097,980,1
1098,979,-2
1099,996,-2
1100,974,1
1101,964,0
1102,962,0
1103,957,1
1104,968,-2
1105,977,-2
1106,976,2
1107,978,-2
1108,984,-1
1109,983,1
1110,988,-3
1111,987,-1
1112,990,-2
1113,988,1
1114,981,-2
1115,992,-2
1116,975,0
1117,959,1
1118,963,-1
1119,966,-1
1120,975,-1
1121,987,0
1122,996,0
1123,1005,0
1124,990,1
1125,997,0
1126,978,-1
1127,977,1
1128,982,-1
1129,977,-1
1130,969,-2
1131,977,-1
1132,969,1
1133,975,-1
1134,975,1
1135,978,-1
1136,991,0
1137,999,1
1138,997,-1
1139,1008,-3
1140,991,-2
1141,978,-1
1142,978,-1
1143,973,0
1144,975,-2
1145,979,0
1146,982,-2
1147,996,0
1148,986,0
1149,984,-1
1150,975,1
1151,982,-1
1152,999,-1
1153,996,-1
1154,993,1
1155,997,1
1156,984,0
1157,981,0
1158,977,0
1159,975,0
1160,979,0
1161,985,0
1162,984,-1
1163,1000,-2
1164,989,-2
1165,988,-2
1166,983,4
1167,981,1
1168,992,1
1169,984,-2
1170,988,-1
1171,1014,-1
1172,1007,-1
1173,993,-2
1174,985,-1
1175,976,0
1176,987,-1
1177,989,-2
1178,970,0
1179,985,-1
1180,987,-1
1181,987,-2
1182,984,-2
1183,1002,-2
1184,993,-3
1185,999,0
1186,1003,-2
1187,999,-2
1188,993,0
1189,985,0
1190,968,1
1191,979,-2
1192,984,-2
1193,972,1
1194,977,-2
1195,1002,0
1196,993,-1
1197,1002,-3
1198,1000,-1
1199,999,1
1200,1008,-2
1201,1004,0
1202,992,-2
1203,1000,1
1204,983,-1
1205,982,-2
1206,964,-1
1207,965,-1
1208,978,0
1209,982,-2
1210,992,-2
1211,1014,-2
1212,1002,-1
1213,999,-1
1214,1000,-2
1215,998,1
1216,999,-1
1217,984,-1
1218,993,-1
1219,990,0
1220,981,0
1221,974,0
1222,978,0
1223,985,-1
1224,996,0
1225,994,0
1226,1004,-1
1227,1009,-2
1228,1011,-1
1229,1009,0
1230,989,-1
1231,989,1
1232,993,0
1233,981,1
1234,989,-2
1235,990,0
1236,990,1
1237,987,0
1238,985,-2
1239,984,0
1240,998,-1
1241,1003,-2
1242,1005,-2
1243,1017,-2
1244,1010,-4
1245,1002,1
1246,1006,-2
1247,992,0
1248,995,2
1249,984,1
1250,987,1
1251,992,0
1252,986,-1
1253,987,-1
1254,983,1
1255,992,0
1256,1005,1
1257,1013,-1
1258,1016,0
1259,1027,0
1260,1019,-2
1261,993,2
1262,987,-1
1263,982,0
1264,984,-2
1265,977,0
1266,969,-2
1267,987,-2
1268,985,-1
1269,996,0
1270,1008,0
1271,1011,0
1272,1020,-2
1273,1030,-1
1274,1012,0
1275,1020,1
1276,1004,-2
1277,975,-2
1278,977,0
1279,977,0
1280,973,-2
1281,979,-2
1282,990,1
1283,1015,0
1284,1027,-2
1285,1026,0
1286,1019,0
1287,1021,0
1288,1027,0
1289,1019,0
1290,1005,1
1291,991,0
1292,981,-2
1293,977,-1
1294,969,0
1295,967,-1
1296,995,1
1297,1001,0
1298,1018,-2
1299,1036,-1
1300,1032,0
1301,1025,-1
1302,1018,0
1303,1005,-1
1304,999,-2
1305,991,-1
1306,981,-2
1307,981,0
1308,989,0
1309,980,-1
1310,989,-2
1311,1007,-2
1312,1018,0
1313,1026,1
1314,1029,-2
1315,1034,-1
1316,1020,0
1317,1021,-1
1318,996,0
1319,987,-1
1320,989,-1
1321,982,-2
1322,991,-1
1323,999,0
1324,997,1
1325,1000,-2
1326,1009,0
1327,1017,-1
1328,1022,0
1329,1025,-1
1330,1018,-1
1331,1024,1
1332,1008,1
1333,993,0
1334,984,-2
1335,991,0
1336,997,-1
1337,993,-2
1338,997,-1
1339,1017,-2
1340,1007,-1
1341,1020,-1
1342,1014,1
1343,1012,-1
1344,1020,-2
1345,1020,0
1346,1018,0
1347,1014,-2
1348,1012,-1
1349,1002,-1
1350,996,-1
1351,1002,-1
1352,1006,0
1353,1010,0
1354,1006,-1
1355,1014,0
1356,1015,-1
1357,1008,-1
1358,1011,0
1359,1021,-2
1360,1033,2
1361,1027,0
1362,1007,-2
1363,1014,1
1364,999,0
1365,993,-2
1366,988,0
1367,996,-1
1368,1006,0
1369,1007,-1
1370,1013,-1
1371,1034,0
1372,1028,0
1373,1033,-2
1374,1020,1
1375,1027,-1
1376,1022,-2
1377,1017,1
1378,1005,0
1379,1011,0
1380,1004,1
1381,994,0
1382,989,1
1383,1003,2
1384,1013,1
1385,1024,0
1386,1035,-1
1387,1038,-2
1388,1040,-1
1389,1030,-1
1390,1018,0
1391,1013,0
1392,1005,-1
1393,1002,0
1394,998,-1
1395,1005,0
1396,1011,-2
1397,1015,1
1398,999,-1
1399,1014,1
1400,1027,1
1401,1040,-2
1402,1024,0
1403,1033,-2
1404,1016,1
1405,1016,-2
1406,1006,-2
1407,1002,-1
1408,999,1
1409,1003,1
1410,1005,0
1411,1017,-2
1412,1025,1
1413,1013,-1
1414,1020,-1
1415,1028,-2
1416,1028,-3
1417,1022,1
1418,1020,-2
1419,1020,-1
1420,1022,1
1421,1009,-1
1422,995,0
1423,1002,-1
1424,1025,0
1425,1018,-2
1426,1009,-2
1427,1025,-1
1428,1022,-2
1429,1022,-1
1430,1014,0
1431,1022,-1
1432,1017,-2
1433,1022,-2
1434,1029,-1
1435,1034,0
1436,1024,1
1437,1008,1
1438,1012,-2
1439,1007,-2
1440,1021,-1
1441,1011,-1
1442,1017,1
1443,1020,-2
1444,1030,1
1445,1014,1
1446,1007,1
1447,1028,-2
1448,1034,-2
1449,1040,1
1450,1031,1
1451,1031,1
1452,1023,0
1453,1022,-1
1454,1007,0
1455,1009,-2
1456,1005,-2
1457,1005,0
1458,1014,0
1459,1025,-2
1460,1037,0
1461,1035,0
1462,1030,-1
1463,1029,-2
1464,1045,1
1465,1031,2
1466,1022,-2
1467,1024,-2
1468,1011,-2
1469,1005,-2
1470,1005,0
1471,1004,-1
1472,1011,-2
1473,1031,-1
1474,1022,1
1475,1036,0
1476,1058,-1
1477,1042,0
1478,1028,2
1479,1034,-2
1480,1024,-1
1481,1024,0
1482,1017,0
1483,1011,-1
1484,1018,-1
1485,1010,1
1486,1005,-4
1487,1020,-2
1488,1029,0
1489,1038,1
1490,1050,1
1491,1055,1
1492,1046,0
1493,1041,1
1494,1023,-2
1495,1024,1
1496,1020,-1
1497,1009,-1
1498,1017,-1
1499,1031,0
1500,1027,-1
1501,1023,-1
1502,1021,-2
1503,1031,1
1504,1030,-2
1505,1035,-3
1506,1035,0
1507,1043,-1
1508,1049,-2
1509,1020,-1
1510,1011,0
1511,1020,-1
1512,1022,-1
1513,1017,-2
1514,1027,1
1515,1035,1
1516,1034,1
1517,1034,0
1518,1026,0
1519,1036,-1
1520,1044,0
1521,1038,-3
1522,1045,-2
1523,1040,-1
1524,1039,-2
1525,1029,-2
1526,1016,-1
1527,1017,0
1528,1024,0
1529,1014,0
1530,1008,1
1531,1030,1
1532,1043,1
1533,1046,-2
1534,1028,-2
1535,1043,0
1536,1052,0
1537,1044,0
1538,1042,-2
1539,1039,-1
1540,1034,1
1541,1025,-2
1542,1014,1
1543,1012,-2
1544,1018,0
1545,1017,1
1546,1034,-1
1547,1037,1
1548,1055,-2
1549,1057,0
1550,1040,-2
1551,1054,-2
1552,1046,1
1553,1043,-1
1554,1024,0
1555,1023,-1
1556,1023,1
1557,1015,0
1558,1011,-1
1559,1017,1
1560,1025,1
1561,1045,-3
1562,1043,2
1563,1057,-2
1564,1068,1
1565,1053,-1
1566,1046,-1
1567,1036,-2
1568,1042,0
1569,1022,0
1570,1018,-1
1571,1024,1
1572,1028,-1
1573,1019,-1
1574,1029,-1
1575,1040,-2
1576,1057,-1
1577,1054,0
1578,1058,0
1579,1051,-1
1580,1050,1
1581,1035,-1
1582,1025,-1
1583,1024,-1
1584,1017,-2
1585,1010,-1
1586,1017,-2
1587,1039,1
1588,1041,-1
1589,1030,1
1590,1037,0
1591,1048,1
1592,1049,-1
1593,1041,-1
1594,1046,-2
1595,1046,-2
1596,1052,1
1597,1028,-1
1598,1031,-1
1599,1020,-1
1600,1034,1
1601,1038,-1
1602,1034,-2
1603,1042,2
1604,1058,0
1605,1050,1
1606,1040,-2
1607,1045,1
1608,1046,1
1609,1050,0
1610,1052,-1
1611,1036,-1
1612,1046,0
1613,1040,0
1614,1025,0
1615,1027,-2
1616,1034,-1
1617,1031,1
1618,1029,-2
1619,1034,-1
1620,1049,1
1621,1047,0
1622,1038,-1
1623,1044,-1
1624,1059,0
1625,1048,0
1626,1048,-2
1627,1040,1
1628,1050,0
1629,1037,-1
1630,1022,-3
1631,1030,0
1632,1032,0
1633,1030,-1
1634,1040,1
1635,1050,0
1636,1061,-2
1637,1058,-1
1638,1055,1
1639,1049,1
1640,1049,1
1641,1039,-1
1642,1043,1
1643,1040,1
1644,1029,1
1645,1030,-2
1646,1017,-2
1647,1025,-2
1648,1043,-2
1649,1047,-1
1650,1060,0
1651,1058,-1
1652,1074,-2
1653,1073,2
1654,1055,1
1655,1039,1
1656,1028,0
1657,1027,0
1658,1033,0
1659,1031,-1
1660,1037,-1
1661,1022,1
1662,1033,0
1663,1046,0
1664,1062,-2
1665,1067,1
1666,1064,-1
1667,1058,-2
1668,1068,-2
1669,1046,-2
1670,1025,1
1671,1027,0
1672,1038,-1
1673,1025,0
1674,1029,1
1675,1027,1
1676,1055,1
1677,1046,0
1678,1057,-2
1679,1057,-2
1680,1061,-2
1681,1064,-3
1682,1057,-2
1683,1062,0
1684,1052,-2
1685,1031,1
1686,1034,0
1687,1034,2
1688,1039,-2
1689,1047,1
1690,1048,1
1691,1046,-2
1692,1067,-2
1693,1069,-1
1694,1058,0
1695,1060,-1
1696,1060,2
1697,1049,2
1698,1047,1
1699,1049,0
1700,1057,0
1701,1038,1
1702,1040,-2
1703,1034,-1
1704,1041,-2
1705,1051,-2
1706,1038,-1
1707,1057,0
1708,1066,0
1709,1058,1
1710,1053,-2
1711,1061,-1
1712,1063,-1
1713,1048,-2
1714,1052,0
1715,1052,-1
1716,1049,-1
1717,1046,1
1718,1037,1
1719,1034,1
1720,1051,-1
1721,1044,-2
1722,1052,0
1723,1058,0
1724,1072,-1
1725,1058,-2
1726,1064,-2
1727,1062,0
1728,1059,1
1729,1057,0
1730,1053,-2
1731,1048,0
1732,1052,-1
1733,1026,0
1734,1026,0
1735,1034,0
1736,1057,-2
1737,1056,1
1738,1062,-1
1739,1078,-2
1740,1077,1
1741,1067,1
1742,1058,0
1743,1050,0
1744,1039,-1
1745,1037,-2
1746,1032,1
1747,1040,1
1748,1046,-2
1749,1040,-1
1750,1054,0
1751,1063,1
1752,1067,0
1753,1071,-1
1754,1082,-2
1755,1074,-1
1756,1082,-1
1757,1058,0
1758,1045,-2
1759,1046,-1
1760,1036,-1
1761,1039,-1
1762,1037,0
1763,1048,1
1764,1062,-2
1765,1058,-2
1766,1069,-1
1767,1070,0
1768,1073,-2
1769,1068,-1
1770,1061,-2
1771,1069,-1
1772,1056,0
1773,1043,0
1774,1047,-2
1775,1044,-2
1776,1058,0
1777,1047,-2
1778,1055,0
1779,1064,-1
1780,1076,0
1781,1070,-1
1782,1059,1
1783,1064,1
1784,1064,1
1785,1069,-1
1786,1055,-1
1787,1051,1
1788,1063,1
1789,1055,1
1790,1053,-2
1791,1047,1
1792,1050,-1
1793,1056,0
1794,1058,-2
1795,1064,-2
1796,1075,-2
1797,1066,-2
1798,1056,0
1799,1062,-2
1800,1064,-2
1801,1055,-4
1802,1058,-1
1803,1052,1
1804,1061,-1
1805,1049,-2
1806,1050,-2
1807,1049,1
1808,1049,0
1809,1052,-2
1810,1062,-2
1811,1064,0
1812,1076,-2
1813,1085,-2
1814,1072,-2
1815,1069,-2
1816,1063,0
1817,1069,0
1818,1061,1
1819,1049,0
1820,1055,1
1821,1051,-1
1822,1042,1
1823,1054,-1
1824,1057,0
1825,1061,0
1826,1076,-2
1827,1088,-2
1828,1078,-1
1829,1074,-2
1830,1062,-1
1831,1053,-1
1832,1057,0
1833,1037,1
1834,1050,0
1835,1050,-1
1836,1056,1
1837,1064,1
1838,1062,1
1839,1069,0
1840,1076,-1
1841,1076,1
1842,1080,0
1843,1088,1
1844,1076,-2
1845,1067,-1
1846,1055,1
1847,1042,0
1848,1046,0
1849,1045,1
1850,1052,-1
1851,1057,-1
1852,1072,-1
1853,1079,2
1854,1067,1
1855,1078,-1
1856,1082,-2
1857,1073,-2
1858,1070,-1
1859,1063,1
1860,1067,-1
1861,1049,-2
1862,1037,1
1863,1047,-2
1864,1059,-2
1865,1054,0
1866,1053,0
1867,1069,-1
1868,1076,-2
1869,1078,0
1870,1073,-2
1871,1064,0
1872,1065,0
1873,1061,-2
1874,1054,-1
1875,1061,0
1876,1067,0
1877,1058,0
1878,1054,-2
1879,1052,2
1880,1064,1
1881,1059,0
1882,1063,-1
1883,1069,0
1884,1083,-1
1885,1067,-2
1886,1069,1
1887,1070,-2
1888,1073,-2
1889,1067,0
1890,1067,-1
1891,1064,-4
1892,1065,0
1893,1064,0
1894,1049,-2
1895,1049,-1
1896,1069,0
1897,1070,-1
1898,1066,1
1899,1079,-2
1900,1079,1
1901,1082,-1
1902,1079,-2
1903,1074,-2
1904,1070,-2
1905,1067,-1
1906,1053,-2
1907,1060,1
1908,1061,0
1909,1052,1
1910,1046,-3
1911,1061,1
1912,1064,2
1913,1070,-2
1914,1076,0
1915,1083,-2
1916,1092,-1
1917,1076,-3
1918,1074,0
1919,1065,-2
1920,1059,-2
1921,1056,-1
1922,1051,-1
1923,1052,-2
1924,1058,-1
1925,1055,0
1926,1059,-4
1927,1077,0
1928,1085,-2
1929,1082,0
1930,1085,0
1931,1081,-2
1932,1071,-1
1933,1072,0
1934,1066,1
1935,1053,1
1936,1055,-1
1937,1046,-1
1938,1059,1
1939,1061,0
1940,1071,-1
1941,1076,0
1942,1076,-1
1943,1079,0
1944,1094,0
1945,1082,-2
1946,1076,0
1947,1077,1
1948,1072,-1
1949,1058,-2
1950,1046,-1
1951,1058,-1
1952,1066,0
1953,1058,-2
1954,1064,-4
1955,1073,1
1956,1086,0
1957,1080,0
1958,1073,-2
1959,1076,0
1960,1082,-2
1961,1080,-1
1962,1070,0
1963,1065,0
1964,1079,-2
1965,1071,0
1966,1052,-2
1967,1061,1
1968,1063,0
1969,1073,-2
1970,1071,-1
1971,1076,-2
1972,1089,1
1973,1088,0
1974,1079,-2
1975,1072,0
1976,1082,-2
1977,1079,-1
1978,1070,-2
1979,1064,-1
1980,1072,-1
1981,1064,-1
1982,1055,-1
1983,1064,1
1984,1074,1
1985,1075,-1
1986,1076,0
1987,1082,1
1988,1096,0
1989,1088,0
1990,1076,1
1991,1085,-1
1992,1074,1
1993,1075,-2
1994,1069,0
1995,1058,0
1996,1067,-3
1997,1056,0
1998,1055,-1
1999,1064,1
2000,1083,-1
2001,1080,1
2002,1095,-2
2003,1092,-2
2004,1107,-1
2005,1093,-1
2006,1077,1
2007,1070,0
2008,1060,1
2009,1063,-2
2010,1052,1
2011,1061,-2
2012,1076,-2
2013,1063,-4
2014,1067,-2
2015,1088,-2
2016,1089,-1
2017,1089,0
2018,1104,1
2019,1088,-1
2020,1096,-2
2021,1073,-2
2022,1055,0
2023,1056,-2
2024,1058,-1
2025,1053,-1
2026,1061,1
2027,1073,0
2028,1087,-1
2029,1095,-1
2030,1085,-2
2031,1093,-1
2032,1101,-1
2033,1090,-2
2034,1085,-1
2035,1075,1
2036,1076,-1
2037,1071,0
2038,1050,-2
2039,1055,1
2040,1061,2
2041,1074,0
2042,1073,1
2043,1085,0
2044,1107,0
2045,1096,-1
2046,1086,0
2047,1087,-2
2048,1086,-1
2049,1088,-1
2050,1072,2
2051,1064,1
2052,1074,-2
2053,1073,1
2054,1057,-2
2055,1069,1
2056,1079,1
2057,1085,0
2058,1098,2
2059,1090,0
2060,1093,0
2061,1092,-2
2062,1080,1
2063,1087,-2
2064,1082,1
2065,1078,0
2066,1075,1
2067,1070,-2
2068,1085,-1
2069,1069,0
2070,1063,0
2071,1079,-2
2072,1085,1
2073,1088,1
2074,1090,-1
2075,1093,1
2076,1098,-2
2077,1102,-1
2078,1080,0
2079,1076,-2
2080,1083,0
2081,1079,0
2082,1072,-2
2083,1079,0
2084,1090,-1
2085,1070,1
2086,1064,-1
2087,1067,-1
2088,1094,-1
2089,1093,1
2090,1095,0
2091,1093,-1
2092,1105,1
2093,1090,-1
2094,1076,0
2095,1070,0
2096,1067,0
2097,1069,0
2098,1079,0
2099,1072,1
2100,1087,-1
2101,1082,0
2102,1076,0
2103,1088,0
2104,1102,-2
2105,1093,0
2106,1090,-1
2107,1102,-1
2108,1095,-2
2109,1079,-1
2110,1059,-1
2111,1063,-4
2112,1067,0
2113,1076,-1
2114,1078,-2
2115,1082,-1
2116,1105,0
2117,1106,-2
2118,1090,1
2119,1094,1
2120,1102,-2
2121,1096,0
2122,1100,-1
2123,1086,2
2124,1076,-2
2125,1073,-2
2126,1063,0
2127,1076,-1
2128,1078,-2
2129,1080,0
2130,1084,1
2131,1095,-2
2132,1100,0
2133,1100,-2
2134,1079,-1
2135,1090,-2
2136,1085,1
2137,1084,-2
2138,1077,-2
2139,1082,-2
2140,1093,1
2141,1090,-1
2142,1081,1
2143,1068,-1
2144,1088,-1
2145,1093,-2
2146,1086,1
2147,1095,-1
2148,1099,-1
2149,1090,-2
2150,1082,0
2151,1086,-2
2152,1087,-1
2153,1088,-1
2154,1083,1
2155,1084,0
2156,1092,1
2157,1093,1
2158,1074,0
2159,1072,-2
2160,1088,-2
2161,1091,-2
2162,1091,1
2163,1089,-3
2164,1102,-1
2165,1098,-2
2166,1091,0
2167,1085,0
2168,1091,1
2169,1085,-3
2170,1084,0
2171,1087,-2
2172,1089,-2
2173,1088,-1
2174,1081,0
2175,1080,1
2176,1087,-2
2177,1096,-1
2178,1100,0
2179,1099,-3
2180,1108,-2
2181,1098,0
2182,1082,1
2183,1082,-2
2184,1081,-2
2185,1082,0
2186,1078,1
2187,1079,1
2188,1086,1
2189,1091,1
2190,1077,-2
2191,1103,-1
2192,1109,0
2193,1113,-2
2194,1108,1
2195,1102,-2
2196,1108,-1
2197,1102,1
2198,1080,-2
2199,1078,0
2200,1080,-2
2201,1078,0
2202,1079,-2
2203,1087,0
2204,1098,-3
2205,1106,-2
2206,1094,0
2207,1102,0
2208,1099,-1
2209,1102,0
2210,1090,1
2211,1090,-2
2212,1091,0
2213,1081,-1
2214,1063,-2
2215,1077,-1
2216,1075,2
2217,1085,1
2218,1093,0
2219,1095,-1
2220,1111,0
2221,1105,-2
2222,1100,0
2223,1096,0
2224,1097,0
2225,1097,-1
2226,1096,1
2227,1084,-1
2228,1095,-2
2229,1093,2
2230,1083,-1
2231,1081,-1
2232,1090,1
2233,1102,-2
2234,1102,1
2235,1099,1
2236,1104,1
2237,1099,-1
2238,1084,0
2239,1092,0
2240,1093,-2
2241,1093,0
2242,1091,-2
2243,1087,1
2244,1099,-1
2245,1092,-1
2246,1080,-2
2247,1080,-1
2248,1080,-1
2249,1095,1
2250,1099,1
2251,1099,-2
2252,1105,0
2253,1108,1
2254,1096,-2
2255,1099,1
2256,1086,0
2257,1097,-2
2258,1085,1
2259,1083,-1
2260,1088,0
2261,1089,1
2262,1085,0
2263,1085,-2
2264,1098,1
2265,1113,0
2266,1118,1
2267,1109,-3
2268,1114,-1
2269,1100,0
2270,1083,-2
2271,1089,1
2272,1073,-2
2273,1081,-2
2274,1078,-1
2275,1076,1
2276,1099,1
2277,1103,1
2278,1100,-2
2279,1105,1
2280,1106,-1
2281,1117,0
2282,1113,1
2283,1110,0
2284,1112,0
2285,1096,-1
2286,1087,0
2287,1079,1
2288,1076,1
2289,1083,1
2290,1085,0
2291,1093,1
2292,1120,1
2293,1117,-2
2294,1102,0
2295,1111,-1
2296,1111,-2
2297,1112,-2
2298,1103,-2
2299,1103,1
2300,1102,-1
2301,1082,-1
2302,1075,0
2303,1076,1
2304,1088,-1
2305,1102,1
2306,1106,1
2307,1106,-1
2308,1122,1
2309,1117,-1
2310,1110,0
2311,1106,-2
2312,1108,1
2313,1099,0
2314,1087,-3
2315,1088,0
2316,1096,-2
2317,1090,1
2318,1093,0
2319,1088,-1
2320,1093,-2
2321,1102,1
2322,1117,-1
2323,1105,-1
2324,1122,-1
2325,1106,1
2326,1105,-1
2327,1093,0
2328,1089,0
2329,1095,-1
2330,1097,-1
2331,1093,-1
2332,1096,-3
2333,1099,2
2334,1086,0
2335,1091,-2
2336,1098,-2
2337,1110,3
2338,1112,0
2339,1111,1
2340,1123,1
2341,1113,1
2342,1105,0
2343,1096,0
2344,1089,-1
2345,1102,1
2346,1092,-1
2347,1091,-2
2348,1089,0
2349,1100,-1
2350,1086,0
2351,1098,0
2352,1113,1
2353,1106,-1
2354,1121,-2
2355,1119,-2
2356,1126,1
2357,1107,1
2358,1098,1
2359,1088,-1
2360,1084,0
2361,1091,-3
2362,1089,-2
2363,1087,-2
2364,1104,-1
2365,1116,-1
2366,1109,0
2367,1118,-1
2368,1129,0
2369,1132,0
2370,1124,-1
2371,1120,-3
2372,1120,1
2373,1091,2
2374,1084,1
2375,1088,-2
2376,1082,1
2377,1082,-1
2378,1097,-1
2379,1102,0
2380,1123,0
2381,1126,-2
2382,1119,0
2383,1118,-2
2384,1114,0
2385,1122,1
2386,1107,-2
2387,1098,1
2388,1099,-2
2389,1090,-2
2390,1085,0
2391,1086,0
2392,1099,-2
2393,1114,-2
2394,1120,-1
2395,1125,-2
2396,1144,-2
2397,1127,-2
2398,1122,0
2399,1111,-2
2400,1108,-1
2401,1105,0
2402,1099,0
2403,1088,0
2404,1100,1
2405,1101,1
2406,1096,-1
2407,1103,0
2408,1108,-1
2409,1120,0
2410,1114,0
2411,1114,-1
2412,1139,-1
2413,1108,0
2414,1108,-1
2415,1102,-1
2416,1097,1
2417,1102,-2
2418,1097,1
2419,1101,-1
2420,1119,0
2421,1102,1
2422,1105,0
2423,1113,2
2424,1111,0
2425,1117,-1
2426,1117,-1
2427,1113,-3
2428,1126,0
2429,1111,1
2430,1105,-2
2431,1107,-1
2432,1106,-2
2433,1105,-1
2434,1103,0
2435,1097,1
2436,1114,0
2437,1111,2
2438,1109,-1
2439,1105,-2
2440,1110,0
2441,1111,0
2442,1112,0
2443,1119,-1
2444,1123,-1
2445,1112,2
2446,1101,1
2447,1093,0
2448,1097,-2
2449,1093,0
2450,1102,-1
2451,1096,0
2452,1123,-1
2453,1117,-2
2454,1110,-3
2455,1111,-2
2456,1126,-3
2457,1119,1
2458,1117,0
2459,1110,-1
2460,1116,0
2461,1105,1
2462,1096,-2
2463,1096,0
2464,1096,0
2465,1099,-2
2466,1099,0
2467,1117,-1
2468,1131,-2
2469,1123,-2
2470,1124,1
2471,1121,1
2472,1116,1
2473,1114,-1
2474,1111,-1
2475,1093,0
2476,1111,-1
2477,1099,-1
2478,1101,1
2479,1099,0
2480,1101,0
2481,1117,0
2482,1127,-1
2483,1128,-1
2484,1138,0
2485,1131,1
2486,1110,-1
2487,1114,-2
2488,1103,-1
2489,1103,1
2490,1091,-3
2491,1096,-2
2492,1114,0
2493,1110,0
2494,1108,-1
2495,1102,-2
2496,1107,-3
2497,1120,0
2498,1113,-1
2499,1120,1
2500,1121,-2
2501,1122,-1
2502,1117,1
2503,1110,1
2504,1104,0
2505,1104,-2
2506,1107,1
2507,1109,-1
2508,1120,0
2509,1108,-2
2510,1112,-2
2511,1114,-2
2512,1112,-3
2513,1114,-1
2514,1114,-1
2515,1118,0
2516,1127,-4
2517,1123,-1
2518,1115,-1
2519,1111,-2
2520,1102,-1
2521,1114,-2
2522,1114,-2
2523,1111,0
2524,1112,-1
2525,1110,-2
2526,1106,1
2527,1107,1
2528,1116,-2
2529,1117,-2
2530,1125,0
2531,1128,1
2532,1138,-2
2533,1131,0
2534,1126,-2
2535,1114,1
2536,1095,-2
2537,1106,-1
2538,1102,-1
2539,1102,-2
2540,1119,-1
2541,1111,1
2542,1117,1
2543,1113,0
2544,1126,0
2545,1132,1
2546,1138,0
2547,1128,0
2548,1134,-2
2549,1119,-2
2550,1105,-2
2551,1105,1
2552,1102,-1
2553,1100,-1
2554,1105,0
2555,1117,1
2556,1129,1
2557,1127,-1
2558,1134,0
2559,1130,0
2560,1126,0
2561,1128,3
2562,1120,0
2563,1120,0
2564,1126,-2
2565,1108,-1
2566,1100,-2
2567,1097,-2
2568,1100,-1
2569,1123,1
2570,1126,-1
2571,1129,0
2572,1140,-1
2573,1142,-1
2574,1138,-1
2575,1116,-2
2576,1120,0
2577,1114,-2
2578,1105,-2
2579,1107,-1
2580,1115,-2
2581,1105,1
2582,1104,0
2583,1110,2
2584,1119,-1
2585,1126,-2
2586,1129,0
2587,1126,0
2588,1139,-1
2589,1132,1
2590,1123,0
2591,1117,-2
2592,1106,-1
2593,1115,1
2594,1108,-1
2595,1107,-2
2596,1125,-1
2597,1114,-1
2598,1116,-1
2599,1120,-1
2600,1123,-2
2601,1132,0
2602,1127,0
2603,1119,1
2604,1135,0
2605,1131,0
2606,1122,-2
2607,1106,-2
2608,1108,-2
2609,1120,-1
2610,1110,-1
2611,1108,-2
2612,1129,-3
2613,1114,-1
2614,1115,0
2615,1120,0
2616,1126,-1
2617,1139,-2
2618,1136,0
2619,1126,0
2620,1147,1
2621,1124,0
2622,1117,-2
2623,1110,-2
2624,1098,1
2625,1108,-2
2626,1096,-1
2627,1114,-1
2628,1126,0
2629,1126,-2
2630,1124,-2
2631,1123,2
2632,1130,-2
2633,1129,-1
2634,1128,-2
2635,1127,1
2636,1132,-2
2637,1116,-1
2638,1103,-1
2639,1094,-2
2640,1101,0
2641,1106,-2
2642,1114,0
2643,1121,1
2644,1139,-2
2645,1148,-1
2646,1129,-2
2647,1129,0
2648,1133,0
2649,1123,0
2650,1124,-2
2651,1111,-1
2652,1109,1
2653,1103,-1
2654,1107,-2
2655,1103,0
2656,1115,1
2657,1121,0
2658,1132,-2
2659,1136,1
2660,1155,-2
2661,1138,-1
2662,1129,0
2663,1122,0
2664,1116,-2
2665,1110,0
2666,1106,-2
2667,1102,-1
2668,1114,0
2669,1099,0
2670,1112,0
2671,1117,-1
2672,1133,-2
2673,1138,1
2674,1135,1
2675,1126,0
2676,1139,-2
2677,1122,1
2678,1128,-2
2679,1111,0
2680,1108,-2
2681,1122,0
2682,1120,-2
2683,1112,-2
2684,1120,0
2685,1123,0
2686,1129,0
2687,1126,0
2688,1129,1
2689,1135,-1
2690,1132,-3
2691,1131,-1
2692,1133,1
2693,1121,-1
2694,1124,1
2695,1114,1
2696,1108,0
2697,1104,0
2698,1120,0
2699,1126,0
2700,1128,0
2701,1122,0
2702,1132,0
2703,1132,1
2704,1123,-1
2705,1129,0
2706,1132,0
2707,1130,-1
2708,1129,-2
2709,1123,-1
2710,1119,0
2711,1113,0
2712,1111,-2
2713,1115,0
2714,1116,-1
2715,1114,-1
2716,1129,1
2717,1128,1
2718,1135,-2
2719,1129,-1
2720,1133,1
2721,1140,-2
2722,1137,1
2723,1129,-2
2724,1132,0
2725,1115,1
2726,1114,-2
2727,1107,-1
2728,1109,1
2729,1117,0
2730,1118,0
2731,1133,1
2732,1147,0
2733,1144,0
2734,1137,-1
2735,1134,1
2736,1134,-1
2737,1136,0
2738,1119,1
2739,1123,0
2740,1131,1
2741,1126,-2
2742,1113,0
2743,1107,-2
2744,1115,1
2745,1136,-1
2746,1132,-1
2747,1138,1
2748,1153,-2
2749,1147,0
2750,1133,-1
2751,1128,-1
2752,1120,0
2753,1119,-1
2754,1117,-1
2755,1116,-2
2756,1121,0
2757,1114,0
2758,1123,-2
2759,1126,-1
2760,1134,0
2761,1148,1
2762,1146,-1
2763,1136,-2
2764,1142,1
2765,1130,2
2766,1129,-1
2767,1117,2
2768,1117,-2
2769,1125,1
2770,1115,-1
2771,1119,0
2772,1140,1
2773,1138,-1
2774,1143,-2
2775,1132,-2
2776,1133,-1
2777,1138,-1
2778,1133,0
2779,1134,-1
2780,1149,0
2781,1141,0
2782,1128,-3
2783,1117,0
2784,1124,0
2785,1124,-1
2786,1125,-2
2787,1123,-2
2788,1132,0
2789,1138,-2
2790,1134,-1
2791,1129,0
2792,1135,-2
2793,1146,0
2794,1137,-2
2795,1141,-2
2796,1144,3
2797,1133,1
2798,1127,-1
2799,1121,-2
2800,1113,-1
2801,1128,-1
2802,1129,1
2803,1126,-1
2804,1146,0
2805,1146,0
2806,1147,-2
2807,1139,1
2808,1141,-1
2809,1154,0
2810,1134,-1
2811,1136,1
2812,1135,-2
2813,1124,-1
2814,1118,-2
2815,1117,-2
2816,1114,-1
2817,1119,-2
2818,1133,1
2819,1136,-1
2820,1153,-1
2821,1155,0
2822,1150,-2
2823,1141,-2
2824,1131,-2
2825,1138,-1
2826,1127,-1
2827,1123,-2
2828,1130,-1
2829,1127,-1
2830,1125,1
2831,1114,0
2832,1129,2
2833,1144,1
2834,1143,-1
2835,1153,0
2836,1147,1
2837,1164,1
2838,1141,-1
2839,1121,-1
2840,1126,-1
2841,1126,-2
2842,1120,-2
2843,1115,0
2844,1127,1
2845,1120,0
2846,1136,1
2847,1127,3
2848,1132,-1
2849,1147,-2
2850,1147,1
2851,1145,1
2852,1154,0
2853,1144,-1
2854,1136,1
2855,1124,1
2856,1129,-1
2857,1129,-1
2858,1132,0
2859,1128,1
2860,1144,0
2861,1142,0
2862,1147,1
2863,1138,-1
2864,1150,-1
2865,1145,-2
2866,1147,-2
2867,1143,3
2868,1144,-2
2869,1139,1
2870,1138,0
2871,1128,0
2872,1134,-1
2873,1132,-2
2874,1140,-2
2875,1141,2
2876,1152,0
2877,1144,-1
2878,1137,-2
2879,1136,-1
2880,1146,-2
2881,1142,1
2882,1143,-1
2883,1138,-1
2884,1148,-1
2885,1141,-1
2886,1132,-1
2887,1131,0
2888,1123,0
2889,1127,1
2890,1129,-1
2891,1138,-1
2892,1143,0
2893,1153,1
2894,1145,-2
2895,1138,-2
2896,1143,1
2897,1141,-2
2898,1141,0
2899,1143,0
2900,1148,1
2901,1138,1
2902,1131,-1
2903,1122,1
2904,1124,-2
2905,1129,-1
2906,1135,-2
2907,1140,-1
2908,1156,-2
2909,1158,-1
2910,1155,-1
2911,1139,0
2912,1129,-1
2913,1147,1
2914,1135,-2
2915,1129,-1
2916,1139,-1
2917,1145,-2
2918,1122,-2
2919,1123,-2
2920,1137,-2
2921,1147,1
2922,1157,-1
2923,1153,-2
2924,1162,-2
2925,1164,-2
2926,1145,-2
2927,1132,0
2928,1135,-2
2929,1138,1
2930,1132,-2
2931,1137,1
2932,1141,1
2933,1151,-1
2934,1147,-2
2935,1135,0
2936,1142,1
2937,1161,-2
2938,1151,-2
2939,1150,0
2940,1153,-2
2941,1154,-1
2942,1139,1
2943,1120,1
2944,1132,-2
2945,1136,-2
2946,1135,-1
2947,1129,0
2948,1144,1
2949,1154,-2
2950,1144,1
2951,1150,-2
2952,1144,-1
2953,1141,0
2954,1149,1
2955,1142,1
2956,1155,-1
2957,1150,0
2958,1138,-2
2959,1129,0
2960,1136,-2
2961,1144,0
2962,1128,-2
2963,1132,-1
2964,1144,0
2965,1156,-1
2966,1147,1
2967,1124,0
2968,1150,1
2969,1150,1
2970,1151,-2
2971,1147,0
2972,1147,1
2973,1157,1
2974,1150,0
2975,1131,0
2976,1129,1
2977,1132,1
2978,1134,0
2979,1139,1
2980,1146,1
2981,1154,-2
2982,1149,1
2983,1140,-1
2984,1153,0
2985,1145,0
2986,1140,-1
2987,1142,-2
2988,1150,0
2989,1152,0
2990,1135,-1
2991,1132,1
2992,1126,-1
2993,1139,1
2994,1141,1
2995,1141,-1
2996,1161,1
2997,1165,-2
2998,1160,0
2999,1149,-2
3000,1147,-2
3001,1142,-1
3002,1141,-2
3003,1145,0
3004,1131,0
3005,1143,-1
3006,1135,-2
3007,1127,1
3008,1136,0
3009,1148,0
3010,1144,-2
3011,1146,0
3012,1155,0
3013,1169,-1
3014,1157,-2
3015,1147,-1
3016,1127,0
3017,1131,0
3018,1135,-3
3019,1125,-4
3020,1135,-2
3021,1156,-1
3022,1141,1
3023,1141,-1
3024,1149,-1
3025,1156,-1
3026,1157,0
3027,1159,0
3028,1158,1
3029,1171,-1
3030,1145,1
3031,1120,2
3032,1138,-2
3033,1130,-1
3034,1132,-1
3035,1135,-1
3036,1148,-1
3037,1164,-1
3038,1154,-1
3039,1155,0
3040,1147,0
3041,1158,-1
3042,1153,-1
3043,1147,-2
3044,1155,0
3045,1150,-3
3046,1137,0
3047,1132,-1
3048,1140,0
3049,1138,1
3050,1141,1
3051,1150,1
3052,1160,-3
3053,1170,0
3054,1153,1
3055,1150,-1
3056,1150,-2
3057,1165,-1
3058,1161,-4
3059,1150,1
3060,1145,0
3061,1154,-2
3062,1140,-2
3063,1129,-2
3064,1132,-2
3065,1146,-2
3066,1145,0
3067,1143,0
3068,1150,-2
3069,1170,1
3070,1152,1
3071,1144,-1
3072,1161,0
3073,1156,-2
3074,1153,-1
3075,1141,0
3076,1150,-1
3077,1149,0
3078,1142,1
3079,1127,0
3080,1132,0
3081,1145,-2
3082,1150,-2
3083,1156,1
3084,1168,2
3085,1176,-2
3086,1161,-2
3087,1158,-2
3088,1153,-1
3089,1150,1
3090,1143,0
3091,1137,0
3092,1142,-1
3093,1145,-2
3094,1139,-1
3095,1127,0
3096,1151,-1
3097,1153,-1
3098,1164,0
3099,1169,-1
3100,1165,-2
3101,1183,-1
3102,1156,0
3103,1138,-1
3104,1141,-2
3105,1129,1
3106,1132,1
3107,1136,1
3108,1132,1
3109,1151,0
3110,1157,0
3111,1159,-2
3112,1159,1
3113,1177,-2
3114,1161,-2
3115,1151,1
3116,1156,1
3117,1159,-1
3118,1138,0
3119,1132,-1
3120,1130,0
3121,1132,0
3122,1145,-2
3123,1143,-1
3124,1159,0
3125,1171,0
3126,1161,0
3127,1161,1
3128,1158,0
3129,1154,1
3130,1157,-1
3131,1150,-1
3132,1148,-3
3133,1157,0
3134,1137,1
3135,1138,-1
3136,1142,1
3137,1146,-2
3138,1147,1
3139,1163,-1
3140,1166,-1
3141,1180,-2
3142,1165,-1
3143,1158,0
3144,1153,-1
3145,1155,-1
3146,1164,-2
3147,1150,0
3148,1146,-1
3149,1153,0
3150,1150,1
3151,1140,0
3152,1149,-2
3153,1150,0
3154,1155,-1
3155,1163,-2
3156,1167,-1
3157,1173,-1
3158,1151,-1
3159,1150,-1
3160,1156,-1
3161,1161,-1
3162,1148,0
3163,1155,-1
3164,1153,-1
3165,1164,1
3166,1147,0
3167,1143,-2
3168,1152,-2
3169,1162,-1
3170,1155,-1
3171,1158,1
3172,1164,1
3173,1179,-2
3174,1166,0
3175,1145,-1
3176,1150,1
3177,1152,1
3178,1149,-2
3179,1151,-4
3180,1156,1
3181,1154,-1
3182,1155,-1
3183,1156,-1
3184,1158,-2
3185,1170,0
3186,1167,1
3187,1161,0
3188,1165,-2
3189,1167,1
3190,1157,-1
3191,1149,-2
3192,1153,0
3193,1152,-3
3194,1153,-1
3195,1153,-1
3196,1153,-1
3197,1170,-1
3198,1157,-1
3199,1160,-1
3200,1164,-2
3201,1162,1
3202,1151,0
3203,1160,-1
3204,1170,0
3205,1158,-2
3206,1153,-1
3207,1141,-2
3208,1141,-1
3209,1156,-2
3210,1155,0
3211,1161,0
3212,1164,1
3213,1166,-1
3214,1168,-1
3215,1159,1
3216,1153,-1
3217,1156,-1
3218,1153,1
3219,1157,-1
3220,1162,-2
3221,1158,-1
3222,1151,-1
3223,1156,-2
3224,1164,0
3225,1160,0
3226,1164,-3
3227,1166,0
3228,1158,-1
3229,1167,2
3230,1160,1
3231,1158,1
3232,1158,0
3233,1164,-2
3234,1161,0
3235,1164,1
3236,1155,0
3237,1158,-1
3238,1166,1
3239,1162,-2
3240,1153,0
3241,1158,-1
3242,1156,-1
3243,1158,1
3244,1159,-1
3245,1168,-2
3246,1164,-1
3247,1166,-1
3248,1164,0
3249,1173,1
3250,1168,-1
3251,1170,-1
3252,1166,-2
3253,1171,0
3254,1161,1
3255,1150,2
3256,1150,-1
3257,1152,-2
3258,1156,-1
3259,1165,0
3260,1176,0
3261,1179,-2
3262,1174,-2
3263,1163,1
3264,1160,-1
3265,1164,-1
3266,1169,1
3267,1152,0
3268,1150,0
3269,1146,-1
3270,1158,-2
3271,1143,-1
3272,1162,-1
3273,1165,-1
3274,1161,-2
3275,1161,-2
3276,1177,-1
3277,1182,-1
3278,1176,-2
3279,1157,-1
3280,1148,-1
3281,1164,-1
3282,1148,-1
3283,1144,-2
3284,1147,-2
3285,1164,0
3286,1149,1
3287,1161,-2
3288,1166,0
3289,1176,1
3290,1173,0
3291,1176,1
3292,1173,-3
3293,1176,0
3294,1151,1
3295,1140,-1
3296,1147,0
3297,1141,0
3298,1146,-1
3299,1152,-2
3300,1153,-1
3301,1166,-1
3302,1164,3
3303,1167,-2
3304,1164,-2
3305,1177,0
3306,1170,1
3307,1175,1
3308,1158,-1
3309,1172,-1
3310,1149,1
3311,1139,1
3312,1150,-2
3313,1159,-1
3314,1156,0
3315,1165,1
3316,1173,-1
3317,1177,0
3318,1175,0
3319,1170,1
3320,1166,-1
3321,1178,0
3322,1175,-1
3323,1164,-1
3324,1155,0
3325,1169,-1
3326,1151,1
3327,1150,-1
3328,1153,0
3329,1154,0
3330,1162,1
3331,1167,-2
3332,1173,-2
3333,1181,1
3334,1171,-2
3335,1163,-1
3336,1176,-1
3337,1167,1
3338,1160,1
3339,1162,1
3340,1159,-3
3341,1153,0
3342,1153,0
3343,1144,-1
3344,1159,-1
3345,1168,-1
3346,1172,-2
3347,1176,1
3348,1179,1
3349,1186,0
3350,1181,-2
3351,1166,-1
3352,1164,0
3353,1156,-1
3354,1154,1
3355,1151,-1
3356,1150,-2
3357,1152,0
3358,1166,0
3359,1161,0
3360,1165,-1
3361,1178,-1
3362,1190,-1
3363,1179,0
3364,1179,-1
3365,1185,0
3366,1176,1
3367,1156,-1
3368,1156,-2
3369,1154,1
3370,1152,-2
3371,1155,-1
3372,1155,0
3373,1171,0
3374,1182,0
3375,1177,1
3376,1176,-2
3377,1180,-2
3378,1182,-1
3379,1172,1
3380,1174,0
3381,1171,-2
3382,1162,-2
3383,1148,-1
3384,1133,0
3385,1153,-2
3386,1173,-1
3387,1166,-1
3388,1170,1
3389,1189,1
3390,1185,0
3391,1178,-1
3392,1172,2
3393,1170,-2
3394,1170,-4
3395,1164,0
3396,1166,1
3397,1165,-2
3398,1152,1
3399,1144,-1
3400,1158,1
3401,1175,-2
3402,1171,-2
3403,1181,-2
3404,1180,-3
3405,1197,1
3406,1184,-1
3407,1167,-1
3408,1160,0
3409,1170,1
3410,1157,1
3411,1158,0
3412,1158,-1
3413,1167,0
3414,1163,1
3415,1155,1
3416,1162,1
3417,1170,1
3418,1176,0
3419,1176,0
3420,1179,-2
3421,1191,-2
3422,1170,0
3423,1165,-2
3424,1161,-1
3425,1165,1
3426,1166,1
3427,1164,-1
3428,1169,2
3429,1177,1
3430,1164,1
3431,1161,0
3432,1164,1
3433,1176,-1
3434,1179,-2
3435,1170,1
3436,1170,-2
3437,1187,1
3438,1179,-2
3439,1161,-1
3440,1160,-2
3441,1179,0
3442,1156,-1
3443,1170,0
3444,1164,-1
3445,1162,1
3446,1179,-1
3447,1163,-1
3448,1168,-2
3449,1180,1
3450,1177,0
3451,1185,0
3452,1178,1
3453,1190,-2
3454,1176,0
3455,1163,-1
3456,1164,0
3457,1164,-3
3458,1167,-2
3459,1170,0
3460,1167,0
3461,1184,0
3462,1179,-2
3463,1172,-2
3464,1171,-1
3465,1179,0
3466,1175,1
3467,1178,-2
3468,1167,0
3469,1184,0
3470,1174,-2
3471,1153,-2
3472,1158,1
3473,1170,-2
3474,1167,1
3475,1169,0
3476,1173,-2
3477,1189,0
3478,1189,-1
3479,1179,0
3480,1174,1
3481,1185,2
3482,1182,-1
3483,1170,0
3484,1170,1
3485,1178,-2
3486,1166,1
3487,1147,1
3488,1153,-1
3489,1171,-1
3490,1176,-1
3491,1170,1
3492,1173,-1
3493,1189,0
3494,1176,-1
3495,1160,-2
3496,1169,-2
3497,1173,1
3498,1167,-2
3499,1176,0
3500,1172,-2
3501,1182,0
3502,1168,0
3503,1155,1
3504,1164,0
3505,1178,1
3506,1170,0
3507,1171,-2
3508,1169,-2
3509,1184,1
3510,1176,1
3511,1162,1
3512,1178,-2
3513,1176,0
3514,1167,0
3515,1170,0
3516,1176,-3
3517,1174,-1
3518,1170,0
3519,1153,-1
3520,1161,0
3521,1173,-1
3522,1163,-1
3523,1171,-2
3524,1182,1
3525,1190,-1
3526,1185,0
3527,1170,-2
3528,1173,-2
3529,1170,0
3530,1170,-3
3531,1164,-2
3532,1165,1
3533,1161,-2
3534,1173,0
3535,1162,-2
3536,1166,4
3537,1179,1
3538,1186,1
3539,1191,-1
3540,1200,-2
3541,1191,0
3542,1184,1
3543,1158,1
3544,1164,-3
3545,1160,0
3546,1153,0
3547,1152,1
3548,1166,0
3549,1177,-1
3550,1189,-1
3551,1172,0
3552,1180,1
3553,1192,1
3554,1185,0
3555,1180,0
3556,1178,1
3557,1181,0
3558,1161,1
3559,1147,0
3560,1164,-3
3561,1161,-1
3562,1172,1
3563,1179,-1
3564,1184,1
3565,1194,0
3566,1194,0
3567,1176,-1
3568,1182,3
3569,1182,-1
3570,1178,1
3571,1176,-2
3572,1169,-1
3573,1179,-2
3574,1174,-2
3575,1153,0
3576,1168,1
3577,1173,-4
3578,1181,0
3579,1194,-4
3580,1193,-2
3581,1189,0
3582,1193,-2
3583,1170,-1
3584,1174,-1
3585,1173,1
3586,1174,-1
3587,1172,-2
3588,1176,0
3589,1183,-2
3590,1179,-2
3591,1173,-2
3592,1173,1
3593,1188,-3
3594,1189,-1
3595,1192,0
3596,1191,0
3597,1192,1
3598,1176,1
3599,1170,1
3600,1167,1
3601,1172,1
3602,1179,-2
3603,1165,0
3604,1169,0
3605,1182,1
3606,1179,-2
3607,1163,1
3608,1163,0
3609,1182,-1
3610,1184,1
3611,1189,-1
3612,1183,-2
3613,1197,-2
3614,1182,1
3615,1161,-1
3616,1165,0
3617,1170,0
3618,1176,-1
3619,1164,0
3620,1176,-1
3621,1186,-1
3622,1176,0
3623,1166,-2
3624,1184,-1
3625,1179,-1
3626,1191,0
3627,1188,0
3628,1191,0
3629,1193,1
3630,1174,-1
3631,1158,-2
3632,1158,-1
3633,1161,-1
3634,1164,0
3635,1171,0
3636,1176,-2
3637,1193,-2
3638,1185,0
3639,1182,0
3640,1189,-2
3641,1187,-1
3642,1192,0
3643,1182,-2
3644,1179,0
3645,1177,-3
3646,1173,1
3647,1158,-2
3648,1153,0
3649,1167,0
3650,1173,-4
3651,1180,-1
3652,1188,1
3653,1203,1
3654,1188,0
3655,1176,-1
3656,1183,-2
3657,1182,1
3658,1181,-2
3659,1180,-1
3660,1173,1
3661,1180,0
3662,1176,0
3663,1163,-2
3664,1185,-2
3665,1185,0
3666,1179,-2
3667,1189,-2
3668,1191,1
3669,1195,-2
3670,1191,-2
3671,1179,-1
3672,1178,0
3673,1173,1
3674,1177,-2
3675,1185,-2
3676,1179,-1
3677,1197,-2
3678,1188,1
3679,1176,0
3680,1183,-2
3681,1183,-1
3682,1184,0
3683,1185,0
3684,1191,1
3685,1195,0
3686,1192,1
3687,1182,-2
3688,1184,1
3689,1177,1
3690,1188,1
3691,1176,-1
3692,1184,0
3693,1195,-2
3694,1187,-2
3695,1179,-2
3696,1179,2
3697,1179,1
3698,1188,0
3699,1190,0
3700,1188,0
3701,1207,1
3702,1201,-1
3703,1184,-2
3704,1187,-1
3705,1179,1
3706,1181,-1
3707,1189,-1
3708,1175,0
3709,1179,0
3710,1184,-1
3711,1174,-2
3712,1184,0
3713,1191,-1
3714,1197,1
3715,1198,-1
3716,1195,-1
3717,1202,0
3718,1190,0
3719,1180,1
3720,1175,1
3721,1176,-1
3722,1186,-1
3723,1175,0
3724,1176,-1
3725,1196,1
3726,1191,-1
3727,1189,0
3728,1196,-1
3729,1192,-1
3730,1206,-2
3731,1198,0
3732,1188,-2
3733,1192,0
3734,1179,1
3735,1170,0
3736,1161,-2
3737,1179,-2
3738,1180,-2
3739,1182,-1
3740,1195,-2
3741,1206,1
3742,1198,1
3743,1197,0
3744,1197,-2
3745,1201,-1
3746,1187,1
3747,1191,-2
3748,1186,2
3749,1177,-1
3750,1177,-2
3751,1175,0
3752,1168,0
3753,1178,1
3754,1189,1
3755,1192,0
3756,1197,2
3757,1207,-1
3758,1192,-1
3759,1197,0
3760,1188,0
3761,1185,-2
3762,1185,-2
3763,1185,-1
3764,1183,0
3765,1191,-1
3766,1184,0
3767,1182,-1
3768,1179,-2
3769,1185,0
3770,1196,-1
3771,1198,-2
3772,1196,-1
3773,1200,1
3774,1200,-1
3775,1186,-2
3776,1185,-2
3777,1180,-2
3778,1183,-2
3779,1172,1
3780,1182,-1
3781,1187,0
3782,1186,0
3783,1182,-3
3784,1185,-1
3785,1194,1
3786,1206,0
3787,1206,-1
3788,1208,-1
3789,1209,-2
3790,1197,-1
3791,1189,0
3792,1184,-2
3793,1180,-1
3794,1183,1
3795,1176,-1
3796,1177,-1
3797,1200,-2
3798,1197,0
3799,1187,0
3800,1195,0
3801,1193,0
3802,1210,-2
3803,1204,-1
3804,1190,-2
3805,1200,-1
3806,1191,-1
3807,1176,-1
3808,1169,1
3809,1170,1
3810,1174,-1
3811,1176,0
3812,1188,-1
3813,1203,0
3814,1210,1
3815,1203,1
3816,1203,-2
3817,1197,1
3818,1201,1
3819,1189,-1
3820,1184,0
3821,1195,1
3822,1179,1
3823,1177,-2
3824,1173,0
3825,1174,-2
3826,1191,-2
3827,1197,-2
3828,1207,-1
3829,1210,-2
3830,1215,-1
3831,1200,0
3832,1194,-2
3833,1185,0
3834,1186,-1
3835,1180,-1
3836,1165,-1
3837,1181,0
3838,1181,-2
3839,1182,-2
3840,1187,-2
3841,1197,-2
3842,1203,1
3843,1211,-2
3844,1200,-1
3845,1218,-1
3846,1200,0
3847,1201,1
3848,1185,1
3849,1188,-3
3850,1174,1
3851,1175,0
3852,1186,1
3853,1201,0
3854,1196,0
3855,1194,-2
3856,1206,1
3857,1199,-1
3858,1209,-2
3859,1206,-2
3860,1197,-2
3861,1199,0
3862,1194,1
3863,1183,1
3864,1176,0
3865,1173,0
3866,1197,0
3867,1196,-1
3868,1196,-1
3869,1206,-2
3870,1201,0
3871,1191,-2
3872,1199,-2
3873,1194,0
3874,1194,-1
3875,1200,-2
3876,1194,-2
3877,1209,2
3878,1188,0
3879,1191,-2
3880,1181,2
3881,1190,0
3882,1192,-1
3883,1193,-2
3884,1201,-3
3885,1212,0
3886,1205,-1
3887,1203,-2
3888,1192,-2
3889,1199,0
3890,1200,-1
3891,1194,0
3892,1203,-2
3893,1210,-1
3894,1196,-1
3895,1191,-2
3896,1184,-3
3897,1185,-1
3898,1187,0
3899,1199,0
3900,1191,1
3901,1209,1
3902,1205,-2
3903,1205,0
3904,1195,-1
3905,1198,-2
3906,1189,0
3907,1191,-2
3908,1194,0
3909,1198,-1
3910,1193,-2
3911,1178,-2
3912,1190,-2
3913,1189,0
3914,1203,-2
3915,1203,0
3916,1203,-1
3917,1219,-4
3918,1203,0
3919,1195,-1
3920,1200,2
3921,1188,-2
3922,1195,2
3923,1191,-1
3924,1197,-2
3925,1198,-1
3926,1193,-2
3927,1194,0
3928,1188,0
3929,1191,0
3930,1208,-3
3931,1199,-1
3932,1200,-1
3933,1217,0
3934,1207,1
3935,1191,0
3936,1188,0
3937,1179,-1
3938,1188,-1
3939,1191,-1
3940,1196,-1
3941,1209,0
3942,1200,-3
3943,1200,0
3944,1191,1
3945,1188,-1
3946,1198,-1
3947,1203,-1
3948,1195,0
3949,1209,1
3950,1204,-2
3951,1203,0
3952,1189,-1
3953,1188,1
3954,1199,1
3955,1195,0
3956,1202,1
3957,1210,1
3958,1186,-2
3959,1194,-1
3960,1188,-2
3961,1183,0
3962,1200,-1
3963,1204,-1
3964,1200,0
3965,1216,0
3966,1200,1
3967,1197,0
3968,1190,0
3969,1189,-1
3970,1201,2
3971,1182,-3
3972,1184,-2
3973,1206,-1
3974,1188,-2
3975,1193,-1
3976,1189,-2
3977,1200,1
3978,1210,-3
3979,1213,0
3980,1209,1
3981,1214,-2
3982,1204,0
3983,1196,1
3984,1186,-1
3985,1188,-2
3986,1184,0
3987,1191,0
3988,1194,-1
3989,1210,-2
3990,1206,-2
3991,1215,-2
3992,1204,1
3993,1206,0
3994,1213,-2
3995,1206,-1
3996,1201,-2
3997,1215,-1
3998,1195,-1
3999,1180,0
4000,1179,0
4001,1180,-3
4002,1194,-1
4003,1201,-1
4004,1206,0
4005,1223,-1
4006,1219,-1
4007,1217,1
4008,1205,-1
4009,1198,0
4010,1210,1
4011,1205,0
4012,1186,1
4013,1194,1
4014,1193,-2
4015,1185,0
4016,1185,0
4017,1194,0
4018,1215,1
4019,1215,0
4020,1218,2
4021,1234,1
4022,1221,0
4023,1220,0
4024,1190,-1
4025,1188,1
4026,1193,-1
4027,1197,-1
4028,1183,0
4029,1209,-2
4030,1196,-1
4031,1199,1
4032,1198,-2
4033,1200,-1
4034,1217,-3
4035,1214,-2
4036,1212,0
4037,1230,-1
4038,1211,-2
4039,1199,-2
4040,1186,-2
4041,1191,-2
4042,1199,0
4043,1191,-1
4044,1193,-1
4045,1211,-2
4046,1204,2
4047,1203,0
4048,1197,-1
4049,1195,1
4050,1216,-2
4051,1213,1
4052,1208,-1
4053,1220,-2
4054,1204,1
4055,1200,0
4056,1183,0
4057,1188,1
4058,1197,1
4059,1189,-1
4060,1195,0
4061,1212,-2
4062,1211,-1
4063,1211,1
4064,1208,1
4065,1208,0
4066,1212,0
4067,1214,1
4068,1209,-2
4069,1215,-1
4070,1194,-2
4071,1191,1
4072,1183,-1
4073,1188,-3
4074,1194,-1
4075,1197,1
4076,1208,-2
4077,1225,-1
4078,1223,1
4079,1221,-3
4080,1206,0
4081,1216,1
4082,1208,-2
4083,1199,1
4084,1185,1
4085,1203,-2
4086,1196,0
4087,1188,1
4088,1187,0
4089,1187,-1
4090,1206,-1
4091,1223,1
4092,1223,-1
4093,1232,-2
4094,1222,-2
4095,1211,-2
4096,1207,0
4097,1203,0
4098,1191,-1
4099,1193,-1
4100,1182,-1
4101,1201,1
4102,1195,-1
4103,1203,-1
4104,1197,-1
4105,1204,0
4106,1221,0
4107,1223,0
4108,1221,-1
4109,1223,0
4110,1212,1
4111,1197,0
4112,1189,-3
4113,1192,1
4114,1191,0
4115,1197,-1
4116,1194,0
4117,1206,1
4118,1209,-1
4119,1209,1
4120,1208,1
4121,1216,1
4122,1215,0
4123,1213,0
4124,1203,1
4125,1211,-1
4126,1197,1
4127,1199,0
4128,1187,0
4129,1193,-1
4130,1203,0
4131,1206,-2
4132,1204,-2
4133,1223,0
4134,1219,-1
4135,1221,2
4136,1206,-2
4137,1207,-1
4138,1212,-1
4139,1205,-1
4140,1206,-2
4141,1210,2
4142,1201,-1
4143,1191,-1
4144,1196,1
4145,1200,-1
4146,1208,-1
4147,1206,1
4148,1208,-2
4149,1215,1
4150,1212,1
4151,1208,1
4152,1202,-1
4153,1206,0
4154,1205,0
4155,1204,0
4156,1203,1
4157,1226,-2
4158,1206,1
4159,1203,0
4160,1191,1
4161,1194,-1
4162,1208,1
4163,1206,0
4164,1207,1
4165,1228,1
4166,1215,0
4167,1203,-1
4168,1208,0
4169,1207,0
4170,1209,0
4171,1217,0
4172,1207,-2
4173,1220,0
4174,1205,0
4175,1199,-2
4176,1191,0
4177,1198,0
4178,1209,-2
4179,1207,1
4180,1210,1
4181,1223,-2
4182,1215,-1
4183,1215,1
4184,1204,-2
4185,1203,0
4186,1212,0
4187,1194,0
4188,1196,-2
4189,1215,1
4190,1209,-1
4191,1201,-2
4192,1203,-2
4193,1214,-2
4194,1218,-1
4195,1209,-2
4196,1212,-1
4197,1218,-2
4198,1221,-1
4199,1215,-1
4200,1203,-2
4201,1195,0
4202,1209,1
4203,1202,-1
4204,1206,-2
4205,1212,-3
4206,1215,-2
4207,1209,-2
4208,1200,0
4209,1217,1
4210,1212,0
4211,1214,1
4212,1218,-1
4213,1230,1
4214,1209,0
4215,1209,-2
4216,1197,1
4217,1203,-2
4218,1209,0
4219,1208,0
4220,1215,-2
4221,1226,-2
4222,1209,-2
4223,1209,-1
4224,1198,-2
4225,1211,1
4226,1225,0
4227,1218,0
4228,1209,-1
4229,1229,-2
4230,1207,-2
4231,1214,0
4232,1191,-2
4233,1202,-1
4234,1213,-2
4235,1206,-2
4236,1211,2
4237,1223,0
4238,1209,0
4239,1217,-2
4240,1212,-2
4241,1207,-2
4242,1218,-1
4243,1216,-1
4244,1221,-1
4245,1221,0
4246,1223,-2
4247,1212,1
4248,1192,-2
4249,1196,-1
4250,1201,-1
4251,1194,1
4252,1210,-3
4253,1228,-1
4254,1223,-1
4255,1219,-1
4256,1223,1
4257,1210,-2
4258,1222,-2
4259,1220,-1
4260,1209,0
4261,1217,-1
4262,1201,0
4263,1189,0
4264,1188,0
4265,1198,1
4266,1207,1
4267,1221,0
4268,1215,-1
4269,1241,1
4270,1228,-1
4271,1224,0
4272,1219,1
4273,1212,-1
4274,1213,0
4275,1206,-1
4276,1202,-2
4277,1209,-1
4278,1199,-1
4279,1212,0
4280,1201,0
4281,1216,1
4282,1236,1
4283,1221,1
4284,1231,0
4285,1237,-2
4286,1230,0
4287,1203,2
4288,1194,-2
4289,1199,-3
4290,1204,-2
4291,1192,0
4292,1194,1
4293,1212,0
4294,1211,0
4295,1219,-1
4296,1213,-2
4297,1222,-1
4298,1229,0
4299,1226,-1
4300,1223,-1
4301,1223,-2
4302,1209,-2
4303,1203,0
4304,1197,0
4305,1201,1
4306,1209,0
4307,1212,1
4308,1211,-2
4309,1218,-1
4310,1226,1
4311,1224,0
4312,1221,-1
4313,1225,-2
4314,1218,0
4315,1214,0
4316,1218,0
4317,1213,-1
4318,1213,-2
4319,1204,1
4320,1195,-1
4321,1205,-1
4322,1210,1
4323,1223,1
4324,1209,-2
4325,1236,1
4326,1221,0
4327,1219,-2
4328,1206,1
4329,1219,-2
4330,1221,-1
4331,1212,-2
4332,1204,-2
4333,1220,-2
4334,1221,-2
4335,1203,-2
4336,1203,-1
4337,1209,0
4338,1218,-2
4339,1221,-1
4340,1222,-2
4341,1226,1
4342,1234,0
4343,1221,-2
4344,1218,0
4345,1217,0
4346,1218,-1
4347,1208,-1
4348,1204,1
4349,1221,-1
4350,1203,-2
4351,1213,-1
4352,1197,-1
4353,1218,-2
4354,1223,-1
4355,1225,-2
4356,1225,1
4357,1242,1
4358,1226,1
4359,1228,-1
4360,1212,-3
4361,1207,-2
4362,1213,-1
4363,1204,-2
4364,1209,-1
4365,1221,-2
4366,1221,-1
4367,1218,0
4368,1221,2
4369,1227,-1
4370,1222,1
4371,1235,0
4372,1229,-2
4373,1237,0
4374,1226,-2
4375,1207,-2
4376,1203,0
4377,1203,1
4378,1212,0
4379,1209,1
4380,1211,1
4381,1217,0
4382,1232,0
4383,1228,-2
4384,1215,0
4385,1220,0
4386,1223,1
4387,1208,0
4388,1228,-1
4389,1225,-2
4390,1218,-3
4391,1215,-1
4392,1197,-1
4393,1209,-2
4394,1217,0
4395,1220,-1
4396,1220,-1
4397,1236,-2
4398,1232,-2
4399,1219,-2
4400,1221,0
4401,1215,-2
4402,1218,-2
4403,1225,-2
4404,1220,-1
4405,1216,-1
4406,1226,2
4407,1210,-2
4408,1206,0
4409,1206,-1
4410,1219,1
4411,1220,2
4412,1221,-1
4413,1229,1
4414,1235,-1
4415,1225,-1
4416,1214,-2
4417,1220,-2
4418,1224,-1
4419,1225,-1
4420,1226,0
4421,1226,1
4422,1219,0
4423,1219,1
4424,1207,0
4425,1204,-2
4426,1209,-1
4427,1218,0
4428,1215,-1
4429,1232,-2
4430,1228,-1
4431,1227,-2
4432,1221,-2
4433,1215,-2
4434,1229,-1
4435,1225,1
4436,1215,0
4437,1218,0
4438,1221,0
4439,1206,0
4440,1196,0
4441,1207,-1
4442,1222,-2
4443,1229,1
4444,1233,-2
4445,1232,-2
4446,1244,-1
4447,1242,0
4448,1214,-2
4449,1218,-2
4450,1213,-2
4451,1209,1
4452,1214,1
4453,1207,-2
4454,1219,-1
4455,1218,1
4456,1211,0
4457,1221,0
4458,1234,-1
4459,1239,-2
4460,1235,-2
4461,1236,-2
4462,1245,-2
4463,1218,-2
4464,1212,-1
4465,1206,0
4466,1198,-2
4467,1203,0
4468,1209,0
4469,1220,-2
4470,1233,-1
4471,1228,0
4472,1214,-1
4473,1226,1
4474,1238,-1
4475,1238,-1
4476,1234,0
4477,1220,-1
4478,1226,1
4479,1207,-2
4480,1206,0
4481,1209,-2
4482,1207,-2
4483,1219,0
4484,1224,0
4485,1227,-1
4486,1233,1
4487,1228,-1
4488,1218,-2
4489,1223,-2
4490,1235,0
4491,1223,-1
4492,1225,1
4493,1220,-1
4494,1225,-2
4495,1217,-2
4496,1209,0
4497,1209,0
4498,1216,-1
4499,1222,0
4500,1215,-1
4501,1235,-1
4502,1245,-2
4503,1226,-1
4504,1229,-2
4505,1232,-1
4506,1234,-1
4507,1223,1
4508,1221,-1
4509,1226,-1
4510,1218,1
4511,1219,-1
4512,1202,-1
4513,1213,-2
4514,1219,-2
4515,1224,0
4516,1235,1
4517,1235,-1
4518,1242,-2
4519,1240,-2
4520,1223,-1
4521,1224,1
4522,1216,0
4523,1221,-1
4524,1215,0
4525,1212,-2
4526,1223,-1
4527,1214,-1
4528,1212,-1
4529,1214,1
4530,1232,-2
4531,1240,1
4532,1244,0
4533,1238,-1
4534,1253,1
4535,1234,-2
4536,1220,-2
4537,1216,-1
4538,1208,0
4539,1212,-1
4540,1215,1
4541,1221,-1
4542,1231,-1
4543,1223,0
4544,1222,0
4545,1231,1
4546,1235,1
4547,1248,1
4548,1238,0
4549,1241,2
4550,1238,-2
4551,1216,-1
4552,1203,1
4553,1202,0
4554,1212,1
4555,1219,1
4556,1208,1
4557,1223,-1
4558,1241,0
4559,1241,-2
4560,1232,-2
4561,1226,-2
4562,1240,1
4563,1229,0
4564,1221,-2
4565,1215,-1
4566,1226,1
4567,1210,1
4568,1199,-2
4569,1216,-1
4570,1229,1
4571,1221,1
4572,1225,1
4573,1244,1
4574,1255,0
4575,1234,-2
4576,1237,-3
4577,1225,0
4578,1224,1
4579,1215,-1
4580,1217,-2
4581,1215,-2
4582,1224,-2
4583,1216,-1
4584,1222,-2
4585,1221,-2
4586,1239,-1
4587,1229,-1
4588,1235,0
4589,1228,1
4590,1244,1
4591,1226,-2
4592,1222,1
4593,1226,-1
4594,1222,-2
4595,1219,-1
4596,1223,0
4597,1229,0
4598,1238,-1
4599,1229,-1
4600,1229,-2
4601,1227,-2
4602,1226,0
4603,1231,-2
4604,1232,0
4605,1234,1
4606,1238,-1
4607,1223,-2
4608,1220,-1
4609,1227,1
4610,1223,1
4611,1226,1
4612,1234,1
4613,1232,0
4614,1235,0
4615,1225,-1
4616,1226,-2
4617,1234,-1
4618,1235,1
4619,1236,-2
4620,1238,0
4621,1235,-1
4622,1235,1
4623,1235,0
4624,1224,-2
4625,1218,-1
4626,1226,-2
4627,1216,-2
4628,1228,0
4629,1226,-2
4630,1236,-2
4631,1227,2
4632,1238,-2
4633,1226,0
4634,1234,0
4635,1240,0
4636,1237,-2
4637,1242,1
4638,1241,1
4639,1225,1
4640,1217,-1
4641,1214,0
4642,1223,-2
4643,1223,-1
4644,1229,-1
4645,1225,-1
4646,1246,-2
4647,1239,-1
4648,1229,-1
4649,1221,1
4650,1224,0
4651,1226,-1
4652,1230,1
4653,1229,-2
4654,1235,-3
4655,1223,1
4656,1211,1
4657,1223,0
4658,1229,1
4659,1233,-2
4660,1235,-2
4661,1238,-1
4662,1244,0
4663,1233,1
4664,1225,0
4665,1232,-2
4666,1247,-1
4667,1244,0
4668,1226,0
4669,1235,-1
4670,1242,0
4671,1232,-2
4672,1221,0
4673,1223,0
4674,1224,1
4675,1232,1
4676,1235,3
4677,1219,-1
4678,1247,-2
4679,1227,-2
4680,1223,-2
4681,1231,1
4682,1236,0
4683,1221,-1
4684,1227,0
4685,1240,2
4686,1238,0
4687,1222,1
4688,1215,0
4689,1218,-1
4690,1226,0
4691,1223,1
4692,1234,0
4693,1239,0
4694,1242,0
4695,1240,1
4696,1222,-2
4697,1232,-1
4698,1230,0
4699,1229,1
4700,1223,-1
4701,1233,-1
4702,1227,-1
4703,1210,-3
4704,1222,-1
4705,1229,1
4706,1229,-1
4707,1238,-2
4708,1242,-1
4709,1244,-2
4710,1257,0
4711,1240,-1
4712,1222,-1
4713,1223,1
4714,1222,0
4715,1216,0
4716,1219,-1
4717,1220,0
4718,1229,-1
4719,1226,1
4720,1222,-1
4721,1224,-2
4722,1247,0
4723,1239,-1
4724,1250,1
4725,1244,-2
4726,1245,-2
4727,1236,-2
4728,1213,-1
4729,1215,-1
4730,1218,-1
4731,1218,0
4732,1217,-1
4733,1231,-1
4734,1241,-1
4735,1244,-1
4736,1244,-1
4737,1247,-1
4738,1238,-1
4739,1246,-2
4740,1246,1
4741,1232,1
4742,1234,0
4743,1218,0
4744,1212,0
4745,1204,-3
4746,1218,0
4747,1221,0
4748,1235,-1
4749,1241,0
4750,1248,-3
4751,1244,-1
4752,1244,-2
4753,1242,1
4754,1244,-2
4755,1230,-2
4756,1229,-1
4757,1229,0
4758,1229,-2
4759,1232,1
4760,1223,-1
4761,1221,-1
4762,1236,-1
4763,1236,1
4764,1238,-2
4765,1250,-2
4766,1250,1
4767,1248,1
4768,1238,0
4769,1244,1
4770,1238,-2
4771,1224,0
4772,1223,1
4773,1227,-1
4774,1235,1
4775,1221,0
4776,1216,-1
4777,1229,-2
4778,1226,-3
4779,1238,-2
4780,1244,-1
4781,1245,2
4782,1256,0
4783,1248,-2
4784,1235,0
4785,1234,1
4786,1231,-1
4787,1220,1
4788,1226,1
4789,1220,1
4790,1222,1
4791,1229,0
4792,1219,-1
4793,1241,-1
4794,1246,-1
4795,1248,1
4796,1256,1
4797,1250,0
4798,1253,0
4799,1238,-2
4800,1230,-1
4801,1227,1
4802,1219,-4
4803,1218,-1
4804,1218,-1
4805,1222,0
4806,1243,1
4807,1236,-2
4808,1241,0
4809,1241,0
4810,1247,0
4811,1248,0
4812,1249,-1
4813,1236,-2
4814,1242,-2
4815,1226,-2
4816,1215,-2
4817,1218,-2
4818,1223,-2
4819,1228,-1
4820,1237,-1
4821,1247,0
4822,1259,0
4823,1264,0
4824,1248,-2
4825,1245,-1
4826,1250,-1
4827,1253,-1
4828,1237,-2
4829,1230,0
4830,1232,1
4831,1223,-1
4832,1217,-1
4833,1221,-1
4834,1223,0
4835,1243,0
4836,1245,-3
4837,1252,0
4838,1260,0
4839,1246,0
4840,1240,-2
4841,1236,-2
4842,1235,-1
4843,1232,-3
4844,1222,0
4845,1223,0
4846,1235,-1
4847,1239,0
4848,1234,-1
4849,1242,0
4850,1247,-2
4851,1249,1
4852,1252,0
4853,1241,0
4854,1258,0
4855,1251,1
4856,1230,0
4857,1226,-1
4858,1234,1
4859,1229,1
4860,1236,-1
4861,1235,-1
4862,1238,-1
4863,1239,1
4864,1236,-2
4865,1233,0
4866,1250,3
4867,1241,-2
4868,1245,0
4869,1241,-1
4870,1247,-1
4871,1241,-2
4872,1235,-1
4873,1236,0
4874,1241,1
4875,1233,-1
4876,1236,-2
4877,1238,0
4878,1244,-2
4879,1234,-1
4880,1240,2
4881,1245,-1
4882,1247,1
4883,1244,1
4884,1247,-2
4885,1242,-1
4886,1256,1
4887,1244,-1
4888,1238,1
4889,1230,-2
4890,1237,0
4891,1239,-2
4892,1239,1
4893,1232,1
4894,1250,-2
4895,1254,1
4896,1239,1
4897,1248,0
4898,1255,0
4899,1247,1
4900,1244,0
4901,1247,0
4902,1250,-2
4903,1238,-2
4904,1230,-1
4905,1238,-1
4906,1233,-3
4907,1235,1
4908,1233,-1
4909,1242,0
4910,1254,-2
4911,1254,0
4912,1234,2
4913,1243,0
4914,1246,-2
4915,1245,1
4916,1236,1
4917,1238,-1
4918,1238,-1
4919,1241,-1
4920,1221,0
4921,1232,0
4922,1246,-1
4923,1232,-1
4924,1245,-2
4925,1246,-1
4926,1253,0
4927,1242,0
4928,1232,1
4929,1247,-1
4930,1251,-2
4931,1241,0
4932,1238,-1
4933,1232,0
4934,1256,1
4935,1241,0
4936,1221,-2
4937,1235,-1
4938,1245,0
4939,1244,0
4940,1244,1
4941,1253,-1
4942,1248,-1
4943,1250,0
4944,1239,-1
4945,1234,-1
4946,1241,0
4947,1244,-1
4948,1241,-3
4949,1237,1
4950,1245,0
4951,1238,-2
4952,1233,-1
4953,1238,-2
4954,1244,-2
4955,1241,-2
4956,1245,0
4957,1248,-1
4958,1254,-1
4959,1238,-2
4960,1234,-1
4961,1234,1
4962,1243,0
4963,1238,-1
4964,1236,1
4965,1235,2
4966,1241,-2
4967,1236,-2
4968,1227,-2
4969,1232,0
4970,1245,-1
4971,1247,1
4972,1250,0
4973,1257,1
4974,1257,-1
4975,1253,-1
4976,1228,1
4977,1238,1
4978,1241,-1
4979,1234,0
4980,1230,-2
4981,1235,-1
4982,1250,1
4983,1237,1
4984,1230,-2
4985,1247,0
4986,1256,-1
4987,1253,-1
4988,1257,1
4989,1254,-1
4990,1247,0
4991,1244,-1
4992,1221,-1
4993,1218,0
4994,1235,-1
4995,1225,-1
4996,1230,1
4997,1244,-2
4998,1253,-1
4999,1262,0
5000,1247,1
5001,1247,0
5002,1251,-1
5003,1248,-2
5004,1246,-2
5005,1244,-1
5006,1244,-1
5007,1228,-2
5008,1222,1
5009,1227,1
5010,1242,1
5011,1250,0
5012,1250,0
5013,1252,-2
5014,1275,0
5015,1265,-2
5016,1244,0
5017,1242,-1
5018,1247,0
5019,1241,1
5020,1241,-1
5021,1244,1
5022,1241,0
5023,1243,-2
5024,1230,1
5025,1236,-2
5026,1259,-2
5027,1250,0
5028,1257,0
5029,1251,0
5030,1256,0
5031,1257,-1
5032,1233,1
5033,1239,-2
5034,1235,-2
5035,1238,-1
5036,1232,-1
5037,1237,-1
5038,1244,-2
5039,1244,0
5040,1232,-1
5041,1247,0
5042,1259,0
5043,1258,1
5044,1253,-2
5045,1253,0
5046,1258,1
5047,1252,-1
5048,1243,0
5049,1233,-1
5050,1243,-1
5051,1244,-1
5052,1242,-1
5053,1246,-2
5054,1253,0
5055,1254,-2
5056,1232,0
5057,1247,-1
5058,1255,1
5059,1247,-2
5060,1257,0
5061,1258,-1
5062,1259,-2
5063,1242,-1
5064,1229,-1
5065,1238,-1
5066,1241,0
5067,1241,1
5068,1251,0
5069,1245,1
5070,1261,-2
5071,1254,1
5072,1252,-1
5073,1253,-1
5074,1264,-2
5075,1260,-2
5076,1254,-1
5077,1252,1
5078,1253,-2
5079,1246,-1
5080,1219,1
5081,1232,-1
5082,1235,-2
5083,1245,2
5084,1247,-2
5085,1242,0
5086,1268,-1
5087,1265,-2
5088,1244,1
5089,1256,-2
5090,1267,0
5091,1244,1
5092,1228,-2
5093,1240,-2
5094,1242,1
5095,1235,-1
5096,1226,0
5097,1232,-1
5098,1245,-2
5099,1256,-1
5100,1246,0
5101,1261,0
5102,1268,0
5103,1255,-1
5104,1241,-2
5105,1244,-2
5106,1235,-2
5107,1233,1
5108,1221,1
5109,1241,-1
5110,1241,2
5111,1235,-1
5112,1230,0
5113,1239,1
5114,1247,-2
5115,1252,1
5116,1251,-1
5117,1247,-1
5118,1258,1
5119,1253,0
5120,1238,-1
5121,1235,0
5122,1235,1
5123,1242,2
5124,1242,-1
5125,1247,-2
5126,1246,-2
5127,1252,1
5128,1240,2
5129,1242,-2
5130,1255,1
5131,1255,0
5132,1249,0
5133,1253,1
5134,1268,-1
5135,1256,-1
5136,1241,0
5137,1238,0
5138,1244,0
5139,1245,0
5140,1244,-1
5141,1240,-1
5142,1253,-1
5143,1249,0
5144,1237,1
5145,1247,0
5146,1245,1
5147,1253,-1
5148,1256,-1
5149,1253,-2
5150,1258,0
5151,1250,1
5152,1241,-2
5153,1238,-2
5154,1240,0
5155,1244,-2
5156,1235,-2
5157,1246,-2
5158,1253,1
5159,1255,0
5160,1244,-2
5161,1256,-2
5162,1250,-1
5163,1260,-2
5164,1252,-1
5165,1245,-1
5166,1258,1
5167,1247,1
5168,1235,-2
5169,1238,-2
5170,1231,-2
5171,1238,-1
5172,1243,-1
5173,1260,-2
5174,1264,1
5175,1262,1
5176,1262,1
5177,1247,1
5178,1255,0
5179,1246,1
5180,1249,-1
5181,1245,-2
5182,1247,-1
5183,1240,-2
5184,1225,0
5185,1236,0
5186,1244,1
5187,1253,-2
5188,1254,1
5189,1259,0
5190,1272,0
5191,1262,1
5192,1252,-2
5193,1244,-3
5194,1236,-2
5195,1250,1
5196,1244,0
5197,1245,-1
5198,1248,1
5199,1245,0
5200,1234,-1
5201,1245,1
5202,1250,-2
5203,1263,-1
5204,1261,-2
5205,1267,-1
5206,1266,-1
5207,1256,0
5208,1237,1
5209,1241,1
5210,1240,0
5211,1249,-1
5212,1253,-1
5213,1249,-2
5214,1256,-1
5215,1253,0
5216,1252,-2
5217,1256,1
5218,1260,-1
5219,1263,0
5220,1259,-1
5221,1258,-1
5222,1257,-2
5223,1259,0
5224,1240,1
5225,1247,-1
5226,1239,0
5227,1242,-1
5228,1247,1
5229,1250,-2
5230,1255,-1
5231,1256,-1
5232,1261,-1
5233,1248,-1
5234,1250,1
5235,1262,1
5236,1262,-1
5237,1260,1
5238,1271,1
5239,1254,0
5240,1238,-1
5241,1241,0
5242,1241,1
5243,1241,0
5244,1251,0
5245,1241,1
5246,1269,-1
5247,1258,-1
5248,1254,1
5249,1256,0
5250,1259,0
5251,1265,-2
5252,1270,1
5253,1255,-1
5254,1252,1
5255,1239,-2
5256,1235,1
5257,1234,-3
5258,1239,-1
5259,1243,-2
5260,1253,0
5261,1268,0
5262,1272,1
5263,1266,0
5264,1257,-1
5265,1256,-1
5266,1256,-1
5267,1256,-2
5268,1241,-1
5269,1249,0
5270,1250,-2
5271,1248,-2
5272,1239,1
5273,1241,-1
5274,1246,0
5275,1265,0
5276,1273,-1
5277,1271,-1
5278,1272,-2
5279,1268,-1
5280,1253,-1
5281,1241,-1
5282,1237,-1
5283,1241,-2
5284,1250,1
5285,1242,-1
5286,1256,-1
5287,1253,0
5288,1253,-1
5289,1263,-2
5290,1262,-2
5291,1273,-2
5292,1268,-1
5293,1271,-2
5294,1271,-2
5295,1261,-2
5296,1244,-2
5297,1245,1
5298,1241,-1
5299,1248,-1
5300,1250,1
5301,1257,0
5302,1264,-3
5303,1261,0
5304,1262,-1
5305,1256,-2
5306,1256,-1
5307,1262,-2
5308,1260,-1
5309,1252,-2
5310,1273,-1
5311,1256,-1
5312,1247,1
5313,1244,0
5314,1244,-1
5315,1253,-2
5316,1263,-1
5317,1255,1
5318,1271,-1
5319,1264,2
5320,1256,-1
5321,1257,-2
5322,1253,-1
5323,1251,-2
5324,1259,-2
5325,1253,-1
5326,1263,1
5327,1257,-2
5328,1254,1
5329,1246,1
5330,1251,1
5331,1252,-1
5332,1256,1
5333,1255,1
5334,1273,1
5335,1274,-1
5336,1262,1
5337,1252,-2
5338,1259,2
5339,1267,1
5340,1259,-1
5341,1250,1
5342,1265,0
5343,1256,-2
5344,1246,0
5345,1249,-1
5346,1240,-1
5347,1251,0
5348,1255,0
5349,1261,-3
5350,1276,-1
5351,1258,1
5352,1260,-1
5353,1252,1
5354,1253,0
5355,1252,-1
5356,1249,-2
5357,1247,-1
5358,1255,-1
5359,1259,1
5360,1244,1
5361,1245,-2
5362,1253,0
5363,1255,1
5364,1268,-1
5365,1268,-1
5366,1277,0
5367,1275,1
5368,1250,0
5369,1252,0
5370,1246,1
5371,1256,-1
5372,1247,1
5373,1247,-2
5374,1262,0
5375,1242,0
5376,1252,1
5377,1264,1
5378,1260,1
5379,1269,-2
5380,1263,-1
5381,1266,-1
5382,1282,0
5383,1269,1
5384,1248,1
5385,1247,1
5386,1252,-1
5387,1253,1
5388,1257,-1
5389,1254,-1
5390,1265,1
5391,1267,-1
5392,1267,-2
5393,1257,-1
5394,1259,1
5395,1259,0
5396,1268,-1
5397,1263,0
5398,1262,1
5399,1257,-2
5400,1252,1
5401,1248,-1
5402,1249,-2
5403,1253,-2
5404,1254,3
5405,1253,1
5406,1265,0
5407,1258,-2
5408,1256,0
5409,1253,-2
5410,1254,0
5411,1273,0
5412,1277,1
5413,1265,-1
5414,1277,-1
5415,1263,-1
5416,1257,-1
5417,1256,1
5418,1250,1
5419,1245,1
5420,1251,-2
5421,1250,-2
5422,1275,0
5423,1265,1
5424,1269,0
5425,1254,-1
5426,1271,1
5427,1266,1
5428,1273,-1
5429,1260,2
5430,1276,0
5431,1262,-1
5432,1250,-1
5433,1244,1
5434,1243,0
5435,1258,-2
5436,1259,0
5437,1264,-1
5438,1291,0
5439,1275,-2
5440,1273,-2
5441,1276,2
5442,1273,-1
5443,1277,0
5444,1253,-1
5445,1256,-2
5446,1259,-1
5447,1256,-2
5448,1247,1
5449,1250,-2
5450,1253,-1
5451,1267,1
5452,1278,-1
5453,1271,1
5454,1279,-1
5455,1285,-2
5456,1264,0
5457,1259,0
5458,1251,0
5459,1253,-1
5460,1251,1
5461,1252,1
5462,1262,0
5463,1256,0
5464,1255,-2
5465,1263,0
5466,1267,0
5467,1275,-2
5468,1271,0
5469,1285,-1
5470,1288,0
5471,1274,0
5472,1259,-1
5473,1244,-1
5474,1245,1
5475,1252,1
5476,1248,1
5477,1250,1
5478,1274,0
5479,1263,1
5480,1271,1
5481,1263,1
5482,1264,-1
5483,1270,-1
5484,1276,1
5485,1269,-2
5486,1276,0
5487,1261,1
5488,1256,1
5489,1244,-1
5490,1252,-1
5491,1255,-1
5492,1262,-1
5493,1262,1
5494,1275,-1
5495,1272,-2
5496,1267,-1
5497,1264,-2
5498,1264,3
5499,1268,-2
5500,1269,0
5501,1262,1
5502,1281,1
5503,1262,0
5504,1255,1
5505,1249,-2
5506,1249,0
5507,1249,1
5508,1259,0
5509,1259,1
5510,1277,-1
5511,1262,1
5512,1271,-3
5513,1262,-2
5514,1268,1
5515,1265,-1
5516,1270,-1
5517,1262,-2
5518,1270,-3
5519,1260,-2
5520,1252,0
5521,1246,1
5522,1250,1
5523,1264,-1
5524,1274,-2
5525,1274,-1
5526,1290,-2
5527,1283,-2
5528,1271,1
5529,1265,1
5530,1266,-2
5531,1264,1
5532,1247,-2
5533,1246,-1
5534,1263,1
5535,1247,0
5536,1256,0
5537,1246,1
5538,1258,-2
5539,1271,-2
5540,1271,-2
5541,1277,0
5542,1287,1
5543,1270,-1
5544,1269,-2
5545,1253,0
5546,1254,1
5547,1255,2
5548,1250,-2
5549,1251,0
5550,1268,0
5551,1262,0
5552,1269,0
5553,1263,0
5554,1275,0
5555,1287,-1
5556,1283,0
5557,1272,1
5558,1289,-2
5559,1266,-2
5560,1253,1
5561,1253,0
5562,1247,2
5563,1249,-2
5564,1253,-2
5565,1257,1
5566,1271,0
5567,1271,1
5568,1278,-2
5569,1262,-2
5570,1266,1
5571,1271,-2
5572,1263,-1
5573,1261,1
5574,1275,1
5575,1259,-2
5576,1253,0
5577,1251,-1
5578,1257,1
5579,1265,-2
5580,1267,0
5581,1263,0
5582,1289,1
5583,1288,0
5584,1279,-1
5585,1268,-2
5586,1262,-1
5587,1268,-2
5588,1263,-1
5589,1265,-1
5590,1270,-2
5591,1262,1
5592,1265,0
5593,1256,-2
5594,1261,-1
5595,1254,1
5596,1264,1
5597,1271,-2
5598,1280,0
5599,1275,1
5600,1279,-1
5601,1263,0
5602,1274,-1
5603,1276,1
5604,1268,0
5605,1259,-1
5606,1277,-1
5607,1268,-1
5608,1265,-2
5609,1248,-1
5610,1256,1
5611,1273,-2
5612,1278,-1
5613,1278,-1
5614,1291,-1
5615,1277,1
5616,1271,-1
5617,1266,-2
5618,1259,1
5619,1262,-3
5620,1269,0
5621,1258,-2
5622,1269,-1
5623,1265,-2
5624,1261,1
5625,1257,-1
5626,1268,0
5627,1269,-2
5628,1283,-2
5629,1284,0
5630,1293,-2
5631,1277,-1
5632,1266,1
5633,1259,-1
5634,1257,0
5635,1258,-4
5636,1264,-1
5637,1259,0
5638,1277,0
5639,1275,-1
5640,1271,-1
5641,1274,0
5642,1267,-1
5643,1278,0
5644,1278,-2
5645,1278,-1
5646,1285,1
5647,1271,1
5648,1256,-1
5649,1253,-1
5650,1255,2
5651,1261,-1
5652,1268,-2
5653,1257,1
5654,1286,-2
5655,1286,1
5656,1271,0
5657,1272,-2
5658,1262,1
5659,1268,-1
5660,1268,1
5661,1271,-2
5662,1284,0
5663,1274,-2
5664,1264,-2
5665,1254,-1
5666,1268,-1
5667,1267,-2
5668,1277,-2
5669,1274,-1
5670,1293,0
5671,1271,0
5672,1274,-1
5673,1265,-3
5674,1266,-2
5675,1271,-1
5676,1274,-2
5677,1272,-1
5678,1290,-1
5679,1276,-1
5680,1267,-2
5681,1263,0
5682,1259,-1
5683,1265,-1
5684,1274,0
5685,1263,-2
5686,1280,-1
5687,1267,-2
5688,1271,0
5689,1271,1
5690,1275,0
5691,1268,1
5692,1277,0
5693,1271,0
5694,1283,0
5695,1263,-2
5696,1258,-2
5697,1244,0
5698,1258,0
5699,1270,-3
5700,1260,0
5701,1280,-2
5702,1280,1
5703,1277,-1
5704,1279,1
5705,1262,0
5706,1267,1
5707,1269,0
5708,1262,-2
5709,1261,-3
5710,1274,-2
5711,1265,-1
5712,1258,-2
5713,1258,0
5714,1265,2
5715,1276,1
5716,1277,-1
5717,1277,-1
5718,1292,0
5719,1294,-1
5720,1275,0
5721,1259,-2
5722,1271,-2
5723,1259,-2
5724,1271,0
5725,1268,0
5726,1263,0
5727,1268,-3
5728,1275,-1
5729,1277,-2
5730,1284,-2
5731,1280,1
5732,1284,-1
5733,1283,0
5734,1274,1
5735,1262,0
5736,1268,-2
5737,1250,0
5738,1269,-2
5739,1263,-1
5740,1269,1
5741,1263,-2
5742,1280,-1
5743,1284,-2
5744,1276,-2
5745,1272,0
5746,1277,-2
5747,1282,-2
5748,1272,-1
5749,1277,1
5750,1281,-2
5751,1271,1
5752,1259,1
5753,1270,1
5754,1265,0
5755,1273,-2
5756,1268,-2
5757,1274,-1
5758,1281,-1
5759,1277,-1
5760,1265,-2
5761,1264,1
5762,1275,-2
5763,1274,-1
5764,1265,-1
5765,1269,2
5766,1271,1
5767,1270,-1
5768,1260,1
5769,1255,-2
5770,1263,-2
5771,1265,-1
5772,1273,0
5773,1274,1
5774,1283,-3
5775,1278,1
5776,1286,0
5777,1271,0
5778,1274,-3
5779,1285,0
5780,1278,0
5781,1263,-1
5782,1280,-2
5783,1271,0
5784,1261,1
5785,1259,-1
5786,1261,-2
5787,1277,0
5788,1276,0
5789,1283,0
5790,1294,-1
5791,1289,-1
5792,1279,0
5793,1274,-1
5794,1265,-2
5795,1274,1
5796,1263,1
5797,1259,-1
5798,1268,-2
5799,1264,1
5800,1255,-4
5801,1261,0
5802,1278,1
5803,1289,1
5804,1289,-1
5805,1295,0
5806,1294,0
5807,1292,1
5808,1280,-2
5809,1262,1
5810,1265,-1
5811,1254,1
5812,1258,-2
5813,1259,-1
5814,1270,0
5815,1271,-2
5816,1287,1
5817,1272,-1
5818,1283,-1
5819,1289,2
5820,1289,1
5821,1280,-2
5822,1286,1
5823,1273,-1
5824,1263,-2
5825,1251,-2
5826,1254,1
5827,1253,-1
5828,1270,0
5829,1269,1
5830,1284,-1
5831,1287,-2
5832,1291,0
5833,1277,-2
5834,1285,1
5835,1280,-1
5836,1280,2
5837,1271,0
5838,1278,1
5839,1267,0
5840,1281,-2
5841,1258,-1
5842,1273,-2
5843,1277,-1
5844,1277,1
5845,1289,0
5846,1302,1
5847,1286,-1
5848,1285,-2
5849,1276,1
5850,1272,1
5851,1271,-3
5852,1265,-1
5853,1267,0
5854,1280,-2
5855,1279,0
5856,1269,-1
5857,1265,-2
5858,1267,0
5859,1280,-3
5860,1277,-1
5861,1279,-1
5862,1299,0
5863,1280,1
5864,1287,-1
5865,1274,-2
5866,1280,0
5867,1277,0
5868,1273,0
5869,1283,-2
5870,1276,-1
5871,1271,-1
5872,1268,1
5873,1262,-2
5874,1267,0
5875,1283,0
5876,1283,2
5877,1285,1
5878,1288,0
5879,1293,-1
5880,1287,0
5881,1269,0
5882,1269,0
5883,1276,-2
5884,1265,0
5885,1262,-2
5886,1277,0
5887,1266,-2
5888,1269,-1
5889,1269,0
5890,1278,-2
5891,1283,-1
5892,1280,1
5893,1288,1
5894,1295,2
5895,1294,0
5896,1280,1
5897,1267,-1
5898,1262,0
5899,1270,2
5900,1263,-2
5901,1265,-1
5902,1280,-2
5903,1289,-1
5904,1282,-2
5905,1274,-2
5906,1289,0
5907,1291,1
5908,1275,1
5909,1273,0
5910,1287,2
5911,1277,0
5912,1273,-2
5913,1247,-2
5914,1261,-2
5915,1276,1
5916,1271,0
5917,1276,-2
5918,1292,0
5919,1299,-2
5920,1287,1
5921,1284,-2
5922,1282,-2
5923,1286,0
5924,1280,1
5925,1278,-2
5926,1275,-1
5927,1268,-1
5928,1259,0
5929,1262,2
5930,1271,-1
5931,1275,-1
5932,1279,1
5933,1280,1
5934,1291,0
5935,1290,0
5936,1280,1
5937,1265,-1
5938,1278,1
5939,1282,-1
5940,1271,-1
5941,1279,-1
5942,1280,1
5943,1282,-3
5944,1277,-2
5945,1269,-1
5946,1273,-1
5947,1281,-1
5948,1280,1
5949,1278,0
5950,1286,-2
5951,1292,-4
5952,1290,-1
5953,1275,-1
5954,1272,0
5955,1272,-1
5956,1277,0
5957,1271,-2
5958,1283,0
5959,1277,-2
5960,1267,-1
5961,1263,-2
5962,1271,1
5963,1287,2
5964,1277,1
5965,1289,-1
5966,1296,1
5967,1306,-2
5968,1286,-1
5969,1274,1
5970,1281,1
5971,1271,-1
5972,1272,1
5973,1274,-2
5974,1279,-1
5975,1288,0
5976,1280,-1
5977,1267,-2
5978,1277,-3
5979,1289,-3
5980,1290,1
5981,1285,-5
5982,1289,1
5983,1300,1
5984,1278,-2
5985,1266,-1
5986,1268,-1
5987,1265,-1
5988,1272,-1
5989,1265,-2
5990,1277,1
5991,1290,1
5992,1287,2
5993,1276,1
5994,1280,1
5995,1291,1
5996,1293,-2
5997,1286,0
5998,1285,0
5999,1281,-1
6000,1266,-2
6001,1260,1
6002,1267,-2
6003,1279,0
6004,1271,0
6005,1291,0
6006,1288,-2
6007,1302,-1
6008,1293,-1
6009,1286,0
6010,1285,-1
6011,1286,0
6012,1277,2
6013,1268,-2
6014,1283,-1
6015,1280,-1
6016,1273,-1
6017,1268,-1
6018,1275,0
6019,1283,-1
6020,1291,1
6021,1286,0
6022,1287,0
6023,1295,-1
6024,1278,0
6025,1279,1
6026,1277,-2
6027,1277,-1
6028,1274,-1
6029,1277,0
6030,1287,-2
6031,1287,1
6032,1282,-2
6033,1271,-2
6034,1278,0
6035,1278,-2
6036,1274,1
6037,1298,-1
6038,1292,-1
6039,1297,0
6040,1284,1
6041,1274,0
6042,1275,1
6043,1287,-1
6044,1284,-2
6045,1277,0
6046,1285,0
6047,1289,-1
6048,1278,-1
6049,1282,-2
6050,1274,0
6051,1277,0
6052,1280,0
6053,1286,0
6054,1296,-2
6055,1299,0
6056,1291,0
6057,1275,-1
6058,1277,-2
6059,1286,-2
6060,1281,-2
6061,1275,-1
6062,1279,-1
6063,1283,0
6064,1277,0
6065,1278,-1
6066,1280,1
6067,1289,-1
6068,1295,0
6069,1300,-2
6070,1297,1
6071,1302,-2
6072,1284,-1
6073,1269,-2
6074,1262,0
6075,1274,-1
6076,1272,0
6077,1271,-1
6078,1287,1
6079,1291,1
6080,1289,-1
6081,1283,0
6082,1288,-1
6083,1295,1
6084,1299,-2
6085,1287,-2
6086,1284,1
6087,1294,1
6088,1274,1
6089,1263,0
6090,1271,-2
6091,1272,0
6092,1280,-2
6093,1281,-2
6094,1293,-2
6095,1315,-1
6096,1297,0
6097,1298,0
6098,1291,0
6099,1285,-1
6100,1289,0
6101,1280,-1
6102,1277,-2
6103,1280,1
6104,1274,-1
6105,1263,1
6106,1263,1
6107,1285,0
6108,1288,1
6109,1291,0
6110,1300,1
6111,1295,-1
6112,1295,-1
6113,1286,1
6114,1283,1
6115,1289,0
6116,1283,-2
6117,1283,1
6118,1292,1
6119,1290,1
6120,1271,0
6121,1276,-2
6122,1286,1
6123,1285,0
6124,1290,-1
6125,1282,1
6126,1296,-1
6127,1307,1
6128,1291,0
6129,1285,-1
6130,1280,-1
6131,1280,0
6132,1277,-2
6133,1288,0
6134,1284,0
6135,1286,0
6136,1281,-1
6137,1271,1
6138,1283,-2
6139,1291,1
6140,1290,1
6141,1294,0
6142,1302,0
6143,1298,-1
6144,1289,1
6145,1291,-1
6146,1279,1
6147,1282,-2
6148,1280,-1
6149,1279,-2
6150,1287,0
6151,1295,-1
6152,1286,-2
6153,1271,0
6154,1291,1
6155,1295,1
6156,1300,-1
6157,1302,-1
6158,1294,0
6159,1303,-3
6160,1287,1
6161,1262,-1
6162,1270,-2
6163,1271,0
6164,1266,-2
6165,1274,0
6166,1288,0
6167,1299,-2
6168,1294,-2
6169,1288,0
6170,1298,0
6171,1299,-1
6172,1300,0
6173,1302,-2
6174,1286,1
6175,1291,-2
6176,1276,0
6177,1271,0
6178,1273,-2
6179,1282,-1
6180,1288,-2
6181,1288,0
6182,1293,1
6183,1306,1
6184,1304,0
6185,1297,-2
6186,1286,-3
6187,1290,-2
6188,1286,-2
6189,1273,0
6190,1286,0
6191,1289,-1
6192,1277,0
6193,1271,-3
6194,1273,0
6195,1286,-1
6196,1290,-2
6197,1291,0
6198,1295,-5
6199,1307,0
6200,1293,0
6201,1286,-2
6202,1286,1
6203,1293,-2
6204,1277,-1
6205,1285,-1
6206,1283,-2
6207,1292,1
6208,1280,-1
6209,1283,1
6210,1291,-1
6211,1298,1
6212,1291,0
6213,1297,-1
6214,1285,-1
6215,1294,-1
6216,1291,-2
6217,1287,2
6218,1270,1
6219,1283,1
6220,1283,1
6221,1280,1
6222,1286,-1
6223,1294,0
6224,1286,-1
6225,1288,-2
6226,1281,0
6227,1294,-1
6228,1292,1
6229,1295,-2
6230,1291,-1
6231,1308,-1
6232,1300,1
6233,1277,1
6234,1284,-1
6235,1280,-1
6236,1277,-2
6237,1289,1
6238,1282,0
6239,1295,1
6240,1287,0
6241,1283,0
6242,1285,0
6243,1294,0
6244,1301,-1
6245,1297,1
6246,1294,1
6247,1295,0
6248,1283,0
6249,1279,-2
6250,1276,0
6251,1271,-1
6252,1283,1
6253,1279,1
6254,1294,0
6255,1300,1
6256,1305,-2
6257,1307,1
6258,1301,0
6259,1304,-3
6260,1296,0
6261,1295,0
6262,1286,0
6263,1287,-2
6264,1274,1
6265,1264,0
6266,1269,1
6267,1279,1
6268,1283,0
6269,1294,-2
6270,1308,1
6271,1313,-2
6272,1311,-2
6273,1306,-2
6274,1298,-2
6275,1303,-2
6276,1284,-1
6277,1272,-2
6278,1282,-1
6279,1286,1
6280,1268,-1
6281,1278,-1
6282,1293,-1
6283,1301,0
6284,1300,-1
6285,1306,-2
6286,1308,1
6287,1302,0
6288,1297,-1
6289,1295,-1
6290,1291,-1
6291,1280,0
6292,1283,-2
6293,1276,-2
6294,1280,0
6295,1288,-1
6296,1279,-1
6297,1289,-2
6298,1298,1
6299,1306,0
6300,1309,0
6301,1299,1
6302,1309,-1
6303,1314,1
6304,1295,1
6305,1280,-2
6306,1280,1
6307,1291,-2
6308,1287,1
6309,1277,0
6310,1287,-1
6311,1297,0
6312,1294,-1
6313,1289,-1
6314,1294,-2
6315,1313,-1
6316,1306,0
6317,1304,1
6318,1306,1
6319,1307,0
6320,1294,-2
6321,1283,-2
6322,1280,1
6323,1290,-2
6324,1280,0
6325,1284,1
6326,1288,-2
6327,1297,-2
6328,1297,0
6329,1292,-1
6330,1299,0
6331,1304,0
6332,1304,0
6333,1311,-2
6334,1298,-2
6335,1300,-2
6336,1271,-1
6337,1274,-1
6338,1276,-2
6339,1278,1
6340,1273,4
6341,1283,-1
6342,1292,0
6343,1306,-3
6344,1316,-1
6345,1305,-2
6346,1301,1
6347,1311,0
6348,1296,-1
6349,1277,1
6350,1275,0
6351,1276,-1
6352,1271,-1
6353,1271,-2
6354,1271,0
6355,1286,-1
6356,1297,-1
6357,1309,-1
6358,1312,1
6359,1321,-2
6360,1313,-1
6361,1303,-1
6362,1295,-1
6363,1279,-1
6364,1283,0
6365,1271,2
6366,1280,1
6367,1286,-2
6368,1278,1
6369,1277,-4
6370,1289,-2
6371,1300,-1
6372,1314,0
6373,1312,0
6374,1309,-1
6375,1305,-1
6376,1300,1
6377,1289,1
6378,1285,-1
6379,1285,-2
6380,1280,-1
6381,1277,-2
6382,1284,0
6383,1284,0
6384,1289,1
6385,1291,1
6386,1301,-2
6387,1306,-1
6388,1294,-2
6389,1290,0
6390,1299,1
6391,1304,-1
6392,1284,-1
6393,1287,-2
6394,1288,-1
6395,1284,-1
6396,1297,-2
6397,1290,-1
6398,1286,-2
6399,1300,0
6400,1296,-2
6401,1294,0
6402,1291,0
6403,1299,-1
6404,1297,0
6405,1296,-1
6406,1297,-1
6407,1297,-2
6408,1297,0
6409,1288,-1
6410,1290,1
6411,1294,1
6412,1281,0
6413,1285,-2
6414,1288,-2
6415,1299,0
6416,1287,0
6417,1295,0
6418,1296,1
6419,1305,-2
6420,1302,-2
6421,1305,-2
6422,1300,0
6423,1305,-2
6424,1293,-1
6425,1283,1
6426,1279,0
6427,1290,-2
6428,1274,-1
6429,1283,-2
6430,1293,1
6431,1304,-1
6432,1306,1
6433,1297,-2
6434,1310,0
6435,1309,-2
6436,1305,0
6437,1298,-2
6438,1289,-1
6439,1290,-2
6440,1288,-2
6441,1277,-1
6442,1276,1
6443,1288,-1
6444,1291,-2
6445,1300,0
6446,1300,1
6447,1314,1
6448,1314,-2
6449,1307,1
6450,1303,0
6451,1294,-1
6452,1291,1
6453,1281,-1
6454,1283,1
6455,1286,-2
6456,1286,-3
6457,1276,1
6458,1294,1
6459,1294,0
6460,1309,-2
6461,1300,-1
6462,1311,0
6463,1315,0
6464,1312,-2
6465,1300,-2
6466,1292,-1
6467,1289,1
6468,1284,1
6469,1292,1
6470,1286,-5
6471,1283,1
6472,1287,-2
6473,1291,-1
6474,1290,1
6475,1300,-2
6476,1301,1
6477,1300,-1
6478,1303,-2
6479,1309,0
6480,1304,-1
6481,1284,-3
6482,1291,-2
6483,1293,-3
6484,1280,1
6485,1283,0
6486,1292,1
6487,1300,-2
6488,1291,-1
6489,1293,1
6490,1290,0
6491,1306,-1
6492,1306,-2
6493,1307,-2
6494,1314,-2
6495,1312,-2
6496,1298,-1
6497,1282,1
6498,1286,0
6499,1286,0
6500,1280,-1
6501,1276,0
6502,1285,0
6503,1291,0
6504,1294,-2
6505,1291,-1
6506,1300,0
6507,1321,-1
6508,1312,-1
6509,1307,-2
6510,1301,-3
6511,1309,-2
6512,1301,1
6513,1268,-2
6514,1273,0
6515,1277,0
6516,1271,0
6517,1283,-1
6518,1302,-1
6519,1324,1
6520,1318,-2
6521,1308,-2
6522,1318,0
6523,1324,0
6524,1316,1
6525,1290,1
6526,1291,-2
6527,1283,1
6528,1274,-1
6529,1264,0
6530,1274,-1
6531,1282,-1
6532,1294,0
6533,1309,-1
6534,1320,1
6535,1330,-2
6536,1325,0
6537,1306,0
6538,1307,-1
6539,1300,1
6540,1275,-1
6541,1275,1
6542,1277,-2
6543,1269,-1
6544,1286,-2
6545,1278,1
6546,1286,-1
6547,1317,-1
6548,1326,0
6549,1318,0
6550,1320,-2
6551,1333,-1
6552,1315,-2
6553,1293,-1
6554,1295,0
6555,1281,0
6556,1274,0
6557,1277,1
6558,1285,1
6559,1299,-1
6560,1294,-1
6561,1294,1
6562,1309,1
6563,1315,-1
6564,1315,0
6565,1309,-2
6566,1304,-2
6567,1308,0
6568,1299,0
6569,1283,1
6570,1281,-2
6571,1289,-1
6572,1291,-2
6573,1287,1
6574,1289,1
6575,1306,-1
6576,1310,1
6577,1294,1
6578,1304,0
6579,1315,0
6580,1303,-1
6581,1298,-1
6582,1298,0
6583,1295,1
6584,1291,0
6585,1273,-2
6586,1287,-3
6587,1286,-2
6588,1289,0
6589,1287,1
6590,1295,-1
6591,1318,0
6592,1304,2
6593,1305,0
6594,1308,-2
6595,1310,-1
6596,1301,-1
6597,1294,-2
6598,1294,-2
6599,1302,-2
6600,1279,-1
6601,1277,-2
6602,1268,-1
6603,1288,0
6604,1289,-1
6605,1300,0
6606,1308,2
6607,1327,-1
6608,1321,-2
6609,1303,0
6610,1301,-1
6611,1305,1
6612,1291,-2
6613,1287,-2
6614,1284,1
6615,1283,-3
6616,1286,-2
6617,1272,-3
6618,1283,-2
6619,1296,1
6620,1301,1
6621,1315,0
6622,1327,-1
6623,1333,1
6624,1323,0
6625,1299,0
6626,1292,0
6627,1281,-1
6628,1286,0
6629,1278,0
6630,1287,-1
6631,1292,1
6632,1284,0
6633,1286,0
6634,1302,-1
6635,1314,-2
6636,1321,0
6637,1313,0
6638,1313,-4
6639,1320,-1
6640,1310,-1
6641,1277,-2
6642,1274,1
6643,1280,-1
6644,1285,-1
6645,1285,0
6646,1292,1
6647,1306,-2
6648,1300,0
6649,1302,-1
6650,1309,0
6651,1315,-2
6652,1315,-1
6653,1300,-1
6654,1303,0
6655,1297,0
6656,1291,0
6657,1277,0
6658,1284,-1
6659,1287,-2
6660,1294,0
6661,1301,-1
6662,1299,1
6663,1315,-1
6664,1301,-1
6665,1291,0
6666,1294,0
6667,1308,1
6668,1294,-1
6669,1305,1
6670,1301,0
6671,1311,0
6672,1298,-1
6673,1289,0
6674,1294,-1
6675,1304,1
6676,1290,-2
6677,1287,-1
6678,1298,1
6679,1312,1
6680,1309,-1
6681,1296,0
6682,1299,-1
6683,1313,1
6684,1314,-2
6685,1302,1
6686,1303,0
6687,1297,0
6688,1294,0
6689,1297,-2
6690,1289,-2
6691,1287,-1
6692,1295,-4
6693,1297,-2
6694,1311,1
6695,1306,1
6696,1312,0
6697,1300,-1
6698,1301,-1
6699,1297,1
6700,1303,0
6701,1303,0
6702,1291,0
6703,1296,-2
6704,1286,0
6705,1282,-2
6706,1277,0
6707,1286,-2
6708,1297,1
6709,1306,1
6710,1315,0
6711,1319,-2
6712,1321,1
6713,1310,-1
6714,1306,-1
6715,1296,-1
6716,1285,-2
6717,1288,1
6718,1286,-1
6719,1282,-1
6720,1291,1
6721,1286,-1
6722,1304,-1
6723,1310,-1
6724,1313,0
6725,1316,-2
6726,1312,-1
6727,1324,1
6728,1315,1
6729,1296,-2
6730,1296,-1
6731,1287,-2
6732,1288,-2
6733,1290,1
6734,1290,-4
6735,1305,-2
6736,1304,0
6737,1294,0
6738,1309,-1
6739,1315,0
6740,1312,-1
6741,1305,0
6742,1310,-1
6743,1311,1
6744,1304,1
6745,1283,1
6746,1293,0
6747,1297,1
6748,1299,-2
6749,1287,0
6750,1296,1
6751,1306,1
6752,1312,-1
6753,1294,-2
6754,1297,1
6755,1301,0
6756,1312,1
6757,1310,-1
6758,1304,0
6759,1309,0
6760,1301,0
6761,1289,1
6762,1287,0
6763,1286,1
6764,1291,1
6765,1295,1
6766,1295,-2
6767,1304,0
6768,1303,1
6769,1306,-2
6770,1309,-2
6771,1317,-1
6772,1323,0
6773,1314,0
6774,1302,-1
6775,1308,1
6776,1294,-1
6777,1276,-2
6778,1281,0
6779,1286,-1
6780,1295,-2
6781,1297,-2
6782,1313,0
6783,1323,1
6784,1324,0
6785,1319,-2
6786,1313,0
6787,1309,-2
6788,1312,0
6789,1297,-1
6790,1291,0
6791,1289,-1
6792,1277,-2
6793,1273,-1
6794,1276,-2
6795,1288,0
6796,1305,1
6797,1307,0
6798,1317,-1
6799,1327,-1
6800,1333,0
6801,1315,1
6802,1309,-1
6803,1291,-2
6804,1283,1
6805,1281,-1
6806,1276,1
6807,1288,-2
6808,1287,1
6809,1286,-2
6810,1304,-2
6811,1311,1
6812,1324,2
6813,1328,-1
6814,1314,-2
6815,1325,-2
6816,1313,0
6817,1289,1
6818,1275,-1
6819,1277,1
6820,1274,1
6821,1277,0
6822,1292,1
6823,1306,-2
6824,1309,-1
6825,1309,1
6826,1326,1
6827,1327,-2
6828,1322,0
6829,1324,1
6830,1312,-1
6831,1309,1
6832,1306,-1
6833,1283,-2
6834,1283,-2
6835,1291,-1
6836,1297,0
6837,1303,1
6838,1310,1
6839,1324,-1
6840,1325,0
6841,1320,-2
6842,1317,-2
6843,1318,0
6844,1315,-2
6845,1317,-1
6846,1296,-2
6847,1304,0
6848,1295,0
6849,1286,-1
6850,1301,0
6851,1293,1
6852,1312,-2
6853,1302,0
6854,1312,-2
6855,1324,0
6856,1317,-1
6857,1316,0
6858,1309,0
6859,1310,-2
6860,1309,0
6861,1303,-1
6862,1300,1
6863,1311,-2
6864,1297,0
6865,1285,-2
6866,1292,-1
6867,1297,1
6868,1304,0
6869,1319,-3
6870,1315,-2
6871,1324,-1
6872,1325,1
6873,1319,-2
6874,1314,-2
6875,1303,1
6876,1306,0
6877,1302,0
6878,1292,0
6879,1300,0
6880,1289,-2
6881,1293,0
6882,1292,-2
6883,1310,1
6884,1324,-2
6885,1327,-1
6886,1331,-1
6887,1343,-2
6888,1337,0
6889,1313,-3
6890,1313,0
6891,1296,-2
6892,1296,0
6893,1297,1
6894,1291,-2
6895,1310,-2
6896,1305,0
6897,1308,0
6898,1306,0
6899,1321,1
6900,1321,-1
6901,1327,0
6902,1327,-1
6903,1332,1
6904,1314,-2
6905,1297,1
6906,1286,1
6907,1289,1
6908,1286,-1
6909,1291,-1
6910,1301,-1
6911,1314,1
6912,1325,-2
6913,1319,0
6914,1324,0
6915,1318,-2
6916,1324,1
6917,1313,-3
6918,1311,-1
6919,1309,1
6920,1294,1
6921,1296,-1
6922,1291,0
6923,1297,1
6924,1298,0
6925,1301,-2
6926,1312,-1
6927,1329,-2
6928,1321,-1
6929,1318,-1
6930,1311,1
6931,1306,1
6932,1318,1
6933,1305,-2
6934,1297,1
6935,1311,-1
6936,1303,-1
6937,1297,0
6938,1302,0
6939,1300,-1
6940,1303,1
6941,1311,0
6942,1312,0
6943,1323,1
6944,1316,-2
6945,1313,-2
6946,1311,-1
6947,1314,1
6948,1312,0
6949,1313,1
6950,1305,-1
6951,1312,-1
6952,1300,1
6953,1305,0
6954,1291,-2
6955,1293,1
6956,1306,-1
6957,1322,-1
6958,1312,1
6959,1328,-2
6960,1322,-2
6961,1323,1
6962,1314,0
6963,1310,-1
6964,1306,0
6965,1309,-1
6966,1301,0
6967,1312,-1
6968,1297,-1
6969,1286,-2
6970,1299,-1
6971,1306,0
6972,1313,-2
6973,1330,1
6974,1336,-1
6975,1342,1
6976,1336,-2
6977,1324,-2
6978,1318,1
6979,1300,-2
6980,1294,-1
6981,1299,-1
6982,1293,-1
6983,1300,-1
6984,1302,1
6985,1307,0
6986,1310,-1
6987,1325,-2
6988,1328,-1
6989,1328,-2
6990,1322,-2
6991,1339,-1
6992,1316,0
6993,1297,-1
6994,1299,-1
6995,1288,-2
6996,1286,-1
6997,1296,0
6998,1294,0
6999,1316,0
7000,1317,0
7001,1312,-1
7002,1327,1
7003,1319,1
7004,1330,-1
7005,1335,-2
7006,1321,-2
7007,1315,-1
7008,1294,1
7009,1294,-2
7010,1298,1
7011,1293,0
7012,1294,1
7013,1303,0
7014,1308,-2
7015,1333,1
7016,1325,-1
7017,1325,-1
7018,1319,0
7019,1314,-1
7020,1325,-1
7021,1303,0
7022,1300,0
7023,1315,-1
7024,1297,0
7025,1305,1
7026,1298,0
7027,1299,1
7028,1307,1
7029,1321,-2
7030,1319,1
7031,1331,-2
7032,1329,0
7033,1324,1
7034,1315,-2
7035,1314,-1
7036,1320,-1
7037,1310,0
7038,1300,-2
7039,1311,0
7040,1301,-2
7041,1291,1
7042,1292,1
7043,1297,1
7044,1309,-1
7045,1319,-2
7046,1316,0
7047,1333,0
7048,1321,-2
7049,1318,-2
7050,1311,1
7051,1305,-1
7052,1303,2
7053,1303,-2
7054,1297,0
7055,1309,-1
7056,1298,-1
7057,1294,-1
7058,1308,-1
7059,1312,0
7060,1327,0
7061,1324,0
7062,1330,0
7063,1347,0
7064,1336,-2
7065,1325,1
7066,1302,-2
7067,1288,1
7068,1294,0
7069,1288,1
7070,1300,0
7071,1312,0
7072,1308,0
7073,1309,0
7074,1319,0
7075,1329,-1
7076,1321,-2
7077,1332,1
7078,1327,-1
7079,1323,1
7080,1311,-1
7081,1299,-2
7082,1291,0
7083,1291,1
7084,1294,-1
7085,1292,-1
7086,1300,-2
7087,1331,0
7088,1322,-1
7089,1339,-2
7090,1330,1
7091,1321,1
7092,1315,-2
7093,1317,-2
7094,1310,1
7095,1312,0
7096,1294,-2
7097,1294,-2
7098,1291,0
7099,1309,-1
7100,1305,-1
7101,1315,0
7102,1320,0
7103,1340,0
7104,1325,0
7105,1319,0
7106,1315,0
7107,1315,1
7108,1309,-2
7109,1307,1
7110,1299,0
7111,1304,0
7112,1297,1
7113,1309,0
7114,1306,-1
7115,1302,-1
7116,1325,2
7117,1324,0
7118,1315,-2
7119,1328,-2
7120,1318,-2
7121,1315,0
7122,1314,-2
7123,1307,1
7124,1313,-1
7125,1306,-2
7126,1315,-1
7127,1326,-2
7128,1318,-1
7129,1312,1
7130,1302,-1
7131,1303,-2
7132,1313,-2
7133,1314,-1
7134,1324,1
7135,1334,1
7136,1321,0
7137,1315,0
7138,1314,0
7139,1302,0
7140,1311,-2
7141,1320,1
7142,1312,-1
7143,1309,-2
7144,1306,-1
7145,1305,1
7146,1301,0
7147,1312,-1
7148,1318,1
7149,1318,-1
7150,1336,-2
7151,1329,0
7152,1330,-1
7153,1321,-2
7154,1304,-1
7155,1301,0
7156,1306,1
7157,1317,-1
7158,1303,1
7159,1317,-1
7160,1309,0
7161,1310,-1
7162,1312,-1
7163,1317,-2
7164,1321,1
7165,1327,-2
7166,1330,1
7167,1339,-1
7168,1312,0
7169,1306,-1
7170,1294,-2
7171,1303,-1
7172,1306,-1
7173,1309,-1
7174,1309,1
7175,1329,0
7176,1323,0
7177,1320,-1
7178,1323,-1
7179,1330,1
7180,1334,0
7181,1326,-1
7182,1316,1
7183,1324,-1
7184,1316,0
7185,1305,-2
7186,1300,-2
7187,1301,-2
7188,1315,-2
7189,1316,-1
7190,1314,0
7191,1337,0
7192,1319,-2
7193,1317,1
7194,1317,0
7195,1319,-1
7196,1327,-1
7197,1324,0
7198,1305,0
7199,1331,1
7200,1315,-2
7201,1300,0
7202,1297,-3
7203,1298,0
7204,1316,-1
7205,1318,1
7206,1319,0
7207,1335,0
7208,1315,0
7209,1324,-2
7210,1324,-1
7211,1315,0
7212,1327,0
7213,1315,-2
7214,1315,-1
7215,1325,-1
7216,1309,1
7217,1301,1
7218,1297,-2
7219,1300,3
7220,1309,-1
7221,1318,0
7222,1315,-1
7223,1344,-1
7224,1340,0
7225,1337,1
7226,1327,0
7227,1321,1
7228,1318,1
7229,1303,1
7230,1306,-1
7231,1297,-1
7232,1292,1
7233,1301,-1
7234,1312,-1
7235,1312,-2
7236,1327,0
7237,1342,-1
7238,1342,-1
7239,1354,0
7240,1335,-1
7241,1333,0
7242,1309,-1
7243,1306,1
7244,1297,1
7245,1294,-2
7246,1291,1
7247,1303,-2
7248,1310,-1
7249,1312,-2
7250,1330,0
7251,1333,0
7252,1344,-1
7253,1339,1
7254,1346,-2
7255,1345,-3
7256,1321,0
7257,1303,1
7258,1300,0
7259,1289,-2
7260,1293,0
7261,1294,1
7262,1309,0
7263,1324,0
7264,1331,0
7265,1351,-1
7266,1336,-1
7267,1342,-2
7268,1339,2
7269,1328,-1
7270,1325,-2
7271,1323,-3
7272,1303,-1
7273,1280,1
7274,1286,0
7275,1297,-1
7276,1311,-1
7277,1317,-3
7278,1330,1
7279,1348,1
7280,1340,-2
7281,1336,0
7282,1331,0
7283,1330,0
7284,1313,-4
7285,1306,1
7286,1298,-1
7287,1306,-2
7288,1294,1
7289,1291,1
7290,1306,1
7291,1315,-3
7292,1330,-3
7293,1334,1
7294,1319,0
7295,1349,-2
7296,1342,1
7297,1327,0
7298,1314,-1
7299,1310,-1
7300,1306,1
7301,1309,-1
7302,1305,-1
7303,1317,0
7304,1315,0
7305,1310,0
7306,1312,-1
7307,1322,-1
7308,1333,0
7309,1335,-2
7310,1330,-1
7311,1342,-1
7312,1336,1
7313,1327,-2
7314,1303,1
7315,1304,2
7316,1312,0
7317,1305,-1
7318,1300,1
7319,1316,0
7320,1310,1
7321,1321,-1
7322,1318,0
7323,1332,-2
7324,1339,-2
7325,1340,1
7326,1331,0
7327,1349,-1
7328,1324,-1
7329,1313,-2
7330,1302,0
7331,1298,0
7332,1302,1
7333,1299,-2
7334,1313,1
7335,1327,1
7336,1328,1
7337,1340,0
7338,1330,-1
7339,1334,0
7340,1326,0
7341,1330,1
7342,1327,1
7343,1325,1
7344,1300,1
7345,1291,-2
7346,1299,-1
7347,1300,-2
7348,1305,0
7349,1312,-2
7350,1318,0
7351,1345,0
7352,1341,0
7353,1335,1
7354,1335,0
7355,1326,-2
7356,1314,-1
7357,1313,0
7358,1314,0
7359,1314,-1
7360,1306,1
7361,1311,0
7362,1309,-1
7363,1315,-1
7364,1325,-1
7365,1336,-2
7366,1339,1
7367,1343,-2
7368,1337,-3
7369,1331,1
7370,1321,-1
7371,1309,-1
7372,1309,-1
7373,1313,0
7374,1310,-2
7375,1315,-1
7376,1316,0
7377,1330,-2
7378,1319,0
7379,1330,-2
7380,1336,-2
7381,1339,-2
7382,1329,-1
7383,1330,-2
7384,1319,1
7385,1315,-2
7386,1323,1
7387,1316,-2
7388,1318,-1
7389,1326,-2
7390,1327,-2
7391,1337,1
7392,1327,-1
7393,1324,-1
7394,1317,-1
7395,1323,-2
7396,1327,-2
7397,1319,-1
7398,1321,0
7399,1329,-3
7400,1327,-2
7401,1333,-3
7402,1312,1
7403,1316,-1
7404,1318,0
7405,1323,1
7406,1323,0
7407,1326,1
7408,1319,-2
7409,1318,-2
7410,1319,1
7411,1321,1
7412,1327,2
7413,1330,-1
7414,1328,-1
7415,1346,-1
7416,1327,-3
7417,1323,-2
7418,1314,-1
7419,1318,1
7420,1323,-2
7421,1314,-1
7422,1306,-1
7423,1324,1
7424,1320,0
7425,1325,1
7426,1316,-1
7427,1336,-1
7428,1346,-1
7429,1337,1
7430,1338,0
7431,1347,-2
7432,1328,0
7433,1325,2
7434,1305,-2
7435,1312,-1
7436,1308,1
7437,1306,1
7438,1315,0
7439,1333,-1
7440,1334,0
7441,1324,1
7442,1334,2
7443,1336,-1
7444,1341,-1
7445,1328,-2
7446,1318,-2
7447,1329,-1
7448,1316,-1
7449,1312,0
7450,1303,-1
7451,1315,1
7452,1317,1
7453,1326,-1
7454,1331,0
7455,1342,1
7456,1340,0
7457,1336,-2
7458,1332,0
7459,1330,-1
7460,1322,-1
7461,1321,0
7462,1314,-1
7463,1322,1
7464,1317,-2
7465,1312,0
7466,1307,1
7467,1327,-3
7468,1327,1
7469,1327,-1
7470,1331,-1
7471,1342,1
7472,1338,1
7473,1335,0
7474,1324,1
7475,1319,1
7476,1320,0
7477,1327,1
7478,1318,0
7479,1327,1
7480,1321,1
7481,1313,1
7482,1315,1
7483,1319,-2
7484,1323,-2
7485,1337,-1
7486,1336,1
7487,1341,1
7488,1339,-2
7489,1336,-1
7490,1326,-1
7491,1322,-2
7492,1328,-2
7493,1309,-2
7494,1313,-1
7495,1315,-1
7496,1311,0
7497,1318,0
7498,1318,0
7499,1325,-2
7500,1335,0
7501,1351,-3
7502,1354,0
7503,1348,1
7504,1348,1
7505,1325,0
7506,1310,1
7507,1300,1
7508,1297,-2
7509,1306,0
7510,1302,-1
7511,1317,-2
7512,1327,-1
7513,1335,-1
7514,1334,1
7515,1339,-1
7516,1348,1
7517,1348,-1
7518,1341,0
7519,1333,1
7520,1324,-3
7521,1312,-2
7522,1302,-2
7523,1303,0
7524,1306,1
7525,1311,-3
7526,1332,-1
7527,1346,1
7528,1356,-1
7529,1347,-1
7530,1335,1
7531,1345,0
7532,1339,-2
7533,1324,-1
7534,1312,-1
7535,1313,-2
7536,1310,0
7537,1312,-1
7538,1301,1
7539,1303,-2
7540,1322,-2
7541,1330,1
7542,1333,1
7543,1344,0
7544,1354,1
7545,1349,-2
7546,1330,1
7547,1327,0
7548,1318,-2
7549,1316,-2
7550,1306,-2
7551,1317,-2
7552,1319,-2
7553,1315,0
7554,1313,0
7555,1333,-2
7556,1344,-2
7557,1339,1
7558,1343,-1
7559,1341,-1
7560,1334,-2
7561,1328,-1
7562,1312,-1
7563,1318,1
7564,1324,0
7565,1317,-1
7566,1318,-1
7567,1330,-1
7568,1337,-2
7569,1329,0
7570,1323,-1
7571,1339,-2
7572,1345,0
7573,1338,-2
7574,1338,-1
7575,1339,-2
7576,1334,-2
7577,1332,1
7578,1314,-1
7579,1312,0
7580,1320,0
7581,1321,0
7582,1324,-1
7583,1328,-1
7584,1324,1
7585,1331,1
7586,1323,0
7587,1336,-2
7588,1333,0
7589,1343,-2
7590,1338,-1
7591,1338,1
7592,1337,-2
7593,1320,-1
7594,1312,1
7595,1319,0
7596,1312,-2
7597,1312,-1
7598,1318,-2
7599,1330,0
7600,1337,-1
7601,1332,-2
7602,1333,-4
7603,1335,0
7604,1338,-1
7605,1339,-2
7606,1335,-1
7607,1330,-2
7608,1320,-1
7609,1316,-2
7610,1308,1
7611,1312,-2
7612,1326,0
7613,1328,-2
7614,1335,-1
7615,1352,1
7616,1351,0
7617,1345,-2
7618,1329,0
7619,1340,-1
7620,1336,-1
7621,1321,-1
7622,1306,-1
7623,1312,0
7624,1324,1
7625,1309,-1
7626,1307,-2
7627,1330,-1
7628,1329,1
7629,1336,0
7630,1345,1
7631,1361,0
7632,1342,-1
7633,1331,-2
7634,1333,0
7635,1321,0
7636,1321,1
7637,1316,-2
7638,1315,-3
7639,1330,1
7640,1329,0
7641,1312,1
7642,1317,-2
7643,1340,-2
7644,1342,1
7645,1344,-2
7646,1339,-2
7647,1354,-2
7648,1339,-2
7649,1329,0
7650,1316,-1
7651,1317,-3
7652,1313,-1
7653,1325,2
7654,1323,1
7655,1338,-2
7656,1340,-1
7657,1333,-1
7658,1325,0
7659,1335,0
7660,1340,-1
7661,1329,1
7662,1330,1
7663,1337,1
7664,1336,1
7665,1324,-1
7666,1327,-1
7667,1320,1
7668,1323,-1
7669,1327,-1
7670,1327,0
7671,1322,-1
7672,1330,-1
7673,1326,-2
7674,1315,1
7675,1333,-1
7676,1330,-1
7677,1339,-1
7678,1345,0
7679,1333,1
7680,1346,0
7681,1331,0
7682,1318,1
7683,1314,-2
7684,1323,-1
7685,1315,-3
7686,1319,-1
7687,1321,-1
7688,1337,0
7689,1340,0
7690,1336,1
7691,1333,-3
7692,1348,1
7693,1352,1
7694,1342,0
7695,1336,0
7696,1334,-1
7697,1317,1
7698,1309,-1
7699,1312,1
7700,1327,1
7701,1324,-1
7702,1330,0
7703,1336,-1
7704,1354,0
7705,1343,-2
7706,1340,0
7707,1341,-1
7708,1335,0
7709,1327,-2
7710,1325,-1
7711,1323,0
7712,1320,0
7713,1319,0
7714,1303,0
7715,1308,-2
7716,1331,0
7717,1340,0
7718,1346,-2
7719,1357,0
7720,1365,0
7721,1346,-1
7722,1341,-1
7723,1338,-3
7724,1328,-1
7725,1324,-1
7726,1319,-2
7727,1318,-2
7728,1327,-2
7729,1322,-2
7730,1323,-1
7731,1336,-1
7732,1348,-2
7733,1348,1
7734,1338,1
7735,1351,1
7736,1355,-2
7737,1333,-2
7738,1325,-1
7739,1315,-3
7740,1328,-1
7741,1328,-2
7742,1318,0
7743,1321,-1
7744,1330,-2
7745,1339,-2
7746,1334,-1
7747,1336,-1
7748,1351,-1
7749,1341,0
7750,1335,-2
7751,1346,1
7752,1350,1
7753,1333,0
7754,1312,-2
7755,1327,-2
7756,1324,-1
7757,1318,0
7758,1327,-1
7759,1334,0
7760,1346,-1
7761,1334,-1
7762,1333,-2
7763,1348,-2
7764,1342,1
7765,1345,-1
7766,1348,-1
7767,1339,0
7768,1339,1
7769,1324,-1
7770,1327,1
7771,1318,-2
7772,1318,0
7773,1322,-1
7774,1322,0
7775,1344,0
7776,1350,-1
7777,1340,-1
7778,1341,-2
7779,1348,-2
7780,1348,0
7781,1345,-1
7782,1329,0
7783,1332,-1
7784,1324,-2
7785,1314,-2
7786,1314,0
7787,1306,0
7788,1326,-2
7789,1339,-2
7790,1350,0
7791,1354,-2
7792,1370,-2
7793,1346,-2
7794,1342,1
7795,1342,-1
7796,1337,-1
7797,1325,0
7798,1321,1
7799,1312,-1
7800,1325,0
7801,1315,-2
7802,1318,1
7803,1325,-2
7804,1341,-2
7805,1356,-1
7806,1345,0
7807,1348,-4
7808,1361,-1
7809,1338,-2
7810,1322,1
7811,1333,2
7812,1324,-2
7813,1321,-1
7814,1315,-1
7815,1327,0
7816,1333,-1
7817,1336,0
7818,1331,0
7819,1337,-1
7820,1359,0
7821,1351,1
7822,1349,2
7823,1333,0
7824,1346,1
7825,1328,0
7826,1323,-2
7827,1314,-1
7828,1324,-2
7829,1326,0
7830,1332,0
7831,1338,1
7832,1345,1
7833,1342,2
7834,1335,0
7835,1334,-1
7836,1342,1
7837,1335,0
7838,1334,-1
7839,1334,-2
7840,1345,1
7841,1320,-3
7842,1311,0
7843,1324,1
7844,1339,-2
7845,1336,-1
7846,1327,1
7847,1333,2
7848,1347,2
7849,1334,-2
7850,1330,-1
7851,1333,-3
7852,1330,-1
7853,1341,-1
7854,1342,-2
7855,1340,1
7856,1337,1
7857,1336,-1
7858,1326,0
7859,1319,1
7860,1330,-1
7861,1330,0
7862,1333,-2
7863,1343,1
7864,1342,1
7865,1333,-3
7866,1337,1
7867,1344,-1
7868,1344,-2
7869,1342,-3
7870,1337,0
7871,1346,-1
7872,1348,0
7873,1323,1
7874,1324,1
7875,1315,0
7876,1324,1
7877,1331,-1
7878,1339,-1
7879,1342,-2
7880,1355,0
7881,1348,-2
7882,1337,-1
7883,1339,-2
7884,1345,-2
7885,1327,-1
7886,1333,0
7887,1328,-2
7888,1332,1
7889,1318,1
7890,1328,0
7891,1330,0
7892,1332,0
7893,1340,0
7894,1349,1
7895,1354,1
7896,1356,-3
7897,1346,-1
7898,1341,-2
7899,1331,1
7900,1328,0
7901,1330,0
7902,1333,-2
7903,1331,0
7904,1334,0
7905,1327,1
7906,1334,-1
7907,1333,-2
7908,1345,0
7909,1351,0
7910,1337,0
7911,1344,1
7912,1357,0
7913,1333,-2
7914,1336,-2
7915,1331,-1
7916,1335,-2
7917,1335,-2
7918,1328,2
7919,1333,1
7920,1336,0
7921,1329,1
7922,1328,1
7923,1343,-1
7924,1333,-2
7925,1332,0
7926,1342,-1
7927,1343,0
7928,1353,0
7929,1339,-1
7930,1331,1
7931,1328,0
7932,1330,-1
7933,1333,-1
7934,1331,-1
7935,1333,0
7936,1341,0
7937,1341,1
7938,1334,0
7939,1342,-1
7940,1346,-1
7941,1352,-1
7942,1350,1
7943,1350,1
7944,1345,1
7945,1341,0
7946,1315,1
7947,1318,-2
7948,1314,-1
7949,1308,1
7950,1324,-2
7951,1336,-1
7952,1347,-1
7953,1347,1
7954,1354,0
7955,1359,1
7956,1351,-1
7957,1351,-1
7958,1346,-1
7959,1341,0
7960,1342,0
7961,1318,-1
7962,1314,-1
7963,1314,-1
7964,1324,-1
7965,1327,0
7966,1338,3
7967,1357,-2
7968,1363,0
7969,1364,0
7970,1361,1
7971,1352,1
7972,1342,-1
7973,1333,0
7974,1330,1
7975,1322,0
7976,1320,-1
7977,1317,-2
7978,1309,-1
7979,1328,1
7980,1349,0
7981,1356,0
7982,1362,0
7983,1362,1
7984,1373,2
7985,1365,0
7986,1345,-1
7987,1330,-2
7988,1326,-1
7989,1311,-1
7990,1318,-1
7991,1321,-2
7992,1326,-1
7993,1325,-2
7994,1336,0
7995,1356,1
7996,1367,-2
7997,1359,-1
7998,1360,-1
7999,1364,1
8000,1356,1
8001,1338,-2
8002,1316,-1
8003,1319,1
8004,1318,-2
8005,1329,-2
8006,1331,0
8007,1338,-2
8008,1353,1
8009,1356,-1
8010,1362,1
8011,1359,-2
8012,1359,0
8013,1356,-1
8014,1348,-1
8015,1336,-2
8016,1334,-2
8017,1324,0
8018,1322,0
8019,1312,-1
8020,1332,-1
8021,1328,1
8022,1337,0
8023,1347,0
8024,1359,0
8025,1352,0
8026,1351,0
8027,1344,-1
8028,1351,0
8029,1342,-1
8030,1342,-2
8031,1327,-1
8032,1336,2
8033,1321,2
8034,1324,1
8035,1326,-3
8036,1339,2
8037,1344,-2
8038,1344,2
8039,1348,-2
8040,1362,-2
8041,1351,-1
8042,1348,-1
8043,1344,0
8044,1347,0
8045,1335,-2
8046,1333,-2
8047,1329,-2
8048,1332,-1
8049,1323,-1
8050,1321,-1
8051,1332,1
8052,1340,-1
8053,1347,1
8054,1351,1
8055,1357,-1
8056,1360,-1
8057,1351,-1
8058,1344,1
8059,1334,-1
8060,1328,-2
8061,1321,1
8062,1319,1
8063,1322,2
8064,1336,2
8065,1329,1
8066,1325,0
8067,1340,-2
8068,1356,-2
8069,1354,0
8070,1357,0
8071,1354,-2
8072,1355,-1
8073,1342,0
8074,1324,-2
8075,1324,-1
8076,1329,0
8077,1328,-2
8078,1330,1
8079,1335,-1
8080,1342,1
8081,1348,1
8082,1347,-1
8083,1353,-3
8084,1352,1
8085,1349,1
8086,1347,0
8087,1339,0
8088,1340,1
8089,1333,-1
8090,1324,-1
8091,1329,-2
8092,1333,-1
8093,1336,-2
8094,1339,-3
8095,1347,0
8096,1361,-2
8097,1360,1
8098,1340,-2
8099,1341,-1
8100,1347,0
8101,1337,1
8102,1339,-2
8103,1333,0
8104,1335,1
8105,1333,-1
8106,1337,1
8107,1331,2
8108,1348,1
8109,1345,0
8110,1347,0
8111,1347,-2
8112,1344,1
8113,1342,-2
8114,1330,-2
8115,1336,-1
8116,1343,1
8117,1342,0
8118,1345,1
8119,1346,0
8120,1351,0
8121,1342,-1
8122,1333,-2
8123,1339,-1
8124,1339,1
8125,1335,-1
8126,1343,1
8127,1327,-2
8128,1345,-3
8129,1342,-2
8130,1338,0
8131,1342,0
8132,1354,1
8133,1348,-2
8134,1347,-1
8135,1348,0
8136,1348,-2
8137,1335,1
8138,1327,-1
8139,1329,1
8140,1332,1
8141,1333,0
8142,1342,-1
8143,1345,-1
8144,1356,1
8145,1350,0
8146,1339,-1
8147,1345,-1
8148,1347,0
8149,1339,1
8150,1341,-4
8151,1338,-1
8152,1331,0
8153,1323,0
8154,1324,-1
8155,1333,-1
8156,1347,1
8157,1342,-2
8158,1345,1
8159,1362,0
8160,1369,0
8161,1360,1
8162,1341,-2
8163,1341,1
8164,1338,-1
8165,1335,0
8166,1324,0
8167,1327,1
8168,1340,1
8169,1343,-1
8170,1337,-2
8171,1346,-1
8172,1358,0
8173,1354,-1
8174,1361,0
8175,1351,2
8176,1362,-1
8177,1331,-1
8178,1334,-1
8179,1328,-1
8180,1334,-2
8181,1332,1
8182,1330,1
8183,1336,-1
8184,1341,1
8185,1350,0
8186,1348,-1
8187,1332,-2
8188,1356,-2
8189,1354,0
8190,1351,1
8191,1351,1
8192,1347,-2
8193,1341,4
8194,1335,-2
8195,1334,-2
8196,1333,-1
8197,1330,-2
8198,1335,-2
8199,1344,-2
8200,1347,-2
8201,1351,0
8202,1347,-1
8203,1351,1
8204,1370,-2
8205,1355,3
8206,1347,-2
8207,1342,-2
8208,1351,0
8209,1327,1
8210,1323,-2
8211,1324,-1
8212,1328,-2
8213,1328,-1
8214,1351,2
8215,1349,-2
8216,1358,-1
8217,1353,-2
8218,1354,0
8219,1364,-2
8220,1356,-1
8221,1347,-4
8222,1339,-2
8223,1351,0
8224,1329,1
8225,1337,0
8226,1316,-2
8227,1331,-1
8228,1338,0
8229,1350,0
8230,1361,0
8231,1371,-2
8232,1374,-2
8233,1375,-1
8234,1353,0
8235,1356,-1
8236,1333,0
8237,1323,0
8238,1327,0
8239,1319,-1
8240,1322,0
8241,1324,-2
8242,1323,-1
8243,1345,-2
8244,1360,0
8245,1368,1
8246,1366,-2
8247,1365,0
8248,1370,1
8249,1348,0
8250,1330,-1
8251,1327,-2
8252,1324,-1
8253,1322,0
8254,1314,-4
8255,1326,0
8256,1341,1
8257,1344,-1
8258,1343,0
8259,1363,1
8260,1368,1
8261,1377,1
8262,1365,1
8263,1349,1
8264,1346,-1
8265,1337,-1
8266,1318,-1
8267,1318,-1
8268,1318,-2
8269,1321,0
8270,1333,0
8271,1345,-1
8272,1365,-1
8273,1367,-2
8274,1359,0
8275,1358,-2
8276,1359,1
8277,1354,-2
8278,1345,1
8279,1333,0
8280,1339,1
8281,1330,-2
8282,1324,0
8283,1331,1
8284,1342,-2
8285,1345,-1
8286,1351,1
8287,1362,-2
8288,1369,-2
8289,1355,-2
8290,1345,-2
8291,1348,-1
8292,1345,-2
8293,1342,0
8294,1343,-2
8295,1340,0
8296,1345,0
8297,1333,-2
8298,1330,1
8299,1342,-2
8300,1341,0
8301,1348,-2
8302,1344,-1
8303,1357,0
8304,1367,0
8305,1353,-1
8306,1346,-1
8307,1351,0
8308,1346,1
8309,1338,0
8310,1337,-2
8311,1335,-2
8312,1343,0
8313,1339,-1
8314,1324,-1
8315,1335,-1
8316,1350,-2
8317,1350,1
8318,1356,-1
8319,1367,-1
8320,1371,1
8321,1357,0
8322,1345,-1
8323,1342,-2
8324,1348,-2
8325,1336,-1
8326,1333,1
8327,1331,0
8328,1340,0
8329,1334,-1
8330,1333,0
8331,1354,1
8332,1364,-1
8333,1362,-2
8334,1361,-3
8335,1358,1
8336,1366,1
8337,1348,-1
8338,1337,0
8339,1337,0
8340,1332,1
8341,1328,0
8342,1334,0
8343,1331,-2
8344,1346,-1
8345,1359,-1
8346,1354,-2
8347,1358,0
8348,1367,0
8349,1354,1
8350,1356,-1
8351,1354,-1
8352,1351,-2
8353,1340,-1
8354,1330,-1
8355,1333,0
8356,1333,-4
8357,1342,0
8358,1341,-2
8359,1356,-1
8360,1364,0
8361,1366,1
8362,1359,-1
8363,1345,-2
8364,1354,0
8365,1358,-2
8366,1344,-1
8367,1330,-1
8368,1353,1
8369,1343,1
8370,1333,-2
8371,1338,-2
8372,1354,-1
8373,1351,1
8374,1365,-2
8375,1349,1
8376,1361,0
8377,1353,-1
8378,1342,-2
8379,1346,0
8380,1359,1
8381,1343,0
8382,1336,1
8383,1346,-1
8384,1348,1
8385,1335,-2
8386,1334,1
8387,1334,-2
8388,1344,-2
8389,1342,-2
8390,1348,0
8391,1346,0
8392,1366,1
8393,1352,-2
8394,1345,-1
8395,1353,1
8396,1353,-2
8397,1359,-1
8398,1343,0
8399,1347,1
8400,1351,-2
8401,1336,0
8402,1328,-2
8403,1342,2
8404,1354,-1
8405,1359,1
8406,1364,-2
8407,1355,1
8408,1368,1
8409,1371,1
8410,1347,-2
8411,1347,-2
8412,1354,2
8413,1342,-1
8414,1343,-2
8415,1343,0
8416,1341,0
8417,1331,1
8418,1334,0
8419,1360,0
8420,1364,1
8421,1366,-1
8422,1370,-1
8423,1371,0
8424,1372,0
8425,1371,-1
8426,1335,-4
8427,1334,0
8428,1339,-2
8429,1336,0
8430,1339,-2
8431,1334,-2
8432,1357,0
8433,1359,0
8434,1349,-1
8435,1360,0
8436,1354,0
8437,1359,-2
8438,1367,0
8439,1356,-2
8440,1356,-1
8441,1345,1
8442,1327,-1
8443,1326,-1
8444,1322,1
8445,1336,0
8446,1325,1
8447,1349,-2
8448,1358,-2
8449,1362,-2
8450,1356,-1
8451,1358,-2
8452,1363,-1
8453,1356,-1
8454,1347,0
8455,1336,-1
8456,1344,-2
8457,1339,-1
8458,1330,-3
8459,1340,0
8460,1332,0
8461,1352,0
8462,1354,-2
8463,1358,-1
8464,1374,1
8465,1359,-1
8466,1349,-1
8467,1348,-1
8468,1352,0
8469,1344,-1
8470,1358,1
8471,1339,1
8472,1345,-2
8473,1345,0
8474,1330,1
8475,1338,1
8476,1342,-1
8477,1355,1
8478,1362,3
8479,1354,-3
8480,1354,0
8481,1362,-2
8482,1356,-2
8483,1350,-2
8484,1343,1
8485,1351,1
8486,1342,0
8487,1336,-2
8488,1350,-1
8489,1349,-1
8490,1327,-1
8491,1337,1
8492,1342,-1
8493,1365,1
8494,1362,0
8495,1367,-2
8496,1371,0
8497,1365,-4
8498,1351,0
8499,1341,0
8500,1344,-4
8501,1345,1
8502,1339,1
8503,1332,-1
8504,1339,-1
8505,1348,-1
8506,1337,1
8507,1353,1
8508,1368,1
8509,1371,-1
8510,1359,1
8511,1369,-2
8512,1364,-2
8513,1363,0
8514,1330,1
8515,1324,1
8516,1331,-2
8517,1336,0
8518,1338,-2
8519,1342,-2
8520,1360,1
8521,1357,1
8522,1355,1
8523,1368,-1
8524,1366,0
8525,1362,-2
8526,1359,-1
8527,1354,-2
8528,1359,0
8529,1335,0
8530,1334,-2
8531,1333,0
8532,1338,0
8533,1350,0
8534,1348,-1
8535,1361,0
8536,1378,1
8537,1376,1
8538,1360,-2
8539,1362,0
8540,1356,0
8541,1348,0
8542,1351,0
8543,1336,-1
8544,1344,1
8545,1343,-1
8546,1324,0
8547,1343,0
8548,1346,0
8549,1351,-1
8550,1351,-1
8551,1355,-1
8552,1362,-1
8553,1348,1
8554,1353,-2
8555,1345,0
8556,1347,-2
8557,1337,-1
8558,1345,1
8559,1345,0
8560,1350,0
8561,1354,-1
8562,1342,-2
8563,1351,0
8564,1341,0
8565,1358,-1
8566,1356,1
8567,1361,-1
8568,1365,1
8569,1355,1
8570,1340,-2
8571,1343,-1
8572,1339,1
8573,1336,-2
8574,1350,1
8575,1349,1
8576,1356,1
8577,1345,1
8578,1334,-2
8579,1343,0
8580,1352,-2
8581,1349,-1
8582,1352,-1
8583,1359,-1
8584,1365,-2
8585,1356,0
8586,1343,1
8587,1338,-2
8588,1339,-1
8589,1330,2
8590,1342,-1
8591,1338,0
8592,1351,0
8593,1342,-1
8594,1348,0
8595,1353,-1
8596,1355,-1
8597,1367,1
8598,1364,-2
8599,1368,0
8600,1365,-2
8601,1357,-2
8602,1346,1
8603,1337,-2
8604,1339,-2
8605,1343,1
8606,1338,-1
8607,1340,0
8608,1358,0
8609,1359,0
8610,1354,1
8611,1368,0
8612,1356,0
8613,1367,-2
8614,1350,-4
8615,1354,-1
8616,1353,-1
8617,1340,0
8618,1333,-2
8619,1331,-2
8620,1329,1
8621,1339,-1
8622,1342,1
8623,1355,-2
8624,1369,0
8625,1368,0
8626,1362,-2
8627,1352,-2
8628,1362,1
8629,1362,-2
8630,1356,-1
8631,1348,1
8632,1347,1
8633,1340,-1
8634,1331,-1
8635,1342,0
8636,1343,-2
8637,1354,-2
8638,1365,1
8639,1363,0
8640,1365,-1
8641,1361,-1
8642,1348,-1
8643,1355,0
8644,1345,0
8645,1342,1
8646,1356,0
8647,1348,-1
8648,1355,1
8649,1358,0
8650,1343,0
8651,1342,1
8652,1341,0
8653,1355,-2
8654,1360,-2
8655,1354,-2
8656,1362,0
8657,1370,0
8658,1363,-2
8659,1359,-1
8660,1352,1
8661,1347,-1
8662,1345,-2
8663,1339,0
8664,1354,1
8665,1338,0
8666,1340,0
8667,1346,0
8668,1356,1
8669,1354,0
8670,1362,-2
8671,1359,-1
8672,1388,-2
8673,1366,-1
8674,1361,-2
8675,1355,-1
8676,1344,0
8677,1334,0
8678,1341,-1
8679,1337,0
8680,1342,1
8681,1349,1
8682,1350,-1
8683,1354,-1
8684,1365,-1
8685,1377,-2
8686,1380,1
8687,1376,-4
8688,1374,0
8689,1349,0
8690,1349,1
8691,1339,-1
8692,1332,-1
8693,1330,-2
8694,1324,1
8695,1336,-1
8696,1363,0
8697,1368,-2
8698,1361,1
8699,1365,0
8700,1377,0
8701,1374,-1
8702,1370,1
8703,1357,-2
8704,1358,-1
8705,1343,1
8706,1335,-1
8707,1330,-1
8708,1327,-2
8709,1346,0
8710,1362,0
8711,1370,0
8712,1376,0
8713,1380,0
8714,1383,-2
8715,1366,-1
8716,1356,1
8717,1364,-2
8718,1352,-1
8719,1342,0
8720,1350,0
8721,1327,-1
8722,1336,1
8723,1336,0
8724,1353,1
8725,1366,1
8726,1371,-1
8727,1376,-2
8728,1389,1
8729,1371,-1
8730,1350,-2
8731,1353,0
8732,1339,1
8733,1349,-2
8734,1340,1
8735,1338,0
8736,1357,-1
8737,1348,-2
8738,1348,-2
8739,1348,-1
8740,1356,0
8741,1365,0
8742,1371,-2
8743,1376,-1
8744,1376,-1
8745,1374,0
8746,1366,1
8747,1343,-1
8748,1344,0
8749,1345,-1
8750,1345,0
8751,1347,-1
8752,1362,-1
8753,1346,-1
8754,1351,-1
8755,1356,-1
8756,1365,-1
8757,1371,-1
8758,1361,-1
8759,1371,0
8760,1377,-1
8761,1362,-1
8762,1346,-1
8763,1336,-1
8764,1343,0
8765,1346,-2
8766,1339,-1
8767,1348,0
8768,1365,-1
8769,1359,0
8770,1368,0
8771,1354,1
8772,1361,-1
8773,1362,-2
8774,1367,-1
8775,1360,-1
8776,1365,1
8777,1345,0
8778,1340,1
8779,1341,0
8780,1337,-1
8781,1345,1
8782,1341,-3
8783,1359,-1
8784,1378,-1
8785,1373,-2
8786,1383,0
8787,1365,0
8788,1364,0
8789,1358,-1
8790,1352,-1
8791,1348,-2
8792,1353,1
8793,1340,-1
8794,1342,-1
8795,1339,-2
8796,1344,1
8797,1351,-2
8798,1361,-1
8799,1371,1
8800,1383,0
8801,1377,-1
8802,1377,1
8803,1351,-1
8804,1361,-2
8805,1354,-1
8806,1345,-4
8807,1347,0
8808,1351,-1
8809,1349,-1
8810,1348,0
8811,1355,-2
8812,1348,-1
8813,1365,0
8814,1378,-1
8815,1377,-2
8816,1371,-2
8817,1359,-1
8818,1351,1
8819,1346,1
8820,1348,-2
8821,1351,0
8822,1342,-2
8823,1357,0
8824,1368,1
8825,1358,-3
8826,1365,0
8827,1349,-1
8828,1357,-1
8829,1365,1
8830,1359,1
8831,1359,-2
8832,1374,0
8833,1358,-2
8834,1360,-1
8835,1348,-2
8836,1354,-1
8837,1356,-1
8838,1353,1
8839,1354,1
8840,1374,1
8841,1357,1
8842,1356,-2
8843,1354,1
8844,1346,-2
8845,1353,1
8846,1358,1
8847,1361,1
8848,1374,-2
8849,1363,1
8850,1364,-2
8851,1348,-2
8852,1355,-1
8853,1359,-1
8854,1351,-1
8855,1351,1
8856,1365,-1
8857,1355,1
8858,1359,0
8859,1353,-1
8860,1359,-2
8861,1366,1
8862,1371,0
8863,1363,0
8864,1377,1
8865,1360,0
8866,1348,-4
8867,1344,-1
8868,1345,1
8869,1342,-2
8870,1343,0
8871,1345,-1
8872,1365,1
8873,1357,0
8874,1358,1
8875,1366,-1
8876,1363,0
8877,1368,0
8878,1370,0
8879,1362,-2
8880,1362,-2
8881,1352,0
8882,1346,1
8883,1333,1
8884,1344,0
8885,1346,-3
8886,1359,0
8887,1369,-2
8888,1385,-1
8889,1371,0
8890,1369,-1
8891,1365,0
8892,1357,1
8893,1361,-2
8894,1351,-1
8895,1348,1
8896,1354,1
8897,1342,0
8898,1349,-1
8899,1333,-2
8900,1351,0
8901,1358,1
8902,1371,1
8903,1362,1
8904,1375,-1
8905,1374,-2
8906,1366,0
8907,1361,-2
8908,1364,-1
8909,1345,-3
8910,1342,-1
8911,1351,1
8912,1366,-2
8913,1356,0
8914,1350,0
8915,1354,1
8916,1359,-1
8917,1364,-1
8918,1373,1
8919,1368,-2
8920,1372,-1
8921,1371,-3
8922,1373,1
8923,1353,-1
8924,1353,0
8925,1356,0
8926,1342,-1
8927,1341,-2
8928,1362,-1
8929,1352,1
8930,1351,-2
8931,1354,-2
8932,1356,1
8933,1369,1
8934,1373,-2
8935,1374,0
8936,1384,-2
8937,1368,-2
8938,1354,1
8939,1349,-2
8940,1343,-2
8941,1341,-2
8942,1347,0
8943,1336,0
8944,1370,-2
8945,1359,-1
8946,1362,0
8947,1360,0
8948,1371,-2
8949,1385,-1
8950,1372,-2
8951,1370,-1
8952,1377,0
8953,1359,0
8954,1351,-1
8955,1333,-1
8956,1330,1
8957,1333,-1
8958,1351,2
8959,1356,-1
8960,1377,0
8961,1371,0
8962,1384,1
8963,1377,-1
8964,1372,1
8965,1382,0
8966,1371,1
8967,1356,-2
8968,1363,0
8969,1346,0
8970,1328,1
8971,1339,-1
8972,1345,-2
8973,1353,0
8974,1360,1
8975,1370,0
8976,1395,0
8977,1376,1
8978,1381,1
8979,1371,-2
8980,1358,-2
8981,1354,0
8982,1339,0
8983,1340,1
8984,1354,-2
8985,1342,1
8986,1339,1
8987,1359,-1
8988,1359,-2
8989,1377,-2
8990,1377,1
8991,1385,-2
8992,1392,-1
8993,1374,0
8994,1370,-2
8995,1356,0
8996,1352,0
8997,1348,-2
8998,1352,-1
8999,1341,0
9000,1365,-2
9001,1356,-1
9002,1355,0
9003,1359,0
9004,1362,1
9005,1373,-2
9006,1374,-1
9007,1362,-2
9008,1377,1
9009,1365,-2
9010,1342,1
9011,1348,1
9012,1337,-1
9013,1347,-2
9014,1351,-1
9015,1358,0
9016,1374,-1
9017,1369,0
9018,1371,0
9019,1362,0
9020,1372,-2
9021,1380,1
9022,1382,0
9023,1367,-1
9024,1383,-1
9025,1371,-2
9026,1353,1
9027,1348,1
9028,1344,-2
9029,1354,-1
9030,1354,-1
9031,1354,1
9032,1378,0
9033,1374,-1
9034,1372,1
9035,1366,0
9036,1371,0
9037,1368,-2
9038,1374,-2
9039,1359,-2
9040,1377,-1
9041,1357,-2
9042,1355,0
9043,1335,-1
9044,1342,0
9045,1350,-2
9046,1359,-2
9047,1359,-2
9048,1376,-1
9049,1380,0
9050,1382,-3
9051,1368,-2
9052,1373,-1
9053,1380,-1
9054,1364,0
9055,1351,1
9056,1359,2
9057,1348,-1
9058,1351,1
9059,1346,0
9060,1349,0
9061,1368,-2
9062,1379,0
9063,1377,0
9064,1394,-1
9065,1386,-2
9066,1374,0
9067,1371,0
9068,1361,-2
9069,1356,1
9070,1350,0
9071,1347,-1
9072,1359,0
9073,1354,0
9074,1348,0
9075,1356,0
9076,1366,0
9077,1377,1
9078,1390,-1
9079,1377,-2
9080,1379,0
9081,1383,1
9082,1361,-1
9083,1355,0
9084,1352,-1
9085,1358,-2
9086,1349,0
9087,1348,0
9088,1368,-1
9089,1354,-2
9090,1373,-1
9091,1367,0
9092,1374,-2
9093,1374,-1
9094,1364,-2
9095,1371,1
9096,1378,-2
9097,1363,1
9098,1354,-2
9099,1345,-1
9100,1351,-1
9101,1350,1
9102,1360,0
9103,1365,-2
9104,1383,-1
9105,1371,-1
9106,1368,0
9107,1374,-2
9108,1371,1
9109,1365,1
9110,1366,0
9111,1371,0
9112,1376,0
9113,1377,-2
9114,1367,1
9115,1348,-2
9116,1359,-1
9117,1349,0
9118,1347,-1
9119,1364,-2
9120,1364,1
9121,1368,0
9122,1375,-1
9123,1356,0
9124,1381,-2
9125,1374,-1
9126,1371,-2
9127,1378,-2
9128,1363,0
9129,1364,-2
9130,1363,0
9131,1349,-1
9132,1347,1
9133,1352,0
9134,1365,-1
9135,1362,0
9136,1377,-2
9137,1377,0
9138,1385,-1
9139,1369,0
9140,1377,-1
9141,1374,0
9142,1372,1
9143,1359,-2
9144,1363,0
9145,1358,1
9146,1352,-2
9147,1342,-1
9148,1355,1
9149,1363,-1
9150,1381,-1
9151,1374,-2
9152,1390,-1
9153,1380,1
9154,1387,1
9155,1365,1
9156,1360,-1
9157,1356,-2
9158,1351,0
9159,1347,0
9160,1352,1
9161,1348,-1
9162,1353,0
9163,1359,-4
9164,1371,-1
9165,1383,1
9166,1381,-2
9167,1380,0
9168,1395,-1
9169,1375,-1
9170,1360,-2
9171,1359,1
9172,1354,0
9173,1349,1
9174,1355,1
9175,1356,1
9176,1362,-1
9177,1365,0
9178,1375,-2
9179,1359,1
9180,1378,-2
9181,1371,-1
9182,1377,-1
9183,1362,-2
9184,1371,-1
9185,1365,-1
9186,1351,0
9187,1351,-1
9188,1350,-1
9189,1362,-2
9190,1359,1
9191,1359,-1
9192,1377,1
9193,1370,-1
9194,1367,0
9195,1358,0
9196,1369,-2
9197,1376,0
9198,1369,1
9199,1362,1
9200,1375,-2
9201,1371,-1
9202,1362,-2
9203,1360,1
9204,1354,-1
9205,1362,-1
9206,1354,0
9207,1363,1
9208,1377,-2
9209,1367,-1
9210,1377,1
9211,1370,1
9212,1365,-1
9213,1380,-2
9214,1375,-1
9215,1370,0
9216,1378,-2
9217,1369,-1
9218,1362,0
9219,1353,1
9220,1357,-2
9221,1363,-2
9222,1358,0
9223,1366,-1
9224,1378,1
9225,1386,0
9226,1384,-2
9227,1368,-2
9228,1374,1
9229,1377,-1
9230,1367,0
9231,1363,-1
9232,1363,0
9233,1351,1
9234,1349,1
9235,1355,0
9236,1348,-1
9237,1373,-1
9238,1380,1
9239,1378,-2
9240,1392,1
9241,1391,1
9242,1378,0
9243,1373,-2
9244,1365,-2
9245,1357,1
9246,1353,0
9247,1356,0
9248,1357,2
9249,1351,1
9250,1357,-1
9251,1361,0
9252,1371,-2
9253,1387,1
9254,1383,0
9255,1383,0
9256,1387,1
9257,1385,-2
9258,1368,1
9259,1349,-1
9260,1352,-1
9261,1365,-1
9262,1359,-2
9263,1359,0
9264,1365,-1
9265,1358,0
9266,1368,-2
9267,1368,0
9268,1375,0
9269,1378,-1
9270,1374,0
9271,1368,2
9272,1377,-1
9273,1372,1
9274,1365,0
9275,1353,0
9276,1359,-1
9277,1355,-1
9278,1369,0
9279,1364,-1
9280,1368,0
9281,1376,-1
9282,1371,1
9283,1368,-1
9284,1386,-1
9285,1383,-2
9286,1377,-1
9287,1370,-2
9288,1377,2
9289,1371,-1
9290,1362,0
9291,1354,0
9292,1352,-1
9293,1358,-1
9294,1364,-1
9295,1369,0
9296,1381,1
9297,1373,1
9298,1375,-2
9299,1371,1
9300,1376,-1
9301,1379,-1
9302,1374,-2
9303,1374,-1
9304,1374,0
9305,1373,0
9306,1364,1
9307,1356,-3
9308,1348,1
9309,1356,0
9310,1374,-1
9311,1379,0
9312,1392,-1
9313,1387,0
9314,1392,0
9315,1377,-1
9316,1376,-1
9317,1374,1
9318,1369,-2
9319,1359,1
9320,1358,-1
9321,1357,-2
9322,1351,0
9323,1345,-2
9324,1354,-1
9325,1378,-2
9326,1377,0
9327,1381,-3
9328,1390,0
9329,1389,-1
9330,1383,-2
9331,1375,-2
9332,1363,0
9333,1359,1
9334,1354,0
9335,1354,-2
9336,1360,-1
9337,1357,-1
9338,1360,0
9339,1372,0
9340,1377,-3
9341,1388,0
9342,1394,-2
9343,1388,1
9344,1400,0
9345,1398,-1
9346,1364,1
9347,1363,1
9348,1354,-1
9349,1356,-1
9350,1351,1
9351,1351,1
9352,1368,1
9353,1374,-1
9354,1379,1
9355,1379,-1
9356,1390,-2
9357,1386,1
9358,1381,1
9359,1372,0
9360,1379,-1
9361,1376,1
9362,1365,-1
9363,1356,-2
9364,1359,0
9365,1362,-2
9366,1370,-1
9367,1371,-1
9368,1386,-2
9369,1394,-2
9370,1377,0
9371,1376,-1
9372,1370,1
9373,1380,0
9374,1377,1
9375,1371,1
9376,1379,-2
9377,1370,1
9378,1358,2
9379,1353,-1
9380,1349,-3
9381,1364,-2
9382,1357,0
9383,1366,0
9384,1371,-1
9385,1391,-1
9386,1382,-2
9387,1373,-2
9388,1371,1
9389,1384,-1
9390,1377,-1
9391,1371,-1
9392,1366,0
9393,1365,0
9394,1366,0
9395,1354,-1
9396,1356,0
9397,1365,-2
9398,1379,-1
9399,1369,-1
9400,1377,-1
9401,1386,-1
9402,1373,0
9403,1381,0
9404,1383,-2
9405,1371,1
9406,1370,-1
9407,1364,-1
9408,1359,0
9409,1365,0
9410,1354,-2
9411,1350,0
9412,1365,-1
9413,1371,-1
9414,1386,0
9415,1385,0
9416,1392,-1
9417,1396,1
9418,1392,-2
9419,1367,-1
9420,1365,-1
9421,1362,1
9422,1362,0
9423,1356,-2
9424,1362,1
9425,1374,-1
9426,1363,1
9427,1367,0
9428,1367,-3
9429,1389,-1
9430,1387,-1
9431,1393,-1
9432,1387,1
9433,1380,-2
9434,1359,-3
9435,1350,0
9436,1353,-2
9437,1349,-2
9438,1352,1
9439,1353,-2
9440,1373,-2
9441,1381,0
9442,1379,-1
9443,1379,0
9444,1383,0
9445,1385,0
9446,1374,-1
9447,1376,1
9448,1370,-2
9449,1371,-3
9450,1362,-2
9451,1347,-2
9452,1363,0
9453,1365,1
9454,1367,-2
9455,1368,-2
9456,1373,-1
9457,1380,2
9458,1383,1
9459,1375,0
9460,1372,1
9461,1386,1
9462,1375,2
9463,1365,-1
9464,1371,-2
9465,1376,1
9466,1359,-2
9467,1360,1
9468,1362,-2
9469,1365,1
9470,1368,-2
9471,1374,1
9472,1387,-1
9473,1395,-2
9474,1374,-2
9475,1370,0
9476,1371,-1
9477,1383,1
9478,1375,0
9479,1368,1
9480,1368,0
9481,1371,0
9482,1368,0
9483,1348,-2
9484,1357,-3
9485,1372,-1
9486,1375,-2
9487,1380,-2
9488,1380,-2
9489,1391,-1
9490,1386,0
9491,1374,1
9492,1369,-2
9493,1370,1
9494,1373,-2
9495,1362,-1
9496,1362,0
9497,1365,0
9498,1351,0
9499,1352,0
9500,1373,-2
9501,1382,-1
9502,1382,1
9503,1386,-1
9504,1400,1
9505,1396,0
9506,1386,0
9507,1371,-2
9508,1371,1
9509,1356,-1
9510,1358,-2
9511,1354,0
9512,1356,-1
9513,1370,1
9514,1364,-2
9515,1371,1
9516,1375,0
9517,1389,-1
9518,1386,-1
9519,1385,0
9520,1381,-2
9521,1386,-1
9522,1370,1
9523,1346,-2
9524,1342,1
9525,1356,-1
9526,1351,-2
9527,1365,-1
9528,1370,-1
9529,1374,0
9530,1378,1
9531,1376,-2
9532,1386,1
9533,1387,-1
9534,1389,1
9535,1382,0
9536,1374,-1
9537,1371,-1
9538,1355,1
9539,1354,-2
9540,1351,-2
9541,1366,-1
9542,1371,-3
9543,1376,2
9544,1380,-2
9545,1395,0
9546,1377,0
9547,1374,0
9548,1370,1
9549,1369,-2
9550,1367,-2
9551,1364,1
9552,1362,0
9553,1375,-2
9554,1368,-1
9555,1365,0
9556,1363,1
9557,1371,-1
9558,1375,-1
9559,1376,1
9560,1378,0
9561,1384,-1
9562,1386,-1
9563,1367,-2
9564,1380,0
9565,1376,-2
9566,1378,-1
9567,1371,-1
9568,1370,-1
9569,1391,0
9570,1365,-2
9571,1361,0
9572,1365,0
9573,1360,-2
9574,1368,-1
9575,1368,0
9576,1377,-2
9577,1390,-2
9578,1384,1
9579,1380,-2
9580,1370,-1
9581,1368,1
9582,1371,-1
9583,1362,0
9584,1368,0
9585,1373,0
9586,1361,2
9587,1358,-2
9588,1362,1
9589,1368,1
9590,1380,-1
9591,1386,-1
9592,1397,-2
9593,1394,0
9594,1380,-1
9595,1379,1
9596,1365,-1
9597,1368,-2
9598,1363,1
9599,1363,0
9600,1354,-2
9601,1370,1
9602,1361,0
9603,1380,-1
9604,1381,0
9605,1378,-2
9606,1390,0
9607,1383,1
9608,1394,-2
9609,1386,-2
9610,1364,0
9611,1356,0
9612,1357,-2
9613,1368,-1
9614,1364,1
9615,1359,1
9616,1374,-1
9617,1389,-1
9618,1389,0
9619,1371,-1
9620,1387,1
9621,1377,-2
9622,1382,1
9623,1380,1
9624,1364,0
9625,1373,-2
9626,1365,0
9627,1360,1
9628,1359,-1
9629,1372,1
9630,1370,-2
9631,1378,-2
9632,1381,-1
9633,1397,1
9634,1384,-1
9635,1373,0
9636,1386,-2
9637,1377,0
9638,1378,-2
9639,1365,0
9640,1364,1
9641,1375,-2
9642,1366,0
9643,1360,-1
9644,1362,-2
9645,1366,0
9646,1369,1
9647,1383,0
9648,1389,1
9649,1399,0
9650,1391,1
9651,1384,-1
9652,1380,-1
9653,1382,-1
9654,1376,1
9655,1378,0
9656,1373,0
9657,1378,0
9658,1358,-1
9659,1362,0
9660,1362,-1
9661,1365,-1
9662,1371,0
9663,1378,-2
9664,1386,-2
9665,1398,1
9666,1399,0
9667,1382,-1
9668,1381,1
9669,1380,0
9670,1371,1
9671,1368,1
9672,1366,0
9673,1365,1
9674,1361,-1
9675,1366,0
9676,1371,-1
9677,1374,-2
9678,1389,-1
9679,1397,2
9680,1394,0
9681,1407,1
9682,1393,1
9683,1374,0
9684,1365,-2
9685,1358,1
9686,1355,1
9687,1355,1
9688,1362,1
9689,1365,-1
9690,1374,0
9691,1380,0
9692,1384,-1
9693,1399,0
9694,1395,-1
9695,1398,0
9696,1393,1
9697,1384,-2
9698,1374,-1
9699,1362,-2
9700,1353,-2
9701,1359,-1
9702,1349,0
9703,1356,1
9704,1382,0
9705,1385,-2
9706,1392,-2
9707,1390,1
9708,1386,1
9709,1400,-1
9710,1384,-1
9711,1383,-2
9712,1378,0
9713,1369,-1
9714,1356,-2
9715,1354,0
9716,1365,-2
9717,1368,1
9718,1365,0
9719,1379,-2
9720,1376,0
9721,1400,-2
9722,1389,-2
9723,1372,0
9724,1376,1
9725,1385,-1
9726,1375,-1
9727,1364,-1
9728,1368,-2
9729,1366,1
9730,1375,-1
9731,1361,-1
9732,1371,1
9733,1376,-1
9734,1383,0
9735,1386,0
9736,1387,0
9737,1396,-3
9738,1399,0
9739,1382,0
9740,1377,-1
9741,1382,1
9742,1372,0
9743,1373,0
9744,1373,-1
9745,1382,0
9746,1367,-1
9747,1359,0
9748,1365,1
9749,1377,-2
9750,1384,0
9751,1387,0
9752,1389,-1
9753,1391,-2
9754,1391,0
9755,1383,-2
9756,1371,-2
9757,1380,-1
9758,1371,-2
9759,1366,1
9760,1357,1
9761,1379,0
9762,1367,-2
9763,1378,-1
9764,1388,0
9765,1389,-2
9766,1392,-1
9767,1400,-1
9768,1398,-2
9769,1398,2
9770,1389,0
9771,1374,1
9772,1367,1
9773,1373,-1
9774,1352,0
9775,1357,-2
9776,1362,1
9777,1375,-1
9778,1376,1
9779,1389,-2
9780,1388,0
9781,1400,1
9782,1389,2
9783,1404,-2
9784,1390,-1
9785,1385,-2
9786,1368,-2
9787,1354,1
9788,1361,-2
9789,1359,-1
9790,1359,0
9791,1371,0
9792,1377,-1
9793,1396,0
9794,1395,-1
9795,1397,1
9796,1389,1
9797,1388,-1
9798,1390,-1
9799,1373,-2
9800,1372,-1
9801,1375,1
9802,1359,-2
9803,1351,0
9804,1361,1
9805,1376,1
9806,1376,-2
9807,1389,0
9808,1392,-1
9809,1397,-1
9810,1388,-1
9811,1378,0
9812,1383,1
9813,1380,0
9814,1368,0
9815,1362,0
9816,1365,1
9817,1366,0
9818,1374,0
9819,1365,-1
9820,1381,-2
9821,1392,-1
9822,1392,-2
9823,1392,-1
9824,1386,1
9825,1397,-2
9826,1387,-1
9827,1377,1
9828,1369,-4
9829,1368,-1
9830,1369,-1
9831,1366,0
9832,1376,-1
9833,1380,-2
9834,1380,-1
9835,1383,-1
9836,1373,-1
9837,1384,1
9838,1385,1
9839,1379,-1
9840,1389,-1
9841,1390,1
9842,1384,-3
9843,1374,0
9844,1374,0
9845,1382,-2
9846,1374,0
9847,1374,1
9848,1366,-2
9849,1382,0
9850,1369,0
9851,1368,1
9852,1385,1
9853,1389,0
9854,1394,0
9855,1391,1
9856,1384,1
9857,1402,1
9858,1377,0
9859,1375,-2
9860,1369,-1
9861,1364,-1
9862,1363,-2
9863,1365,0
9864,1367,1
9865,1375,1
9866,1382,-1
9867,1389,0
9868,1396,-2
9869,1389,-2
9870,1398,0
9871,1395,2
9872,1386,-2
9873,1389,0
9874,1374,-1
9875,1355,-2
9876,1365,0
9877,1376,-2
9878,1374,0
9879,1379,0
9880,1377,0
9881,1402,-1
9882,1395,-1
9883,1390,-1
9884,1390,0
9885,1386,1
9886,1386,-2
9887,1377,-2
9888,1379,-1
9889,1383,-1
9890,1373,-2
9891,1359,1
9892,1378,-4
9893,1375,0
9894,1389,-1
9895,1380,-1
9896,1390,1
9897,1398,-2
9898,1398,0
9899,1385,-2
9900,1386,0
9901,1380,-2
9902,1380,-2
9903,1377,-1
9904,1381,-2
9905,1383,1
9906,1379,-1
9907,1377,1
9908,1364,-2
9909,1391,2
9910,1390,0
9911,1386,-2
9912,1391,1
9913,1398,0
9914,1389,-5
9915,1388,-2
9916,1383,-1
9917,1383,-1
9918,1379,-1
9919,1380,0
9920,1378,-1
9921,1388,-2
9922,1380,0
9923,1367,-1
9924,1371,-2
9925,1384,-1
9926,1383,0
9927,1381,1
9928,1383,0
9929,1398,1
9930,1399,-1
9931,1383,0
9932,1377,1
9933,1383,0
9934,1375,-2
9935,1378,1
9936,1374,-2
9937,1378,0
9938,1368,1
9939,1372,0
9940,1375,-1
9941,1392,-2
9942,1389,1
9943,1399,1
9944,1401,0
9945,1393,0
9946,1392,-1
9947,1378,-1
9948,1374,-2
9949,1377,1
9950,1365,-1
9951,1365,-2
9952,1366,1
9953,1382,1
9954,1384,0
9955,1374,-2
9956,1382,0
9957,1394,0
9958,1404,1
9959,1395,1
9960,1394,-1
9961,1397,0
9962,1376,-3
9963,1366,-2
9964,1352,1
9965,1358,0
9966,1362,-2
9967,1368,-2
9968,1387,1
9969,1398,1
9970,1398,-2
9971,1394,0
9972,1391,-1
9973,1397,0
9974,1394,-1
9975,1381,0
9976,1377,1
9977,1378,1
9978,1366,-1
9979,1356,0
9980,1368,0
9981,1368,1
9982,1380,-1
9983,1392,1
9984,1398,-2
9985,1404,1
9986,1404,1
9987,1384,-2
9988,1386,-2
9989,1390,0
9990,1385,1
9991,1369,0
9992,1370,1
9993,1379,-2
9994,1374,0
9995,1365,-1
9996,1371,1
9997,1390,1
9998,1390,-1
9999,1395,-1
10000,1398,1
10001,1404,1
10002,1398,-2
10003,1384,-1
10004,1376,-1
10005,1386,1
10006,1374,-1
10007,1369,-3
10008,1373,-1
10009,1383,-1
10010,1373,1
10011,1368,0
10012,1382,-1
10013,1390,-2
10014,1402,-1
10015,1404,-1
10016,1395,0
10017,1409,1
10018,1394,0
10019,1378,0
10020,1383,0
10021,1380,-1
10022,1378,0
10023,1371,1
10024,1377,0
10025,1372,-2
10026,1375,0
10027,1374,0
10028,1388,-2
10029,1395,-3
10030,1395,-1
10031,1406,1
10032,1395,0
10033,1407,-2
10034,1388,-2
10035,1379,-2
10036,1370,-1
10037,1374,0
10038,1355,-2
10039,1358,1
10040,1371,-4
10041,1387,0
10042,1394,-1
10043,1387,1
10044,1400,-1
10045,1408,1
10046,1399,-2
10047,1399,-1
10048,1393,0
10049,1388,0
10050,1374,1
10051,1354,0
10052,1366,1
10053,1365,-1
10054,1364,0
10055,1377,-1
10056,1395,-1
10057,1407,-1
10058,1411,0
10059,1406,-2
10060,1394,-1
10061,1407,2
10062,1392,0
10063,1370,-2
10064,1371,-1
10065,1373,-1
10066,1363,-1
10067,1355,-2
10068,1361,-1
10069,1382,-1
10070,1393,-1
10071,1401,-2
10072,1403,0
10073,1419,-3
10074,1404,1
10075,1383,-1
10076,1389,0
10077,1380,1
10078,1374,1
10079,1383,-1
10080,1374,-1
10081,1375,-1
10082,1380,1
10083,1366,0
10084,1383,-1
10085,1389,-2
10086,1402,-2
10087,1404,0
10088,1398,1
10089,1405,0
10090,1398,-1
10091,1380,-1
10092,1377,1
10093,1387,-2
10094,1377,-1
10095,1381,-2
10096,1368,1
10097,1386,0
10098,1397,0
10099,1389,1
10100,1385,-2
10101,1396,-3
10102,1405,1
10103,1394,-1
10104,1401,0
10105,1398,1
10106,1393,-1
10107,1372,-2
10108,1375,-2
10109,1381,-1
10110,1386,-2
10111,1377,1
10112,1385,1
10113,1400,1
10114,1391,1
10115,1386,-2
10116,1394,-1
10117,1398,-1
10118,1389,-1
10119,1392,0
10120,1401,2
10121,1394,1
10122,1392,1
10123,1377,-2
10124,1370,-2
10125,1374,1
10126,1379,1
10127,1383,1
10128,1380,1
10129,1401,-2
10130,1401,1
10131,1384,0
10132,1399,-1
10133,1398,0
10134,1399,-1
10135,1392,0
10136,1379,-2
10137,1388,-3
10138,1380,0
10139,1363,-1
10140,1374,0
10141,1379,-1
10142,1381,-1
10143,1389,-2
10144,1397,-1
10145,1409,1
10146,1401,-1
10147,1387,0
10148,1395,1
10149,1395,0
10150,1390,-2
10151,1386,-1
10152,1375,0
10153,1379,-2
10154,1376,-1
10155,1370,0
10156,1372,-1
10157,1387,1
10158,1395,1
10159,1401,0
10160,1402,-1
10161,1404,0
10162,1401,-2
10163,1387,-1
10164,1390,-2
10165,1382,-2
10166,1383,0
10167,1369,0
10168,1371,-1
10169,1389,1
10170,1389,-1
10171,1380,-2
10172,1383,0
10173,1392,-1
10174,1401,-1
10175,1390,-1
10176,1395,-1
10177,1398,1
10178,1388,0
10179,1376,-1
10180,1374,1
10181,1386,1
10182,1384,1
10183,1380,-2
10184,1380,-1
10185,1395,0
10186,1391,-1
10187,1385,-2
10188,1388,-2
10189,1389,-2
10190,1386,-2
10191,1402,-1
10192,1397,-2
10193,1407,-2
10194,1392,0
10195,1379,-2
10196,1371,1
10197,1381,-1
10198,1381,0
10199,1387,-2
10200,1380,1
10201,1383,-1
10202,1380,1
10203,1377,-2
10204,1385,-2
10205,1395,0
10206,1402,-1
10207,1399,1
10208,1397,-2
10209,1401,-2
10210,1390,1
10211,1382,0
10212,1383,-2
10213,1370,0
10214,1377,-2
10215,1379,1
10216,1386,-2
10217,1395,1
10218,1393,0
10219,1392,0
10220,1406,0
10221,1398,-2
10222,1411,-1
10223,1405,-2
10224,1395,2
10225,1397,-1
10226,1382,0
10227,1368,1
10228,1375,2
10229,1373,0
10230,1374,-1
10231,1387,-2
10232,1401,-2
10233,1411,-3
10234,1414,0
10235,1399,-2
10236,1398,0
10237,1402,1
10238,1402,1
10239,1383,1
10240,1380,0
10241,1383,0
10242,1369,1
10243,1368,1
10244,1375,1
10245,1374,1
10246,1395,-1
10247,1408,1
10248,1401,-1
10249,1415,1
10250,1401,-2
10251,1401,-1
10252,1393,0
10253,1377,-2
10254,1378,-2
10255,1376,1
10256,1387,-1
10257,1380,-1
10258,1379,-2
10259,1379,1
10260,1399,-1
10261,1396,-2
10262,1402,-1
10263,1401,-2
10264,1399,0
10265,1406,1
10266,1394,2
10267,1389,-1
10268,1383,-2
10269,1389,1
10270,1385,1
10271,1376,1
10272,1386,-2
10273,1398,1
10274,1386,-1
10275,1386,-3
10276,1395,-2
10277,1391,-1
10278,1408,1
10279,1407,-1
10280,1396,1
10281,1405,0
10282,1393,1
10283,1381,0
10284,1377,0
10285,1386,-2
10286,1385,1
10287,1388,-1
10288,1383,-1
10289,1398,0
10290,1397,-1
10291,1388,0
10292,1395,1
10293,1392,0
10294,1396,-2
10295,1397,0
10296,1397,0
10297,1403,-2
10298,1389,-2
10299,1378,-2
10300,1380,-1
10301,1372,1
10302,1374,-1
10303,1379,-2
10304,1389,0
10305,1412,0
10306,1409,-2
10307,1406,0
10308,1402,-1
10309,1396,0
10310,1402,-1
10311,1397,-1
10312,1390,-1
10313,1392,0
10314,1383,1
10315,1371,0
10316,1365,0
10317,1371,-1
10318,1374,-1
10319,1392,2
10320,1406,0
10321,1412,-2
10322,1411,0
10323,1402,-2
10324,1404,-2
10325,1392,-2
10326,1379,1
10327,1372,-3
10328,1381,0
10329,1380,-1
10330,1377,-2
10331,1377,-2
10332,1383,-2
10333,1386,-2
10334,1411,1
10335,1406,0
10336,1413,0
10337,1421,-2
10338,1410,-1
10339,1392,-1
10340,1374,0
10341,1374,-1
10342,1381,-2
10343,1374,-1
10344,1376,-2
10345,1394,-1
10346,1377,0
10347,1391,-1
10348,1390,-2
10349,1398,-1
10350,1398,1
10351,1406,1
10352,1399,-2
10353,1403,1
10354,1397,1
10355,1386,0
10356,1380,-1
10357,1376,1
10358,1384,-2
10359,1388,-1
10360,1398,1
10361,1398,0
10362,1398,-2
10363,1398,0
10364,1396,-1
10365,1398,-1
10366,1395,-2
10367,1401,1
10368,1398,0
10369,1402,0
10370,1394,0
10371,1393,0
10372,1381,1
10373,1382,-2
10374,1396,1
10375,1391,-1
10376,1383,-1
10377,1392,1
10378,1395,-2
10379,1393,-1
10380,1384,1
10381,1391,0
10382,1401,-1
10383,1409,-2
10384,1396,0
10385,1407,0
10386,1387,0
10387,1386,1
10388,1387,1
10389,1382,1
10390,1376,1
10391,1375,0
10392,1386,-2
10393,1397,-1
10394,1395,1
10395,1398,-1
10396,1405,0
10397,1398,-1
10398,1405,1
10399,1398,-1
10400,1397,-1
10401,1396,-1
10402,1388,1
10403,1377,-2
10404,1377,-2
10405,1378,1
10406,1383,0
10407,1391,1
10408,1401,-1
10409,1412,2
10410,1413,-1
10411,1405,-1
10412,1407,-2
10413,1386,-2
10414,1398,1
10415,1386,1
10416,1377,0
10417,1386,-1
10418,1372,0
10419,1366,1
10420,1383,0
10421,1388,-1
10422,1399,1
10423,1402,-1
10424,1411,-1
10425,1424,0
10426,1421,-2
10427,1402,1
10428,1387,-2
10429,1382,0
10430,1389,-2
10431,1379,0
10432,1372,-2
10433,1386,1
10434,1379,-1
10435,1388,-2
10436,1386,0
10437,1398,-1
10438,1416,0
10439,1404,-1
10440,1402,-1
10441,1419,1
10442,1407,2
10443,1392,-1
10444,1380,-2
10445,1372,1
10446,1383,1
10447,1378,-1
10448,1382,1
10449,1400,0
10450,1391,-2
10451,1407,-2
10452,1400,-2
10453,1392,-2
10454,1407,-1
10455,1402,1
10456,1404,0
10457,1410,-2
10458,1394,-2
10459,1392,-2
10460,1381,1
10461,1379,-1
10462,1386,-2
10463,1385,0
10464,1386,1
10465,1397,-2
10466,1393,-1
10467,1401,0
10468,1400,-3
10469,1401,0
10470,1398,1
10471,1403,0
10472,1402,-1
10473,1409,1
10474,1392,-1
10475,1381,1
10476,1371,0
10477,1373,-1
10478,1381,1
10479,1389,-1
10480,1394,0
10481,1415,-2
10482,1416,1
10483,1406,-1
10484,1411,-1
10485,1404,-2
10486,1406,1
10487,1398,-1
10488,1388,-2
10489,1396,-2
10490,1381,-2
10491,1370,-1
10492,1371,-1
10493,1386,-1
10494,1383,-1
10495,1393,0
10496,1402,0
10497,1417,1
10498,1421,-1
10499,1407,-1
10500,1407,-1
10501,1396,-2
10502,1394,-1
10503,1374,-3
10504,1380,-2
10505,1386,-1
10506,1369,-1
10507,1383,1
10508,1383,0
10509,1392,1
10510,1410,1
10511,1413,-1
10512,1424,0
10513,1432,1
10514,1416,-1
10515,1397,1
10516,1382,-2
10517,1376,-2
10518,1368,1
10519,1366,-1
10520,1374,-1
10521,1384,1
10522,1395,0
10523,1402,-2
10524,1395,-2
10525,1411,-1
10526,1414,2
10527,1417,0
10528,1406,0
10529,1407,3
10530,1402,0
10531,1378,3
10532,1368,1
10533,1371,0
10534,1386,1
10535,1380,-1
10536,1392,1
10537,1412,1
10538,1407,-2
10539,1408,-1
10540,1404,1
10541,1400,-1
10542,1396,-2
10543,1400,0
10544,1397,-1
10545,1398,0
10546,1386,-1
10547,1378,-2
10548,1383,-2
10549,1371,-3
10550,1387,-2
10551,1405,-2
10552,1401,1
10553,1407,1
10554,1411,-2
10555,1401,0
10556,1395,0
10557,1398,-1
10558,1399,0
10559,1394,-2
10560,1395,-2
10561,1398,0
10562,1396,0
10563,1394,-2
10564,1382,-2
10565,1378,1
10566,1389,-1
10567,1404,-1
10568,1408,1
10569,1415,-2
10570,1411,-2
10571,1402,-1
10572,1393,0
10573,1402,0
10574,1411,1
10575,1392,-2
10576,1386,1
10577,1399,-2
10578,1390,0
10579,1392,-1
10580,1388,1
10581,1389,1
10582,1394,0
10583,1405,1
10584,1402,1
10585,1415,0
10586,1406,1
10587,1404,1
10588,1402,-1
10589,1389,-1
10590,1389,1
10591,1392,0
10592,1381,1
10593,1402,-1
10594,1387,-1
10595,1394,-1
10596,1401,-2
10597,1395,-1
10598,1407,-2
10599,1413,-1
10600,1413,-1
10601,1419,-1
10602,1401,0
10603,1398,0
10604,1380,1
10605,1386,-3
10606,1392,-2
10607,1385,-2
10608,1384,1
10609,1401,0
10610,1403,-1
10611,1400,0
10612,1398,-2
10613,1406,0
10614,1407,-1
10615,1398,-1
10616,1399,1
10617,1419,1
10618,1398,-2
10619,1387,-1
10620,1392,-2
10621,1384,1
10622,1388,1
10623,1398,1
10624,1399,1
10625,1406,0
10626,1403,0
10627,1403,-2
10628,1395,-2
10629,1391,1
10630,1398,1
10631,1399,-2
10632,1407,-1
10633,1407,-1
10634,1391,0
10635,1389,0
10636,1389,-1
10637,1391,1
10638,1403,0
10639,1391,-2
10640,1398,0
10641,1408,0
10642,1398,-2
10643,1404,0
10644,1395,0
10645,1392,-1
10646,1403,0
10647,1413,-2
10648,1398,-2
10649,1410,1
10650,1400,-2
10651,1392,0
10652,1392,-1
10653,1374,2
10654,1377,-2
10655,1384,2
10656,1389,1
10657,1398,-1
10658,1394,2
10659,1406,0
10660,1397,0
10661,1407,1
10662,1407,0
10663,1403,-2
10664,1401,1
10665,1404,2
10666,1397,-1
10667,1377,-2
10668,1372,-2
10669,1379,-1
10670,1401,1
10671,1392,1
10672,1402,1
10673,1422,-2
10674,1416,-1
10675,1423,-2
10676,1410,1
10677,1403,0
10678,1412,-1
10679,1395,-2
10680,1386,-2
10681,1400,-2
10682,1380,0
10683,1377,-2
10684,1380,-2
10685,1393,-2
10686,1410,0
10687,1419,1
10688,1413,0
10689,1422,-2
10690,1424,-1
10691,1408,1
10692,1390,0
10693,1380,-2
10694,1385,-1
10695,1388,2
10696,1386,-2
10697,1392,0
10698,1379,1
10699,1400,1
10700,1404,1
10701,1410,0
10702,1416,0
10703,1416,-2
10704,1412,0
10705,1416,-1
10706,1404,-2
10707,1395,-1
10708,1378,0
10709,1373,-1
10710,1381,1
10711,1380,-2
10712,1388,1
10713,1401,-2
10714,1405,-2
10715,1411,-1
10716,1405,-1
10717,1407,-2
10718,1407,-1
10719,1416,-2
10720,1402,-2
10721,1413,-2
10722,1404,-2
10723,1389,2
10724,1380,-2
10725,1378,0
10726,1384,1
10727,1395,-2
10728,1399,1
10729,1424,-1
10730,1405,0
10731,1420,-1
10732,1410,0
10733,1411,-1
10734,1418,-1
10735,1405,0
10736,1404,-1
10737,1404,-2
10738,1383,-1
10739,1393,-1
10740,1378,-3
10741,1377,0
10742,1387,0
10743,1397,-2
10744,1400,1
10745,1422,-1
10746,1410,-3
10747,1419,-2
10748,1413,0
10749,1406,0
10750,1417,-2
10751,1404,-2
10752,1383,-1
10753,1397,2
10754,1381,0
10755,1369,-1
10756,1368,0
10757,1397,-2
10758,1395,-1
10759,1410,-2
10760,1408,-2
10761,1435,-2
10762,1424,0
10763,1427,-2
10764,1403,-1
10765,1398,-2
10766,1389,0
10767,1371,1
10768,1375,-2
10769,1392,0
10770,1381,-1
10771,1395,1
10772,1395,-2
10773,1404,-1
10774,1416,0
10775,1427,-1
10776,1420,-2
10777,1422,-2
10778,1413,0
10779,1403,1
10780,1383,-1
10781,1367,-1
10782,1375,1
10783,1376,1
10784,1378,0
10785,1398,0
10786,1407,-1
10787,1416,-2
10788,1411,-1
10789,1419,0
10790,1424,0
10791,1427,0
10792,1415,0
10793,1410,1
10794,1395,-2
10795,1382,0
10796,1372,-2
10797,1374,-2
10798,1385,1
10799,1392,1
10800,1393,-2
10801,1418,-1
10802,1419,-2
10803,1422,0
10804,1411,-1
10805,1403,0
10806,1413,1
10807,1399,-1
10808,1400,0
10809,1397,-1
10810,1376,0
10811,1387,-2
10812,1380,0
10813,1395,-1
10814,1404,-1
10815,1413,0
10816,1417,-1
10817,1424,1
10818,1424,0
10819,1418,1
10820,1404,1
10821,1402,-2
10822,1406,-1
10823,1394,0
10824,1394,1
10825,1407,-2
10826,1403,0
10827,1390,-1
10828,1391,1
10829,1404,-1
10830,1404,1
10831,1403,-1
10832,1412,0
10833,1423,0
10834,1407,1
10835,1406,-1
10836,1400,-2
10837,1398,-2
10838,1401,-1
10839,1399,-2
10840,1391,-1
10841,1410,0
10842,1398,-1
10843,1404,-1
10844,1397,-1
10845,1400,-3
10846,1413,1
10847,1410,-1
10848,1406,1
10849,1418,-2
10850,1413,-1
10851,1405,-1
10852,1398,-2
10853,1391,1
10854,1401,-2
10855,1402,-2
10856,1388,-1
10857,1407,-1
10858,1402,0
10859,1406,0
10860,1393,1
10861,1401,0
10862,1416,-1
10863,1414,0
10864,1401,0
10865,1413,1
10866,1407,-1
10867,1398,1
10868,1391,-1
10869,1395,0
10870,1389,-2
10871,1394,-1
10872,1395,0
10873,1410,0
10874,1413,-1
10875,1409,0
10876,1404,-1
10877,1407,2
10878,1410,-1
10879,1407,-2
10880,1403,1
10881,1415,0
10882,1385,0
10883,1396,1
10884,1390,1
10885,1392,0
10886,1390,-1
10887,1397,1
10888,1397,-3
10889,1419,-2
10890,1422,-2
10891,1414,-1
10892,1397,-2
10893,1407,-2
10894,1402,0
10895,1407,0
10896,1404,1
10897,1404,-1
10898,1407,1
10899,1392,1
10900,1402,0
10901,1395,-1
10902,1402,-2
10903,1409,-1
10904,1412,-2
10905,1413,-2
10906,1415,1
10907,1404,0
10908,1395,-2
10909,1403,-1
10910,1413,-1
10911,1409,-2
10912,1413,0
10913,1413,-1
10914,1406,1
10915,1403,2
10916,1392,1
10917,1392,-1
10918,1393,-1
10919,1405,-1
10920,1406,-1
10921,1407,1
10922,1403,-1
10923,1407,0
10924,1412,-2
10925,1407,2
10926,1407,1
10927,1411,0
10928,1403,0
10929,1407,1
10930,1395,1
10931,1393,0
10932,1387,1
10933,1397,-2
10934,1401,0
10935,1412,-1
10936,1411,0
10937,1432,0
10938,1433,1
10939,1420,-1
10940,1401,-1
10941,1404,-3
10942,1413,-2
10943,1394,-1
10944,1395,0
10945,1394,0
10946,1389,1
10947,1389,-1
10948,1390,0
10949,1410,-1
10950,1422,-2
10951,1422,-1
10952,1427,-3
10953,1432,-2
10954,1427,0
10955,1415,0
10956,1392,-1
10957,1389,-1
10958,1383,-2
10959,1376,1
10960,1384,1
10961,1401,-1
10962,1405,-1
10963,1411,-1
10964,1416,-1
10965,1419,-2
10966,1431,0
10967,1424,0
10968,1415,0
10969,1423,-1
10970,1401,-1
10971,1394,-1
10972,1381,0
10973,1384,0
10974,1397,-1
10975,1389,0
10976,1395,0
10977,1413,1
10978,1422,0
10979,1430,-2
10980,1416,-1
10981,1419,0
10982,1420,-1
10983,1422,-1
10984,1407,-1
10985,1400,-1
10986,1392,-2
10987,1392,-1
10988,1388,-2
10989,1389,-1
10990,1407,0
10991,1412,0
10992,1413,-2
10993,1433,-1
10994,1430,1
10995,1422,-1
10996,1410,0
10997,1415,1
10998,1413,-1
10999,1404,1
11000,1403,-2
11001,1410,1
11002,1400,-2
11003,1396,0
11004,1387,1
11005,1393,1
11006,1411,0
11007,1416,-1
11008,1416,1
11009,1427,1
11010,1430,1
11011,1422,0
11012,1413,1
11013,1404,0
11014,1407,1
11015,1404,-2
11016,1399,0
11017,1406,1
11018,1398,-3
11019,1391,0
11020,1400,-1
11021,1409,-2
11022,1415,2
11023,1427,-1
11024,1427,-3
11025,1427,-2
11026,1434,-2
11027,1422,-2
11028,1397,0
11029,1401,-2
11030,1401,-2
11031,1389,-2
11032,1392,0
11033,1401,1
11034,1402,-2
11035,1410,-1
11036,1406,-2
11037,1416,-2
11038,1433,-2
11039,1426,1
11040,1428,0
11041,1432,-2
11042,1418,-1
11043,1404,1
11044,1387,0
11045,1383,0
11046,1396,1
11047,1404,1
11048,1393,0
11049,1419,-1
11050,1432,1
11051,1427,0
11052,1416,1
11053,1429,1
11054,1413,-2
11055,1421,1
11056,1413,-3
11057,1407,1
11058,1396,-1
11059,1387,0
11060,1385,-1
11061,1390,-1
11062,1393,-2
11063,1404,-2
11064,1416,-1
11065,1430,-1
11066,1424,1
11067,1427,-1
11068,1409,-1
11069,1410,3
11070,1416,0
11071,1407,-3
11072,1400,2
11073,1407,1
11074,1413,-2
11075,1394,0
11076,1394,-2
11077,1400,-2
11078,1422,1
11079,1422,1
11080,1423,1
11081,1428,-2
11082,1427,1
11083,1412,0
11084,1407,0
11085,1406,-2
11086,1398,0
11087,1401,1
11088,1405,-1
11089,1409,-2
11090,1413,0
11091,1403,0
11092,1392,-1
11093,1409,-2
11094,1416,-1
11095,1423,0
11096,1415,-1
11097,1421,0
11098,1421,-1
11099,1412,-2
11100,1404,-1
11101,1407,0
11102,1412,1
11103,1410,1
11104,1417,0
11105,1424,-1
11106,1410,1
11107,1410,-2
11108,1395,-1
11109,1399,0
11110,1413,0
11111,1412,0
11112,1419,1
11113,1422,0
11114,1434,1
11115,1425,-2
11116,1407,-1
11117,1400,-1
11118,1408,-1
11119,1411,-2
11120,1398,-2
11121,1398,-1
11122,1408,-1
11123,1404,1
11124,1398,0
11125,1410,1
11126,1426,0
11127,1426,-1
11128,1421,0
11129,1433,1
11130,1430,-2
11131,1413,-2
11132,1392,1
11133,1401,-1
11134,1405,2
11135,1390,0
11136,1395,-1
11137,1403,-1
11138,1422,0
11139,1416,-2
11140,1415,-3
11141,1416,1
11142,1429,0
11143,1423,-1
11144,1424,0
11145,1417,-2
11146,1406,-2
11147,1398,1
11148,1397,-1
11149,1398,1
11150,1396,1
11151,1400,1
11152,1418,1
11153,1424,-1
11154,1433,-2
11155,1429,1
11156,1421,0
11157,1415,-1
11158,1420,-3
11159,1415,-1
11160,1410,-1
11161,1410,-1
11162,1414,-1
11163,1402,-2
11164,1396,-1
11165,1402,-2
11166,1411,-1
11167,1417,0
11168,1419,-2
11169,1427,-2
11170,1442,1
11171,1422,-1
11172,1415,1
11173,1422,0
11174,1415,-2
11175,1405,0
11176,1410,1
11177,1410,0
11178,1405,-2
11179,1401,-2
11180,1394,-1
11181,1406,1
11182,1414,-1
11183,1417,-2
11184,1418,0
11185,1423,-1
11186,1434,-1
11187,1416,1
11188,1422,1
11189,1413,-1
11190,1416,1
11191,1404,1
11192,1407,-1
11193,1413,1
11194,1414,-2
11195,1399,-1
11196,1399,-3
11197,1410,0
11198,1419,1
11199,1422,1
11200,1427,0
11201,1430,1
11202,1442,2
11203,1424,-1
11204,1404,1
11205,1394,-1
11206,1396,0
11207,1392,1
11208,1384,1
11209,1399,-2
11210,1418,0
11211,1406,-1
11212,1407,0
11213,1425,-1
11214,1436,-1
11215,1425,0
11216,1433,1
11217,1427,0
11218,1430,-2
11219,1419,-2
11220,1398,0
11221,1392,1
11222,1395,1
11223,1404,1
11224,1406,-2
11225,1416,1
11226,1435,0
11227,1433,-2
11228,1437,0
11229,1433,1
11230,1435,1
11231,1431,-2
11232,1410,0
11233,1400,-1
11234,1410,1
11235,1388,-2
11236,1381,1
11237,1389,-1
11238,1393,-1
11239,1419,1
11240,1429,-2
11241,1438,0
11242,1439,-2
11243,1433,1
11244,1422,0
11245,1419,1
11246,1419,-1
11247,1399,-1
11248,1404,-1
11249,1394,1
11250,1407,1
11251,1404,-1
11252,1398,-2
11253,1412,0
11254,1417,1
11255,1435,-2
11256,1433,0
11257,1436,2
11258,1439,1
11259,1422,2
11260,1418,-2
11261,1408,1
11262,1397,0
11263,1398,-1
11264,1399,-1
11265,1408,1
11266,1417,-1
11267,1416,1
11268,1415,0
11269,1413,-2
11270,1424,0
11271,1424,0
11272,1431,-4
11273,1428,-1
11274,1427,-1
11275,1417,1
11276,1398,0
11277,1400,0
11278,1408,0
11279,1405,-1
11280,1412,-1
11281,1416,-2
11282,1426,-2
11283,1420,-2
11284,1415,1
11285,1422,1
11286,1434,1
11287,1422,1
11288,1420,1
11289,1420,-2
11290,1422,-2
11291,1415,1
11292,1406,-1
11293,1404,-1
11294,1416,-2
11295,1406,-2
11296,1412,-1
11297,1419,-1
11298,1422,0
11299,1422,-4
11300,1433,-3
11301,1416,0
11302,1427,-3
11303,1421,1
11304,1433,-1
11305,1424,1
11306,1428,1
11307,1407,-2
11308,1404,-1
11309,1398,-2
11310,1410,-1
11311,1409,1
11312,1410,0
11313,1428,1
11314,1433,-2
11315,1432,-1
11316,1421,0
11317,1428,-1
11318,1430,-1
11319,1426,-1
11320,1415,1
11321,1411,-1
11322,1420,-3
11323,1408,-2
11324,1410,0
11325,1398,-2
11326,1416,0
11327,1416,1
11328,1416,-1
11329,1430,-1
11330,1433,-2
11331,1424,0
11332,1421,0
11333,1425,0
11334,1420,-1
11335,1407,-2
11336,1401,-2
11337,1407,-1
11338,1416,0
11339,1419,-2
11340,1413,0
11341,1415,-1
11342,1424,-2
11343,1424,1
11344,1423,1
11345,1422,0
11346,1435,-1
11347,1427,-4
11348,1415,0
11349,1410,0
11350,1415,0
11351,1416,-2
11352,1413,-1
11353,1421,1
11354,1427,-1
11355,1419,0
11356,1423,0
11357,1422,-1
11358,1433,1
11359,1419,1
11360,1420,-1
11361,1424,-1
11362,1443,3
11363,1433,-2
11364,1419,-1
11365,1416,-2
11366,1420,-1
11367,1418,-2
11368,1419,1
11369,1422,0
11370,1417,0
11371,1415,1
11372,1403,1
11373,1404,-1
11374,1413,1
11375,1419,-1
11376,1422,-2
11377,1437,-2
11378,1427,-3
11379,1427,1
11380,1413,-1
11381,1413,0
11382,1416,1
11383,1411,1
11384,1409,-1
11385,1415,-1
11386,1410,0
11387,1404,0
11388,1411,0
11389,1418,1
11390,1435,1
11391,1436,0
11392,1430,-1
11393,1428,-3
11394,1432,-2
11395,1416,-3
11396,1410,-1
11397,1404,-1
11398,1407,-1
11399,1396,-1
11400,1411,-2
11401,1409,0
11402,1424,1
11403,1428,0
11404,1428,0
11405,1435,0
11406,1434,-2
11407,1436,-2
11408,1430,-1
11409,1421,0
11410,1410,1
11411,1408,-2
11412,1396,1
11413,1399,-1
11414,1400,0
11415,1410,-1
11416,1415,1
11417,1424,0
11418,1446,0
11419,1443,-1
11420,1431,-2
11421,1433,-1
11422,1427,0
11423,1422,1
11424,1412,1
11425,1405,1
11426,1410,0
11427,1403,-1
11428,1398,1
11429,1404,1
11430,1418,-2
11431,1419,0
11432,1430,1
11433,1437,0
11434,1437,-2
11435,1438,-1
11436,1427,0
11437,1419,-2
11438,1418,-1
11439,1418,1
11440,1404,-1
11441,1408,1
11442,1412,-1
11443,1406,0
11444,1417,0
11445,1418,1
11446,1427,0
11447,1438,-1
11448,1432,-1
11449,1435,-2
11450,1445,0
11451,1427,0
11452,1419,-1
11453,1407,-2
11454,1413,1
11455,1411,1
11456,1400,1
11457,1409,1
11458,1426,-1
11459,1417,-2
11460,1420,1
11461,1433,1
11462,1433,1
11463,1425,0
11464,1437,0
11465,1439,-1
11466,1432,-1
11467,1413,-1
11468,1410,-1
11469,1408,-2
11470,1406,-2
11471,1398,-2
11472,1396,-1
11473,1410,-1
11474,1427,-1
11475,1424,0
11476,1434,2
11477,1435,-2
11478,1442,-2
11479,1437,1
11480,1427,0
11481,1424,0
11482,1421,-2
11483,1402,0
11484,1398,1
11485,1396,-1
11486,1411,-1
11487,1402,0
11488,1410,-1
11489,1430,1
11490,1442,-2
11491,1442,0
11492,1445,-1
11493,1439,-1
11494,1437,0
11495,1433,-1
11496,1416,1
11497,1407,-1
11498,1407,-1
11499,1399,1
11500,1395,0
11501,1407,1
11502,1409,0
11503,1424,1
11504,1442,-2
11505,1442,-2
11506,1451,0
11507,1445,-2
11508,1442,-1
11509,1427,-1
11510,1416,0
11511,1413,1
11512,1402,0
11513,1405,-2
11514,1401,-2
11515,1404,0
11516,1416,0
11517,1427,-2
11518,1433,-2
11519,1437,-1
11520,1443,-1
11521,1441,-2
11522,1444,-2
11523,1429,-1
11524,1421,-2
11525,1409,-1
11526,1407,1
11527,1398,0
11528,1402,0
11529,1415,-2
11530,1436,-1
11531,1422,1
11532,1426,-2
11533,1433,-1
11534,1450,1
11535,1437,-1
11536,1424,0
11537,1428,-1
11538,1427,0
11539,1426,-1
11540,1419,-2
11541,1403,3
11542,1410,1
11543,1419,-1
11544,1413,-1
11545,1422,-2
11546,1429,1
11547,1432,-1
11548,1433,-1
11549,1430,0
11550,1429,-2
11551,1424,-2
11552,1428,0
11553,1423,1
11554,1430,1
11555,1416,-1
11556,1416,-2
11557,1412,-2
11558,1418,0
11559,1418,0
11560,1413,1
11561,1432,0
11562,1434,-1
11563,1427,-1
11564,1424,-2
11565,1428,1
11566,1434,0
11567,1426,0
11568,1424,-1
11569,1424,1
11570,1426,0
11571,1426,1
11572,1408,-2
11573,1413,1
11574,1414,-2
11575,1420,0
11576,1422,0
11577,1427,-1
11578,1442,1
11579,1430,1
11580,1427,0
11581,1430,-2
11582,1433,0
11583,1428,-1
11584,1420,-1
11585,1421,1
11586,1422,-1
11587,1423,1
11588,1414,-1
11589,1416,-2
11590,1424,-1
11591,1422,1
11592,1435,1
11593,1442,0
11594,1436,1
11595,1437,0
11596,1425,-1
11597,1427,1
11598,1423,-2
11599,1417,-1
11600,1421,-2
11601,1417,1
11602,1424,-1
11603,1414,1
11604,1408,-1
11605,1425,0
11606,1436,0
11607,1436,1
11608,1433,0
11609,1437,-2
11610,1432,0
11611,1428,-1
11612,1417,1
11613,1413,1
11614,1407,-2
11615,1416,-1
11616,1420,-2
11617,1427,-2
11618,1430,-2
11619,1428,1
11620,1427,-2
11621,1430,-2
11622,1427,1
11623,1427,1
11624,1424,-2
11625,1429,1
11626,1430,1
11627,1430,0
11628,1416,-2
11629,1422,-2
11630,1430,2
11631,1421,-2
11632,1414,-1
11633,1421,-1
11634,1430,0
11635,1421,1
11636,1414,-1
11637,1425,-1
11638,1420,-1
11639,1428,0
11640,1423,-1
11641,1436,1
11642,1442,0
11643,1425,0
11644,1424,1
11645,1420,0
11646,1422,-1
11647,1421,-1
11648,1413,-2
11649,1411,1
11650,1430,-1
11651,1429,-2
11652,1424,-2
11653,1431,-2
11654,1434,-4
11655,1442,-1
11656,1434,0
11657,1432,-1
11658,1438,0
11659,1435,1
11660,1412,1
11661,1415,-2
11662,1404,-1
11663,1410,-2
11664,1409,-2
11665,1421,-1
11666,1432,-1
11667,1433,-2
11668,1428,-1
11669,1439,-1
11670,1439,0
11671,1442,1
11672,1430,0
11673,1417,0
11674,1422,0
11675,1413,1
11676,1397,1
11677,1408,0
11678,1408,-2
11679,1433,-1
11680,1430,0
11681,1442,-1
11682,1452,-2
11683,1449,-2
11684,1443,0
11685,1436,0
11686,1426,0
11687,1420,0
11688,1416,0
11689,1408,0
11690,1416,1
11691,1407,-1
11692,1401,-1
11693,1416,-1
11694,1425,-1
11695,1442,0
11696,1437,-1
11697,1445,0
11698,1446,2
11699,1445,-1
11700,1413,-2
11701,1414,-2
11702,1418,-1
11703,1403,-2
11704,1410,0
11705,1416,1
11706,1412,2
11707,1423,0
11708,1423,0
11709,1430,-2
11710,1442,0
11711,1451,-2
11712,1440,1
11713,1436,1
11714,1437,1
11715,1427,0
11716,1404,1
11717,1419,-1
11718,1418,0
11719,1413,-2
11720,1404,0
11721,1422,-1
11722,1433,0
11723,1444,-1
11724,1422,-1
11725,1442,-1
11726,1445,-1
11727,1433,0
11728,1439,1
11729,1430,-1
11730,1433,0
11731,1419,0
11732,1406,-2
11733,1404,0
11734,1418,-2
11735,1423,0
11736,1416,1
11737,1423,-1
11738,1433,2
11739,1441,-1
11740,1427,0
11741,1437,0
11742,1445,-2
11743,1436,1
11744,1439,1
11745,1417,0
11746,1432,1
11747,1413,-2
11748,1404,-1
11749,1408,-1
11750,1414,1
11751,1417,-2
11752,1427,-2
11753,1439,0
11754,1451,-2
11755,1453,-2
11756,1430,1
11757,1437,-1
11758,1440,0
11759,1429,-2
11760,1416,-2
11761,1413,-2
11762,1410,0
11763,1414,-1
11764,1405,-1
11765,1416,1
11766,1424,-2
11767,1428,-1
11768,1441,1
11769,1451,-2
11770,1452,-2
11771,1442,1
11772,1434,-2
11773,1423,-1
11774,1427,-2
11775,1411,-1
11776,1404,-2
11777,1407,0
11778,1422,1
11779,1432,1
11780,1419,0
11781,1426,2
11782,1454,-1
11783,1454,-3
11784,1441,1
11785,1444,-3
11786,1446,1
11787,1424,0
11788,1411,-1
11789,1413,-1
11790,1411,0
11791,1413,2
11792,1419,1
11793,1427,-1
11794,1433,-2
11795,1439,1
11796,1427,0
11797,1433,-2
11798,1442,-1
11799,1439,0
11800,1437,-2
11801,1436,-1
11802,1432,-2
11803,1416,-2
11804,1407,-2
11805,1410,-1
11806,1428,1
11807,1427,0
11808,1436,1
11809,1432,0
11810,1444,1
11811,1450,0
11812,1424,-1
11813,1431,-1
11814,1433,-1
11815,1430,-1
11816,1433,0
11817,1419,-2
11818,1430,2
11819,1425,0
11820,1418,-2
11821,1421,-2
11822,1425,-2
11823,1427,1
11824,1428,1
11825,1438,-1
11826,1438,1
11827,1436,1
11828,1419,0
11829,1426,-1
11830,1439,0
11831,1438,0
11832,1427,-1
11833,1422,-1
11834,1433,1
11835,1427,-1
11836,1406,0
11837,1411,1
11838,1419,-2
11839,1428,1
11840,1432,1
11841,1441,-2
11842,1451,1
11843,1436,1
11844,1437,0
11845,1436,-2
11846,1439,0
11847,1437,-1
11848,1426,1
11849,1429,1
11850,1434,1
11851,1417,-2
11852,1414,0
11853,1419,0
11854,1428,-3
11855,1435,0
11856,1444,-1
11857,1447,1
11858,1453,1
11859,1445,1
11860,1437,-2
11861,1431,0
11862,1423,0
11863,1416,-2
11864,1424,0
11865,1415,-1
11866,1419,-2
11867,1419,1
11868,1410,0
11869,1419,0
11870,1433,0
11871,1449,2
11872,1442,-2
11873,1436,-2
11874,1445,-2
11875,1429,0
11876,1415,0
11877,1418,-1
11878,1416,-2
11879,1421,-2
11880,1418,-1
11881,1430,1
11882,1420,-2
11883,1433,-2
11884,1429,-4
11885,1441,-2
11886,1453,0
11887,1448,1
11888,1436,-1
11889,1436,-1
11890,1437,-1
11891,1437,0
11892,1407,-1
11893,1419,1
11894,1421,0
11895,1422,-2
11896,1426,-1
11897,1430,-2
11898,1444,1
11899,1442,0
11900,1426,0
11901,1439,1
11902,1442,-2
11903,1445,1
11904,1439,-1
11905,1436,1
11906,1442,-2
11907,1440,0
11908,1413,-1
11909,1418,-2
11910,1427,-2
11911,1423,1
11912,1424,0
11913,1436,-2
11914,1439,1
11915,1446,-1
11916,1433,-1
11917,1441,-1
11918,1439,0
11919,1445,0
11920,1442,-1
11921,1436,-1
11922,1442,-1
11923,1433,-1
11924,1410,0
11925,1413,-2
11926,1416,-2
11927,1425,1
11928,1432,-2
11929,1436,-1
11930,1447,-1
11931,1445,-1
11932,1442,-2
11933,1447,0
11934,1439,0
11935,1431,1
11936,1427,1
11937,1418,-2
11938,1418,0
11939,1417,-2
11940,1403,-2
11941,1419,2
11942,1423,-1
11943,1442,1
11944,1451,0
11945,1453,-1
11946,1469,1
11947,1454,1
11948,1438,-1
11949,1431,-1
11950,1425,1
11951,1418,-2
11952,1416,0
11953,1410,-1
11954,1428,0
11955,1424,-1
11956,1419,1
11957,1437,-2
11958,1444,-2
11959,1458,-2
11960,1463,-1
11961,1442,-1
11962,1445,1
11963,1436,-1
11964,1407,-1
11965,1418,-1
11966,1422,0
11967,1418,-1
11968,1424,1
11969,1427,-3
11970,1442,0
11971,1451,4
11972,1447,1
11973,1449,-1
11974,1444,0
11975,1455,0
11976,1431,1
11977,1433,1
11978,1430,-1
11979,1421,0
11980,1410,1
11981,1412,-2
11982,1416,-2
11983,1429,0
11984,1431,1
11985,1437,1
11986,1457,2
11987,1446,-2
11988,1442,0
11989,1439,1
11990,1439,-2
11991,1437,1
11992,1430,-1
11993,1430,-2
11994,1429,0
11995,1430,0
11996,1419,-1
11997,1424,-2
11998,1428,-1
11999,1442,1
12000,1436,1
12001,1444,-1
12002,1457,1
12003,1441,-1
12004,1436,1
12005,1434,-2
12006,1433,-2
12007,1435,1
12008,1434,-1
12009,1435,0
12010,1438,1
12011,1432,-1
12012,1421,0
12013,1425,0
12014,1432,-2
12015,1438,-1
12016,1432,0
12017,1441,-2
12018,1441,-2
12019,1448,-1
12020,1442,-1
12021,1437,-1
12022,1435,0
12023,1433,-1
12024,1430,0
12025,1430,-1
12026,1434,-1
12027,1427,0
12028,1423,-2
12029,1428,-2
12030,1432,-2
12031,1433,-2
12032,1451,1
12033,1448,0
12034,1459,-1
12035,1451,-1
12036,1430,-1
12037,1427,-2
12038,1430,-1
12039,1428,-1
12040,1424,-2
12041,1427,-2
12042,1428,-1
12043,1436,-2
12044,1427,-1
12045,1436,-1
12046,1438,-1
12047,1453,-1
12048,1446,-1
12049,1445,-1
12050,1446,-1
12051,1435,0
12052,1423,-1
12053,1424,-2
12054,1424,0
12055,1425,0
12056,1431,-2
12057,1434,1
12058,1453,1
12059,1454,0
12060,1436,-1
12061,1442,1
12062,1432,1
12063,1441,-1
12064,1441,0
12065,1430,-1
12066,1442,0
12067,1432,-1
12068,1414,1
12069,1423,-1
12070,1427,1
12071,1442,-1
12072,1437,0
12073,1434,1
12074,1447,0
12075,1437,-1
12076,1432,0
12077,1431,-1
12078,1430,-1
12079,1451,0
12080,1440,1
12081,1437,1
12082,1447,0
12083,1438,1
12084,1427,0
12085,1424,-1
12086,1426,1
12087,1434,0
12088,1436,-2
12089,1436,0
12090,1446,-3
12091,1441,0
12092,1441,-1
12093,1431,1
12094,1445,0
12095,1450,0
12096,1445,-1
12097,1436,-2
12098,1439,0
12099,1439,-1
12100,1419,-1
12101,1413,-1
12102,1417,1
12103,1430,1
12104,1436,1
12105,1436,1
12106,1454,-3
12107,1448,-2
12108,1442,-2
12109,1440,-1
12110,1445,1
12111,1439,-2
12112,1433,1
12113,1422,-2
12114,1433,1
12115,1426,1
12116,1416,0
12117,1419,-2
12118,1425,-1
12119,1446,0
12120,1441,1
12121,1447,-2
12122,1469,0
12123,1457,-1
12124,1448,1
12125,1433,-2
12126,1426,-2
12127,1416,-2
12128,1419,-1
12129,1415,0
12130,1414,-1
12131,1420,-1
12132,1434,-1
12133,1445,-2
12134,1442,-1
12135,1453,-2
12136,1466,1
12137,1454,-1
12138,1461,0
12139,1439,0
12140,1422,-4
12141,1419,0
12142,1414,-1
12143,1417,-1
12144,1418,1
12145,1421,1
12146,1443,-2
12147,1450,-1
12148,1450,-2
12149,1441,0
12150,1451,-1
12151,1455,0
12152,1453,1
12153,1445,0
12154,1449,1
12155,1423,1
12156,1417,-1
12157,1421,0
12158,1407,1
12159,1421,-2
12160,1433,-2
12161,1443,0
12162,1457,-1
12163,1466,0
12164,1448,0
12165,1446,0
12166,1451,-1
12167,1447,0
12168,1441,-1
12169,1433,2
12170,1428,0
12171,1422,-2
12172,1427,1
12173,1419,-1
12174,1423,1
12175,1427,0
12176,1444,0
12177,1444,-2
12178,1456,-2
12179,1448,-2
12180,1448,-2
12181,1440,1
12182,1442,1
12183,1441,0
12184,1428,-1
12185,1421,-1
12186,1436,-1
12187,1428,1
12188,1423,0
12189,1428,-2
12190,1434,1
12191,1448,0
12192,1440,0
12193,1443,-2
12194,1462,1
12195,1459,0
12196,1447,0
12197,1433,1
12198,1433,-2
12199,1437,-2
12200,1427,-1
12201,1422,0
12202,1433,0
12203,1428,-1
12204,1424,0
12205,1437,-2
12206,1441,1
12207,1455,1
12208,1463,-1
12209,1462,-2
12210,1473,1
12211,1452,-1
12212,1439,-1
12213,1428,1
12214,1416,0
12215,1416,0
12216,1417,0
12217,1424,1
12218,1442,-1
12219,1442,-2
12220,1443,1
12221,1452,-2
12222,1449,-1
12223,1455,-2
12224,1457,-1
12225,1450,-2
12226,1457,0
12227,1433,-1
12228,1415,-2
12229,1415,0
12230,1410,0
12231,1422,-2
12232,1419,1
12233,1436,-2
12234,1456,0
12235,1454,-2
12236,1450,1
12237,1453,3
12238,1452,1
12239,1449,0
12240,1437,0
12241,1432,-2
12242,1432,0
12243,1421,1
12244,1416,-2
12245,1416,-1
12246,1430,1
12247,1441,-1
12248,1448,-1
12249,1454,-2
12250,1461,0
12251,1457,-1
12252,1460,0
12253,1443,0
12254,1434,-1
12255,1442,1
12256,1429,0
12257,1424,0
12258,1434,-1
12259,1437,-2
12260,1434,-2
12261,1430,0
12262,1434,1
12263,1447,0
12264,1443,-2
12265,1458,-1
12266,1451,0
12267,1445,0
12268,1442,-2
12269,1426,0
12270,1425,1
12271,1436,-1
12272,1439,-2
12273,1434,1
12274,1444,-1
12275,1440,-3
12276,1435,-1
12277,1429,-1
12278,1432,1
12279,1443,1
12280,1445,-1
12281,1449,-2
12282,1457,-1
12283,1447,1
12284,1448,-1
12285,1434,1
12286,1427,-1
12287,1433,-2
12288,1431,0
12289,1424,-2
12290,1446,-1
12291,1430,-1
12292,1435,1
12293,1439,-2
12294,1438,-2
12295,1451,0
12296,1454,0
12297,1446,-1
12298,1459,-2
12299,1448,-1
12300,1434,-1
12301,1433,-2
12302,1426,0
12303,1429,1
12304,1427,1
12305,1430,-2
12306,1433,-2
12307,1445,1
12308,1441,0
12309,1442,1
12310,1445,-1
12311,1449,1
12312,1445,1
12313,1448,0
12314,1451,-2
12315,1433,-1
12316,1435,-2
12317,1424,-2
12318,1434,-1
12319,1432,-2
12320,1438,1
12321,1439,1
12322,1459,-2
12323,1450,0
12324,1444,0
12325,1440,-2
12326,1439,-1
12327,1444,-2
12328,1445,1
12329,1433,-2
12330,1444,1
12331,1429,-1
12332,1430,-1
12333,1424,1
12334,1428,-1
12335,1436,-1
12336,1442,-1
12337,1449,1
12338,1456,0
12339,1446,-1
12340,1445,1
12341,1436,1
12342,1437,1
12343,1444,-2
12344,1434,-1
12345,1441,-1
12346,1451,0
12347,1446,-2
12348,1438,1
12349,1437,-1
12350,1442,-1
12351,1436,1
12352,1439,-1
12353,1449,-2
12354,1452,0
12355,1446,-2
12356,1441,-1
12357,1449,0
12358,1446,-1
12359,1445,1
12360,1443,0
12361,1438,0
12362,1450,1
12363,1434,-1
12364,1427,-1
12365,1430,-1
12366,1428,-1
12367,1437,-1
12368,1438,1
12369,1438,1
12370,1455,-1
12371,1451,-2
12372,1451,0
12373,1441,0
12374,1439,-2
12375,1436,-2
12376,1433,2
12377,1430,0
12378,1436,0
12379,1429,0
12380,1429,0
12381,1437,-1
12382,1436,-1
12383,1440,-1
12384,1447,1
12385,1456,1
12386,1473,-2
12387,1453,-3
12388,1455,1
12389,1431,1
12390,1431,0
12391,1430,-2
12392,1417,-2
12393,1423,0
12394,1433,0
12395,1427,-1
12396,1442,-2
12397,1445,-1
12398,1451,1
12399,1469,-2
12400,1461,0
12401,1457,-2
12402,1448,-2
12403,1440,-1
12404,1442,0
12405,1420,1
12406,1417,0
12407,1424,-2
12408,1429,1
12409,1441,-1
12410,1457,-1
12411,1448,1
12412,1453,-2
12413,1454,-2
12414,1453,-2
12415,1460,0
12416,1454,-1
12417,1439,-2
12418,1447,-1
12419,1430,-2
12420,1425,-1
12421,1418,-1
12422,1427,-2
12423,1441,0
12424,1448,1
12425,1448,-2
12426,1462,-1
12427,1457,1
12428,1454,-2
12429,1445,1
12430,1450,0
12431,1448,1
12432,1437,-1
12433,1429,1
12434,1443,0
12435,1433,1
12436,1429,-1
12437,1429,-1
12438,1439,1
12439,1445,1
12440,1451,1
12441,1457,1
12442,1471,-2
12443,1464,-1
12444,1457,1
12445,1433,-3
12446,1433,-1
12447,1445,-1
12448,1430,0
12449,1437,-1
12450,1449,-1
12451,1434,1
12452,1434,-2
12453,1430,-2
12454,1441,-1
12455,1451,-2
12456,1449,-1
12457,1458,-1
12458,1465,-1
12459,1453,1
12460,1449,1
12461,1439,-1
12462,1439,0
12463,1438,0
12464,1427,1
12465,1435,1
12466,1428,1
12467,1426,1
12468,1434,-2
12469,1437,0
12470,1453,-2
12471,1465,1
12472,1466,-2
12473,1460,-1
12474,1464,0
12475,1445,1
12476,1440,-2
12477,1434,-2
12478,1422,-1
12479,1427,-1
12480,1419,1
12481,1429,1
12482,1451,0
12483,1449,-1
12484,1448,1
12485,1451,1
12486,1460,0
12487,1465,0
12488,1457,1
12489,1450,0
12490,1453,1
12491,1429,-2
12492,1419,-1
12493,1425,0
12494,1424,0
12495,1423,-1
12496,1440,0
12497,1446,1
12498,1460,-2
12499,1462,0
12500,1465,1
12501,1455,-4
12502,1447,1
12503,1451,-2
12504,1439,-2
12505,1432,0
12506,1432,-1
12507,1417,-2
12508,1427,0
12509,1422,0
12510,1434,1
12511,1445,-1
12512,1447,1
12513,1456,0
12514,1472,0
12515,1455,0
12516,1457,1
12517,1439,-1
12518,1434,0
12519,1433,-2
12520,1430,-1
12521,1422,-2
12522,1433,0
12523,1442,-2
12524,1436,0
12525,1432,-3
12526,1441,-1
12527,1450,-2
12528,1460,1
12529,1455,-1
12530,1461,-1
12531,1453,-2
12532,1445,0
12533,1443,0
12534,1436,-1
12535,1434,-1
12536,1436,0
12537,1434,-1
12538,1449,1
12539,1439,0
12540,1439,-1
12541,1443,1
12542,1448,-2
12543,1451,1
12544,1450,0
12545,1443,-2
12546,1455,-2
12547,1447,0
12548,1440,0
12549,1442,0
12550,1430,-2
12551,1439,0
12552,1444,1
12553,1434,-2
12554,1446,-1
12555,1438,-2
12556,1443,-1
12557,1440,-3
12558,1448,-2
12559,1454,-1
12560,1457,0
12561,1455,-1
12562,1467,1
12563,1448,1
12564,1432,-2
12565,1429,0
12566,1430,-2
12567,1437,-2
12568,1430,-2
12569,1428,-2
12570,1463,-2
12571,1441,1
12572,1448,-1
12573,1448,-1
12574,1457,-2
12575,1454,-1
12576,1451,0
12577,1445,0
12578,1445,-1
12579,1437,0
12580,1439,-1
12581,1418,-2
12582,1427,0
12583,1435,0
12584,1433,-2
12585,1443,-2
12586,1457,1
12587,1458,-5
12588,1454,-2
12589,1453,-2
12590,1454,1
12591,1457,0
12592,1438,-2
12593,1428,-2
12594,1445,0
12595,1435,1
12596,1431,-1
12597,1421,-3
12598,1431,-2
12599,1439,0
12600,1456,-1
12601,1449,-2
12602,1463,-1
12603,1460,-1
12604,1455,1
12605,1444,0
12606,1436,-2
12607,1439,-3
12608,1433,-2
12609,1433,-2
12610,1440,-1
12611,1441,0
12612,1439,-2
12613,1433,-2
12614,1440,1
12615,1448,1
12616,1460,0
12617,1447,-1
12618,1458,-2
12619,1452,0
12620,1460,-1
12621,1438,-2
12622,1436,1
12623,1433,-2
12624,1438,0
12625,1435,1
12626,1454,-2
12627,1434,-2
12628,1439,-1
12629,1439,0
12630,1439,2
12631,1455,-1
12632,1456,-1
12633,1450,1
12634,1467,1
12635,1457,-2
12636,1444,-1
12637,1437,1
12638,1438,-2
12639,1436,1
12640,1442,-1
12641,1430,0
12642,1444,3
12643,1445,0
12644,1431,-1
12645,1438,-2
12646,1448,-1
12647,1458,1
12648,1454,-2
12649,1457,1
12650,1462,4
12651,1454,1
12652,1445,-1
12653,1430,-2
12654,1426,-2
12655,1429,0
12656,1427,0
12657,1432,-1
12658,1444,0
12659,1448,-1
12660,1454,1
12661,1448,-1
12662,1462,1
12663,1461,0
12664,1463,1
12665,1448,-1
12666,1448,-2
12667,1440,-1
12668,1424,-1
12669,1427,-1
12670,1424,1
12671,1430,-1
12672,1442,0
12673,1436,-1
12674,1462,-2
12675,1466,1
12676,1469,1
12677,1458,-1
12678,1458,1
12679,1453,0
12680,1435,-1
12681,1447,1
12682,1437,-1
12683,1428,0
12684,1423,-1
12685,1427,1
12686,1443,0
12687,1451,-3
12688,1457,1
12689,1462,-1
12690,1477,-2
12691,1466,1
12692,1456,-2
12693,1437,1
12694,1450,-2
12695,1445,0
12696,1437,0
12697,1427,1
12698,1444,0
12699,1444,-2
12700,1438,0
12701,1442,-2
12702,1452,-1
12703,1463,1
12704,1454,-1
12705,1454,0
12706,1455,-1
12707,1461,0
12708,1451,1
12709,1436,-1
12710,1431,-2
12711,1446,-1
12712,1439,0
12713,1438,-1
12714,1450,-1
12715,1448,0
12716,1445,-1
12717,1445,-2
12718,1448,-2
12719,1459,-1
12720,1451,-2
12721,1448,0
12722,1460,-1
12723,1448,0
12724,1446,0
12725,1436,-1
12726,1431,-1
12727,1439,-1
12728,1446,1
12729,1436,-2
12730,1456,1
12731,1453,-2
12732,1457,-1
12733,1447,-1
12734,1457,2
12735,1461,0
12736,1466,0
12737,1451,-2
12738,1455,0
12739,1460,1
12740,1447,-2
12741,1442,1
12742,1442,-2
12743,1432,-2
12744,1442,1
12745,1436,1
12746,1454,1
12747,1456,-1
12748,1457,1
12749,1450,1
12750,1459,-2
12751,1462,-2
12752,1460,0
12753,1451,1
12754,1459,0
12755,1444,-2
12756,1436,0
12757,1429,1
12758,1430,0
12759,1442,1
12760,1444,0
12761,1451,1
12762,1465,0
12763,1467,-2
12764,1460,1
12765,1451,-2
12766,1457,-1
12767,1454,-3
12768,1450,1
12769,1439,-1
12770,1453,1
12771,1441,0
12772,1438,1
12773,1439,-2
12774,1437,-1
12775,1445,-5
12776,1442,-1
12777,1457,-2
12778,1467,1
12779,1463,1
12780,1462,0
12781,1451,0
12782,1448,-1
12783,1450,-1
12784,1435,-2
12785,1435,-2
12786,1456,1
12787,1438,1
12788,1443,0
12789,1436,0
12790,1450,1
12791,1464,1
12792,1469,-3
12793,1454,0
12794,1469,0
12795,1460,-1
12796,1443,1
12797,1439,-1
12798,1436,0
12799,1445,0
12800,1445,-1
12801,1445,-3
12802,1453,-2
12803,1455,1
12804,1445,-2
12805,1437,-2
12806,1448,-1
12807,1449,0
12808,1450,-1
12809,1451,-1
12810,1456,-2
12811,1454,0
12812,1460,-1
12813,1436,-1
12814,1438,-1
12815,1442,1
12816,1437,0
12817,1439,1
12818,1439,-1
12819,1452,0
12820,1449,0
12821,1454,-1
12822,1454,1
12823,1460,-2
12824,1469,-2
12825,1463,1
12826,1460,1
12827,1460,1
12828,1442,-2
12829,1439,-1
12830,1436,-2
12831,1443,-1
12832,1439,1
12833,1438,-2
12834,1445,-1
12835,1453,1
12836,1454,-2
12837,1457,-1
12838,1465,0
12839,1462,-1
12840,1462,0
12841,1457,-2
12842,1456,-2
12843,1442,-1
12844,1433,-1
12845,1424,-2
12846,1430,0
12847,1432,-2
12848,1440,1
12849,1455,-2
12850,1463,1
12851,1469,-2
12852,1471,1
12853,1444,0
12854,1464,1
12855,1460,0
12856,1433,-2
12857,1444,-2
12858,1446,0
12859,1434,-1
12860,1433,0
12861,1429,1
12862,1439,1
12863,1455,-2
12864,1463,-2
12865,1466,0
12866,1478,-1
12867,1471,-2
12868,1476,-2
12869,1451,-1
12870,1447,0
12871,1433,-2
12872,1443,1
12873,1437,1
12874,1437,-3
12875,1444,-1
12876,1443,1
12877,1449,-2
12878,1463,-1
12879,1469,0
12880,1465,-1
12881,1468,-1
12882,1469,0
12883,1463,-1
12884,1457,0
12885,1434,0
12886,1432,0
12887,1439,-2
12888,1428,0
12889,1438,-2
12890,1447,-1
12891,1458,-1
12892,1459,0
12893,1442,0
12894,1457,-1
12895,1472,-1
12896,1465,2
12897,1458,-2
12898,1465,-1
12899,1460,-1
12900,1442,-1
12901,1430,1
12902,1437,0
12903,1443,0
12904,1444,0
12905,1436,1
12906,1455,-2
12907,1454,-1
12908,1455,1
12909,1454,-1
12910,1454,-1
12911,1463,-2
12912,1460,-2
12913,1455,1
12914,1451,-2
12915,1446,-1
12916,1441,-2
12917,1433,1
12918,1439,-1
12919,1436,0
12920,1434,1
12921,1444,-2
12922,1458,-1
12923,1463,1
12924,1460,-2
12925,1462,1
12926,1463,1
12927,1462,-1
12928,1455,1
12929,1449,-2
12930,1445,-2
12931,1442,-2
12932,1439,-1
12933,1425,-2
12934,1437,0
12935,1443,-2
12936,1448,1
12937,1460,-1
12938,1466,-1
12939,1478,0
12940,1466,-3
12941,1457,1
12942,1460,-1
12943,1448,-2
12944,1439,0
12945,1428,1
12946,1442,1
12947,1443,0
12948,1430,-1
12949,1429,1
12950,1450,-2
12951,1463,-1
12952,1460,-1
12953,1469,-2
12954,1477,-2
12955,1472,0
12956,1448,0
12957,1438,1
12958,1433,-2
12959,1433,-2
12960,1432,-2
12961,1429,-1
12962,1442,-3
12963,1449,-1
12964,1445,-2
12965,1442,-2
12966,1462,-1
12967,1470,0
12968,1464,-2
12969,1463,1
12970,1457,-1
12971,1450,-1
12972,1441,0
12973,1434,-1
12974,1429,-1
12975,1442,1
12976,1444,1
12977,1450,-1
12978,1460,-2
12979,1461,1
12980,1456,-1
12981,1460,-2
12982,1454,-1
12983,1458,-1
12984,1454,-1
12985,1457,-2
12986,1448,1
12987,1455,-1
12988,1441,1
12989,1436,0
12990,1439,0
12991,1445,2
12992,1441,-1
12993,1447,1
12994,1454,-1
12995,1462,0
12996,1461,-1
12997,1445,1
12998,1445,-1
12999,1456,-1
13000,1465,1
13001,1456,-1
13002,1450,-1
13003,1454,0
13004,1442,1
13005,1431,0
13006,1441,0
13007,1434,-1
13008,1447,-2
13009,1454,1
13010,1458,-1
13011,1472,0
13012,1454,1
13013,1447,-1
13014,1459,0
13015,1466,1
13016,1463,0
13017,1454,-2
13018,1449,-1
13019,1449,0
13020,1437,1
13021,1429,-1
13022,1441,1
13023,1448,0
13024,1453,-2
13025,1460,1
13026,1470,2
13027,1479,-1
13028,1469,0
13029,1457,-2
13030,1449,0
13031,1448,1
13032,1441,1
13033,1441,-2
13034,1445,-2
13035,1448,-1
13036,1440,1
13037,1448,-1
13038,1447,0
13039,1460,0
13040,1472,0
13041,1468,-1
13042,1469,0
13043,1467,1
13044,1454,1
13045,1453,0
13046,1441,-2
13047,1448,1
13048,1438,-2
13049,1431,-1
13050,1444,-1
13051,1458,-4
13052,1457,-1
13053,1454,0
13054,1460,0
13055,1458,-2
13056,1457,-1
13057,1461,1
13058,1460,0
13059,1466,0
13060,1447,0
13061,1442,-1
13062,1431,-2
13063,1443,0
13064,1447,-2
13065,1440,-1
13066,1449,0
13067,1463,-3
13068,1451,0
13069,1460,1
13070,1451,-1
13071,1455,1
13072,1459,-1
13073,1457,-1
13074,1455,0
13075,1460,-2
13076,1442,-2
13077,1443,-1
13078,1443,-2
13079,1443,-2
13080,1445,-2
13081,1451,-2
13082,1444,-2
13083,1460,-1
13084,1455,-2
13085,1451,1
13086,1451,0
13087,1460,0
13088,1459,-1
13089,1467,-2
13090,1460,0
13091,1458,1
13092,1455,-1
13093,1452,0
13094,1439,0
13095,1448,0
13096,1445,-1
13097,1451,0
13098,1454,-2
13099,1475,0
13100,1460,0
13101,1459,-1
13102,1469,-2
13103,1451,1
13104,1457,-3
13105,1450,-2
13106,1457,-2
13107,1456,1
13108,1442,0
13109,1434,-2
13110,1438,0
13111,1447,0
13112,1445,0
13113,1452,0
13114,1465,2
13115,1479,1
13116,1465,-1
13117,1463,0
13118,1458,-2
13119,1449,-2
13120,1445,-2
13121,1442,1
13122,1443,-1
13123,1445,0
13124,1435,-1
13125,1443,-1
13126,1447,0
13127,1462,0
13128,1462,0
13129,1467,-2
13130,1475,-2
13131,1484,-1
13132,1460,-1
13133,1450,1
13134,1444,1
13135,1444,1
13136,1439,1
13137,1436,0
13138,1439,0
13139,1454,0
13140,1452,-1
13141,1457,0
13142,1468,1
13143,1468,0
13144,1464,0
13145,1466,0
13146,1463,-1
13147,1464,0
13148,1452,-2
13149,1441,0
13150,1436,-1
13151,1455,-1
13152,1436,1
13153,1448,1
13154,1445,1
13155,1454,0
13156,1465,0
13157,1451,-2
13158,1458,-2
13159,1464,-1
13160,1457,1
13161,1457,-2
13162,1455,0
13163,1455,-1
13164,1444,-4
13165,1442,0
13166,1442,1
13167,1445,-2
13168,1450,0
13169,1450,0
13170,1456,1
13171,1464,0
13172,1453,1
13173,1457,0
13174,1459,0
13175,1466,0
13176,1460,1
13177,1463,-2
13178,1457,0
13179,1458,1
13180,1435,0
13181,1436,1
13182,1437,-2
13183,1445,1
13184,1440,1
13185,1458,0
13186,1463,1
13187,1469,0
13188,1475,-1
13189,1463,-1
13190,1471,0
13191,1466,-2
13192,1457,0
13193,1452,0
13194,1444,-2
13195,1453,-1
13196,1433,-2
13197,1427,1
13198,1429,0
13199,1446,1
13200,1448,-1
13201,1465,0
13202,1475,-2
13203,1481,-1
13204,1478,0
13205,1468,-2
13206,1463,-1
13207,1447,1
13208,1438,0
13209,1437,-2
13210,1438,0
13211,1436,0
13212,1433,-2
13213,1442,-1
13214,1460,-2
13215,1469,0
13216,1480,1
13217,1481,0
13218,1481,0
13219,1480,0
13220,1474,-2
13221,1443,1
13222,1436,0
13223,1431,-2
13224,1430,2
13225,1439,-1
13226,1440,0
13227,1455,0
13228,1454,0
13229,1463,1
13230,1469,1
13231,1476,1
13232,1475,-1
13233,1474,-2
13234,1472,-2
13235,1457,1
13236,1446,0
13237,1433,-2
13238,1439,-3
13239,1438,1
13240,1442,-2
13241,1454,-2
13242,1452,-2
13243,1473,-2
13244,1476,-1
13245,1466,0
13246,1474,1
13247,1469,-2
13248,1466,-1
13249,1457,-2
13250,1448,-2
13251,1454,1
13252,1443,1
13253,1433,-1
13254,1439,-2
13255,1448,1
13256,1455,-2
13257,1458,-1
13258,1462,0
13259,1472,-2
13260,1472,0
13261,1463,1
13262,1460,-1
13263,1461,-1
13264,1459,0
13265,1442,1
13266,1449,-1
13267,1459,-1
13268,1436,-1
13269,1448,2
13270,1448,-3
13271,1448,-2
13272,1462,-1
13273,1460,-1
13274,1462,-2
13275,1481,1
13276,1472,0
13277,1463,-2
13278,1466,-1
13279,1459,1
13280,1445,-1
13281,1442,-1
13282,1439,-2
13283,1439,0
13284,1440,-1
13285,1439,4
13286,1451,-2
13287,1459,0
13288,1462,0
13289,1467,-1
13290,1476,1
13291,1478,0
13292,1472,-1
13293,1463,0
13294,1463,-2
13295,1451,-2
13296,1440,0
13297,1431,1
13298,1448,1
13299,1447,0
13300,1452,1
13301,1450,-1
13302,1466,2
13303,1478,-1
13304,1478,0
13305,1478,-1
13306,1473,-1
13307,1475,-1
13308,1469,1
13309,1444,0
13310,1436,-1
13311,1450,0
13312,1442,-2
13313,1439,0
13314,1448,-2
13315,1458,1
13316,1462,1
13317,1472,0
13318,1477,-2
13319,1484,0
13320,1472,-2
13321,1475,1
13322,1468,1
13323,1460,-2
13324,1454,0
13325,1428,-4
13326,1438,-1
13327,1452,0
13328,1454,1
13329,1452,0
13330,1470,0
13331,1477,-2
13332,1474,-2
13333,1469,2
13334,1468,-1
13335,1463,1
13336,1463,-2
13337,1451,-1
13338,1449,-2
13339,1459,-1
13340,1462,2
13341,1452,-1
13342,1448,1
13343,1460,0
13344,1465,0
13345,1474,-2
13346,1467,-1
13347,1478,-2
13348,1469,-2
13349,1457,1
13350,1457,-1
13351,1469,0
13352,1454,-1
13353,1456,0
13354,1458,1
13355,1462,-1
13356,1460,1
13357,1459,-1
13358,1448,-1
13359,1464,-1
13360,1467,-1
13361,1455,0
13362,1465,-2
13363,1466,0
13364,1466,-2
13365,1464,-1
13366,1467,0
13367,1471,-2
13368,1463,1
13369,1450,-1
13370,1451,0
13371,1457,-1
13372,1455,-1
13373,1437,-2
13374,1458,-1
13375,1461,-1
13376,1460,0
13377,1466,-1
13378,1472,-1
13379,1477,-2
13380,1483,-1
13381,1464,1
13382,1461,-3
13383,1459,-1
13384,1454,1
13385,1450,-3
13386,1443,-1
13387,1441,-1
13388,1446,0
13389,1447,-2
13390,1447,0
13391,1464,1
13392,1470,1
13393,1471,0
13394,1464,-1
13395,1473,0
13396,1469,-1
13397,1451,0
13398,1450,-1
13399,1442,0
13400,1436,-2
13401,1436,0
13402,1450,-1
13403,1469,1
13404,1461,0
13405,1464,-1
13406,1464,1
13407,1475,-1
13408,1478,-3
13409,1472,0
13410,1468,-2
13411,1470,0
13412,1444,-2
13413,1432,-1
13414,1446,-1
13415,1439,-1
13416,1448,1
13417,1454,0
13418,1464,-1
13419,1470,-2
13420,1473,1
13421,1459,-2
13422,1464,-1
13423,1468,-1
13424,1466,-1
13425,1463,1
13426,1456,0
13427,1452,-2
13428,1451,-1
13429,1442,0
13430,1448,0
13431,1451,-1
13432,1454,-1
13433,1460,-2
13434,1469,0
13435,1476,-2
13436,1467,0
13437,1464,-1
13438,1460,1
13439,1460,0
13440,1463,0
13441,1454,-1
13442,1458,1
13443,1466,1
13444,1453,0
13445,1441,-1
13446,1442,2
13447,1449,-1
13448,1458,1
13449,1456,-1
13450,1460,-1
13451,1466,0
13452,1474,1
13453,1463,-2
13454,1468,1
13455,1477,-2
13456,1458,-1
13457,1447,1
13458,1452,-1
13459,1448,-1
13460,1448,0
13461,1434,-2
13462,1445,-2
13463,1458,-1
13464,1463,-2
13465,1472,1
13466,1472,-2
13467,1491,1
13468,1484,0
13469,1466,1
13470,1446,-1
13471,1452,0
13472,1445,1
13473,1448,-2
13474,1446,1
13475,1451,1
13476,1454,2
13477,1444,-2
13478,1457,-2
13479,1475,1
13480,1478,1
13481,1483,0
13482,1481,-1
13483,1473,2
13484,1468,-2
13485,1445,-1
13486,1442,1
13487,1445,0
13488,1438,-1
13489,1439,-1
13490,1445,1
13491,1457,0
13492,1461,-2
13493,1467,-2
13494,1472,0
13495,1479,-2
13496,1492,-2
13497,1464,0
13498,1463,0
13499,1465,-1
13500,1442,1
13501,1442,-2
13502,1436,-1
13503,1440,1
13504,1450,1
13505,1456,-2
13506,1462,0
13507,1481,0
13508,1466,0
13509,1470,-3
13510,1472,1
13511,1469,0
13512,1466,1
13513,1457,1
13514,1445,1
13515,1455,0
13516,1451,0
13517,1437,-1
13518,1450,-1
13519,1458,1
13520,1459,-2
13521,1469,-1
13522,1479,-2
13523,1482,1
13524,1479,1
13525,1456,-2
13526,1462,-3
13527,1468,0
13528,1462,0
13529,1451,-1
13530,1454,-2
13531,1459,1
13532,1457,-1
13533,1446,-2
13534,1451,-2
13535,1457,-1
13536,1465,-2
13537,1469,-1
13538,1475,-1
13539,1477,0
13540,1466,1
13541,1467,0
13542,1463,-2
13543,1457,-2
13544,1460,-1
13545,1451,-1
13546,1451,0
13547,1460,1
13548,1451,0
13549,1436,1
13550,1458,1
13551,1468,1
13552,1470,-1
13553,1476,0
13554,1472,0
13555,1495,-2
13556,1478,0
13557,1457,-2
13558,1449,0
13559,1454,1
13560,1448,0
13561,1437,-2
13562,1450,-1
13563,1444,-1
13564,1452,0
13565,1451,1
13566,1459,1
13567,1481,-1
13568,1481,-1
13569,1479,-1
13570,1482,-1
13571,1487,0
13572,1457,0
13573,1443,0
13574,1432,0
13575,1437,0
13576,1443,1
13577,1451,1
13578,1450,0
13579,1468,0
13580,1471,-1
13581,1468,-1
13582,1478,-2
13583,1481,-1
13584,1469,-2
13585,1476,-1
13586,1468,-1
13587,1463,1
13588,1454,-1
13589,1434,0
13590,1444,-1
13591,1453,1
13592,1449,-2
13593,1469,-1
13594,1474,0
13595,1479,0
13596,1482,-1
13597,1475,-1
13598,1473,1
13599,1469,0
13600,1469,-2
13601,1448,0
13602,1449,1
13603,1445,-2
13604,1452,-2
13605,1437,-1
13606,1453,-1
13607,1459,-2
13608,1465,0
13609,1477,1
13610,1483,-2
13611,1484,-1
13612,1482,0
13613,1458,1
13614,1468,-2
13615,1463,-2
13616,1454,-2
13617,1449,-2
13618,1460,1
13619,1465,-2
13620,1457,0
13621,1443,-2
13622,1452,0
13623,1466,2
13624,1466,0
13625,1467,0
13626,1462,-2
13627,1469,0
13628,1472,0
13629,1472,-1
13630,1457,0
13631,1456,-2
13632,1469,-2
13633,1453,1
13634,1452,1
13635,1460,1
13636,1457,-2
13637,1458,-1
13638,1459,-2
13639,1461,1
13640,1475,-2
13641,1469,0
13642,1481,1
13643,1485,-1
13644,1479,0
13645,1454,-1
13646,1466,-1
13647,1460,0
13648,1454,-1
13649,1453,-2
13650,1446,-2
13651,1468,-2
13652,1462,1
13653,1459,-2
13654,1465,-2
13655,1478,1
13656,1472,-1
13657,1477,-2
13658,1484,0
13659,1475,1
13660,1465,0
13661,1454,-2
13662,1453,0
13663,1442,1
13664,1440,-2
13665,1454,-1
13666,1464,-2
13667,1473,0
13668,1480,1
13669,1478,1
13670,1485,1
13671,1482,-2
13672,1482,1
13673,1471,-1
13674,1470,-1
13675,1459,1
13676,1451,1
13677,1442,0
13678,1439,-2
13679,1451,-2
13680,1449,-1
13681,1465,0
13682,1472,-1
13683,1490,-1
13684,1487,0
13685,1478,1
13686,1475,-2
13687,1469,-1
13688,1472,1
13689,1457,-2
13690,1451,-2
13691,1463,1
13692,1459,-2
13693,1451,-2
13694,1457,1
13695,1463,3
13696,1483,0
13697,1480,1
13698,1483,-1
13699,1490,4
13700,1473,-1
13701,1471,-2
13702,1473,0
13703,1463,-2
13704,1466,1
13705,1459,1
13706,1457,-1
13707,1470,-1
13708,1457,-3
13709,1455,-1
13710,1466,-1
13711,1465,-1
13712,1469,0
13713,1472,-1
13714,1484,-4
13715,1482,1
13716,1474,-1
13717,1468,0
13718,1466,0
13719,1460,-1
13720,1469,-1
13721,1463,-1
13722,1461,1
13723,1463,-2
13724,1460,-2
13725,1454,-2
13726,1456,-1
13727,1476,-1
13728,1485,-1
13729,1474,-1
13730,1485,1
13731,1496,0
13732,1475,0
13733,1466,-2
13734,1458,1
13735,1465,1
13736,1455,1
13737,1449,-1
13738,1448,1
13739,1471,-2
13740,1457,0
13741,1453,0
13742,1472,-1
13743,1475,0
13744,1494,1
13745,1479,-2
13746,1482,-1
13747,1483,-1
13748,1469,-2
13749,1452,1
13750,1445,-2
13751,1439,1
13752,1457,-1
13753,1461,-1
13754,1468,1
13755,1476,1
13756,1492,0
13757,1486,0
13758,1484,2
13759,1492,-2
13760,1481,-1
13761,1475,0
13762,1463,0
13763,1457,-1
13764,1450,-1
13765,1446,1
13766,1449,0
13767,1467,1
13768,1463,0
13769,1476,-2
13770,1477,0
13771,1487,1
13772,1486,0
13773,1481,-1
13774,1487,2
13775,1466,-1
13776,1469,-1
13777,1462,-2
13778,1451,-1
13779,1461,-2
13780,1463,0
13781,1447,1
13782,1456,1
13783,1464,-2
13784,1487,1
13785,1489,0
13786,1487,-2
13787,1487,0
13788,1484,-1
13789,1465,-1
13790,1464,-3
13791,1461,-1
13792,1455,1
13793,1452,0
13794,1457,-3
13795,1469,0
13796,1466,0
13797,1468,-2
13798,1462,1
13799,1478,-1
13800,1483,1
13801,1472,1
13802,1475,-2
13803,1482,1
13804,1470,-2
13805,1471,-2
13806,1460,-1
13807,1467,-2
13808,1464,-1
13809,1471,-1
13810,1456,-1
13811,1475,-2
13812,1474,1
13813,1469,0
13814,1466,0
13815,1471,1
13816,1471,1
13817,1478,0
13818,1482,-2
13819,1488,1
13820,1478,0
13821,1465,1
13822,1460,-1
13823,1466,-2
13824,1459,0
13825,1451,0
13826,1457,-2
13827,1463,-1
13828,1469,-2
13829,1461,-2
13830,1472,0
13831,1471,-1
13832,1483,0
13833,1486,-1
13834,1489,-1
13835,1486,-2
13836,1457,-2
13837,1462,-1
13838,1454,-1
13839,1451,-3
13840,1451,-1
13841,1454,1
13842,1466,-1
13843,1477,1
13844,1476,-1
13845,1476,0
13846,1478,-2
13847,1484,0
13848,1478,1
13849,1480,-2
13850,1461,-2
13851,1464,1
13852,1458,0
13853,1446,0
13854,1451,0
13855,1462,1
13856,1464,0
13857,1468,0
13858,1479,-1
13859,1495,-2
13860,1485,1
13861,1481,0
13862,1470,-1
13863,1478,0
13864,1469,-1
13865,1461,-2
13866,1460,1
13867,1469,0
13868,1462,1
13869,1464,-2
13870,1458,-1
13871,1458,1
13872,1475,-1
13873,1482,-2
13874,1480,0
13875,1488,0
13876,1485,1
13877,1475,-2
13878,1469,-1
13879,1458,0
13880,1454,-2
13881,1463,-1
13882,1461,0
13883,1464,-1
13884,1459,-1
13885,1471,1
13886,1461,0
13887,1475,-2
13888,1471,-3
13889,1464,1
13890,1475,-1
13891,1481,1
13892,1483,-1
13893,1476,-1
13894,1473,1
13895,1473,-2
13896,1467,-3
13897,1465,-1
13898,1464,-2
13899,1471,-2
13900,1461,0
13901,1457,0
13902,1464,0
13903,1472,-2
13904,1479,1
13905,1475,0
13906,1484,0
13907,1496,0
13908,1481,2
13909,1471,-2
13910,1458,-1
13911,1455,-1
13912,1457,2
13913,1451,1
13914,1440,0
13915,1469,0
13916,1472,-2
13917,1469,-1
13918,1467,1
13919,1476,-1
13920,1484,-1
13921,1492,0
13922,1489,0
13923,1481,0
13924,1474,1
13925,1460,-1
13926,1442,1
13927,1445,0
13928,1444,0
13929,1451,-2
13930,1462,-2
13931,1483,1
13932,1485,1
13933,1489,0
13934,1482,0
13935,1482,0
13936,1486,0
13937,1471,-1
13938,1460,-2
13939,1461,-1
13940,1439,-2
13941,1447,-1
13942,1439,1
13943,1441,-2
13944,1460,1
13945,1478,-2
13946,1476,-1
13947,1493,-3
13948,1493,1
13949,1495,-2
13950,1486,1
13951,1469,1
13952,1451,-2
13953,1454,0
13954,1448,-2
13955,1453,-1
13956,1446,-1
13957,1449,-2
13958,1460,0
13959,1459,0
13960,1480,0
13961,1481,0
13962,1490,1
13963,1495,3
13964,1492,1
13965,1472,1
13966,1461,-2
13967,1454,-2
13968,1453,-1
13969,1449,-2
13970,1445,0
13971,1463,1
13972,1459,0
13973,1463,0
13974,1470,0
13975,1480,0
13976,1478,1
13977,1493,1
13978,1484,0
13979,1501,-2
13980,1478,0
13981,1463,-1
13982,1457,0
13983,1448,-1
13984,1454,1
13985,1454,0
13986,1460,-1
13987,1465,0
13988,1472,0
13989,1472,-1
13990,1471,0
13991,1487,0
13992,1487,-1
13993,1490,1
13994,1480,0
13995,1487,1
13996,1466,0
13997,1460,1
13998,1445,0
13999,1448,-1
14000,1453,-2
14001,1457,-2
14002,1453,0
14003,1483,1
14004,1481,-1
14005,1489,-1
14006,1484,0
14007,1489,1
14008,1486,1
14009,1480,1
14010,1474,-2
14011,1477,1
14012,1464,-2
14013,1451,-2
14014,1451,1
14015,1449,-1
14016,1457,1
14017,1468,-1
14018,1473,-2
14019,1505,-2
14020,1489,-2
14021,1497,-1
14022,1482,-2
14023,1486,-1
14024,1473,-2
14025,1466,-1
14026,1446,0
14027,1466,0
14028,1452,-1
14029,1450,-1
14030,1453,1
14031,1452,0
14032,1479,0
14033,1484,1
14034,1491,-2
14035,1500,-2
14036,1492,1
14037,1480,-1
14038,1466,-2
14039,1459,0
14040,1460,-1
14041,1458,0
14042,1453,2
14043,1467,2
14044,1466,0
14045,1476,-2
14046,1475,-1
14047,1488,2
14048,1490,2
14049,1490,-2
14050,1486,1
14051,1489,-1
14052,1487,-1
14053,1461,-2
14054,1458,0
14055,1461,1
14056,1457,-2
14057,1464,0
14058,1466,2
14059,1482,0
14060,1485,-1
14061,1481,-2
14062,1477,0
14063,1477,-1
14064,1477,0
14065,1477,0
14066,1469,-1
14067,1483,-1
14068,1460,0
14069,1471,-2
14070,1463,0
14071,1454,-2
14072,1472,-1
14073,1475,-2
14074,1472,1
14075,1484,-2
14076,1483,-1
14077,1475,0
14078,1469,0
14079,1466,-3
14080,1469,0
14081,1472,0
14082,1472,-1
14083,1481,-2
14084,1473,0
14085,1474,-1
14086,1454,-2
14087,1469,-2
14088,1474,-2
14089,1467,-2
14090,1463,-1
14091,1476,0
14092,1480,1
14093,1472,-1
14094,1471,0
14095,1467,0
14096,1478,0
14097,1483,-1
14098,1485,0
14099,1484,-1
14100,1472,0
14101,1469,-1
14102,1458,-2
14103,1453,-1
14104,1454,1
14105,1465,-1
14106,1466,-2
14107,1484,-2
14108,1471,1
14109,1480,0
14110,1485,0
14111,1483,1
14112,1483,-2
14113,1478,-2
14114,1461,0
14115,1471,2
14116,1460,-1
14117,1451,0
14118,1456,1
14119,1458,-1
14120,1471,-2
14121,1475,-1
14122,1475,0
14123,1492,1
14124,1488,0
14125,1489,0
14126,1482,-1
14127,1472,-2
14128,1471,1
14129,1466,-1
14130,1458,1
14131,1475,1
14132,1459,-1
14133,1468,0
14134,1469,-2
14135,1471,0
14136,1469,0
14137,1470,0
14138,1483,0
14139,1490,-2
14140,1473,-2
14141,1472,1
14142,1482,-2
14143,1463,-2
14144,1469,1
14145,1461,-2
14146,1460,0
14147,1472,-2
14148,1469,1
14149,1468,0
14150,1469,-2
14151,1474,1
14152,1476,-1
14153,1484,-2
14154,1489,-2
14155,1498,-2
14156,1487,1
14157,1479,-1
14158,1465,1
14159,1460,0
14160,1461,-1
14161,1463,2
14162,1457,-2
14163,1469,0
14164,1460,0
14165,1468,0
14166,1464,-1
14167,1466,-2
14168,1484,-4
14169,1483,1
14170,1487,2
14171,1490,0
14172,1477,-2
14173,1465,-2
14174,1461,1
14175,1463,-2
14176,1453,-2
14177,1451,2
14178,1454,-2
14179,1477,0
14180,1469,0
14181,1479,-2
14182,1475,-1
14183,1485,-2
14184,1492,1
14185,1495,1
14186,1481,1
14187,1481,-2
14188,1466,-1
14189,1454,-1
14190,1444,0
14191,1439,-2
14192,1451,0
14193,1462,-2
14194,1470,-2
14195,1495,-2
14196,1498,-2
14197,1497,1
14198,1489,-1
14199,1494,1
14200,1489,2
14201,1479,-1
14202,1461,1
14203,1458,-1
14204,1443,-1
14205,1442,-1
14206,1447,-2
14207,1454,-2
14208,1477,-2
14209,1489,-2
14210,1487,-2
14211,1509,-1
14212,1505,1
14213,1504,0
14214,1485,1
14215,1471,-1
14216,1458,-1
14217,1456,0
14218,1448,-1
14219,1462,-1
14220,1460,0
14221,1458,-1
14222,1466,-1
14223,1475,1
14224,1502,1
14225,1489,0
14226,1503,0
14227,1498,-2
14228,1491,-1
14229,1474,-1
14230,1457,0
14231,1455,-2
14232,1452,0
14233,1444,-1
14234,1453,-1
14235,1472,-1
14236,1472,-2
14237,1482,1
14238,1484,0
14239,1490,-1
14240,1491,1
14241,1489,0
14242,1481,-2
14243,1492,0
14244,1464,1
14245,1452,1
14246,1450,1
14247,1458,0
14248,1457,1
14249,1462,-1
14250,1470,-2
14251,1485,-3
14252,1478,1
14253,1490,-1
14254,1478,0
14255,1482,-1
14256,1486,1
14257,1475,0
14258,1481,-1
14259,1481,-1
14260,1469,0
14261,1457,-1
14262,1448,0
14263,1467,0
14264,1460,0
14265,1468,-3
14266,1470,1
14267,1488,0
14268,1485,-3
14269,1491,-2
14270,1478,-1
14271,1486,-1
14272,1487,-1
14273,1480,-1
14274,1466,0
14275,1475,0
14276,1472,-1
14277,1451,-1
14278,1451,1
14279,1462,0
14280,1477,-2
14281,1479,-2
14282,1486,-2
14283,1500,-1
14284,1501,-4
14285,1498,1
14286,1495,-1
14287,1481,1
14288,1472,-1
14289,1473,-2
14290,1461,1
14291,1470,-1
14292,1459,-1
14293,1459,1
14294,1458,-2
14295,1472,1
14296,1484,-2
14297,1492,-2
14298,1492,-1
14299,1504,-2
14300,1492,-1
14301,1486,-1
14302,1478,-2
14303,1459,-1
14304,1458,0
14305,1457,0
14306,1466,-2
14307,1471,0
14308,1468,1
14309,1477,1
14310,1479,-2
14311,1492,-1
14312,1491,1
14313,1488,-1
14314,1496,1
14315,1492,0
14316,1478,-2
14317,1468,-2
14318,1456,0
14319,1466,-1
14320,1465,1
14321,1471,-2
14322,1472,-1
14323,1484,1
14324,1481,-1
14325,1488,-2
14326,1488,-1
14327,1480,-2
14328,1484,-2
14329,1475,-2
14330,1467,0
14331,1484,-1
14332,1468,-2
14333,1472,-1
14334,1461,-1
14335,1460,1
14336,1469,-2
14337,1474,0
14338,1470,0
14339,1487,-1
14340,1487,1
14341,1484,0
14342,1474,-1
14343,1469,1
14344,1478,-2
14345,1481,1
14346,1472,-2
14347,1485,0
14348,1477,-1
14349,1470,-3
14350,1466,-1
14351,1473,1
14352,1475,1
14353,1470,-2
14354,1474,-2
14355,1478,0
14356,1484,-1
14357,1479,-2
14358,1471,-1
14359,1480,-1
14360,1491,-1
14361,1488,-1
14362,1474,-1
14363,1484,-1
14364,1482,0
14365,1466,-2
14366,1452,-1
14367,1457,-2
14368,1458,-2
14369,1472,-1
14370,1472,-2
14371,1487,-1
14372,1490,1
14373,1489,-1
14374,1480,1
14375,1485,1
14376,1484,0
14377,1475,-1
14378,1455,-2
14379,1475,-2
14380,1459,-1
14381,1452,-1
14382,1448,-1
14383,1466,0
14384,1480,-1
14385,1487,-2
14386,1488,0
14387,1501,-2
14388,1497,-2
14389,1489,0
14390,1481,-2
14391,1468,1
14392,1472,0
14393,1469,-1
14394,1459,1
14395,1465,-1
14396,1475,1
14397,1470,1
14398,1470,0
14399,1476,-1
14400,1494,1
14401,1487,-2
14402,1506,-1
14403,1499,-2
14404,1497,0
14405,1482,1
14406,1464,1
14407,1460,0
14408,1469,0
14409,1465,-1
14410,1464,1
14411,1474,-2
14412,1497,-1
14413,1481,-2
14414,1481,1
14415,1492,-1
14416,1492,0
14417,1480,0
14418,1489,-1
14419,1484,-2
14420,1487,-1
14421,1467,-2
14422,1462,-2
14423,1461,1
14424,1469,0
14425,1462,-2
14426,1474,1
14427,1478,-2
14428,1495,-2
14429,1476,1
14430,1474,-2
14431,1484,-2
14432,1492,0
14433,1478,1
14434,1478,-1
14435,1481,2
14436,1484,1
14437,1469,1
14438,1465,0
14439,1468,-2
14440,1460,-1
14441,1465,-2
14442,1481,1
14443,1480,0
14444,1490,1
14445,1487,-1
14446,1483,-2
14447,1485,0
14448,1487,-1
14449,1476,1
14450,1478,-1
14451,1478,-1
14452,1472,-2
14453,1463,-2
14454,1457,0
14455,1449,0
14456,1466,-2
14457,1478,0
14458,1480,2
14459,1482,-1
14460,1504,-2
14461,1501,-2
14462,1490,-1
14463,1484,-1
14464,1481,-1
14465,1472,1
14466,1466,-2
14467,1454,1
14468,1462,-2
14469,1452,-2
14470,1451,-1
14471,1469,1
14472,1486,-2
14473,1487,0
14474,1497,-2
14475,1495,0
14476,1504,-1
14477,1489,-1
14478,1474,-2
14479,1470,-2
14480,1456,0
14481,1454,1
14482,1459,0
14483,1462,-2
14484,1468,1
14485,1475,-1
14486,1475,1
14487,1500,-2
14488,1501,1
14489,1498,-2
14490,1499,1
14491,1487,0
14492,1495,-1
14493,1471,-2
14494,1460,1
14495,1461,-1
14496,1454,-1
14497,1460,0
14498,1471,-1
14499,1472,1
14500,1504,-2
14501,1497,-2
14502,1485,1
14503,1484,-1
14504,1488,0
14505,1487,0
14506,1480,-2
14507,1481,1
14508,1479,-2
14509,1461,-1
14510,1463,-1
14511,1468,1
14512,1473,0
14513,1479,-3
14514,1479,0
14515,1493,-2
14516,1512,0
14517,1491,-2
14518,1479,-2
14519,1484,-1
14520,1484,0
14521,1475,-2
14522,1476,-3
14523,1466,-2
14524,1481,1
14525,1473,1
14526,1467,-2
14527,1468,-2
14528,1479,0
14529,1481,0
14530,1490,1
14531,1492,-2
14532,1502,-2
14533,1481,-1
14534,1475,1
14535,1485,1
14536,1493,1
14537,1480,-2
14538,1471,-2
14539,1477,-1
14540,1484,-2
14541,1471,1
14542,1469,0
14543,1472,1
14544,1475,-1
14545,1487,1
14546,1489,-1
14547,1490,0
14548,1490,0
14549,1488,1
14550,1484,0
14551,1472,1
14552,1480,-2
14553,1466,-1
14554,1471,1
14555,1465,2
14556,1474,-1
14557,1459,1
14558,1473,-2
14559,1474,1
14560,1481,0
14561,1485,-2
14562,1493,-3
14563,1498,1
14564,1504,-1
14565,1489,-2
14566,1476,0
14567,1478,-1
14568,1471,-1
14569,1472,0
14570,1467,0
14571,1466,0
14572,1480,0
14573,1470,-1
14574,1487,-1
14575,1485,0
14576,1492,0
14577,1495,-1
14578,1487,-1
14579,1491,-2
14580,1495,-1
14581,1470,0
14582,1458,-2
14583,1458,0
14584,1465,-2
14585,1466,1
14586,1472,-1
14587,1481,1
14588,1486,-2
14589,1484,1
14590,1484,-1
14591,1487,1
14592,1491,0
14593,1481,1
14594,1475,-1
14595,1475,1
14596,1472,-1
14597,1469,1
14598,1460,-2
14599,1466,-2
14600,1470,-2
14601,1474,-2
14602,1478,-1
14603,1485,-2
14604,1495,-1
14605,1484,-2
14606,1474,0
14607,1477,-1
14608,1492,-2
14609,1478,0
14610,1482,-1
14611,1473,-1
14612,1480,-1
14613,1478,-2
14614,1471,1
14615,1467,1
14616,1473,1
14617,1472,-1
14618,1476,0
14619,1481,-2
14620,1495,-2
14621,1487,2
14622,1487,-2
14623,1486,-3
14624,1487,-3
14625,1476,0
14626,1472,-1
14627,1476,1
14628,1471,-2
14629,1465,-1
14630,1454,0
14631,1463,-2
14632,1468,-1
14633,1480,-1
14634,1481,1
14635,1492,0
14636,1507,0
14637,1498,-2
14638,1494,-1
14639,1495,0
14640,1492,-2
14641,1481,-2
14642,1466,-1
14643,1458,1
14644,1459,1
14645,1457,-1
14646,1460,-1
14647,1472,0
14648,1481,1
14649,1497,-1
14650,1506,2
14651,1501,0
14652,1510,-2
14653,1495,0
14654,1481,0
14655,1469,0
14656,1457,1
14657,1460,1
14658,1451,-2
14659,1468,-1
14660,1464,-1
14661,1465,2
14662,1478,1
14663,1489,-2
14664,1502,1
14665,1504,1
14666,1499,-2
14667,1498,0
14668,1493,-2
14669,1472,0
14670,1461,0
14671,1445,0
14672,1455,1
14673,1446,-2
14674,1455,-2
14675,1472,2
14676,1488,-1
14677,1493,-2
14678,1497,-1
14679,1501,-1
14680,1495,-2
14681,1493,0
14682,1492,0
14683,1473,-2
14684,1474,-2
14685,1455,1
14686,1449,0
14687,1468,-3
14688,1465,-1
14689,1470,-2
14690,1477,-2
14691,1493,0
14692,1506,-2
14693,1498,1
14694,1495,-1
14695,1491,1
14696,1490,1
14697,1483,1
14698,1466,0
14699,1471,0
14700,1469,-1
14701,1466,1
14702,1456,-1
14703,1460,1
14704,1475,-1
14705,1486,1
14706,1486,2
14707,1495,1
14708,1504,0
14709,1504,1
14710,1486,-2
14711,1484,1
14712,1483,-2
14713,1463,-2
14714,1466,0
14715,1469,0
14716,1475,0
14717,1469,-2
14718,1462,0
14719,1478,-2
14720,1492,0
14721,1495,-1
14722,1493,0
14723,1484,-2
14724,1505,0
14725,1501,0
14726,1483,0
14727,1470,-1
14728,1469,1
14729,1465,-2
14730,1458,-1
14731,1462,-3
14732,1473,0
14733,1477,-2
14734,1485,-2
14735,1478,-1
14736,1502,1
14737,1505,-1
14738,1496,1
14739,1493,-3
14740,1498,1
14741,1481,0
14742,1469,0
14743,1454,3
14744,1454,0
14745,1463,1
14746,1462,1
14747,1480,0
14748,1492,1
14749,1492,-1
14750,1489,-2
14751,1507,-2
14752,1506,-1
14753,1492,-3
14754,1489,0
14755,1481,-1
14756,1478,-1
14757,1463,-2
14758,1454,-2
14759,1452,1
14760,1468,0
14761,1472,1
14762,1478,-2
14763,1488,-2
14764,1506,-1
14765,1504,-1
14766,1489,-1
14767,1488,-1
14768,1493,-2
14769,1478,-1
14770,1469,-1
14771,1473,-2
14772,1472,-1
14773,1463,-1
14774,1467,-2
14775,1470,1
14776,1493,0
14777,1484,-2
14778,1493,-1
14779,1498,0
14780,1495,0
14781,1485,-2
14782,1472,-4
14783,1480,1
14784,1472,1
14785,1469,-1
14786,1469,-2
14787,1470,0
14788,1482,1
14789,1486,0
14790,1483,0
14791,1484,-1
14792,1495,1
14793,1499,0
14794,1489,-1
14795,1481,1
14796,1486,-4
14797,1483,-1
14798,1466,-1
14799,1481,0
14800,1469,1
14801,1478,-2
14802,1481,-2
14803,1492,-2
14804,1484,0
14805,1478,-1
14806,1478,1
14807,1469,1
14808,1481,-2
14809,1480,1
14810,1482,0
14811,1476,-1
14812,1487,-2
14813,1484,1
14814,1479,1
14815,1484,-2
14816,1484,0
14817,1486,-2
14818,1476,0
14819,1475,1
14820,1481,-2
14821,1481,0
14822,1470,-1
14823,1485,0
14824,1478,-2
14825,1490,1
14826,1483,-1
14827,1487,-1
14828,1502,-2
14829,1499,1
14830,1475,1
14831,1486,-1
14832,1475,1
14833,1477,-2
14834,1475,-2
14835,1475,1
14836,1481,-1
14837,1487,-2
14838,1475,0
14839,1489,-1
14840,1492,1
14841,1497,0
14842,1491,-2
14843,1489,0
14844,1498,1
14845,1485,-2
14846,1467,-2
14847,1473,-1
14848,1478,-1
14849,1466,-2
14850,1470,0
14851,1483,1
14852,1487,1
14853,1488,1
14854,1489,-2
14855,1484,-2
14856,1492,1
14857,1494,-1
14858,1486,1
14859,1476,-1
14860,1481,-1
14861,1479,-2
14862,1460,-1
14863,1472,1
14864,1470,-2
14865,1469,0
14866,1480,-2
14867,1487,-1
14868,1488,-2
14869,1486,0
14870,1489,1
14871,1493,-1
14872,1498,1
14873,1483,-1
14874,1475,1
14875,1477,-2
14876,1492,0
14877,1473,0
14878,1462,0
14879,1472,-1
14880,1483,-2
14881,1468,1
14882,1478,-3
14883,1475,1
14884,1499,-1
14885,1494,0
14886,1485,-1
14887,1481,1
14888,1489,-1
14889,1478,-1
14890,1480,-2
14891,1472,1
14892,1472,-2
14893,1473,3
14894,1457,1
14895,1458,0
14896,1472,0
14897,1480,0
14898,1486,-1
14899,1492,-1
14900,1513,1
14901,1504,-1
14902,1487,1
14903,1482,1
14904,1478,-1
14905,1481,1
14906,1467,-2
14907,1459,1
14908,1469,0
14909,1468,-1
14910,1463,1
14911,1481,1
14912,1503,-1
14913,1504,-1
14914,1506,0
14915,1512,1
14916,1520,-2
14917,1499,-2
14918,1471,-2
14919,1463,1
14920,1457,-2
14921,1459,-1
14922,1450,1
14923,1466,0
14924,1475,0
14925,1489,1
14926,1486,0
14927,1489,-1
14928,1511,1
14929,1517,-1
14930,1504,-1
14931,1492,-1
14932,1491,-1
14933,1463,-2
14934,1444,0
14935,1453,-1
14936,1458,-2
14937,1462,-1
14938,1470,0
14939,1484,1
14940,1501,1
14941,1507,1
14942,1494,-2
14943,1502,-1
14944,1507,0
14945,1493,0
14946,1482,0
14947,1461,-1
14948,1471,2
14949,1463,-2
14950,1448,0
14951,1463,-4
14952,1470,-1
14953,1483,0
14954,1502,-1
14955,1501,-2
14956,1520,-2
14957,1507,-1
14958,1495,-2
14959,1489,-2
14960,1490,-1
14961,1472,1
14962,1463,2
14963,1469,-2
14964,1481,0
14965,1461,0
14966,1458,1
14967,1476,0
14968,1494,-2
14969,1501,0
14970,1501,-1
14971,1503,-1
14972,1510,0
14973,1494,-2
14974,1486,-1
14975,1478,1
14976,1474,1
14977,1471,1
14978,1466,-2
14979,1474,-1
14980,1488,1
14981,1489,-2
14982,1477,-2
14983,1490,-1
14984,1495,0
14985,1506,-1
14986,1503,-1
14987,1487,-1
14988,1500,1
14989,1486,2
14990,1483,-2
14991,1474,0
14992,1471,1
14993,1472,-2
14994,1476,-2
14995,1481,-2
14996,1484,-2
14997,1491,-3
14998,1485,-1
14999,1495,-1
15000,1508,-1
15001,1502,2
15002,1495,0
15003,1501,-1
15004,1495,1
15005,1487,-2
15006,1466,-1
15007,1462,-1
15008,1477,1
15009,1473,-1
15010,1475,-2
15011,1475,1
15012,1499,0
15013,1502,-2
15014,1499,-2
15015,1501,0
15016,1493,1
15017,1502,-2
15018,1484,0
15019,1482,1
15020,1473,1
15021,1466,-2
15022,1466,-2
15023,1465,1
15024,1475,-1
15025,1479,-2
15026,1487,-2
15027,1496,1
15028,1510,-1
15029,1507,-2
15030,1490,1
15031,1484,0
15032,1490,0
15033,1489,0
15034,1473,-2
15035,1471,0
15036,1478,-2
15037,1481,0
15038,1472,-2
15039,1476,0
15040,1492,0
15041,1503,-2
15042,1504,0
15043,1506,1
15044,1503,-1
15045,1499,0
15046,1474,0
15047,1481,1
15048,1467,1
15049,1479,-2
15050,1481,-2
15051,1478,-3
15052,1487,-2
15053,1488,1
15054,1484,-1
15055,1487,-2
15056,1496,1
15057,1503,-1
15058,1499,0
15059,1491,-2
15060,1492,1
15061,1496,0
15062,1472,-1
15063,1474,1
15064,1478,1
15065,1486,0
15066,1486,1
15067,1487,-1
15068,1494,-2
15069,1493,-2
15070,1474,-2
15071,1482,0
15072,1486,0
15073,1491,-2
15074,1492,-2
15075,1491,0
15076,1491,-2
15077,1492,-2
15078,1481,0
15079,1481,0
15080,1484,-2
15081,1487,-2
15082,1484,-2
15083,1482,-2
15084,1489,1
15085,1481,-1
15086,1479,0
15087,1478,-1
15088,1492,1
15089,1498,0
15090,1498,1
15091,1508,0
15092,1515,1
15093,1498,-2
15094,1473,2
15095,1476,0
15096,1479,1
15097,1475,1
15098,1463,-1
15099,1472,-1
15100,1484,-2
15101,1493,-2
15102,1489,0
15103,1495,1
15104,1500,0
15105,1507,-1
15106,1505,1
15107,1502,3
15108,1495,1
15109,1477,-1
15110,1472,-1
15111,1471,-2
15112,1469,-2
15113,1475,-3
15114,1485,-2
15115,1485,1
15116,1503,-1
15117,1504,-1
15118,1495,1
15119,1498,0
15120,1498,0
15121,1485,1
15122,1484,-2
15123,1481,-2
15124,1480,1
15125,1477,-2
15126,1475,-3
15127,1472,-1
15128,1477,1
15129,1496,-2
15130,1504,0
15131,1500,-2
15132,1510,1
15133,1504,-1
15134,1495,-1
15135,1484,0
15136,1484,3
15137,1483,-1
15138,1478,-1
15139,1479,0
15140,1485,0
15141,1485,-1
15142,1471,-1
15143,1492,-2
15144,1488,0
15145,1501,-2
15146,1495,-1
15147,1497,-2
15148,1498,1
15149,1504,-1
15150,1495,-1
15151,1481,0
15152,1485,-2
15153,1481,1
15154,1478,-1
15155,1475,0
15156,1489,-1
15157,1491,-2
15158,1486,-2
15159,1484,0
15160,1489,0
15161,1501,1
15162,1496,1
15163,1487,-2
15164,1505,1
15165,1500,0
15166,1486,0
15167,1481,-2
15168,1479,0
15169,1484,0
15170,1475,-1
15171,1471,-1
15172,1481,0
15173,1489,-3
15174,1487,-1
15175,1492,1
15176,1498,-2
15177,1504,1
15178,1499,0
15179,1502,-1
15180,1507,-1
15181,1486,0
15182,1479,-1
15183,1468,1
15184,1468,-2
15185,1465,-2
15186,1471,0
15187,1476,0
15188,1501,1
15189,1491,-1
15190,1504,-1
15191,1505,0
15192,1510,0
15193,1513,-2
15194,1497,0
15195,1481,1
15196,1487,-2
15197,1473,-1
15198,1462,1
15199,1472,-2
15200,1472,1
15201,1483,0
15202,1492,0
15203,1504,1
15204,1513,0
15205,1518,-2
15206,1501,0
15207,1507,1
15208,1498,0
15209,1488,1
15210,1481,-1
15211,1474,-1
15212,1484,0
15213,1472,1
15214,1468,0
15215,1481,-2
15216,1484,1
15217,1503,-3
15218,1511,0
15219,1504,-2
15220,1518,0
15221,1513,-1
15222,1488,1
15223,1476,-1
15224,1477,0
15225,1477,-2
15226,1475,-1
15227,1484,0
15228,1484,0
15229,1489,-1
15230,1484,1
15231,1497,1
15232,1500,0
15233,1505,-1
15234,1504,0
15235,1497,-2
15236,1510,0
15237,1498,-1
15238,1483,1
15239,1470,0
15240,1476,0
15241,1478,0
15242,1485,0
15243,1485,0
15244,1500,-1
15245,1493,-2
15246,1498,2
15247,1497,0
15248,1492,1
15249,1494,0
15250,1495,-2
15251,1498,-1
15252,1507,-2
15253,1501,-2
15254,1487,1
15255,1481,1
15256,1478,-1
15257,1485,-1
15258,1481,-2
15259,1489,0
15260,1501,0
15261,1501,-1
15262,1496,-2
15263,1493,1
15264,1487,-2
15265,1497,-2
15266,1507,-2
15267,1498,0
15268,1492,1
15269,1487,0
15270,1485,0
15271,1480,0
15272,1475,0
15273,1486,0
15274,1478,-2
15275,1485,1
15276,1495,-2
15277,1497,1
15278,1494,-1
15279,1493,0
15280,1498,-1
15281,1500,-2
15282,1497,-2
15283,1484,-2
15284,1495,0
15285,1478,0
15286,1475,2
15287,1475,-1
15288,1471,1
15289,1488,-1
15290,1488,-1
15291,1500,-3
15292,1511,-1
15293,1504,-1
15294,1507,0
15295,1501,-2
15296,1501,1
15297,1498,-1
15298,1478,-2
15299,1483,-2
15300,1489,-1
15301,1487,-1
15302,1480,1
15303,1482,-2
15304,1492,1
15305,1498,-2
15306,1492,-1
15307,1502,-1
15308,1510,-2
15309,1507,-1
15310,1494,0
15311,1494,0
15312,1483,0
15313,1480,1
15314,1478,0
15315,1475,-2
15316,1492,-2
15317,1487,0
15318,1481,-2
15319,1493,-3
15320,1487,-1
15321,1495,1
15322,1490,-2
15323,1499,1
15324,1505,-1
15325,1495,1
15326,1488,-1
15327,1482,1
15328,1477,-2
15329,1489,-2
15330,1484,1
15331,1487,1
15332,1495,-2
15333,1486,-2
15334,1491,-1
15335,1485,0
15336,1490,-2
15337,1492,0
15338,1498,-1
15339,1499,-1
15340,1508,0
15341,1501,1
15342,1489,-2
15343,1477,0
15344,1487,0
15345,1484,1
15346,1483,-1
15347,1482,-2
15348,1502,-2
15349,1492,1
15350,1495,-1
15351,1500,0
15352,1498,1
15353,1511,1
15354,1509,-1
15355,1501,-2
15356,1510,1
15357,1497,-2
15358,1488,0
15359,1472,1
15360,1472,-1
15361,1473,1
15362,1482,1
15363,1490,-1
15364,1501,2
15365,1493,1
15366,1512,0
15367,1513,-2
15368,1509,-2
15369,1510,-1
15370,1505,-1
15371,1492,0
15372,1498,0
15373,1480,-1
15374,1469,-2
15375,1467,-1
15376,1475,3
15377,1484,-1
15378,1487,-1
15379,1499,1
15380,1515,1
15381,1523,0
15382,1514,-2
15383,1505,0
15384,1500,0
15385,1489,-2
15386,1478,-1
15387,1475,-3
15388,1488,2
15389,1476,1
15390,1475,-2
15391,1477,-2
15392,1487,0
15393,1509,1
15394,1516,0
15395,1510,-2
15396,1520,-1
15397,1523,-2
15398,1496,1
15399,1486,0
15400,1481,0
15401,1478,1
15402,1481,-1
15403,1474,1
15404,1492,-1
15405,1480,-2
15406,1487,-1
15407,1498,0
15408,1504,0
15409,1512,-2
15410,1507,-2
15411,1501,1
15412,1514,-1
15413,1499,1
15414,1486,-1
15415,1470,-2
15416,1460,1
15417,1472,-3
15418,1484,1
15419,1481,0
15420,1502,0
15421,1498,-1
15422,1507,-1
15423,1496,1
15424,1497,1
15425,1497,-1
15426,1505,0
15427,1495,-2
15428,1508,-1
15429,1489,1
15430,1488,-1
15431,1469,-1
15432,1475,-2
15433,1478,-1
15434,1484,-1
15435,1487,-2
15436,1507,1
15437,1506,-2
15438,1505,1
15439,1504,-1
15440,1506,1
15441,1505,-1
15442,1502,0
15443,1496,0
15444,1502,-1
15445,1489,-1
15446,1484,1
15447,1478,0
15448,1478,-2
15449,1477,-1
15450,1481,-2
15451,1494,-1
15452,1507,-1
15453,1507,1
15454,1509,-2
15455,1507,0
15456,1498,-2
15457,1495,-1
15458,1494,1
15459,1482,-2
15460,1486,-1
15461,1475,-1
15462,1476,-1
15463,1475,-2
15464,1487,-2
15465,1495,0
15466,1507,0
15467,1502,0
15468,1517,0
15469,1512,-1
15470,1506,1
15471,1497,-1
15472,1488,0
15473,1492,0
15474,1474,1
15475,1476,1
15476,1482,-2
15477,1485,-2
15478,1487,-1
15479,1484,-2
15480,1501,-2
15481,1507,0
15482,1512,-1
15483,1517,1
15484,1513,-1
15485,1502,-1
15486,1490,0
15487,1488,-1
15488,1474,3
15489,1475,-2
15490,1482,-1
15491,1478,1
15492,1506,0
15493,1509,0
15494,1499,1
15495,1501,0
15496,1507,-1
15497,1513,1
15498,1501,0
15499,1498,-1
15500,1506,-2
15501,1487,1
15502,1478,1
15503,1475,0
15504,1480,-1
15505,1491,0
15506,1493,0
15507,1487,-2
15508,1508,-1
15509,1504,1
15510,1505,0
15511,1488,0
15512,1495,1
15513,1494,1
15514,1489,1
15515,1484,-2
15516,1499,1
15517,1487,-1
15518,1489,-1
15519,1484,0
15520,1489,2
15521,1498,-1
15522,1495,1
15523,1489,0
15524,1501,-1
15525,1499,0
15526,1495,-1
15527,1484,1
15528,1495,-2
15529,1494,0
15530,1488,-1
15531,1492,1
15532,1505,-1
15533,1495,-2
15534,1484,1
15535,1478,-2
15536,1487,1
15537,1483,-1
15538,1483,-1
15539,1491,0
15540,1502,0
15541,1495,0
15542,1490,0
15543,1495,0
15544,1507,-1
15545,1498,0
15546,1496,0
15547,1499,1
15548,1498,-1
15549,1500,1
15550,1480,0
15551,1474,1
15552,1481,3
15553,1494,-4
15554,1492,-1
15555,1499,0
15556,1510,-2
15557,1508,1
15558,1501,-2
15559,1495,-2
15560,1501,1
15561,1493,0
15562,1495,-1
15563,1490,1
15564,1487,-1
15565,1483,-1
15566,1476,1
15567,1489,0
15568,1492,-2
15569,1500,1
15570,1492,1
15571,1511,0
15572,1521,-2
15573,1507,0
15574,1503,0
15575,1488,0
15576,1491,-2
15577,1489,0
15578,1480,-3
15579,1487,1
15580,1496,-1
15581,1493,1
15582,1495,-2
15583,1488,-2
15584,1499,-1
15585,1503,0
15586,1512,-2
15587,1514,-1
15588,1513,1
15589,1498,-3
15590,1502,-1
15591,1479,-1
15592,1494,0
15593,1493,-1
15594,1492,-2
15595,1478,-1
15596,1501,-2
15597,1498,-1
15598,1498,1
15599,1482,-2
15600,1506,-2
15601,1503,-2
15602,1508,-1
15603,1502,0
15604,1498,-2
15605,1499,-2
15606,1504,-2
15607,1484,1
15608,1481,1
15609,1475,1
15610,1484,0
15611,1482,1
15612,1489,-2
15613,1501,-2
15614,1503,-1
15615,1495,1
15616,1501,1
15617,1516,-1
15618,1508,1
15619,1505,-2
15620,1501,1
15621,1500,-2
15622,1486,-2
15623,1481,-1
15624,1476,0
15625,1475,-1
15626,1484,0
15627,1495,-1
15628,1507,-1
15629,1510,-2
15630,1512,0
15631,1509,1
15632,1511,0
15633,1513,2
15634,1504,0
15635,1493,-1
15636,1488,-1
15637,1484,1
15638,1472,-2
15639,1469,1
15640,1484,-2
15641,1496,-1
15642,1506,-2
15643,1513,0
15644,1520,1
15645,1528,0
15646,1524,-2
15647,1501,1
15648,1509,0
15649,1495,-2
15650,1479,-2
15651,1471,1
15652,1477,-2
15653,1475,0
15654,1474,-1
15655,1489,1
15656,1507,-1
15657,1514,-2
15658,1519,-2
15659,1528,0
15660,1527,0
15661,1523,-1
15662,1504,0
15663,1481,0
15664,1478,-1
15665,1478,-1
15666,1478,0
15667,1485,0
15668,1491,-1
15669,1503,0
15670,1499,-1
15671,1509,-1
15672,1519,-1
15673,1524,0
15674,1522,-2
15675,1519,0
15676,1523,1
15677,1504,0
15678,1473,-1
15679,1466,-1
15680,1476,1
15681,1481,0
15682,1486,1
15683,1496,-3
15684,1513,-2
15685,1513,0
15686,1522,1
15687,1508,0
15688,1510,1
15689,1520,-1
15690,1504,-2
15691,1495,1
15692,1497,-2
15693,1495,0
15694,1487,-1
15695,1481,0
15696,1483,-1
15697,1492,-2
15698,1497,-2
15699,1516,-2
15700,1526,0
15701,1519,-1
15702,1510,1
15703,1501,0
15704,1510,-2
15705,1510,0
15706,1498,-2
15707,1495,-2
15708,1495,-2
15709,1491,-1
15710,1492,-1
15711,1487,-1
15712,1478,1
15713,1507,1
15714,1513,0
15715,1511,0
15716,1523,0
15717,1525,-1
15718,1513,-1
15719,1499,-2
15720,1498,1
15721,1513,-2
15722,1495,1
15723,1488,-1
15724,1491,-2
15725,1501,-2
15726,1495,-2
15727,1480,-1
15728,1498,-2
15729,1512,-1
15730,1510,-2
15731,1523,-2
15732,1530,1
15733,1521,0
15734,1510,-2
15735,1492,0
15736,1492,0
15737,1485,-1
15738,1485,-1
15739,1475,-1
15740,1489,-2
15741,1495,1
15742,1498,-1
15743,1495,-1
15744,1507,1
15745,1517,0
15746,1515,-2
15747,1514,1
15748,1511,-2
15749,1511,-1
15750,1491,1
15751,1481,1
15752,1478,-2
15753,1491,-1
15754,1490,-2
15755,1500,0
15756,1504,-3
15757,1523,-2
15758,1507,1
15759,1516,-1
15760,1514,-2
15761,1513,-1
15762,1507,-2
15763,1509,1
15764,1508,1
15765,1504,1
15766,1483,-2
15767,1479,-1
15768,1487,-1
15769,1495,0
15770,1505,0
15771,1508,0
15772,1515,-2
15773,1522,0
15774,1509,0
15775,1504,-1
15776,1503,-1
15777,1501,-1
15778,1492,1
15779,1497,0
15780,1507,0
15781,1494,-1
15782,1502,-1
15783,1497,-2
15784,1498,-2
15785,1504,-1
15786,1504,1
15787,1505,0
15788,1507,-1
15789,1503,0
15790,1501,1
15791,1497,0
15792,1495,1
15793,1511,-2
15794,1502,-1
15795,1506,1
15796,1507,-2
15797,1515,0
15798,1503,-2
15799,1497,-2
15800,1491,-1
15801,1505,-2
15802,1507,-2
15803,1503,0
15804,1506,-2
15805,1516,-1
15806,1510,-2
15807,1503,1
15808,1502,0
15809,1514,-1
15810,1504,-2
15811,1506,1
15812,1502,1
15813,1504,1
15814,1487,-1
15815,1487,1
15816,1493,1
15817,1505,0
15818,1507,0
15819,1502,-3
15820,1521,-2
15821,1534,0
15822,1524,0
15823,1500,-2
15824,1504,-1
15825,1510,0
15826,1494,0
15827,1488,1
15828,1486,0
15829,1505,-1
15830,1495,0
15831,1492,-1
15832,1503,1
15833,1511,1
15834,1519,0
15835,1515,-2
15836,1521,-2
15837,1524,1
15838,1502,1
15839,1498,-1
15840,1485,1
15841,1492,0
15842,1487,-1
15843,1487,0
15844,1491,-2
15845,1513,0
15846,1504,1
15847,1502,1
15848,1512,-1
15849,1521,-2
15850,1519,-1
15851,1514,0
15852,1516,-2
15853,1507,-1
15854,1486,-1
15855,1485,-1
15856,1491,0
15857,1501,-1
15858,1496,-1
15859,1495,-3
15860,1508,-2
15861,1525,0
15862,1515,-2
15863,1504,0
15864,1516,-1
15865,1519,-1
15866,1513,-1
15867,1510,-2
15868,1498,1
15869,1512,-1
15870,1498,1
15871,1494,1
15872,1490,-2
15873,1498,0
15874,1500,1
15875,1510,-2
15876,1507,-2
15877,1524,-1
15878,1511,-2
15879,1511,1
15880,1511,-2
15881,1510,-2
15882,1504,-2
15883,1504,-1
15884,1501,1
15885,1516,1
15886,1501,1
15887,1491,1
15888,1478,-2
15889,1496,-1
15890,1502,-1
15891,1513,-1
15892,1518,-2
15893,1522,-2
15894,1513,0
15895,1519,0
15896,1510,-1
15897,1506,-1
15898,1504,-1
15899,1503,-2
15900,1501,-1
15901,1498,0
15902,1492,-1
15903,1486,1
15904,1495,-1
15905,1506,1
15906,1513,1
15907,1522,0
15908,1522,0
15909,1534,0
15910,1525,-1
15911,1505,1
15912,1500,-2
15913,1490,0
15914,1489,-2
15915,1492,0
15916,1487,-1
15917,1503,-1
15918,1496,1
15919,1498,-2
15920,1519,-1
15921,1525,1
15922,1526,-1
15923,1525,-1
15924,1530,1
15925,1529,-3
15926,1508,-2
15927,1492,-2
15928,1495,0
15929,1484,0
15930,1492,-2
15931,1488,-1
15932,1501,-1
15933,1522,-2
15934,1514,-1
15935,1519,1
15936,1518,1
15937,1525,0
15938,1519,-2
15939,1516,-1
15940,1504,-2
15941,1505,1
15942,1493,1
15943,1482,0
15944,1478,1
15945,1503,0
15946,1501,0
15947,1505,-1
15948,1517,0
15949,1542,-1
15950,1519,1
15951,1513,0
15952,1516,-2
15953,1507,1
15954,1500,-2
15955,1498,-1
15956,1492,-1
15957,1506,-2
15958,1498,-2
15959,1491,-2
15960,1500,0
15961,1505,0
15962,1506,1
15963,1512,-2
15964,1516,-2
15965,1523,1
15966,1518,-1
15967,1505,-2
15968,1509,-2
15969,1504,-2
15970,1495,1
15971,1499,-2
15972,1496,1
15973,1506,0
15974,1504,-2
15975,1502,0
15976,1505,-2
15977,1507,-1
15978,1504,1
15979,1513,0
15980,1525,-2
15981,1522,0
15982,1519,1
15983,1507,0
15984,1509,-2
15985,1504,-1
15986,1499,1
15987,1498,-1
15988,1495,-1
15989,1507,-2
15990,1492,-2
15991,1496,1
15992,1501,-2
15993,1501,-1
15994,1516,-2
15995,1523,-3
15996,1522,-2
15997,1530,-1
15998,1520,-1
15999,1506,0
16000,1508,-1
16001,1499,1
16002,1499,1
16003,1490,-1
16004,1494,1
16005,1493,0
16006,1510,-1
16007,1510,-1
16008,1516,0
16009,1523,1
16010,1525,-1
16011,1526,-2
16012,1518,0
16013,1522,-1
16014,1497,-1
16015,1498,-1
16016,1487,0
16017,1492,0
16018,1495,-1
16019,1500,0
16020,1501,1
16021,1527,1
16022,1514,-1
16023,1522,0
16024,1519,0
16025,1520,0
16026,1523,1
16027,1510,-1
16028,1510,1
16029,1502,0
16030,1495,-1
16031,1487,-1
16032,1487,-2
16033,1494,0
16034,1495,1
16035,1508,-1
16036,1512,0
16037,1530,-2
16038,1521,-1
16039,1507,-2
16040,1507,0
16041,1513,1
16042,1507,1
16043,1493,0
16044,1503,1
16045,1501,-2
16046,1501,0
16047,1489,1
16048,1495,0
16049,1512,-1
16050,1520,0
16051,1510,1
16052,1524,1
16053,1531,-1
16054,1518,-1
16055,1514,-1
16056,1513,0
16057,1512,-2
16058,1518,1
16059,1501,0
16060,1501,0
16061,1513,-1
16062,1501,-2
16063,1495,-2
16064,1500,0
16065,1507,-2
16066,1508,-1
16067,1510,-1
16068,1514,0
16069,1515,2
16070,1517,1
16071,1511,1
16072,1501,0
16073,1513,0
16074,1501,-1
16075,1506,-2
16076,1498,1
16077,1505,-2
16078,1495,-2
16079,1484,-1
16080,1500,0
16081,1519,-1
16082,1513,1
16083,1515,0
16084,1531,0
16085,1531,-1
16086,1519,1
16087,1500,1
16088,1506,0
16089,1495,1
16090,1489,-1
16091,1484,-2
16092,1492,0
16093,1501,-2
16094,1504,-1
16095,1512,1
16096,1525,0
16097,1528,-2
16098,1524,-2
16099,1525,0
16100,1524,1
16101,1525,1
16102,1508,-2
16103,1488,-2
16104,1493,1
16105,1496,-1
16106,1485,1
16107,1493,0
16108,1501,-2
16109,1521,-2
16110,1528,-4
16111,1516,-1
16112,1518,-2
16113,1520,-1
16114,1529,1
16115,1507,-2
16116,1504,-1
16117,1502,1
16118,1492,-1
16119,1477,-2
16120,1492,-2
16121,1506,-1
16122,1509,-2
16123,1511,-2
16124,1513,-1
16125,1541,1
16126,1526,0
16127,1506,-2
16128,1522,-1
16129,1507,0
16130,1507,-3
16131,1492,-1
16132,1501,-1
16133,1498,-2
16134,1495,1
16135,1491,1
16136,1502,0
16137,1507,-2
16138,1525,-1
16139,1522,-1
16140,1513,-1
16141,1527,0
16142,1525,0
16143,1507,-2
16144,1507,-2
16145,1503,-1
16146,1497,-1
16147,1493,0
16148,1498,1
16149,1502,1
16150,1501,0
16151,1498,1
16152,1502,1
16153,1511,1
16154,1521,-2
16155,1524,-2
16156,1517,-1
16157,1525,0
16158,1524,-1
16159,1504,1
16160,1494,2
16161,1503,0
16162,1495,-2
16163,1498,1
16164,1500,-1
16165,1503,-2
16166,1502,-1
16167,1489,-1
16168,1504,-2
16169,1521,0
16170,1519,1
16171,1520,-2
16172,1525,-1
16173,1522,0
16174,1516,-1
16175,1506,0
16176,1495,-2
16177,1500,0
16178,1493,0
16179,1491,0
16180,1496,1
16181,1503,-1
16182,1516,-2
16183,1509,-2
16184,1513,1
16185,1518,1
16186,1526,0
16187,1519,0
16188,1503,-2
16189,1513,-1
16190,1505,0
16191,1489,-1
16192,1489,-1
16193,1501,-2
16194,1494,1
16195,1500,1
16196,1513,0
16197,1522,-2
16198,1523,-3
16199,1516,-1
16200,1528,0
16201,1519,1
16202,1520,0
16203,1507,-1
16204,1507,0
16205,1505,0
16206,1493,-2
16207,1487,-2
16208,1496,0
16209,1506,-1
16210,1504,1
16211,1519,-2
16212,1521,1
16213,1528,-1
16214,1526,-2
16215,1507,-1
16216,1508,-2
16217,1509,1
16218,1509,1
16219,1499,-2
16220,1508,1
16221,1512,1
16222,1507,0
16223,1501,-2
16224,1508,0
16225,1514,-1
16226,1525,0
16227,1518,-1
16228,1521,0
16229,1522,0
16230,1512,0
16231,1507,1
16232,1501,1
16233,1509,1
16234,1515,1
16235,1507,0
16236,1509,0
16237,1525,-2
16238,1510,-1
16239,1500,1
16240,1509,-2
16241,1515,0
16242,1513,-1
16243,1509,3
16244,1517,1
16245,1517,0
16246,1517,-2
16247,1499,1
16248,1501,-1
16249,1514,1
16250,1509,-2
16251,1513,-2
16252,1504,-1
16253,1510,0
16254,1504,-1
16255,1495,0
16256,1503,-2
16257,1515,-1
16258,1519,0
16259,1516,-2
16260,1513,-1
16261,1527,-1
16262,1515,-2
16263,1500,-1
16264,1512,-2
16265,1509,0
16266,1508,-1
16267,1495,1
16268,1496,-1
16269,1505,-1
16270,1510,2
16271,1498,0
16272,1509,-1
16273,1525,0
16274,1521,0
16275,1530,0
16276,1516,2
16277,1519,0
16278,1509,1
16279,1492,-1
16280,1501,-1
16281,1490,-1
16282,1507,-1
16283,1498,-2
16284,1512,0
16285,1524,0
16286,1527,-1
16287,1512,-1
16288,1523,0
16289,1522,3
16290,1523,0
16291,1507,-2
16292,1504,2
16293,1512,0
16294,1498,0
16295,1492,1
16296,1495,-2
16297,1498,0
16298,1510,0
16299,1519,-1
16300,1516,-2
16301,1536,1
16302,1533,0
16303,1513,-1
16304,1511,0
16305,1510,-2
16306,1504,-1
16307,1516,-2
16308,1506,1
16309,1500,0
16310,1499,-2
16311,1493,1
16312,1503,1
16313,1501,-1
16314,1514,2
16315,1521,-2
16316,1525,-1
16317,1528,-2
16318,1519,0
16319,1514,0
16320,1501,-1
16321,1513,-1
16322,1507,0
16323,1502,-1
16324,1504,-1
16325,1517,1
16326,1510,1
16327,1500,-1
16328,1509,-1
16329,1510,1
16330,1517,1
16331,1522,-2
16332,1523,1
16333,1534,0
16334,1522,-1
16335,1509,-1
16336,1506,-1
16337,1508,1
16338,1501,-1
16339,1501,0
16340,1499,-1
16341,1501,0
16342,1492,1
16343,1504,1
16344,1502,1
16345,1515,-1
16346,1525,-1
16347,1528,0
16348,1524,-2
16349,1537,1
16350,1525,-1
16351,1498,-2
16352,1499,-1
16353,1506,-1
16354,1493,-2
16355,1490,-1
16356,1492,0
16357,1515,-1
16358,1516,-1
16359,1506,-2
16360,1522,-2
16361,1522,0
16362,1536,-2
16363,1535,1
16364,1514,0
16365,1517,0
16366,1501,-2
16367,1485,-2
16368,1492,3
16369,1487,1
16370,1493,-1
16371,1495,-1
16372,1518,-1
16373,1531,1
16374,1529,1
16375,1525,0
16376,1525,-2
16377,1522,1
16378,1522,-2
16379,1514,0
16380,1510,-2
16381,1502,0
16382,1501,-2
16383,1484,1
16384,1487,1
16385,1501,-1
16386,1514,-1
16387,1522,-1
16388,1529,0
16389,1538,0
16390,1542,0
16391,1529,-1
16392,1522,0
16393,1516,-2
16394,1504,1
16395,1495,1
16396,1498,-1
16397,1507,-2
16398,1498,-1
16399,1495,-2
16400,1513,0
16401,1511,0
16402,1534,-1
16403,1532,-2
16404,1525,-2
16405,1538,1
16406,1526,0
16407,1518,-2
16408,1501,-1
16409,1504,0
16410,1495,1
16411,1507,-2
16412,1510,0
16413,1511,1
16414,1504,0
16415,1507,-3
16416,1522,-2
16417,1519,-1
16418,1525,0
16419,1524,-1
16420,1528,1
16421,1531,0
16422,1513,0
16423,1504,2
16424,1498,1
16425,1504,-1
16426,1498,0
16427,1503,0
16428,1507,-1
16429,1516,1
16430,1515,-2
16431,1521,-2
16432,1518,-1
16433,1513,-1
16434,1522,-2
16435,1523,0
16436,1528,-2
16437,1522,2
16438,1514,-2
16439,1501,0
16440,1498,1
16441,1499,-1
16442,1495,2
16443,1509,-2
16444,1510,-2
16445,1525,0
16446,1521,-1
16447,1518,-2
16448,1522,-1
16449,1519,0
16450,1525,2
16451,1515,-1
16452,1519,1
16453,1513,-1
16454,1501,-2
16455,1492,2
16456,1497,1
16457,1499,-2
16458,1501,1
16459,1507,0
16460,1516,-1
16461,1537,-1
16462,1533,-1
16463,1531,-1
16464,1520,1
16465,1528,-2
16466,1518,0
16467,1507,-2
16468,1496,1
16469,1510,1
16470,1498,0
16471,1495,0
16472,1498,-1
16473,1506,-1
16474,1528,-1
16475,1521,-1
16476,1537,-1
16477,1543,-2
16478,1524,-2
16479,1519,-1
16480,1507,0
16481,1505,1
16482,1498,-1
16483,1500,-1
16484,1506,0
16485,1513,-2
16486,1514,0
16487,1503,-1
16488,1509,-1
16489,1521,-2
16490,1537,-1
16491,1529,-2
16492,1522,-1
16493,1530,1
16494,1519,-2
16495,1504,1
16496,1498,0
16497,1498,0
16498,1504,0
16499,1510,-1
16500,1516,1
16501,1524,0
16502,1514,-1
16503,1524,-1
16504,1521,-1
16505,1517,0
16506,1519,-1
16507,1519,-2
16508,1519,-2
16509,1522,0
16510,1515,-2
16511,1507,-2
16512,1500,0
16513,1507,0
16514,1516,-1
16515,1509,1
16516,1514,1
16517,1525,-1
16518,1519,-2
16519,1519,0
16520,1516,0
16521,1511,0
16522,1517,1
16523,1525,1
16524,1524,-1
16525,1532,0
16526,1514,-1
16527,1510,2
16528,1508,1
16529,1504,-1
16530,1499,0
16531,1504,-1
16532,1509,-1
16533,1523,-2
16534,1513,-1
16535,1516,1
16536,1517,-2
16537,1526,-1
16538,1534,-1
16539,1522,0
16540,1517,0
16541,1531,-1
16542,1515,-1
16543,1504,-4
16544,1504,0
16545,1500,-2
16546,1505,0
16547,1513,0
16548,1517,1
16549,1541,0
16550,1537,-1
16551,1534,-1
16552,1524,-1
16553,1533,0
16554,1522,-2
16555,1525,0
16556,1507,-1
16557,1523,0
16558,1508,-1
16559,1507,-2
16560,1500,1
16561,1515,-2
16562,1526,0
16563,1520,-1
16564,1533,1
16565,1540,0
16566,1543,-2
16567,1543,-2
16568,1517,1
16569,1514,-1
16570,1512,-1
16571,1505,-1
16572,1504,-2
16573,1525,-2
16574,1507,1
16575,1522,-2
16576,1517,-2
16577,1517,-2
16578,1529,0
16579,1531,-2
16580,1528,-1
16581,1543,-1
16582,1524,-2
16583,1516,0
16584,1510,0
16585,1498,0
16586,1510,1
16587,1510,-2
16588,1507,-2
16589,1519,0
16590,1516,0
16591,1522,-2
16592,1516,0
16593,1522,-1
16594,1529,0
16595,1522,-1
16596,1525,0
16597,1533,-1
16598,1519,-1
16599,1515,1
16600,1517,-2
16601,1507,-2
16602,1516,-1
16603,1507,-1
16604,1520,0
16605,1531,-2
16606,1522,-2
16607,1522,-1
16608,1510,-3
16609,1527,-1
16610,1536,0
16611,1522,0
16612,1534,1
16613,1536,-1
16614,1525,2
16615,1519,-1
16616,1510,0
16617,1501,0
16618,1513,2
16619,1504,-2
16620,1513,2
16621,1528,1
16622,1524,1
16623,1522,1
16624,1523,0
16625,1528,1
16626,1528,-1
16627,1536,-1
16628,1520,0
16629,1527,1
16630,1512,-2
16631,1501,0
16632,1497,-1
16633,1504,-1
16634,1510,-2
16635,1519,1
16636,1522,-2
16637,1547,-2
16638,1528,-2
16639,1541,-1
16640,1525,-1
16641,1534,-1
16642,1531,-2
16643,1515,-1
16644,1513,-1
16645,1525,-2
16646,1506,0
16647,1507,-1
16648,1497,0
16649,1511,0
16650,1524,0
16651,1543,0
16652,1528,-1
16653,1548,0
16654,1540,-1
16655,1539,-1
16656,1525,1
16657,1514,-1
16658,1516,0
16659,1513,-1
16660,1510,-1
16661,1519,-1
16662,1512,-2
16663,1514,-1
16664,1515,0
16665,1526,0
16666,1537,0
16667,1533,-3
16668,1532,-1
16669,1539,0
16670,1524,1
16671,1523,0
16672,1508,0
16673,1504,-1
16674,1513,1
16675,1516,-2
16676,1509,-2
16677,1524,-1
16678,1525,1
16679,1521,0
16680,1527,1
16681,1527,1
16682,1537,2
16683,1535,1
16684,1522,-1
16685,1547,-1
16686,1522,0
16687,1516,0
16688,1512,-2
16689,1501,1
16690,1510,0
16691,1513,-2
16692,1517,-2
16693,1534,1
16694,1527,-1
16695,1527,-1
16696,1522,0
16697,1523,-2
16698,1522,-3
16699,1528,1
16700,1525,-2
16701,1528,-1
16702,1522,-1
16703,1515,1
16704,1518,0
16705,1505,-2
16706,1513,-2
16707,1518,-1
16708,1511,1
16709,1542,1
16710,1534,0
16711,1535,0
16712,1523,0
16713,1531,-1
16714,1534,-1
16715,1532,-1
16716,1525,0
16717,1537,-1
16718,1509,-1
16719,1512,1
16720,1507,-2
16721,1509,0
16722,1512,-2
16723,1525,1
16724,1525,-1
16725,1542,0
16726,1535,-1
16727,1537,-2
16728,1534,-1
16729,1525,-1
16730,1515,-2
16731,1517,-2
16732,1514,2
16733,1516,-2
16734,1499,-1
16735,1505,1
16736,1506,-2
16737,1510,1
16738,1525,0
16739,1537,0
16740,1549,0
16741,1548,-1
16742,1544,0
16743,1543,0
16744,1518,0
16745,1516,-2
16746,1506,1
16747,1503,-1
16748,1506,-1
16749,1519,-2
16750,1519,-1
16751,1520,-3
16752,1527,0
16753,1538,1
16754,1544,-1
16755,1535,-1
16756,1540,1
16757,1546,0
16758,1528,-2
16759,1513,-1
16760,1510,0
16761,1504,-1
16762,1509,-2
16763,1509,-1
16764,1513,0
16765,1528,-1
16766,1525,-1
16767,1534,1
16768,1519,-1
16769,1532,0
16770,1527,0
16771,1525,-2
16772,1522,-2
16773,1529,1
16774,1519,1
16775,1513,1
16776,1501,1
16777,1515,-1
16778,1515,-2
16779,1516,-1
16780,1519,-2
16781,1537,-2
16782,1528,1
16783,1525,-1
16784,1510,-2
16785,1525,0
16786,1525,0
16787,1519,-2
16788,1515,1
16789,1521,0
16790,1521,0
16791,1516,-2
16792,1506,-2
16793,1525,-2
16794,1510,1
16795,1516,1
16796,1528,0
16797,1533,1
16798,1538,0
16799,1540,-2
16800,1523,-2
16801,1529,-1
16802,1540,-2
16803,1525,-2
16804,1516,1
16805,1529,-3
16806,1507,0
16807,1509,1
16808,1501,1
16809,1509,0
16810,1526,0
16811,1517,0
16812,1529,1
16813,1552,-1
16814,1538,-1
16815,1537,0
16816,1526,1
16817,1523,1
16818,1517,-2
16819,1516,0
16820,1507,-1
16821,1519,1
16822,1512,-2
16823,1501,2
16824,1505,-2
16825,1523,-2
16826,1533,1
16827,1544,-1
16828,1540,-1
16829,1552,1
16830,1549,-2
16831,1534,-2
16832,1521,-2
16833,1522,-1
16834,1516,0
16835,1510,1
16836,1504,-1
16837,1521,-2
16838,1518,-3
16839,1522,0
16840,1525,-1
16841,1531,-1
16842,1539,-2
16843,1540,0
16844,1524,-2
16845,1525,-2
16846,1519,1
16847,1513,-1
16848,1510,1
16849,1505,-1
16850,1514,-1
16851,1525,1
16852,1509,1
16853,1533,0
16854,1544,0
16855,1532,-1
16856,1530,-2
16857,1531,0
16858,1526,-2
16859,1531,0
16860,1525,-1
16861,1531,1
16862,1520,0
16863,1520,-2
16864,1511,-2
16865,1520,-1
16866,1526,1
16867,1522,0
16868,1531,1
16869,1540,0
16870,1537,-2
16871,1534,-2
16872,1521,-1
16873,1521,0
16874,1536,-2
16875,1525,1
16876,1525,1
16877,1528,-2
16878,1525,0
16879,1522,-1
16880,1509,0
16881,1517,0
16882,1518,0
16883,1519,-1
16884,1524,1
16885,1537,2
16886,1542,-2
16887,1534,-1
16888,1531,0
16889,1531,-2
16890,1530,1
16891,1528,0
16892,1530,1
16893,1528,-1
16894,1522,1
16895,1515,-2
16896,1510,0
16897,1510,1
16898,1518,1
16899,1525,-1
16900,1534,0
16901,1548,-1
16902,1542,0
16903,1541,-1
16904,1534,-2
16905,1529,-1
16906,1525,0
16907,1518,-1
16908,1522,1
16909,1515,-2
16910,1519,1
16911,1516,1
16912,1519,-1
16913,1523,0
16914,1530,-1
16915,1537,2
16916,1541,0
16917,1555,1
16918,1549,0
16919,1542,-1
16920,1525,-1
16921,1525,1
16922,1514,1
16923,1522,-1
16924,1516,0
16925,1531,0
16926,1524,-2
16927,1529,0
16928,1530,-2
16929,1534,-2
16930,1547,0
16931,1541,0
16932,1536,-1
16933,1542,-2
16934,1535,-1
16935,1527,1
16936,1511,0
16937,1522,1
16938,1521,0
16939,1523,-1
16940,1525,2
16941,1540,1
16942,1543,0
16943,1535,0
16944,1527,1
16945,1528,1
16946,1546,-1
16947,1548,-2
16948,1534,-2
16949,1533,0
16950,1530,-2
16951,1520,-2
16952,1513,0
16953,1514,1
16954,1523,0
16955,1531,-1
16956,1524,-1
16957,1537,0
16958,1543,1
16959,1536,-2
16960,1523,0
16961,1539,0
16962,1537,0
16963,1533,-2
16964,1526,0
16965,1528,0
16966,1528,-1
16967,1517,0
16968,1516,2
16969,1519,1
16970,1529,0
16971,1528,1
16972,1528,-1
16973,1551,1
16974,1540,1
16975,1539,1
16976,1536,-1
16977,1535,-1
16978,1546,1
16979,1529,0
16980,1522,1
16981,1527,0
16982,1528,-2
16983,1515,0
16984,1512,-1
16985,1514,0
16986,1532,0
16987,1526,-1
16988,1538,-1
16989,1549,0
16990,1553,-2
16991,1546,-2
16992,1541,-2
16993,1535,1
16994,1530,1
16995,1519,1
16996,1515,-2
16997,1519,-2
16998,1520,-5
16999,1524,-2
17000,1511,1
17001,1530,0
17002,1549,1
17003,1547,-1
17004,1552,-1
17005,1553,-1
17006,1555,1
17007,1533,-1
17008,1519,-2
17009,1517,-2
17010,1521,3
17011,1507,-1
17012,1513,-1
17013,1519,-2
17014,1534,-1
17015,1537,-2
17016,1529,-1
17017,1538,-4
17018,1549,1
17019,1552,-2
17020,1543,-2
17021,1542,-1
17022,1540,0
17023,1516,-1
17024,1511,-2
17025,1514,1
17026,1516,0
17027,1524,1
17028,1522,-1
17029,1534,-1
17030,1546,0
17031,1543,0
17032,1537,0
17033,1537,1
17034,1540,1
17035,1536,-1
17036,1537,-2
17037,1534,-2
17038,1524,-1
17039,1524,-1
17040,1519,1
17041,1521,0
17042,1533,1
17043,1525,1
17044,1537,-2
17045,1541,1
17046,1550,0
17047,1547,-3
17048,1533,-2
17049,1538,-2
17050,1544,-1
17051,1534,0
17052,1527,1
17053,1528,0
17054,1536,-1
17055,1522,0
17056,1524,-2
17057,1527,-2
17058,1529,1
17059,1535,-1
17060,1555,-2
17061,1533,-2
17062,1558,-1
17063,1545,-2
17064,1539,1
17065,1531,-1
17066,1542,-1
17067,1534,1
17068,1527,0
17069,1525,0
17070,1530,1
17071,1517,-2
17072,1517,-2
17073,1519,1
17074,1534,-1
17075,1538,0
17076,1541,1
17077,1546,-1
17078,1551,-1
17079,1552,1
17080,1538,-1
17081,1531,0
17082,1531,-2
17083,1527,-2
17084,1522,0
17085,1534,0
17086,1527,-2
17087,1514,-1
17088,1527,1
17089,1542,-2
17090,1543,-1
17091,1547,-2
17092,1549,-1
17093,1549,0
17094,1560,-2
17095,1531,-1
17096,1518,-1
17097,1515,0
17098,1517,1
17099,1518,0
17100,1510,-2
17101,1517,-1
17102,1534,-1
17103,1537,-1
17104,1532,0
17105,1545,1
17106,1546,0
17107,1549,1
17108,1552,-4
17109,1539,-3
17110,1540,-1
17111,1525,0
17112,1516,-1
17113,1516,-1
17114,1525,-1
17115,1525,-2
17116,1525,-2
17117,1545,-2
17118,1554,0
17119,1541,0
17120,1549,0
17121,1548,1
17122,1548,1
17123,1537,-1
17124,1523,0
17125,1523,-2
17126,1543,-2
17127,1516,1
17128,1513,0
17129,1522,1
17130,1520,1
17131,1534,-1
17132,1545,-2
17133,1544,-2
17134,1558,-2
17135,1546,-3
17136,1534,-1
17137,1534,0
17138,1540,-3
17139,1532,1
17140,1536,0
17141,1533,1
17142,1536,0
17143,1529,0
17144,1516,-2
17145,1524,-2
17146,1529,0
17147,1533,1
17148,1537,0
17149,1540,-2
17150,1549,-1
17151,1548,-1
17152,1541,-1
17153,1539,-1
17154,1533,-2
17155,1530,-2
17156,1516,1
17157,1514,-1
17158,1535,0
17159,1519,-2
17160,1517,1
17161,1528,0
17162,1527,-1
17163,1538,0
17164,1538,-1
17165,1547,-2
17166,1560,1
17167,1548,-1
17168,1528,0
17169,1531,-2
17170,1525,0
17171,1526,-1
17172,1523,1
17173,1516,-2
17174,1526,0
17175,1524,-1
17176,1528,-2
17177,1532,-2
17178,1558,-2
17179,1552,-2
17180,1552,-1
17181,1555,0
17182,1557,-1
17183,1539,-2
17184,1522,-1
17185,1520,0
17186,1511,1
17187,1520,-2
17188,1518,-1
17189,1534,-2
17190,1543,-1
17191,1547,-2
17192,1553,-2
17193,1541,-2
17194,1550,-1
17195,1557,-2
17196,1543,-2
17197,1544,-2
17198,1537,0
17199,1520,2
17200,1516,0
17201,1522,1
17202,1535,-1
17203,1527,0
17204,1534,-1
17205,1546,-1
17206,1562,-2
17207,1555,-1
17208,1549,1
17209,1552,1
17210,1539,-2
17211,1538,-2
17212,1530,-2
17213,1529,1
17214,1531,1
17215,1516,1
17216,1525,-2
17217,1517,1
17218,1538,-2
17219,1532,-1
17220,1551,-1
17221,1557,-1
17222,1558,-2
17223,1548,1
17224,1538,-2
17225,1532,-2
17226,1531,-1
17227,1537,0
17228,1521,0
17229,1527,0
17230,1545,-1
17231,1535,1
17232,1529,1
17233,1538,-1
17234,1537,3
17235,1546,-1
17236,1537,-1
17237,1542,1
17238,1550,-1
17239,1545,-2
17240,1541,-2
17241,1539,0
17242,1532,-1
17243,1523,0
17244,1524,-1
17245,1531,-2
17246,1530,-1
17247,1533,1
17248,1516,-1
17249,1534,-2
17250,1546,1
17251,1541,-1
17252,1538,1
17253,1546,-2
17254,1548,-2
17255,1535,-2
17256,1531,0
17257,1531,0
17258,1536,1
17259,1527,-2
17260,1534,-1
17261,1523,-3
17262,1536,-1
17263,1526,0
17264,1530,-2
17265,1538,-2
17266,1544,1
17267,1543,0
17268,1542,-2
17269,1551,-1
17270,1549,1
17271,1537,-1
17272,1522,-1
17273,1524,-2
17274,1525,0
17275,1517,-2
17276,1519,0
17277,1530,0
17278,1540,-1
17279,1540,0
17280,1550,-2
17281,1543,0
17282,1549,-1
17283,1550,0
17284,1540,0
17285,1536,1
17286,1541,1
17287,1534,-1
17288,1529,-2
17289,1522,-2
17290,1531,-1
17291,1533,-1
17292,1534,-2
17293,1540,-1
17294,1547,-1
17295,1545,-2
17296,1545,1
17297,1546,0
17298,1544,1
17299,1534,0
17300,1534,1
17301,1531,-1
17302,1540,-2
17303,1534,1
17304,1528,1
17305,1528,-1
17306,1543,1
17307,1534,0
17308,1538,-1
17309,1552,-1
17310,1552,-1
17311,1543,-1
17312,1534,-1
17313,1535,-2
17314,1544,1
17315,1536,1
17316,1533,1
17317,1536,-2
17318,1546,-1
17319,1534,-2
17320,1540,-3
17321,1534,-2
17322,1533,-2
17323,1543,-3
17324,1541,1
17325,1540,0
17326,1554,-2
17327,1551,0
17328,1538,0
17329,1547,1
17330,1543,-1
17331,1538,1
17332,1533,1
17333,1543,-1
17334,1544,0
17335,1525,0
17336,1528,-2
17337,1534,-1
17338,1539,0
17339,1544,-2
17340,1545,1
17341,1554,-2
17342,1572,-1
17343,1557,-2
17344,1549,-1
17345,1537,1
17346,1552,-1
17347,1534,0
17348,1528,0
17349,1528,-2
17350,1530,-2
17351,1531,2
17352,1534,-1
17353,1544,1
17354,1552,-1
17355,1551,-2
17356,1555,-1
17357,1559,-1
17358,1557,-3
17359,1545,0
17360,1536,1
17361,1527,-1
17362,1525,-3
17363,1525,0
17364,1513,1
17365,1524,-2
17366,1545,0
17367,1542,-2
17368,1538,-2
17369,1555,-2
17370,1560,-1
17371,1562,1
17372,1560,1
17373,1549,-2
17374,1548,0
17375,1537,0
17376,1519,-1
17377,1521,-2
17378,1519,0
17379,1532,0
17380,1537,-1
17381,1541,1
17382,1550,-2
17383,1559,1
17384,1556,-1
17385,1546,-1
17386,1551,-1
17387,1534,-2
17388,1534,0
17389,1538,1
17390,1530,1
17391,1527,0
17392,1525,0
17393,1536,1
17394,1539,1
17395,1538,0
17396,1557,-2
17397,1555,0
17398,1563,-1
17399,1562,-2
17400,1545,-2
17401,1550,-3
17402,1541,-2
17403,1537,-2
17404,1537,1
17405,1529,-2
17406,1538,0
17407,1537,-2
17408,1518,-2
17409,1535,1
17410,1540,1
17411,1546,-2
17412,1543,1
17413,1555,-2
17414,1555,0
17415,1557,-1
17416,1539,-2
17417,1537,-2
17418,1543,-1
17419,1530,-2
17420,1536,-3
17421,1538,-1
17422,1533,-1
17423,1539,1
17424,1527,0
17425,1537,-2
17426,1546,-2
17427,1559,-1
17428,1558,1
17429,1552,0
17430,1564,0
17431,1563,1
17432,1538,0
17433,1535,1
17434,1540,1
17435,1528,1
17436,1526,0
17437,1525,-2
17438,1534,-2
17439,1542,2
17440,1535,0
17441,1545,-1
17442,1554,-1
17443,1555,1
17444,1560,-1
17445,1560,0
17446,1556,1
17447,1540,-2
17448,1519,1
17449,1520,0
17450,1519,1
17451,1516,-2
17452,1526,-2
17453,1543,-1
17454,1546,0
17455,1558,1
17456,1553,0
17457,1560,1
17458,1563,0
17459,1570,-1
17460,1552,-1
17461,1541,1
17462,1549,0
17463,1525,1
17464,1515,0
17465,1521,-2
17466,1531,-2
17467,1536,0
17468,1545,-2
17469,1555,-2
17470,1578,-1
17471,1571,-2
17472,1552,-1
17473,1552,1
17474,1549,1
17475,1540,1
17476,1528,-2
17477,1522,-2
17478,1529,0
17479,1537,-1
17480,1532,-1
17481,1527,1
17482,1546,1
17483,1562,1
17484,1569,-1
17485,1563,1
17486,1566,-1
17487,1549,-2
17488,1541,-2
17489,1537,0
17490,1528,0
17491,1525,0
17492,1528,-1
17493,1527,-1
17494,1537,0
17495,1536,-2
17496,1536,-3
17497,1546,-1
17498,1560,1
17499,1556,-2
17500,1548,-1
17501,1554,-2
17502,1550,-2
17503,1551,1
17504,1523,0
17505,1532,-1
17506,1546,-2
17507,1540,0
17508,1532,-1
17509,1535,1
17510,1550,1
17511,1544,0
17512,1540,-2
17513,1542,-2
17514,1558,-1
17515,1560,0
17516,1555,-1
17517,1549,1
17518,1552,-2
17519,1547,-3
17520,1525,-1
17521,1538,-2
17522,1537,-1
17523,1548,0
17524,1538,1
17525,1543,1
17526,1555,1
17527,1547,-2
17528,1554,-1
17529,1547,-2
17530,1552,0
17531,1552,-2
17532,1549,-1
17533,1555,1
17534,1539,1
17535,1548,-2
17536,1520,-1
17537,1517,-2
17538,1539,0
17539,1534,-1
17540,1537,-2
17541,1555,-2
17542,1560,1
17543,1569,-1
17544,1545,-1
17545,1559,-2
17546,1556,-2
17547,1557,0
17548,1551,1
17549,1543,-2
17550,1534,-2
17551,1535,0
17552,1530,-1
17553,1534,0
17554,1531,-1
17555,1550,-1
17556,1551,2
17557,1559,1
17558,1561,0
17559,1553,-3
17560,1549,-1
17561,1548,-2
17562,1539,0
17563,1539,-1
17564,1544,0
17565,1534,0
17566,1545,-2
17567,1537,0
17568,1531,-1
17569,1546,1
17570,1553,1
17571,1551,1
17572,1562,-1
17573,1555,-1
17574,1559,-1
17575,1552,1
17576,1537,-1
17577,1537,0
17578,1541,0
17579,1535,-2
17580,1540,1
17581,1546,0
17582,1543,-1
17583,1539,-2
17584,1539,-1
17585,1547,-2
17586,1544,-1
17587,1560,1
17588,1548,-1
17589,1552,-2
17590,1555,-2
17591,1555,-1
17592,1543,-2
17593,1549,1
17594,1543,1
17595,1549,1
17596,1544,1
17597,1543,2
17598,1547,1
17599,1548,0
17600,1534,-1
17601,1546,1
17602,1543,1
17603,1552,1
17604,1547,-3
17605,1546,-1
17606,1556,-2
17607,1559,0
17608,1543,-1
17609,1548,1
17610,1540,-1
17611,1543,0
17612,1531,0
17613,1537,-2
17614,1546,0
17615,1535,-2
17616,1543,0
17617,1550,-1
17618,1553,-1
17619,1561,0
17620,1561,-2
17621,1565,-1
17622,1559,-2
17623,1553,-1
17624,1537,-1
17625,1537,-2
17626,1531,-1
17627,1538,-2
17628,1537,-4
17629,1537,-1
17630,1558,-2
17631,1560,1
17632,1554,0
17633,1572,1
17634,1557,2
17635,1566,1
17636,1563,-1
17637,1554,-2
17638,1549,-2
17639,1543,0
17640,1530,1
17641,1528,-2
17642,1531,-2
17643,1535,0
17644,1536,0
17645,1559,1
17646,1565,-2
17647,1558,1
17648,1552,0
17649,1562,-1
17650,1556,-2
17651,1554,-1
17652,1533,1
17653,1533,-1
17654,1540,1
17655,1534,0
17656,1528,0
17657,1536,0
17658,1543,1
17659,1558,0
17660,1563,-2
17661,1557,-1
17662,1574,0
17663,1565,1
17664,1560,0
17665,1546,0
17666,1543,-1
17667,1533,0
17668,1548,1
17669,1539,-1
17670,1549,0
17671,1546,1
17672,1540,-2
17673,1551,-1
17674,1554,1
17675,1553,1
17676,1558,-2
17677,1562,-2
17678,1575,2
17679,1564,-1
17680,1544,-2
17681,1554,-1
17682,1542,-1
17683,1543,2
17684,1539,-2
17685,1531,-1
17686,1557,0
17687,1548,-1
17688,1545,-1
17689,1547,0
17690,1559,-2
17691,1573,-1
17692,1565,-1
17693,1568,0
17694,1572,-1
17695,1555,-1
17696,1540,0
17697,1533,-2
17698,1531,-2
17699,1531,-2
17700,1536,1
17701,1538,-2
17702,1543,1
17703,1553,0
17704,1553,0
17705,1559,-2
17706,1562,1
17707,1564,-2
17708,1569,-1
17709,1555,-1
17710,1556,0
17711,1548,-2
17712,1533,-1
17713,1525,0
17714,1525,-2
17715,1533,-2
17716,1537,0
17717,1545,1
17718,1565,-1
17719,1563,1
17720,1559,-2
17721,1561,1
17722,1564,1
17723,1560,-1
17724,1553,0
17725,1537,0
17726,1540,-1
17727,1534,-1
17728,1530,-2
17729,1531,0
17730,1535,-1
17731,1546,1
17732,1559,-3
17733,1562,-2
17734,1575,-2
17735,1573,0
17736,1569,0
17737,1559,1
17738,1549,-2
17739,1537,-2
17740,1546,0
17741,1532,1
17742,1539,-2
17743,1540,-1
17744,1545,0
17745,1536,-1
17746,1561,1
17747,1578,-3
17748,1569,-1
17749,1569,-2
17750,1576,-2
17751,1556,-2
17752,1550,-1
17753,1546,-1
17754,1531,0
17755,1538,-1
17756,1533,-2
17757,1542,-2
17758,1547,1
17759,1554,-1
17760,1546,1
17761,1553,-2
17762,1560,-2
17763,1565,0
17764,1552,-2
17765,1546,1
17766,1561,-2
17767,1557,0
17768,1538,-2
17769,1537,-1
17770,1535,-2
17771,1549,-1
17772,1557,0
17773,1549,-1
17774,1557,0
17775,1560,0
17776,1554,0
17777,1546,1
17778,1558,-2
17779,1546,-1
17780,1558,-2
17781,1550,-2
17782,1555,-1
17783,1548,-1
17784,1539,1
17785,1536,-1
17786,1540,-1
17787,1551,1
17788,1543,-2
17789,1546,-1
17790,1556,1
17791,1556,2
17792,1555,1
17793,1547,-1
17794,1556,1
17795,1563,-2
17796,1560,-1
17797,1551,0
17798,1564,1
17799,1551,1
17800,1535,0
17801,1534,-2
17802,1537,1
17803,1543,-1
17804,1552,-2
17805,1550,1
17806,1555,0
17807,1557,0
17808,1563,1
17809,1560,1
17810,1547,-2
17811,1553,-1
17812,1553,0
17813,1546,1
17814,1546,-2
17815,1540,1
17816,1543,-2
17817,1531,0
17818,1534,1
17819,1552,-2
17820,1555,0
17821,1563,-2
17822,1569,0
17823,1577,1
17824,1566,0
17825,1557,0
17826,1541,1
17827,1553,0
17828,1549,1
17829,1538,-2
17830,1561,-2
17831,1532,-1
17832,1537,-1
17833,1543,-2
17834,1549,-2
17835,1566,-1
17836,1563,0
17837,1561,-1
17838,1569,-1
17839,1563,1
17840,1559,1
17841,1536,-2
17842,1547,0
17843,1546,1
17844,1543,-1
17845,1541,1
17846,1557,1
17847,1548,-1
17848,1557,0
17849,1549,1
17850,1558,-1
17851,1555,0
17852,1564,-1
17853,1559,-1
17854,1568,-1
17855,1553,0
17856,1559,-2
17857,1543,-1
17858,1532,1
17859,1548,-2
17860,1548,-2
17861,1546,-2
17862,1560,1
17863,1553,1
17864,1555,0
17865,1543,-1
17866,1555,1
17867,1563,0
17868,1560,1
17869,1552,-1
17870,1571,1
17871,1553,0
17872,1543,-1
17873,1543,0
17874,1537,-2
17875,1539,-1
17876,1540,1
17877,1543,-2
17878,1549,-3
17879,1553,-2
17880,1563,-2
17881,1551,0
17882,1563,-1
17883,1576,0
17884,1569,1
17885,1552,-1
17886,1563,-2
17887,1540,1
17888,1539,0
17889,1526,0
17890,1533,0
17891,1540,0
17892,1540,1
17893,1546,-1
17894,1574,-1
17895,1566,-2
17896,1575,1
17897,1560,1
17898,1561,-2
17899,1572,-3
17900,1549,-3
17901,1541,-2
17902,1543,-2
17903,1532,-2
17904,1531,-1
17905,1529,0
17906,1535,-1
17907,1563,-1
17908,1568,-1
17909,1564,-1
17910,1584,-2
17911,1575,-1
17912,1568,0
17913,1553,-1
17914,1548,-2
17915,1545,0
17916,1529,-1
17917,1535,1
17918,1540,0
17919,1534,-2
17920,1549,-1
17921,1544,-1
17922,1555,-2
17923,1575,-2
17924,1571,1
17925,1572,-1
17926,1578,-1
17927,1560,1
17928,1552,1
17929,1540,1
17930,1535,-2
17931,1535,-1
17932,1524,-1
17933,1539,0
17934,1557,-1
17935,1549,1
17936,1565,-2
17937,1559,1
17938,1562,0
17939,1572,1
17940,1569,1
17941,1563,1
17942,1569,-1
17943,1552,-1
17944,1532,0
17945,1531,0
17946,1540,-2
17947,1544,1
17948,1545,-1
17949,1553,-2
17950,1571,-1
17951,1562,-1
17952,1560,-3
17953,1552,-3
17954,1555,1
17955,1560,-1
17956,1549,-2
17957,1552,1
17958,1555,-2
17959,1552,-2
17960,1546,-1
17961,1539,-1
17962,1541,-2
17963,1555,1
17964,1552,-1
17965,1546,-2
17966,1576,0
17967,1561,0
17968,1559,-2
17969,1549,1
17970,1558,-1
17971,1560,1
17972,1563,-1
17973,1557,1
17974,1552,0
17975,1555,0
17976,1542,0
17977,1534,-2
17978,1537,-1
17979,1551,-1
17980,1557,0
17981,1555,-2
17982,1575,0
17983,1563,1
17984,1566,0
17985,1555,-1
17986,1560,-1
17987,1559,0
17988,1551,-1
17989,1548,-1
17990,1554,-2
17991,1551,-2
17992,1548,0
17993,1543,0
17994,1540,-1
17995,1560,0
17996,1563,0
17997,1566,0
17998,1579,-2
17999,1571,1
18000,1561,-1
18001,1554,-2
18002,1544,1
18003,1544,-1
18004,1547,-1
18005,1532,1
18006,1553,-2
18007,1543,-1
18008,1552,0
18009,1552,-2
18010,1557,1
18011,1568,-1
18012,1567,1
18013,1571,0
18014,1563,-1
18015,1549,1
18016,1552,-1
18017,1536,0
18018,1543,-1
18019,1546,-1
18020,1546,-1
18021,1549,-2
18022,1561,-2
18023,1552,0
18024,1561,-1
18025,1550,0
18026,1562,-2
18027,1558,0
18028,1557,-2
18029,1554,1
18030,1562,-1
18031,1552,-2
18032,1543,0
18033,1549,1
18034,1549,0
18035,1545,0
18036,1560,3
18037,1557,0
18038,1555,1
18039,1557,0
18040,1549,1
18041,1552,-1
18042,1549,3
18043,1555,-2
18044,1556,0
18045,1555,0
18046,1560,0
18047,1561,2
18048,1555,-2
18049,1542,-1
18050,1552,-2
18051,1553,1
18052,1555,1
18053,1550,1
18054,1563,-2
18055,1549,1
18056,1560,-1
18057,1558,1
18058,1555,-1
18059,1575,0
18060,1563,0
18061,1561,0
18062,1565,1
18063,1555,0
18064,1554,0
18065,1544,1
18066,1546,-1
18067,1544,1
18068,1549,-2
18069,1545,-1
18070,1560,1
18071,1563,1
18072,1563,-2
18073,1557,-1
18074,1561,-2
18075,1562,-2
18076,1555,0
18077,1546,-1
18078,1552,-2
18079,1546,-2
18080,1543,0
18081,1531,-1
18082,1542,1
18083,1546,0
18084,1563,-1
18085,1569,-1
18086,1580,-1
18087,1581,-1
18088,1578,0
18089,1560,1
18090,1557,-2
18091,1552,0
18092,1556,-1
18093,1546,1
18094,1556,-2
18095,1537,0
18096,1540,0
18097,1545,-2
18098,1558,-2
18099,1567,-2
18100,1571,-2
18101,1575,-2
18102,1582,-2
18103,1575,-1
18104,1557,2
18105,1541,1
18106,1548,1
18107,1537,-2
18108,1542,-2
18109,1543,-1
18110,1558,-2
18111,1550,-1
18112,1565,0
18113,1557,2
18114,1570,1
18115,1570,-2
18116,1572,-1
18117,1581,-1
18118,1577,-1
18119,1564,0
18120,1549,0
18121,1542,1
18122,1549,0
18123,1547,-2
18124,1544,0
18125,1550,-2
18126,1566,-1
18127,1562,-2
18128,1572,1
18129,1563,1
18130,1566,-2
18131,1575,0
18132,1569,-1
18133,1566,0
18134,1564,0
18135,1555,-1
18136,1544,-1
18137,1546,1
18138,1540,0
18139,1548,1
18140,1550,2
18141,1558,-2
18142,1572,0
18143,1572,-2
18144,1566,-2
18145,1560,0
18146,1573,0
18147,1571,1
18148,1561,-1
18149,1565,1
18150,1553,-2
18151,1546,-2
18152,1543,-3
18153,1537,-1
18154,1540,-1
18155,1555,-1
18156,1553,1
18157,1561,-1
18158,1584,-1
18159,1570,-1
18160,1579,-2
18161,1563,-2
18162,1566,-1
18163,1558,-1
18164,1543,0
18165,1549,0
18166,1555,0
18167,1548,-1
18168,1533,0
18169,1540,1
18170,1557,1
18171,1574,1
18172,1578,-2
18173,1584,-1
18174,1590,0
18175,1594,1
18176,1572,-1
18177,1546,-1
18178,1547,1
18179,1543,1
18180,1539,1
18181,1533,0
18182,1546,1
18183,1552,-1
18184,1561,0
18185,1561,0
18186,1578,0
18187,1585,0
18188,1572,-1
18189,1581,0
18190,1578,-2
18191,1563,-2
18192,1560,0
18193,1535,1
18194,1540,-2
18195,1545,-1
18196,1546,-1
18197,1551,-2
18198,1569,0
18199,1582,1
18200,1571,1
18201,1569,0
18202,1581,0
18203,1568,2
18204,1562,-3
18205,1554,-1
18206,1567,-1
18207,1560,0
18208,1543,-1
18209,1532,-2
18210,1549,1
18211,1552,-1
18212,1557,1
18213,1567,1
18214,1572,-2
18215,1587,-2
18216,1574,1
18217,1565,0
18218,1566,0
18219,1559,-1
18220,1564,1
18221,1560,-2
18222,1551,1
18223,1547,1
18224,1557,-1
18225,1542,-2
18226,1560,1
18227,1559,-1
18228,1570,1
18229,1569,0
18230,1591,0
18231,1572,-1
18232,1572,-2
18233,1560,1
18234,1559,1
18235,1563,1
18236,1561,-2
18237,1557,-2
18238,1557,0
18239,1569,0
18240,1553,-1
18241,1548,0
18242,1561,-2
18243,1564,0
18244,1564,0
18245,1565,0
18246,1567,-1
18247,1574,1
18248,1569,1
18249,1570,-1
18250,1566,1
18251,1563,-2
18252,1555,-1
18253,1560,1
18254,1566,0
18255,1567,-2
18256,1557,1
18257,1561,-2
18258,1559,1
18259,1572,0
18260,1572,0
18261,1571,-1
18262,1584,-1
18263,1576,-2
18264,1567,0
18265,1560,1
18266,1556,1
18267,1551,0
18268,1555,1
18269,1558,1
18270,1563,1
18271,1563,-1
18272,1563,-1
18273,1562,0
18274,1569,1
18275,1583,-1
18276,1572,1
18277,1568,1
18278,1572,-1
18279,1581,1
18280,1555,0
18281,1552,0
18282,1549,-2
18283,1559,-1
18284,1552,-1
18285,1563,3
18286,1572,-1
18287,1571,-2
18288,1571,-1
18289,1552,-1
18290,1569,0
18291,1580,-1
18292,1566,1
18293,1562,-1
18294,1566,1
18295,1568,-1
18296,1546,1
18297,1550,-2
18298,1555,1
18299,1568,0
18300,1562,-2
18301,1563,-1
18302,1569,1
18303,1581,0
18304,1571,-1
18305,1552,-2
18306,1563,-2
18307,1566,-1
18308,1570,0
18309,1566,0
18310,1567,1
18311,1581,1
18312,1561,-2
18313,1550,-2
18314,1560,-2
18315,1560,1
18316,1563,0
18317,1568,-2
18318,1563,-1
18319,1574,-1
18320,1563,-1
18321,1557,-2
18322,1567,1
18323,1575,-2
18324,1572,0
18325,1571,-1
18326,1581,3
18327,1568,0
18328,1559,0
18329,1543,-1
18330,1552,-1
18331,1557,-1
18332,1558,1
18333,1560,-1
18334,1570,0
18335,1580,-1
18336,1575,-1
18337,1573,0
18338,1573,-2
18339,1572,-1
18340,1580,0
18341,1564,-3
18342,1562,1
18343,1566,0
18344,1552,-1
18345,1544,0
18346,1555,0
18347,1567,-2
18348,1572,1
18349,1578,2
18350,1581,-1
18351,1602,0
18352,1590,-2
18353,1566,-1
18354,1562,-1
18355,1561,0
18356,1543,0
18357,1549,-2
18358,1555,-1
18359,1558,0
18360,1547,-1
18361,1555,-1
18362,1567,1
18363,1592,-2
18364,1585,1
18365,1581,0
18366,1580,-1
18367,1583,0
18368,1565,1
18369,1552,1
18370,1546,-1
18371,1544,0
18372,1547,-2
18373,1541,1
18374,1557,0
18375,1577,-1
18376,1565,-2
18377,1565,1
18378,1575,1
18379,1581,0
18380,1582,-1
18381,1581,0
18382,1568,0
18383,1575,-2
18384,1558,-2
18385,1540,-1
18386,1550,-2
18387,1552,-2
18388,1552,-1
18389,1560,-2
18390,1578,1
18391,1578,0
18392,1577,0
18393,1563,0
18394,1573,1
18395,1569,-1
18396,1573,0
18397,1551,0
18398,1562,0
18399,1569,-1
18400,1555,-1
18401,1550,-1
18402,1546,-1
18403,1563,0
18404,1565,-1
18405,1565,-2
18406,1572,0
18407,1587,-2
18408,1572,-2
18409,1570,-2
18410,1572,-1
18411,1569,1
18412,1566,0
18413,1554,1
18414,1552,-2
18415,1560,-1
18416,1548,0
18417,1540,-2
18418,1557,0
18419,1569,-1
18420,1572,-1
18421,1572,0
18422,1578,-2
18423,1584,-1
18424,1582,-1
18425,1566,0
18426,1558,0
18427,1558,1
18428,1553,3
18429,1549,-1
18430,1552,0
18431,1549,-1
18432,1549,0
18433,1557,1
18434,1563,-2
18435,1572,-1
18436,1584,-1
18437,1584,-2
18438,1579,1
18439,1592,0
18440,1566,-1
18441,1556,-1
18442,1546,0
18443,1548,0
18444,1537,0
18445,1551,1
18446,1552,0
18447,1568,-1
18448,1573,-1
18449,1573,2
18450,1581,1
18451,1595,1
18452,1581,-1
18453,1590,-1
18454,1579,-2
18455,1569,1
18456,1546,-2
18457,1544,-2
18458,1546,0
18459,1549,1
18460,1552,-1
18461,1566,-1
18462,1569,2
18463,1585,-2
18464,1586,-2
18465,1583,-1
18466,1574,-2
18467,1574,0
18468,1575,-1
18469,1555,1
18470,1561,0
18471,1557,0
18472,1542,0
18473,1546,0
18474,1557,-1
18475,1555,0
18476,1563,-2
18477,1587,1
18478,1581,-2
18479,1593,2
18480,1578,1
18481,1568,-2
18482,1569,-1
18483,1563,0
18484,1556,-1
18485,1558,-2
18486,1558,0
18487,1569,-1
18488,1566,1
18489,1558,1
18490,1555,-1
18491,1576,0
18492,1572,0
18493,1579,0
18494,1577,-1
18495,1586,1
18496,1566,1
18497,1563,0
18498,1561,1
18499,1557,-2
18500,1555,0
18501,1564,1
18502,1565,1
18503,1584,-1
18504,1572,-2
18505,1568,-1
18506,1565,-2
18507,1573,0
18508,1572,-1
18509,1572,-2
18510,1572,0
18511,1581,-1
18512,1574,0
18513,1561,-1
18514,1568,1
18515,1569,1
18516,1563,1
18517,1558,-1
18518,1563,-1
18519,1567,0
18520,1570,-1
18521,1557,0
18522,1569,0
18523,1574,0
18524,1569,0
18525,1569,1
18526,1577,-2
18527,1573,2
18528,1567,0
18529,1546,0
18530,1560,-2
18531,1563,-3
18532,1566,-2
18533,1560,1
18534,1560,-2
18535,1575,-2
18536,1571,-1
18537,1573,1
18538,1574,-2
18539,1587,-4
18540,1575,1
18541,1582,-1
18542,1580,-2
18543,1575,-1
18544,1561,-1
18545,1552,-1
18546,1557,0
18547,1560,1
18548,1563,-2
18549,1562,-1
18550,1572,-1
18551,1584,-1
18552,1570,-2
18553,1569,1
18554,1570,-1
18555,1578,-1
18556,1572,-2
18557,1563,0
18558,1560,1
18559,1575,0
18560,1546,0
18561,1566,-2
18562,1557,-1
18563,1556,-2
18564,1565,1
18565,1569,-1
18566,1578,-2
18567,1582,1
18568,1580,-2
18569,1569,1
18570,1571,-2
18571,1560,0
18572,1567,1
18573,1560,1
18574,1564,-1
18575,1574,-1
18576,1565,-1
18577,1565,-2
18578,1564,0
18579,1571,1
18580,1582,-1
18581,1573,1
18582,1574,-2
18583,1583,-1
18584,1569,0
18585,1566,0
18586,1570,-1
18587,1579,0
18588,1567,1
18589,1575,0
18590,1568,0
18591,1576,-1
18592,1563,-2
18593,1559,1
18594,1559,0
18595,1568,-2
18596,1570,-1
18597,1569,0
18598,1578,0
18599,1593,-1
18600,1575,0
18601,1572,0
18602,1560,-1
18603,1569,0
18604,1566,0
18605,1564,1
18606,1560,1
18607,1563,-1
18608,1564,-1
18609,1558,-2
18610,1571,-1
18611,1577,-1
18612,1580,-2
18613,1585,0
18614,1586,0
18615,1583,-1
18616,1571,1
18617,1562,1
18618,1561,-2
18619,1563,-2
18620,1552,-3
18621,1558,-2
18622,1560,0
18623,1572,-2
18624,1581,-1
18625,1575,1
18626,1579,0
18627,1587,0
18628,1593,-1
18629,1581,-1
18630,1583,-2
18631,1572,0
18632,1564,0
18633,1553,-1
18634,1546,-2
18635,1551,-3
18636,1559,0
18637,1565,1
18638,1575,0
18639,1590,-1
18640,1588,0
18641,1586,-2
18642,1593,0
18643,1582,-1
18644,1575,0
18645,1573,-2
18646,1568,1
18647,1559,0
18648,1552,-1
18649,1543,-1
18650,1558,-1
18651,1559,-1
18652,1574,-1
18653,1581,0
18654,1583,2
18655,1591,-1
18656,1595,0
18657,1569,-1
18658,1572,0
18659,1569,1
18660,1562,0
18661,1555,0
18662,1560,0
18663,1564,-1
18664,1555,1
18665,1553,0
18666,1562,-1
18667,1575,0
18668,1584,-1
18669,1593,0
18670,1581,0
18671,1580,-1
18672,1583,0
18673,1563,0
18674,1559,0
18675,1562,0
18676,1561,-2
18677,1564,-1
18678,1563,-3
18679,1575,1
18680,1576,1
18681,1569,-2
18682,1571,-2
18683,1582,1
18684,1583,1
18685,1588,-1
18686,1578,0
18687,1587,-1
18688,1579,0
18689,1559,0
18690,1559,-1
18691,1563,0
18692,1555,-3
18693,1560,1
18694,1568,0
18695,1566,1
18696,1579,-1
18697,1565,-1
18698,1569,-4
18699,1585,0
18700,1575,0
18701,1581,0
18702,1583,-2
18703,1587,-1
18704,1573,-3
18705,1557,0
18706,1559,-2
18707,1563,0
18708,1564,-2
18709,1557,0
18710,1567,2
18711,1575,-2
18712,1588,1
18713,1577,-2
18714,1581,0
18715,1591,-2
18716,1578,-1
18717,1582,-2
18718,1565,-1
18719,1564,-1
18720,1568,1
18721,1548,0
18722,1555,-1
18723,1567,0
18724,1565,1
18725,1575,0
18726,1584,-1
18727,1590,2
18728,1584,-1
18729,1566,-1
18730,1578,-2
18731,1578,1
18732,1571,0
18733,1555,1
18734,1558,-2
18735,1576,-2
18736,1570,0
18737,1552,1
18738,1563,-1
18739,1577,0
18740,1583,-1
18741,1584,0
18742,1581,0
18743,1583,-2
18744,1580,0
18745,1563,1
18746,1572,1
18747,1565,0
18748,1557,-2
18749,1556,-1
18750,1564,-2
18751,1569,1
18752,1576,-1
18753,1559,-1
18754,1570,-1
18755,1579,1
18756,1580,-1
18757,1581,0
18758,1573,0
18759,1576,1
18760,1571,-1
18761,1563,2
18762,1572,-1
18763,1572,-1
18764,1574,0
18765,1575,-1
18766,1567,1
18767,1578,-1
18768,1572,-2
18769,1552,-2
18770,1565,1
18771,1577,0
18772,1572,1
18773,1576,3
18774,1569,0
18775,1592,-1
18776,1586,-1
18777,1566,0
18778,1569,0
18779,1571,-1
18780,1571,1
18781,1573,-1
18782,1566,-2
18783,1572,1
18784,1560,-1
18785,1556,1
18786,1566,1
18787,1576,-2
18788,1576,-2
18789,1585,0
18790,1586,-2
18791,1593,0
18792,1577,-2
18793,1563,1
18794,1563,1
18795,1575,0
18796,1560,-1
18797,1559,-1
18798,1556,1
18799,1572,1
18800,1571,-1
18801,1572,-2
18802,1579,1
18803,1587,0
18804,1595,-2
18805,1591,1
18806,1575,0
18807,1581,1
18808,1564,-1
18809,1555,-1
18810,1555,-2
18811,1564,1
18812,1555,0
18813,1563,-1
18814,1564,-1
18815,1588,-2
18816,1584,-1
18817,1582,-2
18818,1593,1
18819,1586,0
18820,1578,-2
18821,1572,0
18822,1561,1
18823,1565,-2
18824,1557,0
18825,1545,-1
18826,1556,-3
18827,1569,0
18828,1575,-1
18829,1580,-1
18830,1587,0
18831,1594,-2
18832,1598,1
18833,1577,0
18834,1577,0
18835,1572,-2
18836,1569,-2
18837,1557,0
18838,1558,-2
18839,1570,-2
18840,1556,-2
18841,1552,0
18842,1564,0
18843,1574,-1
18844,1581,0
18845,1582,-2
18846,1579,0
18847,1587,-1
18848,1590,0
18849,1569,-2
18850,1566,-1
18851,1566,-1
18852,1564,-2
18853,1567,-1
18854,1558,-2
18855,1576,-1
18856,1566,2
18857,1555,-1
18858,1563,0
18859,1578,-1
18860,1584,-2
18861,1581,-1
18862,1590,-2
18863,1590,-2
18864,1583,-1
18865,1560,-2
18866,1560,0
18867,1560,-1
18868,1563,-2
18869,1561,-1
18870,1552,1
18871,1573,-1
18872,1556,0
18873,1560,1
18874,1579,-1
18875,1578,2
18876,1590,0
18877,1590,-1
18878,1582,-1
18879,1585,-1
18880,1575,0
18881,1553,0
18882,1552,1
18883,1557,1
18884,1559,1
18885,1558,-2
18886,1567,0
18887,1585,1
18888,1587,0
18889,1575,-2
18890,1587,-2
18891,1587,-1
18892,1596,0
18893,1583,-1
18894,1578,1
18895,1580,0
18896,1551,1
18897,1537,-1
18898,1552,0
18899,1560,-1
18900,1566,0
18901,1579,1
18902,1593,0
18903,1602,0
18904,1599,0
18905,1590,1
18906,1584,0
18907,1574,0
18908,1570,1
18909,1561,-1
18910,1555,0
18911,1564,-1
18912,1556,0
18913,1552,1
18914,1565,0
18915,1576,1
18916,1581,1
18917,1599,-1
18918,1593,-1
18919,1599,0
18920,1589,-2
18921,1574,1
18922,1560,0
18923,1558,-1
18924,1564,0
18925,1557,-3
18926,1553,0
18927,1563,-2
18928,1572,-2
18929,1576,-2
18930,1575,-2
18931,1585,-1
18932,1602,1
18933,1589,2
18934,1577,-1
18935,1586,-2
18936,1575,-2
18937,1557,0
18938,1560,-2
18939,1549,2
18940,1572,1
18941,1568,1
18942,1572,1
18943,1587,-2
18944,1583,-2
18945,1581,0
18946,1584,-2
18947,1575,0
18948,1578,-1
18949,1577,0
18950,1575,-2
18951,1583,-2
18952,1569,-2
18953,1556,-1
18954,1561,2
18955,1567,0
18956,1571,-3
18957,1580,-2
18958,1582,0
18959,1587,1
18960,1580,-2
18961,1577,-1
18962,1575,0
18963,1579,-1
18964,1581,-2
18965,1579,2
18966,1581,-1
18967,1578,1
18968,1569,1
18969,1568,0
18970,1565,0
18971,1564,0
18972,1570,-1
18973,1579,0
18974,1574,0
18975,1587,0
18976,1580,0
18977,1574,0
18978,1572,1
18979,1572,-2
18980,1578,-2
18981,1577,1
18982,1579,0
18983,1587,-2
18984,1572,-2
18985,1560,1
18986,1569,-2
18987,1564,-1
18988,1567,-1
18989,1576,-2
18990,1587,1
18991,1597,-1
18992,1588,-2
18993,1581,0
18994,1580,-2
18995,1569,1
18996,1585,-1
18997,1567,-1
18998,1568,0
18999,1581,-2
19000,1570,-2
19001,1571,0
19002,1571,-2
19003,1584,1
19004,1594,0
19005,1581,0
19006,1581,-1
19007,1598,-1
19008,1583,-2
19009,1578,-2
19010,1571,-2
19011,1566,1
19012,1578,-1
19013,1575,-1
19014,1576,-1
19015,1579,-1
19016,1575,-2
19017,1576,-2
19018,1575,-1
19019,1575,-2
19020,1583,0
19021,1588,1
19022,1582,-1
19023,1588,-2
19024,1581,0
19025,1575,-1
19026,1575,-1
19027,1565,0
19028,1581,-2
19029,1578,-1
19030,1579,1
19031,1579,0
19032,1575,-2
19033,1572,-1
19034,1564,-1
19035,1569,0
19036,1572,-2
19037,1576,-2
19038,1578,0
19039,1590,1
19040,1581,-1
19041,1583,0
19042,1581,0
19043,1567,-2
19044,1576,0
19045,1568,1
19046,1563,-1
19047,1588,-2
19048,1572,0
19049,1566,1
19050,1570,1
19051,1576,1
19052,1585,0
19053,1594,-2
19054,1595,-2
19055,1596,0
19056,1578,-4
19057,1573,-1
19058,1566,0
19059,1563,0
19060,1568,-1
19061,1568,1
19062,1566,1
19063,1588,0
19064,1581,-1
19065,1585,-2
19066,1585,-2
19067,1594,-2
19068,1598,1
19069,1583,-1
19070,1584,1
19071,1588,0
19072,1574,0
19073,1574,-2
19074,1552,1
19075,1557,-2
19076,1567,-2
19077,1578,-2
19078,1578,-1
19079,1608,-1
19080,1597,-1
19081,1599,0
19082,1596,-1
19083,1591,-1
19084,1589,-2
19085,1573,1
19086,1575,2
19087,1578,-2
19088,1569,1
19089,1558,-1
19090,1562,-2
19091,1582,0
19092,1584,-1
19093,1589,-2
19094,1605,-1
19095,1605,-2
19096,1599,2
19097,1590,2
19098,1576,1
19099,1575,0
19100,1571,-1
19101,1563,-1
19102,1565,0
19103,1577,1
19104,1563,0
19105,1577,-1
19106,1572,-2
19107,1580,2
19108,1597,-2
19109,1594,0
19110,1590,-1
19111,1611,1
19112,1590,-1
19113,1575,-1
19114,1563,0
19115,1566,-1
19116,1566,0
19117,1569,1
19118,1568,1
19119,1581,3
19120,1579,-2
19121,1575,1
19122,1590,-1
19123,1575,-1
19124,1590,1
19125,1595,-1
19126,1585,-1
19127,1594,1
19128,1578,0
19129,1573,0
19130,1561,-2
19131,1566,-1
19132,1563,0
19133,1568,-3
19134,1572,-1
19135,1591,-2
19136,1580,-3
19137,1592,-2
19138,1581,-2
19139,1593,-1
19140,1602,2
19141,1587,-1
19142,1586,1
19143,1599,1
19144,1575,-1
19145,1566,1
19146,1556,-1
19147,1555,-2
19148,1568,0
19149,1579,-2
19150,1582,-1
19151,1598,-1
19152,1592,0
19153,1590,0
19154,1594,-1
19155,1588,0
19156,1595,1
19157,1584,-1
19158,1572,-1
19159,1578,0
19160,1566,0
19161,1566,0
19162,1556,1
19163,1566,-1
19164,1582,-1
19165,1595,-2
19166,1602,1
19167,1612,-2
19168,1601,1
19169,1611,-1
19170,1588,1
19171,1581,-2
19172,1579,0
19173,1566,1
19174,1562,-2
19175,1574,-1
19176,1570,-2
19177,1564,-1
19178,1564,-1
19179,1583,-1
19180,1600,-1
19181,1605,-2
19182,1596,1
19183,1605,1
19184,1599,-1
19185,1587,-2
19186,1566,-2
19187,1549,0
19188,1572,-1
19189,1560,-2
19190,1572,0
19191,1582,-2
19192,1593,3
19193,1583,1
19194,1592,-1
19195,1598,-2
19196,1608,0
19197,1599,-2
19198,1591,0
19199,1604,-1
19200,1577,0
19201,1569,1
19202,1566,0
19203,1566,-2
19204,1578,1
19205,1578,-1
19206,1580,-2
19207,1593,1
19208,1599,1
19209,1598,0
19210,1588,-2
19211,1581,0
19212,1596,1
19213,1590,0
19214,1580,-2
19215,1590,-2
19216,1576,-2
19217,1566,-1
19218,1569,0
19219,1569,0
19220,1579,-2
19221,1580,-1
19222,1587,0
19223,1601,-1
19224,1590,-2
19225,1590,-2
19226,1581,2
19227,1578,-1
19228,1581,-1
19229,1581,-1
19230,1577,-1
19231,1590,1
19232,1571,-2
19233,1575,-2
19234,1575,-1
19235,1563,0
19236,1578,-1
19237,1587,-2
19238,1589,-4
19239,1602,0
19240,1591,-1
19241,1592,1
19242,1581,1
19243,1590,0
19244,1576,0
19245,1592,1
19246,1581,1
19247,1585,2
19248,1572,1
19249,1570,0
19250,1569,0
19251,1573,-1
19252,1589,1
19253,1593,-1
19254,1592,0
19255,1612,1
19256,1595,-2
19257,1590,0
19258,1589,-1
19259,1587,-1
19260,1582,-1
19261,1578,1
19262,1575,-1
19263,1592,-1
19264,1582,-2
19265,1576,1
19266,1572,-1
19267,1586,0
19268,1593,1
19269,1590,1
19270,1599,-2
19271,1603,-2
19272,1591,0
19273,1582,-1
19274,1582,0
19275,1569,1
19276,1577,-1
19277,1575,0
19278,1575,-2
19279,1586,-2
19280,1582,-2
19281,1589,0
19282,1583,1
19283,1596,-1
19284,1596,1
19285,1594,0
19286,1589,-1
19287,1597,1
19288,1581,-2
19289,1576,0
19290,1572,-1
19291,1572,0
19292,1581,-2
19293,1584,-1
19294,1578,-1
19295,1587,1
19296,1598,-1
19297,1593,-1
19298,1588,0
19299,1580,1
19300,1594,-1
19301,1588,0
19302,1584,0
19303,1602,1
19304,1578,-1
19305,1580,-3
19306,1574,-2
19307,1578,0
19308,1586,-1
19309,1581,-3
19310,1576,-1
19311,1595,1
19312,1584,-2
19313,1590,-2
19314,1584,-2
19315,1581,-1
19316,1595,-2
19317,1601,1
19318,1593,-2
19319,1602,-1
19320,1599,-1
19321,1575,1
19322,1569,1
19323,1572,-1
19324,1571,-2
19325,1575,-2
19326,1587,0
19327,1604,0
19328,1602,1
19329,1591,0
19330,1592,1
19331,1589,0
19332,1590,2
19333,1599,0
19334,1590,-1
19335,1591,-2
19336,1581,0
19337,1572,-1
19338,1563,-1
19339,1569,1
19340,1581,0
19341,1595,1
19342,1594,-2
19343,1609,-1
19344,1609,1
19345,1602,0
19346,1591,-1
19347,1583,-1
19348,1580,0
19349,1575,-2
19350,1568,-2
19351,1566,-2
19352,1566,-1
19353,1570,-1
19354,1565,-1
19355,1593,0
19356,1601,-1
19357,1602,2
19358,1599,-1
19359,1622,0
19360,1611,0
19361,1587,0
19362,1572,-1
19363,1566,2
19364,1571,1
19365,1569,-1
19366,1563,0
19367,1587,-1
19368,1582,-3
19369,1605,-1
19370,1592,0
19371,1602,-2
19372,1614,-2
19373,1605,1
19374,1599,-1
19375,1607,-1
19376,1595,0
19377,1578,-2
19378,1562,1
19379,1572,-1
19380,1570,0
19381,1578,0
19382,1578,0
19383,1594,1
19384,1611,1
19385,1604,1
19386,1588,-1
19387,1589,-1
19388,1596,1
19389,1593,-1
19390,1584,-1
19391,1587,-2
19392,1579,-1
19393,1575,-2
19394,1575,0
19395,1574,-3
19396,1590,-2
19397,1590,-2
19398,1593,-2
19399,1603,-1
19400,1602,-1
19401,1596,0
19402,1582,-1
19403,1592,1
19404,1601,-2
19405,1591,-1
19406,1572,1
19407,1590,0
19408,1586,0
19409,1579,1
19410,1572,1
19411,1585,-1
19412,1579,-2
19413,1584,0
19414,1594,-2
19415,1600,-2
19416,1604,-2
19417,1596,0
19418,1596,1
19419,1588,-1
19420,1585,1
19421,1586,-2
19422,1584,-1
19423,1586,-2
19424,1571,1
19425,1569,0
19426,1568,1
19427,1580,1
19428,1593,-1
19429,1591,-2
19430,1591,-2
19431,1604,-2
19432,1599,1
19433,1604,-2
19434,1578,-1
19435,1581,1
19436,1574,0
19437,1571,1
19438,1574,0
19439,1582,-2
19440,1587,-1
19441,1576,2
19442,1584,0
19443,1583,-2
19444,1599,-1
19445,1603,1
19446,1594,-2
19447,1607,0
19448,1604,0
19449,1582,0
19450,1570,1
19451,1572,-2
19452,1574,-2
19453,1576,0
19454,1579,0
19455,1593,-1
19456,1596,-2
19457,1606,-2
19458,1585,0
19459,1605,-1
19460,1599,0
19461,1602,0
19462,1599,-1
19463,1595,-2
19464,1581,1
19465,1584,0
19466,1577,0
19467,1578,1
19468,1587,-2
19469,1586,-1
19470,1587,-3
19471,1599,-2
19472,1610,1
19473,1601,-1
19474,1584,1
19475,1590,-1
19476,1600,-2
19477,1593,-1
19478,1587,-2
19479,1587,-2
19480,1587,-1
19481,1587,0
19482,1580,0
19483,1584,1
19484,1589,-2
19485,1596,0
19486,1598,-2
19487,1602,1
19488,1607,-1
19489,1596,0
19490,1582,-2
19491,1590,0
19492,1596,0
19493,1584,-1
19494,1586,-2
19495,1601,0
19496,1588,-1
19497,1591,1
19498,1575,1
19499,1586,1
19500,1577,0
19501,1587,0
19502,1587,-2
19503,1599,0
19504,1596,0
19505,1593,0
19506,1592,-2
19507,1591,-1
19508,1598,1
19509,1584,0
19510,1582,-1
19511,1596,-2
19512,1589,0
19513,1574,1
19514,1569,-1
19515,1586,-1
19516,1586,1
19517,1587,-2
19518,1593,1
19519,1611,0
19520,1609,-3
19521,1602,-1
19522,1588,-2
19523,1584,0
19524,1590,1
19525,1576,1
19526,1560,0
19527,1576,1
19528,1580,-2
19529,1567,-2
19530,1573,-2
19531,1590,0
19532,1602,0
19533,1605,-3
19534,1605,1
19535,1621,-2
19536,1608,0
19537,1591,0
19538,1571,-2
19539,1574,1
19540,1572,1
19541,1575,-2
19542,1574,0
19543,1583,-1
19544,1594,-2
19545,1588,-2
19546,1587,0
19547,1601,-1
19548,1615,0
19549,1614,0
19550,1605,0
19551,1603,0
19552,1599,-1
19553,1577,-2
19554,1568,-1
19555,1570,-2
19556,1575,-1
19557,1578,-1
19558,1586,-1
19559,1601,1
19560,1612,1
19561,1606,-2
19562,1595,-1
19563,1596,-1
19564,1607,1
19565,1606,0
19566,1596,-1
19567,1579,-2
19568,1592,-2
19569,1581,0
19570,1577,0
19571,1579,0
19572,1584,0
19573,1599,-2
19574,1602,0
19575,1607,0
19576,1609,2
19577,1601,-2
19578,1603,-1
19579,1596,-2
19580,1593,-2
19581,1593,-1
19582,1592,1
19583,1598,-2
19584,1593,1
19585,1579,-1
19586,1565,-2
19587,1578,-1
19588,1591,-1
19589,1590,2
19590,1608,-2
19591,1602,0
19592,1618,0
19593,1610,-1
19594,1596,0
19595,1589,-1
19596,1591,0
19597,1580,-2
19598,1580,0
19599,1581,-1
19600,1587,0
19601,1577,-2
19602,1581,0
19603,1590,-2
19604,1604,-1
19605,1608,-2
19606,1614,-1
19607,1611,-2
19608,1620,0
19609,1596,-1
19610,1584,-1
19611,1581,-2
19612,1579,0
19613,1572,-2
19614,1566,1
19615,1576,-3
19616,1587,-2
19617,1575,0
19618,1584,-2
19619,1599,-1
19620,1617,1
19621,1613,0
19622,1609,-1
19623,1614,-2
19624,1611,-2
19625,1585,1
19626,1569,1
19627,1572,-2
19628,1570,1
19629,1579,-2
19630,1578,1
19631,1594,1
19632,1614,0
19633,1618,0
19634,1605,-1
19635,1608,-1
19636,1609,1
19637,1606,-2
19638,1599,1
19639,1594,-2
19640,1586,-2
19641,1579,2
19642,1571,-1
19643,1568,0
19644,1578,-2
19645,1594,1
19646,1602,0
19647,1616,0
19648,1627,-2
19649,1611,-1
19650,1598,2
19651,1596,1
19652,1597,0
19653,1587,-1
19654,1578,0
19655,1588,0
19656,1590,-2
19657,1586,-2
19658,1584,-2
19659,1584,-1
19660,1596,-2
19661,1608,0
19662,1611,1
19663,1604,-2
19664,1614,1
19665,1597,1
19666,1597,1
19667,1596,0
19668,1584,0
19669,1585,1
19670,1582,1
19671,1594,0
19672,1599,0
19673,1594,-1
19674,1591,0
19675,1587,1
19676,1602,1
19677,1597,-1
19678,1600,0
19679,1599,2
19680,1610,0
19681,1590,-2
19682,1597,-2
19683,1593,-1
19684,1593,-2
19685,1590,0
19686,1593,-2
19687,1592,-2
19688,1604,0
19689,1595,-2
19690,1590,-1
19691,1593,-2
19692,1598,1
19693,1600,-2
19694,1602,3
19695,1606,-2
19696,1606,0
19697,1602,-2
19698,1583,-2
19699,1584,1
19700,1599,1
19701,1590,0
19702,1585,-1
19703,1585,1
19704,1593,1
19705,1595,-1
19706,1599,1
19707,1599,-2
19708,1605,0
19709,1603,0
19710,1602,-2
19711,1609,1
19712,1616,0
19713,1598,1
19714,1579,-1
19715,1573,0
19716,1584,-1
19717,1586,1
19718,1590,-2
19719,1602,-2
19720,1602,1
19721,1609,0
19722,1593,0
19723,1599,-2
19724,1609,-1
19725,1609,-2
19726,1600,1
19727,1590,1
19728,1596,-2
19729,1596,-2
19730,1590,1
19731,1586,-3
19732,1595,-1
19733,1590,0
19734,1592,-1
19735,1607,-2
19736,1610,-2
19737,1606,-1
19738,1596,1
19739,1593,1
19740,1602,-1
19741,1597,-2
19742,1587,-1
19743,1592,0
19744,1597,-2
19745,1592,-1
19746,1583,-1
19747,1584,1
19748,1590,-2
19749,1596,-1
19750,1599,-2
19751,1601,0
19752,1608,0
19753,1605,1
19754,1593,0
19755,1600,-3
19756,1587,-1
19757,1599,0
19758,1603,-2
19759,1605,1
19760,1602,-1
19761,1597,-2
19762,1585,-1
19763,1593,-2
19764,1581,0
19765,1590,0
19766,1597,-1
19767,1602,1
19768,1611,-2
19769,1607,-1
19770,1596,-2
19771,1604,-2
19772,1599,-2
19773,1588,1
19774,1594,-1
19775,1590,1
19776,1593,0
19777,1581,1
19778,1590,-2
19779,1587,0
19780,1598,1
19781,1607,1
19782,1608,1
19783,1603,1
19784,1624,-1
19785,1609,-1
19786,1596,2
19787,1601,0
19788,1587,-1
19789,1586,-1
19790,1578,-1
19791,1578,1
19792,1591,0
19793,1590,-1
19794,1598,-2
19795,1608,0
19796,1611,0
19797,1618,-2
19798,1625,-1
19799,1607,-1
19800,1617,0
19801,1590,-1
19802,1584,-2
19803,1579,-1
19804,1580,0
19805,1583,-1
19806,1578,-1
19807,1598,-1
19808,1602,1
19809,1599,-1
19810,1602,-1
19811,1615,-1
19812,1621,-2
19813,1620,1
19814,1609,-1
19815,1586,-1
19816,1593,0
19817,1588,0
19818,1577,-2
19819,1575,0
19820,1586,-2
19821,1580,1
19822,1593,-1
19823,1605,-1
19824,1612,1
19825,1619,-1
19826,1602,0
19827,1607,-1
19828,1605,1
19829,1596,0
19830,1593,-2
19831,1590,-3
19832,1589,-1
19833,1587,1
19834,1584,-2
19835,1589,-2
19836,1597,1
19837,1598,-2
19838,1606,-2
19839,1609,-2
19840,1617,0
19841,1608,-2
19842,1606,1
19843,1604,-1
19844,1592,-1
19845,1591,-2
19846,1585,0
19847,1587,-1
19848,1601,-2
19849,1587,0
19850,1584,0
19851,1591,-2
19852,1596,1
19853,1610,-2
19854,1610,0
19855,1611,-1
19856,1617,-2
19857,1607,-1
19858,1602,-2
19859,1596,-1
19860,1587,-2
19861,1583,-1
19862,1585,-1
19863,1587,0
19864,1590,-1
19865,1590,0
19866,1593,-1
19867,1602,-1
19868,1614,0
19869,1616,-2
19870,1612,0
19871,1614,-1
19872,1620,-2
19873,1605,-2
19874,1596,0
19875,1583,0
19876,1588,0
19877,1578,0
19878,1578,1
19879,1588,0
19880,1595,-2
19881,1598,-2
19882,1596,0
19883,1609,1
19884,1620,-2
19885,1608,-1
19886,1615,-2
19887,1605,1
19888,1610,0
19889,1593,-2
19890,1573,-2
19891,1569,0
19892,1578,2
19893,1580,0
19894,1588,-2
19895,1596,-2
19896,1618,-1
19897,1618,0
19898,1607,0
19899,1617,-2
19900,1619,-2
19901,1600,0
19902,1601,-1
19903,1590,-1
19904,1588,-2
19905,1588,0
19906,1570,-2
19907,1584,-1
19908,1592,-1
19909,1595,1
19910,1606,-2
19911,1612,0
19912,1611,-3
19913,1615,0
19914,1603,-2
19915,1597,1
19916,1592,-3
19917,1580,-2
19918,1584,1
19919,1586,0
19920,1594,0
19921,1587,-1
19922,1585,-1
19923,1601,-2
19924,1604,-2
19925,1619,1
19926,1617,-2
19927,1610,-2
19928,1607,-1
19929,1608,0
19930,1583,1
19931,1587,-1
19932,1587,-2
19933,1578,0
19934,1581,-1
19935,1597,0
19936,1595,-2
19937,1598,1
19938,1582,-2
19939,1601,-3
19940,1605,-1
19941,1610,-1
19942,1608,0
19943,1607,0
19944,1611,1
19945,1605,0
19946,1595,-1
19947,1592,-2
19948,1586,-1
19949,1591,0
19950,1586,-1
19951,1597,1
19952,1607,1
19953,1599,-1
19954,1581,-1
19955,1596,-1
19956,1605,2
19957,1605,1
19958,1603,-1
19959,1605,1
19960,1612,1
19961,1608,-2
19962,1581,-2
19963,1594,1
19964,1588,-2
19965,1584,0
19966,1590,-1
19967,1592,-2
19968,1607,1
19969,1605,0
19970,1597,0
19971,1597,-2
19972,1606,0
19973,1614,0
19974,1612,0
19975,1611,0
19976,1602,-2
19977,1589,-1
19978,1582,-2
19979,1592,-2
19980,1586,-2
19981,1585,0
19982,1585,0
19983,1596,-2
19984,1612,-1
19985,1606,-1
19986,1605,1
19987,1604,-1
19988,1611,0
19989,1602,-1
19990,1597,-1
19991,1587,-2
19992,1593,1
19993,1587,0
19994,1578,-1
19995,1586,-3
19996,1596,-2
19997,1604,0
19998,1605,-2
19999,1617,0
20000,1626,1
20001,1612,0
20002,1596,-2
20003,1599,-2
20004,1602,2
20005,1595,0
20006,1584,-1
20007,1587,-2
20008,1594,0
20009,1593,-1
20010,1585,0
20011,1588,0
20012,1597,0
20013,1606,-2
20014,1599,1
20015,1601,1
20016,1608,1
20017,1599,0
20018,1595,-1
20019,1590,-2
20020,1587,1
20021,1588,-1
20022,1582,-2
20023,1591,0
20024,1601,-1
20025,1599,-2
20026,1583,-2
20027,1600,0
20028,1602,-1
20029,1605,-1
20030,1608,-2
20031,1605,-1
20032,1610,0
20033,1604,-2
20034,1587,-2
20035,1599,-2
20036,1599,-1
20037,1595,-1
20038,1600,1
20039,1598,0
20040,1600,-1
20041,1594,-1
20042,1593,1
20043,1600,-2
20044,1602,-2
20045,1606,-2
20046,1605,-1
20047,1612,-2
20048,1616,-2
20049,1611,0
20050,1584,0
20051,1593,1
20052,1599,0
20053,1586,0
20054,1582,0
20055,1594,0
20056,1611,-1
20057,1597,-2
20058,1590,0
20059,1604,-2
20060,1619,0
20061,1617,0
20062,1614,-1
20063,1608,1
20064,1619,-2
20065,1594,-1
20066,1576,-2
20067,1574,-1
20068,1584,-2
20069,1584,-1
20070,1584,-2
20071,1602,1
20072,1610,-1
20073,1613,-1
20074,1600,0
20075,1608,-1
20076,1624,0
20077,1604,0
20078,1599,-4
20079,1590,1
20080,1592,-1
20081,1588,-2
20082,1570,-1
20083,1572,1
20084,1586,-2
20085,1597,0
20086,1602,0
20087,1615,0
20088,1625,-2
20089,1619,-1
20090,1608,1
20091,1600,0
20092,1608,-1
20093,1599,-1
20094,1591,-1
20095,1578,-1
20096,1586,0
20097,1595,-2
20098,1583,0
20099,1594,0
20100,1608,-1
20101,1608,-2
20102,1605,-2
20103,1604,-1
20104,1617,-1
20105,1603,1
20106,1598,-2
20107,1594,1
20108,1587,0
20109,1587,-2
20110,1588,-2
20111,1600,-1
20112,1606,0
20113,1587,-2
20114,1587,-1
20115,1599,2
20116,1603,-2
20117,1604,-1
20118,1605,-1
20119,1602,0
20120,1618,-1
20121,1605,-2
20122,1591,1
20123,1584,0
20124,1593,-1
20125,1593,0
20126,1595,-4
20127,1591,1
20128,1588,-2
20129,1599,-1
20130,1588,-1
20131,1596,0
20132,1601,-1
20133,1608,-1
20134,1609,-2
20135,1608,1
20136,1616,-2
20137,1604,-2
20138,1587,-1
20139,1588,1
20140,1594,1
20141,1588,-2
20142,1584,-2
20143,1599,-2
20144,1611,-2
20145,1610,-2
20146,1602,1
20147,1608,-2
20148,1610,-2
20149,1618,1
20150,1611,0
20151,1596,-1
20152,1608,1
20153,1601,-4
20154,1575,-1
20155,1581,-1
20156,1589,1
20157,1588,1
20158,1597,1
20159,1601,1
20160,1619,-1
20161,1615,-2
20162,1612,-1
20163,1609,-3
20164,1612,-1
20165,1611,-1
20166,1604,-2
20167,1593,0
20168,1594,-2
20169,1587,-2
20170,1582,-2
20171,1586,-2
20172,1605,3
20173,1601,-1
20174,1607,-3
20175,1620,-1
20176,1635,0
20177,1620,-2
20178,1607,0
20179,1608,-2
20180,1598,-1
20181,1598,0
20182,1585,-2
20183,1587,-1
20184,1602,-1
20185,1594,-2
20186,1593,0
20187,1599,-3
20188,1604,0
20189,1622,-1
20190,1619,0
20191,1615,-1
20192,1625,0
20193,1620,1
20194,1593,0
20195,1602,1
20196,1580,1
20197,1583,-1
20198,1591,-1
20199,1596,0
20200,1601,0
20201,1603,0
20202,1596,1
20203,1605,-1
20204,1612,0
20205,1612,0
20206,1607,-1
20207,1611,-1
20208,1611,-2
20209,1601,1
20210,1591,-2
20211,1593,1
20212,1591,-1
20213,1600,1
20214,1598,-2
20215,1599,0
20216,1614,0
20217,1610,-2
20218,1596,-2
20219,1605,0
20220,1603,-1
20221,1615,-1
20222,1614,1
20223,1620,1
20224,1617,1
20225,1610,0
20226,1592,1
20227,1601,-2
20228,1594,-1
20229,1598,3
20230,1595,-2
20231,1601,-2
20232,1622,0
20233,1609,-2
20234,1604,1
20235,1603,-1
20236,1620,0
20237,1624,-1
20238,1606,1
20239,1605,0
20240,1619,0
20241,1598,-1
20242,1575,-2
20243,1590,-2
20244,1580,-2
20245,1591,-1
20246,1598,-1
20247,1596,0
20248,1621,-2
20249,1618,-1
20250,1611,-2
20251,1610,0
20252,1609,-1
20253,1615,-2
20254,1602,1
20255,1593,1
20256,1601,-2
20257,1589,0
20258,1586,-2
20259,1584,1
20260,1595,-2
20261,1602,1
20262,1622,0
20263,1618,-2
20264,1628,-1
20265,1629,1
20266,1614,-1
20267,1606,-2
20268,1595,-1
20269,1587,0
20270,1584,0
20271,1587,-2
20272,1593,-2
20273,1596,-1
20274,1600,-1
20275,1591,1
20276,1605,1
20277,1616,-1
20278,1624,-1
20279,1617,0
20280,1618,-2
20281,1605,-1
20282,1593,-1
20283,1595,-1
20284,1590,0
20285,1587,0
20286,1593,-2
20287,1593,-1
20288,1608,-2
20289,1607,-1
20290,1606,-2
20291,1611,0
20292,1608,1
20293,1613,-2
20294,1615,-1
20295,1611,0
20296,1621,1
20297,1605,-1
20298,1596,-2
20299,1593,1
20300,1592,-1
20301,1596,-1
20302,1593,0
20303,1603,1
20304,1613,-3
20305,1606,0
20306,1599,0
20307,1610,-3
20308,1605,-1
20309,1614,-1
20310,1599,-1
20311,1607,0
20312,1614,2
20313,1605,0
20314,1595,-1
20315,1593,-2
20316,1590,-2
20317,1593,-2
20318,1596,0
20319,1602,1
20320,1614,-1
20321,1620,0
20322,1622,-2
20323,1610,-2
20324,1612,1
20325,1617,-2
20326,1611,-1
20327,1611,1
20328,1612,-3
20329,1601,-1
20330,1582,-1
20331,1584,1
20332,1591,1
20333,1594,-2
20334,1602,1
20335,1622,0
20336,1623,1
20337,1630,-1
20338,1620,-1
20339,1610,-2
20340,1611,-1
20341,1620,-3
20342,1594,0
20343,1586,1
20344,1606,0
20345,1593,1
20346,1589,0
20347,1594,-2
20348,1599,-2
20349,1608,0
20350,1622,1
20351,1623,-1
20352,1637,-2
20353,1617,1
20354,1617,1
20355,1597,0
20356,1596,0
20357,1593,-1
20358,1587,0
20359,1590,0
20360,1601,1
20361,1591,0
20362,1604,0
20363,1613,-2
20364,1610,1
20365,1620,2
20366,1625,-2
20367,1613,-2
20368,1623,1
20369,1610,1
20370,1598,-2
20371,1599,-2
20372,1584,-1
20373,1598,-1
20374,1597,0
20375,1608,1
20376,1619,-1
20377,1613,1
20378,1619,-2
20379,1612,-1
20380,1609,0
20381,1611,0
20382,1611,-2
20383,1606,-1
20384,1612,0
20385,1606,-1
20386,1604,-1
20387,1598,3
20388,1595,-1
20389,1602,-2
20390,1607,0
20391,1608,-2
20392,1630,-1
20393,1620,0
20394,1615,-1
20395,1599,1
20396,1620,-2
20397,1605,0
20398,1614,1
20399,1604,1
20400,1612,-1
20401,1608,0
20402,1602,-1
20403,1590,0
20404,1595,1
20405,1604,1
20406,1612,-1
20407,1612,1
20408,1636,0
20409,1621,0
20410,1614,-3
20411,1617,-2
20412,1617,-2
20413,1620,1
20414,1608,1
20415,1607,0
20416,1612,0
20417,1605,-1
20418,1597,-1
20419,1592,1
20420,1591,1
20421,1600,-1
20422,1607,1
20423,1608,-2
20424,1628,-1
20425,1625,0
20426,1628,-2
20427,1613,0
20428,1603,-1
20429,1620,-3
20430,1600,1
20431,1602,1
20432,1608,1
20433,1596,-3
20434,1599,-2
20435,1593,0
20436,1604,-1
20437,1620,-1
20438,1625,-1
20439,1618,-1
20440,1631,1
20441,1626,-1
20442,1623,-1
20443,1596,-1
20444,1605,0
20445,1595,-2
20446,1587,-1
20447,1600,0
20448,1609,-1
20449,1599,0
20450,1605,0
20451,1601,0
20452,1611,-1
20453,1623,-2
20454,1611,-1
20455,1611,1
20456,1629,1
20457,1613,1
20458,1601,-1
20459,1590,-3
20460,1594,-3
20461,1593,0
20462,1601,2
20463,1598,-2
20464,1608,0
20465,1615,0
20466,1614,-2
20467,1616,1
20468,1614,0
20469,1614,-1
20470,1617,-1
20471,1615,0
20472,1614,1
20473,1597,0
20474,1593,-2
20475,1596,2
20476,1601,1
20477,1604,1
20478,1606,-3
20479,1603,0
20480,1634,-2
20481,1615,0
20482,1618,0
20483,1608,-2
20484,1609,-2
20485,1622,1
20486,1619,1
20487,1617,-1
20488,1626,-2
20489,1611,-2
20490,1608,0
20491,1602,1
20492,1593,0
20493,1602,-1
20494,1608,0
20495,1602,-1
20496,1622,0
20497,1617,1
20498,1613,-1
20499,1613,-1
20500,1622,-1
20501,1626,0
20502,1617,-2
20503,1617,-1
20504,1618,-2
20505,1610,1
20506,1605,-1
20507,1590,0
20508,1596,1
20509,1606,-2
20510,1609,-2
20511,1627,0
20512,1632,-1
20513,1623,0
20514,1630,-1
20515,1625,1
20516,1608,-2
20517,1617,-1
20518,1607,-1
20519,1610,-1
20520,1613,0
20521,1593,1
20522,1601,0
20523,1594,-2
20524,1602,-2
20525,1611,0
20526,1623,-1
20527,1626,-1
20528,1637,-1
20529,1633,-2
20530,1621,1
20531,1611,-2
20532,1602,-2
20533,1594,-2
20534,1601,1
20535,1595,-1
20536,1614,1
20537,1605,-1
20538,1607,-2
20539,1606,-1
20540,1618,0
20541,1629,1
20542,1628,0
20543,1628,1
20544,1638,-1
20545,1615,0
20546,1605,-2
20547,1596,-1
20548,1599,1
20549,1597,-1
20550,1595,-1
20551,1596,0
20552,1616,-1
20553,1613,-2
20554,1621,1
20555,1622,-1
20556,1616,1
20557,1622,-1
20558,1617,-2
20559,1616,-1
20560,1615,1
20561,1604,0
20562,1603,-2
20563,1587,0
20564,1596,-1
20565,1602,0
20566,1606,-1
20567,1609,-1
20568,1625,-1
20569,1622,0
20570,1616,-2
20571,1610,-1
20572,1611,-1
20573,1620,-1
20574,1620,-1
20575,1608,0
20576,1620,1
20577,1602,-2
20578,1604,-2
20579,1587,1
20580,1596,-2
20581,1602,0
20582,1605,-1
20583,1608,-1
20584,1619,-2
20585,1625,-1
20586,1613,-2
20587,1614,1
20588,1612,0
20589,1621,0
20590,1609,0
20591,1605,-1
20592,1614,-2
20593,1608,-1
20594,1589,1
20595,1596,-3
20596,1592,-1
20597,1608,1
20598,1614,-1
20599,1611,1
20600,1633,0
20601,1631,1
20602,1629,-2
20603,1614,1
20604,1618,-1
20605,1605,0
20606,1605,0
20607,1596,-2
20608,1597,-1
20609,1597,1
20610,1603,-3
20611,1595,-2
20612,1616,0
20613,1619,-1
20614,1626,1
20615,1625,-2
20616,1642,-1
20617,1630,-1
20618,1624,-2
20619,1601,0
20620,1596,-1
20621,1592,-2
20622,1592,-1
20623,1593,0
20624,1610,0
20625,1605,1
20626,1615,1
20627,1619,0
20628,1631,-2
20629,1634,-1
20630,1626,1
20631,1622,1
20632,1628,1
20633,1617,1
20634,1604,-2
20635,1586,-1
20636,1603,0
20637,1605,-1
20638,1597,1
20639,1608,-1
20640,1625,1
20641,1620,0
20642,1628,-1
20643,1630,-1
20644,1621,1
20645,1625,0
20646,1617,0
20647,1613,-1
20648,1622,0
20649,1599,1
20650,1596,-1
20651,1587,-1
20652,1607,0
20653,1602,-2
20654,1622,0
20655,1618,-1
20656,1634,0
20657,1622,1
20658,1620,1
20659,1602,-1
20660,1620,-2
20661,1614,-1
20662,1617,-2
20663,1613,-1
20664,1613,0
20665,1610,0
20666,1599,1
20667,1601,1
20668,1599,0
20669,1611,-1
20670,1616,-2
20671,1621,-2
20672,1631,1
20673,1627,-2
20674,1614,-2
20675,1616,-1
20676,1617,1
20677,1618,-2
20678,1621,-1
20679,1607,-2
20680,1611,0
20681,1605,-1
20682,1610,0
20683,1590,-1
20684,1605,-2
20685,1617,-1
20686,1624,-1
20687,1630,-2
20688,1631,0
20689,1634,0
20690,1625,1
20691,1615,0
20692,1609,1
20693,1608,-1
20694,1603,1
20695,1602,-1
20696,1617,1
20697,1619,0
20698,1605,-2
20699,1605,1
20700,1615,-2
20701,1635,-2
20702,1628,-1
20703,1622,0
20704,1640,0
20705,1637,-1
20706,1620,-2
20707,1602,-2
20708,1598,-1
20709,1600,-2
20710,1588,0
20711,1596,0
20712,1608,-2
20713,1622,0
20714,1615,1
20715,1625,-1
20716,1630,-1
20717,1640,-1
20718,1634,-1
20719,1623,-2
20720,1619,1
20721,1615,0
20722,1602,-2
20723,1593,1
20724,1600,0
20725,1604,1
20726,1601,-1
20727,1605,-2
20728,1625,-1
20729,1629,-2
20730,1625,-1
20731,1615,0
20732,1617,1
20733,1618,-2
20734,1624,0
20735,1610,-1
20736,1609,-1
20737,1609,-2
20738,1605,0
20739,1600,-2
20740,1617,2
20741,1612,0
20742,1615,-2
20743,1628,0
20744,1627,1
20745,1630,0
20746,1627,0
20747,1622,-1
20748,1614,-1
20749,1617,-1
20750,1620,1
20751,1611,0
20752,1622,-3
20753,1609,1
20754,1614,-1
20755,1603,-1
20756,1599,-1
20757,1618,-1
20758,1617,1
20759,1613,0
20760,1628,0
20761,1619,1
20762,1620,2
20763,1613,-3
20764,1610,1
20765,1614,-2
20766,1616,-2
20767,1619,-2
20768,1614,-2
20769,1621,-1
20770,1600,-2
20771,1586,-1
20772,1609,-1
20773,1611,-1
20774,1610,-1
20775,1621,0
20776,1638,-1
20777,1630,0
20778,1622,0
20779,1609,1
20780,1611,0
20781,1617,-2
20782,1603,-1
20783,1597,-1
20784,1612,0
20785,1610,-1
20786,1613,-1
20787,1601,-2
20788,1617,-2
20789,1625,-1
20790,1628,-2
20791,1617,-2
20792,1632,0
20793,1635,0
20794,1617,0
20795,1602,0
20796,1602,-2
20797,1605,0
20798,1602,-1
20799,1604,-1
20800,1607,-2
20801,1617,-1
20802,1620,-3
20803,1612,1
20804,1617,-1
20805,1635,-1
20806,1632,-2
20807,1634,-1
20808,1634,1
20809,1622,-2
20810,1609,-2
20811,1595,1
20812,1596,-1
20813,1609,-1
20814,1602,-1
20815,1610,0
20816,1624,0
20817,1625,0
20818,1625,-2
20819,1619,-1
20820,1622,1
20821,1631,1
20822,1634,0
20823,1619,-1
20824,1614,0
20825,1619,-2
20826,1611,0
20827,1589,1
20828,1599,1
20829,1608,1
20830,1614,-2
20831,1617,-2
20832,1619,-1
20833,1631,-4
20834,1625,-2
20835,1608,-2
20836,1620,-2
20837,1616,0
20838,1618,-1
20839,1617,0
20840,1620,-2
20841,1620,0
20842,1603,1
20843,1600,0
20844,1593,0
20845,1611,1
20846,1614,1
20847,1614,-1
20848,1628,-2
20849,1626,0
20850,1624,1
20851,1611,-2
20852,1623,1
20853,1623,1
20854,1613,-1
20855,1611,0
20856,1611,-1
20857,1611,-2
20858,1599,1
20859,1603,1
20860,1605,-2
20861,1608,-1
20862,1620,-2
20863,1631,-1
20864,1622,-1
20865,1652,-1
20866,1632,-3
20867,1614,-1
20868,1619,-1
20869,1617,-2
20870,1600,1
20871,1595,1
20872,1600,-1
20873,1610,-2
20874,1605,0
20875,1602,-1
20876,1614,-1
20877,1622,-1
20878,1628,-2
20879,1641,0
20880,1646,-1
20881,1648,0
20882,1631,-1
20883,1606,0
20884,1598,0
20885,1604,1
20886,1597,1
20887,1599,0
20888,1604,0
20889,1621,-2
20890,1624,1
20891,1623,-2
20892,1635,-2
20893,1643,-1
20894,1643,-2
20895,1633,1
20896,1625,0
20897,1619,0
20898,1605,1
20899,1596,0
20900,1595,-1
20901,1599,-1
20902,1594,-1
20903,1614,0
20904,1625,-1
20905,1642,0
20906,1642,0
20907,1626,-1
20908,1633,1
20909,1633,-3
20910,1620,0
20911,1622,-2
20912,1602,0
20913,1608,0
20914,1599,1
20915,1599,-1
20916,1602,-1
20917,1615,-1
20918,1621,0
20919,1631,-1
20920,1640,-2
20921,1636,-2
20922,1636,-2
20923,1622,-1
20924,1624,0
20925,1617,2
20926,1608,0
20927,1605,1
20928,1602,-1
20929,1604,0
20930,1617,0
20931,1602,1
20932,1618,-2
20933,1623,-1
20934,1626,2
20935,1628,-2
20936,1628,-1
20937,1635,-1
20938,1619,-2
20939,1618,-1
20940,1618,1
20941,1617,0
20942,1601,1
20943,1612,-2
20944,1613,1
20945,1623,1
20946,1603,0
20947,1599,-1
20948,1616,-2
20949,1634,0
20950,1622,0
20951,1633,1
20952,1631,0
20953,1634,1
20954,1629,-1
20955,1614,-1
20956,1608,0
20957,1615,-2
20958,1609,1
20959,1602,-1
20960,1612,0
20961,1631,0
20962,1611,1
20963,1615,-3
20964,1623,-1
20965,1636,-2
20966,1631,1
20967,1643,0
20968,1639,0
20969,1642,-1
20970,1618,1
20971,1595,-1
20972,1602,1
20973,1602,-2
20974,1602,1
20975,1600,0
20976,1625,-1
20977,1626,-1
20978,1621,-2
20979,1626,-1
20980,1635,-1
20981,1634,-2
20982,1622,0
20983,1621,-2
20984,1620,-1
20985,1620,0
20986,1607,1
20987,1600,-2
20988,1593,0
20989,1602,-2
20990,1615,-2
20991,1620,0
20992,1637,-2
20993,1642,-1
20994,1636,-1
20995,1628,0
20996,1624,-2
20997,1617,2
20998,1620,-2
20999,1611,1
21000,1621,1
21001,1619,-2
21002,1604,-1
21003,1613,-1
21004,1621,-1
21005,1617,0
21006,1626,1
21007,1628,-1
21008,1631,-2
21009,1641,1
21010,1614,0
21011,1614,-2
21012,1611,-1
21013,1617,-2
21014,1605,-1
21015,1614,-1
21016,1620,-1
21017,1626,-1
21018,1614,-1
21019,1609,0
21020,1617,0
21021,1625,0
21022,1622,0
21023,1629,1
21024,1625,-2
21025,1637,0
21026,1615,0
21027,1615,0
21028,1617,1
21029,1614,-1
21030,1613,-2
21031,1618,-2
21032,1622,1
21033,1628,-1
21034,1624,-2
21035,1607,2
21036,1614,-1
21037,1625,1
21038,1621,-2
21039,1624,0
21040,1632,0
21041,1635,-1
21042,1627,1
21043,1622,-2
21044,1609,-2
21045,1613,0
21046,1612,-1
21047,1614,-2
21048,1619,1
21049,1620,-1
21050,1621,-2
21051,1625,-1
21052,1620,-1
21053,1641,3
21054,1629,-1
21055,1634,-1
21056,1635,0
21057,1635,1
21058,1622,0
21059,1611,-1
21060,1606,-2
21061,1611,1
21062,1610,-1
21063,1615,-2
21064,1610,0
21065,1635,-1
21066,1631,-2
21067,1627,-1
21068,1627,-1
21069,1631,-2
21070,1633,-3
21071,1636,0
21072,1618,0
21073,1628,-2
21074,1612,0
21075,1602,-1
21076,1602,-2
21077,1611,-2
21078,1611,-1
21079,1622,0
21080,1628,1
21081,1639,0
21082,1646,0
21083,1636,-1
21084,1621,1
21085,1628,1
21086,1616,1
21087,1617,-2
21088,1623,1
21089,1614,-2
21090,1611,-1
21091,1608,-2
21092,1608,0
21093,1618,-2
21094,1621,-1
21095,1623,-2
21096,1625,-2
21097,1643,1
21098,1625,1
21099,1636,0
21100,1625,-1
21101,1632,1
21102,1620,-1
21103,1614,1
21104,1616,-1
21105,1621,-2
21106,1616,0
21107,1617,-2
21108,1622,0
21109,1629,0
21110,1627,1
21111,1626,-2
21112,1622,-1
21113,1628,-1
21114,1634,0
21115,1623,-1
21116,1620,-2
21117,1622,-2
21118,1613,-1
21119,1611,-2
21120,1617,1
21121,1622,1
21122,1613,-2
21123,1608,-2
21124,1618,-2
21125,1622,1
21126,1631,-4
21127,1624,-2
21128,1634,-2
21129,1645,0
21130,1630,-2
21131,1622,1
21132,1619,0
21133,1615,1
21134,1616,1
21135,1614,-1
21136,1604,-2
21137,1623,-1
21138,1617,-2
21139,1623,1
21140,1627,0
21141,1645,-2
21142,1638,-1
21143,1643,-1
21144,1640,-1
21145,1639,0
21146,1631,1
21147,1608,0
21148,1606,-2
21149,1606,-2
21150,1608,-3
21151,1603,-2
21152,1617,-2
21153,1631,0
21154,1631,-1
21155,1633,1
21156,1640,0
21157,1641,-2
21158,1643,-1
21159,1627,1
21160,1622,1
21161,1628,0
21162,1610,0
21163,1600,1
21164,1604,-1
21165,1607,0
21166,1615,-2
21167,1624,-2
21168,1632,1
21169,1643,-2
21170,1643,-1
21171,1635,0
21172,1634,-4
21173,1625,1
21174,1624,1
21175,1617,-1
21176,1617,-1
21177,1617,1
21178,1614,-1
21179,1611,0
21180,1610,-1
21181,1618,-4
21182,1628,-2
21183,1631,-1
21184,1637,-2
21185,1637,1
21186,1635,2
21187,1625,-2
21188,1624,-4
21189,1622,-1
21190,1614,-2
21191,1606,-2
21192,1620,-1
21193,1625,-1
21194,1620,-1
21195,1611,-2
21196,1620,1
21197,1630,1
21198,1641,0
21199,1634,-2
21200,1636,0
21201,1637,1
21202,1625,0
21203,1619,-1
21204,1622,1
21205,1624,2
21206,1617,0
21207,1625,1
21208,1621,-2
21209,1620,0
21210,1619,-2
21211,1616,-1
21212,1632,-2
21213,1631,0
21214,1631,1
21215,1643,-1
21216,1629,-1
21217,1638,-1
21218,1632,0
21219,1620,1
21220,1614,1
21221,1628,-1
21222,1614,-1
21223,1614,-2
21224,1612,-1
21225,1627,-1
21226,1627,1
21227,1616,0
21228,1629,1
21229,1635,-1
21230,1647,0
21231,1631,-1
21232,1637,-1
21233,1638,-1
21234,1620,3
21235,1611,1
21236,1611,1
21237,1602,-1
21238,1607,-2
21239,1619,-2
21240,1620,0
21241,1638,-2
21242,1640,-1
21243,1631,-2
21244,1630,1
21245,1646,-1
21246,1635,-2
21247,1638,0
21248,1637,-2
21249,1620,1
21250,1616,-1
21251,1604,-1
21252,1608,0
21253,1617,0
21254,1620,-1
21255,1629,0
21256,1635,1
21257,1649,1
21258,1643,0
21259,1628,-2
21260,1634,-2
21261,1635,-2
21262,1628,1
21263,1605,-1
21264,1612,-2
21265,1620,-1
21266,1611,-2
21267,1606,-1
21268,1620,-1
21269,1628,2
21270,1639,-1
21271,1634,-2
21272,1634,-1
21273,1646,2
21274,1635,-2
21275,1625,0
21276,1622,-1
21277,1628,0
21278,1625,0
21279,1612,-2
21280,1623,-2
21281,1622,-3
21282,1622,-2
21283,1611,0
21284,1624,-1
21285,1638,-2
21286,1631,-1
21287,1629,-1
21288,1631,0
21289,1635,-2
21290,1626,-1
21291,1611,-2
21292,1614,-1
21293,1622,-2
21294,1616,0
21295,1607,0
21296,1622,0
21297,1628,-2
21298,1627,-2
21299,1617,0
21300,1619,1
21301,1638,-1
21302,1632,0
21303,1637,-1
21304,1637,1
21305,1643,1
21306,1640,-1
21307,1621,-2
21308,1616,1
21309,1622,0
21310,1616,2
21311,1616,-1
21312,1609,-2
21313,1623,0
21314,1625,0
21315,1615,0
21316,1622,0
21317,1646,-1
21318,1643,-2
21319,1631,1
21320,1641,0
21321,1631,-2
21322,1625,0
21323,1611,0
21324,1608,1
21325,1610,-1
21326,1614,-2
21327,1614,-1
21328,1626,-2
21329,1630,-1
21330,1639,0
21331,1631,-1
21332,1641,-1
21333,1649,0
21334,1646,-3
21335,1628,-1
21336,1622,-2
21337,1621,0
21338,1620,1
21339,1595,0
21340,1604,-1
21341,1615,-2
21342,1611,-1
21343,1627,2
21344,1640,-2
21345,1652,-2
21346,1644,-1
21347,1630,-1
21348,1634,-1
21349,1635,-1
21350,1624,1
21351,1621,1
21352,1616,-2
21353,1617,-1
21354,1614,-1
21355,1602,0
21356,1611,0
21357,1640,0
21358,1644,1
21359,1646,1
21360,1654,1
21361,1655,-2
21362,1642,1
21363,1626,1
21364,1626,-1
21365,1622,-1
21366,1617,-2
21367,1607,1
21368,1621,-2
21369,1628,1
21370,1621,1
21371,1616,0
21372,1639,-2
21373,1639,1
21374,1646,-2
21375,1636,-1
21376,1634,2
21377,1639,-2
21378,1628,0
21379,1614,-1
21380,1611,-1
21381,1620,-1
21382,1614,0
21383,1614,-2
21384,1622,-2
21385,1628,-1
21386,1628,0
21387,1625,1
21388,1634,1
21389,1643,1
21390,1633,-1
21391,1632,-1
21392,1634,0
21393,1646,-1
21394,1627,0
21395,1615,-3
21396,1612,-1
21397,1626,1
21398,1621,-1
21399,1617,0
21400,1614,1
21401,1634,-2
21402,1632,3
21403,1617,-1
21404,1632,-2
21405,1642,1
21406,1637,-2
21407,1634,-2
21408,1627,-2
21409,1631,1
21410,1620,-1
21411,1599,0
21412,1611,1
21413,1611,0
21414,1620,-4
21415,1630,-1
21416,1636,0
21417,1646,-3
21418,1650,-1
21419,1638,1
21420,1642,0
21421,1641,-2
21422,1641,-1
21423,1621,0
21424,1623,0
21425,1625,1
21426,1612,1
21427,1602,1
21428,1605,-1
21429,1619,-1
21430,1631,0
21431,1634,0
21432,1649,-1
21433,1658,0
21434,1649,-2
21435,1639,-1
21436,1628,-1
21437,1618,0
21438,1617,1
21439,1613,1
21440,1609,0
21441,1619,0
21442,1619,-1
21443,1605,-1
21444,1629,0
21445,1639,1
21446,1653,-2
21447,1649,1
21448,1637,1
21449,1652,-2
21450,1631,1
21451,1613,1
21452,1615,-3
21453,1614,0
21454,1623,1
21455,1617,1
21456,1631,-2
21457,1629,-2
21458,1637,-1
21459,1627,1
21460,1635,-1
21461,1646,1
21462,1637,0
21463,1645,1
21464,1634,-3
21465,1637,1
21466,1626,-1
21467,1606,-2
21468,1620,0
21469,1614,-1
21470,1637,1
21471,1631,-1
21472,1635,-1
21473,1650,-2
21474,1641,0
21475,1625,0
21476,1630,1
21477,1632,-1
21478,1634,-1
21479,1631,-1
21480,1626,0
21481,1633,1
21482,1626,1
21483,1611,0
21484,1622,-2
21485,1624,-1
21486,1625,-2
21487,1627,-1
21488,1626,0
21489,1635,-1
21490,1629,1
21491,1625,-3
21492,1624,-1
21493,1633,-2
21494,1627,0
21495,1628,1
21496,1631,1
21497,1631,1
21498,1636,-1
21499,1610,-1
21500,1624,1
21501,1620,0
21502,1610,0
21503,1622,1
21504,1620,0
21505,1646,-2
21506,1633,0
21507,1628,-1
21508,1628,0
21509,1632,-2
21510,1635,-2
21511,1635,-1
21512,1625,1
21513,1623,0
21514,1628,0
21515,1616,-2
21516,1608,1
21517,1614,-2
21518,1622,-2
21519,1629,1
21520,1638,-2
21521,1641,-2
21522,1640,0
21523,1639,-1
21524,1634,0
21525,1631,0
21526,1637,-2
21527,1622,0
21528,1628,0
21529,1631,0
21530,1624,-2
21531,1617,0
21532,1622,-1
21533,1628,-1
21534,1637,-3
21535,1637,1
21536,1646,-1
21537,1656,-1
21538,1648,0
21539,1628,0
21540,1627,0
21541,1629,0
21542,1621,1
21543,1629,0
21544,1626,-2
21545,1627,-3
21546,1627,-2
21547,1628,-2
21548,1639,1
21549,1629,-3
21550,1637,-1
21551,1641,1
21552,1640,-2
21553,1649,-2
21554,1643,-1
21555,1626,1
21556,1631,-1
21557,1621,0
21558,1628,0
21559,1624,0
21560,1627,-2
21561,1633,-1
21562,1622,1
21563,1625,-1
21564,1633,0
21565,1626,-2
21566,1639,-2
21567,1637,0
21568,1635,1
21569,1646,-2
21570,1637,0
21571,1624,1
21572,1622,-1
21573,1608,0
21574,1614,0
21575,1622,-2
21576,1618,1
21577,1634,1
21578,1636,-1
21579,1630,-2
21580,1637,-2
21581,1642,1
21582,1648,0
21583,1646,-1
21584,1639,-1
21585,1634,1
21586,1634,0
21587,1617,-2
21588,1607,0
21589,1609,1
21590,1618,-2
21591,1627,-1
21592,1633,-2
21593,1651,-2
21594,1646,1
21595,1652,2
21596,1649,-2
21597,1642,-1
21598,1649,-1
21599,1631,-2
21600,1624,1
21601,1627,-2
21602,1607,1
21603,1604,1
21604,1606,-2
21605,1619,1
21606,1635,-2
21607,1643,0
21608,1651,1
21609,1669,1
21610,1655,0
21611,1657,1
21612,1641,-1
21613,1630,-1
21614,1622,-2
21615,1621,1
21616,1620,1
21617,1611,-2
21618,1611,0
21619,1613,1
21620,1628,0
21621,1643,-2
21622,1655,1
21623,1652,0
21624,1660,-2
21625,1661,-1
21626,1646,1
21627,1631,1
21628,1619,0
21629,1611,1
21630,1613,-2
21631,1610,-1
21632,1617,-2
21633,1641,1
21634,1632,1
21635,1642,-2
21636,1641,-1
21637,1653,-2
21638,1650,0
21639,1643,-1
21640,1649,1
21641,1652,1
21642,1622,0
21643,1610,4
21644,1611,0
21645,1617,-2
21646,1616,0
21647,1620,-1
21648,1626,-1
21649,1649,0
21650,1646,-1
21651,1646,0
21652,1649,-1
21653,1640,-1
21654,1646,-2
21655,1643,-2
21656,1629,-1
21657,1632,-1
21658,1621,-1
21659,1619,-2
21660,1613,-1
21661,1611,-1
21662,1624,0
21663,1624,-1
21664,1629,0
21665,1655,0
21666,1653,-1
21667,1649,1
21668,1628,1
21669,1631,0
21670,1644,1
21671,1628,-1
21672,1635,-2
21673,1633,-2
21674,1618,0
21675,1611,-1
21676,1617,-2
21677,1611,-1
21678,1633,1
21679,1641,-2
21680,1650,-1
21681,1654,-1
21682,1649,-1
21683,1648,-2
21684,1633,0
21685,1637,0
21686,1632,-3
21687,1622,-1
21688,1615,-2
21689,1624,-2
21690,1618,-1
21691,1619,0
21692,1629,0
21693,1628,-1
21694,1653,0
21695,1649,-1
21696,1661,-1
21697,1661,1
21698,1642,-2
21699,1637,-1
21700,1627,0
21701,1618,1
21702,1625,-2
21703,1616,-1
21704,1611,0
21705,1637,-2
21706,1633,0
21707,1640,0
21708,1642,-2
21709,1655,-1
21710,1651,0
21711,1654,0
21712,1643,-1
21713,1655,-1
21714,1638,0
21715,1617,-2
21716,1613,-2
21717,1609,1
21718,1614,-1
21719,1631,-1
21720,1626,-1
21721,1646,-2
21722,1651,-1
21723,1638,-3
21724,1650,1
21725,1643,0
21726,1637,-2
21727,1633,0
21728,1634,0
21729,1635,1
21730,1620,0
21731,1628,0
21732,1620,0
21733,1622,0
21734,1643,-2
21735,1641,0
21736,1637,-1
21737,1652,1
21738,1640,0
21739,1640,-2
21740,1635,0
21741,1628,1
21742,1631,-3
21743,1638,0
21744,1627,1
21745,1638,-1
21746,1627,0
21747,1628,1
21748,1625,-2
21749,1618,-2
21750,1636,-2
21751,1637,-1
21752,1637,-1
21753,1642,1
21754,1634,-1
21755,1625,-2
21756,1625,-2
21757,1626,1
21758,1642,-1
21759,1631,-2
21760,1637,0
21761,1649,-1
21762,1629,-2
21763,1628,1
21764,1626,-1
21765,1629,-2
21766,1631,-1
21767,1635,-2
21768,1633,-1
21769,1651,-1
21770,1638,1
21771,1639,1
21772,1637,-1
21773,1631,0
21774,1632,0
21775,1636,0
21776,1628,-1
21777,1640,1
21778,1626,1
21779,1624,-2
21780,1614,0
21781,1623,1
21782,1636,-1
21783,1640,-1
21784,1639,-1
21785,1655,0
21786,1656,-1
21787,1647,-2
21788,1637,-2
21789,1630,1
21790,1633,0
21791,1622,-1
21792,1622,-1
21793,1631,-1
21794,1631,-1
21795,1622,-1
21796,1630,-1
21797,1628,-1
21798,1645,-2
21799,1645,1
21800,1652,0
21801,1665,-1
21802,1649,0
21803,1636,0
21804,1633,1
21805,1615,0
21806,1628,-2
21807,1631,1
21808,1618,0
21809,1634,1
21810,1637,0
21811,1639,-2
21812,1637,-1
21813,1639,-2
21814,1650,-1
21815,1654,0
21816,1649,0
21817,1655,-2
21818,1635,1
21819,1620,-2
21820,1622,-1
21821,1625,1
21822,1627,-1
21823,1625,-2
21824,1624,1
21825,1640,-1
21826,1643,-1
21827,1641,1
21828,1632,-5
21829,1642,-1
21830,1642,1
21831,1646,0
21832,1640,-3
21833,1646,-2
21834,1634,-1
21835,1631,1
21836,1617,1
21837,1627,-2
21838,1625,0
21839,1628,-1
21840,1636,0
21841,1655,-2
21842,1647,-2
21843,1650,-1
21844,1641,-2
21845,1649,-2
21846,1645,-1
21847,1645,0
21848,1635,0
21849,1634,-1
21850,1630,0
21851,1627,-1
21852,1610,1
21853,1613,1
21854,1627,-1
21855,1630,0
21856,1642,-1
21857,1655,-2
21858,1663,0
21859,1654,-1
21860,1652,-3
21861,1641,-2
21862,1638,-2
21863,1628,1
21864,1625,0
21865,1631,1
21866,1611,0
21867,1616,-2
21868,1622,1
21869,1625,0
21870,1649,-2
21871,1656,-1
21872,1653,-1
21873,1674,-2
21874,1661,-1
21875,1655,-1
21876,1637,-1
21877,1637,-1
21878,1629,0
21879,1617,-1
21880,1620,-2
21881,1630,0
21882,1618,-1
21883,1635,-2
21884,1629,-1
21885,1651,-3
21886,1668,0
21887,1653,1
21888,1668,0
21889,1663,-1
21890,1643,0
21891,1624,1
21892,1618,-1
21893,1619,0
21894,1620,0
21895,1617,-1
21896,1631,1
21897,1650,0
21898,1652,0
21899,1651,-3
21900,1652,-1
21901,1658,-2
21902,1656,-1
21903,1652,-1
21904,1636,0
21905,1647,0
21906,1635,0
21907,1618,-2
21908,1608,0
21909,1617,-1
21910,1629,0
21911,1637,0
21912,1636,1
21913,1663,0
21914,1643,1
21915,1644,1
21916,1638,-1
21917,1654,-1
21918,1636,1
21919,1641,-1
21920,1634,-2
21921,1632,0
21922,1634,0
21923,1628,0
21924,1626,-2
21925,1636,0
21926,1643,2
21927,1640,0
21928,1649,1
21929,1664,0
21930,1647,0
21931,1650,0
21932,1640,-1
21933,1637,-2
21934,1643,-2
21935,1634,-2
21936,1634,-1
21937,1646,-1
21938,1638,0
21939,1637,-2
21940,1623,-1
21941,1637,-2
21942,1637,-3
21943,1640,-1
21944,1642,-2
21945,1657,2
21946,1642,-1
21947,1645,-1
21948,1640,0
21949,1638,-2
21950,1637,1
21951,1643,1
21952,1630,0
21953,1642,1
21954,1637,0
21955,1630,1
21956,1629,1
21957,1646,-1
21958,1646,-2
21959,1649,-3
21960,1661,1
21961,1663,-2
21962,1655,1
21963,1657,0
21964,1637,0
21965,1628,-2
21966,1628,0
21967,1628,0
21968,1621,1
21969,1631,-1
21970,1633,-1
21971,1638,-2
21972,1639,0
21973,1652,-1
21974,1649,-1
21975,1655,-1
21976,1648,-1
21977,1656,0
21978,1651,0
21979,1631,-2
21980,1617,-2
21981,1622,0
21982,1625,0
21983,1634,-2
21984,1634,-1
21985,1647,-1
21986,1651,-2
21987,1655,-1
21988,1643,0
21989,1646,0
21990,1645,-1
21991,1651,-2
21992,1649,0
21993,1643,0
21994,1633,-2
21995,1628,-1
21996,1627,-2
21997,1631,0
21998,1642,-1
21999,1629,0
22000,1639,0
22001,1661,-1
22002,1657,-3
22003,1645,1
22004,1637,-1
22005,1643,-2
22006,1657,1
22007,1643,0
22008,1642,0
22009,1643,-1
22010,1641,0
22011,1639,-1
22012,1634,1
22013,1636,-2
22014,1646,-1
22015,1649,-1
22016,1648,0
22017,1660,0
22018,1637,-2
22019,1643,-1
22020,1643,-1
22021,1646,-1
22022,1639,1
22023,1634,1
22024,1640,-1
22025,1642,-1
22026,1636,0
22027,1631,-1
22028,1622,0
22029,1625,-2
22030,1637,-1
22031,1641,0
22032,1639,-2
22033,1649,-1
22034,1659,0
22035,1652,-1
22036,1652,-1
22037,1650,-1
22038,1648,1
22039,1644,0
22040,1631,-1
22041,1637,-1
22042,1631,0
22043,1628,1
22044,1625,1
22045,1634,0
22046,1637,-2
22047,1651,-1
22048,1658,-1
22049,1670,-1
22050,1669,-1
22051,1652,1
22052,1642,0
22053,1629,0
22054,1623,-2
22055,1627,-1
22056,1625,-1
22057,1629,0
22058,1635,1
22059,1641,-1
22060,1637,-1
22061,1648,0
22062,1660,-1
22063,1664,1
22064,1664,1
22065,1666,-1
22066,1643,0
22067,1632,-1
22068,1615,-1
22069,1628,0
22070,1634,-2
22071,1622,0
22072,1624,1
22073,1651,-1
22074,1653,-1
22075,1654,0
22076,1650,-2
22077,1652,1
22078,1663,-1
22079,1655,-2
22080,1646,-1
22081,1641,-1
22082,1641,-2
22083,1624,1
22084,1614,1
22085,1637,-1
22086,1633,-2
22087,1644,0
22088,1640,-2
22089,1667,0
22090,1664,-1
22091,1658,-2
22092,1646,-1
22093,1649,-1
22094,1645,0
22095,1638,1
22096,1636,-1
22097,1637,-2
22098,1636,1
22099,1627,0
22100,1620,1
22101,1631,-1
22102,1642,-2
22103,1655,0
22104,1659,0
22105,1666,-3
22106,1658,0
22107,1643,-1
22108,1643,-1
22109,1643,-2
22110,1638,-2
22111,1634,-2
22112,1626,-1
22113,1641,-2
22114,1631,-1
22115,1628,0
22116,1622,-1
22117,1640,0
22118,1643,0
22119,1651,-2
22120,1652,1
22121,1667,-1
22122,1669,-1
22123,1649,1
22124,1634,0
22125,1639,-4
22126,1631,2
22127,1637,0
22128,1634,1
22129,1642,-1
22130,1639,0
22131,1637,-2
22132,1637,1
22133,1656,1
22134,1652,-1
22135,1661,-2
22136,1655,1
22137,1666,1
22138,1667,-2
22139,1648,-3
22140,1634,1
22141,1628,-1
22142,1622,-2
22143,1629,0
22144,1628,0
22145,1639,1
22146,1653,0
22147,1643,-1
22148,1652,-1
22149,1660,-1
22150,1663,-1
22151,1656,-2
22152,1652,-1
22153,1655,-1
22154,1650,-2
22155,1632,0
22156,1614,0
22157,1616,-1
22158,1629,0
22159,1632,-1
22160,1641,1
22161,1664,-1
22162,1667,-1
22163,1660,-2
22164,1655,1
22165,1652,0
22166,1658,-1
22167,1645,-1
22168,1643,-2
22169,1638,1
22170,1637,0
22171,1619,1
22172,1628,-1
22173,1639,-2
22174,1643,-1
22175,1660,-2
22176,1655,-2
22177,1660,-1
22178,1667,1
22179,1650,-1
22180,1648,0
22181,1640,-1
22182,1637,-2
22183,1630,1
22184,1634,0
22185,1638,-2
22186,1647,-1
22187,1648,-1
22188,1628,0
22189,1643,0
22190,1660,0
22191,1654,-2
22192,1652,1
22193,1648,-1
22194,1652,-1
22195,1641,-1
22196,1633,1
22197,1640,1
22198,1637,-2
22199,1636,1
22200,1637,-1
22201,1637,-2
22202,1653,-2
22203,1646,-2
22204,1638,2
22205,1639,-2
22206,1647,-2
22207,1640,-2
22208,1647,-2
22209,1645,-3
22210,1663,0
22211,1644,-1
22212,1636,0
22213,1637,-2
22214,1648,1
22215,1644,-2
22216,1644,-1
22217,1643,0
22218,1662,-2
22219,1642,-3
22220,1628,0
22221,1637,0
22222,1643,1
22223,1652,1
22224,1655,-1
22225,1647,0
22226,1666,-2
22227,1663,-1
22228,1650,0
22229,1639,-4
22230,1635,0
22231,1640,-1
22232,1633,-2
22233,1635,-2
22234,1655,-1
22235,1643,0
22236,1646,1
22237,1652,-1
22238,1650,-2
22239,1655,1
22240,1649,-2
22241,1652,-1
22242,1664,-1
22243,1640,-1
22244,1627,0
22245,1632,-2
22246,1629,-2
22247,1631,-2
22248,1634,-1
22249,1645,-1
22250,1661,-2
22251,1659,1
22252,1647,0
22253,1649,0
22254,1663,-2
22255,1652,-1
22256,1649,0
22257,1645,-2
22258,1653,-2
22259,1636,0
22260,1631,-1
22261,1630,1
22262,1642,1
22263,1637,-1
22264,1643,-2
22265,1655,0
22266,1668,-2
22267,1648,-2
22268,1645,-2
22269,1648,-1
22270,1650,0
22271,1641,1
22272,1640,-1
22273,1645,-1
22274,1650,0
22275,1637,-2
22276,1627,-2
22277,1622,1
22278,1646,0
22279,1646,-2
22280,1649,1
22281,1650,-2
22282,1658,0
22283,1652,1
22284,1642,-1
22285,1647,-1
22286,1640,0
22287,1644,-2
22288,1646,-2
22289,1638,1
22290,1647,-2
22291,1633,0
22292,1628,2
22293,1635,1
22294,1646,-2
22295,1643,-1
22296,1648,1
22297,1653,0
22298,1671,1
22299,1661,-1
22300,1649,-1
22301,1644,0
22302,1643,0
22303,1640,-2
22304,1635,-1
22305,1627,-1
22306,1633,0
22307,1632,1
22308,1636,-1
22309,1645,-2
22310,1654,-1
22311,1658,0
22312,1656,1
22313,1665,-3
22314,1676,-2
22315,1652,-1
22316,1633,1
22317,1622,0
22318,1620,-1
22319,1625,-2
22320,1625,0
22321,1634,1
22322,1648,0
22323,1647,1
22324,1647,0
22325,1660,-1
22326,1662,0
22327,1666,0
22328,1672,-2
22329,1667,-1
22330,1649,-2
22331,1638,0
22332,1622,-2
22333,1624,1
22334,1617,-2
22335,1623,-1
22336,1639,0
22337,1655,-2
22338,1672,-1
22339,1666,-2
22340,1664,1
22341,1670,0
22342,1670,0
22343,1658,1
22344,1640,-1
22345,1645,-3
22346,1640,-2
22347,1619,0
22348,1618,1
22349,1631,-2
22350,1640,-2
22351,1654,-2
22352,1658,1
22353,1667,0
22354,1682,1
22355,1673,1
22356,1657,0
22357,1658,-1
22358,1649,-3
22359,1634,-1
22360,1628,0
22361,1633,0
22362,1639,1
22363,1637,2
22364,1622,0
22365,1643,-1
22366,1663,1
22367,1661,-1
22368,1662,-2
22369,1662,1
22370,1663,1
22371,1658,0
22372,1644,0
22373,1632,-2
22374,1640,-2
22375,1632,0
22376,1625,-2
22377,1643,0
22378,1647,-2
22379,1644,0
22380,1649,-1
22381,1655,1
22382,1658,-1
22383,1666,-2
22384,1668,1
22385,1651,-1
22386,1667,0
22387,1658,1
22388,1637,-2
22389,1634,1
22390,1634,0
22391,1634,-1
22392,1622,-2
22393,1640,-1
22394,1658,0
22395,1652,-2
22396,1650,0
22397,1652,-1
22398,1661,-2
22399,1661,0
22400,1653,-1
22401,1664,-3
22402,1649,-1
22403,1637,0
22404,1634,-1
22405,1626,-2
22406,1625,-1
22407,1634,-2
22408,1634,1
22409,1644,-2
22410,1658,-1
22411,1658,0
22412,1659,-1
22413,1662,-1
22414,1667,0
22415,1659,0
22416,1655,1
22417,1651,1
22418,1644,1
22419,1626,-1
22420,1619,-1
22421,1631,-1
22422,1641,-2
22423,1637,-4
22424,1655,1
22425,1655,0
22426,1677,1
22427,1664,-2
22428,1655,0
22429,1648,0
22430,1652,0
22431,1637,1
22432,1629,0
22433,1628,-1
22434,1638,-1
22435,1645,0
22436,1643,-1
22437,1643,-2
22438,1655,-2
22439,1667,-2
22440,1663,-1
22441,1664,1
22442,1663,-2
22443,1648,-1
22444,1643,0
22445,1639,-1
22446,1634,0
22447,1628,-1
22448,1628,1
22449,1641,-1
22450,1649,0
22451,1652,-3
22452,1642,0
22453,1652,1
22454,1658,0
22455,1656,-1
22456,1655,1
22457,1657,0
22458,1650,-2
22459,1637,-2
22460,1631,-2
22461,1637,0
22462,1643,1
22463,1631,-4
22464,1647,-1
22465,1651,0
22466,1661,0
22467,1651,0
22468,1648,1
22469,1649,-2
22470,1655,-2
22471,1650,0
22472,1648,-1
22473,1640,1
22474,1655,-2
22475,1651,-2
22476,1651,1
22477,1646,-1
22478,1650,1
22479,1655,-1
22480,1651,0
22481,1646,-1
22482,1653,-2
22483,1643,0
22484,1640,1
22485,1644,0
22486,1652,1
22487,1652,0
22488,1655,1
22489,1665,1
22490,1665,-2
22491,1658,0
22492,1640,-1
22493,1642,-2
22494,1649,0
22495,1644,0
22496,1637,0
22497,1640,0
22498,1648,1
22499,1650,-1
22500,1648,-2
22501,1662,-1
22502,1665,-1
22503,1670,-1
22504,1659,-1
22505,1652,-2
22506,1665,-2
22507,1648,-2
22508,1639,-2
22509,1637,-1
22510,1633,0
22511,1631,0
22512,1651,-4
22513,1655,-1
22514,1658,0
22515,1661,1
22516,1654,1
22517,1664,1
22518,1665,0
22519,1659,-2
22520,1648,0
22521,1634,1
22522,1652,-2
22523,1637,-1
22524,1625,1
22525,1634,0
22526,1652,-2
22527,1646,1
22528,1658,1
22529,1663,-1
22530,1673,-1
22531,1670,-2
22532,1658,1
22533,1662,0
22534,1655,-2
22535,1646,-1
22536,1637,0
22537,1639,0
22538,1640,-2
22539,1632,0
22540,1632,1
22541,1649,-2
22542,1655,-1
22543,1664,-1
22544,1655,1
22545,1662,-1
22546,1680,-1
22547,1655,1
22548,1656,-1
22549,1650,0
22550,1643,-1
22551,1636,-2
22552,1637,-1
22553,1640,1
22554,1643,0
22555,1642,-1
22556,1640,0
22557,1650,0
22558,1652,-2
22559,1662,1
22560,1663,-2
22561,1671,1
22562,1667,-1
22563,1664,-2
22564,1646,-2
22565,1644,-2
22566,1654,0
22567,1635,-1
22568,1633,1
22569,1636,-2
22570,1643,-2
22571,1643,1
22572,1641,0
22573,1646,0
22574,1666,-1
22575,1666,-1
22576,1666,-1
22577,1666,1
22578,1668,-2
22579,1640,-2
22580,1635,-1
22581,1633,0
22582,1628,1
22583,1622,0
22584,1631,0
22585,1642,0
22586,1659,1
22587,1667,-1
22588,1659,0
22589,1665,-2
22590,1675,-2
22591,1679,-2
22592,1668,-1
22593,1645,1
22594,1645,1
22595,1640,-1
22596,1621,0
22597,1620,0
22598,1629,-2
22599,1638,0
22600,1656,1
22601,1654,-2
22602,1679,-1
22603,1680,0
22604,1668,2
22605,1673,-3
22606,1669,0
22607,1644,-1
22608,1634,-1
22609,1625,0
22610,1636,0
22611,1629,0
22612,1621,0
22613,1640,-1
22614,1649,-1
22615,1663,-1
22616,1677,1
22617,1679,-2
22618,1683,-1
22619,1672,-2
22620,1646,1
22621,1645,-1
22622,1635,0
22623,1631,0
22624,1628,1
22625,1627,-1
22626,1634,1
22627,1640,1
22628,1636,-1
22629,1658,-1
22630,1670,0
22631,1672,-3
22632,1663,-1
22633,1667,1
22634,1658,0
22635,1660,-1
22636,1631,1
22637,1636,-2
22638,1637,0
22639,1636,1
22640,1642,-2
22641,1646,0
22642,1658,0
22643,1652,-1
22644,1655,0
22645,1667,-2
22646,1652,1
22647,1660,-2
22648,1658,0
22649,1661,0
22650,1664,-1
22651,1652,-2
22652,1626,1
22653,1638,1
22654,1640,1
22655,1646,-2
22656,1649,1
22657,1658,-2
22658,1666,-1
22659,1659,0
22660,1657,-1
22661,1655,-1
22662,1664,-1
22663,1663,-1
22664,1661,0
22665,1661,-2
22666,1649,1
22667,1651,1
22668,1634,-1
22669,1639,-2
22670,1646,-1
22671,1645,1
22672,1646,0
22673,1663,1
22674,1670,1
22675,1658,-1
22676,1661,-2
22677,1661,1
22678,1667,0
22679,1660,1
22680,1641,-2
22681,1646,0
22682,1646,1
22683,1643,-2
22684,1631,0
22685,1637,-1
22686,1638,1
22687,1640,-2
22688,1662,0
22689,1658,-1
22690,1681,-2
22691,1675,1
22692,1663,0
22693,1658,1
22694,1661,1
22695,1649,-1
22696,1641,-1
22697,1636,0
22698,1645,2
22699,1641,1
22700,1631,-2
22701,1649,-1
22702,1660,-1
22703,1673,1
22704,1661,-1
22705,1668,1
22706,1671,1
22707,1670,-2
22708,1644,-1
22709,1640,-2
22710,1643,-1
22711,1643,1
22712,1638,0
22713,1640,-1
22714,1652,-1
22715,1649,-2
22716,1642,0
22717,1661,0
22718,1668,1
22719,1673,-1
22720,1670,1
22721,1663,-2
22722,1663,1
22723,1661,-2
22724,1635,1
22725,1639,0
22726,1647,-2
22727,1646,-1
22728,1638,1
22729,1646,-1
22730,1660,0
22731,1662,1
22732,1641,-2
22733,1652,-1
22734,1663,-2
22735,1659,0
22736,1662,-2
22737,1661,0
22738,1670,-1
22739,1660,1
22740,1645,1
22741,1643,-2
22742,1648,1
22743,1645,0
22744,1646,-1
22745,1643,2
22746,1650,-3
22747,1657,0
22748,1648,0
22749,1659,0
22750,1655,-2
22751,1670,-1
22752,1664,-1
22753,1659,0
22754,1661,0
22755,1658,0
22756,1637,-1
22757,1634,0
22758,1644,-1
22759,1637,1
22760,1637,-1
22761,1648,-2
22762,1667,-2
22763,1670,0
22764,1664,-2
22765,1662,0
22766,1674,-2
22767,1664,-1
22768,1658,-1
22769,1651,-2
22770,1650,0
22771,1635,1
22772,1628,1
22773,1632,1
22774,1639,-1
22775,1643,1
22776,1656,0
22777,1658,-2
22778,1686,-2
22779,1672,0
22780,1662,-1
22781,1667,-1
22782,1661,2
22783,1651,0
22784,1646,0
22785,1637,-2
22786,1643,-2
22787,1641,-1
22788,1629,-1
22789,1649,1
22790,1659,-2
22791,1663,0
22792,1670,-1
22793,1676,-2
22794,1684,0
22795,1670,-1
22796,1649,-2
22797,1642,1
22798,1643,-1
22799,1633,0
22800,1631,2
22801,1628,0
22802,1652,1
22803,1646,1
22804,1654,1
22805,1661,-1
22806,1674,1
22807,1682,-1
22808,1682,-3
22809,1673,-1
22810,1678,0
22811,1656,-2
22812,1646,-1
22813,1638,1
22814,1631,0
22815,1651,-2
22816,1639,0
22817,1635,-1
22818,1667,1
22819,1661,-2
22820,1654,-1
22821,1660,-1
22822,1656,0
22823,1666,-1
22824,1668,0
22825,1665,0
22826,1662,0
22827,1650,-1
22828,1634,0
22829,1640,1
22830,1641,1
22831,1651,0
22832,1658,1
22833,1658,-1
22834,1674,1
22835,1655,-2
22836,1663,1
22837,1653,-2
22838,1658,0
22839,1667,1
22840,1655,1
22841,1655,-1
22842,1655,0
22843,1648,-2
22844,1629,-1
22845,1631,-2
22846,1634,1
22847,1649,1
22848,1646,-2
22849,1664,0
22850,1670,1
22851,1667,-2
22852,1662,1
22853,1670,0
22854,1663,-2
22855,1655,-1
22856,1650,2
22857,1652,1
22858,1642,1
22859,1639,-2
22860,1635,0
22861,1632,0
22862,1650,-1
22863,1651,0
22864,1657,-1
22865,1667,-1
22866,1677,0
22867,1680,-1
22868,1667,-1
22869,1658,1
22870,1651,1
22871,1643,1
22872,1637,-2
22873,1636,-1
22874,1640,1
22875,1643,0
22876,1636,-2
22877,1663,-2
22878,1670,-1
22879,1670,-2
22880,1670,0
22881,1674,-1
22882,1675,-1
22883,1664,-1
22884,1643,0
22885,1644,1
22886,1634,-2
22887,1639,-2
22888,1645,-2
22889,1646,-2
22890,1654,1
22891,1657,1
22892,1649,0
22893,1658,0
22894,1670,-2
22895,1661,-1
22896,1667,-1
22897,1661,0
22898,1665,-2
22899,1650,-1
22900,1629,-2
22901,1631,1
22902,1640,0
22903,1655,0
22904,1644,1
22905,1646,0
22906,1661,0
22907,1674,-1
22908,1663,-1
22909,1664,1
22910,1660,-1
22911,1659,-2
22912,1660,-1
22913,1653,1
22914,1661,-2
22915,1650,-3
22916,1645,0
22917,1652,-1
22918,1651,-2
22919,1655,0
22920,1657,-1
22921,1659,-1
22922,1662,0
22923,1661,-2
22924,1657,-1
22925,1654,-2
22926,1655,0
22927,1664,-2
22928,1661,1
22929,1666,-2
22930,1668,-1
22931,1652,-1
22932,1644,1
22933,1642,1
22934,1641,-1
22935,1653,-1
22936,1655,-2
22937,1658,-1
22938,1667,1
22939,1662,-1
22940,1662,-2
22941,1659,-3
22942,1663,-1
22943,1669,-1
22944,1661,-1
22945,1662,-2
22946,1657,0
22947,1646,0
22948,1634,-1
22949,1631,1
22950,1642,1
22951,1655,0
22952,1652,-1
22953,1656,-2
22954,1679,-1
22955,1678,-1
22956,1673,0
22957,1661,0
22958,1661,-1
22959,1655,0
22960,1650,-2
22961,1643,0
22962,1648,-2
22963,1643,1
22964,1644,-3
22965,1642,0
22966,1651,-1
22967,1664,0
22968,1667,-4
22969,1674,-2
22970,1680,1
22971,1672,-2
22972,1658,1
22973,1647,3
22974,1648,0
22975,1650,-1
22976,1636,0
22977,1639,-3
22978,1655,-1
22979,1652,0
22980,1653,-1
22981,1665,0
22982,1667,-1
22983,1673,-1
22984,1675,-1
22985,1660,-1
22986,1675,-2
22987,1661,0
22988,1649,-2
22989,1643,-2
22990,1651,-1
22991,1649,-1
22992,1657,0
22993,1640,-1
22994,1664,-1
22995,1667,-1
22996,1664,0
22997,1661,0
22998,1666,1
22999,1667,1
23000,1673,1
23001,1665,-1
23002,1661,1
23003,1655,1
23004,1649,-2
23005,1641,0
23006,1641,1
23007,1647,-4
23008,1654,1
23009,1654,0
23010,1670,-1
23011,1666,0
23012,1660,-2
23013,1664,-2
23014,1661,-1
23015,1674,-1
23016,1668,1
23017,1667,1
23018,1667,-2
23019,1653,0
23020,1643,-1
23021,1641,-2
23022,1640,1
23023,1643,-1
23024,1656,1
23025,1661,-1
23026,1673,0
23027,1678,-2
23028,1674,0
23029,1673,-2
23030,1673,0
23031,1667,-2
23032,1652,-2
23033,1653,1
23034,1649,0
23035,1634,1
23036,1632,-2
23037,1633,0
23038,1646,1
23039,1657,-1
23040,1667,-2
23041,1676,1
23042,1693,0
23043,1688,0
23044,1677,-1
23045,1661,0
23046,1648,0
23047,1661,0
23048,1645,-2
23049,1631,-2
23050,1640,1
23051,1642,1
23052,1654,0
23053,1648,-2
23054,1667,0
23055,1682,1
23056,1682,0
23057,1683,0
23058,1694,-1
23059,1673,0
23060,1665,-3
23061,1639,-2
23062,1631,0
23063,1630,-1
23064,1627,-1
23065,1640,-1
23066,1652,1
23067,1668,0
23068,1667,-1
23069,1667,-2
23070,1679,-1
23071,1684,0
23072,1676,0
23073,1673,-2
23074,1671,-2
23075,1654,-2
23076,1643,-2
23077,1629,1
23078,1631,1
23079,1647,0
23080,1647,-2
23081,1649,0
23082,1678,-1
23083,1673,-1
23084,1681,-2
23085,1673,-2
23086,1672,1
23087,1664,1
23088,1659,-1
23089,1649,1
23090,1658,-1
23091,1648,-1
23092,1638,-2
23093,1637,1
23094,1646,1
23095,1658,1
23096,1659,0
23097,1667,1
23098,1685,-1
23099,1669,0
23100,1670,-2
23101,1669,0
23102,1665,-3
23103,1651,1
23104,1650,-1
23105,1648,1
23106,1656,0
23107,1644,1
23108,1644,1
23109,1651,-1
23110,1652,-1
23111,1658,-2
23112,1663,-2
23113,1670,1
23114,1690,0
23115,1672,1
23116,1667,-2
23117,1661,3
23118,1658,-2
23119,1659,1
23120,1645,0
23121,1638,0
23122,1654,1
23123,1646,0
23124,1635,-2
23125,1644,-2
23126,1656,0
23127,1667,-2
23128,1664,-1
23129,1664,0
23130,1679,0
23131,1670,-1
23132,1664,0
23133,1649,-2
23134,1640,0
23135,1648,1
23136,1638,1
23137,1645,1
23138,1642,0
23139,1646,-2
23140,1656,0
23141,1655,-1
23142,1671,1
23143,1674,-1
23144,1682,-1
23145,1669,-2
23146,1681,1
23147,1664,0
23148,1648,-2
23149,1639,-2
23150,1622,0
23151,1640,1
23152,1647,-1
23153,1650,0
23154,1661,0
23155,1671,1
23156,1675,0
23157,1658,-2
23158,1673,1
23159,1682,-2
23160,1664,1
23161,1659,0
23162,1654,1
23163,1646,-2
23164,1641,-1
23165,1636,0
23166,1649,-2
23167,1659,-1
23168,1666,-2
23169,1664,-1
23170,1685,0
23171,1685,-2
23172,1669,0
23173,1664,-1
23174,1654,0
23175,1655,1
23176,1652,1
23177,1653,1
23178,1655,-1
23179,1652,0
23180,1652,1
23181,1655,1
23182,1656,-1
23183,1667,1
23184,1670,1
23185,1667,0
23186,1673,0
23187,1667,-1
23188,1652,-2
23189,1649,-1
23190,1655,-1
23191,1654,-1
23192,1661,1
23193,1657,0
23194,1676,1
23195,1663,-1
23196,1655,0
23197,1649,-2
23198,1652,0
23199,1651,1
23200,1661,3
23201,1658,-1
23202,1671,0
23203,1656,-2
23204,1659,-2
23205,1646,0
23206,1663,-1
23207,1663,-2
23208,1658,1
23209,1664,-3
23210,1674,1
23211,1658,0
23212,1645,1
23213,1647,-1
23214,1648,0
23215,1649,-1
23216,1654,1
23217,1667,0
23218,1677,0
23219,1670,-1
23220,1673,0
23221,1662,0
23222,1655,-2
23223,1658,0
23224,1648,-1
23225,1644,-3
23226,1649,1
23227,1643,0
23228,1649,0
23229,1652,0
23230,1652,0
23231,1666,0
23232,1666,-2
23233,1675,-2
23234,1691,-2
23235,1676,1
23236,1671,1
23237,1648,-1
23238,1640,-2
23239,1641,1
23240,1644,-1
23241,1637,-2
23242,1652,-1
23243,1667,0
23244,1657,-1
23245,1666,-2
23246,1671,1
23247,1673,0
23248,1670,-2
23249,1673,0
23250,1673,0
23251,1653,0
23252,1647,0
23253,1634,0
23254,1638,1
23255,1648,0
23256,1649,-2
23257,1650,-2
23258,1671,-2
23259,1669,-1
23260,1670,-1
23261,1663,-1
23262,1665,1
23263,1676,-2
23264,1675,1
23265,1653,-1
23266,1679,-1
23267,1666,-2
23268,1658,1
23269,1643,0
23270,1644,1
23271,1645,0
23272,1665,0
23273,1668,-2
23274,1682,0
23275,1669,-1
23276,1666,-1
23277,1666,1
23278,1672,1
23279,1673,1
23280,1664,0
23281,1663,1
23282,1660,1
23283,1651,-2
23284,1649,1
23285,1640,-3
23286,1655,-2
23287,1662,1
23288,1658,1
23289,1668,-2
23290,1680,1
23291,1672,2
23292,1680,-1
23293,1673,-2
23294,1659,1
23295,1668,-1
23296,1653,0
23297,1652,-1
23298,1657,0
23299,1640,-1
23300,1643,-1
23301,1640,-1
23302,1661,-2
23303,1664,-1
23304,1678,0
23305,1684,-1
23306,1699,-3
23307,1688,-2
23308,1679,-2
23309,1659,1
23310,1647,1
23311,1643,1
23312,1637,0
23313,1637,-1
23314,1649,0
23315,1645,0
23316,1655,-1
23317,1650,-1
23318,1672,0
23319,1679,1
23320,1689,-1
23321,1682,1
23322,1693,-2
23323,1666,-2
23324,1655,-3
23325,1643,0
23326,1633,1
23327,1634,-1
23328,1638,1
23329,1638,-2
23330,1670,-1
23331,1667,-2
23332,1671,1
23333,1679,-2
23334,1670,-1
23335,1680,-1
23336,1681,-2
23337,1661,-3
23338,1667,-1
23339,1638,0
23340,1636,1
23341,1622,-1
23342,1631,-2
23343,1637,0
23344,1651,1
23345,1670,-1
23346,1685,0
23347,1680,0
23348,1675,-2
23349,1673,-1
23350,1667,-1
23351,1670,0
23352,1656,-2
23353,1648,1
23354,1644,0
23355,1637,-1
23356,1644,0
23357,1637,1
23358,1652,-2
23359,1660,1
23360,1681,-2
23361,1673,0
23362,1686,1
23363,1681,1
23364,1663,1
23365,1659,-2
23366,1666,-1
23367,1658,1
23368,1657,0
23369,1648,0
23370,1660,1
23371,1644,-1
23372,1650,-1
23373,1650,0
23374,1659,-2
23375,1672,-1
23376,1669,-1
23377,1673,-1
23378,1675,0
23379,1672,-2
23380,1668,-1
23381,1661,-1
23382,1660,-1
23383,1658,-1
23384,1657,1
23385,1646,-1
23386,1654,-1
23387,1653,1
23388,1651,-2
23389,1655,-2
23390,1662,0
23391,1666,-1
23392,1669,-3
23393,1673,0
23394,1682,-1
23395,1671,0
23396,1661,1
23397,1651,1
23398,1648,1
23399,1654,0
23400,1650,-1
23401,1644,-2
23402,1656,-1
23403,1658,0
23404,1655,0
23405,1663,-2
23406,1676,0
23407,1671,-2
23408,1676,1
23409,1673,-1
23410,1674,-2
23411,1660,-1
23412,1646,-2
23413,1640,-1
23414,1645,0
23415,1640,1
23416,1644,0
23417,1647,2
23418,1670,-2
23419,1679,1
23420,1680,0
23421,1673,1
23422,1675,-2
23423,1677,-2
23424,1672,0
23425,1659,1
23426,1667,0
23427,1648,0
23428,1645,0
23429,1639,0
23430,1640,1
23431,1655,1
23432,1658,2
23433,1660,-2
23434,1691,-1
23435,1676,-2
23436,1676,-3
23437,1666,-1
23438,1660,0
23439,1664,-2
23440,1659,0
23441,1656,0
23442,1652,0
23443,1651,-2
23444,1658,0
23445,1645,-1
23446,1655,-3
23447,1664,0
23448,1667,1
23449,1673,0
23450,1672,-1
23451,1670,0
23452,1659,0
23453,1662,-1
23454,1655,-2
23455,1661,0
23456,1658,-2
23457,1657,-1
23458,1661,0
23459,1660,-1
23460,1655,-1
23461,1650,1
23462,1658,-1
23463,1665,1
23464,1674,1
23465,1670,1
23466,1667,-2
23467,1670,-2
23468,1668,-2
23469,1663,0
23470,1657,0
23471,1669,0
23472,1649,-2
23473,1648,1
23474,1659,-3
23475,1655,-1
23476,1655,-1
23477,1649,-2
23478,1654,3
23479,1676,0
23480,1667,1
23481,1673,0
23482,1680,-2
23483,1685,-2
23484,1673,1
23485,1657,0
23486,1652,-2
23487,1651,-2
23488,1644,-2
23489,1644,-2
23490,1656,1
23491,1656,0
23492,1666,0
23493,1664,0
23494,1671,-1
23495,1685,-1
23496,1679,-2
23497,1680,-2
23498,1682,1
23499,1669,-1
23500,1654,-2
23501,1643,0
23502,1649,-1
23503,1641,-2
23504,1643,0
23505,1644,0
23506,1673,-2
23507,1674,0
23508,1682,0
23509,1679,1
23510,1674,-2
23511,1682,0
23512,1685,-1
23513,1659,1
23514,1657,-1
23515,1648,1
23516,1649,-1
23517,1637,-3
23518,1646,-2
23519,1652,-1
23520,1667,1
23521,1666,-1
23522,1688,-1
23523,1688,0
23524,1682,0
23525,1670,-1
23526,1672,-2
23527,1665,-2
23528,1646,1
23529,1644,-2
23530,1654,1
23531,1646,-2
23532,1650,0
23533,1646,1
23534,1658,0
23535,1685,-2
23536,1676,-2
23537,1674,0
23538,1685,-1
23539,1685,-2
23540,1661,2
23541,1659,1
23542,1654,-2
23543,1654,0
23544,1654,-2
23545,1653,1
23546,1660,-1
23547,1665,-1
23548,1657,-2
23549,1653,-2
23550,1663,0
23551,1663,1
23552,1674,1
23553,1670,-2
23554,1679,-1
23555,1677,-2
23556,1669,0
23557,1662,1
23558,1661,0
23559,1658,-2
23560,1655,1
23561,1658,-1
23562,1665,-1
23563,1667,0
23564,1658,1
23565,1660,-2
23566,1664,-1
23567,1667,-2
23568,1676,-1
23569,1676,0
23570,1685,-1
23571,1678,-2
23572,1666,-1
23573,1643,-2
23574,1652,-1
23575,1646,-1
23576,1647,1
23577,1645,1
23578,1658,0
23579,1670,-2
23580,1670,-1
23581,1663,-1
23582,1671,1
23583,1675,1
23584,1680,1
23585,1682,-4
23586,1683,0
23587,1679,-1
23588,1661,-1
23589,1637,-2
23590,1646,-1
23591,1646,-2
23592,1656,-2
23593,1655,0
23594,1673,-2
23595,1678,1
23596,1686,-2
23597,1678,0
23598,1669,-1
23599,1679,-1
23600,1679,0
23601,1664,1
23602,1664,-1
23603,1653,-2
23604,1648,-1
23605,1643,0
23606,1649,-1
23607,1651,1
23608,1664,-2
23609,1673,-2
23610,1688,-1
23611,1704,0
23612,1678,-1
23613,1664,-1
23614,1672,-2
23615,1677,-2
23616,1659,1
23617,1646,1
23618,1667,-1
23619,1669,0
23620,1661,1
23621,1646,0
23622,1660,-2
23623,1673,1
23624,1680,-1
23625,1670,0
23626,1679,-2
23627,1675,-1
23628,1664,1
23629,1661,-1
23630,1661,0
23631,1661,-2
23632,1658,-1
23633,1657,1
23634,1661,-2
23635,1667,1
23636,1663,1
23637,1653,-1
23638,1662,-2
23639,1664,0
23640,1667,-2
23641,1667,0
23642,1677,0
23643,1677,2
23644,1666,0
23645,1650,1
23646,1661,-2
23647,1668,-1
23648,1663,0
23649,1658,-2
23650,1659,-1
23651,1663,1
23652,1653,-2
23653,1656,0
23654,1661,-1
23655,1667,-1
23656,1670,-2
23657,1676,-2
23658,1680,-2
23659,1692,1
23660,1670,0
23661,1644,-1
23662,1656,0
23663,1660,3
23664,1649,-2
23665,1645,-2
23666,1664,-2
23667,1664,-1
23668,1664,-2
23669,1658,-2
23670,1673,1
23671,1682,-2
23672,1686,1
23673,1679,0
23674,1675,-1
23675,1679,-4
23676,1657,-1
23677,1647,0
23678,1641,1
23679,1647,-1
23680,1653,0
23681,1655,-1
23682,1661,0
23683,1686,-3
23684,1678,1
23685,1670,0
23686,1675,-2
23687,1686,-1
23688,1677,-1
23689,1658,-2
23690,1653,0
23691,1662,-2
23692,1643,-1
23693,1634,-1
23694,1640,1
23695,1650,2
23696,1665,1
23697,1670,-2
23698,1690,-2
23699,1698,0
23700,1683,-1
23701,1674,-2
23702,1673,-2
23703,1667,1
23704,1659,-1
23705,1653,1
23706,1648,1
23707,1667,-1
23708,1644,-1
23709,1646,-2
23710,1656,-1
23711,1672,1
23712,1676,0
23713,1675,1
23714,1678,-2
23715,1690,-2
23716,1672,1
23717,1669,0
23718,1664,-1
23719,1655,0
23720,1650,-2
23721,1652,-1
23722,1661,-2
23723,1661,-1
23724,1658,-1
23725,1658,0
23726,1673,-1
23727,1677,-1
23728,1674,0
23729,1677,0
23730,1676,1
23731,1685,-2
23732,1671,1
23733,1661,-2
23734,1663,-1
23735,1665,0
23736,1656,-1
23737,1661,1
23738,1655,-2
23739,1667,1
23740,1659,0
23741,1663,-2
23742,1677,-2
23743,1679,0
23744,1681,0
23745,1684,-1
23746,1688,2
23747,1682,1
23748,1653,-1
23749,1655,-2
23750,1654,-2
23751,1656,1
23752,1644,-2
23753,1647,0
23754,1656,-2
23755,1677,-2
23756,1675,0
23757,1664,-2
23758,1674,0
23759,1688,0
23760,1690,0
23761,1684,-2
23762,1678,-1
23763,1668,-2
23764,1646,-1
23765,1646,1
23766,1644,1
23767,1648,-1
23768,1656,0
23769,1669,0
23770,1673,1
23771,1690,1
23772,1683,0
23773,1680,-3
23774,1686,-1
23775,1685,0
23776,1668,1
23777,1661,0
23778,1659,-1
23779,1650,1
23780,1643,-1
23781,1636,-2
23782,1649,0
23783,1670,-1
23784,1668,0
23785,1690,0
23786,1691,-1
23787,1691,0
23788,1694,-1
23789,1679,-2
23790,1665,-1
23791,1663,0
23792,1648,-1
23793,1652,0
23794,1647,-1
23795,1659,-2
23796,1652,1
23797,1654,-2
23798,1661,-2
23799,1685,-1
23800,1688,-3
23801,1685,-2
23802,1677,-2
23803,1685,-2
23804,1672,-3
23805,1659,2
23806,1651,-2
23807,1652,-2
23808,1646,1
23809,1651,-1
23810,1664,-2
23811,1676,-1
23812,1661,-2
23813,1676,0
23814,1683,-1
23815,1688,-2
23816,1676,-1
23817,1679,-2
23818,1672,-1
23819,1671,-2
23820,1673,-2
23821,1655,0
23822,1654,-2
23823,1653,0
23824,1653,-2
23825,1657,-1
23826,1671,0
23827,1679,-1
23828,1669,1
23829,1673,-1
23830,1675,0
23831,1678,1
23832,1680,0
23833,1672,0
23834,1679,-1
23835,1688,1
23836,1661,-2
23837,1658,-1
23838,1656,0
23839,1652,0
23840,1652,-1
23841,1664,-2
23842,1670,0
23843,1689,-2
23844,1673,-1
23845,1678,1
23846,1675,-1
23847,1681,-1
23848,1679,0
23849,1668,-1
23850,1676,0
23851,1660,-2
23852,1649,-1
23853,1642,0
23854,1643,-2
23855,1648,0
23856,1655,-2
23857,1670,1
23858,1675,0
23859,1689,1
23860,1693,-2
23861,1676,-1
23862,1672,-2
23863,1672,0
23864,1668,-1
23865,1652,1
23866,1661,-1
23867,1658,2
23868,1649,-1
23869,1645,-2
23870,1658,1
23871,1660,-1
23872,1675,-2
23873,1682,0
23874,1685,-2
23875,1693,0
23876,1684,0
23877,1673,1
23878,1668,0
23879,1655,0
23880,1656,0
23881,1654,-2
23882,1655,-1
23883,1668,-1
23884,1655,-2
23885,1659,1
23886,1676,1
23887,1686,0
23888,1682,0
23889,1691,-2
23890,1686,-2
23891,1688,0
23892,1670,0
23893,1655,1
23894,1646,-2
23895,1665,-2
23896,1657,1
23897,1661,-1
23898,1668,1
23899,1678,-1
23900,1665,1
23901,1676,0
23902,1676,1
23903,1680,0
23904,1670,-2
23905,1667,0
23906,1676,-1
23907,1679,1
23908,1661,-1
23909,1657,-1
23910,1658,1
23911,1661,0
23912,1656,1
23913,1661,1
23914,1666,1
23915,1684,-1
23916,1676,-1
23917,1676,-2
23918,1679,0
23919,1676,-1
23920,1670,-1
23921,1673,1
23922,1676,-1
23923,1679,0
23924,1675,-1
23925,1658,0
23926,1659,1
23927,1665,0
23928,1654,1
23929,1657,-1
23930,1667,1
23931,1673,1
23932,1668,-1
23933,1669,0
23934,1679,-3
23935,1679,0
23936,1687,-2
23937,1673,-1
23938,1674,1
23939,1680,-1
23940,1663,1
23941,1650,0
23942,1649,-1
23943,1649,0
23944,1661,1
23945,1664,0
23946,1670,-2
23947,1687,1
23948,1684,2
23949,1687,-1
23950,1679,1
23951,1678,1
23952,1664,0
23953,1658,-2
23954,1653,1
23955,1659,-1
23956,1655,-1
23957,1645,1
23958,1651,-2
23959,1666,-2
23960,1664,1
23961,1679,-1
23962,1686,0
23963,1682,1
23964,1679,2
23965,1673,0
23966,1664,1
23967,1663,-1
23968,1661,-2
23969,1651,0
23970,1659,-2
23971,1667,-1
23972,1654,-2
23973,1655,0
23974,1663,-3
23975,1679,-1
23976,1668,-2
23977,1682,-1
23978,1684,-2
23979,1690,1
23980,1681,-2
23981,1667,-1
23982,1652,-2
23983,1655,0
23984,1652,-1
23985,1658,-1
23986,1664,-1
23987,1665,1
23988,1670,-2
23989,1675,-1
23990,1674,-1
23991,1681,-1
23992,1676,2
23993,1685,1
23994,1674,-2
23995,1682,-1
23996,1671,0
23997,1658,-2
23998,1667,0
23999,1661,1
