Index,R0_C0,R0_C1,R0_C2,R0_C3,R0_C4,R0_C5,R1_C0,R1_C1,R1_C2,R1_C3,R1_C4,R1_C5,R2_C0,R2_C1,R2_C2,R2_C3,R2_C4,R2_C5,R3_C0,R3_C1,R3_C2,R3_C3,R3_C4,R3_C5,R4_C0,R4_C1,R4_C2,R4_C3,R4_C4,R4_C5,R5_C0,R5_C1,R5_C2,R5_C3,R5_C4,R5_C5,VGND
0,-5,6,2,4,-1,2,-5,7,1,2,-2,1,-7,7,1,3,-1,1,-5,8,2,4,0,4,-7,7,3,1,0,1,-5,7,3,1,-1,4,-1
1,-4,6,3,3,0,3,-4,6,2,2,-2,2,-4,6,1,4,-2,1,-4,7,2,1,-1,3,-5,7,2,1,0,0,-4,9,3,2,0,2,-1
2,-5,9,3,2,-3,2,-5,7,0,4,0,2,-5,7,2,4,1,4,-4,8,2,4,-1,2,-5,7,0,3,-3,1,-5,7,2,2,-1,2,-2
3,-5,8,2,3,0,2,-5,6,3,3,-1,2,-4,7,3,4,-3,2,-2,6,1,5,-1,3,-4,7,2,4,1,2,-3,7,2,3,-1,3,-1
4,-5,7,4,2,-2,2,-7,6,1,3,1,2,-6,9,1,4,-3,0,-5,6,1,3,-2,2,-5,6,-1,3,-1,3,-4,9,3,2,0,2,-2
5,-5,6,3,1,0,4,-6,8,2,1,0,3,-5,9,2,3,-2,2,-5,7,5,4,-2,1,-5,6,3,4,0,1,-5,8,2,2,-3,2,0
6,-5,9,3,3,-3,1,-7,7,0,3,0,0,-5,7,4,2,-1,4,-3,7,3,2,-3,1,-7,8,1,4,-1,3,-5,9,3,2,-3,2,-2
7,-3,6,1,2,-3,1,-5,7,3,2,-2,3,-4,6,1,2,-3,1,-6,8,2,3,-3,4,-6,7,2,3,0,1,-5,7,0,1,-2,2,1
8,-3,7,3,2,0,2,-6,7,0,2,-2,2,-4,6,3,4,0,1,-5,5,2,3,0,4,-4,8,0,3,0,1,-5,7,3,4,-2,2,-2
9,-5,6,0,3,-3,3,-6,7,2,4,0,1,-5,9,3,4,-2,3,-5,8,2,4,-3,1,-3,7,1,2,-1,1,-7,5,3,4,-3,2,1
10,-5,6,2,3,0,4,-6,8,3,3,-1,4,-4,7,3,4,-4,4,-4,6,2,3,0,2,-4,9,1,2,0,2,-5,6,3,2,-2,1,-2
11,-4,7,1,1,-1,3,-3,7,2,6,0,3,-5,8,0,1,-2,2,-6,6,1,5,0,2,-5,6,0,1,-1,1,-5,7,3,2,-2,3,-2
12,-5,9,3,4,0,2,-5,7,3,4,-2,2,-5,8,3,3,-2,4,-5,7,2,5,0,1,-5,6,1,2,-2,3,-3,8,3,3,-1,4,-2
13,-5,7,3,1,0,1,-5,9,0,4,-3,4,-7,6,2,3,0,4,-8,8,3,4,0,2,-5,9,3,4,-2,5,-5,8,3,4,0,3,-3
14,-4,9,1,4,0,2,-6,7,0,3,0,1,-5,7,4,4,-3,4,-6,7,3,4,-3,2,-5,8,3,3,-5,2,-5,6,3,4,-3,4,-2
15,-6,9,1,3,-3,2,-5,7,3,4,-2,2,-4,6,2,2,-3,3,-4,9,3,3,-1,1,-4,6,3,4,0,2,-7,6,2,3,0,3,-1
16,-5,9,1,4,-1,2,-6,9,2,4,-3,1,-4,9,2,4,-2,2,-7,7,0,3,-2,1,-7,6,3,3,-3,0,-5,9,3,3,-2,2,-3
17,-6,7,3,1,0,2,-7,9,1,1,-1,2,-7,7,3,3,-2,1,-7,8,1,4,-3,3,-4,6,3,3,-2,3,-4,8,2,2,-3,2,-2
18,-4,9,0,3,0,1,-6,9,2,3,-2,4,-7,6,3,3,-3,1,-5,6,3,4,-3,1,-5,8,3,4,-2,2,-5,6,3,2,-2,2,-1
19,-5,7,2,4,0,0,-5,8,2,1,-2,1,-5,6,3,3,-3,3,-5,7,1,2,-2,2,-5,7,0,4,-1,4,-5,6,2,1,-2,3,-2
20,-6,6,3,2,-3,0,-3,6,3,2,-1,3,-4,8,2,4,0,2,-5,8,2,4,0,2,-6,6,3,4,-2,4,-3,6,3,3,0,2,0
21,-5,8,3,2,-2,2,-5,6,0,3,-1,2,-4,7,1,4,-1,1,-7,6,3,4,0,0,-5,6,4,1,2,3,-4,7,3,2,0,0,1
22,-5,9,2,4,-3,2,-5,9,2,2,0,2,-2,7,1,4,0,1,-4,7,3,4,-1,1,-4,7,1,4,0,3,-4,7,1,4,-2,3,-2
23,-3,6,1,0,1,3,-3,8,2,3,-2,0,-4,6,3,1,-3,4,-6,8,3,3,2,1,-6,9,2,2,-4,3,-4,8,3,3,-3,2,-1
24,-4,7,1,4,-2,4,-5,6,2,1,-1,1,-7,6,3,4,-2,4,-5,6,0,4,-1,3,-7,9,1,4,-2,1,-5,8,2,3,0,3,1
25,-6,7,3,3,-4,3,-5,9,2,2,0,4,-6,7,1,0,-3,1,-6,9,0,5,0,2,-5,7,2,3,-1,2,-5,8,0,3,0,2,-2
26,-5,6,0,4,-3,2,-3,8,0,3,-2,1,-5,9,0,1,-1,2,-4,6,0,2,-1,1,-5,6,1,4,-1,2,-5,9,3,4,0,3,-1
27,-6,7,3,2,0,3,-6,7,3,1,1,2,-4,6,2,2,-3,3,-5,7,1,4,-2,1,-5,6,2,3,-1,2,-5,5,3,2,2,3,-2
28,-5,9,0,4,-2,4,-6,9,2,3,-3,4,-5,6,0,4,-1,2,-5,5,0,4,-1,4,-5,6,3,3,0,3,-5,10,2,1,0,2,-1
29,-7,6,3,4,0,4,-5,6,3,2,0,3,-5,8,1,4,-2,4,-5,6,1,4,-1,1,-3,9,3,4,-1,3,-3,9,1,4,-1,4,0
30,-5,7,1,3,-2,2,-6,6,2,4,-1,3,-4,7,2,2,-1,1,-4,7,3,4,0,4,-5,8,2,2,1,2,-5,8,0,3,0,3,-2
31,-5,7,1,3,0,3,-6,6,1,1,-1,1,-6,5,3,4,3,2,-5,7,2,4,-3,1,-6,6,2,3,1,1,-7,8,3,4,-2,4,-1
32,-6,6,3,3,-2,2,-5,7,2,3,-3,3,-4,7,2,4,-3,3,-6,7,1,5,-3,4,-5,7,0,2,-1,4,-6,6,3,4,-1,3,-2
33,-4,7,3,2,-1,3,-5,6,1,3,-1,1,-4,9,0,3,-1,-1,-5,6,2,1,-1,5,-5,6,3,1,0,3,-5,6,-2,5,2,1,0
34,-5,7,3,3,-2,2,-6,8,1,3,-3,4,-6,6,3,4,-1,2,-4,7,1,1,0,2,-2,7,1,4,-3,2,-6,9,3,4,0,4,-2
35,-4,9,1,4,-1,2,-5,9,1,4,-2,1,-5,9,2,2,2,3,-5,6,2,4,0,2,-5,6,1,2,0,4,-7,8,3,3,0,1,-1
36,-6,6,0,4,0,3,-4,9,1,2,-2,1,-5,6,1,3,-3,4,-4,6,0,3,0,-1,-5,7,2,3,-3,4,-5,7,3,2,-2,3,-1
37,-4,7,3,2,-2,3,-5,9,2,4,0,1,-5,8,3,3,-3,2,-5,7,1,2,0,3,-7,6,-1,3,-2,3,-7,9,2,2,0,3,-2
38,-7,6,3,3,0,1,-5,7,3,1,1,3,-5,9,3,1,-2,3,-5,6,2,4,-2,1,-3,9,3,4,-1,2,-7,8,1,3,-1,2,0
39,-7,8,0,3,-1,4,-4,8,3,3,1,1,-5,5,1,3,-2,4,-5,6,3,4,0,2,-4,9,3,5,0,4,-7,7,1,1,-1,3,-1
40,-5,9,3,5,-1,3,-5,8,3,3,0,4,-5,8,3,3,-2,3,-6,8,0,3,1,1,-3,7,1,1,-1,2,-5,6,2,3,1,2,-1
41,-5,8,1,2,-1,4,-5,8,3,2,1,0,-4,8,2,5,0,4,-7,7,2,4,0,2,-2,6,3,2,0,2,-5,9,1,3,-2,4,-2
42,-7,7,3,4,-3,2,-5,6,3,4,-2,3,-5,6,0,3,-3,3,-7,6,0,3,0,1,-5,6,3,4,-2,3,-5,8,3,2,0,4,-3
43,-7,8,0,1,-1,3,-7,7,2,3,0,3,-5,8,2,1,0,1,-5,8,3,2,-1,2,-5,7,1,2,-1,4,-5,9,3,3,-1,4,-2
44,-5,9,1,3,-1,1,-6,9,3,3,-2,2,-5,7,0,2,-3,1,-5,6,0,3,-2,3,-5,9,0,4,0,4,-5,6,2,3,-1,2,-2
45,-6,7,3,3,-1,3,-5,9,0,4,-1,3,-5,7,1,6,-1,1,-5,8,3,3,-1,1,-7,9,3,2,-3,1,-4,6,2,4,0,2,-1
46,-5,7,1,3,-3,3,-5,6,2,1,0,2,-4,6,1,1,-2,1,-4,7,0,2,-1,2,-4,7,1,4,0,0,-7,6,1,3,-1,2,-2
47,-6,9,3,1,-1,3,-5,8,3,3,-2,2,-6,5,1,4,-1,4,-4,6,0,-1,0,2,-4,8,2,2,0,1,-6,6,0,2,-1,4,0
48,-6,6,3,2,-2,2,-7,6,1,1,-2,2,-4,7,3,1,0,4,-7,8,3,1,1,1,-5,6,0,3,-2,3,-5,7,2,2,-2,3,-2
49,-5,9,1,3,-1,2,-5,8,1,4,0,1,-5,7,3,2,-1,2,-5,5,3,2,1,1,-5,9,5,4,-1,1,-6,9,2,4,-2,3,-2
50,-4,9,0,1,-2,1,-3,8,3,2,-3,6,-7,9,1,4,-4,2,-5,6,2,2,0,2,-5,6,2,4,0,2,-5,7,2,2,-2,2,1
51,-4,8,0,4,-2,2,-5,9,3,4,-2,4,-5,7,-1,3,0,2,-5,9,2,2,0,3,-6,8,3,2,0,1,-5,7,2,3,-2,1,-2
52,-5,9,3,1,1,3,-4,6,0,3,-3,4,-6,8,0,4,0,3,-6,7,1,4,-1,1,-4,6,1,2,3,2,-5,5,2,1,0,2,-1
53,-4,6,3,3,-2,3,-2,8,3,2,0,3,-6,7,1,4,-1,1,-5,7,2,5,1,3,-3,7,0,1,-1,2,-6,6,2,3,-1,1,0
54,-5,7,1,4,-1,1,-5,8,2,2,0,1,-5,6,1,3,-2,1,-4,9,3,4,-3,3,-6,9,3,1,-1,1,-4,9,3,3,-1,1,1
55,-7,6,0,1,-2,1,-5,9,3,3,-2,4,-3,7,2,3,-2,4,-5,8,1,2,-1,3,-5,6,2,0,0,1,-3,7,1,3,-1,1,1
56,-5,8,2,3,-2,3,-4,9,1,2,-1,3,-6,6,3,4,0,2,-6,5,3,4,0,4,-5,7,3,4,-2,5,-4,7,3,4,-1,1,-1
57,-5,7,1,4,-1,2,-7,8,1,4,0,3,-5,6,0,3,0,4,-5,7,0,4,-1,1,-6,6,2,2,-2,3,-6,9,3,4,-2,1,-2
58,-5,7,1,4,0,1,-5,7,3,3,0,2,-5,7,3,1,-1,1,-5,6,3,6,0,3,-5,7,1,2,-1,2,-7,7,2,4,-1,1,0
59,-6,6,2,2,-2,2,-5,9,2,3,-2,1,-6,9,2,2,-1,4,-7,8,3,3,-2,4,-5,8,1,4,-2,2,-5,10,2,3,-1,4,-1
60,-5,9,3,3,0,1,-7,7,3,4,0,2,-5,9,-1,3,-1,3,-4,9,0,4,0,2,-5,7,1,1,-2,4,-6,9,3,2,-2,3,0
61,-5,6,5,2,0,1,-3,7,2,2,-1,2,-6,7,2,2,-2,2,-5,6,0,3,0,2,-4,9,3,3,-1,1,-5,9,3,3,-3,3,-2
62,-4,7,1,4,0,1,-7,9,3,1,-3,3,-5,7,3,3,-4,4,-7,7,3,4,0,1,-5,7,2,4,-3,0,-5,6,1,4,-3,1,1
63,-5,9,0,4,-3,2,-5,9,1,2,1,1,-6,8,3,1,-2,4,-5,9,2,2,0,1,-3,9,3,2,-1,2,-5,6,0,4,0,3,-1
64,-5,8,2,2,0,1,-5,7,0,4,-1,2,-5,6,1,4,-3,4,-6,7,2,4,-2,3,-5,8,2,4,-3,2,-6,6,3,0,0,0,0
65,-7,7,2,3,0,1,-5,9,0,4,0,3,-5,7,1,1,-3,1,-5,8,2,2,0,3,-5,8,3,3,-3,4,-3,10,2,3,0,1,-2
66,-5,7,1,4,-2,1,-6,6,2,2,-1,1,-5,7,3,2,0,4,-4,9,0,4,0,1,-5,8,3,1,-2,3,-3,7,2,4,-2,4,0
67,-5,7,3,1,-1,1,-5,7,2,3,-1,3,-7,7,3,3,-3,2,-6,7,1,2,-3,3,-5,7,3,3,-2,4,-7,7,3,3,0,3,1
68,-7,7,2,3,-3,3,-7,7,3,1,-1,5,-5,7,0,3,0,4,-4,8,2,3,-2,1,-5,6,1,2,-1,0,-5,7,3,3,-2,4,2
69,-6,8,2,2,-1,2,-5,8,3,1,0,1,-6,6,3,2,-1,2,-6,9,0,2,0,1,-5,7,1,4,-1,2,-5,9,3,4,-1,3,1
70,-6,8,2,3,-2,2,-6,9,0,5,-3,2,-6,6,3,2,-2,2,-5,7,3,1,-2,2,-5,6,1,4,-1,3,-7,8,1,3,-3,1,0
71,-3,6,0,3,0,4,-5,8,0,3,-1,3,-5,9,2,3,-3,2,-5,7,2,5,-4,2,-5,8,2,4,-2,3,-6,7,2,3,-1,4,-2
72,-4,6,3,1,-1,4,-5,7,2,2,-3,1,-5,8,3,2,-3,3,-7,9,3,7,-2,3,-5,8,2,3,-2,2,-4,8,1,5,0,2,-2
73,-3,8,3,4,-2,2,-5,7,3,4,0,1,-7,9,3,4,0,2,-5,6,-1,3,-2,1,-4,6,3,2,-1,2,-5,8,1,4,-2,2,-1
74,-5,7,2,1,0,1,-5,8,2,4,-1,4,-3,9,3,3,0,3,-6,8,-1,3,0,1,-5,5,2,4,-3,2,-5,8,3,3,-3,4,-2
75,-6,8,2,2,-1,2,-7,6,2,3,-3,3,-5,8,2,3,-1,1,-4,9,2,2,-2,4,-4,7,4,4,0,2,-7,6,1,3,0,1,-2
76,-4,7,3,3,0,1,-5,11,2,3,-2,3,-5,6,3,1,0,2,-6,8,1,3,0,1,-7,8,3,2,-2,0,-5,7,1,4,0,3,0
77,-5,7,2,3,-1,3,-5,6,2,4,0,4,-5,7,3,4,0,1,-5,8,3,3,0,4,-5,9,3,2,-1,3,-6,9,1,4,0,1,-1
78,-5,6,1,3,-4,2,-5,8,2,4,-1,2,-6,11,1,4,0,3,-5,8,3,3,0,1,-6,7,3,4,-1,1,-3,10,2,3,1,1,-1
79,-7,9,0,4,-3,3,-7,9,0,4,-3,0,-5,6,3,4,0,4,-5,7,2,4,0,1,-6,6,0,1,0,3,-6,7,3,4,-1,2,-2
80,-5,6,3,3,-1,5,-5,7,0,4,-3,4,-5,9,2,3,0,1,-6,9,4,4,0,0,-5,6,3,1,-3,4,-7,8,1,1,0,1,-2
81,-5,9,1,1,-3,4,-5,7,2,7,-1,2,-4,8,0,6,-1,1,-5,9,2,6,-1,3,-5,9,2,4,0,2,-6,7,2,3,-2,1,-1
82,-7,7,3,2,-1,2,-5,7,2,3,-1,3,-5,7,3,1,0,1,-5,6,1,1,0,2,-5,8,0,3,-2,4,-5,9,2,4,-3,4,1
83,-7,6,1,5,-3,3,-3,8,1,1,-2,4,-7,6,2,2,-3,1,-5,8,1,3,-3,1,-7,6,1,2,-3,4,-6,9,2,1,-3,4,-2
84,-6,8,4,1,0,3,-6,6,2,3,-2,4,-5,6,2,2,0,3,-5,7,0,4,-2,2,-7,9,2,2,-2,2,-5,6,3,2,-2,3,-3
85,-5,7,1,1,0,1,-5,6,3,2,-2,2,-4,8,3,4,0,4,-5,9,0,4,-2,3,-5,8,0,4,0,3,-5,6,2,4,1,1,-2
86,-5,6,2,2,0,1,-5,6,0,4,-2,4,-7,9,0,1,-3,0,-7,8,2,3,-2,3,-5,7,3,4,0,2,-5,7,0,3,-1,2,1
87,-5,8,1,3,-1,1,-5,9,0,2,-1,2,-5,6,3,5,-2,3,-5,6,3,1,-2,4,-4,9,3,4,-3,2,-5,8,0,2,-3,4,-2
88,-5,6,0,4,-2,2,-3,7,2,2,0,4,-5,9,2,4,-3,1,-6,8,1,4,-3,4,-7,6,0,4,-1,0,-5,9,1,4,-3,5,-2
89,-3,9,4,3,0,2,-6,6,1,1,-1,1,-5,9,3,4,-2,3,-5,7,2,2,0,3,-6,8,3,2,-3,3,-6,7,1,3,-1,2,0
90,-6,9,2,1,0,1,-5,9,2,2,0,5,-6,6,1,1,-3,4,-6,7,3,7,-2,3,-5,8,0,2,0,3,-5,8,1,2,0,3,-2
91,-5,8,1,1,0,1,-5,6,3,4,-1,2,-5,8,2,4,0,4,-4,9,2,3,-2,4,-5,6,3,4,-2,0,-7,6,3,4,-2,2,1
92,-4,6,0,4,0,3,-5,8,1,3,-1,2,-7,7,3,4,-3,1,-6,8,3,1,-2,2,-5,7,0,4,-1,2,-6,9,3,4,-1,4,0
93,-4,6,4,3,0,1,-4,7,2,3,-3,4,-7,6,3,4,-3,2,-5,6,0,2,-2,1,-5,8,1,3,-2,4,-2,9,1,4,-2,4,1
94,-5,7,0,6,0,3,-5,7,3,4,0,4,-3,6,1,3,-1,0,-6,6,2,4,-3,4,-4,7,0,2,-2,3,-5,6,3,5,-1,1,-2
95,-7,6,2,1,-3,2,-6,7,0,4,0,4,-5,6,2,2,-1,2,-7,6,1,4,-1,2,-5,8,1,1,0,2,-5,6,3,2,0,3,-2
96,-5,8,4,2,-1,2,-5,7,0,2,-2,2,-5,7,3,1,0,3,-5,6,1,1,-1,1,-5,9,1,1,0,2,-5,6,3,0,0,1,-2
97,-4,6,3,4,-2,1,-4,6,3,3,-1,2,-5,6,2,3,-3,1,-7,7,3,6,-1,1,-5,6,4,4,0,2,-4,7,0,4,0,4,-2
98,-5,7,1,4,-1,2,-3,7,3,1,0,1,-5,9,3,1,-1,1,-5,9,0,6,-1,0,-7,8,0,3,-2,2,-5,8,3,3,-1,3,0
99,-5,4,2,3,-2,3,-3,6,3,4,-1,3,-6,8,2,4,0,1,-6,8,3,3,-1,1,-4,7,3,2,1,3,-7,6,5,1,0,2,0
100,-5,9,3,1,-1,2,-6,8,3,3,-3,2,-7,7,1,4,0,3,-6,9,3,3,-1,1,-7,7,-2,4,0,1,-5,8,2,3,0,2,-4
101,-5,7,3,3,2,2,-4,8,2,1,0,4,-5,9,1,3,-1,1,-6,7,0,3,1,2,-2,9,1,4,-2,3,-5,9,0,4,-1,3,-1
102,-6,8,3,5,-1,2,-7,7,1,3,-2,4,-5,9,3,3,-3,1,-4,7,3,4,1,2,-6,7,2,5,-1,2,-5,6,2,4,-2,3,-2
103,-6,6,3,2,0,1,-4,6,2,4,-1,4,-7,9,4,3,-3,1,-5,6,-2,2,1,2,-5,5,4,2,-1,3,-5,6,3,2,-3,2,-1
104,-7,9,3,4,-1,2,-8,6,3,-2,-3,2,-5,9,0,2,-1,3,-4,8,3,4,-2,3,-4,9,3,4,-3,3,-5,7,0,4,1,2,-1
105,-6,6,4,3,-3,3,-5,10,1,2,-1,6,-5,8,3,3,-1,2,-5,5,3,1,0,4,-5,8,1,1,0,2,-5,7,1,3,0,2,-3
106,-6,7,2,3,0,2,-6,7,3,2,-4,1,-5,6,2,3,0,1,-6,7,4,2,0,1,-5,6,0,5,-2,4,-5,6,2,1,-3,4,-1
107,-4,6,2,1,-2,1,-4,9,2,3,-3,3,-5,7,3,2,0,3,-6,6,3,2,1,3,-5,9,1,2,-1,3,-5,6,1,3,-1,2,-2
108,-5,8,1,3,-1,2,-6,6,3,0,0,1,-4,7,3,4,0,2,-5,8,3,3,-3,4,-5,7,3,2,0,3,-5,8,2,4,-1,4,0
109,-5,7,3,3,-2,4,-5,8,2,4,-2,1,-6,5,2,4,-2,-1,-5,6,2,4,0,4,-2,7,0,2,-2,3,-6,9,3,3,-1,2,-2
110,-6,6,1,2,-1,1,-5,9,3,3,-3,1,-4,8,3,2,0,1,-7,4,3,3,0,3,-5,9,0,3,-3,2,-4,6,3,4,-1,4,-3
111,-5,6,2,4,-1,2,-7,7,0,3,-3,4,-5,9,2,3,-1,0,-4,9,2,3,0,4,-5,6,2,3,-2,2,-6,6,2,4,-2,3,-1
112,-7,8,2,2,0,3,-5,8,4,2,-2,1,-2,7,3,3,-3,2,-5,6,0,4,1,1,-5,7,3,3,0,3,-3,8,2,2,-1,1,-1
113,-4,6,5,4,0,3,-6,9,3,2,0,3,-6,6,0,2,-2,3,-5,6,3,3,-3,4,-5,6,3,4,0,2,-5,6,3,4,0,1,0
114,-5,6,3,3,-3,3,-5,6,2,2,0,1,-5,6,3,3,0,3,-4,7,3,4,-3,3,-5,7,3,4,0,3,-5,9,3,4,-3,4,-2
115,-5,8,3,1,-1,2,-4,7,2,2,-3,2,-6,8,2,5,-2,0,-4,6,3,4,-1,4,-7,8,3,3,-1,4,-6,8,2,2,0,3,-3
116,-5,7,2,2,0,3,-5,6,0,4,-3,4,-7,7,0,1,-1,4,-6,7,1,3,0,2,-4,8,1,1,0,4,-5,8,3,1,0,3,1
117,-5,8,0,4,-2,3,-3,7,3,1,0,3,-6,7,1,3,0,2,-6,7,2,3,0,1,-5,6,3,4,-1,1,-8,7,0,1,0,2,-3
118,-6,9,3,4,-2,3,-5,7,0,3,1,3,-5,6,2,4,-2,4,-3,7,0,5,-1,1,-6,9,1,4,0,3,-5,6,3,3,-1,2,-2
119,-5,8,0,5,-1,2,-3,6,3,4,-3,1,-4,7,0,0,0,2,-5,9,2,1,-3,3,-6,9,1,5,-2,4,-7,7,3,4,-1,1,1
120,-4,6,2,3,0,0,-5,7,1,1,-1,4,-5,8,2,4,0,1,-5,8,3,2,-3,1,-4,7,4,4,-2,4,-7,6,2,4,-2,3,-2
121,-6,9,1,1,0,3,-4,6,1,3,-4,3,-5,6,3,3,-1,1,-5,6,3,4,0,1,-6,8,2,2,-2,1,-3,8,1,4,0,3,-1
122,-5,9,2,4,-2,2,-3,6,1,1,-1,3,-7,9,3,4,-2,0,-3,6,3,2,-2,4,-4,6,1,4,-1,4,-6,9,1,4,-1,1,-1
123,-3,6,0,3,-3,2,-5,9,2,3,-2,1,-4,8,3,3,0,1,-5,9,0,4,-3,1,-4,10,2,3,0,3,-5,9,5,3,-1,3,-2
124,-5,7,2,3,-3,4,-6,6,1,3,-2,1,-4,7,3,4,0,1,-5,8,3,4,-3,1,-5,6,2,3,-1,2,-5,6,3,1,0,5,-1
125,-4,8,0,2,-2,1,-5,9,1,2,0,3,-5,7,2,3,0,3,-5,9,3,3,2,0,-5,7,1,5,-1,0,-2,7,3,2,0,1,-2
126,-5,6,2,5,-1,4,-7,8,3,1,-1,3,-5,7,3,4,1,2,-3,8,3,3,-3,1,-6,8,-1,1,-3,4,-4,8,2,3,-1,4,-1
127,-6,6,1,1,-1,1,-4,9,1,4,-2,1,-5,7,3,1,-3,1,-6,8,3,2,-3,1,-6,8,3,6,-2,2,-5,6,3,1,-3,1,-3
128,-4,5,2,4,0,5,-7,6,3,4,-2,1,-5,10,3,2,-2,3,-5,6,1,3,-2,4,-7,6,0,1,-1,3,-5,9,1,2,-3,2,-2
129,-5,7,3,3,-1,2,-5,9,3,4,-3,3,-6,6,0,3,-1,1,-5,8,2,4,-1,4,-4,6,3,2,-1,3,-6,7,2,4,-2,1,0
130,-2,7,1,3,0,3,-6,8,3,1,-1,2,-7,7,5,4,0,3,-5,9,0,3,-2,2,-3,9,2,3,-1,4,-6,7,2,3,-1,1,0
131,-5,5,5,4,0,1,-5,7,3,1,0,3,-5,7,1,3,0,4,-5,6,2,4,0,2,-5,7,2,4,0,4,-4,6,0,4,-1,4,1
132,-5,6,3,4,-2,4,-5,8,2,2,0,4,-5,6,2,3,-1,4,-4,9,1,4,-2,4,-5,7,5,2,-1,2,-5,9,4,3,-2,2,0
133,-7,6,0,2,0,3,-5,7,1,2,0,2,-5,7,2,3,-1,3,-5,8,2,3,-3,1,-6,8,3,4,-3,1,-6,8,3,3,-3,2,-3
134,-6,9,2,4,0,1,-5,6,2,4,-2,1,-6,6,2,4,0,2,-4,6,1,2,-2,3,-4,6,1,3,0,3,-5,6,3,2,0,3,-2
135,-5,8,1,1,-3,5,-5,7,1,4,-1,3,-6,6,3,4,-2,1,-5,9,3,4,-1,2,-4,6,1,3,0,2,-7,8,3,3,-3,2,-2
136,-5,8,0,4,-2,2,-7,5,2,3,0,2,-5,10,2,4,-2,4,-5,7,0,3,-3,1,-5,9,1,1,0,1,-5,9,1,4,-3,3,0
137,-5,9,3,3,-1,1,-6,7,2,2,-2,3,-8,8,3,3,1,2,-5,7,3,4,0,2,-6,6,3,1,-1,3,-7,6,3,4,-1,3,-2
138,-5,6,0,3,0,1,-7,7,3,4,-2,3,-2,10,0,1,0,3,-5,8,3,3,-1,4,-4,9,2,0,-3,4,-5,8,3,6,0,1,-2
139,-6,7,0,7,-2,3,-7,8,3,4,0,1,-7,6,1,4,0,3,-2,10,2,1,1,2,-5,6,1,3,-1,0,-6,9,3,2,0,1,-2
140,-5,8,3,3,0,2,-5,8,1,4,0,3,-5,8,1,4,-1,4,-3,6,3,3,-1,3,-5,7,3,5,-1,1,-7,6,2,2,-1,1,-2
141,-6,6,0,4,-1,2,-7,6,0,3,0,2,-5,7,1,4,-3,5,-5,6,-1,4,-3,1,-5,6,1,2,-2,4,-4,7,3,4,-2,1,-1
142,-3,6,1,1,-3,4,-5,9,3,3,-3,3,-5,4,3,4,0,1,-5,6,1,3,-2,4,-5,7,1,2,-1,1,-5,6,4,1,-2,3,0
143,-5,7,0,4,0,2,-5,6,1,3,-3,1,-5,9,2,2,0,3,-5,6,-1,5,-1,2,-5,6,2,1,0,1,-5,8,2,4,-2,1,-1
144,-5,6,2,3,-2,1,-6,8,1,2,0,1,-6,6,1,4,-3,2,-5,7,2,3,-2,1,-5,4,1,5,-1,3,-6,8,1,4,-2,4,0
145,-5,8,0,1,0,1,-5,6,1,4,0,-2,-5,9,2,0,0,1,-6,8,1,1,0,2,-5,7,0,4,-1,1,-5,8,1,2,0,4,-2
146,-2,5,3,2,-2,1,-3,7,1,3,-3,2,-4,6,1,3,-2,2,-5,6,2,5,-3,1,-5,8,3,2,-2,2,-6,8,0,1,-1,3,0
147,-7,6,0,4,-1,1,-7,8,1,1,0,3,-5,6,2,1,0,3,-5,7,1,2,0,4,-5,7,3,4,-1,2,-2,9,3,4,-1,1,-1
148,-5,6,1,1,-2,2,-4,6,2,1,-1,2,-4,9,0,3,-3,3,-5,7,0,3,-1,1,-5,8,3,3,-1,3,-5,8,2,2,0,1,-1
149,-5,9,3,3,0,3,-5,7,3,1,0,1,-5,8,3,2,-1,4,-5,7,0,2,-1,4,-4,7,3,6,-2,3,-6,6,1,5,0,4,0
150,-5,6,2,4,-1,2,-2,9,3,2,2,3,-5,9,2,3,0,1,-5,8,3,2,-2,1,-5,9,3,1,-2,1,-7,10,2,4,-2,1,-1
151,-6,6,2,4,-2,3,-5,8,2,4,-3,3,-5,6,1,4,-3,4,-5,9,1,4,0,2,-4,8,2,4,-1,2,-5,9,1,2,0,2,-2
152,-5,8,2,2,-1,1,-5,7,1,3,-2,2,-6,7,1,4,0,1,-7,8,3,2,-1,2,-5,8,3,4,0,4,-5,8,3,4,0,2,-3
153,-3,6,3,4,-1,4,-5,8,0,3,-1,1,-7,8,0,4,-1,4,-4,7,2,4,0,3,-5,8,1,1,-2,3,-6,8,2,4,-2,3,-1
154,-4,7,0,2,-1,2,-5,6,1,3,1,1,-6,6,3,4,-2,1,-6,7,1,4,0,3,-5,8,3,4,-1,3,-5,9,2,4,-1,4,-1
155,-4,9,-127,-378,-43,1,-5,8,3,2,-1,3,-6,7,0,4,2,1,-3,8,-178,-628,-201,1,-8,7,0,3,-1,1,-4,7,3,5,1,1,-1
156,-6,10,-117,-360,-30,1,-3,9,-556,-2287,-145,4,-5,6,-6088,-14833,-1600,4,-6,9,-2504,-3399,-806,2,-5,9,2,5,0,1,-5,8,3,4,-3,4,-2
157,-7,7,1,2,0,1,-5,7,-325,-1074,-45,3,-5,6,-2731,-9795,-477,4,-5,7,-320,-822,-109,3,-5,9,2,4,-2,1,-5,8,2,3,-2,1,-1
158,-5,7,2,4,0,3,-5,6,2,3,-2,4,-4,7,-1351,-4491,-540,1,-5,8,-174,-317,-187,3,-3,8,3,7,-1,1,-7,8,2,4,-1,4,-3
159,-5,7,3,4,-1,4,-5,7,-117,-748,-76,4,-5,9,-2930,-14047,-1624,3,-5,8,-470,-1161,-290,1,-5,9,2,4,-1,1,-5,11,2,2,-1,2,-3
160,-5,9,1,5,-3,3,-2,6,3,5,-3,1,-5,6,-2371,-11762,-1325,4,-4,9,-559,-1693,-524,1,-5,7,0,4,-1,4,-7,6,1,3,-2,1,-1
161,-6,9,-49,-204,-19,4,-5,7,-193,-966,-61,3,-3,9,-4684,-16001,-2034,3,-6,10,-639,-1548,-345,2,-5,7,2,4,-3,4,-6,6,1,4,1,1,-1
162,-5,9,0,4,-1,5,-3,7,-125,-611,-55,3,-5,6,-3660,-15117,-1373,2,-3,7,-486,-1264,-223,4,-6,6,3,4,-3,3,-6,7,0,3,0,2,1
163,-4,6,-36,-146,-24,1,-4,8,-174,-831,-77,2,-5,8,-3834,-15690,-1885,3,-5,7,-716,-1850,-636,1,-7,9,2,4,-1,2,-6,6,1,7,0,2,-2
164,-5,7,-67,-261,-38,4,-6,9,-158,-789,-58,1,-5,9,-3853,-15968,-1566,3,-5,8,-569,-1469,-303,1,-5,9,0,3,0,1,-6,8,1,4,-1,1,-2
165,-5,9,-68,-247,-40,3,-2,9,-235,-1047,-105,2,-6,9,-4361,-16568,-2096,3,-7,6,-656,-1606,-511,4,-5,6,2,4,0,1,-4,6,3,4,0,3,-2
166,-5,9,-62,-236,-41,3,-5,9,-193,-918,-95,3,-7,10,-4094,-16589,-2125,1,-5,8,-674,-1628,-503,1,-5,6,3,6,-3,2,-5,6,3,4,-1,3,-2
167,-4,7,-69,-240,-42,4,-5,9,-230,-1010,-101,2,-5,9,-4213,-16739,-2151,2,-6,7,-686,-1629,-508,4,-5,9,1,4,1,4,-6,7,2,6,0,1,0
168,-6,9,-68,-243,-43,3,-5,9,-211,-984,-97,4,-3,6,-4537,-16947,-2165,1,-6,6,-665,-1583,-470,2,-5,6,3,7,0,3,-5,7,1,2,-3,1,1
169,-7,7,-69,-239,-43,1,-5,8,-205,-962,-99,1,-6,9,-4334,-16956,-2163,1,-5,8,-667,-1627,-532,2,-7,7,2,5,0,2,-5,8,2,6,-1,4,-2
170,-6,6,-77,-263,-47,4,-5,6,-236,-1044,-102,-1,-7,5,-4566,-17138,-2219,1,-4,8,-674,-1596,-490,1,-5,8,1,6,0,2,-6,8,3,4,-3,3,-4
171,-5,8,-75,-264,-47,1,-7,9,-233,-1028,-102,3,-5,6,-4593,-17107,-2214,1,-5,8,-689,-1643,-527,4,-5,6,1,4,-2,3,-7,8,2,4,0,1,-2
172,-6,11,-76,-267,-49,2,-5,8,-244,-1081,-106,2,-7,6,-4600,-17138,-2218,3,-5,7,-691,-1653,-549,3,-5,7,1,7,0,3,-4,7,2,4,-2,3,0
173,-4,6,-65,-237,-41,2,-6,8,-278,-1370,-142,4,-2,4,-4589,-17303,-2234,2,-5,7,-677,-1614,-503,3,-5,8,4,4,0,2,-4,6,3,4,-2,1,-2
174,-6,7,-70,-242,-41,1,-5,8,-263,-1225,-120,1,-5,8,-4622,-17388,-2231,4,-5,9,-736,-1670,-518,4,-5,6,1,3,0,4,-6,7,3,4,0,3,-1
175,-4,9,-68,-249,-43,1,-4,6,-260,-1226,-120,1,-7,6,-4633,-17452,-2240,1,-6,8,-747,-1693,-524,0,-2,6,1,4,-2,3,-6,9,2,5,0,5,-2
176,-6,6,-68,-247,-43,4,-5,9,-263,-1243,-121,3,-5,7,-4642,-17486,-2254,3,-5,9,-721,-1664,-522,2,-5,10,0,4,-1,2,-4,8,3,3,-2,2,0
177,-6,7,-68,-243,-44,2,-6,9,-274,-1295,-132,2,-5,6,-4632,-17479,-2295,3,-6,6,-742,-1674,-524,2,-5,8,3,6,0,1,-5,8,2,5,-3,3,-1
178,-5,9,-67,-243,-44,2,-5,6,-278,-1311,-132,1,-5,6,-4661,-17550,-2299,2,-8,9,-750,-1685,-524,0,-4,7,0,5,-3,1,-3,7,1,5,-1,4,-1
179,-5,9,-71,-252,-44,2,-5,9,-286,-1336,-135,1,-6,7,-4696,-17568,-2310,1,-5,9,-768,-1694,-530,1,-5,9,2,6,-1,2,-5,6,1,3,0,3,-1
180,-7,8,-73,-260,-47,3,-6,8,-295,-1368,-139,2,-6,8,-4762,-17555,-2398,2,-5,8,-748,-1700,-548,3,-5,9,0,4,0,2,-6,7,1,6,-1,4,-2
181,-5,8,-72,-258,-48,2,-4,8,-290,-1375,-143,1,-3,7,-4751,-17607,-2331,1,-5,8,-789,-1744,-566,4,-6,8,1,4,0,2,-7,9,1,4,0,2,0
182,-6,9,-74,-257,-46,1,-3,8,-304,-1415,-146,3,-6,6,-4686,-17648,-2269,3,-5,9,-752,-1679,-511,1,-4,9,1,5,-2,4,-5,8,0,5,-1,2,-2
183,-5,7,-74,-257,-47,1,-5,9,-301,-1402,-142,1,-2,5,-4751,-17675,-2352,1,-5,6,-770,-1695,-515,1,-5,9,1,3,-3,1,-5,9,2,4,-1,3,-1
184,-5,5,-75,-259,-47,3,-5,8,-313,-1449,-147,3,-5,5,-4773,-17687,-2384,1,-4,8,-774,-1727,-532,1,-5,9,-1,4,0,1,-6,6,2,4,-2,0,-1
185,-7,6,-74,-258,-45,4,-4,8,-315,-1452,-149,2,-6,7,-4798,-17679,-2392,2,-6,8,-786,-1743,-542,1,-4,8,3,3,0,2,-5,6,2,4,-1,1,-1
186,-2,7,-74,-257,-47,2,-5,9,-322,-1489,-152,4,-5,6,-4794,-17722,-2342,3,-5,7,-798,-1729,-521,1,-6,8,3,6,-2,1,-5,6,0,3,-1,4,-2
187,-7,6,-78,-266,-46,1,-5,7,-325,-1514,-151,1,-5,9,-4808,-17752,-2360,3,-4,8,-805,-1750,-527,4,-5,8,0,5,0,3,-5,7,1,3,-1,4,-2
188,-6,7,-81,-288,-50,2,-5,9,-332,-1556,-155,1,-5,8,-4832,-17783,-2378,1,-4,9,-802,-1774,-535,2,-6,10,0,4,-2,2,-5,8,0,5,0,2,-1
189,-7,9,-82,-285,-52,2,-5,7,-334,-1579,-166,1,-5,6,-4860,-17736,-2457,1,-6,9,-821,-1783,-594,4,-5,7,5,6,-1,3,-6,6,1,5,0,2,-1
190,-5,7,-75,-265,-50,4,-6,7,-334,-1567,-164,3,-5,6,-4822,-17768,-2418,3,-4,7,-810,-1771,-582,3,-5,6,0,5,-3,3,-4,8,0,6,-1,4,-1
191,-6,9,-75,-261,-50,1,-6,8,-335,-1596,-170,4,-5,6,-4855,-17831,-2423,1,-5,6,-807,-1753,-561,1,-3,8,3,4,0,2,-4,6,0,4,-1,1,-1
192,-5,8,-74,-259,-50,1,-6,8,-340,-1620,-173,1,-6,6,-4863,-17789,-2460,1,-5,9,-831,-1797,-595,3,-7,7,1,3,-3,3,-5,6,2,7,-2,1,1
193,-4,8,-72,-261,-50,1,-4,10,-337,-1604,-172,1,-5,7,-4837,-17772,-2440,1,-5,5,-831,-1787,-594,2,-5,8,0,5,0,2,-6,6,2,4,-1,4,0
194,-7,10,-74,-264,-48,4,-4,9,-342,-1632,-173,3,-4,6,-4860,-17829,-2440,1,-4,7,-824,-1768,-565,1,-5,7,3,7,-3,1,-3,9,1,6,-1,2,-2
195,-5,9,-74,-267,-52,4,-5,8,-342,-1623,-173,2,-4,9,-4844,-17798,-2446,2,-5,8,-835,-1800,-620,3,-5,6,1,4,-3,4,-6,8,3,4,-2,1,-2
196,-5,10,-77,-269,-52,4,-4,8,-334,-1617,-172,4,-4,7,-4834,-17771,-2451,1,-4,7,-831,-1822,-640,1,-5,6,3,5,-1,1,-5,6,1,4,0,4,-2
197,-7,8,-76,-269,-52,2,-4,7,-352,-1696,-188,4,-4,7,-4878,-17801,-2487,2,-5,7,-786,-1721,-576,1,-5,7,0,4,-3,3,-5,9,0,7,0,0,0
198,-3,9,-73,-261,-51,3,-5,3,-346,-1665,-178,2,-6,8,-4831,-17816,-2366,1,-4,10,-789,-1758,-565,3,-6,6,1,4,0,0,-7,6,2,3,-1,4,-1
199,-5,6,-76,-265,-50,2,-5,9,-355,-1720,-187,4,-5,8,-4846,-17822,-2436,1,-6,8,-803,-1783,-579,3,-6,9,0,3,-2,2,-6,7,3,4,3,1,0
200,-5,9,-74,-264,-49,3,-5,6,-354,-1727,-187,1,-5,5,-4813,-17823,-2385,3,-5,6,-815,-1799,-571,4,-5,6,2,6,1,1,-6,6,4,5,-1,4,-2
201,-5,6,-74,-264,-50,4,-7,8,-354,-1722,-187,4,-7,7,-4818,-17860,-2420,1,-5,7,-819,-1786,-586,3,-5,8,1,4,-1,3,-7,9,1,4,0,2,0
202,-5,7,-71,-261,-51,4,-7,9,-356,-1746,-190,-1,-6,6,-4862,-17825,-2451,3,-5,7,-837,-1813,-606,3,-5,7,1,7,0,1,-4,7,2,5,0,1,-2
203,-3,7,-71,-261,-51,1,-6,9,-358,-1750,-191,1,-6,6,-4857,-17875,-2444,1,-6,9,-830,-1824,-609,2,-6,8,0,7,-2,1,-5,7,0,4,-2,1,1
204,-5,8,-71,-257,-50,4,-4,7,-358,-1752,-190,1,-5,7,-4834,-17884,-2436,4,-5,7,-810,-1744,-560,2,-5,8,2,4,-1,1,-5,6,0,5,0,1,-2
205,-5,8,-74,-266,-48,3,-4,7,-362,-1826,-191,5,-5,7,-4876,-17931,-2431,3,-5,6,-832,-1795,-603,2,-5,9,1,4,-1,2,-5,6,0,2,-2,1,-2
206,-5,10,-72,-265,-50,4,-4,6,-378,-1859,-194,1,-5,6,-4863,-17919,-2422,3,-5,6,-857,-1847,-626,3,-5,9,2,5,0,1,-5,9,3,6,0,2,-2
207,-7,9,-70,-265,-49,0,-7,6,-376,-1850,-196,3,-5,6,-4914,-17934,-2448,4,-5,7,-834,-1798,-598,3,-5,6,0,4,0,1,-5,9,1,6,0,1,-2
208,-6,6,-74,-258,-47,4,-5,5,-379,-1877,-199,2,-6,5,-4951,-17949,-2445,1,-7,7,-865,-1806,-603,4,-5,6,1,7,-1,0,-5,7,0,6,-1,1,-3
209,-7,11,-74,-261,-48,3,-7,6,-387,-1894,-202,1,-5,6,-4918,-17911,-2445,1,-5,9,-878,-1844,-629,2,-5,7,1,5,-1,1,-2,6,2,7,-1,4,-1
210,-4,9,-73,-263,-48,4,-5,9,-387,-1891,-197,1,-5,7,-4935,-17949,-2436,2,-5,6,-884,-1852,-626,3,-3,8,2,7,-3,1,-4,8,1,7,0,4,-1
211,-4,7,-72,-265,-50,1,-6,9,-390,-1911,-202,1,-4,10,-4918,-17960,-2428,3,-5,9,-879,-1821,-615,4,-5,7,2,3,0,2,-4,7,2,4,-3,4,1
212,-5,6,-76,-264,-48,3,-4,8,-396,-1939,-205,2,-7,6,-4941,-17955,-2432,1,-3,7,-896,-1851,-629,3,-4,7,2,4,-1,2,-5,9,3,7,-1,1,-3
213,-3,8,-77,-267,-50,0,-4,7,-396,-1930,-201,4,-6,7,-4921,-17950,-2419,2,-7,8,-885,-1833,-616,1,-5,5,1,3,-1,1,-3,9,2,7,-2,3,-2
214,-5,9,-75,-264,-46,1,-5,9,-392,-1910,-200,1,-6,7,-4906,-17955,-2420,3,-7,8,-877,-1810,-606,2,-4,7,2,7,-3,4,-5,9,1,4,-2,3,0
215,-7,9,-74,-261,-47,4,-5,10,-394,-1923,-202,2,-5,7,-4902,-17960,-2430,1,-6,6,-887,-1822,-609,0,-6,9,2,4,0,2,-5,9,1,7,0,2,-3
216,-6,7,-73,-261,-48,1,-5,6,-396,-2001,-211,3,-5,8,-4856,-17967,-2438,4,-4,8,-891,-1860,-626,1,-5,7,1,6,0,1,-4,8,3,1,-3,1,-2
217,-6,7,-73,-262,-48,1,-6,7,-404,-2022,-215,2,-5,8,-4911,-17984,-2453,2,-5,6,-881,-1824,-611,3,-3,7,1,6,-1,3,-4,8,2,4,-3,3,0
218,-6,9,-71,-258,-50,3,-6,9,-402,-2035,-214,1,-5,8,-4887,-17954,-2441,1,-6,9,-878,-1821,-609,2,-5,8,3,4,0,2,-6,7,2,4,0,1,-1
219,-7,7,-71,-259,-49,4,-5,6,-397,-2010,-211,3,-5,7,-4895,-17973,-2436,4,-4,7,-884,-1838,-613,1,-4,8,2,7,0,1,-5,6,3,7,0,1,-2
220,-4,9,-73,-258,-47,4,-5,6,-404,-2039,-215,3,-7,6,-4896,-17952,-2448,2,-6,7,-898,-1849,-617,2,-5,6,2,4,-1,4,-5,7,0,4,0,4,-1
221,-6,6,-74,-264,-48,1,-5,6,-390,-2009,-211,2,-4,9,-4874,-17975,-2443,4,-5,6,-959,-1896,-629,4,-5,6,3,4,3,3,-5,6,2,5,-3,1,-2
222,-2,9,-72,-264,-48,1,-7,7,-402,-2030,-215,1,-4,7,-4898,-17962,-2451,3,-6,8,-952,-1872,-627,3,-3,9,2,3,-1,1,-7,9,3,5,-1,2,-2
223,-3,9,-72,-261,-48,2,-5,8,-402,-2048,-214,1,-6,5,-4897,-17982,-2454,1,-5,9,-995,-1895,-637,2,-5,5,2,1,0,2,-7,7,3,4,0,2,0
224,-5,7,-74,-261,-49,3,-5,6,-400,-2051,-219,1,-5,6,-4887,-17981,-2476,1,-7,7,-987,-1898,-635,2,-3,6,4,5,1,1,-5,6,2,6,0,0,-1
225,-5,8,-71,-262,-48,4,-5,6,-400,-2057,-218,2,-7,7,-4881,-17981,-2473,2,-5,9,-994,-1903,-639,1,-5,9,1,4,0,1,-3,7,1,3,-2,4,-1
226,-6,6,-71,-263,-48,1,-4,6,-406,-2068,-222,4,-3,9,-4920,-17996,-2481,2,-5,10,-998,-1900,-641,1,-5,8,1,3,0,4,-5,6,3,4,-1,1,-2
227,-5,7,-68,-261,-48,4,-4,10,-400,-2071,-217,2,-5,7,-4912,-18006,-2471,2,-6,7,-996,-1899,-638,-1,-4,7,3,4,-2,2,-5,7,3,4,-1,1,-1
228,-6,7,-70,-262,-47,1,-4,7,-399,-2066,-217,1,-6,9,-4920,-17997,-2479,2,-5,6,-1000,-1918,-644,3,-3,7,1,4,0,1,-6,6,2,6,-2,1,-2
229,-3,9,-71,-260,-47,1,-5,8,-407,-2086,-219,3,-5,6,-4925,-18028,-2475,3,-7,11,-1002,-1900,-642,2,-5,8,3,7,-1,4,-5,6,0,3,0,2,0
230,-5,6,-73,-258,-47,1,-5,7,-408,-2085,-218,5,-5,6,-4958,-17995,-2498,4,-6,8,-999,-1865,-589,3,-5,6,0,4,0,1,-5,9,0,4,0,4,-1
231,-5,8,-71,-261,-48,3,-4,6,-413,-2090,-219,1,-5,6,-4961,-17984,-2496,3,-5,7,-999,-1868,-632,4,-4,6,2,5,-2,2,-5,6,3,4,-1,4,-2
232,-5,8,-72,-258,-46,5,-7,8,-412,-2101,-225,3,-7,6,-4911,-17991,-2424,2,-4,9,-983,-1864,-634,3,-7,8,2,5,0,1,-7,7,0,3,-1,2,-1
233,-7,8,-72,-263,-50,1,-7,6,-423,-2131,-222,2,-6,8,-4968,-18006,-2471,4,-5,6,-935,-1794,-539,1,-4,8,0,4,1,3,-7,8,3,5,0,2,0
234,-4,9,-73,-264,-47,2,-5,6,-423,-2137,-224,4,-7,8,-4940,-18020,-2461,2,-5,6,-953,-1849,-626,1,-6,6,0,3,-1,1,-7,9,2,5,0,2,-1
235,-5,7,-72,-264,-47,1,-5,10,-420,-2130,-222,4,-5,7,-4974,-18035,-2460,3,-4,7,-981,-1883,-629,3,-5,6,1,5,-3,4,-7,6,0,4,-3,2,-2
236,-5,6,-74,-267,-50,3,-6,8,-424,-2136,-224,2,-6,9,-4938,-18047,-2460,1,-6,8,-978,-1879,-638,2,-5,8,3,4,0,1,-6,9,1,5,-3,2,-1
237,-5,9,-73,-264,-47,3,-5,9,-420,-2130,-220,4,-6,7,-4950,-18055,-2448,2,-7,6,-982,-1884,-630,1,-5,10,1,4,-2,1,-5,6,2,4,0,2,0
238,-5,6,-75,-267,-46,3,-6,8,-426,-2136,-222,2,-5,6,-4965,-18050,-2453,1,-4,7,-910,-1818,-606,1,-6,6,0,6,1,3,-7,8,2,6,0,3,0
239,-4,9,-74,-265,-48,3,-4,8,-423,-2147,-224,5,-5,7,-4944,-17990,-2436,4,-5,6,-1005,-1895,-646,4,-4,6,2,5,-3,1,-6,7,2,4,0,2,-1
240,-6,6,-73,-269,-51,5,-5,6,-413,-2119,-225,4,-5,9,-4914,-18008,-2433,4,-5,6,-977,-1886,-635,2,-5,6,0,4,0,1,-3,7,3,6,-2,1,-2
241,-5,7,-74,-267,-48,2,-5,8,-413,-2102,-219,3,-5,7,-4916,-18038,-2449,3,-4,7,-1012,-1910,-636,2,-6,6,2,4,0,3,-4,7,4,4,-1,4,-2
242,-6,8,-71,-268,-49,1,-3,8,-412,-2136,-224,4,-7,8,-4901,-18043,-2451,2,-5,8,-1011,-1915,-650,4,-5,7,0,6,-2,4,-7,9,3,1,-1,3,1
243,-6,8,-74,-268,-49,2,-2,7,-413,-2113,-218,4,-4,4,-4908,-18050,-2417,1,-5,9,-1008,-1891,-600,1,-5,7,3,6,0,1,-3,9,2,7,2,1,0
244,-4,7,-74,-262,-48,2,-5,6,-415,-2104,-219,1,-5,7,-4910,-18046,-2442,2,-5,8,-1008,-1899,-632,3,-5,8,3,4,-3,1,-6,8,2,3,1,1,-2
245,-5,8,-71,-267,-48,3,-7,9,-413,-2103,-221,4,-6,8,-4909,-18061,-2433,2,-6,6,-1017,-1912,-647,3,-5,9,0,6,0,3,-5,8,0,6,-2,2,-2
246,-5,8,-72,-265,-50,2,-5,9,-414,-2108,-222,1,-6,9,-4910,-18076,-2440,1,-7,6,-1010,-1916,-643,4,-6,7,3,4,-3,2,-4,6,1,6,-2,2,-2
247,-4,9,-74,-267,-48,2,-5,7,-414,-2110,-220,4,-5,7,-4894,-18079,-2436,1,-3,10,-1014,-1903,-638,1,-4,7,3,4,-2,2,-5,6,2,7,-2,1,-2
248,-5,9,-74,-270,-47,1,-4,9,-414,-2117,-220,1,-5,9,-4907,-18078,-2444,1,-7,6,-1018,-1915,-642,3,-3,8,2,4,-3,1,-4,9,2,4,0,2,1
249,-5,6,-75,-266,-46,3,-5,4,-417,-2114,-223,4,-6,6,-4911,-18033,-2440,3,-3,8,-1022,-1921,-647,2,-7,6,3,3,0,1,-4,9,1,3,0,4,0
250,-5,9,-74,-265,-48,3,-6,9,-417,-2113,-222,1,-5,8,-4911,-18014,-2435,1,-5,9,-1020,-1918,-638,2,-5,6,2,4,0,4,-5,7,1,4,-1,3,-1
251,-5,9,-74,-268,-48,1,-3,6,-420,-2122,-221,1,-5,8,-4925,-18046,-2448,4,-5,6,-1021,-1917,-643,0,-5,7,2,4,-1,1,-5,6,2,4,-1,2,-1
252,-5,9,-71,-266,-47,2,-5,8,-411,-2117,-214,5,-5,6,-4817,-17987,-2296,1,-5,8,-959,-1847,-622,5,-4,7,1,5,0,1,-4,9,1,6,-1,1,-1
253,-5,6,-71,-259,-47,4,-4,9,-420,-2122,-222,2,-5,6,-4928,-18042,-2439,4,-7,6,-946,-1834,-613,1,-2,7,1,4,-1,4,-5,7,0,6,-1,2,-1
254,-5,8,-73,-258,-47,2,-5,7,-420,-2113,-220,2,-6,7,-4940,-18035,-2429,2,-3,7,-949,-1847,-621,2,-5,6,1,6,0,2,-5,7,1,3,1,1,-2
255,-5,6,-72,-258,-48,3,-4,9,-417,-2097,-225,3,-5,7,-4941,-18035,-2444,2,-5,7,-953,-1850,-618,1,-6,6,3,7,-3,4,-5,6,0,5,0,4,0
256,-5,8,-72,-261,-47,1,-5,8,-420,-2101,-222,2,-6,6,-4955,-18037,-2445,2,-6,8,-971,-1858,-609,2,-5,7,2,3,-1,2,-5,8,1,6,1,1,-2
257,-7,8,-73,-257,-47,1,-5,9,-420,-2101,-221,3,-5,8,-4960,-17995,-2442,2,-5,9,-975,-1862,-625,1,-5,8,0,6,0,2,-2,7,1,4,-2,3,-3
258,-5,8,-72,-259,-49,2,-4,9,-418,-2093,-222,4,-3,6,-4957,-18009,-2440,3,-5,9,-975,-1858,-623,1,-6,7,1,7,-3,2,-6,8,1,4,-1,4,-1
259,-5,9,-72,-258,-44,1,-5,6,-418,-2102,-213,0,-4,6,-4960,-18029,-2402,2,-7,6,-980,-1866,-623,0,-5,9,4,4,-3,3,-6,7,2,4,0,2,0
260,-6,8,-71,-255,-45,2,-2,6,-423,-2124,-216,2,-5,6,-4978,-18053,-2435,2,-5,9,-996,-1875,-614,3,-6,6,2,4,-3,4,-5,8,-1,5,-2,3,0
261,-4,8,-67,-241,-43,3,-7,9,-420,-2123,-217,3,-5,6,-4958,-18032,-2409,3,-2,6,-997,-1883,-628,4,-4,6,2,6,-2,3,-5,6,3,5,-3,2,0
262,-5,6,-71,-249,-46,4,-5,6,-423,-2122,-225,4,-3,6,-4977,-18031,-2451,1,-5,6,-999,-1880,-599,4,-3,6,3,4,-3,3,-6,6,3,6,0,1,-2
263,-5,7,-69,-249,-44,4,-5,8,-426,-2122,-226,3,-5,6,-4986,-18042,-2445,3,-4,5,-1003,-1882,-632,1,-5,8,3,4,0,1,-5,7,2,3,0,3,-1
264,-5,6,-71,-247,-45,1,-5,6,-421,-2126,-219,3,-7,7,-4973,-18048,-2451,3,-4,7,-1002,-1880,-637,2,-6,7,0,4,-2,4,-5,6,3,4,0,4,0
265,-5,7,-70,-248,-42,3,-4,9,-423,-2138,-219,2,-5,8,-4958,-18073,-2412,4,-5,8,-1002,-1889,-600,2,-5,7,0,7,0,2,-5,6,2,6,0,4,-1
266,-5,8,-70,-251,-44,2,-3,8,-425,-2149,-219,1,-6,8,-4970,-18043,-2437,4,-5,9,-1008,-1883,-632,1,-5,8,0,4,-1,3,-6,8,2,4,-3,2,-2
267,-7,8,-70,-250,-45,3,-6,9,-421,-2143,-216,4,-5,8,-4961,-18046,-2409,3,-2,7,-981,-1868,-600,3,-5,7,2,4,0,-2,-2,6,0,2,-1,3,0
268,-5,10,-66,-247,-43,2,-7,7,-422,-2141,-225,3,-6,6,-4975,-18056,-2454,1,-6,7,-1004,-1878,-637,3,-2,7,3,4,-2,1,-4,6,0,4,-2,3,-2
269,-6,8,-69,-247,-46,1,-4,9,-423,-2136,-232,2,-8,5,-4968,-18020,-2460,1,-5,7,-990,-1867,-637,1,-6,9,3,4,0,2,-4,7,3,3,-1,2,-2
270,-6,8,-70,-246,-43,2,-3,8,-423,-2130,-220,2,-6,8,-4976,-18061,-2416,2,-5,8,-999,-1882,-606,3,-4,6,2,7,-1,2,-5,6,2,4,1,2,0
271,-5,7,-68,-241,-43,2,-5,7,-423,-2144,-220,1,-5,7,-4982,-18079,-2419,2,-5,6,-1007,-1894,-600,2,-5,8,3,4,0,4,-3,7,3,6,0,1,-2
272,-5,8,-65,-237,-45,1,-5,7,-420,-2142,-216,1,-6,6,-4957,-18061,-2411,3,-4,9,-1001,-1890,-602,1,-5,9,5,5,-2,4,-4,9,2,6,-3,1,-2
273,-6,8,-67,-235,-42,2,-4,7,-423,-2151,-221,3,-5,8,-4979,-18080,-2421,4,-5,6,-1013,-1904,-602,1,-6,7,2,4,-3,3,-5,9,3,5,-1,6,-1
274,-5,6,-66,-235,-41,2,-5,8,-425,-2147,-222,2,-3,7,-4977,-18045,-2417,3,-5,8,-1009,-1877,-600,3,-6,9,0,4,-1,2,-5,6,2,2,-1,4,0
275,-5,9,-65,-235,-41,2,-4,10,-422,-2141,-217,2,-4,8,-4984,-18023,-2418,1,-6,8,-1017,-1888,-605,2,-5,11,1,5,3,1,-6,9,3,7,-2,2,-1
276,-3,6,-62,-227,-41,3,-5,8,-425,-2140,-228,1,-5,6,-4991,-18048,-2422,4,-5,9,-1014,-1906,-609,3,-7,6,0,5,-2,1,-7,9,3,4,-1,3,-2
277,-5,9,-65,-232,-44,3,-7,5,-425,-2144,-218,1,-5,8,-4978,-18053,-2425,1,-4,6,-1012,-1888,-608,4,-5,9,0,7,0,2,-5,6,4,6,-1,1,1
278,-5,9,-65,-236,-41,2,-5,8,-426,-2159,-221,2,-5,7,-4989,-18031,-2467,4,-5,6,-1016,-1898,-650,2,-4,9,2,4,-3,4,-7,8,3,5,1,2,-1
279,-6,7,-67,-229,-41,4,-5,9,-427,-2153,-228,2,-6,6,-4982,-18097,-2419,1,-5,7,-1009,-1900,-603,1,-5,6,3,5,-2,0,-7,8,3,5,-3,2,1
280,-5,7,-65,-230,-42,4,-5,7,-428,-2161,-222,1,-5,6,-4999,-18052,-2464,1,-5,9,-1022,-1907,-640,1,-4,8,0,4,-1,2,-4,8,3,4,0,1,0
281,-3,7,-64,-227,-39,3,-7,8,-425,-2157,-222,2,-3,6,-4984,-18046,-2412,1,-5,7,-1009,-1883,-606,3,-5,9,0,4,-3,1,-5,8,2,3,0,1,-1
282,-5,7,-65,-227,-41,2,-3,9,-426,-2154,-221,0,-7,8,-5011,-18070,-2432,2,-5,8,-1006,-1888,-610,2,-5,6,0,3,-1,1,-5,9,2,1,0,3,1
283,-6,8,-64,-232,-41,3,-5,9,-422,-2145,-223,1,-5,6,-5002,-18061,-2428,4,-5,6,-1015,-1890,-604,4,-5,6,2,6,-3,3,-5,8,2,3,-2,2,-1
284,-5,7,-67,-237,-43,4,-7,6,-427,-2157,-221,3,-5,7,-5002,-18055,-2451,1,-5,6,-1011,-1903,-607,2,-6,8,2,4,-2,2,-5,7,2,4,0,1,-1
285,-5,7,-65,-234,-41,3,-6,7,-426,-2148,-219,1,-5,6,-4998,-18080,-2425,2,-4,8,-1011,-1887,-605,4,-6,8,1,6,-2,2,-5,8,3,2,0,2,-2
286,-4,8,-70,-247,-44,3,-5,8,-423,-2143,-219,3,-5,7,-4996,-18076,-2425,1,-5,7,-1018,-1885,-607,3,-5,9,3,5,3,2,-5,6,-1,6,0,4,-2
287,-6,8,-70,-242,-44,3,-6,8,-425,-2151,-219,2,-5,8,-4987,-18026,-2428,0,-6,8,-1011,-1887,-609,3,-5,8,3,5,-2,4,-6,7,2,4,-2,3,-1
288,-5,6,-70,-245,-44,2,-5,7,-419,-2139,-220,1,-5,6,-4978,-18029,-2423,4,-4,8,-1010,-1897,-638,1,-5,9,3,5,0,3,-3,7,0,6,-2,3,-2
289,-5,9,-67,-244,-44,4,-4,6,-422,-2151,-219,4,-5,6,-4972,-18059,-2427,3,-6,8,-1021,-1898,-607,2,-4,7,2,4,-1,4,-4,8,0,5,-3,0,-2
290,-7,7,-70,-248,-44,2,-5,9,-420,-2148,-219,1,-4,7,-4961,-18016,-2428,4,-5,7,-1023,-1897,-608,4,-5,9,2,7,-2,4,-6,9,3,3,-2,2,-2
291,-5,7,-68,-243,-43,1,-6,8,-423,-2167,-221,1,-5,6,-4973,-18030,-2431,2,-6,6,-1009,-1895,-610,1,-6,6,1,4,-2,3,-5,6,0,6,-2,1,-2
292,-5,6,-68,-244,-43,1,-4,6,-423,-2166,-221,3,-5,5,-4980,-18046,-2430,3,-6,8,-1017,-1892,-608,4,-4,6,2,6,0,2,-5,7,0,4,-2,3,-2
293,-6,7,-69,-241,-44,3,-4,6,-424,-2164,-219,2,-5,6,-4982,-18030,-2425,4,-6,10,-1025,-1899,-606,3,-4,7,0,4,3,1,-4,7,2,6,0,2,-3
294,-5,9,-67,-241,-41,1,-6,7,-423,-2161,-220,4,-6,7,-4992,-18053,-2436,1,-5,8,-1021,-1899,-609,2,-7,9,3,4,-1,3,-4,9,2,2,0,0,-2
295,-5,9,-70,-249,-44,2,-5,11,-423,-2183,-220,1,-5,8,-4993,-18042,-2432,2,-6,6,-1024,-1900,-609,2,-5,6,3,6,-2,2,-4,6,1,7,2,3,0
296,-5,6,-67,-244,-43,4,-7,8,-418,-2160,-220,4,-5,9,-4974,-18058,-2427,1,-2,7,-1016,-1898,-610,1,-7,7,4,4,0,3,-6,8,0,4,1,4,-3
297,-7,8,-68,-241,-41,3,-6,9,-424,-2164,-221,3,-5,9,-4985,-18052,-2424,4,-4,9,-1023,-1897,-609,1,-5,9,3,5,-3,4,-5,6,3,4,-2,1,-1
298,-6,7,-68,-246,-44,1,-6,8,-427,-2156,-223,3,-5,6,-4990,-18020,-2433,4,-5,7,-1025,-1892,-611,1,-5,7,3,6,0,3,-4,7,2,6,-1,2,-2
299,-5,9,-68,-244,-44,1,-4,8,-423,-2163,-229,1,-5,7,-4976,-18030,-2468,1,-7,9,-970,-1868,-624,4,-7,6,2,4,-1,4,-7,9,0,5,-1,1,-1
300,-4,9,-67,-243,-44,2,-5,7,-424,-2154,-222,1,-5,9,-4994,-18052,-2435,3,-5,8,-975,-1869,-605,4,-6,9,2,5,0,1,-5,6,2,7,-2,2,0
301,-4,8,-67,-244,-42,2,-5,8,-426,-2172,-225,-2,-8,5,-4979,-18058,-2424,2,-4,5,-987,-1872,-600,3,-3,9,3,6,-2,4,-5,7,0,7,0,1,0
302,-5,5,-71,-254,-44,1,-5,8,-424,-2139,-223,2,-5,6,-4973,-18009,-2430,1,-6,8,-983,-1877,-624,4,-6,6,1,4,0,1,-3,8,1,5,0,1,0
303,-6,8,-68,-250,-44,3,-6,9,-427,-2148,-222,2,-7,7,-4995,-18011,-2432,0,-5,8,-978,-1871,-598,1,-7,7,3,4,0,3,-5,7,3,6,0,2,0
304,-3,8,-70,-252,-43,3,-5,8,-422,-2152,-220,1,-5,8,-4987,-18034,-2416,1,-5,8,-994,-1893,-602,4,-3,9,3,6,-1,1,-6,9,0,5,0,1,-2
305,-5,7,-68,-248,-43,3,-4,9,-423,-2146,-222,4,-5,6,-4984,-18036,-2425,2,-5,6,-987,-1876,-607,4,-6,7,0,4,-1,2,-5,9,3,7,-2,4,-2
306,-5,6,-71,-248,-45,3,-5,6,-422,-2149,-226,1,-5,7,-5021,-18038,-2454,2,-6,8,-904,-1832,-626,1,-6,8,2,6,2,3,-5,6,2,6,-1,0,-1
307,-7,6,-71,-252,-46,3,-5,7,-421,-2134,-223,4,-5,7,-4984,-18029,-2419,-2,-5,8,-948,-1857,-600,3,-5,6,3,3,0,2,-2,10,3,4,-3,3,-2
308,-4,9,-69,-248,-43,4,-5,8,-423,-2145,-222,2,-7,5,-5017,-18058,-2428,1,-5,9,-948,-1855,-597,2,-4,7,2,6,-1,3,-5,6,3,3,-2,2,-3
309,-5,6,-71,-250,-46,2,-4,8,-421,-2134,-220,4,-5,8,-4994,-18040,-2419,2,-5,8,-964,-1861,-603,3,-5,9,1,1,-1,3,-5,6,1,3,1,1,-2
310,-5,9,-69,-251,-44,1,-5,6,-423,-2133,-222,2,-3,6,-5006,-18029,-2432,2,-5,8,-958,-1867,-622,1,-6,8,3,5,-1,4,-5,7,3,4,0,4,0
311,-5,8,-70,-250,-44,3,-5,6,-420,-2145,-221,2,-6,7,-5011,-18054,-2421,3,-4,9,-961,-1872,-599,3,-4,8,0,6,0,4,-5,6,2,3,0,4,1
312,-6,9,-70,-250,-44,2,-4,9,-423,-2139,-221,2,-3,6,-4995,-18063,-2422,1,-5,8,-955,-1856,-597,1,-5,6,2,2,0,2,-5,6,1,4,-1,3,-2
313,-5,8,-70,-250,-44,3,-6,6,-426,-2151,-221,1,-4,6,-5017,-18066,-2422,2,-6,9,-972,-1868,-600,2,-5,9,2,6,-1,2,-5,6,2,6,-2,1,-2
314,-4,10,-71,-250,-47,0,-5,11,-423,-2160,-223,4,-5,6,-4993,-18033,-2424,3,-3,5,-972,-1876,-603,3,-3,8,3,4,0,1,-5,8,3,6,-1,1,0
315,-5,9,-67,-247,-44,2,-6,7,-401,-2142,-222,0,-5,6,-4983,-18038,-2425,2,-5,6,-984,-1886,-606,1,-5,7,2,6,0,3,-5,6,1,5,0,3,-4
316,-5,9,-71,-251,-47,1,-5,6,-423,-2155,-221,3,-6,8,-5002,-18099,-2419,2,-5,6,-979,-1877,-599,1,-3,8,3,3,-1,4,-5,6,1,4,-3,2,-2
317,-6,10,-70,-252,-44,4,-5,6,-424,-2141,-222,4,-5,5,-4979,-18043,-2422,4,-4,6,-975,-1874,-606,3,-5,6,2,4,1,3,-4,7,3,4,3,3,-2
318,-5,9,-71,-253,-42,1,-4,7,-422,-2140,-222,0,-5,6,-4982,-18035,-2428,3,-3,6,-987,-1875,-606,3,-4,9,2,4,2,2,-5,9,3,5,0,3,-2
319,-5,8,-73,-253,-45,1,-2,8,-426,-2143,-222,4,-4,8,-4982,-18033,-2419,3,-5,9,-987,-1883,-604,4,-5,6,0,5,-3,2,-5,7,2,3,-2,2,-2
320,-5,6,-69,-247,-42,2,-5,9,-425,-2133,-219,3,-5,6,-4989,-18046,-2413,2,-5,7,-975,-1871,-594,3,-3,7,3,5,3,2,-7,11,0,4,1,1,-1
321,-4,9,-72,-250,-45,1,-6,7,-422,-2145,-222,3,-2,9,-4979,-18035,-2417,1,-5,8,-977,-1874,-599,2,-5,9,2,2,0,3,-5,9,1,7,1,-1,-2
322,-5,8,-70,-248,-44,1,-5,9,-423,-2140,-222,1,-6,6,-5007,-18060,-2429,3,-4,9,-980,-1874,-597,4,-5,7,0,7,0,2,-5,8,-1,4,-2,4,-2
323,-4,7,-69,-248,-44,2,-5,8,-420,-2137,-221,5,-5,6,-4976,-18047,-2426,3,-6,9,-975,-1878,-600,3,-5,7,3,5,-2,2,-5,9,3,4,-2,3,-1
324,-4,6,-68,-250,-44,2,-4,6,-418,-2139,-219,4,-4,6,-4987,-18061,-2426,1,-4,7,-981,-1873,-600,1,-6,6,1,4,-3,1,-5,9,0,2,0,1,0
325,-5,6,-69,-252,-45,2,-5,6,-421,-2151,-220,2,-6,6,-4991,-18057,-2425,1,-5,6,-981,-1879,-604,1,-5,9,2,3,-2,2,-5,7,3,4,-2,2,-1
326,-5,8,-70,-251,-44,3,-4,7,-426,-2163,-224,1,-6,7,-4989,-18074,-2425,3,-5,8,-982,-1874,-595,2,-5,7,3,5,0,1,-5,8,3,4,-3,3,-2
327,-5,7,-68,-251,-45,2,-5,9,-421,-2149,-220,3,-5,6,-4986,-18071,-2420,1,-4,6,-984,-1878,-600,4,-5,6,0,5,1,4,-6,7,3,6,0,2,-2
328,-5,8,-71,-251,-46,3,-6,6,-424,-2163,-220,4,-5,6,-4982,-18073,-2425,1,-4,7,-980,-1878,-597,2,-5,7,3,4,0,3,-7,8,-1,2,0,1,-1
329,-5,7,-70,-252,-45,2,-4,7,-425,-2163,-220,1,-5,8,-4970,-18070,-2425,1,-5,8,-961,-1873,-601,1,-6,7,0,6,-1,1,-4,6,2,6,-1,2,0
330,-5,8,-68,-249,-44,4,-6,7,-424,-2172,-223,3,-5,6,-4989,-18087,-2429,1,-6,6,-965,-1868,-594,1,-5,6,0,4,-3,2,-5,6,1,6,-3,1,-3
331,-5,9,-70,-253,-44,2,-5,6,-423,-2175,-221,4,-5,6,-4983,-18084,-2428,4,-5,9,-972,-1877,-598,2,-6,9,0,6,0,2,-5,9,1,4,-1,3,-1
332,-4,8,-69,-250,-46,3,-4,7,-426,-2185,-224,4,-6,6,-4987,-18088,-2436,2,-6,7,-965,-1865,-599,3,-6,6,1,7,0,4,-6,8,3,6,1,1,-2
333,-5,7,-70,-254,-44,1,-4,6,-424,-2190,-221,4,-6,5,-4986,-18081,-2428,2,-5,6,-975,-1875,-597,1,-6,7,1,4,0,1,-4,6,2,3,-2,3,-2
334,-5,9,-69,-253,-44,3,-5,6,-426,-2197,-223,4,-5,6,-4979,-18111,-2427,5,-4,8,-975,-1872,-590,2,-6,6,0,6,-3,3,-5,9,3,5,-1,3,0
335,-5,7,-71,-252,-44,3,-5,7,-421,-2193,-220,1,-6,8,-4970,-18117,-2431,3,-5,9,-976,-1876,-594,3,-4,9,4,5,-1,4,-6,7,0,4,-2,3,-1
336,-3,7,-70,-255,-46,2,-4,9,-421,-2195,-221,1,-5,6,-4974,-18126,-2431,1,-5,7,-974,-1872,-600,1,-5,9,2,7,-2,3,-5,6,3,5,0,1,-2
337,-3,7,-72,-255,-43,2,-5,8,-425,-2207,-222,1,-6,6,-4993,-18119,-2437,1,-6,9,-961,-1869,-595,2,-5,9,2,5,-1,4,-7,6,0,4,0,4,-2
338,-4,8,-71,-257,-46,2,-5,7,-426,-2206,-223,1,-5,6,-4999,-18121,-2438,5,-5,9,-961,-1872,-596,3,-5,7,0,4,-2,4,-4,8,0,6,-2,3,-1
339,-5,8,-69,-253,-44,3,-6,6,-426,-2218,-223,4,-5,8,-4996,-18120,-2433,1,-5,6,-970,-1878,-595,2,-4,9,2,7,0,3,-7,8,3,4,-1,1,-1
340,-3,7,-72,-258,-44,3,-4,7,-427,-2222,-221,1,-7,6,-5009,-18106,-2445,2,-4,7,-974,-1879,-599,2,-7,9,1,5,0,2,-5,8,1,4,-2,3,-2
341,-5,9,-69,-253,-45,5,-7,6,-427,-2216,-223,3,-5,7,-4983,-18141,-2433,3,-5,9,-966,-1866,-590,1,-5,8,3,6,-2,2,-3,9,3,7,-2,3,1
342,-5,7,-71,-254,-44,4,-5,6,-426,-2209,-223,2,-6,5,-4980,-18140,-2445,2,-5,7,-970,-1868,-591,3,-1,7,3,4,0,0,-6,7,-1,5,-1,0,0
343,-5,6,-69,-255,-44,1,-7,6,-428,-2234,-225,4,-5,6,-4988,-18151,-2442,4,-3,11,-966,-1872,-592,4,-5,7,0,4,-1,3,-5,6,1,6,-1,4,-1
344,-5,7,-68,-247,-43,4,-3,6,-430,-2228,-224,4,-7,6,-4990,-18147,-2449,-1,-7,8,-966,-1877,-596,1,-5,9,1,8,0,1,-5,7,1,5,0,3,-1
345,-3,8,-68,-245,-42,4,-4,9,-432,-2246,-224,4,-3,7,-4996,-18174,-2440,1,-5,9,-975,-1883,-594,1,-6,9,0,4,0,4,-6,6,2,4,-2,4,0
346,-5,7,-69,-247,-42,1,-5,8,-428,-2221,-222,1,-4,6,-4966,-18154,-2434,1,-5,9,-969,-1877,-587,2,-5,8,2,3,0,4,-5,6,1,1,-3,3,-1
347,-5,7,-70,-244,-44,4,-3,6,-429,-2263,-225,2,-6,9,-4993,-18181,-2439,1,-7,8,-972,-1880,-591,1,-5,7,1,4,-2,3,-4,8,3,7,-1,2,1
348,-4,7,-69,-256,-44,1,-4,9,-429,-2256,-225,3,-5,5,-4990,-18170,-2436,4,-3,9,-971,-1873,-587,3,-3,8,3,6,1,4,-5,7,1,4,-2,4,-1
349,-3,8,-66,-242,-42,2,-5,6,-433,-2254,-227,2,-5,6,-4984,-18182,-2446,3,-5,7,-971,-1875,-591,4,-5,8,0,5,-4,4,-5,6,1,6,-1,4,-2
350,-5,8,-65,-239,-41,1,-7,6,-433,-2247,-226,2,-5,8,-5005,-18172,-2440,2,-5,7,-967,-1876,-594,1,-5,6,4,3,0,3,-5,6,0,6,0,1,-2
351,-5,8,-66,-238,-41,0,-4,7,-431,-2246,-228,0,-5,6,-4969,-18158,-2425,4,-5,7,-974,-1880,-591,3,-5,9,0,4,-2,3,-5,8,1,5,-1,1,-1
352,-7,8,-65,-243,-40,2,-6,8,-429,-2242,-225,2,-7,6,-4985,-18153,-2429,3,-7,6,-975,-1880,-588,3,-6,6,0,5,0,2,-5,6,3,5,0,1,-1
353,-4,6,-67,-239,-40,2,-5,9,-429,-2253,-227,3,-7,8,-4980,-18178,-2433,1,-5,7,-973,-1889,-591,2,-7,6,2,3,0,2,-6,8,2,3,0,1,-2
354,-5,6,-68,-241,-42,1,-6,9,-434,-2255,-226,2,-5,6,-4999,-18164,-2428,4,-7,7,-971,-1877,-591,4,-5,7,2,5,0,3,-5,8,2,7,-1,1,-5
355,-5,9,-63,-235,-41,2,-5,8,-433,-2257,-228,3,-5,6,-4996,-18189,-2436,1,-4,6,-980,-1892,-593,1,-6,8,1,4,-3,1,-5,8,2,5,0,4,1
356,-5,8,-65,-235,-41,1,-5,7,-428,-2247,-225,2,-6,8,-4979,-18177,-2422,5,-4,8,-977,-1885,-588,5,-7,8,1,3,-2,4,-5,9,0,4,-1,2,-2
357,-6,9,-62,-234,-40,4,-5,7,-433,-2254,-228,3,-6,9,-4985,-18209,-2439,4,-5,7,-977,-1884,-595,4,-4,8,2,7,-1,1,-6,8,2,4,-2,2,-2
358,-5,8,-65,-236,-44,2,-4,9,-430,-2250,-226,3,-5,6,-4977,-18195,-2422,1,-6,6,-978,-1885,-592,1,-6,6,1,4,3,1,-4,5,0,5,0,2,-3
359,-5,8,-64,-234,-41,1,-6,10,-431,-2247,-229,2,-4,7,-4992,-18172,-2436,2,-6,8,-973,-1880,-595,2,-7,8,0,4,-1,2,-5,7,0,7,0,1,-1
360,-5,8,-62,-235,-42,3,-3,7,-431,-2263,-231,4,-4,6,-4987,-18162,-2433,1,-5,7,-981,-1895,-597,1,-7,7,0,7,-1,3,-5,7,0,4,0,3,0
361,-5,6,-64,-235,-41,3,-5,9,-433,-2263,-229,4,-5,7,-4979,-18140,-2427,1,-5,8,-983,-1895,-599,3,-5,8,2,5,0,4,-5,10,2,4,-1,2,-4
362,-4,7,-64,-233,-39,3,-5,7,-432,-2256,-228,4,-6,6,-4997,-18152,-2427,2,-4,7,-994,-1900,-600,3,-5,6,-1,3,-2,3,-4,9,3,4,-1,3,-2
363,-5,8,-65,-230,-39,2,-5,6,-434,-2258,-228,3,-5,8,-4987,-18149,-2433,3,-4,7,-982,-1895,-602,3,-5,8,3,5,1,2,-5,7,0,4,-2,1,-2
364,-6,6,-63,-232,-41,4,-7,6,-432,-2267,-232,1,-6,6,-4996,-18161,-2433,2,-5,8,-982,-1894,-599,3,-4,8,2,4,-2,3,-5,8,0,4,0,2,1
365,-6,7,-63,-235,-42,4,-5,9,-434,-2268,-230,4,-5,6,-4988,-18161,-2428,1,-5,6,-984,-1900,-600,3,-5,8,4,4,0,3,-5,6,0,5,-2,2,-1
366,-3,9,-65,-232,-38,1,-6,9,-432,-2261,-229,1,-3,6,-4993,-18175,-2430,2,-5,9,-986,-1897,-599,2,-5,7,2,5,0,2,-5,5,1,4,0,3,1
367,-5,8,-62,-232,-39,1,-7,8,-431,-2272,-229,3,-4,6,-4995,-18170,-2431,1,-5,6,-981,-1900,-600,3,-7,7,1,4,-1,4,-5,7,3,5,1,3,1
368,-6,7,-64,-236,-42,4,-4,8,-434,-2275,-229,2,-7,7,-4993,-18157,-2428,1,-5,8,-987,-1907,-598,1,-6,8,3,6,-1,2,-5,7,1,4,0,2,-2
369,-4,9,-65,-235,-41,3,-5,8,-434,-2271,-230,3,-6,6,-4996,-18196,-2430,1,-3,6,-986,-1898,-595,1,-5,7,3,7,0,0,-6,6,2,6,0,3,-1
370,-5,7,-63,-232,-41,4,-5,8,-435,-2276,-231,0,-5,7,-4998,-18162,-2443,4,-4,6,-979,-1893,-598,1,-5,6,3,4,-1,1,-5,6,1,7,0,4,-2
371,-6,6,-64,-235,-41,1,-5,9,-430,-2263,-227,5,-5,6,-4974,-18176,-2428,3,-5,9,-986,-1892,-597,4,-5,6,0,4,0,1,-5,7,0,4,0,3,-2
372,-5,6,-65,-240,-41,2,-4,6,-434,-2267,-228,2,-5,8,-4976,-18166,-2438,2,-5,7,-979,-1892,-600,1,-3,7,2,4,0,2,-3,9,2,6,0,3,-3
373,-4,8,-65,-241,-43,1,-6,8,-431,-2275,-230,1,-6,9,-4988,-18179,-2443,4,-5,9,-987,-1898,-603,2,-5,7,1,4,-2,4,-5,7,1,3,-2,1,0
374,-6,8,-66,-244,-44,2,-5,8,-432,-2277,-229,2,-5,5,-4989,-18161,-2441,4,-4,6,-995,-1905,-603,1,-6,9,3,6,-2,1,-5,7,2,3,2,0,-1
375,-6,9,-68,-244,-42,3,-3,8,-431,-2277,-231,3,-7,8,-4979,-18152,-2428,2,-4,7,-985,-1896,-602,3,-6,6,3,4,-3,4,-6,6,2,4,0,3,-1
376,-6,9,-66,-241,-42,3,-3,8,-434,-2272,-228,2,-5,6,-4989,-18166,-2433,2,-7,7,-987,-1901,-599,3,-5,8,3,4,1,4,-4,7,1,4,0,1,-2
377,-4,7,-68,-247,-44,3,-6,7,-439,-2287,-229,1,-5,7,-5026,-18204,-2444,3,-5,6,-996,-1900,-600,1,-5,9,3,3,-1,4,-5,7,1,6,1,1,-1
378,-5,8,-65,-241,-40,4,-5,9,-432,-2284,-228,4,-5,8,-4984,-18150,-2422,1,-5,9,-967,-1867,-565,1,-6,7,3,5,0,3,-5,6,2,5,-1,4,-1
379,-6,9,-67,-244,-41,1,-5,8,-437,-2289,-219,3,-5,6,-5060,-18211,-2448,4,-6,7,-894,-1830,-577,4,-6,8,3,6,0,3,-4,8,2,4,0,2,-1
380,-5,7,-67,-244,-42,3,-5,6,-434,-2227,-213,4,-5,6,-4981,-18147,-2300,1,-4,9,-968,-1877,-567,1,-5,5,0,7,-1,3,-5,9,0,5,0,3,-1
381,-5,9,-68,-244,-38,2,-5,8,-442,-2268,-217,2,-6,6,-5005,-18136,-2385,4,-7,7,-949,-1862,-568,4,-7,6,0,4,0,3,-5,6,2,5,0,3,-1
382,-4,8,-68,-242,-42,3,-5,9,-440,-2281,-220,3,-5,7,-4987,-18145,-2379,4,-5,6,-943,-1859,-562,4,-7,8,2,4,-1,0,-5,6,3,5,-2,3,-2
383,-4,8,-66,-244,-41,4,-4,6,-439,-2282,-219,1,-5,6,-4989,-18161,-2390,1,-5,6,-953,-1856,-576,1,-6,8,3,5,-1,3,-6,8,1,4,0,2,-2
384,-5,6,-68,-244,-42,3,-5,8,-438,-2258,-219,1,-5,8,-4982,-18182,-2383,2,-5,7,-930,-1857,-571,2,-7,6,3,4,0,3,-4,10,6,4,0,3,-1
385,-4,9,-65,-244,-41,3,-6,7,-438,-2272,-222,1,-4,6,-4986,-18172,-2404,3,-5,9,-953,-1859,-574,1,-5,8,3,6,-3,1,-4,7,2,5,-1,1,-2
386,-5,9,-65,-242,-41,3,-5,6,-436,-2264,-222,2,-5,8,-4976,-18162,-2419,4,-4,9,-976,-1876,-585,4,-5,7,0,7,-1,2,-5,8,3,4,-2,3,-1
387,-5,7,-66,-242,-40,4,-6,8,-439,-2278,-226,3,-3,7,-4976,-18189,-2417,2,-5,7,-952,-1861,-572,2,-4,8,2,7,-3,1,-5,8,3,5,-2,1,-1
388,-6,7,-67,-244,-43,3,-7,8,-435,-2280,-221,2,-5,8,-4982,-18170,-2423,3,-5,6,-964,-1862,-578,3,-5,10,3,7,1,4,-5,6,3,7,-2,3,1
389,-5,7,-67,-242,-43,2,-6,6,-436,-2275,-224,1,-4,7,-4987,-18179,-2420,2,-4,7,-978,-1877,-584,3,-4,9,0,5,-1,1,-5,7,1,4,0,1,-1
390,-5,8,-67,-247,-44,2,-6,9,-436,-2281,-228,3,-6,6,-4982,-18175,-2419,1,-5,6,-971,-1874,-583,1,-5,7,0,4,0,1,-4,7,3,4,-1,1,-2
391,-6,8,-67,-244,-41,2,-7,8,-431,-2276,-217,1,-5,6,-4973,-18157,-2376,3,-6,6,-980,-1876,-567,2,-4,8,1,4,-1,3,-6,8,1,5,-1,1,-2
392,-5,8,-67,-244,-42,3,-6,9,-434,-2275,-224,4,-6,7,-4980,-18158,-2417,4,-5,8,-969,-1874,-577,1,-4,8,0,5,-1,1,-5,9,2,4,0,2,1
393,-4,9,-65,-247,-41,3,-5,6,-434,-2273,-225,3,-7,6,-4977,-18175,-2402,4,-5,8,-970,-1880,-575,3,-6,6,2,7,0,3,-5,6,1,7,-1,1,1
394,-4,7,-66,-245,-42,2,-5,6,-440,-2283,-225,4,-7,6,-5004,-18182,-2428,3,-5,8,-967,-1875,-585,2,-5,6,3,4,-2,3,-4,9,1,4,-2,3,-2
395,-5,9,-67,-247,-41,2,-6,6,-433,-2279,-227,2,-5,7,-4981,-18174,-2428,1,-3,9,-970,-1869,-583,3,-5,7,2,4,-2,4,-4,8,3,4,-1,3,1
396,-6,7,-67,-247,-41,1,-6,9,-438,-2295,-227,4,-4,6,-5002,-18196,-2421,3,-4,7,-970,-1881,-573,4,-6,9,0,6,-1,3,-4,6,3,5,-4,4,-2
397,-5,8,-65,-247,-41,3,-4,9,-440,-2298,-223,4,-5,7,-4999,-18194,-2425,1,-7,7,-969,-1867,-585,4,-5,6,1,5,0,1,-4,6,2,4,0,2,1
398,-5,9,-65,-244,-41,1,-6,9,-443,-2298,-226,3,-6,8,-5005,-18191,-2426,5,-5,9,-980,-1881,-587,2,-3,6,2,5,-3,4,-5,6,3,3,-2,1,0
399,-5,7,-67,-245,-41,4,-5,7,-438,-2298,-225,4,-4,8,-5003,-18157,-2436,3,-3,9,-975,-1880,-590,3,-4,9,2,7,1,2,-5,6,1,4,-2,3,-2
400,-3,6,-65,-244,-41,1,-5,8,-440,-2310,-228,1,-5,8,-5004,-18196,-2444,2,-5,8,-982,-1886,-592,4,-5,7,2,5,0,2,-5,7,1,4,-2,4,-1
401,-5,6,-67,-248,-43,1,-5,6,-434,-2290,-227,4,-5,7,-4978,-18184,-2435,1,-4,6,-975,-1886,-592,3,-5,8,2,7,-2,1,-4,7,1,4,-1,4,-1
402,-5,9,-64,-245,-43,2,-5,6,-442,-2325,-230,1,-5,6,-5000,-18206,-2444,1,-7,8,-947,-1877,-586,4,-5,8,1,7,-2,4,-5,7,3,4,0,4,1
403,-5,6,-68,-245,-41,3,-5,9,-434,-2298,-228,3,-5,7,-5002,-18189,-2427,3,-6,8,-972,-1890,-588,2,-6,6,1,7,-1,4,-6,9,2,4,-2,3,-2
404,-5,8,-66,-247,-42,3,-4,9,-436,-2301,-228,4,-5,6,-5005,-18182,-2416,4,-5,9,-963,-1882,-584,3,-5,8,4,5,-1,1,-5,9,0,5,0,3,-2
405,-4,7,-65,-247,-41,1,-5,9,-440,-2304,-229,4,-6,5,-4996,-18182,-2432,3,-5,7,-977,-1889,-590,2,-5,9,1,4,0,0,-5,6,1,3,3,0,-2
406,-5,7,-66,-247,-42,3,-5,8,-436,-2299,-230,2,-6,6,-4964,-18172,-2426,3,-5,9,-952,-1886,-588,4,-5,8,2,8,0,3,-5,8,0,6,-3,4,-2
407,-6,7,-65,-245,-42,4,-5,6,-440,-2303,-231,4,-5,7,-4997,-18200,-2434,4,-5,8,-971,-1892,-595,4,-7,7,2,4,-1,5,-7,6,2,4,-1,4,1
408,-5,8,-66,-244,-44,4,-4,8,-436,-2293,-230,5,-5,6,-4984,-18206,-2435,4,-5,8,-970,-1888,-591,1,-4,7,3,7,-4,3,-5,9,3,4,-1,3,0
409,-4,9,-67,-244,-41,3,-5,7,-435,-2305,-230,3,-4,6,-4972,-18202,-2433,2,-4,8,-966,-1887,-596,1,-5,8,3,5,0,4,-3,6,1,4,0,2,-2
410,-5,9,-66,-246,-42,3,-6,8,-437,-2295,-228,3,-5,8,-4984,-18197,-2433,4,-5,10,-972,-1895,-594,4,-7,6,3,4,0,2,-7,6,2,5,-1,2,-1
411,-5,9,-65,-245,-42,2,-6,6,-437,-2296,-230,1,-6,7,-4987,-18177,-2428,4,-7,9,-977,-1898,-594,1,-7,9,3,5,0,3,-3,7,2,5,-1,3,0
412,-5,8,-66,-245,-44,2,-4,6,-439,-2307,-231,1,-6,6,-4992,-18195,-2435,3,-5,6,-974,-1899,-592,2,-4,7,3,5,-3,4,-4,8,3,5,0,1,0
413,-4,9,-66,-244,-40,1,-5,8,-437,-2305,-231,4,-4,6,-4979,-18199,-2428,1,-4,6,-974,-1896,-597,1,-6,7,1,6,-3,3,-5,9,3,7,0,1,-1
414,-4,9,-65,-244,-41,3,-6,8,-440,-2308,-230,3,-5,8,-4979,-18188,-2425,4,-6,8,-977,-1901,-595,2,-5,7,1,4,-3,2,-4,9,1,1,0,1,-1
415,-5,7,-65,-248,-41,3,-4,6,-435,-2307,-231,2,-4,6,-4977,-18201,-2431,2,-4,6,-973,-1895,-594,4,-7,9,3,7,1,1,-5,7,2,3,-2,4,1
416,-4,7,-65,-244,-41,4,-5,6,-433,-2300,-228,1,-5,6,-4952,-18168,-2422,4,-4,10,-975,-1904,-597,3,-6,6,3,6,0,1,-5,6,0,7,0,3,0
417,-6,8,-65,-246,-44,0,-5,9,-434,-2309,-228,4,-5,9,-4956,-18185,-2423,2,-4,8,-962,-1899,-591,1,-4,7,2,4,1,1,-7,8,3,5,0,1,-2
418,-5,8,-64,-243,-44,3,-5,6,-436,-2314,-231,0,-5,7,-4941,-18158,-2425,2,-5,9,-949,-1890,-582,3,-4,8,2,5,0,4,-5,8,3,2,-1,3,0
419,-2,8,-65,-241,-41,1,-5,7,-437,-2298,-230,2,-5,6,-4958,-18159,-2419,2,-5,9,-958,-1892,-591,4,-5,6,2,6,-3,2,-3,9,3,4,-1,4,-2
420,-6,7,-65,-243,-40,1,-6,7,-438,-2303,-227,2,-5,7,-4958,-18154,-2422,1,-7,9,-946,-1887,-575,1,-4,6,1,7,-2,2,-6,8,2,4,0,1,-2
421,-2,9,-64,-240,-41,4,-3,6,-434,-2298,-225,2,-4,9,-4944,-18141,-2417,1,-5,7,-963,-1898,-588,3,-6,8,0,4,-3,4,-5,9,2,5,-2,4,-2
422,-6,8,-64,-244,-43,3,-5,7,-437,-2308,-229,4,-5,8,-4940,-18153,-2411,1,-3,8,-962,-1901,-585,4,-3,6,0,7,-3,4,-5,9,1,5,-3,1,-1
423,-4,9,-66,-243,-39,3,-5,9,-435,-2305,-223,2,-6,6,-4952,-18175,-2414,1,-5,9,-955,-1886,-589,3,-6,6,3,5,0,3,-6,8,2,5,0,4,-2
424,-7,7,-65,-244,-41,1,-5,9,-437,-2309,-229,2,-5,6,-4935,-18173,-2393,4,-5,9,-958,-1894,-580,1,-5,6,3,3,1,2,-4,9,2,4,-2,3,1
425,-4,7,-66,-244,-40,3,-5,6,-440,-2317,-224,2,-5,7,-4944,-18166,-2395,3,-4,9,-954,-1885,-582,3,-6,7,3,5,1,1,-4,8,0,4,1,1,0
426,-7,9,-66,-244,-41,2,-5,7,-437,-2310,-226,1,-5,6,-4946,-18145,-2419,1,-5,8,-945,-1879,-584,3,-5,8,1,5,0,2,-5,9,3,4,0,3,-3
427,-7,9,-68,-247,-42,1,-5,8,-437,-2310,-222,2,-2,7,-4958,-18188,-2410,2,-4,8,-956,-1895,-589,2,-4,7,2,4,-1,4,-3,7,0,4,-3,3,1
428,-4,7,-66,-246,-41,4,-5,7,-445,-2306,-231,3,-4,6,-4987,-18186,-2422,4,-5,7,-961,-1875,-585,4,-5,7,3,4,1,2,-5,8,1,4,-1,1,-3
429,-5,9,-67,-249,-44,3,-6,7,-437,-2301,-229,0,-3,6,-4939,-18168,-2419,3,-6,6,-968,-1900,-594,2,-7,7,0,3,-1,2,-5,6,2,4,0,2,-2
430,-2,7,-65,-249,-41,1,-5,7,-439,-2305,-230,4,-5,7,-4955,-18193,-2422,3,-3,9,-971,-1893,-589,3,-5,5,3,5,-1,3,-7,7,2,4,-2,2,1
431,-5,7,-67,-250,-41,1,-5,9,-434,-2315,-228,4,-5,8,-4941,-18188,-2426,1,-5,9,-976,-1907,-594,1,-5,7,3,5,-2,2,-5,9,3,4,-1,4,1
432,-6,7,-65,-248,-43,2,-6,7,-437,-2308,-228,3,-5,8,-4958,-18200,-2429,4,-6,9,-975,-1898,-593,1,-4,6,3,5,-3,2,-5,5,1,4,0,4,1
433,-5,6,-66,-249,-43,4,-4,9,-435,-2312,-228,4,-4,7,-4949,-18163,-2422,1,-5,8,-975,-1903,-593,3,-6,8,1,4,-1,3,-5,9,2,4,0,4,1
434,-7,10,-65,-246,-41,1,-5,6,-435,-2310,-229,2,-6,8,-4965,-18194,-2423,4,-3,7,-979,-1906,-597,1,-6,7,3,7,0,4,-6,7,2,6,-1,2,1
435,-6,7,-66,-248,-41,2,-5,6,-434,-2316,-230,2,-7,6,-4985,-18216,-2426,1,-5,7,-982,-1904,-597,2,-7,7,1,4,-2,1,-6,7,2,4,0,2,-3
436,-5,6,-66,-246,-42,3,-6,6,-436,-2316,-231,2,-6,6,-4976,-18183,-2427,2,-4,7,-980,-1900,-591,3,-7,9,1,5,0,2,-5,5,2,5,0,4,0
437,-5,7,-67,-247,-42,1,-5,6,-437,-2324,-228,1,-5,6,-4993,-18208,-2431,3,-5,7,-984,-1900,-594,2,-5,6,0,5,0,3,-5,7,1,4,-1,2,-2
438,-5,9,-66,-249,-43,2,-5,9,-435,-2325,-231,4,-6,8,-4991,-18211,-2433,4,-5,9,-981,-1898,-592,3,-7,9,1,5,-1,1,-3,9,1,5,-2,4,-1
439,-5,7,-68,-251,-43,2,-5,6,-436,-2315,-231,2,-7,6,-5003,-18202,-2437,2,-7,6,-990,-1898,-593,4,-6,7,1,7,-2,3,-9,9,0,4,-1,3,-2
440,-6,6,-68,-254,-42,1,-7,8,-438,-2319,-230,4,-5,7,-4994,-18208,-2435,1,-6,6,-989,-1902,-594,4,-5,6,2,5,-2,3,-4,7,3,4,1,2,-2
441,-5,8,-68,-253,-42,4,-5,9,-437,-2322,-231,1,-5,6,-4984,-18206,-2435,4,-5,7,-987,-1906,-594,4,-2,8,2,5,0,4,-5,9,-1,6,-1,1,-2
442,-6,5,-68,-257,-44,4,-4,8,-436,-2318,-228,3,-5,9,-4991,-18208,-2440,3,-6,7,-993,-1912,-593,3,-6,7,1,5,0,1,-6,9,3,4,0,3,-2
443,-3,7,-69,-255,-42,4,-4,9,-436,-2325,-230,1,-3,9,-5002,-18208,-2441,1,-5,7,-955,-1875,-589,1,-5,6,3,4,-1,0,-7,7,1,6,-1,2,-2
444,-5,8,-70,-255,-44,2,-5,6,-437,-2317,-234,5,-5,8,-5001,-18194,-2443,2,-6,9,-957,-1898,-594,1,-5,7,1,5,-2,2,-4,9,1,4,1,1,-1
445,-4,7,-71,-259,-44,2,-7,7,-443,-2323,-232,4,-3,7,-5028,-18222,-2449,4,-3,7,-965,-1888,-591,2,-4,7,1,4,-3,3,-7,6,3,4,0,1,-2
446,-5,8,-70,-259,-45,4,-5,6,-437,-2327,-230,1,-5,6,-4996,-18221,-2444,2,-5,7,-984,-1906,-597,2,-5,9,2,4,0,2,-5,9,0,3,-1,1,-3
447,-6,11,-72,-259,-44,0,-5,9,-436,-2311,-231,4,-5,7,-5013,-18232,-2446,2,-5,10,-976,-1905,-600,2,-5,8,2,3,-2,4,-3,9,3,7,0,1,-1
448,-5,9,-71,-260,-46,3,-5,7,-439,-2325,-232,1,-5,8,-5011,-18242,-2451,3,-5,6,-977,-1905,-600,4,-5,7,2,4,0,3,-7,7,3,3,-2,1,-2
449,-4,8,-69,-257,-44,1,-4,6,-442,-2334,-234,3,-3,8,-5017,-18229,-2448,2,-3,7,-970,-1894,-597,3,-6,7,3,4,-1,2,-4,9,1,6,0,2,-2
450,-5,6,-71,-260,-44,3,-5,8,-443,-2331,-234,4,-5,5,-5003,-18203,-2448,1,-4,8,-976,-1903,-601,2,-4,8,2,4,-1,1,-7,8,1,3,-1,1,-2
451,-6,7,-71,-262,-47,3,-5,9,-443,-2335,-237,2,-5,9,-5011,-18223,-2458,1,-5,9,-983,-1903,-602,3,-5,9,3,5,0,2,-5,7,2,4,0,1,1
452,-7,6,-70,-261,-45,2,-4,7,-445,-2346,-235,3,-5,9,-5019,-18218,-2454,2,-5,8,-981,-1901,-602,3,-5,5,3,6,-3,5,-5,7,0,5,0,4,-2
453,-6,9,-72,-258,-44,2,-5,6,-440,-2334,-234,2,-4,9,-4973,-18210,-2443,2,-3,7,-963,-1894,-597,2,-6,7,3,6,1,2,-6,6,2,7,0,3,-1
454,-5,8,-69,-256,-44,4,-5,7,-443,-2334,-234,4,-5,7,-4990,-18220,-2449,1,-6,9,-964,-1895,-598,3,-5,8,2,4,0,1,-3,7,3,5,-3,2,-1
455,-7,8,-72,-258,-43,1,-3,7,-443,-2334,-232,4,-7,9,-4984,-18291,-2442,5,-5,7,-970,-1907,-600,1,-5,8,1,6,0,3,-6,6,2,5,-3,0,-2
456,-5,9,-68,-257,-44,4,-5,6,-439,-2334,-234,3,-5,9,-4987,-18272,-2450,4,-2,6,-979,-1908,-603,3,-5,7,1,4,-1,2,-4,6,3,4,1,1,-2
457,-5,10,-69,-253,-44,2,-6,8,-443,-2343,-234,4,-5,8,-4979,-18239,-2439,3,-5,7,-966,-1903,-600,3,-5,6,2,3,-1,3,-5,7,3,4,-3,4,-1
458,-5,6,-68,-254,-46,2,-6,7,-443,-2331,-231,2,-5,6,-4999,-18242,-2448,3,-6,9,-961,-1899,-597,4,-5,9,1,7,-1,1,-5,6,2,5,1,3,-2
459,-7,7,-71,-257,-46,1,-5,7,-443,-2349,-232,3,-5,8,-5002,-18259,-2443,4,-4,7,-971,-1906,-601,0,-4,7,4,6,0,1,-5,7,3,4,-3,2,-1
460,-5,10,-68,-255,-43,1,-5,6,-442,-2332,-232,1,-6,7,-4981,-18256,-2442,4,-4,8,-970,-1903,-603,1,-4,6,0,4,-2,1,-2,6,2,5,-2,1,0
461,-3,8,-70,-255,-44,3,-4,7,-441,-2331,-232,1,-4,8,-5004,-18260,-2442,4,-7,8,-975,-1905,-604,2,-5,7,1,6,0,1,-4,6,0,3,-3,3,-2
462,-6,9,-71,-255,-44,1,-4,9,-442,-2334,-234,4,-4,7,-4999,-18254,-2442,3,-4,6,-973,-1908,-603,4,-3,6,3,4,0,3,-6,6,1,6,0,3,0
463,-5,6,-68,-254,-44,4,-5,6,-438,-2319,-232,2,-5,7,-4990,-18273,-2437,1,-5,10,-991,-1914,-603,3,-6,8,1,2,0,2,-5,6,3,5,-1,4,-2
464,-6,6,-70,-255,-44,1,-5,9,-439,-2328,-231,1,-5,7,-4983,-18256,-2436,3,-5,8,-983,-1913,-603,5,-5,9,2,7,2,4,-7,8,1,6,-1,3,-2
465,-6,6,-71,-255,-45,2,-5,7,-441,-2333,-232,2,-7,6,-5011,-18244,-2439,2,-5,8,-898,-1858,-591,1,-6,7,1,5,-1,1,-5,7,1,2,0,1,-1
466,-5,8,-70,-256,-43,0,-6,7,-445,-2331,-232,2,-6,8,-4997,-18261,-2375,3,-5,9,-996,-1925,-603,3,-5,6,0,6,-2,2,-7,6,3,2,-1,3,0
467,-6,9,-70,-257,-41,3,-6,7,-444,-2353,-219,4,-7,6,-5017,-18241,-2412,0,-5,9,-933,-1890,-587,2,-5,6,1,7,-2,4,-6,6,1,7,1,3,-2
468,-4,6,-71,-258,-42,4,-5,8,-441,-2320,-233,1,-5,6,-4990,-18239,-2428,2,-5,6,-927,-1871,-587,1,-4,6,1,5,0,1,-5,6,1,2,-3,1,-2
469,-3,7,-69,-258,-45,1,-4,8,-445,-2344,-225,0,-5,5,-4980,-18262,-2426,1,-5,6,-987,-1915,-603,3,-5,7,4,4,0,2,-5,7,2,4,-2,1,0
470,-4,8,-70,-261,-43,1,-5,7,-442,-2341,-231,1,-5,9,-4984,-18221,-2430,4,-6,6,-950,-1894,-596,3,-7,8,3,3,0,1,-6,9,0,6,-1,1,-3
471,-5,7,-71,-255,-41,1,-6,6,-438,-2327,-236,2,-5,6,-4971,-18247,-2429,1,-5,6,-952,-1897,-597,3,-5,8,0,5,0,1,-6,6,2,4,-3,2,-2
472,-6,8,-71,-259,-44,3,-5,6,-440,-2331,-234,3,-5,5,-5002,-18218,-2430,4,-6,8,-966,-1902,-600,1,-5,9,2,5,0,2,-5,7,3,5,-1,3,-2
473,-4,9,-71,-255,-43,4,-5,9,-443,-2337,-234,2,-4,7,-4982,-18220,-2413,4,-5,6,-970,-1898,-599,4,-5,7,1,4,-3,3,-4,8,3,4,-1,3,-2
474,-6,6,-68,-260,-46,1,-7,6,-437,-2314,-231,3,-5,6,-5007,-18229,-2425,1,-7,7,-975,-1921,-539,1,-6,6,3,5,0,3,-5,8,3,4,-2,4,-1
475,-6,7,-69,-258,-43,4,-4,7,-437,-2332,-233,4,-6,8,-4996,-18244,-2432,2,-4,7,-980,-1912,-603,2,-7,6,0,3,-3,4,-5,8,3,4,0,3,1
476,-6,9,-68,-258,-44,3,-5,9,-437,-2311,-232,4,-7,8,-5008,-18266,-2433,4,-6,6,-954,-1900,-599,1,-6,7,3,6,-1,3,-5,8,1,4,-1,1,-2
477,-3,9,-69,-258,-44,1,-5,7,-441,-2333,-235,4,-5,8,-4991,-18259,-2429,2,-5,6,-970,-1916,-603,1,-4,6,1,3,0,1,-5,7,3,6,0,3,-1
478,-7,8,-69,-256,-41,4,-5,7,-440,-2326,-220,1,-4,9,-5005,-18247,-2430,3,-5,9,-979,-1915,-599,3,-5,6,1,4,0,1,-4,6,2,4,-1,1,-2
479,-3,8,-71,-258,-44,1,-6,6,-443,-2331,-233,3,-5,6,-4992,-18271,-2375,3,-5,7,-977,-1921,-600,1,-6,8,3,6,0,3,-3,6,0,4,0,5,-1
480,-4,9,-71,-260,-44,1,-4,9,-440,-2325,-234,1,-3,6,-5015,-18256,-2437,4,-4,8,-896,-1861,-589,2,-7,7,1,5,0,1,-5,9,0,3,-1,4,0
481,-6,6,-71,-262,-46,1,-4,9,-444,-2334,-235,2,-5,6,-5004,-18247,-2442,3,-5,6,-924,-1874,-596,1,-5,6,2,7,-1,2,-5,8,3,5,0,2,1
482,-5,8,-69,-260,-46,2,-5,9,-440,-2334,-235,1,-8,8,-5007,-18240,-2441,2,-5,8,-942,-1885,-597,3,-5,7,2,4,-1,4,-3,6,0,4,-2,4,-2
483,-5,7,-70,-255,-43,2,-5,7,-442,-2336,-235,1,-5,8,-5008,-18258,-2439,1,-5,6,-946,-1889,-604,1,-5,9,0,4,-1,1,-5,9,3,5,0,3,0
484,-4,6,-69,-259,-42,4,-5,8,-442,-2336,-233,3,-5,9,-5023,-18256,-2445,3,-5,8,-952,-1894,-595,1,-2,9,2,4,-1,4,-5,7,3,4,-3,1,-2
485,-6,9,-70,-261,-46,2,-6,5,-446,-2343,-234,3,-4,5,-5016,-18256,-2440,4,-4,7,-967,-1909,-601,3,-4,6,1,5,0,3,-5,6,2,5,-3,2,0
486,-5,6,-68,-259,-44,2,-4,8,-442,-2340,-234,4,-5,6,-5019,-18254,-2451,1,-3,6,-968,-1900,-601,1,-7,7,2,4,0,3,-5,9,2,3,0,4,-1
487,-6,8,-70,-261,-45,2,-5,4,-443,-2355,-236,3,-5,8,-5004,-18263,-2448,3,-5,8,-959,-1897,-600,2,-2,6,1,7,1,3,-6,6,2,4,0,1,-1
488,-2,7,-71,-259,-45,1,-5,6,-437,-2337,-236,3,-7,7,-4999,-18256,-2445,0,-4,6,-942,-1883,-593,0,-7,9,1,7,-1,2,-5,8,2,4,0,6,-1
489,-6,9,-69,-259,-44,3,-4,8,-446,-2339,-235,1,-5,6,-4985,-18245,-2430,1,-5,7,-977,-1899,-595,2,-4,7,3,7,-1,2,-5,7,2,3,1,4,-2
490,-4,9,-71,-260,-45,2,-2,7,-443,-2343,-234,1,-5,6,-5002,-18264,-2438,4,-5,7,-983,-1912,-600,4,-5,9,0,3,-1,2,-5,9,1,7,2,0,-2
491,-4,8,-71,-259,-45,2,-5,8,-443,-2346,-234,4,-5,9,-5014,-18253,-2435,2,-5,10,-954,-1881,-594,2,-6,9,3,6,-3,1,-6,6,3,4,0,1,0
492,-5,6,-71,-260,-46,2,-6,7,-444,-2336,-233,2,-4,6,-4998,-18259,-2441,1,-5,8,-972,-1906,-601,3,-5,6,-1,4,0,3,-7,7,2,5,0,5,0
493,-5,9,-71,-259,-44,2,-2,9,-445,-2339,-231,1,-5,6,-5008,-18277,-2436,1,-4,8,-970,-1900,-601,2,-5,7,3,3,-2,2,-5,8,3,6,-2,4,-2
494,-7,7,-69,-261,-44,2,-5,9,-442,-2337,-233,2,-4,7,-5003,-18297,-2439,3,-6,7,-971,-1915,-600,1,-5,7,1,7,-2,1,-5,8,2,5,0,3,-1
495,-4,7,-70,-259,-45,3,-5,7,-449,-2349,-236,4,-6,7,-5002,-18279,-2439,1,-4,8,-964,-1905,-600,1,-6,9,1,5,-2,5,-5,9,0,5,-1,2,-2
496,-5,7,-69,-261,-44,4,-6,6,-443,-2346,-233,1,-3,6,-5024,-18280,-2437,2,-4,7,-981,-1908,-601,2,-3,8,3,5,1,3,-5,6,1,6,1,3,1
497,-4,7,-70,-259,-46,2,-5,9,-443,-2341,-234,2,-5,8,-5002,-18279,-2434,4,-5,9,-982,-1919,-606,3,-5,10,3,4,-2,4,-6,6,0,4,0,1,-2
498,-6,7,-71,-259,-47,3,-4,6,-451,-2338,-235,3,-5,9,-4991,-18296,-2434,3,-6,8,-991,-1927,-602,1,-4,9,2,4,0,4,-5,7,0,4,-1,3,-1
499,-5,6,-69,-259,-46,2,-5,8,-446,-2340,-234,2,-8,6,-4999,-18282,-2434,4,-5,9,-990,-1924,-602,4,-5,6,2,4,-2,1,-5,9,1,4,-1,2,1
500,-6,7,-72,-267,-45,2,-5,6,-434,-2314,-215,4,-5,9,-4982,-18270,-2436,3,-2,8,-952,-1912,-549,3,-6,8,3,5,0,4,-5,6,1,6,0,1,-2
501,-5,10,-70,-258,-46,3,-5,9,-449,-2334,-235,3,-6,6,-5002,-18247,-2436,3,-2,8,-909,-1868,-599,2,-5,7,2,4,0,1,-4,7,1,4,-2,2,-2
502,-5,7,-71,-258,-44,1,-4,9,-454,-2351,-239,1,-5,6,-5014,-18220,-2434,4,-5,8,-967,-1895,-609,1,-6,7,2,4,-1,4,-5,7,2,4,0,1,-1
503,-5,6,-69,-256,-44,3,-6,6,-449,-2334,-233,2,-5,7,-5019,-18221,-2425,1,-3,6,-981,-1918,-540,1,-6,7,0,5,-3,3,-4,6,0,3,-1,2,-2
504,-5,7,-70,-258,-44,3,-6,5,-447,-2331,-221,4,-5,5,-5033,-18240,-2430,1,-6,9,-898,-1844,-591,2,-5,6,3,5,-3,2,-5,7,0,3,-1,3,-2
505,-5,7,-68,-256,-43,3,-7,8,-455,-2340,-238,2,-5,6,-4999,-18241,-2317,3,-2,8,-919,-1889,-534,4,-5,7,1,4,-1,1,-6,7,1,4,0,0,-3
506,-5,10,-70,-257,-44,1,-5,7,-458,-2343,-238,2,-5,7,-5004,-18249,-2430,2,-5,8,-940,-1902,-607,1,-5,6,1,4,-1,3,-5,6,2,4,-2,4,-2
507,-6,6,-70,-258,-44,3,-5,7,-450,-2329,-236,1,-5,6,-5020,-18282,-2448,2,-5,7,-893,-1853,-598,4,-5,6,3,7,0,1,-6,7,1,7,-1,2,-2
508,-5,8,-71,-257,-46,1,-3,7,-452,-2337,-237,1,-6,8,-5008,-18256,-2436,2,-6,8,-936,-1890,-602,3,-5,9,3,4,0,5,-5,6,3,5,-2,3,-1
509,-6,9,-69,-259,-46,3,-5,6,-455,-2359,-237,1,-5,8,-5017,-18268,-2447,1,-4,9,-936,-1886,-607,3,-5,6,-1,5,-3,4,-5,7,3,4,-1,4,0
510,-5,8,-69,-258,-45,2,-6,9,-453,-2339,-237,2,-5,6,-4988,-18217,-2434,3,-4,6,-941,-1898,-607,1,-6,5,3,4,-2,3,-5,7,0,6,-2,1,-2
511,-4,8,-69,-258,-44,1,-7,9,-457,-2351,-240,2,-5,7,-5026,-18270,-2439,3,-6,9,-933,-1882,-609,2,-4,6,2,5,-1,4,-3,9,1,6,1,2,-1
512,-5,9,-69,-255,-43,5,-5,9,-456,-2339,-240,1,-7,9,-4930,-18178,-2338,2,-4,9,-912,-1877,-600,1,-5,9,2,8,0,3,-5,7,2,4,-3,2,-2
513,-5,8,-71,-257,-45,3,-5,9,-442,-2295,-234,3,-4,6,-5022,-18294,-2444,3,-7,9,-936,-1889,-599,2,-2,7,3,4,-1,4,-3,6,3,2,-3,3,-2
514,-5,9,-71,-256,-46,1,-5,6,-442,-2314,-235,1,-5,5,-4991,-18253,-2437,1,-5,7,-942,-1895,-603,1,-5,6,0,6,-2,4,-5,7,3,4,1,1,-1
515,-7,7,-71,-257,-45,3,-5,6,-444,-2321,-232,3,-5,8,-5008,-18248,-2453,4,-6,9,-942,-1894,-608,3,-6,9,1,6,-3,2,-5,7,2,3,-3,3,0
516,-4,4,-72,-258,-45,1,-6,7,-449,-2310,-234,3,-4,8,-5017,-18282,-2440,4,-5,9,-922,-1883,-606,2,-5,9,3,4,0,2,-5,7,3,5,0,3,-2
517,-6,8,-71,-261,-44,2,-4,7,-449,-2323,-237,0,-5,6,-5041,-18306,-2447,0,-5,8,-925,-1881,-603,3,-5,6,1,7,0,1,-6,7,2,6,-1,3,-2
518,-3,9,-74,-264,-46,0,-4,9,-452,-2335,-237,3,-6,7,-5011,-18272,-2439,3,-5,9,-927,-1892,-603,1,-3,6,2,4,-1,3,-5,6,2,4,-1,3,-1
519,-5,8,-74,-264,-47,3,-4,7,-451,-2332,-237,3,-6,6,-5028,-18270,-2443,4,-6,7,-930,-1894,-605,3,-7,6,2,5,0,1,-5,9,3,4,0,4,-2
520,-5,8,-74,-266,-45,1,-5,9,-451,-2338,-237,1,-4,6,-5013,-18277,-2444,3,-3,8,-947,-1907,-608,3,-6,6,0,7,-2,4,-4,7,1,6,0,2,-2
521,-5,8,-74,-266,-44,1,-5,11,-450,-2347,-237,1,-6,5,-5014,-18312,-2447,2,-5,6,-960,-1913,-610,4,-5,7,3,6,0,4,-5,8,2,4,-2,2,-3
522,-5,7,-73,-267,-47,1,-5,9,-450,-2342,-235,3,-4,7,-5026,-18344,-2447,3,-5,8,-972,-1927,-613,3,-4,8,0,5,0,1,-4,9,3,5,0,2,-2
523,-5,9,-75,-270,-47,3,-6,7,-450,-2356,-237,2,-5,6,-5011,-18366,-2442,3,-6,9,-986,-1939,-615,3,-7,8,1,4,0,1,-6,8,3,4,0,4,0
524,-5,7,-75,-278,-50,2,-2,7,-455,-2359,-238,4,-5,8,-5008,-18354,-2442,0,-7,8,-985,-1932,-613,4,-7,6,2,4,0,1,-6,7,2,4,0,0,-2
525,-5,8,-69,-267,-47,4,-5,8,-452,-2355,-239,3,-7,8,-5011,-18294,-2446,3,-6,8,-979,-1924,-615,1,-5,9,1,3,1,4,-6,7,3,4,0,3,-2
526,-4,8,-74,-275,-47,2,-4,9,-452,-2352,-240,1,-5,6,-5014,-18282,-2449,3,-5,7,-993,-1939,-616,1,-5,6,2,4,0,2,-5,6,1,7,0,2,-2
527,-4,9,-73,-274,-48,4,-5,7,-460,-2363,-239,1,-7,6,-5003,-18298,-2448,4,-5,8,-996,-1937,-615,1,-5,9,2,4,-3,3,-5,9,1,4,0,1,-1
528,-2,9,-74,-272,-45,1,-7,7,-454,-2348,-241,4,-5,8,-5022,-18304,-2456,4,-4,10,-1000,-1937,-615,3,-5,6,0,4,-2,1,-5,6,3,6,-3,1,-1
529,-6,9,-74,-273,-50,4,-4,8,-458,-2358,-238,3,-3,8,-5022,-18300,-2450,2,-4,9,-999,-1945,-619,4,-5,8,3,4,0,3,-7,8,1,4,-3,1,0
530,-5,7,-74,-278,-47,3,-5,6,-458,-2367,-243,5,-5,6,-5027,-18279,-2453,3,-4,10,-978,-1918,-612,1,-5,8,0,5,0,3,-3,6,2,5,-2,3,-2
531,-5,6,-75,-276,-45,1,-6,9,-457,-2354,-240,1,-5,7,-5023,-18273,-2460,3,-5,6,-995,-1945,-617,3,-4,7,3,5,-2,3,-6,6,3,4,1,4,-1
532,-5,7,-74,-276,-46,2,-5,11,-451,-2351,-240,2,-4,6,-5042,-18282,-2457,2,-4,9,-914,-1886,-602,1,-4,4,0,6,-1,4,-5,6,3,4,-2,2,-2
533,-7,8,-75,-277,-47,3,-5,10,-458,-2362,-238,1,-5,7,-5020,-18267,-2454,3,-5,8,-937,-1900,-609,1,-5,7,1,6,-1,2,-3,7,0,1,1,4,-2
534,-3,5,-76,-278,-47,3,-5,8,-455,-2352,-240,2,-5,7,-5023,-18276,-2460,4,-5,9,-964,-1918,-610,4,-7,8,3,4,-2,1,-4,6,1,4,-2,4,-2
535,-5,7,-77,-288,-49,1,-4,9,-449,-2348,-238,0,-4,6,-5022,-18285,-2459,2,-6,8,-974,-1921,-613,1,-6,9,1,4,-1,2,-5,7,2,4,0,0,-2
536,-4,6,-77,-283,-50,1,-6,6,-453,-2349,-237,4,-5,8,-5026,-18259,-2456,2,-5,9,-972,-1932,-614,3,-5,7,2,4,-2,3,-2,5,3,7,-1,3,-2
537,-5,8,-80,-298,-50,4,-5,8,-451,-2349,-237,3,-5,9,-5027,-18300,-2463,3,-6,6,-982,-1930,-616,3,-4,8,2,4,0,1,-4,8,2,5,0,2,-2
538,-6,8,-78,-283,-50,2,-6,8,-452,-2346,-238,1,-4,8,-5024,-18291,-2453,3,-7,8,-992,-1940,-612,1,-4,9,0,3,-1,2,-4,6,3,5,0,1,-1
539,-4,8,-77,-285,-48,2,-7,9,-452,-2350,-237,1,-6,7,-5023,-18268,-2460,4,-5,6,-990,-1937,-613,1,-5,9,2,5,-4,1,-5,6,2,6,-1,2,-2
540,-5,8,-78,-297,-52,2,-4,9,-451,-2357,-238,3,-5,6,-5038,-18288,-2458,2,-7,8,-972,-1925,-611,2,-3,6,1,6,-1,3,-5,7,1,6,0,2,-2
541,-6,6,-78,-289,-50,3,-5,8,-453,-2345,-238,2,-6,7,-5040,-18296,-2454,3,-6,8,-1001,-1939,-619,2,-6,6,1,7,-2,4,-5,7,2,4,-1,5,0
542,-6,9,-80,-294,-52,3,-5,9,-456,-2355,-237,4,-3,6,-5022,-18319,-2455,3,-5,8,-999,-1940,-620,3,-6,9,1,4,-1,3,-7,5,0,4,0,-1,-2
543,-5,7,-78,-282,-47,1,-5,7,-450,-2350,-236,3,-5,6,-5042,-18285,-2465,2,-5,7,-968,-1918,-609,4,-3,5,3,7,0,1,-6,6,2,5,0,1,0
544,-5,7,-79,-297,-50,4,-7,9,-454,-2348,-237,1,-3,6,-5046,-18297,-2460,3,-4,8,-984,-1924,-614,4,-6,6,0,5,-1,4,-5,7,1,5,-2,3,-2
545,-4,7,-79,-286,-50,3,-4,6,-455,-2352,-237,3,-6,5,-5018,-18292,-2462,4,-5,8,-994,-1931,-615,2,-6,9,3,6,1,3,-4,7,0,3,-3,2,-1
546,-5,6,-83,-306,-52,3,-5,6,-460,-2349,-241,3,-5,8,-5041,-18277,-2456,3,-5,6,-931,-1892,-608,3,-5,9,3,3,-3,3,-6,5,-1,5,-3,1,0
547,-4,6,-86,-312,-53,1,-6,9,-456,-2356,-240,3,-5,8,-5052,-18307,-2461,1,-3,6,-928,-1891,-605,4,-5,6,1,4,0,4,-5,6,2,5,-3,4,-2
548,-6,7,-79,-289,-50,1,-5,7,-462,-2360,-241,4,-5,9,-5061,-18306,-2469,2,-5,8,-937,-1901,-607,3,-6,6,3,3,-2,2,-5,7,1,6,0,1,2
549,-6,8,-86,-316,-54,1,-6,8,-453,-2351,-237,1,-5,7,-5032,-18326,-2459,1,-5,7,-961,-1915,-615,1,-5,7,1,5,0,2,-6,6,1,5,-1,1,-1
550,-5,8,-85,-308,-52,3,-5,8,-458,-2369,-239,2,-3,4,-5026,-18297,-2463,4,-5,10,-994,-1936,-622,3,-5,6,2,4,-1,4,-6,6,1,4,-2,2,-4
551,-6,9,-83,-310,-51,4,-6,9,-450,-2346,-235,2,-5,5,-5038,-18320,-2460,3,-5,7,-997,-1947,-621,4,-5,7,1,4,0,2,-5,9,0,5,-3,1,-1
552,-6,9,-83,-309,-53,1,-5,8,-458,-2361,-241,1,-5,6,-5041,-18275,-2464,1,-7,7,-1010,-1949,-625,1,-6,8,0,5,0,1,-3,9,3,4,0,1,-2
553,-5,8,-87,-320,-56,2,-5,7,-456,-2360,-240,1,-5,5,-5028,-18327,-2460,3,-3,6,-1014,-1954,-624,3,-5,9,2,4,0,2,-5,6,1,4,-3,4,-2
554,-3,8,-88,-313,-53,4,-6,8,-460,-2360,-241,5,-5,7,-5038,-18317,-2466,3,-5,6,-909,-1881,-606,1,-5,8,3,4,1,1,-7,5,2,6,0,1,0
555,-4,9,-87,-321,-55,3,-5,8,-456,-2361,-242,3,-5,6,-5035,-18326,-2459,1,-5,7,-948,-1905,-611,2,-5,9,3,4,-1,1,-5,6,3,4,-3,2,1
556,-6,8,-86,-316,-52,3,-6,8,-458,-2365,-243,4,-6,6,-5046,-18354,-2468,2,-4,9,-934,-1901,-606,3,-5,8,3,5,0,1,-6,7,3,4,0,2,0
557,-4,8,-87,-320,-56,1,-5,6,-450,-2354,-240,4,-4,8,-5036,-18319,-2459,4,-5,6,-925,-1892,-610,3,-5,7,3,3,0,3,-5,8,3,4,1,1,-2
558,-5,7,-88,-324,-55,4,-4,9,-461,-2372,-242,1,-5,6,-5045,-18320,-2463,1,-7,7,-924,-1895,-605,1,-5,7,0,7,-3,1,-5,6,3,3,-2,4,-2
559,-4,7,-88,-323,-58,2,-6,7,-451,-2348,-238,3,-6,8,-5035,-18304,-2465,2,-3,7,-928,-1896,-611,4,-4,8,0,4,-1,1,-5,9,2,6,0,3,-2
560,-7,9,-88,-324,-56,1,-5,9,-456,-2353,-243,1,-5,7,-5038,-18309,-2463,2,-5,7,-931,-1898,-609,3,-7,7,0,4,-3,3,-5,7,0,5,-1,4,0
561,-7,8,-89,-327,-56,3,-6,7,-454,-2351,-241,2,-3,8,-5057,-18305,-2464,3,-3,7,-933,-1898,-609,1,-5,6,3,7,-3,2,-4,7,4,4,-1,2,-2
562,-5,8,-86,-323,-55,5,-5,8,-459,-2363,-243,1,-5,8,-5043,-18332,-2463,4,-4,8,-920,-1892,-603,1,-5,8,2,3,0,3,-6,7,1,4,0,3,-1
563,-4,6,-88,-326,-55,1,-5,6,-454,-2357,-240,4,-5,6,-5059,-18281,-2471,1,-5,9,-942,-1906,-609,4,-5,8,3,5,-1,4,-5,9,3,4,0,2,0
564,-4,6,-87,-323,-55,3,-4,6,-458,-2358,-242,4,-2,6,-5057,-18299,-2472,3,-5,8,-941,-1909,-612,2,-4,7,3,4,0,1,-5,7,-1,7,0,1,0
565,-5,6,-85,-323,-56,1,-5,7,-452,-2355,-240,1,-4,6,-5060,-18338,-2471,1,-6,8,-925,-1906,-610,1,-7,6,2,6,0,4,-4,7,0,7,0,2,-1
566,-5,8,-88,-320,-55,0,-5,7,-452,-2353,-240,0,-3,6,-5050,-18323,-2473,1,-5,8,-937,-1913,-612,1,-4,7,2,4,-2,2,-7,6,0,4,0,1,-2
567,-5,8,-88,-321,-55,1,-5,6,-458,-2361,-241,1,-5,8,-5064,-18322,-2471,2,-5,6,-923,-1899,-609,4,-5,7,1,4,0,1,-3,9,1,4,-1,4,0
568,-5,8,-87,-320,-55,2,-4,9,-460,-2361,-241,1,-5,6,-5047,-18350,-2480,4,-4,6,-934,-1907,-609,1,-4,6,3,6,-1,1,-7,6,3,3,-3,2,1
569,-6,10,-86,-319,-52,3,-5,9,-449,-2357,-238,1,-8,9,-5065,-18312,-2473,2,-5,9,-963,-1930,-611,2,-4,6,2,6,-2,4,-5,7,2,4,0,1,0
570,-5,7,-86,-320,-55,4,-7,6,-455,-2363,-240,3,-3,9,-5041,-18340,-2471,2,-5,6,-990,-1948,-621,1,-4,9,2,7,-1,1,-5,6,1,2,-1,3,-2
571,-7,9,-86,-321,-53,3,-6,8,-448,-2366,-239,1,-5,8,-5048,-18333,-2464,4,-4,8,-993,-1954,-622,3,-5,7,0,4,0,4,-6,8,3,4,0,2,-3
572,-4,9,-87,-323,-55,3,-2,7,-454,-2366,-242,4,-6,7,-5059,-18322,-2467,2,-7,7,-958,-1923,-614,3,-4,8,1,7,0,1,-5,6,0,4,-3,4,0
573,-5,9,-88,-322,-56,1,-5,7,-450,-2364,-240,3,-3,8,-5051,-18356,-2471,2,-6,9,-959,-1918,-619,3,-5,7,1,5,-2,1,-5,7,3,5,-1,1,-1
574,-5,9,-86,-323,-55,1,-5,7,-455,-2363,-240,0,-5,8,-5070,-18348,-2479,3,-5,6,-917,-1889,-603,2,-4,6,0,7,0,2,-5,8,3,5,-3,4,1
575,-5,8,-88,-327,-57,1,-6,9,-450,-2362,-239,3,-5,8,-5055,-18363,-2468,2,-5,6,-937,-1912,-604,2,-6,6,1,4,0,3,-5,7,3,4,-1,2,-3
576,-5,8,-87,-320,-55,2,-5,8,-459,-2377,-240,1,-4,7,-5101,-18373,-2474,3,-4,7,-922,-1890,-604,1,-7,6,1,5,0,4,-3,6,1,7,0,3,-3
577,-7,7,-90,-323,-55,4,-5,9,-460,-2371,-242,1,-5,8,-5090,-18318,-2471,2,-5,9,-919,-1894,-603,2,-6,6,1,7,0,1,-5,7,1,6,0,3,-2
578,-5,9,-88,-323,-57,0,-5,9,-452,-2366,-242,3,-2,6,-5053,-18312,-2473,1,-5,7,-924,-1899,-605,1,-4,6,1,7,-1,2,-5,7,0,6,-1,3,-2
579,-3,9,-85,-320,-56,2,-5,9,-453,-2372,-240,2,-5,6,-5059,-18321,-2487,3,-4,9,-943,-1917,-608,1,-7,10,0,5,-1,1,-6,7,2,7,0,3,0
580,-6,8,-88,-323,-56,2,-6,6,-455,-2373,-242,3,-6,6,-5064,-18318,-2482,4,-5,8,-927,-1895,-606,3,-4,6,2,5,-1,4,-7,6,2,4,-2,1,1
581,-3,7,-89,-325,-55,3,-5,8,-462,-2375,-240,4,-5,8,-5047,-18304,-2467,2,-5,7,-934,-1906,-605,1,-5,8,1,2,-3,0,-6,9,2,4,-2,4,-2
582,-5,6,-88,-323,-55,1,-7,7,-457,-2367,-240,1,-3,6,-5070,-18324,-2476,4,-7,6,-925,-1901,-601,1,-4,8,3,6,-1,4,-4,9,3,7,-1,1,-2
583,-5,7,-89,-323,-55,2,-6,9,-457,-2369,-240,1,-5,7,-5040,-18342,-2471,2,-3,7,-920,-1894,-601,4,-6,9,0,4,-2,3,-6,7,2,3,-1,2,-2
584,-7,7,-90,-324,-56,3,-4,9,-456,-2372,-242,3,-4,8,-5057,-18305,-2480,2,-5,6,-931,-1895,-609,1,-6,7,3,4,0,2,-5,9,2,7,0,4,-2
585,-4,6,-87,-319,-56,3,-5,9,-456,-2361,-240,4,-5,6,-5035,-18312,-2472,2,-6,9,-923,-1894,-604,3,-3,9,0,3,-2,4,-5,5,3,6,-1,3,-2
586,-4,6,-88,-323,-57,1,-6,7,-458,-2373,-244,2,-4,7,-5077,-18332,-2479,4,-5,7,-921,-1889,-603,4,-5,6,1,5,-1,3,-4,8,1,3,2,3,-1
587,-4,7,-91,-319,-57,2,-4,7,-457,-2368,-240,2,-7,7,-5048,-18328,-2470,1,-4,9,-916,-1892,-604,2,-5,8,1,3,0,3,-6,9,1,5,-2,3,-2
588,-5,8,-86,-320,-55,1,-3,7,-455,-2370,-241,1,-4,6,-5046,-18331,-2469,2,-5,9,-915,-1888,-603,1,-5,6,2,6,1,4,-5,7,2,4,-2,1,-2
589,-5,9,-87,-319,-53,1,-5,9,-458,-2381,-240,2,-5,9,-5062,-18337,-2477,2,-7,7,-915,-1886,-606,5,-6,9,4,5,-1,3,-3,6,1,7,0,3,-2
590,-5,8,-87,-320,-56,4,-5,10,-458,-2371,-243,3,-5,7,-5035,-18322,-2471,4,-6,8,-924,-1898,-608,2,-7,7,1,4,0,2,-7,6,1,6,-1,1,-1
591,-5,7,-87,-319,-54,3,-3,7,-456,-2368,-241,4,-5,8,-5041,-18304,-2476,4,-5,6,-923,-1887,-606,1,-5,8,3,4,-3,3,-4,6,3,4,-3,4,0
592,-3,7,-86,-318,-55,4,-5,6,-457,-2373,-242,4,-5,8,-5033,-18325,-2470,2,-5,7,-913,-1888,-602,5,-6,6,0,4,-1,4,-4,7,1,7,-2,4,-2
593,-5,8,-87,-321,-55,3,-4,8,-454,-2366,-240,4,-5,6,-5030,-18313,-2469,2,-2,9,-936,-1902,-609,5,-7,9,3,5,2,3,-6,8,2,3,-2,2,1
594,-3,9,-86,-317,-55,3,-5,9,-455,-2372,-241,2,-5,6,-5056,-18337,-2476,3,-4,7,-935,-1895,-608,0,-5,8,4,4,0,1,-5,7,3,5,-2,4,-1
595,-6,8,-86,-317,-53,2,-5,9,-458,-2375,-243,1,-5,6,-5082,-18318,-2478,1,-7,7,-923,-1894,-609,2,-6,6,2,5,-3,1,-5,7,2,4,0,1,-2
596,-5,9,-86,-315,-55,1,-5,9,-458,-2375,-243,4,-5,7,-5079,-18295,-2477,2,-5,8,-925,-1887,-603,4,-5,10,2,4,-1,3,-5,7,3,4,-1,2,-1
597,-5,9,-85,-317,-52,4,-5,9,-458,-2388,-245,2,-5,8,-5056,-18341,-2476,3,-3,7,-921,-1893,-602,2,-6,8,3,5,-2,2,-4,6,0,6,0,1,-2
598,-5,6,-86,-315,-54,1,-6,9,-461,-2389,-244,3,-6,6,-5061,-18353,-2475,4,-4,8,-913,-1886,-603,3,-5,6,1,5,-2,3,-6,7,0,6,-1,4,-2
599,-4,9,-88,-317,-55,1,-5,6,-457,-2383,-243,3,-3,6,-5051,-18338,-2474,5,-5,10,-913,-1879,-605,3,-5,9,3,2,-2,1,-4,6,3,4,0,4,0
600,-4,7,-86,-315,-55,3,-5,8,-455,-2384,-241,4,-5,7,-5048,-18353,-2473,4,-5,9,-922,-1890,-601,3,-5,6,3,4,2,1,-5,8,1,4,0,0,-2
601,-4,7,-85,-315,-55,4,-5,8,-455,-2392,-245,6,-3,7,-5057,-18356,-2476,1,-7,8,-921,-1881,-598,4,-7,9,1,6,0,1,-7,7,4,5,0,4,-2
602,-5,8,-85,-315,-53,1,-6,9,-455,-2378,-243,4,-5,6,-5062,-18362,-2470,1,-5,6,-928,-1893,-605,3,-5,9,1,4,1,1,-5,9,1,6,0,4,-2
603,-5,8,-86,-314,-55,3,-4,9,-455,-2384,-240,2,-4,9,-5066,-18359,-2474,1,-3,7,-908,-1881,-600,1,-5,6,4,4,-1,2,-4,5,0,5,0,1,-1
604,-5,8,-87,-317,-52,3,-7,7,-458,-2386,-244,3,-6,7,-5051,-18392,-2477,2,-4,6,-922,-1888,-605,4,-4,9,3,8,0,3,-4,6,3,6,-1,1,-1
605,-5,9,-86,-321,-55,1,-5,8,-456,-2395,-246,1,-5,8,-5055,-18394,-2477,2,-7,8,-927,-1895,-606,2,-5,7,2,4,0,2,-5,7,1,3,-1,1,-2
606,-5,7,-89,-321,-55,4,-5,6,-457,-2395,-244,1,-4,8,-5077,-18403,-2473,2,-6,6,-922,-1883,-599,3,-4,8,3,4,3,2,-3,6,2,4,1,1,-2
607,-5,9,-86,-314,-56,1,-7,8,-465,-2394,-245,4,-4,8,-5064,-18377,-2475,3,-5,8,-917,-1883,-604,2,-6,6,2,5,-1,4,-4,9,2,4,-1,0,-2
608,-6,9,-88,-320,-55,2,-5,9,-459,-2395,-245,3,-6,9,-5073,-18379,-2475,2,-5,6,-926,-1886,-600,4,-5,7,2,6,-3,4,-5,11,2,6,-2,3,0
609,-5,9,-87,-318,-54,3,-3,8,-458,-2390,-243,4,-7,7,-5052,-18306,-2465,2,-4,6,-925,-1881,-603,2,-5,9,0,3,-3,2,-7,8,3,3,0,4,-2
610,-6,7,-86,-321,-56,1,-4,6,-458,-2384,-246,3,-3,7,-5085,-18333,-2470,1,-5,6,-916,-1892,-601,3,-4,9,3,5,-2,3,-4,6,0,4,0,3,-1
611,-4,7,-86,-317,-55,1,-5,6,-460,-2386,-246,1,-3,8,-5084,-18324,-2481,1,-5,6,-931,-1888,-606,1,-5,8,0,4,0,0,-5,7,3,8,-1,3,-4
612,-4,8,-87,-320,-57,3,-7,8,-458,-2398,-245,4,-4,6,-5073,-18327,-2466,4,-5,6,-913,-1877,-603,4,-5,7,2,6,-3,3,-5,8,2,4,-1,1,-2
613,-4,6,-71,-259,-44,2,-6,8,-462,-2394,-243,1,-5,7,-5081,-18325,-2468,4,-4,10,-921,-1888,-604,2,-7,10,1,3,-1,1,-6,6,2,6,-2,1,0
614,-3,6,-71,-264,-44,1,-7,9,-461,-2396,-243,3,-5,6,-5095,-18318,-2475,1,-7,8,-927,-1889,-604,3,-5,6,2,7,0,2,-5,9,3,4,1,2,0
615,-5,7,-71,-261,-47,4,-7,7,-462,-2392,-243,1,-5,7,-5093,-18353,-2417,1,-5,6,-928,-1895,-557,2,-5,7,1,4,-3,2,-5,6,-1,5,-2,3,-2
616,-5,6,-71,-262,-46,2,-2,6,-459,-2390,-241,2,-6,6,-5098,-18345,-2477,1,-4,8,-926,-1879,-598,3,-5,8,1,6,-1,4,-5,7,0,4,-3,1,0
617,-5,9,-73,-261,-47,2,-6,8,-464,-2387,-243,1,-5,6,-5092,-18382,-2471,3,-5,8,-925,-1891,-601,1,-5,8,3,3,-2,4,-5,6,1,6,-1,2,-2
618,-5,8,-73,-263,-45,1,-4,9,-459,-2392,-243,2,-5,8,-5101,-18344,-2470,1,-4,8,-928,-1889,-601,2,-5,6,2,7,0,4,-6,8,2,1,-3,3,-2
619,-7,9,-73,-267,-48,1,-5,9,-463,-2393,-246,3,-6,6,-5085,-18332,-2467,2,-4,7,-928,-1885,-603,2,-4,7,3,6,0,1,-4,7,3,6,-2,0,-1
620,-5,6,-72,-268,-46,3,-5,8,-458,-2393,-245,2,-5,8,-5072,-18341,-2466,3,-6,10,-922,-1891,-599,6,-6,6,1,1,0,1,-5,7,1,4,-2,2,0
621,-3,8,-73,-265,-44,3,-5,7,-455,-2388,-233,1,-6,6,-5102,-18306,-2473,3,-3,9,-931,-1891,-603,1,-5,6,0,6,-2,4,-5,7,2,5,0,4,-2
622,-5,7,-72,-261,-41,3,-6,5,-460,-2388,-233,1,-5,7,-5112,-18339,-2419,3,-5,9,-924,-1888,-556,3,-5,7,1,4,-2,2,-6,6,3,6,-1,6,-3
623,-6,8,-73,-265,-43,3,-6,9,-464,-2404,-235,3,-4,6,-5104,-18337,-2425,4,-7,8,-924,-1891,-556,1,-5,6,2,5,-2,2,-5,9,3,3,0,1,1
624,-5,7,-71,-267,-44,1,-6,8,-461,-2391,-239,3,-5,9,-5097,-18354,-2428,4,-5,9,-925,-1892,-556,4,-6,9,0,5,-1,3,-5,8,2,5,0,4,0
625,-4,6,-73,-264,-44,2,-5,9,-461,-2396,-234,4,-5,6,-5090,-18324,-2416,1,-5,8,-926,-1895,-557,4,-5,8,3,5,0,4,-5,7,2,6,-1,1,0
626,-4,8,-73,-268,-46,2,-6,7,-465,-2395,-232,3,-7,9,-5067,-18336,-2416,4,-7,9,-918,-1891,-559,2,-4,8,2,5,-3,4,-5,8,0,4,-1,2,-2
627,-5,10,-71,-264,-44,3,-6,6,-458,-2395,-236,3,-5,5,-5077,-18338,-2419,2,-4,6,-924,-1895,-559,3,-5,9,0,5,0,1,-6,7,1,4,0,1,-2
628,-6,6,-70,-263,-47,4,-5,10,-456,-2383,-233,4,-4,9,-5076,-18340,-2418,1,-7,8,-920,-1893,-559,2,-7,7,3,3,-3,4,-5,6,3,5,0,2,0
629,-7,6,-72,-263,-44,3,-3,8,-455,-2378,-232,2,-5,6,-5116,-18368,-2481,2,-3,9,-918,-1898,-552,-2,-5,6,2,3,0,2,-5,8,2,7,0,3,-2
630,-4,6,-71,-261,-44,3,-4,6,-460,-2387,-242,3,-5,8,-5079,-18318,-2471,1,-4,9,-925,-1882,-596,4,-3,8,1,4,0,2,-5,8,2,4,0,4,-1
631,-5,8,-72,-264,-45,2,-5,8,-464,-2390,-232,4,-5,7,-5080,-18350,-2416,1,-6,9,-921,-1889,-553,1,-5,7,3,4,0,1,-4,8,2,6,-1,3,-2
632,-5,11,-73,-265,-44,2,-5,7,-459,-2381,-232,4,-5,7,-5086,-18326,-2423,1,-5,8,-928,-1886,-588,2,-6,11,3,4,-2,3,-6,8,1,4,-3,4,0
633,-5,8,-74,-264,-46,3,-6,7,-459,-2387,-233,1,-5,8,-5051,-18337,-2419,4,-6,7,-922,-1896,-557,2,-5,6,1,4,-1,2,-7,8,0,5,-1,4,-1
634,-5,7,-71,-266,-44,1,-5,9,-458,-2387,-237,1,-5,9,-5081,-18332,-2463,3,-5,9,-928,-1887,-592,3,-5,8,2,5,0,2,-5,6,1,3,-1,2,0
635,-5,7,-72,-263,-46,2,-6,6,-457,-2386,-231,4,-7,9,-5057,-18335,-2418,1,-4,9,-918,-1900,-550,1,-4,7,4,5,-1,3,-4,8,2,4,-1,1,-1
636,-4,9,-72,-261,-44,5,-5,8,-461,-2393,-236,4,-6,7,-5062,-18307,-2472,1,-5,10,-921,-1890,-580,1,-5,7,2,4,-2,3,-6,5,3,4,-2,2,0
637,-6,9,-73,-264,-47,2,-5,6,-463,-2390,-240,4,-2,6,-5064,-18323,-2446,2,-4,6,-925,-1900,-565,1,-3,8,0,5,0,1,-5,7,1,6,-1,3,0
638,-5,9,-74,-264,-44,4,-5,8,-464,-2399,-235,4,-4,6,-5087,-18329,-2410,1,-7,9,-932,-1898,-559,2,-7,6,1,4,-3,1,-5,6,1,5,-1,4,-2
639,-6,8,-72,-264,-43,2,-4,6,-465,-2404,-233,1,-3,6,-5051,-18303,-2471,4,-5,9,-928,-1891,-598,2,-5,7,1,4,-2,2,-5,6,-1,3,0,3,0
640,-3,6,-71,-261,-44,1,-5,7,-464,-2404,-234,0,-6,6,-5053,-18320,-2476,4,-5,8,-926,-1886,-594,4,-5,6,3,3,-2,2,-4,9,2,5,0,3,0
641,-5,7,-71,-263,-42,4,-5,8,-462,-2400,-235,3,-5,8,-5073,-18355,-2477,4,-6,6,-925,-1884,-596,2,-3,8,3,5,1,2,-5,7,4,3,0,2,-1
642,-5,8,-69,-259,-42,3,-7,7,-461,-2399,-234,3,-4,4,-5071,-18374,-2424,1,-4,7,-926,-1892,-577,3,-5,8,3,4,0,1,-5,6,1,5,-2,1,-1
643,-5,8,-73,-263,-44,4,-5,10,-464,-2408,-234,2,-6,9,-5079,-18342,-2425,1,-4,7,-928,-1885,-597,4,-5,7,0,7,0,1,-6,8,2,6,-1,2,-1
644,-5,8,-71,-260,-47,1,-4,8,-468,-2401,-245,4,-6,7,-5055,-18327,-2469,3,-4,8,-916,-1883,-597,4,-5,7,1,6,-3,4,-4,9,0,2,-1,3,-3
645,-5,8,-71,-258,-44,4,-5,7,-463,-2405,-246,1,-3,5,-5061,-18335,-2467,3,-5,9,-924,-1882,-592,0,-6,7,2,4,1,3,-4,6,2,7,0,1,0
646,-5,8,-70,-260,-46,1,-4,6,-463,-2405,-237,2,-6,9,-5081,-18335,-2417,1,-5,9,-937,-1896,-556,3,-5,9,0,6,0,3,-4,10,2,5,-1,2,0
647,-6,8,-72,-264,-44,4,-6,9,-467,-2403,-238,4,-5,8,-5071,-18327,-2451,4,-5,8,-930,-1897,-578,3,-5,9,1,4,0,2,-4,9,1,6,-2,2,0
648,-5,6,-71,-263,-41,4,-5,8,-467,-2412,-240,3,-5,7,-5065,-18363,-2440,1,-7,6,-933,-1901,-556,1,-4,8,3,4,0,4,-3,9,0,4,-2,3,1
649,-5,8,-72,-263,-44,4,-3,9,-463,-2412,-234,4,-7,6,-5082,-18340,-2411,3,-7,7,-940,-1902,-559,-1,-4,7,3,6,-2,1,-5,8,0,4,0,1,1
650,-6,7,-73,-261,-46,2,-6,7,-465,-2415,-237,1,-5,5,-5070,-18341,-2407,2,-6,9,-953,-1917,-556,2,-5,9,0,4,-3,1,-4,6,3,4,0,4,-1
651,-5,7,-71,-259,-45,1,-4,7,-471,-2408,-247,1,-5,5,-5103,-18278,-2469,2,-5,9,-937,-1878,-598,5,-5,9,2,4,-1,3,-4,9,0,4,-2,3,-3
652,-5,8,-73,-263,-46,1,-4,9,-466,-2405,-243,2,-6,7,-5115,-18311,-2470,1,-4,9,-928,-1886,-597,4,-6,6,3,4,0,3,-4,6,1,7,0,4,1
653,-6,9,-74,-260,-45,1,-5,6,-472,-2408,-246,2,-5,7,-5105,-18355,-2475,1,-5,9,-943,-1883,-601,1,-7,7,2,4,0,5,-6,9,0,4,-1,1,0
654,-4,9,-75,-260,-47,3,-4,6,-472,-2414,-244,4,-5,6,-5121,-18370,-2468,1,-3,6,-940,-1893,-597,2,-5,9,0,4,-1,4,-5,8,3,6,-1,3,-2
655,-5,9,-73,-261,-45,4,-3,8,-473,-2408,-244,2,-5,6,-5109,-18368,-2477,1,-5,4,-944,-1889,-600,3,-5,8,1,5,-1,3,-5,7,2,4,-3,2,-1
656,-5,8,-75,-260,-42,4,-6,9,-471,-2405,-244,4,-6,6,-5123,-18318,-2419,3,-3,9,-926,-1892,-552,1,-4,6,3,7,-1,4,-6,7,1,3,0,1,-2
657,-5,6,-74,-262,-43,3,-4,9,-471,-2406,-234,4,-5,7,-5141,-18340,-2419,2,-5,9,-947,-1900,-558,1,-5,8,1,5,-2,3,-4,9,2,6,-3,2,-2
658,-5,6,-73,-261,-44,3,-6,9,-469,-2403,-232,4,-7,6,-5122,-18330,-2463,3,-6,9,-949,-1884,-598,3,-5,9,2,6,-1,1,-5,6,3,5,-1,0,0
659,-5,8,-74,-259,-47,4,-5,9,-471,-2398,-243,2,-4,7,-5113,-18311,-2456,3,-5,8,-941,-1898,-583,4,-5,9,0,5,0,1,-5,9,4,7,0,3,-1
660,-4,8,-74,-259,-42,2,-4,7,-470,-2417,-234,1,-5,6,-5123,-18318,-2439,1,-5,6,-934,-1901,-559,3,-6,8,0,4,0,1,-4,7,1,5,1,1,-3
661,-7,7,-72,-263,-47,2,-6,8,-470,-2414,-237,1,-4,7,-5094,-18308,-2430,3,-5,7,-942,-1895,-583,4,-4,7,0,6,-3,3,-4,6,0,6,-1,3,0
662,-6,7,-73,-262,-42,1,-5,7,-468,-2408,-245,3,-4,7,-5109,-18287,-2479,2,-5,9,-943,-1895,-599,3,-5,7,0,6,0,4,-5,9,2,7,0,3,-2
663,-7,6,-72,-261,-48,1,-5,7,-468,-2410,-236,4,-4,8,-5112,-18318,-2437,1,-5,8,-945,-1903,-562,1,-6,6,1,7,-1,2,-6,6,2,4,-2,1,-2
664,-5,6,-74,-262,-44,2,-5,9,-472,-2410,-243,2,-4,6,-5116,-18318,-2428,4,-5,8,-931,-1896,-553,2,-4,9,0,5,0,4,-5,6,1,5,-3,2,-2
665,-4,7,-71,-264,-44,3,-4,6,-465,-2409,-237,3,-7,9,-5097,-18342,-2420,3,-5,7,-933,-1900,-557,3,-5,7,2,3,-1,1,-5,6,0,5,-3,1,-1
666,-5,8,-71,-262,-45,2,-5,7,-465,-2412,-245,2,-5,7,-5094,-18332,-2469,3,-5,7,-931,-1887,-605,4,-6,7,2,5,1,4,-6,8,0,4,0,1,0
667,-6,8,-73,-261,-47,3,-4,10,-467,-2416,-246,4,-5,6,-5097,-18329,-2448,1,-6,8,-932,-1897,-599,4,-3,9,-1,5,1,2,-6,7,3,2,-1,4,-2
668,-4,6,-71,-264,-42,0,-5,6,-468,-2415,-240,3,-3,6,-5084,-18318,-2460,1,-5,8,-937,-1900,-579,3,-5,6,1,4,0,3,-5,7,2,4,0,3,-1
669,-3,6,-71,-261,-47,3,-4,6,-464,-2410,-243,4,-3,9,-5093,-18345,-2465,3,-5,9,-936,-1900,-592,3,-4,9,1,4,0,3,-5,7,1,2,-4,3,1
670,-3,5,-72,-263,-46,4,-5,7,-467,-2416,-246,2,-5,7,-5088,-18330,-2458,1,-5,9,-939,-1906,-591,2,-5,8,2,4,0,2,-7,7,3,4,-1,4,-2
671,-5,8,-72,-261,-44,2,-5,8,-470,-2415,-237,3,-5,8,-5091,-18338,-2417,3,-5,8,-937,-1907,-563,2,-6,7,2,6,0,2,-6,9,0,4,1,1,-1
672,-6,7,-74,-267,-46,3,-6,9,-465,-2404,-235,1,-7,7,-5101,-18350,-2425,2,-6,5,-967,-1919,-558,1,-3,9,0,4,-1,2,-5,9,2,4,-1,1,-3
673,-5,6,-71,-264,-46,5,-5,6,-464,-2402,-243,3,-5,7,-5083,-18313,-2472,3,-4,8,-940,-1913,-557,4,-7,8,2,4,-2,4,-5,6,3,5,-2,4,-2
674,-4,8,-71,-261,-44,1,-5,6,-459,-2396,-236,1,-5,8,-5077,-18322,-2433,3,-5,8,-925,-1889,-595,3,-5,8,2,6,-1,3,-4,9,-1,8,0,1,-2
675,-6,8,-72,-264,-43,1,-7,9,-461,-2411,-236,2,-6,8,-5093,-18339,-2432,4,-5,5,-933,-1910,-563,1,-6,6,2,4,-2,4,-4,8,5,7,-2,2,-1
676,-5,8,-71,-264,-45,3,-5,8,-458,-2390,-240,1,-5,9,-5079,-18327,-2442,1,-7,8,-948,-1913,-570,2,-6,8,2,6,-3,2,-4,9,0,4,-2,2,-4
677,-7,7,-70,-264,-44,1,-5,9,-466,-2402,-240,3,-2,8,-5094,-18322,-2454,2,-5,7,-933,-1912,-583,3,-5,6,1,6,0,2,-6,8,2,7,-1,1,-2
678,-3,6,-71,-264,-44,4,-6,6,-462,-2399,-234,3,-7,7,-5096,-18340,-2416,1,-5,8,-931,-1906,-578,1,-4,7,3,6,1,2,-5,6,2,4,0,1,0
679,-5,6,-73,-264,-44,3,-4,7,-461,-2400,-234,3,-3,7,-5077,-18335,-2422,2,-4,6,-930,-1900,-561,4,-5,7,1,7,0,2,-5,8,0,5,0,1,-2
680,-5,6,-71,-262,-44,3,-5,7,-464,-2408,-235,4,-6,8,-5084,-18347,-2419,2,-4,6,-933,-1909,-562,3,-5,8,2,4,0,3,-5,8,2,6,0,0,0
681,-5,8,-74,-262,-46,1,-3,7,-470,-2399,-248,3,-3,6,-5073,-18321,-2479,1,-5,7,-935,-1909,-559,1,-4,7,3,6,0,3,-5,9,1,3,0,3,1
682,-5,6,-72,-262,-46,1,-5,7,-467,-2399,-234,3,-5,6,-5081,-18315,-2419,3,-5,10,-923,-1911,-565,1,-5,8,1,6,-1,2,-5,6,4,4,1,2,-4
683,-5,7,-72,-264,-44,2,-4,8,-461,-2408,-234,3,-6,7,-5097,-18317,-2428,3,-7,8,-931,-1906,-562,1,-5,8,2,4,0,3,-7,6,1,6,0,2,-2
684,-4,9,-72,-263,-44,3,-4,7,-461,-2393,-235,2,-6,6,-5105,-18308,-2440,3,-4,7,-922,-1906,-563,3,-5,6,0,4,-2,3,-3,7,2,4,2,2,-2
685,-7,6,-74,-267,-44,1,-5,7,-462,-2394,-235,2,-5,8,-5082,-18318,-2412,2,-7,7,-919,-1898,-563,0,-5,6,3,6,0,2,-7,8,2,5,0,4,-1
686,-6,9,-71,-264,-44,4,-6,7,-461,-2400,-234,1,-8,6,-5083,-18308,-2419,2,-3,9,-919,-1905,-560,1,-5,9,1,2,0,1,-5,8,2,4,0,1,-1
687,-4,7,-73,-267,-43,2,-5,9,-459,-2392,-234,3,-7,6,-5094,-18304,-2422,1,-5,8,-927,-1895,-585,3,-5,7,0,4,-3,2,-5,9,3,5,0,1,-1
688,-5,6,-72,-264,-42,2,-5,6,-465,-2387,-236,1,-3,7,-5094,-18285,-2425,4,-6,7,-934,-1903,-568,4,-3,9,2,4,0,1,-6,8,1,3,0,1,-3
689,-5,9,-71,-263,-45,1,-4,9,-464,-2378,-234,4,-4,8,-5121,-18282,-2422,2,-5,6,-955,-1919,-564,1,-7,7,2,2,0,3,-5,7,0,5,0,4,-2
690,-6,7,-72,-264,-44,1,-7,9,-461,-2384,-233,4,-3,8,-5099,-18303,-2413,3,-7,7,-922,-1892,-558,2,-3,5,1,3,-1,4,-7,8,1,4,-1,2,-2
691,-3,8,-71,-261,-44,2,-5,9,-462,-2380,-242,0,-6,6,-5097,-18286,-2425,3,-5,6,-932,-1901,-568,2,-5,8,1,5,1,0,-5,6,2,7,-1,2,-2
692,-7,8,-74,-265,-43,1,-7,6,-463,-2381,-233,3,-5,6,-5110,-18296,-2419,4,-4,7,-928,-1907,-563,1,-6,8,4,5,0,3,-5,6,2,6,0,3,-1
693,-5,8,-74,-262,-44,3,-4,7,-468,-2390,-236,3,-6,8,-5136,-18318,-2415,2,-5,8,-929,-1900,-563,2,-5,8,3,7,0,2,-4,5,0,4,-1,2,1
694,-7,9,-71,-266,-44,4,-6,8,-471,-2387,-236,1,-4,6,-5107,-18303,-2411,1,-5,8,-931,-1900,-563,1,-4,7,1,4,-3,4,-5,6,2,7,-1,3,-1
695,-5,7,-74,-263,-44,1,-5,8,-463,-2369,-234,2,-6,7,-5100,-18309,-2417,1,-5,7,-930,-1895,-591,2,-5,7,3,6,0,4,-7,8,0,2,-3,2,-1
696,-6,5,-70,-264,-45,4,-5,7,-464,-2381,-233,2,-5,5,-5085,-18303,-2420,4,-5,6,-929,-1908,-563,2,-4,7,3,3,0,5,-3,9,0,7,2,2,-2
697,-5,8,-71,-263,-43,3,-5,5,-462,-2376,-237,4,-3,6,-5095,-18329,-2418,1,-3,7,-927,-1902,-562,4,-7,6,2,5,0,2,-5,6,1,3,-1,3,-2
698,-5,10,-73,-264,-44,2,-5,6,-460,-2365,-236,4,-7,7,-5084,-18318,-2416,1,-5,8,-927,-1906,-563,1,-5,9,0,7,0,3,-4,7,3,4,0,0,-1
699,-4,6,-71,-265,-45,6,-5,6,-460,-2372,-232,1,-4,6,-5073,-18328,-2418,2,-5,9,-927,-1900,-565,1,-5,9,2,3,-1,4,-3,5,0,7,-2,1,-2
700,-5,7,-73,-264,-44,1,-5,9,-462,-2366,-234,3,-5,9,-5091,-18338,-2418,4,-5,6,-931,-1909,-567,2,-5,9,2,5,-2,5,-5,7,2,4,0,1,0
701,-5,6,-71,-265,-44,1,-5,8,-461,-2375,-234,3,-5,6,-5088,-18333,-2413,4,-5,7,-931,-1917,-565,3,-5,6,1,4,-2,4,-5,7,3,7,0,3,-2
702,-5,9,-73,-264,-44,-1,-5,8,-461,-2376,-234,1,-5,6,-5086,-18329,-2407,4,-5,8,-934,-1912,-563,4,-6,6,3,4,0,4,-5,8,2,4,-2,3,-1
703,-4,7,-72,-264,-44,2,-4,7,-460,-2362,-235,3,-7,6,-5096,-18327,-2413,2,-7,8,-934,-1909,-565,2,-5,6,4,6,0,3,-5,9,3,4,0,2,-1
704,-5,9,-73,-264,-44,3,-5,9,-464,-2369,-234,3,-5,6,-5076,-18305,-2414,1,-5,7,-928,-1904,-563,2,-5,7,3,6,-3,3,-5,8,2,4,-2,3,0
705,-5,9,-74,-261,-44,0,-6,9,-466,-2373,-236,2,-5,6,-5094,-18332,-2413,2,-6,8,-927,-1903,-565,4,-5,9,3,5,1,3,-5,8,3,7,-1,4,-3
706,-4,8,-71,-262,-45,3,-4,6,-466,-2364,-233,1,-6,8,-5073,-18324,-2412,4,-7,8,-930,-1902,-565,2,-6,8,1,6,-1,1,-4,6,1,5,-1,4,-1
707,-7,9,-74,-266,-44,3,-3,6,-467,-2376,-234,1,-5,7,-5084,-18318,-2408,3,-5,8,-934,-1911,-563,2,-6,7,2,4,-2,3,-5,7,1,4,0,3,-1
708,-2,6,-73,-264,-45,1,-6,7,-450,-2340,-231,4,-4,6,-5040,-18235,-2392,3,-6,9,-924,-1899,-558,3,-5,8,2,4,-1,1,-5,7,3,7,1,4,0
709,-5,8,-73,-264,-43,1,-6,9,-464,-2357,-234,4,-5,6,-5113,-18369,-2409,4,-7,7,-928,-1909,-558,3,-5,6,1,7,0,1,-5,8,1,5,-3,4,-2
710,-3,8,-73,-265,-50,3,-4,7,-458,-2346,-243,2,-6,9,-5048,-18251,-2404,4,-4,7,-911,-1895,-561,1,-5,6,0,4,-3,3,-5,7,5,5,0,4,-1
711,-5,6,-73,-266,-47,4,-5,6,-455,-2347,-243,2,-6,7,-5066,-18267,-2475,4,-4,9,-912,-1886,-609,2,-5,7,3,7,0,1,-5,7,3,6,-2,1,-1
712,-5,8,-75,-269,-47,3,-2,7,-460,-2358,-234,1,-4,6,-5064,-18303,-2405,3,-5,9,-917,-1902,-567,2,-7,10,1,4,-1,1,-6,8,2,7,-3,1,0
713,-5,9,-72,-267,-45,1,-5,8,-461,-2358,-243,1,-6,6,-5067,-18320,-2471,1,-3,7,-913,-1883,-610,1,-4,9,2,5,0,1,-3,6,1,7,0,2,-2
714,-5,7,-74,-270,-49,3,-4,8,-462,-2366,-242,2,-4,7,-5085,-18307,-2467,1,-5,9,-918,-1889,-607,2,-6,7,3,4,-1,3,-5,8,2,4,-2,3,1
715,-5,6,-74,-268,-44,2,-5,7,-466,-2368,-234,4,-7,7,-5088,-18342,-2406,4,-2,4,-920,-1894,-565,4,-6,8,3,4,0,1,-4,6,2,4,0,2,0
716,-5,8,-74,-269,-45,4,-7,8,-468,-2361,-232,3,-4,6,-5075,-18344,-2400,1,-5,6,-904,-1895,-561,4,-4,7,1,7,0,4,-4,7,0,4,-1,3,1
717,-4,7,-75,-269,-44,2,-6,7,-464,-2371,-232,3,-6,7,-5091,-18356,-2407,3,-5,10,-912,-1895,-561,4,-5,7,3,1,-3,4,-6,7,3,6,-2,3,-3
718,-6,8,-73,-270,-44,3,-6,9,-465,-2377,-234,1,-5,6,-5081,-18347,-2404,2,-6,7,-917,-1902,-565,1,-5,8,5,6,0,2,-6,8,3,5,-2,2,0
719,-5,9,-69,-261,-43,3,-7,7,-463,-2351,-233,3,-4,7,-5106,-18356,-2406,3,-7,9,-910,-1898,-558,3,-6,6,1,5,-3,2,-5,9,1,4,0,5,-2
720,-5,7,-71,-261,-45,3,-5,6,-461,-2357,-233,2,-5,6,-5085,-18347,-2398,3,-4,7,-904,-1894,-559,2,-5,9,1,3,0,3,-3,7,1,7,1,1,-1
721,-5,7,-73,-262,-43,1,-2,9,-464,-2366,-234,4,-6,5,-5077,-18321,-2403,2,-5,9,-908,-1897,-559,2,-4,6,2,5,0,3,-5,7,2,1,0,1,-1
722,-5,8,-74,-267,-44,1,-5,6,-463,-2376,-234,1,-5,7,-5091,-18300,-2404,4,-5,7,-912,-1896,-563,2,-5,6,4,6,0,3,-5,7,2,6,0,3,-2
723,-3,6,-71,-264,-44,4,-3,6,-461,-2355,-233,2,-5,6,-5080,-18282,-2408,2,-5,9,-919,-1898,-562,1,-5,7,0,3,-1,2,-4,8,0,5,-2,1,-2
724,-6,6,-72,-267,-44,1,-4,8,-461,-2360,-232,4,-5,6,-5078,-18315,-2413,4,-3,8,-919,-1899,-562,2,-3,9,3,6,0,4,-7,7,2,3,-1,3,-3
725,-2,7,-72,-263,-44,2,-7,6,-463,-2351,-234,4,-6,8,-5079,-18350,-2407,1,-7,9,-916,-1903,-565,2,-4,7,3,2,-2,5,-5,8,1,7,1,5,-2
726,-4,8,-71,-264,-44,3,-6,6,-460,-2349,-230,4,-5,6,-5082,-18318,-2410,4,-6,7,-921,-1905,-565,2,-4,7,3,7,1,4,-5,6,1,3,-2,0,-2
727,-3,9,-73,-264,-45,3,-6,6,-461,-2362,-232,1,-7,11,-5058,-18309,-2404,4,-5,4,-914,-1901,-561,4,-7,6,3,6,-3,4,-5,9,2,4,-1,3,-1
728,-5,6,-72,-264,-47,3,-5,7,-459,-2364,-233,2,-5,6,-5069,-18320,-2414,4,-5,8,-925,-1912,-565,2,-5,6,1,6,-1,4,-6,8,1,2,-1,2,0
729,-7,6,-71,-266,-46,1,-5,6,-458,-2353,-232,3,-4,8,-5073,-18315,-2406,3,-4,7,-924,-1915,-566,2,-7,8,3,4,-3,1,-5,6,0,5,1,4,-2
730,-5,7,-71,-261,-44,1,-4,8,-459,-2351,-232,3,-5,6,-5071,-18294,-2400,2,-5,6,-922,-1912,-561,4,-6,7,0,4,-3,4,-4,7,0,4,0,2,1
731,-3,7,-73,-260,-45,4,-5,8,-458,-2350,-231,4,-5,6,-5039,-18282,-2405,2,-5,9,-931,-1910,-565,1,-5,8,5,4,-1,2,-6,7,2,7,-1,1,-2
732,-5,9,-71,-265,-44,1,-4,6,-461,-2354,-231,0,-4,9,-5072,-18273,-2403,3,-3,9,-924,-1905,-568,4,-4,6,3,4,-2,3,-5,9,0,4,-3,1,-2
733,-6,8,-72,-264,-44,-1,-7,9,-465,-2374,-231,3,-5,8,-5058,-18270,-2396,4,-7,9,-920,-1909,-565,2,-5,6,1,4,0,1,-6,7,2,4,2,-1,-1
734,-5,8,-71,-261,-44,3,-7,8,-455,-2349,-231,2,-7,6,-5052,-18306,-2406,2,-5,7,-924,-1908,-564,2,-6,5,1,7,-3,2,-5,7,0,6,-3,-1,1
735,-6,7,-71,-264,-43,2,-5,6,-458,-2359,-231,0,-6,6,-5065,-18350,-2401,2,-5,8,-925,-1912,-565,3,-5,7,3,5,-1,2,-6,7,1,4,0,3,-2
736,-5,9,-71,-262,-44,4,-5,6,-459,-2369,-230,2,-5,6,-5056,-18340,-2401,1,-5,6,-923,-1903,-561,3,-4,8,1,4,0,1,-5,9,3,4,1,1,-2
737,-3,7,-73,-264,-45,3,-5,8,-459,-2356,-230,3,-4,6,-5051,-18332,-2404,-1,-5,6,-930,-1909,-568,1,-3,9,1,7,0,3,-5,6,2,7,2,3,-2
738,-5,8,-71,-266,-44,1,-5,7,-464,-2371,-234,4,-6,5,-5055,-18346,-2410,2,-7,9,-929,-1912,-564,5,-5,7,0,5,-1,3,-5,7,2,4,2,3,-1
739,-6,9,-71,-265,-45,3,-5,9,-464,-2369,-234,4,-5,4,-5039,-18325,-2403,3,-7,7,-924,-1908,-564,1,-4,6,3,4,-2,3,-5,6,0,4,-2,2,1
740,-4,6,-72,-266,-45,3,-4,8,-457,-2356,-228,4,-6,6,-5052,-18368,-2403,4,-5,8,-931,-1914,-565,3,-5,5,3,4,0,1,-6,7,3,3,0,4,-2
741,-5,9,-72,-264,-44,2,-5,9,-458,-2369,-231,2,-5,8,-5039,-18356,-2400,4,-5,7,-925,-1913,-564,2,-4,8,0,4,-1,2,-7,6,1,5,-3,2,-2
742,-5,9,-76,-270,-46,1,-5,8,-463,-2378,-234,1,-4,9,-4886,-18161,-2258,4,-6,9,-903,-1903,-553,4,-4,6,0,7,0,3,-4,6,2,4,0,1,-1
743,-2,6,-71,-267,-44,1,-5,6,-423,-2116,-190,4,-5,6,-5017,-18331,-2373,1,-6,7,-916,-1892,-556,4,-6,6,2,2,-2,3,-5,7,0,5,-1,4,-1
744,-5,9,-74,-269,-44,2,-6,9,-428,-2131,-201,2,-5,7,-5013,-18353,-2384,3,-6,8,-901,-1894,-550,3,-4,8,2,5,0,1,-5,7,0,4,0,0,-2
745,-5,9,-72,-270,-44,2,-7,7,-408,-2118,-190,4,-5,9,-4985,-18256,-2336,2,-5,7,-913,-1885,-553,2,-5,5,0,4,-1,3,-6,9,-2,4,-1,4,-1
746,-5,7,-84,-314,-49,1,-3,7,-429,-2145,-200,3,-7,7,-5008,-18308,-2384,1,-5,6,-904,-1894,-554,-1,-4,6,0,7,1,2,-6,7,2,2,-2,3,0
747,-7,9,-88,-327,-54,1,-7,9,-421,-2122,-199,1,-5,9,-5025,-18315,-2376,1,-4,7,-904,-1891,-555,3,-4,7,2,4,1,3,-6,7,3,3,0,2,0
748,-5,9,-88,-332,-55,1,-3,7,-424,-2124,-196,1,-4,8,-5035,-18338,-2378,1,-6,9,-902,-1893,-554,1,-5,8,4,4,0,2,-6,6,3,6,-3,4,-1
749,-4,7,-88,-335,-55,1,-7,7,-428,-2144,-199,2,-4,7,-5030,-18338,-2372,1,-4,9,-906,-1898,-553,4,-4,9,2,5,0,1,-4,7,1,4,-3,1,-2
750,-5,8,-91,-332,-55,1,-5,8,-426,-2126,-199,3,-3,6,-5023,-18321,-2377,3,-5,7,-913,-1909,-556,3,-6,8,2,4,-3,2,-6,9,2,8,1,2,-3
751,-5,8,-88,-333,-55,1,-4,6,-423,-2127,-199,4,-5,9,-5022,-18332,-2385,4,-6,10,-910,-1900,-554,1,-4,7,0,5,0,2,-5,6,2,5,-1,1,1
752,-7,8,-90,-333,-55,4,-4,8,-428,-2148,-202,3,-3,7,-5029,-18342,-2384,3,-4,7,-916,-1906,-559,4,-6,7,3,7,-2,3,-5,8,3,5,0,2,-1
753,-5,8,-87,-329,-55,3,-5,8,-425,-2137,-202,1,-5,9,-5027,-18347,-2377,1,-4,9,-907,-1899,-557,0,-5,6,1,4,0,4,-7,8,2,4,0,2,-1
754,-4,9,-86,-329,-53,1,-6,7,-423,-2133,-203,5,-5,9,-5023,-18360,-2380,1,-6,8,-911,-1898,-556,3,-5,7,1,6,-2,4,-5,6,1,4,-2,4,-2
755,-3,7,-87,-329,-53,2,-5,9,-431,-2175,-204,3,-5,5,-5017,-18356,-2384,1,-7,9,-916,-1904,-561,2,-4,8,1,4,-1,4,-7,6,0,4,-1,-1,-1
756,-5,5,-88,-329,-52,2,-5,6,-425,-2160,-204,3,-5,7,-5020,-18335,-2384,4,-3,7,-910,-1903,-556,1,-6,8,0,4,-1,2,-5,9,0,7,-1,1,-1
757,-5,7,-89,-329,-53,3,-7,6,-426,-2151,-205,1,-5,9,-5019,-18348,-2387,3,-5,8,-907,-1895,-558,4,-4,8,3,5,0,1,-7,7,2,4,-1,2,-2
758,-5,8,-87,-329,-53,3,-6,8,-427,-2150,-202,1,-5,8,-5013,-18347,-2383,3,-5,9,-908,-1901,-554,3,-5,9,1,6,0,1,-5,7,0,4,-1,4,0
759,-4,9,-86,-328,-52,2,-4,7,-431,-2153,-203,1,-5,6,-5009,-18344,-2380,1,-4,9,-911,-1904,-557,3,-5,7,2,4,2,4,-5,8,2,4,-2,4,-1
760,-5,8,-88,-328,-52,3,-3,7,-421,-2151,-202,4,-5,6,-5007,-18341,-2379,1,-5,8,-913,-1906,-557,4,-5,9,0,9,2,4,-3,8,2,3,0,2,-2
761,-4,7,-88,-327,-51,1,-4,9,-424,-2155,-204,4,-6,6,-5014,-18371,-2382,3,-6,9,-919,-1915,-557,2,-6,7,0,5,0,1,-5,6,-1,4,-2,2,0
762,-6,7,-88,-326,-53,3,-4,8,-428,-2172,-202,2,-2,7,-5011,-18337,-2378,3,-5,8,-912,-1911,-559,1,-2,5,0,6,-1,3,-5,9,-1,3,-1,3,-1
763,-5,6,-87,-328,-54,3,-5,8,-427,-2164,-202,2,-6,6,-5029,-18331,-2388,3,-6,9,-906,-1905,-556,4,-5,8,2,5,-1,1,-5,9,0,6,-3,3,1
764,-5,8,-86,-330,-53,0,-5,7,-426,-2154,-202,1,-5,8,-5054,-18346,-2388,3,-5,6,-912,-1909,-559,1,-6,8,0,4,0,1,-6,7,2,4,-1,1,0
765,-6,6,-88,-329,-54,3,-7,6,-429,-2160,-202,1,-4,6,-5047,-18332,-2389,2,-5,9,-913,-1907,-560,1,-5,7,3,5,0,1,-6,8,1,7,-3,4,-2
766,-4,11,-88,-325,-52,1,-4,9,-429,-2153,-202,2,-5,6,-5041,-18376,-2387,1,-5,10,-922,-1907,-561,1,-7,8,0,6,0,2,-5,9,3,5,0,3,-1
767,-5,6,-90,-326,-53,2,-5,9,-433,-2160,-202,2,-5,8,-5032,-18344,-2390,4,-5,9,-916,-1903,-559,2,-5,9,3,5,-1,5,-5,7,3,4,-3,1,-2
768,-5,6,-91,-325,-52,4,-7,5,-432,-2154,-203,2,-5,7,-5032,-18356,-2386,3,-5,6,-922,-1907,-560,-1,-5,9,1,6,0,1,-5,6,1,5,-1,4,-3
769,-5,9,-88,-327,-55,4,-5,8,-432,-2154,-206,1,-4,6,-5029,-18344,-2383,3,-5,6,-912,-1895,-557,1,-5,7,1,3,-2,2,-5,7,1,6,-1,1,-4
770,-5,9,-88,-327,-52,1,-4,7,-433,-2174,-206,3,-5,7,-5020,-18367,-2389,2,-6,9,-912,-1908,-559,4,-4,7,2,6,-1,1,-3,9,3,6,0,2,-2
771,-5,7,-87,-327,-55,2,-7,9,-430,-2183,-205,1,-6,9,-5003,-18361,-2372,3,-5,8,-915,-1903,-555,2,-5,7,3,4,0,1,-5,7,3,5,1,3,-4
772,-5,8,-88,-324,-53,1,-5,7,-429,-2162,-205,3,-5,7,-5009,-18352,-2384,2,-5,6,-908,-1906,-559,2,-5,8,1,7,-2,4,-5,6,2,5,-2,1,-1
773,-2,9,-88,-329,-55,1,-6,8,-430,-2170,-204,1,-5,8,-4999,-18355,-2387,4,-5,9,-909,-1905,-555,1,-4,7,0,3,-1,2,-4,7,0,7,-1,4,-2
774,-5,7,-90,-328,-55,4,-5,9,-429,-2167,-205,1,-3,6,-4994,-18344,-2381,4,-4,7,-915,-1905,-559,3,-5,8,0,4,-1,1,-6,8,3,6,-1,4,-2
775,-6,7,-87,-328,-52,5,-6,9,-431,-2180,-208,2,-7,5,-4999,-18329,-2381,1,-5,7,-914,-1915,-559,2,-5,6,0,7,1,0,-5,7,2,4,-2,4,-2
776,-3,7,-88,-326,-53,2,-2,9,-433,-2206,-208,4,-5,8,-4988,-18348,-2383,5,-5,6,-909,-1903,-557,4,-5,7,2,3,0,1,-4,9,4,7,-2,1,-3
777,-4,8,-88,-326,-53,3,-5,9,-442,-2234,-211,1,-6,9,-4984,-18353,-2385,4,-7,9,-917,-1911,-561,1,-5,7,1,7,0,4,-4,6,3,5,0,2,-4
778,-6,8,-88,-326,-55,0,-5,9,-437,-2183,-205,3,-6,9,-5019,-18334,-2384,2,-4,8,-925,-1906,-556,3,-6,10,0,3,-1,4,-3,9,2,5,0,1,-1
779,-5,8,-86,-324,-52,2,-4,8,-434,-2190,-205,1,-7,10,-4995,-18338,-2388,4,-5,11,-916,-1910,-558,4,-6,8,1,4,-3,4,-4,7,1,2,0,4,0
780,-5,8,-89,-325,-52,2,-7,7,-437,-2169,-205,2,-5,8,-4993,-18362,-2385,2,-6,10,-912,-1906,-559,3,-5,7,0,4,-3,4,-5,7,3,4,1,2,0
781,-5,6,-88,-327,-54,4,-6,7,-432,-2192,-205,1,-5,6,-4984,-18359,-2384,3,-4,7,-918,-1909,-557,1,-3,7,3,7,-1,3,-5,9,0,3,0,2,-1
782,-6,8,-88,-326,-56,3,-5,9,-432,-2192,-207,4,-5,6,-5009,-18380,-2397,2,-5,7,-921,-1903,-554,4,-4,7,2,5,0,1,-6,7,2,6,0,4,-3
783,-5,9,-89,-328,-55,1,-5,7,-433,-2168,-207,2,-7,9,-4987,-18323,-2394,3,-6,9,-909,-1903,-555,3,-6,7,3,6,-1,4,-5,5,3,4,-1,3,-2
784,-7,8,-88,-325,-55,3,-6,8,-434,-2179,-208,1,-5,5,-4992,-18350,-2391,1,-5,6,-907,-1894,-555,3,-5,7,0,4,-3,3,-5,7,1,6,0,4,-1
785,-5,9,-88,-325,-54,4,-4,9,-437,-2175,-206,1,-4,8,-5036,-18377,-2389,3,-5,7,-906,-1894,-550,2,-4,9,2,5,0,4,-5,9,2,7,-1,1,0
786,-4,8,-86,-328,-55,3,-7,9,-426,-2165,-204,2,-5,7,-5035,-18303,-2387,1,-5,7,-917,-1900,-559,1,-4,9,2,6,-1,3,-6,6,3,4,-2,4,1
787,-5,9,-88,-328,-54,4,-6,8,-432,-2169,-205,4,-4,6,-5049,-18346,-2399,4,-5,7,-910,-1895,-555,3,-5,5,3,4,-2,3,-5,6,2,5,1,1,-1
788,-5,6,-88,-330,-55,1,-5,9,-430,-2163,-205,2,-6,8,-5048,-18343,-2394,1,-5,8,-909,-1889,-555,1,-3,6,1,3,-2,3,-5,9,0,5,2,2,0
789,-7,8,-88,-328,-53,3,-7,6,-438,-2164,-205,4,-5,4,-5046,-18294,-2386,4,-5,8,-910,-1895,-556,1,-5,7,2,4,-2,4,-6,9,0,4,-1,2,-1
790,-5,7,-89,-326,-52,3,-4,7,-440,-2186,-208,3,-5,6,-5042,-18330,-2383,2,-5,7,-916,-1897,-557,5,-6,8,2,6,-3,4,-5,6,3,7,-2,4,-2
791,-4,9,-88,-323,-55,2,-5,9,-437,-2183,-208,4,-5,6,-5044,-18327,-2387,4,-5,7,-913,-1903,-560,2,-5,9,2,2,0,2,-5,9,1,6,-1,3,0
792,-5,9,-89,-329,-52,2,-5,7,-437,-2179,-206,3,-6,6,-5032,-18304,-2387,4,-4,7,-922,-1908,-558,3,-5,7,3,5,0,1,-4,9,-1,5,0,1,-2
793,-2,8,-88,-329,-52,1,-5,6,-441,-2200,-208,4,-7,8,-5019,-18344,-2380,3,-4,8,-908,-1903,-556,3,-4,9,3,4,0,3,-3,8,1,6,0,4,1
794,-5,8,-85,-327,-52,2,-5,7,-436,-2185,-207,3,-5,6,-5032,-18310,-2387,1,-4,5,-909,-1891,-558,2,-5,9,2,4,-1,4,-6,7,2,2,-2,3,-1
795,-5,6,-88,-327,-53,1,-6,9,-446,-2201,-211,4,-5,7,-5053,-18342,-2392,1,-5,7,-921,-1909,-556,1,-5,7,3,4,-2,4,-5,6,3,7,0,4,-2
796,-5,9,-85,-326,-53,2,-5,6,-443,-2196,-206,3,-5,8,-5039,-18314,-2380,2,-5,8,-904,-1895,-546,4,-3,9,2,7,-1,4,-5,6,0,4,0,2,-2
797,-7,8,-88,-326,-51,3,-5,7,-443,-2186,-206,1,-5,7,-5045,-18337,-2392,2,-7,7,-916,-1909,-558,1,-5,6,3,4,-1,4,-5,6,2,4,-1,6,-1
798,-5,7,-87,-329,-55,4,-5,8,-434,-2184,-205,4,-5,9,-5053,-18366,-2384,1,-6,8,-915,-1899,-556,1,-4,7,1,5,0,2,-5,6,1,6,-3,2,0
799,-4,10,-90,-326,-54,4,-5,8,-431,-2178,-206,4,-3,7,-5049,-18362,-2382,3,-5,9,-913,-1912,-558,2,-7,7,1,3,0,4,-4,8,0,4,1,2,0
800,-5,8,-88,-328,-52,2,-2,8,-434,-2185,-205,1,-4,8,-5046,-18356,-2384,4,-3,9,-915,-1912,-560,2,-6,5,0,3,-1,3,-7,8,3,4,-1,3,-4
801,-5,8,-87,-326,-55,3,-5,6,-430,-2186,-203,4,-5,6,-5045,-18342,-2389,2,-6,8,-916,-1914,-562,3,-5,7,3,6,-1,3,-5,7,3,6,-1,2,-2
802,-5,8,-87,-326,-54,4,-4,9,-432,-2181,-205,3,-5,5,-5004,-18325,-2386,4,-5,7,-915,-1915,-561,3,-4,6,0,3,-3,4,-4,5,3,4,-2,4,1
803,-4,7,-88,-326,-52,1,-6,7,-435,-2190,-206,1,-6,6,-5008,-18369,-2384,1,-4,9,-914,-1918,-560,3,-5,6,3,4,0,3,-6,8,3,5,-2,4,-1
804,-6,8,-89,-329,-52,1,-5,8,-431,-2188,-205,3,-6,7,-5001,-18327,-2381,3,-7,7,-922,-1924,-563,4,-5,6,1,5,-2,1,-7,7,1,7,1,4,0
805,-5,7,-88,-329,-52,2,-5,7,-434,-2187,-206,3,-4,7,-5007,-18326,-2381,3,-4,9,-923,-1923,-561,1,-7,8,3,2,-2,2,-5,7,0,4,0,1,-1
806,-5,7,-88,-329,-54,7,-2,8,-433,-2201,-207,2,-6,8,-5017,-18329,-2384,2,-7,8,-915,-1918,-557,1,-3,8,2,4,0,1,-4,7,2,6,0,1,-2
807,-5,9,-87,-330,-54,1,-5,9,-438,-2218,-211,4,-5,7,-5002,-18335,-2387,3,-7,9,-917,-1930,-565,2,-4,6,0,4,0,2,-5,8,1,4,1,4,-1
808,-4,8,-86,-329,-53,1,-7,9,-431,-2200,-208,1,-5,6,-5016,-18312,-2383,1,-6,8,-916,-1919,-560,4,-5,6,3,5,0,4,-4,6,1,6,-2,2,-1
809,-5,6,-89,-330,-53,3,-4,5,-441,-2220,-208,3,-5,7,-5023,-18347,-2384,2,-5,6,-919,-1924,-560,2,-5,6,1,5,-3,1,-6,10,0,5,0,2,-2
810,-5,9,-89,-330,-54,4,-5,6,-435,-2189,-208,3,-6,8,-5017,-18308,-2378,0,-5,9,-912,-1915,-557,3,-5,4,3,5,-1,3,-6,6,0,4,-3,2,-1
811,-5,7,-88,-329,-53,4,-5,6,-434,-2195,-208,3,-5,6,-5026,-18320,-2389,1,-5,8,-919,-1914,-560,4,-5,7,1,4,-2,1,-7,7,1,5,0,2,-2
812,-5,8,-89,-332,-55,2,-3,6,-431,-2169,-208,2,-5,6,-5023,-18312,-2384,3,-7,7,-924,-1921,-563,4,-5,9,1,5,-1,3,-3,7,1,5,-3,3,-1
813,-5,8,-87,-331,-52,3,-6,9,-436,-2189,-207,3,-5,6,-5027,-18344,-2380,4,-5,8,-916,-1908,-560,1,-4,6,1,4,-1,1,-4,6,3,5,-1,1,-1
814,-5,6,-89,-331,-52,4,-5,6,-430,-2189,-208,3,-5,9,-5017,-18318,-2383,3,-5,8,-922,-1920,-566,4,-5,8,2,7,-2,2,-5,6,1,4,0,2,-1
815,-4,7,-88,-329,-54,1,-5,8,-432,-2186,-207,4,-5,5,-5024,-18339,-2379,4,-7,8,-917,-1911,-563,3,-7,6,3,4,0,4,-5,6,1,7,0,2,-2
816,-3,7,-88,-332,-55,1,-5,9,-437,-2186,-207,3,-5,7,-5026,-18362,-2392,4,-3,7,-921,-1920,-566,2,-5,9,0,4,-1,2,-7,7,1,5,-2,1,1
817,-5,9,-89,-329,-55,0,-5,9,-438,-2198,-207,4,-4,9,-5020,-18342,-2380,1,-7,10,-916,-1915,-558,-1,-4,6,1,5,0,1,-4,9,1,7,-1,4,-1
818,-4,9,-89,-329,-52,1,-6,8,-437,-2198,-207,1,-4,9,-5045,-18327,-2387,1,-4,9,-925,-1918,-564,3,-5,7,1,3,-1,3,-5,8,0,1,-1,3,-2
819,-5,6,-89,-331,-55,2,-5,6,-435,-2184,-207,1,-6,6,-5038,-18329,-2382,4,-5,6,-919,-1916,-560,4,-5,7,1,4,0,4,-5,7,3,4,0,3,-3
820,-5,9,-86,-325,-55,1,-6,9,-437,-2204,-208,1,-5,6,-5025,-18356,-2379,4,-3,7,-917,-1909,-564,1,-5,7,0,4,-3,1,-7,6,3,4,0,2,-1
821,-4,6,-88,-330,-53,2,-5,6,-437,-2199,-211,1,-6,6,-5045,-18331,-2387,3,-5,7,-921,-1914,-560,2,-4,6,2,5,1,2,-7,6,1,3,-1,3,0
822,-5,7,-88,-331,-54,0,-5,8,-434,-2192,-205,2,-5,7,-5051,-18354,-2387,3,-5,7,-938,-1926,-568,3,-5,6,0,4,-1,4,-3,7,3,6,0,1,1
823,-5,7,-90,-330,-54,1,-4,7,-446,-2204,-208,2,-5,7,-5029,-18324,-2391,2,-4,6,-931,-1915,-563,4,-7,9,3,4,-1,2,-4,6,2,2,-2,4,-2
824,-7,8,-90,-330,-54,4,-5,7,-435,-2190,-207,4,-7,9,-5027,-18342,-2387,1,-4,8,-923,-1917,-565,3,-4,7,1,5,0,3,-5,6,1,4,0,3,-1
825,-5,7,-88,-329,-53,3,-5,6,-441,-2208,-210,3,-5,4,-5039,-18345,-2385,2,-5,7,-913,-1905,-560,3,-6,9,0,2,0,1,-4,6,0,6,-3,4,0
826,-5,7,-90,-330,-55,4,-6,7,-420,-2178,-210,3,-5,8,-4979,-18283,-2376,4,-5,7,-925,-1917,-565,2,-5,8,0,5,1,4,-5,6,3,4,-3,2,1
827,-5,8,-89,-327,-55,2,-5,8,-443,-2202,-210,4,-6,7,-5059,-18357,-2395,5,-6,8,-930,-1917,-566,1,-7,7,1,6,-2,2,-3,8,4,1,0,2,1
828,-7,7,-90,-333,-54,2,-5,6,-436,-2181,-208,3,-5,6,-4954,-18270,-2284,2,-6,8,-937,-1912,-561,1,-5,8,3,4,0,4,-7,9,0,4,-1,0,-3
829,-4,8,-86,-327,-51,3,-6,8,-439,-2191,-204,3,-5,8,-5044,-18325,-2346,3,-6,6,-937,-1899,-530,4,-4,8,0,4,0,1,-5,8,0,6,0,1,-2
830,-3,7,-88,-325,-52,3,-5,7,-436,-2188,-202,4,-2,7,-5014,-18326,-2344,2,-4,7,-927,-1892,-533,4,-5,6,3,5,-1,3,-6,7,1,3,-4,2,0
831,-6,6,-90,-328,-52,3,-5,9,-437,-2197,-201,2,-4,8,-5011,-18348,-2349,2,-6,7,-916,-1890,-533,4,-5,9,3,6,0,3,-4,9,2,6,-4,2,0
832,-4,8,-87,-323,-50,2,-5,7,-437,-2195,-202,4,-5,6,-5017,-18312,-2339,3,-3,6,-920,-1901,-539,4,-5,8,0,4,0,1,-6,8,0,5,0,4,-1
833,-5,9,-89,-326,-52,4,-5,6,-443,-2192,-205,2,-4,6,-5050,-18305,-2354,3,-5,8,-916,-1888,-536,3,-5,9,3,6,-1,3,-4,7,2,4,-2,3,-2
834,-5,9,-87,-322,-52,4,-5,8,-437,-2189,-202,3,-3,6,-5021,-18339,-2343,4,-6,8,-916,-1900,-539,3,-5,7,2,4,0,1,-5,4,1,3,0,1,-2
835,-6,7,-86,-326,-54,4,-5,8,-437,-2198,-204,3,-5,9,-5029,-18338,-2356,3,-6,7,-928,-1904,-546,1,-5,8,3,7,-1,2,-5,6,0,4,0,1,-1
836,-5,8,-89,-326,-53,1,-6,7,-438,-2191,-203,1,-5,9,-5022,-18330,-2354,1,-4,8,-917,-1893,-535,2,-4,7,1,5,-3,1,-4,7,3,6,-1,3,-2
837,-4,9,-88,-325,-52,4,-5,9,-439,-2195,-199,3,-5,7,-5030,-18335,-2354,3,-4,7,-928,-1901,-539,2,-5,7,3,4,0,2,-7,9,3,5,-3,4,-2
838,-5,8,-88,-326,-53,4,-5,9,-443,-2202,-201,3,-5,6,-5030,-18312,-2359,3,-4,7,-925,-1898,-545,1,-3,8,4,4,0,4,-5,9,0,5,-2,2,-1
839,-4,10,-87,-323,-52,3,-6,7,-436,-2183,-202,2,-6,6,-5048,-18314,-2360,2,-6,9,-928,-1904,-542,4,-6,7,2,3,1,2,-4,9,2,3,-2,3,-2
840,-6,6,-89,-327,-52,3,-6,9,-437,-2196,-202,2,-7,6,-5025,-18329,-2355,4,-4,7,-920,-1909,-539,3,-5,6,3,5,-3,5,-6,6,5,6,-3,3,0
841,-6,9,-87,-325,-52,3,-6,8,-432,-2198,-200,4,-6,4,-5032,-18331,-2360,2,-4,7,-928,-1907,-544,4,-6,9,3,2,-2,3,-5,6,3,4,-1,3,-2
842,-4,7,-88,-323,-53,1,-4,8,-435,-2190,-202,2,-4,7,-5028,-18271,-2364,4,-2,9,-930,-1903,-542,4,-5,7,0,4,2,2,-3,7,1,1,-3,4,-2
843,-5,7,-89,-323,-52,1,-5,8,-434,-2178,-202,3,-5,8,-5038,-18274,-2366,1,-5,6,-933,-1907,-547,5,-5,7,1,3,-1,4,-6,9,2,4,-3,3,-1
844,-6,9,-89,-325,-52,4,-5,9,-435,-2178,-205,3,-4,6,-5046,-18244,-2369,3,-5,6,-936,-1906,-556,3,-3,6,1,6,-1,1,-4,5,3,6,-1,3,0
845,-5,8,-88,-324,-52,4,-7,8,-439,-2195,-205,1,-5,7,-5035,-18244,-2357,2,-5,7,-922,-1889,-537,3,-5,5,0,4,-2,2,-5,9,0,4,0,1,-1
846,-5,8,-87,-322,-51,1,-5,9,-442,-2194,-204,2,-3,6,-5058,-18260,-2357,3,-5,9,-937,-1917,-551,3,-4,8,2,5,1,2,-5,6,3,6,0,5,-1
847,-5,8,-86,-322,-53,3,-3,6,-429,-2173,-206,2,-5,7,-5035,-18241,-2381,3,-5,8,-934,-1912,-555,3,-5,6,0,6,0,2,-6,7,3,4,-1,-1,-1
848,-7,9,-88,-325,-54,1,-5,7,-433,-2186,-202,1,-6,9,-5038,-18282,-2365,1,-7,8,-922,-1907,-542,3,-5,6,1,4,0,2,-4,9,3,5,0,1,-2
849,-6,7,-86,-324,-53,2,-6,6,-429,-2169,-206,4,-7,7,-5023,-18241,-2386,3,-4,7,-931,-1918,-553,3,-5,9,1,7,1,4,-4,9,2,6,-2,4,0
850,-4,8,-86,-324,-52,3,-5,9,-439,-2202,-205,1,-5,6,-5035,-18282,-2382,4,-3,7,-942,-1922,-556,4,-5,8,1,4,0,1,-7,7,3,6,0,2,0
851,-5,6,-88,-326,-53,2,-4,9,-435,-2197,-205,1,-5,6,-5026,-18259,-2382,2,-5,6,-935,-1915,-559,1,-5,6,3,5,-1,4,-6,6,2,6,-3,2,0
852,-5,8,-86,-322,-54,2,-7,8,-431,-2186,-205,2,-6,8,-5020,-18244,-2381,4,-3,8,-931,-1918,-549,3,-5,8,1,4,0,1,-5,10,2,6,-3,3,0
853,-5,8,-86,-326,-50,1,-4,9,-437,-2202,-199,2,-5,8,-5027,-18288,-2366,2,-4,6,-927,-1910,-547,3,-6,6,2,5,0,4,-4,7,2,4,-2,3,-2
854,-5,7,-88,-326,-52,2,-7,9,-433,-2196,-206,4,-4,9,-5001,-18246,-2369,2,-5,7,-907,-1899,-542,1,-5,8,1,7,0,4,-4,6,0,7,-2,4,-1
